ISO-10303-21;
HEADER;
FILE_DESCRIPTION(('FreeCAD Model'),'2;1');
FILE_NAME('Open CASCADE Shape Model','2026-07-12T12:41:50',(''),(''),
  'Open CASCADE STEP processor 7.8','FreeCAD','Unknown');
FILE_SCHEMA(('AUTOMOTIVE_DESIGN { 1 0 10303 214 1 1 1 1 }'));
ENDSEC;
DATA;
#1 = APPLICATION_PROTOCOL_DEFINITION('international standard',
  'automotive_design',2000,#2);
#2 = APPLICATION_CONTEXT(
  'core data for automotive mechanical design processes');
#3 = SHAPE_DEFINITION_REPRESENTATION(#4,#10);
#4 = PRODUCT_DEFINITION_SHAPE('','',#5);
#5 = PRODUCT_DEFINITION('design','',#6,#9);
#6 = PRODUCT_DEFINITION_FORMATION('','',#7);
#7 = PRODUCT('DA803_350_3P_black_blue_green',
  'DA803_350_3P_black_blue_green','',(#8));
#8 = PRODUCT_CONTEXT('',#2,'mechanical');
#9 = PRODUCT_DEFINITION_CONTEXT('part definition',#2,'design');
#10 = SHAPE_REPRESENTATION('',(#11,#15,#19,#23,#27,#31,#35,#39,#43,#47,
    #51,#55,#59,#63),#67);
#11 = AXIS2_PLACEMENT_3D('',#12,#13,#14);
#12 = CARTESIAN_POINT('',(0.,0.,0.));
#13 = DIRECTION('',(0.,0.,1.));
#14 = DIRECTION('',(1.,0.,-0.));
#15 = AXIS2_PLACEMENT_3D('',#16,#17,#18);
#16 = CARTESIAN_POINT('',(0.,0.,0.));
#17 = DIRECTION('',(0.,0.,1.));
#18 = DIRECTION('',(1.,0.,0.));
#19 = AXIS2_PLACEMENT_3D('',#20,#21,#22);
#20 = CARTESIAN_POINT('',(0.,0.,0.));
#21 = DIRECTION('',(0.,0.,1.));
#22 = DIRECTION('',(1.,0.,0.));
#23 = AXIS2_PLACEMENT_3D('',#24,#25,#26);
#24 = CARTESIAN_POINT('',(0.,0.,0.));
#25 = DIRECTION('',(0.,0.,1.));
#26 = DIRECTION('',(1.,0.,0.));
#27 = AXIS2_PLACEMENT_3D('',#28,#29,#30);
#28 = CARTESIAN_POINT('',(0.,0.,0.));
#29 = DIRECTION('',(0.,0.,1.));
#30 = DIRECTION('',(1.,0.,0.));
#31 = AXIS2_PLACEMENT_3D('',#32,#33,#34);
#32 = CARTESIAN_POINT('',(0.,0.,0.));
#33 = DIRECTION('',(0.,0.,1.));
#34 = DIRECTION('',(1.,0.,0.));
#35 = AXIS2_PLACEMENT_3D('',#36,#37,#38);
#36 = CARTESIAN_POINT('',(0.,0.,0.));
#37 = DIRECTION('',(0.,0.,1.));
#38 = DIRECTION('',(1.,0.,0.));
#39 = AXIS2_PLACEMENT_3D('',#40,#41,#42);
#40 = CARTESIAN_POINT('',(0.,0.,0.));
#41 = DIRECTION('',(0.,0.,1.));
#42 = DIRECTION('',(1.,0.,0.));
#43 = AXIS2_PLACEMENT_3D('',#44,#45,#46);
#44 = CARTESIAN_POINT('',(0.,0.,0.));
#45 = DIRECTION('',(0.,0.,1.));
#46 = DIRECTION('',(1.,0.,0.));
#47 = AXIS2_PLACEMENT_3D('',#48,#49,#50);
#48 = CARTESIAN_POINT('',(0.,0.,0.));
#49 = DIRECTION('',(0.,0.,1.));
#50 = DIRECTION('',(1.,0.,0.));
#51 = AXIS2_PLACEMENT_3D('',#52,#53,#54);
#52 = CARTESIAN_POINT('',(0.,0.,0.));
#53 = DIRECTION('',(0.,0.,1.));
#54 = DIRECTION('',(1.,0.,0.));
#55 = AXIS2_PLACEMENT_3D('',#56,#57,#58);
#56 = CARTESIAN_POINT('',(0.,0.,0.));
#57 = DIRECTION('',(0.,0.,1.));
#58 = DIRECTION('',(1.,0.,0.));
#59 = AXIS2_PLACEMENT_3D('',#60,#61,#62);
#60 = CARTESIAN_POINT('',(0.,0.,0.));
#61 = DIRECTION('',(0.,0.,1.));
#62 = DIRECTION('',(1.,0.,0.));
#63 = AXIS2_PLACEMENT_3D('',#64,#65,#66);
#64 = CARTESIAN_POINT('',(0.,0.,0.));
#65 = DIRECTION('',(0.,0.,1.));
#66 = DIRECTION('',(1.,0.,0.));
#67 = ( GEOMETRIC_REPRESENTATION_CONTEXT(3) 
GLOBAL_UNCERTAINTY_ASSIGNED_CONTEXT((#71)) GLOBAL_UNIT_ASSIGNED_CONTEXT(
(#68,#69,#70)) REPRESENTATION_CONTEXT('Context #1',
  '3D Context with UNIT and UNCERTAINTY') );
#68 = ( LENGTH_UNIT() NAMED_UNIT(*) SI_UNIT(.MILLI.,.METRE.) );
#69 = ( NAMED_UNIT(*) PLANE_ANGLE_UNIT() SI_UNIT($,.RADIAN.) );
#70 = ( NAMED_UNIT(*) SI_UNIT($,.STERADIAN.) SOLID_ANGLE_UNIT() );
#71 = UNCERTAINTY_MEASURE_WITH_UNIT(LENGTH_MEASURE(1.E-07),#68,
  'distance_accuracy_value','confusion accuracy');
#72 = PRODUCT_RELATED_PRODUCT_CATEGORY('part',$,(#7));
#73 = SHAPE_DEFINITION_REPRESENTATION(#74,#80);
#74 = PRODUCT_DEFINITION_SHAPE('','',#75);
#75 = PRODUCT_DEFINITION('design','',#76,#79);
#76 = PRODUCT_DEFINITION_FORMATION('','',#77);
#77 = PRODUCT('Housing P1','Housing P1','',(#78));
#78 = PRODUCT_CONTEXT('',#2,'mechanical');
#79 = PRODUCT_DEFINITION_CONTEXT('part definition',#2,'design');
#80 = ADVANCED_BREP_SHAPE_REPRESENTATION('',(#11,#81),#1307);
#81 = MANIFOLD_SOLID_BREP('',#82);
#82 = CLOSED_SHELL('',(#83,#167,#200,#233,#266,#299,#324,#349,#374,#399,
    #416,#433,#499,#530,#547,#612,#629,#694,#703,#712,#721,#730,#748,
    #766,#799,#830,#855,#879,#896,#914,#945,#963,#994,#1025,#1049,#1073,
    #1090,#1119,#1150,#1174,#1198,#1215,#1226,#1237,#1249,#1260,#1271,
    #1283,#1295));
#83 = ADVANCED_FACE('',(#84,#118,#129,#140,#151),#162,.F.);
#84 = FACE_BOUND('',#85,.F.);
#85 = EDGE_LOOP('',(#86,#96,#104,#112));
#86 = ORIENTED_EDGE('',*,*,#87,.F.);
#87 = EDGE_CURVE('',#88,#90,#92,.T.);
#88 = VERTEX_POINT('',#89);
#89 = CARTESIAN_POINT('',(-2.775557561563E-17,0.18,0.18));
#90 = VERTEX_POINT('',#91);
#91 = CARTESIAN_POINT('',(-2.775557561563E-17,0.18,10.42));
#92 = LINE('',#93,#94);
#93 = CARTESIAN_POINT('',(-2.775557561563E-17,0.18,0.));
#94 = VECTOR('',#95,1.);
#95 = DIRECTION('',(0.,0.,1.));
#96 = ORIENTED_EDGE('',*,*,#97,.T.);
#97 = EDGE_CURVE('',#88,#98,#100,.T.);
#98 = VERTEX_POINT('',#99);
#99 = CARTESIAN_POINT('',(-2.775557561563E-17,12.32,0.18));
#100 = LINE('',#101,#102);
#101 = CARTESIAN_POINT('',(-2.775557561563E-17,0.,0.18));
#102 = VECTOR('',#103,1.);
#103 = DIRECTION('',(-0.,1.,0.));
#104 = ORIENTED_EDGE('',*,*,#105,.T.);
#105 = EDGE_CURVE('',#98,#106,#108,.T.);
#106 = VERTEX_POINT('',#107);
#107 = CARTESIAN_POINT('',(-2.775557561563E-17,12.32,10.42));
#108 = LINE('',#109,#110);
#109 = CARTESIAN_POINT('',(-2.775557561563E-17,12.32,0.));
#110 = VECTOR('',#111,1.);
#111 = DIRECTION('',(0.,0.,1.));
#112 = ORIENTED_EDGE('',*,*,#113,.F.);
#113 = EDGE_CURVE('',#90,#106,#114,.T.);
#114 = LINE('',#115,#116);
#115 = CARTESIAN_POINT('',(-2.775557561563E-17,0.,10.42));
#116 = VECTOR('',#117,1.);
#117 = DIRECTION('',(-0.,1.,0.));
#118 = FACE_BOUND('',#119,.F.);
#119 = EDGE_LOOP('',(#120));
#120 = ORIENTED_EDGE('',*,*,#121,.F.);
#121 = EDGE_CURVE('',#122,#122,#124,.T.);
#122 = VERTEX_POINT('',#123);
#123 = CARTESIAN_POINT('',(0.,7.3,3.48));
#124 = CIRCLE('',#125,0.48);
#125 = AXIS2_PLACEMENT_3D('',#126,#127,#128);
#126 = CARTESIAN_POINT('',(0.,7.3,3.));
#127 = DIRECTION('',(1.,0.,0.));
#128 = DIRECTION('',(-0.,0.,1.));
#129 = FACE_BOUND('',#130,.F.);
#130 = EDGE_LOOP('',(#131));
#131 = ORIENTED_EDGE('',*,*,#132,.F.);
#132 = EDGE_CURVE('',#133,#133,#135,.T.);
#133 = VERTEX_POINT('',#134);
#134 = CARTESIAN_POINT('',(0.,9.6,7.58));
#135 = CIRCLE('',#136,0.48);
#136 = AXIS2_PLACEMENT_3D('',#137,#138,#139);
#137 = CARTESIAN_POINT('',(0.,9.6,7.1));
#138 = DIRECTION('',(1.,0.,0.));
#139 = DIRECTION('',(-0.,0.,1.));
#140 = FACE_BOUND('',#141,.F.);
#141 = EDGE_LOOP('',(#142));
#142 = ORIENTED_EDGE('',*,*,#143,.F.);
#143 = EDGE_CURVE('',#144,#144,#146,.T.);
#144 = VERTEX_POINT('',#145);
#145 = CARTESIAN_POINT('',(0.,2.4,3.48));
#146 = CIRCLE('',#147,0.48);
#147 = AXIS2_PLACEMENT_3D('',#148,#149,#150);
#148 = CARTESIAN_POINT('',(0.,2.4,3.));
#149 = DIRECTION('',(1.,0.,0.));
#150 = DIRECTION('',(-0.,0.,1.));
#151 = FACE_BOUND('',#152,.F.);
#152 = EDGE_LOOP('',(#153));
#153 = ORIENTED_EDGE('',*,*,#154,.F.);
#154 = EDGE_CURVE('',#155,#155,#157,.T.);
#155 = VERTEX_POINT('',#156);
#156 = CARTESIAN_POINT('',(0.,4.7,7.58));
#157 = CIRCLE('',#158,0.48);
#158 = AXIS2_PLACEMENT_3D('',#159,#160,#161);
#159 = CARTESIAN_POINT('',(0.,4.7,7.1));
#160 = DIRECTION('',(1.,0.,0.));
#161 = DIRECTION('',(-0.,0.,1.));
#162 = PLANE('',#163);
#163 = AXIS2_PLACEMENT_3D('',#164,#165,#166);
#164 = CARTESIAN_POINT('',(0.,0.,0.));
#165 = DIRECTION('',(1.,0.,-0.));
#166 = DIRECTION('',(0.,0.,1.));
#167 = ADVANCED_FACE('',(#168),#195,.T.);
#168 = FACE_BOUND('',#169,.T.);
#169 = EDGE_LOOP('',(#170,#171,#180,#188));
#170 = ORIENTED_EDGE('',*,*,#87,.F.);
#171 = ORIENTED_EDGE('',*,*,#172,.T.);
#172 = EDGE_CURVE('',#88,#173,#175,.T.);
#173 = VERTEX_POINT('',#174);
#174 = CARTESIAN_POINT('',(0.18,-2.775557561563E-17,0.18));
#175 = CIRCLE('',#176,0.18);
#176 = AXIS2_PLACEMENT_3D('',#177,#178,#179);
#177 = CARTESIAN_POINT('',(0.18,0.18,0.18));
#178 = DIRECTION('',(0.,0.,1.));
#179 = DIRECTION('',(-1.,0.,0.));
#180 = ORIENTED_EDGE('',*,*,#181,.T.);
#181 = EDGE_CURVE('',#173,#182,#184,.T.);
#182 = VERTEX_POINT('',#183);
#183 = CARTESIAN_POINT('',(0.18,-2.775557561563E-17,10.42));
#184 = LINE('',#185,#186);
#185 = CARTESIAN_POINT('',(0.18,-2.775557561563E-17,0.));
#186 = VECTOR('',#187,1.);
#187 = DIRECTION('',(0.,0.,1.));
#188 = ORIENTED_EDGE('',*,*,#189,.F.);
#189 = EDGE_CURVE('',#90,#182,#190,.T.);
#190 = CIRCLE('',#191,0.18);
#191 = AXIS2_PLACEMENT_3D('',#192,#193,#194);
#192 = CARTESIAN_POINT('',(0.18,0.18,10.42));
#193 = DIRECTION('',(0.,0.,1.));
#194 = DIRECTION('',(-1.,0.,0.));
#195 = CYLINDRICAL_SURFACE('',#196,0.18);
#196 = AXIS2_PLACEMENT_3D('',#197,#198,#199);
#197 = CARTESIAN_POINT('',(0.18,0.18,0.));
#198 = DIRECTION('',(0.,0.,1.));
#199 = DIRECTION('',(-1.,-0.,0.));
#200 = ADVANCED_FACE('',(#201),#228,.T.);
#201 = FACE_BOUND('',#202,.F.);
#202 = EDGE_LOOP('',(#203,#212,#220,#227));
#203 = ORIENTED_EDGE('',*,*,#204,.F.);
#204 = EDGE_CURVE('',#205,#88,#207,.T.);
#205 = VERTEX_POINT('',#206);
#206 = CARTESIAN_POINT('',(0.18,0.18,0.));
#207 = CIRCLE('',#208,0.18);
#208 = AXIS2_PLACEMENT_3D('',#209,#210,#211);
#209 = CARTESIAN_POINT('',(0.18,0.18,0.18));
#210 = DIRECTION('',(0.,1.,-0.));
#211 = DIRECTION('',(-1.,0.,0.));
#212 = ORIENTED_EDGE('',*,*,#213,.T.);
#213 = EDGE_CURVE('',#205,#214,#216,.T.);
#214 = VERTEX_POINT('',#215);
#215 = CARTESIAN_POINT('',(0.18,12.32,0.));
#216 = LINE('',#217,#218);
#217 = CARTESIAN_POINT('',(0.18,0.,-2.775557561563E-17));
#218 = VECTOR('',#219,1.);
#219 = DIRECTION('',(-0.,1.,0.));
#220 = ORIENTED_EDGE('',*,*,#221,.T.);
#221 = EDGE_CURVE('',#214,#98,#222,.T.);
#222 = CIRCLE('',#223,0.18);
#223 = AXIS2_PLACEMENT_3D('',#224,#225,#226);
#224 = CARTESIAN_POINT('',(0.18,12.32,0.18));
#225 = DIRECTION('',(0.,1.,-0.));
#226 = DIRECTION('',(-1.,0.,0.));
#227 = ORIENTED_EDGE('',*,*,#97,.F.);
#228 = CYLINDRICAL_SURFACE('',#229,0.18);
#229 = AXIS2_PLACEMENT_3D('',#230,#231,#232);
#230 = CARTESIAN_POINT('',(0.18,0.,0.18));
#231 = DIRECTION('',(-0.,1.,0.));
#232 = DIRECTION('',(-1.,-0.,0.));
#233 = ADVANCED_FACE('',(#234),#261,.T.);
#234 = FACE_BOUND('',#235,.T.);
#235 = EDGE_LOOP('',(#236,#245,#253,#260));
#236 = ORIENTED_EDGE('',*,*,#237,.F.);
#237 = EDGE_CURVE('',#238,#90,#240,.T.);
#238 = VERTEX_POINT('',#239);
#239 = CARTESIAN_POINT('',(0.18,0.18,10.6));
#240 = CIRCLE('',#241,0.18);
#241 = AXIS2_PLACEMENT_3D('',#242,#243,#244);
#242 = CARTESIAN_POINT('',(0.18,0.18,10.42));
#243 = DIRECTION('',(0.,-1.,0.));
#244 = DIRECTION('',(-1.,0.,0.));
#245 = ORIENTED_EDGE('',*,*,#246,.T.);
#246 = EDGE_CURVE('',#238,#247,#249,.T.);
#247 = VERTEX_POINT('',#248);
#248 = CARTESIAN_POINT('',(0.18,12.32,10.6));
#249 = LINE('',#250,#251);
#250 = CARTESIAN_POINT('',(0.18,0.,10.6));
#251 = VECTOR('',#252,1.);
#252 = DIRECTION('',(-0.,1.,0.));
#253 = ORIENTED_EDGE('',*,*,#254,.F.);
#254 = EDGE_CURVE('',#106,#247,#255,.T.);
#255 = CIRCLE('',#256,0.18);
#256 = AXIS2_PLACEMENT_3D('',#257,#258,#259);
#257 = CARTESIAN_POINT('',(0.18,12.32,10.42));
#258 = DIRECTION('',(-0.,1.,0.));
#259 = DIRECTION('',(-1.,-0.,0.));
#260 = ORIENTED_EDGE('',*,*,#113,.F.);
#261 = CYLINDRICAL_SURFACE('',#262,0.18);
#262 = AXIS2_PLACEMENT_3D('',#263,#264,#265);
#263 = CARTESIAN_POINT('',(0.18,0.,10.42));
#264 = DIRECTION('',(-0.,1.,0.));
#265 = DIRECTION('',(-1.,-0.,0.));
#266 = ADVANCED_FACE('',(#267),#294,.T.);
#267 = FACE_BOUND('',#268,.F.);
#268 = EDGE_LOOP('',(#269,#270,#279,#287));
#269 = ORIENTED_EDGE('',*,*,#105,.F.);
#270 = ORIENTED_EDGE('',*,*,#271,.T.);
#271 = EDGE_CURVE('',#98,#272,#274,.T.);
#272 = VERTEX_POINT('',#273);
#273 = CARTESIAN_POINT('',(0.18,12.5,0.18));
#274 = CIRCLE('',#275,0.18);
#275 = AXIS2_PLACEMENT_3D('',#276,#277,#278);
#276 = CARTESIAN_POINT('',(0.18,12.32,0.18));
#277 = DIRECTION('',(-0.,0.,-1.));
#278 = DIRECTION('',(-1.,0.,0.));
#279 = ORIENTED_EDGE('',*,*,#280,.T.);
#280 = EDGE_CURVE('',#272,#281,#283,.T.);
#281 = VERTEX_POINT('',#282);
#282 = CARTESIAN_POINT('',(0.18,12.5,10.42));
#283 = LINE('',#284,#285);
#284 = CARTESIAN_POINT('',(0.18,12.5,0.));
#285 = VECTOR('',#286,1.);
#286 = DIRECTION('',(0.,0.,1.));
#287 = ORIENTED_EDGE('',*,*,#288,.T.);
#288 = EDGE_CURVE('',#281,#106,#289,.T.);
#289 = CIRCLE('',#290,0.18);
#290 = AXIS2_PLACEMENT_3D('',#291,#292,#293);
#291 = CARTESIAN_POINT('',(0.18,12.32,10.42));
#292 = DIRECTION('',(0.,0.,1.));
#293 = DIRECTION('',(-1.,-0.,0.));
#294 = CYLINDRICAL_SURFACE('',#295,0.18);
#295 = AXIS2_PLACEMENT_3D('',#296,#297,#298);
#296 = CARTESIAN_POINT('',(0.18,12.32,0.));
#297 = DIRECTION('',(0.,0.,1.));
#298 = DIRECTION('',(-1.,-0.,0.));
#299 = ADVANCED_FACE('',(#300),#319,.F.);
#300 = FACE_BOUND('',#301,.F.);
#301 = EDGE_LOOP('',(#302,#310,#317,#318));
#302 = ORIENTED_EDGE('',*,*,#303,.T.);
#303 = EDGE_CURVE('',#122,#304,#306,.T.);
#304 = VERTEX_POINT('',#305);
#305 = CARTESIAN_POINT('',(0.27,7.3,3.48));
#306 = LINE('',#307,#308);
#307 = CARTESIAN_POINT('',(-5.E-02,7.3,3.48));
#308 = VECTOR('',#309,1.);
#309 = DIRECTION('',(1.,0.,0.));
#310 = ORIENTED_EDGE('',*,*,#311,.F.);
#311 = EDGE_CURVE('',#304,#304,#312,.T.);
#312 = CIRCLE('',#313,0.48);
#313 = AXIS2_PLACEMENT_3D('',#314,#315,#316);
#314 = CARTESIAN_POINT('',(0.27,7.3,3.));
#315 = DIRECTION('',(1.,0.,0.));
#316 = DIRECTION('',(-0.,0.,1.));
#317 = ORIENTED_EDGE('',*,*,#303,.F.);
#318 = ORIENTED_EDGE('',*,*,#121,.T.);
#319 = CYLINDRICAL_SURFACE('',#320,0.48);
#320 = AXIS2_PLACEMENT_3D('',#321,#322,#323);
#321 = CARTESIAN_POINT('',(-5.E-02,7.3,3.));
#322 = DIRECTION('',(1.,0.,0.));
#323 = DIRECTION('',(-0.,0.,1.));
#324 = ADVANCED_FACE('',(#325),#344,.F.);
#325 = FACE_BOUND('',#326,.F.);
#326 = EDGE_LOOP('',(#327,#335,#342,#343));
#327 = ORIENTED_EDGE('',*,*,#328,.T.);
#328 = EDGE_CURVE('',#133,#329,#331,.T.);
#329 = VERTEX_POINT('',#330);
#330 = CARTESIAN_POINT('',(0.27,9.6,7.58));
#331 = LINE('',#332,#333);
#332 = CARTESIAN_POINT('',(-5.E-02,9.6,7.58));
#333 = VECTOR('',#334,1.);
#334 = DIRECTION('',(1.,0.,0.));
#335 = ORIENTED_EDGE('',*,*,#336,.F.);
#336 = EDGE_CURVE('',#329,#329,#337,.T.);
#337 = CIRCLE('',#338,0.48);
#338 = AXIS2_PLACEMENT_3D('',#339,#340,#341);
#339 = CARTESIAN_POINT('',(0.27,9.6,7.1));
#340 = DIRECTION('',(1.,0.,0.));
#341 = DIRECTION('',(-0.,0.,1.));
#342 = ORIENTED_EDGE('',*,*,#328,.F.);
#343 = ORIENTED_EDGE('',*,*,#132,.T.);
#344 = CYLINDRICAL_SURFACE('',#345,0.48);
#345 = AXIS2_PLACEMENT_3D('',#346,#347,#348);
#346 = CARTESIAN_POINT('',(-5.E-02,9.6,7.1));
#347 = DIRECTION('',(1.,0.,0.));
#348 = DIRECTION('',(-0.,0.,1.));
#349 = ADVANCED_FACE('',(#350),#369,.F.);
#350 = FACE_BOUND('',#351,.F.);
#351 = EDGE_LOOP('',(#352,#360,#367,#368));
#352 = ORIENTED_EDGE('',*,*,#353,.T.);
#353 = EDGE_CURVE('',#144,#354,#356,.T.);
#354 = VERTEX_POINT('',#355);
#355 = CARTESIAN_POINT('',(0.27,2.4,3.48));
#356 = LINE('',#357,#358);
#357 = CARTESIAN_POINT('',(-5.E-02,2.4,3.48));
#358 = VECTOR('',#359,1.);
#359 = DIRECTION('',(1.,0.,0.));
#360 = ORIENTED_EDGE('',*,*,#361,.F.);
#361 = EDGE_CURVE('',#354,#354,#362,.T.);
#362 = CIRCLE('',#363,0.48);
#363 = AXIS2_PLACEMENT_3D('',#364,#365,#366);
#364 = CARTESIAN_POINT('',(0.27,2.4,3.));
#365 = DIRECTION('',(1.,0.,0.));
#366 = DIRECTION('',(-0.,0.,1.));
#367 = ORIENTED_EDGE('',*,*,#353,.F.);
#368 = ORIENTED_EDGE('',*,*,#143,.T.);
#369 = CYLINDRICAL_SURFACE('',#370,0.48);
#370 = AXIS2_PLACEMENT_3D('',#371,#372,#373);
#371 = CARTESIAN_POINT('',(-5.E-02,2.4,3.));
#372 = DIRECTION('',(1.,0.,0.));
#373 = DIRECTION('',(-0.,0.,1.));
#374 = ADVANCED_FACE('',(#375),#394,.F.);
#375 = FACE_BOUND('',#376,.F.);
#376 = EDGE_LOOP('',(#377,#385,#392,#393));
#377 = ORIENTED_EDGE('',*,*,#378,.T.);
#378 = EDGE_CURVE('',#155,#379,#381,.T.);
#379 = VERTEX_POINT('',#380);
#380 = CARTESIAN_POINT('',(0.27,4.7,7.58));
#381 = LINE('',#382,#383);
#382 = CARTESIAN_POINT('',(-5.E-02,4.7,7.58));
#383 = VECTOR('',#384,1.);
#384 = DIRECTION('',(1.,0.,0.));
#385 = ORIENTED_EDGE('',*,*,#386,.F.);
#386 = EDGE_CURVE('',#379,#379,#387,.T.);
#387 = CIRCLE('',#388,0.48);
#388 = AXIS2_PLACEMENT_3D('',#389,#390,#391);
#389 = CARTESIAN_POINT('',(0.27,4.7,7.1));
#390 = DIRECTION('',(1.,0.,0.));
#391 = DIRECTION('',(-0.,0.,1.));
#392 = ORIENTED_EDGE('',*,*,#378,.F.);
#393 = ORIENTED_EDGE('',*,*,#154,.T.);
#394 = CYLINDRICAL_SURFACE('',#395,0.48);
#395 = AXIS2_PLACEMENT_3D('',#396,#397,#398);
#396 = CARTESIAN_POINT('',(-5.E-02,4.7,7.1));
#397 = DIRECTION('',(1.,0.,0.));
#398 = DIRECTION('',(-0.,0.,1.));
#399 = ADVANCED_FACE('',(#400),#411,.T.);
#400 = FACE_BOUND('',#401,.T.);
#401 = EDGE_LOOP('',(#402,#403,#410));
#402 = ORIENTED_EDGE('',*,*,#204,.F.);
#403 = ORIENTED_EDGE('',*,*,#404,.T.);
#404 = EDGE_CURVE('',#205,#173,#405,.T.);
#405 = CIRCLE('',#406,0.18);
#406 = AXIS2_PLACEMENT_3D('',#407,#408,#409);
#407 = CARTESIAN_POINT('',(0.18,0.18,0.18));
#408 = DIRECTION('',(-1.,6.123233995737E-17,0.));
#409 = DIRECTION('',(-6.123233995737E-17,-1.,0.));
#410 = ORIENTED_EDGE('',*,*,#172,.F.);
#411 = SPHERICAL_SURFACE('',#412,0.18);
#412 = AXIS2_PLACEMENT_3D('',#413,#414,#415);
#413 = CARTESIAN_POINT('',(0.18,0.18,0.18));
#414 = DIRECTION('',(0.,0.,1.));
#415 = DIRECTION('',(-1.,0.,0.));
#416 = ADVANCED_FACE('',(#417),#428,.T.);
#417 = FACE_BOUND('',#418,.F.);
#418 = EDGE_LOOP('',(#419,#420,#427));
#419 = ORIENTED_EDGE('',*,*,#237,.F.);
#420 = ORIENTED_EDGE('',*,*,#421,.T.);
#421 = EDGE_CURVE('',#238,#182,#422,.T.);
#422 = CIRCLE('',#423,0.18);
#423 = AXIS2_PLACEMENT_3D('',#424,#425,#426);
#424 = CARTESIAN_POINT('',(0.18,0.18,10.42));
#425 = DIRECTION('',(1.,-6.123233995737E-17,0.));
#426 = DIRECTION('',(-6.123233995737E-17,-1.,0.));
#427 = ORIENTED_EDGE('',*,*,#189,.F.);
#428 = SPHERICAL_SURFACE('',#429,0.18);
#429 = AXIS2_PLACEMENT_3D('',#430,#431,#432);
#430 = CARTESIAN_POINT('',(0.18,0.18,10.42));
#431 = DIRECTION('',(-0.,-0.,-1.));
#432 = DIRECTION('',(-1.,0.,0.));
#433 = ADVANCED_FACE('',(#434,#459),#494,.F.);
#434 = FACE_BOUND('',#435,.F.);
#435 = EDGE_LOOP('',(#436,#437,#445,#453));
#436 = ORIENTED_EDGE('',*,*,#181,.T.);
#437 = ORIENTED_EDGE('',*,*,#438,.T.);
#438 = EDGE_CURVE('',#182,#439,#441,.T.);
#439 = VERTEX_POINT('',#440);
#440 = CARTESIAN_POINT('',(3.32,-2.775557561563E-17,10.42));
#441 = LINE('',#442,#443);
#442 = CARTESIAN_POINT('',(0.,-2.775557561563E-17,10.42));
#443 = VECTOR('',#444,1.);
#444 = DIRECTION('',(1.,0.,-0.));
#445 = ORIENTED_EDGE('',*,*,#446,.F.);
#446 = EDGE_CURVE('',#447,#439,#449,.T.);
#447 = VERTEX_POINT('',#448);
#448 = CARTESIAN_POINT('',(3.32,-2.775557561563E-17,0.18));
#449 = LINE('',#450,#451);
#450 = CARTESIAN_POINT('',(3.32,-2.775557561563E-17,0.));
#451 = VECTOR('',#452,1.);
#452 = DIRECTION('',(0.,0.,1.));
#453 = ORIENTED_EDGE('',*,*,#454,.F.);
#454 = EDGE_CURVE('',#173,#447,#455,.T.);
#455 = LINE('',#456,#457);
#456 = CARTESIAN_POINT('',(0.,-2.775557561563E-17,0.18));
#457 = VECTOR('',#458,1.);
#458 = DIRECTION('',(1.,0.,-0.));
#459 = FACE_BOUND('',#460,.F.);
#460 = EDGE_LOOP('',(#461,#471,#479,#487));
#461 = ORIENTED_EDGE('',*,*,#462,.F.);
#462 = EDGE_CURVE('',#463,#465,#467,.T.);
#463 = VERTEX_POINT('',#464);
#464 = CARTESIAN_POINT('',(2.85,0.,8.1));
#465 = VERTEX_POINT('',#466);
#466 = CARTESIAN_POINT('',(2.85,0.,4.782623792125));
#467 = LINE('',#468,#469);
#468 = CARTESIAN_POINT('',(2.85,0.,2.));
#469 = VECTOR('',#470,1.);
#470 = DIRECTION('',(-0.,0.,-1.));
#471 = ORIENTED_EDGE('',*,*,#472,.F.);
#472 = EDGE_CURVE('',#473,#463,#475,.T.);
#473 = VERTEX_POINT('',#474);
#474 = CARTESIAN_POINT('',(0.65,0.,8.1));
#475 = LINE('',#476,#477);
#476 = CARTESIAN_POINT('',(0.325,0.,8.1));
#477 = VECTOR('',#478,1.);
#478 = DIRECTION('',(1.,0.,-0.));
#479 = ORIENTED_EDGE('',*,*,#480,.T.);
#480 = EDGE_CURVE('',#473,#481,#483,.T.);
#481 = VERTEX_POINT('',#482);
#482 = CARTESIAN_POINT('',(0.65,0.,4.782623792125));
#483 = LINE('',#484,#485);
#484 = CARTESIAN_POINT('',(0.65,0.,2.));
#485 = VECTOR('',#486,1.);
#486 = DIRECTION('',(-0.,0.,-1.));
#487 = ORIENTED_EDGE('',*,*,#488,.F.);
#488 = EDGE_CURVE('',#465,#481,#489,.T.);
#489 = CIRCLE('',#490,1.35);
#490 = AXIS2_PLACEMENT_3D('',#491,#492,#493);
#491 = CARTESIAN_POINT('',(1.75,0.,4.));
#492 = DIRECTION('',(0.,1.,0.));
#493 = DIRECTION('',(0.,-0.,1.));
#494 = PLANE('',#495);
#495 = AXIS2_PLACEMENT_3D('',#496,#497,#498);
#496 = CARTESIAN_POINT('',(0.,0.,0.));
#497 = DIRECTION('',(-0.,1.,0.));
#498 = DIRECTION('',(0.,0.,1.));
#499 = ADVANCED_FACE('',(#500),#525,.F.);
#500 = FACE_BOUND('',#501,.F.);
#501 = EDGE_LOOP('',(#502,#503,#511,#519));
#502 = ORIENTED_EDGE('',*,*,#213,.F.);
#503 = ORIENTED_EDGE('',*,*,#504,.T.);
#504 = EDGE_CURVE('',#205,#505,#507,.T.);
#505 = VERTEX_POINT('',#506);
#506 = CARTESIAN_POINT('',(3.32,0.18,0.));
#507 = LINE('',#508,#509);
#508 = CARTESIAN_POINT('',(0.,0.18,-2.775557561563E-17));
#509 = VECTOR('',#510,1.);
#510 = DIRECTION('',(1.,0.,-0.));
#511 = ORIENTED_EDGE('',*,*,#512,.T.);
#512 = EDGE_CURVE('',#505,#513,#515,.T.);
#513 = VERTEX_POINT('',#514);
#514 = CARTESIAN_POINT('',(3.32,12.32,0.));
#515 = LINE('',#516,#517);
#516 = CARTESIAN_POINT('',(3.32,0.,-2.775557561563E-17));
#517 = VECTOR('',#518,1.);
#518 = DIRECTION('',(-0.,1.,0.));
#519 = ORIENTED_EDGE('',*,*,#520,.F.);
#520 = EDGE_CURVE('',#214,#513,#521,.T.);
#521 = LINE('',#522,#523);
#522 = CARTESIAN_POINT('',(0.,12.32,-2.775557561563E-17));
#523 = VECTOR('',#524,1.);
#524 = DIRECTION('',(1.,0.,-0.));
#525 = PLANE('',#526);
#526 = AXIS2_PLACEMENT_3D('',#527,#528,#529);
#527 = CARTESIAN_POINT('',(0.,0.,0.));
#528 = DIRECTION('',(0.,0.,1.));
#529 = DIRECTION('',(1.,0.,-0.));
#530 = ADVANCED_FACE('',(#531),#542,.T.);
#531 = FACE_BOUND('',#532,.F.);
#532 = EDGE_LOOP('',(#533,#534,#541));
#533 = ORIENTED_EDGE('',*,*,#221,.F.);
#534 = ORIENTED_EDGE('',*,*,#535,.T.);
#535 = EDGE_CURVE('',#214,#272,#536,.T.);
#536 = CIRCLE('',#537,0.18);
#537 = AXIS2_PLACEMENT_3D('',#538,#539,#540);
#538 = CARTESIAN_POINT('',(0.18,12.32,0.18));
#539 = DIRECTION('',(1.,6.123233995737E-17,-0.));
#540 = DIRECTION('',(-6.123233995737E-17,1.,0.));
#541 = ORIENTED_EDGE('',*,*,#271,.F.);
#542 = SPHERICAL_SURFACE('',#543,0.18);
#543 = AXIS2_PLACEMENT_3D('',#544,#545,#546);
#544 = CARTESIAN_POINT('',(0.18,12.32,0.18));
#545 = DIRECTION('',(0.,0.,1.));
#546 = DIRECTION('',(-1.,0.,0.));
#547 = ADVANCED_FACE('',(#548,#573),#607,.T.);
#548 = FACE_BOUND('',#549,.T.);
#549 = EDGE_LOOP('',(#550,#551,#559,#567));
#550 = ORIENTED_EDGE('',*,*,#246,.F.);
#551 = ORIENTED_EDGE('',*,*,#552,.T.);
#552 = EDGE_CURVE('',#238,#553,#555,.T.);
#553 = VERTEX_POINT('',#554);
#554 = CARTESIAN_POINT('',(3.32,0.18,10.6));
#555 = LINE('',#556,#557);
#556 = CARTESIAN_POINT('',(0.,0.18,10.6));
#557 = VECTOR('',#558,1.);
#558 = DIRECTION('',(1.,0.,-0.));
#559 = ORIENTED_EDGE('',*,*,#560,.T.);
#560 = EDGE_CURVE('',#553,#561,#563,.T.);
#561 = VERTEX_POINT('',#562);
#562 = CARTESIAN_POINT('',(3.32,12.32,10.6));
#563 = LINE('',#564,#565);
#564 = CARTESIAN_POINT('',(3.32,0.,10.6));
#565 = VECTOR('',#566,1.);
#566 = DIRECTION('',(-0.,1.,0.));
#567 = ORIENTED_EDGE('',*,*,#568,.F.);
#568 = EDGE_CURVE('',#247,#561,#569,.T.);
#569 = LINE('',#570,#571);
#570 = CARTESIAN_POINT('',(0.,12.32,10.6));
#571 = VECTOR('',#572,1.);
#572 = DIRECTION('',(1.,0.,-0.));
#573 = FACE_BOUND('',#574,.T.);
#574 = EDGE_LOOP('',(#575,#585,#593,#601));
#575 = ORIENTED_EDGE('',*,*,#576,.T.);
#576 = EDGE_CURVE('',#577,#579,#581,.T.);
#577 = VERTEX_POINT('',#578);
#578 = CARTESIAN_POINT('',(3.16,0.75,10.6));
#579 = VERTEX_POINT('',#580);
#580 = CARTESIAN_POINT('',(0.34,0.75,10.6));
#581 = LINE('',#582,#583);
#582 = CARTESIAN_POINT('',(0.17,0.75,10.6));
#583 = VECTOR('',#584,1.);
#584 = DIRECTION('',(-1.,-0.,0.));
#585 = ORIENTED_EDGE('',*,*,#586,.T.);
#586 = EDGE_CURVE('',#579,#587,#589,.T.);
#587 = VERTEX_POINT('',#588);
#588 = CARTESIAN_POINT('',(0.34,9.5,10.6));
#589 = LINE('',#590,#591);
#590 = CARTESIAN_POINT('',(0.34,0.375,10.6));
#591 = VECTOR('',#592,1.);
#592 = DIRECTION('',(-0.,1.,0.));
#593 = ORIENTED_EDGE('',*,*,#594,.F.);
#594 = EDGE_CURVE('',#595,#587,#597,.T.);
#595 = VERTEX_POINT('',#596);
#596 = CARTESIAN_POINT('',(3.16,9.5,10.6));
#597 = LINE('',#598,#599);
#598 = CARTESIAN_POINT('',(0.17,9.5,10.6));
#599 = VECTOR('',#600,1.);
#600 = DIRECTION('',(-1.,-0.,0.));
#601 = ORIENTED_EDGE('',*,*,#602,.F.);
#602 = EDGE_CURVE('',#577,#595,#603,.T.);
#603 = LINE('',#604,#605);
#604 = CARTESIAN_POINT('',(3.16,0.375,10.6));
#605 = VECTOR('',#606,1.);
#606 = DIRECTION('',(-0.,1.,0.));
#607 = PLANE('',#608);
#608 = AXIS2_PLACEMENT_3D('',#609,#610,#611);
#609 = CARTESIAN_POINT('',(0.,0.,10.6));
#610 = DIRECTION('',(0.,0.,1.));
#611 = DIRECTION('',(1.,0.,-0.));
#612 = ADVANCED_FACE('',(#613),#624,.T.);
#613 = FACE_BOUND('',#614,.F.);
#614 = EDGE_LOOP('',(#615,#616,#623));
#615 = ORIENTED_EDGE('',*,*,#288,.F.);
#616 = ORIENTED_EDGE('',*,*,#617,.T.);
#617 = EDGE_CURVE('',#281,#247,#618,.T.);
#618 = CIRCLE('',#619,0.18);
#619 = AXIS2_PLACEMENT_3D('',#620,#621,#622);
#620 = CARTESIAN_POINT('',(0.18,12.32,10.42));
#621 = DIRECTION('',(1.,0.,6.123233995737E-17));
#622 = DIRECTION('',(-6.123233995737E-17,-0.,1.));
#623 = ORIENTED_EDGE('',*,*,#254,.F.);
#624 = SPHERICAL_SURFACE('',#625,0.18);
#625 = AXIS2_PLACEMENT_3D('',#626,#627,#628);
#626 = CARTESIAN_POINT('',(0.18,12.32,10.42));
#627 = DIRECTION('',(0.,-1.,-0.));
#628 = DIRECTION('',(-1.,-0.,0.));
#629 = ADVANCED_FACE('',(#630,#655),#689,.T.);
#630 = FACE_BOUND('',#631,.T.);
#631 = EDGE_LOOP('',(#632,#633,#641,#649));
#632 = ORIENTED_EDGE('',*,*,#280,.T.);
#633 = ORIENTED_EDGE('',*,*,#634,.T.);
#634 = EDGE_CURVE('',#281,#635,#637,.T.);
#635 = VERTEX_POINT('',#636);
#636 = CARTESIAN_POINT('',(3.32,12.5,10.42));
#637 = LINE('',#638,#639);
#638 = CARTESIAN_POINT('',(0.,12.5,10.42));
#639 = VECTOR('',#640,1.);
#640 = DIRECTION('',(1.,0.,-0.));
#641 = ORIENTED_EDGE('',*,*,#642,.F.);
#642 = EDGE_CURVE('',#643,#635,#645,.T.);
#643 = VERTEX_POINT('',#644);
#644 = CARTESIAN_POINT('',(3.32,12.5,0.18));
#645 = LINE('',#646,#647);
#646 = CARTESIAN_POINT('',(3.32,12.5,0.));
#647 = VECTOR('',#648,1.);
#648 = DIRECTION('',(0.,0.,1.));
#649 = ORIENTED_EDGE('',*,*,#650,.F.);
#650 = EDGE_CURVE('',#272,#643,#651,.T.);
#651 = LINE('',#652,#653);
#652 = CARTESIAN_POINT('',(0.,12.5,0.18));
#653 = VECTOR('',#654,1.);
#654 = DIRECTION('',(1.,0.,-0.));
#655 = FACE_BOUND('',#656,.T.);
#656 = EDGE_LOOP('',(#657,#667,#675,#683));
#657 = ORIENTED_EDGE('',*,*,#658,.F.);
#658 = EDGE_CURVE('',#659,#661,#663,.T.);
#659 = VERTEX_POINT('',#660);
#660 = CARTESIAN_POINT('',(0.525,12.5,9.75));
#661 = VERTEX_POINT('',#662);
#662 = CARTESIAN_POINT('',(2.975,12.5,9.75));
#663 = LINE('',#664,#665);
#664 = CARTESIAN_POINT('',(0.2625,12.5,9.75));
#665 = VECTOR('',#666,1.);
#666 = DIRECTION('',(1.,0.,-0.));
#667 = ORIENTED_EDGE('',*,*,#668,.T.);
#668 = EDGE_CURVE('',#659,#669,#671,.T.);
#669 = VERTEX_POINT('',#670);
#670 = CARTESIAN_POINT('',(0.525,12.5,7.2));
#671 = LINE('',#672,#673);
#672 = CARTESIAN_POINT('',(0.525,12.5,3.6));
#673 = VECTOR('',#674,1.);
#674 = DIRECTION('',(-0.,0.,-1.));
#675 = ORIENTED_EDGE('',*,*,#676,.T.);
#676 = EDGE_CURVE('',#669,#677,#679,.T.);
#677 = VERTEX_POINT('',#678);
#678 = CARTESIAN_POINT('',(2.975,12.5,7.2));
#679 = LINE('',#680,#681);
#680 = CARTESIAN_POINT('',(0.2625,12.5,7.2));
#681 = VECTOR('',#682,1.);
#682 = DIRECTION('',(1.,0.,-0.));
#683 = ORIENTED_EDGE('',*,*,#684,.F.);
#684 = EDGE_CURVE('',#661,#677,#685,.T.);
#685 = LINE('',#686,#687);
#686 = CARTESIAN_POINT('',(2.975,12.5,3.6));
#687 = VECTOR('',#688,1.);
#688 = DIRECTION('',(-0.,0.,-1.));
#689 = PLANE('',#690);
#690 = AXIS2_PLACEMENT_3D('',#691,#692,#693);
#691 = CARTESIAN_POINT('',(0.,12.5,0.));
#692 = DIRECTION('',(-0.,1.,0.));
#693 = DIRECTION('',(0.,0.,1.));
#694 = ADVANCED_FACE('',(#695),#698,.F.);
#695 = FACE_BOUND('',#696,.F.);
#696 = EDGE_LOOP('',(#697));
#697 = ORIENTED_EDGE('',*,*,#311,.T.);
#698 = PLANE('',#699);
#699 = AXIS2_PLACEMENT_3D('',#700,#701,#702);
#700 = CARTESIAN_POINT('',(0.27,7.3,3.));
#701 = DIRECTION('',(1.,0.,0.));
#702 = DIRECTION('',(-0.,0.,1.));
#703 = ADVANCED_FACE('',(#704),#707,.F.);
#704 = FACE_BOUND('',#705,.F.);
#705 = EDGE_LOOP('',(#706));
#706 = ORIENTED_EDGE('',*,*,#336,.T.);
#707 = PLANE('',#708);
#708 = AXIS2_PLACEMENT_3D('',#709,#710,#711);
#709 = CARTESIAN_POINT('',(0.27,9.6,7.1));
#710 = DIRECTION('',(1.,0.,0.));
#711 = DIRECTION('',(-0.,0.,1.));
#712 = ADVANCED_FACE('',(#713),#716,.F.);
#713 = FACE_BOUND('',#714,.F.);
#714 = EDGE_LOOP('',(#715));
#715 = ORIENTED_EDGE('',*,*,#361,.T.);
#716 = PLANE('',#717);
#717 = AXIS2_PLACEMENT_3D('',#718,#719,#720);
#718 = CARTESIAN_POINT('',(0.27,2.4,3.));
#719 = DIRECTION('',(1.,0.,0.));
#720 = DIRECTION('',(-0.,0.,1.));
#721 = ADVANCED_FACE('',(#722),#725,.F.);
#722 = FACE_BOUND('',#723,.F.);
#723 = EDGE_LOOP('',(#724));
#724 = ORIENTED_EDGE('',*,*,#386,.T.);
#725 = PLANE('',#726);
#726 = AXIS2_PLACEMENT_3D('',#727,#728,#729);
#727 = CARTESIAN_POINT('',(0.27,4.7,7.1));
#728 = DIRECTION('',(1.,0.,0.));
#729 = DIRECTION('',(-0.,0.,1.));
#730 = ADVANCED_FACE('',(#731),#743,.T.);
#731 = FACE_BOUND('',#732,.T.);
#732 = EDGE_LOOP('',(#733,#734,#735,#742));
#733 = ORIENTED_EDGE('',*,*,#404,.F.);
#734 = ORIENTED_EDGE('',*,*,#504,.T.);
#735 = ORIENTED_EDGE('',*,*,#736,.T.);
#736 = EDGE_CURVE('',#505,#447,#737,.T.);
#737 = CIRCLE('',#738,0.18);
#738 = AXIS2_PLACEMENT_3D('',#739,#740,#741);
#739 = CARTESIAN_POINT('',(3.32,0.18,0.18));
#740 = DIRECTION('',(-1.,-6.123233995737E-17,0.));
#741 = DIRECTION('',(6.123233995737E-17,-1.,-0.));
#742 = ORIENTED_EDGE('',*,*,#454,.F.);
#743 = CYLINDRICAL_SURFACE('',#744,0.18);
#744 = AXIS2_PLACEMENT_3D('',#745,#746,#747);
#745 = CARTESIAN_POINT('',(0.,0.18,0.18));
#746 = DIRECTION('',(1.,0.,-0.));
#747 = DIRECTION('',(0.,-1.,0.));
#748 = ADVANCED_FACE('',(#749),#761,.T.);
#749 = FACE_BOUND('',#750,.F.);
#750 = EDGE_LOOP('',(#751,#752,#753,#760));
#751 = ORIENTED_EDGE('',*,*,#421,.F.);
#752 = ORIENTED_EDGE('',*,*,#552,.T.);
#753 = ORIENTED_EDGE('',*,*,#754,.T.);
#754 = EDGE_CURVE('',#553,#439,#755,.T.);
#755 = CIRCLE('',#756,0.18);
#756 = AXIS2_PLACEMENT_3D('',#757,#758,#759);
#757 = CARTESIAN_POINT('',(3.32,0.18,10.42));
#758 = DIRECTION('',(1.,6.123233995737E-17,0.));
#759 = DIRECTION('',(6.123233995737E-17,-1.,0.));
#760 = ORIENTED_EDGE('',*,*,#438,.F.);
#761 = CYLINDRICAL_SURFACE('',#762,0.18);
#762 = AXIS2_PLACEMENT_3D('',#763,#764,#765);
#763 = CARTESIAN_POINT('',(0.,0.18,10.42));
#764 = DIRECTION('',(1.,0.,-0.));
#765 = DIRECTION('',(0.,-1.,0.));
#766 = ADVANCED_FACE('',(#767),#794,.T.);
#767 = FACE_BOUND('',#768,.F.);
#768 = EDGE_LOOP('',(#769,#779,#786,#787));
#769 = ORIENTED_EDGE('',*,*,#770,.F.);
#770 = EDGE_CURVE('',#771,#773,#775,.T.);
#771 = VERTEX_POINT('',#772);
#772 = CARTESIAN_POINT('',(3.5,0.18,0.18));
#773 = VERTEX_POINT('',#774);
#774 = CARTESIAN_POINT('',(3.5,0.18,10.42));
#775 = LINE('',#776,#777);
#776 = CARTESIAN_POINT('',(3.5,0.18,0.));
#777 = VECTOR('',#778,1.);
#778 = DIRECTION('',(0.,0.,1.));
#779 = ORIENTED_EDGE('',*,*,#780,.T.);
#780 = EDGE_CURVE('',#771,#447,#781,.T.);
#781 = CIRCLE('',#782,0.18);
#782 = AXIS2_PLACEMENT_3D('',#783,#784,#785);
#783 = CARTESIAN_POINT('',(3.32,0.18,0.18));
#784 = DIRECTION('',(0.,-0.,-1.));
#785 = DIRECTION('',(1.,0.,-0.));
#786 = ORIENTED_EDGE('',*,*,#446,.T.);
#787 = ORIENTED_EDGE('',*,*,#788,.F.);
#788 = EDGE_CURVE('',#773,#439,#789,.T.);
#789 = CIRCLE('',#790,0.18);
#790 = AXIS2_PLACEMENT_3D('',#791,#792,#793);
#791 = CARTESIAN_POINT('',(3.32,0.18,10.42));
#792 = DIRECTION('',(0.,0.,-1.));
#793 = DIRECTION('',(1.,0.,0.));
#794 = CYLINDRICAL_SURFACE('',#795,0.18);
#795 = AXIS2_PLACEMENT_3D('',#796,#797,#798);
#796 = CARTESIAN_POINT('',(3.32,0.18,0.));
#797 = DIRECTION('',(0.,0.,1.));
#798 = DIRECTION('',(1.,0.,-0.));
#799 = ADVANCED_FACE('',(#800),#825,.F.);
#800 = FACE_BOUND('',#801,.F.);
#801 = EDGE_LOOP('',(#802,#803,#811,#819));
#802 = ORIENTED_EDGE('',*,*,#462,.T.);
#803 = ORIENTED_EDGE('',*,*,#804,.T.);
#804 = EDGE_CURVE('',#465,#805,#807,.T.);
#805 = VERTEX_POINT('',#806);
#806 = CARTESIAN_POINT('',(2.85,4.3,4.782623792125));
#807 = LINE('',#808,#809);
#808 = CARTESIAN_POINT('',(2.85,-5.E-02,4.782623792125));
#809 = VECTOR('',#810,1.);
#810 = DIRECTION('',(0.,1.,0.));
#811 = ORIENTED_EDGE('',*,*,#812,.T.);
#812 = EDGE_CURVE('',#805,#813,#815,.T.);
#813 = VERTEX_POINT('',#814);
#814 = CARTESIAN_POINT('',(2.85,4.3,8.1));
#815 = LINE('',#816,#817);
#816 = CARTESIAN_POINT('',(2.85,4.3,4.));
#817 = VECTOR('',#818,1.);
#818 = DIRECTION('',(0.,0.,1.));
#819 = ORIENTED_EDGE('',*,*,#820,.F.);
#820 = EDGE_CURVE('',#463,#813,#821,.T.);
#821 = LINE('',#822,#823);
#822 = CARTESIAN_POINT('',(2.85,-5.E-02,8.1));
#823 = VECTOR('',#824,1.);
#824 = DIRECTION('',(-0.,1.,0.));
#825 = PLANE('',#826);
#826 = AXIS2_PLACEMENT_3D('',#827,#828,#829);
#827 = CARTESIAN_POINT('',(2.85,-5.E-02,4.));
#828 = DIRECTION('',(1.,0.,-0.));
#829 = DIRECTION('',(0.,0.,1.));
#830 = ADVANCED_FACE('',(#831),#850,.F.);
#831 = FACE_BOUND('',#832,.F.);
#832 = EDGE_LOOP('',(#833,#842,#843,#844));
#833 = ORIENTED_EDGE('',*,*,#834,.F.);
#834 = EDGE_CURVE('',#805,#835,#837,.T.);
#835 = VERTEX_POINT('',#836);
#836 = CARTESIAN_POINT('',(0.65,4.3,4.782623792125));
#837 = CIRCLE('',#838,1.35);
#838 = AXIS2_PLACEMENT_3D('',#839,#840,#841);
#839 = CARTESIAN_POINT('',(1.75,4.3,4.));
#840 = DIRECTION('',(0.,1.,0.));
#841 = DIRECTION('',(0.,-0.,1.));
#842 = ORIENTED_EDGE('',*,*,#804,.F.);
#843 = ORIENTED_EDGE('',*,*,#488,.T.);
#844 = ORIENTED_EDGE('',*,*,#845,.T.);
#845 = EDGE_CURVE('',#481,#835,#846,.T.);
#846 = LINE('',#847,#848);
#847 = CARTESIAN_POINT('',(0.65,-5.E-02,4.782623792125));
#848 = VECTOR('',#849,1.);
#849 = DIRECTION('',(0.,1.,0.));
#850 = CYLINDRICAL_SURFACE('',#851,1.35);
#851 = AXIS2_PLACEMENT_3D('',#852,#853,#854);
#852 = CARTESIAN_POINT('',(1.75,-5.E-02,4.));
#853 = DIRECTION('',(0.,1.,0.));
#854 = DIRECTION('',(0.,-0.,1.));
#855 = ADVANCED_FACE('',(#856),#874,.T.);
#856 = FACE_BOUND('',#857,.T.);
#857 = EDGE_LOOP('',(#858,#859,#860,#868));
#858 = ORIENTED_EDGE('',*,*,#480,.T.);
#859 = ORIENTED_EDGE('',*,*,#845,.T.);
#860 = ORIENTED_EDGE('',*,*,#861,.T.);
#861 = EDGE_CURVE('',#835,#862,#864,.T.);
#862 = VERTEX_POINT('',#863);
#863 = CARTESIAN_POINT('',(0.65,4.3,8.1));
#864 = LINE('',#865,#866);
#865 = CARTESIAN_POINT('',(0.65,4.3,4.));
#866 = VECTOR('',#867,1.);
#867 = DIRECTION('',(0.,0.,1.));
#868 = ORIENTED_EDGE('',*,*,#869,.F.);
#869 = EDGE_CURVE('',#473,#862,#870,.T.);
#870 = LINE('',#871,#872);
#871 = CARTESIAN_POINT('',(0.65,-5.E-02,8.1));
#872 = VECTOR('',#873,1.);
#873 = DIRECTION('',(-0.,1.,0.));
#874 = PLANE('',#875);
#875 = AXIS2_PLACEMENT_3D('',#876,#877,#878);
#876 = CARTESIAN_POINT('',(0.65,-5.E-02,4.));
#877 = DIRECTION('',(1.,0.,-0.));
#878 = DIRECTION('',(0.,0.,1.));
#879 = ADVANCED_FACE('',(#880),#891,.F.);
#880 = FACE_BOUND('',#881,.F.);
#881 = EDGE_LOOP('',(#882,#883,#884,#885));
#882 = ORIENTED_EDGE('',*,*,#869,.F.);
#883 = ORIENTED_EDGE('',*,*,#472,.T.);
#884 = ORIENTED_EDGE('',*,*,#820,.T.);
#885 = ORIENTED_EDGE('',*,*,#886,.F.);
#886 = EDGE_CURVE('',#862,#813,#887,.T.);
#887 = LINE('',#888,#889);
#888 = CARTESIAN_POINT('',(0.65,4.3,8.1));
#889 = VECTOR('',#890,1.);
#890 = DIRECTION('',(1.,0.,-0.));
#891 = PLANE('',#892);
#892 = AXIS2_PLACEMENT_3D('',#893,#894,#895);
#893 = CARTESIAN_POINT('',(0.65,-5.E-02,8.1));
#894 = DIRECTION('',(0.,0.,1.));
#895 = DIRECTION('',(1.,0.,-0.));
#896 = ADVANCED_FACE('',(#897),#909,.T.);
#897 = FACE_BOUND('',#898,.F.);
#898 = EDGE_LOOP('',(#899,#900,#901,#908));
#899 = ORIENTED_EDGE('',*,*,#535,.F.);
#900 = ORIENTED_EDGE('',*,*,#520,.T.);
#901 = ORIENTED_EDGE('',*,*,#902,.T.);
#902 = EDGE_CURVE('',#513,#643,#903,.T.);
#903 = CIRCLE('',#904,0.18);
#904 = AXIS2_PLACEMENT_3D('',#905,#906,#907);
#905 = CARTESIAN_POINT('',(3.32,12.32,0.18));
#906 = DIRECTION('',(1.,-6.123233995737E-17,0.));
#907 = DIRECTION('',(6.123233995737E-17,1.,0.));
#908 = ORIENTED_EDGE('',*,*,#650,.F.);
#909 = CYLINDRICAL_SURFACE('',#910,0.18);
#910 = AXIS2_PLACEMENT_3D('',#911,#912,#913);
#911 = CARTESIAN_POINT('',(0.,12.32,0.18));
#912 = DIRECTION('',(1.,0.,-0.));
#913 = DIRECTION('',(0.,1.,0.));
#914 = ADVANCED_FACE('',(#915),#940,.T.);
#915 = FACE_BOUND('',#916,.T.);
#916 = EDGE_LOOP('',(#917,#924,#925,#934));
#917 = ORIENTED_EDGE('',*,*,#918,.F.);
#918 = EDGE_CURVE('',#505,#771,#919,.T.);
#919 = CIRCLE('',#920,0.18);
#920 = AXIS2_PLACEMENT_3D('',#921,#922,#923);
#921 = CARTESIAN_POINT('',(3.32,0.18,0.18));
#922 = DIRECTION('',(0.,-1.,0.));
#923 = DIRECTION('',(1.,0.,0.));
#924 = ORIENTED_EDGE('',*,*,#512,.T.);
#925 = ORIENTED_EDGE('',*,*,#926,.T.);
#926 = EDGE_CURVE('',#513,#927,#929,.T.);
#927 = VERTEX_POINT('',#928);
#928 = CARTESIAN_POINT('',(3.5,12.32,0.18));
#929 = CIRCLE('',#930,0.18);
#930 = AXIS2_PLACEMENT_3D('',#931,#932,#933);
#931 = CARTESIAN_POINT('',(3.32,12.32,0.18));
#932 = DIRECTION('',(0.,-1.,0.));
#933 = DIRECTION('',(1.,0.,0.));
#934 = ORIENTED_EDGE('',*,*,#935,.F.);
#935 = EDGE_CURVE('',#771,#927,#936,.T.);
#936 = LINE('',#937,#938);
#937 = CARTESIAN_POINT('',(3.5,0.,0.18));
#938 = VECTOR('',#939,1.);
#939 = DIRECTION('',(-0.,1.,0.));
#940 = CYLINDRICAL_SURFACE('',#941,0.18);
#941 = AXIS2_PLACEMENT_3D('',#942,#943,#944);
#942 = CARTESIAN_POINT('',(3.32,0.,0.18));
#943 = DIRECTION('',(-0.,1.,0.));
#944 = DIRECTION('',(1.,0.,-0.));
#945 = ADVANCED_FACE('',(#946),#958,.T.);
#946 = FACE_BOUND('',#947,.T.);
#947 = EDGE_LOOP('',(#948,#949,#950,#957));
#948 = ORIENTED_EDGE('',*,*,#617,.T.);
#949 = ORIENTED_EDGE('',*,*,#568,.T.);
#950 = ORIENTED_EDGE('',*,*,#951,.F.);
#951 = EDGE_CURVE('',#635,#561,#952,.T.);
#952 = CIRCLE('',#953,0.18);
#953 = AXIS2_PLACEMENT_3D('',#954,#955,#956);
#954 = CARTESIAN_POINT('',(3.32,12.32,10.42));
#955 = DIRECTION('',(1.,0.,-6.123233995737E-17));
#956 = DIRECTION('',(6.123233995737E-17,0.,1.));
#957 = ORIENTED_EDGE('',*,*,#634,.F.);
#958 = CYLINDRICAL_SURFACE('',#959,0.18);
#959 = AXIS2_PLACEMENT_3D('',#960,#961,#962);
#960 = CARTESIAN_POINT('',(0.,12.32,10.42));
#961 = DIRECTION('',(1.,0.,-0.));
#962 = DIRECTION('',(0.,1.,0.));
#963 = ADVANCED_FACE('',(#964),#989,.T.);
#964 = FACE_BOUND('',#965,.F.);
#965 = EDGE_LOOP('',(#966,#973,#974,#983));
#966 = ORIENTED_EDGE('',*,*,#967,.F.);
#967 = EDGE_CURVE('',#553,#773,#968,.T.);
#968 = CIRCLE('',#969,0.18);
#969 = AXIS2_PLACEMENT_3D('',#970,#971,#972);
#970 = CARTESIAN_POINT('',(3.32,0.18,10.42));
#971 = DIRECTION('',(-0.,1.,0.));
#972 = DIRECTION('',(1.,0.,0.));
#973 = ORIENTED_EDGE('',*,*,#560,.T.);
#974 = ORIENTED_EDGE('',*,*,#975,.F.);
#975 = EDGE_CURVE('',#976,#561,#978,.T.);
#976 = VERTEX_POINT('',#977);
#977 = CARTESIAN_POINT('',(3.5,12.32,10.42));
#978 = CIRCLE('',#979,0.18);
#979 = AXIS2_PLACEMENT_3D('',#980,#981,#982);
#980 = CARTESIAN_POINT('',(3.32,12.32,10.42));
#981 = DIRECTION('',(0.,-1.,-0.));
#982 = DIRECTION('',(1.,0.,0.));
#983 = ORIENTED_EDGE('',*,*,#984,.F.);
#984 = EDGE_CURVE('',#773,#976,#985,.T.);
#985 = LINE('',#986,#987);
#986 = CARTESIAN_POINT('',(3.5,0.,10.42));
#987 = VECTOR('',#988,1.);
#988 = DIRECTION('',(-0.,1.,0.));
#989 = CYLINDRICAL_SURFACE('',#990,0.18);
#990 = AXIS2_PLACEMENT_3D('',#991,#992,#993);
#991 = CARTESIAN_POINT('',(3.32,0.,10.42));
#992 = DIRECTION('',(-0.,1.,0.));
#993 = DIRECTION('',(1.,0.,-0.));
#994 = ADVANCED_FACE('',(#995),#1020,.T.);
#995 = FACE_BOUND('',#996,.T.);
#996 = EDGE_LOOP('',(#997,#1005,#1013,#1019));
#997 = ORIENTED_EDGE('',*,*,#998,.F.);
#998 = EDGE_CURVE('',#999,#577,#1001,.T.);
#999 = VERTEX_POINT('',#1000);
#1000 = CARTESIAN_POINT('',(3.16,0.75,8.62));
#1001 = LINE('',#1002,#1003);
#1002 = CARTESIAN_POINT('',(3.16,0.75,8.62));
#1003 = VECTOR('',#1004,1.);
#1004 = DIRECTION('',(0.,0.,1.));
#1005 = ORIENTED_EDGE('',*,*,#1006,.F.);
#1006 = EDGE_CURVE('',#1007,#999,#1009,.T.);
#1007 = VERTEX_POINT('',#1008);
#1008 = CARTESIAN_POINT('',(0.34,0.75,8.62));
#1009 = LINE('',#1010,#1011);
#1010 = CARTESIAN_POINT('',(0.34,0.75,8.62));
#1011 = VECTOR('',#1012,1.);
#1012 = DIRECTION('',(1.,0.,-0.));
#1013 = ORIENTED_EDGE('',*,*,#1014,.T.);
#1014 = EDGE_CURVE('',#1007,#579,#1015,.T.);
#1015 = LINE('',#1016,#1017);
#1016 = CARTESIAN_POINT('',(0.34,0.75,8.62));
#1017 = VECTOR('',#1018,1.);
#1018 = DIRECTION('',(0.,0.,1.));
#1019 = ORIENTED_EDGE('',*,*,#576,.F.);
#1020 = PLANE('',#1021);
#1021 = AXIS2_PLACEMENT_3D('',#1022,#1023,#1024);
#1022 = CARTESIAN_POINT('',(0.34,0.75,8.62));
#1023 = DIRECTION('',(-0.,1.,0.));
#1024 = DIRECTION('',(0.,0.,1.));
#1025 = ADVANCED_FACE('',(#1026),#1044,.F.);
#1026 = FACE_BOUND('',#1027,.F.);
#1027 = EDGE_LOOP('',(#1028,#1029,#1037,#1043));
#1028 = ORIENTED_EDGE('',*,*,#998,.F.);
#1029 = ORIENTED_EDGE('',*,*,#1030,.T.);
#1030 = EDGE_CURVE('',#999,#1031,#1033,.T.);
#1031 = VERTEX_POINT('',#1032);
#1032 = CARTESIAN_POINT('',(3.16,9.5,8.62));
#1033 = LINE('',#1034,#1035);
#1034 = CARTESIAN_POINT('',(3.16,0.75,8.62));
#1035 = VECTOR('',#1036,1.);
#1036 = DIRECTION('',(-0.,1.,0.));
#1037 = ORIENTED_EDGE('',*,*,#1038,.T.);
#1038 = EDGE_CURVE('',#1031,#595,#1039,.T.);
#1039 = LINE('',#1040,#1041);
#1040 = CARTESIAN_POINT('',(3.16,9.5,8.62));
#1041 = VECTOR('',#1042,1.);
#1042 = DIRECTION('',(0.,0.,1.));
#1043 = ORIENTED_EDGE('',*,*,#602,.F.);
#1044 = PLANE('',#1045);
#1045 = AXIS2_PLACEMENT_3D('',#1046,#1047,#1048);
#1046 = CARTESIAN_POINT('',(3.16,0.75,8.62));
#1047 = DIRECTION('',(1.,0.,-0.));
#1048 = DIRECTION('',(0.,0.,1.));
#1049 = ADVANCED_FACE('',(#1050),#1068,.F.);
#1050 = FACE_BOUND('',#1051,.F.);
#1051 = EDGE_LOOP('',(#1052,#1053,#1061,#1067));
#1052 = ORIENTED_EDGE('',*,*,#1038,.F.);
#1053 = ORIENTED_EDGE('',*,*,#1054,.F.);
#1054 = EDGE_CURVE('',#1055,#1031,#1057,.T.);
#1055 = VERTEX_POINT('',#1056);
#1056 = CARTESIAN_POINT('',(0.34,9.5,8.62));
#1057 = LINE('',#1058,#1059);
#1058 = CARTESIAN_POINT('',(0.34,9.5,8.62));
#1059 = VECTOR('',#1060,1.);
#1060 = DIRECTION('',(1.,0.,-0.));
#1061 = ORIENTED_EDGE('',*,*,#1062,.T.);
#1062 = EDGE_CURVE('',#1055,#587,#1063,.T.);
#1063 = LINE('',#1064,#1065);
#1064 = CARTESIAN_POINT('',(0.34,9.5,8.62));
#1065 = VECTOR('',#1066,1.);
#1066 = DIRECTION('',(0.,0.,1.));
#1067 = ORIENTED_EDGE('',*,*,#594,.F.);
#1068 = PLANE('',#1069);
#1069 = AXIS2_PLACEMENT_3D('',#1070,#1071,#1072);
#1070 = CARTESIAN_POINT('',(0.34,9.5,8.62));
#1071 = DIRECTION('',(-0.,1.,0.));
#1072 = DIRECTION('',(0.,0.,1.));
#1073 = ADVANCED_FACE('',(#1074),#1085,.T.);
#1074 = FACE_BOUND('',#1075,.T.);
#1075 = EDGE_LOOP('',(#1076,#1077,#1083,#1084));
#1076 = ORIENTED_EDGE('',*,*,#1014,.F.);
#1077 = ORIENTED_EDGE('',*,*,#1078,.T.);
#1078 = EDGE_CURVE('',#1007,#1055,#1079,.T.);
#1079 = LINE('',#1080,#1081);
#1080 = CARTESIAN_POINT('',(0.34,0.75,8.62));
#1081 = VECTOR('',#1082,1.);
#1082 = DIRECTION('',(-0.,1.,0.));
#1083 = ORIENTED_EDGE('',*,*,#1062,.T.);
#1084 = ORIENTED_EDGE('',*,*,#586,.F.);
#1085 = PLANE('',#1086);
#1086 = AXIS2_PLACEMENT_3D('',#1087,#1088,#1089);
#1087 = CARTESIAN_POINT('',(0.34,0.75,8.62));
#1088 = DIRECTION('',(1.,0.,-0.));
#1089 = DIRECTION('',(0.,0.,1.));
#1090 = ADVANCED_FACE('',(#1091),#1114,.T.);
#1091 = FACE_BOUND('',#1092,.T.);
#1092 = EDGE_LOOP('',(#1093,#1099,#1106,#1107));
#1093 = ORIENTED_EDGE('',*,*,#1094,.F.);
#1094 = EDGE_CURVE('',#927,#976,#1095,.T.);
#1095 = LINE('',#1096,#1097);
#1096 = CARTESIAN_POINT('',(3.5,12.32,0.));
#1097 = VECTOR('',#1098,1.);
#1098 = DIRECTION('',(0.,0.,1.));
#1099 = ORIENTED_EDGE('',*,*,#1100,.T.);
#1100 = EDGE_CURVE('',#927,#643,#1101,.T.);
#1101 = CIRCLE('',#1102,0.18);
#1102 = AXIS2_PLACEMENT_3D('',#1103,#1104,#1105);
#1103 = CARTESIAN_POINT('',(3.32,12.32,0.18));
#1104 = DIRECTION('',(0.,0.,1.));
#1105 = DIRECTION('',(1.,0.,-0.));
#1106 = ORIENTED_EDGE('',*,*,#642,.T.);
#1107 = ORIENTED_EDGE('',*,*,#1108,.T.);
#1108 = EDGE_CURVE('',#635,#976,#1109,.T.);
#1109 = CIRCLE('',#1110,0.18);
#1110 = AXIS2_PLACEMENT_3D('',#1111,#1112,#1113);
#1111 = CARTESIAN_POINT('',(3.32,12.32,10.42));
#1112 = DIRECTION('',(0.,0.,-1.));
#1113 = DIRECTION('',(1.,0.,0.));
#1114 = CYLINDRICAL_SURFACE('',#1115,0.18);
#1115 = AXIS2_PLACEMENT_3D('',#1116,#1117,#1118);
#1116 = CARTESIAN_POINT('',(3.32,12.32,0.));
#1117 = DIRECTION('',(0.,0.,1.));
#1118 = DIRECTION('',(1.,0.,-0.));
#1119 = ADVANCED_FACE('',(#1120),#1145,.F.);
#1120 = FACE_BOUND('',#1121,.F.);
#1121 = EDGE_LOOP('',(#1122,#1130,#1138,#1144));
#1122 = ORIENTED_EDGE('',*,*,#1123,.F.);
#1123 = EDGE_CURVE('',#1124,#659,#1126,.T.);
#1124 = VERTEX_POINT('',#1125);
#1125 = CARTESIAN_POINT('',(0.525,10.55,9.75));
#1126 = LINE('',#1127,#1128);
#1127 = CARTESIAN_POINT('',(0.525,10.55,9.75));
#1128 = VECTOR('',#1129,1.);
#1129 = DIRECTION('',(-0.,1.,0.));
#1130 = ORIENTED_EDGE('',*,*,#1131,.T.);
#1131 = EDGE_CURVE('',#1124,#1132,#1134,.T.);
#1132 = VERTEX_POINT('',#1133);
#1133 = CARTESIAN_POINT('',(2.975,10.55,9.75));
#1134 = LINE('',#1135,#1136);
#1135 = CARTESIAN_POINT('',(0.525,10.55,9.75));
#1136 = VECTOR('',#1137,1.);
#1137 = DIRECTION('',(1.,0.,-0.));
#1138 = ORIENTED_EDGE('',*,*,#1139,.T.);
#1139 = EDGE_CURVE('',#1132,#661,#1140,.T.);
#1140 = LINE('',#1141,#1142);
#1141 = CARTESIAN_POINT('',(2.975,10.55,9.75));
#1142 = VECTOR('',#1143,1.);
#1143 = DIRECTION('',(-0.,1.,0.));
#1144 = ORIENTED_EDGE('',*,*,#658,.F.);
#1145 = PLANE('',#1146);
#1146 = AXIS2_PLACEMENT_3D('',#1147,#1148,#1149);
#1147 = CARTESIAN_POINT('',(0.525,10.55,9.75));
#1148 = DIRECTION('',(0.,0.,1.));
#1149 = DIRECTION('',(1.,0.,-0.));
#1150 = ADVANCED_FACE('',(#1151),#1169,.F.);
#1151 = FACE_BOUND('',#1152,.F.);
#1152 = EDGE_LOOP('',(#1153,#1154,#1162,#1168));
#1153 = ORIENTED_EDGE('',*,*,#1139,.F.);
#1154 = ORIENTED_EDGE('',*,*,#1155,.F.);
#1155 = EDGE_CURVE('',#1156,#1132,#1158,.T.);
#1156 = VERTEX_POINT('',#1157);
#1157 = CARTESIAN_POINT('',(2.975,10.55,7.2));
#1158 = LINE('',#1159,#1160);
#1159 = CARTESIAN_POINT('',(2.975,10.55,7.2));
#1160 = VECTOR('',#1161,1.);
#1161 = DIRECTION('',(0.,0.,1.));
#1162 = ORIENTED_EDGE('',*,*,#1163,.T.);
#1163 = EDGE_CURVE('',#1156,#677,#1164,.T.);
#1164 = LINE('',#1165,#1166);
#1165 = CARTESIAN_POINT('',(2.975,10.55,7.2));
#1166 = VECTOR('',#1167,1.);
#1167 = DIRECTION('',(-0.,1.,0.));
#1168 = ORIENTED_EDGE('',*,*,#684,.F.);
#1169 = PLANE('',#1170);
#1170 = AXIS2_PLACEMENT_3D('',#1171,#1172,#1173);
#1171 = CARTESIAN_POINT('',(2.975,10.55,7.2));
#1172 = DIRECTION('',(1.,0.,-0.));
#1173 = DIRECTION('',(0.,0.,1.));
#1174 = ADVANCED_FACE('',(#1175),#1193,.T.);
#1175 = FACE_BOUND('',#1176,.T.);
#1176 = EDGE_LOOP('',(#1177,#1185,#1191,#1192));
#1177 = ORIENTED_EDGE('',*,*,#1178,.F.);
#1178 = EDGE_CURVE('',#1179,#669,#1181,.T.);
#1179 = VERTEX_POINT('',#1180);
#1180 = CARTESIAN_POINT('',(0.525,10.55,7.2));
#1181 = LINE('',#1182,#1183);
#1182 = CARTESIAN_POINT('',(0.525,10.55,7.2));
#1183 = VECTOR('',#1184,1.);
#1184 = DIRECTION('',(-0.,1.,0.));
#1185 = ORIENTED_EDGE('',*,*,#1186,.T.);
#1186 = EDGE_CURVE('',#1179,#1156,#1187,.T.);
#1187 = LINE('',#1188,#1189);
#1188 = CARTESIAN_POINT('',(0.525,10.55,7.2));
#1189 = VECTOR('',#1190,1.);
#1190 = DIRECTION('',(1.,0.,-0.));
#1191 = ORIENTED_EDGE('',*,*,#1163,.T.);
#1192 = ORIENTED_EDGE('',*,*,#676,.F.);
#1193 = PLANE('',#1194);
#1194 = AXIS2_PLACEMENT_3D('',#1195,#1196,#1197);
#1195 = CARTESIAN_POINT('',(0.525,10.55,7.2));
#1196 = DIRECTION('',(0.,0.,1.));
#1197 = DIRECTION('',(1.,0.,-0.));
#1198 = ADVANCED_FACE('',(#1199),#1210,.T.);
#1199 = FACE_BOUND('',#1200,.T.);
#1200 = EDGE_LOOP('',(#1201,#1202,#1208,#1209));
#1201 = ORIENTED_EDGE('',*,*,#1123,.F.);
#1202 = ORIENTED_EDGE('',*,*,#1203,.F.);
#1203 = EDGE_CURVE('',#1179,#1124,#1204,.T.);
#1204 = LINE('',#1205,#1206);
#1205 = CARTESIAN_POINT('',(0.525,10.55,7.2));
#1206 = VECTOR('',#1207,1.);
#1207 = DIRECTION('',(0.,0.,1.));
#1208 = ORIENTED_EDGE('',*,*,#1178,.T.);
#1209 = ORIENTED_EDGE('',*,*,#668,.F.);
#1210 = PLANE('',#1211);
#1211 = AXIS2_PLACEMENT_3D('',#1212,#1213,#1214);
#1212 = CARTESIAN_POINT('',(0.525,10.55,7.2));
#1213 = DIRECTION('',(1.,0.,-0.));
#1214 = DIRECTION('',(0.,0.,1.));
#1215 = ADVANCED_FACE('',(#1216),#1221,.T.);
#1216 = FACE_BOUND('',#1217,.F.);
#1217 = EDGE_LOOP('',(#1218,#1219,#1220));
#1218 = ORIENTED_EDGE('',*,*,#918,.F.);
#1219 = ORIENTED_EDGE('',*,*,#736,.T.);
#1220 = ORIENTED_EDGE('',*,*,#780,.F.);
#1221 = SPHERICAL_SURFACE('',#1222,0.18);
#1222 = AXIS2_PLACEMENT_3D('',#1223,#1224,#1225);
#1223 = CARTESIAN_POINT('',(3.32,0.18,0.18));
#1224 = DIRECTION('',(0.,0.,1.));
#1225 = DIRECTION('',(1.,0.,-0.));
#1226 = ADVANCED_FACE('',(#1227),#1232,.T.);
#1227 = FACE_BOUND('',#1228,.T.);
#1228 = EDGE_LOOP('',(#1229,#1230,#1231));
#1229 = ORIENTED_EDGE('',*,*,#967,.F.);
#1230 = ORIENTED_EDGE('',*,*,#754,.T.);
#1231 = ORIENTED_EDGE('',*,*,#788,.F.);
#1232 = SPHERICAL_SURFACE('',#1233,0.18);
#1233 = AXIS2_PLACEMENT_3D('',#1234,#1235,#1236);
#1234 = CARTESIAN_POINT('',(3.32,0.18,10.42));
#1235 = DIRECTION('',(-0.,-0.,-1.));
#1236 = DIRECTION('',(1.,0.,0.));
#1237 = ADVANCED_FACE('',(#1238),#1244,.T.);
#1238 = FACE_BOUND('',#1239,.T.);
#1239 = EDGE_LOOP('',(#1240,#1241,#1242,#1243));
#1240 = ORIENTED_EDGE('',*,*,#770,.F.);
#1241 = ORIENTED_EDGE('',*,*,#935,.T.);
#1242 = ORIENTED_EDGE('',*,*,#1094,.T.);
#1243 = ORIENTED_EDGE('',*,*,#984,.F.);
#1244 = PLANE('',#1245);
#1245 = AXIS2_PLACEMENT_3D('',#1246,#1247,#1248);
#1246 = CARTESIAN_POINT('',(3.5,0.,0.));
#1247 = DIRECTION('',(1.,0.,-0.));
#1248 = DIRECTION('',(0.,0.,1.));
#1249 = ADVANCED_FACE('',(#1250),#1255,.T.);
#1250 = FACE_BOUND('',#1251,.T.);
#1251 = EDGE_LOOP('',(#1252,#1253,#1254));
#1252 = ORIENTED_EDGE('',*,*,#926,.F.);
#1253 = ORIENTED_EDGE('',*,*,#902,.T.);
#1254 = ORIENTED_EDGE('',*,*,#1100,.F.);
#1255 = SPHERICAL_SURFACE('',#1256,0.18);
#1256 = AXIS2_PLACEMENT_3D('',#1257,#1258,#1259);
#1257 = CARTESIAN_POINT('',(3.32,12.32,0.18));
#1258 = DIRECTION('',(0.,0.,1.));
#1259 = DIRECTION('',(1.,0.,-0.));
#1260 = ADVANCED_FACE('',(#1261),#1266,.T.);
#1261 = FACE_BOUND('',#1262,.T.);
#1262 = EDGE_LOOP('',(#1263,#1264,#1265));
#1263 = ORIENTED_EDGE('',*,*,#1108,.F.);
#1264 = ORIENTED_EDGE('',*,*,#951,.T.);
#1265 = ORIENTED_EDGE('',*,*,#975,.F.);
#1266 = SPHERICAL_SURFACE('',#1267,0.18);
#1267 = AXIS2_PLACEMENT_3D('',#1268,#1269,#1270);
#1268 = CARTESIAN_POINT('',(3.32,12.32,10.42));
#1269 = DIRECTION('',(0.,-1.,-0.));
#1270 = DIRECTION('',(1.,0.,0.));
#1271 = ADVANCED_FACE('',(#1272),#1278,.T.);
#1272 = FACE_BOUND('',#1273,.T.);
#1273 = EDGE_LOOP('',(#1274,#1275,#1276,#1277));
#1274 = ORIENTED_EDGE('',*,*,#1078,.F.);
#1275 = ORIENTED_EDGE('',*,*,#1006,.T.);
#1276 = ORIENTED_EDGE('',*,*,#1030,.T.);
#1277 = ORIENTED_EDGE('',*,*,#1054,.F.);
#1278 = PLANE('',#1279);
#1279 = AXIS2_PLACEMENT_3D('',#1280,#1281,#1282);
#1280 = CARTESIAN_POINT('',(0.34,0.75,8.62));
#1281 = DIRECTION('',(0.,0.,1.));
#1282 = DIRECTION('',(1.,0.,-0.));
#1283 = ADVANCED_FACE('',(#1284),#1290,.T.);
#1284 = FACE_BOUND('',#1285,.T.);
#1285 = EDGE_LOOP('',(#1286,#1287,#1288,#1289));
#1286 = ORIENTED_EDGE('',*,*,#1186,.F.);
#1287 = ORIENTED_EDGE('',*,*,#1203,.T.);
#1288 = ORIENTED_EDGE('',*,*,#1131,.T.);
#1289 = ORIENTED_EDGE('',*,*,#1155,.F.);
#1290 = PLANE('',#1291);
#1291 = AXIS2_PLACEMENT_3D('',#1292,#1293,#1294);
#1292 = CARTESIAN_POINT('',(0.525,10.55,7.2));
#1293 = DIRECTION('',(-0.,1.,0.));
#1294 = DIRECTION('',(0.,0.,1.));
#1295 = ADVANCED_FACE('',(#1296),#1302,.T.);
#1296 = FACE_BOUND('',#1297,.T.);
#1297 = EDGE_LOOP('',(#1298,#1299,#1300,#1301));
#1298 = ORIENTED_EDGE('',*,*,#812,.T.);
#1299 = ORIENTED_EDGE('',*,*,#886,.F.);
#1300 = ORIENTED_EDGE('',*,*,#861,.F.);
#1301 = ORIENTED_EDGE('',*,*,#834,.F.);
#1302 = PLANE('',#1303);
#1303 = AXIS2_PLACEMENT_3D('',#1304,#1305,#1306);
#1304 = CARTESIAN_POINT('',(1.75,4.3,5.616030404352));
#1305 = DIRECTION('',(-0.,-1.,-0.));
#1306 = DIRECTION('',(0.,0.,-1.));
#1307 = ( GEOMETRIC_REPRESENTATION_CONTEXT(3) 
GLOBAL_UNCERTAINTY_ASSIGNED_CONTEXT((#1311)) 
GLOBAL_UNIT_ASSIGNED_CONTEXT((#1308,#1309,#1310)) REPRESENTATION_CONTEXT
('Context #1','3D Context with UNIT and UNCERTAINTY') );
#1308 = ( LENGTH_UNIT() NAMED_UNIT(*) SI_UNIT(.MILLI.,.METRE.) );
#1309 = ( NAMED_UNIT(*) PLANE_ANGLE_UNIT() SI_UNIT($,.RADIAN.) );
#1310 = ( NAMED_UNIT(*) SI_UNIT($,.STERADIAN.) SOLID_ANGLE_UNIT() );
#1311 = UNCERTAINTY_MEASURE_WITH_UNIT(LENGTH_MEASURE(1.E-07),#1308,
  'distance_accuracy_value','confusion accuracy');
#1312 = CONTEXT_DEPENDENT_SHAPE_REPRESENTATION(#1313,#1315);
#1313 = ( REPRESENTATION_RELATIONSHIP('','',#80,#10) 
REPRESENTATION_RELATIONSHIP_WITH_TRANSFORMATION(#1314) 
SHAPE_REPRESENTATION_RELATIONSHIP() );
#1314 = ITEM_DEFINED_TRANSFORMATION('','',#11,#15);
#1315 = PRODUCT_DEFINITION_SHAPE('Placement','Placement of an item',
  #1316);
#1316 = NEXT_ASSEMBLY_USAGE_OCCURRENCE('1','Housing P1','',#5,#75,$);
#1317 = PRODUCT_RELATED_PRODUCT_CATEGORY('part',$,(#77));
#1318 = SHAPE_DEFINITION_REPRESENTATION(#1319,#1325);
#1319 = PRODUCT_DEFINITION_SHAPE('','',#1320);
#1320 = PRODUCT_DEFINITION('design','',#1321,#1324);
#1321 = PRODUCT_DEFINITION_FORMATION('','',#1322);
#1322 = PRODUCT('Actuator P1','Actuator P1','',(#1323));
#1323 = PRODUCT_CONTEXT('',#2,'mechanical');
#1324 = PRODUCT_DEFINITION_CONTEXT('part definition',#2,'design');
#1325 = ADVANCED_BREP_SHAPE_REPRESENTATION('',(#11,#1326),#1696);
#1326 = MANIFOLD_SOLID_BREP('',#1327);
#1327 = CLOSED_SHELL('',(#1328,#1368,#1431,#1485,#1516,#1547,#1571,#1595
    ,#1612,#1624,#1653,#1682));
#1328 = ADVANCED_FACE('',(#1329),#1363,.F.);
#1329 = FACE_BOUND('',#1330,.F.);
#1330 = EDGE_LOOP('',(#1331,#1341,#1349,#1357));
#1331 = ORIENTED_EDGE('',*,*,#1332,.F.);
#1332 = EDGE_CURVE('',#1333,#1335,#1337,.T.);
#1333 = VERTEX_POINT('',#1334);
#1334 = CARTESIAN_POINT('',(3.1,2.15,9.72));
#1335 = VERTEX_POINT('',#1336);
#1336 = CARTESIAN_POINT('',(3.1,2.15,10.47));
#1337 = LINE('',#1338,#1339);
#1338 = CARTESIAN_POINT('',(3.1,2.15,9.72));
#1339 = VECTOR('',#1340,1.);
#1340 = DIRECTION('',(0.,0.,1.));
#1341 = ORIENTED_EDGE('',*,*,#1342,.F.);
#1342 = EDGE_CURVE('',#1343,#1333,#1345,.T.);
#1343 = VERTEX_POINT('',#1344);
#1344 = CARTESIAN_POINT('',(0.4,2.15,9.72));
#1345 = LINE('',#1346,#1347);
#1346 = CARTESIAN_POINT('',(0.4,2.15,9.72));
#1347 = VECTOR('',#1348,1.);
#1348 = DIRECTION('',(1.,0.,-0.));
#1349 = ORIENTED_EDGE('',*,*,#1350,.T.);
#1350 = EDGE_CURVE('',#1343,#1351,#1353,.T.);
#1351 = VERTEX_POINT('',#1352);
#1352 = CARTESIAN_POINT('',(0.4,2.15,10.47));
#1353 = LINE('',#1354,#1355);
#1354 = CARTESIAN_POINT('',(0.4,2.15,9.72));
#1355 = VECTOR('',#1356,1.);
#1356 = DIRECTION('',(0.,0.,1.));
#1357 = ORIENTED_EDGE('',*,*,#1358,.T.);
#1358 = EDGE_CURVE('',#1351,#1335,#1359,.T.);
#1359 = LINE('',#1360,#1361);
#1360 = CARTESIAN_POINT('',(0.37,2.15,10.47));
#1361 = VECTOR('',#1362,1.);
#1362 = DIRECTION('',(1.,0.,-0.));
#1363 = PLANE('',#1364);
#1364 = AXIS2_PLACEMENT_3D('',#1365,#1366,#1367);
#1365 = CARTESIAN_POINT('',(0.4,2.15,9.72));
#1366 = DIRECTION('',(-0.,1.,0.));
#1367 = DIRECTION('',(0.,0.,1.));
#1368 = ADVANCED_FACE('',(#1369),#1426,.F.);
#1369 = FACE_BOUND('',#1370,.F.);
#1370 = EDGE_LOOP('',(#1371,#1381,#1389,#1397,#1405,#1413,#1419,#1420));
#1371 = ORIENTED_EDGE('',*,*,#1372,.F.);
#1372 = EDGE_CURVE('',#1373,#1375,#1377,.T.);
#1373 = VERTEX_POINT('',#1374);
#1374 = CARTESIAN_POINT('',(0.34,4.15,10.47));
#1375 = VERTEX_POINT('',#1376);
#1376 = CARTESIAN_POINT('',(0.4,4.15,10.47));
#1377 = LINE('',#1378,#1379);
#1378 = CARTESIAN_POINT('',(0.34,4.15,10.47));
#1379 = VECTOR('',#1380,1.);
#1380 = DIRECTION('',(1.,0.,-0.));
#1381 = ORIENTED_EDGE('',*,*,#1382,.F.);
#1382 = EDGE_CURVE('',#1383,#1373,#1385,.T.);
#1383 = VERTEX_POINT('',#1384);
#1384 = CARTESIAN_POINT('',(0.34,2.,10.47));
#1385 = LINE('',#1386,#1387);
#1386 = CARTESIAN_POINT('',(0.34,2.,10.47));
#1387 = VECTOR('',#1388,1.);
#1388 = DIRECTION('',(-0.,1.,0.));
#1389 = ORIENTED_EDGE('',*,*,#1390,.T.);
#1390 = EDGE_CURVE('',#1383,#1391,#1393,.T.);
#1391 = VERTEX_POINT('',#1392);
#1392 = CARTESIAN_POINT('',(3.16,2.,10.47));
#1393 = LINE('',#1394,#1395);
#1394 = CARTESIAN_POINT('',(0.34,2.,10.47));
#1395 = VECTOR('',#1396,1.);
#1396 = DIRECTION('',(1.,0.,-0.));
#1397 = ORIENTED_EDGE('',*,*,#1398,.T.);
#1398 = EDGE_CURVE('',#1391,#1399,#1401,.T.);
#1399 = VERTEX_POINT('',#1400);
#1400 = CARTESIAN_POINT('',(3.16,4.15,10.47));
#1401 = LINE('',#1402,#1403);
#1402 = CARTESIAN_POINT('',(3.16,2.,10.47));
#1403 = VECTOR('',#1404,1.);
#1404 = DIRECTION('',(-0.,1.,0.));
#1405 = ORIENTED_EDGE('',*,*,#1406,.F.);
#1406 = EDGE_CURVE('',#1407,#1399,#1409,.T.);
#1407 = VERTEX_POINT('',#1408);
#1408 = CARTESIAN_POINT('',(3.1,4.15,10.47));
#1409 = LINE('',#1410,#1411);
#1410 = CARTESIAN_POINT('',(0.34,4.15,10.47));
#1411 = VECTOR('',#1412,1.);
#1412 = DIRECTION('',(1.,0.,-0.));
#1413 = ORIENTED_EDGE('',*,*,#1414,.T.);
#1414 = EDGE_CURVE('',#1407,#1335,#1415,.T.);
#1415 = LINE('',#1416,#1417);
#1416 = CARTESIAN_POINT('',(3.1,2.075,10.47));
#1417 = VECTOR('',#1418,1.);
#1418 = DIRECTION('',(0.,-1.,0.));
#1419 = ORIENTED_EDGE('',*,*,#1358,.F.);
#1420 = ORIENTED_EDGE('',*,*,#1421,.F.);
#1421 = EDGE_CURVE('',#1375,#1351,#1422,.T.);
#1422 = LINE('',#1423,#1424);
#1423 = CARTESIAN_POINT('',(0.4,2.075,10.47));
#1424 = VECTOR('',#1425,1.);
#1425 = DIRECTION('',(0.,-1.,0.));
#1426 = PLANE('',#1427);
#1427 = AXIS2_PLACEMENT_3D('',#1428,#1429,#1430);
#1428 = CARTESIAN_POINT('',(0.34,2.,10.47));
#1429 = DIRECTION('',(0.,0.,1.));
#1430 = DIRECTION('',(1.,0.,-0.));
#1431 = ADVANCED_FACE('',(#1432),#1480,.T.);
#1432 = FACE_BOUND('',#1433,.T.);
#1433 = EDGE_LOOP('',(#1434,#1435,#1443,#1451,#1457,#1458,#1466,#1474));
#1434 = ORIENTED_EDGE('',*,*,#1372,.F.);
#1435 = ORIENTED_EDGE('',*,*,#1436,.T.);
#1436 = EDGE_CURVE('',#1373,#1437,#1439,.T.);
#1437 = VERTEX_POINT('',#1438);
#1438 = CARTESIAN_POINT('',(0.34,4.15,10.92));
#1439 = LINE('',#1440,#1441);
#1440 = CARTESIAN_POINT('',(0.34,4.15,10.47));
#1441 = VECTOR('',#1442,1.);
#1442 = DIRECTION('',(0.,0.,1.));
#1443 = ORIENTED_EDGE('',*,*,#1444,.T.);
#1444 = EDGE_CURVE('',#1437,#1445,#1447,.T.);
#1445 = VERTEX_POINT('',#1446);
#1446 = CARTESIAN_POINT('',(3.16,4.15,10.92));
#1447 = LINE('',#1448,#1449);
#1448 = CARTESIAN_POINT('',(0.34,4.15,10.92));
#1449 = VECTOR('',#1450,1.);
#1450 = DIRECTION('',(1.,0.,-0.));
#1451 = ORIENTED_EDGE('',*,*,#1452,.F.);
#1452 = EDGE_CURVE('',#1399,#1445,#1453,.T.);
#1453 = LINE('',#1454,#1455);
#1454 = CARTESIAN_POINT('',(3.16,4.15,10.47));
#1455 = VECTOR('',#1456,1.);
#1456 = DIRECTION('',(0.,0.,1.));
#1457 = ORIENTED_EDGE('',*,*,#1406,.F.);
#1458 = ORIENTED_EDGE('',*,*,#1459,.T.);
#1459 = EDGE_CURVE('',#1407,#1460,#1462,.T.);
#1460 = VERTEX_POINT('',#1461);
#1461 = CARTESIAN_POINT('',(3.1,4.15,10.72));
#1462 = LINE('',#1463,#1464);
#1463 = CARTESIAN_POINT('',(3.1,4.15,10.095));
#1464 = VECTOR('',#1465,1.);
#1465 = DIRECTION('',(0.,0.,1.));
#1466 = ORIENTED_EDGE('',*,*,#1467,.T.);
#1467 = EDGE_CURVE('',#1460,#1468,#1470,.T.);
#1468 = VERTEX_POINT('',#1469);
#1469 = CARTESIAN_POINT('',(0.4,4.15,10.72));
#1470 = LINE('',#1471,#1472);
#1471 = CARTESIAN_POINT('',(0.37,4.15,10.72));
#1472 = VECTOR('',#1473,1.);
#1473 = DIRECTION('',(-1.,-0.,0.));
#1474 = ORIENTED_EDGE('',*,*,#1475,.F.);
#1475 = EDGE_CURVE('',#1375,#1468,#1476,.T.);
#1476 = LINE('',#1477,#1478);
#1477 = CARTESIAN_POINT('',(0.4,4.15,10.095));
#1478 = VECTOR('',#1479,1.);
#1479 = DIRECTION('',(0.,0.,1.));
#1480 = PLANE('',#1481);
#1481 = AXIS2_PLACEMENT_3D('',#1482,#1483,#1484);
#1482 = CARTESIAN_POINT('',(0.34,4.15,10.47));
#1483 = DIRECTION('',(-0.,1.,0.));
#1484 = DIRECTION('',(0.,0.,1.));
#1485 = ADVANCED_FACE('',(#1486),#1511,.T.);
#1486 = FACE_BOUND('',#1487,.T.);
#1487 = EDGE_LOOP('',(#1488,#1496,#1497,#1505));
#1488 = ORIENTED_EDGE('',*,*,#1489,.F.);
#1489 = EDGE_CURVE('',#1468,#1490,#1492,.T.);
#1490 = VERTEX_POINT('',#1491);
#1491 = CARTESIAN_POINT('',(0.4,9.156061230866,10.72));
#1492 = LINE('',#1493,#1494);
#1493 = CARTESIAN_POINT('',(0.4,2.15,10.72));
#1494 = VECTOR('',#1495,1.);
#1495 = DIRECTION('',(-0.,1.,0.));
#1496 = ORIENTED_EDGE('',*,*,#1467,.F.);
#1497 = ORIENTED_EDGE('',*,*,#1498,.T.);
#1498 = EDGE_CURVE('',#1460,#1499,#1501,.T.);
#1499 = VERTEX_POINT('',#1500);
#1500 = CARTESIAN_POINT('',(3.1,9.156061230866,10.72));
#1501 = LINE('',#1502,#1503);
#1502 = CARTESIAN_POINT('',(3.1,2.15,10.72));
#1503 = VECTOR('',#1504,1.);
#1504 = DIRECTION('',(-0.,1.,0.));
#1505 = ORIENTED_EDGE('',*,*,#1506,.F.);
#1506 = EDGE_CURVE('',#1490,#1499,#1507,.T.);
#1507 = LINE('',#1508,#1509);
#1508 = CARTESIAN_POINT('',(0.4,9.156061230866,10.72));
#1509 = VECTOR('',#1510,1.);
#1510 = DIRECTION('',(1.,0.,0.));
#1511 = PLANE('',#1512);
#1512 = AXIS2_PLACEMENT_3D('',#1513,#1514,#1515);
#1513 = CARTESIAN_POINT('',(0.4,2.15,10.72));
#1514 = DIRECTION('',(0.,0.,1.));
#1515 = DIRECTION('',(1.,0.,-0.));
#1516 = ADVANCED_FACE('',(#1517),#1542,.F.);
#1517 = FACE_BOUND('',#1518,.F.);
#1518 = EDGE_LOOP('',(#1519,#1527,#1528,#1536));
#1519 = ORIENTED_EDGE('',*,*,#1520,.F.);
#1520 = EDGE_CURVE('',#1343,#1521,#1523,.T.);
#1521 = VERTEX_POINT('',#1522);
#1522 = CARTESIAN_POINT('',(0.4,9.156061230866,9.72));
#1523 = LINE('',#1524,#1525);
#1524 = CARTESIAN_POINT('',(0.4,2.15,9.72));
#1525 = VECTOR('',#1526,1.);
#1526 = DIRECTION('',(-0.,1.,0.));
#1527 = ORIENTED_EDGE('',*,*,#1342,.T.);
#1528 = ORIENTED_EDGE('',*,*,#1529,.T.);
#1529 = EDGE_CURVE('',#1333,#1530,#1532,.T.);
#1530 = VERTEX_POINT('',#1531);
#1531 = CARTESIAN_POINT('',(3.1,9.156061230866,9.72));
#1532 = LINE('',#1533,#1534);
#1533 = CARTESIAN_POINT('',(3.1,2.15,9.72));
#1534 = VECTOR('',#1535,1.);
#1535 = DIRECTION('',(-0.,1.,0.));
#1536 = ORIENTED_EDGE('',*,*,#1537,.F.);
#1537 = EDGE_CURVE('',#1521,#1530,#1538,.T.);
#1538 = LINE('',#1539,#1540);
#1539 = CARTESIAN_POINT('',(0.4,9.156061230866,9.72));
#1540 = VECTOR('',#1541,1.);
#1541 = DIRECTION('',(1.,0.,0.));
#1542 = PLANE('',#1543);
#1543 = AXIS2_PLACEMENT_3D('',#1544,#1545,#1546);
#1544 = CARTESIAN_POINT('',(0.4,2.15,9.72));
#1545 = DIRECTION('',(0.,0.,1.));
#1546 = DIRECTION('',(1.,0.,-0.));
#1547 = ADVANCED_FACE('',(#1548),#1566,.T.);
#1548 = FACE_BOUND('',#1549,.T.);
#1549 = EDGE_LOOP('',(#1550,#1558,#1559,#1560));
#1550 = ORIENTED_EDGE('',*,*,#1551,.F.);
#1551 = EDGE_CURVE('',#1391,#1552,#1554,.T.);
#1552 = VERTEX_POINT('',#1553);
#1553 = CARTESIAN_POINT('',(3.16,2.,10.92));
#1554 = LINE('',#1555,#1556);
#1555 = CARTESIAN_POINT('',(3.16,2.,10.47));
#1556 = VECTOR('',#1557,1.);
#1557 = DIRECTION('',(0.,0.,1.));
#1558 = ORIENTED_EDGE('',*,*,#1398,.T.);
#1559 = ORIENTED_EDGE('',*,*,#1452,.T.);
#1560 = ORIENTED_EDGE('',*,*,#1561,.F.);
#1561 = EDGE_CURVE('',#1552,#1445,#1562,.T.);
#1562 = LINE('',#1563,#1564);
#1563 = CARTESIAN_POINT('',(3.16,2.,10.92));
#1564 = VECTOR('',#1565,1.);
#1565 = DIRECTION('',(-0.,1.,0.));
#1566 = PLANE('',#1567);
#1567 = AXIS2_PLACEMENT_3D('',#1568,#1569,#1570);
#1568 = CARTESIAN_POINT('',(3.16,2.,10.47));
#1569 = DIRECTION('',(1.,0.,-0.));
#1570 = DIRECTION('',(0.,0.,1.));
#1571 = ADVANCED_FACE('',(#1572),#1590,.F.);
#1572 = FACE_BOUND('',#1573,.F.);
#1573 = EDGE_LOOP('',(#1574,#1575,#1583,#1589));
#1574 = ORIENTED_EDGE('',*,*,#1390,.F.);
#1575 = ORIENTED_EDGE('',*,*,#1576,.T.);
#1576 = EDGE_CURVE('',#1383,#1577,#1579,.T.);
#1577 = VERTEX_POINT('',#1578);
#1578 = CARTESIAN_POINT('',(0.34,2.,10.92));
#1579 = LINE('',#1580,#1581);
#1580 = CARTESIAN_POINT('',(0.34,2.,10.47));
#1581 = VECTOR('',#1582,1.);
#1582 = DIRECTION('',(0.,0.,1.));
#1583 = ORIENTED_EDGE('',*,*,#1584,.T.);
#1584 = EDGE_CURVE('',#1577,#1552,#1585,.T.);
#1585 = LINE('',#1586,#1587);
#1586 = CARTESIAN_POINT('',(0.34,2.,10.92));
#1587 = VECTOR('',#1588,1.);
#1588 = DIRECTION('',(1.,0.,-0.));
#1589 = ORIENTED_EDGE('',*,*,#1551,.F.);
#1590 = PLANE('',#1591);
#1591 = AXIS2_PLACEMENT_3D('',#1592,#1593,#1594);
#1592 = CARTESIAN_POINT('',(0.34,2.,10.47));
#1593 = DIRECTION('',(-0.,1.,0.));
#1594 = DIRECTION('',(0.,0.,1.));
#1595 = ADVANCED_FACE('',(#1596),#1607,.F.);
#1596 = FACE_BOUND('',#1597,.F.);
#1597 = EDGE_LOOP('',(#1598,#1599,#1600,#1601));
#1598 = ORIENTED_EDGE('',*,*,#1576,.F.);
#1599 = ORIENTED_EDGE('',*,*,#1382,.T.);
#1600 = ORIENTED_EDGE('',*,*,#1436,.T.);
#1601 = ORIENTED_EDGE('',*,*,#1602,.F.);
#1602 = EDGE_CURVE('',#1577,#1437,#1603,.T.);
#1603 = LINE('',#1604,#1605);
#1604 = CARTESIAN_POINT('',(0.34,2.,10.92));
#1605 = VECTOR('',#1606,1.);
#1606 = DIRECTION('',(-0.,1.,0.));
#1607 = PLANE('',#1608);
#1608 = AXIS2_PLACEMENT_3D('',#1609,#1610,#1611);
#1609 = CARTESIAN_POINT('',(0.34,2.,10.47));
#1610 = DIRECTION('',(1.,0.,-0.));
#1611 = DIRECTION('',(0.,0.,1.));
#1612 = ADVANCED_FACE('',(#1613),#1619,.T.);
#1613 = FACE_BOUND('',#1614,.T.);
#1614 = EDGE_LOOP('',(#1615,#1616,#1617,#1618));
#1615 = ORIENTED_EDGE('',*,*,#1602,.F.);
#1616 = ORIENTED_EDGE('',*,*,#1584,.T.);
#1617 = ORIENTED_EDGE('',*,*,#1561,.T.);
#1618 = ORIENTED_EDGE('',*,*,#1444,.F.);
#1619 = PLANE('',#1620);
#1620 = AXIS2_PLACEMENT_3D('',#1621,#1622,#1623);
#1621 = CARTESIAN_POINT('',(0.34,2.,10.92));
#1622 = DIRECTION('',(0.,0.,1.));
#1623 = DIRECTION('',(1.,0.,-0.));
#1624 = ADVANCED_FACE('',(#1625),#1648,.T.);
#1625 = FACE_BOUND('',#1626,.T.);
#1626 = EDGE_LOOP('',(#1627,#1628,#1629,#1630,#1631,#1640,#1647));
#1627 = ORIENTED_EDGE('',*,*,#1350,.T.);
#1628 = ORIENTED_EDGE('',*,*,#1421,.F.);
#1629 = ORIENTED_EDGE('',*,*,#1475,.T.);
#1630 = ORIENTED_EDGE('',*,*,#1489,.T.);
#1631 = ORIENTED_EDGE('',*,*,#1632,.F.);
#1632 = EDGE_CURVE('',#1633,#1490,#1635,.T.);
#1633 = VERTEX_POINT('',#1634);
#1634 = CARTESIAN_POINT('',(0.4,9.45,10.8));
#1635 = CIRCLE('',#1636,0.58);
#1636 = AXIS2_PLACEMENT_3D('',#1637,#1638,#1639);
#1637 = CARTESIAN_POINT('',(0.4,9.45,10.22));
#1638 = DIRECTION('',(1.,0.,0.));
#1639 = DIRECTION('',(-0.,0.,1.));
#1640 = ORIENTED_EDGE('',*,*,#1641,.F.);
#1641 = EDGE_CURVE('',#1521,#1633,#1642,.T.);
#1642 = CIRCLE('',#1643,0.58);
#1643 = AXIS2_PLACEMENT_3D('',#1644,#1645,#1646);
#1644 = CARTESIAN_POINT('',(0.4,9.45,10.22));
#1645 = DIRECTION('',(1.,0.,0.));
#1646 = DIRECTION('',(-0.,0.,1.));
#1647 = ORIENTED_EDGE('',*,*,#1520,.F.);
#1648 = PLANE('',#1649);
#1649 = AXIS2_PLACEMENT_3D('',#1650,#1651,#1652);
#1650 = CARTESIAN_POINT('',(0.4,6.012468051451,10.192880177625));
#1651 = DIRECTION('',(-1.,-0.,-0.));
#1652 = DIRECTION('',(0.,0.,-1.));
#1653 = ADVANCED_FACE('',(#1654),#1677,.T.);
#1654 = FACE_BOUND('',#1655,.T.);
#1655 = EDGE_LOOP('',(#1656,#1657,#1658,#1667,#1674,#1675,#1676));
#1656 = ORIENTED_EDGE('',*,*,#1332,.F.);
#1657 = ORIENTED_EDGE('',*,*,#1529,.T.);
#1658 = ORIENTED_EDGE('',*,*,#1659,.T.);
#1659 = EDGE_CURVE('',#1530,#1660,#1662,.T.);
#1660 = VERTEX_POINT('',#1661);
#1661 = CARTESIAN_POINT('',(3.1,9.45,10.8));
#1662 = CIRCLE('',#1663,0.58);
#1663 = AXIS2_PLACEMENT_3D('',#1664,#1665,#1666);
#1664 = CARTESIAN_POINT('',(3.1,9.45,10.22));
#1665 = DIRECTION('',(1.,0.,0.));
#1666 = DIRECTION('',(-0.,0.,1.));
#1667 = ORIENTED_EDGE('',*,*,#1668,.T.);
#1668 = EDGE_CURVE('',#1660,#1499,#1669,.T.);
#1669 = CIRCLE('',#1670,0.58);
#1670 = AXIS2_PLACEMENT_3D('',#1671,#1672,#1673);
#1671 = CARTESIAN_POINT('',(3.1,9.45,10.22));
#1672 = DIRECTION('',(1.,0.,0.));
#1673 = DIRECTION('',(-0.,0.,1.));
#1674 = ORIENTED_EDGE('',*,*,#1498,.F.);
#1675 = ORIENTED_EDGE('',*,*,#1459,.F.);
#1676 = ORIENTED_EDGE('',*,*,#1414,.T.);
#1677 = PLANE('',#1678);
#1678 = AXIS2_PLACEMENT_3D('',#1679,#1680,#1681);
#1679 = CARTESIAN_POINT('',(3.1,6.012468051451,10.192880177625));
#1680 = DIRECTION('',(1.,0.,0.));
#1681 = DIRECTION('',(-0.,0.,1.));
#1682 = ADVANCED_FACE('',(#1683),#1691,.T.);
#1683 = FACE_BOUND('',#1684,.T.);
#1684 = EDGE_LOOP('',(#1685,#1686,#1687,#1688,#1689,#1690));
#1685 = ORIENTED_EDGE('',*,*,#1659,.F.);
#1686 = ORIENTED_EDGE('',*,*,#1537,.F.);
#1687 = ORIENTED_EDGE('',*,*,#1641,.T.);
#1688 = ORIENTED_EDGE('',*,*,#1632,.T.);
#1689 = ORIENTED_EDGE('',*,*,#1506,.T.);
#1690 = ORIENTED_EDGE('',*,*,#1668,.F.);
#1691 = CYLINDRICAL_SURFACE('',#1692,0.58);
#1692 = AXIS2_PLACEMENT_3D('',#1693,#1694,#1695);
#1693 = CARTESIAN_POINT('',(0.4,9.45,10.22));
#1694 = DIRECTION('',(1.,0.,0.));
#1695 = DIRECTION('',(-0.,0.,1.));
#1696 = ( GEOMETRIC_REPRESENTATION_CONTEXT(3) 
GLOBAL_UNCERTAINTY_ASSIGNED_CONTEXT((#1700)) 
GLOBAL_UNIT_ASSIGNED_CONTEXT((#1697,#1698,#1699)) REPRESENTATION_CONTEXT
('Context #1','3D Context with UNIT and UNCERTAINTY') );
#1697 = ( LENGTH_UNIT() NAMED_UNIT(*) SI_UNIT(.MILLI.,.METRE.) );
#1698 = ( NAMED_UNIT(*) PLANE_ANGLE_UNIT() SI_UNIT($,.RADIAN.) );
#1699 = ( NAMED_UNIT(*) SI_UNIT($,.STERADIAN.) SOLID_ANGLE_UNIT() );
#1700 = UNCERTAINTY_MEASURE_WITH_UNIT(LENGTH_MEASURE(1.E-07),#1697,
  'distance_accuracy_value','confusion accuracy');
#1701 = CONTEXT_DEPENDENT_SHAPE_REPRESENTATION(#1702,#1704);
#1702 = ( REPRESENTATION_RELATIONSHIP('','',#1325,#10) 
REPRESENTATION_RELATIONSHIP_WITH_TRANSFORMATION(#1703) 
SHAPE_REPRESENTATION_RELATIONSHIP() );
#1703 = ITEM_DEFINED_TRANSFORMATION('','',#11,#19);
#1704 = PRODUCT_DEFINITION_SHAPE('Placement','Placement of an item',
  #1705);
#1705 = NEXT_ASSEMBLY_USAGE_OCCURRENCE('2','Actuator P1','',#5,#1320,$);
#1706 = PRODUCT_RELATED_PRODUCT_CATEGORY('part',$,(#1322));
#1707 = SHAPE_DEFINITION_REPRESENTATION(#1708,#1714);
#1708 = PRODUCT_DEFINITION_SHAPE('','',#1709);
#1709 = PRODUCT_DEFINITION('design','',#1710,#1713);
#1710 = PRODUCT_DEFINITION_FORMATION('','',#1711);
#1711 = PRODUCT('Terminal Pin P1 A','Terminal Pin P1 A','',(#1712));
#1712 = PRODUCT_CONTEXT('',#2,'mechanical');
#1713 = PRODUCT_DEFINITION_CONTEXT('part definition',#2,'design');
#1714 = ADVANCED_BREP_SHAPE_REPRESENTATION('',(#11,#1715),#1865);
#1715 = MANIFOLD_SOLID_BREP('',#1716);
#1716 = CLOSED_SHELL('',(#1717,#1757,#1797,#1819,#1841,#1853));
#1717 = ADVANCED_FACE('',(#1718),#1752,.F.);
#1718 = FACE_BOUND('',#1719,.F.);
#1719 = EDGE_LOOP('',(#1720,#1730,#1738,#1746));
#1720 = ORIENTED_EDGE('',*,*,#1721,.F.);
#1721 = EDGE_CURVE('',#1722,#1724,#1726,.T.);
#1722 = VERTEX_POINT('',#1723);
#1723 = CARTESIAN_POINT('',(1.35,3.05,-3.5));
#1724 = VERTEX_POINT('',#1725);
#1725 = CARTESIAN_POINT('',(1.35,3.05,0.));
#1726 = LINE('',#1727,#1728);
#1727 = CARTESIAN_POINT('',(1.35,3.05,-3.5));
#1728 = VECTOR('',#1729,1.);
#1729 = DIRECTION('',(0.,0.,1.));
#1730 = ORIENTED_EDGE('',*,*,#1731,.T.);
#1731 = EDGE_CURVE('',#1722,#1732,#1734,.T.);
#1732 = VERTEX_POINT('',#1733);
#1733 = CARTESIAN_POINT('',(1.35,3.55,-3.5));
#1734 = LINE('',#1735,#1736);
#1735 = CARTESIAN_POINT('',(1.35,3.05,-3.5));
#1736 = VECTOR('',#1737,1.);
#1737 = DIRECTION('',(-0.,1.,0.));
#1738 = ORIENTED_EDGE('',*,*,#1739,.T.);
#1739 = EDGE_CURVE('',#1732,#1740,#1742,.T.);
#1740 = VERTEX_POINT('',#1741);
#1741 = CARTESIAN_POINT('',(1.35,3.55,0.));
#1742 = LINE('',#1743,#1744);
#1743 = CARTESIAN_POINT('',(1.35,3.55,-3.5));
#1744 = VECTOR('',#1745,1.);
#1745 = DIRECTION('',(0.,0.,1.));
#1746 = ORIENTED_EDGE('',*,*,#1747,.F.);
#1747 = EDGE_CURVE('',#1724,#1740,#1748,.T.);
#1748 = LINE('',#1749,#1750);
#1749 = CARTESIAN_POINT('',(1.35,3.05,0.));
#1750 = VECTOR('',#1751,1.);
#1751 = DIRECTION('',(-0.,1.,0.));
#1752 = PLANE('',#1753);
#1753 = AXIS2_PLACEMENT_3D('',#1754,#1755,#1756);
#1754 = CARTESIAN_POINT('',(1.35,3.05,-3.5));
#1755 = DIRECTION('',(1.,0.,-0.));
#1756 = DIRECTION('',(0.,0.,1.));
#1757 = ADVANCED_FACE('',(#1758),#1792,.T.);
#1758 = FACE_BOUND('',#1759,.T.);
#1759 = EDGE_LOOP('',(#1760,#1770,#1778,#1786));
#1760 = ORIENTED_EDGE('',*,*,#1761,.F.);
#1761 = EDGE_CURVE('',#1762,#1764,#1766,.T.);
#1762 = VERTEX_POINT('',#1763);
#1763 = CARTESIAN_POINT('',(2.15,3.05,-3.5));
#1764 = VERTEX_POINT('',#1765);
#1765 = CARTESIAN_POINT('',(2.15,3.05,0.));
#1766 = LINE('',#1767,#1768);
#1767 = CARTESIAN_POINT('',(2.15,3.05,-3.5));
#1768 = VECTOR('',#1769,1.);
#1769 = DIRECTION('',(0.,0.,1.));
#1770 = ORIENTED_EDGE('',*,*,#1771,.T.);
#1771 = EDGE_CURVE('',#1762,#1772,#1774,.T.);
#1772 = VERTEX_POINT('',#1773);
#1773 = CARTESIAN_POINT('',(2.15,3.55,-3.5));
#1774 = LINE('',#1775,#1776);
#1775 = CARTESIAN_POINT('',(2.15,3.05,-3.5));
#1776 = VECTOR('',#1777,1.);
#1777 = DIRECTION('',(-0.,1.,0.));
#1778 = ORIENTED_EDGE('',*,*,#1779,.T.);
#1779 = EDGE_CURVE('',#1772,#1780,#1782,.T.);
#1780 = VERTEX_POINT('',#1781);
#1781 = CARTESIAN_POINT('',(2.15,3.55,0.));
#1782 = LINE('',#1783,#1784);
#1783 = CARTESIAN_POINT('',(2.15,3.55,-3.5));
#1784 = VECTOR('',#1785,1.);
#1785 = DIRECTION('',(0.,0.,1.));
#1786 = ORIENTED_EDGE('',*,*,#1787,.F.);
#1787 = EDGE_CURVE('',#1764,#1780,#1788,.T.);
#1788 = LINE('',#1789,#1790);
#1789 = CARTESIAN_POINT('',(2.15,3.05,0.));
#1790 = VECTOR('',#1791,1.);
#1791 = DIRECTION('',(-0.,1.,0.));
#1792 = PLANE('',#1793);
#1793 = AXIS2_PLACEMENT_3D('',#1794,#1795,#1796);
#1794 = CARTESIAN_POINT('',(2.15,3.05,-3.5));
#1795 = DIRECTION('',(1.,0.,-0.));
#1796 = DIRECTION('',(0.,0.,1.));
#1797 = ADVANCED_FACE('',(#1798),#1814,.F.);
#1798 = FACE_BOUND('',#1799,.F.);
#1799 = EDGE_LOOP('',(#1800,#1806,#1807,#1813));
#1800 = ORIENTED_EDGE('',*,*,#1801,.F.);
#1801 = EDGE_CURVE('',#1722,#1762,#1802,.T.);
#1802 = LINE('',#1803,#1804);
#1803 = CARTESIAN_POINT('',(1.35,3.05,-3.5));
#1804 = VECTOR('',#1805,1.);
#1805 = DIRECTION('',(1.,0.,-0.));
#1806 = ORIENTED_EDGE('',*,*,#1721,.T.);
#1807 = ORIENTED_EDGE('',*,*,#1808,.T.);
#1808 = EDGE_CURVE('',#1724,#1764,#1809,.T.);
#1809 = LINE('',#1810,#1811);
#1810 = CARTESIAN_POINT('',(1.35,3.05,0.));
#1811 = VECTOR('',#1812,1.);
#1812 = DIRECTION('',(1.,0.,-0.));
#1813 = ORIENTED_EDGE('',*,*,#1761,.F.);
#1814 = PLANE('',#1815);
#1815 = AXIS2_PLACEMENT_3D('',#1816,#1817,#1818);
#1816 = CARTESIAN_POINT('',(1.35,3.05,-3.5));
#1817 = DIRECTION('',(-0.,1.,0.));
#1818 = DIRECTION('',(0.,0.,1.));
#1819 = ADVANCED_FACE('',(#1820),#1836,.T.);
#1820 = FACE_BOUND('',#1821,.T.);
#1821 = EDGE_LOOP('',(#1822,#1828,#1829,#1835));
#1822 = ORIENTED_EDGE('',*,*,#1823,.F.);
#1823 = EDGE_CURVE('',#1732,#1772,#1824,.T.);
#1824 = LINE('',#1825,#1826);
#1825 = CARTESIAN_POINT('',(1.35,3.55,-3.5));
#1826 = VECTOR('',#1827,1.);
#1827 = DIRECTION('',(1.,0.,-0.));
#1828 = ORIENTED_EDGE('',*,*,#1739,.T.);
#1829 = ORIENTED_EDGE('',*,*,#1830,.T.);
#1830 = EDGE_CURVE('',#1740,#1780,#1831,.T.);
#1831 = LINE('',#1832,#1833);
#1832 = CARTESIAN_POINT('',(1.35,3.55,0.));
#1833 = VECTOR('',#1834,1.);
#1834 = DIRECTION('',(1.,0.,-0.));
#1835 = ORIENTED_EDGE('',*,*,#1779,.F.);
#1836 = PLANE('',#1837);
#1837 = AXIS2_PLACEMENT_3D('',#1838,#1839,#1840);
#1838 = CARTESIAN_POINT('',(1.35,3.55,-3.5));
#1839 = DIRECTION('',(-0.,1.,0.));
#1840 = DIRECTION('',(0.,0.,1.));
#1841 = ADVANCED_FACE('',(#1842),#1848,.F.);
#1842 = FACE_BOUND('',#1843,.F.);
#1843 = EDGE_LOOP('',(#1844,#1845,#1846,#1847));
#1844 = ORIENTED_EDGE('',*,*,#1731,.F.);
#1845 = ORIENTED_EDGE('',*,*,#1801,.T.);
#1846 = ORIENTED_EDGE('',*,*,#1771,.T.);
#1847 = ORIENTED_EDGE('',*,*,#1823,.F.);
#1848 = PLANE('',#1849);
#1849 = AXIS2_PLACEMENT_3D('',#1850,#1851,#1852);
#1850 = CARTESIAN_POINT('',(1.35,3.05,-3.5));
#1851 = DIRECTION('',(0.,0.,1.));
#1852 = DIRECTION('',(1.,0.,-0.));
#1853 = ADVANCED_FACE('',(#1854),#1860,.T.);
#1854 = FACE_BOUND('',#1855,.T.);
#1855 = EDGE_LOOP('',(#1856,#1857,#1858,#1859));
#1856 = ORIENTED_EDGE('',*,*,#1747,.F.);
#1857 = ORIENTED_EDGE('',*,*,#1808,.T.);
#1858 = ORIENTED_EDGE('',*,*,#1787,.T.);
#1859 = ORIENTED_EDGE('',*,*,#1830,.F.);
#1860 = PLANE('',#1861);
#1861 = AXIS2_PLACEMENT_3D('',#1862,#1863,#1864);
#1862 = CARTESIAN_POINT('',(1.35,3.05,0.));
#1863 = DIRECTION('',(0.,0.,1.));
#1864 = DIRECTION('',(1.,0.,-0.));
#1865 = ( GEOMETRIC_REPRESENTATION_CONTEXT(3) 
GLOBAL_UNCERTAINTY_ASSIGNED_CONTEXT((#1869)) 
GLOBAL_UNIT_ASSIGNED_CONTEXT((#1866,#1867,#1868)) REPRESENTATION_CONTEXT
('Context #1','3D Context with UNIT and UNCERTAINTY') );
#1866 = ( LENGTH_UNIT() NAMED_UNIT(*) SI_UNIT(.MILLI.,.METRE.) );
#1867 = ( NAMED_UNIT(*) PLANE_ANGLE_UNIT() SI_UNIT($,.RADIAN.) );
#1868 = ( NAMED_UNIT(*) SI_UNIT($,.STERADIAN.) SOLID_ANGLE_UNIT() );
#1869 = UNCERTAINTY_MEASURE_WITH_UNIT(LENGTH_MEASURE(1.E-07),#1866,
  'distance_accuracy_value','confusion accuracy');
#1870 = CONTEXT_DEPENDENT_SHAPE_REPRESENTATION(#1871,#1873);
#1871 = ( REPRESENTATION_RELATIONSHIP('','',#1714,#10) 
REPRESENTATION_RELATIONSHIP_WITH_TRANSFORMATION(#1872) 
SHAPE_REPRESENTATION_RELATIONSHIP() );
#1872 = ITEM_DEFINED_TRANSFORMATION('','',#11,#23);
#1873 = PRODUCT_DEFINITION_SHAPE('Placement','Placement of an item',
  #1874);
#1874 = NEXT_ASSEMBLY_USAGE_OCCURRENCE('3','Terminal Pin P1 A','',#5,
  #1709,$);
#1875 = PRODUCT_RELATED_PRODUCT_CATEGORY('part',$,(#1711));
#1876 = SHAPE_DEFINITION_REPRESENTATION(#1877,#1883);
#1877 = PRODUCT_DEFINITION_SHAPE('','',#1878);
#1878 = PRODUCT_DEFINITION('design','',#1879,#1882);
#1879 = PRODUCT_DEFINITION_FORMATION('','',#1880);
#1880 = PRODUCT('Terminal Pin P1 B','Terminal Pin P1 B','',(#1881));
#1881 = PRODUCT_CONTEXT('',#2,'mechanical');
#1882 = PRODUCT_DEFINITION_CONTEXT('part definition',#2,'design');
#1883 = ADVANCED_BREP_SHAPE_REPRESENTATION('',(#11,#1884),#2034);
#1884 = MANIFOLD_SOLID_BREP('',#1885);
#1885 = CLOSED_SHELL('',(#1886,#1926,#1966,#1988,#2010,#2022));
#1886 = ADVANCED_FACE('',(#1887),#1921,.F.);
#1887 = FACE_BOUND('',#1888,.F.);
#1888 = EDGE_LOOP('',(#1889,#1899,#1907,#1915));
#1889 = ORIENTED_EDGE('',*,*,#1890,.F.);
#1890 = EDGE_CURVE('',#1891,#1893,#1895,.T.);
#1891 = VERTEX_POINT('',#1892);
#1892 = CARTESIAN_POINT('',(1.35,8.05,-3.5));
#1893 = VERTEX_POINT('',#1894);
#1894 = CARTESIAN_POINT('',(1.35,8.05,0.));
#1895 = LINE('',#1896,#1897);
#1896 = CARTESIAN_POINT('',(1.35,8.05,-3.5));
#1897 = VECTOR('',#1898,1.);
#1898 = DIRECTION('',(0.,0.,1.));
#1899 = ORIENTED_EDGE('',*,*,#1900,.T.);
#1900 = EDGE_CURVE('',#1891,#1901,#1903,.T.);
#1901 = VERTEX_POINT('',#1902);
#1902 = CARTESIAN_POINT('',(1.35,8.55,-3.5));
#1903 = LINE('',#1904,#1905);
#1904 = CARTESIAN_POINT('',(1.35,8.05,-3.5));
#1905 = VECTOR('',#1906,1.);
#1906 = DIRECTION('',(-0.,1.,0.));
#1907 = ORIENTED_EDGE('',*,*,#1908,.T.);
#1908 = EDGE_CURVE('',#1901,#1909,#1911,.T.);
#1909 = VERTEX_POINT('',#1910);
#1910 = CARTESIAN_POINT('',(1.35,8.55,0.));
#1911 = LINE('',#1912,#1913);
#1912 = CARTESIAN_POINT('',(1.35,8.55,-3.5));
#1913 = VECTOR('',#1914,1.);
#1914 = DIRECTION('',(0.,0.,1.));
#1915 = ORIENTED_EDGE('',*,*,#1916,.F.);
#1916 = EDGE_CURVE('',#1893,#1909,#1917,.T.);
#1917 = LINE('',#1918,#1919);
#1918 = CARTESIAN_POINT('',(1.35,8.05,0.));
#1919 = VECTOR('',#1920,1.);
#1920 = DIRECTION('',(-0.,1.,0.));
#1921 = PLANE('',#1922);
#1922 = AXIS2_PLACEMENT_3D('',#1923,#1924,#1925);
#1923 = CARTESIAN_POINT('',(1.35,8.05,-3.5));
#1924 = DIRECTION('',(1.,0.,-0.));
#1925 = DIRECTION('',(0.,0.,1.));
#1926 = ADVANCED_FACE('',(#1927),#1961,.T.);
#1927 = FACE_BOUND('',#1928,.T.);
#1928 = EDGE_LOOP('',(#1929,#1939,#1947,#1955));
#1929 = ORIENTED_EDGE('',*,*,#1930,.F.);
#1930 = EDGE_CURVE('',#1931,#1933,#1935,.T.);
#1931 = VERTEX_POINT('',#1932);
#1932 = CARTESIAN_POINT('',(2.15,8.05,-3.5));
#1933 = VERTEX_POINT('',#1934);
#1934 = CARTESIAN_POINT('',(2.15,8.05,0.));
#1935 = LINE('',#1936,#1937);
#1936 = CARTESIAN_POINT('',(2.15,8.05,-3.5));
#1937 = VECTOR('',#1938,1.);
#1938 = DIRECTION('',(0.,0.,1.));
#1939 = ORIENTED_EDGE('',*,*,#1940,.T.);
#1940 = EDGE_CURVE('',#1931,#1941,#1943,.T.);
#1941 = VERTEX_POINT('',#1942);
#1942 = CARTESIAN_POINT('',(2.15,8.55,-3.5));
#1943 = LINE('',#1944,#1945);
#1944 = CARTESIAN_POINT('',(2.15,8.05,-3.5));
#1945 = VECTOR('',#1946,1.);
#1946 = DIRECTION('',(-0.,1.,0.));
#1947 = ORIENTED_EDGE('',*,*,#1948,.T.);
#1948 = EDGE_CURVE('',#1941,#1949,#1951,.T.);
#1949 = VERTEX_POINT('',#1950);
#1950 = CARTESIAN_POINT('',(2.15,8.55,0.));
#1951 = LINE('',#1952,#1953);
#1952 = CARTESIAN_POINT('',(2.15,8.55,-3.5));
#1953 = VECTOR('',#1954,1.);
#1954 = DIRECTION('',(0.,0.,1.));
#1955 = ORIENTED_EDGE('',*,*,#1956,.F.);
#1956 = EDGE_CURVE('',#1933,#1949,#1957,.T.);
#1957 = LINE('',#1958,#1959);
#1958 = CARTESIAN_POINT('',(2.15,8.05,0.));
#1959 = VECTOR('',#1960,1.);
#1960 = DIRECTION('',(-0.,1.,0.));
#1961 = PLANE('',#1962);
#1962 = AXIS2_PLACEMENT_3D('',#1963,#1964,#1965);
#1963 = CARTESIAN_POINT('',(2.15,8.05,-3.5));
#1964 = DIRECTION('',(1.,0.,-0.));
#1965 = DIRECTION('',(0.,0.,1.));
#1966 = ADVANCED_FACE('',(#1967),#1983,.F.);
#1967 = FACE_BOUND('',#1968,.F.);
#1968 = EDGE_LOOP('',(#1969,#1975,#1976,#1982));
#1969 = ORIENTED_EDGE('',*,*,#1970,.F.);
#1970 = EDGE_CURVE('',#1891,#1931,#1971,.T.);
#1971 = LINE('',#1972,#1973);
#1972 = CARTESIAN_POINT('',(1.35,8.05,-3.5));
#1973 = VECTOR('',#1974,1.);
#1974 = DIRECTION('',(1.,0.,-0.));
#1975 = ORIENTED_EDGE('',*,*,#1890,.T.);
#1976 = ORIENTED_EDGE('',*,*,#1977,.T.);
#1977 = EDGE_CURVE('',#1893,#1933,#1978,.T.);
#1978 = LINE('',#1979,#1980);
#1979 = CARTESIAN_POINT('',(1.35,8.05,0.));
#1980 = VECTOR('',#1981,1.);
#1981 = DIRECTION('',(1.,0.,-0.));
#1982 = ORIENTED_EDGE('',*,*,#1930,.F.);
#1983 = PLANE('',#1984);
#1984 = AXIS2_PLACEMENT_3D('',#1985,#1986,#1987);
#1985 = CARTESIAN_POINT('',(1.35,8.05,-3.5));
#1986 = DIRECTION('',(-0.,1.,0.));
#1987 = DIRECTION('',(0.,0.,1.));
#1988 = ADVANCED_FACE('',(#1989),#2005,.T.);
#1989 = FACE_BOUND('',#1990,.T.);
#1990 = EDGE_LOOP('',(#1991,#1997,#1998,#2004));
#1991 = ORIENTED_EDGE('',*,*,#1992,.F.);
#1992 = EDGE_CURVE('',#1901,#1941,#1993,.T.);
#1993 = LINE('',#1994,#1995);
#1994 = CARTESIAN_POINT('',(1.35,8.55,-3.5));
#1995 = VECTOR('',#1996,1.);
#1996 = DIRECTION('',(1.,0.,-0.));
#1997 = ORIENTED_EDGE('',*,*,#1908,.T.);
#1998 = ORIENTED_EDGE('',*,*,#1999,.T.);
#1999 = EDGE_CURVE('',#1909,#1949,#2000,.T.);
#2000 = LINE('',#2001,#2002);
#2001 = CARTESIAN_POINT('',(1.35,8.55,0.));
#2002 = VECTOR('',#2003,1.);
#2003 = DIRECTION('',(1.,0.,-0.));
#2004 = ORIENTED_EDGE('',*,*,#1948,.F.);
#2005 = PLANE('',#2006);
#2006 = AXIS2_PLACEMENT_3D('',#2007,#2008,#2009);
#2007 = CARTESIAN_POINT('',(1.35,8.55,-3.5));
#2008 = DIRECTION('',(-0.,1.,0.));
#2009 = DIRECTION('',(0.,0.,1.));
#2010 = ADVANCED_FACE('',(#2011),#2017,.F.);
#2011 = FACE_BOUND('',#2012,.F.);
#2012 = EDGE_LOOP('',(#2013,#2014,#2015,#2016));
#2013 = ORIENTED_EDGE('',*,*,#1900,.F.);
#2014 = ORIENTED_EDGE('',*,*,#1970,.T.);
#2015 = ORIENTED_EDGE('',*,*,#1940,.T.);
#2016 = ORIENTED_EDGE('',*,*,#1992,.F.);
#2017 = PLANE('',#2018);
#2018 = AXIS2_PLACEMENT_3D('',#2019,#2020,#2021);
#2019 = CARTESIAN_POINT('',(1.35,8.05,-3.5));
#2020 = DIRECTION('',(0.,0.,1.));
#2021 = DIRECTION('',(1.,0.,-0.));
#2022 = ADVANCED_FACE('',(#2023),#2029,.T.);
#2023 = FACE_BOUND('',#2024,.T.);
#2024 = EDGE_LOOP('',(#2025,#2026,#2027,#2028));
#2025 = ORIENTED_EDGE('',*,*,#1916,.F.);
#2026 = ORIENTED_EDGE('',*,*,#1977,.T.);
#2027 = ORIENTED_EDGE('',*,*,#1956,.T.);
#2028 = ORIENTED_EDGE('',*,*,#1999,.F.);
#2029 = PLANE('',#2030);
#2030 = AXIS2_PLACEMENT_3D('',#2031,#2032,#2033);
#2031 = CARTESIAN_POINT('',(1.35,8.05,0.));
#2032 = DIRECTION('',(0.,0.,1.));
#2033 = DIRECTION('',(1.,0.,-0.));
#2034 = ( GEOMETRIC_REPRESENTATION_CONTEXT(3) 
GLOBAL_UNCERTAINTY_ASSIGNED_CONTEXT((#2038)) 
GLOBAL_UNIT_ASSIGNED_CONTEXT((#2035,#2036,#2037)) REPRESENTATION_CONTEXT
('Context #1','3D Context with UNIT and UNCERTAINTY') );
#2035 = ( LENGTH_UNIT() NAMED_UNIT(*) SI_UNIT(.MILLI.,.METRE.) );
#2036 = ( NAMED_UNIT(*) PLANE_ANGLE_UNIT() SI_UNIT($,.RADIAN.) );
#2037 = ( NAMED_UNIT(*) SI_UNIT($,.STERADIAN.) SOLID_ANGLE_UNIT() );
#2038 = UNCERTAINTY_MEASURE_WITH_UNIT(LENGTH_MEASURE(1.E-07),#2035,
  'distance_accuracy_value','confusion accuracy');
#2039 = CONTEXT_DEPENDENT_SHAPE_REPRESENTATION(#2040,#2042);
#2040 = ( REPRESENTATION_RELATIONSHIP('','',#1883,#10) 
REPRESENTATION_RELATIONSHIP_WITH_TRANSFORMATION(#2041) 
SHAPE_REPRESENTATION_RELATIONSHIP() );
#2041 = ITEM_DEFINED_TRANSFORMATION('','',#11,#27);
#2042 = PRODUCT_DEFINITION_SHAPE('Placement','Placement of an item',
  #2043);
#2043 = NEXT_ASSEMBLY_USAGE_OCCURRENCE('4','Terminal Pin P1 B','',#5,
  #1878,$);
#2044 = PRODUCT_RELATED_PRODUCT_CATEGORY('part',$,(#1880));
#2045 = SHAPE_DEFINITION_REPRESENTATION(#2046,#2052);
#2046 = PRODUCT_DEFINITION_SHAPE('','',#2047);
#2047 = PRODUCT_DEFINITION('design','',#2048,#2051);
#2048 = PRODUCT_DEFINITION_FORMATION('','',#2049);
#2049 = PRODUCT('Housing P2','Housing P2','',(#2050));
#2050 = PRODUCT_CONTEXT('',#2,'mechanical');
#2051 = PRODUCT_DEFINITION_CONTEXT('part definition',#2,'design');
#2052 = ADVANCED_BREP_SHAPE_REPRESENTATION('',(#11,#2053),#3099);
#2053 = MANIFOLD_SOLID_BREP('',#2054);
#2054 = CLOSED_SHELL('',(#2055,#2095,#2128,#2161,#2194,#2227,#2244,#2261
    ,#2327,#2358,#2375,#2440,#2457,#2522,#2540,#2558,#2591,#2622,#2647,
    #2671,#2688,#2706,#2737,#2755,#2786,#2817,#2841,#2865,#2882,#2911,
    #2942,#2966,#2990,#3007,#3018,#3029,#3041,#3052,#3063,#3075,#3087));
#2055 = ADVANCED_FACE('',(#2056),#2090,.F.);
#2056 = FACE_BOUND('',#2057,.F.);
#2057 = EDGE_LOOP('',(#2058,#2068,#2076,#2084));
#2058 = ORIENTED_EDGE('',*,*,#2059,.F.);
#2059 = EDGE_CURVE('',#2060,#2062,#2064,.T.);
#2060 = VERTEX_POINT('',#2061);
#2061 = CARTESIAN_POINT('',(3.5,0.18,0.18));
#2062 = VERTEX_POINT('',#2063);
#2063 = CARTESIAN_POINT('',(3.5,0.18,10.42));
#2064 = LINE('',#2065,#2066);
#2065 = CARTESIAN_POINT('',(3.5,0.18,0.));
#2066 = VECTOR('',#2067,1.);
#2067 = DIRECTION('',(0.,0.,1.));
#2068 = ORIENTED_EDGE('',*,*,#2069,.T.);
#2069 = EDGE_CURVE('',#2060,#2070,#2072,.T.);
#2070 = VERTEX_POINT('',#2071);
#2071 = CARTESIAN_POINT('',(3.5,12.32,0.18));
#2072 = LINE('',#2073,#2074);
#2073 = CARTESIAN_POINT('',(3.5,0.,0.18));
#2074 = VECTOR('',#2075,1.);
#2075 = DIRECTION('',(-0.,1.,0.));
#2076 = ORIENTED_EDGE('',*,*,#2077,.T.);
#2077 = EDGE_CURVE('',#2070,#2078,#2080,.T.);
#2078 = VERTEX_POINT('',#2079);
#2079 = CARTESIAN_POINT('',(3.5,12.32,10.42));
#2080 = LINE('',#2081,#2082);
#2081 = CARTESIAN_POINT('',(3.5,12.32,0.));
#2082 = VECTOR('',#2083,1.);
#2083 = DIRECTION('',(0.,0.,1.));
#2084 = ORIENTED_EDGE('',*,*,#2085,.F.);
#2085 = EDGE_CURVE('',#2062,#2078,#2086,.T.);
#2086 = LINE('',#2087,#2088);
#2087 = CARTESIAN_POINT('',(3.5,0.,10.42));
#2088 = VECTOR('',#2089,1.);
#2089 = DIRECTION('',(-0.,1.,0.));
#2090 = PLANE('',#2091);
#2091 = AXIS2_PLACEMENT_3D('',#2092,#2093,#2094);
#2092 = CARTESIAN_POINT('',(3.5,0.,0.));
#2093 = DIRECTION('',(1.,0.,-0.));
#2094 = DIRECTION('',(0.,0.,1.));
#2095 = ADVANCED_FACE('',(#2096),#2123,.T.);
#2096 = FACE_BOUND('',#2097,.T.);
#2097 = EDGE_LOOP('',(#2098,#2099,#2108,#2116));
#2098 = ORIENTED_EDGE('',*,*,#2059,.F.);
#2099 = ORIENTED_EDGE('',*,*,#2100,.T.);
#2100 = EDGE_CURVE('',#2060,#2101,#2103,.T.);
#2101 = VERTEX_POINT('',#2102);
#2102 = CARTESIAN_POINT('',(3.68,-2.775557561563E-17,0.18));
#2103 = CIRCLE('',#2104,0.18);
#2104 = AXIS2_PLACEMENT_3D('',#2105,#2106,#2107);
#2105 = CARTESIAN_POINT('',(3.68,0.18,0.18));
#2106 = DIRECTION('',(0.,0.,1.));
#2107 = DIRECTION('',(-1.,0.,0.));
#2108 = ORIENTED_EDGE('',*,*,#2109,.T.);
#2109 = EDGE_CURVE('',#2101,#2110,#2112,.T.);
#2110 = VERTEX_POINT('',#2111);
#2111 = CARTESIAN_POINT('',(3.68,-2.775557561563E-17,10.42));
#2112 = LINE('',#2113,#2114);
#2113 = CARTESIAN_POINT('',(3.68,-2.775557561563E-17,0.));
#2114 = VECTOR('',#2115,1.);
#2115 = DIRECTION('',(0.,0.,1.));
#2116 = ORIENTED_EDGE('',*,*,#2117,.F.);
#2117 = EDGE_CURVE('',#2062,#2110,#2118,.T.);
#2118 = CIRCLE('',#2119,0.18);
#2119 = AXIS2_PLACEMENT_3D('',#2120,#2121,#2122);
#2120 = CARTESIAN_POINT('',(3.68,0.18,10.42));
#2121 = DIRECTION('',(0.,0.,1.));
#2122 = DIRECTION('',(-1.,0.,0.));
#2123 = CYLINDRICAL_SURFACE('',#2124,0.18);
#2124 = AXIS2_PLACEMENT_3D('',#2125,#2126,#2127);
#2125 = CARTESIAN_POINT('',(3.68,0.18,0.));
#2126 = DIRECTION('',(0.,0.,1.));
#2127 = DIRECTION('',(-1.,-0.,0.));
#2128 = ADVANCED_FACE('',(#2129),#2156,.T.);
#2129 = FACE_BOUND('',#2130,.F.);
#2130 = EDGE_LOOP('',(#2131,#2140,#2148,#2155));
#2131 = ORIENTED_EDGE('',*,*,#2132,.F.);
#2132 = EDGE_CURVE('',#2133,#2060,#2135,.T.);
#2133 = VERTEX_POINT('',#2134);
#2134 = CARTESIAN_POINT('',(3.68,0.18,0.));
#2135 = CIRCLE('',#2136,0.18);
#2136 = AXIS2_PLACEMENT_3D('',#2137,#2138,#2139);
#2137 = CARTESIAN_POINT('',(3.68,0.18,0.18));
#2138 = DIRECTION('',(0.,1.,-0.));
#2139 = DIRECTION('',(-1.,0.,0.));
#2140 = ORIENTED_EDGE('',*,*,#2141,.T.);
#2141 = EDGE_CURVE('',#2133,#2142,#2144,.T.);
#2142 = VERTEX_POINT('',#2143);
#2143 = CARTESIAN_POINT('',(3.68,12.32,0.));
#2144 = LINE('',#2145,#2146);
#2145 = CARTESIAN_POINT('',(3.68,0.,-2.775557561563E-17));
#2146 = VECTOR('',#2147,1.);
#2147 = DIRECTION('',(-0.,1.,0.));
#2148 = ORIENTED_EDGE('',*,*,#2149,.T.);
#2149 = EDGE_CURVE('',#2142,#2070,#2150,.T.);
#2150 = CIRCLE('',#2151,0.18);
#2151 = AXIS2_PLACEMENT_3D('',#2152,#2153,#2154);
#2152 = CARTESIAN_POINT('',(3.68,12.32,0.18));
#2153 = DIRECTION('',(0.,1.,-0.));
#2154 = DIRECTION('',(-1.,0.,0.));
#2155 = ORIENTED_EDGE('',*,*,#2069,.F.);
#2156 = CYLINDRICAL_SURFACE('',#2157,0.18);
#2157 = AXIS2_PLACEMENT_3D('',#2158,#2159,#2160);
#2158 = CARTESIAN_POINT('',(3.68,0.,0.18));
#2159 = DIRECTION('',(-0.,1.,0.));
#2160 = DIRECTION('',(-1.,-0.,0.));
#2161 = ADVANCED_FACE('',(#2162),#2189,.T.);
#2162 = FACE_BOUND('',#2163,.T.);
#2163 = EDGE_LOOP('',(#2164,#2173,#2181,#2188));
#2164 = ORIENTED_EDGE('',*,*,#2165,.F.);
#2165 = EDGE_CURVE('',#2166,#2062,#2168,.T.);
#2166 = VERTEX_POINT('',#2167);
#2167 = CARTESIAN_POINT('',(3.68,0.18,10.6));
#2168 = CIRCLE('',#2169,0.18);
#2169 = AXIS2_PLACEMENT_3D('',#2170,#2171,#2172);
#2170 = CARTESIAN_POINT('',(3.68,0.18,10.42));
#2171 = DIRECTION('',(0.,-1.,0.));
#2172 = DIRECTION('',(-1.,0.,0.));
#2173 = ORIENTED_EDGE('',*,*,#2174,.T.);
#2174 = EDGE_CURVE('',#2166,#2175,#2177,.T.);
#2175 = VERTEX_POINT('',#2176);
#2176 = CARTESIAN_POINT('',(3.68,12.32,10.6));
#2177 = LINE('',#2178,#2179);
#2178 = CARTESIAN_POINT('',(3.68,0.,10.6));
#2179 = VECTOR('',#2180,1.);
#2180 = DIRECTION('',(-0.,1.,0.));
#2181 = ORIENTED_EDGE('',*,*,#2182,.F.);
#2182 = EDGE_CURVE('',#2078,#2175,#2183,.T.);
#2183 = CIRCLE('',#2184,0.18);
#2184 = AXIS2_PLACEMENT_3D('',#2185,#2186,#2187);
#2185 = CARTESIAN_POINT('',(3.68,12.32,10.42));
#2186 = DIRECTION('',(-0.,1.,0.));
#2187 = DIRECTION('',(-1.,-0.,0.));
#2188 = ORIENTED_EDGE('',*,*,#2085,.F.);
#2189 = CYLINDRICAL_SURFACE('',#2190,0.18);
#2190 = AXIS2_PLACEMENT_3D('',#2191,#2192,#2193);
#2191 = CARTESIAN_POINT('',(3.68,0.,10.42));
#2192 = DIRECTION('',(-0.,1.,0.));
#2193 = DIRECTION('',(-1.,-0.,0.));
#2194 = ADVANCED_FACE('',(#2195),#2222,.T.);
#2195 = FACE_BOUND('',#2196,.F.);
#2196 = EDGE_LOOP('',(#2197,#2198,#2207,#2215));
#2197 = ORIENTED_EDGE('',*,*,#2077,.F.);
#2198 = ORIENTED_EDGE('',*,*,#2199,.T.);
#2199 = EDGE_CURVE('',#2070,#2200,#2202,.T.);
#2200 = VERTEX_POINT('',#2201);
#2201 = CARTESIAN_POINT('',(3.68,12.5,0.18));
#2202 = CIRCLE('',#2203,0.18);
#2203 = AXIS2_PLACEMENT_3D('',#2204,#2205,#2206);
#2204 = CARTESIAN_POINT('',(3.68,12.32,0.18));
#2205 = DIRECTION('',(-0.,0.,-1.));
#2206 = DIRECTION('',(-1.,0.,0.));
#2207 = ORIENTED_EDGE('',*,*,#2208,.T.);
#2208 = EDGE_CURVE('',#2200,#2209,#2211,.T.);
#2209 = VERTEX_POINT('',#2210);
#2210 = CARTESIAN_POINT('',(3.68,12.5,10.42));
#2211 = LINE('',#2212,#2213);
#2212 = CARTESIAN_POINT('',(3.68,12.5,0.));
#2213 = VECTOR('',#2214,1.);
#2214 = DIRECTION('',(0.,0.,1.));
#2215 = ORIENTED_EDGE('',*,*,#2216,.T.);
#2216 = EDGE_CURVE('',#2209,#2078,#2217,.T.);
#2217 = CIRCLE('',#2218,0.18);
#2218 = AXIS2_PLACEMENT_3D('',#2219,#2220,#2221);
#2219 = CARTESIAN_POINT('',(3.68,12.32,10.42));
#2220 = DIRECTION('',(0.,0.,1.));
#2221 = DIRECTION('',(-1.,-0.,0.));
#2222 = CYLINDRICAL_SURFACE('',#2223,0.18);
#2223 = AXIS2_PLACEMENT_3D('',#2224,#2225,#2226);
#2224 = CARTESIAN_POINT('',(3.68,12.32,0.));
#2225 = DIRECTION('',(0.,0.,1.));
#2226 = DIRECTION('',(-1.,-0.,0.));
#2227 = ADVANCED_FACE('',(#2228),#2239,.T.);
#2228 = FACE_BOUND('',#2229,.T.);
#2229 = EDGE_LOOP('',(#2230,#2231,#2238));
#2230 = ORIENTED_EDGE('',*,*,#2132,.F.);
#2231 = ORIENTED_EDGE('',*,*,#2232,.T.);
#2232 = EDGE_CURVE('',#2133,#2101,#2233,.T.);
#2233 = CIRCLE('',#2234,0.18);
#2234 = AXIS2_PLACEMENT_3D('',#2235,#2236,#2237);
#2235 = CARTESIAN_POINT('',(3.68,0.18,0.18));
#2236 = DIRECTION('',(-1.,6.123233995737E-17,0.));
#2237 = DIRECTION('',(-6.123233995737E-17,-1.,0.));
#2238 = ORIENTED_EDGE('',*,*,#2100,.F.);
#2239 = SPHERICAL_SURFACE('',#2240,0.18);
#2240 = AXIS2_PLACEMENT_3D('',#2241,#2242,#2243);
#2241 = CARTESIAN_POINT('',(3.68,0.18,0.18));
#2242 = DIRECTION('',(0.,0.,1.));
#2243 = DIRECTION('',(-1.,0.,0.));
#2244 = ADVANCED_FACE('',(#2245),#2256,.T.);
#2245 = FACE_BOUND('',#2246,.F.);
#2246 = EDGE_LOOP('',(#2247,#2248,#2255));
#2247 = ORIENTED_EDGE('',*,*,#2165,.F.);
#2248 = ORIENTED_EDGE('',*,*,#2249,.T.);
#2249 = EDGE_CURVE('',#2166,#2110,#2250,.T.);
#2250 = CIRCLE('',#2251,0.18);
#2251 = AXIS2_PLACEMENT_3D('',#2252,#2253,#2254);
#2252 = CARTESIAN_POINT('',(3.68,0.18,10.42));
#2253 = DIRECTION('',(1.,-6.123233995737E-17,0.));
#2254 = DIRECTION('',(-6.123233995737E-17,-1.,0.));
#2255 = ORIENTED_EDGE('',*,*,#2117,.F.);
#2256 = SPHERICAL_SURFACE('',#2257,0.18);
#2257 = AXIS2_PLACEMENT_3D('',#2258,#2259,#2260);
#2258 = CARTESIAN_POINT('',(3.68,0.18,10.42));
#2259 = DIRECTION('',(-0.,-0.,-1.));
#2260 = DIRECTION('',(-1.,0.,0.));
#2261 = ADVANCED_FACE('',(#2262,#2287),#2322,.F.);
#2262 = FACE_BOUND('',#2263,.F.);
#2263 = EDGE_LOOP('',(#2264,#2265,#2273,#2281));
#2264 = ORIENTED_EDGE('',*,*,#2109,.T.);
#2265 = ORIENTED_EDGE('',*,*,#2266,.T.);
#2266 = EDGE_CURVE('',#2110,#2267,#2269,.T.);
#2267 = VERTEX_POINT('',#2268);
#2268 = CARTESIAN_POINT('',(6.82,-2.775557561563E-17,10.42));
#2269 = LINE('',#2270,#2271);
#2270 = CARTESIAN_POINT('',(3.5,-2.775557561563E-17,10.42));
#2271 = VECTOR('',#2272,1.);
#2272 = DIRECTION('',(1.,0.,-0.));
#2273 = ORIENTED_EDGE('',*,*,#2274,.F.);
#2274 = EDGE_CURVE('',#2275,#2267,#2277,.T.);
#2275 = VERTEX_POINT('',#2276);
#2276 = CARTESIAN_POINT('',(6.82,-2.775557561563E-17,0.18));
#2277 = LINE('',#2278,#2279);
#2278 = CARTESIAN_POINT('',(6.82,-2.775557561563E-17,0.));
#2279 = VECTOR('',#2280,1.);
#2280 = DIRECTION('',(0.,0.,1.));
#2281 = ORIENTED_EDGE('',*,*,#2282,.F.);
#2282 = EDGE_CURVE('',#2101,#2275,#2283,.T.);
#2283 = LINE('',#2284,#2285);
#2284 = CARTESIAN_POINT('',(3.5,-2.775557561563E-17,0.18));
#2285 = VECTOR('',#2286,1.);
#2286 = DIRECTION('',(1.,0.,-0.));
#2287 = FACE_BOUND('',#2288,.F.);
#2288 = EDGE_LOOP('',(#2289,#2299,#2307,#2315));
#2289 = ORIENTED_EDGE('',*,*,#2290,.F.);
#2290 = EDGE_CURVE('',#2291,#2293,#2295,.T.);
#2291 = VERTEX_POINT('',#2292);
#2292 = CARTESIAN_POINT('',(6.35,0.,8.1));
#2293 = VERTEX_POINT('',#2294);
#2294 = CARTESIAN_POINT('',(6.35,0.,4.782623792125));
#2295 = LINE('',#2296,#2297);
#2296 = CARTESIAN_POINT('',(6.35,0.,2.));
#2297 = VECTOR('',#2298,1.);
#2298 = DIRECTION('',(-0.,0.,-1.));
#2299 = ORIENTED_EDGE('',*,*,#2300,.F.);
#2300 = EDGE_CURVE('',#2301,#2291,#2303,.T.);
#2301 = VERTEX_POINT('',#2302);
#2302 = CARTESIAN_POINT('',(4.15,0.,8.1));
#2303 = LINE('',#2304,#2305);
#2304 = CARTESIAN_POINT('',(3.825,0.,8.1));
#2305 = VECTOR('',#2306,1.);
#2306 = DIRECTION('',(1.,0.,-0.));
#2307 = ORIENTED_EDGE('',*,*,#2308,.T.);
#2308 = EDGE_CURVE('',#2301,#2309,#2311,.T.);
#2309 = VERTEX_POINT('',#2310);
#2310 = CARTESIAN_POINT('',(4.15,0.,4.782623792125));
#2311 = LINE('',#2312,#2313);
#2312 = CARTESIAN_POINT('',(4.15,0.,2.));
#2313 = VECTOR('',#2314,1.);
#2314 = DIRECTION('',(-0.,0.,-1.));
#2315 = ORIENTED_EDGE('',*,*,#2316,.F.);
#2316 = EDGE_CURVE('',#2293,#2309,#2317,.T.);
#2317 = CIRCLE('',#2318,1.35);
#2318 = AXIS2_PLACEMENT_3D('',#2319,#2320,#2321);
#2319 = CARTESIAN_POINT('',(5.25,0.,4.));
#2320 = DIRECTION('',(0.,1.,0.));
#2321 = DIRECTION('',(0.,-0.,1.));
#2322 = PLANE('',#2323);
#2323 = AXIS2_PLACEMENT_3D('',#2324,#2325,#2326);
#2324 = CARTESIAN_POINT('',(3.5,0.,0.));
#2325 = DIRECTION('',(-0.,1.,0.));
#2326 = DIRECTION('',(0.,0.,1.));
#2327 = ADVANCED_FACE('',(#2328),#2353,.F.);
#2328 = FACE_BOUND('',#2329,.F.);
#2329 = EDGE_LOOP('',(#2330,#2331,#2339,#2347));
#2330 = ORIENTED_EDGE('',*,*,#2141,.F.);
#2331 = ORIENTED_EDGE('',*,*,#2332,.T.);
#2332 = EDGE_CURVE('',#2133,#2333,#2335,.T.);
#2333 = VERTEX_POINT('',#2334);
#2334 = CARTESIAN_POINT('',(6.82,0.18,0.));
#2335 = LINE('',#2336,#2337);
#2336 = CARTESIAN_POINT('',(3.5,0.18,-2.775557561563E-17));
#2337 = VECTOR('',#2338,1.);
#2338 = DIRECTION('',(1.,0.,-0.));
#2339 = ORIENTED_EDGE('',*,*,#2340,.T.);
#2340 = EDGE_CURVE('',#2333,#2341,#2343,.T.);
#2341 = VERTEX_POINT('',#2342);
#2342 = CARTESIAN_POINT('',(6.82,12.32,0.));
#2343 = LINE('',#2344,#2345);
#2344 = CARTESIAN_POINT('',(6.82,0.,-2.775557561563E-17));
#2345 = VECTOR('',#2346,1.);
#2346 = DIRECTION('',(-0.,1.,0.));
#2347 = ORIENTED_EDGE('',*,*,#2348,.F.);
#2348 = EDGE_CURVE('',#2142,#2341,#2349,.T.);
#2349 = LINE('',#2350,#2351);
#2350 = CARTESIAN_POINT('',(3.5,12.32,-2.775557561563E-17));
#2351 = VECTOR('',#2352,1.);
#2352 = DIRECTION('',(1.,0.,-0.));
#2353 = PLANE('',#2354);
#2354 = AXIS2_PLACEMENT_3D('',#2355,#2356,#2357);
#2355 = CARTESIAN_POINT('',(3.5,0.,0.));
#2356 = DIRECTION('',(0.,0.,1.));
#2357 = DIRECTION('',(1.,0.,-0.));
#2358 = ADVANCED_FACE('',(#2359),#2370,.T.);
#2359 = FACE_BOUND('',#2360,.F.);
#2360 = EDGE_LOOP('',(#2361,#2362,#2369));
#2361 = ORIENTED_EDGE('',*,*,#2149,.F.);
#2362 = ORIENTED_EDGE('',*,*,#2363,.T.);
#2363 = EDGE_CURVE('',#2142,#2200,#2364,.T.);
#2364 = CIRCLE('',#2365,0.18);
#2365 = AXIS2_PLACEMENT_3D('',#2366,#2367,#2368);
#2366 = CARTESIAN_POINT('',(3.68,12.32,0.18));
#2367 = DIRECTION('',(1.,6.123233995737E-17,-0.));
#2368 = DIRECTION('',(-6.123233995737E-17,1.,0.));
#2369 = ORIENTED_EDGE('',*,*,#2199,.F.);
#2370 = SPHERICAL_SURFACE('',#2371,0.18);
#2371 = AXIS2_PLACEMENT_3D('',#2372,#2373,#2374);
#2372 = CARTESIAN_POINT('',(3.68,12.32,0.18));
#2373 = DIRECTION('',(0.,0.,1.));
#2374 = DIRECTION('',(-1.,0.,0.));
#2375 = ADVANCED_FACE('',(#2376,#2401),#2435,.T.);
#2376 = FACE_BOUND('',#2377,.T.);
#2377 = EDGE_LOOP('',(#2378,#2379,#2387,#2395));
#2378 = ORIENTED_EDGE('',*,*,#2174,.F.);
#2379 = ORIENTED_EDGE('',*,*,#2380,.T.);
#2380 = EDGE_CURVE('',#2166,#2381,#2383,.T.);
#2381 = VERTEX_POINT('',#2382);
#2382 = CARTESIAN_POINT('',(6.82,0.18,10.6));
#2383 = LINE('',#2384,#2385);
#2384 = CARTESIAN_POINT('',(3.5,0.18,10.6));
#2385 = VECTOR('',#2386,1.);
#2386 = DIRECTION('',(1.,0.,-0.));
#2387 = ORIENTED_EDGE('',*,*,#2388,.T.);
#2388 = EDGE_CURVE('',#2381,#2389,#2391,.T.);
#2389 = VERTEX_POINT('',#2390);
#2390 = CARTESIAN_POINT('',(6.82,12.32,10.6));
#2391 = LINE('',#2392,#2393);
#2392 = CARTESIAN_POINT('',(6.82,0.,10.6));
#2393 = VECTOR('',#2394,1.);
#2394 = DIRECTION('',(-0.,1.,0.));
#2395 = ORIENTED_EDGE('',*,*,#2396,.F.);
#2396 = EDGE_CURVE('',#2175,#2389,#2397,.T.);
#2397 = LINE('',#2398,#2399);
#2398 = CARTESIAN_POINT('',(3.5,12.32,10.6));
#2399 = VECTOR('',#2400,1.);
#2400 = DIRECTION('',(1.,0.,-0.));
#2401 = FACE_BOUND('',#2402,.T.);
#2402 = EDGE_LOOP('',(#2403,#2413,#2421,#2429));
#2403 = ORIENTED_EDGE('',*,*,#2404,.T.);
#2404 = EDGE_CURVE('',#2405,#2407,#2409,.T.);
#2405 = VERTEX_POINT('',#2406);
#2406 = CARTESIAN_POINT('',(6.66,0.75,10.6));
#2407 = VERTEX_POINT('',#2408);
#2408 = CARTESIAN_POINT('',(3.84,0.75,10.6));
#2409 = LINE('',#2410,#2411);
#2410 = CARTESIAN_POINT('',(3.67,0.75,10.6));
#2411 = VECTOR('',#2412,1.);
#2412 = DIRECTION('',(-1.,-0.,0.));
#2413 = ORIENTED_EDGE('',*,*,#2414,.T.);
#2414 = EDGE_CURVE('',#2407,#2415,#2417,.T.);
#2415 = VERTEX_POINT('',#2416);
#2416 = CARTESIAN_POINT('',(3.84,9.5,10.6));
#2417 = LINE('',#2418,#2419);
#2418 = CARTESIAN_POINT('',(3.84,0.375,10.6));
#2419 = VECTOR('',#2420,1.);
#2420 = DIRECTION('',(-0.,1.,0.));
#2421 = ORIENTED_EDGE('',*,*,#2422,.F.);
#2422 = EDGE_CURVE('',#2423,#2415,#2425,.T.);
#2423 = VERTEX_POINT('',#2424);
#2424 = CARTESIAN_POINT('',(6.66,9.5,10.6));
#2425 = LINE('',#2426,#2427);
#2426 = CARTESIAN_POINT('',(3.67,9.5,10.6));
#2427 = VECTOR('',#2428,1.);
#2428 = DIRECTION('',(-1.,-0.,0.));
#2429 = ORIENTED_EDGE('',*,*,#2430,.F.);
#2430 = EDGE_CURVE('',#2405,#2423,#2431,.T.);
#2431 = LINE('',#2432,#2433);
#2432 = CARTESIAN_POINT('',(6.66,0.375,10.6));
#2433 = VECTOR('',#2434,1.);
#2434 = DIRECTION('',(-0.,1.,0.));
#2435 = PLANE('',#2436);
#2436 = AXIS2_PLACEMENT_3D('',#2437,#2438,#2439);
#2437 = CARTESIAN_POINT('',(3.5,0.,10.6));
#2438 = DIRECTION('',(0.,0.,1.));
#2439 = DIRECTION('',(1.,0.,-0.));
#2440 = ADVANCED_FACE('',(#2441),#2452,.T.);
#2441 = FACE_BOUND('',#2442,.F.);
#2442 = EDGE_LOOP('',(#2443,#2444,#2451));
#2443 = ORIENTED_EDGE('',*,*,#2216,.F.);
#2444 = ORIENTED_EDGE('',*,*,#2445,.T.);
#2445 = EDGE_CURVE('',#2209,#2175,#2446,.T.);
#2446 = CIRCLE('',#2447,0.18);
#2447 = AXIS2_PLACEMENT_3D('',#2448,#2449,#2450);
#2448 = CARTESIAN_POINT('',(3.68,12.32,10.42));
#2449 = DIRECTION('',(1.,0.,6.123233995737E-17));
#2450 = DIRECTION('',(-6.123233995737E-17,-0.,1.));
#2451 = ORIENTED_EDGE('',*,*,#2182,.F.);
#2452 = SPHERICAL_SURFACE('',#2453,0.18);
#2453 = AXIS2_PLACEMENT_3D('',#2454,#2455,#2456);
#2454 = CARTESIAN_POINT('',(3.68,12.32,10.42));
#2455 = DIRECTION('',(0.,-1.,-0.));
#2456 = DIRECTION('',(-1.,-0.,0.));
#2457 = ADVANCED_FACE('',(#2458,#2483),#2517,.T.);
#2458 = FACE_BOUND('',#2459,.T.);
#2459 = EDGE_LOOP('',(#2460,#2461,#2469,#2477));
#2460 = ORIENTED_EDGE('',*,*,#2208,.T.);
#2461 = ORIENTED_EDGE('',*,*,#2462,.T.);
#2462 = EDGE_CURVE('',#2209,#2463,#2465,.T.);
#2463 = VERTEX_POINT('',#2464);
#2464 = CARTESIAN_POINT('',(6.82,12.5,10.42));
#2465 = LINE('',#2466,#2467);
#2466 = CARTESIAN_POINT('',(3.5,12.5,10.42));
#2467 = VECTOR('',#2468,1.);
#2468 = DIRECTION('',(1.,0.,-0.));
#2469 = ORIENTED_EDGE('',*,*,#2470,.F.);
#2470 = EDGE_CURVE('',#2471,#2463,#2473,.T.);
#2471 = VERTEX_POINT('',#2472);
#2472 = CARTESIAN_POINT('',(6.82,12.5,0.18));
#2473 = LINE('',#2474,#2475);
#2474 = CARTESIAN_POINT('',(6.82,12.5,0.));
#2475 = VECTOR('',#2476,1.);
#2476 = DIRECTION('',(0.,0.,1.));
#2477 = ORIENTED_EDGE('',*,*,#2478,.F.);
#2478 = EDGE_CURVE('',#2200,#2471,#2479,.T.);
#2479 = LINE('',#2480,#2481);
#2480 = CARTESIAN_POINT('',(3.5,12.5,0.18));
#2481 = VECTOR('',#2482,1.);
#2482 = DIRECTION('',(1.,0.,-0.));
#2483 = FACE_BOUND('',#2484,.T.);
#2484 = EDGE_LOOP('',(#2485,#2495,#2503,#2511));
#2485 = ORIENTED_EDGE('',*,*,#2486,.F.);
#2486 = EDGE_CURVE('',#2487,#2489,#2491,.T.);
#2487 = VERTEX_POINT('',#2488);
#2488 = CARTESIAN_POINT('',(4.025,12.5,9.75));
#2489 = VERTEX_POINT('',#2490);
#2490 = CARTESIAN_POINT('',(6.475,12.5,9.75));
#2491 = LINE('',#2492,#2493);
#2492 = CARTESIAN_POINT('',(3.7625,12.5,9.75));
#2493 = VECTOR('',#2494,1.);
#2494 = DIRECTION('',(1.,0.,-0.));
#2495 = ORIENTED_EDGE('',*,*,#2496,.T.);
#2496 = EDGE_CURVE('',#2487,#2497,#2499,.T.);
#2497 = VERTEX_POINT('',#2498);
#2498 = CARTESIAN_POINT('',(4.025,12.5,7.2));
#2499 = LINE('',#2500,#2501);
#2500 = CARTESIAN_POINT('',(4.025,12.5,3.6));
#2501 = VECTOR('',#2502,1.);
#2502 = DIRECTION('',(-0.,0.,-1.));
#2503 = ORIENTED_EDGE('',*,*,#2504,.T.);
#2504 = EDGE_CURVE('',#2497,#2505,#2507,.T.);
#2505 = VERTEX_POINT('',#2506);
#2506 = CARTESIAN_POINT('',(6.475,12.5,7.2));
#2507 = LINE('',#2508,#2509);
#2508 = CARTESIAN_POINT('',(3.7625,12.5,7.2));
#2509 = VECTOR('',#2510,1.);
#2510 = DIRECTION('',(1.,0.,-0.));
#2511 = ORIENTED_EDGE('',*,*,#2512,.F.);
#2512 = EDGE_CURVE('',#2489,#2505,#2513,.T.);
#2513 = LINE('',#2514,#2515);
#2514 = CARTESIAN_POINT('',(6.475,12.5,3.6));
#2515 = VECTOR('',#2516,1.);
#2516 = DIRECTION('',(-0.,0.,-1.));
#2517 = PLANE('',#2518);
#2518 = AXIS2_PLACEMENT_3D('',#2519,#2520,#2521);
#2519 = CARTESIAN_POINT('',(3.5,12.5,0.));
#2520 = DIRECTION('',(-0.,1.,0.));
#2521 = DIRECTION('',(0.,0.,1.));
#2522 = ADVANCED_FACE('',(#2523),#2535,.T.);
#2523 = FACE_BOUND('',#2524,.T.);
#2524 = EDGE_LOOP('',(#2525,#2526,#2527,#2534));
#2525 = ORIENTED_EDGE('',*,*,#2232,.F.);
#2526 = ORIENTED_EDGE('',*,*,#2332,.T.);
#2527 = ORIENTED_EDGE('',*,*,#2528,.T.);
#2528 = EDGE_CURVE('',#2333,#2275,#2529,.T.);
#2529 = CIRCLE('',#2530,0.18);
#2530 = AXIS2_PLACEMENT_3D('',#2531,#2532,#2533);
#2531 = CARTESIAN_POINT('',(6.82,0.18,0.18));
#2532 = DIRECTION('',(-1.,-6.123233995737E-17,0.));
#2533 = DIRECTION('',(6.123233995737E-17,-1.,-0.));
#2534 = ORIENTED_EDGE('',*,*,#2282,.F.);
#2535 = CYLINDRICAL_SURFACE('',#2536,0.18);
#2536 = AXIS2_PLACEMENT_3D('',#2537,#2538,#2539);
#2537 = CARTESIAN_POINT('',(3.5,0.18,0.18));
#2538 = DIRECTION('',(1.,0.,-0.));
#2539 = DIRECTION('',(0.,-1.,0.));
#2540 = ADVANCED_FACE('',(#2541),#2553,.T.);
#2541 = FACE_BOUND('',#2542,.F.);
#2542 = EDGE_LOOP('',(#2543,#2544,#2545,#2552));
#2543 = ORIENTED_EDGE('',*,*,#2249,.F.);
#2544 = ORIENTED_EDGE('',*,*,#2380,.T.);
#2545 = ORIENTED_EDGE('',*,*,#2546,.T.);
#2546 = EDGE_CURVE('',#2381,#2267,#2547,.T.);
#2547 = CIRCLE('',#2548,0.18);
#2548 = AXIS2_PLACEMENT_3D('',#2549,#2550,#2551);
#2549 = CARTESIAN_POINT('',(6.82,0.18,10.42));
#2550 = DIRECTION('',(1.,6.123233995737E-17,0.));
#2551 = DIRECTION('',(6.123233995737E-17,-1.,0.));
#2552 = ORIENTED_EDGE('',*,*,#2266,.F.);
#2553 = CYLINDRICAL_SURFACE('',#2554,0.18);
#2554 = AXIS2_PLACEMENT_3D('',#2555,#2556,#2557);
#2555 = CARTESIAN_POINT('',(3.5,0.18,10.42));
#2556 = DIRECTION('',(1.,0.,-0.));
#2557 = DIRECTION('',(0.,-1.,0.));
#2558 = ADVANCED_FACE('',(#2559),#2586,.T.);
#2559 = FACE_BOUND('',#2560,.F.);
#2560 = EDGE_LOOP('',(#2561,#2571,#2578,#2579));
#2561 = ORIENTED_EDGE('',*,*,#2562,.F.);
#2562 = EDGE_CURVE('',#2563,#2565,#2567,.T.);
#2563 = VERTEX_POINT('',#2564);
#2564 = CARTESIAN_POINT('',(7.,0.18,0.18));
#2565 = VERTEX_POINT('',#2566);
#2566 = CARTESIAN_POINT('',(7.,0.18,10.42));
#2567 = LINE('',#2568,#2569);
#2568 = CARTESIAN_POINT('',(7.,0.18,0.));
#2569 = VECTOR('',#2570,1.);
#2570 = DIRECTION('',(0.,0.,1.));
#2571 = ORIENTED_EDGE('',*,*,#2572,.T.);
#2572 = EDGE_CURVE('',#2563,#2275,#2573,.T.);
#2573 = CIRCLE('',#2574,0.18);
#2574 = AXIS2_PLACEMENT_3D('',#2575,#2576,#2577);
#2575 = CARTESIAN_POINT('',(6.82,0.18,0.18));
#2576 = DIRECTION('',(0.,-0.,-1.));
#2577 = DIRECTION('',(1.,0.,-0.));
#2578 = ORIENTED_EDGE('',*,*,#2274,.T.);
#2579 = ORIENTED_EDGE('',*,*,#2580,.F.);
#2580 = EDGE_CURVE('',#2565,#2267,#2581,.T.);
#2581 = CIRCLE('',#2582,0.18);
#2582 = AXIS2_PLACEMENT_3D('',#2583,#2584,#2585);
#2583 = CARTESIAN_POINT('',(6.82,0.18,10.42));
#2584 = DIRECTION('',(0.,0.,-1.));
#2585 = DIRECTION('',(1.,0.,0.));
#2586 = CYLINDRICAL_SURFACE('',#2587,0.18);
#2587 = AXIS2_PLACEMENT_3D('',#2588,#2589,#2590);
#2588 = CARTESIAN_POINT('',(6.82,0.18,0.));
#2589 = DIRECTION('',(0.,0.,1.));
#2590 = DIRECTION('',(1.,0.,-0.));
#2591 = ADVANCED_FACE('',(#2592),#2617,.F.);
#2592 = FACE_BOUND('',#2593,.F.);
#2593 = EDGE_LOOP('',(#2594,#2595,#2603,#2611));
#2594 = ORIENTED_EDGE('',*,*,#2290,.T.);
#2595 = ORIENTED_EDGE('',*,*,#2596,.T.);
#2596 = EDGE_CURVE('',#2293,#2597,#2599,.T.);
#2597 = VERTEX_POINT('',#2598);
#2598 = CARTESIAN_POINT('',(6.35,4.3,4.782623792125));
#2599 = LINE('',#2600,#2601);
#2600 = CARTESIAN_POINT('',(6.35,-5.E-02,4.782623792125));
#2601 = VECTOR('',#2602,1.);
#2602 = DIRECTION('',(0.,1.,0.));
#2603 = ORIENTED_EDGE('',*,*,#2604,.T.);
#2604 = EDGE_CURVE('',#2597,#2605,#2607,.T.);
#2605 = VERTEX_POINT('',#2606);
#2606 = CARTESIAN_POINT('',(6.35,4.3,8.1));
#2607 = LINE('',#2608,#2609);
#2608 = CARTESIAN_POINT('',(6.35,4.3,4.));
#2609 = VECTOR('',#2610,1.);
#2610 = DIRECTION('',(0.,0.,1.));
#2611 = ORIENTED_EDGE('',*,*,#2612,.F.);
#2612 = EDGE_CURVE('',#2291,#2605,#2613,.T.);
#2613 = LINE('',#2614,#2615);
#2614 = CARTESIAN_POINT('',(6.35,-5.E-02,8.1));
#2615 = VECTOR('',#2616,1.);
#2616 = DIRECTION('',(-0.,1.,0.));
#2617 = PLANE('',#2618);
#2618 = AXIS2_PLACEMENT_3D('',#2619,#2620,#2621);
#2619 = CARTESIAN_POINT('',(6.35,-5.E-02,4.));
#2620 = DIRECTION('',(1.,0.,-0.));
#2621 = DIRECTION('',(0.,0.,1.));
#2622 = ADVANCED_FACE('',(#2623),#2642,.F.);
#2623 = FACE_BOUND('',#2624,.F.);
#2624 = EDGE_LOOP('',(#2625,#2634,#2635,#2636));
#2625 = ORIENTED_EDGE('',*,*,#2626,.F.);
#2626 = EDGE_CURVE('',#2597,#2627,#2629,.T.);
#2627 = VERTEX_POINT('',#2628);
#2628 = CARTESIAN_POINT('',(4.15,4.3,4.782623792125));
#2629 = CIRCLE('',#2630,1.35);
#2630 = AXIS2_PLACEMENT_3D('',#2631,#2632,#2633);
#2631 = CARTESIAN_POINT('',(5.25,4.3,4.));
#2632 = DIRECTION('',(0.,1.,0.));
#2633 = DIRECTION('',(0.,-0.,1.));
#2634 = ORIENTED_EDGE('',*,*,#2596,.F.);
#2635 = ORIENTED_EDGE('',*,*,#2316,.T.);
#2636 = ORIENTED_EDGE('',*,*,#2637,.T.);
#2637 = EDGE_CURVE('',#2309,#2627,#2638,.T.);
#2638 = LINE('',#2639,#2640);
#2639 = CARTESIAN_POINT('',(4.15,-5.E-02,4.782623792125));
#2640 = VECTOR('',#2641,1.);
#2641 = DIRECTION('',(0.,1.,0.));
#2642 = CYLINDRICAL_SURFACE('',#2643,1.35);
#2643 = AXIS2_PLACEMENT_3D('',#2644,#2645,#2646);
#2644 = CARTESIAN_POINT('',(5.25,-5.E-02,4.));
#2645 = DIRECTION('',(0.,1.,0.));
#2646 = DIRECTION('',(0.,-0.,1.));
#2647 = ADVANCED_FACE('',(#2648),#2666,.T.);
#2648 = FACE_BOUND('',#2649,.T.);
#2649 = EDGE_LOOP('',(#2650,#2651,#2652,#2660));
#2650 = ORIENTED_EDGE('',*,*,#2308,.T.);
#2651 = ORIENTED_EDGE('',*,*,#2637,.T.);
#2652 = ORIENTED_EDGE('',*,*,#2653,.T.);
#2653 = EDGE_CURVE('',#2627,#2654,#2656,.T.);
#2654 = VERTEX_POINT('',#2655);
#2655 = CARTESIAN_POINT('',(4.15,4.3,8.1));
#2656 = LINE('',#2657,#2658);
#2657 = CARTESIAN_POINT('',(4.15,4.3,4.));
#2658 = VECTOR('',#2659,1.);
#2659 = DIRECTION('',(0.,0.,1.));
#2660 = ORIENTED_EDGE('',*,*,#2661,.F.);
#2661 = EDGE_CURVE('',#2301,#2654,#2662,.T.);
#2662 = LINE('',#2663,#2664);
#2663 = CARTESIAN_POINT('',(4.15,-5.E-02,8.1));
#2664 = VECTOR('',#2665,1.);
#2665 = DIRECTION('',(-0.,1.,0.));
#2666 = PLANE('',#2667);
#2667 = AXIS2_PLACEMENT_3D('',#2668,#2669,#2670);
#2668 = CARTESIAN_POINT('',(4.15,-5.E-02,4.));
#2669 = DIRECTION('',(1.,0.,-0.));
#2670 = DIRECTION('',(0.,0.,1.));
#2671 = ADVANCED_FACE('',(#2672),#2683,.F.);
#2672 = FACE_BOUND('',#2673,.F.);
#2673 = EDGE_LOOP('',(#2674,#2675,#2676,#2677));
#2674 = ORIENTED_EDGE('',*,*,#2661,.F.);
#2675 = ORIENTED_EDGE('',*,*,#2300,.T.);
#2676 = ORIENTED_EDGE('',*,*,#2612,.T.);
#2677 = ORIENTED_EDGE('',*,*,#2678,.F.);
#2678 = EDGE_CURVE('',#2654,#2605,#2679,.T.);
#2679 = LINE('',#2680,#2681);
#2680 = CARTESIAN_POINT('',(4.15,4.3,8.1));
#2681 = VECTOR('',#2682,1.);
#2682 = DIRECTION('',(1.,0.,-0.));
#2683 = PLANE('',#2684);
#2684 = AXIS2_PLACEMENT_3D('',#2685,#2686,#2687);
#2685 = CARTESIAN_POINT('',(4.15,-5.E-02,8.1));
#2686 = DIRECTION('',(0.,0.,1.));
#2687 = DIRECTION('',(1.,0.,-0.));
#2688 = ADVANCED_FACE('',(#2689),#2701,.T.);
#2689 = FACE_BOUND('',#2690,.F.);
#2690 = EDGE_LOOP('',(#2691,#2692,#2693,#2700));
#2691 = ORIENTED_EDGE('',*,*,#2363,.F.);
#2692 = ORIENTED_EDGE('',*,*,#2348,.T.);
#2693 = ORIENTED_EDGE('',*,*,#2694,.T.);
#2694 = EDGE_CURVE('',#2341,#2471,#2695,.T.);
#2695 = CIRCLE('',#2696,0.18);
#2696 = AXIS2_PLACEMENT_3D('',#2697,#2698,#2699);
#2697 = CARTESIAN_POINT('',(6.82,12.32,0.18));
#2698 = DIRECTION('',(1.,-6.123233995737E-17,0.));
#2699 = DIRECTION('',(6.123233995737E-17,1.,0.));
#2700 = ORIENTED_EDGE('',*,*,#2478,.F.);
#2701 = CYLINDRICAL_SURFACE('',#2702,0.18);
#2702 = AXIS2_PLACEMENT_3D('',#2703,#2704,#2705);
#2703 = CARTESIAN_POINT('',(3.5,12.32,0.18));
#2704 = DIRECTION('',(1.,0.,-0.));
#2705 = DIRECTION('',(0.,1.,0.));
#2706 = ADVANCED_FACE('',(#2707),#2732,.T.);
#2707 = FACE_BOUND('',#2708,.T.);
#2708 = EDGE_LOOP('',(#2709,#2716,#2717,#2726));
#2709 = ORIENTED_EDGE('',*,*,#2710,.F.);
#2710 = EDGE_CURVE('',#2333,#2563,#2711,.T.);
#2711 = CIRCLE('',#2712,0.18);
#2712 = AXIS2_PLACEMENT_3D('',#2713,#2714,#2715);
#2713 = CARTESIAN_POINT('',(6.82,0.18,0.18));
#2714 = DIRECTION('',(0.,-1.,0.));
#2715 = DIRECTION('',(1.,0.,0.));
#2716 = ORIENTED_EDGE('',*,*,#2340,.T.);
#2717 = ORIENTED_EDGE('',*,*,#2718,.T.);
#2718 = EDGE_CURVE('',#2341,#2719,#2721,.T.);
#2719 = VERTEX_POINT('',#2720);
#2720 = CARTESIAN_POINT('',(7.,12.32,0.18));
#2721 = CIRCLE('',#2722,0.18);
#2722 = AXIS2_PLACEMENT_3D('',#2723,#2724,#2725);
#2723 = CARTESIAN_POINT('',(6.82,12.32,0.18));
#2724 = DIRECTION('',(0.,-1.,0.));
#2725 = DIRECTION('',(1.,0.,0.));
#2726 = ORIENTED_EDGE('',*,*,#2727,.F.);
#2727 = EDGE_CURVE('',#2563,#2719,#2728,.T.);
#2728 = LINE('',#2729,#2730);
#2729 = CARTESIAN_POINT('',(7.,0.,0.18));
#2730 = VECTOR('',#2731,1.);
#2731 = DIRECTION('',(-0.,1.,0.));
#2732 = CYLINDRICAL_SURFACE('',#2733,0.18);
#2733 = AXIS2_PLACEMENT_3D('',#2734,#2735,#2736);
#2734 = CARTESIAN_POINT('',(6.82,0.,0.18));
#2735 = DIRECTION('',(-0.,1.,0.));
#2736 = DIRECTION('',(1.,0.,-0.));
#2737 = ADVANCED_FACE('',(#2738),#2750,.T.);
#2738 = FACE_BOUND('',#2739,.T.);
#2739 = EDGE_LOOP('',(#2740,#2741,#2742,#2749));
#2740 = ORIENTED_EDGE('',*,*,#2445,.T.);
#2741 = ORIENTED_EDGE('',*,*,#2396,.T.);
#2742 = ORIENTED_EDGE('',*,*,#2743,.F.);
#2743 = EDGE_CURVE('',#2463,#2389,#2744,.T.);
#2744 = CIRCLE('',#2745,0.18);
#2745 = AXIS2_PLACEMENT_3D('',#2746,#2747,#2748);
#2746 = CARTESIAN_POINT('',(6.82,12.32,10.42));
#2747 = DIRECTION('',(1.,0.,-6.123233995737E-17));
#2748 = DIRECTION('',(6.123233995737E-17,0.,1.));
#2749 = ORIENTED_EDGE('',*,*,#2462,.F.);
#2750 = CYLINDRICAL_SURFACE('',#2751,0.18);
#2751 = AXIS2_PLACEMENT_3D('',#2752,#2753,#2754);
#2752 = CARTESIAN_POINT('',(3.5,12.32,10.42));
#2753 = DIRECTION('',(1.,0.,-0.));
#2754 = DIRECTION('',(0.,1.,0.));
#2755 = ADVANCED_FACE('',(#2756),#2781,.T.);
#2756 = FACE_BOUND('',#2757,.F.);
#2757 = EDGE_LOOP('',(#2758,#2765,#2766,#2775));
#2758 = ORIENTED_EDGE('',*,*,#2759,.F.);
#2759 = EDGE_CURVE('',#2381,#2565,#2760,.T.);
#2760 = CIRCLE('',#2761,0.18);
#2761 = AXIS2_PLACEMENT_3D('',#2762,#2763,#2764);
#2762 = CARTESIAN_POINT('',(6.82,0.18,10.42));
#2763 = DIRECTION('',(-0.,1.,0.));
#2764 = DIRECTION('',(1.,0.,0.));
#2765 = ORIENTED_EDGE('',*,*,#2388,.T.);
#2766 = ORIENTED_EDGE('',*,*,#2767,.F.);
#2767 = EDGE_CURVE('',#2768,#2389,#2770,.T.);
#2768 = VERTEX_POINT('',#2769);
#2769 = CARTESIAN_POINT('',(7.,12.32,10.42));
#2770 = CIRCLE('',#2771,0.18);
#2771 = AXIS2_PLACEMENT_3D('',#2772,#2773,#2774);
#2772 = CARTESIAN_POINT('',(6.82,12.32,10.42));
#2773 = DIRECTION('',(0.,-1.,-0.));
#2774 = DIRECTION('',(1.,0.,0.));
#2775 = ORIENTED_EDGE('',*,*,#2776,.F.);
#2776 = EDGE_CURVE('',#2565,#2768,#2777,.T.);
#2777 = LINE('',#2778,#2779);
#2778 = CARTESIAN_POINT('',(7.,0.,10.42));
#2779 = VECTOR('',#2780,1.);
#2780 = DIRECTION('',(-0.,1.,0.));
#2781 = CYLINDRICAL_SURFACE('',#2782,0.18);
#2782 = AXIS2_PLACEMENT_3D('',#2783,#2784,#2785);
#2783 = CARTESIAN_POINT('',(6.82,0.,10.42));
#2784 = DIRECTION('',(-0.,1.,0.));
#2785 = DIRECTION('',(1.,0.,-0.));
#2786 = ADVANCED_FACE('',(#2787),#2812,.T.);
#2787 = FACE_BOUND('',#2788,.T.);
#2788 = EDGE_LOOP('',(#2789,#2797,#2805,#2811));
#2789 = ORIENTED_EDGE('',*,*,#2790,.F.);
#2790 = EDGE_CURVE('',#2791,#2405,#2793,.T.);
#2791 = VERTEX_POINT('',#2792);
#2792 = CARTESIAN_POINT('',(6.66,0.75,8.62));
#2793 = LINE('',#2794,#2795);
#2794 = CARTESIAN_POINT('',(6.66,0.75,8.62));
#2795 = VECTOR('',#2796,1.);
#2796 = DIRECTION('',(0.,0.,1.));
#2797 = ORIENTED_EDGE('',*,*,#2798,.F.);
#2798 = EDGE_CURVE('',#2799,#2791,#2801,.T.);
#2799 = VERTEX_POINT('',#2800);
#2800 = CARTESIAN_POINT('',(3.84,0.75,8.62));
#2801 = LINE('',#2802,#2803);
#2802 = CARTESIAN_POINT('',(3.84,0.75,8.62));
#2803 = VECTOR('',#2804,1.);
#2804 = DIRECTION('',(1.,0.,-0.));
#2805 = ORIENTED_EDGE('',*,*,#2806,.T.);
#2806 = EDGE_CURVE('',#2799,#2407,#2807,.T.);
#2807 = LINE('',#2808,#2809);
#2808 = CARTESIAN_POINT('',(3.84,0.75,8.62));
#2809 = VECTOR('',#2810,1.);
#2810 = DIRECTION('',(0.,0.,1.));
#2811 = ORIENTED_EDGE('',*,*,#2404,.F.);
#2812 = PLANE('',#2813);
#2813 = AXIS2_PLACEMENT_3D('',#2814,#2815,#2816);
#2814 = CARTESIAN_POINT('',(3.84,0.75,8.62));
#2815 = DIRECTION('',(-0.,1.,0.));
#2816 = DIRECTION('',(0.,0.,1.));
#2817 = ADVANCED_FACE('',(#2818),#2836,.F.);
#2818 = FACE_BOUND('',#2819,.F.);
#2819 = EDGE_LOOP('',(#2820,#2821,#2829,#2835));
#2820 = ORIENTED_EDGE('',*,*,#2790,.F.);
#2821 = ORIENTED_EDGE('',*,*,#2822,.T.);
#2822 = EDGE_CURVE('',#2791,#2823,#2825,.T.);
#2823 = VERTEX_POINT('',#2824);
#2824 = CARTESIAN_POINT('',(6.66,9.5,8.62));
#2825 = LINE('',#2826,#2827);
#2826 = CARTESIAN_POINT('',(6.66,0.75,8.62));
#2827 = VECTOR('',#2828,1.);
#2828 = DIRECTION('',(-0.,1.,0.));
#2829 = ORIENTED_EDGE('',*,*,#2830,.T.);
#2830 = EDGE_CURVE('',#2823,#2423,#2831,.T.);
#2831 = LINE('',#2832,#2833);
#2832 = CARTESIAN_POINT('',(6.66,9.5,8.62));
#2833 = VECTOR('',#2834,1.);
#2834 = DIRECTION('',(0.,0.,1.));
#2835 = ORIENTED_EDGE('',*,*,#2430,.F.);
#2836 = PLANE('',#2837);
#2837 = AXIS2_PLACEMENT_3D('',#2838,#2839,#2840);
#2838 = CARTESIAN_POINT('',(6.66,0.75,8.62));
#2839 = DIRECTION('',(1.,0.,-0.));
#2840 = DIRECTION('',(0.,0.,1.));
#2841 = ADVANCED_FACE('',(#2842),#2860,.F.);
#2842 = FACE_BOUND('',#2843,.F.);
#2843 = EDGE_LOOP('',(#2844,#2845,#2853,#2859));
#2844 = ORIENTED_EDGE('',*,*,#2830,.F.);
#2845 = ORIENTED_EDGE('',*,*,#2846,.F.);
#2846 = EDGE_CURVE('',#2847,#2823,#2849,.T.);
#2847 = VERTEX_POINT('',#2848);
#2848 = CARTESIAN_POINT('',(3.84,9.5,8.62));
#2849 = LINE('',#2850,#2851);
#2850 = CARTESIAN_POINT('',(3.84,9.5,8.62));
#2851 = VECTOR('',#2852,1.);
#2852 = DIRECTION('',(1.,0.,-0.));
#2853 = ORIENTED_EDGE('',*,*,#2854,.T.);
#2854 = EDGE_CURVE('',#2847,#2415,#2855,.T.);
#2855 = LINE('',#2856,#2857);
#2856 = CARTESIAN_POINT('',(3.84,9.5,8.62));
#2857 = VECTOR('',#2858,1.);
#2858 = DIRECTION('',(0.,0.,1.));
#2859 = ORIENTED_EDGE('',*,*,#2422,.F.);
#2860 = PLANE('',#2861);
#2861 = AXIS2_PLACEMENT_3D('',#2862,#2863,#2864);
#2862 = CARTESIAN_POINT('',(3.84,9.5,8.62));
#2863 = DIRECTION('',(-0.,1.,0.));
#2864 = DIRECTION('',(0.,0.,1.));
#2865 = ADVANCED_FACE('',(#2866),#2877,.T.);
#2866 = FACE_BOUND('',#2867,.T.);
#2867 = EDGE_LOOP('',(#2868,#2869,#2875,#2876));
#2868 = ORIENTED_EDGE('',*,*,#2806,.F.);
#2869 = ORIENTED_EDGE('',*,*,#2870,.T.);
#2870 = EDGE_CURVE('',#2799,#2847,#2871,.T.);
#2871 = LINE('',#2872,#2873);
#2872 = CARTESIAN_POINT('',(3.84,0.75,8.62));
#2873 = VECTOR('',#2874,1.);
#2874 = DIRECTION('',(-0.,1.,0.));
#2875 = ORIENTED_EDGE('',*,*,#2854,.T.);
#2876 = ORIENTED_EDGE('',*,*,#2414,.F.);
#2877 = PLANE('',#2878);
#2878 = AXIS2_PLACEMENT_3D('',#2879,#2880,#2881);
#2879 = CARTESIAN_POINT('',(3.84,0.75,8.62));
#2880 = DIRECTION('',(1.,0.,-0.));
#2881 = DIRECTION('',(0.,0.,1.));
#2882 = ADVANCED_FACE('',(#2883),#2906,.T.);
#2883 = FACE_BOUND('',#2884,.T.);
#2884 = EDGE_LOOP('',(#2885,#2891,#2898,#2899));
#2885 = ORIENTED_EDGE('',*,*,#2886,.F.);
#2886 = EDGE_CURVE('',#2719,#2768,#2887,.T.);
#2887 = LINE('',#2888,#2889);
#2888 = CARTESIAN_POINT('',(7.,12.32,0.));
#2889 = VECTOR('',#2890,1.);
#2890 = DIRECTION('',(0.,0.,1.));
#2891 = ORIENTED_EDGE('',*,*,#2892,.T.);
#2892 = EDGE_CURVE('',#2719,#2471,#2893,.T.);
#2893 = CIRCLE('',#2894,0.18);
#2894 = AXIS2_PLACEMENT_3D('',#2895,#2896,#2897);
#2895 = CARTESIAN_POINT('',(6.82,12.32,0.18));
#2896 = DIRECTION('',(0.,0.,1.));
#2897 = DIRECTION('',(1.,0.,-0.));
#2898 = ORIENTED_EDGE('',*,*,#2470,.T.);
#2899 = ORIENTED_EDGE('',*,*,#2900,.T.);
#2900 = EDGE_CURVE('',#2463,#2768,#2901,.T.);
#2901 = CIRCLE('',#2902,0.18);
#2902 = AXIS2_PLACEMENT_3D('',#2903,#2904,#2905);
#2903 = CARTESIAN_POINT('',(6.82,12.32,10.42));
#2904 = DIRECTION('',(0.,0.,-1.));
#2905 = DIRECTION('',(1.,0.,0.));
#2906 = CYLINDRICAL_SURFACE('',#2907,0.18);
#2907 = AXIS2_PLACEMENT_3D('',#2908,#2909,#2910);
#2908 = CARTESIAN_POINT('',(6.82,12.32,0.));
#2909 = DIRECTION('',(0.,0.,1.));
#2910 = DIRECTION('',(1.,0.,-0.));
#2911 = ADVANCED_FACE('',(#2912),#2937,.F.);
#2912 = FACE_BOUND('',#2913,.F.);
#2913 = EDGE_LOOP('',(#2914,#2922,#2930,#2936));
#2914 = ORIENTED_EDGE('',*,*,#2915,.F.);
#2915 = EDGE_CURVE('',#2916,#2487,#2918,.T.);
#2916 = VERTEX_POINT('',#2917);
#2917 = CARTESIAN_POINT('',(4.025,10.55,9.75));
#2918 = LINE('',#2919,#2920);
#2919 = CARTESIAN_POINT('',(4.025,10.55,9.75));
#2920 = VECTOR('',#2921,1.);
#2921 = DIRECTION('',(-0.,1.,0.));
#2922 = ORIENTED_EDGE('',*,*,#2923,.T.);
#2923 = EDGE_CURVE('',#2916,#2924,#2926,.T.);
#2924 = VERTEX_POINT('',#2925);
#2925 = CARTESIAN_POINT('',(6.475,10.55,9.75));
#2926 = LINE('',#2927,#2928);
#2927 = CARTESIAN_POINT('',(4.025,10.55,9.75));
#2928 = VECTOR('',#2929,1.);
#2929 = DIRECTION('',(1.,0.,-0.));
#2930 = ORIENTED_EDGE('',*,*,#2931,.T.);
#2931 = EDGE_CURVE('',#2924,#2489,#2932,.T.);
#2932 = LINE('',#2933,#2934);
#2933 = CARTESIAN_POINT('',(6.475,10.55,9.75));
#2934 = VECTOR('',#2935,1.);
#2935 = DIRECTION('',(-0.,1.,0.));
#2936 = ORIENTED_EDGE('',*,*,#2486,.F.);
#2937 = PLANE('',#2938);
#2938 = AXIS2_PLACEMENT_3D('',#2939,#2940,#2941);
#2939 = CARTESIAN_POINT('',(4.025,10.55,9.75));
#2940 = DIRECTION('',(0.,0.,1.));
#2941 = DIRECTION('',(1.,0.,-0.));
#2942 = ADVANCED_FACE('',(#2943),#2961,.F.);
#2943 = FACE_BOUND('',#2944,.F.);
#2944 = EDGE_LOOP('',(#2945,#2946,#2954,#2960));
#2945 = ORIENTED_EDGE('',*,*,#2931,.F.);
#2946 = ORIENTED_EDGE('',*,*,#2947,.F.);
#2947 = EDGE_CURVE('',#2948,#2924,#2950,.T.);
#2948 = VERTEX_POINT('',#2949);
#2949 = CARTESIAN_POINT('',(6.475,10.55,7.2));
#2950 = LINE('',#2951,#2952);
#2951 = CARTESIAN_POINT('',(6.475,10.55,7.2));
#2952 = VECTOR('',#2953,1.);
#2953 = DIRECTION('',(0.,0.,1.));
#2954 = ORIENTED_EDGE('',*,*,#2955,.T.);
#2955 = EDGE_CURVE('',#2948,#2505,#2956,.T.);
#2956 = LINE('',#2957,#2958);
#2957 = CARTESIAN_POINT('',(6.475,10.55,7.2));
#2958 = VECTOR('',#2959,1.);
#2959 = DIRECTION('',(-0.,1.,0.));
#2960 = ORIENTED_EDGE('',*,*,#2512,.F.);
#2961 = PLANE('',#2962);
#2962 = AXIS2_PLACEMENT_3D('',#2963,#2964,#2965);
#2963 = CARTESIAN_POINT('',(6.475,10.55,7.2));
#2964 = DIRECTION('',(1.,0.,-0.));
#2965 = DIRECTION('',(0.,0.,1.));
#2966 = ADVANCED_FACE('',(#2967),#2985,.T.);
#2967 = FACE_BOUND('',#2968,.T.);
#2968 = EDGE_LOOP('',(#2969,#2977,#2983,#2984));
#2969 = ORIENTED_EDGE('',*,*,#2970,.F.);
#2970 = EDGE_CURVE('',#2971,#2497,#2973,.T.);
#2971 = VERTEX_POINT('',#2972);
#2972 = CARTESIAN_POINT('',(4.025,10.55,7.2));
#2973 = LINE('',#2974,#2975);
#2974 = CARTESIAN_POINT('',(4.025,10.55,7.2));
#2975 = VECTOR('',#2976,1.);
#2976 = DIRECTION('',(-0.,1.,0.));
#2977 = ORIENTED_EDGE('',*,*,#2978,.T.);
#2978 = EDGE_CURVE('',#2971,#2948,#2979,.T.);
#2979 = LINE('',#2980,#2981);
#2980 = CARTESIAN_POINT('',(4.025,10.55,7.2));
#2981 = VECTOR('',#2982,1.);
#2982 = DIRECTION('',(1.,0.,-0.));
#2983 = ORIENTED_EDGE('',*,*,#2955,.T.);
#2984 = ORIENTED_EDGE('',*,*,#2504,.F.);
#2985 = PLANE('',#2986);
#2986 = AXIS2_PLACEMENT_3D('',#2987,#2988,#2989);
#2987 = CARTESIAN_POINT('',(4.025,10.55,7.2));
#2988 = DIRECTION('',(0.,0.,1.));
#2989 = DIRECTION('',(1.,0.,-0.));
#2990 = ADVANCED_FACE('',(#2991),#3002,.T.);
#2991 = FACE_BOUND('',#2992,.T.);
#2992 = EDGE_LOOP('',(#2993,#2994,#3000,#3001));
#2993 = ORIENTED_EDGE('',*,*,#2915,.F.);
#2994 = ORIENTED_EDGE('',*,*,#2995,.F.);
#2995 = EDGE_CURVE('',#2971,#2916,#2996,.T.);
#2996 = LINE('',#2997,#2998);
#2997 = CARTESIAN_POINT('',(4.025,10.55,7.2));
#2998 = VECTOR('',#2999,1.);
#2999 = DIRECTION('',(0.,0.,1.));
#3000 = ORIENTED_EDGE('',*,*,#2970,.T.);
#3001 = ORIENTED_EDGE('',*,*,#2496,.F.);
#3002 = PLANE('',#3003);
#3003 = AXIS2_PLACEMENT_3D('',#3004,#3005,#3006);
#3004 = CARTESIAN_POINT('',(4.025,10.55,7.2));
#3005 = DIRECTION('',(1.,0.,-0.));
#3006 = DIRECTION('',(0.,0.,1.));
#3007 = ADVANCED_FACE('',(#3008),#3013,.T.);
#3008 = FACE_BOUND('',#3009,.F.);
#3009 = EDGE_LOOP('',(#3010,#3011,#3012));
#3010 = ORIENTED_EDGE('',*,*,#2710,.F.);
#3011 = ORIENTED_EDGE('',*,*,#2528,.T.);
#3012 = ORIENTED_EDGE('',*,*,#2572,.F.);
#3013 = SPHERICAL_SURFACE('',#3014,0.18);
#3014 = AXIS2_PLACEMENT_3D('',#3015,#3016,#3017);
#3015 = CARTESIAN_POINT('',(6.82,0.18,0.18));
#3016 = DIRECTION('',(0.,0.,1.));
#3017 = DIRECTION('',(1.,0.,-0.));
#3018 = ADVANCED_FACE('',(#3019),#3024,.T.);
#3019 = FACE_BOUND('',#3020,.T.);
#3020 = EDGE_LOOP('',(#3021,#3022,#3023));
#3021 = ORIENTED_EDGE('',*,*,#2759,.F.);
#3022 = ORIENTED_EDGE('',*,*,#2546,.T.);
#3023 = ORIENTED_EDGE('',*,*,#2580,.F.);
#3024 = SPHERICAL_SURFACE('',#3025,0.18);
#3025 = AXIS2_PLACEMENT_3D('',#3026,#3027,#3028);
#3026 = CARTESIAN_POINT('',(6.82,0.18,10.42));
#3027 = DIRECTION('',(-0.,-0.,-1.));
#3028 = DIRECTION('',(1.,0.,0.));
#3029 = ADVANCED_FACE('',(#3030),#3036,.T.);
#3030 = FACE_BOUND('',#3031,.T.);
#3031 = EDGE_LOOP('',(#3032,#3033,#3034,#3035));
#3032 = ORIENTED_EDGE('',*,*,#2562,.F.);
#3033 = ORIENTED_EDGE('',*,*,#2727,.T.);
#3034 = ORIENTED_EDGE('',*,*,#2886,.T.);
#3035 = ORIENTED_EDGE('',*,*,#2776,.F.);
#3036 = PLANE('',#3037);
#3037 = AXIS2_PLACEMENT_3D('',#3038,#3039,#3040);
#3038 = CARTESIAN_POINT('',(7.,0.,0.));
#3039 = DIRECTION('',(1.,0.,-0.));
#3040 = DIRECTION('',(0.,0.,1.));
#3041 = ADVANCED_FACE('',(#3042),#3047,.T.);
#3042 = FACE_BOUND('',#3043,.T.);
#3043 = EDGE_LOOP('',(#3044,#3045,#3046));
#3044 = ORIENTED_EDGE('',*,*,#2718,.F.);
#3045 = ORIENTED_EDGE('',*,*,#2694,.T.);
#3046 = ORIENTED_EDGE('',*,*,#2892,.F.);
#3047 = SPHERICAL_SURFACE('',#3048,0.18);
#3048 = AXIS2_PLACEMENT_3D('',#3049,#3050,#3051);
#3049 = CARTESIAN_POINT('',(6.82,12.32,0.18));
#3050 = DIRECTION('',(0.,0.,1.));
#3051 = DIRECTION('',(1.,0.,-0.));
#3052 = ADVANCED_FACE('',(#3053),#3058,.T.);
#3053 = FACE_BOUND('',#3054,.T.);
#3054 = EDGE_LOOP('',(#3055,#3056,#3057));
#3055 = ORIENTED_EDGE('',*,*,#2900,.F.);
#3056 = ORIENTED_EDGE('',*,*,#2743,.T.);
#3057 = ORIENTED_EDGE('',*,*,#2767,.F.);
#3058 = SPHERICAL_SURFACE('',#3059,0.18);
#3059 = AXIS2_PLACEMENT_3D('',#3060,#3061,#3062);
#3060 = CARTESIAN_POINT('',(6.82,12.32,10.42));
#3061 = DIRECTION('',(0.,-1.,-0.));
#3062 = DIRECTION('',(1.,0.,0.));
#3063 = ADVANCED_FACE('',(#3064),#3070,.T.);
#3064 = FACE_BOUND('',#3065,.T.);
#3065 = EDGE_LOOP('',(#3066,#3067,#3068,#3069));
#3066 = ORIENTED_EDGE('',*,*,#2870,.F.);
#3067 = ORIENTED_EDGE('',*,*,#2798,.T.);
#3068 = ORIENTED_EDGE('',*,*,#2822,.T.);
#3069 = ORIENTED_EDGE('',*,*,#2846,.F.);
#3070 = PLANE('',#3071);
#3071 = AXIS2_PLACEMENT_3D('',#3072,#3073,#3074);
#3072 = CARTESIAN_POINT('',(3.84,0.75,8.62));
#3073 = DIRECTION('',(0.,0.,1.));
#3074 = DIRECTION('',(1.,0.,-0.));
#3075 = ADVANCED_FACE('',(#3076),#3082,.T.);
#3076 = FACE_BOUND('',#3077,.T.);
#3077 = EDGE_LOOP('',(#3078,#3079,#3080,#3081));
#3078 = ORIENTED_EDGE('',*,*,#2978,.F.);
#3079 = ORIENTED_EDGE('',*,*,#2995,.T.);
#3080 = ORIENTED_EDGE('',*,*,#2923,.T.);
#3081 = ORIENTED_EDGE('',*,*,#2947,.F.);
#3082 = PLANE('',#3083);
#3083 = AXIS2_PLACEMENT_3D('',#3084,#3085,#3086);
#3084 = CARTESIAN_POINT('',(4.025,10.55,7.2));
#3085 = DIRECTION('',(-0.,1.,0.));
#3086 = DIRECTION('',(0.,0.,1.));
#3087 = ADVANCED_FACE('',(#3088),#3094,.T.);
#3088 = FACE_BOUND('',#3089,.T.);
#3089 = EDGE_LOOP('',(#3090,#3091,#3092,#3093));
#3090 = ORIENTED_EDGE('',*,*,#2604,.T.);
#3091 = ORIENTED_EDGE('',*,*,#2678,.F.);
#3092 = ORIENTED_EDGE('',*,*,#2653,.F.);
#3093 = ORIENTED_EDGE('',*,*,#2626,.F.);
#3094 = PLANE('',#3095);
#3095 = AXIS2_PLACEMENT_3D('',#3096,#3097,#3098);
#3096 = CARTESIAN_POINT('',(5.25,4.3,5.616030404352));
#3097 = DIRECTION('',(-0.,-1.,-0.));
#3098 = DIRECTION('',(0.,0.,-1.));
#3099 = ( GEOMETRIC_REPRESENTATION_CONTEXT(3) 
GLOBAL_UNCERTAINTY_ASSIGNED_CONTEXT((#3103)) 
GLOBAL_UNIT_ASSIGNED_CONTEXT((#3100,#3101,#3102)) REPRESENTATION_CONTEXT
('Context #1','3D Context with UNIT and UNCERTAINTY') );
#3100 = ( LENGTH_UNIT() NAMED_UNIT(*) SI_UNIT(.MILLI.,.METRE.) );
#3101 = ( NAMED_UNIT(*) PLANE_ANGLE_UNIT() SI_UNIT($,.RADIAN.) );
#3102 = ( NAMED_UNIT(*) SI_UNIT($,.STERADIAN.) SOLID_ANGLE_UNIT() );
#3103 = UNCERTAINTY_MEASURE_WITH_UNIT(LENGTH_MEASURE(1.E-07),#3100,
  'distance_accuracy_value','confusion accuracy');
#3104 = CONTEXT_DEPENDENT_SHAPE_REPRESENTATION(#3105,#3107);
#3105 = ( REPRESENTATION_RELATIONSHIP('','',#2052,#10) 
REPRESENTATION_RELATIONSHIP_WITH_TRANSFORMATION(#3106) 
SHAPE_REPRESENTATION_RELATIONSHIP() );
#3106 = ITEM_DEFINED_TRANSFORMATION('','',#11,#31);
#3107 = PRODUCT_DEFINITION_SHAPE('Placement','Placement of an item',
  #3108);
#3108 = NEXT_ASSEMBLY_USAGE_OCCURRENCE('5','Housing P2','',#5,#2047,$);
#3109 = PRODUCT_RELATED_PRODUCT_CATEGORY('part',$,(#2049));
#3110 = SHAPE_DEFINITION_REPRESENTATION(#3111,#3117);
#3111 = PRODUCT_DEFINITION_SHAPE('','',#3112);
#3112 = PRODUCT_DEFINITION('design','',#3113,#3116);
#3113 = PRODUCT_DEFINITION_FORMATION('','',#3114);
#3114 = PRODUCT('Actuator P2','Actuator P2','',(#3115));
#3115 = PRODUCT_CONTEXT('',#2,'mechanical');
#3116 = PRODUCT_DEFINITION_CONTEXT('part definition',#2,'design');
#3117 = ADVANCED_BREP_SHAPE_REPRESENTATION('',(#11,#3118),#3488);
#3118 = MANIFOLD_SOLID_BREP('',#3119);
#3119 = CLOSED_SHELL('',(#3120,#3160,#3223,#3277,#3308,#3339,#3363,#3387
    ,#3404,#3416,#3445,#3474));
#3120 = ADVANCED_FACE('',(#3121),#3155,.F.);
#3121 = FACE_BOUND('',#3122,.F.);
#3122 = EDGE_LOOP('',(#3123,#3133,#3141,#3149));
#3123 = ORIENTED_EDGE('',*,*,#3124,.F.);
#3124 = EDGE_CURVE('',#3125,#3127,#3129,.T.);
#3125 = VERTEX_POINT('',#3126);
#3126 = CARTESIAN_POINT('',(6.6,2.15,9.72));
#3127 = VERTEX_POINT('',#3128);
#3128 = CARTESIAN_POINT('',(6.6,2.15,10.47));
#3129 = LINE('',#3130,#3131);
#3130 = CARTESIAN_POINT('',(6.6,2.15,9.72));
#3131 = VECTOR('',#3132,1.);
#3132 = DIRECTION('',(0.,0.,1.));
#3133 = ORIENTED_EDGE('',*,*,#3134,.F.);
#3134 = EDGE_CURVE('',#3135,#3125,#3137,.T.);
#3135 = VERTEX_POINT('',#3136);
#3136 = CARTESIAN_POINT('',(3.9,2.15,9.72));
#3137 = LINE('',#3138,#3139);
#3138 = CARTESIAN_POINT('',(3.9,2.15,9.72));
#3139 = VECTOR('',#3140,1.);
#3140 = DIRECTION('',(1.,0.,-0.));
#3141 = ORIENTED_EDGE('',*,*,#3142,.T.);
#3142 = EDGE_CURVE('',#3135,#3143,#3145,.T.);
#3143 = VERTEX_POINT('',#3144);
#3144 = CARTESIAN_POINT('',(3.9,2.15,10.47));
#3145 = LINE('',#3146,#3147);
#3146 = CARTESIAN_POINT('',(3.9,2.15,9.72));
#3147 = VECTOR('',#3148,1.);
#3148 = DIRECTION('',(0.,0.,1.));
#3149 = ORIENTED_EDGE('',*,*,#3150,.T.);
#3150 = EDGE_CURVE('',#3143,#3127,#3151,.T.);
#3151 = LINE('',#3152,#3153);
#3152 = CARTESIAN_POINT('',(3.87,2.15,10.47));
#3153 = VECTOR('',#3154,1.);
#3154 = DIRECTION('',(1.,0.,-0.));
#3155 = PLANE('',#3156);
#3156 = AXIS2_PLACEMENT_3D('',#3157,#3158,#3159);
#3157 = CARTESIAN_POINT('',(3.9,2.15,9.72));
#3158 = DIRECTION('',(-0.,1.,0.));
#3159 = DIRECTION('',(0.,0.,1.));
#3160 = ADVANCED_FACE('',(#3161),#3218,.F.);
#3161 = FACE_BOUND('',#3162,.F.);
#3162 = EDGE_LOOP('',(#3163,#3173,#3181,#3189,#3197,#3205,#3211,#3212));
#3163 = ORIENTED_EDGE('',*,*,#3164,.F.);
#3164 = EDGE_CURVE('',#3165,#3167,#3169,.T.);
#3165 = VERTEX_POINT('',#3166);
#3166 = CARTESIAN_POINT('',(3.84,4.15,10.47));
#3167 = VERTEX_POINT('',#3168);
#3168 = CARTESIAN_POINT('',(3.9,4.15,10.47));
#3169 = LINE('',#3170,#3171);
#3170 = CARTESIAN_POINT('',(3.84,4.15,10.47));
#3171 = VECTOR('',#3172,1.);
#3172 = DIRECTION('',(1.,0.,-0.));
#3173 = ORIENTED_EDGE('',*,*,#3174,.F.);
#3174 = EDGE_CURVE('',#3175,#3165,#3177,.T.);
#3175 = VERTEX_POINT('',#3176);
#3176 = CARTESIAN_POINT('',(3.84,2.,10.47));
#3177 = LINE('',#3178,#3179);
#3178 = CARTESIAN_POINT('',(3.84,2.,10.47));
#3179 = VECTOR('',#3180,1.);
#3180 = DIRECTION('',(-0.,1.,0.));
#3181 = ORIENTED_EDGE('',*,*,#3182,.T.);
#3182 = EDGE_CURVE('',#3175,#3183,#3185,.T.);
#3183 = VERTEX_POINT('',#3184);
#3184 = CARTESIAN_POINT('',(6.66,2.,10.47));
#3185 = LINE('',#3186,#3187);
#3186 = CARTESIAN_POINT('',(3.84,2.,10.47));
#3187 = VECTOR('',#3188,1.);
#3188 = DIRECTION('',(1.,0.,-0.));
#3189 = ORIENTED_EDGE('',*,*,#3190,.T.);
#3190 = EDGE_CURVE('',#3183,#3191,#3193,.T.);
#3191 = VERTEX_POINT('',#3192);
#3192 = CARTESIAN_POINT('',(6.66,4.15,10.47));
#3193 = LINE('',#3194,#3195);
#3194 = CARTESIAN_POINT('',(6.66,2.,10.47));
#3195 = VECTOR('',#3196,1.);
#3196 = DIRECTION('',(-0.,1.,0.));
#3197 = ORIENTED_EDGE('',*,*,#3198,.F.);
#3198 = EDGE_CURVE('',#3199,#3191,#3201,.T.);
#3199 = VERTEX_POINT('',#3200);
#3200 = CARTESIAN_POINT('',(6.6,4.15,10.47));
#3201 = LINE('',#3202,#3203);
#3202 = CARTESIAN_POINT('',(3.84,4.15,10.47));
#3203 = VECTOR('',#3204,1.);
#3204 = DIRECTION('',(1.,0.,-0.));
#3205 = ORIENTED_EDGE('',*,*,#3206,.T.);
#3206 = EDGE_CURVE('',#3199,#3127,#3207,.T.);
#3207 = LINE('',#3208,#3209);
#3208 = CARTESIAN_POINT('',(6.6,2.075,10.47));
#3209 = VECTOR('',#3210,1.);
#3210 = DIRECTION('',(0.,-1.,0.));
#3211 = ORIENTED_EDGE('',*,*,#3150,.F.);
#3212 = ORIENTED_EDGE('',*,*,#3213,.F.);
#3213 = EDGE_CURVE('',#3167,#3143,#3214,.T.);
#3214 = LINE('',#3215,#3216);
#3215 = CARTESIAN_POINT('',(3.9,2.075,10.47));
#3216 = VECTOR('',#3217,1.);
#3217 = DIRECTION('',(0.,-1.,0.));
#3218 = PLANE('',#3219);
#3219 = AXIS2_PLACEMENT_3D('',#3220,#3221,#3222);
#3220 = CARTESIAN_POINT('',(3.84,2.,10.47));
#3221 = DIRECTION('',(0.,0.,1.));
#3222 = DIRECTION('',(1.,0.,-0.));
#3223 = ADVANCED_FACE('',(#3224),#3272,.T.);
#3224 = FACE_BOUND('',#3225,.T.);
#3225 = EDGE_LOOP('',(#3226,#3227,#3235,#3243,#3249,#3250,#3258,#3266));
#3226 = ORIENTED_EDGE('',*,*,#3164,.F.);
#3227 = ORIENTED_EDGE('',*,*,#3228,.T.);
#3228 = EDGE_CURVE('',#3165,#3229,#3231,.T.);
#3229 = VERTEX_POINT('',#3230);
#3230 = CARTESIAN_POINT('',(3.84,4.15,10.92));
#3231 = LINE('',#3232,#3233);
#3232 = CARTESIAN_POINT('',(3.84,4.15,10.47));
#3233 = VECTOR('',#3234,1.);
#3234 = DIRECTION('',(0.,0.,1.));
#3235 = ORIENTED_EDGE('',*,*,#3236,.T.);
#3236 = EDGE_CURVE('',#3229,#3237,#3239,.T.);
#3237 = VERTEX_POINT('',#3238);
#3238 = CARTESIAN_POINT('',(6.66,4.15,10.92));
#3239 = LINE('',#3240,#3241);
#3240 = CARTESIAN_POINT('',(3.84,4.15,10.92));
#3241 = VECTOR('',#3242,1.);
#3242 = DIRECTION('',(1.,0.,-0.));
#3243 = ORIENTED_EDGE('',*,*,#3244,.F.);
#3244 = EDGE_CURVE('',#3191,#3237,#3245,.T.);
#3245 = LINE('',#3246,#3247);
#3246 = CARTESIAN_POINT('',(6.66,4.15,10.47));
#3247 = VECTOR('',#3248,1.);
#3248 = DIRECTION('',(0.,0.,1.));
#3249 = ORIENTED_EDGE('',*,*,#3198,.F.);
#3250 = ORIENTED_EDGE('',*,*,#3251,.T.);
#3251 = EDGE_CURVE('',#3199,#3252,#3254,.T.);
#3252 = VERTEX_POINT('',#3253);
#3253 = CARTESIAN_POINT('',(6.6,4.15,10.72));
#3254 = LINE('',#3255,#3256);
#3255 = CARTESIAN_POINT('',(6.6,4.15,10.095));
#3256 = VECTOR('',#3257,1.);
#3257 = DIRECTION('',(0.,0.,1.));
#3258 = ORIENTED_EDGE('',*,*,#3259,.T.);
#3259 = EDGE_CURVE('',#3252,#3260,#3262,.T.);
#3260 = VERTEX_POINT('',#3261);
#3261 = CARTESIAN_POINT('',(3.9,4.15,10.72));
#3262 = LINE('',#3263,#3264);
#3263 = CARTESIAN_POINT('',(3.87,4.15,10.72));
#3264 = VECTOR('',#3265,1.);
#3265 = DIRECTION('',(-1.,-0.,0.));
#3266 = ORIENTED_EDGE('',*,*,#3267,.F.);
#3267 = EDGE_CURVE('',#3167,#3260,#3268,.T.);
#3268 = LINE('',#3269,#3270);
#3269 = CARTESIAN_POINT('',(3.9,4.15,10.095));
#3270 = VECTOR('',#3271,1.);
#3271 = DIRECTION('',(0.,0.,1.));
#3272 = PLANE('',#3273);
#3273 = AXIS2_PLACEMENT_3D('',#3274,#3275,#3276);
#3274 = CARTESIAN_POINT('',(3.84,4.15,10.47));
#3275 = DIRECTION('',(-0.,1.,0.));
#3276 = DIRECTION('',(0.,0.,1.));
#3277 = ADVANCED_FACE('',(#3278),#3303,.T.);
#3278 = FACE_BOUND('',#3279,.T.);
#3279 = EDGE_LOOP('',(#3280,#3288,#3289,#3297));
#3280 = ORIENTED_EDGE('',*,*,#3281,.F.);
#3281 = EDGE_CURVE('',#3260,#3282,#3284,.T.);
#3282 = VERTEX_POINT('',#3283);
#3283 = CARTESIAN_POINT('',(3.9,9.156061230866,10.72));
#3284 = LINE('',#3285,#3286);
#3285 = CARTESIAN_POINT('',(3.9,2.15,10.72));
#3286 = VECTOR('',#3287,1.);
#3287 = DIRECTION('',(-0.,1.,0.));
#3288 = ORIENTED_EDGE('',*,*,#3259,.F.);
#3289 = ORIENTED_EDGE('',*,*,#3290,.T.);
#3290 = EDGE_CURVE('',#3252,#3291,#3293,.T.);
#3291 = VERTEX_POINT('',#3292);
#3292 = CARTESIAN_POINT('',(6.6,9.156061230866,10.72));
#3293 = LINE('',#3294,#3295);
#3294 = CARTESIAN_POINT('',(6.6,2.15,10.72));
#3295 = VECTOR('',#3296,1.);
#3296 = DIRECTION('',(-0.,1.,0.));
#3297 = ORIENTED_EDGE('',*,*,#3298,.F.);
#3298 = EDGE_CURVE('',#3282,#3291,#3299,.T.);
#3299 = LINE('',#3300,#3301);
#3300 = CARTESIAN_POINT('',(3.9,9.156061230866,10.72));
#3301 = VECTOR('',#3302,1.);
#3302 = DIRECTION('',(1.,0.,0.));
#3303 = PLANE('',#3304);
#3304 = AXIS2_PLACEMENT_3D('',#3305,#3306,#3307);
#3305 = CARTESIAN_POINT('',(3.9,2.15,10.72));
#3306 = DIRECTION('',(0.,0.,1.));
#3307 = DIRECTION('',(1.,0.,-0.));
#3308 = ADVANCED_FACE('',(#3309),#3334,.F.);
#3309 = FACE_BOUND('',#3310,.F.);
#3310 = EDGE_LOOP('',(#3311,#3319,#3320,#3328));
#3311 = ORIENTED_EDGE('',*,*,#3312,.F.);
#3312 = EDGE_CURVE('',#3135,#3313,#3315,.T.);
#3313 = VERTEX_POINT('',#3314);
#3314 = CARTESIAN_POINT('',(3.9,9.156061230866,9.72));
#3315 = LINE('',#3316,#3317);
#3316 = CARTESIAN_POINT('',(3.9,2.15,9.72));
#3317 = VECTOR('',#3318,1.);
#3318 = DIRECTION('',(-0.,1.,0.));
#3319 = ORIENTED_EDGE('',*,*,#3134,.T.);
#3320 = ORIENTED_EDGE('',*,*,#3321,.T.);
#3321 = EDGE_CURVE('',#3125,#3322,#3324,.T.);
#3322 = VERTEX_POINT('',#3323);
#3323 = CARTESIAN_POINT('',(6.6,9.156061230866,9.72));
#3324 = LINE('',#3325,#3326);
#3325 = CARTESIAN_POINT('',(6.6,2.15,9.72));
#3326 = VECTOR('',#3327,1.);
#3327 = DIRECTION('',(-0.,1.,0.));
#3328 = ORIENTED_EDGE('',*,*,#3329,.F.);
#3329 = EDGE_CURVE('',#3313,#3322,#3330,.T.);
#3330 = LINE('',#3331,#3332);
#3331 = CARTESIAN_POINT('',(3.9,9.156061230866,9.72));
#3332 = VECTOR('',#3333,1.);
#3333 = DIRECTION('',(1.,0.,0.));
#3334 = PLANE('',#3335);
#3335 = AXIS2_PLACEMENT_3D('',#3336,#3337,#3338);
#3336 = CARTESIAN_POINT('',(3.9,2.15,9.72));
#3337 = DIRECTION('',(0.,0.,1.));
#3338 = DIRECTION('',(1.,0.,-0.));
#3339 = ADVANCED_FACE('',(#3340),#3358,.T.);
#3340 = FACE_BOUND('',#3341,.T.);
#3341 = EDGE_LOOP('',(#3342,#3350,#3351,#3352));
#3342 = ORIENTED_EDGE('',*,*,#3343,.F.);
#3343 = EDGE_CURVE('',#3183,#3344,#3346,.T.);
#3344 = VERTEX_POINT('',#3345);
#3345 = CARTESIAN_POINT('',(6.66,2.,10.92));
#3346 = LINE('',#3347,#3348);
#3347 = CARTESIAN_POINT('',(6.66,2.,10.47));
#3348 = VECTOR('',#3349,1.);
#3349 = DIRECTION('',(0.,0.,1.));
#3350 = ORIENTED_EDGE('',*,*,#3190,.T.);
#3351 = ORIENTED_EDGE('',*,*,#3244,.T.);
#3352 = ORIENTED_EDGE('',*,*,#3353,.F.);
#3353 = EDGE_CURVE('',#3344,#3237,#3354,.T.);
#3354 = LINE('',#3355,#3356);
#3355 = CARTESIAN_POINT('',(6.66,2.,10.92));
#3356 = VECTOR('',#3357,1.);
#3357 = DIRECTION('',(-0.,1.,0.));
#3358 = PLANE('',#3359);
#3359 = AXIS2_PLACEMENT_3D('',#3360,#3361,#3362);
#3360 = CARTESIAN_POINT('',(6.66,2.,10.47));
#3361 = DIRECTION('',(1.,0.,-0.));
#3362 = DIRECTION('',(0.,0.,1.));
#3363 = ADVANCED_FACE('',(#3364),#3382,.F.);
#3364 = FACE_BOUND('',#3365,.F.);
#3365 = EDGE_LOOP('',(#3366,#3367,#3375,#3381));
#3366 = ORIENTED_EDGE('',*,*,#3182,.F.);
#3367 = ORIENTED_EDGE('',*,*,#3368,.T.);
#3368 = EDGE_CURVE('',#3175,#3369,#3371,.T.);
#3369 = VERTEX_POINT('',#3370);
#3370 = CARTESIAN_POINT('',(3.84,2.,10.92));
#3371 = LINE('',#3372,#3373);
#3372 = CARTESIAN_POINT('',(3.84,2.,10.47));
#3373 = VECTOR('',#3374,1.);
#3374 = DIRECTION('',(0.,0.,1.));
#3375 = ORIENTED_EDGE('',*,*,#3376,.T.);
#3376 = EDGE_CURVE('',#3369,#3344,#3377,.T.);
#3377 = LINE('',#3378,#3379);
#3378 = CARTESIAN_POINT('',(3.84,2.,10.92));
#3379 = VECTOR('',#3380,1.);
#3380 = DIRECTION('',(1.,0.,-0.));
#3381 = ORIENTED_EDGE('',*,*,#3343,.F.);
#3382 = PLANE('',#3383);
#3383 = AXIS2_PLACEMENT_3D('',#3384,#3385,#3386);
#3384 = CARTESIAN_POINT('',(3.84,2.,10.47));
#3385 = DIRECTION('',(-0.,1.,0.));
#3386 = DIRECTION('',(0.,0.,1.));
#3387 = ADVANCED_FACE('',(#3388),#3399,.F.);
#3388 = FACE_BOUND('',#3389,.F.);
#3389 = EDGE_LOOP('',(#3390,#3391,#3392,#3393));
#3390 = ORIENTED_EDGE('',*,*,#3368,.F.);
#3391 = ORIENTED_EDGE('',*,*,#3174,.T.);
#3392 = ORIENTED_EDGE('',*,*,#3228,.T.);
#3393 = ORIENTED_EDGE('',*,*,#3394,.F.);
#3394 = EDGE_CURVE('',#3369,#3229,#3395,.T.);
#3395 = LINE('',#3396,#3397);
#3396 = CARTESIAN_POINT('',(3.84,2.,10.92));
#3397 = VECTOR('',#3398,1.);
#3398 = DIRECTION('',(-0.,1.,0.));
#3399 = PLANE('',#3400);
#3400 = AXIS2_PLACEMENT_3D('',#3401,#3402,#3403);
#3401 = CARTESIAN_POINT('',(3.84,2.,10.47));
#3402 = DIRECTION('',(1.,0.,-0.));
#3403 = DIRECTION('',(0.,0.,1.));
#3404 = ADVANCED_FACE('',(#3405),#3411,.T.);
#3405 = FACE_BOUND('',#3406,.T.);
#3406 = EDGE_LOOP('',(#3407,#3408,#3409,#3410));
#3407 = ORIENTED_EDGE('',*,*,#3394,.F.);
#3408 = ORIENTED_EDGE('',*,*,#3376,.T.);
#3409 = ORIENTED_EDGE('',*,*,#3353,.T.);
#3410 = ORIENTED_EDGE('',*,*,#3236,.F.);
#3411 = PLANE('',#3412);
#3412 = AXIS2_PLACEMENT_3D('',#3413,#3414,#3415);
#3413 = CARTESIAN_POINT('',(3.84,2.,10.92));
#3414 = DIRECTION('',(0.,0.,1.));
#3415 = DIRECTION('',(1.,0.,-0.));
#3416 = ADVANCED_FACE('',(#3417),#3440,.T.);
#3417 = FACE_BOUND('',#3418,.T.);
#3418 = EDGE_LOOP('',(#3419,#3420,#3421,#3422,#3423,#3432,#3439));
#3419 = ORIENTED_EDGE('',*,*,#3142,.T.);
#3420 = ORIENTED_EDGE('',*,*,#3213,.F.);
#3421 = ORIENTED_EDGE('',*,*,#3267,.T.);
#3422 = ORIENTED_EDGE('',*,*,#3281,.T.);
#3423 = ORIENTED_EDGE('',*,*,#3424,.F.);
#3424 = EDGE_CURVE('',#3425,#3282,#3427,.T.);
#3425 = VERTEX_POINT('',#3426);
#3426 = CARTESIAN_POINT('',(3.9,9.45,10.8));
#3427 = CIRCLE('',#3428,0.58);
#3428 = AXIS2_PLACEMENT_3D('',#3429,#3430,#3431);
#3429 = CARTESIAN_POINT('',(3.9,9.45,10.22));
#3430 = DIRECTION('',(1.,0.,0.));
#3431 = DIRECTION('',(-0.,0.,1.));
#3432 = ORIENTED_EDGE('',*,*,#3433,.F.);
#3433 = EDGE_CURVE('',#3313,#3425,#3434,.T.);
#3434 = CIRCLE('',#3435,0.58);
#3435 = AXIS2_PLACEMENT_3D('',#3436,#3437,#3438);
#3436 = CARTESIAN_POINT('',(3.9,9.45,10.22));
#3437 = DIRECTION('',(1.,0.,0.));
#3438 = DIRECTION('',(-0.,0.,1.));
#3439 = ORIENTED_EDGE('',*,*,#3312,.F.);
#3440 = PLANE('',#3441);
#3441 = AXIS2_PLACEMENT_3D('',#3442,#3443,#3444);
#3442 = CARTESIAN_POINT('',(3.9,6.012468051451,10.192880177625));
#3443 = DIRECTION('',(-1.,-0.,-0.));
#3444 = DIRECTION('',(0.,0.,-1.));
#3445 = ADVANCED_FACE('',(#3446),#3469,.T.);
#3446 = FACE_BOUND('',#3447,.T.);
#3447 = EDGE_LOOP('',(#3448,#3449,#3450,#3459,#3466,#3467,#3468));
#3448 = ORIENTED_EDGE('',*,*,#3124,.F.);
#3449 = ORIENTED_EDGE('',*,*,#3321,.T.);
#3450 = ORIENTED_EDGE('',*,*,#3451,.T.);
#3451 = EDGE_CURVE('',#3322,#3452,#3454,.T.);
#3452 = VERTEX_POINT('',#3453);
#3453 = CARTESIAN_POINT('',(6.6,9.45,10.8));
#3454 = CIRCLE('',#3455,0.58);
#3455 = AXIS2_PLACEMENT_3D('',#3456,#3457,#3458);
#3456 = CARTESIAN_POINT('',(6.6,9.45,10.22));
#3457 = DIRECTION('',(1.,0.,0.));
#3458 = DIRECTION('',(-0.,0.,1.));
#3459 = ORIENTED_EDGE('',*,*,#3460,.T.);
#3460 = EDGE_CURVE('',#3452,#3291,#3461,.T.);
#3461 = CIRCLE('',#3462,0.58);
#3462 = AXIS2_PLACEMENT_3D('',#3463,#3464,#3465);
#3463 = CARTESIAN_POINT('',(6.6,9.45,10.22));
#3464 = DIRECTION('',(1.,0.,0.));
#3465 = DIRECTION('',(-0.,0.,1.));
#3466 = ORIENTED_EDGE('',*,*,#3290,.F.);
#3467 = ORIENTED_EDGE('',*,*,#3251,.F.);
#3468 = ORIENTED_EDGE('',*,*,#3206,.T.);
#3469 = PLANE('',#3470);
#3470 = AXIS2_PLACEMENT_3D('',#3471,#3472,#3473);
#3471 = CARTESIAN_POINT('',(6.6,6.012468051451,10.192880177625));
#3472 = DIRECTION('',(1.,0.,0.));
#3473 = DIRECTION('',(-0.,0.,1.));
#3474 = ADVANCED_FACE('',(#3475),#3483,.T.);
#3475 = FACE_BOUND('',#3476,.T.);
#3476 = EDGE_LOOP('',(#3477,#3478,#3479,#3480,#3481,#3482));
#3477 = ORIENTED_EDGE('',*,*,#3451,.F.);
#3478 = ORIENTED_EDGE('',*,*,#3329,.F.);
#3479 = ORIENTED_EDGE('',*,*,#3433,.T.);
#3480 = ORIENTED_EDGE('',*,*,#3424,.T.);
#3481 = ORIENTED_EDGE('',*,*,#3298,.T.);
#3482 = ORIENTED_EDGE('',*,*,#3460,.F.);
#3483 = CYLINDRICAL_SURFACE('',#3484,0.58);
#3484 = AXIS2_PLACEMENT_3D('',#3485,#3486,#3487);
#3485 = CARTESIAN_POINT('',(3.9,9.45,10.22));
#3486 = DIRECTION('',(1.,0.,0.));
#3487 = DIRECTION('',(-0.,0.,1.));
#3488 = ( GEOMETRIC_REPRESENTATION_CONTEXT(3) 
GLOBAL_UNCERTAINTY_ASSIGNED_CONTEXT((#3492)) 
GLOBAL_UNIT_ASSIGNED_CONTEXT((#3489,#3490,#3491)) REPRESENTATION_CONTEXT
('Context #1','3D Context with UNIT and UNCERTAINTY') );
#3489 = ( LENGTH_UNIT() NAMED_UNIT(*) SI_UNIT(.MILLI.,.METRE.) );
#3490 = ( NAMED_UNIT(*) PLANE_ANGLE_UNIT() SI_UNIT($,.RADIAN.) );
#3491 = ( NAMED_UNIT(*) SI_UNIT($,.STERADIAN.) SOLID_ANGLE_UNIT() );
#3492 = UNCERTAINTY_MEASURE_WITH_UNIT(LENGTH_MEASURE(1.E-07),#3489,
  'distance_accuracy_value','confusion accuracy');
#3493 = CONTEXT_DEPENDENT_SHAPE_REPRESENTATION(#3494,#3496);
#3494 = ( REPRESENTATION_RELATIONSHIP('','',#3117,#10) 
REPRESENTATION_RELATIONSHIP_WITH_TRANSFORMATION(#3495) 
SHAPE_REPRESENTATION_RELATIONSHIP() );
#3495 = ITEM_DEFINED_TRANSFORMATION('','',#11,#35);
#3496 = PRODUCT_DEFINITION_SHAPE('Placement','Placement of an item',
  #3497);
#3497 = NEXT_ASSEMBLY_USAGE_OCCURRENCE('6','Actuator P2','',#5,#3112,$);
#3498 = PRODUCT_RELATED_PRODUCT_CATEGORY('part',$,(#3114));
#3499 = SHAPE_DEFINITION_REPRESENTATION(#3500,#3506);
#3500 = PRODUCT_DEFINITION_SHAPE('','',#3501);
#3501 = PRODUCT_DEFINITION('design','',#3502,#3505);
#3502 = PRODUCT_DEFINITION_FORMATION('','',#3503);
#3503 = PRODUCT('Terminal Pin P2 A','Terminal Pin P2 A','',(#3504));
#3504 = PRODUCT_CONTEXT('',#2,'mechanical');
#3505 = PRODUCT_DEFINITION_CONTEXT('part definition',#2,'design');
#3506 = ADVANCED_BREP_SHAPE_REPRESENTATION('',(#11,#3507),#3657);
#3507 = MANIFOLD_SOLID_BREP('',#3508);
#3508 = CLOSED_SHELL('',(#3509,#3549,#3589,#3611,#3633,#3645));
#3509 = ADVANCED_FACE('',(#3510),#3544,.F.);
#3510 = FACE_BOUND('',#3511,.F.);
#3511 = EDGE_LOOP('',(#3512,#3522,#3530,#3538));
#3512 = ORIENTED_EDGE('',*,*,#3513,.F.);
#3513 = EDGE_CURVE('',#3514,#3516,#3518,.T.);
#3514 = VERTEX_POINT('',#3515);
#3515 = CARTESIAN_POINT('',(4.85,3.05,-3.5));
#3516 = VERTEX_POINT('',#3517);
#3517 = CARTESIAN_POINT('',(4.85,3.05,0.));
#3518 = LINE('',#3519,#3520);
#3519 = CARTESIAN_POINT('',(4.85,3.05,-3.5));
#3520 = VECTOR('',#3521,1.);
#3521 = DIRECTION('',(0.,0.,1.));
#3522 = ORIENTED_EDGE('',*,*,#3523,.T.);
#3523 = EDGE_CURVE('',#3514,#3524,#3526,.T.);
#3524 = VERTEX_POINT('',#3525);
#3525 = CARTESIAN_POINT('',(4.85,3.55,-3.5));
#3526 = LINE('',#3527,#3528);
#3527 = CARTESIAN_POINT('',(4.85,3.05,-3.5));
#3528 = VECTOR('',#3529,1.);
#3529 = DIRECTION('',(-0.,1.,0.));
#3530 = ORIENTED_EDGE('',*,*,#3531,.T.);
#3531 = EDGE_CURVE('',#3524,#3532,#3534,.T.);
#3532 = VERTEX_POINT('',#3533);
#3533 = CARTESIAN_POINT('',(4.85,3.55,0.));
#3534 = LINE('',#3535,#3536);
#3535 = CARTESIAN_POINT('',(4.85,3.55,-3.5));
#3536 = VECTOR('',#3537,1.);
#3537 = DIRECTION('',(0.,0.,1.));
#3538 = ORIENTED_EDGE('',*,*,#3539,.F.);
#3539 = EDGE_CURVE('',#3516,#3532,#3540,.T.);
#3540 = LINE('',#3541,#3542);
#3541 = CARTESIAN_POINT('',(4.85,3.05,0.));
#3542 = VECTOR('',#3543,1.);
#3543 = DIRECTION('',(-0.,1.,0.));
#3544 = PLANE('',#3545);
#3545 = AXIS2_PLACEMENT_3D('',#3546,#3547,#3548);
#3546 = CARTESIAN_POINT('',(4.85,3.05,-3.5));
#3547 = DIRECTION('',(1.,0.,-0.));
#3548 = DIRECTION('',(0.,0.,1.));
#3549 = ADVANCED_FACE('',(#3550),#3584,.T.);
#3550 = FACE_BOUND('',#3551,.T.);
#3551 = EDGE_LOOP('',(#3552,#3562,#3570,#3578));
#3552 = ORIENTED_EDGE('',*,*,#3553,.F.);
#3553 = EDGE_CURVE('',#3554,#3556,#3558,.T.);
#3554 = VERTEX_POINT('',#3555);
#3555 = CARTESIAN_POINT('',(5.65,3.05,-3.5));
#3556 = VERTEX_POINT('',#3557);
#3557 = CARTESIAN_POINT('',(5.65,3.05,0.));
#3558 = LINE('',#3559,#3560);
#3559 = CARTESIAN_POINT('',(5.65,3.05,-3.5));
#3560 = VECTOR('',#3561,1.);
#3561 = DIRECTION('',(0.,0.,1.));
#3562 = ORIENTED_EDGE('',*,*,#3563,.T.);
#3563 = EDGE_CURVE('',#3554,#3564,#3566,.T.);
#3564 = VERTEX_POINT('',#3565);
#3565 = CARTESIAN_POINT('',(5.65,3.55,-3.5));
#3566 = LINE('',#3567,#3568);
#3567 = CARTESIAN_POINT('',(5.65,3.05,-3.5));
#3568 = VECTOR('',#3569,1.);
#3569 = DIRECTION('',(-0.,1.,0.));
#3570 = ORIENTED_EDGE('',*,*,#3571,.T.);
#3571 = EDGE_CURVE('',#3564,#3572,#3574,.T.);
#3572 = VERTEX_POINT('',#3573);
#3573 = CARTESIAN_POINT('',(5.65,3.55,0.));
#3574 = LINE('',#3575,#3576);
#3575 = CARTESIAN_POINT('',(5.65,3.55,-3.5));
#3576 = VECTOR('',#3577,1.);
#3577 = DIRECTION('',(0.,0.,1.));
#3578 = ORIENTED_EDGE('',*,*,#3579,.F.);
#3579 = EDGE_CURVE('',#3556,#3572,#3580,.T.);
#3580 = LINE('',#3581,#3582);
#3581 = CARTESIAN_POINT('',(5.65,3.05,0.));
#3582 = VECTOR('',#3583,1.);
#3583 = DIRECTION('',(-0.,1.,0.));
#3584 = PLANE('',#3585);
#3585 = AXIS2_PLACEMENT_3D('',#3586,#3587,#3588);
#3586 = CARTESIAN_POINT('',(5.65,3.05,-3.5));
#3587 = DIRECTION('',(1.,0.,-0.));
#3588 = DIRECTION('',(0.,0.,1.));
#3589 = ADVANCED_FACE('',(#3590),#3606,.F.);
#3590 = FACE_BOUND('',#3591,.F.);
#3591 = EDGE_LOOP('',(#3592,#3598,#3599,#3605));
#3592 = ORIENTED_EDGE('',*,*,#3593,.F.);
#3593 = EDGE_CURVE('',#3514,#3554,#3594,.T.);
#3594 = LINE('',#3595,#3596);
#3595 = CARTESIAN_POINT('',(4.85,3.05,-3.5));
#3596 = VECTOR('',#3597,1.);
#3597 = DIRECTION('',(1.,0.,-0.));
#3598 = ORIENTED_EDGE('',*,*,#3513,.T.);
#3599 = ORIENTED_EDGE('',*,*,#3600,.T.);
#3600 = EDGE_CURVE('',#3516,#3556,#3601,.T.);
#3601 = LINE('',#3602,#3603);
#3602 = CARTESIAN_POINT('',(4.85,3.05,0.));
#3603 = VECTOR('',#3604,1.);
#3604 = DIRECTION('',(1.,0.,-0.));
#3605 = ORIENTED_EDGE('',*,*,#3553,.F.);
#3606 = PLANE('',#3607);
#3607 = AXIS2_PLACEMENT_3D('',#3608,#3609,#3610);
#3608 = CARTESIAN_POINT('',(4.85,3.05,-3.5));
#3609 = DIRECTION('',(-0.,1.,0.));
#3610 = DIRECTION('',(0.,0.,1.));
#3611 = ADVANCED_FACE('',(#3612),#3628,.T.);
#3612 = FACE_BOUND('',#3613,.T.);
#3613 = EDGE_LOOP('',(#3614,#3620,#3621,#3627));
#3614 = ORIENTED_EDGE('',*,*,#3615,.F.);
#3615 = EDGE_CURVE('',#3524,#3564,#3616,.T.);
#3616 = LINE('',#3617,#3618);
#3617 = CARTESIAN_POINT('',(4.85,3.55,-3.5));
#3618 = VECTOR('',#3619,1.);
#3619 = DIRECTION('',(1.,0.,-0.));
#3620 = ORIENTED_EDGE('',*,*,#3531,.T.);
#3621 = ORIENTED_EDGE('',*,*,#3622,.T.);
#3622 = EDGE_CURVE('',#3532,#3572,#3623,.T.);
#3623 = LINE('',#3624,#3625);
#3624 = CARTESIAN_POINT('',(4.85,3.55,0.));
#3625 = VECTOR('',#3626,1.);
#3626 = DIRECTION('',(1.,0.,-0.));
#3627 = ORIENTED_EDGE('',*,*,#3571,.F.);
#3628 = PLANE('',#3629);
#3629 = AXIS2_PLACEMENT_3D('',#3630,#3631,#3632);
#3630 = CARTESIAN_POINT('',(4.85,3.55,-3.5));
#3631 = DIRECTION('',(-0.,1.,0.));
#3632 = DIRECTION('',(0.,0.,1.));
#3633 = ADVANCED_FACE('',(#3634),#3640,.F.);
#3634 = FACE_BOUND('',#3635,.F.);
#3635 = EDGE_LOOP('',(#3636,#3637,#3638,#3639));
#3636 = ORIENTED_EDGE('',*,*,#3523,.F.);
#3637 = ORIENTED_EDGE('',*,*,#3593,.T.);
#3638 = ORIENTED_EDGE('',*,*,#3563,.T.);
#3639 = ORIENTED_EDGE('',*,*,#3615,.F.);
#3640 = PLANE('',#3641);
#3641 = AXIS2_PLACEMENT_3D('',#3642,#3643,#3644);
#3642 = CARTESIAN_POINT('',(4.85,3.05,-3.5));
#3643 = DIRECTION('',(0.,0.,1.));
#3644 = DIRECTION('',(1.,0.,-0.));
#3645 = ADVANCED_FACE('',(#3646),#3652,.T.);
#3646 = FACE_BOUND('',#3647,.T.);
#3647 = EDGE_LOOP('',(#3648,#3649,#3650,#3651));
#3648 = ORIENTED_EDGE('',*,*,#3539,.F.);
#3649 = ORIENTED_EDGE('',*,*,#3600,.T.);
#3650 = ORIENTED_EDGE('',*,*,#3579,.T.);
#3651 = ORIENTED_EDGE('',*,*,#3622,.F.);
#3652 = PLANE('',#3653);
#3653 = AXIS2_PLACEMENT_3D('',#3654,#3655,#3656);
#3654 = CARTESIAN_POINT('',(4.85,3.05,0.));
#3655 = DIRECTION('',(0.,0.,1.));
#3656 = DIRECTION('',(1.,0.,-0.));
#3657 = ( GEOMETRIC_REPRESENTATION_CONTEXT(3) 
GLOBAL_UNCERTAINTY_ASSIGNED_CONTEXT((#3661)) 
GLOBAL_UNIT_ASSIGNED_CONTEXT((#3658,#3659,#3660)) REPRESENTATION_CONTEXT
('Context #1','3D Context with UNIT and UNCERTAINTY') );
#3658 = ( LENGTH_UNIT() NAMED_UNIT(*) SI_UNIT(.MILLI.,.METRE.) );
#3659 = ( NAMED_UNIT(*) PLANE_ANGLE_UNIT() SI_UNIT($,.RADIAN.) );
#3660 = ( NAMED_UNIT(*) SI_UNIT($,.STERADIAN.) SOLID_ANGLE_UNIT() );
#3661 = UNCERTAINTY_MEASURE_WITH_UNIT(LENGTH_MEASURE(1.E-07),#3658,
  'distance_accuracy_value','confusion accuracy');
#3662 = CONTEXT_DEPENDENT_SHAPE_REPRESENTATION(#3663,#3665);
#3663 = ( REPRESENTATION_RELATIONSHIP('','',#3506,#10) 
REPRESENTATION_RELATIONSHIP_WITH_TRANSFORMATION(#3664) 
SHAPE_REPRESENTATION_RELATIONSHIP() );
#3664 = ITEM_DEFINED_TRANSFORMATION('','',#11,#39);
#3665 = PRODUCT_DEFINITION_SHAPE('Placement','Placement of an item',
  #3666);
#3666 = NEXT_ASSEMBLY_USAGE_OCCURRENCE('7','Terminal Pin P2 A','',#5,
  #3501,$);
#3667 = PRODUCT_RELATED_PRODUCT_CATEGORY('part',$,(#3503));
#3668 = SHAPE_DEFINITION_REPRESENTATION(#3669,#3675);
#3669 = PRODUCT_DEFINITION_SHAPE('','',#3670);
#3670 = PRODUCT_DEFINITION('design','',#3671,#3674);
#3671 = PRODUCT_DEFINITION_FORMATION('','',#3672);
#3672 = PRODUCT('Terminal Pin P2 B','Terminal Pin P2 B','',(#3673));
#3673 = PRODUCT_CONTEXT('',#2,'mechanical');
#3674 = PRODUCT_DEFINITION_CONTEXT('part definition',#2,'design');
#3675 = ADVANCED_BREP_SHAPE_REPRESENTATION('',(#11,#3676),#3826);
#3676 = MANIFOLD_SOLID_BREP('',#3677);
#3677 = CLOSED_SHELL('',(#3678,#3718,#3758,#3780,#3802,#3814));
#3678 = ADVANCED_FACE('',(#3679),#3713,.F.);
#3679 = FACE_BOUND('',#3680,.F.);
#3680 = EDGE_LOOP('',(#3681,#3691,#3699,#3707));
#3681 = ORIENTED_EDGE('',*,*,#3682,.F.);
#3682 = EDGE_CURVE('',#3683,#3685,#3687,.T.);
#3683 = VERTEX_POINT('',#3684);
#3684 = CARTESIAN_POINT('',(4.85,8.05,-3.5));
#3685 = VERTEX_POINT('',#3686);
#3686 = CARTESIAN_POINT('',(4.85,8.05,0.));
#3687 = LINE('',#3688,#3689);
#3688 = CARTESIAN_POINT('',(4.85,8.05,-3.5));
#3689 = VECTOR('',#3690,1.);
#3690 = DIRECTION('',(0.,0.,1.));
#3691 = ORIENTED_EDGE('',*,*,#3692,.T.);
#3692 = EDGE_CURVE('',#3683,#3693,#3695,.T.);
#3693 = VERTEX_POINT('',#3694);
#3694 = CARTESIAN_POINT('',(4.85,8.55,-3.5));
#3695 = LINE('',#3696,#3697);
#3696 = CARTESIAN_POINT('',(4.85,8.05,-3.5));
#3697 = VECTOR('',#3698,1.);
#3698 = DIRECTION('',(-0.,1.,0.));
#3699 = ORIENTED_EDGE('',*,*,#3700,.T.);
#3700 = EDGE_CURVE('',#3693,#3701,#3703,.T.);
#3701 = VERTEX_POINT('',#3702);
#3702 = CARTESIAN_POINT('',(4.85,8.55,0.));
#3703 = LINE('',#3704,#3705);
#3704 = CARTESIAN_POINT('',(4.85,8.55,-3.5));
#3705 = VECTOR('',#3706,1.);
#3706 = DIRECTION('',(0.,0.,1.));
#3707 = ORIENTED_EDGE('',*,*,#3708,.F.);
#3708 = EDGE_CURVE('',#3685,#3701,#3709,.T.);
#3709 = LINE('',#3710,#3711);
#3710 = CARTESIAN_POINT('',(4.85,8.05,0.));
#3711 = VECTOR('',#3712,1.);
#3712 = DIRECTION('',(-0.,1.,0.));
#3713 = PLANE('',#3714);
#3714 = AXIS2_PLACEMENT_3D('',#3715,#3716,#3717);
#3715 = CARTESIAN_POINT('',(4.85,8.05,-3.5));
#3716 = DIRECTION('',(1.,0.,-0.));
#3717 = DIRECTION('',(0.,0.,1.));
#3718 = ADVANCED_FACE('',(#3719),#3753,.T.);
#3719 = FACE_BOUND('',#3720,.T.);
#3720 = EDGE_LOOP('',(#3721,#3731,#3739,#3747));
#3721 = ORIENTED_EDGE('',*,*,#3722,.F.);
#3722 = EDGE_CURVE('',#3723,#3725,#3727,.T.);
#3723 = VERTEX_POINT('',#3724);
#3724 = CARTESIAN_POINT('',(5.65,8.05,-3.5));
#3725 = VERTEX_POINT('',#3726);
#3726 = CARTESIAN_POINT('',(5.65,8.05,0.));
#3727 = LINE('',#3728,#3729);
#3728 = CARTESIAN_POINT('',(5.65,8.05,-3.5));
#3729 = VECTOR('',#3730,1.);
#3730 = DIRECTION('',(0.,0.,1.));
#3731 = ORIENTED_EDGE('',*,*,#3732,.T.);
#3732 = EDGE_CURVE('',#3723,#3733,#3735,.T.);
#3733 = VERTEX_POINT('',#3734);
#3734 = CARTESIAN_POINT('',(5.65,8.55,-3.5));
#3735 = LINE('',#3736,#3737);
#3736 = CARTESIAN_POINT('',(5.65,8.05,-3.5));
#3737 = VECTOR('',#3738,1.);
#3738 = DIRECTION('',(-0.,1.,0.));
#3739 = ORIENTED_EDGE('',*,*,#3740,.T.);
#3740 = EDGE_CURVE('',#3733,#3741,#3743,.T.);
#3741 = VERTEX_POINT('',#3742);
#3742 = CARTESIAN_POINT('',(5.65,8.55,0.));
#3743 = LINE('',#3744,#3745);
#3744 = CARTESIAN_POINT('',(5.65,8.55,-3.5));
#3745 = VECTOR('',#3746,1.);
#3746 = DIRECTION('',(0.,0.,1.));
#3747 = ORIENTED_EDGE('',*,*,#3748,.F.);
#3748 = EDGE_CURVE('',#3725,#3741,#3749,.T.);
#3749 = LINE('',#3750,#3751);
#3750 = CARTESIAN_POINT('',(5.65,8.05,0.));
#3751 = VECTOR('',#3752,1.);
#3752 = DIRECTION('',(-0.,1.,0.));
#3753 = PLANE('',#3754);
#3754 = AXIS2_PLACEMENT_3D('',#3755,#3756,#3757);
#3755 = CARTESIAN_POINT('',(5.65,8.05,-3.5));
#3756 = DIRECTION('',(1.,0.,-0.));
#3757 = DIRECTION('',(0.,0.,1.));
#3758 = ADVANCED_FACE('',(#3759),#3775,.F.);
#3759 = FACE_BOUND('',#3760,.F.);
#3760 = EDGE_LOOP('',(#3761,#3767,#3768,#3774));
#3761 = ORIENTED_EDGE('',*,*,#3762,.F.);
#3762 = EDGE_CURVE('',#3683,#3723,#3763,.T.);
#3763 = LINE('',#3764,#3765);
#3764 = CARTESIAN_POINT('',(4.85,8.05,-3.5));
#3765 = VECTOR('',#3766,1.);
#3766 = DIRECTION('',(1.,0.,-0.));
#3767 = ORIENTED_EDGE('',*,*,#3682,.T.);
#3768 = ORIENTED_EDGE('',*,*,#3769,.T.);
#3769 = EDGE_CURVE('',#3685,#3725,#3770,.T.);
#3770 = LINE('',#3771,#3772);
#3771 = CARTESIAN_POINT('',(4.85,8.05,0.));
#3772 = VECTOR('',#3773,1.);
#3773 = DIRECTION('',(1.,0.,-0.));
#3774 = ORIENTED_EDGE('',*,*,#3722,.F.);
#3775 = PLANE('',#3776);
#3776 = AXIS2_PLACEMENT_3D('',#3777,#3778,#3779);
#3777 = CARTESIAN_POINT('',(4.85,8.05,-3.5));
#3778 = DIRECTION('',(-0.,1.,0.));
#3779 = DIRECTION('',(0.,0.,1.));
#3780 = ADVANCED_FACE('',(#3781),#3797,.T.);
#3781 = FACE_BOUND('',#3782,.T.);
#3782 = EDGE_LOOP('',(#3783,#3789,#3790,#3796));
#3783 = ORIENTED_EDGE('',*,*,#3784,.F.);
#3784 = EDGE_CURVE('',#3693,#3733,#3785,.T.);
#3785 = LINE('',#3786,#3787);
#3786 = CARTESIAN_POINT('',(4.85,8.55,-3.5));
#3787 = VECTOR('',#3788,1.);
#3788 = DIRECTION('',(1.,0.,-0.));
#3789 = ORIENTED_EDGE('',*,*,#3700,.T.);
#3790 = ORIENTED_EDGE('',*,*,#3791,.T.);
#3791 = EDGE_CURVE('',#3701,#3741,#3792,.T.);
#3792 = LINE('',#3793,#3794);
#3793 = CARTESIAN_POINT('',(4.85,8.55,0.));
#3794 = VECTOR('',#3795,1.);
#3795 = DIRECTION('',(1.,0.,-0.));
#3796 = ORIENTED_EDGE('',*,*,#3740,.F.);
#3797 = PLANE('',#3798);
#3798 = AXIS2_PLACEMENT_3D('',#3799,#3800,#3801);
#3799 = CARTESIAN_POINT('',(4.85,8.55,-3.5));
#3800 = DIRECTION('',(-0.,1.,0.));
#3801 = DIRECTION('',(0.,0.,1.));
#3802 = ADVANCED_FACE('',(#3803),#3809,.F.);
#3803 = FACE_BOUND('',#3804,.F.);
#3804 = EDGE_LOOP('',(#3805,#3806,#3807,#3808));
#3805 = ORIENTED_EDGE('',*,*,#3692,.F.);
#3806 = ORIENTED_EDGE('',*,*,#3762,.T.);
#3807 = ORIENTED_EDGE('',*,*,#3732,.T.);
#3808 = ORIENTED_EDGE('',*,*,#3784,.F.);
#3809 = PLANE('',#3810);
#3810 = AXIS2_PLACEMENT_3D('',#3811,#3812,#3813);
#3811 = CARTESIAN_POINT('',(4.85,8.05,-3.5));
#3812 = DIRECTION('',(0.,0.,1.));
#3813 = DIRECTION('',(1.,0.,-0.));
#3814 = ADVANCED_FACE('',(#3815),#3821,.T.);
#3815 = FACE_BOUND('',#3816,.T.);
#3816 = EDGE_LOOP('',(#3817,#3818,#3819,#3820));
#3817 = ORIENTED_EDGE('',*,*,#3708,.F.);
#3818 = ORIENTED_EDGE('',*,*,#3769,.T.);
#3819 = ORIENTED_EDGE('',*,*,#3748,.T.);
#3820 = ORIENTED_EDGE('',*,*,#3791,.F.);
#3821 = PLANE('',#3822);
#3822 = AXIS2_PLACEMENT_3D('',#3823,#3824,#3825);
#3823 = CARTESIAN_POINT('',(4.85,8.05,0.));
#3824 = DIRECTION('',(0.,0.,1.));
#3825 = DIRECTION('',(1.,0.,-0.));
#3826 = ( GEOMETRIC_REPRESENTATION_CONTEXT(3) 
GLOBAL_UNCERTAINTY_ASSIGNED_CONTEXT((#3830)) 
GLOBAL_UNIT_ASSIGNED_CONTEXT((#3827,#3828,#3829)) REPRESENTATION_CONTEXT
('Context #1','3D Context with UNIT and UNCERTAINTY') );
#3827 = ( LENGTH_UNIT() NAMED_UNIT(*) SI_UNIT(.MILLI.,.METRE.) );
#3828 = ( NAMED_UNIT(*) PLANE_ANGLE_UNIT() SI_UNIT($,.RADIAN.) );
#3829 = ( NAMED_UNIT(*) SI_UNIT($,.STERADIAN.) SOLID_ANGLE_UNIT() );
#3830 = UNCERTAINTY_MEASURE_WITH_UNIT(LENGTH_MEASURE(1.E-07),#3827,
  'distance_accuracy_value','confusion accuracy');
#3831 = CONTEXT_DEPENDENT_SHAPE_REPRESENTATION(#3832,#3834);
#3832 = ( REPRESENTATION_RELATIONSHIP('','',#3675,#10) 
REPRESENTATION_RELATIONSHIP_WITH_TRANSFORMATION(#3833) 
SHAPE_REPRESENTATION_RELATIONSHIP() );
#3833 = ITEM_DEFINED_TRANSFORMATION('','',#11,#43);
#3834 = PRODUCT_DEFINITION_SHAPE('Placement','Placement of an item',
  #3835);
#3835 = NEXT_ASSEMBLY_USAGE_OCCURRENCE('8','Terminal Pin P2 B','',#5,
  #3670,$);
#3836 = PRODUCT_RELATED_PRODUCT_CATEGORY('part',$,(#3672));
#3837 = SHAPE_DEFINITION_REPRESENTATION(#3838,#3844);
#3838 = PRODUCT_DEFINITION_SHAPE('','',#3839);
#3839 = PRODUCT_DEFINITION('design','',#3840,#3843);
#3840 = PRODUCT_DEFINITION_FORMATION('','',#3841);
#3841 = PRODUCT('Housing P3','Housing P3','',(#3842));
#3842 = PRODUCT_CONTEXT('',#2,'mechanical');
#3843 = PRODUCT_DEFINITION_CONTEXT('part definition',#2,'design');
#3844 = ADVANCED_BREP_SHAPE_REPRESENTATION('',(#11,#3845),#4891);
#3845 = MANIFOLD_SOLID_BREP('',#3846);
#3846 = CLOSED_SHELL('',(#3847,#3887,#3920,#3953,#3986,#4019,#4036,#4053
    ,#4119,#4150,#4167,#4232,#4249,#4314,#4332,#4350,#4383,#4414,#4439,
    #4463,#4480,#4498,#4529,#4547,#4578,#4609,#4633,#4657,#4674,#4703,
    #4734,#4758,#4782,#4799,#4810,#4821,#4833,#4844,#4855,#4867,#4879));
#3847 = ADVANCED_FACE('',(#3848),#3882,.F.);
#3848 = FACE_BOUND('',#3849,.F.);
#3849 = EDGE_LOOP('',(#3850,#3860,#3868,#3876));
#3850 = ORIENTED_EDGE('',*,*,#3851,.F.);
#3851 = EDGE_CURVE('',#3852,#3854,#3856,.T.);
#3852 = VERTEX_POINT('',#3853);
#3853 = CARTESIAN_POINT('',(7.,0.18,0.18));
#3854 = VERTEX_POINT('',#3855);
#3855 = CARTESIAN_POINT('',(7.,0.18,10.42));
#3856 = LINE('',#3857,#3858);
#3857 = CARTESIAN_POINT('',(7.,0.18,0.));
#3858 = VECTOR('',#3859,1.);
#3859 = DIRECTION('',(0.,0.,1.));
#3860 = ORIENTED_EDGE('',*,*,#3861,.T.);
#3861 = EDGE_CURVE('',#3852,#3862,#3864,.T.);
#3862 = VERTEX_POINT('',#3863);
#3863 = CARTESIAN_POINT('',(7.,12.32,0.18));
#3864 = LINE('',#3865,#3866);
#3865 = CARTESIAN_POINT('',(7.,0.,0.18));
#3866 = VECTOR('',#3867,1.);
#3867 = DIRECTION('',(-0.,1.,0.));
#3868 = ORIENTED_EDGE('',*,*,#3869,.T.);
#3869 = EDGE_CURVE('',#3862,#3870,#3872,.T.);
#3870 = VERTEX_POINT('',#3871);
#3871 = CARTESIAN_POINT('',(7.,12.32,10.42));
#3872 = LINE('',#3873,#3874);
#3873 = CARTESIAN_POINT('',(7.,12.32,0.));
#3874 = VECTOR('',#3875,1.);
#3875 = DIRECTION('',(0.,0.,1.));
#3876 = ORIENTED_EDGE('',*,*,#3877,.F.);
#3877 = EDGE_CURVE('',#3854,#3870,#3878,.T.);
#3878 = LINE('',#3879,#3880);
#3879 = CARTESIAN_POINT('',(7.,0.,10.42));
#3880 = VECTOR('',#3881,1.);
#3881 = DIRECTION('',(-0.,1.,0.));
#3882 = PLANE('',#3883);
#3883 = AXIS2_PLACEMENT_3D('',#3884,#3885,#3886);
#3884 = CARTESIAN_POINT('',(7.,0.,0.));
#3885 = DIRECTION('',(1.,0.,-0.));
#3886 = DIRECTION('',(0.,0.,1.));
#3887 = ADVANCED_FACE('',(#3888),#3915,.T.);
#3888 = FACE_BOUND('',#3889,.T.);
#3889 = EDGE_LOOP('',(#3890,#3891,#3900,#3908));
#3890 = ORIENTED_EDGE('',*,*,#3851,.F.);
#3891 = ORIENTED_EDGE('',*,*,#3892,.T.);
#3892 = EDGE_CURVE('',#3852,#3893,#3895,.T.);
#3893 = VERTEX_POINT('',#3894);
#3894 = CARTESIAN_POINT('',(7.18,-2.775557561563E-17,0.18));
#3895 = CIRCLE('',#3896,0.18);
#3896 = AXIS2_PLACEMENT_3D('',#3897,#3898,#3899);
#3897 = CARTESIAN_POINT('',(7.18,0.18,0.18));
#3898 = DIRECTION('',(0.,0.,1.));
#3899 = DIRECTION('',(-1.,0.,0.));
#3900 = ORIENTED_EDGE('',*,*,#3901,.T.);
#3901 = EDGE_CURVE('',#3893,#3902,#3904,.T.);
#3902 = VERTEX_POINT('',#3903);
#3903 = CARTESIAN_POINT('',(7.18,-2.775557561563E-17,10.42));
#3904 = LINE('',#3905,#3906);
#3905 = CARTESIAN_POINT('',(7.18,-2.775557561563E-17,0.));
#3906 = VECTOR('',#3907,1.);
#3907 = DIRECTION('',(0.,0.,1.));
#3908 = ORIENTED_EDGE('',*,*,#3909,.F.);
#3909 = EDGE_CURVE('',#3854,#3902,#3910,.T.);
#3910 = CIRCLE('',#3911,0.18);
#3911 = AXIS2_PLACEMENT_3D('',#3912,#3913,#3914);
#3912 = CARTESIAN_POINT('',(7.18,0.18,10.42));
#3913 = DIRECTION('',(0.,0.,1.));
#3914 = DIRECTION('',(-1.,0.,0.));
#3915 = CYLINDRICAL_SURFACE('',#3916,0.18);
#3916 = AXIS2_PLACEMENT_3D('',#3917,#3918,#3919);
#3917 = CARTESIAN_POINT('',(7.18,0.18,0.));
#3918 = DIRECTION('',(0.,0.,1.));
#3919 = DIRECTION('',(-1.,-0.,0.));
#3920 = ADVANCED_FACE('',(#3921),#3948,.T.);
#3921 = FACE_BOUND('',#3922,.F.);
#3922 = EDGE_LOOP('',(#3923,#3932,#3940,#3947));
#3923 = ORIENTED_EDGE('',*,*,#3924,.F.);
#3924 = EDGE_CURVE('',#3925,#3852,#3927,.T.);
#3925 = VERTEX_POINT('',#3926);
#3926 = CARTESIAN_POINT('',(7.18,0.18,0.));
#3927 = CIRCLE('',#3928,0.18);
#3928 = AXIS2_PLACEMENT_3D('',#3929,#3930,#3931);
#3929 = CARTESIAN_POINT('',(7.18,0.18,0.18));
#3930 = DIRECTION('',(0.,1.,-0.));
#3931 = DIRECTION('',(-1.,0.,0.));
#3932 = ORIENTED_EDGE('',*,*,#3933,.T.);
#3933 = EDGE_CURVE('',#3925,#3934,#3936,.T.);
#3934 = VERTEX_POINT('',#3935);
#3935 = CARTESIAN_POINT('',(7.18,12.32,0.));
#3936 = LINE('',#3937,#3938);
#3937 = CARTESIAN_POINT('',(7.18,0.,-2.775557561563E-17));
#3938 = VECTOR('',#3939,1.);
#3939 = DIRECTION('',(-0.,1.,0.));
#3940 = ORIENTED_EDGE('',*,*,#3941,.T.);
#3941 = EDGE_CURVE('',#3934,#3862,#3942,.T.);
#3942 = CIRCLE('',#3943,0.18);
#3943 = AXIS2_PLACEMENT_3D('',#3944,#3945,#3946);
#3944 = CARTESIAN_POINT('',(7.18,12.32,0.18));
#3945 = DIRECTION('',(0.,1.,-0.));
#3946 = DIRECTION('',(-1.,0.,0.));
#3947 = ORIENTED_EDGE('',*,*,#3861,.F.);
#3948 = CYLINDRICAL_SURFACE('',#3949,0.18);
#3949 = AXIS2_PLACEMENT_3D('',#3950,#3951,#3952);
#3950 = CARTESIAN_POINT('',(7.18,0.,0.18));
#3951 = DIRECTION('',(-0.,1.,0.));
#3952 = DIRECTION('',(-1.,-0.,0.));
#3953 = ADVANCED_FACE('',(#3954),#3981,.T.);
#3954 = FACE_BOUND('',#3955,.T.);
#3955 = EDGE_LOOP('',(#3956,#3965,#3973,#3980));
#3956 = ORIENTED_EDGE('',*,*,#3957,.F.);
#3957 = EDGE_CURVE('',#3958,#3854,#3960,.T.);
#3958 = VERTEX_POINT('',#3959);
#3959 = CARTESIAN_POINT('',(7.18,0.18,10.6));
#3960 = CIRCLE('',#3961,0.18);
#3961 = AXIS2_PLACEMENT_3D('',#3962,#3963,#3964);
#3962 = CARTESIAN_POINT('',(7.18,0.18,10.42));
#3963 = DIRECTION('',(0.,-1.,0.));
#3964 = DIRECTION('',(-1.,0.,0.));
#3965 = ORIENTED_EDGE('',*,*,#3966,.T.);
#3966 = EDGE_CURVE('',#3958,#3967,#3969,.T.);
#3967 = VERTEX_POINT('',#3968);
#3968 = CARTESIAN_POINT('',(7.18,12.32,10.6));
#3969 = LINE('',#3970,#3971);
#3970 = CARTESIAN_POINT('',(7.18,0.,10.6));
#3971 = VECTOR('',#3972,1.);
#3972 = DIRECTION('',(-0.,1.,0.));
#3973 = ORIENTED_EDGE('',*,*,#3974,.F.);
#3974 = EDGE_CURVE('',#3870,#3967,#3975,.T.);
#3975 = CIRCLE('',#3976,0.18);
#3976 = AXIS2_PLACEMENT_3D('',#3977,#3978,#3979);
#3977 = CARTESIAN_POINT('',(7.18,12.32,10.42));
#3978 = DIRECTION('',(-0.,1.,0.));
#3979 = DIRECTION('',(-1.,-0.,0.));
#3980 = ORIENTED_EDGE('',*,*,#3877,.F.);
#3981 = CYLINDRICAL_SURFACE('',#3982,0.18);
#3982 = AXIS2_PLACEMENT_3D('',#3983,#3984,#3985);
#3983 = CARTESIAN_POINT('',(7.18,0.,10.42));
#3984 = DIRECTION('',(-0.,1.,0.));
#3985 = DIRECTION('',(-1.,-0.,0.));
#3986 = ADVANCED_FACE('',(#3987),#4014,.T.);
#3987 = FACE_BOUND('',#3988,.F.);
#3988 = EDGE_LOOP('',(#3989,#3990,#3999,#4007));
#3989 = ORIENTED_EDGE('',*,*,#3869,.F.);
#3990 = ORIENTED_EDGE('',*,*,#3991,.T.);
#3991 = EDGE_CURVE('',#3862,#3992,#3994,.T.);
#3992 = VERTEX_POINT('',#3993);
#3993 = CARTESIAN_POINT('',(7.18,12.5,0.18));
#3994 = CIRCLE('',#3995,0.18);
#3995 = AXIS2_PLACEMENT_3D('',#3996,#3997,#3998);
#3996 = CARTESIAN_POINT('',(7.18,12.32,0.18));
#3997 = DIRECTION('',(-0.,0.,-1.));
#3998 = DIRECTION('',(-1.,0.,0.));
#3999 = ORIENTED_EDGE('',*,*,#4000,.T.);
#4000 = EDGE_CURVE('',#3992,#4001,#4003,.T.);
#4001 = VERTEX_POINT('',#4002);
#4002 = CARTESIAN_POINT('',(7.18,12.5,10.42));
#4003 = LINE('',#4004,#4005);
#4004 = CARTESIAN_POINT('',(7.18,12.5,0.));
#4005 = VECTOR('',#4006,1.);
#4006 = DIRECTION('',(0.,0.,1.));
#4007 = ORIENTED_EDGE('',*,*,#4008,.T.);
#4008 = EDGE_CURVE('',#4001,#3870,#4009,.T.);
#4009 = CIRCLE('',#4010,0.18);
#4010 = AXIS2_PLACEMENT_3D('',#4011,#4012,#4013);
#4011 = CARTESIAN_POINT('',(7.18,12.32,10.42));
#4012 = DIRECTION('',(0.,0.,1.));
#4013 = DIRECTION('',(-1.,-0.,0.));
#4014 = CYLINDRICAL_SURFACE('',#4015,0.18);
#4015 = AXIS2_PLACEMENT_3D('',#4016,#4017,#4018);
#4016 = CARTESIAN_POINT('',(7.18,12.32,0.));
#4017 = DIRECTION('',(0.,0.,1.));
#4018 = DIRECTION('',(-1.,-0.,0.));
#4019 = ADVANCED_FACE('',(#4020),#4031,.T.);
#4020 = FACE_BOUND('',#4021,.T.);
#4021 = EDGE_LOOP('',(#4022,#4023,#4030));
#4022 = ORIENTED_EDGE('',*,*,#3924,.F.);
#4023 = ORIENTED_EDGE('',*,*,#4024,.T.);
#4024 = EDGE_CURVE('',#3925,#3893,#4025,.T.);
#4025 = CIRCLE('',#4026,0.18);
#4026 = AXIS2_PLACEMENT_3D('',#4027,#4028,#4029);
#4027 = CARTESIAN_POINT('',(7.18,0.18,0.18));
#4028 = DIRECTION('',(-1.,6.123233995737E-17,0.));
#4029 = DIRECTION('',(-6.123233995737E-17,-1.,0.));
#4030 = ORIENTED_EDGE('',*,*,#3892,.F.);
#4031 = SPHERICAL_SURFACE('',#4032,0.18);
#4032 = AXIS2_PLACEMENT_3D('',#4033,#4034,#4035);
#4033 = CARTESIAN_POINT('',(7.18,0.18,0.18));
#4034 = DIRECTION('',(0.,0.,1.));
#4035 = DIRECTION('',(-1.,0.,0.));
#4036 = ADVANCED_FACE('',(#4037),#4048,.T.);
#4037 = FACE_BOUND('',#4038,.F.);
#4038 = EDGE_LOOP('',(#4039,#4040,#4047));
#4039 = ORIENTED_EDGE('',*,*,#3957,.F.);
#4040 = ORIENTED_EDGE('',*,*,#4041,.T.);
#4041 = EDGE_CURVE('',#3958,#3902,#4042,.T.);
#4042 = CIRCLE('',#4043,0.18);
#4043 = AXIS2_PLACEMENT_3D('',#4044,#4045,#4046);
#4044 = CARTESIAN_POINT('',(7.18,0.18,10.42));
#4045 = DIRECTION('',(1.,-6.123233995737E-17,0.));
#4046 = DIRECTION('',(-6.123233995737E-17,-1.,0.));
#4047 = ORIENTED_EDGE('',*,*,#3909,.F.);
#4048 = SPHERICAL_SURFACE('',#4049,0.18);
#4049 = AXIS2_PLACEMENT_3D('',#4050,#4051,#4052);
#4050 = CARTESIAN_POINT('',(7.18,0.18,10.42));
#4051 = DIRECTION('',(-0.,-0.,-1.));
#4052 = DIRECTION('',(-1.,0.,0.));
#4053 = ADVANCED_FACE('',(#4054,#4079),#4114,.F.);
#4054 = FACE_BOUND('',#4055,.F.);
#4055 = EDGE_LOOP('',(#4056,#4057,#4065,#4073));
#4056 = ORIENTED_EDGE('',*,*,#3901,.T.);
#4057 = ORIENTED_EDGE('',*,*,#4058,.T.);
#4058 = EDGE_CURVE('',#3902,#4059,#4061,.T.);
#4059 = VERTEX_POINT('',#4060);
#4060 = CARTESIAN_POINT('',(10.32,-2.775557561563E-17,10.42));
#4061 = LINE('',#4062,#4063);
#4062 = CARTESIAN_POINT('',(7.,-2.775557561563E-17,10.42));
#4063 = VECTOR('',#4064,1.);
#4064 = DIRECTION('',(1.,0.,-0.));
#4065 = ORIENTED_EDGE('',*,*,#4066,.F.);
#4066 = EDGE_CURVE('',#4067,#4059,#4069,.T.);
#4067 = VERTEX_POINT('',#4068);
#4068 = CARTESIAN_POINT('',(10.32,-2.775557561563E-17,0.18));
#4069 = LINE('',#4070,#4071);
#4070 = CARTESIAN_POINT('',(10.32,-2.775557561563E-17,0.));
#4071 = VECTOR('',#4072,1.);
#4072 = DIRECTION('',(0.,0.,1.));
#4073 = ORIENTED_EDGE('',*,*,#4074,.F.);
#4074 = EDGE_CURVE('',#3893,#4067,#4075,.T.);
#4075 = LINE('',#4076,#4077);
#4076 = CARTESIAN_POINT('',(7.,-2.775557561563E-17,0.18));
#4077 = VECTOR('',#4078,1.);
#4078 = DIRECTION('',(1.,0.,-0.));
#4079 = FACE_BOUND('',#4080,.F.);
#4080 = EDGE_LOOP('',(#4081,#4091,#4099,#4107));
#4081 = ORIENTED_EDGE('',*,*,#4082,.F.);
#4082 = EDGE_CURVE('',#4083,#4085,#4087,.T.);
#4083 = VERTEX_POINT('',#4084);
#4084 = CARTESIAN_POINT('',(9.85,0.,8.1));
#4085 = VERTEX_POINT('',#4086);
#4086 = CARTESIAN_POINT('',(9.85,0.,4.782623792125));
#4087 = LINE('',#4088,#4089);
#4088 = CARTESIAN_POINT('',(9.85,0.,2.));
#4089 = VECTOR('',#4090,1.);
#4090 = DIRECTION('',(-0.,0.,-1.));
#4091 = ORIENTED_EDGE('',*,*,#4092,.F.);
#4092 = EDGE_CURVE('',#4093,#4083,#4095,.T.);
#4093 = VERTEX_POINT('',#4094);
#4094 = CARTESIAN_POINT('',(7.65,0.,8.1));
#4095 = LINE('',#4096,#4097);
#4096 = CARTESIAN_POINT('',(7.325,0.,8.1));
#4097 = VECTOR('',#4098,1.);
#4098 = DIRECTION('',(1.,0.,-0.));
#4099 = ORIENTED_EDGE('',*,*,#4100,.T.);
#4100 = EDGE_CURVE('',#4093,#4101,#4103,.T.);
#4101 = VERTEX_POINT('',#4102);
#4102 = CARTESIAN_POINT('',(7.65,0.,4.782623792125));
#4103 = LINE('',#4104,#4105);
#4104 = CARTESIAN_POINT('',(7.65,0.,2.));
#4105 = VECTOR('',#4106,1.);
#4106 = DIRECTION('',(-0.,0.,-1.));
#4107 = ORIENTED_EDGE('',*,*,#4108,.F.);
#4108 = EDGE_CURVE('',#4085,#4101,#4109,.T.);
#4109 = CIRCLE('',#4110,1.35);
#4110 = AXIS2_PLACEMENT_3D('',#4111,#4112,#4113);
#4111 = CARTESIAN_POINT('',(8.75,0.,4.));
#4112 = DIRECTION('',(0.,1.,0.));
#4113 = DIRECTION('',(0.,-0.,1.));
#4114 = PLANE('',#4115);
#4115 = AXIS2_PLACEMENT_3D('',#4116,#4117,#4118);
#4116 = CARTESIAN_POINT('',(7.,0.,0.));
#4117 = DIRECTION('',(-0.,1.,0.));
#4118 = DIRECTION('',(0.,0.,1.));
#4119 = ADVANCED_FACE('',(#4120),#4145,.F.);
#4120 = FACE_BOUND('',#4121,.F.);
#4121 = EDGE_LOOP('',(#4122,#4123,#4131,#4139));
#4122 = ORIENTED_EDGE('',*,*,#3933,.F.);
#4123 = ORIENTED_EDGE('',*,*,#4124,.T.);
#4124 = EDGE_CURVE('',#3925,#4125,#4127,.T.);
#4125 = VERTEX_POINT('',#4126);
#4126 = CARTESIAN_POINT('',(10.32,0.18,0.));
#4127 = LINE('',#4128,#4129);
#4128 = CARTESIAN_POINT('',(7.,0.18,-2.775557561563E-17));
#4129 = VECTOR('',#4130,1.);
#4130 = DIRECTION('',(1.,0.,-0.));
#4131 = ORIENTED_EDGE('',*,*,#4132,.T.);
#4132 = EDGE_CURVE('',#4125,#4133,#4135,.T.);
#4133 = VERTEX_POINT('',#4134);
#4134 = CARTESIAN_POINT('',(10.32,12.32,0.));
#4135 = LINE('',#4136,#4137);
#4136 = CARTESIAN_POINT('',(10.32,0.,-2.775557561563E-17));
#4137 = VECTOR('',#4138,1.);
#4138 = DIRECTION('',(-0.,1.,0.));
#4139 = ORIENTED_EDGE('',*,*,#4140,.F.);
#4140 = EDGE_CURVE('',#3934,#4133,#4141,.T.);
#4141 = LINE('',#4142,#4143);
#4142 = CARTESIAN_POINT('',(7.,12.32,-2.775557561563E-17));
#4143 = VECTOR('',#4144,1.);
#4144 = DIRECTION('',(1.,0.,-0.));
#4145 = PLANE('',#4146);
#4146 = AXIS2_PLACEMENT_3D('',#4147,#4148,#4149);
#4147 = CARTESIAN_POINT('',(7.,0.,0.));
#4148 = DIRECTION('',(0.,0.,1.));
#4149 = DIRECTION('',(1.,0.,-0.));
#4150 = ADVANCED_FACE('',(#4151),#4162,.T.);
#4151 = FACE_BOUND('',#4152,.F.);
#4152 = EDGE_LOOP('',(#4153,#4154,#4161));
#4153 = ORIENTED_EDGE('',*,*,#3941,.F.);
#4154 = ORIENTED_EDGE('',*,*,#4155,.T.);
#4155 = EDGE_CURVE('',#3934,#3992,#4156,.T.);
#4156 = CIRCLE('',#4157,0.18);
#4157 = AXIS2_PLACEMENT_3D('',#4158,#4159,#4160);
#4158 = CARTESIAN_POINT('',(7.18,12.32,0.18));
#4159 = DIRECTION('',(1.,6.123233995737E-17,-0.));
#4160 = DIRECTION('',(-6.123233995737E-17,1.,0.));
#4161 = ORIENTED_EDGE('',*,*,#3991,.F.);
#4162 = SPHERICAL_SURFACE('',#4163,0.18);
#4163 = AXIS2_PLACEMENT_3D('',#4164,#4165,#4166);
#4164 = CARTESIAN_POINT('',(7.18,12.32,0.18));
#4165 = DIRECTION('',(0.,0.,1.));
#4166 = DIRECTION('',(-1.,0.,0.));
#4167 = ADVANCED_FACE('',(#4168,#4193),#4227,.T.);
#4168 = FACE_BOUND('',#4169,.T.);
#4169 = EDGE_LOOP('',(#4170,#4171,#4179,#4187));
#4170 = ORIENTED_EDGE('',*,*,#3966,.F.);
#4171 = ORIENTED_EDGE('',*,*,#4172,.T.);
#4172 = EDGE_CURVE('',#3958,#4173,#4175,.T.);
#4173 = VERTEX_POINT('',#4174);
#4174 = CARTESIAN_POINT('',(10.32,0.18,10.6));
#4175 = LINE('',#4176,#4177);
#4176 = CARTESIAN_POINT('',(7.,0.18,10.6));
#4177 = VECTOR('',#4178,1.);
#4178 = DIRECTION('',(1.,0.,-0.));
#4179 = ORIENTED_EDGE('',*,*,#4180,.T.);
#4180 = EDGE_CURVE('',#4173,#4181,#4183,.T.);
#4181 = VERTEX_POINT('',#4182);
#4182 = CARTESIAN_POINT('',(10.32,12.32,10.6));
#4183 = LINE('',#4184,#4185);
#4184 = CARTESIAN_POINT('',(10.32,0.,10.6));
#4185 = VECTOR('',#4186,1.);
#4186 = DIRECTION('',(-0.,1.,0.));
#4187 = ORIENTED_EDGE('',*,*,#4188,.F.);
#4188 = EDGE_CURVE('',#3967,#4181,#4189,.T.);
#4189 = LINE('',#4190,#4191);
#4190 = CARTESIAN_POINT('',(7.,12.32,10.6));
#4191 = VECTOR('',#4192,1.);
#4192 = DIRECTION('',(1.,0.,-0.));
#4193 = FACE_BOUND('',#4194,.T.);
#4194 = EDGE_LOOP('',(#4195,#4205,#4213,#4221));
#4195 = ORIENTED_EDGE('',*,*,#4196,.T.);
#4196 = EDGE_CURVE('',#4197,#4199,#4201,.T.);
#4197 = VERTEX_POINT('',#4198);
#4198 = CARTESIAN_POINT('',(10.16,0.75,10.6));
#4199 = VERTEX_POINT('',#4200);
#4200 = CARTESIAN_POINT('',(7.34,0.75,10.6));
#4201 = LINE('',#4202,#4203);
#4202 = CARTESIAN_POINT('',(7.17,0.75,10.6));
#4203 = VECTOR('',#4204,1.);
#4204 = DIRECTION('',(-1.,-0.,0.));
#4205 = ORIENTED_EDGE('',*,*,#4206,.T.);
#4206 = EDGE_CURVE('',#4199,#4207,#4209,.T.);
#4207 = VERTEX_POINT('',#4208);
#4208 = CARTESIAN_POINT('',(7.34,9.5,10.6));
#4209 = LINE('',#4210,#4211);
#4210 = CARTESIAN_POINT('',(7.34,0.375,10.6));
#4211 = VECTOR('',#4212,1.);
#4212 = DIRECTION('',(-0.,1.,0.));
#4213 = ORIENTED_EDGE('',*,*,#4214,.F.);
#4214 = EDGE_CURVE('',#4215,#4207,#4217,.T.);
#4215 = VERTEX_POINT('',#4216);
#4216 = CARTESIAN_POINT('',(10.16,9.5,10.6));
#4217 = LINE('',#4218,#4219);
#4218 = CARTESIAN_POINT('',(7.17,9.5,10.6));
#4219 = VECTOR('',#4220,1.);
#4220 = DIRECTION('',(-1.,-0.,0.));
#4221 = ORIENTED_EDGE('',*,*,#4222,.F.);
#4222 = EDGE_CURVE('',#4197,#4215,#4223,.T.);
#4223 = LINE('',#4224,#4225);
#4224 = CARTESIAN_POINT('',(10.16,0.375,10.6));
#4225 = VECTOR('',#4226,1.);
#4226 = DIRECTION('',(-0.,1.,0.));
#4227 = PLANE('',#4228);
#4228 = AXIS2_PLACEMENT_3D('',#4229,#4230,#4231);
#4229 = CARTESIAN_POINT('',(7.,0.,10.6));
#4230 = DIRECTION('',(0.,0.,1.));
#4231 = DIRECTION('',(1.,0.,-0.));
#4232 = ADVANCED_FACE('',(#4233),#4244,.T.);
#4233 = FACE_BOUND('',#4234,.F.);
#4234 = EDGE_LOOP('',(#4235,#4236,#4243));
#4235 = ORIENTED_EDGE('',*,*,#4008,.F.);
#4236 = ORIENTED_EDGE('',*,*,#4237,.T.);
#4237 = EDGE_CURVE('',#4001,#3967,#4238,.T.);
#4238 = CIRCLE('',#4239,0.18);
#4239 = AXIS2_PLACEMENT_3D('',#4240,#4241,#4242);
#4240 = CARTESIAN_POINT('',(7.18,12.32,10.42));
#4241 = DIRECTION('',(1.,0.,6.123233995737E-17));
#4242 = DIRECTION('',(-6.123233995737E-17,-0.,1.));
#4243 = ORIENTED_EDGE('',*,*,#3974,.F.);
#4244 = SPHERICAL_SURFACE('',#4245,0.18);
#4245 = AXIS2_PLACEMENT_3D('',#4246,#4247,#4248);
#4246 = CARTESIAN_POINT('',(7.18,12.32,10.42));
#4247 = DIRECTION('',(0.,-1.,-0.));
#4248 = DIRECTION('',(-1.,-0.,0.));
#4249 = ADVANCED_FACE('',(#4250,#4275),#4309,.T.);
#4250 = FACE_BOUND('',#4251,.T.);
#4251 = EDGE_LOOP('',(#4252,#4253,#4261,#4269));
#4252 = ORIENTED_EDGE('',*,*,#4000,.T.);
#4253 = ORIENTED_EDGE('',*,*,#4254,.T.);
#4254 = EDGE_CURVE('',#4001,#4255,#4257,.T.);
#4255 = VERTEX_POINT('',#4256);
#4256 = CARTESIAN_POINT('',(10.32,12.5,10.42));
#4257 = LINE('',#4258,#4259);
#4258 = CARTESIAN_POINT('',(7.,12.5,10.42));
#4259 = VECTOR('',#4260,1.);
#4260 = DIRECTION('',(1.,0.,-0.));
#4261 = ORIENTED_EDGE('',*,*,#4262,.F.);
#4262 = EDGE_CURVE('',#4263,#4255,#4265,.T.);
#4263 = VERTEX_POINT('',#4264);
#4264 = CARTESIAN_POINT('',(10.32,12.5,0.18));
#4265 = LINE('',#4266,#4267);
#4266 = CARTESIAN_POINT('',(10.32,12.5,0.));
#4267 = VECTOR('',#4268,1.);
#4268 = DIRECTION('',(0.,0.,1.));
#4269 = ORIENTED_EDGE('',*,*,#4270,.F.);
#4270 = EDGE_CURVE('',#3992,#4263,#4271,.T.);
#4271 = LINE('',#4272,#4273);
#4272 = CARTESIAN_POINT('',(7.,12.5,0.18));
#4273 = VECTOR('',#4274,1.);
#4274 = DIRECTION('',(1.,0.,-0.));
#4275 = FACE_BOUND('',#4276,.T.);
#4276 = EDGE_LOOP('',(#4277,#4287,#4295,#4303));
#4277 = ORIENTED_EDGE('',*,*,#4278,.F.);
#4278 = EDGE_CURVE('',#4279,#4281,#4283,.T.);
#4279 = VERTEX_POINT('',#4280);
#4280 = CARTESIAN_POINT('',(7.525,12.5,9.75));
#4281 = VERTEX_POINT('',#4282);
#4282 = CARTESIAN_POINT('',(9.975,12.5,9.75));
#4283 = LINE('',#4284,#4285);
#4284 = CARTESIAN_POINT('',(7.2625,12.5,9.75));
#4285 = VECTOR('',#4286,1.);
#4286 = DIRECTION('',(1.,0.,-0.));
#4287 = ORIENTED_EDGE('',*,*,#4288,.T.);
#4288 = EDGE_CURVE('',#4279,#4289,#4291,.T.);
#4289 = VERTEX_POINT('',#4290);
#4290 = CARTESIAN_POINT('',(7.525,12.5,7.2));
#4291 = LINE('',#4292,#4293);
#4292 = CARTESIAN_POINT('',(7.525,12.5,3.6));
#4293 = VECTOR('',#4294,1.);
#4294 = DIRECTION('',(-0.,0.,-1.));
#4295 = ORIENTED_EDGE('',*,*,#4296,.T.);
#4296 = EDGE_CURVE('',#4289,#4297,#4299,.T.);
#4297 = VERTEX_POINT('',#4298);
#4298 = CARTESIAN_POINT('',(9.975,12.5,7.2));
#4299 = LINE('',#4300,#4301);
#4300 = CARTESIAN_POINT('',(7.2625,12.5,7.2));
#4301 = VECTOR('',#4302,1.);
#4302 = DIRECTION('',(1.,0.,-0.));
#4303 = ORIENTED_EDGE('',*,*,#4304,.F.);
#4304 = EDGE_CURVE('',#4281,#4297,#4305,.T.);
#4305 = LINE('',#4306,#4307);
#4306 = CARTESIAN_POINT('',(9.975,12.5,3.6));
#4307 = VECTOR('',#4308,1.);
#4308 = DIRECTION('',(-0.,0.,-1.));
#4309 = PLANE('',#4310);
#4310 = AXIS2_PLACEMENT_3D('',#4311,#4312,#4313);
#4311 = CARTESIAN_POINT('',(7.,12.5,0.));
#4312 = DIRECTION('',(-0.,1.,0.));
#4313 = DIRECTION('',(0.,0.,1.));
#4314 = ADVANCED_FACE('',(#4315),#4327,.T.);
#4315 = FACE_BOUND('',#4316,.T.);
#4316 = EDGE_LOOP('',(#4317,#4318,#4319,#4326));
#4317 = ORIENTED_EDGE('',*,*,#4024,.F.);
#4318 = ORIENTED_EDGE('',*,*,#4124,.T.);
#4319 = ORIENTED_EDGE('',*,*,#4320,.T.);
#4320 = EDGE_CURVE('',#4125,#4067,#4321,.T.);
#4321 = CIRCLE('',#4322,0.18);
#4322 = AXIS2_PLACEMENT_3D('',#4323,#4324,#4325);
#4323 = CARTESIAN_POINT('',(10.32,0.18,0.18));
#4324 = DIRECTION('',(-1.,-6.123233995737E-17,0.));
#4325 = DIRECTION('',(6.123233995737E-17,-1.,-0.));
#4326 = ORIENTED_EDGE('',*,*,#4074,.F.);
#4327 = CYLINDRICAL_SURFACE('',#4328,0.18);
#4328 = AXIS2_PLACEMENT_3D('',#4329,#4330,#4331);
#4329 = CARTESIAN_POINT('',(7.,0.18,0.18));
#4330 = DIRECTION('',(1.,0.,-0.));
#4331 = DIRECTION('',(0.,-1.,0.));
#4332 = ADVANCED_FACE('',(#4333),#4345,.T.);
#4333 = FACE_BOUND('',#4334,.F.);
#4334 = EDGE_LOOP('',(#4335,#4336,#4337,#4344));
#4335 = ORIENTED_EDGE('',*,*,#4041,.F.);
#4336 = ORIENTED_EDGE('',*,*,#4172,.T.);
#4337 = ORIENTED_EDGE('',*,*,#4338,.T.);
#4338 = EDGE_CURVE('',#4173,#4059,#4339,.T.);
#4339 = CIRCLE('',#4340,0.18);
#4340 = AXIS2_PLACEMENT_3D('',#4341,#4342,#4343);
#4341 = CARTESIAN_POINT('',(10.32,0.18,10.42));
#4342 = DIRECTION('',(1.,6.123233995737E-17,0.));
#4343 = DIRECTION('',(6.123233995737E-17,-1.,0.));
#4344 = ORIENTED_EDGE('',*,*,#4058,.F.);
#4345 = CYLINDRICAL_SURFACE('',#4346,0.18);
#4346 = AXIS2_PLACEMENT_3D('',#4347,#4348,#4349);
#4347 = CARTESIAN_POINT('',(7.,0.18,10.42));
#4348 = DIRECTION('',(1.,0.,-0.));
#4349 = DIRECTION('',(0.,-1.,0.));
#4350 = ADVANCED_FACE('',(#4351),#4378,.T.);
#4351 = FACE_BOUND('',#4352,.F.);
#4352 = EDGE_LOOP('',(#4353,#4363,#4370,#4371));
#4353 = ORIENTED_EDGE('',*,*,#4354,.F.);
#4354 = EDGE_CURVE('',#4355,#4357,#4359,.T.);
#4355 = VERTEX_POINT('',#4356);
#4356 = CARTESIAN_POINT('',(10.5,0.18,0.18));
#4357 = VERTEX_POINT('',#4358);
#4358 = CARTESIAN_POINT('',(10.5,0.18,10.42));
#4359 = LINE('',#4360,#4361);
#4360 = CARTESIAN_POINT('',(10.5,0.18,0.));
#4361 = VECTOR('',#4362,1.);
#4362 = DIRECTION('',(0.,0.,1.));
#4363 = ORIENTED_EDGE('',*,*,#4364,.T.);
#4364 = EDGE_CURVE('',#4355,#4067,#4365,.T.);
#4365 = CIRCLE('',#4366,0.18);
#4366 = AXIS2_PLACEMENT_3D('',#4367,#4368,#4369);
#4367 = CARTESIAN_POINT('',(10.32,0.18,0.18));
#4368 = DIRECTION('',(0.,-0.,-1.));
#4369 = DIRECTION('',(1.,0.,-0.));
#4370 = ORIENTED_EDGE('',*,*,#4066,.T.);
#4371 = ORIENTED_EDGE('',*,*,#4372,.F.);
#4372 = EDGE_CURVE('',#4357,#4059,#4373,.T.);
#4373 = CIRCLE('',#4374,0.18);
#4374 = AXIS2_PLACEMENT_3D('',#4375,#4376,#4377);
#4375 = CARTESIAN_POINT('',(10.32,0.18,10.42));
#4376 = DIRECTION('',(0.,0.,-1.));
#4377 = DIRECTION('',(1.,0.,0.));
#4378 = CYLINDRICAL_SURFACE('',#4379,0.18);
#4379 = AXIS2_PLACEMENT_3D('',#4380,#4381,#4382);
#4380 = CARTESIAN_POINT('',(10.32,0.18,0.));
#4381 = DIRECTION('',(0.,0.,1.));
#4382 = DIRECTION('',(1.,0.,-0.));
#4383 = ADVANCED_FACE('',(#4384),#4409,.F.);
#4384 = FACE_BOUND('',#4385,.F.);
#4385 = EDGE_LOOP('',(#4386,#4387,#4395,#4403));
#4386 = ORIENTED_EDGE('',*,*,#4082,.T.);
#4387 = ORIENTED_EDGE('',*,*,#4388,.T.);
#4388 = EDGE_CURVE('',#4085,#4389,#4391,.T.);
#4389 = VERTEX_POINT('',#4390);
#4390 = CARTESIAN_POINT('',(9.85,4.3,4.782623792125));
#4391 = LINE('',#4392,#4393);
#4392 = CARTESIAN_POINT('',(9.85,-5.E-02,4.782623792125));
#4393 = VECTOR('',#4394,1.);
#4394 = DIRECTION('',(0.,1.,0.));
#4395 = ORIENTED_EDGE('',*,*,#4396,.T.);
#4396 = EDGE_CURVE('',#4389,#4397,#4399,.T.);
#4397 = VERTEX_POINT('',#4398);
#4398 = CARTESIAN_POINT('',(9.85,4.3,8.1));
#4399 = LINE('',#4400,#4401);
#4400 = CARTESIAN_POINT('',(9.85,4.3,4.));
#4401 = VECTOR('',#4402,1.);
#4402 = DIRECTION('',(0.,0.,1.));
#4403 = ORIENTED_EDGE('',*,*,#4404,.F.);
#4404 = EDGE_CURVE('',#4083,#4397,#4405,.T.);
#4405 = LINE('',#4406,#4407);
#4406 = CARTESIAN_POINT('',(9.85,-5.E-02,8.1));
#4407 = VECTOR('',#4408,1.);
#4408 = DIRECTION('',(-0.,1.,0.));
#4409 = PLANE('',#4410);
#4410 = AXIS2_PLACEMENT_3D('',#4411,#4412,#4413);
#4411 = CARTESIAN_POINT('',(9.85,-5.E-02,4.));
#4412 = DIRECTION('',(1.,0.,-0.));
#4413 = DIRECTION('',(0.,0.,1.));
#4414 = ADVANCED_FACE('',(#4415),#4434,.F.);
#4415 = FACE_BOUND('',#4416,.F.);
#4416 = EDGE_LOOP('',(#4417,#4426,#4427,#4428));
#4417 = ORIENTED_EDGE('',*,*,#4418,.F.);
#4418 = EDGE_CURVE('',#4389,#4419,#4421,.T.);
#4419 = VERTEX_POINT('',#4420);
#4420 = CARTESIAN_POINT('',(7.65,4.3,4.782623792125));
#4421 = CIRCLE('',#4422,1.35);
#4422 = AXIS2_PLACEMENT_3D('',#4423,#4424,#4425);
#4423 = CARTESIAN_POINT('',(8.75,4.3,4.));
#4424 = DIRECTION('',(0.,1.,0.));
#4425 = DIRECTION('',(0.,-0.,1.));
#4426 = ORIENTED_EDGE('',*,*,#4388,.F.);
#4427 = ORIENTED_EDGE('',*,*,#4108,.T.);
#4428 = ORIENTED_EDGE('',*,*,#4429,.T.);
#4429 = EDGE_CURVE('',#4101,#4419,#4430,.T.);
#4430 = LINE('',#4431,#4432);
#4431 = CARTESIAN_POINT('',(7.65,-5.E-02,4.782623792125));
#4432 = VECTOR('',#4433,1.);
#4433 = DIRECTION('',(0.,1.,0.));
#4434 = CYLINDRICAL_SURFACE('',#4435,1.35);
#4435 = AXIS2_PLACEMENT_3D('',#4436,#4437,#4438);
#4436 = CARTESIAN_POINT('',(8.75,-5.E-02,4.));
#4437 = DIRECTION('',(0.,1.,0.));
#4438 = DIRECTION('',(0.,-0.,1.));
#4439 = ADVANCED_FACE('',(#4440),#4458,.T.);
#4440 = FACE_BOUND('',#4441,.T.);
#4441 = EDGE_LOOP('',(#4442,#4443,#4444,#4452));
#4442 = ORIENTED_EDGE('',*,*,#4100,.T.);
#4443 = ORIENTED_EDGE('',*,*,#4429,.T.);
#4444 = ORIENTED_EDGE('',*,*,#4445,.T.);
#4445 = EDGE_CURVE('',#4419,#4446,#4448,.T.);
#4446 = VERTEX_POINT('',#4447);
#4447 = CARTESIAN_POINT('',(7.65,4.3,8.1));
#4448 = LINE('',#4449,#4450);
#4449 = CARTESIAN_POINT('',(7.65,4.3,4.));
#4450 = VECTOR('',#4451,1.);
#4451 = DIRECTION('',(0.,0.,1.));
#4452 = ORIENTED_EDGE('',*,*,#4453,.F.);
#4453 = EDGE_CURVE('',#4093,#4446,#4454,.T.);
#4454 = LINE('',#4455,#4456);
#4455 = CARTESIAN_POINT('',(7.65,-5.E-02,8.1));
#4456 = VECTOR('',#4457,1.);
#4457 = DIRECTION('',(-0.,1.,0.));
#4458 = PLANE('',#4459);
#4459 = AXIS2_PLACEMENT_3D('',#4460,#4461,#4462);
#4460 = CARTESIAN_POINT('',(7.65,-5.E-02,4.));
#4461 = DIRECTION('',(1.,0.,-0.));
#4462 = DIRECTION('',(0.,0.,1.));
#4463 = ADVANCED_FACE('',(#4464),#4475,.F.);
#4464 = FACE_BOUND('',#4465,.F.);
#4465 = EDGE_LOOP('',(#4466,#4467,#4468,#4469));
#4466 = ORIENTED_EDGE('',*,*,#4453,.F.);
#4467 = ORIENTED_EDGE('',*,*,#4092,.T.);
#4468 = ORIENTED_EDGE('',*,*,#4404,.T.);
#4469 = ORIENTED_EDGE('',*,*,#4470,.F.);
#4470 = EDGE_CURVE('',#4446,#4397,#4471,.T.);
#4471 = LINE('',#4472,#4473);
#4472 = CARTESIAN_POINT('',(7.65,4.3,8.1));
#4473 = VECTOR('',#4474,1.);
#4474 = DIRECTION('',(1.,0.,-0.));
#4475 = PLANE('',#4476);
#4476 = AXIS2_PLACEMENT_3D('',#4477,#4478,#4479);
#4477 = CARTESIAN_POINT('',(7.65,-5.E-02,8.1));
#4478 = DIRECTION('',(0.,0.,1.));
#4479 = DIRECTION('',(1.,0.,-0.));
#4480 = ADVANCED_FACE('',(#4481),#4493,.T.);
#4481 = FACE_BOUND('',#4482,.F.);
#4482 = EDGE_LOOP('',(#4483,#4484,#4485,#4492));
#4483 = ORIENTED_EDGE('',*,*,#4155,.F.);
#4484 = ORIENTED_EDGE('',*,*,#4140,.T.);
#4485 = ORIENTED_EDGE('',*,*,#4486,.T.);
#4486 = EDGE_CURVE('',#4133,#4263,#4487,.T.);
#4487 = CIRCLE('',#4488,0.18);
#4488 = AXIS2_PLACEMENT_3D('',#4489,#4490,#4491);
#4489 = CARTESIAN_POINT('',(10.32,12.32,0.18));
#4490 = DIRECTION('',(1.,-6.123233995737E-17,0.));
#4491 = DIRECTION('',(6.123233995737E-17,1.,0.));
#4492 = ORIENTED_EDGE('',*,*,#4270,.F.);
#4493 = CYLINDRICAL_SURFACE('',#4494,0.18);
#4494 = AXIS2_PLACEMENT_3D('',#4495,#4496,#4497);
#4495 = CARTESIAN_POINT('',(7.,12.32,0.18));
#4496 = DIRECTION('',(1.,0.,-0.));
#4497 = DIRECTION('',(0.,1.,0.));
#4498 = ADVANCED_FACE('',(#4499),#4524,.T.);
#4499 = FACE_BOUND('',#4500,.T.);
#4500 = EDGE_LOOP('',(#4501,#4508,#4509,#4518));
#4501 = ORIENTED_EDGE('',*,*,#4502,.F.);
#4502 = EDGE_CURVE('',#4125,#4355,#4503,.T.);
#4503 = CIRCLE('',#4504,0.18);
#4504 = AXIS2_PLACEMENT_3D('',#4505,#4506,#4507);
#4505 = CARTESIAN_POINT('',(10.32,0.18,0.18));
#4506 = DIRECTION('',(0.,-1.,0.));
#4507 = DIRECTION('',(1.,0.,0.));
#4508 = ORIENTED_EDGE('',*,*,#4132,.T.);
#4509 = ORIENTED_EDGE('',*,*,#4510,.T.);
#4510 = EDGE_CURVE('',#4133,#4511,#4513,.T.);
#4511 = VERTEX_POINT('',#4512);
#4512 = CARTESIAN_POINT('',(10.5,12.32,0.18));
#4513 = CIRCLE('',#4514,0.18);
#4514 = AXIS2_PLACEMENT_3D('',#4515,#4516,#4517);
#4515 = CARTESIAN_POINT('',(10.32,12.32,0.18));
#4516 = DIRECTION('',(0.,-1.,0.));
#4517 = DIRECTION('',(1.,0.,0.));
#4518 = ORIENTED_EDGE('',*,*,#4519,.F.);
#4519 = EDGE_CURVE('',#4355,#4511,#4520,.T.);
#4520 = LINE('',#4521,#4522);
#4521 = CARTESIAN_POINT('',(10.5,0.,0.18));
#4522 = VECTOR('',#4523,1.);
#4523 = DIRECTION('',(-0.,1.,0.));
#4524 = CYLINDRICAL_SURFACE('',#4525,0.18);
#4525 = AXIS2_PLACEMENT_3D('',#4526,#4527,#4528);
#4526 = CARTESIAN_POINT('',(10.32,0.,0.18));
#4527 = DIRECTION('',(-0.,1.,0.));
#4528 = DIRECTION('',(1.,0.,-0.));
#4529 = ADVANCED_FACE('',(#4530),#4542,.T.);
#4530 = FACE_BOUND('',#4531,.T.);
#4531 = EDGE_LOOP('',(#4532,#4533,#4534,#4541));
#4532 = ORIENTED_EDGE('',*,*,#4237,.T.);
#4533 = ORIENTED_EDGE('',*,*,#4188,.T.);
#4534 = ORIENTED_EDGE('',*,*,#4535,.F.);
#4535 = EDGE_CURVE('',#4255,#4181,#4536,.T.);
#4536 = CIRCLE('',#4537,0.18);
#4537 = AXIS2_PLACEMENT_3D('',#4538,#4539,#4540);
#4538 = CARTESIAN_POINT('',(10.32,12.32,10.42));
#4539 = DIRECTION('',(1.,0.,-6.123233995737E-17));
#4540 = DIRECTION('',(6.123233995737E-17,0.,1.));
#4541 = ORIENTED_EDGE('',*,*,#4254,.F.);
#4542 = CYLINDRICAL_SURFACE('',#4543,0.18);
#4543 = AXIS2_PLACEMENT_3D('',#4544,#4545,#4546);
#4544 = CARTESIAN_POINT('',(7.,12.32,10.42));
#4545 = DIRECTION('',(1.,0.,-0.));
#4546 = DIRECTION('',(0.,1.,0.));
#4547 = ADVANCED_FACE('',(#4548),#4573,.T.);
#4548 = FACE_BOUND('',#4549,.F.);
#4549 = EDGE_LOOP('',(#4550,#4557,#4558,#4567));
#4550 = ORIENTED_EDGE('',*,*,#4551,.F.);
#4551 = EDGE_CURVE('',#4173,#4357,#4552,.T.);
#4552 = CIRCLE('',#4553,0.18);
#4553 = AXIS2_PLACEMENT_3D('',#4554,#4555,#4556);
#4554 = CARTESIAN_POINT('',(10.32,0.18,10.42));
#4555 = DIRECTION('',(-0.,1.,0.));
#4556 = DIRECTION('',(1.,0.,0.));
#4557 = ORIENTED_EDGE('',*,*,#4180,.T.);
#4558 = ORIENTED_EDGE('',*,*,#4559,.F.);
#4559 = EDGE_CURVE('',#4560,#4181,#4562,.T.);
#4560 = VERTEX_POINT('',#4561);
#4561 = CARTESIAN_POINT('',(10.5,12.32,10.42));
#4562 = CIRCLE('',#4563,0.18);
#4563 = AXIS2_PLACEMENT_3D('',#4564,#4565,#4566);
#4564 = CARTESIAN_POINT('',(10.32,12.32,10.42));
#4565 = DIRECTION('',(0.,-1.,-0.));
#4566 = DIRECTION('',(1.,0.,0.));
#4567 = ORIENTED_EDGE('',*,*,#4568,.F.);
#4568 = EDGE_CURVE('',#4357,#4560,#4569,.T.);
#4569 = LINE('',#4570,#4571);
#4570 = CARTESIAN_POINT('',(10.5,0.,10.42));
#4571 = VECTOR('',#4572,1.);
#4572 = DIRECTION('',(-0.,1.,0.));
#4573 = CYLINDRICAL_SURFACE('',#4574,0.18);
#4574 = AXIS2_PLACEMENT_3D('',#4575,#4576,#4577);
#4575 = CARTESIAN_POINT('',(10.32,0.,10.42));
#4576 = DIRECTION('',(-0.,1.,0.));
#4577 = DIRECTION('',(1.,0.,-0.));
#4578 = ADVANCED_FACE('',(#4579),#4604,.T.);
#4579 = FACE_BOUND('',#4580,.T.);
#4580 = EDGE_LOOP('',(#4581,#4589,#4597,#4603));
#4581 = ORIENTED_EDGE('',*,*,#4582,.F.);
#4582 = EDGE_CURVE('',#4583,#4197,#4585,.T.);
#4583 = VERTEX_POINT('',#4584);
#4584 = CARTESIAN_POINT('',(10.16,0.75,8.62));
#4585 = LINE('',#4586,#4587);
#4586 = CARTESIAN_POINT('',(10.16,0.75,8.62));
#4587 = VECTOR('',#4588,1.);
#4588 = DIRECTION('',(0.,0.,1.));
#4589 = ORIENTED_EDGE('',*,*,#4590,.F.);
#4590 = EDGE_CURVE('',#4591,#4583,#4593,.T.);
#4591 = VERTEX_POINT('',#4592);
#4592 = CARTESIAN_POINT('',(7.34,0.75,8.62));
#4593 = LINE('',#4594,#4595);
#4594 = CARTESIAN_POINT('',(7.34,0.75,8.62));
#4595 = VECTOR('',#4596,1.);
#4596 = DIRECTION('',(1.,0.,-0.));
#4597 = ORIENTED_EDGE('',*,*,#4598,.T.);
#4598 = EDGE_CURVE('',#4591,#4199,#4599,.T.);
#4599 = LINE('',#4600,#4601);
#4600 = CARTESIAN_POINT('',(7.34,0.75,8.62));
#4601 = VECTOR('',#4602,1.);
#4602 = DIRECTION('',(0.,0.,1.));
#4603 = ORIENTED_EDGE('',*,*,#4196,.F.);
#4604 = PLANE('',#4605);
#4605 = AXIS2_PLACEMENT_3D('',#4606,#4607,#4608);
#4606 = CARTESIAN_POINT('',(7.34,0.75,8.62));
#4607 = DIRECTION('',(-0.,1.,0.));
#4608 = DIRECTION('',(0.,0.,1.));
#4609 = ADVANCED_FACE('',(#4610),#4628,.F.);
#4610 = FACE_BOUND('',#4611,.F.);
#4611 = EDGE_LOOP('',(#4612,#4613,#4621,#4627));
#4612 = ORIENTED_EDGE('',*,*,#4582,.F.);
#4613 = ORIENTED_EDGE('',*,*,#4614,.T.);
#4614 = EDGE_CURVE('',#4583,#4615,#4617,.T.);
#4615 = VERTEX_POINT('',#4616);
#4616 = CARTESIAN_POINT('',(10.16,9.5,8.62));
#4617 = LINE('',#4618,#4619);
#4618 = CARTESIAN_POINT('',(10.16,0.75,8.62));
#4619 = VECTOR('',#4620,1.);
#4620 = DIRECTION('',(-0.,1.,0.));
#4621 = ORIENTED_EDGE('',*,*,#4622,.T.);
#4622 = EDGE_CURVE('',#4615,#4215,#4623,.T.);
#4623 = LINE('',#4624,#4625);
#4624 = CARTESIAN_POINT('',(10.16,9.5,8.62));
#4625 = VECTOR('',#4626,1.);
#4626 = DIRECTION('',(0.,0.,1.));
#4627 = ORIENTED_EDGE('',*,*,#4222,.F.);
#4628 = PLANE('',#4629);
#4629 = AXIS2_PLACEMENT_3D('',#4630,#4631,#4632);
#4630 = CARTESIAN_POINT('',(10.16,0.75,8.62));
#4631 = DIRECTION('',(1.,0.,-0.));
#4632 = DIRECTION('',(0.,0.,1.));
#4633 = ADVANCED_FACE('',(#4634),#4652,.F.);
#4634 = FACE_BOUND('',#4635,.F.);
#4635 = EDGE_LOOP('',(#4636,#4637,#4645,#4651));
#4636 = ORIENTED_EDGE('',*,*,#4622,.F.);
#4637 = ORIENTED_EDGE('',*,*,#4638,.F.);
#4638 = EDGE_CURVE('',#4639,#4615,#4641,.T.);
#4639 = VERTEX_POINT('',#4640);
#4640 = CARTESIAN_POINT('',(7.34,9.5,8.62));
#4641 = LINE('',#4642,#4643);
#4642 = CARTESIAN_POINT('',(7.34,9.5,8.62));
#4643 = VECTOR('',#4644,1.);
#4644 = DIRECTION('',(1.,0.,-0.));
#4645 = ORIENTED_EDGE('',*,*,#4646,.T.);
#4646 = EDGE_CURVE('',#4639,#4207,#4647,.T.);
#4647 = LINE('',#4648,#4649);
#4648 = CARTESIAN_POINT('',(7.34,9.5,8.62));
#4649 = VECTOR('',#4650,1.);
#4650 = DIRECTION('',(0.,0.,1.));
#4651 = ORIENTED_EDGE('',*,*,#4214,.F.);
#4652 = PLANE('',#4653);
#4653 = AXIS2_PLACEMENT_3D('',#4654,#4655,#4656);
#4654 = CARTESIAN_POINT('',(7.34,9.5,8.62));
#4655 = DIRECTION('',(-0.,1.,0.));
#4656 = DIRECTION('',(0.,0.,1.));
#4657 = ADVANCED_FACE('',(#4658),#4669,.T.);
#4658 = FACE_BOUND('',#4659,.T.);
#4659 = EDGE_LOOP('',(#4660,#4661,#4667,#4668));
#4660 = ORIENTED_EDGE('',*,*,#4598,.F.);
#4661 = ORIENTED_EDGE('',*,*,#4662,.T.);
#4662 = EDGE_CURVE('',#4591,#4639,#4663,.T.);
#4663 = LINE('',#4664,#4665);
#4664 = CARTESIAN_POINT('',(7.34,0.75,8.62));
#4665 = VECTOR('',#4666,1.);
#4666 = DIRECTION('',(-0.,1.,0.));
#4667 = ORIENTED_EDGE('',*,*,#4646,.T.);
#4668 = ORIENTED_EDGE('',*,*,#4206,.F.);
#4669 = PLANE('',#4670);
#4670 = AXIS2_PLACEMENT_3D('',#4671,#4672,#4673);
#4671 = CARTESIAN_POINT('',(7.34,0.75,8.62));
#4672 = DIRECTION('',(1.,0.,-0.));
#4673 = DIRECTION('',(0.,0.,1.));
#4674 = ADVANCED_FACE('',(#4675),#4698,.T.);
#4675 = FACE_BOUND('',#4676,.T.);
#4676 = EDGE_LOOP('',(#4677,#4683,#4690,#4691));
#4677 = ORIENTED_EDGE('',*,*,#4678,.F.);
#4678 = EDGE_CURVE('',#4511,#4560,#4679,.T.);
#4679 = LINE('',#4680,#4681);
#4680 = CARTESIAN_POINT('',(10.5,12.32,0.));
#4681 = VECTOR('',#4682,1.);
#4682 = DIRECTION('',(0.,0.,1.));
#4683 = ORIENTED_EDGE('',*,*,#4684,.T.);
#4684 = EDGE_CURVE('',#4511,#4263,#4685,.T.);
#4685 = CIRCLE('',#4686,0.18);
#4686 = AXIS2_PLACEMENT_3D('',#4687,#4688,#4689);
#4687 = CARTESIAN_POINT('',(10.32,12.32,0.18));
#4688 = DIRECTION('',(0.,0.,1.));
#4689 = DIRECTION('',(1.,0.,-0.));
#4690 = ORIENTED_EDGE('',*,*,#4262,.T.);
#4691 = ORIENTED_EDGE('',*,*,#4692,.T.);
#4692 = EDGE_CURVE('',#4255,#4560,#4693,.T.);
#4693 = CIRCLE('',#4694,0.18);
#4694 = AXIS2_PLACEMENT_3D('',#4695,#4696,#4697);
#4695 = CARTESIAN_POINT('',(10.32,12.32,10.42));
#4696 = DIRECTION('',(0.,0.,-1.));
#4697 = DIRECTION('',(1.,0.,0.));
#4698 = CYLINDRICAL_SURFACE('',#4699,0.18);
#4699 = AXIS2_PLACEMENT_3D('',#4700,#4701,#4702);
#4700 = CARTESIAN_POINT('',(10.32,12.32,0.));
#4701 = DIRECTION('',(0.,0.,1.));
#4702 = DIRECTION('',(1.,0.,-0.));
#4703 = ADVANCED_FACE('',(#4704),#4729,.F.);
#4704 = FACE_BOUND('',#4705,.F.);
#4705 = EDGE_LOOP('',(#4706,#4714,#4722,#4728));
#4706 = ORIENTED_EDGE('',*,*,#4707,.F.);
#4707 = EDGE_CURVE('',#4708,#4279,#4710,.T.);
#4708 = VERTEX_POINT('',#4709);
#4709 = CARTESIAN_POINT('',(7.525,10.55,9.75));
#4710 = LINE('',#4711,#4712);
#4711 = CARTESIAN_POINT('',(7.525,10.55,9.75));
#4712 = VECTOR('',#4713,1.);
#4713 = DIRECTION('',(-0.,1.,0.));
#4714 = ORIENTED_EDGE('',*,*,#4715,.T.);
#4715 = EDGE_CURVE('',#4708,#4716,#4718,.T.);
#4716 = VERTEX_POINT('',#4717);
#4717 = CARTESIAN_POINT('',(9.975,10.55,9.75));
#4718 = LINE('',#4719,#4720);
#4719 = CARTESIAN_POINT('',(7.525,10.55,9.75));
#4720 = VECTOR('',#4721,1.);
#4721 = DIRECTION('',(1.,0.,-0.));
#4722 = ORIENTED_EDGE('',*,*,#4723,.T.);
#4723 = EDGE_CURVE('',#4716,#4281,#4724,.T.);
#4724 = LINE('',#4725,#4726);
#4725 = CARTESIAN_POINT('',(9.975,10.55,9.75));
#4726 = VECTOR('',#4727,1.);
#4727 = DIRECTION('',(-0.,1.,0.));
#4728 = ORIENTED_EDGE('',*,*,#4278,.F.);
#4729 = PLANE('',#4730);
#4730 = AXIS2_PLACEMENT_3D('',#4731,#4732,#4733);
#4731 = CARTESIAN_POINT('',(7.525,10.55,9.75));
#4732 = DIRECTION('',(0.,0.,1.));
#4733 = DIRECTION('',(1.,0.,-0.));
#4734 = ADVANCED_FACE('',(#4735),#4753,.F.);
#4735 = FACE_BOUND('',#4736,.F.);
#4736 = EDGE_LOOP('',(#4737,#4738,#4746,#4752));
#4737 = ORIENTED_EDGE('',*,*,#4723,.F.);
#4738 = ORIENTED_EDGE('',*,*,#4739,.F.);
#4739 = EDGE_CURVE('',#4740,#4716,#4742,.T.);
#4740 = VERTEX_POINT('',#4741);
#4741 = CARTESIAN_POINT('',(9.975,10.55,7.2));
#4742 = LINE('',#4743,#4744);
#4743 = CARTESIAN_POINT('',(9.975,10.55,7.2));
#4744 = VECTOR('',#4745,1.);
#4745 = DIRECTION('',(0.,0.,1.));
#4746 = ORIENTED_EDGE('',*,*,#4747,.T.);
#4747 = EDGE_CURVE('',#4740,#4297,#4748,.T.);
#4748 = LINE('',#4749,#4750);
#4749 = CARTESIAN_POINT('',(9.975,10.55,7.2));
#4750 = VECTOR('',#4751,1.);
#4751 = DIRECTION('',(-0.,1.,0.));
#4752 = ORIENTED_EDGE('',*,*,#4304,.F.);
#4753 = PLANE('',#4754);
#4754 = AXIS2_PLACEMENT_3D('',#4755,#4756,#4757);
#4755 = CARTESIAN_POINT('',(9.975,10.55,7.2));
#4756 = DIRECTION('',(1.,0.,-0.));
#4757 = DIRECTION('',(0.,0.,1.));
#4758 = ADVANCED_FACE('',(#4759),#4777,.T.);
#4759 = FACE_BOUND('',#4760,.T.);
#4760 = EDGE_LOOP('',(#4761,#4769,#4775,#4776));
#4761 = ORIENTED_EDGE('',*,*,#4762,.F.);
#4762 = EDGE_CURVE('',#4763,#4289,#4765,.T.);
#4763 = VERTEX_POINT('',#4764);
#4764 = CARTESIAN_POINT('',(7.525,10.55,7.2));
#4765 = LINE('',#4766,#4767);
#4766 = CARTESIAN_POINT('',(7.525,10.55,7.2));
#4767 = VECTOR('',#4768,1.);
#4768 = DIRECTION('',(-0.,1.,0.));
#4769 = ORIENTED_EDGE('',*,*,#4770,.T.);
#4770 = EDGE_CURVE('',#4763,#4740,#4771,.T.);
#4771 = LINE('',#4772,#4773);
#4772 = CARTESIAN_POINT('',(7.525,10.55,7.2));
#4773 = VECTOR('',#4774,1.);
#4774 = DIRECTION('',(1.,0.,-0.));
#4775 = ORIENTED_EDGE('',*,*,#4747,.T.);
#4776 = ORIENTED_EDGE('',*,*,#4296,.F.);
#4777 = PLANE('',#4778);
#4778 = AXIS2_PLACEMENT_3D('',#4779,#4780,#4781);
#4779 = CARTESIAN_POINT('',(7.525,10.55,7.2));
#4780 = DIRECTION('',(0.,0.,1.));
#4781 = DIRECTION('',(1.,0.,-0.));
#4782 = ADVANCED_FACE('',(#4783),#4794,.T.);
#4783 = FACE_BOUND('',#4784,.T.);
#4784 = EDGE_LOOP('',(#4785,#4786,#4792,#4793));
#4785 = ORIENTED_EDGE('',*,*,#4707,.F.);
#4786 = ORIENTED_EDGE('',*,*,#4787,.F.);
#4787 = EDGE_CURVE('',#4763,#4708,#4788,.T.);
#4788 = LINE('',#4789,#4790);
#4789 = CARTESIAN_POINT('',(7.525,10.55,7.2));
#4790 = VECTOR('',#4791,1.);
#4791 = DIRECTION('',(0.,0.,1.));
#4792 = ORIENTED_EDGE('',*,*,#4762,.T.);
#4793 = ORIENTED_EDGE('',*,*,#4288,.F.);
#4794 = PLANE('',#4795);
#4795 = AXIS2_PLACEMENT_3D('',#4796,#4797,#4798);
#4796 = CARTESIAN_POINT('',(7.525,10.55,7.2));
#4797 = DIRECTION('',(1.,0.,-0.));
#4798 = DIRECTION('',(0.,0.,1.));
#4799 = ADVANCED_FACE('',(#4800),#4805,.T.);
#4800 = FACE_BOUND('',#4801,.F.);
#4801 = EDGE_LOOP('',(#4802,#4803,#4804));
#4802 = ORIENTED_EDGE('',*,*,#4502,.F.);
#4803 = ORIENTED_EDGE('',*,*,#4320,.T.);
#4804 = ORIENTED_EDGE('',*,*,#4364,.F.);
#4805 = SPHERICAL_SURFACE('',#4806,0.18);
#4806 = AXIS2_PLACEMENT_3D('',#4807,#4808,#4809);
#4807 = CARTESIAN_POINT('',(10.32,0.18,0.18));
#4808 = DIRECTION('',(0.,0.,1.));
#4809 = DIRECTION('',(1.,0.,-0.));
#4810 = ADVANCED_FACE('',(#4811),#4816,.T.);
#4811 = FACE_BOUND('',#4812,.T.);
#4812 = EDGE_LOOP('',(#4813,#4814,#4815));
#4813 = ORIENTED_EDGE('',*,*,#4551,.F.);
#4814 = ORIENTED_EDGE('',*,*,#4338,.T.);
#4815 = ORIENTED_EDGE('',*,*,#4372,.F.);
#4816 = SPHERICAL_SURFACE('',#4817,0.18);
#4817 = AXIS2_PLACEMENT_3D('',#4818,#4819,#4820);
#4818 = CARTESIAN_POINT('',(10.32,0.18,10.42));
#4819 = DIRECTION('',(-0.,-0.,-1.));
#4820 = DIRECTION('',(1.,0.,0.));
#4821 = ADVANCED_FACE('',(#4822),#4828,.T.);
#4822 = FACE_BOUND('',#4823,.T.);
#4823 = EDGE_LOOP('',(#4824,#4825,#4826,#4827));
#4824 = ORIENTED_EDGE('',*,*,#4354,.F.);
#4825 = ORIENTED_EDGE('',*,*,#4519,.T.);
#4826 = ORIENTED_EDGE('',*,*,#4678,.T.);
#4827 = ORIENTED_EDGE('',*,*,#4568,.F.);
#4828 = PLANE('',#4829);
#4829 = AXIS2_PLACEMENT_3D('',#4830,#4831,#4832);
#4830 = CARTESIAN_POINT('',(10.5,0.,0.));
#4831 = DIRECTION('',(1.,0.,-0.));
#4832 = DIRECTION('',(0.,0.,1.));
#4833 = ADVANCED_FACE('',(#4834),#4839,.T.);
#4834 = FACE_BOUND('',#4835,.T.);
#4835 = EDGE_LOOP('',(#4836,#4837,#4838));
#4836 = ORIENTED_EDGE('',*,*,#4510,.F.);
#4837 = ORIENTED_EDGE('',*,*,#4486,.T.);
#4838 = ORIENTED_EDGE('',*,*,#4684,.F.);
#4839 = SPHERICAL_SURFACE('',#4840,0.18);
#4840 = AXIS2_PLACEMENT_3D('',#4841,#4842,#4843);
#4841 = CARTESIAN_POINT('',(10.32,12.32,0.18));
#4842 = DIRECTION('',(0.,0.,1.));
#4843 = DIRECTION('',(1.,0.,-0.));
#4844 = ADVANCED_FACE('',(#4845),#4850,.T.);
#4845 = FACE_BOUND('',#4846,.T.);
#4846 = EDGE_LOOP('',(#4847,#4848,#4849));
#4847 = ORIENTED_EDGE('',*,*,#4692,.F.);
#4848 = ORIENTED_EDGE('',*,*,#4535,.T.);
#4849 = ORIENTED_EDGE('',*,*,#4559,.F.);
#4850 = SPHERICAL_SURFACE('',#4851,0.18);
#4851 = AXIS2_PLACEMENT_3D('',#4852,#4853,#4854);
#4852 = CARTESIAN_POINT('',(10.32,12.32,10.42));
#4853 = DIRECTION('',(0.,-1.,-0.));
#4854 = DIRECTION('',(1.,0.,0.));
#4855 = ADVANCED_FACE('',(#4856),#4862,.T.);
#4856 = FACE_BOUND('',#4857,.T.);
#4857 = EDGE_LOOP('',(#4858,#4859,#4860,#4861));
#4858 = ORIENTED_EDGE('',*,*,#4662,.F.);
#4859 = ORIENTED_EDGE('',*,*,#4590,.T.);
#4860 = ORIENTED_EDGE('',*,*,#4614,.T.);
#4861 = ORIENTED_EDGE('',*,*,#4638,.F.);
#4862 = PLANE('',#4863);
#4863 = AXIS2_PLACEMENT_3D('',#4864,#4865,#4866);
#4864 = CARTESIAN_POINT('',(7.34,0.75,8.62));
#4865 = DIRECTION('',(0.,0.,1.));
#4866 = DIRECTION('',(1.,0.,-0.));
#4867 = ADVANCED_FACE('',(#4868),#4874,.T.);
#4868 = FACE_BOUND('',#4869,.T.);
#4869 = EDGE_LOOP('',(#4870,#4871,#4872,#4873));
#4870 = ORIENTED_EDGE('',*,*,#4770,.F.);
#4871 = ORIENTED_EDGE('',*,*,#4787,.T.);
#4872 = ORIENTED_EDGE('',*,*,#4715,.T.);
#4873 = ORIENTED_EDGE('',*,*,#4739,.F.);
#4874 = PLANE('',#4875);
#4875 = AXIS2_PLACEMENT_3D('',#4876,#4877,#4878);
#4876 = CARTESIAN_POINT('',(7.525,10.55,7.2));
#4877 = DIRECTION('',(-0.,1.,0.));
#4878 = DIRECTION('',(0.,0.,1.));
#4879 = ADVANCED_FACE('',(#4880),#4886,.T.);
#4880 = FACE_BOUND('',#4881,.T.);
#4881 = EDGE_LOOP('',(#4882,#4883,#4884,#4885));
#4882 = ORIENTED_EDGE('',*,*,#4396,.T.);
#4883 = ORIENTED_EDGE('',*,*,#4470,.F.);
#4884 = ORIENTED_EDGE('',*,*,#4445,.F.);
#4885 = ORIENTED_EDGE('',*,*,#4418,.F.);
#4886 = PLANE('',#4887);
#4887 = AXIS2_PLACEMENT_3D('',#4888,#4889,#4890);
#4888 = CARTESIAN_POINT('',(8.75,4.3,5.616030404352));
#4889 = DIRECTION('',(-0.,-1.,-0.));
#4890 = DIRECTION('',(0.,0.,-1.));
#4891 = ( GEOMETRIC_REPRESENTATION_CONTEXT(3) 
GLOBAL_UNCERTAINTY_ASSIGNED_CONTEXT((#4895)) 
GLOBAL_UNIT_ASSIGNED_CONTEXT((#4892,#4893,#4894)) REPRESENTATION_CONTEXT
('Context #1','3D Context with UNIT and UNCERTAINTY') );
#4892 = ( LENGTH_UNIT() NAMED_UNIT(*) SI_UNIT(.MILLI.,.METRE.) );
#4893 = ( NAMED_UNIT(*) PLANE_ANGLE_UNIT() SI_UNIT($,.RADIAN.) );
#4894 = ( NAMED_UNIT(*) SI_UNIT($,.STERADIAN.) SOLID_ANGLE_UNIT() );
#4895 = UNCERTAINTY_MEASURE_WITH_UNIT(LENGTH_MEASURE(1.E-07),#4892,
  'distance_accuracy_value','confusion accuracy');
#4896 = CONTEXT_DEPENDENT_SHAPE_REPRESENTATION(#4897,#4899);
#4897 = ( REPRESENTATION_RELATIONSHIP('','',#3844,#10) 
REPRESENTATION_RELATIONSHIP_WITH_TRANSFORMATION(#4898) 
SHAPE_REPRESENTATION_RELATIONSHIP() );
#4898 = ITEM_DEFINED_TRANSFORMATION('','',#11,#47);
#4899 = PRODUCT_DEFINITION_SHAPE('Placement','Placement of an item',
  #4900);
#4900 = NEXT_ASSEMBLY_USAGE_OCCURRENCE('9','Housing P3','',#5,#3839,$);
#4901 = PRODUCT_RELATED_PRODUCT_CATEGORY('part',$,(#3841));
#4902 = SHAPE_DEFINITION_REPRESENTATION(#4903,#4909);
#4903 = PRODUCT_DEFINITION_SHAPE('','',#4904);
#4904 = PRODUCT_DEFINITION('design','',#4905,#4908);
#4905 = PRODUCT_DEFINITION_FORMATION('','',#4906);
#4906 = PRODUCT('Actuator P3','Actuator P3','',(#4907));
#4907 = PRODUCT_CONTEXT('',#2,'mechanical');
#4908 = PRODUCT_DEFINITION_CONTEXT('part definition',#2,'design');
#4909 = ADVANCED_BREP_SHAPE_REPRESENTATION('',(#11,#4910),#5280);
#4910 = MANIFOLD_SOLID_BREP('',#4911);
#4911 = CLOSED_SHELL('',(#4912,#4952,#5015,#5069,#5100,#5131,#5155,#5179
    ,#5196,#5208,#5237,#5266));
#4912 = ADVANCED_FACE('',(#4913),#4947,.F.);
#4913 = FACE_BOUND('',#4914,.F.);
#4914 = EDGE_LOOP('',(#4915,#4925,#4933,#4941));
#4915 = ORIENTED_EDGE('',*,*,#4916,.F.);
#4916 = EDGE_CURVE('',#4917,#4919,#4921,.T.);
#4917 = VERTEX_POINT('',#4918);
#4918 = CARTESIAN_POINT('',(10.1,2.15,9.72));
#4919 = VERTEX_POINT('',#4920);
#4920 = CARTESIAN_POINT('',(10.1,2.15,10.47));
#4921 = LINE('',#4922,#4923);
#4922 = CARTESIAN_POINT('',(10.1,2.15,9.72));
#4923 = VECTOR('',#4924,1.);
#4924 = DIRECTION('',(0.,0.,1.));
#4925 = ORIENTED_EDGE('',*,*,#4926,.F.);
#4926 = EDGE_CURVE('',#4927,#4917,#4929,.T.);
#4927 = VERTEX_POINT('',#4928);
#4928 = CARTESIAN_POINT('',(7.4,2.15,9.72));
#4929 = LINE('',#4930,#4931);
#4930 = CARTESIAN_POINT('',(7.4,2.15,9.72));
#4931 = VECTOR('',#4932,1.);
#4932 = DIRECTION('',(1.,0.,-0.));
#4933 = ORIENTED_EDGE('',*,*,#4934,.T.);
#4934 = EDGE_CURVE('',#4927,#4935,#4937,.T.);
#4935 = VERTEX_POINT('',#4936);
#4936 = CARTESIAN_POINT('',(7.4,2.15,10.47));
#4937 = LINE('',#4938,#4939);
#4938 = CARTESIAN_POINT('',(7.4,2.15,9.72));
#4939 = VECTOR('',#4940,1.);
#4940 = DIRECTION('',(0.,0.,1.));
#4941 = ORIENTED_EDGE('',*,*,#4942,.T.);
#4942 = EDGE_CURVE('',#4935,#4919,#4943,.T.);
#4943 = LINE('',#4944,#4945);
#4944 = CARTESIAN_POINT('',(7.37,2.15,10.47));
#4945 = VECTOR('',#4946,1.);
#4946 = DIRECTION('',(1.,0.,-0.));
#4947 = PLANE('',#4948);
#4948 = AXIS2_PLACEMENT_3D('',#4949,#4950,#4951);
#4949 = CARTESIAN_POINT('',(7.4,2.15,9.72));
#4950 = DIRECTION('',(-0.,1.,0.));
#4951 = DIRECTION('',(0.,0.,1.));
#4952 = ADVANCED_FACE('',(#4953),#5010,.F.);
#4953 = FACE_BOUND('',#4954,.F.);
#4954 = EDGE_LOOP('',(#4955,#4965,#4973,#4981,#4989,#4997,#5003,#5004));
#4955 = ORIENTED_EDGE('',*,*,#4956,.F.);
#4956 = EDGE_CURVE('',#4957,#4959,#4961,.T.);
#4957 = VERTEX_POINT('',#4958);
#4958 = CARTESIAN_POINT('',(7.34,4.15,10.47));
#4959 = VERTEX_POINT('',#4960);
#4960 = CARTESIAN_POINT('',(7.4,4.15,10.47));
#4961 = LINE('',#4962,#4963);
#4962 = CARTESIAN_POINT('',(7.34,4.15,10.47));
#4963 = VECTOR('',#4964,1.);
#4964 = DIRECTION('',(1.,0.,-0.));
#4965 = ORIENTED_EDGE('',*,*,#4966,.F.);
#4966 = EDGE_CURVE('',#4967,#4957,#4969,.T.);
#4967 = VERTEX_POINT('',#4968);
#4968 = CARTESIAN_POINT('',(7.34,2.,10.47));
#4969 = LINE('',#4970,#4971);
#4970 = CARTESIAN_POINT('',(7.34,2.,10.47));
#4971 = VECTOR('',#4972,1.);
#4972 = DIRECTION('',(-0.,1.,0.));
#4973 = ORIENTED_EDGE('',*,*,#4974,.T.);
#4974 = EDGE_CURVE('',#4967,#4975,#4977,.T.);
#4975 = VERTEX_POINT('',#4976);
#4976 = CARTESIAN_POINT('',(10.16,2.,10.47));
#4977 = LINE('',#4978,#4979);
#4978 = CARTESIAN_POINT('',(7.34,2.,10.47));
#4979 = VECTOR('',#4980,1.);
#4980 = DIRECTION('',(1.,0.,-0.));
#4981 = ORIENTED_EDGE('',*,*,#4982,.T.);
#4982 = EDGE_CURVE('',#4975,#4983,#4985,.T.);
#4983 = VERTEX_POINT('',#4984);
#4984 = CARTESIAN_POINT('',(10.16,4.15,10.47));
#4985 = LINE('',#4986,#4987);
#4986 = CARTESIAN_POINT('',(10.16,2.,10.47));
#4987 = VECTOR('',#4988,1.);
#4988 = DIRECTION('',(-0.,1.,0.));
#4989 = ORIENTED_EDGE('',*,*,#4990,.F.);
#4990 = EDGE_CURVE('',#4991,#4983,#4993,.T.);
#4991 = VERTEX_POINT('',#4992);
#4992 = CARTESIAN_POINT('',(10.1,4.15,10.47));
#4993 = LINE('',#4994,#4995);
#4994 = CARTESIAN_POINT('',(7.34,4.15,10.47));
#4995 = VECTOR('',#4996,1.);
#4996 = DIRECTION('',(1.,0.,-0.));
#4997 = ORIENTED_EDGE('',*,*,#4998,.T.);
#4998 = EDGE_CURVE('',#4991,#4919,#4999,.T.);
#4999 = LINE('',#5000,#5001);
#5000 = CARTESIAN_POINT('',(10.1,2.075,10.47));
#5001 = VECTOR('',#5002,1.);
#5002 = DIRECTION('',(0.,-1.,0.));
#5003 = ORIENTED_EDGE('',*,*,#4942,.F.);
#5004 = ORIENTED_EDGE('',*,*,#5005,.F.);
#5005 = EDGE_CURVE('',#4959,#4935,#5006,.T.);
#5006 = LINE('',#5007,#5008);
#5007 = CARTESIAN_POINT('',(7.4,2.075,10.47));
#5008 = VECTOR('',#5009,1.);
#5009 = DIRECTION('',(0.,-1.,0.));
#5010 = PLANE('',#5011);
#5011 = AXIS2_PLACEMENT_3D('',#5012,#5013,#5014);
#5012 = CARTESIAN_POINT('',(7.34,2.,10.47));
#5013 = DIRECTION('',(0.,0.,1.));
#5014 = DIRECTION('',(1.,0.,-0.));
#5015 = ADVANCED_FACE('',(#5016),#5064,.T.);
#5016 = FACE_BOUND('',#5017,.T.);
#5017 = EDGE_LOOP('',(#5018,#5019,#5027,#5035,#5041,#5042,#5050,#5058));
#5018 = ORIENTED_EDGE('',*,*,#4956,.F.);
#5019 = ORIENTED_EDGE('',*,*,#5020,.T.);
#5020 = EDGE_CURVE('',#4957,#5021,#5023,.T.);
#5021 = VERTEX_POINT('',#5022);
#5022 = CARTESIAN_POINT('',(7.34,4.15,10.92));
#5023 = LINE('',#5024,#5025);
#5024 = CARTESIAN_POINT('',(7.34,4.15,10.47));
#5025 = VECTOR('',#5026,1.);
#5026 = DIRECTION('',(0.,0.,1.));
#5027 = ORIENTED_EDGE('',*,*,#5028,.T.);
#5028 = EDGE_CURVE('',#5021,#5029,#5031,.T.);
#5029 = VERTEX_POINT('',#5030);
#5030 = CARTESIAN_POINT('',(10.16,4.15,10.92));
#5031 = LINE('',#5032,#5033);
#5032 = CARTESIAN_POINT('',(7.34,4.15,10.92));
#5033 = VECTOR('',#5034,1.);
#5034 = DIRECTION('',(1.,0.,-0.));
#5035 = ORIENTED_EDGE('',*,*,#5036,.F.);
#5036 = EDGE_CURVE('',#4983,#5029,#5037,.T.);
#5037 = LINE('',#5038,#5039);
#5038 = CARTESIAN_POINT('',(10.16,4.15,10.47));
#5039 = VECTOR('',#5040,1.);
#5040 = DIRECTION('',(0.,0.,1.));
#5041 = ORIENTED_EDGE('',*,*,#4990,.F.);
#5042 = ORIENTED_EDGE('',*,*,#5043,.T.);
#5043 = EDGE_CURVE('',#4991,#5044,#5046,.T.);
#5044 = VERTEX_POINT('',#5045);
#5045 = CARTESIAN_POINT('',(10.1,4.15,10.72));
#5046 = LINE('',#5047,#5048);
#5047 = CARTESIAN_POINT('',(10.1,4.15,10.095));
#5048 = VECTOR('',#5049,1.);
#5049 = DIRECTION('',(0.,0.,1.));
#5050 = ORIENTED_EDGE('',*,*,#5051,.T.);
#5051 = EDGE_CURVE('',#5044,#5052,#5054,.T.);
#5052 = VERTEX_POINT('',#5053);
#5053 = CARTESIAN_POINT('',(7.4,4.15,10.72));
#5054 = LINE('',#5055,#5056);
#5055 = CARTESIAN_POINT('',(7.37,4.15,10.72));
#5056 = VECTOR('',#5057,1.);
#5057 = DIRECTION('',(-1.,-0.,0.));
#5058 = ORIENTED_EDGE('',*,*,#5059,.F.);
#5059 = EDGE_CURVE('',#4959,#5052,#5060,.T.);
#5060 = LINE('',#5061,#5062);
#5061 = CARTESIAN_POINT('',(7.4,4.15,10.095));
#5062 = VECTOR('',#5063,1.);
#5063 = DIRECTION('',(0.,0.,1.));
#5064 = PLANE('',#5065);
#5065 = AXIS2_PLACEMENT_3D('',#5066,#5067,#5068);
#5066 = CARTESIAN_POINT('',(7.34,4.15,10.47));
#5067 = DIRECTION('',(-0.,1.,0.));
#5068 = DIRECTION('',(0.,0.,1.));
#5069 = ADVANCED_FACE('',(#5070),#5095,.T.);
#5070 = FACE_BOUND('',#5071,.T.);
#5071 = EDGE_LOOP('',(#5072,#5080,#5081,#5089));
#5072 = ORIENTED_EDGE('',*,*,#5073,.F.);
#5073 = EDGE_CURVE('',#5052,#5074,#5076,.T.);
#5074 = VERTEX_POINT('',#5075);
#5075 = CARTESIAN_POINT('',(7.4,9.156061230866,10.72));
#5076 = LINE('',#5077,#5078);
#5077 = CARTESIAN_POINT('',(7.4,2.15,10.72));
#5078 = VECTOR('',#5079,1.);
#5079 = DIRECTION('',(-0.,1.,0.));
#5080 = ORIENTED_EDGE('',*,*,#5051,.F.);
#5081 = ORIENTED_EDGE('',*,*,#5082,.T.);
#5082 = EDGE_CURVE('',#5044,#5083,#5085,.T.);
#5083 = VERTEX_POINT('',#5084);
#5084 = CARTESIAN_POINT('',(10.1,9.156061230866,10.72));
#5085 = LINE('',#5086,#5087);
#5086 = CARTESIAN_POINT('',(10.1,2.15,10.72));
#5087 = VECTOR('',#5088,1.);
#5088 = DIRECTION('',(-0.,1.,0.));
#5089 = ORIENTED_EDGE('',*,*,#5090,.F.);
#5090 = EDGE_CURVE('',#5074,#5083,#5091,.T.);
#5091 = LINE('',#5092,#5093);
#5092 = CARTESIAN_POINT('',(7.4,9.156061230866,10.72));
#5093 = VECTOR('',#5094,1.);
#5094 = DIRECTION('',(1.,0.,0.));
#5095 = PLANE('',#5096);
#5096 = AXIS2_PLACEMENT_3D('',#5097,#5098,#5099);
#5097 = CARTESIAN_POINT('',(7.4,2.15,10.72));
#5098 = DIRECTION('',(0.,0.,1.));
#5099 = DIRECTION('',(1.,0.,-0.));
#5100 = ADVANCED_FACE('',(#5101),#5126,.F.);
#5101 = FACE_BOUND('',#5102,.F.);
#5102 = EDGE_LOOP('',(#5103,#5111,#5112,#5120));
#5103 = ORIENTED_EDGE('',*,*,#5104,.F.);
#5104 = EDGE_CURVE('',#4927,#5105,#5107,.T.);
#5105 = VERTEX_POINT('',#5106);
#5106 = CARTESIAN_POINT('',(7.4,9.156061230866,9.72));
#5107 = LINE('',#5108,#5109);
#5108 = CARTESIAN_POINT('',(7.4,2.15,9.72));
#5109 = VECTOR('',#5110,1.);
#5110 = DIRECTION('',(-0.,1.,0.));
#5111 = ORIENTED_EDGE('',*,*,#4926,.T.);
#5112 = ORIENTED_EDGE('',*,*,#5113,.T.);
#5113 = EDGE_CURVE('',#4917,#5114,#5116,.T.);
#5114 = VERTEX_POINT('',#5115);
#5115 = CARTESIAN_POINT('',(10.1,9.156061230866,9.72));
#5116 = LINE('',#5117,#5118);
#5117 = CARTESIAN_POINT('',(10.1,2.15,9.72));
#5118 = VECTOR('',#5119,1.);
#5119 = DIRECTION('',(-0.,1.,0.));
#5120 = ORIENTED_EDGE('',*,*,#5121,.F.);
#5121 = EDGE_CURVE('',#5105,#5114,#5122,.T.);
#5122 = LINE('',#5123,#5124);
#5123 = CARTESIAN_POINT('',(7.4,9.156061230866,9.72));
#5124 = VECTOR('',#5125,1.);
#5125 = DIRECTION('',(1.,0.,0.));
#5126 = PLANE('',#5127);
#5127 = AXIS2_PLACEMENT_3D('',#5128,#5129,#5130);
#5128 = CARTESIAN_POINT('',(7.4,2.15,9.72));
#5129 = DIRECTION('',(0.,0.,1.));
#5130 = DIRECTION('',(1.,0.,-0.));
#5131 = ADVANCED_FACE('',(#5132),#5150,.T.);
#5132 = FACE_BOUND('',#5133,.T.);
#5133 = EDGE_LOOP('',(#5134,#5142,#5143,#5144));
#5134 = ORIENTED_EDGE('',*,*,#5135,.F.);
#5135 = EDGE_CURVE('',#4975,#5136,#5138,.T.);
#5136 = VERTEX_POINT('',#5137);
#5137 = CARTESIAN_POINT('',(10.16,2.,10.92));
#5138 = LINE('',#5139,#5140);
#5139 = CARTESIAN_POINT('',(10.16,2.,10.47));
#5140 = VECTOR('',#5141,1.);
#5141 = DIRECTION('',(0.,0.,1.));
#5142 = ORIENTED_EDGE('',*,*,#4982,.T.);
#5143 = ORIENTED_EDGE('',*,*,#5036,.T.);
#5144 = ORIENTED_EDGE('',*,*,#5145,.F.);
#5145 = EDGE_CURVE('',#5136,#5029,#5146,.T.);
#5146 = LINE('',#5147,#5148);
#5147 = CARTESIAN_POINT('',(10.16,2.,10.92));
#5148 = VECTOR('',#5149,1.);
#5149 = DIRECTION('',(-0.,1.,0.));
#5150 = PLANE('',#5151);
#5151 = AXIS2_PLACEMENT_3D('',#5152,#5153,#5154);
#5152 = CARTESIAN_POINT('',(10.16,2.,10.47));
#5153 = DIRECTION('',(1.,0.,-0.));
#5154 = DIRECTION('',(0.,0.,1.));
#5155 = ADVANCED_FACE('',(#5156),#5174,.F.);
#5156 = FACE_BOUND('',#5157,.F.);
#5157 = EDGE_LOOP('',(#5158,#5159,#5167,#5173));
#5158 = ORIENTED_EDGE('',*,*,#4974,.F.);
#5159 = ORIENTED_EDGE('',*,*,#5160,.T.);
#5160 = EDGE_CURVE('',#4967,#5161,#5163,.T.);
#5161 = VERTEX_POINT('',#5162);
#5162 = CARTESIAN_POINT('',(7.34,2.,10.92));
#5163 = LINE('',#5164,#5165);
#5164 = CARTESIAN_POINT('',(7.34,2.,10.47));
#5165 = VECTOR('',#5166,1.);
#5166 = DIRECTION('',(0.,0.,1.));
#5167 = ORIENTED_EDGE('',*,*,#5168,.T.);
#5168 = EDGE_CURVE('',#5161,#5136,#5169,.T.);
#5169 = LINE('',#5170,#5171);
#5170 = CARTESIAN_POINT('',(7.34,2.,10.92));
#5171 = VECTOR('',#5172,1.);
#5172 = DIRECTION('',(1.,0.,-0.));
#5173 = ORIENTED_EDGE('',*,*,#5135,.F.);
#5174 = PLANE('',#5175);
#5175 = AXIS2_PLACEMENT_3D('',#5176,#5177,#5178);
#5176 = CARTESIAN_POINT('',(7.34,2.,10.47));
#5177 = DIRECTION('',(-0.,1.,0.));
#5178 = DIRECTION('',(0.,0.,1.));
#5179 = ADVANCED_FACE('',(#5180),#5191,.F.);
#5180 = FACE_BOUND('',#5181,.F.);
#5181 = EDGE_LOOP('',(#5182,#5183,#5184,#5185));
#5182 = ORIENTED_EDGE('',*,*,#5160,.F.);
#5183 = ORIENTED_EDGE('',*,*,#4966,.T.);
#5184 = ORIENTED_EDGE('',*,*,#5020,.T.);
#5185 = ORIENTED_EDGE('',*,*,#5186,.F.);
#5186 = EDGE_CURVE('',#5161,#5021,#5187,.T.);
#5187 = LINE('',#5188,#5189);
#5188 = CARTESIAN_POINT('',(7.34,2.,10.92));
#5189 = VECTOR('',#5190,1.);
#5190 = DIRECTION('',(-0.,1.,0.));
#5191 = PLANE('',#5192);
#5192 = AXIS2_PLACEMENT_3D('',#5193,#5194,#5195);
#5193 = CARTESIAN_POINT('',(7.34,2.,10.47));
#5194 = DIRECTION('',(1.,0.,-0.));
#5195 = DIRECTION('',(0.,0.,1.));
#5196 = ADVANCED_FACE('',(#5197),#5203,.T.);
#5197 = FACE_BOUND('',#5198,.T.);
#5198 = EDGE_LOOP('',(#5199,#5200,#5201,#5202));
#5199 = ORIENTED_EDGE('',*,*,#5186,.F.);
#5200 = ORIENTED_EDGE('',*,*,#5168,.T.);
#5201 = ORIENTED_EDGE('',*,*,#5145,.T.);
#5202 = ORIENTED_EDGE('',*,*,#5028,.F.);
#5203 = PLANE('',#5204);
#5204 = AXIS2_PLACEMENT_3D('',#5205,#5206,#5207);
#5205 = CARTESIAN_POINT('',(7.34,2.,10.92));
#5206 = DIRECTION('',(0.,0.,1.));
#5207 = DIRECTION('',(1.,0.,-0.));
#5208 = ADVANCED_FACE('',(#5209),#5232,.T.);
#5209 = FACE_BOUND('',#5210,.T.);
#5210 = EDGE_LOOP('',(#5211,#5212,#5213,#5214,#5215,#5224,#5231));
#5211 = ORIENTED_EDGE('',*,*,#4934,.T.);
#5212 = ORIENTED_EDGE('',*,*,#5005,.F.);
#5213 = ORIENTED_EDGE('',*,*,#5059,.T.);
#5214 = ORIENTED_EDGE('',*,*,#5073,.T.);
#5215 = ORIENTED_EDGE('',*,*,#5216,.F.);
#5216 = EDGE_CURVE('',#5217,#5074,#5219,.T.);
#5217 = VERTEX_POINT('',#5218);
#5218 = CARTESIAN_POINT('',(7.4,9.45,10.8));
#5219 = CIRCLE('',#5220,0.58);
#5220 = AXIS2_PLACEMENT_3D('',#5221,#5222,#5223);
#5221 = CARTESIAN_POINT('',(7.4,9.45,10.22));
#5222 = DIRECTION('',(1.,0.,0.));
#5223 = DIRECTION('',(-0.,0.,1.));
#5224 = ORIENTED_EDGE('',*,*,#5225,.F.);
#5225 = EDGE_CURVE('',#5105,#5217,#5226,.T.);
#5226 = CIRCLE('',#5227,0.58);
#5227 = AXIS2_PLACEMENT_3D('',#5228,#5229,#5230);
#5228 = CARTESIAN_POINT('',(7.4,9.45,10.22));
#5229 = DIRECTION('',(1.,0.,0.));
#5230 = DIRECTION('',(-0.,0.,1.));
#5231 = ORIENTED_EDGE('',*,*,#5104,.F.);
#5232 = PLANE('',#5233);
#5233 = AXIS2_PLACEMENT_3D('',#5234,#5235,#5236);
#5234 = CARTESIAN_POINT('',(7.4,6.012468051451,10.192880177625));
#5235 = DIRECTION('',(-1.,-0.,-0.));
#5236 = DIRECTION('',(0.,0.,-1.));
#5237 = ADVANCED_FACE('',(#5238),#5261,.T.);
#5238 = FACE_BOUND('',#5239,.T.);
#5239 = EDGE_LOOP('',(#5240,#5241,#5242,#5251,#5258,#5259,#5260));
#5240 = ORIENTED_EDGE('',*,*,#4916,.F.);
#5241 = ORIENTED_EDGE('',*,*,#5113,.T.);
#5242 = ORIENTED_EDGE('',*,*,#5243,.T.);
#5243 = EDGE_CURVE('',#5114,#5244,#5246,.T.);
#5244 = VERTEX_POINT('',#5245);
#5245 = CARTESIAN_POINT('',(10.1,9.45,10.8));
#5246 = CIRCLE('',#5247,0.58);
#5247 = AXIS2_PLACEMENT_3D('',#5248,#5249,#5250);
#5248 = CARTESIAN_POINT('',(10.1,9.45,10.22));
#5249 = DIRECTION('',(1.,0.,0.));
#5250 = DIRECTION('',(-0.,0.,1.));
#5251 = ORIENTED_EDGE('',*,*,#5252,.T.);
#5252 = EDGE_CURVE('',#5244,#5083,#5253,.T.);
#5253 = CIRCLE('',#5254,0.58);
#5254 = AXIS2_PLACEMENT_3D('',#5255,#5256,#5257);
#5255 = CARTESIAN_POINT('',(10.1,9.45,10.22));
#5256 = DIRECTION('',(1.,0.,0.));
#5257 = DIRECTION('',(-0.,0.,1.));
#5258 = ORIENTED_EDGE('',*,*,#5082,.F.);
#5259 = ORIENTED_EDGE('',*,*,#5043,.F.);
#5260 = ORIENTED_EDGE('',*,*,#4998,.T.);
#5261 = PLANE('',#5262);
#5262 = AXIS2_PLACEMENT_3D('',#5263,#5264,#5265);
#5263 = CARTESIAN_POINT('',(10.1,6.012468051451,10.192880177625));
#5264 = DIRECTION('',(1.,0.,0.));
#5265 = DIRECTION('',(-0.,0.,1.));
#5266 = ADVANCED_FACE('',(#5267),#5275,.T.);
#5267 = FACE_BOUND('',#5268,.T.);
#5268 = EDGE_LOOP('',(#5269,#5270,#5271,#5272,#5273,#5274));
#5269 = ORIENTED_EDGE('',*,*,#5243,.F.);
#5270 = ORIENTED_EDGE('',*,*,#5121,.F.);
#5271 = ORIENTED_EDGE('',*,*,#5225,.T.);
#5272 = ORIENTED_EDGE('',*,*,#5216,.T.);
#5273 = ORIENTED_EDGE('',*,*,#5090,.T.);
#5274 = ORIENTED_EDGE('',*,*,#5252,.F.);
#5275 = CYLINDRICAL_SURFACE('',#5276,0.58);
#5276 = AXIS2_PLACEMENT_3D('',#5277,#5278,#5279);
#5277 = CARTESIAN_POINT('',(7.4,9.45,10.22));
#5278 = DIRECTION('',(1.,0.,0.));
#5279 = DIRECTION('',(-0.,0.,1.));
#5280 = ( GEOMETRIC_REPRESENTATION_CONTEXT(3) 
GLOBAL_UNCERTAINTY_ASSIGNED_CONTEXT((#5284)) 
GLOBAL_UNIT_ASSIGNED_CONTEXT((#5281,#5282,#5283)) REPRESENTATION_CONTEXT
('Context #1','3D Context with UNIT and UNCERTAINTY') );
#5281 = ( LENGTH_UNIT() NAMED_UNIT(*) SI_UNIT(.MILLI.,.METRE.) );
#5282 = ( NAMED_UNIT(*) PLANE_ANGLE_UNIT() SI_UNIT($,.RADIAN.) );
#5283 = ( NAMED_UNIT(*) SI_UNIT($,.STERADIAN.) SOLID_ANGLE_UNIT() );
#5284 = UNCERTAINTY_MEASURE_WITH_UNIT(LENGTH_MEASURE(1.E-07),#5281,
  'distance_accuracy_value','confusion accuracy');
#5285 = CONTEXT_DEPENDENT_SHAPE_REPRESENTATION(#5286,#5288);
#5286 = ( REPRESENTATION_RELATIONSHIP('','',#4909,#10) 
REPRESENTATION_RELATIONSHIP_WITH_TRANSFORMATION(#5287) 
SHAPE_REPRESENTATION_RELATIONSHIP() );
#5287 = ITEM_DEFINED_TRANSFORMATION('','',#11,#51);
#5288 = PRODUCT_DEFINITION_SHAPE('Placement','Placement of an item',
  #5289);
#5289 = NEXT_ASSEMBLY_USAGE_OCCURRENCE('10','Actuator P3','',#5,#4904,$
  );
#5290 = PRODUCT_RELATED_PRODUCT_CATEGORY('part',$,(#4906));
#5291 = SHAPE_DEFINITION_REPRESENTATION(#5292,#5298);
#5292 = PRODUCT_DEFINITION_SHAPE('','',#5293);
#5293 = PRODUCT_DEFINITION('design','',#5294,#5297);
#5294 = PRODUCT_DEFINITION_FORMATION('','',#5295);
#5295 = PRODUCT('Terminal Pin P3 A','Terminal Pin P3 A','',(#5296));
#5296 = PRODUCT_CONTEXT('',#2,'mechanical');
#5297 = PRODUCT_DEFINITION_CONTEXT('part definition',#2,'design');
#5298 = ADVANCED_BREP_SHAPE_REPRESENTATION('',(#11,#5299),#5449);
#5299 = MANIFOLD_SOLID_BREP('',#5300);
#5300 = CLOSED_SHELL('',(#5301,#5341,#5381,#5403,#5425,#5437));
#5301 = ADVANCED_FACE('',(#5302),#5336,.F.);
#5302 = FACE_BOUND('',#5303,.F.);
#5303 = EDGE_LOOP('',(#5304,#5314,#5322,#5330));
#5304 = ORIENTED_EDGE('',*,*,#5305,.F.);
#5305 = EDGE_CURVE('',#5306,#5308,#5310,.T.);
#5306 = VERTEX_POINT('',#5307);
#5307 = CARTESIAN_POINT('',(8.35,3.05,-3.5));
#5308 = VERTEX_POINT('',#5309);
#5309 = CARTESIAN_POINT('',(8.35,3.05,0.));
#5310 = LINE('',#5311,#5312);
#5311 = CARTESIAN_POINT('',(8.35,3.05,-3.5));
#5312 = VECTOR('',#5313,1.);
#5313 = DIRECTION('',(0.,0.,1.));
#5314 = ORIENTED_EDGE('',*,*,#5315,.T.);
#5315 = EDGE_CURVE('',#5306,#5316,#5318,.T.);
#5316 = VERTEX_POINT('',#5317);
#5317 = CARTESIAN_POINT('',(8.35,3.55,-3.5));
#5318 = LINE('',#5319,#5320);
#5319 = CARTESIAN_POINT('',(8.35,3.05,-3.5));
#5320 = VECTOR('',#5321,1.);
#5321 = DIRECTION('',(-0.,1.,0.));
#5322 = ORIENTED_EDGE('',*,*,#5323,.T.);
#5323 = EDGE_CURVE('',#5316,#5324,#5326,.T.);
#5324 = VERTEX_POINT('',#5325);
#5325 = CARTESIAN_POINT('',(8.35,3.55,0.));
#5326 = LINE('',#5327,#5328);
#5327 = CARTESIAN_POINT('',(8.35,3.55,-3.5));
#5328 = VECTOR('',#5329,1.);
#5329 = DIRECTION('',(0.,0.,1.));
#5330 = ORIENTED_EDGE('',*,*,#5331,.F.);
#5331 = EDGE_CURVE('',#5308,#5324,#5332,.T.);
#5332 = LINE('',#5333,#5334);
#5333 = CARTESIAN_POINT('',(8.35,3.05,0.));
#5334 = VECTOR('',#5335,1.);
#5335 = DIRECTION('',(-0.,1.,0.));
#5336 = PLANE('',#5337);
#5337 = AXIS2_PLACEMENT_3D('',#5338,#5339,#5340);
#5338 = CARTESIAN_POINT('',(8.35,3.05,-3.5));
#5339 = DIRECTION('',(1.,0.,-0.));
#5340 = DIRECTION('',(0.,0.,1.));
#5341 = ADVANCED_FACE('',(#5342),#5376,.T.);
#5342 = FACE_BOUND('',#5343,.T.);
#5343 = EDGE_LOOP('',(#5344,#5354,#5362,#5370));
#5344 = ORIENTED_EDGE('',*,*,#5345,.F.);
#5345 = EDGE_CURVE('',#5346,#5348,#5350,.T.);
#5346 = VERTEX_POINT('',#5347);
#5347 = CARTESIAN_POINT('',(9.15,3.05,-3.5));
#5348 = VERTEX_POINT('',#5349);
#5349 = CARTESIAN_POINT('',(9.15,3.05,0.));
#5350 = LINE('',#5351,#5352);
#5351 = CARTESIAN_POINT('',(9.15,3.05,-3.5));
#5352 = VECTOR('',#5353,1.);
#5353 = DIRECTION('',(0.,0.,1.));
#5354 = ORIENTED_EDGE('',*,*,#5355,.T.);
#5355 = EDGE_CURVE('',#5346,#5356,#5358,.T.);
#5356 = VERTEX_POINT('',#5357);
#5357 = CARTESIAN_POINT('',(9.15,3.55,-3.5));
#5358 = LINE('',#5359,#5360);
#5359 = CARTESIAN_POINT('',(9.15,3.05,-3.5));
#5360 = VECTOR('',#5361,1.);
#5361 = DIRECTION('',(-0.,1.,0.));
#5362 = ORIENTED_EDGE('',*,*,#5363,.T.);
#5363 = EDGE_CURVE('',#5356,#5364,#5366,.T.);
#5364 = VERTEX_POINT('',#5365);
#5365 = CARTESIAN_POINT('',(9.15,3.55,0.));
#5366 = LINE('',#5367,#5368);
#5367 = CARTESIAN_POINT('',(9.15,3.55,-3.5));
#5368 = VECTOR('',#5369,1.);
#5369 = DIRECTION('',(0.,0.,1.));
#5370 = ORIENTED_EDGE('',*,*,#5371,.F.);
#5371 = EDGE_CURVE('',#5348,#5364,#5372,.T.);
#5372 = LINE('',#5373,#5374);
#5373 = CARTESIAN_POINT('',(9.15,3.05,0.));
#5374 = VECTOR('',#5375,1.);
#5375 = DIRECTION('',(-0.,1.,0.));
#5376 = PLANE('',#5377);
#5377 = AXIS2_PLACEMENT_3D('',#5378,#5379,#5380);
#5378 = CARTESIAN_POINT('',(9.15,3.05,-3.5));
#5379 = DIRECTION('',(1.,0.,-0.));
#5380 = DIRECTION('',(0.,0.,1.));
#5381 = ADVANCED_FACE('',(#5382),#5398,.F.);
#5382 = FACE_BOUND('',#5383,.F.);
#5383 = EDGE_LOOP('',(#5384,#5390,#5391,#5397));
#5384 = ORIENTED_EDGE('',*,*,#5385,.F.);
#5385 = EDGE_CURVE('',#5306,#5346,#5386,.T.);
#5386 = LINE('',#5387,#5388);
#5387 = CARTESIAN_POINT('',(8.35,3.05,-3.5));
#5388 = VECTOR('',#5389,1.);
#5389 = DIRECTION('',(1.,0.,-0.));
#5390 = ORIENTED_EDGE('',*,*,#5305,.T.);
#5391 = ORIENTED_EDGE('',*,*,#5392,.T.);
#5392 = EDGE_CURVE('',#5308,#5348,#5393,.T.);
#5393 = LINE('',#5394,#5395);
#5394 = CARTESIAN_POINT('',(8.35,3.05,0.));
#5395 = VECTOR('',#5396,1.);
#5396 = DIRECTION('',(1.,0.,-0.));
#5397 = ORIENTED_EDGE('',*,*,#5345,.F.);
#5398 = PLANE('',#5399);
#5399 = AXIS2_PLACEMENT_3D('',#5400,#5401,#5402);
#5400 = CARTESIAN_POINT('',(8.35,3.05,-3.5));
#5401 = DIRECTION('',(-0.,1.,0.));
#5402 = DIRECTION('',(0.,0.,1.));
#5403 = ADVANCED_FACE('',(#5404),#5420,.T.);
#5404 = FACE_BOUND('',#5405,.T.);
#5405 = EDGE_LOOP('',(#5406,#5412,#5413,#5419));
#5406 = ORIENTED_EDGE('',*,*,#5407,.F.);
#5407 = EDGE_CURVE('',#5316,#5356,#5408,.T.);
#5408 = LINE('',#5409,#5410);
#5409 = CARTESIAN_POINT('',(8.35,3.55,-3.5));
#5410 = VECTOR('',#5411,1.);
#5411 = DIRECTION('',(1.,0.,-0.));
#5412 = ORIENTED_EDGE('',*,*,#5323,.T.);
#5413 = ORIENTED_EDGE('',*,*,#5414,.T.);
#5414 = EDGE_CURVE('',#5324,#5364,#5415,.T.);
#5415 = LINE('',#5416,#5417);
#5416 = CARTESIAN_POINT('',(8.35,3.55,0.));
#5417 = VECTOR('',#5418,1.);
#5418 = DIRECTION('',(1.,0.,-0.));
#5419 = ORIENTED_EDGE('',*,*,#5363,.F.);
#5420 = PLANE('',#5421);
#5421 = AXIS2_PLACEMENT_3D('',#5422,#5423,#5424);
#5422 = CARTESIAN_POINT('',(8.35,3.55,-3.5));
#5423 = DIRECTION('',(-0.,1.,0.));
#5424 = DIRECTION('',(0.,0.,1.));
#5425 = ADVANCED_FACE('',(#5426),#5432,.F.);
#5426 = FACE_BOUND('',#5427,.F.);
#5427 = EDGE_LOOP('',(#5428,#5429,#5430,#5431));
#5428 = ORIENTED_EDGE('',*,*,#5315,.F.);
#5429 = ORIENTED_EDGE('',*,*,#5385,.T.);
#5430 = ORIENTED_EDGE('',*,*,#5355,.T.);
#5431 = ORIENTED_EDGE('',*,*,#5407,.F.);
#5432 = PLANE('',#5433);
#5433 = AXIS2_PLACEMENT_3D('',#5434,#5435,#5436);
#5434 = CARTESIAN_POINT('',(8.35,3.05,-3.5));
#5435 = DIRECTION('',(0.,0.,1.));
#5436 = DIRECTION('',(1.,0.,-0.));
#5437 = ADVANCED_FACE('',(#5438),#5444,.T.);
#5438 = FACE_BOUND('',#5439,.T.);
#5439 = EDGE_LOOP('',(#5440,#5441,#5442,#5443));
#5440 = ORIENTED_EDGE('',*,*,#5331,.F.);
#5441 = ORIENTED_EDGE('',*,*,#5392,.T.);
#5442 = ORIENTED_EDGE('',*,*,#5371,.T.);
#5443 = ORIENTED_EDGE('',*,*,#5414,.F.);
#5444 = PLANE('',#5445);
#5445 = AXIS2_PLACEMENT_3D('',#5446,#5447,#5448);
#5446 = CARTESIAN_POINT('',(8.35,3.05,0.));
#5447 = DIRECTION('',(0.,0.,1.));
#5448 = DIRECTION('',(1.,0.,-0.));
#5449 = ( GEOMETRIC_REPRESENTATION_CONTEXT(3) 
GLOBAL_UNCERTAINTY_ASSIGNED_CONTEXT((#5453)) 
GLOBAL_UNIT_ASSIGNED_CONTEXT((#5450,#5451,#5452)) REPRESENTATION_CONTEXT
('Context #1','3D Context with UNIT and UNCERTAINTY') );
#5450 = ( LENGTH_UNIT() NAMED_UNIT(*) SI_UNIT(.MILLI.,.METRE.) );
#5451 = ( NAMED_UNIT(*) PLANE_ANGLE_UNIT() SI_UNIT($,.RADIAN.) );
#5452 = ( NAMED_UNIT(*) SI_UNIT($,.STERADIAN.) SOLID_ANGLE_UNIT() );
#5453 = UNCERTAINTY_MEASURE_WITH_UNIT(LENGTH_MEASURE(1.E-07),#5450,
  'distance_accuracy_value','confusion accuracy');
#5454 = CONTEXT_DEPENDENT_SHAPE_REPRESENTATION(#5455,#5457);
#5455 = ( REPRESENTATION_RELATIONSHIP('','',#5298,#10) 
REPRESENTATION_RELATIONSHIP_WITH_TRANSFORMATION(#5456) 
SHAPE_REPRESENTATION_RELATIONSHIP() );
#5456 = ITEM_DEFINED_TRANSFORMATION('','',#11,#55);
#5457 = PRODUCT_DEFINITION_SHAPE('Placement','Placement of an item',
  #5458);
#5458 = NEXT_ASSEMBLY_USAGE_OCCURRENCE('11','Terminal Pin P3 A','',#5,
  #5293,$);
#5459 = PRODUCT_RELATED_PRODUCT_CATEGORY('part',$,(#5295));
#5460 = SHAPE_DEFINITION_REPRESENTATION(#5461,#5467);
#5461 = PRODUCT_DEFINITION_SHAPE('','',#5462);
#5462 = PRODUCT_DEFINITION('design','',#5463,#5466);
#5463 = PRODUCT_DEFINITION_FORMATION('','',#5464);
#5464 = PRODUCT('Terminal Pin P3 B','Terminal Pin P3 B','',(#5465));
#5465 = PRODUCT_CONTEXT('',#2,'mechanical');
#5466 = PRODUCT_DEFINITION_CONTEXT('part definition',#2,'design');
#5467 = ADVANCED_BREP_SHAPE_REPRESENTATION('',(#11,#5468),#5618);
#5468 = MANIFOLD_SOLID_BREP('',#5469);
#5469 = CLOSED_SHELL('',(#5470,#5510,#5550,#5572,#5594,#5606));
#5470 = ADVANCED_FACE('',(#5471),#5505,.F.);
#5471 = FACE_BOUND('',#5472,.F.);
#5472 = EDGE_LOOP('',(#5473,#5483,#5491,#5499));
#5473 = ORIENTED_EDGE('',*,*,#5474,.F.);
#5474 = EDGE_CURVE('',#5475,#5477,#5479,.T.);
#5475 = VERTEX_POINT('',#5476);
#5476 = CARTESIAN_POINT('',(8.35,8.05,-3.5));
#5477 = VERTEX_POINT('',#5478);
#5478 = CARTESIAN_POINT('',(8.35,8.05,0.));
#5479 = LINE('',#5480,#5481);
#5480 = CARTESIAN_POINT('',(8.35,8.05,-3.5));
#5481 = VECTOR('',#5482,1.);
#5482 = DIRECTION('',(0.,0.,1.));
#5483 = ORIENTED_EDGE('',*,*,#5484,.T.);
#5484 = EDGE_CURVE('',#5475,#5485,#5487,.T.);
#5485 = VERTEX_POINT('',#5486);
#5486 = CARTESIAN_POINT('',(8.35,8.55,-3.5));
#5487 = LINE('',#5488,#5489);
#5488 = CARTESIAN_POINT('',(8.35,8.05,-3.5));
#5489 = VECTOR('',#5490,1.);
#5490 = DIRECTION('',(-0.,1.,0.));
#5491 = ORIENTED_EDGE('',*,*,#5492,.T.);
#5492 = EDGE_CURVE('',#5485,#5493,#5495,.T.);
#5493 = VERTEX_POINT('',#5494);
#5494 = CARTESIAN_POINT('',(8.35,8.55,0.));
#5495 = LINE('',#5496,#5497);
#5496 = CARTESIAN_POINT('',(8.35,8.55,-3.5));
#5497 = VECTOR('',#5498,1.);
#5498 = DIRECTION('',(0.,0.,1.));
#5499 = ORIENTED_EDGE('',*,*,#5500,.F.);
#5500 = EDGE_CURVE('',#5477,#5493,#5501,.T.);
#5501 = LINE('',#5502,#5503);
#5502 = CARTESIAN_POINT('',(8.35,8.05,0.));
#5503 = VECTOR('',#5504,1.);
#5504 = DIRECTION('',(-0.,1.,0.));
#5505 = PLANE('',#5506);
#5506 = AXIS2_PLACEMENT_3D('',#5507,#5508,#5509);
#5507 = CARTESIAN_POINT('',(8.35,8.05,-3.5));
#5508 = DIRECTION('',(1.,0.,-0.));
#5509 = DIRECTION('',(0.,0.,1.));
#5510 = ADVANCED_FACE('',(#5511),#5545,.T.);
#5511 = FACE_BOUND('',#5512,.T.);
#5512 = EDGE_LOOP('',(#5513,#5523,#5531,#5539));
#5513 = ORIENTED_EDGE('',*,*,#5514,.F.);
#5514 = EDGE_CURVE('',#5515,#5517,#5519,.T.);
#5515 = VERTEX_POINT('',#5516);
#5516 = CARTESIAN_POINT('',(9.15,8.05,-3.5));
#5517 = VERTEX_POINT('',#5518);
#5518 = CARTESIAN_POINT('',(9.15,8.05,0.));
#5519 = LINE('',#5520,#5521);
#5520 = CARTESIAN_POINT('',(9.15,8.05,-3.5));
#5521 = VECTOR('',#5522,1.);
#5522 = DIRECTION('',(0.,0.,1.));
#5523 = ORIENTED_EDGE('',*,*,#5524,.T.);
#5524 = EDGE_CURVE('',#5515,#5525,#5527,.T.);
#5525 = VERTEX_POINT('',#5526);
#5526 = CARTESIAN_POINT('',(9.15,8.55,-3.5));
#5527 = LINE('',#5528,#5529);
#5528 = CARTESIAN_POINT('',(9.15,8.05,-3.5));
#5529 = VECTOR('',#5530,1.);
#5530 = DIRECTION('',(-0.,1.,0.));
#5531 = ORIENTED_EDGE('',*,*,#5532,.T.);
#5532 = EDGE_CURVE('',#5525,#5533,#5535,.T.);
#5533 = VERTEX_POINT('',#5534);
#5534 = CARTESIAN_POINT('',(9.15,8.55,0.));
#5535 = LINE('',#5536,#5537);
#5536 = CARTESIAN_POINT('',(9.15,8.55,-3.5));
#5537 = VECTOR('',#5538,1.);
#5538 = DIRECTION('',(0.,0.,1.));
#5539 = ORIENTED_EDGE('',*,*,#5540,.F.);
#5540 = EDGE_CURVE('',#5517,#5533,#5541,.T.);
#5541 = LINE('',#5542,#5543);
#5542 = CARTESIAN_POINT('',(9.15,8.05,0.));
#5543 = VECTOR('',#5544,1.);
#5544 = DIRECTION('',(-0.,1.,0.));
#5545 = PLANE('',#5546);
#5546 = AXIS2_PLACEMENT_3D('',#5547,#5548,#5549);
#5547 = CARTESIAN_POINT('',(9.15,8.05,-3.5));
#5548 = DIRECTION('',(1.,0.,-0.));
#5549 = DIRECTION('',(0.,0.,1.));
#5550 = ADVANCED_FACE('',(#5551),#5567,.F.);
#5551 = FACE_BOUND('',#5552,.F.);
#5552 = EDGE_LOOP('',(#5553,#5559,#5560,#5566));
#5553 = ORIENTED_EDGE('',*,*,#5554,.F.);
#5554 = EDGE_CURVE('',#5475,#5515,#5555,.T.);
#5555 = LINE('',#5556,#5557);
#5556 = CARTESIAN_POINT('',(8.35,8.05,-3.5));
#5557 = VECTOR('',#5558,1.);
#5558 = DIRECTION('',(1.,0.,-0.));
#5559 = ORIENTED_EDGE('',*,*,#5474,.T.);
#5560 = ORIENTED_EDGE('',*,*,#5561,.T.);
#5561 = EDGE_CURVE('',#5477,#5517,#5562,.T.);
#5562 = LINE('',#5563,#5564);
#5563 = CARTESIAN_POINT('',(8.35,8.05,0.));
#5564 = VECTOR('',#5565,1.);
#5565 = DIRECTION('',(1.,0.,-0.));
#5566 = ORIENTED_EDGE('',*,*,#5514,.F.);
#5567 = PLANE('',#5568);
#5568 = AXIS2_PLACEMENT_3D('',#5569,#5570,#5571);
#5569 = CARTESIAN_POINT('',(8.35,8.05,-3.5));
#5570 = DIRECTION('',(-0.,1.,0.));
#5571 = DIRECTION('',(0.,0.,1.));
#5572 = ADVANCED_FACE('',(#5573),#5589,.T.);
#5573 = FACE_BOUND('',#5574,.T.);
#5574 = EDGE_LOOP('',(#5575,#5581,#5582,#5588));
#5575 = ORIENTED_EDGE('',*,*,#5576,.F.);
#5576 = EDGE_CURVE('',#5485,#5525,#5577,.T.);
#5577 = LINE('',#5578,#5579);
#5578 = CARTESIAN_POINT('',(8.35,8.55,-3.5));
#5579 = VECTOR('',#5580,1.);
#5580 = DIRECTION('',(1.,0.,-0.));
#5581 = ORIENTED_EDGE('',*,*,#5492,.T.);
#5582 = ORIENTED_EDGE('',*,*,#5583,.T.);
#5583 = EDGE_CURVE('',#5493,#5533,#5584,.T.);
#5584 = LINE('',#5585,#5586);
#5585 = CARTESIAN_POINT('',(8.35,8.55,0.));
#5586 = VECTOR('',#5587,1.);
#5587 = DIRECTION('',(1.,0.,-0.));
#5588 = ORIENTED_EDGE('',*,*,#5532,.F.);
#5589 = PLANE('',#5590);
#5590 = AXIS2_PLACEMENT_3D('',#5591,#5592,#5593);
#5591 = CARTESIAN_POINT('',(8.35,8.55,-3.5));
#5592 = DIRECTION('',(-0.,1.,0.));
#5593 = DIRECTION('',(0.,0.,1.));
#5594 = ADVANCED_FACE('',(#5595),#5601,.F.);
#5595 = FACE_BOUND('',#5596,.F.);
#5596 = EDGE_LOOP('',(#5597,#5598,#5599,#5600));
#5597 = ORIENTED_EDGE('',*,*,#5484,.F.);
#5598 = ORIENTED_EDGE('',*,*,#5554,.T.);
#5599 = ORIENTED_EDGE('',*,*,#5524,.T.);
#5600 = ORIENTED_EDGE('',*,*,#5576,.F.);
#5601 = PLANE('',#5602);
#5602 = AXIS2_PLACEMENT_3D('',#5603,#5604,#5605);
#5603 = CARTESIAN_POINT('',(8.35,8.05,-3.5));
#5604 = DIRECTION('',(0.,0.,1.));
#5605 = DIRECTION('',(1.,0.,-0.));
#5606 = ADVANCED_FACE('',(#5607),#5613,.T.);
#5607 = FACE_BOUND('',#5608,.T.);
#5608 = EDGE_LOOP('',(#5609,#5610,#5611,#5612));
#5609 = ORIENTED_EDGE('',*,*,#5500,.F.);
#5610 = ORIENTED_EDGE('',*,*,#5561,.T.);
#5611 = ORIENTED_EDGE('',*,*,#5540,.T.);
#5612 = ORIENTED_EDGE('',*,*,#5583,.F.);
#5613 = PLANE('',#5614);
#5614 = AXIS2_PLACEMENT_3D('',#5615,#5616,#5617);
#5615 = CARTESIAN_POINT('',(8.35,8.05,0.));
#5616 = DIRECTION('',(0.,0.,1.));
#5617 = DIRECTION('',(1.,0.,-0.));
#5618 = ( GEOMETRIC_REPRESENTATION_CONTEXT(3) 
GLOBAL_UNCERTAINTY_ASSIGNED_CONTEXT((#5622)) 
GLOBAL_UNIT_ASSIGNED_CONTEXT((#5619,#5620,#5621)) REPRESENTATION_CONTEXT
('Context #1','3D Context with UNIT and UNCERTAINTY') );
#5619 = ( LENGTH_UNIT() NAMED_UNIT(*) SI_UNIT(.MILLI.,.METRE.) );
#5620 = ( NAMED_UNIT(*) PLANE_ANGLE_UNIT() SI_UNIT($,.RADIAN.) );
#5621 = ( NAMED_UNIT(*) SI_UNIT($,.STERADIAN.) SOLID_ANGLE_UNIT() );
#5622 = UNCERTAINTY_MEASURE_WITH_UNIT(LENGTH_MEASURE(1.E-07),#5619,
  'distance_accuracy_value','confusion accuracy');
#5623 = CONTEXT_DEPENDENT_SHAPE_REPRESENTATION(#5624,#5626);
#5624 = ( REPRESENTATION_RELATIONSHIP('','',#5467,#10) 
REPRESENTATION_RELATIONSHIP_WITH_TRANSFORMATION(#5625) 
SHAPE_REPRESENTATION_RELATIONSHIP() );
#5625 = ITEM_DEFINED_TRANSFORMATION('','',#11,#59);
#5626 = PRODUCT_DEFINITION_SHAPE('Placement','Placement of an item',
  #5627);
#5627 = NEXT_ASSEMBLY_USAGE_OCCURRENCE('12','Terminal Pin P3 B','',#5,
  #5462,$);
#5628 = PRODUCT_RELATED_PRODUCT_CATEGORY('part',$,(#5464));
#5629 = SHAPE_DEFINITION_REPRESENTATION(#5630,#5636);
#5630 = PRODUCT_DEFINITION_SHAPE('','',#5631);
#5631 = PRODUCT_DEFINITION('design','',#5632,#5635);
#5632 = PRODUCT_DEFINITION_FORMATION('','',#5633);
#5633 = PRODUCT('1.5 mm Side Cover','1.5 mm Side Cover','',(#5634));
#5634 = PRODUCT_CONTEXT('',#2,'mechanical');
#5635 = PRODUCT_DEFINITION_CONTEXT('part definition',#2,'design');
#5636 = ADVANCED_BREP_SHAPE_REPRESENTATION('',(#11,#5637),#6435);
#5637 = MANIFOLD_SOLID_BREP('',#5638);
#5638 = CLOSED_SHELL('',(#5639,#5679,#5712,#5745,#5778,#5811,#5828,#5845
    ,#5876,#5907,#5924,#5955,#5972,#6003,#6021,#6039,#6072,#6090,#6121,
    #6139,#6170,#6199,#6210,#6221,#6277,#6288,#6299,#6324,#6349,#6374,
    #6399,#6408,#6417,#6426));
#5639 = ADVANCED_FACE('',(#5640),#5674,.F.);
#5640 = FACE_BOUND('',#5641,.F.);
#5641 = EDGE_LOOP('',(#5642,#5652,#5660,#5668));
#5642 = ORIENTED_EDGE('',*,*,#5643,.F.);
#5643 = EDGE_CURVE('',#5644,#5646,#5648,.T.);
#5644 = VERTEX_POINT('',#5645);
#5645 = CARTESIAN_POINT('',(10.5,0.18,0.18));
#5646 = VERTEX_POINT('',#5647);
#5647 = CARTESIAN_POINT('',(10.5,0.18,10.42));
#5648 = LINE('',#5649,#5650);
#5649 = CARTESIAN_POINT('',(10.5,0.18,0.));
#5650 = VECTOR('',#5651,1.);
#5651 = DIRECTION('',(0.,0.,1.));
#5652 = ORIENTED_EDGE('',*,*,#5653,.T.);
#5653 = EDGE_CURVE('',#5644,#5654,#5656,.T.);
#5654 = VERTEX_POINT('',#5655);
#5655 = CARTESIAN_POINT('',(10.5,12.32,0.18));
#5656 = LINE('',#5657,#5658);
#5657 = CARTESIAN_POINT('',(10.5,0.,0.18));
#5658 = VECTOR('',#5659,1.);
#5659 = DIRECTION('',(-0.,1.,0.));
#5660 = ORIENTED_EDGE('',*,*,#5661,.T.);
#5661 = EDGE_CURVE('',#5654,#5662,#5664,.T.);
#5662 = VERTEX_POINT('',#5663);
#5663 = CARTESIAN_POINT('',(10.5,12.32,10.42));
#5664 = LINE('',#5665,#5666);
#5665 = CARTESIAN_POINT('',(10.5,12.32,0.));
#5666 = VECTOR('',#5667,1.);
#5667 = DIRECTION('',(0.,0.,1.));
#5668 = ORIENTED_EDGE('',*,*,#5669,.F.);
#5669 = EDGE_CURVE('',#5646,#5662,#5670,.T.);
#5670 = LINE('',#5671,#5672);
#5671 = CARTESIAN_POINT('',(10.5,0.,10.42));
#5672 = VECTOR('',#5673,1.);
#5673 = DIRECTION('',(-0.,1.,0.));
#5674 = PLANE('',#5675);
#5675 = AXIS2_PLACEMENT_3D('',#5676,#5677,#5678);
#5676 = CARTESIAN_POINT('',(10.5,0.,0.));
#5677 = DIRECTION('',(1.,0.,-0.));
#5678 = DIRECTION('',(0.,0.,1.));
#5679 = ADVANCED_FACE('',(#5680),#5707,.T.);
#5680 = FACE_BOUND('',#5681,.T.);
#5681 = EDGE_LOOP('',(#5682,#5683,#5692,#5700));
#5682 = ORIENTED_EDGE('',*,*,#5643,.F.);
#5683 = ORIENTED_EDGE('',*,*,#5684,.T.);
#5684 = EDGE_CURVE('',#5644,#5685,#5687,.T.);
#5685 = VERTEX_POINT('',#5686);
#5686 = CARTESIAN_POINT('',(10.68,-2.775557561563E-17,0.18));
#5687 = CIRCLE('',#5688,0.18);
#5688 = AXIS2_PLACEMENT_3D('',#5689,#5690,#5691);
#5689 = CARTESIAN_POINT('',(10.68,0.18,0.18));
#5690 = DIRECTION('',(0.,0.,1.));
#5691 = DIRECTION('',(-1.,0.,0.));
#5692 = ORIENTED_EDGE('',*,*,#5693,.T.);
#5693 = EDGE_CURVE('',#5685,#5694,#5696,.T.);
#5694 = VERTEX_POINT('',#5695);
#5695 = CARTESIAN_POINT('',(10.68,-2.775557561563E-17,10.42));
#5696 = LINE('',#5697,#5698);
#5697 = CARTESIAN_POINT('',(10.68,-2.775557561563E-17,0.));
#5698 = VECTOR('',#5699,1.);
#5699 = DIRECTION('',(0.,0.,1.));
#5700 = ORIENTED_EDGE('',*,*,#5701,.F.);
#5701 = EDGE_CURVE('',#5646,#5694,#5702,.T.);
#5702 = CIRCLE('',#5703,0.18);
#5703 = AXIS2_PLACEMENT_3D('',#5704,#5705,#5706);
#5704 = CARTESIAN_POINT('',(10.68,0.18,10.42));
#5705 = DIRECTION('',(0.,0.,1.));
#5706 = DIRECTION('',(-1.,0.,0.));
#5707 = CYLINDRICAL_SURFACE('',#5708,0.18);
#5708 = AXIS2_PLACEMENT_3D('',#5709,#5710,#5711);
#5709 = CARTESIAN_POINT('',(10.68,0.18,0.));
#5710 = DIRECTION('',(0.,0.,1.));
#5711 = DIRECTION('',(-1.,-0.,0.));
#5712 = ADVANCED_FACE('',(#5713),#5740,.T.);
#5713 = FACE_BOUND('',#5714,.F.);
#5714 = EDGE_LOOP('',(#5715,#5724,#5732,#5739));
#5715 = ORIENTED_EDGE('',*,*,#5716,.F.);
#5716 = EDGE_CURVE('',#5717,#5644,#5719,.T.);
#5717 = VERTEX_POINT('',#5718);
#5718 = CARTESIAN_POINT('',(10.68,0.18,0.));
#5719 = CIRCLE('',#5720,0.18);
#5720 = AXIS2_PLACEMENT_3D('',#5721,#5722,#5723);
#5721 = CARTESIAN_POINT('',(10.68,0.18,0.18));
#5722 = DIRECTION('',(0.,1.,-0.));
#5723 = DIRECTION('',(-1.,0.,0.));
#5724 = ORIENTED_EDGE('',*,*,#5725,.T.);
#5725 = EDGE_CURVE('',#5717,#5726,#5728,.T.);
#5726 = VERTEX_POINT('',#5727);
#5727 = CARTESIAN_POINT('',(10.68,12.32,0.));
#5728 = LINE('',#5729,#5730);
#5729 = CARTESIAN_POINT('',(10.68,0.,-2.775557561563E-17));
#5730 = VECTOR('',#5731,1.);
#5731 = DIRECTION('',(-0.,1.,0.));
#5732 = ORIENTED_EDGE('',*,*,#5733,.T.);
#5733 = EDGE_CURVE('',#5726,#5654,#5734,.T.);
#5734 = CIRCLE('',#5735,0.18);
#5735 = AXIS2_PLACEMENT_3D('',#5736,#5737,#5738);
#5736 = CARTESIAN_POINT('',(10.68,12.32,0.18));
#5737 = DIRECTION('',(0.,1.,-0.));
#5738 = DIRECTION('',(-1.,0.,0.));
#5739 = ORIENTED_EDGE('',*,*,#5653,.F.);
#5740 = CYLINDRICAL_SURFACE('',#5741,0.18);
#5741 = AXIS2_PLACEMENT_3D('',#5742,#5743,#5744);
#5742 = CARTESIAN_POINT('',(10.68,0.,0.18));
#5743 = DIRECTION('',(-0.,1.,0.));
#5744 = DIRECTION('',(-1.,-0.,0.));
#5745 = ADVANCED_FACE('',(#5746),#5773,.T.);
#5746 = FACE_BOUND('',#5747,.T.);
#5747 = EDGE_LOOP('',(#5748,#5757,#5765,#5772));
#5748 = ORIENTED_EDGE('',*,*,#5749,.F.);
#5749 = EDGE_CURVE('',#5750,#5646,#5752,.T.);
#5750 = VERTEX_POINT('',#5751);
#5751 = CARTESIAN_POINT('',(10.68,0.18,10.6));
#5752 = CIRCLE('',#5753,0.18);
#5753 = AXIS2_PLACEMENT_3D('',#5754,#5755,#5756);
#5754 = CARTESIAN_POINT('',(10.68,0.18,10.42));
#5755 = DIRECTION('',(0.,-1.,0.));
#5756 = DIRECTION('',(-1.,0.,0.));
#5757 = ORIENTED_EDGE('',*,*,#5758,.T.);
#5758 = EDGE_CURVE('',#5750,#5759,#5761,.T.);
#5759 = VERTEX_POINT('',#5760);
#5760 = CARTESIAN_POINT('',(10.68,12.32,10.6));
#5761 = LINE('',#5762,#5763);
#5762 = CARTESIAN_POINT('',(10.68,0.,10.6));
#5763 = VECTOR('',#5764,1.);
#5764 = DIRECTION('',(-0.,1.,0.));
#5765 = ORIENTED_EDGE('',*,*,#5766,.F.);
#5766 = EDGE_CURVE('',#5662,#5759,#5767,.T.);
#5767 = CIRCLE('',#5768,0.18);
#5768 = AXIS2_PLACEMENT_3D('',#5769,#5770,#5771);
#5769 = CARTESIAN_POINT('',(10.68,12.32,10.42));
#5770 = DIRECTION('',(-0.,1.,0.));
#5771 = DIRECTION('',(-1.,-0.,0.));
#5772 = ORIENTED_EDGE('',*,*,#5669,.F.);
#5773 = CYLINDRICAL_SURFACE('',#5774,0.18);
#5774 = AXIS2_PLACEMENT_3D('',#5775,#5776,#5777);
#5775 = CARTESIAN_POINT('',(10.68,0.,10.42));
#5776 = DIRECTION('',(-0.,1.,0.));
#5777 = DIRECTION('',(-1.,-0.,0.));
#5778 = ADVANCED_FACE('',(#5779),#5806,.T.);
#5779 = FACE_BOUND('',#5780,.F.);
#5780 = EDGE_LOOP('',(#5781,#5782,#5791,#5799));
#5781 = ORIENTED_EDGE('',*,*,#5661,.F.);
#5782 = ORIENTED_EDGE('',*,*,#5783,.T.);
#5783 = EDGE_CURVE('',#5654,#5784,#5786,.T.);
#5784 = VERTEX_POINT('',#5785);
#5785 = CARTESIAN_POINT('',(10.68,12.5,0.18));
#5786 = CIRCLE('',#5787,0.18);
#5787 = AXIS2_PLACEMENT_3D('',#5788,#5789,#5790);
#5788 = CARTESIAN_POINT('',(10.68,12.32,0.18));
#5789 = DIRECTION('',(-0.,0.,-1.));
#5790 = DIRECTION('',(-1.,0.,0.));
#5791 = ORIENTED_EDGE('',*,*,#5792,.T.);
#5792 = EDGE_CURVE('',#5784,#5793,#5795,.T.);
#5793 = VERTEX_POINT('',#5794);
#5794 = CARTESIAN_POINT('',(10.68,12.5,10.42));
#5795 = LINE('',#5796,#5797);
#5796 = CARTESIAN_POINT('',(10.68,12.5,0.));
#5797 = VECTOR('',#5798,1.);
#5798 = DIRECTION('',(0.,0.,1.));
#5799 = ORIENTED_EDGE('',*,*,#5800,.T.);
#5800 = EDGE_CURVE('',#5793,#5662,#5801,.T.);
#5801 = CIRCLE('',#5802,0.18);
#5802 = AXIS2_PLACEMENT_3D('',#5803,#5804,#5805);
#5803 = CARTESIAN_POINT('',(10.68,12.32,10.42));
#5804 = DIRECTION('',(0.,0.,1.));
#5805 = DIRECTION('',(-1.,-0.,0.));
#5806 = CYLINDRICAL_SURFACE('',#5807,0.18);
#5807 = AXIS2_PLACEMENT_3D('',#5808,#5809,#5810);
#5808 = CARTESIAN_POINT('',(10.68,12.32,0.));
#5809 = DIRECTION('',(0.,0.,1.));
#5810 = DIRECTION('',(-1.,-0.,0.));
#5811 = ADVANCED_FACE('',(#5812),#5823,.T.);
#5812 = FACE_BOUND('',#5813,.T.);
#5813 = EDGE_LOOP('',(#5814,#5815,#5822));
#5814 = ORIENTED_EDGE('',*,*,#5716,.F.);
#5815 = ORIENTED_EDGE('',*,*,#5816,.T.);
#5816 = EDGE_CURVE('',#5717,#5685,#5817,.T.);
#5817 = CIRCLE('',#5818,0.18);
#5818 = AXIS2_PLACEMENT_3D('',#5819,#5820,#5821);
#5819 = CARTESIAN_POINT('',(10.68,0.18,0.18));
#5820 = DIRECTION('',(-1.,6.123233995737E-17,0.));
#5821 = DIRECTION('',(-6.123233995737E-17,-1.,0.));
#5822 = ORIENTED_EDGE('',*,*,#5684,.F.);
#5823 = SPHERICAL_SURFACE('',#5824,0.18);
#5824 = AXIS2_PLACEMENT_3D('',#5825,#5826,#5827);
#5825 = CARTESIAN_POINT('',(10.68,0.18,0.18));
#5826 = DIRECTION('',(0.,0.,1.));
#5827 = DIRECTION('',(-1.,0.,0.));
#5828 = ADVANCED_FACE('',(#5829),#5840,.T.);
#5829 = FACE_BOUND('',#5830,.F.);
#5830 = EDGE_LOOP('',(#5831,#5832,#5839));
#5831 = ORIENTED_EDGE('',*,*,#5749,.F.);
#5832 = ORIENTED_EDGE('',*,*,#5833,.T.);
#5833 = EDGE_CURVE('',#5750,#5694,#5834,.T.);
#5834 = CIRCLE('',#5835,0.18);
#5835 = AXIS2_PLACEMENT_3D('',#5836,#5837,#5838);
#5836 = CARTESIAN_POINT('',(10.68,0.18,10.42));
#5837 = DIRECTION('',(1.,-6.123233995737E-17,0.));
#5838 = DIRECTION('',(-6.123233995737E-17,-1.,0.));
#5839 = ORIENTED_EDGE('',*,*,#5701,.F.);
#5840 = SPHERICAL_SURFACE('',#5841,0.18);
#5841 = AXIS2_PLACEMENT_3D('',#5842,#5843,#5844);
#5842 = CARTESIAN_POINT('',(10.68,0.18,10.42));
#5843 = DIRECTION('',(-0.,-0.,-1.));
#5844 = DIRECTION('',(-1.,0.,0.));
#5845 = ADVANCED_FACE('',(#5846),#5871,.F.);
#5846 = FACE_BOUND('',#5847,.F.);
#5847 = EDGE_LOOP('',(#5848,#5849,#5857,#5865));
#5848 = ORIENTED_EDGE('',*,*,#5693,.T.);
#5849 = ORIENTED_EDGE('',*,*,#5850,.T.);
#5850 = EDGE_CURVE('',#5694,#5851,#5853,.T.);
#5851 = VERTEX_POINT('',#5852);
#5852 = CARTESIAN_POINT('',(11.82,-2.775557561563E-17,10.42));
#5853 = LINE('',#5854,#5855);
#5854 = CARTESIAN_POINT('',(10.5,-2.775557561563E-17,10.42));
#5855 = VECTOR('',#5856,1.);
#5856 = DIRECTION('',(1.,0.,-0.));
#5857 = ORIENTED_EDGE('',*,*,#5858,.F.);
#5858 = EDGE_CURVE('',#5859,#5851,#5861,.T.);
#5859 = VERTEX_POINT('',#5860);
#5860 = CARTESIAN_POINT('',(11.82,-2.775557561563E-17,0.18));
#5861 = LINE('',#5862,#5863);
#5862 = CARTESIAN_POINT('',(11.82,-2.775557561563E-17,0.));
#5863 = VECTOR('',#5864,1.);
#5864 = DIRECTION('',(0.,0.,1.));
#5865 = ORIENTED_EDGE('',*,*,#5866,.F.);
#5866 = EDGE_CURVE('',#5685,#5859,#5867,.T.);
#5867 = LINE('',#5868,#5869);
#5868 = CARTESIAN_POINT('',(10.5,-2.775557561563E-17,0.18));
#5869 = VECTOR('',#5870,1.);
#5870 = DIRECTION('',(1.,0.,-0.));
#5871 = PLANE('',#5872);
#5872 = AXIS2_PLACEMENT_3D('',#5873,#5874,#5875);
#5873 = CARTESIAN_POINT('',(10.5,0.,0.));
#5874 = DIRECTION('',(-0.,1.,0.));
#5875 = DIRECTION('',(0.,0.,1.));
#5876 = ADVANCED_FACE('',(#5877),#5902,.F.);
#5877 = FACE_BOUND('',#5878,.F.);
#5878 = EDGE_LOOP('',(#5879,#5880,#5888,#5896));
#5879 = ORIENTED_EDGE('',*,*,#5725,.F.);
#5880 = ORIENTED_EDGE('',*,*,#5881,.T.);
#5881 = EDGE_CURVE('',#5717,#5882,#5884,.T.);
#5882 = VERTEX_POINT('',#5883);
#5883 = CARTESIAN_POINT('',(11.82,0.18,0.));
#5884 = LINE('',#5885,#5886);
#5885 = CARTESIAN_POINT('',(10.5,0.18,-2.775557561563E-17));
#5886 = VECTOR('',#5887,1.);
#5887 = DIRECTION('',(1.,0.,-0.));
#5888 = ORIENTED_EDGE('',*,*,#5889,.T.);
#5889 = EDGE_CURVE('',#5882,#5890,#5892,.T.);
#5890 = VERTEX_POINT('',#5891);
#5891 = CARTESIAN_POINT('',(11.82,12.32,0.));
#5892 = LINE('',#5893,#5894);
#5893 = CARTESIAN_POINT('',(11.82,0.,-2.775557561563E-17));
#5894 = VECTOR('',#5895,1.);
#5895 = DIRECTION('',(-0.,1.,0.));
#5896 = ORIENTED_EDGE('',*,*,#5897,.F.);
#5897 = EDGE_CURVE('',#5726,#5890,#5898,.T.);
#5898 = LINE('',#5899,#5900);
#5899 = CARTESIAN_POINT('',(10.5,12.32,-2.775557561563E-17));
#5900 = VECTOR('',#5901,1.);
#5901 = DIRECTION('',(1.,0.,-0.));
#5902 = PLANE('',#5903);
#5903 = AXIS2_PLACEMENT_3D('',#5904,#5905,#5906);
#5904 = CARTESIAN_POINT('',(10.5,0.,0.));
#5905 = DIRECTION('',(0.,0.,1.));
#5906 = DIRECTION('',(1.,0.,-0.));
#5907 = ADVANCED_FACE('',(#5908),#5919,.T.);
#5908 = FACE_BOUND('',#5909,.F.);
#5909 = EDGE_LOOP('',(#5910,#5911,#5918));
#5910 = ORIENTED_EDGE('',*,*,#5733,.F.);
#5911 = ORIENTED_EDGE('',*,*,#5912,.T.);
#5912 = EDGE_CURVE('',#5726,#5784,#5913,.T.);
#5913 = CIRCLE('',#5914,0.18);
#5914 = AXIS2_PLACEMENT_3D('',#5915,#5916,#5917);
#5915 = CARTESIAN_POINT('',(10.68,12.32,0.18));
#5916 = DIRECTION('',(1.,6.123233995737E-17,-0.));
#5917 = DIRECTION('',(-6.123233995737E-17,1.,0.));
#5918 = ORIENTED_EDGE('',*,*,#5783,.F.);
#5919 = SPHERICAL_SURFACE('',#5920,0.18);
#5920 = AXIS2_PLACEMENT_3D('',#5921,#5922,#5923);
#5921 = CARTESIAN_POINT('',(10.68,12.32,0.18));
#5922 = DIRECTION('',(0.,0.,1.));
#5923 = DIRECTION('',(-1.,0.,0.));
#5924 = ADVANCED_FACE('',(#5925),#5950,.T.);
#5925 = FACE_BOUND('',#5926,.T.);
#5926 = EDGE_LOOP('',(#5927,#5928,#5936,#5944));
#5927 = ORIENTED_EDGE('',*,*,#5758,.F.);
#5928 = ORIENTED_EDGE('',*,*,#5929,.T.);
#5929 = EDGE_CURVE('',#5750,#5930,#5932,.T.);
#5930 = VERTEX_POINT('',#5931);
#5931 = CARTESIAN_POINT('',(11.82,0.18,10.6));
#5932 = LINE('',#5933,#5934);
#5933 = CARTESIAN_POINT('',(10.5,0.18,10.6));
#5934 = VECTOR('',#5935,1.);
#5935 = DIRECTION('',(1.,0.,-0.));
#5936 = ORIENTED_EDGE('',*,*,#5937,.T.);
#5937 = EDGE_CURVE('',#5930,#5938,#5940,.T.);
#5938 = VERTEX_POINT('',#5939);
#5939 = CARTESIAN_POINT('',(11.82,12.32,10.6));
#5940 = LINE('',#5941,#5942);
#5941 = CARTESIAN_POINT('',(11.82,0.,10.6));
#5942 = VECTOR('',#5943,1.);
#5943 = DIRECTION('',(-0.,1.,0.));
#5944 = ORIENTED_EDGE('',*,*,#5945,.F.);
#5945 = EDGE_CURVE('',#5759,#5938,#5946,.T.);
#5946 = LINE('',#5947,#5948);
#5947 = CARTESIAN_POINT('',(10.5,12.32,10.6));
#5948 = VECTOR('',#5949,1.);
#5949 = DIRECTION('',(1.,0.,-0.));
#5950 = PLANE('',#5951);
#5951 = AXIS2_PLACEMENT_3D('',#5952,#5953,#5954);
#5952 = CARTESIAN_POINT('',(10.5,0.,10.6));
#5953 = DIRECTION('',(0.,0.,1.));
#5954 = DIRECTION('',(1.,0.,-0.));
#5955 = ADVANCED_FACE('',(#5956),#5967,.T.);
#5956 = FACE_BOUND('',#5957,.F.);
#5957 = EDGE_LOOP('',(#5958,#5959,#5966));
#5958 = ORIENTED_EDGE('',*,*,#5800,.F.);
#5959 = ORIENTED_EDGE('',*,*,#5960,.T.);
#5960 = EDGE_CURVE('',#5793,#5759,#5961,.T.);
#5961 = CIRCLE('',#5962,0.18);
#5962 = AXIS2_PLACEMENT_3D('',#5963,#5964,#5965);
#5963 = CARTESIAN_POINT('',(10.68,12.32,10.42));
#5964 = DIRECTION('',(1.,0.,6.123233995737E-17));
#5965 = DIRECTION('',(-6.123233995737E-17,-0.,1.));
#5966 = ORIENTED_EDGE('',*,*,#5766,.F.);
#5967 = SPHERICAL_SURFACE('',#5968,0.18);
#5968 = AXIS2_PLACEMENT_3D('',#5969,#5970,#5971);
#5969 = CARTESIAN_POINT('',(10.68,12.32,10.42));
#5970 = DIRECTION('',(0.,-1.,-0.));
#5971 = DIRECTION('',(-1.,-0.,0.));
#5972 = ADVANCED_FACE('',(#5973),#5998,.T.);
#5973 = FACE_BOUND('',#5974,.T.);
#5974 = EDGE_LOOP('',(#5975,#5976,#5984,#5992));
#5975 = ORIENTED_EDGE('',*,*,#5792,.T.);
#5976 = ORIENTED_EDGE('',*,*,#5977,.T.);
#5977 = EDGE_CURVE('',#5793,#5978,#5980,.T.);
#5978 = VERTEX_POINT('',#5979);
#5979 = CARTESIAN_POINT('',(11.82,12.5,10.42));
#5980 = LINE('',#5981,#5982);
#5981 = CARTESIAN_POINT('',(10.5,12.5,10.42));
#5982 = VECTOR('',#5983,1.);
#5983 = DIRECTION('',(1.,0.,-0.));
#5984 = ORIENTED_EDGE('',*,*,#5985,.F.);
#5985 = EDGE_CURVE('',#5986,#5978,#5988,.T.);
#5986 = VERTEX_POINT('',#5987);
#5987 = CARTESIAN_POINT('',(11.82,12.5,0.18));
#5988 = LINE('',#5989,#5990);
#5989 = CARTESIAN_POINT('',(11.82,12.5,0.));
#5990 = VECTOR('',#5991,1.);
#5991 = DIRECTION('',(0.,0.,1.));
#5992 = ORIENTED_EDGE('',*,*,#5993,.F.);
#5993 = EDGE_CURVE('',#5784,#5986,#5994,.T.);
#5994 = LINE('',#5995,#5996);
#5995 = CARTESIAN_POINT('',(10.5,12.5,0.18));
#5996 = VECTOR('',#5997,1.);
#5997 = DIRECTION('',(1.,0.,-0.));
#5998 = PLANE('',#5999);
#5999 = AXIS2_PLACEMENT_3D('',#6000,#6001,#6002);
#6000 = CARTESIAN_POINT('',(10.5,12.5,0.));
#6001 = DIRECTION('',(-0.,1.,0.));
#6002 = DIRECTION('',(0.,0.,1.));
#6003 = ADVANCED_FACE('',(#6004),#6016,.T.);
#6004 = FACE_BOUND('',#6005,.T.);
#6005 = EDGE_LOOP('',(#6006,#6007,#6008,#6015));
#6006 = ORIENTED_EDGE('',*,*,#5816,.F.);
#6007 = ORIENTED_EDGE('',*,*,#5881,.T.);
#6008 = ORIENTED_EDGE('',*,*,#6009,.T.);
#6009 = EDGE_CURVE('',#5882,#5859,#6010,.T.);
#6010 = CIRCLE('',#6011,0.18);
#6011 = AXIS2_PLACEMENT_3D('',#6012,#6013,#6014);
#6012 = CARTESIAN_POINT('',(11.82,0.18,0.18));
#6013 = DIRECTION('',(-1.,-6.123233995737E-17,0.));
#6014 = DIRECTION('',(6.123233995737E-17,-1.,-0.));
#6015 = ORIENTED_EDGE('',*,*,#5866,.F.);
#6016 = CYLINDRICAL_SURFACE('',#6017,0.18);
#6017 = AXIS2_PLACEMENT_3D('',#6018,#6019,#6020);
#6018 = CARTESIAN_POINT('',(10.5,0.18,0.18));
#6019 = DIRECTION('',(1.,0.,-0.));
#6020 = DIRECTION('',(0.,-1.,0.));
#6021 = ADVANCED_FACE('',(#6022),#6034,.T.);
#6022 = FACE_BOUND('',#6023,.F.);
#6023 = EDGE_LOOP('',(#6024,#6025,#6026,#6033));
#6024 = ORIENTED_EDGE('',*,*,#5833,.F.);
#6025 = ORIENTED_EDGE('',*,*,#5929,.T.);
#6026 = ORIENTED_EDGE('',*,*,#6027,.T.);
#6027 = EDGE_CURVE('',#5930,#5851,#6028,.T.);
#6028 = CIRCLE('',#6029,0.18);
#6029 = AXIS2_PLACEMENT_3D('',#6030,#6031,#6032);
#6030 = CARTESIAN_POINT('',(11.82,0.18,10.42));
#6031 = DIRECTION('',(1.,6.123233995737E-17,0.));
#6032 = DIRECTION('',(6.123233995737E-17,-1.,0.));
#6033 = ORIENTED_EDGE('',*,*,#5850,.F.);
#6034 = CYLINDRICAL_SURFACE('',#6035,0.18);
#6035 = AXIS2_PLACEMENT_3D('',#6036,#6037,#6038);
#6036 = CARTESIAN_POINT('',(10.5,0.18,10.42));
#6037 = DIRECTION('',(1.,0.,-0.));
#6038 = DIRECTION('',(0.,-1.,0.));
#6039 = ADVANCED_FACE('',(#6040),#6067,.T.);
#6040 = FACE_BOUND('',#6041,.F.);
#6041 = EDGE_LOOP('',(#6042,#6052,#6059,#6060));
#6042 = ORIENTED_EDGE('',*,*,#6043,.F.);
#6043 = EDGE_CURVE('',#6044,#6046,#6048,.T.);
#6044 = VERTEX_POINT('',#6045);
#6045 = CARTESIAN_POINT('',(12.,0.18,0.18));
#6046 = VERTEX_POINT('',#6047);
#6047 = CARTESIAN_POINT('',(12.,0.18,10.42));
#6048 = LINE('',#6049,#6050);
#6049 = CARTESIAN_POINT('',(12.,0.18,0.));
#6050 = VECTOR('',#6051,1.);
#6051 = DIRECTION('',(0.,0.,1.));
#6052 = ORIENTED_EDGE('',*,*,#6053,.T.);
#6053 = EDGE_CURVE('',#6044,#5859,#6054,.T.);
#6054 = CIRCLE('',#6055,0.18);
#6055 = AXIS2_PLACEMENT_3D('',#6056,#6057,#6058);
#6056 = CARTESIAN_POINT('',(11.82,0.18,0.18));
#6057 = DIRECTION('',(0.,-0.,-1.));
#6058 = DIRECTION('',(1.,0.,-0.));
#6059 = ORIENTED_EDGE('',*,*,#5858,.T.);
#6060 = ORIENTED_EDGE('',*,*,#6061,.F.);
#6061 = EDGE_CURVE('',#6046,#5851,#6062,.T.);
#6062 = CIRCLE('',#6063,0.18);
#6063 = AXIS2_PLACEMENT_3D('',#6064,#6065,#6066);
#6064 = CARTESIAN_POINT('',(11.82,0.18,10.42));
#6065 = DIRECTION('',(0.,0.,-1.));
#6066 = DIRECTION('',(1.,0.,0.));
#6067 = CYLINDRICAL_SURFACE('',#6068,0.18);
#6068 = AXIS2_PLACEMENT_3D('',#6069,#6070,#6071);
#6069 = CARTESIAN_POINT('',(11.82,0.18,0.));
#6070 = DIRECTION('',(0.,0.,1.));
#6071 = DIRECTION('',(1.,0.,-0.));
#6072 = ADVANCED_FACE('',(#6073),#6085,.T.);
#6073 = FACE_BOUND('',#6074,.F.);
#6074 = EDGE_LOOP('',(#6075,#6076,#6077,#6084));
#6075 = ORIENTED_EDGE('',*,*,#5912,.F.);
#6076 = ORIENTED_EDGE('',*,*,#5897,.T.);
#6077 = ORIENTED_EDGE('',*,*,#6078,.T.);
#6078 = EDGE_CURVE('',#5890,#5986,#6079,.T.);
#6079 = CIRCLE('',#6080,0.18);
#6080 = AXIS2_PLACEMENT_3D('',#6081,#6082,#6083);
#6081 = CARTESIAN_POINT('',(11.82,12.32,0.18));
#6082 = DIRECTION('',(1.,-6.123233995737E-17,0.));
#6083 = DIRECTION('',(6.123233995737E-17,1.,0.));
#6084 = ORIENTED_EDGE('',*,*,#5993,.F.);
#6085 = CYLINDRICAL_SURFACE('',#6086,0.18);
#6086 = AXIS2_PLACEMENT_3D('',#6087,#6088,#6089);
#6087 = CARTESIAN_POINT('',(10.5,12.32,0.18));
#6088 = DIRECTION('',(1.,0.,-0.));
#6089 = DIRECTION('',(0.,1.,0.));
#6090 = ADVANCED_FACE('',(#6091),#6116,.T.);
#6091 = FACE_BOUND('',#6092,.T.);
#6092 = EDGE_LOOP('',(#6093,#6100,#6101,#6110));
#6093 = ORIENTED_EDGE('',*,*,#6094,.F.);
#6094 = EDGE_CURVE('',#5882,#6044,#6095,.T.);
#6095 = CIRCLE('',#6096,0.18);
#6096 = AXIS2_PLACEMENT_3D('',#6097,#6098,#6099);
#6097 = CARTESIAN_POINT('',(11.82,0.18,0.18));
#6098 = DIRECTION('',(0.,-1.,0.));
#6099 = DIRECTION('',(1.,0.,0.));
#6100 = ORIENTED_EDGE('',*,*,#5889,.T.);
#6101 = ORIENTED_EDGE('',*,*,#6102,.T.);
#6102 = EDGE_CURVE('',#5890,#6103,#6105,.T.);
#6103 = VERTEX_POINT('',#6104);
#6104 = CARTESIAN_POINT('',(12.,12.32,0.18));
#6105 = CIRCLE('',#6106,0.18);
#6106 = AXIS2_PLACEMENT_3D('',#6107,#6108,#6109);
#6107 = CARTESIAN_POINT('',(11.82,12.32,0.18));
#6108 = DIRECTION('',(0.,-1.,0.));
#6109 = DIRECTION('',(1.,0.,0.));
#6110 = ORIENTED_EDGE('',*,*,#6111,.F.);
#6111 = EDGE_CURVE('',#6044,#6103,#6112,.T.);
#6112 = LINE('',#6113,#6114);
#6113 = CARTESIAN_POINT('',(12.,0.,0.18));
#6114 = VECTOR('',#6115,1.);
#6115 = DIRECTION('',(-0.,1.,0.));
#6116 = CYLINDRICAL_SURFACE('',#6117,0.18);
#6117 = AXIS2_PLACEMENT_3D('',#6118,#6119,#6120);
#6118 = CARTESIAN_POINT('',(11.82,0.,0.18));
#6119 = DIRECTION('',(-0.,1.,0.));
#6120 = DIRECTION('',(1.,0.,-0.));
#6121 = ADVANCED_FACE('',(#6122),#6134,.T.);
#6122 = FACE_BOUND('',#6123,.T.);
#6123 = EDGE_LOOP('',(#6124,#6125,#6126,#6133));
#6124 = ORIENTED_EDGE('',*,*,#5960,.T.);
#6125 = ORIENTED_EDGE('',*,*,#5945,.T.);
#6126 = ORIENTED_EDGE('',*,*,#6127,.F.);
#6127 = EDGE_CURVE('',#5978,#5938,#6128,.T.);
#6128 = CIRCLE('',#6129,0.18);
#6129 = AXIS2_PLACEMENT_3D('',#6130,#6131,#6132);
#6130 = CARTESIAN_POINT('',(11.82,12.32,10.42));
#6131 = DIRECTION('',(1.,0.,-6.123233995737E-17));
#6132 = DIRECTION('',(6.123233995737E-17,0.,1.));
#6133 = ORIENTED_EDGE('',*,*,#5977,.F.);
#6134 = CYLINDRICAL_SURFACE('',#6135,0.18);
#6135 = AXIS2_PLACEMENT_3D('',#6136,#6137,#6138);
#6136 = CARTESIAN_POINT('',(10.5,12.32,10.42));
#6137 = DIRECTION('',(1.,0.,-0.));
#6138 = DIRECTION('',(0.,1.,0.));
#6139 = ADVANCED_FACE('',(#6140),#6165,.T.);
#6140 = FACE_BOUND('',#6141,.F.);
#6141 = EDGE_LOOP('',(#6142,#6149,#6150,#6159));
#6142 = ORIENTED_EDGE('',*,*,#6143,.F.);
#6143 = EDGE_CURVE('',#5930,#6046,#6144,.T.);
#6144 = CIRCLE('',#6145,0.18);
#6145 = AXIS2_PLACEMENT_3D('',#6146,#6147,#6148);
#6146 = CARTESIAN_POINT('',(11.82,0.18,10.42));
#6147 = DIRECTION('',(-0.,1.,0.));
#6148 = DIRECTION('',(1.,0.,0.));
#6149 = ORIENTED_EDGE('',*,*,#5937,.T.);
#6150 = ORIENTED_EDGE('',*,*,#6151,.F.);
#6151 = EDGE_CURVE('',#6152,#5938,#6154,.T.);
#6152 = VERTEX_POINT('',#6153);
#6153 = CARTESIAN_POINT('',(12.,12.32,10.42));
#6154 = CIRCLE('',#6155,0.18);
#6155 = AXIS2_PLACEMENT_3D('',#6156,#6157,#6158);
#6156 = CARTESIAN_POINT('',(11.82,12.32,10.42));
#6157 = DIRECTION('',(0.,-1.,-0.));
#6158 = DIRECTION('',(1.,0.,0.));
#6159 = ORIENTED_EDGE('',*,*,#6160,.F.);
#6160 = EDGE_CURVE('',#6046,#6152,#6161,.T.);
#6161 = LINE('',#6162,#6163);
#6162 = CARTESIAN_POINT('',(12.,0.,10.42));
#6163 = VECTOR('',#6164,1.);
#6164 = DIRECTION('',(-0.,1.,0.));
#6165 = CYLINDRICAL_SURFACE('',#6166,0.18);
#6166 = AXIS2_PLACEMENT_3D('',#6167,#6168,#6169);
#6167 = CARTESIAN_POINT('',(11.82,0.,10.42));
#6168 = DIRECTION('',(-0.,1.,0.));
#6169 = DIRECTION('',(1.,0.,-0.));
#6170 = ADVANCED_FACE('',(#6171),#6194,.T.);
#6171 = FACE_BOUND('',#6172,.T.);
#6172 = EDGE_LOOP('',(#6173,#6179,#6186,#6187));
#6173 = ORIENTED_EDGE('',*,*,#6174,.F.);
#6174 = EDGE_CURVE('',#6103,#6152,#6175,.T.);
#6175 = LINE('',#6176,#6177);
#6176 = CARTESIAN_POINT('',(12.,12.32,0.));
#6177 = VECTOR('',#6178,1.);
#6178 = DIRECTION('',(0.,0.,1.));
#6179 = ORIENTED_EDGE('',*,*,#6180,.T.);
#6180 = EDGE_CURVE('',#6103,#5986,#6181,.T.);
#6181 = CIRCLE('',#6182,0.18);
#6182 = AXIS2_PLACEMENT_3D('',#6183,#6184,#6185);
#6183 = CARTESIAN_POINT('',(11.82,12.32,0.18));
#6184 = DIRECTION('',(0.,0.,1.));
#6185 = DIRECTION('',(1.,0.,-0.));
#6186 = ORIENTED_EDGE('',*,*,#5985,.T.);
#6187 = ORIENTED_EDGE('',*,*,#6188,.T.);
#6188 = EDGE_CURVE('',#5978,#6152,#6189,.T.);
#6189 = CIRCLE('',#6190,0.18);
#6190 = AXIS2_PLACEMENT_3D('',#6191,#6192,#6193);
#6191 = CARTESIAN_POINT('',(11.82,12.32,10.42));
#6192 = DIRECTION('',(0.,0.,-1.));
#6193 = DIRECTION('',(1.,0.,0.));
#6194 = CYLINDRICAL_SURFACE('',#6195,0.18);
#6195 = AXIS2_PLACEMENT_3D('',#6196,#6197,#6198);
#6196 = CARTESIAN_POINT('',(11.82,12.32,0.));
#6197 = DIRECTION('',(0.,0.,1.));
#6198 = DIRECTION('',(1.,0.,-0.));
#6199 = ADVANCED_FACE('',(#6200),#6205,.T.);
#6200 = FACE_BOUND('',#6201,.F.);
#6201 = EDGE_LOOP('',(#6202,#6203,#6204));
#6202 = ORIENTED_EDGE('',*,*,#6094,.F.);
#6203 = ORIENTED_EDGE('',*,*,#6009,.T.);
#6204 = ORIENTED_EDGE('',*,*,#6053,.F.);
#6205 = SPHERICAL_SURFACE('',#6206,0.18);
#6206 = AXIS2_PLACEMENT_3D('',#6207,#6208,#6209);
#6207 = CARTESIAN_POINT('',(11.82,0.18,0.18));
#6208 = DIRECTION('',(0.,0.,1.));
#6209 = DIRECTION('',(1.,0.,-0.));
#6210 = ADVANCED_FACE('',(#6211),#6216,.T.);
#6211 = FACE_BOUND('',#6212,.T.);
#6212 = EDGE_LOOP('',(#6213,#6214,#6215));
#6213 = ORIENTED_EDGE('',*,*,#6143,.F.);
#6214 = ORIENTED_EDGE('',*,*,#6027,.T.);
#6215 = ORIENTED_EDGE('',*,*,#6061,.F.);
#6216 = SPHERICAL_SURFACE('',#6217,0.18);
#6217 = AXIS2_PLACEMENT_3D('',#6218,#6219,#6220);
#6218 = CARTESIAN_POINT('',(11.82,0.18,10.42));
#6219 = DIRECTION('',(-0.,-0.,-1.));
#6220 = DIRECTION('',(1.,0.,0.));
#6221 = ADVANCED_FACE('',(#6222,#6228,#6239,#6250,#6261),#6272,.T.);
#6222 = FACE_BOUND('',#6223,.T.);
#6223 = EDGE_LOOP('',(#6224,#6225,#6226,#6227));
#6224 = ORIENTED_EDGE('',*,*,#6043,.F.);
#6225 = ORIENTED_EDGE('',*,*,#6111,.T.);
#6226 = ORIENTED_EDGE('',*,*,#6174,.T.);
#6227 = ORIENTED_EDGE('',*,*,#6160,.F.);
#6228 = FACE_BOUND('',#6229,.T.);
#6229 = EDGE_LOOP('',(#6230));
#6230 = ORIENTED_EDGE('',*,*,#6231,.T.);
#6231 = EDGE_CURVE('',#6232,#6232,#6234,.T.);
#6232 = VERTEX_POINT('',#6233);
#6233 = CARTESIAN_POINT('',(12.,7.3,2.52));
#6234 = CIRCLE('',#6235,0.48);
#6235 = AXIS2_PLACEMENT_3D('',#6236,#6237,#6238);
#6236 = CARTESIAN_POINT('',(12.,7.3,3.));
#6237 = DIRECTION('',(-1.,0.,0.));
#6238 = DIRECTION('',(0.,0.,-1.));
#6239 = FACE_BOUND('',#6240,.T.);
#6240 = EDGE_LOOP('',(#6241));
#6241 = ORIENTED_EDGE('',*,*,#6242,.T.);
#6242 = EDGE_CURVE('',#6243,#6243,#6245,.T.);
#6243 = VERTEX_POINT('',#6244);
#6244 = CARTESIAN_POINT('',(12.,9.6,6.62));
#6245 = CIRCLE('',#6246,0.48);
#6246 = AXIS2_PLACEMENT_3D('',#6247,#6248,#6249);
#6247 = CARTESIAN_POINT('',(12.,9.6,7.1));
#6248 = DIRECTION('',(-1.,0.,0.));
#6249 = DIRECTION('',(0.,0.,-1.));
#6250 = FACE_BOUND('',#6251,.T.);
#6251 = EDGE_LOOP('',(#6252));
#6252 = ORIENTED_EDGE('',*,*,#6253,.T.);
#6253 = EDGE_CURVE('',#6254,#6254,#6256,.T.);
#6254 = VERTEX_POINT('',#6255);
#6255 = CARTESIAN_POINT('',(12.,2.4,2.52));
#6256 = CIRCLE('',#6257,0.48);
#6257 = AXIS2_PLACEMENT_3D('',#6258,#6259,#6260);
#6258 = CARTESIAN_POINT('',(12.,2.4,3.));
#6259 = DIRECTION('',(-1.,0.,0.));
#6260 = DIRECTION('',(0.,0.,-1.));
#6261 = FACE_BOUND('',#6262,.T.);
#6262 = EDGE_LOOP('',(#6263));
#6263 = ORIENTED_EDGE('',*,*,#6264,.T.);
#6264 = EDGE_CURVE('',#6265,#6265,#6267,.T.);
#6265 = VERTEX_POINT('',#6266);
#6266 = CARTESIAN_POINT('',(12.,4.7,6.62));
#6267 = CIRCLE('',#6268,0.48);
#6268 = AXIS2_PLACEMENT_3D('',#6269,#6270,#6271);
#6269 = CARTESIAN_POINT('',(12.,4.7,7.1));
#6270 = DIRECTION('',(-1.,0.,0.));
#6271 = DIRECTION('',(0.,0.,-1.));
#6272 = PLANE('',#6273);
#6273 = AXIS2_PLACEMENT_3D('',#6274,#6275,#6276);
#6274 = CARTESIAN_POINT('',(12.,0.,0.));
#6275 = DIRECTION('',(1.,0.,-0.));
#6276 = DIRECTION('',(0.,0.,1.));
#6277 = ADVANCED_FACE('',(#6278),#6283,.T.);
#6278 = FACE_BOUND('',#6279,.T.);
#6279 = EDGE_LOOP('',(#6280,#6281,#6282));
#6280 = ORIENTED_EDGE('',*,*,#6102,.F.);
#6281 = ORIENTED_EDGE('',*,*,#6078,.T.);
#6282 = ORIENTED_EDGE('',*,*,#6180,.F.);
#6283 = SPHERICAL_SURFACE('',#6284,0.18);
#6284 = AXIS2_PLACEMENT_3D('',#6285,#6286,#6287);
#6285 = CARTESIAN_POINT('',(11.82,12.32,0.18));
#6286 = DIRECTION('',(0.,0.,1.));
#6287 = DIRECTION('',(1.,0.,-0.));
#6288 = ADVANCED_FACE('',(#6289),#6294,.T.);
#6289 = FACE_BOUND('',#6290,.T.);
#6290 = EDGE_LOOP('',(#6291,#6292,#6293));
#6291 = ORIENTED_EDGE('',*,*,#6188,.F.);
#6292 = ORIENTED_EDGE('',*,*,#6127,.T.);
#6293 = ORIENTED_EDGE('',*,*,#6151,.F.);
#6294 = SPHERICAL_SURFACE('',#6295,0.18);
#6295 = AXIS2_PLACEMENT_3D('',#6296,#6297,#6298);
#6296 = CARTESIAN_POINT('',(11.82,12.32,10.42));
#6297 = DIRECTION('',(0.,-1.,-0.));
#6298 = DIRECTION('',(1.,0.,0.));
#6299 = ADVANCED_FACE('',(#6300),#6319,.F.);
#6300 = FACE_BOUND('',#6301,.F.);
#6301 = EDGE_LOOP('',(#6302,#6310,#6317,#6318));
#6302 = ORIENTED_EDGE('',*,*,#6303,.T.);
#6303 = EDGE_CURVE('',#6232,#6304,#6306,.T.);
#6304 = VERTEX_POINT('',#6305);
#6305 = CARTESIAN_POINT('',(11.73,7.3,2.52));
#6306 = LINE('',#6307,#6308);
#6307 = CARTESIAN_POINT('',(12.05,7.3,2.52));
#6308 = VECTOR('',#6309,1.);
#6309 = DIRECTION('',(-1.,0.,0.));
#6310 = ORIENTED_EDGE('',*,*,#6311,.F.);
#6311 = EDGE_CURVE('',#6304,#6304,#6312,.T.);
#6312 = CIRCLE('',#6313,0.48);
#6313 = AXIS2_PLACEMENT_3D('',#6314,#6315,#6316);
#6314 = CARTESIAN_POINT('',(11.73,7.3,3.));
#6315 = DIRECTION('',(-1.,0.,0.));
#6316 = DIRECTION('',(0.,0.,-1.));
#6317 = ORIENTED_EDGE('',*,*,#6303,.F.);
#6318 = ORIENTED_EDGE('',*,*,#6231,.T.);
#6319 = CYLINDRICAL_SURFACE('',#6320,0.48);
#6320 = AXIS2_PLACEMENT_3D('',#6321,#6322,#6323);
#6321 = CARTESIAN_POINT('',(12.05,7.3,3.));
#6322 = DIRECTION('',(-1.,0.,0.));
#6323 = DIRECTION('',(0.,0.,-1.));
#6324 = ADVANCED_FACE('',(#6325),#6344,.F.);
#6325 = FACE_BOUND('',#6326,.F.);
#6326 = EDGE_LOOP('',(#6327,#6335,#6342,#6343));
#6327 = ORIENTED_EDGE('',*,*,#6328,.T.);
#6328 = EDGE_CURVE('',#6243,#6329,#6331,.T.);
#6329 = VERTEX_POINT('',#6330);
#6330 = CARTESIAN_POINT('',(11.73,9.6,6.62));
#6331 = LINE('',#6332,#6333);
#6332 = CARTESIAN_POINT('',(12.05,9.6,6.62));
#6333 = VECTOR('',#6334,1.);
#6334 = DIRECTION('',(-1.,0.,0.));
#6335 = ORIENTED_EDGE('',*,*,#6336,.F.);
#6336 = EDGE_CURVE('',#6329,#6329,#6337,.T.);
#6337 = CIRCLE('',#6338,0.48);
#6338 = AXIS2_PLACEMENT_3D('',#6339,#6340,#6341);
#6339 = CARTESIAN_POINT('',(11.73,9.6,7.1));
#6340 = DIRECTION('',(-1.,0.,0.));
#6341 = DIRECTION('',(0.,0.,-1.));
#6342 = ORIENTED_EDGE('',*,*,#6328,.F.);
#6343 = ORIENTED_EDGE('',*,*,#6242,.T.);
#6344 = CYLINDRICAL_SURFACE('',#6345,0.48);
#6345 = AXIS2_PLACEMENT_3D('',#6346,#6347,#6348);
#6346 = CARTESIAN_POINT('',(12.05,9.6,7.1));
#6347 = DIRECTION('',(-1.,0.,0.));
#6348 = DIRECTION('',(0.,0.,-1.));
#6349 = ADVANCED_FACE('',(#6350),#6369,.F.);
#6350 = FACE_BOUND('',#6351,.F.);
#6351 = EDGE_LOOP('',(#6352,#6360,#6367,#6368));
#6352 = ORIENTED_EDGE('',*,*,#6353,.T.);
#6353 = EDGE_CURVE('',#6254,#6354,#6356,.T.);
#6354 = VERTEX_POINT('',#6355);
#6355 = CARTESIAN_POINT('',(11.73,2.4,2.52));
#6356 = LINE('',#6357,#6358);
#6357 = CARTESIAN_POINT('',(12.05,2.4,2.52));
#6358 = VECTOR('',#6359,1.);
#6359 = DIRECTION('',(-1.,0.,0.));
#6360 = ORIENTED_EDGE('',*,*,#6361,.F.);
#6361 = EDGE_CURVE('',#6354,#6354,#6362,.T.);
#6362 = CIRCLE('',#6363,0.48);
#6363 = AXIS2_PLACEMENT_3D('',#6364,#6365,#6366);
#6364 = CARTESIAN_POINT('',(11.73,2.4,3.));
#6365 = DIRECTION('',(-1.,0.,0.));
#6366 = DIRECTION('',(0.,0.,-1.));
#6367 = ORIENTED_EDGE('',*,*,#6353,.F.);
#6368 = ORIENTED_EDGE('',*,*,#6253,.T.);
#6369 = CYLINDRICAL_SURFACE('',#6370,0.48);
#6370 = AXIS2_PLACEMENT_3D('',#6371,#6372,#6373);
#6371 = CARTESIAN_POINT('',(12.05,2.4,3.));
#6372 = DIRECTION('',(-1.,0.,0.));
#6373 = DIRECTION('',(0.,0.,-1.));
#6374 = ADVANCED_FACE('',(#6375),#6394,.F.);
#6375 = FACE_BOUND('',#6376,.F.);
#6376 = EDGE_LOOP('',(#6377,#6385,#6392,#6393));
#6377 = ORIENTED_EDGE('',*,*,#6378,.T.);
#6378 = EDGE_CURVE('',#6265,#6379,#6381,.T.);
#6379 = VERTEX_POINT('',#6380);
#6380 = CARTESIAN_POINT('',(11.73,4.7,6.62));
#6381 = LINE('',#6382,#6383);
#6382 = CARTESIAN_POINT('',(12.05,4.7,6.62));
#6383 = VECTOR('',#6384,1.);
#6384 = DIRECTION('',(-1.,0.,0.));
#6385 = ORIENTED_EDGE('',*,*,#6386,.F.);
#6386 = EDGE_CURVE('',#6379,#6379,#6387,.T.);
#6387 = CIRCLE('',#6388,0.48);
#6388 = AXIS2_PLACEMENT_3D('',#6389,#6390,#6391);
#6389 = CARTESIAN_POINT('',(11.73,4.7,7.1));
#6390 = DIRECTION('',(-1.,0.,0.));
#6391 = DIRECTION('',(0.,0.,-1.));
#6392 = ORIENTED_EDGE('',*,*,#6378,.F.);
#6393 = ORIENTED_EDGE('',*,*,#6264,.T.);
#6394 = CYLINDRICAL_SURFACE('',#6395,0.48);
#6395 = AXIS2_PLACEMENT_3D('',#6396,#6397,#6398);
#6396 = CARTESIAN_POINT('',(12.05,4.7,7.1));
#6397 = DIRECTION('',(-1.,0.,0.));
#6398 = DIRECTION('',(0.,0.,-1.));
#6399 = ADVANCED_FACE('',(#6400),#6403,.F.);
#6400 = FACE_BOUND('',#6401,.F.);
#6401 = EDGE_LOOP('',(#6402));
#6402 = ORIENTED_EDGE('',*,*,#6311,.T.);
#6403 = PLANE('',#6404);
#6404 = AXIS2_PLACEMENT_3D('',#6405,#6406,#6407);
#6405 = CARTESIAN_POINT('',(11.73,7.3,3.));
#6406 = DIRECTION('',(-1.,0.,0.));
#6407 = DIRECTION('',(0.,0.,-1.));
#6408 = ADVANCED_FACE('',(#6409),#6412,.F.);
#6409 = FACE_BOUND('',#6410,.F.);
#6410 = EDGE_LOOP('',(#6411));
#6411 = ORIENTED_EDGE('',*,*,#6336,.T.);
#6412 = PLANE('',#6413);
#6413 = AXIS2_PLACEMENT_3D('',#6414,#6415,#6416);
#6414 = CARTESIAN_POINT('',(11.73,9.6,7.1));
#6415 = DIRECTION('',(-1.,0.,0.));
#6416 = DIRECTION('',(0.,0.,-1.));
#6417 = ADVANCED_FACE('',(#6418),#6421,.F.);
#6418 = FACE_BOUND('',#6419,.F.);
#6419 = EDGE_LOOP('',(#6420));
#6420 = ORIENTED_EDGE('',*,*,#6361,.T.);
#6421 = PLANE('',#6422);
#6422 = AXIS2_PLACEMENT_3D('',#6423,#6424,#6425);
#6423 = CARTESIAN_POINT('',(11.73,2.4,3.));
#6424 = DIRECTION('',(-1.,0.,0.));
#6425 = DIRECTION('',(0.,0.,-1.));
#6426 = ADVANCED_FACE('',(#6427),#6430,.F.);
#6427 = FACE_BOUND('',#6428,.F.);
#6428 = EDGE_LOOP('',(#6429));
#6429 = ORIENTED_EDGE('',*,*,#6386,.T.);
#6430 = PLANE('',#6431);
#6431 = AXIS2_PLACEMENT_3D('',#6432,#6433,#6434);
#6432 = CARTESIAN_POINT('',(11.73,4.7,7.1));
#6433 = DIRECTION('',(-1.,0.,0.));
#6434 = DIRECTION('',(0.,0.,-1.));
#6435 = ( GEOMETRIC_REPRESENTATION_CONTEXT(3) 
GLOBAL_UNCERTAINTY_ASSIGNED_CONTEXT((#6439)) 
GLOBAL_UNIT_ASSIGNED_CONTEXT((#6436,#6437,#6438)) REPRESENTATION_CONTEXT
('Context #1','3D Context with UNIT and UNCERTAINTY') );
#6436 = ( LENGTH_UNIT() NAMED_UNIT(*) SI_UNIT(.MILLI.,.METRE.) );
#6437 = ( NAMED_UNIT(*) PLANE_ANGLE_UNIT() SI_UNIT($,.RADIAN.) );
#6438 = ( NAMED_UNIT(*) SI_UNIT($,.STERADIAN.) SOLID_ANGLE_UNIT() );
#6439 = UNCERTAINTY_MEASURE_WITH_UNIT(LENGTH_MEASURE(1.E-07),#6436,
  'distance_accuracy_value','confusion accuracy');
#6440 = CONTEXT_DEPENDENT_SHAPE_REPRESENTATION(#6441,#6443);
#6441 = ( REPRESENTATION_RELATIONSHIP('','',#5636,#10) 
REPRESENTATION_RELATIONSHIP_WITH_TRANSFORMATION(#6442) 
SHAPE_REPRESENTATION_RELATIONSHIP() );
#6442 = ITEM_DEFINED_TRANSFORMATION('','',#11,#63);
#6443 = PRODUCT_DEFINITION_SHAPE('Placement','Placement of an item',
  #6444);
#6444 = NEXT_ASSEMBLY_USAGE_OCCURRENCE('13','1.5 mm Side Cover','',#5,
  #5631,$);
#6445 = PRODUCT_RELATED_PRODUCT_CATEGORY('part',$,(#5633));
#6446 = MECHANICAL_DESIGN_GEOMETRIC_PRESENTATION_REPRESENTATION('',(
    #6447),#5449);
#6447 = STYLED_ITEM('color',(#6448),#5299);
#6448 = PRESENTATION_STYLE_ASSIGNMENT((#6449,#6455));
#6449 = SURFACE_STYLE_USAGE(.BOTH.,#6450);
#6450 = SURFACE_SIDE_STYLE('',(#6451));
#6451 = SURFACE_STYLE_FILL_AREA(#6452);
#6452 = FILL_AREA_STYLE('',(#6453));
#6453 = FILL_AREA_STYLE_COLOUR('',#6454);
#6454 = COLOUR_RGB('',0.752941202324,0.752941202324,0.752941202324);
#6455 = CURVE_STYLE('',#6456,POSITIVE_LENGTH_MEASURE(0.1),#6457);
#6456 = DRAUGHTING_PRE_DEFINED_CURVE_FONT('continuous');
#6457 = COLOUR_RGB('',0.414117625119,0.414117625119,0.414117625119);
#6458 = MECHANICAL_DESIGN_GEOMETRIC_PRESENTATION_REPRESENTATION('',(
    #6459),#2034);
#6459 = STYLED_ITEM('color',(#6460),#1884);
#6460 = PRESENTATION_STYLE_ASSIGNMENT((#6461,#6466));
#6461 = SURFACE_STYLE_USAGE(.BOTH.,#6462);
#6462 = SURFACE_SIDE_STYLE('',(#6463));
#6463 = SURFACE_STYLE_FILL_AREA(#6464);
#6464 = FILL_AREA_STYLE('',(#6465));
#6465 = FILL_AREA_STYLE_COLOUR('',#6454);
#6466 = CURVE_STYLE('',#6467,POSITIVE_LENGTH_MEASURE(0.1),#6457);
#6467 = DRAUGHTING_PRE_DEFINED_CURVE_FONT('continuous');
#6468 = MECHANICAL_DESIGN_GEOMETRIC_PRESENTATION_REPRESENTATION('',(
    #6469),#1696);
#6469 = STYLED_ITEM('color',(#6470),#1326);
#6470 = PRESENTATION_STYLE_ASSIGNMENT((#6471,#6477));
#6471 = SURFACE_STYLE_USAGE(.BOTH.,#6472);
#6472 = SURFACE_SIDE_STYLE('',(#6473));
#6473 = SURFACE_STYLE_FILL_AREA(#6474);
#6474 = FILL_AREA_STYLE('',(#6475));
#6475 = FILL_AREA_STYLE_COLOUR('',#6476);
#6476 = COLOUR_RGB('',0.125490201081,0.125490201081,0.125490201081);
#6477 = CURVE_STYLE('',#6478,POSITIVE_LENGTH_MEASURE(0.1),#6479);
#6478 = DRAUGHTING_PRE_DEFINED_CURVE_FONT('continuous');
#6479 = COLOUR_RGB('',6.90196081359E-02,6.90196081359E-02,
  6.90196081359E-02);
#6480 = MECHANICAL_DESIGN_GEOMETRIC_PRESENTATION_REPRESENTATION('',(
    #6481),#3657);
#6481 = STYLED_ITEM('color',(#6482),#3507);
#6482 = PRESENTATION_STYLE_ASSIGNMENT((#6483,#6488));
#6483 = SURFACE_STYLE_USAGE(.BOTH.,#6484);
#6484 = SURFACE_SIDE_STYLE('',(#6485));
#6485 = SURFACE_STYLE_FILL_AREA(#6486);
#6486 = FILL_AREA_STYLE('',(#6487));
#6487 = FILL_AREA_STYLE_COLOUR('',#6454);
#6488 = CURVE_STYLE('',#6489,POSITIVE_LENGTH_MEASURE(0.1),#6457);
#6489 = DRAUGHTING_PRE_DEFINED_CURVE_FONT('continuous');
#6490 = MECHANICAL_DESIGN_GEOMETRIC_PRESENTATION_REPRESENTATION('',(
    #6491),#5618);
#6491 = STYLED_ITEM('color',(#6492),#5468);
#6492 = PRESENTATION_STYLE_ASSIGNMENT((#6493,#6498));
#6493 = SURFACE_STYLE_USAGE(.BOTH.,#6494);
#6494 = SURFACE_SIDE_STYLE('',(#6495));
#6495 = SURFACE_STYLE_FILL_AREA(#6496);
#6496 = FILL_AREA_STYLE('',(#6497));
#6497 = FILL_AREA_STYLE_COLOUR('',#6454);
#6498 = CURVE_STYLE('',#6499,POSITIVE_LENGTH_MEASURE(0.1),#6457);
#6499 = DRAUGHTING_PRE_DEFINED_CURVE_FONT('continuous');
#6500 = MECHANICAL_DESIGN_GEOMETRIC_PRESENTATION_REPRESENTATION('',(
    #6501),#4891);
#6501 = STYLED_ITEM('color',(#6502),#3845);
#6502 = PRESENTATION_STYLE_ASSIGNMENT((#6503,#6508));
#6503 = SURFACE_STYLE_USAGE(.BOTH.,#6504);
#6504 = SURFACE_SIDE_STYLE('',(#6505));
#6505 = SURFACE_STYLE_FILL_AREA(#6506);
#6506 = FILL_AREA_STYLE('',(#6507));
#6507 = FILL_AREA_STYLE_COLOUR('',#6476);
#6508 = CURVE_STYLE('',#6509,POSITIVE_LENGTH_MEASURE(0.1),#6479);
#6509 = DRAUGHTING_PRE_DEFINED_CURVE_FONT('continuous');
#6510 = MECHANICAL_DESIGN_GEOMETRIC_PRESENTATION_REPRESENTATION('',(
    #6511),#6435);
#6511 = STYLED_ITEM('color',(#6512),#5637);
#6512 = PRESENTATION_STYLE_ASSIGNMENT((#6513,#6518));
#6513 = SURFACE_STYLE_USAGE(.BOTH.,#6514);
#6514 = SURFACE_SIDE_STYLE('',(#6515));
#6515 = SURFACE_STYLE_FILL_AREA(#6516);
#6516 = FILL_AREA_STYLE('',(#6517));
#6517 = FILL_AREA_STYLE_COLOUR('',#6476);
#6518 = CURVE_STYLE('',#6519,POSITIVE_LENGTH_MEASURE(0.1),#6479);
#6519 = DRAUGHTING_PRE_DEFINED_CURVE_FONT('continuous');
#6520 = MECHANICAL_DESIGN_GEOMETRIC_PRESENTATION_REPRESENTATION('',(
    #6521),#3488);
#6521 = STYLED_ITEM('color',(#6522),#3118);
#6522 = PRESENTATION_STYLE_ASSIGNMENT((#6523,#6529));
#6523 = SURFACE_STYLE_USAGE(.BOTH.,#6524);
#6524 = SURFACE_SIDE_STYLE('',(#6525));
#6525 = SURFACE_STYLE_FILL_AREA(#6526);
#6526 = FILL_AREA_STYLE('',(#6527));
#6527 = FILL_AREA_STYLE_COLOUR('',#6528);
#6528 = COLOUR_RGB('',8.235294228292E-02,0.396078428884,0.752941202324);
#6529 = CURVE_STYLE('',#6530,POSITIVE_LENGTH_MEASURE(0.1),#6531);
#6530 = DRAUGHTING_PRE_DEFINED_CURVE_FONT('continuous');
#6531 = COLOUR_RGB('',4.529411587674E-02,0.217843133791,0.414117625119);
#6532 = MECHANICAL_DESIGN_GEOMETRIC_PRESENTATION_REPRESENTATION('',(
    #6533),#1865);
#6533 = STYLED_ITEM('color',(#6534),#1715);
#6534 = PRESENTATION_STYLE_ASSIGNMENT((#6535,#6540));
#6535 = SURFACE_STYLE_USAGE(.BOTH.,#6536);
#6536 = SURFACE_SIDE_STYLE('',(#6537));
#6537 = SURFACE_STYLE_FILL_AREA(#6538);
#6538 = FILL_AREA_STYLE('',(#6539));
#6539 = FILL_AREA_STYLE_COLOUR('',#6454);
#6540 = CURVE_STYLE('',#6541,POSITIVE_LENGTH_MEASURE(0.1),#6457);
#6541 = DRAUGHTING_PRE_DEFINED_CURVE_FONT('continuous');
#6542 = MECHANICAL_DESIGN_GEOMETRIC_PRESENTATION_REPRESENTATION('',(
    #6543),#1307);
#6543 = STYLED_ITEM('color',(#6544),#81);
#6544 = PRESENTATION_STYLE_ASSIGNMENT((#6545,#6550));
#6545 = SURFACE_STYLE_USAGE(.BOTH.,#6546);
#6546 = SURFACE_SIDE_STYLE('',(#6547));
#6547 = SURFACE_STYLE_FILL_AREA(#6548);
#6548 = FILL_AREA_STYLE('',(#6549));
#6549 = FILL_AREA_STYLE_COLOUR('',#6476);
#6550 = CURVE_STYLE('',#6551,POSITIVE_LENGTH_MEASURE(0.1),#6479);
#6551 = DRAUGHTING_PRE_DEFINED_CURVE_FONT('continuous');
#6552 = MECHANICAL_DESIGN_GEOMETRIC_PRESENTATION_REPRESENTATION('',(
    #6553),#3099);
#6553 = STYLED_ITEM('color',(#6554),#2053);
#6554 = PRESENTATION_STYLE_ASSIGNMENT((#6555,#6560));
#6555 = SURFACE_STYLE_USAGE(.BOTH.,#6556);
#6556 = SURFACE_SIDE_STYLE('',(#6557));
#6557 = SURFACE_STYLE_FILL_AREA(#6558);
#6558 = FILL_AREA_STYLE('',(#6559));
#6559 = FILL_AREA_STYLE_COLOUR('',#6476);
#6560 = CURVE_STYLE('',#6561,POSITIVE_LENGTH_MEASURE(0.1),#6479);
#6561 = DRAUGHTING_PRE_DEFINED_CURVE_FONT('continuous');
#6562 = MECHANICAL_DESIGN_GEOMETRIC_PRESENTATION_REPRESENTATION('',(
    #6563),#5280);
#6563 = STYLED_ITEM('color',(#6564),#4910);
#6564 = PRESENTATION_STYLE_ASSIGNMENT((#6565,#6571));
#6565 = SURFACE_STYLE_USAGE(.BOTH.,#6566);
#6566 = SURFACE_SIDE_STYLE('',(#6567));
#6567 = SURFACE_STYLE_FILL_AREA(#6568);
#6568 = FILL_AREA_STYLE('',(#6569));
#6569 = FILL_AREA_STYLE_COLOUR('',#6570);
#6570 = COLOUR_RGB('',0.180392163476,0.5450980686,0.341176475329);
#6571 = CURVE_STYLE('',#6572,POSITIVE_LENGTH_MEASURE(0.1),#6573);
#6572 = DRAUGHTING_PRE_DEFINED_CURVE_FONT('continuous');
#6573 = COLOUR_RGB('',9.921568927682E-02,0.299803911223,0.18764706075);
#6574 = MECHANICAL_DESIGN_GEOMETRIC_PRESENTATION_REPRESENTATION('',(
    #6575),#3826);
#6575 = STYLED_ITEM('color',(#6576),#3676);
#6576 = PRESENTATION_STYLE_ASSIGNMENT((#6577,#6582));
#6577 = SURFACE_STYLE_USAGE(.BOTH.,#6578);
#6578 = SURFACE_SIDE_STYLE('',(#6579));
#6579 = SURFACE_STYLE_FILL_AREA(#6580);
#6580 = FILL_AREA_STYLE('',(#6581));
#6581 = FILL_AREA_STYLE_COLOUR('',#6454);
#6582 = CURVE_STYLE('',#6583,POSITIVE_LENGTH_MEASURE(0.1),#6457);
#6583 = DRAUGHTING_PRE_DEFINED_CURVE_FONT('continuous');
ENDSEC;
END-ISO-10303-21;
