ISO-10303-21;
HEADER;
FILE_DESCRIPTION(('FreeCAD Model'),'2;1');
FILE_NAME('Open CASCADE Shape Model','2026-07-13T09:10:06',(''),(''),
  'Open CASCADE STEP processor 7.8','FreeCAD','Unknown');
FILE_SCHEMA(('AUTOMOTIVE_DESIGN { 1 0 10303 214 1 1 1 1 }'));
ENDSEC;
DATA;
#1 = APPLICATION_PROTOCOL_DEFINITION('international standard',
  'automotive_design',2000,#2);
#2 = APPLICATION_CONTEXT(
  'core data for automotive mechanical design processes');
#3 = SHAPE_DEFINITION_REPRESENTATION(#4,#10);
#4 = PRODUCT_DEFINITION_SHAPE('','',#5);
#5 = PRODUCT_DEFINITION('design','',#6,#9);
#6 = PRODUCT_DEFINITION_FORMATION('','',#7);
#7 = PRODUCT('DA803_350_3P_black_blue_green',
  'DA803_350_3P_black_blue_green','',(#8));
#8 = PRODUCT_CONTEXT('',#2,'mechanical');
#9 = PRODUCT_DEFINITION_CONTEXT('part definition',#2,'design');
#10 = SHAPE_REPRESENTATION('',(#11,#15,#19,#23,#27,#31,#35,#39,#43,#47,
    #51,#55,#59,#63),#67);
#11 = AXIS2_PLACEMENT_3D('',#12,#13,#14);
#12 = CARTESIAN_POINT('',(0.,0.,0.));
#13 = DIRECTION('',(0.,0.,1.));
#14 = DIRECTION('',(1.,0.,-0.));
#15 = AXIS2_PLACEMENT_3D('',#16,#17,#18);
#16 = CARTESIAN_POINT('',(0.,0.,0.));
#17 = DIRECTION('',(0.,0.,1.));
#18 = DIRECTION('',(1.,0.,0.));
#19 = AXIS2_PLACEMENT_3D('',#20,#21,#22);
#20 = CARTESIAN_POINT('',(0.,0.,0.));
#21 = DIRECTION('',(0.,0.,1.));
#22 = DIRECTION('',(1.,0.,0.));
#23 = AXIS2_PLACEMENT_3D('',#24,#25,#26);
#24 = CARTESIAN_POINT('',(0.,0.,0.));
#25 = DIRECTION('',(0.,0.,1.));
#26 = DIRECTION('',(1.,0.,0.));
#27 = AXIS2_PLACEMENT_3D('',#28,#29,#30);
#28 = CARTESIAN_POINT('',(0.,0.,0.));
#29 = DIRECTION('',(0.,0.,1.));
#30 = DIRECTION('',(1.,0.,0.));
#31 = AXIS2_PLACEMENT_3D('',#32,#33,#34);
#32 = CARTESIAN_POINT('',(0.,0.,0.));
#33 = DIRECTION('',(0.,0.,1.));
#34 = DIRECTION('',(1.,0.,0.));
#35 = AXIS2_PLACEMENT_3D('',#36,#37,#38);
#36 = CARTESIAN_POINT('',(0.,0.,0.));
#37 = DIRECTION('',(0.,0.,1.));
#38 = DIRECTION('',(1.,0.,0.));
#39 = AXIS2_PLACEMENT_3D('',#40,#41,#42);
#40 = CARTESIAN_POINT('',(0.,0.,0.));
#41 = DIRECTION('',(0.,0.,1.));
#42 = DIRECTION('',(1.,0.,0.));
#43 = AXIS2_PLACEMENT_3D('',#44,#45,#46);
#44 = CARTESIAN_POINT('',(0.,0.,0.));
#45 = DIRECTION('',(0.,0.,1.));
#46 = DIRECTION('',(1.,0.,0.));
#47 = AXIS2_PLACEMENT_3D('',#48,#49,#50);
#48 = CARTESIAN_POINT('',(0.,0.,0.));
#49 = DIRECTION('',(0.,0.,1.));
#50 = DIRECTION('',(1.,0.,0.));
#51 = AXIS2_PLACEMENT_3D('',#52,#53,#54);
#52 = CARTESIAN_POINT('',(0.,0.,0.));
#53 = DIRECTION('',(0.,0.,1.));
#54 = DIRECTION('',(1.,0.,0.));
#55 = AXIS2_PLACEMENT_3D('',#56,#57,#58);
#56 = CARTESIAN_POINT('',(0.,0.,0.));
#57 = DIRECTION('',(0.,0.,1.));
#58 = DIRECTION('',(1.,0.,0.));
#59 = AXIS2_PLACEMENT_3D('',#60,#61,#62);
#60 = CARTESIAN_POINT('',(0.,0.,0.));
#61 = DIRECTION('',(0.,0.,1.));
#62 = DIRECTION('',(1.,0.,0.));
#63 = AXIS2_PLACEMENT_3D('',#64,#65,#66);
#64 = CARTESIAN_POINT('',(0.,0.,0.));
#65 = DIRECTION('',(0.,0.,1.));
#66 = DIRECTION('',(1.,0.,0.));
#67 = ( GEOMETRIC_REPRESENTATION_CONTEXT(3)
GLOBAL_UNCERTAINTY_ASSIGNED_CONTEXT((#71)) GLOBAL_UNIT_ASSIGNED_CONTEXT(
(#68,#69,#70)) REPRESENTATION_CONTEXT('Context #1',
  '3D Context with UNIT and UNCERTAINTY') );
#68 = ( LENGTH_UNIT() NAMED_UNIT(*) SI_UNIT(.MILLI.,.METRE.) );
#69 = ( NAMED_UNIT(*) PLANE_ANGLE_UNIT() SI_UNIT($,.RADIAN.) );
#70 = ( NAMED_UNIT(*) SI_UNIT($,.STERADIAN.) SOLID_ANGLE_UNIT() );
#71 = UNCERTAINTY_MEASURE_WITH_UNIT(LENGTH_MEASURE(1.E-07),#68,
  'distance_accuracy_value','confusion accuracy');
#72 = PRODUCT_RELATED_PRODUCT_CATEGORY('part',$,(#7));
#73 = SHAPE_DEFINITION_REPRESENTATION(#74,#80);
#74 = PRODUCT_DEFINITION_SHAPE('','',#75);
#75 = PRODUCT_DEFINITION('design','',#76,#79);
#76 = PRODUCT_DEFINITION_FORMATION('','',#77);
#77 = PRODUCT('Housing P1','Housing P1','',(#78));
#78 = PRODUCT_CONTEXT('',#2,'mechanical');
#79 = PRODUCT_DEFINITION_CONTEXT('part definition',#2,'design');
#80 = ADVANCED_BREP_SHAPE_REPRESENTATION('',(#11,#81),#1436);
#81 = MANIFOLD_SOLID_BREP('',#82);
#82 = CLOSED_SHELL('',(#83,#131,#164,#255,#280,#313,#346,#447,#464,#489,
    #521,#546,#586,#618,#642,#667,#684,#701,#732,#763,#781,#812,#837,
    #868,#892,#923,#940,#964,#982,#999,#1011,#1028,#1040,#1058,#1069,
    #1118,#1149,#1180,#1213,#1244,#1284,#1315,#1331,#1377,#1408,#1422));
#83 = ADVANCED_FACE('',(#84),#126,.F.);
#84 = FACE_BOUND('',#85,.F.);
#85 = EDGE_LOOP('',(#86,#96,#104,#112,#120));
#86 = ORIENTED_EDGE('',*,*,#87,.F.);
#87 = EDGE_CURVE('',#88,#90,#92,.T.);
#88 = VERTEX_POINT('',#89);
#89 = CARTESIAN_POINT('',(7.,0.3,0.3));
#90 = VERTEX_POINT('',#91);
#91 = CARTESIAN_POINT('',(7.,0.3,9.086363636364));
#92 = LINE('',#93,#94);
#93 = CARTESIAN_POINT('',(7.,0.3,0.));
#94 = VECTOR('',#95,1.);
#95 = DIRECTION('',(0.,0.,1.));
#96 = ORIENTED_EDGE('',*,*,#97,.T.);
#97 = EDGE_CURVE('',#88,#98,#100,.T.);
#98 = VERTEX_POINT('',#99);
#99 = CARTESIAN_POINT('',(7.,12.2,0.3));
#100 = LINE('',#101,#102);
#101 = CARTESIAN_POINT('',(7.,0.,0.3));
#102 = VECTOR('',#103,1.);
#103 = DIRECTION('',(-0.,1.,0.));
#104 = ORIENTED_EDGE('',*,*,#105,.T.);
#105 = EDGE_CURVE('',#98,#106,#108,.T.);
#106 = VERTEX_POINT('',#107);
#107 = CARTESIAN_POINT('',(7.,12.2,10.3));
#108 = LINE('',#109,#110);
#109 = CARTESIAN_POINT('',(7.,12.2,0.));
#110 = VECTOR('',#111,1.);
#111 = DIRECTION('',(0.,0.,1.));
#112 = ORIENTED_EDGE('',*,*,#113,.F.);
#113 = EDGE_CURVE('',#114,#106,#116,.T.);
#114 = VERTEX_POINT('',#115);
#115 = CARTESIAN_POINT('',(7.,1.743243243243,10.3));
#116 = LINE('',#117,#118);
#117 = CARTESIAN_POINT('',(7.,0.,10.3));
#118 = VECTOR('',#119,1.);
#119 = DIRECTION('',(-0.,1.,0.));
#120 = ORIENTED_EDGE('',*,*,#121,.F.);
#121 = EDGE_CURVE('',#90,#114,#122,.T.);
#122 = LINE('',#123,#124);
#123 = CARTESIAN_POINT('',(7.,-1.125779122542,7.88741301059));
#124 = VECTOR('',#125,1.);
#125 = DIRECTION('',(0.,0.765362085905,0.643599935875));
#126 = PLANE('',#127);
#127 = AXIS2_PLACEMENT_3D('',#128,#129,#130);
#128 = CARTESIAN_POINT('',(7.,0.,0.));
#129 = DIRECTION('',(1.,0.,-0.));
#130 = DIRECTION('',(0.,0.,1.));
#131 = ADVANCED_FACE('',(#132),#159,.T.);
#132 = FACE_BOUND('',#133,.T.);
#133 = EDGE_LOOP('',(#134,#135,#144,#152));
#134 = ORIENTED_EDGE('',*,*,#87,.F.);
#135 = ORIENTED_EDGE('',*,*,#136,.T.);
#136 = EDGE_CURVE('',#88,#137,#139,.T.);
#137 = VERTEX_POINT('',#138);
#138 = CARTESIAN_POINT('',(7.3,-5.551115123126E-17,0.3));
#139 = CIRCLE('',#140,0.3);
#140 = AXIS2_PLACEMENT_3D('',#141,#142,#143);
#141 = CARTESIAN_POINT('',(7.3,0.3,0.3));
#142 = DIRECTION('',(0.,0.,1.));
#143 = DIRECTION('',(-1.,0.,0.));
#144 = ORIENTED_EDGE('',*,*,#145,.T.);
#145 = EDGE_CURVE('',#137,#146,#148,.T.);
#146 = VERTEX_POINT('',#147);
#147 = CARTESIAN_POINT('',(7.3,-5.551115123126E-17,8.834090909091));
#148 = LINE('',#149,#150);
#149 = CARTESIAN_POINT('',(7.3,-5.551115123126E-17,0.));
#150 = VECTOR('',#151,1.);
#151 = DIRECTION('',(0.,0.,1.));
#152 = ORIENTED_EDGE('',*,*,#153,.T.);
#153 = EDGE_CURVE('',#146,#90,#154,.T.);
#154 = ELLIPSE('',#155,0.391971336867,0.3);
#155 = AXIS2_PLACEMENT_3D('',#156,#157,#158);
#156 = CARTESIAN_POINT('',(7.3,0.3,9.086363636364));
#157 = DIRECTION('',(0.,0.643599935875,-0.765362085905));
#158 = DIRECTION('',(0.,0.765362085905,0.643599935875));
#159 = CYLINDRICAL_SURFACE('',#160,0.3);
#160 = AXIS2_PLACEMENT_3D('',#161,#162,#163);
#161 = CARTESIAN_POINT('',(7.3,0.3,0.));
#162 = DIRECTION('',(0.,0.,1.));
#163 = DIRECTION('',(-1.,-0.,0.));
#164 = ADVANCED_FACE('',(#165),#250,.F.);
#165 = FACE_BOUND('',#166,.F.);
#166 = EDGE_LOOP('',(#167,#176,#184,#192,#200,#208,#216,#225,#233,#242,
    #248,#249));
#167 = ORIENTED_EDGE('',*,*,#168,.T.);
#168 = EDGE_CURVE('',#114,#169,#171,.T.);
#169 = VERTEX_POINT('',#170);
#170 = CARTESIAN_POINT('',(7.3,2.1,10.6));
#171 = ELLIPSE('',#172,0.466128076275,0.3);
#172 = AXIS2_PLACEMENT_3D('',#173,#174,#175);
#173 = CARTESIAN_POINT('',(7.3,1.743243243243,10.3));
#174 = DIRECTION('',(0.,0.643599935875,-0.765362085905));
#175 = DIRECTION('',(0.,0.765362085905,0.643599935875));
#176 = ORIENTED_EDGE('',*,*,#177,.T.);
#177 = EDGE_CURVE('',#169,#178,#180,.T.);
#178 = VERTEX_POINT('',#179);
#179 = CARTESIAN_POINT('',(7.34,2.1,10.6));
#180 = LINE('',#181,#182);
#181 = CARTESIAN_POINT('',(6.9,2.1,10.6));
#182 = VECTOR('',#183,1.);
#183 = DIRECTION('',(1.,0.,0.));
#184 = ORIENTED_EDGE('',*,*,#185,.T.);
#185 = EDGE_CURVE('',#178,#186,#188,.T.);
#186 = VERTEX_POINT('',#187);
#187 = CARTESIAN_POINT('',(7.34,0.589585439838,9.329878665319));
#188 = LINE('',#189,#190);
#189 = CARTESIAN_POINT('',(7.34,2.697145719937,11.102145264493));
#190 = VECTOR('',#191,1.);
#191 = DIRECTION('',(0.,-0.765362085905,-0.643599935875));
#192 = ORIENTED_EDGE('',*,*,#193,.T.);
#193 = EDGE_CURVE('',#186,#194,#196,.T.);
#194 = VERTEX_POINT('',#195);
#195 = CARTESIAN_POINT('',(10.16,0.589585439838,9.329878665319));
#196 = LINE('',#197,#198);
#197 = CARTESIAN_POINT('',(7.12,0.589585439838,9.329878665319));
#198 = VECTOR('',#199,1.);
#199 = DIRECTION('',(1.,0.,0.));
#200 = ORIENTED_EDGE('',*,*,#201,.F.);
#201 = EDGE_CURVE('',#202,#194,#204,.T.);
#202 = VERTEX_POINT('',#203);
#203 = CARTESIAN_POINT('',(10.16,2.1,10.6));
#204 = LINE('',#205,#206);
#205 = CARTESIAN_POINT('',(10.16,2.697145719937,11.102145264493));
#206 = VECTOR('',#207,1.);
#207 = DIRECTION('',(0.,-0.765362085905,-0.643599935875));
#208 = ORIENTED_EDGE('',*,*,#209,.T.);
#209 = EDGE_CURVE('',#202,#210,#212,.T.);
#210 = VERTEX_POINT('',#211);
#211 = CARTESIAN_POINT('',(10.2,2.1,10.6));
#212 = LINE('',#213,#214);
#213 = CARTESIAN_POINT('',(6.9,2.1,10.6));
#214 = VECTOR('',#215,1.);
#215 = DIRECTION('',(1.,0.,0.));
#216 = ORIENTED_EDGE('',*,*,#217,.T.);
#217 = EDGE_CURVE('',#210,#218,#220,.T.);
#218 = VERTEX_POINT('',#219);
#219 = CARTESIAN_POINT('',(10.5,1.743243243243,10.3));
#220 = ELLIPSE('',#221,0.466128076275,0.3);
#221 = AXIS2_PLACEMENT_3D('',#222,#223,#224);
#222 = CARTESIAN_POINT('',(10.2,1.743243243243,10.3));
#223 = DIRECTION('',(0.,0.643599935875,-0.765362085905));
#224 = DIRECTION('',(0.,0.765362085905,0.643599935875));
#225 = ORIENTED_EDGE('',*,*,#226,.F.);
#226 = EDGE_CURVE('',#227,#218,#229,.T.);
#227 = VERTEX_POINT('',#228);
#228 = CARTESIAN_POINT('',(10.5,0.3,9.086363636364));
#229 = LINE('',#230,#231);
#230 = CARTESIAN_POINT('',(10.5,-1.125779122542,7.88741301059));
#231 = VECTOR('',#232,1.);
#232 = DIRECTION('',(0.,0.765362085905,0.643599935875));
#233 = ORIENTED_EDGE('',*,*,#234,.T.);
#234 = EDGE_CURVE('',#227,#235,#237,.T.);
#235 = VERTEX_POINT('',#236);
#236 = CARTESIAN_POINT('',(10.2,-5.551115123126E-17,8.834090909091));
#237 = ELLIPSE('',#238,0.391971336867,0.3);
#238 = AXIS2_PLACEMENT_3D('',#239,#240,#241);
#239 = CARTESIAN_POINT('',(10.2,0.3,9.086363636364));
#240 = DIRECTION('',(0.,0.643599935875,-0.765362085905));
#241 = DIRECTION('',(0.,0.765362085905,0.643599935875));
#242 = ORIENTED_EDGE('',*,*,#243,.T.);
#243 = EDGE_CURVE('',#235,#146,#244,.T.);
#244 = LINE('',#245,#246);
#245 = CARTESIAN_POINT('',(6.95,2.22044604925E-16,8.834090909091));
#246 = VECTOR('',#247,1.);
#247 = DIRECTION('',(-1.,0.,-0.));
#248 = ORIENTED_EDGE('',*,*,#153,.T.);
#249 = ORIENTED_EDGE('',*,*,#121,.T.);
#250 = PLANE('',#251);
#251 = AXIS2_PLACEMENT_3D('',#252,#253,#254);
#252 = CARTESIAN_POINT('',(6.9,2.1,10.6));
#253 = DIRECTION('',(0.,0.643599935875,-0.765362085905));
#254 = DIRECTION('',(0.,-0.765362085905,-0.643599935875));
#255 = ADVANCED_FACE('',(#256),#275,.T.);
#256 = FACE_BOUND('',#257,.T.);
#257 = EDGE_LOOP('',(#258,#259,#267,#274));
#258 = ORIENTED_EDGE('',*,*,#168,.T.);
#259 = ORIENTED_EDGE('',*,*,#260,.T.);
#260 = EDGE_CURVE('',#169,#261,#263,.T.);
#261 = VERTEX_POINT('',#262);
#262 = CARTESIAN_POINT('',(7.3,12.2,10.6));
#263 = LINE('',#264,#265);
#264 = CARTESIAN_POINT('',(7.3,0.,10.6));
#265 = VECTOR('',#266,1.);
#266 = DIRECTION('',(-0.,1.,0.));
#267 = ORIENTED_EDGE('',*,*,#268,.F.);
#268 = EDGE_CURVE('',#106,#261,#269,.T.);
#269 = CIRCLE('',#270,0.3);
#270 = AXIS2_PLACEMENT_3D('',#271,#272,#273);
#271 = CARTESIAN_POINT('',(7.3,12.2,10.3));
#272 = DIRECTION('',(-0.,1.,0.));
#273 = DIRECTION('',(-1.,-0.,0.));
#274 = ORIENTED_EDGE('',*,*,#113,.F.);
#275 = CYLINDRICAL_SURFACE('',#276,0.3);
#276 = AXIS2_PLACEMENT_3D('',#277,#278,#279);
#277 = CARTESIAN_POINT('',(7.3,0.,10.3));
#278 = DIRECTION('',(-0.,1.,0.));
#279 = DIRECTION('',(-1.,-0.,0.));
#280 = ADVANCED_FACE('',(#281),#308,.T.);
#281 = FACE_BOUND('',#282,.F.);
#282 = EDGE_LOOP('',(#283,#284,#293,#301));
#283 = ORIENTED_EDGE('',*,*,#105,.F.);
#284 = ORIENTED_EDGE('',*,*,#285,.T.);
#285 = EDGE_CURVE('',#98,#286,#288,.T.);
#286 = VERTEX_POINT('',#287);
#287 = CARTESIAN_POINT('',(7.3,12.5,0.3));
#288 = CIRCLE('',#289,0.3);
#289 = AXIS2_PLACEMENT_3D('',#290,#291,#292);
#290 = CARTESIAN_POINT('',(7.3,12.2,0.3));
#291 = DIRECTION('',(-0.,0.,-1.));
#292 = DIRECTION('',(-1.,0.,0.));
#293 = ORIENTED_EDGE('',*,*,#294,.T.);
#294 = EDGE_CURVE('',#286,#295,#297,.T.);
#295 = VERTEX_POINT('',#296);
#296 = CARTESIAN_POINT('',(7.3,12.5,10.3));
#297 = LINE('',#298,#299);
#298 = CARTESIAN_POINT('',(7.3,12.5,0.));
#299 = VECTOR('',#300,1.);
#300 = DIRECTION('',(0.,0.,1.));
#301 = ORIENTED_EDGE('',*,*,#302,.T.);
#302 = EDGE_CURVE('',#295,#106,#303,.T.);
#303 = CIRCLE('',#304,0.3);
#304 = AXIS2_PLACEMENT_3D('',#305,#306,#307);
#305 = CARTESIAN_POINT('',(7.3,12.2,10.3));
#306 = DIRECTION('',(0.,0.,1.));
#307 = DIRECTION('',(-1.,-0.,0.));
#308 = CYLINDRICAL_SURFACE('',#309,0.3);
#309 = AXIS2_PLACEMENT_3D('',#310,#311,#312);
#310 = CARTESIAN_POINT('',(7.3,12.2,0.));
#311 = DIRECTION('',(0.,0.,1.));
#312 = DIRECTION('',(-1.,-0.,0.));
#313 = ADVANCED_FACE('',(#314),#341,.T.);
#314 = FACE_BOUND('',#315,.F.);
#315 = EDGE_LOOP('',(#316,#325,#333,#340));
#316 = ORIENTED_EDGE('',*,*,#317,.F.);
#317 = EDGE_CURVE('',#318,#88,#320,.T.);
#318 = VERTEX_POINT('',#319);
#319 = CARTESIAN_POINT('',(7.3,0.3,0.));
#320 = CIRCLE('',#321,0.3);
#321 = AXIS2_PLACEMENT_3D('',#322,#323,#324);
#322 = CARTESIAN_POINT('',(7.3,0.3,0.3));
#323 = DIRECTION('',(0.,1.,-0.));
#324 = DIRECTION('',(-1.,0.,0.));
#325 = ORIENTED_EDGE('',*,*,#326,.T.);
#326 = EDGE_CURVE('',#318,#327,#329,.T.);
#327 = VERTEX_POINT('',#328);
#328 = CARTESIAN_POINT('',(7.3,12.2,0.));
#329 = LINE('',#330,#331);
#330 = CARTESIAN_POINT('',(7.3,0.,-5.551115123126E-17));
#331 = VECTOR('',#332,1.);
#332 = DIRECTION('',(-0.,1.,0.));
#333 = ORIENTED_EDGE('',*,*,#334,.T.);
#334 = EDGE_CURVE('',#327,#98,#335,.T.);
#335 = CIRCLE('',#336,0.3);
#336 = AXIS2_PLACEMENT_3D('',#337,#338,#339);
#337 = CARTESIAN_POINT('',(7.3,12.2,0.3));
#338 = DIRECTION('',(0.,1.,-0.));
#339 = DIRECTION('',(-1.,0.,0.));
#340 = ORIENTED_EDGE('',*,*,#97,.F.);
#341 = CYLINDRICAL_SURFACE('',#342,0.3);
#342 = AXIS2_PLACEMENT_3D('',#343,#344,#345);
#343 = CARTESIAN_POINT('',(7.3,0.,0.3));
#344 = DIRECTION('',(-0.,1.,0.));
#345 = DIRECTION('',(-1.,-0.,0.));
#346 = ADVANCED_FACE('',(#347,#365),#442,.F.);
#347 = FACE_BOUND('',#348,.F.);
#348 = EDGE_LOOP('',(#349,#357,#358,#359));
#349 = ORIENTED_EDGE('',*,*,#350,.F.);
#350 = EDGE_CURVE('',#137,#351,#353,.T.);
#351 = VERTEX_POINT('',#352);
#352 = CARTESIAN_POINT('',(10.2,-5.551115123126E-17,0.3));
#353 = LINE('',#354,#355);
#354 = CARTESIAN_POINT('',(7.,-5.551115123126E-17,0.3));
#355 = VECTOR('',#356,1.);
#356 = DIRECTION('',(1.,0.,-0.));
#357 = ORIENTED_EDGE('',*,*,#145,.T.);
#358 = ORIENTED_EDGE('',*,*,#243,.F.);
#359 = ORIENTED_EDGE('',*,*,#360,.F.);
#360 = EDGE_CURVE('',#351,#235,#361,.T.);
#361 = LINE('',#362,#363);
#362 = CARTESIAN_POINT('',(10.2,-5.551115123126E-17,0.));
#363 = VECTOR('',#364,1.);
#364 = DIRECTION('',(0.,0.,1.));
#365 = FACE_BOUND('',#366,.F.);
#366 = EDGE_LOOP('',(#367,#377,#385,#393,#402,#411,#419,#427,#435));
#367 = ORIENTED_EDGE('',*,*,#368,.F.);
#368 = EDGE_CURVE('',#369,#371,#373,.T.);
#369 = VERTEX_POINT('',#370);
#370 = CARTESIAN_POINT('',(10.15,0.,5.6));
#371 = VERTEX_POINT('',#372);
#372 = CARTESIAN_POINT('',(10.15,0.,2.1));
#373 = LINE('',#374,#375);
#374 = CARTESIAN_POINT('',(10.15,0.,1.05));
#375 = VECTOR('',#376,1.);
#376 = DIRECTION('',(-0.,0.,-1.));
#377 = ORIENTED_EDGE('',*,*,#378,.F.);
#378 = EDGE_CURVE('',#379,#369,#381,.T.);
#379 = VERTEX_POINT('',#380);
#380 = CARTESIAN_POINT('',(9.7,0.,5.6));
#381 = LINE('',#382,#383);
#382 = CARTESIAN_POINT('',(7.175,0.,5.6));
#383 = VECTOR('',#384,1.);
#384 = DIRECTION('',(1.,0.,-0.));
#385 = ORIENTED_EDGE('',*,*,#386,.F.);
#386 = EDGE_CURVE('',#387,#379,#389,.T.);
#387 = VERTEX_POINT('',#388);
#388 = CARTESIAN_POINT('',(9.7,0.,7.35));
#389 = LINE('',#390,#391);
#390 = CARTESIAN_POINT('',(9.7,0.,2.8));
#391 = VECTOR('',#392,1.);
#392 = DIRECTION('',(-0.,0.,-1.));
#393 = ORIENTED_EDGE('',*,*,#394,.F.);
#394 = EDGE_CURVE('',#395,#387,#397,.T.);
#395 = VERTEX_POINT('',#396);
#396 = CARTESIAN_POINT('',(8.75,0.,8.3));
#397 = CIRCLE('',#398,0.95);
#398 = AXIS2_PLACEMENT_3D('',#399,#400,#401);
#399 = CARTESIAN_POINT('',(8.75,0.,7.35));
#400 = DIRECTION('',(0.,1.,0.));
#401 = DIRECTION('',(0.,-0.,1.));
#402 = ORIENTED_EDGE('',*,*,#403,.F.);
#403 = EDGE_CURVE('',#404,#395,#406,.T.);
#404 = VERTEX_POINT('',#405);
#405 = CARTESIAN_POINT('',(7.8,0.,7.35));
#406 = CIRCLE('',#407,0.95);
#407 = AXIS2_PLACEMENT_3D('',#408,#409,#410);
#408 = CARTESIAN_POINT('',(8.75,0.,7.35));
#409 = DIRECTION('',(0.,1.,0.));
#410 = DIRECTION('',(0.,-0.,1.));
#411 = ORIENTED_EDGE('',*,*,#412,.T.);
#412 = EDGE_CURVE('',#404,#413,#415,.T.);
#413 = VERTEX_POINT('',#414);
#414 = CARTESIAN_POINT('',(7.8,0.,5.6));
#415 = LINE('',#416,#417);
#416 = CARTESIAN_POINT('',(7.8,0.,2.8));
#417 = VECTOR('',#418,1.);
#418 = DIRECTION('',(-0.,0.,-1.));
#419 = ORIENTED_EDGE('',*,*,#420,.F.);
#420 = EDGE_CURVE('',#421,#413,#423,.T.);
#421 = VERTEX_POINT('',#422);
#422 = CARTESIAN_POINT('',(7.35,0.,5.6));
#423 = LINE('',#424,#425);
#424 = CARTESIAN_POINT('',(7.175,0.,5.6));
#425 = VECTOR('',#426,1.);
#426 = DIRECTION('',(1.,0.,-0.));
#427 = ORIENTED_EDGE('',*,*,#428,.T.);
#428 = EDGE_CURVE('',#421,#429,#431,.T.);
#429 = VERTEX_POINT('',#430);
#430 = CARTESIAN_POINT('',(7.35,0.,2.1));
#431 = LINE('',#432,#433);
#432 = CARTESIAN_POINT('',(7.35,0.,1.05));
#433 = VECTOR('',#434,1.);
#434 = DIRECTION('',(-0.,0.,-1.));
#435 = ORIENTED_EDGE('',*,*,#436,.F.);
#436 = EDGE_CURVE('',#371,#429,#437,.T.);
#437 = CIRCLE('',#438,1.4);
#438 = AXIS2_PLACEMENT_3D('',#439,#440,#441);
#439 = CARTESIAN_POINT('',(8.75,0.,2.1));
#440 = DIRECTION('',(0.,1.,0.));
#441 = DIRECTION('',(0.,-0.,1.));
#442 = PLANE('',#443);
#443 = AXIS2_PLACEMENT_3D('',#444,#445,#446);
#444 = CARTESIAN_POINT('',(7.,0.,0.));
#445 = DIRECTION('',(-0.,1.,0.));
#446 = DIRECTION('',(0.,0.,1.));
#447 = ADVANCED_FACE('',(#448),#459,.T.);
#448 = FACE_BOUND('',#449,.T.);
#449 = EDGE_LOOP('',(#450,#451,#458));
#450 = ORIENTED_EDGE('',*,*,#317,.F.);
#451 = ORIENTED_EDGE('',*,*,#452,.T.);
#452 = EDGE_CURVE('',#318,#137,#453,.T.);
#453 = CIRCLE('',#454,0.3);
#454 = AXIS2_PLACEMENT_3D('',#455,#456,#457);
#455 = CARTESIAN_POINT('',(7.3,0.3,0.3));
#456 = DIRECTION('',(-1.,6.123233995737E-17,0.));
#457 = DIRECTION('',(-6.123233995737E-17,-1.,0.));
#458 = ORIENTED_EDGE('',*,*,#136,.F.);
#459 = SPHERICAL_SURFACE('',#460,0.3);
#460 = AXIS2_PLACEMENT_3D('',#461,#462,#463);
#461 = CARTESIAN_POINT('',(7.3,0.3,0.3));
#462 = DIRECTION('',(0.,0.,1.));
#463 = DIRECTION('',(-1.,0.,0.));
#464 = ADVANCED_FACE('',(#465),#484,.T.);
#465 = FACE_BOUND('',#466,.F.);
#466 = EDGE_LOOP('',(#467,#475,#482,#483));
#467 = ORIENTED_EDGE('',*,*,#468,.F.);
#468 = EDGE_CURVE('',#469,#227,#471,.T.);
#469 = VERTEX_POINT('',#470);
#470 = CARTESIAN_POINT('',(10.5,0.3,0.3));
#471 = LINE('',#472,#473);
#472 = CARTESIAN_POINT('',(10.5,0.3,0.));
#473 = VECTOR('',#474,1.);
#474 = DIRECTION('',(0.,0.,1.));
#475 = ORIENTED_EDGE('',*,*,#476,.T.);
#476 = EDGE_CURVE('',#469,#351,#477,.T.);
#477 = CIRCLE('',#478,0.3);
#478 = AXIS2_PLACEMENT_3D('',#479,#480,#481);
#479 = CARTESIAN_POINT('',(10.2,0.3,0.3));
#480 = DIRECTION('',(0.,-0.,-1.));
#481 = DIRECTION('',(1.,0.,-0.));
#482 = ORIENTED_EDGE('',*,*,#360,.T.);
#483 = ORIENTED_EDGE('',*,*,#234,.F.);
#484 = CYLINDRICAL_SURFACE('',#485,0.3);
#485 = AXIS2_PLACEMENT_3D('',#486,#487,#488);
#486 = CARTESIAN_POINT('',(10.2,0.3,0.));
#487 = DIRECTION('',(0.,0.,1.));
#488 = DIRECTION('',(1.,0.,-0.));
#489 = ADVANCED_FACE('',(#490),#516,.T.);
#490 = FACE_BOUND('',#491,.T.);
#491 = EDGE_LOOP('',(#492,#493,#501,#509,#515));
#492 = ORIENTED_EDGE('',*,*,#468,.F.);
#493 = ORIENTED_EDGE('',*,*,#494,.T.);
#494 = EDGE_CURVE('',#469,#495,#497,.T.);
#495 = VERTEX_POINT('',#496);
#496 = CARTESIAN_POINT('',(10.5,12.2,0.3));
#497 = LINE('',#498,#499);
#498 = CARTESIAN_POINT('',(10.5,0.,0.3));
#499 = VECTOR('',#500,1.);
#500 = DIRECTION('',(-0.,1.,0.));
#501 = ORIENTED_EDGE('',*,*,#502,.T.);
#502 = EDGE_CURVE('',#495,#503,#505,.T.);
#503 = VERTEX_POINT('',#504);
#504 = CARTESIAN_POINT('',(10.5,12.2,10.3));
#505 = LINE('',#506,#507);
#506 = CARTESIAN_POINT('',(10.5,12.2,0.));
#507 = VECTOR('',#508,1.);
#508 = DIRECTION('',(0.,0.,1.));
#509 = ORIENTED_EDGE('',*,*,#510,.F.);
#510 = EDGE_CURVE('',#218,#503,#511,.T.);
#511 = LINE('',#512,#513);
#512 = CARTESIAN_POINT('',(10.5,0.,10.3));
#513 = VECTOR('',#514,1.);
#514 = DIRECTION('',(-0.,1.,0.));
#515 = ORIENTED_EDGE('',*,*,#226,.F.);
#516 = PLANE('',#517);
#517 = AXIS2_PLACEMENT_3D('',#518,#519,#520);
#518 = CARTESIAN_POINT('',(10.5,0.,0.));
#519 = DIRECTION('',(1.,0.,-0.));
#520 = DIRECTION('',(0.,0.,1.));
#521 = ADVANCED_FACE('',(#522),#541,.T.);
#522 = FACE_BOUND('',#523,.F.);
#523 = EDGE_LOOP('',(#524,#525,#533,#540));
#524 = ORIENTED_EDGE('',*,*,#217,.F.);
#525 = ORIENTED_EDGE('',*,*,#526,.T.);
#526 = EDGE_CURVE('',#210,#527,#529,.T.);
#527 = VERTEX_POINT('',#528);
#528 = CARTESIAN_POINT('',(10.2,12.2,10.6));
#529 = LINE('',#530,#531);
#530 = CARTESIAN_POINT('',(10.2,0.,10.6));
#531 = VECTOR('',#532,1.);
#532 = DIRECTION('',(-0.,1.,0.));
#533 = ORIENTED_EDGE('',*,*,#534,.F.);
#534 = EDGE_CURVE('',#503,#527,#535,.T.);
#535 = CIRCLE('',#536,0.3);
#536 = AXIS2_PLACEMENT_3D('',#537,#538,#539);
#537 = CARTESIAN_POINT('',(10.2,12.2,10.3));
#538 = DIRECTION('',(0.,-1.,-0.));
#539 = DIRECTION('',(1.,0.,0.));
#540 = ORIENTED_EDGE('',*,*,#510,.F.);
#541 = CYLINDRICAL_SURFACE('',#542,0.3);
#542 = AXIS2_PLACEMENT_3D('',#543,#544,#545);
#543 = CARTESIAN_POINT('',(10.2,0.,10.3));
#544 = DIRECTION('',(-0.,1.,0.));
#545 = DIRECTION('',(1.,0.,-0.));
#546 = ADVANCED_FACE('',(#547),#581,.T.);
#547 = FACE_BOUND('',#548,.T.);
#548 = EDGE_LOOP('',(#549,#550,#551,#559,#567,#573,#574,#575));
#549 = ORIENTED_EDGE('',*,*,#260,.F.);
#550 = ORIENTED_EDGE('',*,*,#177,.T.);
#551 = ORIENTED_EDGE('',*,*,#552,.F.);
#552 = EDGE_CURVE('',#553,#178,#555,.T.);
#553 = VERTEX_POINT('',#554);
#554 = CARTESIAN_POINT('',(7.34,9.7,10.6));
#555 = LINE('',#556,#557);
#556 = CARTESIAN_POINT('',(7.34,2.442585746037,10.6));
#557 = VECTOR('',#558,1.);
#558 = DIRECTION('',(0.,-1.,0.));
#559 = ORIENTED_EDGE('',*,*,#560,.F.);
#560 = EDGE_CURVE('',#561,#553,#563,.T.);
#561 = VERTEX_POINT('',#562);
#562 = CARTESIAN_POINT('',(10.16,9.7,10.6));
#563 = LINE('',#564,#565);
#564 = CARTESIAN_POINT('',(7.17,9.7,10.6));
#565 = VECTOR('',#566,1.);
#566 = DIRECTION('',(-1.,-0.,0.));
#567 = ORIENTED_EDGE('',*,*,#568,.T.);
#568 = EDGE_CURVE('',#561,#202,#569,.T.);
#569 = LINE('',#570,#571);
#570 = CARTESIAN_POINT('',(10.16,2.442585746037,10.6));
#571 = VECTOR('',#572,1.);
#572 = DIRECTION('',(0.,-1.,0.));
#573 = ORIENTED_EDGE('',*,*,#209,.T.);
#574 = ORIENTED_EDGE('',*,*,#526,.T.);
#575 = ORIENTED_EDGE('',*,*,#576,.F.);
#576 = EDGE_CURVE('',#261,#527,#577,.T.);
#577 = LINE('',#578,#579);
#578 = CARTESIAN_POINT('',(7.,12.2,10.6));
#579 = VECTOR('',#580,1.);
#580 = DIRECTION('',(1.,0.,-0.));
#581 = PLANE('',#582);
#582 = AXIS2_PLACEMENT_3D('',#583,#584,#585);
#583 = CARTESIAN_POINT('',(7.,0.,10.6));
#584 = DIRECTION('',(0.,0.,1.));
#585 = DIRECTION('',(1.,0.,-0.));
#586 = ADVANCED_FACE('',(#587),#613,.T.);
#587 = FACE_BOUND('',#588,.T.);
#588 = EDGE_LOOP('',(#589,#590,#598,#606,#612));
#589 = ORIENTED_EDGE('',*,*,#568,.F.);
#590 = ORIENTED_EDGE('',*,*,#591,.T.);
#591 = EDGE_CURVE('',#561,#592,#594,.T.);
#592 = VERTEX_POINT('',#593);
#593 = CARTESIAN_POINT('',(10.16,9.7,8.45));
#594 = LINE('',#595,#596);
#595 = CARTESIAN_POINT('',(10.16,9.7,10.8));
#596 = VECTOR('',#597,1.);
#597 = DIRECTION('',(0.,0.,-1.));
#598 = ORIENTED_EDGE('',*,*,#599,.T.);
#599 = EDGE_CURVE('',#592,#600,#602,.T.);
#600 = VERTEX_POINT('',#601);
#601 = CARTESIAN_POINT('',(10.16,1.4,8.45));
#602 = LINE('',#603,#604);
#603 = CARTESIAN_POINT('',(10.16,9.7,8.45));
#604 = VECTOR('',#605,1.);
#605 = DIRECTION('',(0.,-1.,0.));
#606 = ORIENTED_EDGE('',*,*,#607,.T.);
#607 = EDGE_CURVE('',#600,#194,#608,.T.);
#608 = LINE('',#609,#610);
#609 = CARTESIAN_POINT('',(10.16,1.4,8.45));
#610 = VECTOR('',#611,1.);
#611 = DIRECTION('',(0.,-0.677475754752,0.735545105159));
#612 = ORIENTED_EDGE('',*,*,#201,.F.);
#613 = PLANE('',#614);
#614 = AXIS2_PLACEMENT_3D('',#615,#616,#617);
#615 = CARTESIAN_POINT('',(10.16,4.885171492075,9.712433169613));
#616 = DIRECTION('',(-1.,-0.,-0.));
#617 = DIRECTION('',(0.,0.,-1.));
#618 = ADVANCED_FACE('',(#619),#637,.F.);
#619 = FACE_BOUND('',#620,.F.);
#620 = EDGE_LOOP('',(#621,#629,#635,#636));
#621 = ORIENTED_EDGE('',*,*,#622,.F.);
#622 = EDGE_CURVE('',#623,#186,#625,.T.);
#623 = VERTEX_POINT('',#624);
#624 = CARTESIAN_POINT('',(7.34,1.4,8.45));
#625 = LINE('',#626,#627);
#626 = CARTESIAN_POINT('',(7.34,1.4,8.45));
#627 = VECTOR('',#628,1.);
#628 = DIRECTION('',(0.,-0.677475754752,0.735545105159));
#629 = ORIENTED_EDGE('',*,*,#630,.T.);
#630 = EDGE_CURVE('',#623,#600,#631,.T.);
#631 = LINE('',#632,#633);
#632 = CARTESIAN_POINT('',(7.34,1.4,8.45));
#633 = VECTOR('',#634,1.);
#634 = DIRECTION('',(1.,0.,0.));
#635 = ORIENTED_EDGE('',*,*,#607,.T.);
#636 = ORIENTED_EDGE('',*,*,#193,.F.);
#637 = PLANE('',#638);
#638 = AXIS2_PLACEMENT_3D('',#639,#640,#641);
#639 = CARTESIAN_POINT('',(7.34,1.4,8.45));
#640 = DIRECTION('',(0.,-0.735545105159,-0.677475754752));
#641 = DIRECTION('',(0.,-0.677475754752,0.735545105159));
#642 = ADVANCED_FACE('',(#643),#662,.F.);
#643 = FACE_BOUND('',#644,.F.);
#644 = EDGE_LOOP('',(#645,#646,#654,#660,#661));
#645 = ORIENTED_EDGE('',*,*,#552,.F.);
#646 = ORIENTED_EDGE('',*,*,#647,.T.);
#647 = EDGE_CURVE('',#553,#648,#650,.T.);
#648 = VERTEX_POINT('',#649);
#649 = CARTESIAN_POINT('',(7.34,9.7,8.45));
#650 = LINE('',#651,#652);
#651 = CARTESIAN_POINT('',(7.34,9.7,10.8));
#652 = VECTOR('',#653,1.);
#653 = DIRECTION('',(0.,0.,-1.));
#654 = ORIENTED_EDGE('',*,*,#655,.T.);
#655 = EDGE_CURVE('',#648,#623,#656,.T.);
#656 = LINE('',#657,#658);
#657 = CARTESIAN_POINT('',(7.34,9.7,8.45));
#658 = VECTOR('',#659,1.);
#659 = DIRECTION('',(0.,-1.,0.));
#660 = ORIENTED_EDGE('',*,*,#622,.T.);
#661 = ORIENTED_EDGE('',*,*,#185,.F.);
#662 = PLANE('',#663);
#663 = AXIS2_PLACEMENT_3D('',#664,#665,#666);
#664 = CARTESIAN_POINT('',(7.34,4.885171492075,9.712433169613));
#665 = DIRECTION('',(-1.,-0.,-0.));
#666 = DIRECTION('',(0.,0.,-1.));
#667 = ADVANCED_FACE('',(#668),#679,.T.);
#668 = FACE_BOUND('',#669,.F.);
#669 = EDGE_LOOP('',(#670,#671,#678));
#670 = ORIENTED_EDGE('',*,*,#302,.F.);
#671 = ORIENTED_EDGE('',*,*,#672,.T.);
#672 = EDGE_CURVE('',#295,#261,#673,.T.);
#673 = CIRCLE('',#674,0.3);
#674 = AXIS2_PLACEMENT_3D('',#675,#676,#677);
#675 = CARTESIAN_POINT('',(7.3,12.2,10.3));
#676 = DIRECTION('',(1.,0.,6.123233995737E-17));
#677 = DIRECTION('',(-6.123233995737E-17,-0.,1.));
#678 = ORIENTED_EDGE('',*,*,#268,.F.);
#679 = SPHERICAL_SURFACE('',#680,0.3);
#680 = AXIS2_PLACEMENT_3D('',#681,#682,#683);
#681 = CARTESIAN_POINT('',(7.3,12.2,10.3));
#682 = DIRECTION('',(0.,-1.,-0.));
#683 = DIRECTION('',(-1.,-0.,0.));
#684 = ADVANCED_FACE('',(#685),#696,.T.);
#685 = FACE_BOUND('',#686,.F.);
#686 = EDGE_LOOP('',(#687,#688,#695));
#687 = ORIENTED_EDGE('',*,*,#334,.F.);
#688 = ORIENTED_EDGE('',*,*,#689,.T.);
#689 = EDGE_CURVE('',#327,#286,#690,.T.);
#690 = CIRCLE('',#691,0.3);
#691 = AXIS2_PLACEMENT_3D('',#692,#693,#694);
#692 = CARTESIAN_POINT('',(7.3,12.2,0.3));
#693 = DIRECTION('',(1.,6.123233995737E-17,-0.));
#694 = DIRECTION('',(-6.123233995737E-17,1.,0.));
#695 = ORIENTED_EDGE('',*,*,#285,.F.);
#696 = SPHERICAL_SURFACE('',#697,0.3);
#697 = AXIS2_PLACEMENT_3D('',#698,#699,#700);
#698 = CARTESIAN_POINT('',(7.3,12.2,0.3));
#699 = DIRECTION('',(0.,0.,1.));
#700 = DIRECTION('',(-1.,0.,0.));
#701 = ADVANCED_FACE('',(#702),#727,.T.);
#702 = FACE_BOUND('',#703,.T.);
#703 = EDGE_LOOP('',(#704,#705,#713,#721));
#704 = ORIENTED_EDGE('',*,*,#294,.T.);
#705 = ORIENTED_EDGE('',*,*,#706,.T.);
#706 = EDGE_CURVE('',#295,#707,#709,.T.);
#707 = VERTEX_POINT('',#708);
#708 = CARTESIAN_POINT('',(10.2,12.5,10.3));
#709 = LINE('',#710,#711);
#710 = CARTESIAN_POINT('',(7.,12.5,10.3));
#711 = VECTOR('',#712,1.);
#712 = DIRECTION('',(1.,0.,-0.));
#713 = ORIENTED_EDGE('',*,*,#714,.F.);
#714 = EDGE_CURVE('',#715,#707,#717,.T.);
#715 = VERTEX_POINT('',#716);
#716 = CARTESIAN_POINT('',(10.2,12.5,0.3));
#717 = LINE('',#718,#719);
#718 = CARTESIAN_POINT('',(10.2,12.5,0.));
#719 = VECTOR('',#720,1.);
#720 = DIRECTION('',(0.,0.,1.));
#721 = ORIENTED_EDGE('',*,*,#722,.F.);
#722 = EDGE_CURVE('',#286,#715,#723,.T.);
#723 = LINE('',#724,#725);
#724 = CARTESIAN_POINT('',(7.,12.5,0.3));
#725 = VECTOR('',#726,1.);
#726 = DIRECTION('',(1.,0.,-0.));
#727 = PLANE('',#728);
#728 = AXIS2_PLACEMENT_3D('',#729,#730,#731);
#729 = CARTESIAN_POINT('',(7.,12.5,0.));
#730 = DIRECTION('',(-0.,1.,0.));
#731 = DIRECTION('',(0.,0.,1.));
#732 = ADVANCED_FACE('',(#733),#758,.F.);
#733 = FACE_BOUND('',#734,.F.);
#734 = EDGE_LOOP('',(#735,#736,#744,#752));
#735 = ORIENTED_EDGE('',*,*,#326,.F.);
#736 = ORIENTED_EDGE('',*,*,#737,.T.);
#737 = EDGE_CURVE('',#318,#738,#740,.T.);
#738 = VERTEX_POINT('',#739);
#739 = CARTESIAN_POINT('',(10.2,0.3,0.));
#740 = LINE('',#741,#742);
#741 = CARTESIAN_POINT('',(7.,0.3,-5.551115123126E-17));
#742 = VECTOR('',#743,1.);
#743 = DIRECTION('',(1.,0.,-0.));
#744 = ORIENTED_EDGE('',*,*,#745,.T.);
#745 = EDGE_CURVE('',#738,#746,#748,.T.);
#746 = VERTEX_POINT('',#747);
#747 = CARTESIAN_POINT('',(10.2,12.2,0.));
#748 = LINE('',#749,#750);
#749 = CARTESIAN_POINT('',(10.2,0.,-5.551115123126E-17));
#750 = VECTOR('',#751,1.);
#751 = DIRECTION('',(-0.,1.,0.));
#752 = ORIENTED_EDGE('',*,*,#753,.F.);
#753 = EDGE_CURVE('',#327,#746,#754,.T.);
#754 = LINE('',#755,#756);
#755 = CARTESIAN_POINT('',(7.,12.2,-5.551115123126E-17));
#756 = VECTOR('',#757,1.);
#757 = DIRECTION('',(1.,0.,-0.));
#758 = PLANE('',#759);
#759 = AXIS2_PLACEMENT_3D('',#760,#761,#762);
#760 = CARTESIAN_POINT('',(7.,0.,0.));
#761 = DIRECTION('',(0.,0.,1.));
#762 = DIRECTION('',(1.,0.,-0.));
#763 = ADVANCED_FACE('',(#764),#776,.T.);
#764 = FACE_BOUND('',#765,.T.);
#765 = EDGE_LOOP('',(#766,#767,#768,#775));
#766 = ORIENTED_EDGE('',*,*,#452,.F.);
#767 = ORIENTED_EDGE('',*,*,#737,.T.);
#768 = ORIENTED_EDGE('',*,*,#769,.T.);
#769 = EDGE_CURVE('',#738,#351,#770,.T.);
#770 = CIRCLE('',#771,0.3);
#771 = AXIS2_PLACEMENT_3D('',#772,#773,#774);
#772 = CARTESIAN_POINT('',(10.2,0.3,0.3));
#773 = DIRECTION('',(-1.,-6.123233995737E-17,0.));
#774 = DIRECTION('',(6.123233995737E-17,-1.,-0.));
#775 = ORIENTED_EDGE('',*,*,#350,.F.);
#776 = CYLINDRICAL_SURFACE('',#777,0.3);
#777 = AXIS2_PLACEMENT_3D('',#778,#779,#780);
#778 = CARTESIAN_POINT('',(7.,0.3,0.3));
#779 = DIRECTION('',(1.,0.,-0.));
#780 = DIRECTION('',(0.,-1.,0.));
#781 = ADVANCED_FACE('',(#782),#807,.F.);
#782 = FACE_BOUND('',#783,.F.);
#783 = EDGE_LOOP('',(#784,#785,#793,#801));
#784 = ORIENTED_EDGE('',*,*,#368,.T.);
#785 = ORIENTED_EDGE('',*,*,#786,.T.);
#786 = EDGE_CURVE('',#371,#787,#789,.T.);
#787 = VERTEX_POINT('',#788);
#788 = CARTESIAN_POINT('',(10.15,0.4,2.1));
#789 = LINE('',#790,#791);
#790 = CARTESIAN_POINT('',(10.15,-5.E-02,2.1));
#791 = VECTOR('',#792,1.);
#792 = DIRECTION('',(-0.,1.,0.));
#793 = ORIENTED_EDGE('',*,*,#794,.T.);
#794 = EDGE_CURVE('',#787,#795,#797,.T.);
#795 = VERTEX_POINT('',#796);
#796 = CARTESIAN_POINT('',(10.15,0.4,5.6));
#797 = LINE('',#798,#799);
#798 = CARTESIAN_POINT('',(10.15,0.4,2.1));
#799 = VECTOR('',#800,1.);
#800 = DIRECTION('',(0.,0.,1.));
#801 = ORIENTED_EDGE('',*,*,#802,.F.);
#802 = EDGE_CURVE('',#369,#795,#803,.T.);
#803 = LINE('',#804,#805);
#804 = CARTESIAN_POINT('',(10.15,-5.E-02,5.6));
#805 = VECTOR('',#806,1.);
#806 = DIRECTION('',(-0.,1.,0.));
#807 = PLANE('',#808);
#808 = AXIS2_PLACEMENT_3D('',#809,#810,#811);
#809 = CARTESIAN_POINT('',(10.15,-5.E-02,2.1));
#810 = DIRECTION('',(1.,0.,-0.));
#811 = DIRECTION('',(0.,0.,1.));
#812 = ADVANCED_FACE('',(#813),#832,.F.);
#813 = FACE_BOUND('',#814,.F.);
#814 = EDGE_LOOP('',(#815,#824,#825,#826));
#815 = ORIENTED_EDGE('',*,*,#816,.F.);
#816 = EDGE_CURVE('',#787,#817,#819,.T.);
#817 = VERTEX_POINT('',#818);
#818 = CARTESIAN_POINT('',(7.35,0.4,2.1));
#819 = CIRCLE('',#820,1.4);
#820 = AXIS2_PLACEMENT_3D('',#821,#822,#823);
#821 = CARTESIAN_POINT('',(8.75,0.4,2.1));
#822 = DIRECTION('',(0.,1.,0.));
#823 = DIRECTION('',(0.,-0.,1.));
#824 = ORIENTED_EDGE('',*,*,#786,.F.);
#825 = ORIENTED_EDGE('',*,*,#436,.T.);
#826 = ORIENTED_EDGE('',*,*,#827,.T.);
#827 = EDGE_CURVE('',#429,#817,#828,.T.);
#828 = LINE('',#829,#830);
#829 = CARTESIAN_POINT('',(7.35,-5.E-02,2.1));
#830 = VECTOR('',#831,1.);
#831 = DIRECTION('',(-0.,1.,0.));
#832 = CYLINDRICAL_SURFACE('',#833,1.4);
#833 = AXIS2_PLACEMENT_3D('',#834,#835,#836);
#834 = CARTESIAN_POINT('',(8.75,-5.E-02,2.1));
#835 = DIRECTION('',(0.,1.,0.));
#836 = DIRECTION('',(0.,-0.,1.));
#837 = ADVANCED_FACE('',(#838),#863,.F.);
#838 = FACE_BOUND('',#839,.F.);
#839 = EDGE_LOOP('',(#840,#841,#849,#857));
#840 = ORIENTED_EDGE('',*,*,#386,.T.);
#841 = ORIENTED_EDGE('',*,*,#842,.T.);
#842 = EDGE_CURVE('',#379,#843,#845,.T.);
#843 = VERTEX_POINT('',#844);
#844 = CARTESIAN_POINT('',(9.7,0.4,5.6));
#845 = LINE('',#846,#847);
#846 = CARTESIAN_POINT('',(9.7,-5.E-02,5.6));
#847 = VECTOR('',#848,1.);
#848 = DIRECTION('',(-0.,1.,0.));
#849 = ORIENTED_EDGE('',*,*,#850,.T.);
#850 = EDGE_CURVE('',#843,#851,#853,.T.);
#851 = VERTEX_POINT('',#852);
#852 = CARTESIAN_POINT('',(9.7,0.4,7.35));
#853 = LINE('',#854,#855);
#854 = CARTESIAN_POINT('',(9.7,0.4,5.6));
#855 = VECTOR('',#856,1.);
#856 = DIRECTION('',(0.,0.,1.));
#857 = ORIENTED_EDGE('',*,*,#858,.F.);
#858 = EDGE_CURVE('',#387,#851,#859,.T.);
#859 = LINE('',#860,#861);
#860 = CARTESIAN_POINT('',(9.7,-5.E-02,7.35));
#861 = VECTOR('',#862,1.);
#862 = DIRECTION('',(-0.,1.,0.));
#863 = PLANE('',#864);
#864 = AXIS2_PLACEMENT_3D('',#865,#866,#867);
#865 = CARTESIAN_POINT('',(9.7,-5.E-02,5.6));
#866 = DIRECTION('',(1.,0.,-0.));
#867 = DIRECTION('',(0.,0.,1.));
#868 = ADVANCED_FACE('',(#869),#887,.T.);
#869 = FACE_BOUND('',#870,.T.);
#870 = EDGE_LOOP('',(#871,#872,#873,#881));
#871 = ORIENTED_EDGE('',*,*,#428,.T.);
#872 = ORIENTED_EDGE('',*,*,#827,.T.);
#873 = ORIENTED_EDGE('',*,*,#874,.T.);
#874 = EDGE_CURVE('',#817,#875,#877,.T.);
#875 = VERTEX_POINT('',#876);
#876 = CARTESIAN_POINT('',(7.35,0.4,5.6));
#877 = LINE('',#878,#879);
#878 = CARTESIAN_POINT('',(7.35,0.4,2.1));
#879 = VECTOR('',#880,1.);
#880 = DIRECTION('',(0.,0.,1.));
#881 = ORIENTED_EDGE('',*,*,#882,.F.);
#882 = EDGE_CURVE('',#421,#875,#883,.T.);
#883 = LINE('',#884,#885);
#884 = CARTESIAN_POINT('',(7.35,-5.E-02,5.6));
#885 = VECTOR('',#886,1.);
#886 = DIRECTION('',(-0.,1.,0.));
#887 = PLANE('',#888);
#888 = AXIS2_PLACEMENT_3D('',#889,#890,#891);
#889 = CARTESIAN_POINT('',(7.35,-5.E-02,2.1));
#890 = DIRECTION('',(1.,0.,-0.));
#891 = DIRECTION('',(0.,0.,1.));
#892 = ADVANCED_FACE('',(#893),#918,.T.);
#893 = FACE_BOUND('',#894,.T.);
#894 = EDGE_LOOP('',(#895,#896,#904,#912));
#895 = ORIENTED_EDGE('',*,*,#412,.T.);
#896 = ORIENTED_EDGE('',*,*,#897,.T.);
#897 = EDGE_CURVE('',#413,#898,#900,.T.);
#898 = VERTEX_POINT('',#899);
#899 = CARTESIAN_POINT('',(7.8,0.4,5.6));
#900 = LINE('',#901,#902);
#901 = CARTESIAN_POINT('',(7.8,-5.E-02,5.6));
#902 = VECTOR('',#903,1.);
#903 = DIRECTION('',(-0.,1.,0.));
#904 = ORIENTED_EDGE('',*,*,#905,.T.);
#905 = EDGE_CURVE('',#898,#906,#908,.T.);
#906 = VERTEX_POINT('',#907);
#907 = CARTESIAN_POINT('',(7.8,0.4,7.35));
#908 = LINE('',#909,#910);
#909 = CARTESIAN_POINT('',(7.8,0.4,5.6));
#910 = VECTOR('',#911,1.);
#911 = DIRECTION('',(0.,0.,1.));
#912 = ORIENTED_EDGE('',*,*,#913,.F.);
#913 = EDGE_CURVE('',#404,#906,#914,.T.);
#914 = LINE('',#915,#916);
#915 = CARTESIAN_POINT('',(7.8,-5.E-02,7.35));
#916 = VECTOR('',#917,1.);
#917 = DIRECTION('',(-0.,1.,0.));
#918 = PLANE('',#919);
#919 = AXIS2_PLACEMENT_3D('',#920,#921,#922);
#920 = CARTESIAN_POINT('',(7.8,-5.E-02,5.6));
#921 = DIRECTION('',(1.,0.,-0.));
#922 = DIRECTION('',(0.,0.,1.));
#923 = ADVANCED_FACE('',(#924),#935,.T.);
#924 = FACE_BOUND('',#925,.F.);
#925 = EDGE_LOOP('',(#926,#933,#934));
#926 = ORIENTED_EDGE('',*,*,#927,.F.);
#927 = EDGE_CURVE('',#738,#469,#928,.T.);
#928 = CIRCLE('',#929,0.3);
#929 = AXIS2_PLACEMENT_3D('',#930,#931,#932);
#930 = CARTESIAN_POINT('',(10.2,0.3,0.3));
#931 = DIRECTION('',(0.,-1.,0.));
#932 = DIRECTION('',(1.,0.,0.));
#933 = ORIENTED_EDGE('',*,*,#769,.T.);
#934 = ORIENTED_EDGE('',*,*,#476,.F.);
#935 = SPHERICAL_SURFACE('',#936,0.3);
#936 = AXIS2_PLACEMENT_3D('',#937,#938,#939);
#937 = CARTESIAN_POINT('',(10.2,0.3,0.3));
#938 = DIRECTION('',(0.,0.,1.));
#939 = DIRECTION('',(1.,0.,-0.));
#940 = ADVANCED_FACE('',(#941),#959,.T.);
#941 = FACE_BOUND('',#942,.T.);
#942 = EDGE_LOOP('',(#943,#944,#951,#952));
#943 = ORIENTED_EDGE('',*,*,#502,.F.);
#944 = ORIENTED_EDGE('',*,*,#945,.T.);
#945 = EDGE_CURVE('',#495,#715,#946,.T.);
#946 = CIRCLE('',#947,0.3);
#947 = AXIS2_PLACEMENT_3D('',#948,#949,#950);
#948 = CARTESIAN_POINT('',(10.2,12.2,0.3));
#949 = DIRECTION('',(0.,0.,1.));
#950 = DIRECTION('',(1.,0.,-0.));
#951 = ORIENTED_EDGE('',*,*,#714,.T.);
#952 = ORIENTED_EDGE('',*,*,#953,.T.);
#953 = EDGE_CURVE('',#707,#503,#954,.T.);
#954 = CIRCLE('',#955,0.3);
#955 = AXIS2_PLACEMENT_3D('',#956,#957,#958);
#956 = CARTESIAN_POINT('',(10.2,12.2,10.3));
#957 = DIRECTION('',(0.,0.,-1.));
#958 = DIRECTION('',(1.,0.,0.));
#959 = CYLINDRICAL_SURFACE('',#960,0.3);
#960 = AXIS2_PLACEMENT_3D('',#961,#962,#963);
#961 = CARTESIAN_POINT('',(10.2,12.2,0.));
#962 = DIRECTION('',(0.,0.,1.));
#963 = DIRECTION('',(1.,0.,-0.));
#964 = ADVANCED_FACE('',(#965),#977,.T.);
#965 = FACE_BOUND('',#966,.T.);
#966 = EDGE_LOOP('',(#967,#968,#969,#976));
#967 = ORIENTED_EDGE('',*,*,#927,.F.);
#968 = ORIENTED_EDGE('',*,*,#745,.T.);
#969 = ORIENTED_EDGE('',*,*,#970,.T.);
#970 = EDGE_CURVE('',#746,#495,#971,.T.);
#971 = CIRCLE('',#972,0.3);
#972 = AXIS2_PLACEMENT_3D('',#973,#974,#975);
#973 = CARTESIAN_POINT('',(10.2,12.2,0.3));
#974 = DIRECTION('',(0.,-1.,0.));
#975 = DIRECTION('',(1.,0.,0.));
#976 = ORIENTED_EDGE('',*,*,#494,.F.);
#977 = CYLINDRICAL_SURFACE('',#978,0.3);
#978 = AXIS2_PLACEMENT_3D('',#979,#980,#981);
#979 = CARTESIAN_POINT('',(10.2,0.,0.3));
#980 = DIRECTION('',(-0.,1.,0.));
#981 = DIRECTION('',(1.,0.,-0.));
#982 = ADVANCED_FACE('',(#983),#994,.T.);
#983 = FACE_BOUND('',#984,.T.);
#984 = EDGE_LOOP('',(#985,#986,#993));
#985 = ORIENTED_EDGE('',*,*,#953,.F.);
#986 = ORIENTED_EDGE('',*,*,#987,.T.);
#987 = EDGE_CURVE('',#707,#527,#988,.T.);
#988 = CIRCLE('',#989,0.3);
#989 = AXIS2_PLACEMENT_3D('',#990,#991,#992);
#990 = CARTESIAN_POINT('',(10.2,12.2,10.3));
#991 = DIRECTION('',(1.,0.,-6.123233995737E-17));
#992 = DIRECTION('',(6.123233995737E-17,0.,1.));
#993 = ORIENTED_EDGE('',*,*,#534,.F.);
#994 = SPHERICAL_SURFACE('',#995,0.3);
#995 = AXIS2_PLACEMENT_3D('',#996,#997,#998);
#996 = CARTESIAN_POINT('',(10.2,12.2,10.3));
#997 = DIRECTION('',(0.,-1.,-0.));
#998 = DIRECTION('',(1.,0.,0.));
#999 = ADVANCED_FACE('',(#1000),#1006,.T.);
#1000 = FACE_BOUND('',#1001,.T.);
#1001 = EDGE_LOOP('',(#1002,#1003,#1004,#1005));
#1002 = ORIENTED_EDGE('',*,*,#672,.T.);
#1003 = ORIENTED_EDGE('',*,*,#576,.T.);
#1004 = ORIENTED_EDGE('',*,*,#987,.F.);
#1005 = ORIENTED_EDGE('',*,*,#706,.F.);
#1006 = CYLINDRICAL_SURFACE('',#1007,0.3);
#1007 = AXIS2_PLACEMENT_3D('',#1008,#1009,#1010);
#1008 = CARTESIAN_POINT('',(7.,12.2,10.3));
#1009 = DIRECTION('',(1.,0.,-0.));
#1010 = DIRECTION('',(0.,1.,0.));
#1011 = ADVANCED_FACE('',(#1012),#1023,.F.);
#1012 = FACE_BOUND('',#1013,.F.);
#1013 = EDGE_LOOP('',(#1014,#1015,#1016,#1017));
#1014 = ORIENTED_EDGE('',*,*,#647,.F.);
#1015 = ORIENTED_EDGE('',*,*,#560,.F.);
#1016 = ORIENTED_EDGE('',*,*,#591,.T.);
#1017 = ORIENTED_EDGE('',*,*,#1018,.F.);
#1018 = EDGE_CURVE('',#648,#592,#1019,.T.);
#1019 = LINE('',#1020,#1021);
#1020 = CARTESIAN_POINT('',(7.34,9.7,8.45));
#1021 = VECTOR('',#1022,1.);
#1022 = DIRECTION('',(1.,0.,0.));
#1023 = PLANE('',#1024);
#1024 = AXIS2_PLACEMENT_3D('',#1025,#1026,#1027);
#1025 = CARTESIAN_POINT('',(7.34,9.7,10.8));
#1026 = DIRECTION('',(-0.,1.,0.));
#1027 = DIRECTION('',(0.,0.,-1.));
#1028 = ADVANCED_FACE('',(#1029),#1035,.F.);
#1029 = FACE_BOUND('',#1030,.F.);
#1030 = EDGE_LOOP('',(#1031,#1032,#1033,#1034));
#1031 = ORIENTED_EDGE('',*,*,#1018,.T.);
#1032 = ORIENTED_EDGE('',*,*,#599,.T.);
#1033 = ORIENTED_EDGE('',*,*,#630,.F.);
#1034 = ORIENTED_EDGE('',*,*,#655,.F.);
#1035 = PLANE('',#1036);
#1036 = AXIS2_PLACEMENT_3D('',#1037,#1038,#1039);
#1037 = CARTESIAN_POINT('',(7.34,9.7,8.45));
#1038 = DIRECTION('',(0.,0.,-1.));
#1039 = DIRECTION('',(0.,-1.,0.));
#1040 = ADVANCED_FACE('',(#1041),#1053,.T.);
#1041 = FACE_BOUND('',#1042,.F.);
#1042 = EDGE_LOOP('',(#1043,#1044,#1045,#1052));
#1043 = ORIENTED_EDGE('',*,*,#689,.F.);
#1044 = ORIENTED_EDGE('',*,*,#753,.T.);
#1045 = ORIENTED_EDGE('',*,*,#1046,.T.);
#1046 = EDGE_CURVE('',#746,#715,#1047,.T.);
#1047 = CIRCLE('',#1048,0.3);
#1048 = AXIS2_PLACEMENT_3D('',#1049,#1050,#1051);
#1049 = CARTESIAN_POINT('',(10.2,12.2,0.3));
#1050 = DIRECTION('',(1.,-6.123233995737E-17,0.));
#1051 = DIRECTION('',(6.123233995737E-17,1.,0.));
#1052 = ORIENTED_EDGE('',*,*,#722,.F.);
#1053 = CYLINDRICAL_SURFACE('',#1054,0.3);
#1054 = AXIS2_PLACEMENT_3D('',#1055,#1056,#1057);
#1055 = CARTESIAN_POINT('',(7.,12.2,0.3));
#1056 = DIRECTION('',(1.,0.,-0.));
#1057 = DIRECTION('',(0.,1.,0.));
#1058 = ADVANCED_FACE('',(#1059),#1064,.T.);
#1059 = FACE_BOUND('',#1060,.T.);
#1060 = EDGE_LOOP('',(#1061,#1062,#1063));
#1061 = ORIENTED_EDGE('',*,*,#970,.F.);
#1062 = ORIENTED_EDGE('',*,*,#1046,.T.);
#1063 = ORIENTED_EDGE('',*,*,#945,.F.);
#1064 = SPHERICAL_SURFACE('',#1065,0.3);
#1065 = AXIS2_PLACEMENT_3D('',#1066,#1067,#1068);
#1066 = CARTESIAN_POINT('',(10.2,12.2,0.3));
#1067 = DIRECTION('',(0.,0.,1.));
#1068 = DIRECTION('',(1.,0.,-0.));
#1069 = ADVANCED_FACE('',(#1070),#1113,.T.);
#1070 = FACE_BOUND('',#1071,.T.);
#1071 = EDGE_LOOP('',(#1072,#1080,#1081,#1082,#1083,#1091,#1099,#1107));
#1072 = ORIENTED_EDGE('',*,*,#1073,.T.);
#1073 = EDGE_CURVE('',#1074,#795,#1076,.T.);
#1074 = VERTEX_POINT('',#1075);
#1075 = CARTESIAN_POINT('',(10.,0.4,5.6));
#1076 = LINE('',#1077,#1078);
#1077 = CARTESIAN_POINT('',(7.35,0.4,5.6));
#1078 = VECTOR('',#1079,1.);
#1079 = DIRECTION('',(1.,0.,-0.));
#1080 = ORIENTED_EDGE('',*,*,#802,.F.);
#1081 = ORIENTED_EDGE('',*,*,#378,.F.);
#1082 = ORIENTED_EDGE('',*,*,#842,.T.);
#1083 = ORIENTED_EDGE('',*,*,#1084,.F.);
#1084 = EDGE_CURVE('',#1085,#843,#1087,.T.);
#1085 = VERTEX_POINT('',#1086);
#1086 = CARTESIAN_POINT('',(9.55,0.4,5.6));
#1087 = LINE('',#1088,#1089);
#1088 = CARTESIAN_POINT('',(7.35,0.4,5.6));
#1089 = VECTOR('',#1090,1.);
#1090 = DIRECTION('',(1.,0.,-0.));
#1091 = ORIENTED_EDGE('',*,*,#1092,.T.);
#1092 = EDGE_CURVE('',#1085,#1093,#1095,.T.);
#1093 = VERTEX_POINT('',#1094);
#1094 = CARTESIAN_POINT('',(9.55,4.35,5.6));
#1095 = LINE('',#1096,#1097);
#1096 = CARTESIAN_POINT('',(9.55,0.4,5.6));
#1097 = VECTOR('',#1098,1.);
#1098 = DIRECTION('',(-0.,1.,0.));
#1099 = ORIENTED_EDGE('',*,*,#1100,.T.);
#1100 = EDGE_CURVE('',#1093,#1101,#1103,.T.);
#1101 = VERTEX_POINT('',#1102);
#1102 = CARTESIAN_POINT('',(10.,4.35,5.6));
#1103 = LINE('',#1104,#1105);
#1104 = CARTESIAN_POINT('',(7.5,4.35,5.6));
#1105 = VECTOR('',#1106,1.);
#1106 = DIRECTION('',(1.,0.,-0.));
#1107 = ORIENTED_EDGE('',*,*,#1108,.F.);
#1108 = EDGE_CURVE('',#1074,#1101,#1109,.T.);
#1109 = LINE('',#1110,#1111);
#1110 = CARTESIAN_POINT('',(10.,0.4,5.6));
#1111 = VECTOR('',#1112,1.);
#1112 = DIRECTION('',(-0.,1.,0.));
#1113 = PLANE('',#1114);
#1114 = AXIS2_PLACEMENT_3D('',#1115,#1116,#1117);
#1115 = CARTESIAN_POINT('',(9.796212121212,2.121212121212,5.6));
#1116 = DIRECTION('',(-0.,-0.,-1.));
#1117 = DIRECTION('',(-1.,0.,0.));
#1118 = ADVANCED_FACE('',(#1119),#1144,.F.);
#1119 = FACE_BOUND('',#1120,.F.);
#1120 = EDGE_LOOP('',(#1121,#1129,#1130,#1138));
#1121 = ORIENTED_EDGE('',*,*,#1122,.F.);
#1122 = EDGE_CURVE('',#1085,#1123,#1125,.T.);
#1123 = VERTEX_POINT('',#1124);
#1124 = CARTESIAN_POINT('',(9.55,0.4,7.35));
#1125 = LINE('',#1126,#1127);
#1126 = CARTESIAN_POINT('',(9.55,0.4,5.6));
#1127 = VECTOR('',#1128,1.);
#1128 = DIRECTION('',(0.,0.,1.));
#1129 = ORIENTED_EDGE('',*,*,#1092,.T.);
#1130 = ORIENTED_EDGE('',*,*,#1131,.T.);
#1131 = EDGE_CURVE('',#1093,#1132,#1134,.T.);
#1132 = VERTEX_POINT('',#1133);
#1133 = CARTESIAN_POINT('',(9.55,4.35,7.35));
#1134 = LINE('',#1135,#1136);
#1135 = CARTESIAN_POINT('',(9.55,4.35,5.6));
#1136 = VECTOR('',#1137,1.);
#1137 = DIRECTION('',(0.,0.,1.));
#1138 = ORIENTED_EDGE('',*,*,#1139,.F.);
#1139 = EDGE_CURVE('',#1123,#1132,#1140,.T.);
#1140 = LINE('',#1141,#1142);
#1141 = CARTESIAN_POINT('',(9.55,0.4,7.35));
#1142 = VECTOR('',#1143,1.);
#1143 = DIRECTION('',(-0.,1.,0.));
#1144 = PLANE('',#1145);
#1145 = AXIS2_PLACEMENT_3D('',#1146,#1147,#1148);
#1146 = CARTESIAN_POINT('',(9.55,0.4,5.6));
#1147 = DIRECTION('',(1.,0.,-0.));
#1148 = DIRECTION('',(0.,0.,1.));
#1149 = ADVANCED_FACE('',(#1150),#1175,.F.);
#1150 = FACE_BOUND('',#1151,.F.);
#1151 = EDGE_LOOP('',(#1152,#1160,#1168,#1174));
#1152 = ORIENTED_EDGE('',*,*,#1153,.F.);
#1153 = EDGE_CURVE('',#1154,#1074,#1156,.T.);
#1154 = VERTEX_POINT('',#1155);
#1155 = CARTESIAN_POINT('',(10.,0.4,2.1));
#1156 = LINE('',#1157,#1158);
#1157 = CARTESIAN_POINT('',(10.,0.4,2.1));
#1158 = VECTOR('',#1159,1.);
#1159 = DIRECTION('',(0.,0.,1.));
#1160 = ORIENTED_EDGE('',*,*,#1161,.T.);
#1161 = EDGE_CURVE('',#1154,#1162,#1164,.T.);
#1162 = VERTEX_POINT('',#1163);
#1163 = CARTESIAN_POINT('',(10.,4.35,2.1));
#1164 = LINE('',#1165,#1166);
#1165 = CARTESIAN_POINT('',(10.,0.4,2.1));
#1166 = VECTOR('',#1167,1.);
#1167 = DIRECTION('',(-0.,1.,0.));
#1168 = ORIENTED_EDGE('',*,*,#1169,.T.);
#1169 = EDGE_CURVE('',#1162,#1101,#1170,.T.);
#1170 = LINE('',#1171,#1172);
#1171 = CARTESIAN_POINT('',(10.,4.35,2.1));
#1172 = VECTOR('',#1173,1.);
#1173 = DIRECTION('',(0.,0.,1.));
#1174 = ORIENTED_EDGE('',*,*,#1108,.F.);
#1175 = PLANE('',#1176);
#1176 = AXIS2_PLACEMENT_3D('',#1177,#1178,#1179);
#1177 = CARTESIAN_POINT('',(10.,0.4,2.1));
#1178 = DIRECTION('',(1.,0.,-0.));
#1179 = DIRECTION('',(0.,0.,1.));
#1180 = ADVANCED_FACE('',(#1181),#1208,.F.);
#1181 = FACE_BOUND('',#1182,.F.);
#1182 = EDGE_LOOP('',(#1183,#1192,#1193,#1202));
#1183 = ORIENTED_EDGE('',*,*,#1184,.F.);
#1184 = EDGE_CURVE('',#1162,#1185,#1187,.T.);
#1185 = VERTEX_POINT('',#1186);
#1186 = CARTESIAN_POINT('',(7.5,4.35,2.1));
#1187 = CIRCLE('',#1188,1.25);
#1188 = AXIS2_PLACEMENT_3D('',#1189,#1190,#1191);
#1189 = CARTESIAN_POINT('',(8.75,4.35,2.1));
#1190 = DIRECTION('',(0.,1.,0.));
#1191 = DIRECTION('',(0.,-0.,1.));
#1192 = ORIENTED_EDGE('',*,*,#1161,.F.);
#1193 = ORIENTED_EDGE('',*,*,#1194,.T.);
#1194 = EDGE_CURVE('',#1154,#1195,#1197,.T.);
#1195 = VERTEX_POINT('',#1196);
#1196 = CARTESIAN_POINT('',(7.5,0.4,2.1));
#1197 = CIRCLE('',#1198,1.25);
#1198 = AXIS2_PLACEMENT_3D('',#1199,#1200,#1201);
#1199 = CARTESIAN_POINT('',(8.75,0.4,2.1));
#1200 = DIRECTION('',(0.,1.,0.));
#1201 = DIRECTION('',(0.,-0.,1.));
#1202 = ORIENTED_EDGE('',*,*,#1203,.T.);
#1203 = EDGE_CURVE('',#1195,#1185,#1204,.T.);
#1204 = LINE('',#1205,#1206);
#1205 = CARTESIAN_POINT('',(7.5,0.4,2.1));
#1206 = VECTOR('',#1207,1.);
#1207 = DIRECTION('',(-0.,1.,0.));
#1208 = CYLINDRICAL_SURFACE('',#1209,1.25);
#1209 = AXIS2_PLACEMENT_3D('',#1210,#1211,#1212);
#1210 = CARTESIAN_POINT('',(8.75,0.4,2.1));
#1211 = DIRECTION('',(0.,1.,0.));
#1212 = DIRECTION('',(0.,-0.,1.));
#1213 = ADVANCED_FACE('',(#1214),#1239,.T.);
#1214 = FACE_BOUND('',#1215,.T.);
#1215 = EDGE_LOOP('',(#1216,#1224,#1225,#1233));
#1216 = ORIENTED_EDGE('',*,*,#1217,.F.);
#1217 = EDGE_CURVE('',#1195,#1218,#1220,.T.);
#1218 = VERTEX_POINT('',#1219);
#1219 = CARTESIAN_POINT('',(7.5,0.4,5.6));
#1220 = LINE('',#1221,#1222);
#1221 = CARTESIAN_POINT('',(7.5,0.4,2.1));
#1222 = VECTOR('',#1223,1.);
#1223 = DIRECTION('',(0.,0.,1.));
#1224 = ORIENTED_EDGE('',*,*,#1203,.T.);
#1225 = ORIENTED_EDGE('',*,*,#1226,.T.);
#1226 = EDGE_CURVE('',#1185,#1227,#1229,.T.);
#1227 = VERTEX_POINT('',#1228);
#1228 = CARTESIAN_POINT('',(7.5,4.35,5.6));
#1229 = LINE('',#1230,#1231);
#1230 = CARTESIAN_POINT('',(7.5,4.35,2.1));
#1231 = VECTOR('',#1232,1.);
#1232 = DIRECTION('',(0.,0.,1.));
#1233 = ORIENTED_EDGE('',*,*,#1234,.F.);
#1234 = EDGE_CURVE('',#1218,#1227,#1235,.T.);
#1235 = LINE('',#1236,#1237);
#1236 = CARTESIAN_POINT('',(7.5,0.4,5.6));
#1237 = VECTOR('',#1238,1.);
#1238 = DIRECTION('',(-0.,1.,0.));
#1239 = PLANE('',#1240);
#1240 = AXIS2_PLACEMENT_3D('',#1241,#1242,#1243);
#1241 = CARTESIAN_POINT('',(7.5,0.4,2.1));
#1242 = DIRECTION('',(1.,0.,-0.));
#1243 = DIRECTION('',(0.,0.,1.));
#1244 = ADVANCED_FACE('',(#1245),#1279,.T.);
#1245 = FACE_BOUND('',#1246,.T.);
#1246 = EDGE_LOOP('',(#1247,#1253,#1254,#1262,#1270,#1276,#1277,#1278));
#1247 = ORIENTED_EDGE('',*,*,#1248,.T.);
#1248 = EDGE_CURVE('',#875,#1218,#1249,.T.);
#1249 = LINE('',#1250,#1251);
#1250 = CARTESIAN_POINT('',(7.35,0.4,5.6));
#1251 = VECTOR('',#1252,1.);
#1252 = DIRECTION('',(1.,0.,-0.));
#1253 = ORIENTED_EDGE('',*,*,#1234,.T.);
#1254 = ORIENTED_EDGE('',*,*,#1255,.T.);
#1255 = EDGE_CURVE('',#1227,#1256,#1258,.T.);
#1256 = VERTEX_POINT('',#1257);
#1257 = CARTESIAN_POINT('',(7.95,4.35,5.6));
#1258 = LINE('',#1259,#1260);
#1259 = CARTESIAN_POINT('',(7.5,4.35,5.6));
#1260 = VECTOR('',#1261,1.);
#1261 = DIRECTION('',(1.,0.,-0.));
#1262 = ORIENTED_EDGE('',*,*,#1263,.F.);
#1263 = EDGE_CURVE('',#1264,#1256,#1266,.T.);
#1264 = VERTEX_POINT('',#1265);
#1265 = CARTESIAN_POINT('',(7.95,0.4,5.6));
#1266 = LINE('',#1267,#1268);
#1267 = CARTESIAN_POINT('',(7.95,0.4,5.6));
#1268 = VECTOR('',#1269,1.);
#1269 = DIRECTION('',(-0.,1.,0.));
#1270 = ORIENTED_EDGE('',*,*,#1271,.F.);
#1271 = EDGE_CURVE('',#898,#1264,#1272,.T.);
#1272 = LINE('',#1273,#1274);
#1273 = CARTESIAN_POINT('',(7.35,0.4,5.6));
#1274 = VECTOR('',#1275,1.);
#1275 = DIRECTION('',(1.,0.,-0.));
#1276 = ORIENTED_EDGE('',*,*,#897,.F.);
#1277 = ORIENTED_EDGE('',*,*,#420,.F.);
#1278 = ORIENTED_EDGE('',*,*,#882,.T.);
#1279 = PLANE('',#1280);
#1280 = AXIS2_PLACEMENT_3D('',#1281,#1282,#1283);
#1281 = CARTESIAN_POINT('',(7.703787878788,2.121212121212,5.6));
#1282 = DIRECTION('',(-0.,-0.,-1.));
#1283 = DIRECTION('',(-1.,0.,0.));
#1284 = ADVANCED_FACE('',(#1285),#1310,.T.);
#1285 = FACE_BOUND('',#1286,.T.);
#1286 = EDGE_LOOP('',(#1287,#1295,#1296,#1304));
#1287 = ORIENTED_EDGE('',*,*,#1288,.F.);
#1288 = EDGE_CURVE('',#1264,#1289,#1291,.T.);
#1289 = VERTEX_POINT('',#1290);
#1290 = CARTESIAN_POINT('',(7.95,0.4,7.35));
#1291 = LINE('',#1292,#1293);
#1292 = CARTESIAN_POINT('',(7.95,0.4,5.6));
#1293 = VECTOR('',#1294,1.);
#1294 = DIRECTION('',(0.,0.,1.));
#1295 = ORIENTED_EDGE('',*,*,#1263,.T.);
#1296 = ORIENTED_EDGE('',*,*,#1297,.T.);
#1297 = EDGE_CURVE('',#1256,#1298,#1300,.T.);
#1298 = VERTEX_POINT('',#1299);
#1299 = CARTESIAN_POINT('',(7.95,4.35,7.35));
#1300 = LINE('',#1301,#1302);
#1301 = CARTESIAN_POINT('',(7.95,4.35,5.6));
#1302 = VECTOR('',#1303,1.);
#1303 = DIRECTION('',(0.,0.,1.));
#1304 = ORIENTED_EDGE('',*,*,#1305,.F.);
#1305 = EDGE_CURVE('',#1289,#1298,#1306,.T.);
#1306 = LINE('',#1307,#1308);
#1307 = CARTESIAN_POINT('',(7.95,0.4,7.35));
#1308 = VECTOR('',#1309,1.);
#1309 = DIRECTION('',(-0.,1.,0.));
#1310 = PLANE('',#1311);
#1311 = AXIS2_PLACEMENT_3D('',#1312,#1313,#1314);
#1312 = CARTESIAN_POINT('',(7.95,0.4,5.6));
#1313 = DIRECTION('',(1.,0.,-0.));
#1314 = DIRECTION('',(0.,0.,1.));
#1315 = ADVANCED_FACE('',(#1316),#1326,.T.);
#1316 = FACE_BOUND('',#1317,.T.);
#1317 = EDGE_LOOP('',(#1318,#1319,#1320,#1321,#1322,#1323,#1324,#1325));
#1318 = ORIENTED_EDGE('',*,*,#794,.T.);
#1319 = ORIENTED_EDGE('',*,*,#1073,.F.);
#1320 = ORIENTED_EDGE('',*,*,#1153,.F.);
#1321 = ORIENTED_EDGE('',*,*,#1194,.T.);
#1322 = ORIENTED_EDGE('',*,*,#1217,.T.);
#1323 = ORIENTED_EDGE('',*,*,#1248,.F.);
#1324 = ORIENTED_EDGE('',*,*,#874,.F.);
#1325 = ORIENTED_EDGE('',*,*,#816,.F.);
#1326 = PLANE('',#1327);
#1327 = AXIS2_PLACEMENT_3D('',#1328,#1329,#1330);
#1328 = CARTESIAN_POINT('',(8.75,0.4,2.974105664285));
#1329 = DIRECTION('',(-0.,-1.,-0.));
#1330 = DIRECTION('',(0.,0.,-1.));
#1331 = ADVANCED_FACE('',(#1332),#1372,.T.);
#1332 = FACE_BOUND('',#1333,.T.);
#1333 = EDGE_LOOP('',(#1334,#1335,#1336,#1345,#1352,#1353,#1354,#1355,
    #1364,#1371));
#1334 = ORIENTED_EDGE('',*,*,#1084,.T.);
#1335 = ORIENTED_EDGE('',*,*,#850,.T.);
#1336 = ORIENTED_EDGE('',*,*,#1337,.F.);
#1337 = EDGE_CURVE('',#1338,#851,#1340,.T.);
#1338 = VERTEX_POINT('',#1339);
#1339 = CARTESIAN_POINT('',(8.75,0.4,8.3));
#1340 = CIRCLE('',#1341,0.95);
#1341 = AXIS2_PLACEMENT_3D('',#1342,#1343,#1344);
#1342 = CARTESIAN_POINT('',(8.75,0.4,7.35));
#1343 = DIRECTION('',(0.,1.,0.));
#1344 = DIRECTION('',(0.,-0.,1.));
#1345 = ORIENTED_EDGE('',*,*,#1346,.F.);
#1346 = EDGE_CURVE('',#906,#1338,#1347,.T.);
#1347 = CIRCLE('',#1348,0.95);
#1348 = AXIS2_PLACEMENT_3D('',#1349,#1350,#1351);
#1349 = CARTESIAN_POINT('',(8.75,0.4,7.35));
#1350 = DIRECTION('',(0.,1.,0.));
#1351 = DIRECTION('',(0.,-0.,1.));
#1352 = ORIENTED_EDGE('',*,*,#905,.F.);
#1353 = ORIENTED_EDGE('',*,*,#1271,.T.);
#1354 = ORIENTED_EDGE('',*,*,#1288,.T.);
#1355 = ORIENTED_EDGE('',*,*,#1356,.T.);
#1356 = EDGE_CURVE('',#1289,#1357,#1359,.T.);
#1357 = VERTEX_POINT('',#1358);
#1358 = CARTESIAN_POINT('',(8.75,0.4,8.15));
#1359 = CIRCLE('',#1360,0.8);
#1360 = AXIS2_PLACEMENT_3D('',#1361,#1362,#1363);
#1361 = CARTESIAN_POINT('',(8.75,0.4,7.35));
#1362 = DIRECTION('',(0.,1.,0.));
#1363 = DIRECTION('',(0.,-0.,1.));
#1364 = ORIENTED_EDGE('',*,*,#1365,.T.);
#1365 = EDGE_CURVE('',#1357,#1123,#1366,.T.);
#1366 = CIRCLE('',#1367,0.8);
#1367 = AXIS2_PLACEMENT_3D('',#1368,#1369,#1370);
#1368 = CARTESIAN_POINT('',(8.75,0.4,7.35));
#1369 = DIRECTION('',(0.,1.,0.));
#1370 = DIRECTION('',(0.,-0.,1.));
#1371 = ORIENTED_EDGE('',*,*,#1122,.F.);
#1372 = PLANE('',#1373);
#1373 = AXIS2_PLACEMENT_3D('',#1374,#1375,#1376);
#1374 = CARTESIAN_POINT('',(8.75,0.4,7.061813018945));
#1375 = DIRECTION('',(-0.,-1.,-0.));
#1376 = DIRECTION('',(0.,0.,-1.));
#1377 = ADVANCED_FACE('',(#1378),#1403,.T.);
#1378 = FACE_BOUND('',#1379,.T.);
#1379 = EDGE_LOOP('',(#1380,#1381,#1382,#1383,#1392,#1399,#1400,#1401,
    #1402));
#1380 = ORIENTED_EDGE('',*,*,#1169,.T.);
#1381 = ORIENTED_EDGE('',*,*,#1100,.F.);
#1382 = ORIENTED_EDGE('',*,*,#1131,.T.);
#1383 = ORIENTED_EDGE('',*,*,#1384,.F.);
#1384 = EDGE_CURVE('',#1385,#1132,#1387,.T.);
#1385 = VERTEX_POINT('',#1386);
#1386 = CARTESIAN_POINT('',(8.75,4.35,8.15));
#1387 = CIRCLE('',#1388,0.8);
#1388 = AXIS2_PLACEMENT_3D('',#1389,#1390,#1391);
#1389 = CARTESIAN_POINT('',(8.75,4.35,7.35));
#1390 = DIRECTION('',(0.,1.,0.));
#1391 = DIRECTION('',(0.,-0.,1.));
#1392 = ORIENTED_EDGE('',*,*,#1393,.F.);
#1393 = EDGE_CURVE('',#1298,#1385,#1394,.T.);
#1394 = CIRCLE('',#1395,0.8);
#1395 = AXIS2_PLACEMENT_3D('',#1396,#1397,#1398);
#1396 = CARTESIAN_POINT('',(8.75,4.35,7.35));
#1397 = DIRECTION('',(0.,1.,0.));
#1398 = DIRECTION('',(0.,-0.,1.));
#1399 = ORIENTED_EDGE('',*,*,#1297,.F.);
#1400 = ORIENTED_EDGE('',*,*,#1255,.F.);
#1401 = ORIENTED_EDGE('',*,*,#1226,.F.);
#1402 = ORIENTED_EDGE('',*,*,#1184,.F.);
#1403 = PLANE('',#1404);
#1404 = AXIS2_PLACEMENT_3D('',#1405,#1406,#1407);
#1405 = CARTESIAN_POINT('',(8.75,4.35,4.497949762039));
#1406 = DIRECTION('',(-0.,-1.,-0.));
#1407 = DIRECTION('',(0.,0.,-1.));
#1408 = ADVANCED_FACE('',(#1409),#1417,.F.);
#1409 = FACE_BOUND('',#1410,.F.);
#1410 = EDGE_LOOP('',(#1411,#1412,#1413,#1414,#1415,#1416));
#1411 = ORIENTED_EDGE('',*,*,#913,.F.);
#1412 = ORIENTED_EDGE('',*,*,#403,.T.);
#1413 = ORIENTED_EDGE('',*,*,#394,.T.);
#1414 = ORIENTED_EDGE('',*,*,#858,.T.);
#1415 = ORIENTED_EDGE('',*,*,#1337,.F.);
#1416 = ORIENTED_EDGE('',*,*,#1346,.F.);
#1417 = CYLINDRICAL_SURFACE('',#1418,0.95);
#1418 = AXIS2_PLACEMENT_3D('',#1419,#1420,#1421);
#1419 = CARTESIAN_POINT('',(8.75,-5.E-02,7.35));
#1420 = DIRECTION('',(0.,1.,0.));
#1421 = DIRECTION('',(0.,-0.,1.));
#1422 = ADVANCED_FACE('',(#1423),#1431,.F.);
#1423 = FACE_BOUND('',#1424,.F.);
#1424 = EDGE_LOOP('',(#1425,#1426,#1427,#1428,#1429,#1430));
#1425 = ORIENTED_EDGE('',*,*,#1139,.T.);
#1426 = ORIENTED_EDGE('',*,*,#1384,.F.);
#1427 = ORIENTED_EDGE('',*,*,#1393,.F.);
#1428 = ORIENTED_EDGE('',*,*,#1305,.F.);
#1429 = ORIENTED_EDGE('',*,*,#1356,.T.);
#1430 = ORIENTED_EDGE('',*,*,#1365,.T.);
#1431 = CYLINDRICAL_SURFACE('',#1432,0.8);
#1432 = AXIS2_PLACEMENT_3D('',#1433,#1434,#1435);
#1433 = CARTESIAN_POINT('',(8.75,0.4,7.35));
#1434 = DIRECTION('',(0.,1.,0.));
#1435 = DIRECTION('',(0.,-0.,1.));
#1436 = ( GEOMETRIC_REPRESENTATION_CONTEXT(3)
GLOBAL_UNCERTAINTY_ASSIGNED_CONTEXT((#1440))
GLOBAL_UNIT_ASSIGNED_CONTEXT((#1437,#1438,#1439)) REPRESENTATION_CONTEXT
('Context #1','3D Context with UNIT and UNCERTAINTY') );
#1437 = ( LENGTH_UNIT() NAMED_UNIT(*) SI_UNIT(.MILLI.,.METRE.) );
#1438 = ( NAMED_UNIT(*) PLANE_ANGLE_UNIT() SI_UNIT($,.RADIAN.) );
#1439 = ( NAMED_UNIT(*) SI_UNIT($,.STERADIAN.) SOLID_ANGLE_UNIT() );
#1440 = UNCERTAINTY_MEASURE_WITH_UNIT(LENGTH_MEASURE(1.E-07),#1437,
  'distance_accuracy_value','confusion accuracy');
#1441 = CONTEXT_DEPENDENT_SHAPE_REPRESENTATION(#1442,#1444);
#1442 = ( REPRESENTATION_RELATIONSHIP('','',#80,#10)
REPRESENTATION_RELATIONSHIP_WITH_TRANSFORMATION(#1443)
SHAPE_REPRESENTATION_RELATIONSHIP() );
#1443 = ITEM_DEFINED_TRANSFORMATION('','',#11,#15);
#1444 = PRODUCT_DEFINITION_SHAPE('Placement','Placement of an item',
  #1445);
#1445 = NEXT_ASSEMBLY_USAGE_OCCURRENCE('1','Housing P1','',#5,#75,$);
#1446 = PRODUCT_RELATED_PRODUCT_CATEGORY('part',$,(#77));
#1447 = SHAPE_DEFINITION_REPRESENTATION(#1448,#1454);
#1448 = PRODUCT_DEFINITION_SHAPE('','',#1449);
#1449 = PRODUCT_DEFINITION('design','',#1450,#1453);
#1450 = PRODUCT_DEFINITION_FORMATION('','',#1451);
#1451 = PRODUCT('Actuator P1','Actuator P1','',(#1452));
#1452 = PRODUCT_CONTEXT('',#2,'mechanical');
#1453 = PRODUCT_DEFINITION_CONTEXT('part definition',#2,'design');
#1454 = ADVANCED_BREP_SHAPE_REPRESENTATION('',(#11,#1455),#1673);
#1455 = MANIFOLD_SOLID_BREP('',#1456);
#1456 = CLOSED_SHELL('',(#1457,#1497,#1528,#1559,#1590,#1623,#1645,#1659
    ));
#1457 = ADVANCED_FACE('',(#1458),#1492,.T.);
#1458 = FACE_BOUND('',#1459,.T.);
#1459 = EDGE_LOOP('',(#1460,#1470,#1478,#1486));
#1460 = ORIENTED_EDGE('',*,*,#1461,.T.);
#1461 = EDGE_CURVE('',#1462,#1464,#1466,.T.);
#1462 = VERTEX_POINT('',#1463);
#1463 = CARTESIAN_POINT('',(7.4,-0.35,10.6));
#1464 = VERTEX_POINT('',#1465);
#1465 = CARTESIAN_POINT('',(10.1,-0.35,10.6));
#1466 = LINE('',#1467,#1468);
#1467 = CARTESIAN_POINT('',(7.4,-0.35,10.6));
#1468 = VECTOR('',#1469,1.);
#1469 = DIRECTION('',(1.,0.,0.));
#1470 = ORIENTED_EDGE('',*,*,#1471,.T.);
#1471 = EDGE_CURVE('',#1464,#1472,#1474,.T.);
#1472 = VERTEX_POINT('',#1473);
#1473 = CARTESIAN_POINT('',(10.1,9.45,10.6));
#1474 = LINE('',#1475,#1476);
#1475 = CARTESIAN_POINT('',(10.1,-0.35,10.6));
#1476 = VECTOR('',#1477,1.);
#1477 = DIRECTION('',(0.,1.,0.));
#1478 = ORIENTED_EDGE('',*,*,#1479,.F.);
#1479 = EDGE_CURVE('',#1480,#1472,#1482,.T.);
#1480 = VERTEX_POINT('',#1481);
#1481 = CARTESIAN_POINT('',(7.4,9.45,10.6));
#1482 = LINE('',#1483,#1484);
#1483 = CARTESIAN_POINT('',(7.4,9.45,10.6));
#1484 = VECTOR('',#1485,1.);
#1485 = DIRECTION('',(1.,0.,0.));
#1486 = ORIENTED_EDGE('',*,*,#1487,.F.);
#1487 = EDGE_CURVE('',#1462,#1480,#1488,.T.);
#1488 = LINE('',#1489,#1490);
#1489 = CARTESIAN_POINT('',(7.4,-0.35,10.6));
#1490 = VECTOR('',#1491,1.);
#1491 = DIRECTION('',(0.,1.,0.));
#1492 = PLANE('',#1493);
#1493 = AXIS2_PLACEMENT_3D('',#1494,#1495,#1496);
#1494 = CARTESIAN_POINT('',(7.4,-0.35,10.6));
#1495 = DIRECTION('',(0.,0.,1.));
#1496 = DIRECTION('',(0.,1.,0.));
#1497 = ADVANCED_FACE('',(#1498),#1523,.T.);
#1498 = FACE_BOUND('',#1499,.T.);
#1499 = EDGE_LOOP('',(#1500,#1510,#1516,#1517));
#1500 = ORIENTED_EDGE('',*,*,#1501,.T.);
#1501 = EDGE_CURVE('',#1502,#1504,#1506,.T.);
#1502 = VERTEX_POINT('',#1503);
#1503 = CARTESIAN_POINT('',(7.4,1.25,8.6));
#1504 = VERTEX_POINT('',#1505);
#1505 = CARTESIAN_POINT('',(10.1,1.25,8.6));
#1506 = LINE('',#1507,#1508);
#1507 = CARTESIAN_POINT('',(7.4,1.25,8.6));
#1508 = VECTOR('',#1509,1.);
#1509 = DIRECTION('',(1.,0.,0.));
#1510 = ORIENTED_EDGE('',*,*,#1511,.T.);
#1511 = EDGE_CURVE('',#1504,#1464,#1512,.T.);
#1512 = LINE('',#1513,#1514);
#1513 = CARTESIAN_POINT('',(10.1,1.25,8.6));
#1514 = VECTOR('',#1515,1.);
#1515 = DIRECTION('',(0.,-0.624695047554,0.780868809443));
#1516 = ORIENTED_EDGE('',*,*,#1461,.F.);
#1517 = ORIENTED_EDGE('',*,*,#1518,.F.);
#1518 = EDGE_CURVE('',#1502,#1462,#1519,.T.);
#1519 = LINE('',#1520,#1521);
#1520 = CARTESIAN_POINT('',(7.4,1.25,8.6));
#1521 = VECTOR('',#1522,1.);
#1522 = DIRECTION('',(0.,-0.624695047554,0.780868809443));
#1523 = PLANE('',#1524);
#1524 = AXIS2_PLACEMENT_3D('',#1525,#1526,#1527);
#1525 = CARTESIAN_POINT('',(7.4,1.25,8.6));
#1526 = DIRECTION('',(0.,-0.780868809443,-0.624695047554));
#1527 = DIRECTION('',(0.,-0.624695047554,0.780868809443));
#1528 = ADVANCED_FACE('',(#1529),#1554,.T.);
#1529 = FACE_BOUND('',#1530,.T.);
#1530 = EDGE_LOOP('',(#1531,#1539,#1540,#1548));
#1531 = ORIENTED_EDGE('',*,*,#1532,.F.);
#1532 = EDGE_CURVE('',#1480,#1533,#1535,.T.);
#1533 = VERTEX_POINT('',#1534);
#1534 = CARTESIAN_POINT('',(7.4,9.45,9.565923489271));
#1535 = LINE('',#1536,#1537);
#1536 = CARTESIAN_POINT('',(7.4,9.45,10.6));
#1537 = VECTOR('',#1538,1.);
#1538 = DIRECTION('',(0.,0.,-1.));
#1539 = ORIENTED_EDGE('',*,*,#1479,.T.);
#1540 = ORIENTED_EDGE('',*,*,#1541,.T.);
#1541 = EDGE_CURVE('',#1472,#1542,#1544,.T.);
#1542 = VERTEX_POINT('',#1543);
#1543 = CARTESIAN_POINT('',(10.1,9.45,9.565923489271));
#1544 = LINE('',#1545,#1546);
#1545 = CARTESIAN_POINT('',(10.1,9.45,10.6));
#1546 = VECTOR('',#1547,1.);
#1547 = DIRECTION('',(0.,0.,-1.));
#1548 = ORIENTED_EDGE('',*,*,#1549,.F.);
#1549 = EDGE_CURVE('',#1533,#1542,#1550,.T.);
#1550 = LINE('',#1551,#1552);
#1551 = CARTESIAN_POINT('',(7.4,9.45,9.565923489271));
#1552 = VECTOR('',#1553,1.);
#1553 = DIRECTION('',(1.,0.,0.));
#1554 = PLANE('',#1555);
#1555 = AXIS2_PLACEMENT_3D('',#1556,#1557,#1558);
#1556 = CARTESIAN_POINT('',(7.4,9.45,10.6));
#1557 = DIRECTION('',(-0.,1.,0.));
#1558 = DIRECTION('',(0.,0.,-1.));
#1559 = ADVANCED_FACE('',(#1560),#1585,.T.);
#1560 = FACE_BOUND('',#1561,.T.);
#1561 = EDGE_LOOP('',(#1562,#1572,#1578,#1579));
#1562 = ORIENTED_EDGE('',*,*,#1563,.T.);
#1563 = EDGE_CURVE('',#1564,#1566,#1568,.T.);
#1564 = VERTEX_POINT('',#1565);
#1565 = CARTESIAN_POINT('',(7.4,9.45,8.6));
#1566 = VERTEX_POINT('',#1567);
#1567 = CARTESIAN_POINT('',(10.1,9.45,8.6));
#1568 = LINE('',#1569,#1570);
#1569 = CARTESIAN_POINT('',(7.4,9.45,8.6));
#1570 = VECTOR('',#1571,1.);
#1571 = DIRECTION('',(1.,0.,0.));
#1572 = ORIENTED_EDGE('',*,*,#1573,.T.);
#1573 = EDGE_CURVE('',#1566,#1504,#1574,.T.);
#1574 = LINE('',#1575,#1576);
#1575 = CARTESIAN_POINT('',(10.1,9.45,8.6));
#1576 = VECTOR('',#1577,1.);
#1577 = DIRECTION('',(0.,-1.,0.));
#1578 = ORIENTED_EDGE('',*,*,#1501,.F.);
#1579 = ORIENTED_EDGE('',*,*,#1580,.F.);
#1580 = EDGE_CURVE('',#1564,#1502,#1581,.T.);
#1581 = LINE('',#1582,#1583);
#1582 = CARTESIAN_POINT('',(7.4,9.45,8.6));
#1583 = VECTOR('',#1584,1.);
#1584 = DIRECTION('',(0.,-1.,0.));
#1585 = PLANE('',#1586);
#1586 = AXIS2_PLACEMENT_3D('',#1587,#1588,#1589);
#1587 = CARTESIAN_POINT('',(7.4,9.45,8.6));
#1588 = DIRECTION('',(0.,0.,-1.));
#1589 = DIRECTION('',(0.,-1.,0.));
#1590 = ADVANCED_FACE('',(#1591),#1618,.T.);
#1591 = FACE_BOUND('',#1592,.T.);
#1592 = EDGE_LOOP('',(#1593,#1602,#1610,#1617));
#1593 = ORIENTED_EDGE('',*,*,#1594,.F.);
#1594 = EDGE_CURVE('',#1595,#1542,#1597,.T.);
#1595 = VERTEX_POINT('',#1596);
#1596 = CARTESIAN_POINT('',(10.1,9.45,8.834076510729));
#1597 = CIRCLE('',#1598,0.58);
#1598 = AXIS2_PLACEMENT_3D('',#1599,#1600,#1601);
#1599 = CARTESIAN_POINT('',(10.1,9.,9.2));
#1600 = DIRECTION('',(1.,0.,0.));
#1601 = DIRECTION('',(-0.,0.,1.));
#1602 = ORIENTED_EDGE('',*,*,#1603,.F.);
#1603 = EDGE_CURVE('',#1604,#1595,#1606,.T.);
#1604 = VERTEX_POINT('',#1605);
#1605 = CARTESIAN_POINT('',(7.4,9.45,8.834076510729));
#1606 = LINE('',#1607,#1608);
#1607 = CARTESIAN_POINT('',(7.4,9.45,8.834076510729));
#1608 = VECTOR('',#1609,1.);
#1609 = DIRECTION('',(1.,0.,0.));
#1610 = ORIENTED_EDGE('',*,*,#1611,.T.);
#1611 = EDGE_CURVE('',#1604,#1533,#1612,.T.);
#1612 = CIRCLE('',#1613,0.58);
#1613 = AXIS2_PLACEMENT_3D('',#1614,#1615,#1616);
#1614 = CARTESIAN_POINT('',(7.4,9.,9.2));
#1615 = DIRECTION('',(1.,0.,0.));
#1616 = DIRECTION('',(-0.,0.,1.));
#1617 = ORIENTED_EDGE('',*,*,#1549,.T.);
#1618 = CYLINDRICAL_SURFACE('',#1619,0.58);
#1619 = AXIS2_PLACEMENT_3D('',#1620,#1621,#1622);
#1620 = CARTESIAN_POINT('',(7.4,9.,9.2));
#1621 = DIRECTION('',(1.,0.,0.));
#1622 = DIRECTION('',(-0.,0.,1.));
#1623 = ADVANCED_FACE('',(#1624),#1640,.T.);
#1624 = FACE_BOUND('',#1625,.T.);
#1625 = EDGE_LOOP('',(#1626,#1632,#1633,#1639));
#1626 = ORIENTED_EDGE('',*,*,#1627,.F.);
#1627 = EDGE_CURVE('',#1604,#1564,#1628,.T.);
#1628 = LINE('',#1629,#1630);
#1629 = CARTESIAN_POINT('',(7.4,9.45,10.6));
#1630 = VECTOR('',#1631,1.);
#1631 = DIRECTION('',(0.,0.,-1.));
#1632 = ORIENTED_EDGE('',*,*,#1603,.T.);
#1633 = ORIENTED_EDGE('',*,*,#1634,.T.);
#1634 = EDGE_CURVE('',#1595,#1566,#1635,.T.);
#1635 = LINE('',#1636,#1637);
#1636 = CARTESIAN_POINT('',(10.1,9.45,10.6));
#1637 = VECTOR('',#1638,1.);
#1638 = DIRECTION('',(0.,0.,-1.));
#1639 = ORIENTED_EDGE('',*,*,#1563,.F.);
#1640 = PLANE('',#1641);
#1641 = AXIS2_PLACEMENT_3D('',#1642,#1643,#1644);
#1642 = CARTESIAN_POINT('',(7.4,9.45,10.6));
#1643 = DIRECTION('',(-0.,1.,0.));
#1644 = DIRECTION('',(0.,0.,-1.));
#1645 = ADVANCED_FACE('',(#1646),#1654,.T.);
#1646 = FACE_BOUND('',#1647,.T.);
#1647 = EDGE_LOOP('',(#1648,#1649,#1650,#1651,#1652,#1653));
#1648 = ORIENTED_EDGE('',*,*,#1518,.T.);
#1649 = ORIENTED_EDGE('',*,*,#1487,.T.);
#1650 = ORIENTED_EDGE('',*,*,#1532,.T.);
#1651 = ORIENTED_EDGE('',*,*,#1611,.F.);
#1652 = ORIENTED_EDGE('',*,*,#1627,.T.);
#1653 = ORIENTED_EDGE('',*,*,#1580,.T.);
#1654 = PLANE('',#1655);
#1655 = AXIS2_PLACEMENT_3D('',#1656,#1657,#1658);
#1656 = CARTESIAN_POINT('',(7.4,4.823284092834,9.669808456553));
#1657 = DIRECTION('',(-1.,-0.,-0.));
#1658 = DIRECTION('',(0.,0.,-1.));
#1659 = ADVANCED_FACE('',(#1660),#1668,.T.);
#1660 = FACE_BOUND('',#1661,.T.);
#1661 = EDGE_LOOP('',(#1662,#1663,#1664,#1665,#1666,#1667));
#1662 = ORIENTED_EDGE('',*,*,#1511,.F.);
#1663 = ORIENTED_EDGE('',*,*,#1573,.F.);
#1664 = ORIENTED_EDGE('',*,*,#1634,.F.);
#1665 = ORIENTED_EDGE('',*,*,#1594,.T.);
#1666 = ORIENTED_EDGE('',*,*,#1541,.F.);
#1667 = ORIENTED_EDGE('',*,*,#1471,.F.);
#1668 = PLANE('',#1669);
#1669 = AXIS2_PLACEMENT_3D('',#1670,#1671,#1672);
#1670 = CARTESIAN_POINT('',(10.1,4.823284092834,9.669808456553));
#1671 = DIRECTION('',(1.,0.,0.));
#1672 = DIRECTION('',(-0.,0.,1.));
#1673 = ( GEOMETRIC_REPRESENTATION_CONTEXT(3)
GLOBAL_UNCERTAINTY_ASSIGNED_CONTEXT((#1677))
GLOBAL_UNIT_ASSIGNED_CONTEXT((#1674,#1675,#1676)) REPRESENTATION_CONTEXT
('Context #1','3D Context with UNIT and UNCERTAINTY') );
#1674 = ( LENGTH_UNIT() NAMED_UNIT(*) SI_UNIT(.MILLI.,.METRE.) );
#1675 = ( NAMED_UNIT(*) PLANE_ANGLE_UNIT() SI_UNIT($,.RADIAN.) );
#1676 = ( NAMED_UNIT(*) SI_UNIT($,.STERADIAN.) SOLID_ANGLE_UNIT() );
#1677 = UNCERTAINTY_MEASURE_WITH_UNIT(LENGTH_MEASURE(1.E-07),#1674,
  'distance_accuracy_value','confusion accuracy');
#1678 = CONTEXT_DEPENDENT_SHAPE_REPRESENTATION(#1679,#1681);
#1679 = ( REPRESENTATION_RELATIONSHIP('','',#1454,#10)
REPRESENTATION_RELATIONSHIP_WITH_TRANSFORMATION(#1680)
SHAPE_REPRESENTATION_RELATIONSHIP() );
#1680 = ITEM_DEFINED_TRANSFORMATION('','',#11,#19);
#1681 = PRODUCT_DEFINITION_SHAPE('Placement','Placement of an item',
  #1682);
#1682 = NEXT_ASSEMBLY_USAGE_OCCURRENCE('2','Actuator P1','',#5,#1449,$);
#1683 = PRODUCT_RELATED_PRODUCT_CATEGORY('part',$,(#1451));
#1684 = SHAPE_DEFINITION_REPRESENTATION(#1685,#1691);
#1685 = PRODUCT_DEFINITION_SHAPE('','',#1686);
#1686 = PRODUCT_DEFINITION('design','',#1687,#1690);
#1687 = PRODUCT_DEFINITION_FORMATION('','',#1688);
#1688 = PRODUCT('Terminal Pin P1 A','Terminal Pin P1 A','',(#1689));
#1689 = PRODUCT_CONTEXT('',#2,'mechanical');
#1690 = PRODUCT_DEFINITION_CONTEXT('part definition',#2,'design');
#1691 = ADVANCED_BREP_SHAPE_REPRESENTATION('',(#11,#1692),#1842);
#1692 = MANIFOLD_SOLID_BREP('',#1693);
#1693 = CLOSED_SHELL('',(#1694,#1734,#1774,#1796,#1818,#1830));
#1694 = ADVANCED_FACE('',(#1695),#1729,.F.);
#1695 = FACE_BOUND('',#1696,.F.);
#1696 = EDGE_LOOP('',(#1697,#1707,#1715,#1723));
#1697 = ORIENTED_EDGE('',*,*,#1698,.F.);
#1698 = EDGE_CURVE('',#1699,#1701,#1703,.T.);
#1699 = VERTEX_POINT('',#1700);
#1700 = CARTESIAN_POINT('',(8.85,4.35,-3.5));
#1701 = VERTEX_POINT('',#1702);
#1702 = CARTESIAN_POINT('',(8.85,4.35,0.));
#1703 = LINE('',#1704,#1705);
#1704 = CARTESIAN_POINT('',(8.85,4.35,-3.5));
#1705 = VECTOR('',#1706,1.);
#1706 = DIRECTION('',(0.,0.,1.));
#1707 = ORIENTED_EDGE('',*,*,#1708,.T.);
#1708 = EDGE_CURVE('',#1699,#1709,#1711,.T.);
#1709 = VERTEX_POINT('',#1710);
#1710 = CARTESIAN_POINT('',(8.85,4.85,-3.5));
#1711 = LINE('',#1712,#1713);
#1712 = CARTESIAN_POINT('',(8.85,4.35,-3.5));
#1713 = VECTOR('',#1714,1.);
#1714 = DIRECTION('',(-0.,1.,0.));
#1715 = ORIENTED_EDGE('',*,*,#1716,.T.);
#1716 = EDGE_CURVE('',#1709,#1717,#1719,.T.);
#1717 = VERTEX_POINT('',#1718);
#1718 = CARTESIAN_POINT('',(8.85,4.85,0.));
#1719 = LINE('',#1720,#1721);
#1720 = CARTESIAN_POINT('',(8.85,4.85,-3.5));
#1721 = VECTOR('',#1722,1.);
#1722 = DIRECTION('',(0.,0.,1.));
#1723 = ORIENTED_EDGE('',*,*,#1724,.F.);
#1724 = EDGE_CURVE('',#1701,#1717,#1725,.T.);
#1725 = LINE('',#1726,#1727);
#1726 = CARTESIAN_POINT('',(8.85,4.35,0.));
#1727 = VECTOR('',#1728,1.);
#1728 = DIRECTION('',(-0.,1.,0.));
#1729 = PLANE('',#1730);
#1730 = AXIS2_PLACEMENT_3D('',#1731,#1732,#1733);
#1731 = CARTESIAN_POINT('',(8.85,4.35,-3.5));
#1732 = DIRECTION('',(1.,0.,-0.));
#1733 = DIRECTION('',(0.,0.,1.));
#1734 = ADVANCED_FACE('',(#1735),#1769,.T.);
#1735 = FACE_BOUND('',#1736,.T.);
#1736 = EDGE_LOOP('',(#1737,#1747,#1755,#1763));
#1737 = ORIENTED_EDGE('',*,*,#1738,.F.);
#1738 = EDGE_CURVE('',#1739,#1741,#1743,.T.);
#1739 = VERTEX_POINT('',#1740);
#1740 = CARTESIAN_POINT('',(9.65,4.35,-3.5));
#1741 = VERTEX_POINT('',#1742);
#1742 = CARTESIAN_POINT('',(9.65,4.35,0.));
#1743 = LINE('',#1744,#1745);
#1744 = CARTESIAN_POINT('',(9.65,4.35,-3.5));
#1745 = VECTOR('',#1746,1.);
#1746 = DIRECTION('',(0.,0.,1.));
#1747 = ORIENTED_EDGE('',*,*,#1748,.T.);
#1748 = EDGE_CURVE('',#1739,#1749,#1751,.T.);
#1749 = VERTEX_POINT('',#1750);
#1750 = CARTESIAN_POINT('',(9.65,4.85,-3.5));
#1751 = LINE('',#1752,#1753);
#1752 = CARTESIAN_POINT('',(9.65,4.35,-3.5));
#1753 = VECTOR('',#1754,1.);
#1754 = DIRECTION('',(-0.,1.,0.));
#1755 = ORIENTED_EDGE('',*,*,#1756,.T.);
#1756 = EDGE_CURVE('',#1749,#1757,#1759,.T.);
#1757 = VERTEX_POINT('',#1758);
#1758 = CARTESIAN_POINT('',(9.65,4.85,0.));
#1759 = LINE('',#1760,#1761);
#1760 = CARTESIAN_POINT('',(9.65,4.85,-3.5));
#1761 = VECTOR('',#1762,1.);
#1762 = DIRECTION('',(0.,0.,1.));
#1763 = ORIENTED_EDGE('',*,*,#1764,.F.);
#1764 = EDGE_CURVE('',#1741,#1757,#1765,.T.);
#1765 = LINE('',#1766,#1767);
#1766 = CARTESIAN_POINT('',(9.65,4.35,0.));
#1767 = VECTOR('',#1768,1.);
#1768 = DIRECTION('',(-0.,1.,0.));
#1769 = PLANE('',#1770);
#1770 = AXIS2_PLACEMENT_3D('',#1771,#1772,#1773);
#1771 = CARTESIAN_POINT('',(9.65,4.35,-3.5));
#1772 = DIRECTION('',(1.,0.,-0.));
#1773 = DIRECTION('',(0.,0.,1.));
#1774 = ADVANCED_FACE('',(#1775),#1791,.F.);
#1775 = FACE_BOUND('',#1776,.F.);
#1776 = EDGE_LOOP('',(#1777,#1783,#1784,#1790));
#1777 = ORIENTED_EDGE('',*,*,#1778,.F.);
#1778 = EDGE_CURVE('',#1699,#1739,#1779,.T.);
#1779 = LINE('',#1780,#1781);
#1780 = CARTESIAN_POINT('',(8.85,4.35,-3.5));
#1781 = VECTOR('',#1782,1.);
#1782 = DIRECTION('',(1.,0.,-0.));
#1783 = ORIENTED_EDGE('',*,*,#1698,.T.);
#1784 = ORIENTED_EDGE('',*,*,#1785,.T.);
#1785 = EDGE_CURVE('',#1701,#1741,#1786,.T.);
#1786 = LINE('',#1787,#1788);
#1787 = CARTESIAN_POINT('',(8.85,4.35,0.));
#1788 = VECTOR('',#1789,1.);
#1789 = DIRECTION('',(1.,0.,-0.));
#1790 = ORIENTED_EDGE('',*,*,#1738,.F.);
#1791 = PLANE('',#1792);
#1792 = AXIS2_PLACEMENT_3D('',#1793,#1794,#1795);
#1793 = CARTESIAN_POINT('',(8.85,4.35,-3.5));
#1794 = DIRECTION('',(-0.,1.,0.));
#1795 = DIRECTION('',(0.,0.,1.));
#1796 = ADVANCED_FACE('',(#1797),#1813,.T.);
#1797 = FACE_BOUND('',#1798,.T.);
#1798 = EDGE_LOOP('',(#1799,#1805,#1806,#1812));
#1799 = ORIENTED_EDGE('',*,*,#1800,.F.);
#1800 = EDGE_CURVE('',#1709,#1749,#1801,.T.);
#1801 = LINE('',#1802,#1803);
#1802 = CARTESIAN_POINT('',(8.85,4.85,-3.5));
#1803 = VECTOR('',#1804,1.);
#1804 = DIRECTION('',(1.,0.,-0.));
#1805 = ORIENTED_EDGE('',*,*,#1716,.T.);
#1806 = ORIENTED_EDGE('',*,*,#1807,.T.);
#1807 = EDGE_CURVE('',#1717,#1757,#1808,.T.);
#1808 = LINE('',#1809,#1810);
#1809 = CARTESIAN_POINT('',(8.85,4.85,0.));
#1810 = VECTOR('',#1811,1.);
#1811 = DIRECTION('',(1.,0.,-0.));
#1812 = ORIENTED_EDGE('',*,*,#1756,.F.);
#1813 = PLANE('',#1814);
#1814 = AXIS2_PLACEMENT_3D('',#1815,#1816,#1817);
#1815 = CARTESIAN_POINT('',(8.85,4.85,-3.5));
#1816 = DIRECTION('',(-0.,1.,0.));
#1817 = DIRECTION('',(0.,0.,1.));
#1818 = ADVANCED_FACE('',(#1819),#1825,.F.);
#1819 = FACE_BOUND('',#1820,.F.);
#1820 = EDGE_LOOP('',(#1821,#1822,#1823,#1824));
#1821 = ORIENTED_EDGE('',*,*,#1708,.F.);
#1822 = ORIENTED_EDGE('',*,*,#1778,.T.);
#1823 = ORIENTED_EDGE('',*,*,#1748,.T.);
#1824 = ORIENTED_EDGE('',*,*,#1800,.F.);
#1825 = PLANE('',#1826);
#1826 = AXIS2_PLACEMENT_3D('',#1827,#1828,#1829);
#1827 = CARTESIAN_POINT('',(8.85,4.35,-3.5));
#1828 = DIRECTION('',(0.,0.,1.));
#1829 = DIRECTION('',(1.,0.,-0.));
#1830 = ADVANCED_FACE('',(#1831),#1837,.T.);
#1831 = FACE_BOUND('',#1832,.T.);
#1832 = EDGE_LOOP('',(#1833,#1834,#1835,#1836));
#1833 = ORIENTED_EDGE('',*,*,#1724,.F.);
#1834 = ORIENTED_EDGE('',*,*,#1785,.T.);
#1835 = ORIENTED_EDGE('',*,*,#1764,.T.);
#1836 = ORIENTED_EDGE('',*,*,#1807,.F.);
#1837 = PLANE('',#1838);
#1838 = AXIS2_PLACEMENT_3D('',#1839,#1840,#1841);
#1839 = CARTESIAN_POINT('',(8.85,4.35,0.));
#1840 = DIRECTION('',(0.,0.,1.));
#1841 = DIRECTION('',(1.,0.,-0.));
#1842 = ( GEOMETRIC_REPRESENTATION_CONTEXT(3)
GLOBAL_UNCERTAINTY_ASSIGNED_CONTEXT((#1846))
GLOBAL_UNIT_ASSIGNED_CONTEXT((#1843,#1844,#1845)) REPRESENTATION_CONTEXT
('Context #1','3D Context with UNIT and UNCERTAINTY') );
#1843 = ( LENGTH_UNIT() NAMED_UNIT(*) SI_UNIT(.MILLI.,.METRE.) );
#1844 = ( NAMED_UNIT(*) PLANE_ANGLE_UNIT() SI_UNIT($,.RADIAN.) );
#1845 = ( NAMED_UNIT(*) SI_UNIT($,.STERADIAN.) SOLID_ANGLE_UNIT() );
#1846 = UNCERTAINTY_MEASURE_WITH_UNIT(LENGTH_MEASURE(1.E-07),#1843,
  'distance_accuracy_value','confusion accuracy');
#1847 = CONTEXT_DEPENDENT_SHAPE_REPRESENTATION(#1848,#1850);
#1848 = ( REPRESENTATION_RELATIONSHIP('','',#1691,#10)
REPRESENTATION_RELATIONSHIP_WITH_TRANSFORMATION(#1849)
SHAPE_REPRESENTATION_RELATIONSHIP() );
#1849 = ITEM_DEFINED_TRANSFORMATION('','',#11,#23);
#1850 = PRODUCT_DEFINITION_SHAPE('Placement','Placement of an item',
  #1851);
#1851 = NEXT_ASSEMBLY_USAGE_OCCURRENCE('3','Terminal Pin P1 A','',#5,
  #1686,$);
#1852 = PRODUCT_RELATED_PRODUCT_CATEGORY('part',$,(#1688));
#1853 = SHAPE_DEFINITION_REPRESENTATION(#1854,#1860);
#1854 = PRODUCT_DEFINITION_SHAPE('','',#1855);
#1855 = PRODUCT_DEFINITION('design','',#1856,#1859);
#1856 = PRODUCT_DEFINITION_FORMATION('','',#1857);
#1857 = PRODUCT('Terminal Pin P1 B','Terminal Pin P1 B','',(#1858));
#1858 = PRODUCT_CONTEXT('',#2,'mechanical');
#1859 = PRODUCT_DEFINITION_CONTEXT('part definition',#2,'design');
#1860 = ADVANCED_BREP_SHAPE_REPRESENTATION('',(#11,#1861),#2011);
#1861 = MANIFOLD_SOLID_BREP('',#1862);
#1862 = CLOSED_SHELL('',(#1863,#1903,#1943,#1965,#1987,#1999));
#1863 = ADVANCED_FACE('',(#1864),#1898,.F.);
#1864 = FACE_BOUND('',#1865,.F.);
#1865 = EDGE_LOOP('',(#1866,#1876,#1884,#1892));
#1866 = ORIENTED_EDGE('',*,*,#1867,.F.);
#1867 = EDGE_CURVE('',#1868,#1870,#1872,.T.);
#1868 = VERTEX_POINT('',#1869);
#1869 = CARTESIAN_POINT('',(8.85,9.35,-3.5));
#1870 = VERTEX_POINT('',#1871);
#1871 = CARTESIAN_POINT('',(8.85,9.35,0.));
#1872 = LINE('',#1873,#1874);
#1873 = CARTESIAN_POINT('',(8.85,9.35,-3.5));
#1874 = VECTOR('',#1875,1.);
#1875 = DIRECTION('',(0.,0.,1.));
#1876 = ORIENTED_EDGE('',*,*,#1877,.T.);
#1877 = EDGE_CURVE('',#1868,#1878,#1880,.T.);
#1878 = VERTEX_POINT('',#1879);
#1879 = CARTESIAN_POINT('',(8.85,9.85,-3.5));
#1880 = LINE('',#1881,#1882);
#1881 = CARTESIAN_POINT('',(8.85,9.35,-3.5));
#1882 = VECTOR('',#1883,1.);
#1883 = DIRECTION('',(-0.,1.,0.));
#1884 = ORIENTED_EDGE('',*,*,#1885,.T.);
#1885 = EDGE_CURVE('',#1878,#1886,#1888,.T.);
#1886 = VERTEX_POINT('',#1887);
#1887 = CARTESIAN_POINT('',(8.85,9.85,0.));
#1888 = LINE('',#1889,#1890);
#1889 = CARTESIAN_POINT('',(8.85,9.85,-3.5));
#1890 = VECTOR('',#1891,1.);
#1891 = DIRECTION('',(0.,0.,1.));
#1892 = ORIENTED_EDGE('',*,*,#1893,.F.);
#1893 = EDGE_CURVE('',#1870,#1886,#1894,.T.);
#1894 = LINE('',#1895,#1896);
#1895 = CARTESIAN_POINT('',(8.85,9.35,0.));
#1896 = VECTOR('',#1897,1.);
#1897 = DIRECTION('',(-0.,1.,0.));
#1898 = PLANE('',#1899);
#1899 = AXIS2_PLACEMENT_3D('',#1900,#1901,#1902);
#1900 = CARTESIAN_POINT('',(8.85,9.35,-3.5));
#1901 = DIRECTION('',(1.,0.,-0.));
#1902 = DIRECTION('',(0.,0.,1.));
#1903 = ADVANCED_FACE('',(#1904),#1938,.T.);
#1904 = FACE_BOUND('',#1905,.T.);
#1905 = EDGE_LOOP('',(#1906,#1916,#1924,#1932));
#1906 = ORIENTED_EDGE('',*,*,#1907,.F.);
#1907 = EDGE_CURVE('',#1908,#1910,#1912,.T.);
#1908 = VERTEX_POINT('',#1909);
#1909 = CARTESIAN_POINT('',(9.65,9.35,-3.5));
#1910 = VERTEX_POINT('',#1911);
#1911 = CARTESIAN_POINT('',(9.65,9.35,0.));
#1912 = LINE('',#1913,#1914);
#1913 = CARTESIAN_POINT('',(9.65,9.35,-3.5));
#1914 = VECTOR('',#1915,1.);
#1915 = DIRECTION('',(0.,0.,1.));
#1916 = ORIENTED_EDGE('',*,*,#1917,.T.);
#1917 = EDGE_CURVE('',#1908,#1918,#1920,.T.);
#1918 = VERTEX_POINT('',#1919);
#1919 = CARTESIAN_POINT('',(9.65,9.85,-3.5));
#1920 = LINE('',#1921,#1922);
#1921 = CARTESIAN_POINT('',(9.65,9.35,-3.5));
#1922 = VECTOR('',#1923,1.);
#1923 = DIRECTION('',(-0.,1.,0.));
#1924 = ORIENTED_EDGE('',*,*,#1925,.T.);
#1925 = EDGE_CURVE('',#1918,#1926,#1928,.T.);
#1926 = VERTEX_POINT('',#1927);
#1927 = CARTESIAN_POINT('',(9.65,9.85,0.));
#1928 = LINE('',#1929,#1930);
#1929 = CARTESIAN_POINT('',(9.65,9.85,-3.5));
#1930 = VECTOR('',#1931,1.);
#1931 = DIRECTION('',(0.,0.,1.));
#1932 = ORIENTED_EDGE('',*,*,#1933,.F.);
#1933 = EDGE_CURVE('',#1910,#1926,#1934,.T.);
#1934 = LINE('',#1935,#1936);
#1935 = CARTESIAN_POINT('',(9.65,9.35,0.));
#1936 = VECTOR('',#1937,1.);
#1937 = DIRECTION('',(-0.,1.,0.));
#1938 = PLANE('',#1939);
#1939 = AXIS2_PLACEMENT_3D('',#1940,#1941,#1942);
#1940 = CARTESIAN_POINT('',(9.65,9.35,-3.5));
#1941 = DIRECTION('',(1.,0.,-0.));
#1942 = DIRECTION('',(0.,0.,1.));
#1943 = ADVANCED_FACE('',(#1944),#1960,.F.);
#1944 = FACE_BOUND('',#1945,.F.);
#1945 = EDGE_LOOP('',(#1946,#1952,#1953,#1959));
#1946 = ORIENTED_EDGE('',*,*,#1947,.F.);
#1947 = EDGE_CURVE('',#1868,#1908,#1948,.T.);
#1948 = LINE('',#1949,#1950);
#1949 = CARTESIAN_POINT('',(8.85,9.35,-3.5));
#1950 = VECTOR('',#1951,1.);
#1951 = DIRECTION('',(1.,0.,-0.));
#1952 = ORIENTED_EDGE('',*,*,#1867,.T.);
#1953 = ORIENTED_EDGE('',*,*,#1954,.T.);
#1954 = EDGE_CURVE('',#1870,#1910,#1955,.T.);
#1955 = LINE('',#1956,#1957);
#1956 = CARTESIAN_POINT('',(8.85,9.35,0.));
#1957 = VECTOR('',#1958,1.);
#1958 = DIRECTION('',(1.,0.,-0.));
#1959 = ORIENTED_EDGE('',*,*,#1907,.F.);
#1960 = PLANE('',#1961);
#1961 = AXIS2_PLACEMENT_3D('',#1962,#1963,#1964);
#1962 = CARTESIAN_POINT('',(8.85,9.35,-3.5));
#1963 = DIRECTION('',(-0.,1.,0.));
#1964 = DIRECTION('',(0.,0.,1.));
#1965 = ADVANCED_FACE('',(#1966),#1982,.T.);
#1966 = FACE_BOUND('',#1967,.T.);
#1967 = EDGE_LOOP('',(#1968,#1974,#1975,#1981));
#1968 = ORIENTED_EDGE('',*,*,#1969,.F.);
#1969 = EDGE_CURVE('',#1878,#1918,#1970,.T.);
#1970 = LINE('',#1971,#1972);
#1971 = CARTESIAN_POINT('',(8.85,9.85,-3.5));
#1972 = VECTOR('',#1973,1.);
#1973 = DIRECTION('',(1.,0.,-0.));
#1974 = ORIENTED_EDGE('',*,*,#1885,.T.);
#1975 = ORIENTED_EDGE('',*,*,#1976,.T.);
#1976 = EDGE_CURVE('',#1886,#1926,#1977,.T.);
#1977 = LINE('',#1978,#1979);
#1978 = CARTESIAN_POINT('',(8.85,9.85,0.));
#1979 = VECTOR('',#1980,1.);
#1980 = DIRECTION('',(1.,0.,-0.));
#1981 = ORIENTED_EDGE('',*,*,#1925,.F.);
#1982 = PLANE('',#1983);
#1983 = AXIS2_PLACEMENT_3D('',#1984,#1985,#1986);
#1984 = CARTESIAN_POINT('',(8.85,9.85,-3.5));
#1985 = DIRECTION('',(-0.,1.,0.));
#1986 = DIRECTION('',(0.,0.,1.));
#1987 = ADVANCED_FACE('',(#1988),#1994,.F.);
#1988 = FACE_BOUND('',#1989,.F.);
#1989 = EDGE_LOOP('',(#1990,#1991,#1992,#1993));
#1990 = ORIENTED_EDGE('',*,*,#1877,.F.);
#1991 = ORIENTED_EDGE('',*,*,#1947,.T.);
#1992 = ORIENTED_EDGE('',*,*,#1917,.T.);
#1993 = ORIENTED_EDGE('',*,*,#1969,.F.);
#1994 = PLANE('',#1995);
#1995 = AXIS2_PLACEMENT_3D('',#1996,#1997,#1998);
#1996 = CARTESIAN_POINT('',(8.85,9.35,-3.5));
#1997 = DIRECTION('',(0.,0.,1.));
#1998 = DIRECTION('',(1.,0.,-0.));
#1999 = ADVANCED_FACE('',(#2000),#2006,.T.);
#2000 = FACE_BOUND('',#2001,.T.);
#2001 = EDGE_LOOP('',(#2002,#2003,#2004,#2005));
#2002 = ORIENTED_EDGE('',*,*,#1893,.F.);
#2003 = ORIENTED_EDGE('',*,*,#1954,.T.);
#2004 = ORIENTED_EDGE('',*,*,#1933,.T.);
#2005 = ORIENTED_EDGE('',*,*,#1976,.F.);
#2006 = PLANE('',#2007);
#2007 = AXIS2_PLACEMENT_3D('',#2008,#2009,#2010);
#2008 = CARTESIAN_POINT('',(8.85,9.35,0.));
#2009 = DIRECTION('',(0.,0.,1.));
#2010 = DIRECTION('',(1.,0.,-0.));
#2011 = ( GEOMETRIC_REPRESENTATION_CONTEXT(3)
GLOBAL_UNCERTAINTY_ASSIGNED_CONTEXT((#2015))
GLOBAL_UNIT_ASSIGNED_CONTEXT((#2012,#2013,#2014)) REPRESENTATION_CONTEXT
('Context #1','3D Context with UNIT and UNCERTAINTY') );
#2012 = ( LENGTH_UNIT() NAMED_UNIT(*) SI_UNIT(.MILLI.,.METRE.) );
#2013 = ( NAMED_UNIT(*) PLANE_ANGLE_UNIT() SI_UNIT($,.RADIAN.) );
#2014 = ( NAMED_UNIT(*) SI_UNIT($,.STERADIAN.) SOLID_ANGLE_UNIT() );
#2015 = UNCERTAINTY_MEASURE_WITH_UNIT(LENGTH_MEASURE(1.E-07),#2012,
  'distance_accuracy_value','confusion accuracy');
#2016 = CONTEXT_DEPENDENT_SHAPE_REPRESENTATION(#2017,#2019);
#2017 = ( REPRESENTATION_RELATIONSHIP('','',#1860,#10)
REPRESENTATION_RELATIONSHIP_WITH_TRANSFORMATION(#2018)
SHAPE_REPRESENTATION_RELATIONSHIP() );
#2018 = ITEM_DEFINED_TRANSFORMATION('','',#11,#27);
#2019 = PRODUCT_DEFINITION_SHAPE('Placement','Placement of an item',
  #2020);
#2020 = NEXT_ASSEMBLY_USAGE_OCCURRENCE('4','Terminal Pin P1 B','',#5,
  #1855,$);
#2021 = PRODUCT_RELATED_PRODUCT_CATEGORY('part',$,(#1857));
#2022 = SHAPE_DEFINITION_REPRESENTATION(#2023,#2029);
#2023 = PRODUCT_DEFINITION_SHAPE('','',#2024);
#2024 = PRODUCT_DEFINITION('design','',#2025,#2028);
#2025 = PRODUCT_DEFINITION_FORMATION('','',#2026);
#2026 = PRODUCT('Housing P2','Housing P2','',(#2027));
#2027 = PRODUCT_CONTEXT('',#2,'mechanical');
#2028 = PRODUCT_DEFINITION_CONTEXT('part definition',#2,'design');
#2029 = ADVANCED_BREP_SHAPE_REPRESENTATION('',(#11,#2030),#3385);
#2030 = MANIFOLD_SOLID_BREP('',#2031);
#2031 = CLOSED_SHELL('',(#2032,#2080,#2113,#2204,#2229,#2262,#2295,#2396
    ,#2413,#2438,#2470,#2495,#2535,#2567,#2591,#2616,#2633,#2650,#2681,
    #2712,#2730,#2761,#2786,#2817,#2841,#2872,#2889,#2913,#2931,#2948,
    #2960,#2977,#2989,#3007,#3018,#3067,#3098,#3129,#3162,#3193,#3233,
    #3264,#3280,#3326,#3357,#3371));
#2032 = ADVANCED_FACE('',(#2033),#2075,.F.);
#2033 = FACE_BOUND('',#2034,.F.);
#2034 = EDGE_LOOP('',(#2035,#2045,#2053,#2061,#2069));
#2035 = ORIENTED_EDGE('',*,*,#2036,.F.);
#2036 = EDGE_CURVE('',#2037,#2039,#2041,.T.);
#2037 = VERTEX_POINT('',#2038);
#2038 = CARTESIAN_POINT('',(3.5,0.3,0.3));
#2039 = VERTEX_POINT('',#2040);
#2040 = CARTESIAN_POINT('',(3.5,0.3,9.086363636364));
#2041 = LINE('',#2042,#2043);
#2042 = CARTESIAN_POINT('',(3.5,0.3,0.));
#2043 = VECTOR('',#2044,1.);
#2044 = DIRECTION('',(0.,0.,1.));
#2045 = ORIENTED_EDGE('',*,*,#2046,.T.);
#2046 = EDGE_CURVE('',#2037,#2047,#2049,.T.);
#2047 = VERTEX_POINT('',#2048);
#2048 = CARTESIAN_POINT('',(3.5,12.2,0.3));
#2049 = LINE('',#2050,#2051);
#2050 = CARTESIAN_POINT('',(3.5,0.,0.3));
#2051 = VECTOR('',#2052,1.);
#2052 = DIRECTION('',(-0.,1.,0.));
#2053 = ORIENTED_EDGE('',*,*,#2054,.T.);
#2054 = EDGE_CURVE('',#2047,#2055,#2057,.T.);
#2055 = VERTEX_POINT('',#2056);
#2056 = CARTESIAN_POINT('',(3.5,12.2,10.3));
#2057 = LINE('',#2058,#2059);
#2058 = CARTESIAN_POINT('',(3.5,12.2,0.));
#2059 = VECTOR('',#2060,1.);
#2060 = DIRECTION('',(0.,0.,1.));
#2061 = ORIENTED_EDGE('',*,*,#2062,.F.);
#2062 = EDGE_CURVE('',#2063,#2055,#2065,.T.);
#2063 = VERTEX_POINT('',#2064);
#2064 = CARTESIAN_POINT('',(3.5,1.743243243243,10.3));
#2065 = LINE('',#2066,#2067);
#2066 = CARTESIAN_POINT('',(3.5,0.,10.3));
#2067 = VECTOR('',#2068,1.);
#2068 = DIRECTION('',(-0.,1.,0.));
#2069 = ORIENTED_EDGE('',*,*,#2070,.F.);
#2070 = EDGE_CURVE('',#2039,#2063,#2071,.T.);
#2071 = LINE('',#2072,#2073);
#2072 = CARTESIAN_POINT('',(3.5,-1.125779122542,7.88741301059));
#2073 = VECTOR('',#2074,1.);
#2074 = DIRECTION('',(0.,0.765362085905,0.643599935875));
#2075 = PLANE('',#2076);
#2076 = AXIS2_PLACEMENT_3D('',#2077,#2078,#2079);
#2077 = CARTESIAN_POINT('',(3.5,0.,0.));
#2078 = DIRECTION('',(1.,0.,-0.));
#2079 = DIRECTION('',(0.,0.,1.));
#2080 = ADVANCED_FACE('',(#2081),#2108,.T.);
#2081 = FACE_BOUND('',#2082,.T.);
#2082 = EDGE_LOOP('',(#2083,#2084,#2093,#2101));
#2083 = ORIENTED_EDGE('',*,*,#2036,.F.);
#2084 = ORIENTED_EDGE('',*,*,#2085,.T.);
#2085 = EDGE_CURVE('',#2037,#2086,#2088,.T.);
#2086 = VERTEX_POINT('',#2087);
#2087 = CARTESIAN_POINT('',(3.8,-5.551115123126E-17,0.3));
#2088 = CIRCLE('',#2089,0.3);
#2089 = AXIS2_PLACEMENT_3D('',#2090,#2091,#2092);
#2090 = CARTESIAN_POINT('',(3.8,0.3,0.3));
#2091 = DIRECTION('',(0.,0.,1.));
#2092 = DIRECTION('',(-1.,0.,0.));
#2093 = ORIENTED_EDGE('',*,*,#2094,.T.);
#2094 = EDGE_CURVE('',#2086,#2095,#2097,.T.);
#2095 = VERTEX_POINT('',#2096);
#2096 = CARTESIAN_POINT('',(3.8,-5.551115123126E-17,8.834090909091));
#2097 = LINE('',#2098,#2099);
#2098 = CARTESIAN_POINT('',(3.8,-5.551115123126E-17,0.));
#2099 = VECTOR('',#2100,1.);
#2100 = DIRECTION('',(0.,0.,1.));
#2101 = ORIENTED_EDGE('',*,*,#2102,.T.);
#2102 = EDGE_CURVE('',#2095,#2039,#2103,.T.);
#2103 = ELLIPSE('',#2104,0.391971336867,0.3);
#2104 = AXIS2_PLACEMENT_3D('',#2105,#2106,#2107);
#2105 = CARTESIAN_POINT('',(3.8,0.3,9.086363636364));
#2106 = DIRECTION('',(0.,0.643599935875,-0.765362085905));
#2107 = DIRECTION('',(0.,0.765362085905,0.643599935875));
#2108 = CYLINDRICAL_SURFACE('',#2109,0.3);
#2109 = AXIS2_PLACEMENT_3D('',#2110,#2111,#2112);
#2110 = CARTESIAN_POINT('',(3.8,0.3,0.));
#2111 = DIRECTION('',(0.,0.,1.));
#2112 = DIRECTION('',(-1.,-0.,0.));
#2113 = ADVANCED_FACE('',(#2114),#2199,.F.);
#2114 = FACE_BOUND('',#2115,.F.);
#2115 = EDGE_LOOP('',(#2116,#2125,#2133,#2141,#2149,#2157,#2165,#2174,
    #2182,#2191,#2197,#2198));
#2116 = ORIENTED_EDGE('',*,*,#2117,.T.);
#2117 = EDGE_CURVE('',#2063,#2118,#2120,.T.);
#2118 = VERTEX_POINT('',#2119);
#2119 = CARTESIAN_POINT('',(3.8,2.1,10.6));
#2120 = ELLIPSE('',#2121,0.466128076275,0.3);
#2121 = AXIS2_PLACEMENT_3D('',#2122,#2123,#2124);
#2122 = CARTESIAN_POINT('',(3.8,1.743243243243,10.3));
#2123 = DIRECTION('',(0.,0.643599935875,-0.765362085905));
#2124 = DIRECTION('',(0.,0.765362085905,0.643599935875));
#2125 = ORIENTED_EDGE('',*,*,#2126,.T.);
#2126 = EDGE_CURVE('',#2118,#2127,#2129,.T.);
#2127 = VERTEX_POINT('',#2128);
#2128 = CARTESIAN_POINT('',(3.84,2.1,10.6));
#2129 = LINE('',#2130,#2131);
#2130 = CARTESIAN_POINT('',(3.4,2.1,10.6));
#2131 = VECTOR('',#2132,1.);
#2132 = DIRECTION('',(1.,0.,0.));
#2133 = ORIENTED_EDGE('',*,*,#2134,.T.);
#2134 = EDGE_CURVE('',#2127,#2135,#2137,.T.);
#2135 = VERTEX_POINT('',#2136);
#2136 = CARTESIAN_POINT('',(3.84,0.589585439838,9.329878665319));
#2137 = LINE('',#2138,#2139);
#2138 = CARTESIAN_POINT('',(3.84,2.697145719937,11.102145264493));
#2139 = VECTOR('',#2140,1.);
#2140 = DIRECTION('',(0.,-0.765362085905,-0.643599935875));
#2141 = ORIENTED_EDGE('',*,*,#2142,.T.);
#2142 = EDGE_CURVE('',#2135,#2143,#2145,.T.);
#2143 = VERTEX_POINT('',#2144);
#2144 = CARTESIAN_POINT('',(6.66,0.589585439838,9.329878665319));
#2145 = LINE('',#2146,#2147);
#2146 = CARTESIAN_POINT('',(3.62,0.589585439838,9.329878665319));
#2147 = VECTOR('',#2148,1.);
#2148 = DIRECTION('',(1.,0.,0.));
#2149 = ORIENTED_EDGE('',*,*,#2150,.F.);
#2150 = EDGE_CURVE('',#2151,#2143,#2153,.T.);
#2151 = VERTEX_POINT('',#2152);
#2152 = CARTESIAN_POINT('',(6.66,2.1,10.6));
#2153 = LINE('',#2154,#2155);
#2154 = CARTESIAN_POINT('',(6.66,2.697145719937,11.102145264493));
#2155 = VECTOR('',#2156,1.);
#2156 = DIRECTION('',(0.,-0.765362085905,-0.643599935875));
#2157 = ORIENTED_EDGE('',*,*,#2158,.T.);
#2158 = EDGE_CURVE('',#2151,#2159,#2161,.T.);
#2159 = VERTEX_POINT('',#2160);
#2160 = CARTESIAN_POINT('',(6.7,2.1,10.6));
#2161 = LINE('',#2162,#2163);
#2162 = CARTESIAN_POINT('',(3.4,2.1,10.6));
#2163 = VECTOR('',#2164,1.);
#2164 = DIRECTION('',(1.,0.,0.));
#2165 = ORIENTED_EDGE('',*,*,#2166,.T.);
#2166 = EDGE_CURVE('',#2159,#2167,#2169,.T.);
#2167 = VERTEX_POINT('',#2168);
#2168 = CARTESIAN_POINT('',(7.,1.743243243243,10.3));
#2169 = ELLIPSE('',#2170,0.466128076275,0.3);
#2170 = AXIS2_PLACEMENT_3D('',#2171,#2172,#2173);
#2171 = CARTESIAN_POINT('',(6.7,1.743243243243,10.3));
#2172 = DIRECTION('',(0.,0.643599935875,-0.765362085905));
#2173 = DIRECTION('',(0.,0.765362085905,0.643599935875));
#2174 = ORIENTED_EDGE('',*,*,#2175,.F.);
#2175 = EDGE_CURVE('',#2176,#2167,#2178,.T.);
#2176 = VERTEX_POINT('',#2177);
#2177 = CARTESIAN_POINT('',(7.,0.3,9.086363636364));
#2178 = LINE('',#2179,#2180);
#2179 = CARTESIAN_POINT('',(7.,-1.125779122542,7.88741301059));
#2180 = VECTOR('',#2181,1.);
#2181 = DIRECTION('',(0.,0.765362085905,0.643599935875));
#2182 = ORIENTED_EDGE('',*,*,#2183,.T.);
#2183 = EDGE_CURVE('',#2176,#2184,#2186,.T.);
#2184 = VERTEX_POINT('',#2185);
#2185 = CARTESIAN_POINT('',(6.7,-5.551115123126E-17,8.834090909091));
#2186 = ELLIPSE('',#2187,0.391971336867,0.3);
#2187 = AXIS2_PLACEMENT_3D('',#2188,#2189,#2190);
#2188 = CARTESIAN_POINT('',(6.7,0.3,9.086363636364));
#2189 = DIRECTION('',(0.,0.643599935875,-0.765362085905));
#2190 = DIRECTION('',(0.,0.765362085905,0.643599935875));
#2191 = ORIENTED_EDGE('',*,*,#2192,.T.);
#2192 = EDGE_CURVE('',#2184,#2095,#2193,.T.);
#2193 = LINE('',#2194,#2195);
#2194 = CARTESIAN_POINT('',(3.45,2.22044604925E-16,8.834090909091));
#2195 = VECTOR('',#2196,1.);
#2196 = DIRECTION('',(-1.,0.,-0.));
#2197 = ORIENTED_EDGE('',*,*,#2102,.T.);
#2198 = ORIENTED_EDGE('',*,*,#2070,.T.);
#2199 = PLANE('',#2200);
#2200 = AXIS2_PLACEMENT_3D('',#2201,#2202,#2203);
#2201 = CARTESIAN_POINT('',(3.4,2.1,10.6));
#2202 = DIRECTION('',(0.,0.643599935875,-0.765362085905));
#2203 = DIRECTION('',(0.,-0.765362085905,-0.643599935875));
#2204 = ADVANCED_FACE('',(#2205),#2224,.T.);
#2205 = FACE_BOUND('',#2206,.T.);
#2206 = EDGE_LOOP('',(#2207,#2208,#2216,#2223));
#2207 = ORIENTED_EDGE('',*,*,#2117,.T.);
#2208 = ORIENTED_EDGE('',*,*,#2209,.T.);
#2209 = EDGE_CURVE('',#2118,#2210,#2212,.T.);
#2210 = VERTEX_POINT('',#2211);
#2211 = CARTESIAN_POINT('',(3.8,12.2,10.6));
#2212 = LINE('',#2213,#2214);
#2213 = CARTESIAN_POINT('',(3.8,0.,10.6));
#2214 = VECTOR('',#2215,1.);
#2215 = DIRECTION('',(-0.,1.,0.));
#2216 = ORIENTED_EDGE('',*,*,#2217,.F.);
#2217 = EDGE_CURVE('',#2055,#2210,#2218,.T.);
#2218 = CIRCLE('',#2219,0.3);
#2219 = AXIS2_PLACEMENT_3D('',#2220,#2221,#2222);
#2220 = CARTESIAN_POINT('',(3.8,12.2,10.3));
#2221 = DIRECTION('',(-0.,1.,0.));
#2222 = DIRECTION('',(-1.,-0.,0.));
#2223 = ORIENTED_EDGE('',*,*,#2062,.F.);
#2224 = CYLINDRICAL_SURFACE('',#2225,0.3);
#2225 = AXIS2_PLACEMENT_3D('',#2226,#2227,#2228);
#2226 = CARTESIAN_POINT('',(3.8,0.,10.3));
#2227 = DIRECTION('',(-0.,1.,0.));
#2228 = DIRECTION('',(-1.,-0.,0.));
#2229 = ADVANCED_FACE('',(#2230),#2257,.T.);
#2230 = FACE_BOUND('',#2231,.F.);
#2231 = EDGE_LOOP('',(#2232,#2233,#2242,#2250));
#2232 = ORIENTED_EDGE('',*,*,#2054,.F.);
#2233 = ORIENTED_EDGE('',*,*,#2234,.T.);
#2234 = EDGE_CURVE('',#2047,#2235,#2237,.T.);
#2235 = VERTEX_POINT('',#2236);
#2236 = CARTESIAN_POINT('',(3.8,12.5,0.3));
#2237 = CIRCLE('',#2238,0.3);
#2238 = AXIS2_PLACEMENT_3D('',#2239,#2240,#2241);
#2239 = CARTESIAN_POINT('',(3.8,12.2,0.3));
#2240 = DIRECTION('',(-0.,0.,-1.));
#2241 = DIRECTION('',(-1.,0.,0.));
#2242 = ORIENTED_EDGE('',*,*,#2243,.T.);
#2243 = EDGE_CURVE('',#2235,#2244,#2246,.T.);
#2244 = VERTEX_POINT('',#2245);
#2245 = CARTESIAN_POINT('',(3.8,12.5,10.3));
#2246 = LINE('',#2247,#2248);
#2247 = CARTESIAN_POINT('',(3.8,12.5,0.));
#2248 = VECTOR('',#2249,1.);
#2249 = DIRECTION('',(0.,0.,1.));
#2250 = ORIENTED_EDGE('',*,*,#2251,.T.);
#2251 = EDGE_CURVE('',#2244,#2055,#2252,.T.);
#2252 = CIRCLE('',#2253,0.3);
#2253 = AXIS2_PLACEMENT_3D('',#2254,#2255,#2256);
#2254 = CARTESIAN_POINT('',(3.8,12.2,10.3));
#2255 = DIRECTION('',(0.,0.,1.));
#2256 = DIRECTION('',(-1.,-0.,0.));
#2257 = CYLINDRICAL_SURFACE('',#2258,0.3);
#2258 = AXIS2_PLACEMENT_3D('',#2259,#2260,#2261);
#2259 = CARTESIAN_POINT('',(3.8,12.2,0.));
#2260 = DIRECTION('',(0.,0.,1.));
#2261 = DIRECTION('',(-1.,-0.,0.));
#2262 = ADVANCED_FACE('',(#2263),#2290,.T.);
#2263 = FACE_BOUND('',#2264,.F.);
#2264 = EDGE_LOOP('',(#2265,#2274,#2282,#2289));
#2265 = ORIENTED_EDGE('',*,*,#2266,.F.);
#2266 = EDGE_CURVE('',#2267,#2037,#2269,.T.);
#2267 = VERTEX_POINT('',#2268);
#2268 = CARTESIAN_POINT('',(3.8,0.3,0.));
#2269 = CIRCLE('',#2270,0.3);
#2270 = AXIS2_PLACEMENT_3D('',#2271,#2272,#2273);
#2271 = CARTESIAN_POINT('',(3.8,0.3,0.3));
#2272 = DIRECTION('',(0.,1.,-0.));
#2273 = DIRECTION('',(-1.,0.,0.));
#2274 = ORIENTED_EDGE('',*,*,#2275,.T.);
#2275 = EDGE_CURVE('',#2267,#2276,#2278,.T.);
#2276 = VERTEX_POINT('',#2277);
#2277 = CARTESIAN_POINT('',(3.8,12.2,0.));
#2278 = LINE('',#2279,#2280);
#2279 = CARTESIAN_POINT('',(3.8,0.,-5.551115123126E-17));
#2280 = VECTOR('',#2281,1.);
#2281 = DIRECTION('',(-0.,1.,0.));
#2282 = ORIENTED_EDGE('',*,*,#2283,.T.);
#2283 = EDGE_CURVE('',#2276,#2047,#2284,.T.);
#2284 = CIRCLE('',#2285,0.3);
#2285 = AXIS2_PLACEMENT_3D('',#2286,#2287,#2288);
#2286 = CARTESIAN_POINT('',(3.8,12.2,0.3));
#2287 = DIRECTION('',(0.,1.,-0.));
#2288 = DIRECTION('',(-1.,0.,0.));
#2289 = ORIENTED_EDGE('',*,*,#2046,.F.);
#2290 = CYLINDRICAL_SURFACE('',#2291,0.3);
#2291 = AXIS2_PLACEMENT_3D('',#2292,#2293,#2294);
#2292 = CARTESIAN_POINT('',(3.8,0.,0.3));
#2293 = DIRECTION('',(-0.,1.,0.));
#2294 = DIRECTION('',(-1.,-0.,0.));
#2295 = ADVANCED_FACE('',(#2296,#2314),#2391,.F.);
#2296 = FACE_BOUND('',#2297,.F.);
#2297 = EDGE_LOOP('',(#2298,#2306,#2307,#2308));
#2298 = ORIENTED_EDGE('',*,*,#2299,.F.);
#2299 = EDGE_CURVE('',#2086,#2300,#2302,.T.);
#2300 = VERTEX_POINT('',#2301);
#2301 = CARTESIAN_POINT('',(6.7,-5.551115123126E-17,0.3));
#2302 = LINE('',#2303,#2304);
#2303 = CARTESIAN_POINT('',(3.5,-5.551115123126E-17,0.3));
#2304 = VECTOR('',#2305,1.);
#2305 = DIRECTION('',(1.,0.,-0.));
#2306 = ORIENTED_EDGE('',*,*,#2094,.T.);
#2307 = ORIENTED_EDGE('',*,*,#2192,.F.);
#2308 = ORIENTED_EDGE('',*,*,#2309,.F.);
#2309 = EDGE_CURVE('',#2300,#2184,#2310,.T.);
#2310 = LINE('',#2311,#2312);
#2311 = CARTESIAN_POINT('',(6.7,-5.551115123126E-17,0.));
#2312 = VECTOR('',#2313,1.);
#2313 = DIRECTION('',(0.,0.,1.));
#2314 = FACE_BOUND('',#2315,.F.);
#2315 = EDGE_LOOP('',(#2316,#2326,#2334,#2342,#2351,#2360,#2368,#2376,
    #2384));
#2316 = ORIENTED_EDGE('',*,*,#2317,.F.);
#2317 = EDGE_CURVE('',#2318,#2320,#2322,.T.);
#2318 = VERTEX_POINT('',#2319);
#2319 = CARTESIAN_POINT('',(6.65,0.,5.6));
#2320 = VERTEX_POINT('',#2321);
#2321 = CARTESIAN_POINT('',(6.65,0.,2.1));
#2322 = LINE('',#2323,#2324);
#2323 = CARTESIAN_POINT('',(6.65,0.,1.05));
#2324 = VECTOR('',#2325,1.);
#2325 = DIRECTION('',(-0.,0.,-1.));
#2326 = ORIENTED_EDGE('',*,*,#2327,.F.);
#2327 = EDGE_CURVE('',#2328,#2318,#2330,.T.);
#2328 = VERTEX_POINT('',#2329);
#2329 = CARTESIAN_POINT('',(6.2,0.,5.6));
#2330 = LINE('',#2331,#2332);
#2331 = CARTESIAN_POINT('',(3.675,0.,5.6));
#2332 = VECTOR('',#2333,1.);
#2333 = DIRECTION('',(1.,0.,-0.));
#2334 = ORIENTED_EDGE('',*,*,#2335,.F.);
#2335 = EDGE_CURVE('',#2336,#2328,#2338,.T.);
#2336 = VERTEX_POINT('',#2337);
#2337 = CARTESIAN_POINT('',(6.2,0.,7.35));
#2338 = LINE('',#2339,#2340);
#2339 = CARTESIAN_POINT('',(6.2,0.,2.8));
#2340 = VECTOR('',#2341,1.);
#2341 = DIRECTION('',(-0.,0.,-1.));
#2342 = ORIENTED_EDGE('',*,*,#2343,.F.);
#2343 = EDGE_CURVE('',#2344,#2336,#2346,.T.);
#2344 = VERTEX_POINT('',#2345);
#2345 = CARTESIAN_POINT('',(5.25,0.,8.3));
#2346 = CIRCLE('',#2347,0.95);
#2347 = AXIS2_PLACEMENT_3D('',#2348,#2349,#2350);
#2348 = CARTESIAN_POINT('',(5.25,0.,7.35));
#2349 = DIRECTION('',(0.,1.,0.));
#2350 = DIRECTION('',(0.,-0.,1.));
#2351 = ORIENTED_EDGE('',*,*,#2352,.F.);
#2352 = EDGE_CURVE('',#2353,#2344,#2355,.T.);
#2353 = VERTEX_POINT('',#2354);
#2354 = CARTESIAN_POINT('',(4.3,0.,7.35));
#2355 = CIRCLE('',#2356,0.95);
#2356 = AXIS2_PLACEMENT_3D('',#2357,#2358,#2359);
#2357 = CARTESIAN_POINT('',(5.25,0.,7.35));
#2358 = DIRECTION('',(0.,1.,0.));
#2359 = DIRECTION('',(0.,-0.,1.));
#2360 = ORIENTED_EDGE('',*,*,#2361,.T.);
#2361 = EDGE_CURVE('',#2353,#2362,#2364,.T.);
#2362 = VERTEX_POINT('',#2363);
#2363 = CARTESIAN_POINT('',(4.3,0.,5.6));
#2364 = LINE('',#2365,#2366);
#2365 = CARTESIAN_POINT('',(4.3,0.,2.8));
#2366 = VECTOR('',#2367,1.);
#2367 = DIRECTION('',(-0.,0.,-1.));
#2368 = ORIENTED_EDGE('',*,*,#2369,.F.);
#2369 = EDGE_CURVE('',#2370,#2362,#2372,.T.);
#2370 = VERTEX_POINT('',#2371);
#2371 = CARTESIAN_POINT('',(3.85,0.,5.6));
#2372 = LINE('',#2373,#2374);
#2373 = CARTESIAN_POINT('',(3.675,0.,5.6));
#2374 = VECTOR('',#2375,1.);
#2375 = DIRECTION('',(1.,0.,-0.));
#2376 = ORIENTED_EDGE('',*,*,#2377,.T.);
#2377 = EDGE_CURVE('',#2370,#2378,#2380,.T.);
#2378 = VERTEX_POINT('',#2379);
#2379 = CARTESIAN_POINT('',(3.85,0.,2.1));
#2380 = LINE('',#2381,#2382);
#2381 = CARTESIAN_POINT('',(3.85,0.,1.05));
#2382 = VECTOR('',#2383,1.);
#2383 = DIRECTION('',(-0.,0.,-1.));
#2384 = ORIENTED_EDGE('',*,*,#2385,.F.);
#2385 = EDGE_CURVE('',#2320,#2378,#2386,.T.);
#2386 = CIRCLE('',#2387,1.4);
#2387 = AXIS2_PLACEMENT_3D('',#2388,#2389,#2390);
#2388 = CARTESIAN_POINT('',(5.25,0.,2.1));
#2389 = DIRECTION('',(0.,1.,0.));
#2390 = DIRECTION('',(0.,-0.,1.));
#2391 = PLANE('',#2392);
#2392 = AXIS2_PLACEMENT_3D('',#2393,#2394,#2395);
#2393 = CARTESIAN_POINT('',(3.5,0.,0.));
#2394 = DIRECTION('',(-0.,1.,0.));
#2395 = DIRECTION('',(0.,0.,1.));
#2396 = ADVANCED_FACE('',(#2397),#2408,.T.);
#2397 = FACE_BOUND('',#2398,.T.);
#2398 = EDGE_LOOP('',(#2399,#2400,#2407));
#2399 = ORIENTED_EDGE('',*,*,#2266,.F.);
#2400 = ORIENTED_EDGE('',*,*,#2401,.T.);
#2401 = EDGE_CURVE('',#2267,#2086,#2402,.T.);
#2402 = CIRCLE('',#2403,0.3);
#2403 = AXIS2_PLACEMENT_3D('',#2404,#2405,#2406);
#2404 = CARTESIAN_POINT('',(3.8,0.3,0.3));
#2405 = DIRECTION('',(-1.,6.123233995737E-17,0.));
#2406 = DIRECTION('',(-6.123233995737E-17,-1.,0.));
#2407 = ORIENTED_EDGE('',*,*,#2085,.F.);
#2408 = SPHERICAL_SURFACE('',#2409,0.3);
#2409 = AXIS2_PLACEMENT_3D('',#2410,#2411,#2412);
#2410 = CARTESIAN_POINT('',(3.8,0.3,0.3));
#2411 = DIRECTION('',(0.,0.,1.));
#2412 = DIRECTION('',(-1.,0.,0.));
#2413 = ADVANCED_FACE('',(#2414),#2433,.T.);
#2414 = FACE_BOUND('',#2415,.F.);
#2415 = EDGE_LOOP('',(#2416,#2424,#2431,#2432));
#2416 = ORIENTED_EDGE('',*,*,#2417,.F.);
#2417 = EDGE_CURVE('',#2418,#2176,#2420,.T.);
#2418 = VERTEX_POINT('',#2419);
#2419 = CARTESIAN_POINT('',(7.,0.3,0.3));
#2420 = LINE('',#2421,#2422);
#2421 = CARTESIAN_POINT('',(7.,0.3,0.));
#2422 = VECTOR('',#2423,1.);
#2423 = DIRECTION('',(0.,0.,1.));
#2424 = ORIENTED_EDGE('',*,*,#2425,.T.);
#2425 = EDGE_CURVE('',#2418,#2300,#2426,.T.);
#2426 = CIRCLE('',#2427,0.3);
#2427 = AXIS2_PLACEMENT_3D('',#2428,#2429,#2430);
#2428 = CARTESIAN_POINT('',(6.7,0.3,0.3));
#2429 = DIRECTION('',(0.,-0.,-1.));
#2430 = DIRECTION('',(1.,0.,-0.));
#2431 = ORIENTED_EDGE('',*,*,#2309,.T.);
#2432 = ORIENTED_EDGE('',*,*,#2183,.F.);
#2433 = CYLINDRICAL_SURFACE('',#2434,0.3);
#2434 = AXIS2_PLACEMENT_3D('',#2435,#2436,#2437);
#2435 = CARTESIAN_POINT('',(6.7,0.3,0.));
#2436 = DIRECTION('',(0.,0.,1.));
#2437 = DIRECTION('',(1.,0.,-0.));
#2438 = ADVANCED_FACE('',(#2439),#2465,.T.);
#2439 = FACE_BOUND('',#2440,.T.);
#2440 = EDGE_LOOP('',(#2441,#2442,#2450,#2458,#2464));
#2441 = ORIENTED_EDGE('',*,*,#2417,.F.);
#2442 = ORIENTED_EDGE('',*,*,#2443,.T.);
#2443 = EDGE_CURVE('',#2418,#2444,#2446,.T.);
#2444 = VERTEX_POINT('',#2445);
#2445 = CARTESIAN_POINT('',(7.,12.2,0.3));
#2446 = LINE('',#2447,#2448);
#2447 = CARTESIAN_POINT('',(7.,0.,0.3));
#2448 = VECTOR('',#2449,1.);
#2449 = DIRECTION('',(-0.,1.,0.));
#2450 = ORIENTED_EDGE('',*,*,#2451,.T.);
#2451 = EDGE_CURVE('',#2444,#2452,#2454,.T.);
#2452 = VERTEX_POINT('',#2453);
#2453 = CARTESIAN_POINT('',(7.,12.2,10.3));
#2454 = LINE('',#2455,#2456);
#2455 = CARTESIAN_POINT('',(7.,12.2,0.));
#2456 = VECTOR('',#2457,1.);
#2457 = DIRECTION('',(0.,0.,1.));
#2458 = ORIENTED_EDGE('',*,*,#2459,.F.);
#2459 = EDGE_CURVE('',#2167,#2452,#2460,.T.);
#2460 = LINE('',#2461,#2462);
#2461 = CARTESIAN_POINT('',(7.,0.,10.3));
#2462 = VECTOR('',#2463,1.);
#2463 = DIRECTION('',(-0.,1.,0.));
#2464 = ORIENTED_EDGE('',*,*,#2175,.F.);
#2465 = PLANE('',#2466);
#2466 = AXIS2_PLACEMENT_3D('',#2467,#2468,#2469);
#2467 = CARTESIAN_POINT('',(7.,0.,0.));
#2468 = DIRECTION('',(1.,0.,-0.));
#2469 = DIRECTION('',(0.,0.,1.));
#2470 = ADVANCED_FACE('',(#2471),#2490,.T.);
#2471 = FACE_BOUND('',#2472,.F.);
#2472 = EDGE_LOOP('',(#2473,#2474,#2482,#2489));
#2473 = ORIENTED_EDGE('',*,*,#2166,.F.);
#2474 = ORIENTED_EDGE('',*,*,#2475,.T.);
#2475 = EDGE_CURVE('',#2159,#2476,#2478,.T.);
#2476 = VERTEX_POINT('',#2477);
#2477 = CARTESIAN_POINT('',(6.7,12.2,10.6));
#2478 = LINE('',#2479,#2480);
#2479 = CARTESIAN_POINT('',(6.7,0.,10.6));
#2480 = VECTOR('',#2481,1.);
#2481 = DIRECTION('',(-0.,1.,0.));
#2482 = ORIENTED_EDGE('',*,*,#2483,.F.);
#2483 = EDGE_CURVE('',#2452,#2476,#2484,.T.);
#2484 = CIRCLE('',#2485,0.3);
#2485 = AXIS2_PLACEMENT_3D('',#2486,#2487,#2488);
#2486 = CARTESIAN_POINT('',(6.7,12.2,10.3));
#2487 = DIRECTION('',(0.,-1.,-0.));
#2488 = DIRECTION('',(1.,0.,0.));
#2489 = ORIENTED_EDGE('',*,*,#2459,.F.);
#2490 = CYLINDRICAL_SURFACE('',#2491,0.3);
#2491 = AXIS2_PLACEMENT_3D('',#2492,#2493,#2494);
#2492 = CARTESIAN_POINT('',(6.7,0.,10.3));
#2493 = DIRECTION('',(-0.,1.,0.));
#2494 = DIRECTION('',(1.,0.,-0.));
#2495 = ADVANCED_FACE('',(#2496),#2530,.T.);
#2496 = FACE_BOUND('',#2497,.T.);
#2497 = EDGE_LOOP('',(#2498,#2499,#2500,#2508,#2516,#2522,#2523,#2524));
#2498 = ORIENTED_EDGE('',*,*,#2209,.F.);
#2499 = ORIENTED_EDGE('',*,*,#2126,.T.);
#2500 = ORIENTED_EDGE('',*,*,#2501,.F.);
#2501 = EDGE_CURVE('',#2502,#2127,#2504,.T.);
#2502 = VERTEX_POINT('',#2503);
#2503 = CARTESIAN_POINT('',(3.84,9.7,10.6));
#2504 = LINE('',#2505,#2506);
#2505 = CARTESIAN_POINT('',(3.84,2.442585746037,10.6));
#2506 = VECTOR('',#2507,1.);
#2507 = DIRECTION('',(0.,-1.,0.));
#2508 = ORIENTED_EDGE('',*,*,#2509,.F.);
#2509 = EDGE_CURVE('',#2510,#2502,#2512,.T.);
#2510 = VERTEX_POINT('',#2511);
#2511 = CARTESIAN_POINT('',(6.66,9.7,10.6));
#2512 = LINE('',#2513,#2514);
#2513 = CARTESIAN_POINT('',(3.67,9.7,10.6));
#2514 = VECTOR('',#2515,1.);
#2515 = DIRECTION('',(-1.,-0.,0.));
#2516 = ORIENTED_EDGE('',*,*,#2517,.T.);
#2517 = EDGE_CURVE('',#2510,#2151,#2518,.T.);
#2518 = LINE('',#2519,#2520);
#2519 = CARTESIAN_POINT('',(6.66,2.442585746037,10.6));
#2520 = VECTOR('',#2521,1.);
#2521 = DIRECTION('',(0.,-1.,0.));
#2522 = ORIENTED_EDGE('',*,*,#2158,.T.);
#2523 = ORIENTED_EDGE('',*,*,#2475,.T.);
#2524 = ORIENTED_EDGE('',*,*,#2525,.F.);
#2525 = EDGE_CURVE('',#2210,#2476,#2526,.T.);
#2526 = LINE('',#2527,#2528);
#2527 = CARTESIAN_POINT('',(3.5,12.2,10.6));
#2528 = VECTOR('',#2529,1.);
#2529 = DIRECTION('',(1.,0.,-0.));
#2530 = PLANE('',#2531);
#2531 = AXIS2_PLACEMENT_3D('',#2532,#2533,#2534);
#2532 = CARTESIAN_POINT('',(3.5,0.,10.6));
#2533 = DIRECTION('',(0.,0.,1.));
#2534 = DIRECTION('',(1.,0.,-0.));
#2535 = ADVANCED_FACE('',(#2536),#2562,.T.);
#2536 = FACE_BOUND('',#2537,.T.);
#2537 = EDGE_LOOP('',(#2538,#2539,#2547,#2555,#2561));
#2538 = ORIENTED_EDGE('',*,*,#2517,.F.);
#2539 = ORIENTED_EDGE('',*,*,#2540,.T.);
#2540 = EDGE_CURVE('',#2510,#2541,#2543,.T.);
#2541 = VERTEX_POINT('',#2542);
#2542 = CARTESIAN_POINT('',(6.66,9.7,8.45));
#2543 = LINE('',#2544,#2545);
#2544 = CARTESIAN_POINT('',(6.66,9.7,10.8));
#2545 = VECTOR('',#2546,1.);
#2546 = DIRECTION('',(0.,0.,-1.));
#2547 = ORIENTED_EDGE('',*,*,#2548,.T.);
#2548 = EDGE_CURVE('',#2541,#2549,#2551,.T.);
#2549 = VERTEX_POINT('',#2550);
#2550 = CARTESIAN_POINT('',(6.66,1.4,8.45));
#2551 = LINE('',#2552,#2553);
#2552 = CARTESIAN_POINT('',(6.66,9.7,8.45));
#2553 = VECTOR('',#2554,1.);
#2554 = DIRECTION('',(0.,-1.,0.));
#2555 = ORIENTED_EDGE('',*,*,#2556,.T.);
#2556 = EDGE_CURVE('',#2549,#2143,#2557,.T.);
#2557 = LINE('',#2558,#2559);
#2558 = CARTESIAN_POINT('',(6.66,1.4,8.45));
#2559 = VECTOR('',#2560,1.);
#2560 = DIRECTION('',(0.,-0.677475754752,0.735545105159));
#2561 = ORIENTED_EDGE('',*,*,#2150,.F.);
#2562 = PLANE('',#2563);
#2563 = AXIS2_PLACEMENT_3D('',#2564,#2565,#2566);
#2564 = CARTESIAN_POINT('',(6.66,4.885171492075,9.712433169613));
#2565 = DIRECTION('',(-1.,-0.,-0.));
#2566 = DIRECTION('',(0.,0.,-1.));
#2567 = ADVANCED_FACE('',(#2568),#2586,.F.);
#2568 = FACE_BOUND('',#2569,.F.);
#2569 = EDGE_LOOP('',(#2570,#2578,#2584,#2585));
#2570 = ORIENTED_EDGE('',*,*,#2571,.F.);
#2571 = EDGE_CURVE('',#2572,#2135,#2574,.T.);
#2572 = VERTEX_POINT('',#2573);
#2573 = CARTESIAN_POINT('',(3.84,1.4,8.45));
#2574 = LINE('',#2575,#2576);
#2575 = CARTESIAN_POINT('',(3.84,1.4,8.45));
#2576 = VECTOR('',#2577,1.);
#2577 = DIRECTION('',(0.,-0.677475754752,0.735545105159));
#2578 = ORIENTED_EDGE('',*,*,#2579,.T.);
#2579 = EDGE_CURVE('',#2572,#2549,#2580,.T.);
#2580 = LINE('',#2581,#2582);
#2581 = CARTESIAN_POINT('',(3.84,1.4,8.45));
#2582 = VECTOR('',#2583,1.);
#2583 = DIRECTION('',(1.,0.,0.));
#2584 = ORIENTED_EDGE('',*,*,#2556,.T.);
#2585 = ORIENTED_EDGE('',*,*,#2142,.F.);
#2586 = PLANE('',#2587);
#2587 = AXIS2_PLACEMENT_3D('',#2588,#2589,#2590);
#2588 = CARTESIAN_POINT('',(3.84,1.4,8.45));
#2589 = DIRECTION('',(0.,-0.735545105159,-0.677475754752));
#2590 = DIRECTION('',(0.,-0.677475754752,0.735545105159));
#2591 = ADVANCED_FACE('',(#2592),#2611,.F.);
#2592 = FACE_BOUND('',#2593,.F.);
#2593 = EDGE_LOOP('',(#2594,#2595,#2603,#2609,#2610));
#2594 = ORIENTED_EDGE('',*,*,#2501,.F.);
#2595 = ORIENTED_EDGE('',*,*,#2596,.T.);
#2596 = EDGE_CURVE('',#2502,#2597,#2599,.T.);
#2597 = VERTEX_POINT('',#2598);
#2598 = CARTESIAN_POINT('',(3.84,9.7,8.45));
#2599 = LINE('',#2600,#2601);
#2600 = CARTESIAN_POINT('',(3.84,9.7,10.8));
#2601 = VECTOR('',#2602,1.);
#2602 = DIRECTION('',(0.,0.,-1.));
#2603 = ORIENTED_EDGE('',*,*,#2604,.T.);
#2604 = EDGE_CURVE('',#2597,#2572,#2605,.T.);
#2605 = LINE('',#2606,#2607);
#2606 = CARTESIAN_POINT('',(3.84,9.7,8.45));
#2607 = VECTOR('',#2608,1.);
#2608 = DIRECTION('',(0.,-1.,0.));
#2609 = ORIENTED_EDGE('',*,*,#2571,.T.);
#2610 = ORIENTED_EDGE('',*,*,#2134,.F.);
#2611 = PLANE('',#2612);
#2612 = AXIS2_PLACEMENT_3D('',#2613,#2614,#2615);
#2613 = CARTESIAN_POINT('',(3.84,4.885171492075,9.712433169613));
#2614 = DIRECTION('',(-1.,-0.,-0.));
#2615 = DIRECTION('',(0.,0.,-1.));
#2616 = ADVANCED_FACE('',(#2617),#2628,.T.);
#2617 = FACE_BOUND('',#2618,.F.);
#2618 = EDGE_LOOP('',(#2619,#2620,#2627));
#2619 = ORIENTED_EDGE('',*,*,#2251,.F.);
#2620 = ORIENTED_EDGE('',*,*,#2621,.T.);
#2621 = EDGE_CURVE('',#2244,#2210,#2622,.T.);
#2622 = CIRCLE('',#2623,0.3);
#2623 = AXIS2_PLACEMENT_3D('',#2624,#2625,#2626);
#2624 = CARTESIAN_POINT('',(3.8,12.2,10.3));
#2625 = DIRECTION('',(1.,0.,6.123233995737E-17));
#2626 = DIRECTION('',(-6.123233995737E-17,-0.,1.));
#2627 = ORIENTED_EDGE('',*,*,#2217,.F.);
#2628 = SPHERICAL_SURFACE('',#2629,0.3);
#2629 = AXIS2_PLACEMENT_3D('',#2630,#2631,#2632);
#2630 = CARTESIAN_POINT('',(3.8,12.2,10.3));
#2631 = DIRECTION('',(0.,-1.,-0.));
#2632 = DIRECTION('',(-1.,-0.,0.));
#2633 = ADVANCED_FACE('',(#2634),#2645,.T.);
#2634 = FACE_BOUND('',#2635,.F.);
#2635 = EDGE_LOOP('',(#2636,#2637,#2644));
#2636 = ORIENTED_EDGE('',*,*,#2283,.F.);
#2637 = ORIENTED_EDGE('',*,*,#2638,.T.);
#2638 = EDGE_CURVE('',#2276,#2235,#2639,.T.);
#2639 = CIRCLE('',#2640,0.3);
#2640 = AXIS2_PLACEMENT_3D('',#2641,#2642,#2643);
#2641 = CARTESIAN_POINT('',(3.8,12.2,0.3));
#2642 = DIRECTION('',(1.,6.123233995737E-17,-0.));
#2643 = DIRECTION('',(-6.123233995737E-17,1.,0.));
#2644 = ORIENTED_EDGE('',*,*,#2234,.F.);
#2645 = SPHERICAL_SURFACE('',#2646,0.3);
#2646 = AXIS2_PLACEMENT_3D('',#2647,#2648,#2649);
#2647 = CARTESIAN_POINT('',(3.8,12.2,0.3));
#2648 = DIRECTION('',(0.,0.,1.));
#2649 = DIRECTION('',(-1.,0.,0.));
#2650 = ADVANCED_FACE('',(#2651),#2676,.T.);
#2651 = FACE_BOUND('',#2652,.T.);
#2652 = EDGE_LOOP('',(#2653,#2654,#2662,#2670));
#2653 = ORIENTED_EDGE('',*,*,#2243,.T.);
#2654 = ORIENTED_EDGE('',*,*,#2655,.T.);
#2655 = EDGE_CURVE('',#2244,#2656,#2658,.T.);
#2656 = VERTEX_POINT('',#2657);
#2657 = CARTESIAN_POINT('',(6.7,12.5,10.3));
#2658 = LINE('',#2659,#2660);
#2659 = CARTESIAN_POINT('',(3.5,12.5,10.3));
#2660 = VECTOR('',#2661,1.);
#2661 = DIRECTION('',(1.,0.,-0.));
#2662 = ORIENTED_EDGE('',*,*,#2663,.F.);
#2663 = EDGE_CURVE('',#2664,#2656,#2666,.T.);
#2664 = VERTEX_POINT('',#2665);
#2665 = CARTESIAN_POINT('',(6.7,12.5,0.3));
#2666 = LINE('',#2667,#2668);
#2667 = CARTESIAN_POINT('',(6.7,12.5,0.));
#2668 = VECTOR('',#2669,1.);
#2669 = DIRECTION('',(0.,0.,1.));
#2670 = ORIENTED_EDGE('',*,*,#2671,.F.);
#2671 = EDGE_CURVE('',#2235,#2664,#2672,.T.);
#2672 = LINE('',#2673,#2674);
#2673 = CARTESIAN_POINT('',(3.5,12.5,0.3));
#2674 = VECTOR('',#2675,1.);
#2675 = DIRECTION('',(1.,0.,-0.));
#2676 = PLANE('',#2677);
#2677 = AXIS2_PLACEMENT_3D('',#2678,#2679,#2680);
#2678 = CARTESIAN_POINT('',(3.5,12.5,0.));
#2679 = DIRECTION('',(-0.,1.,0.));
#2680 = DIRECTION('',(0.,0.,1.));
#2681 = ADVANCED_FACE('',(#2682),#2707,.F.);
#2682 = FACE_BOUND('',#2683,.F.);
#2683 = EDGE_LOOP('',(#2684,#2685,#2693,#2701));
#2684 = ORIENTED_EDGE('',*,*,#2275,.F.);
#2685 = ORIENTED_EDGE('',*,*,#2686,.T.);
#2686 = EDGE_CURVE('',#2267,#2687,#2689,.T.);
#2687 = VERTEX_POINT('',#2688);
#2688 = CARTESIAN_POINT('',(6.7,0.3,0.));
#2689 = LINE('',#2690,#2691);
#2690 = CARTESIAN_POINT('',(3.5,0.3,-5.551115123126E-17));
#2691 = VECTOR('',#2692,1.);
#2692 = DIRECTION('',(1.,0.,-0.));
#2693 = ORIENTED_EDGE('',*,*,#2694,.T.);
#2694 = EDGE_CURVE('',#2687,#2695,#2697,.T.);
#2695 = VERTEX_POINT('',#2696);
#2696 = CARTESIAN_POINT('',(6.7,12.2,0.));
#2697 = LINE('',#2698,#2699);
#2698 = CARTESIAN_POINT('',(6.7,0.,-5.551115123126E-17));
#2699 = VECTOR('',#2700,1.);
#2700 = DIRECTION('',(-0.,1.,0.));
#2701 = ORIENTED_EDGE('',*,*,#2702,.F.);
#2702 = EDGE_CURVE('',#2276,#2695,#2703,.T.);
#2703 = LINE('',#2704,#2705);
#2704 = CARTESIAN_POINT('',(3.5,12.2,-5.551115123126E-17));
#2705 = VECTOR('',#2706,1.);
#2706 = DIRECTION('',(1.,0.,-0.));
#2707 = PLANE('',#2708);
#2708 = AXIS2_PLACEMENT_3D('',#2709,#2710,#2711);
#2709 = CARTESIAN_POINT('',(3.5,0.,0.));
#2710 = DIRECTION('',(0.,0.,1.));
#2711 = DIRECTION('',(1.,0.,-0.));
#2712 = ADVANCED_FACE('',(#2713),#2725,.T.);
#2713 = FACE_BOUND('',#2714,.T.);
#2714 = EDGE_LOOP('',(#2715,#2716,#2717,#2724));
#2715 = ORIENTED_EDGE('',*,*,#2401,.F.);
#2716 = ORIENTED_EDGE('',*,*,#2686,.T.);
#2717 = ORIENTED_EDGE('',*,*,#2718,.T.);
#2718 = EDGE_CURVE('',#2687,#2300,#2719,.T.);
#2719 = CIRCLE('',#2720,0.3);
#2720 = AXIS2_PLACEMENT_3D('',#2721,#2722,#2723);
#2721 = CARTESIAN_POINT('',(6.7,0.3,0.3));
#2722 = DIRECTION('',(-1.,-6.123233995737E-17,0.));
#2723 = DIRECTION('',(6.123233995737E-17,-1.,-0.));
#2724 = ORIENTED_EDGE('',*,*,#2299,.F.);
#2725 = CYLINDRICAL_SURFACE('',#2726,0.3);
#2726 = AXIS2_PLACEMENT_3D('',#2727,#2728,#2729);
#2727 = CARTESIAN_POINT('',(3.5,0.3,0.3));
#2728 = DIRECTION('',(1.,0.,-0.));
#2729 = DIRECTION('',(0.,-1.,0.));
#2730 = ADVANCED_FACE('',(#2731),#2756,.F.);
#2731 = FACE_BOUND('',#2732,.F.);
#2732 = EDGE_LOOP('',(#2733,#2734,#2742,#2750));
#2733 = ORIENTED_EDGE('',*,*,#2317,.T.);
#2734 = ORIENTED_EDGE('',*,*,#2735,.T.);
#2735 = EDGE_CURVE('',#2320,#2736,#2738,.T.);
#2736 = VERTEX_POINT('',#2737);
#2737 = CARTESIAN_POINT('',(6.65,0.4,2.1));
#2738 = LINE('',#2739,#2740);
#2739 = CARTESIAN_POINT('',(6.65,-5.E-02,2.1));
#2740 = VECTOR('',#2741,1.);
#2741 = DIRECTION('',(-0.,1.,0.));
#2742 = ORIENTED_EDGE('',*,*,#2743,.T.);
#2743 = EDGE_CURVE('',#2736,#2744,#2746,.T.);
#2744 = VERTEX_POINT('',#2745);
#2745 = CARTESIAN_POINT('',(6.65,0.4,5.6));
#2746 = LINE('',#2747,#2748);
#2747 = CARTESIAN_POINT('',(6.65,0.4,2.1));
#2748 = VECTOR('',#2749,1.);
#2749 = DIRECTION('',(0.,0.,1.));
#2750 = ORIENTED_EDGE('',*,*,#2751,.F.);
#2751 = EDGE_CURVE('',#2318,#2744,#2752,.T.);
#2752 = LINE('',#2753,#2754);
#2753 = CARTESIAN_POINT('',(6.65,-5.E-02,5.6));
#2754 = VECTOR('',#2755,1.);
#2755 = DIRECTION('',(-0.,1.,0.));
#2756 = PLANE('',#2757);
#2757 = AXIS2_PLACEMENT_3D('',#2758,#2759,#2760);
#2758 = CARTESIAN_POINT('',(6.65,-5.E-02,2.1));
#2759 = DIRECTION('',(1.,0.,-0.));
#2760 = DIRECTION('',(0.,0.,1.));
#2761 = ADVANCED_FACE('',(#2762),#2781,.F.);
#2762 = FACE_BOUND('',#2763,.F.);
#2763 = EDGE_LOOP('',(#2764,#2773,#2774,#2775));
#2764 = ORIENTED_EDGE('',*,*,#2765,.F.);
#2765 = EDGE_CURVE('',#2736,#2766,#2768,.T.);
#2766 = VERTEX_POINT('',#2767);
#2767 = CARTESIAN_POINT('',(3.85,0.4,2.1));
#2768 = CIRCLE('',#2769,1.4);
#2769 = AXIS2_PLACEMENT_3D('',#2770,#2771,#2772);
#2770 = CARTESIAN_POINT('',(5.25,0.4,2.1));
#2771 = DIRECTION('',(0.,1.,0.));
#2772 = DIRECTION('',(0.,-0.,1.));
#2773 = ORIENTED_EDGE('',*,*,#2735,.F.);
#2774 = ORIENTED_EDGE('',*,*,#2385,.T.);
#2775 = ORIENTED_EDGE('',*,*,#2776,.T.);
#2776 = EDGE_CURVE('',#2378,#2766,#2777,.T.);
#2777 = LINE('',#2778,#2779);
#2778 = CARTESIAN_POINT('',(3.85,-5.E-02,2.1));
#2779 = VECTOR('',#2780,1.);
#2780 = DIRECTION('',(-0.,1.,0.));
#2781 = CYLINDRICAL_SURFACE('',#2782,1.4);
#2782 = AXIS2_PLACEMENT_3D('',#2783,#2784,#2785);
#2783 = CARTESIAN_POINT('',(5.25,-5.E-02,2.1));
#2784 = DIRECTION('',(0.,1.,0.));
#2785 = DIRECTION('',(0.,-0.,1.));
#2786 = ADVANCED_FACE('',(#2787),#2812,.F.);
#2787 = FACE_BOUND('',#2788,.F.);
#2788 = EDGE_LOOP('',(#2789,#2790,#2798,#2806));
#2789 = ORIENTED_EDGE('',*,*,#2335,.T.);
#2790 = ORIENTED_EDGE('',*,*,#2791,.T.);
#2791 = EDGE_CURVE('',#2328,#2792,#2794,.T.);
#2792 = VERTEX_POINT('',#2793);
#2793 = CARTESIAN_POINT('',(6.2,0.4,5.6));
#2794 = LINE('',#2795,#2796);
#2795 = CARTESIAN_POINT('',(6.2,-5.E-02,5.6));
#2796 = VECTOR('',#2797,1.);
#2797 = DIRECTION('',(-0.,1.,0.));
#2798 = ORIENTED_EDGE('',*,*,#2799,.T.);
#2799 = EDGE_CURVE('',#2792,#2800,#2802,.T.);
#2800 = VERTEX_POINT('',#2801);
#2801 = CARTESIAN_POINT('',(6.2,0.4,7.35));
#2802 = LINE('',#2803,#2804);
#2803 = CARTESIAN_POINT('',(6.2,0.4,5.6));
#2804 = VECTOR('',#2805,1.);
#2805 = DIRECTION('',(0.,0.,1.));
#2806 = ORIENTED_EDGE('',*,*,#2807,.F.);
#2807 = EDGE_CURVE('',#2336,#2800,#2808,.T.);
#2808 = LINE('',#2809,#2810);
#2809 = CARTESIAN_POINT('',(6.2,-5.E-02,7.35));
#2810 = VECTOR('',#2811,1.);
#2811 = DIRECTION('',(-0.,1.,0.));
#2812 = PLANE('',#2813);
#2813 = AXIS2_PLACEMENT_3D('',#2814,#2815,#2816);
#2814 = CARTESIAN_POINT('',(6.2,-5.E-02,5.6));
#2815 = DIRECTION('',(1.,0.,-0.));
#2816 = DIRECTION('',(0.,0.,1.));
#2817 = ADVANCED_FACE('',(#2818),#2836,.T.);
#2818 = FACE_BOUND('',#2819,.T.);
#2819 = EDGE_LOOP('',(#2820,#2821,#2822,#2830));
#2820 = ORIENTED_EDGE('',*,*,#2377,.T.);
#2821 = ORIENTED_EDGE('',*,*,#2776,.T.);
#2822 = ORIENTED_EDGE('',*,*,#2823,.T.);
#2823 = EDGE_CURVE('',#2766,#2824,#2826,.T.);
#2824 = VERTEX_POINT('',#2825);
#2825 = CARTESIAN_POINT('',(3.85,0.4,5.6));
#2826 = LINE('',#2827,#2828);
#2827 = CARTESIAN_POINT('',(3.85,0.4,2.1));
#2828 = VECTOR('',#2829,1.);
#2829 = DIRECTION('',(0.,0.,1.));
#2830 = ORIENTED_EDGE('',*,*,#2831,.F.);
#2831 = EDGE_CURVE('',#2370,#2824,#2832,.T.);
#2832 = LINE('',#2833,#2834);
#2833 = CARTESIAN_POINT('',(3.85,-5.E-02,5.6));
#2834 = VECTOR('',#2835,1.);
#2835 = DIRECTION('',(-0.,1.,0.));
#2836 = PLANE('',#2837);
#2837 = AXIS2_PLACEMENT_3D('',#2838,#2839,#2840);
#2838 = CARTESIAN_POINT('',(3.85,-5.E-02,2.1));
#2839 = DIRECTION('',(1.,0.,-0.));
#2840 = DIRECTION('',(0.,0.,1.));
#2841 = ADVANCED_FACE('',(#2842),#2867,.T.);
#2842 = FACE_BOUND('',#2843,.T.);
#2843 = EDGE_LOOP('',(#2844,#2845,#2853,#2861));
#2844 = ORIENTED_EDGE('',*,*,#2361,.T.);
#2845 = ORIENTED_EDGE('',*,*,#2846,.T.);
#2846 = EDGE_CURVE('',#2362,#2847,#2849,.T.);
#2847 = VERTEX_POINT('',#2848);
#2848 = CARTESIAN_POINT('',(4.3,0.4,5.6));
#2849 = LINE('',#2850,#2851);
#2850 = CARTESIAN_POINT('',(4.3,-5.E-02,5.6));
#2851 = VECTOR('',#2852,1.);
#2852 = DIRECTION('',(-0.,1.,0.));
#2853 = ORIENTED_EDGE('',*,*,#2854,.T.);
#2854 = EDGE_CURVE('',#2847,#2855,#2857,.T.);
#2855 = VERTEX_POINT('',#2856);
#2856 = CARTESIAN_POINT('',(4.3,0.4,7.35));
#2857 = LINE('',#2858,#2859);
#2858 = CARTESIAN_POINT('',(4.3,0.4,5.6));
#2859 = VECTOR('',#2860,1.);
#2860 = DIRECTION('',(0.,0.,1.));
#2861 = ORIENTED_EDGE('',*,*,#2862,.F.);
#2862 = EDGE_CURVE('',#2353,#2855,#2863,.T.);
#2863 = LINE('',#2864,#2865);
#2864 = CARTESIAN_POINT('',(4.3,-5.E-02,7.35));
#2865 = VECTOR('',#2866,1.);
#2866 = DIRECTION('',(-0.,1.,0.));
#2867 = PLANE('',#2868);
#2868 = AXIS2_PLACEMENT_3D('',#2869,#2870,#2871);
#2869 = CARTESIAN_POINT('',(4.3,-5.E-02,5.6));
#2870 = DIRECTION('',(1.,0.,-0.));
#2871 = DIRECTION('',(0.,0.,1.));
#2872 = ADVANCED_FACE('',(#2873),#2884,.T.);
#2873 = FACE_BOUND('',#2874,.F.);
#2874 = EDGE_LOOP('',(#2875,#2882,#2883));
#2875 = ORIENTED_EDGE('',*,*,#2876,.F.);
#2876 = EDGE_CURVE('',#2687,#2418,#2877,.T.);
#2877 = CIRCLE('',#2878,0.3);
#2878 = AXIS2_PLACEMENT_3D('',#2879,#2880,#2881);
#2879 = CARTESIAN_POINT('',(6.7,0.3,0.3));
#2880 = DIRECTION('',(0.,-1.,0.));
#2881 = DIRECTION('',(1.,0.,0.));
#2882 = ORIENTED_EDGE('',*,*,#2718,.T.);
#2883 = ORIENTED_EDGE('',*,*,#2425,.F.);
#2884 = SPHERICAL_SURFACE('',#2885,0.3);
#2885 = AXIS2_PLACEMENT_3D('',#2886,#2887,#2888);
#2886 = CARTESIAN_POINT('',(6.7,0.3,0.3));
#2887 = DIRECTION('',(0.,0.,1.));
#2888 = DIRECTION('',(1.,0.,-0.));
#2889 = ADVANCED_FACE('',(#2890),#2908,.T.);
#2890 = FACE_BOUND('',#2891,.T.);
#2891 = EDGE_LOOP('',(#2892,#2893,#2900,#2901));
#2892 = ORIENTED_EDGE('',*,*,#2451,.F.);
#2893 = ORIENTED_EDGE('',*,*,#2894,.T.);
#2894 = EDGE_CURVE('',#2444,#2664,#2895,.T.);
#2895 = CIRCLE('',#2896,0.3);
#2896 = AXIS2_PLACEMENT_3D('',#2897,#2898,#2899);
#2897 = CARTESIAN_POINT('',(6.7,12.2,0.3));
#2898 = DIRECTION('',(0.,0.,1.));
#2899 = DIRECTION('',(1.,0.,-0.));
#2900 = ORIENTED_EDGE('',*,*,#2663,.T.);
#2901 = ORIENTED_EDGE('',*,*,#2902,.T.);
#2902 = EDGE_CURVE('',#2656,#2452,#2903,.T.);
#2903 = CIRCLE('',#2904,0.3);
#2904 = AXIS2_PLACEMENT_3D('',#2905,#2906,#2907);
#2905 = CARTESIAN_POINT('',(6.7,12.2,10.3));
#2906 = DIRECTION('',(0.,0.,-1.));
#2907 = DIRECTION('',(1.,0.,0.));
#2908 = CYLINDRICAL_SURFACE('',#2909,0.3);
#2909 = AXIS2_PLACEMENT_3D('',#2910,#2911,#2912);
#2910 = CARTESIAN_POINT('',(6.7,12.2,0.));
#2911 = DIRECTION('',(0.,0.,1.));
#2912 = DIRECTION('',(1.,0.,-0.));
#2913 = ADVANCED_FACE('',(#2914),#2926,.T.);
#2914 = FACE_BOUND('',#2915,.T.);
#2915 = EDGE_LOOP('',(#2916,#2917,#2918,#2925));
#2916 = ORIENTED_EDGE('',*,*,#2876,.F.);
#2917 = ORIENTED_EDGE('',*,*,#2694,.T.);
#2918 = ORIENTED_EDGE('',*,*,#2919,.T.);
#2919 = EDGE_CURVE('',#2695,#2444,#2920,.T.);
#2920 = CIRCLE('',#2921,0.3);
#2921 = AXIS2_PLACEMENT_3D('',#2922,#2923,#2924);
#2922 = CARTESIAN_POINT('',(6.7,12.2,0.3));
#2923 = DIRECTION('',(0.,-1.,0.));
#2924 = DIRECTION('',(1.,0.,0.));
#2925 = ORIENTED_EDGE('',*,*,#2443,.F.);
#2926 = CYLINDRICAL_SURFACE('',#2927,0.3);
#2927 = AXIS2_PLACEMENT_3D('',#2928,#2929,#2930);
#2928 = CARTESIAN_POINT('',(6.7,0.,0.3));
#2929 = DIRECTION('',(-0.,1.,0.));
#2930 = DIRECTION('',(1.,0.,-0.));
#2931 = ADVANCED_FACE('',(#2932),#2943,.T.);
#2932 = FACE_BOUND('',#2933,.T.);
#2933 = EDGE_LOOP('',(#2934,#2935,#2942));
#2934 = ORIENTED_EDGE('',*,*,#2902,.F.);
#2935 = ORIENTED_EDGE('',*,*,#2936,.T.);
#2936 = EDGE_CURVE('',#2656,#2476,#2937,.T.);
#2937 = CIRCLE('',#2938,0.3);
#2938 = AXIS2_PLACEMENT_3D('',#2939,#2940,#2941);
#2939 = CARTESIAN_POINT('',(6.7,12.2,10.3));
#2940 = DIRECTION('',(1.,0.,-6.123233995737E-17));
#2941 = DIRECTION('',(6.123233995737E-17,0.,1.));
#2942 = ORIENTED_EDGE('',*,*,#2483,.F.);
#2943 = SPHERICAL_SURFACE('',#2944,0.3);
#2944 = AXIS2_PLACEMENT_3D('',#2945,#2946,#2947);
#2945 = CARTESIAN_POINT('',(6.7,12.2,10.3));
#2946 = DIRECTION('',(0.,-1.,-0.));
#2947 = DIRECTION('',(1.,0.,0.));
#2948 = ADVANCED_FACE('',(#2949),#2955,.T.);
#2949 = FACE_BOUND('',#2950,.T.);
#2950 = EDGE_LOOP('',(#2951,#2952,#2953,#2954));
#2951 = ORIENTED_EDGE('',*,*,#2621,.T.);
#2952 = ORIENTED_EDGE('',*,*,#2525,.T.);
#2953 = ORIENTED_EDGE('',*,*,#2936,.F.);
#2954 = ORIENTED_EDGE('',*,*,#2655,.F.);
#2955 = CYLINDRICAL_SURFACE('',#2956,0.3);
#2956 = AXIS2_PLACEMENT_3D('',#2957,#2958,#2959);
#2957 = CARTESIAN_POINT('',(3.5,12.2,10.3));
#2958 = DIRECTION('',(1.,0.,-0.));
#2959 = DIRECTION('',(0.,1.,0.));
#2960 = ADVANCED_FACE('',(#2961),#2972,.F.);
#2961 = FACE_BOUND('',#2962,.F.);
#2962 = EDGE_LOOP('',(#2963,#2964,#2965,#2966));
#2963 = ORIENTED_EDGE('',*,*,#2596,.F.);
#2964 = ORIENTED_EDGE('',*,*,#2509,.F.);
#2965 = ORIENTED_EDGE('',*,*,#2540,.T.);
#2966 = ORIENTED_EDGE('',*,*,#2967,.F.);
#2967 = EDGE_CURVE('',#2597,#2541,#2968,.T.);
#2968 = LINE('',#2969,#2970);
#2969 = CARTESIAN_POINT('',(3.84,9.7,8.45));
#2970 = VECTOR('',#2971,1.);
#2971 = DIRECTION('',(1.,0.,0.));
#2972 = PLANE('',#2973);
#2973 = AXIS2_PLACEMENT_3D('',#2974,#2975,#2976);
#2974 = CARTESIAN_POINT('',(3.84,9.7,10.8));
#2975 = DIRECTION('',(-0.,1.,0.));
#2976 = DIRECTION('',(0.,0.,-1.));
#2977 = ADVANCED_FACE('',(#2978),#2984,.F.);
#2978 = FACE_BOUND('',#2979,.F.);
#2979 = EDGE_LOOP('',(#2980,#2981,#2982,#2983));
#2980 = ORIENTED_EDGE('',*,*,#2967,.T.);
#2981 = ORIENTED_EDGE('',*,*,#2548,.T.);
#2982 = ORIENTED_EDGE('',*,*,#2579,.F.);
#2983 = ORIENTED_EDGE('',*,*,#2604,.F.);
#2984 = PLANE('',#2985);
#2985 = AXIS2_PLACEMENT_3D('',#2986,#2987,#2988);
#2986 = CARTESIAN_POINT('',(3.84,9.7,8.45));
#2987 = DIRECTION('',(0.,0.,-1.));
#2988 = DIRECTION('',(0.,-1.,0.));
#2989 = ADVANCED_FACE('',(#2990),#3002,.T.);
#2990 = FACE_BOUND('',#2991,.F.);
#2991 = EDGE_LOOP('',(#2992,#2993,#2994,#3001));
#2992 = ORIENTED_EDGE('',*,*,#2638,.F.);
#2993 = ORIENTED_EDGE('',*,*,#2702,.T.);
#2994 = ORIENTED_EDGE('',*,*,#2995,.T.);
#2995 = EDGE_CURVE('',#2695,#2664,#2996,.T.);
#2996 = CIRCLE('',#2997,0.3);
#2997 = AXIS2_PLACEMENT_3D('',#2998,#2999,#3000);
#2998 = CARTESIAN_POINT('',(6.7,12.2,0.3));
#2999 = DIRECTION('',(1.,-6.123233995737E-17,0.));
#3000 = DIRECTION('',(6.123233995737E-17,1.,0.));
#3001 = ORIENTED_EDGE('',*,*,#2671,.F.);
#3002 = CYLINDRICAL_SURFACE('',#3003,0.3);
#3003 = AXIS2_PLACEMENT_3D('',#3004,#3005,#3006);
#3004 = CARTESIAN_POINT('',(3.5,12.2,0.3));
#3005 = DIRECTION('',(1.,0.,-0.));
#3006 = DIRECTION('',(0.,1.,0.));
#3007 = ADVANCED_FACE('',(#3008),#3013,.T.);
#3008 = FACE_BOUND('',#3009,.T.);
#3009 = EDGE_LOOP('',(#3010,#3011,#3012));
#3010 = ORIENTED_EDGE('',*,*,#2919,.F.);
#3011 = ORIENTED_EDGE('',*,*,#2995,.T.);
#3012 = ORIENTED_EDGE('',*,*,#2894,.F.);
#3013 = SPHERICAL_SURFACE('',#3014,0.3);
#3014 = AXIS2_PLACEMENT_3D('',#3015,#3016,#3017);
#3015 = CARTESIAN_POINT('',(6.7,12.2,0.3));
#3016 = DIRECTION('',(0.,0.,1.));
#3017 = DIRECTION('',(1.,0.,-0.));
#3018 = ADVANCED_FACE('',(#3019),#3062,.T.);
#3019 = FACE_BOUND('',#3020,.T.);
#3020 = EDGE_LOOP('',(#3021,#3029,#3030,#3031,#3032,#3040,#3048,#3056));
#3021 = ORIENTED_EDGE('',*,*,#3022,.T.);
#3022 = EDGE_CURVE('',#3023,#2744,#3025,.T.);
#3023 = VERTEX_POINT('',#3024);
#3024 = CARTESIAN_POINT('',(6.5,0.4,5.6));
#3025 = LINE('',#3026,#3027);
#3026 = CARTESIAN_POINT('',(3.85,0.4,5.6));
#3027 = VECTOR('',#3028,1.);
#3028 = DIRECTION('',(1.,0.,-0.));
#3029 = ORIENTED_EDGE('',*,*,#2751,.F.);
#3030 = ORIENTED_EDGE('',*,*,#2327,.F.);
#3031 = ORIENTED_EDGE('',*,*,#2791,.T.);
#3032 = ORIENTED_EDGE('',*,*,#3033,.F.);
#3033 = EDGE_CURVE('',#3034,#2792,#3036,.T.);
#3034 = VERTEX_POINT('',#3035);
#3035 = CARTESIAN_POINT('',(6.05,0.4,5.6));
#3036 = LINE('',#3037,#3038);
#3037 = CARTESIAN_POINT('',(3.85,0.4,5.6));
#3038 = VECTOR('',#3039,1.);
#3039 = DIRECTION('',(1.,0.,-0.));
#3040 = ORIENTED_EDGE('',*,*,#3041,.T.);
#3041 = EDGE_CURVE('',#3034,#3042,#3044,.T.);
#3042 = VERTEX_POINT('',#3043);
#3043 = CARTESIAN_POINT('',(6.05,4.35,5.6));
#3044 = LINE('',#3045,#3046);
#3045 = CARTESIAN_POINT('',(6.05,0.4,5.6));
#3046 = VECTOR('',#3047,1.);
#3047 = DIRECTION('',(-0.,1.,0.));
#3048 = ORIENTED_EDGE('',*,*,#3049,.T.);
#3049 = EDGE_CURVE('',#3042,#3050,#3052,.T.);
#3050 = VERTEX_POINT('',#3051);
#3051 = CARTESIAN_POINT('',(6.5,4.35,5.6));
#3052 = LINE('',#3053,#3054);
#3053 = CARTESIAN_POINT('',(4.,4.35,5.6));
#3054 = VECTOR('',#3055,1.);
#3055 = DIRECTION('',(1.,0.,-0.));
#3056 = ORIENTED_EDGE('',*,*,#3057,.F.);
#3057 = EDGE_CURVE('',#3023,#3050,#3058,.T.);
#3058 = LINE('',#3059,#3060);
#3059 = CARTESIAN_POINT('',(6.5,0.4,5.6));
#3060 = VECTOR('',#3061,1.);
#3061 = DIRECTION('',(-0.,1.,0.));
#3062 = PLANE('',#3063);
#3063 = AXIS2_PLACEMENT_3D('',#3064,#3065,#3066);
#3064 = CARTESIAN_POINT('',(6.296212121212,2.121212121212,5.6));
#3065 = DIRECTION('',(-0.,-0.,-1.));
#3066 = DIRECTION('',(-1.,0.,0.));
#3067 = ADVANCED_FACE('',(#3068),#3093,.F.);
#3068 = FACE_BOUND('',#3069,.F.);
#3069 = EDGE_LOOP('',(#3070,#3078,#3079,#3087));
#3070 = ORIENTED_EDGE('',*,*,#3071,.F.);
#3071 = EDGE_CURVE('',#3034,#3072,#3074,.T.);
#3072 = VERTEX_POINT('',#3073);
#3073 = CARTESIAN_POINT('',(6.05,0.4,7.35));
#3074 = LINE('',#3075,#3076);
#3075 = CARTESIAN_POINT('',(6.05,0.4,5.6));
#3076 = VECTOR('',#3077,1.);
#3077 = DIRECTION('',(0.,0.,1.));
#3078 = ORIENTED_EDGE('',*,*,#3041,.T.);
#3079 = ORIENTED_EDGE('',*,*,#3080,.T.);
#3080 = EDGE_CURVE('',#3042,#3081,#3083,.T.);
#3081 = VERTEX_POINT('',#3082);
#3082 = CARTESIAN_POINT('',(6.05,4.35,7.35));
#3083 = LINE('',#3084,#3085);
#3084 = CARTESIAN_POINT('',(6.05,4.35,5.6));
#3085 = VECTOR('',#3086,1.);
#3086 = DIRECTION('',(0.,0.,1.));
#3087 = ORIENTED_EDGE('',*,*,#3088,.F.);
#3088 = EDGE_CURVE('',#3072,#3081,#3089,.T.);
#3089 = LINE('',#3090,#3091);
#3090 = CARTESIAN_POINT('',(6.05,0.4,7.35));
#3091 = VECTOR('',#3092,1.);
#3092 = DIRECTION('',(-0.,1.,0.));
#3093 = PLANE('',#3094);
#3094 = AXIS2_PLACEMENT_3D('',#3095,#3096,#3097);
#3095 = CARTESIAN_POINT('',(6.05,0.4,5.6));
#3096 = DIRECTION('',(1.,0.,-0.));
#3097 = DIRECTION('',(0.,0.,1.));
#3098 = ADVANCED_FACE('',(#3099),#3124,.F.);
#3099 = FACE_BOUND('',#3100,.F.);
#3100 = EDGE_LOOP('',(#3101,#3109,#3117,#3123));
#3101 = ORIENTED_EDGE('',*,*,#3102,.F.);
#3102 = EDGE_CURVE('',#3103,#3023,#3105,.T.);
#3103 = VERTEX_POINT('',#3104);
#3104 = CARTESIAN_POINT('',(6.5,0.4,2.1));
#3105 = LINE('',#3106,#3107);
#3106 = CARTESIAN_POINT('',(6.5,0.4,2.1));
#3107 = VECTOR('',#3108,1.);
#3108 = DIRECTION('',(0.,0.,1.));
#3109 = ORIENTED_EDGE('',*,*,#3110,.T.);
#3110 = EDGE_CURVE('',#3103,#3111,#3113,.T.);
#3111 = VERTEX_POINT('',#3112);
#3112 = CARTESIAN_POINT('',(6.5,4.35,2.1));
#3113 = LINE('',#3114,#3115);
#3114 = CARTESIAN_POINT('',(6.5,0.4,2.1));
#3115 = VECTOR('',#3116,1.);
#3116 = DIRECTION('',(-0.,1.,0.));
#3117 = ORIENTED_EDGE('',*,*,#3118,.T.);
#3118 = EDGE_CURVE('',#3111,#3050,#3119,.T.);
#3119 = LINE('',#3120,#3121);
#3120 = CARTESIAN_POINT('',(6.5,4.35,2.1));
#3121 = VECTOR('',#3122,1.);
#3122 = DIRECTION('',(0.,0.,1.));
#3123 = ORIENTED_EDGE('',*,*,#3057,.F.);
#3124 = PLANE('',#3125);
#3125 = AXIS2_PLACEMENT_3D('',#3126,#3127,#3128);
#3126 = CARTESIAN_POINT('',(6.5,0.4,2.1));
#3127 = DIRECTION('',(1.,0.,-0.));
#3128 = DIRECTION('',(0.,0.,1.));
#3129 = ADVANCED_FACE('',(#3130),#3157,.F.);
#3130 = FACE_BOUND('',#3131,.F.);
#3131 = EDGE_LOOP('',(#3132,#3141,#3142,#3151));
#3132 = ORIENTED_EDGE('',*,*,#3133,.F.);
#3133 = EDGE_CURVE('',#3111,#3134,#3136,.T.);
#3134 = VERTEX_POINT('',#3135);
#3135 = CARTESIAN_POINT('',(4.,4.35,2.1));
#3136 = CIRCLE('',#3137,1.25);
#3137 = AXIS2_PLACEMENT_3D('',#3138,#3139,#3140);
#3138 = CARTESIAN_POINT('',(5.25,4.35,2.1));
#3139 = DIRECTION('',(0.,1.,0.));
#3140 = DIRECTION('',(0.,-0.,1.));
#3141 = ORIENTED_EDGE('',*,*,#3110,.F.);
#3142 = ORIENTED_EDGE('',*,*,#3143,.T.);
#3143 = EDGE_CURVE('',#3103,#3144,#3146,.T.);
#3144 = VERTEX_POINT('',#3145);
#3145 = CARTESIAN_POINT('',(4.,0.4,2.1));
#3146 = CIRCLE('',#3147,1.25);
#3147 = AXIS2_PLACEMENT_3D('',#3148,#3149,#3150);
#3148 = CARTESIAN_POINT('',(5.25,0.4,2.1));
#3149 = DIRECTION('',(0.,1.,0.));
#3150 = DIRECTION('',(0.,-0.,1.));
#3151 = ORIENTED_EDGE('',*,*,#3152,.T.);
#3152 = EDGE_CURVE('',#3144,#3134,#3153,.T.);
#3153 = LINE('',#3154,#3155);
#3154 = CARTESIAN_POINT('',(4.,0.4,2.1));
#3155 = VECTOR('',#3156,1.);
#3156 = DIRECTION('',(-0.,1.,0.));
#3157 = CYLINDRICAL_SURFACE('',#3158,1.25);
#3158 = AXIS2_PLACEMENT_3D('',#3159,#3160,#3161);
#3159 = CARTESIAN_POINT('',(5.25,0.4,2.1));
#3160 = DIRECTION('',(0.,1.,0.));
#3161 = DIRECTION('',(0.,-0.,1.));
#3162 = ADVANCED_FACE('',(#3163),#3188,.T.);
#3163 = FACE_BOUND('',#3164,.T.);
#3164 = EDGE_LOOP('',(#3165,#3173,#3174,#3182));
#3165 = ORIENTED_EDGE('',*,*,#3166,.F.);
#3166 = EDGE_CURVE('',#3144,#3167,#3169,.T.);
#3167 = VERTEX_POINT('',#3168);
#3168 = CARTESIAN_POINT('',(4.,0.4,5.6));
#3169 = LINE('',#3170,#3171);
#3170 = CARTESIAN_POINT('',(4.,0.4,2.1));
#3171 = VECTOR('',#3172,1.);
#3172 = DIRECTION('',(0.,0.,1.));
#3173 = ORIENTED_EDGE('',*,*,#3152,.T.);
#3174 = ORIENTED_EDGE('',*,*,#3175,.T.);
#3175 = EDGE_CURVE('',#3134,#3176,#3178,.T.);
#3176 = VERTEX_POINT('',#3177);
#3177 = CARTESIAN_POINT('',(4.,4.35,5.6));
#3178 = LINE('',#3179,#3180);
#3179 = CARTESIAN_POINT('',(4.,4.35,2.1));
#3180 = VECTOR('',#3181,1.);
#3181 = DIRECTION('',(0.,0.,1.));
#3182 = ORIENTED_EDGE('',*,*,#3183,.F.);
#3183 = EDGE_CURVE('',#3167,#3176,#3184,.T.);
#3184 = LINE('',#3185,#3186);
#3185 = CARTESIAN_POINT('',(4.,0.4,5.6));
#3186 = VECTOR('',#3187,1.);
#3187 = DIRECTION('',(-0.,1.,0.));
#3188 = PLANE('',#3189);
#3189 = AXIS2_PLACEMENT_3D('',#3190,#3191,#3192);
#3190 = CARTESIAN_POINT('',(4.,0.4,2.1));
#3191 = DIRECTION('',(1.,0.,-0.));
#3192 = DIRECTION('',(0.,0.,1.));
#3193 = ADVANCED_FACE('',(#3194),#3228,.T.);
#3194 = FACE_BOUND('',#3195,.T.);
#3195 = EDGE_LOOP('',(#3196,#3202,#3203,#3211,#3219,#3225,#3226,#3227));
#3196 = ORIENTED_EDGE('',*,*,#3197,.T.);
#3197 = EDGE_CURVE('',#2824,#3167,#3198,.T.);
#3198 = LINE('',#3199,#3200);
#3199 = CARTESIAN_POINT('',(3.85,0.4,5.6));
#3200 = VECTOR('',#3201,1.);
#3201 = DIRECTION('',(1.,0.,-0.));
#3202 = ORIENTED_EDGE('',*,*,#3183,.T.);
#3203 = ORIENTED_EDGE('',*,*,#3204,.T.);
#3204 = EDGE_CURVE('',#3176,#3205,#3207,.T.);
#3205 = VERTEX_POINT('',#3206);
#3206 = CARTESIAN_POINT('',(4.45,4.35,5.6));
#3207 = LINE('',#3208,#3209);
#3208 = CARTESIAN_POINT('',(4.,4.35,5.6));
#3209 = VECTOR('',#3210,1.);
#3210 = DIRECTION('',(1.,0.,-0.));
#3211 = ORIENTED_EDGE('',*,*,#3212,.F.);
#3212 = EDGE_CURVE('',#3213,#3205,#3215,.T.);
#3213 = VERTEX_POINT('',#3214);
#3214 = CARTESIAN_POINT('',(4.45,0.4,5.6));
#3215 = LINE('',#3216,#3217);
#3216 = CARTESIAN_POINT('',(4.45,0.4,5.6));
#3217 = VECTOR('',#3218,1.);
#3218 = DIRECTION('',(-0.,1.,0.));
#3219 = ORIENTED_EDGE('',*,*,#3220,.F.);
#3220 = EDGE_CURVE('',#2847,#3213,#3221,.T.);
#3221 = LINE('',#3222,#3223);
#3222 = CARTESIAN_POINT('',(3.85,0.4,5.6));
#3223 = VECTOR('',#3224,1.);
#3224 = DIRECTION('',(1.,0.,-0.));
#3225 = ORIENTED_EDGE('',*,*,#2846,.F.);
#3226 = ORIENTED_EDGE('',*,*,#2369,.F.);
#3227 = ORIENTED_EDGE('',*,*,#2831,.T.);
#3228 = PLANE('',#3229);
#3229 = AXIS2_PLACEMENT_3D('',#3230,#3231,#3232);
#3230 = CARTESIAN_POINT('',(4.203787878788,2.121212121212,5.6));
#3231 = DIRECTION('',(-0.,-0.,-1.));
#3232 = DIRECTION('',(-1.,0.,0.));
#3233 = ADVANCED_FACE('',(#3234),#3259,.T.);
#3234 = FACE_BOUND('',#3235,.T.);
#3235 = EDGE_LOOP('',(#3236,#3244,#3245,#3253));
#3236 = ORIENTED_EDGE('',*,*,#3237,.F.);
#3237 = EDGE_CURVE('',#3213,#3238,#3240,.T.);
#3238 = VERTEX_POINT('',#3239);
#3239 = CARTESIAN_POINT('',(4.45,0.4,7.35));
#3240 = LINE('',#3241,#3242);
#3241 = CARTESIAN_POINT('',(4.45,0.4,5.6));
#3242 = VECTOR('',#3243,1.);
#3243 = DIRECTION('',(0.,0.,1.));
#3244 = ORIENTED_EDGE('',*,*,#3212,.T.);
#3245 = ORIENTED_EDGE('',*,*,#3246,.T.);
#3246 = EDGE_CURVE('',#3205,#3247,#3249,.T.);
#3247 = VERTEX_POINT('',#3248);
#3248 = CARTESIAN_POINT('',(4.45,4.35,7.35));
#3249 = LINE('',#3250,#3251);
#3250 = CARTESIAN_POINT('',(4.45,4.35,5.6));
#3251 = VECTOR('',#3252,1.);
#3252 = DIRECTION('',(0.,0.,1.));
#3253 = ORIENTED_EDGE('',*,*,#3254,.F.);
#3254 = EDGE_CURVE('',#3238,#3247,#3255,.T.);
#3255 = LINE('',#3256,#3257);
#3256 = CARTESIAN_POINT('',(4.45,0.4,7.35));
#3257 = VECTOR('',#3258,1.);
#3258 = DIRECTION('',(-0.,1.,0.));
#3259 = PLANE('',#3260);
#3260 = AXIS2_PLACEMENT_3D('',#3261,#3262,#3263);
#3261 = CARTESIAN_POINT('',(4.45,0.4,5.6));
#3262 = DIRECTION('',(1.,0.,-0.));
#3263 = DIRECTION('',(0.,0.,1.));
#3264 = ADVANCED_FACE('',(#3265),#3275,.T.);
#3265 = FACE_BOUND('',#3266,.T.);
#3266 = EDGE_LOOP('',(#3267,#3268,#3269,#3270,#3271,#3272,#3273,#3274));
#3267 = ORIENTED_EDGE('',*,*,#2743,.T.);
#3268 = ORIENTED_EDGE('',*,*,#3022,.F.);
#3269 = ORIENTED_EDGE('',*,*,#3102,.F.);
#3270 = ORIENTED_EDGE('',*,*,#3143,.T.);
#3271 = ORIENTED_EDGE('',*,*,#3166,.T.);
#3272 = ORIENTED_EDGE('',*,*,#3197,.F.);
#3273 = ORIENTED_EDGE('',*,*,#2823,.F.);
#3274 = ORIENTED_EDGE('',*,*,#2765,.F.);
#3275 = PLANE('',#3276);
#3276 = AXIS2_PLACEMENT_3D('',#3277,#3278,#3279);
#3277 = CARTESIAN_POINT('',(5.25,0.4,2.974105664285));
#3278 = DIRECTION('',(-0.,-1.,-0.));
#3279 = DIRECTION('',(0.,0.,-1.));
#3280 = ADVANCED_FACE('',(#3281),#3321,.T.);
#3281 = FACE_BOUND('',#3282,.T.);
#3282 = EDGE_LOOP('',(#3283,#3284,#3285,#3294,#3301,#3302,#3303,#3304,
    #3313,#3320));
#3283 = ORIENTED_EDGE('',*,*,#3033,.T.);
#3284 = ORIENTED_EDGE('',*,*,#2799,.T.);
#3285 = ORIENTED_EDGE('',*,*,#3286,.F.);
#3286 = EDGE_CURVE('',#3287,#2800,#3289,.T.);
#3287 = VERTEX_POINT('',#3288);
#3288 = CARTESIAN_POINT('',(5.25,0.4,8.3));
#3289 = CIRCLE('',#3290,0.95);
#3290 = AXIS2_PLACEMENT_3D('',#3291,#3292,#3293);
#3291 = CARTESIAN_POINT('',(5.25,0.4,7.35));
#3292 = DIRECTION('',(0.,1.,0.));
#3293 = DIRECTION('',(0.,-0.,1.));
#3294 = ORIENTED_EDGE('',*,*,#3295,.F.);
#3295 = EDGE_CURVE('',#2855,#3287,#3296,.T.);
#3296 = CIRCLE('',#3297,0.95);
#3297 = AXIS2_PLACEMENT_3D('',#3298,#3299,#3300);
#3298 = CARTESIAN_POINT('',(5.25,0.4,7.35));
#3299 = DIRECTION('',(0.,1.,0.));
#3300 = DIRECTION('',(0.,-0.,1.));
#3301 = ORIENTED_EDGE('',*,*,#2854,.F.);
#3302 = ORIENTED_EDGE('',*,*,#3220,.T.);
#3303 = ORIENTED_EDGE('',*,*,#3237,.T.);
#3304 = ORIENTED_EDGE('',*,*,#3305,.T.);
#3305 = EDGE_CURVE('',#3238,#3306,#3308,.T.);
#3306 = VERTEX_POINT('',#3307);
#3307 = CARTESIAN_POINT('',(5.25,0.4,8.15));
#3308 = CIRCLE('',#3309,0.8);
#3309 = AXIS2_PLACEMENT_3D('',#3310,#3311,#3312);
#3310 = CARTESIAN_POINT('',(5.25,0.4,7.35));
#3311 = DIRECTION('',(0.,1.,0.));
#3312 = DIRECTION('',(0.,-0.,1.));
#3313 = ORIENTED_EDGE('',*,*,#3314,.T.);
#3314 = EDGE_CURVE('',#3306,#3072,#3315,.T.);
#3315 = CIRCLE('',#3316,0.8);
#3316 = AXIS2_PLACEMENT_3D('',#3317,#3318,#3319);
#3317 = CARTESIAN_POINT('',(5.25,0.4,7.35));
#3318 = DIRECTION('',(0.,1.,0.));
#3319 = DIRECTION('',(0.,-0.,1.));
#3320 = ORIENTED_EDGE('',*,*,#3071,.F.);
#3321 = PLANE('',#3322);
#3322 = AXIS2_PLACEMENT_3D('',#3323,#3324,#3325);
#3323 = CARTESIAN_POINT('',(5.25,0.4,7.061813018945));
#3324 = DIRECTION('',(-0.,-1.,-0.));
#3325 = DIRECTION('',(0.,0.,-1.));
#3326 = ADVANCED_FACE('',(#3327),#3352,.T.);
#3327 = FACE_BOUND('',#3328,.T.);
#3328 = EDGE_LOOP('',(#3329,#3330,#3331,#3332,#3341,#3348,#3349,#3350,
    #3351));
#3329 = ORIENTED_EDGE('',*,*,#3118,.T.);
#3330 = ORIENTED_EDGE('',*,*,#3049,.F.);
#3331 = ORIENTED_EDGE('',*,*,#3080,.T.);
#3332 = ORIENTED_EDGE('',*,*,#3333,.F.);
#3333 = EDGE_CURVE('',#3334,#3081,#3336,.T.);
#3334 = VERTEX_POINT('',#3335);
#3335 = CARTESIAN_POINT('',(5.25,4.35,8.15));
#3336 = CIRCLE('',#3337,0.8);
#3337 = AXIS2_PLACEMENT_3D('',#3338,#3339,#3340);
#3338 = CARTESIAN_POINT('',(5.25,4.35,7.35));
#3339 = DIRECTION('',(0.,1.,0.));
#3340 = DIRECTION('',(0.,-0.,1.));
#3341 = ORIENTED_EDGE('',*,*,#3342,.F.);
#3342 = EDGE_CURVE('',#3247,#3334,#3343,.T.);
#3343 = CIRCLE('',#3344,0.8);
#3344 = AXIS2_PLACEMENT_3D('',#3345,#3346,#3347);
#3345 = CARTESIAN_POINT('',(5.25,4.35,7.35));
#3346 = DIRECTION('',(0.,1.,0.));
#3347 = DIRECTION('',(0.,-0.,1.));
#3348 = ORIENTED_EDGE('',*,*,#3246,.F.);
#3349 = ORIENTED_EDGE('',*,*,#3204,.F.);
#3350 = ORIENTED_EDGE('',*,*,#3175,.F.);
#3351 = ORIENTED_EDGE('',*,*,#3133,.F.);
#3352 = PLANE('',#3353);
#3353 = AXIS2_PLACEMENT_3D('',#3354,#3355,#3356);
#3354 = CARTESIAN_POINT('',(5.25,4.35,4.497949762039));
#3355 = DIRECTION('',(-0.,-1.,-0.));
#3356 = DIRECTION('',(0.,0.,-1.));
#3357 = ADVANCED_FACE('',(#3358),#3366,.F.);
#3358 = FACE_BOUND('',#3359,.F.);
#3359 = EDGE_LOOP('',(#3360,#3361,#3362,#3363,#3364,#3365));
#3360 = ORIENTED_EDGE('',*,*,#2862,.F.);
#3361 = ORIENTED_EDGE('',*,*,#2352,.T.);
#3362 = ORIENTED_EDGE('',*,*,#2343,.T.);
#3363 = ORIENTED_EDGE('',*,*,#2807,.T.);
#3364 = ORIENTED_EDGE('',*,*,#3286,.F.);
#3365 = ORIENTED_EDGE('',*,*,#3295,.F.);
#3366 = CYLINDRICAL_SURFACE('',#3367,0.95);
#3367 = AXIS2_PLACEMENT_3D('',#3368,#3369,#3370);
#3368 = CARTESIAN_POINT('',(5.25,-5.E-02,7.35));
#3369 = DIRECTION('',(0.,1.,0.));
#3370 = DIRECTION('',(0.,-0.,1.));
#3371 = ADVANCED_FACE('',(#3372),#3380,.F.);
#3372 = FACE_BOUND('',#3373,.F.);
#3373 = EDGE_LOOP('',(#3374,#3375,#3376,#3377,#3378,#3379));
#3374 = ORIENTED_EDGE('',*,*,#3088,.T.);
#3375 = ORIENTED_EDGE('',*,*,#3333,.F.);
#3376 = ORIENTED_EDGE('',*,*,#3342,.F.);
#3377 = ORIENTED_EDGE('',*,*,#3254,.F.);
#3378 = ORIENTED_EDGE('',*,*,#3305,.T.);
#3379 = ORIENTED_EDGE('',*,*,#3314,.T.);
#3380 = CYLINDRICAL_SURFACE('',#3381,0.8);
#3381 = AXIS2_PLACEMENT_3D('',#3382,#3383,#3384);
#3382 = CARTESIAN_POINT('',(5.25,0.4,7.35));
#3383 = DIRECTION('',(0.,1.,0.));
#3384 = DIRECTION('',(0.,-0.,1.));
#3385 = ( GEOMETRIC_REPRESENTATION_CONTEXT(3)
GLOBAL_UNCERTAINTY_ASSIGNED_CONTEXT((#3389))
GLOBAL_UNIT_ASSIGNED_CONTEXT((#3386,#3387,#3388)) REPRESENTATION_CONTEXT
('Context #1','3D Context with UNIT and UNCERTAINTY') );
#3386 = ( LENGTH_UNIT() NAMED_UNIT(*) SI_UNIT(.MILLI.,.METRE.) );
#3387 = ( NAMED_UNIT(*) PLANE_ANGLE_UNIT() SI_UNIT($,.RADIAN.) );
#3388 = ( NAMED_UNIT(*) SI_UNIT($,.STERADIAN.) SOLID_ANGLE_UNIT() );
#3389 = UNCERTAINTY_MEASURE_WITH_UNIT(LENGTH_MEASURE(1.E-07),#3386,
  'distance_accuracy_value','confusion accuracy');
#3390 = CONTEXT_DEPENDENT_SHAPE_REPRESENTATION(#3391,#3393);
#3391 = ( REPRESENTATION_RELATIONSHIP('','',#2029,#10)
REPRESENTATION_RELATIONSHIP_WITH_TRANSFORMATION(#3392)
SHAPE_REPRESENTATION_RELATIONSHIP() );
#3392 = ITEM_DEFINED_TRANSFORMATION('','',#11,#31);
#3393 = PRODUCT_DEFINITION_SHAPE('Placement','Placement of an item',
  #3394);
#3394 = NEXT_ASSEMBLY_USAGE_OCCURRENCE('5','Housing P2','',#5,#2024,$);
#3395 = PRODUCT_RELATED_PRODUCT_CATEGORY('part',$,(#2026));
#3396 = SHAPE_DEFINITION_REPRESENTATION(#3397,#3403);
#3397 = PRODUCT_DEFINITION_SHAPE('','',#3398);
#3398 = PRODUCT_DEFINITION('design','',#3399,#3402);
#3399 = PRODUCT_DEFINITION_FORMATION('','',#3400);
#3400 = PRODUCT('Actuator P2','Actuator P2','',(#3401));
#3401 = PRODUCT_CONTEXT('',#2,'mechanical');
#3402 = PRODUCT_DEFINITION_CONTEXT('part definition',#2,'design');
#3403 = ADVANCED_BREP_SHAPE_REPRESENTATION('',(#11,#3404),#3622);
#3404 = MANIFOLD_SOLID_BREP('',#3405);
#3405 = CLOSED_SHELL('',(#3406,#3446,#3477,#3508,#3539,#3572,#3594,#3608
    ));
#3406 = ADVANCED_FACE('',(#3407),#3441,.T.);
#3407 = FACE_BOUND('',#3408,.T.);
#3408 = EDGE_LOOP('',(#3409,#3419,#3427,#3435));
#3409 = ORIENTED_EDGE('',*,*,#3410,.T.);
#3410 = EDGE_CURVE('',#3411,#3413,#3415,.T.);
#3411 = VERTEX_POINT('',#3412);
#3412 = CARTESIAN_POINT('',(3.9,-0.35,10.6));
#3413 = VERTEX_POINT('',#3414);
#3414 = CARTESIAN_POINT('',(6.6,-0.35,10.6));
#3415 = LINE('',#3416,#3417);
#3416 = CARTESIAN_POINT('',(3.9,-0.35,10.6));
#3417 = VECTOR('',#3418,1.);
#3418 = DIRECTION('',(1.,0.,0.));
#3419 = ORIENTED_EDGE('',*,*,#3420,.T.);
#3420 = EDGE_CURVE('',#3413,#3421,#3423,.T.);
#3421 = VERTEX_POINT('',#3422);
#3422 = CARTESIAN_POINT('',(6.6,9.45,10.6));
#3423 = LINE('',#3424,#3425);
#3424 = CARTESIAN_POINT('',(6.6,-0.35,10.6));
#3425 = VECTOR('',#3426,1.);
#3426 = DIRECTION('',(0.,1.,0.));
#3427 = ORIENTED_EDGE('',*,*,#3428,.F.);
#3428 = EDGE_CURVE('',#3429,#3421,#3431,.T.);
#3429 = VERTEX_POINT('',#3430);
#3430 = CARTESIAN_POINT('',(3.9,9.45,10.6));
#3431 = LINE('',#3432,#3433);
#3432 = CARTESIAN_POINT('',(3.9,9.45,10.6));
#3433 = VECTOR('',#3434,1.);
#3434 = DIRECTION('',(1.,0.,0.));
#3435 = ORIENTED_EDGE('',*,*,#3436,.F.);
#3436 = EDGE_CURVE('',#3411,#3429,#3437,.T.);
#3437 = LINE('',#3438,#3439);
#3438 = CARTESIAN_POINT('',(3.9,-0.35,10.6));
#3439 = VECTOR('',#3440,1.);
#3440 = DIRECTION('',(0.,1.,0.));
#3441 = PLANE('',#3442);
#3442 = AXIS2_PLACEMENT_3D('',#3443,#3444,#3445);
#3443 = CARTESIAN_POINT('',(3.9,-0.35,10.6));
#3444 = DIRECTION('',(0.,0.,1.));
#3445 = DIRECTION('',(0.,1.,0.));
#3446 = ADVANCED_FACE('',(#3447),#3472,.T.);
#3447 = FACE_BOUND('',#3448,.T.);
#3448 = EDGE_LOOP('',(#3449,#3459,#3465,#3466));
#3449 = ORIENTED_EDGE('',*,*,#3450,.T.);
#3450 = EDGE_CURVE('',#3451,#3453,#3455,.T.);
#3451 = VERTEX_POINT('',#3452);
#3452 = CARTESIAN_POINT('',(3.9,1.25,8.6));
#3453 = VERTEX_POINT('',#3454);
#3454 = CARTESIAN_POINT('',(6.6,1.25,8.6));
#3455 = LINE('',#3456,#3457);
#3456 = CARTESIAN_POINT('',(3.9,1.25,8.6));
#3457 = VECTOR('',#3458,1.);
#3458 = DIRECTION('',(1.,0.,0.));
#3459 = ORIENTED_EDGE('',*,*,#3460,.T.);
#3460 = EDGE_CURVE('',#3453,#3413,#3461,.T.);
#3461 = LINE('',#3462,#3463);
#3462 = CARTESIAN_POINT('',(6.6,1.25,8.6));
#3463 = VECTOR('',#3464,1.);
#3464 = DIRECTION('',(0.,-0.624695047554,0.780868809443));
#3465 = ORIENTED_EDGE('',*,*,#3410,.F.);
#3466 = ORIENTED_EDGE('',*,*,#3467,.F.);
#3467 = EDGE_CURVE('',#3451,#3411,#3468,.T.);
#3468 = LINE('',#3469,#3470);
#3469 = CARTESIAN_POINT('',(3.9,1.25,8.6));
#3470 = VECTOR('',#3471,1.);
#3471 = DIRECTION('',(0.,-0.624695047554,0.780868809443));
#3472 = PLANE('',#3473);
#3473 = AXIS2_PLACEMENT_3D('',#3474,#3475,#3476);
#3474 = CARTESIAN_POINT('',(3.9,1.25,8.6));
#3475 = DIRECTION('',(0.,-0.780868809443,-0.624695047554));
#3476 = DIRECTION('',(0.,-0.624695047554,0.780868809443));
#3477 = ADVANCED_FACE('',(#3478),#3503,.T.);
#3478 = FACE_BOUND('',#3479,.T.);
#3479 = EDGE_LOOP('',(#3480,#3488,#3489,#3497));
#3480 = ORIENTED_EDGE('',*,*,#3481,.F.);
#3481 = EDGE_CURVE('',#3429,#3482,#3484,.T.);
#3482 = VERTEX_POINT('',#3483);
#3483 = CARTESIAN_POINT('',(3.9,9.45,9.565923489271));
#3484 = LINE('',#3485,#3486);
#3485 = CARTESIAN_POINT('',(3.9,9.45,10.6));
#3486 = VECTOR('',#3487,1.);
#3487 = DIRECTION('',(0.,0.,-1.));
#3488 = ORIENTED_EDGE('',*,*,#3428,.T.);
#3489 = ORIENTED_EDGE('',*,*,#3490,.T.);
#3490 = EDGE_CURVE('',#3421,#3491,#3493,.T.);
#3491 = VERTEX_POINT('',#3492);
#3492 = CARTESIAN_POINT('',(6.6,9.45,9.565923489271));
#3493 = LINE('',#3494,#3495);
#3494 = CARTESIAN_POINT('',(6.6,9.45,10.6));
#3495 = VECTOR('',#3496,1.);
#3496 = DIRECTION('',(0.,0.,-1.));
#3497 = ORIENTED_EDGE('',*,*,#3498,.F.);
#3498 = EDGE_CURVE('',#3482,#3491,#3499,.T.);
#3499 = LINE('',#3500,#3501);
#3500 = CARTESIAN_POINT('',(3.9,9.45,9.565923489271));
#3501 = VECTOR('',#3502,1.);
#3502 = DIRECTION('',(1.,0.,0.));
#3503 = PLANE('',#3504);
#3504 = AXIS2_PLACEMENT_3D('',#3505,#3506,#3507);
#3505 = CARTESIAN_POINT('',(3.9,9.45,10.6));
#3506 = DIRECTION('',(-0.,1.,0.));
#3507 = DIRECTION('',(0.,0.,-1.));
#3508 = ADVANCED_FACE('',(#3509),#3534,.T.);
#3509 = FACE_BOUND('',#3510,.T.);
#3510 = EDGE_LOOP('',(#3511,#3521,#3527,#3528));
#3511 = ORIENTED_EDGE('',*,*,#3512,.T.);
#3512 = EDGE_CURVE('',#3513,#3515,#3517,.T.);
#3513 = VERTEX_POINT('',#3514);
#3514 = CARTESIAN_POINT('',(3.9,9.45,8.6));
#3515 = VERTEX_POINT('',#3516);
#3516 = CARTESIAN_POINT('',(6.6,9.45,8.6));
#3517 = LINE('',#3518,#3519);
#3518 = CARTESIAN_POINT('',(3.9,9.45,8.6));
#3519 = VECTOR('',#3520,1.);
#3520 = DIRECTION('',(1.,0.,0.));
#3521 = ORIENTED_EDGE('',*,*,#3522,.T.);
#3522 = EDGE_CURVE('',#3515,#3453,#3523,.T.);
#3523 = LINE('',#3524,#3525);
#3524 = CARTESIAN_POINT('',(6.6,9.45,8.6));
#3525 = VECTOR('',#3526,1.);
#3526 = DIRECTION('',(0.,-1.,0.));
#3527 = ORIENTED_EDGE('',*,*,#3450,.F.);
#3528 = ORIENTED_EDGE('',*,*,#3529,.F.);
#3529 = EDGE_CURVE('',#3513,#3451,#3530,.T.);
#3530 = LINE('',#3531,#3532);
#3531 = CARTESIAN_POINT('',(3.9,9.45,8.6));
#3532 = VECTOR('',#3533,1.);
#3533 = DIRECTION('',(0.,-1.,0.));
#3534 = PLANE('',#3535);
#3535 = AXIS2_PLACEMENT_3D('',#3536,#3537,#3538);
#3536 = CARTESIAN_POINT('',(3.9,9.45,8.6));
#3537 = DIRECTION('',(0.,0.,-1.));
#3538 = DIRECTION('',(0.,-1.,0.));
#3539 = ADVANCED_FACE('',(#3540),#3567,.T.);
#3540 = FACE_BOUND('',#3541,.T.);
#3541 = EDGE_LOOP('',(#3542,#3551,#3559,#3566));
#3542 = ORIENTED_EDGE('',*,*,#3543,.F.);
#3543 = EDGE_CURVE('',#3544,#3491,#3546,.T.);
#3544 = VERTEX_POINT('',#3545);
#3545 = CARTESIAN_POINT('',(6.6,9.45,8.834076510729));
#3546 = CIRCLE('',#3547,0.58);
#3547 = AXIS2_PLACEMENT_3D('',#3548,#3549,#3550);
#3548 = CARTESIAN_POINT('',(6.6,9.,9.2));
#3549 = DIRECTION('',(1.,0.,0.));
#3550 = DIRECTION('',(-0.,0.,1.));
#3551 = ORIENTED_EDGE('',*,*,#3552,.F.);
#3552 = EDGE_CURVE('',#3553,#3544,#3555,.T.);
#3553 = VERTEX_POINT('',#3554);
#3554 = CARTESIAN_POINT('',(3.9,9.45,8.834076510729));
#3555 = LINE('',#3556,#3557);
#3556 = CARTESIAN_POINT('',(3.9,9.45,8.834076510729));
#3557 = VECTOR('',#3558,1.);
#3558 = DIRECTION('',(1.,0.,0.));
#3559 = ORIENTED_EDGE('',*,*,#3560,.T.);
#3560 = EDGE_CURVE('',#3553,#3482,#3561,.T.);
#3561 = CIRCLE('',#3562,0.58);
#3562 = AXIS2_PLACEMENT_3D('',#3563,#3564,#3565);
#3563 = CARTESIAN_POINT('',(3.9,9.,9.2));
#3564 = DIRECTION('',(1.,0.,0.));
#3565 = DIRECTION('',(-0.,0.,1.));
#3566 = ORIENTED_EDGE('',*,*,#3498,.T.);
#3567 = CYLINDRICAL_SURFACE('',#3568,0.58);
#3568 = AXIS2_PLACEMENT_3D('',#3569,#3570,#3571);
#3569 = CARTESIAN_POINT('',(3.9,9.,9.2));
#3570 = DIRECTION('',(1.,0.,0.));
#3571 = DIRECTION('',(-0.,0.,1.));
#3572 = ADVANCED_FACE('',(#3573),#3589,.T.);
#3573 = FACE_BOUND('',#3574,.T.);
#3574 = EDGE_LOOP('',(#3575,#3581,#3582,#3588));
#3575 = ORIENTED_EDGE('',*,*,#3576,.F.);
#3576 = EDGE_CURVE('',#3553,#3513,#3577,.T.);
#3577 = LINE('',#3578,#3579);
#3578 = CARTESIAN_POINT('',(3.9,9.45,10.6));
#3579 = VECTOR('',#3580,1.);
#3580 = DIRECTION('',(0.,0.,-1.));
#3581 = ORIENTED_EDGE('',*,*,#3552,.T.);
#3582 = ORIENTED_EDGE('',*,*,#3583,.T.);
#3583 = EDGE_CURVE('',#3544,#3515,#3584,.T.);
#3584 = LINE('',#3585,#3586);
#3585 = CARTESIAN_POINT('',(6.6,9.45,10.6));
#3586 = VECTOR('',#3587,1.);
#3587 = DIRECTION('',(0.,0.,-1.));
#3588 = ORIENTED_EDGE('',*,*,#3512,.F.);
#3589 = PLANE('',#3590);
#3590 = AXIS2_PLACEMENT_3D('',#3591,#3592,#3593);
#3591 = CARTESIAN_POINT('',(3.9,9.45,10.6));
#3592 = DIRECTION('',(-0.,1.,0.));
#3593 = DIRECTION('',(0.,0.,-1.));
#3594 = ADVANCED_FACE('',(#3595),#3603,.T.);
#3595 = FACE_BOUND('',#3596,.T.);
#3596 = EDGE_LOOP('',(#3597,#3598,#3599,#3600,#3601,#3602));
#3597 = ORIENTED_EDGE('',*,*,#3467,.T.);
#3598 = ORIENTED_EDGE('',*,*,#3436,.T.);
#3599 = ORIENTED_EDGE('',*,*,#3481,.T.);
#3600 = ORIENTED_EDGE('',*,*,#3560,.F.);
#3601 = ORIENTED_EDGE('',*,*,#3576,.T.);
#3602 = ORIENTED_EDGE('',*,*,#3529,.T.);
#3603 = PLANE('',#3604);
#3604 = AXIS2_PLACEMENT_3D('',#3605,#3606,#3607);
#3605 = CARTESIAN_POINT('',(3.9,4.823284092834,9.669808456553));
#3606 = DIRECTION('',(-1.,-0.,-0.));
#3607 = DIRECTION('',(0.,0.,-1.));
#3608 = ADVANCED_FACE('',(#3609),#3617,.T.);
#3609 = FACE_BOUND('',#3610,.T.);
#3610 = EDGE_LOOP('',(#3611,#3612,#3613,#3614,#3615,#3616));
#3611 = ORIENTED_EDGE('',*,*,#3460,.F.);
#3612 = ORIENTED_EDGE('',*,*,#3522,.F.);
#3613 = ORIENTED_EDGE('',*,*,#3583,.F.);
#3614 = ORIENTED_EDGE('',*,*,#3543,.T.);
#3615 = ORIENTED_EDGE('',*,*,#3490,.F.);
#3616 = ORIENTED_EDGE('',*,*,#3420,.F.);
#3617 = PLANE('',#3618);
#3618 = AXIS2_PLACEMENT_3D('',#3619,#3620,#3621);
#3619 = CARTESIAN_POINT('',(6.6,4.823284092834,9.669808456553));
#3620 = DIRECTION('',(1.,0.,0.));
#3621 = DIRECTION('',(-0.,0.,1.));
#3622 = ( GEOMETRIC_REPRESENTATION_CONTEXT(3)
GLOBAL_UNCERTAINTY_ASSIGNED_CONTEXT((#3626))
GLOBAL_UNIT_ASSIGNED_CONTEXT((#3623,#3624,#3625)) REPRESENTATION_CONTEXT
('Context #1','3D Context with UNIT and UNCERTAINTY') );
#3623 = ( LENGTH_UNIT() NAMED_UNIT(*) SI_UNIT(.MILLI.,.METRE.) );
#3624 = ( NAMED_UNIT(*) PLANE_ANGLE_UNIT() SI_UNIT($,.RADIAN.) );
#3625 = ( NAMED_UNIT(*) SI_UNIT($,.STERADIAN.) SOLID_ANGLE_UNIT() );
#3626 = UNCERTAINTY_MEASURE_WITH_UNIT(LENGTH_MEASURE(1.E-07),#3623,
  'distance_accuracy_value','confusion accuracy');
#3627 = CONTEXT_DEPENDENT_SHAPE_REPRESENTATION(#3628,#3630);
#3628 = ( REPRESENTATION_RELATIONSHIP('','',#3403,#10)
REPRESENTATION_RELATIONSHIP_WITH_TRANSFORMATION(#3629)
SHAPE_REPRESENTATION_RELATIONSHIP() );
#3629 = ITEM_DEFINED_TRANSFORMATION('','',#11,#35);
#3630 = PRODUCT_DEFINITION_SHAPE('Placement','Placement of an item',
  #3631);
#3631 = NEXT_ASSEMBLY_USAGE_OCCURRENCE('6','Actuator P2','',#5,#3398,$);
#3632 = PRODUCT_RELATED_PRODUCT_CATEGORY('part',$,(#3400));
#3633 = SHAPE_DEFINITION_REPRESENTATION(#3634,#3640);
#3634 = PRODUCT_DEFINITION_SHAPE('','',#3635);
#3635 = PRODUCT_DEFINITION('design','',#3636,#3639);
#3636 = PRODUCT_DEFINITION_FORMATION('','',#3637);
#3637 = PRODUCT('Terminal Pin P2 A','Terminal Pin P2 A','',(#3638));
#3638 = PRODUCT_CONTEXT('',#2,'mechanical');
#3639 = PRODUCT_DEFINITION_CONTEXT('part definition',#2,'design');
#3640 = ADVANCED_BREP_SHAPE_REPRESENTATION('',(#11,#3641),#3791);
#3641 = MANIFOLD_SOLID_BREP('',#3642);
#3642 = CLOSED_SHELL('',(#3643,#3683,#3723,#3745,#3767,#3779));
#3643 = ADVANCED_FACE('',(#3644),#3678,.F.);
#3644 = FACE_BOUND('',#3645,.F.);
#3645 = EDGE_LOOP('',(#3646,#3656,#3664,#3672));
#3646 = ORIENTED_EDGE('',*,*,#3647,.F.);
#3647 = EDGE_CURVE('',#3648,#3650,#3652,.T.);
#3648 = VERTEX_POINT('',#3649);
#3649 = CARTESIAN_POINT('',(5.35,4.35,-3.5));
#3650 = VERTEX_POINT('',#3651);
#3651 = CARTESIAN_POINT('',(5.35,4.35,0.));
#3652 = LINE('',#3653,#3654);
#3653 = CARTESIAN_POINT('',(5.35,4.35,-3.5));
#3654 = VECTOR('',#3655,1.);
#3655 = DIRECTION('',(0.,0.,1.));
#3656 = ORIENTED_EDGE('',*,*,#3657,.T.);
#3657 = EDGE_CURVE('',#3648,#3658,#3660,.T.);
#3658 = VERTEX_POINT('',#3659);
#3659 = CARTESIAN_POINT('',(5.35,4.85,-3.5));
#3660 = LINE('',#3661,#3662);
#3661 = CARTESIAN_POINT('',(5.35,4.35,-3.5));
#3662 = VECTOR('',#3663,1.);
#3663 = DIRECTION('',(-0.,1.,0.));
#3664 = ORIENTED_EDGE('',*,*,#3665,.T.);
#3665 = EDGE_CURVE('',#3658,#3666,#3668,.T.);
#3666 = VERTEX_POINT('',#3667);
#3667 = CARTESIAN_POINT('',(5.35,4.85,0.));
#3668 = LINE('',#3669,#3670);
#3669 = CARTESIAN_POINT('',(5.35,4.85,-3.5));
#3670 = VECTOR('',#3671,1.);
#3671 = DIRECTION('',(0.,0.,1.));
#3672 = ORIENTED_EDGE('',*,*,#3673,.F.);
#3673 = EDGE_CURVE('',#3650,#3666,#3674,.T.);
#3674 = LINE('',#3675,#3676);
#3675 = CARTESIAN_POINT('',(5.35,4.35,0.));
#3676 = VECTOR('',#3677,1.);
#3677 = DIRECTION('',(-0.,1.,0.));
#3678 = PLANE('',#3679);
#3679 = AXIS2_PLACEMENT_3D('',#3680,#3681,#3682);
#3680 = CARTESIAN_POINT('',(5.35,4.35,-3.5));
#3681 = DIRECTION('',(1.,0.,-0.));
#3682 = DIRECTION('',(0.,0.,1.));
#3683 = ADVANCED_FACE('',(#3684),#3718,.T.);
#3684 = FACE_BOUND('',#3685,.T.);
#3685 = EDGE_LOOP('',(#3686,#3696,#3704,#3712));
#3686 = ORIENTED_EDGE('',*,*,#3687,.F.);
#3687 = EDGE_CURVE('',#3688,#3690,#3692,.T.);
#3688 = VERTEX_POINT('',#3689);
#3689 = CARTESIAN_POINT('',(6.15,4.35,-3.5));
#3690 = VERTEX_POINT('',#3691);
#3691 = CARTESIAN_POINT('',(6.15,4.35,0.));
#3692 = LINE('',#3693,#3694);
#3693 = CARTESIAN_POINT('',(6.15,4.35,-3.5));
#3694 = VECTOR('',#3695,1.);
#3695 = DIRECTION('',(0.,0.,1.));
#3696 = ORIENTED_EDGE('',*,*,#3697,.T.);
#3697 = EDGE_CURVE('',#3688,#3698,#3700,.T.);
#3698 = VERTEX_POINT('',#3699);
#3699 = CARTESIAN_POINT('',(6.15,4.85,-3.5));
#3700 = LINE('',#3701,#3702);
#3701 = CARTESIAN_POINT('',(6.15,4.35,-3.5));
#3702 = VECTOR('',#3703,1.);
#3703 = DIRECTION('',(-0.,1.,0.));
#3704 = ORIENTED_EDGE('',*,*,#3705,.T.);
#3705 = EDGE_CURVE('',#3698,#3706,#3708,.T.);
#3706 = VERTEX_POINT('',#3707);
#3707 = CARTESIAN_POINT('',(6.15,4.85,0.));
#3708 = LINE('',#3709,#3710);
#3709 = CARTESIAN_POINT('',(6.15,4.85,-3.5));
#3710 = VECTOR('',#3711,1.);
#3711 = DIRECTION('',(0.,0.,1.));
#3712 = ORIENTED_EDGE('',*,*,#3713,.F.);
#3713 = EDGE_CURVE('',#3690,#3706,#3714,.T.);
#3714 = LINE('',#3715,#3716);
#3715 = CARTESIAN_POINT('',(6.15,4.35,0.));
#3716 = VECTOR('',#3717,1.);
#3717 = DIRECTION('',(-0.,1.,0.));
#3718 = PLANE('',#3719);
#3719 = AXIS2_PLACEMENT_3D('',#3720,#3721,#3722);
#3720 = CARTESIAN_POINT('',(6.15,4.35,-3.5));
#3721 = DIRECTION('',(1.,0.,-0.));
#3722 = DIRECTION('',(0.,0.,1.));
#3723 = ADVANCED_FACE('',(#3724),#3740,.F.);
#3724 = FACE_BOUND('',#3725,.F.);
#3725 = EDGE_LOOP('',(#3726,#3732,#3733,#3739));
#3726 = ORIENTED_EDGE('',*,*,#3727,.F.);
#3727 = EDGE_CURVE('',#3648,#3688,#3728,.T.);
#3728 = LINE('',#3729,#3730);
#3729 = CARTESIAN_POINT('',(5.35,4.35,-3.5));
#3730 = VECTOR('',#3731,1.);
#3731 = DIRECTION('',(1.,0.,-0.));
#3732 = ORIENTED_EDGE('',*,*,#3647,.T.);
#3733 = ORIENTED_EDGE('',*,*,#3734,.T.);
#3734 = EDGE_CURVE('',#3650,#3690,#3735,.T.);
#3735 = LINE('',#3736,#3737);
#3736 = CARTESIAN_POINT('',(5.35,4.35,0.));
#3737 = VECTOR('',#3738,1.);
#3738 = DIRECTION('',(1.,0.,-0.));
#3739 = ORIENTED_EDGE('',*,*,#3687,.F.);
#3740 = PLANE('',#3741);
#3741 = AXIS2_PLACEMENT_3D('',#3742,#3743,#3744);
#3742 = CARTESIAN_POINT('',(5.35,4.35,-3.5));
#3743 = DIRECTION('',(-0.,1.,0.));
#3744 = DIRECTION('',(0.,0.,1.));
#3745 = ADVANCED_FACE('',(#3746),#3762,.T.);
#3746 = FACE_BOUND('',#3747,.T.);
#3747 = EDGE_LOOP('',(#3748,#3754,#3755,#3761));
#3748 = ORIENTED_EDGE('',*,*,#3749,.F.);
#3749 = EDGE_CURVE('',#3658,#3698,#3750,.T.);
#3750 = LINE('',#3751,#3752);
#3751 = CARTESIAN_POINT('',(5.35,4.85,-3.5));
#3752 = VECTOR('',#3753,1.);
#3753 = DIRECTION('',(1.,0.,-0.));
#3754 = ORIENTED_EDGE('',*,*,#3665,.T.);
#3755 = ORIENTED_EDGE('',*,*,#3756,.T.);
#3756 = EDGE_CURVE('',#3666,#3706,#3757,.T.);
#3757 = LINE('',#3758,#3759);
#3758 = CARTESIAN_POINT('',(5.35,4.85,0.));
#3759 = VECTOR('',#3760,1.);
#3760 = DIRECTION('',(1.,0.,-0.));
#3761 = ORIENTED_EDGE('',*,*,#3705,.F.);
#3762 = PLANE('',#3763);
#3763 = AXIS2_PLACEMENT_3D('',#3764,#3765,#3766);
#3764 = CARTESIAN_POINT('',(5.35,4.85,-3.5));
#3765 = DIRECTION('',(-0.,1.,0.));
#3766 = DIRECTION('',(0.,0.,1.));
#3767 = ADVANCED_FACE('',(#3768),#3774,.F.);
#3768 = FACE_BOUND('',#3769,.F.);
#3769 = EDGE_LOOP('',(#3770,#3771,#3772,#3773));
#3770 = ORIENTED_EDGE('',*,*,#3657,.F.);
#3771 = ORIENTED_EDGE('',*,*,#3727,.T.);
#3772 = ORIENTED_EDGE('',*,*,#3697,.T.);
#3773 = ORIENTED_EDGE('',*,*,#3749,.F.);
#3774 = PLANE('',#3775);
#3775 = AXIS2_PLACEMENT_3D('',#3776,#3777,#3778);
#3776 = CARTESIAN_POINT('',(5.35,4.35,-3.5));
#3777 = DIRECTION('',(0.,0.,1.));
#3778 = DIRECTION('',(1.,0.,-0.));
#3779 = ADVANCED_FACE('',(#3780),#3786,.T.);
#3780 = FACE_BOUND('',#3781,.T.);
#3781 = EDGE_LOOP('',(#3782,#3783,#3784,#3785));
#3782 = ORIENTED_EDGE('',*,*,#3673,.F.);
#3783 = ORIENTED_EDGE('',*,*,#3734,.T.);
#3784 = ORIENTED_EDGE('',*,*,#3713,.T.);
#3785 = ORIENTED_EDGE('',*,*,#3756,.F.);
#3786 = PLANE('',#3787);
#3787 = AXIS2_PLACEMENT_3D('',#3788,#3789,#3790);
#3788 = CARTESIAN_POINT('',(5.35,4.35,0.));
#3789 = DIRECTION('',(0.,0.,1.));
#3790 = DIRECTION('',(1.,0.,-0.));
#3791 = ( GEOMETRIC_REPRESENTATION_CONTEXT(3)
GLOBAL_UNCERTAINTY_ASSIGNED_CONTEXT((#3795))
GLOBAL_UNIT_ASSIGNED_CONTEXT((#3792,#3793,#3794)) REPRESENTATION_CONTEXT
('Context #1','3D Context with UNIT and UNCERTAINTY') );
#3792 = ( LENGTH_UNIT() NAMED_UNIT(*) SI_UNIT(.MILLI.,.METRE.) );
#3793 = ( NAMED_UNIT(*) PLANE_ANGLE_UNIT() SI_UNIT($,.RADIAN.) );
#3794 = ( NAMED_UNIT(*) SI_UNIT($,.STERADIAN.) SOLID_ANGLE_UNIT() );
#3795 = UNCERTAINTY_MEASURE_WITH_UNIT(LENGTH_MEASURE(1.E-07),#3792,
  'distance_accuracy_value','confusion accuracy');
#3796 = CONTEXT_DEPENDENT_SHAPE_REPRESENTATION(#3797,#3799);
#3797 = ( REPRESENTATION_RELATIONSHIP('','',#3640,#10)
REPRESENTATION_RELATIONSHIP_WITH_TRANSFORMATION(#3798)
SHAPE_REPRESENTATION_RELATIONSHIP() );
#3798 = ITEM_DEFINED_TRANSFORMATION('','',#11,#39);
#3799 = PRODUCT_DEFINITION_SHAPE('Placement','Placement of an item',
  #3800);
#3800 = NEXT_ASSEMBLY_USAGE_OCCURRENCE('7','Terminal Pin P2 A','',#5,
  #3635,$);
#3801 = PRODUCT_RELATED_PRODUCT_CATEGORY('part',$,(#3637));
#3802 = SHAPE_DEFINITION_REPRESENTATION(#3803,#3809);
#3803 = PRODUCT_DEFINITION_SHAPE('','',#3804);
#3804 = PRODUCT_DEFINITION('design','',#3805,#3808);
#3805 = PRODUCT_DEFINITION_FORMATION('','',#3806);
#3806 = PRODUCT('Terminal Pin P2 B','Terminal Pin P2 B','',(#3807));
#3807 = PRODUCT_CONTEXT('',#2,'mechanical');
#3808 = PRODUCT_DEFINITION_CONTEXT('part definition',#2,'design');
#3809 = ADVANCED_BREP_SHAPE_REPRESENTATION('',(#11,#3810),#3960);
#3810 = MANIFOLD_SOLID_BREP('',#3811);
#3811 = CLOSED_SHELL('',(#3812,#3852,#3892,#3914,#3936,#3948));
#3812 = ADVANCED_FACE('',(#3813),#3847,.F.);
#3813 = FACE_BOUND('',#3814,.F.);
#3814 = EDGE_LOOP('',(#3815,#3825,#3833,#3841));
#3815 = ORIENTED_EDGE('',*,*,#3816,.F.);
#3816 = EDGE_CURVE('',#3817,#3819,#3821,.T.);
#3817 = VERTEX_POINT('',#3818);
#3818 = CARTESIAN_POINT('',(5.35,9.35,-3.5));
#3819 = VERTEX_POINT('',#3820);
#3820 = CARTESIAN_POINT('',(5.35,9.35,0.));
#3821 = LINE('',#3822,#3823);
#3822 = CARTESIAN_POINT('',(5.35,9.35,-3.5));
#3823 = VECTOR('',#3824,1.);
#3824 = DIRECTION('',(0.,0.,1.));
#3825 = ORIENTED_EDGE('',*,*,#3826,.T.);
#3826 = EDGE_CURVE('',#3817,#3827,#3829,.T.);
#3827 = VERTEX_POINT('',#3828);
#3828 = CARTESIAN_POINT('',(5.35,9.85,-3.5));
#3829 = LINE('',#3830,#3831);
#3830 = CARTESIAN_POINT('',(5.35,9.35,-3.5));
#3831 = VECTOR('',#3832,1.);
#3832 = DIRECTION('',(-0.,1.,0.));
#3833 = ORIENTED_EDGE('',*,*,#3834,.T.);
#3834 = EDGE_CURVE('',#3827,#3835,#3837,.T.);
#3835 = VERTEX_POINT('',#3836);
#3836 = CARTESIAN_POINT('',(5.35,9.85,0.));
#3837 = LINE('',#3838,#3839);
#3838 = CARTESIAN_POINT('',(5.35,9.85,-3.5));
#3839 = VECTOR('',#3840,1.);
#3840 = DIRECTION('',(0.,0.,1.));
#3841 = ORIENTED_EDGE('',*,*,#3842,.F.);
#3842 = EDGE_CURVE('',#3819,#3835,#3843,.T.);
#3843 = LINE('',#3844,#3845);
#3844 = CARTESIAN_POINT('',(5.35,9.35,0.));
#3845 = VECTOR('',#3846,1.);
#3846 = DIRECTION('',(-0.,1.,0.));
#3847 = PLANE('',#3848);
#3848 = AXIS2_PLACEMENT_3D('',#3849,#3850,#3851);
#3849 = CARTESIAN_POINT('',(5.35,9.35,-3.5));
#3850 = DIRECTION('',(1.,0.,-0.));
#3851 = DIRECTION('',(0.,0.,1.));
#3852 = ADVANCED_FACE('',(#3853),#3887,.T.);
#3853 = FACE_BOUND('',#3854,.T.);
#3854 = EDGE_LOOP('',(#3855,#3865,#3873,#3881));
#3855 = ORIENTED_EDGE('',*,*,#3856,.F.);
#3856 = EDGE_CURVE('',#3857,#3859,#3861,.T.);
#3857 = VERTEX_POINT('',#3858);
#3858 = CARTESIAN_POINT('',(6.15,9.35,-3.5));
#3859 = VERTEX_POINT('',#3860);
#3860 = CARTESIAN_POINT('',(6.15,9.35,0.));
#3861 = LINE('',#3862,#3863);
#3862 = CARTESIAN_POINT('',(6.15,9.35,-3.5));
#3863 = VECTOR('',#3864,1.);
#3864 = DIRECTION('',(0.,0.,1.));
#3865 = ORIENTED_EDGE('',*,*,#3866,.T.);
#3866 = EDGE_CURVE('',#3857,#3867,#3869,.T.);
#3867 = VERTEX_POINT('',#3868);
#3868 = CARTESIAN_POINT('',(6.15,9.85,-3.5));
#3869 = LINE('',#3870,#3871);
#3870 = CARTESIAN_POINT('',(6.15,9.35,-3.5));
#3871 = VECTOR('',#3872,1.);
#3872 = DIRECTION('',(-0.,1.,0.));
#3873 = ORIENTED_EDGE('',*,*,#3874,.T.);
#3874 = EDGE_CURVE('',#3867,#3875,#3877,.T.);
#3875 = VERTEX_POINT('',#3876);
#3876 = CARTESIAN_POINT('',(6.15,9.85,0.));
#3877 = LINE('',#3878,#3879);
#3878 = CARTESIAN_POINT('',(6.15,9.85,-3.5));
#3879 = VECTOR('',#3880,1.);
#3880 = DIRECTION('',(0.,0.,1.));
#3881 = ORIENTED_EDGE('',*,*,#3882,.F.);
#3882 = EDGE_CURVE('',#3859,#3875,#3883,.T.);
#3883 = LINE('',#3884,#3885);
#3884 = CARTESIAN_POINT('',(6.15,9.35,0.));
#3885 = VECTOR('',#3886,1.);
#3886 = DIRECTION('',(-0.,1.,0.));
#3887 = PLANE('',#3888);
#3888 = AXIS2_PLACEMENT_3D('',#3889,#3890,#3891);
#3889 = CARTESIAN_POINT('',(6.15,9.35,-3.5));
#3890 = DIRECTION('',(1.,0.,-0.));
#3891 = DIRECTION('',(0.,0.,1.));
#3892 = ADVANCED_FACE('',(#3893),#3909,.F.);
#3893 = FACE_BOUND('',#3894,.F.);
#3894 = EDGE_LOOP('',(#3895,#3901,#3902,#3908));
#3895 = ORIENTED_EDGE('',*,*,#3896,.F.);
#3896 = EDGE_CURVE('',#3817,#3857,#3897,.T.);
#3897 = LINE('',#3898,#3899);
#3898 = CARTESIAN_POINT('',(5.35,9.35,-3.5));
#3899 = VECTOR('',#3900,1.);
#3900 = DIRECTION('',(1.,0.,-0.));
#3901 = ORIENTED_EDGE('',*,*,#3816,.T.);
#3902 = ORIENTED_EDGE('',*,*,#3903,.T.);
#3903 = EDGE_CURVE('',#3819,#3859,#3904,.T.);
#3904 = LINE('',#3905,#3906);
#3905 = CARTESIAN_POINT('',(5.35,9.35,0.));
#3906 = VECTOR('',#3907,1.);
#3907 = DIRECTION('',(1.,0.,-0.));
#3908 = ORIENTED_EDGE('',*,*,#3856,.F.);
#3909 = PLANE('',#3910);
#3910 = AXIS2_PLACEMENT_3D('',#3911,#3912,#3913);
#3911 = CARTESIAN_POINT('',(5.35,9.35,-3.5));
#3912 = DIRECTION('',(-0.,1.,0.));
#3913 = DIRECTION('',(0.,0.,1.));
#3914 = ADVANCED_FACE('',(#3915),#3931,.T.);
#3915 = FACE_BOUND('',#3916,.T.);
#3916 = EDGE_LOOP('',(#3917,#3923,#3924,#3930));
#3917 = ORIENTED_EDGE('',*,*,#3918,.F.);
#3918 = EDGE_CURVE('',#3827,#3867,#3919,.T.);
#3919 = LINE('',#3920,#3921);
#3920 = CARTESIAN_POINT('',(5.35,9.85,-3.5));
#3921 = VECTOR('',#3922,1.);
#3922 = DIRECTION('',(1.,0.,-0.));
#3923 = ORIENTED_EDGE('',*,*,#3834,.T.);
#3924 = ORIENTED_EDGE('',*,*,#3925,.T.);
#3925 = EDGE_CURVE('',#3835,#3875,#3926,.T.);
#3926 = LINE('',#3927,#3928);
#3927 = CARTESIAN_POINT('',(5.35,9.85,0.));
#3928 = VECTOR('',#3929,1.);
#3929 = DIRECTION('',(1.,0.,-0.));
#3930 = ORIENTED_EDGE('',*,*,#3874,.F.);
#3931 = PLANE('',#3932);
#3932 = AXIS2_PLACEMENT_3D('',#3933,#3934,#3935);
#3933 = CARTESIAN_POINT('',(5.35,9.85,-3.5));
#3934 = DIRECTION('',(-0.,1.,0.));
#3935 = DIRECTION('',(0.,0.,1.));
#3936 = ADVANCED_FACE('',(#3937),#3943,.F.);
#3937 = FACE_BOUND('',#3938,.F.);
#3938 = EDGE_LOOP('',(#3939,#3940,#3941,#3942));
#3939 = ORIENTED_EDGE('',*,*,#3826,.F.);
#3940 = ORIENTED_EDGE('',*,*,#3896,.T.);
#3941 = ORIENTED_EDGE('',*,*,#3866,.T.);
#3942 = ORIENTED_EDGE('',*,*,#3918,.F.);
#3943 = PLANE('',#3944);
#3944 = AXIS2_PLACEMENT_3D('',#3945,#3946,#3947);
#3945 = CARTESIAN_POINT('',(5.35,9.35,-3.5));
#3946 = DIRECTION('',(0.,0.,1.));
#3947 = DIRECTION('',(1.,0.,-0.));
#3948 = ADVANCED_FACE('',(#3949),#3955,.T.);
#3949 = FACE_BOUND('',#3950,.T.);
#3950 = EDGE_LOOP('',(#3951,#3952,#3953,#3954));
#3951 = ORIENTED_EDGE('',*,*,#3842,.F.);
#3952 = ORIENTED_EDGE('',*,*,#3903,.T.);
#3953 = ORIENTED_EDGE('',*,*,#3882,.T.);
#3954 = ORIENTED_EDGE('',*,*,#3925,.F.);
#3955 = PLANE('',#3956);
#3956 = AXIS2_PLACEMENT_3D('',#3957,#3958,#3959);
#3957 = CARTESIAN_POINT('',(5.35,9.35,0.));
#3958 = DIRECTION('',(0.,0.,1.));
#3959 = DIRECTION('',(1.,0.,-0.));
#3960 = ( GEOMETRIC_REPRESENTATION_CONTEXT(3)
GLOBAL_UNCERTAINTY_ASSIGNED_CONTEXT((#3964))
GLOBAL_UNIT_ASSIGNED_CONTEXT((#3961,#3962,#3963)) REPRESENTATION_CONTEXT
('Context #1','3D Context with UNIT and UNCERTAINTY') );
#3961 = ( LENGTH_UNIT() NAMED_UNIT(*) SI_UNIT(.MILLI.,.METRE.) );
#3962 = ( NAMED_UNIT(*) PLANE_ANGLE_UNIT() SI_UNIT($,.RADIAN.) );
#3963 = ( NAMED_UNIT(*) SI_UNIT($,.STERADIAN.) SOLID_ANGLE_UNIT() );
#3964 = UNCERTAINTY_MEASURE_WITH_UNIT(LENGTH_MEASURE(1.E-07),#3961,
  'distance_accuracy_value','confusion accuracy');
#3965 = CONTEXT_DEPENDENT_SHAPE_REPRESENTATION(#3966,#3968);
#3966 = ( REPRESENTATION_RELATIONSHIP('','',#3809,#10)
REPRESENTATION_RELATIONSHIP_WITH_TRANSFORMATION(#3967)
SHAPE_REPRESENTATION_RELATIONSHIP() );
#3967 = ITEM_DEFINED_TRANSFORMATION('','',#11,#43);
#3968 = PRODUCT_DEFINITION_SHAPE('Placement','Placement of an item',
  #3969);
#3969 = NEXT_ASSEMBLY_USAGE_OCCURRENCE('8','Terminal Pin P2 B','',#5,
  #3804,$);
#3970 = PRODUCT_RELATED_PRODUCT_CATEGORY('part',$,(#3806));
#3971 = SHAPE_DEFINITION_REPRESENTATION(#3972,#3978);
#3972 = PRODUCT_DEFINITION_SHAPE('','',#3973);
#3973 = PRODUCT_DEFINITION('design','',#3974,#3977);
#3974 = PRODUCT_DEFINITION_FORMATION('','',#3975);
#3975 = PRODUCT('Housing P3','Housing P3','',(#3976));
#3976 = PRODUCT_CONTEXT('',#2,'mechanical');
#3977 = PRODUCT_DEFINITION_CONTEXT('part definition',#2,'design');
#3978 = ADVANCED_BREP_SHAPE_REPRESENTATION('',(#11,#3979),#5604);
#3979 = MANIFOLD_SOLID_BREP('',#3980);
#3980 = CLOSED_SHELL('',(#3981,#4095,#4128,#4161,#4252,#4285,#4310,#4335
    ,#4360,#4385,#4410,#4435,#4460,#4561,#4578,#4609,#4626,#4651,#4683,
    #4708,#4748,#4780,#4804,#4829,#4846,#4877,#4886,#4895,#4904,#4913,
    #4922,#4931,#4949,#4980,#5005,#5036,#5060,#5091,#5109,#5133,#5144,
    #5168,#5185,#5197,#5214,#5226,#5237,#5286,#5317,#5348,#5381,#5412,
    #5452,#5483,#5499,#5545,#5576,#5590));
#3981 = ADVANCED_FACE('',(#3982,#4024,#4035,#4046,#4057,#4068,#4079),
  #4090,.F.);
#3982 = FACE_BOUND('',#3983,.F.);
#3983 = EDGE_LOOP('',(#3984,#3994,#4002,#4010,#4018));
#3984 = ORIENTED_EDGE('',*,*,#3985,.F.);
#3985 = EDGE_CURVE('',#3986,#3988,#3990,.T.);
#3986 = VERTEX_POINT('',#3987);
#3987 = CARTESIAN_POINT('',(-5.551115123126E-17,0.3,0.3));
#3988 = VERTEX_POINT('',#3989);
#3989 = CARTESIAN_POINT('',(-5.551115123126E-17,0.3,9.086363636364));
#3990 = LINE('',#3991,#3992);
#3991 = CARTESIAN_POINT('',(-5.551115123126E-17,0.3,0.));
#3992 = VECTOR('',#3993,1.);
#3993 = DIRECTION('',(0.,0.,1.));
#3994 = ORIENTED_EDGE('',*,*,#3995,.T.);
#3995 = EDGE_CURVE('',#3986,#3996,#3998,.T.);
#3996 = VERTEX_POINT('',#3997);
#3997 = CARTESIAN_POINT('',(-5.551115123126E-17,12.2,0.3));
#3998 = LINE('',#3999,#4000);
#3999 = CARTESIAN_POINT('',(-5.551115123126E-17,0.,0.3));
#4000 = VECTOR('',#4001,1.);
#4001 = DIRECTION('',(-0.,1.,0.));
#4002 = ORIENTED_EDGE('',*,*,#4003,.T.);
#4003 = EDGE_CURVE('',#3996,#4004,#4006,.T.);
#4004 = VERTEX_POINT('',#4005);
#4005 = CARTESIAN_POINT('',(-5.551115123126E-17,12.2,10.3));
#4006 = LINE('',#4007,#4008);
#4007 = CARTESIAN_POINT('',(-5.551115123126E-17,12.2,0.));
#4008 = VECTOR('',#4009,1.);
#4009 = DIRECTION('',(0.,0.,1.));
#4010 = ORIENTED_EDGE('',*,*,#4011,.F.);
#4011 = EDGE_CURVE('',#4012,#4004,#4014,.T.);
#4012 = VERTEX_POINT('',#4013);
#4013 = CARTESIAN_POINT('',(-5.551115123126E-17,1.743243243243,10.3));
#4014 = LINE('',#4015,#4016);
#4015 = CARTESIAN_POINT('',(-5.551115123126E-17,0.,10.3));
#4016 = VECTOR('',#4017,1.);
#4017 = DIRECTION('',(-0.,1.,0.));
#4018 = ORIENTED_EDGE('',*,*,#4019,.F.);
#4019 = EDGE_CURVE('',#3988,#4012,#4020,.T.);
#4020 = LINE('',#4021,#4022);
#4021 = CARTESIAN_POINT('',(0.,-1.125779122542,7.88741301059));
#4022 = VECTOR('',#4023,1.);
#4023 = DIRECTION('',(0.,0.765362085905,0.643599935875));
#4024 = FACE_BOUND('',#4025,.F.);
#4025 = EDGE_LOOP('',(#4026));
#4026 = ORIENTED_EDGE('',*,*,#4027,.F.);
#4027 = EDGE_CURVE('',#4028,#4028,#4030,.T.);
#4028 = VERTEX_POINT('',#4029);
#4029 = CARTESIAN_POINT('',(0.,10.65,3.52));
#4030 = CIRCLE('',#4031,0.42);
#4031 = AXIS2_PLACEMENT_3D('',#4032,#4033,#4034);
#4032 = CARTESIAN_POINT('',(0.,10.65,3.1));
#4033 = DIRECTION('',(1.,0.,0.));
#4034 = DIRECTION('',(-0.,0.,1.));
#4035 = FACE_BOUND('',#4036,.F.);
#4036 = EDGE_LOOP('',(#4037));
#4037 = ORIENTED_EDGE('',*,*,#4038,.F.);
#4038 = EDGE_CURVE('',#4039,#4039,#4041,.T.);
#4039 = VERTEX_POINT('',#4040);
#4040 = CARTESIAN_POINT('',(0.,6.25,1.87));
#4041 = CIRCLE('',#4042,0.42);
#4042 = AXIS2_PLACEMENT_3D('',#4043,#4044,#4045);
#4043 = CARTESIAN_POINT('',(0.,6.25,1.45));
#4044 = DIRECTION('',(1.,0.,0.));
#4045 = DIRECTION('',(-0.,0.,1.));
#4046 = FACE_BOUND('',#4047,.F.);
#4047 = EDGE_LOOP('',(#4048));
#4048 = ORIENTED_EDGE('',*,*,#4049,.F.);
#4049 = EDGE_CURVE('',#4050,#4050,#4052,.T.);
#4050 = VERTEX_POINT('',#4051);
#4051 = CARTESIAN_POINT('',(0.,10.65,8.57));
#4052 = CIRCLE('',#4053,0.42);
#4053 = AXIS2_PLACEMENT_3D('',#4054,#4055,#4056);
#4054 = CARTESIAN_POINT('',(0.,10.65,8.15));
#4055 = DIRECTION('',(1.,0.,0.));
#4056 = DIRECTION('',(-0.,0.,1.));
#4057 = FACE_BOUND('',#4058,.F.);
#4058 = EDGE_LOOP('',(#4059));
#4059 = ORIENTED_EDGE('',*,*,#4060,.F.);
#4060 = EDGE_CURVE('',#4061,#4061,#4063,.T.);
#4061 = VERTEX_POINT('',#4062);
#4062 = CARTESIAN_POINT('',(0.,1.65,1.87));
#4063 = CIRCLE('',#4064,0.42);
#4064 = AXIS2_PLACEMENT_3D('',#4065,#4066,#4067);
#4065 = CARTESIAN_POINT('',(0.,1.65,1.45));
#4066 = DIRECTION('',(1.,0.,0.));
#4067 = DIRECTION('',(-0.,0.,1.));
#4068 = FACE_BOUND('',#4069,.F.);
#4069 = EDGE_LOOP('',(#4070));
#4070 = ORIENTED_EDGE('',*,*,#4071,.F.);
#4071 = EDGE_CURVE('',#4072,#4072,#4074,.T.);
#4072 = VERTEX_POINT('',#4073);
#4073 = CARTESIAN_POINT('',(0.,4.65,7.54));
#4074 = CIRCLE('',#4075,0.34);
#4075 = AXIS2_PLACEMENT_3D('',#4076,#4077,#4078);
#4076 = CARTESIAN_POINT('',(0.,4.65,7.2));
#4077 = DIRECTION('',(1.,0.,0.));
#4078 = DIRECTION('',(-0.,0.,1.));
#4079 = FACE_BOUND('',#4080,.F.);
#4080 = EDGE_LOOP('',(#4081));
#4081 = ORIENTED_EDGE('',*,*,#4082,.F.);
#4082 = EDGE_CURVE('',#4083,#4083,#4085,.T.);
#4083 = VERTEX_POINT('',#4084);
#4084 = CARTESIAN_POINT('',(0.,1.65,8.57));
#4085 = CIRCLE('',#4086,0.42);
#4086 = AXIS2_PLACEMENT_3D('',#4087,#4088,#4089);
#4087 = CARTESIAN_POINT('',(0.,1.65,8.15));
#4088 = DIRECTION('',(1.,0.,0.));
#4089 = DIRECTION('',(-0.,0.,1.));
#4090 = PLANE('',#4091);
#4091 = AXIS2_PLACEMENT_3D('',#4092,#4093,#4094);
#4092 = CARTESIAN_POINT('',(0.,0.,0.));
#4093 = DIRECTION('',(1.,0.,-0.));
#4094 = DIRECTION('',(0.,0.,1.));
#4095 = ADVANCED_FACE('',(#4096),#4123,.T.);
#4096 = FACE_BOUND('',#4097,.T.);
#4097 = EDGE_LOOP('',(#4098,#4099,#4108,#4116));
#4098 = ORIENTED_EDGE('',*,*,#3985,.F.);
#4099 = ORIENTED_EDGE('',*,*,#4100,.T.);
#4100 = EDGE_CURVE('',#3986,#4101,#4103,.T.);
#4101 = VERTEX_POINT('',#4102);
#4102 = CARTESIAN_POINT('',(0.3,-5.551115123126E-17,0.3));
#4103 = CIRCLE('',#4104,0.3);
#4104 = AXIS2_PLACEMENT_3D('',#4105,#4106,#4107);
#4105 = CARTESIAN_POINT('',(0.3,0.3,0.3));
#4106 = DIRECTION('',(0.,0.,1.));
#4107 = DIRECTION('',(-1.,0.,0.));
#4108 = ORIENTED_EDGE('',*,*,#4109,.T.);
#4109 = EDGE_CURVE('',#4101,#4110,#4112,.T.);
#4110 = VERTEX_POINT('',#4111);
#4111 = CARTESIAN_POINT('',(0.3,-5.551115123126E-17,8.834090909091));
#4112 = LINE('',#4113,#4114);
#4113 = CARTESIAN_POINT('',(0.3,-5.551115123126E-17,0.));
#4114 = VECTOR('',#4115,1.);
#4115 = DIRECTION('',(0.,0.,1.));
#4116 = ORIENTED_EDGE('',*,*,#4117,.T.);
#4117 = EDGE_CURVE('',#4110,#3988,#4118,.T.);
#4118 = ELLIPSE('',#4119,0.391971336867,0.3);
#4119 = AXIS2_PLACEMENT_3D('',#4120,#4121,#4122);
#4120 = CARTESIAN_POINT('',(0.3,0.3,9.086363636364));
#4121 = DIRECTION('',(0.,0.643599935875,-0.765362085905));
#4122 = DIRECTION('',(0.,0.765362085905,0.643599935875));
#4123 = CYLINDRICAL_SURFACE('',#4124,0.3);
#4124 = AXIS2_PLACEMENT_3D('',#4125,#4126,#4127);
#4125 = CARTESIAN_POINT('',(0.3,0.3,0.));
#4126 = DIRECTION('',(0.,0.,1.));
#4127 = DIRECTION('',(-1.,-0.,0.));
#4128 = ADVANCED_FACE('',(#4129),#4156,.T.);
#4129 = FACE_BOUND('',#4130,.F.);
#4130 = EDGE_LOOP('',(#4131,#4140,#4148,#4155));
#4131 = ORIENTED_EDGE('',*,*,#4132,.F.);
#4132 = EDGE_CURVE('',#4133,#3986,#4135,.T.);
#4133 = VERTEX_POINT('',#4134);
#4134 = CARTESIAN_POINT('',(0.3,0.3,0.));
#4135 = CIRCLE('',#4136,0.3);
#4136 = AXIS2_PLACEMENT_3D('',#4137,#4138,#4139);
#4137 = CARTESIAN_POINT('',(0.3,0.3,0.3));
#4138 = DIRECTION('',(0.,1.,-0.));
#4139 = DIRECTION('',(-1.,0.,0.));
#4140 = ORIENTED_EDGE('',*,*,#4141,.T.);
#4141 = EDGE_CURVE('',#4133,#4142,#4144,.T.);
#4142 = VERTEX_POINT('',#4143);
#4143 = CARTESIAN_POINT('',(0.3,12.2,0.));
#4144 = LINE('',#4145,#4146);
#4145 = CARTESIAN_POINT('',(0.3,0.,-5.551115123126E-17));
#4146 = VECTOR('',#4147,1.);
#4147 = DIRECTION('',(-0.,1.,0.));
#4148 = ORIENTED_EDGE('',*,*,#4149,.T.);
#4149 = EDGE_CURVE('',#4142,#3996,#4150,.T.);
#4150 = CIRCLE('',#4151,0.3);
#4151 = AXIS2_PLACEMENT_3D('',#4152,#4153,#4154);
#4152 = CARTESIAN_POINT('',(0.3,12.2,0.3));
#4153 = DIRECTION('',(0.,1.,-0.));
#4154 = DIRECTION('',(-1.,0.,0.));
#4155 = ORIENTED_EDGE('',*,*,#3995,.F.);
#4156 = CYLINDRICAL_SURFACE('',#4157,0.3);
#4157 = AXIS2_PLACEMENT_3D('',#4158,#4159,#4160);
#4158 = CARTESIAN_POINT('',(0.3,0.,0.3));
#4159 = DIRECTION('',(-0.,1.,0.));
#4160 = DIRECTION('',(-1.,-0.,0.));
#4161 = ADVANCED_FACE('',(#4162),#4247,.F.);
#4162 = FACE_BOUND('',#4163,.F.);
#4163 = EDGE_LOOP('',(#4164,#4173,#4181,#4189,#4197,#4205,#4213,#4222,
    #4230,#4239,#4245,#4246));
#4164 = ORIENTED_EDGE('',*,*,#4165,.T.);
#4165 = EDGE_CURVE('',#4012,#4166,#4168,.T.);
#4166 = VERTEX_POINT('',#4167);
#4167 = CARTESIAN_POINT('',(0.3,2.1,10.6));
#4168 = ELLIPSE('',#4169,0.466128076275,0.3);
#4169 = AXIS2_PLACEMENT_3D('',#4170,#4171,#4172);
#4170 = CARTESIAN_POINT('',(0.3,1.743243243243,10.3));
#4171 = DIRECTION('',(0.,0.643599935875,-0.765362085905));
#4172 = DIRECTION('',(0.,0.765362085905,0.643599935875));
#4173 = ORIENTED_EDGE('',*,*,#4174,.T.);
#4174 = EDGE_CURVE('',#4166,#4175,#4177,.T.);
#4175 = VERTEX_POINT('',#4176);
#4176 = CARTESIAN_POINT('',(0.34,2.1,10.6));
#4177 = LINE('',#4178,#4179);
#4178 = CARTESIAN_POINT('',(-0.1,2.1,10.6));
#4179 = VECTOR('',#4180,1.);
#4180 = DIRECTION('',(1.,0.,0.));
#4181 = ORIENTED_EDGE('',*,*,#4182,.T.);
#4182 = EDGE_CURVE('',#4175,#4183,#4185,.T.);
#4183 = VERTEX_POINT('',#4184);
#4184 = CARTESIAN_POINT('',(0.34,0.589585439838,9.329878665319));
#4185 = LINE('',#4186,#4187);
#4186 = CARTESIAN_POINT('',(0.34,2.697145719937,11.102145264493));
#4187 = VECTOR('',#4188,1.);
#4188 = DIRECTION('',(0.,-0.765362085905,-0.643599935875));
#4189 = ORIENTED_EDGE('',*,*,#4190,.T.);
#4190 = EDGE_CURVE('',#4183,#4191,#4193,.T.);
#4191 = VERTEX_POINT('',#4192);
#4192 = CARTESIAN_POINT('',(3.16,0.589585439838,9.329878665319));
#4193 = LINE('',#4194,#4195);
#4194 = CARTESIAN_POINT('',(0.12,0.589585439838,9.329878665319));
#4195 = VECTOR('',#4196,1.);
#4196 = DIRECTION('',(1.,0.,0.));
#4197 = ORIENTED_EDGE('',*,*,#4198,.F.);
#4198 = EDGE_CURVE('',#4199,#4191,#4201,.T.);
#4199 = VERTEX_POINT('',#4200);
#4200 = CARTESIAN_POINT('',(3.16,2.1,10.6));
#4201 = LINE('',#4202,#4203);
#4202 = CARTESIAN_POINT('',(3.16,2.697145719937,11.102145264493));
#4203 = VECTOR('',#4204,1.);
#4204 = DIRECTION('',(0.,-0.765362085905,-0.643599935875));
#4205 = ORIENTED_EDGE('',*,*,#4206,.T.);
#4206 = EDGE_CURVE('',#4199,#4207,#4209,.T.);
#4207 = VERTEX_POINT('',#4208);
#4208 = CARTESIAN_POINT('',(3.2,2.1,10.6));
#4209 = LINE('',#4210,#4211);
#4210 = CARTESIAN_POINT('',(-0.1,2.1,10.6));
#4211 = VECTOR('',#4212,1.);
#4212 = DIRECTION('',(1.,0.,0.));
#4213 = ORIENTED_EDGE('',*,*,#4214,.T.);
#4214 = EDGE_CURVE('',#4207,#4215,#4217,.T.);
#4215 = VERTEX_POINT('',#4216);
#4216 = CARTESIAN_POINT('',(3.5,1.743243243243,10.3));
#4217 = ELLIPSE('',#4218,0.466128076275,0.3);
#4218 = AXIS2_PLACEMENT_3D('',#4219,#4220,#4221);
#4219 = CARTESIAN_POINT('',(3.2,1.743243243243,10.3));
#4220 = DIRECTION('',(0.,0.643599935875,-0.765362085905));
#4221 = DIRECTION('',(0.,0.765362085905,0.643599935875));
#4222 = ORIENTED_EDGE('',*,*,#4223,.F.);
#4223 = EDGE_CURVE('',#4224,#4215,#4226,.T.);
#4224 = VERTEX_POINT('',#4225);
#4225 = CARTESIAN_POINT('',(3.5,0.3,9.086363636364));
#4226 = LINE('',#4227,#4228);
#4227 = CARTESIAN_POINT('',(3.5,-1.125779122542,7.88741301059));
#4228 = VECTOR('',#4229,1.);
#4229 = DIRECTION('',(0.,0.765362085905,0.643599935875));
#4230 = ORIENTED_EDGE('',*,*,#4231,.T.);
#4231 = EDGE_CURVE('',#4224,#4232,#4234,.T.);
#4232 = VERTEX_POINT('',#4233);
#4233 = CARTESIAN_POINT('',(3.2,-5.551115123126E-17,8.834090909091));
#4234 = ELLIPSE('',#4235,0.391971336867,0.3);
#4235 = AXIS2_PLACEMENT_3D('',#4236,#4237,#4238);
#4236 = CARTESIAN_POINT('',(3.2,0.3,9.086363636364));
#4237 = DIRECTION('',(0.,0.643599935875,-0.765362085905));
#4238 = DIRECTION('',(0.,0.765362085905,0.643599935875));
#4239 = ORIENTED_EDGE('',*,*,#4240,.T.);
#4240 = EDGE_CURVE('',#4232,#4110,#4241,.T.);
#4241 = LINE('',#4242,#4243);
#4242 = CARTESIAN_POINT('',(-5.E-02,2.22044604925E-16,8.834090909091));
#4243 = VECTOR('',#4244,1.);
#4244 = DIRECTION('',(-1.,0.,-0.));
#4245 = ORIENTED_EDGE('',*,*,#4117,.T.);
#4246 = ORIENTED_EDGE('',*,*,#4019,.T.);
#4247 = PLANE('',#4248);
#4248 = AXIS2_PLACEMENT_3D('',#4249,#4250,#4251);
#4249 = CARTESIAN_POINT('',(-0.1,2.1,10.6));
#4250 = DIRECTION('',(0.,0.643599935875,-0.765362085905));
#4251 = DIRECTION('',(0.,-0.765362085905,-0.643599935875));
#4252 = ADVANCED_FACE('',(#4253),#4280,.T.);
#4253 = FACE_BOUND('',#4254,.F.);
#4254 = EDGE_LOOP('',(#4255,#4256,#4265,#4273));
#4255 = ORIENTED_EDGE('',*,*,#4003,.F.);
#4256 = ORIENTED_EDGE('',*,*,#4257,.T.);
#4257 = EDGE_CURVE('',#3996,#4258,#4260,.T.);
#4258 = VERTEX_POINT('',#4259);
#4259 = CARTESIAN_POINT('',(0.3,12.5,0.3));
#4260 = CIRCLE('',#4261,0.3);
#4261 = AXIS2_PLACEMENT_3D('',#4262,#4263,#4264);
#4262 = CARTESIAN_POINT('',(0.3,12.2,0.3));
#4263 = DIRECTION('',(-0.,0.,-1.));
#4264 = DIRECTION('',(-1.,0.,0.));
#4265 = ORIENTED_EDGE('',*,*,#4266,.T.);
#4266 = EDGE_CURVE('',#4258,#4267,#4269,.T.);
#4267 = VERTEX_POINT('',#4268);
#4268 = CARTESIAN_POINT('',(0.3,12.5,10.3));
#4269 = LINE('',#4270,#4271);
#4270 = CARTESIAN_POINT('',(0.3,12.5,0.));
#4271 = VECTOR('',#4272,1.);
#4272 = DIRECTION('',(0.,0.,1.));
#4273 = ORIENTED_EDGE('',*,*,#4274,.T.);
#4274 = EDGE_CURVE('',#4267,#4004,#4275,.T.);
#4275 = CIRCLE('',#4276,0.3);
#4276 = AXIS2_PLACEMENT_3D('',#4277,#4278,#4279);
#4277 = CARTESIAN_POINT('',(0.3,12.2,10.3));
#4278 = DIRECTION('',(0.,0.,1.));
#4279 = DIRECTION('',(-1.,-0.,0.));
#4280 = CYLINDRICAL_SURFACE('',#4281,0.3);
#4281 = AXIS2_PLACEMENT_3D('',#4282,#4283,#4284);
#4282 = CARTESIAN_POINT('',(0.3,12.2,0.));
#4283 = DIRECTION('',(0.,0.,1.));
#4284 = DIRECTION('',(-1.,-0.,0.));
#4285 = ADVANCED_FACE('',(#4286),#4305,.T.);
#4286 = FACE_BOUND('',#4287,.T.);
#4287 = EDGE_LOOP('',(#4288,#4289,#4297,#4304));
#4288 = ORIENTED_EDGE('',*,*,#4165,.T.);
#4289 = ORIENTED_EDGE('',*,*,#4290,.T.);
#4290 = EDGE_CURVE('',#4166,#4291,#4293,.T.);
#4291 = VERTEX_POINT('',#4292);
#4292 = CARTESIAN_POINT('',(0.3,12.2,10.6));
#4293 = LINE('',#4294,#4295);
#4294 = CARTESIAN_POINT('',(0.3,0.,10.6));
#4295 = VECTOR('',#4296,1.);
#4296 = DIRECTION('',(-0.,1.,0.));
#4297 = ORIENTED_EDGE('',*,*,#4298,.F.);
#4298 = EDGE_CURVE('',#4004,#4291,#4299,.T.);
#4299 = CIRCLE('',#4300,0.3);
#4300 = AXIS2_PLACEMENT_3D('',#4301,#4302,#4303);
#4301 = CARTESIAN_POINT('',(0.3,12.2,10.3));
#4302 = DIRECTION('',(-0.,1.,0.));
#4303 = DIRECTION('',(-1.,-0.,0.));
#4304 = ORIENTED_EDGE('',*,*,#4011,.F.);
#4305 = CYLINDRICAL_SURFACE('',#4306,0.3);
#4306 = AXIS2_PLACEMENT_3D('',#4307,#4308,#4309);
#4307 = CARTESIAN_POINT('',(0.3,0.,10.3));
#4308 = DIRECTION('',(-0.,1.,0.));
#4309 = DIRECTION('',(-1.,-0.,0.));
#4310 = ADVANCED_FACE('',(#4311),#4330,.F.);
#4311 = FACE_BOUND('',#4312,.F.);
#4312 = EDGE_LOOP('',(#4313,#4321,#4328,#4329));
#4313 = ORIENTED_EDGE('',*,*,#4314,.T.);
#4314 = EDGE_CURVE('',#4028,#4315,#4317,.T.);
#4315 = VERTEX_POINT('',#4316);
#4316 = CARTESIAN_POINT('',(0.27,10.65,3.52));
#4317 = LINE('',#4318,#4319);
#4318 = CARTESIAN_POINT('',(-5.E-02,10.65,3.52));
#4319 = VECTOR('',#4320,1.);
#4320 = DIRECTION('',(1.,0.,0.));
#4321 = ORIENTED_EDGE('',*,*,#4322,.F.);
#4322 = EDGE_CURVE('',#4315,#4315,#4323,.T.);
#4323 = CIRCLE('',#4324,0.42);
#4324 = AXIS2_PLACEMENT_3D('',#4325,#4326,#4327);
#4325 = CARTESIAN_POINT('',(0.27,10.65,3.1));
#4326 = DIRECTION('',(1.,0.,0.));
#4327 = DIRECTION('',(-0.,0.,1.));
#4328 = ORIENTED_EDGE('',*,*,#4314,.F.);
#4329 = ORIENTED_EDGE('',*,*,#4027,.T.);
#4330 = CYLINDRICAL_SURFACE('',#4331,0.42);
#4331 = AXIS2_PLACEMENT_3D('',#4332,#4333,#4334);
#4332 = CARTESIAN_POINT('',(-5.E-02,10.65,3.1));
#4333 = DIRECTION('',(1.,0.,0.));
#4334 = DIRECTION('',(-0.,0.,1.));
#4335 = ADVANCED_FACE('',(#4336),#4355,.F.);
#4336 = FACE_BOUND('',#4337,.F.);
#4337 = EDGE_LOOP('',(#4338,#4346,#4353,#4354));
#4338 = ORIENTED_EDGE('',*,*,#4339,.T.);
#4339 = EDGE_CURVE('',#4039,#4340,#4342,.T.);
#4340 = VERTEX_POINT('',#4341);
#4341 = CARTESIAN_POINT('',(0.27,6.25,1.87));
#4342 = LINE('',#4343,#4344);
#4343 = CARTESIAN_POINT('',(-5.E-02,6.25,1.87));
#4344 = VECTOR('',#4345,1.);
#4345 = DIRECTION('',(1.,0.,0.));
#4346 = ORIENTED_EDGE('',*,*,#4347,.F.);
#4347 = EDGE_CURVE('',#4340,#4340,#4348,.T.);
#4348 = CIRCLE('',#4349,0.42);
#4349 = AXIS2_PLACEMENT_3D('',#4350,#4351,#4352);
#4350 = CARTESIAN_POINT('',(0.27,6.25,1.45));
#4351 = DIRECTION('',(1.,0.,0.));
#4352 = DIRECTION('',(-0.,0.,1.));
#4353 = ORIENTED_EDGE('',*,*,#4339,.F.);
#4354 = ORIENTED_EDGE('',*,*,#4038,.T.);
#4355 = CYLINDRICAL_SURFACE('',#4356,0.42);
#4356 = AXIS2_PLACEMENT_3D('',#4357,#4358,#4359);
#4357 = CARTESIAN_POINT('',(-5.E-02,6.25,1.45));
#4358 = DIRECTION('',(1.,0.,0.));
#4359 = DIRECTION('',(-0.,0.,1.));
#4360 = ADVANCED_FACE('',(#4361),#4380,.F.);
#4361 = FACE_BOUND('',#4362,.F.);
#4362 = EDGE_LOOP('',(#4363,#4371,#4378,#4379));
#4363 = ORIENTED_EDGE('',*,*,#4364,.T.);
#4364 = EDGE_CURVE('',#4050,#4365,#4367,.T.);
#4365 = VERTEX_POINT('',#4366);
#4366 = CARTESIAN_POINT('',(0.27,10.65,8.57));
#4367 = LINE('',#4368,#4369);
#4368 = CARTESIAN_POINT('',(-5.E-02,10.65,8.57));
#4369 = VECTOR('',#4370,1.);
#4370 = DIRECTION('',(1.,0.,0.));
#4371 = ORIENTED_EDGE('',*,*,#4372,.F.);
#4372 = EDGE_CURVE('',#4365,#4365,#4373,.T.);
#4373 = CIRCLE('',#4374,0.42);
#4374 = AXIS2_PLACEMENT_3D('',#4375,#4376,#4377);
#4375 = CARTESIAN_POINT('',(0.27,10.65,8.15));
#4376 = DIRECTION('',(1.,0.,0.));
#4377 = DIRECTION('',(-0.,0.,1.));
#4378 = ORIENTED_EDGE('',*,*,#4364,.F.);
#4379 = ORIENTED_EDGE('',*,*,#4049,.T.);
#4380 = CYLINDRICAL_SURFACE('',#4381,0.42);
#4381 = AXIS2_PLACEMENT_3D('',#4382,#4383,#4384);
#4382 = CARTESIAN_POINT('',(-5.E-02,10.65,8.15));
#4383 = DIRECTION('',(1.,0.,0.));
#4384 = DIRECTION('',(-0.,0.,1.));
#4385 = ADVANCED_FACE('',(#4386),#4405,.F.);
#4386 = FACE_BOUND('',#4387,.F.);
#4387 = EDGE_LOOP('',(#4388,#4396,#4403,#4404));
#4388 = ORIENTED_EDGE('',*,*,#4389,.T.);
#4389 = EDGE_CURVE('',#4061,#4390,#4392,.T.);
#4390 = VERTEX_POINT('',#4391);
#4391 = CARTESIAN_POINT('',(0.27,1.65,1.87));
#4392 = LINE('',#4393,#4394);
#4393 = CARTESIAN_POINT('',(-5.E-02,1.65,1.87));
#4394 = VECTOR('',#4395,1.);
#4395 = DIRECTION('',(1.,0.,0.));
#4396 = ORIENTED_EDGE('',*,*,#4397,.F.);
#4397 = EDGE_CURVE('',#4390,#4390,#4398,.T.);
#4398 = CIRCLE('',#4399,0.42);
#4399 = AXIS2_PLACEMENT_3D('',#4400,#4401,#4402);
#4400 = CARTESIAN_POINT('',(0.27,1.65,1.45));
#4401 = DIRECTION('',(1.,0.,0.));
#4402 = DIRECTION('',(-0.,0.,1.));
#4403 = ORIENTED_EDGE('',*,*,#4389,.F.);
#4404 = ORIENTED_EDGE('',*,*,#4060,.T.);
#4405 = CYLINDRICAL_SURFACE('',#4406,0.42);
#4406 = AXIS2_PLACEMENT_3D('',#4407,#4408,#4409);
#4407 = CARTESIAN_POINT('',(-5.E-02,1.65,1.45));
#4408 = DIRECTION('',(1.,0.,0.));
#4409 = DIRECTION('',(-0.,0.,1.));
#4410 = ADVANCED_FACE('',(#4411),#4430,.F.);
#4411 = FACE_BOUND('',#4412,.F.);
#4412 = EDGE_LOOP('',(#4413,#4421,#4428,#4429));
#4413 = ORIENTED_EDGE('',*,*,#4414,.T.);
#4414 = EDGE_CURVE('',#4072,#4415,#4417,.T.);
#4415 = VERTEX_POINT('',#4416);
#4416 = CARTESIAN_POINT('',(0.27,4.65,7.54));
#4417 = LINE('',#4418,#4419);
#4418 = CARTESIAN_POINT('',(-5.E-02,4.65,7.54));
#4419 = VECTOR('',#4420,1.);
#4420 = DIRECTION('',(1.,0.,0.));
#4421 = ORIENTED_EDGE('',*,*,#4422,.F.);
#4422 = EDGE_CURVE('',#4415,#4415,#4423,.T.);
#4423 = CIRCLE('',#4424,0.34);
#4424 = AXIS2_PLACEMENT_3D('',#4425,#4426,#4427);
#4425 = CARTESIAN_POINT('',(0.27,4.65,7.2));
#4426 = DIRECTION('',(1.,0.,0.));
#4427 = DIRECTION('',(-0.,0.,1.));
#4428 = ORIENTED_EDGE('',*,*,#4414,.F.);
#4429 = ORIENTED_EDGE('',*,*,#4071,.T.);
#4430 = CYLINDRICAL_SURFACE('',#4431,0.34);
#4431 = AXIS2_PLACEMENT_3D('',#4432,#4433,#4434);
#4432 = CARTESIAN_POINT('',(-5.E-02,4.65,7.2));
#4433 = DIRECTION('',(1.,0.,0.));
#4434 = DIRECTION('',(-0.,0.,1.));
#4435 = ADVANCED_FACE('',(#4436),#4455,.F.);
#4436 = FACE_BOUND('',#4437,.F.);
#4437 = EDGE_LOOP('',(#4438,#4446,#4453,#4454));
#4438 = ORIENTED_EDGE('',*,*,#4439,.T.);
#4439 = EDGE_CURVE('',#4083,#4440,#4442,.T.);
#4440 = VERTEX_POINT('',#4441);
#4441 = CARTESIAN_POINT('',(0.27,1.65,8.57));
#4442 = LINE('',#4443,#4444);
#4443 = CARTESIAN_POINT('',(-5.E-02,1.65,8.57));
#4444 = VECTOR('',#4445,1.);
#4445 = DIRECTION('',(1.,0.,0.));
#4446 = ORIENTED_EDGE('',*,*,#4447,.F.);
#4447 = EDGE_CURVE('',#4440,#4440,#4448,.T.);
#4448 = CIRCLE('',#4449,0.42);
#4449 = AXIS2_PLACEMENT_3D('',#4450,#4451,#4452);
#4450 = CARTESIAN_POINT('',(0.27,1.65,8.15));
#4451 = DIRECTION('',(1.,0.,0.));
#4452 = DIRECTION('',(-0.,0.,1.));
#4453 = ORIENTED_EDGE('',*,*,#4439,.F.);
#4454 = ORIENTED_EDGE('',*,*,#4082,.T.);
#4455 = CYLINDRICAL_SURFACE('',#4456,0.42);
#4456 = AXIS2_PLACEMENT_3D('',#4457,#4458,#4459);
#4457 = CARTESIAN_POINT('',(-5.E-02,1.65,8.15));
#4458 = DIRECTION('',(1.,0.,0.));
#4459 = DIRECTION('',(-0.,0.,1.));
#4460 = ADVANCED_FACE('',(#4461,#4479),#4556,.F.);
#4461 = FACE_BOUND('',#4462,.F.);
#4462 = EDGE_LOOP('',(#4463,#4471,#4472,#4473));
#4463 = ORIENTED_EDGE('',*,*,#4464,.F.);
#4464 = EDGE_CURVE('',#4101,#4465,#4467,.T.);
#4465 = VERTEX_POINT('',#4466);
#4466 = CARTESIAN_POINT('',(3.2,-5.551115123126E-17,0.3));
#4467 = LINE('',#4468,#4469);
#4468 = CARTESIAN_POINT('',(0.,-5.551115123126E-17,0.3));
#4469 = VECTOR('',#4470,1.);
#4470 = DIRECTION('',(1.,0.,-0.));
#4471 = ORIENTED_EDGE('',*,*,#4109,.T.);
#4472 = ORIENTED_EDGE('',*,*,#4240,.F.);
#4473 = ORIENTED_EDGE('',*,*,#4474,.F.);
#4474 = EDGE_CURVE('',#4465,#4232,#4475,.T.);
#4475 = LINE('',#4476,#4477);
#4476 = CARTESIAN_POINT('',(3.2,-5.551115123126E-17,0.));
#4477 = VECTOR('',#4478,1.);
#4478 = DIRECTION('',(0.,0.,1.));
#4479 = FACE_BOUND('',#4480,.F.);
#4480 = EDGE_LOOP('',(#4481,#4491,#4499,#4507,#4516,#4525,#4533,#4541,
    #4549));
#4481 = ORIENTED_EDGE('',*,*,#4482,.F.);
#4482 = EDGE_CURVE('',#4483,#4485,#4487,.T.);
#4483 = VERTEX_POINT('',#4484);
#4484 = CARTESIAN_POINT('',(3.15,0.,5.6));
#4485 = VERTEX_POINT('',#4486);
#4486 = CARTESIAN_POINT('',(3.15,0.,2.1));
#4487 = LINE('',#4488,#4489);
#4488 = CARTESIAN_POINT('',(3.15,0.,1.05));
#4489 = VECTOR('',#4490,1.);
#4490 = DIRECTION('',(-0.,0.,-1.));
#4491 = ORIENTED_EDGE('',*,*,#4492,.F.);
#4492 = EDGE_CURVE('',#4493,#4483,#4495,.T.);
#4493 = VERTEX_POINT('',#4494);
#4494 = CARTESIAN_POINT('',(2.7,0.,5.6));
#4495 = LINE('',#4496,#4497);
#4496 = CARTESIAN_POINT('',(0.175,0.,5.6));
#4497 = VECTOR('',#4498,1.);
#4498 = DIRECTION('',(1.,0.,-0.));
#4499 = ORIENTED_EDGE('',*,*,#4500,.F.);
#4500 = EDGE_CURVE('',#4501,#4493,#4503,.T.);
#4501 = VERTEX_POINT('',#4502);
#4502 = CARTESIAN_POINT('',(2.7,0.,7.35));
#4503 = LINE('',#4504,#4505);
#4504 = CARTESIAN_POINT('',(2.7,0.,2.8));
#4505 = VECTOR('',#4506,1.);
#4506 = DIRECTION('',(-0.,0.,-1.));
#4507 = ORIENTED_EDGE('',*,*,#4508,.F.);
#4508 = EDGE_CURVE('',#4509,#4501,#4511,.T.);
#4509 = VERTEX_POINT('',#4510);
#4510 = CARTESIAN_POINT('',(1.75,0.,8.3));
#4511 = CIRCLE('',#4512,0.95);
#4512 = AXIS2_PLACEMENT_3D('',#4513,#4514,#4515);
#4513 = CARTESIAN_POINT('',(1.75,0.,7.35));
#4514 = DIRECTION('',(0.,1.,0.));
#4515 = DIRECTION('',(0.,-0.,1.));
#4516 = ORIENTED_EDGE('',*,*,#4517,.F.);
#4517 = EDGE_CURVE('',#4518,#4509,#4520,.T.);
#4518 = VERTEX_POINT('',#4519);
#4519 = CARTESIAN_POINT('',(0.8,0.,7.35));
#4520 = CIRCLE('',#4521,0.95);
#4521 = AXIS2_PLACEMENT_3D('',#4522,#4523,#4524);
#4522 = CARTESIAN_POINT('',(1.75,0.,7.35));
#4523 = DIRECTION('',(0.,1.,0.));
#4524 = DIRECTION('',(0.,-0.,1.));
#4525 = ORIENTED_EDGE('',*,*,#4526,.T.);
#4526 = EDGE_CURVE('',#4518,#4527,#4529,.T.);
#4527 = VERTEX_POINT('',#4528);
#4528 = CARTESIAN_POINT('',(0.8,0.,5.6));
#4529 = LINE('',#4530,#4531);
#4530 = CARTESIAN_POINT('',(0.8,0.,2.8));
#4531 = VECTOR('',#4532,1.);
#4532 = DIRECTION('',(-0.,0.,-1.));
#4533 = ORIENTED_EDGE('',*,*,#4534,.F.);
#4534 = EDGE_CURVE('',#4535,#4527,#4537,.T.);
#4535 = VERTEX_POINT('',#4536);
#4536 = CARTESIAN_POINT('',(0.35,0.,5.6));
#4537 = LINE('',#4538,#4539);
#4538 = CARTESIAN_POINT('',(0.175,0.,5.6));
#4539 = VECTOR('',#4540,1.);
#4540 = DIRECTION('',(1.,0.,-0.));
#4541 = ORIENTED_EDGE('',*,*,#4542,.T.);
#4542 = EDGE_CURVE('',#4535,#4543,#4545,.T.);
#4543 = VERTEX_POINT('',#4544);
#4544 = CARTESIAN_POINT('',(0.35,0.,2.1));
#4545 = LINE('',#4546,#4547);
#4546 = CARTESIAN_POINT('',(0.35,0.,1.05));
#4547 = VECTOR('',#4548,1.);
#4548 = DIRECTION('',(-0.,0.,-1.));
#4549 = ORIENTED_EDGE('',*,*,#4550,.F.);
#4550 = EDGE_CURVE('',#4485,#4543,#4551,.T.);
#4551 = CIRCLE('',#4552,1.4);
#4552 = AXIS2_PLACEMENT_3D('',#4553,#4554,#4555);
#4553 = CARTESIAN_POINT('',(1.75,0.,2.1));
#4554 = DIRECTION('',(0.,1.,0.));
#4555 = DIRECTION('',(0.,-0.,1.));
#4556 = PLANE('',#4557);
#4557 = AXIS2_PLACEMENT_3D('',#4558,#4559,#4560);
#4558 = CARTESIAN_POINT('',(0.,0.,0.));
#4559 = DIRECTION('',(-0.,1.,0.));
#4560 = DIRECTION('',(0.,0.,1.));
#4561 = ADVANCED_FACE('',(#4562),#4573,.T.);
#4562 = FACE_BOUND('',#4563,.T.);
#4563 = EDGE_LOOP('',(#4564,#4565,#4572));
#4564 = ORIENTED_EDGE('',*,*,#4132,.F.);
#4565 = ORIENTED_EDGE('',*,*,#4566,.T.);
#4566 = EDGE_CURVE('',#4133,#4101,#4567,.T.);
#4567 = CIRCLE('',#4568,0.3);
#4568 = AXIS2_PLACEMENT_3D('',#4569,#4570,#4571);
#4569 = CARTESIAN_POINT('',(0.3,0.3,0.3));
#4570 = DIRECTION('',(-1.,6.123233995737E-17,0.));
#4571 = DIRECTION('',(-6.123233995737E-17,-1.,0.));
#4572 = ORIENTED_EDGE('',*,*,#4100,.F.);
#4573 = SPHERICAL_SURFACE('',#4574,0.3);
#4574 = AXIS2_PLACEMENT_3D('',#4575,#4576,#4577);
#4575 = CARTESIAN_POINT('',(0.3,0.3,0.3));
#4576 = DIRECTION('',(0.,0.,1.));
#4577 = DIRECTION('',(-1.,0.,0.));
#4578 = ADVANCED_FACE('',(#4579),#4604,.F.);
#4579 = FACE_BOUND('',#4580,.F.);
#4580 = EDGE_LOOP('',(#4581,#4582,#4590,#4598));
#4581 = ORIENTED_EDGE('',*,*,#4141,.F.);
#4582 = ORIENTED_EDGE('',*,*,#4583,.T.);
#4583 = EDGE_CURVE('',#4133,#4584,#4586,.T.);
#4584 = VERTEX_POINT('',#4585);
#4585 = CARTESIAN_POINT('',(3.2,0.3,0.));
#4586 = LINE('',#4587,#4588);
#4587 = CARTESIAN_POINT('',(0.,0.3,-5.551115123126E-17));
#4588 = VECTOR('',#4589,1.);
#4589 = DIRECTION('',(1.,0.,-0.));
#4590 = ORIENTED_EDGE('',*,*,#4591,.T.);
#4591 = EDGE_CURVE('',#4584,#4592,#4594,.T.);
#4592 = VERTEX_POINT('',#4593);
#4593 = CARTESIAN_POINT('',(3.2,12.2,0.));
#4594 = LINE('',#4595,#4596);
#4595 = CARTESIAN_POINT('',(3.2,0.,-5.551115123126E-17));
#4596 = VECTOR('',#4597,1.);
#4597 = DIRECTION('',(-0.,1.,0.));
#4598 = ORIENTED_EDGE('',*,*,#4599,.F.);
#4599 = EDGE_CURVE('',#4142,#4592,#4600,.T.);
#4600 = LINE('',#4601,#4602);
#4601 = CARTESIAN_POINT('',(0.,12.2,-5.551115123126E-17));
#4602 = VECTOR('',#4603,1.);
#4603 = DIRECTION('',(1.,0.,-0.));
#4604 = PLANE('',#4605);
#4605 = AXIS2_PLACEMENT_3D('',#4606,#4607,#4608);
#4606 = CARTESIAN_POINT('',(0.,0.,0.));
#4607 = DIRECTION('',(0.,0.,1.));
#4608 = DIRECTION('',(1.,0.,-0.));
#4609 = ADVANCED_FACE('',(#4610),#4621,.T.);
#4610 = FACE_BOUND('',#4611,.F.);
#4611 = EDGE_LOOP('',(#4612,#4613,#4620));
#4612 = ORIENTED_EDGE('',*,*,#4149,.F.);
#4613 = ORIENTED_EDGE('',*,*,#4614,.T.);
#4614 = EDGE_CURVE('',#4142,#4258,#4615,.T.);
#4615 = CIRCLE('',#4616,0.3);
#4616 = AXIS2_PLACEMENT_3D('',#4617,#4618,#4619);
#4617 = CARTESIAN_POINT('',(0.3,12.2,0.3));
#4618 = DIRECTION('',(1.,6.123233995737E-17,-0.));
#4619 = DIRECTION('',(-6.123233995737E-17,1.,0.));
#4620 = ORIENTED_EDGE('',*,*,#4257,.F.);
#4621 = SPHERICAL_SURFACE('',#4622,0.3);
#4622 = AXIS2_PLACEMENT_3D('',#4623,#4624,#4625);
#4623 = CARTESIAN_POINT('',(0.3,12.2,0.3));
#4624 = DIRECTION('',(0.,0.,1.));
#4625 = DIRECTION('',(-1.,0.,0.));
#4626 = ADVANCED_FACE('',(#4627),#4646,.T.);
#4627 = FACE_BOUND('',#4628,.F.);
#4628 = EDGE_LOOP('',(#4629,#4637,#4644,#4645));
#4629 = ORIENTED_EDGE('',*,*,#4630,.F.);
#4630 = EDGE_CURVE('',#4631,#4224,#4633,.T.);
#4631 = VERTEX_POINT('',#4632);
#4632 = CARTESIAN_POINT('',(3.5,0.3,0.3));
#4633 = LINE('',#4634,#4635);
#4634 = CARTESIAN_POINT('',(3.5,0.3,0.));
#4635 = VECTOR('',#4636,1.);
#4636 = DIRECTION('',(0.,0.,1.));
#4637 = ORIENTED_EDGE('',*,*,#4638,.T.);
#4638 = EDGE_CURVE('',#4631,#4465,#4639,.T.);
#4639 = CIRCLE('',#4640,0.3);
#4640 = AXIS2_PLACEMENT_3D('',#4641,#4642,#4643);
#4641 = CARTESIAN_POINT('',(3.2,0.3,0.3));
#4642 = DIRECTION('',(0.,-0.,-1.));
#4643 = DIRECTION('',(1.,0.,-0.));
#4644 = ORIENTED_EDGE('',*,*,#4474,.T.);
#4645 = ORIENTED_EDGE('',*,*,#4231,.F.);
#4646 = CYLINDRICAL_SURFACE('',#4647,0.3);
#4647 = AXIS2_PLACEMENT_3D('',#4648,#4649,#4650);
#4648 = CARTESIAN_POINT('',(3.2,0.3,0.));
#4649 = DIRECTION('',(0.,0.,1.));
#4650 = DIRECTION('',(1.,0.,-0.));
#4651 = ADVANCED_FACE('',(#4652),#4678,.T.);
#4652 = FACE_BOUND('',#4653,.T.);
#4653 = EDGE_LOOP('',(#4654,#4655,#4663,#4671,#4677));
#4654 = ORIENTED_EDGE('',*,*,#4630,.F.);
#4655 = ORIENTED_EDGE('',*,*,#4656,.T.);
#4656 = EDGE_CURVE('',#4631,#4657,#4659,.T.);
#4657 = VERTEX_POINT('',#4658);
#4658 = CARTESIAN_POINT('',(3.5,12.2,0.3));
#4659 = LINE('',#4660,#4661);
#4660 = CARTESIAN_POINT('',(3.5,0.,0.3));
#4661 = VECTOR('',#4662,1.);
#4662 = DIRECTION('',(-0.,1.,0.));
#4663 = ORIENTED_EDGE('',*,*,#4664,.T.);
#4664 = EDGE_CURVE('',#4657,#4665,#4667,.T.);
#4665 = VERTEX_POINT('',#4666);
#4666 = CARTESIAN_POINT('',(3.5,12.2,10.3));
#4667 = LINE('',#4668,#4669);
#4668 = CARTESIAN_POINT('',(3.5,12.2,0.));
#4669 = VECTOR('',#4670,1.);
#4670 = DIRECTION('',(0.,0.,1.));
#4671 = ORIENTED_EDGE('',*,*,#4672,.F.);
#4672 = EDGE_CURVE('',#4215,#4665,#4673,.T.);
#4673 = LINE('',#4674,#4675);
#4674 = CARTESIAN_POINT('',(3.5,0.,10.3));
#4675 = VECTOR('',#4676,1.);
#4676 = DIRECTION('',(-0.,1.,0.));
#4677 = ORIENTED_EDGE('',*,*,#4223,.F.);
#4678 = PLANE('',#4679);
#4679 = AXIS2_PLACEMENT_3D('',#4680,#4681,#4682);
#4680 = CARTESIAN_POINT('',(3.5,0.,0.));
#4681 = DIRECTION('',(1.,0.,-0.));
#4682 = DIRECTION('',(0.,0.,1.));
#4683 = ADVANCED_FACE('',(#4684),#4703,.T.);
#4684 = FACE_BOUND('',#4685,.F.);
#4685 = EDGE_LOOP('',(#4686,#4687,#4695,#4702));
#4686 = ORIENTED_EDGE('',*,*,#4214,.F.);
#4687 = ORIENTED_EDGE('',*,*,#4688,.T.);
#4688 = EDGE_CURVE('',#4207,#4689,#4691,.T.);
#4689 = VERTEX_POINT('',#4690);
#4690 = CARTESIAN_POINT('',(3.2,12.2,10.6));
#4691 = LINE('',#4692,#4693);
#4692 = CARTESIAN_POINT('',(3.2,0.,10.6));
#4693 = VECTOR('',#4694,1.);
#4694 = DIRECTION('',(-0.,1.,0.));
#4695 = ORIENTED_EDGE('',*,*,#4696,.F.);
#4696 = EDGE_CURVE('',#4665,#4689,#4697,.T.);
#4697 = CIRCLE('',#4698,0.3);
#4698 = AXIS2_PLACEMENT_3D('',#4699,#4700,#4701);
#4699 = CARTESIAN_POINT('',(3.2,12.2,10.3));
#4700 = DIRECTION('',(0.,-1.,-0.));
#4701 = DIRECTION('',(1.,0.,0.));
#4702 = ORIENTED_EDGE('',*,*,#4672,.F.);
#4703 = CYLINDRICAL_SURFACE('',#4704,0.3);
#4704 = AXIS2_PLACEMENT_3D('',#4705,#4706,#4707);
#4705 = CARTESIAN_POINT('',(3.2,0.,10.3));
#4706 = DIRECTION('',(-0.,1.,0.));
#4707 = DIRECTION('',(1.,0.,-0.));
#4708 = ADVANCED_FACE('',(#4709),#4743,.T.);
#4709 = FACE_BOUND('',#4710,.T.);
#4710 = EDGE_LOOP('',(#4711,#4712,#4713,#4721,#4729,#4735,#4736,#4737));
#4711 = ORIENTED_EDGE('',*,*,#4290,.F.);
#4712 = ORIENTED_EDGE('',*,*,#4174,.T.);
#4713 = ORIENTED_EDGE('',*,*,#4714,.F.);
#4714 = EDGE_CURVE('',#4715,#4175,#4717,.T.);
#4715 = VERTEX_POINT('',#4716);
#4716 = CARTESIAN_POINT('',(0.34,9.7,10.6));
#4717 = LINE('',#4718,#4719);
#4718 = CARTESIAN_POINT('',(0.34,2.442585746037,10.6));
#4719 = VECTOR('',#4720,1.);
#4720 = DIRECTION('',(0.,-1.,0.));
#4721 = ORIENTED_EDGE('',*,*,#4722,.F.);
#4722 = EDGE_CURVE('',#4723,#4715,#4725,.T.);
#4723 = VERTEX_POINT('',#4724);
#4724 = CARTESIAN_POINT('',(3.16,9.7,10.6));
#4725 = LINE('',#4726,#4727);
#4726 = CARTESIAN_POINT('',(0.17,9.7,10.6));
#4727 = VECTOR('',#4728,1.);
#4728 = DIRECTION('',(-1.,-0.,0.));
#4729 = ORIENTED_EDGE('',*,*,#4730,.T.);
#4730 = EDGE_CURVE('',#4723,#4199,#4731,.T.);
#4731 = LINE('',#4732,#4733);
#4732 = CARTESIAN_POINT('',(3.16,2.442585746037,10.6));
#4733 = VECTOR('',#4734,1.);
#4734 = DIRECTION('',(0.,-1.,0.));
#4735 = ORIENTED_EDGE('',*,*,#4206,.T.);
#4736 = ORIENTED_EDGE('',*,*,#4688,.T.);
#4737 = ORIENTED_EDGE('',*,*,#4738,.F.);
#4738 = EDGE_CURVE('',#4291,#4689,#4739,.T.);
#4739 = LINE('',#4740,#4741);
#4740 = CARTESIAN_POINT('',(0.,12.2,10.6));
#4741 = VECTOR('',#4742,1.);
#4742 = DIRECTION('',(1.,0.,-0.));
#4743 = PLANE('',#4744);
#4744 = AXIS2_PLACEMENT_3D('',#4745,#4746,#4747);
#4745 = CARTESIAN_POINT('',(0.,0.,10.6));
#4746 = DIRECTION('',(0.,0.,1.));
#4747 = DIRECTION('',(1.,0.,-0.));
#4748 = ADVANCED_FACE('',(#4749),#4775,.T.);
#4749 = FACE_BOUND('',#4750,.T.);
#4750 = EDGE_LOOP('',(#4751,#4752,#4760,#4768,#4774));
#4751 = ORIENTED_EDGE('',*,*,#4730,.F.);
#4752 = ORIENTED_EDGE('',*,*,#4753,.T.);
#4753 = EDGE_CURVE('',#4723,#4754,#4756,.T.);
#4754 = VERTEX_POINT('',#4755);
#4755 = CARTESIAN_POINT('',(3.16,9.7,8.45));
#4756 = LINE('',#4757,#4758);
#4757 = CARTESIAN_POINT('',(3.16,9.7,10.8));
#4758 = VECTOR('',#4759,1.);
#4759 = DIRECTION('',(0.,0.,-1.));
#4760 = ORIENTED_EDGE('',*,*,#4761,.T.);
#4761 = EDGE_CURVE('',#4754,#4762,#4764,.T.);
#4762 = VERTEX_POINT('',#4763);
#4763 = CARTESIAN_POINT('',(3.16,1.4,8.45));
#4764 = LINE('',#4765,#4766);
#4765 = CARTESIAN_POINT('',(3.16,9.7,8.45));
#4766 = VECTOR('',#4767,1.);
#4767 = DIRECTION('',(0.,-1.,0.));
#4768 = ORIENTED_EDGE('',*,*,#4769,.T.);
#4769 = EDGE_CURVE('',#4762,#4191,#4770,.T.);
#4770 = LINE('',#4771,#4772);
#4771 = CARTESIAN_POINT('',(3.16,1.4,8.45));
#4772 = VECTOR('',#4773,1.);
#4773 = DIRECTION('',(0.,-0.677475754752,0.735545105159));
#4774 = ORIENTED_EDGE('',*,*,#4198,.F.);
#4775 = PLANE('',#4776);
#4776 = AXIS2_PLACEMENT_3D('',#4777,#4778,#4779);
#4777 = CARTESIAN_POINT('',(3.16,4.885171492075,9.712433169613));
#4778 = DIRECTION('',(-1.,-0.,-0.));
#4779 = DIRECTION('',(0.,0.,-1.));
#4780 = ADVANCED_FACE('',(#4781),#4799,.F.);
#4781 = FACE_BOUND('',#4782,.F.);
#4782 = EDGE_LOOP('',(#4783,#4791,#4797,#4798));
#4783 = ORIENTED_EDGE('',*,*,#4784,.F.);
#4784 = EDGE_CURVE('',#4785,#4183,#4787,.T.);
#4785 = VERTEX_POINT('',#4786);
#4786 = CARTESIAN_POINT('',(0.34,1.4,8.45));
#4787 = LINE('',#4788,#4789);
#4788 = CARTESIAN_POINT('',(0.34,1.4,8.45));
#4789 = VECTOR('',#4790,1.);
#4790 = DIRECTION('',(0.,-0.677475754752,0.735545105159));
#4791 = ORIENTED_EDGE('',*,*,#4792,.T.);
#4792 = EDGE_CURVE('',#4785,#4762,#4793,.T.);
#4793 = LINE('',#4794,#4795);
#4794 = CARTESIAN_POINT('',(0.34,1.4,8.45));
#4795 = VECTOR('',#4796,1.);
#4796 = DIRECTION('',(1.,0.,0.));
#4797 = ORIENTED_EDGE('',*,*,#4769,.T.);
#4798 = ORIENTED_EDGE('',*,*,#4190,.F.);
#4799 = PLANE('',#4800);
#4800 = AXIS2_PLACEMENT_3D('',#4801,#4802,#4803);
#4801 = CARTESIAN_POINT('',(0.34,1.4,8.45));
#4802 = DIRECTION('',(0.,-0.735545105159,-0.677475754752));
#4803 = DIRECTION('',(0.,-0.677475754752,0.735545105159));
#4804 = ADVANCED_FACE('',(#4805),#4824,.F.);
#4805 = FACE_BOUND('',#4806,.F.);
#4806 = EDGE_LOOP('',(#4807,#4808,#4816,#4822,#4823));
#4807 = ORIENTED_EDGE('',*,*,#4714,.F.);
#4808 = ORIENTED_EDGE('',*,*,#4809,.T.);
#4809 = EDGE_CURVE('',#4715,#4810,#4812,.T.);
#4810 = VERTEX_POINT('',#4811);
#4811 = CARTESIAN_POINT('',(0.34,9.7,8.45));
#4812 = LINE('',#4813,#4814);
#4813 = CARTESIAN_POINT('',(0.34,9.7,10.8));
#4814 = VECTOR('',#4815,1.);
#4815 = DIRECTION('',(0.,0.,-1.));
#4816 = ORIENTED_EDGE('',*,*,#4817,.T.);
#4817 = EDGE_CURVE('',#4810,#4785,#4818,.T.);
#4818 = LINE('',#4819,#4820);
#4819 = CARTESIAN_POINT('',(0.34,9.7,8.45));
#4820 = VECTOR('',#4821,1.);
#4821 = DIRECTION('',(0.,-1.,0.));
#4822 = ORIENTED_EDGE('',*,*,#4784,.T.);
#4823 = ORIENTED_EDGE('',*,*,#4182,.F.);
#4824 = PLANE('',#4825);
#4825 = AXIS2_PLACEMENT_3D('',#4826,#4827,#4828);
#4826 = CARTESIAN_POINT('',(0.34,4.885171492075,9.712433169613));
#4827 = DIRECTION('',(-1.,-0.,-0.));
#4828 = DIRECTION('',(0.,0.,-1.));
#4829 = ADVANCED_FACE('',(#4830),#4841,.T.);
#4830 = FACE_BOUND('',#4831,.F.);
#4831 = EDGE_LOOP('',(#4832,#4833,#4840));
#4832 = ORIENTED_EDGE('',*,*,#4274,.F.);
#4833 = ORIENTED_EDGE('',*,*,#4834,.T.);
#4834 = EDGE_CURVE('',#4267,#4291,#4835,.T.);
#4835 = CIRCLE('',#4836,0.3);
#4836 = AXIS2_PLACEMENT_3D('',#4837,#4838,#4839);
#4837 = CARTESIAN_POINT('',(0.3,12.2,10.3));
#4838 = DIRECTION('',(1.,0.,6.123233995737E-17));
#4839 = DIRECTION('',(-6.123233995737E-17,-0.,1.));
#4840 = ORIENTED_EDGE('',*,*,#4298,.F.);
#4841 = SPHERICAL_SURFACE('',#4842,0.3);
#4842 = AXIS2_PLACEMENT_3D('',#4843,#4844,#4845);
#4843 = CARTESIAN_POINT('',(0.3,12.2,10.3));
#4844 = DIRECTION('',(0.,-1.,-0.));
#4845 = DIRECTION('',(-1.,-0.,0.));
#4846 = ADVANCED_FACE('',(#4847),#4872,.T.);
#4847 = FACE_BOUND('',#4848,.T.);
#4848 = EDGE_LOOP('',(#4849,#4850,#4858,#4866));
#4849 = ORIENTED_EDGE('',*,*,#4266,.T.);
#4850 = ORIENTED_EDGE('',*,*,#4851,.T.);
#4851 = EDGE_CURVE('',#4267,#4852,#4854,.T.);
#4852 = VERTEX_POINT('',#4853);
#4853 = CARTESIAN_POINT('',(3.2,12.5,10.3));
#4854 = LINE('',#4855,#4856);
#4855 = CARTESIAN_POINT('',(0.,12.5,10.3));
#4856 = VECTOR('',#4857,1.);
#4857 = DIRECTION('',(1.,0.,-0.));
#4858 = ORIENTED_EDGE('',*,*,#4859,.F.);
#4859 = EDGE_CURVE('',#4860,#4852,#4862,.T.);
#4860 = VERTEX_POINT('',#4861);
#4861 = CARTESIAN_POINT('',(3.2,12.5,0.3));
#4862 = LINE('',#4863,#4864);
#4863 = CARTESIAN_POINT('',(3.2,12.5,0.));
#4864 = VECTOR('',#4865,1.);
#4865 = DIRECTION('',(0.,0.,1.));
#4866 = ORIENTED_EDGE('',*,*,#4867,.F.);
#4867 = EDGE_CURVE('',#4258,#4860,#4868,.T.);
#4868 = LINE('',#4869,#4870);
#4869 = CARTESIAN_POINT('',(0.,12.5,0.3));
#4870 = VECTOR('',#4871,1.);
#4871 = DIRECTION('',(1.,0.,-0.));
#4872 = PLANE('',#4873);
#4873 = AXIS2_PLACEMENT_3D('',#4874,#4875,#4876);
#4874 = CARTESIAN_POINT('',(0.,12.5,0.));
#4875 = DIRECTION('',(-0.,1.,0.));
#4876 = DIRECTION('',(0.,0.,1.));
#4877 = ADVANCED_FACE('',(#4878),#4881,.F.);
#4878 = FACE_BOUND('',#4879,.F.);
#4879 = EDGE_LOOP('',(#4880));
#4880 = ORIENTED_EDGE('',*,*,#4322,.T.);
#4881 = PLANE('',#4882);
#4882 = AXIS2_PLACEMENT_3D('',#4883,#4884,#4885);
#4883 = CARTESIAN_POINT('',(0.27,10.65,3.1));
#4884 = DIRECTION('',(1.,0.,0.));
#4885 = DIRECTION('',(-0.,0.,1.));
#4886 = ADVANCED_FACE('',(#4887),#4890,.F.);
#4887 = FACE_BOUND('',#4888,.F.);
#4888 = EDGE_LOOP('',(#4889));
#4889 = ORIENTED_EDGE('',*,*,#4347,.T.);
#4890 = PLANE('',#4891);
#4891 = AXIS2_PLACEMENT_3D('',#4892,#4893,#4894);
#4892 = CARTESIAN_POINT('',(0.27,6.25,1.45));
#4893 = DIRECTION('',(1.,0.,0.));
#4894 = DIRECTION('',(-0.,0.,1.));
#4895 = ADVANCED_FACE('',(#4896),#4899,.F.);
#4896 = FACE_BOUND('',#4897,.F.);
#4897 = EDGE_LOOP('',(#4898));
#4898 = ORIENTED_EDGE('',*,*,#4372,.T.);
#4899 = PLANE('',#4900);
#4900 = AXIS2_PLACEMENT_3D('',#4901,#4902,#4903);
#4901 = CARTESIAN_POINT('',(0.27,10.65,8.15));
#4902 = DIRECTION('',(1.,0.,0.));
#4903 = DIRECTION('',(-0.,0.,1.));
#4904 = ADVANCED_FACE('',(#4905),#4908,.F.);
#4905 = FACE_BOUND('',#4906,.F.);
#4906 = EDGE_LOOP('',(#4907));
#4907 = ORIENTED_EDGE('',*,*,#4397,.T.);
#4908 = PLANE('',#4909);
#4909 = AXIS2_PLACEMENT_3D('',#4910,#4911,#4912);
#4910 = CARTESIAN_POINT('',(0.27,1.65,1.45));
#4911 = DIRECTION('',(1.,0.,0.));
#4912 = DIRECTION('',(-0.,0.,1.));
#4913 = ADVANCED_FACE('',(#4914),#4917,.F.);
#4914 = FACE_BOUND('',#4915,.F.);
#4915 = EDGE_LOOP('',(#4916));
#4916 = ORIENTED_EDGE('',*,*,#4422,.T.);
#4917 = PLANE('',#4918);
#4918 = AXIS2_PLACEMENT_3D('',#4919,#4920,#4921);
#4919 = CARTESIAN_POINT('',(0.27,4.65,7.2));
#4920 = DIRECTION('',(1.,0.,0.));
#4921 = DIRECTION('',(-0.,0.,1.));
#4922 = ADVANCED_FACE('',(#4923),#4926,.F.);
#4923 = FACE_BOUND('',#4924,.F.);
#4924 = EDGE_LOOP('',(#4925));
#4925 = ORIENTED_EDGE('',*,*,#4447,.T.);
#4926 = PLANE('',#4927);
#4927 = AXIS2_PLACEMENT_3D('',#4928,#4929,#4930);
#4928 = CARTESIAN_POINT('',(0.27,1.65,8.15));
#4929 = DIRECTION('',(1.,0.,0.));
#4930 = DIRECTION('',(-0.,0.,1.));
#4931 = ADVANCED_FACE('',(#4932),#4944,.T.);
#4932 = FACE_BOUND('',#4933,.T.);
#4933 = EDGE_LOOP('',(#4934,#4935,#4936,#4943));
#4934 = ORIENTED_EDGE('',*,*,#4566,.F.);
#4935 = ORIENTED_EDGE('',*,*,#4583,.T.);
#4936 = ORIENTED_EDGE('',*,*,#4937,.T.);
#4937 = EDGE_CURVE('',#4584,#4465,#4938,.T.);
#4938 = CIRCLE('',#4939,0.3);
#4939 = AXIS2_PLACEMENT_3D('',#4940,#4941,#4942);
#4940 = CARTESIAN_POINT('',(3.2,0.3,0.3));
#4941 = DIRECTION('',(-1.,-6.123233995737E-17,0.));
#4942 = DIRECTION('',(6.123233995737E-17,-1.,-0.));
#4943 = ORIENTED_EDGE('',*,*,#4464,.F.);
#4944 = CYLINDRICAL_SURFACE('',#4945,0.3);
#4945 = AXIS2_PLACEMENT_3D('',#4946,#4947,#4948);
#4946 = CARTESIAN_POINT('',(0.,0.3,0.3));
#4947 = DIRECTION('',(1.,0.,-0.));
#4948 = DIRECTION('',(0.,-1.,0.));
#4949 = ADVANCED_FACE('',(#4950),#4975,.F.);
#4950 = FACE_BOUND('',#4951,.F.);
#4951 = EDGE_LOOP('',(#4952,#4953,#4961,#4969));
#4952 = ORIENTED_EDGE('',*,*,#4482,.T.);
#4953 = ORIENTED_EDGE('',*,*,#4954,.T.);
#4954 = EDGE_CURVE('',#4485,#4955,#4957,.T.);
#4955 = VERTEX_POINT('',#4956);
#4956 = CARTESIAN_POINT('',(3.15,0.4,2.1));
#4957 = LINE('',#4958,#4959);
#4958 = CARTESIAN_POINT('',(3.15,-5.E-02,2.1));
#4959 = VECTOR('',#4960,1.);
#4960 = DIRECTION('',(-0.,1.,0.));
#4961 = ORIENTED_EDGE('',*,*,#4962,.T.);
#4962 = EDGE_CURVE('',#4955,#4963,#4965,.T.);
#4963 = VERTEX_POINT('',#4964);
#4964 = CARTESIAN_POINT('',(3.15,0.4,5.6));
#4965 = LINE('',#4966,#4967);
#4966 = CARTESIAN_POINT('',(3.15,0.4,2.1));
#4967 = VECTOR('',#4968,1.);
#4968 = DIRECTION('',(0.,0.,1.));
#4969 = ORIENTED_EDGE('',*,*,#4970,.F.);
#4970 = EDGE_CURVE('',#4483,#4963,#4971,.T.);
#4971 = LINE('',#4972,#4973);
#4972 = CARTESIAN_POINT('',(3.15,-5.E-02,5.6));
#4973 = VECTOR('',#4974,1.);
#4974 = DIRECTION('',(-0.,1.,0.));
#4975 = PLANE('',#4976);
#4976 = AXIS2_PLACEMENT_3D('',#4977,#4978,#4979);
#4977 = CARTESIAN_POINT('',(3.15,-5.E-02,2.1));
#4978 = DIRECTION('',(1.,0.,-0.));
#4979 = DIRECTION('',(0.,0.,1.));
#4980 = ADVANCED_FACE('',(#4981),#5000,.F.);
#4981 = FACE_BOUND('',#4982,.F.);
#4982 = EDGE_LOOP('',(#4983,#4992,#4993,#4994));
#4983 = ORIENTED_EDGE('',*,*,#4984,.F.);
#4984 = EDGE_CURVE('',#4955,#4985,#4987,.T.);
#4985 = VERTEX_POINT('',#4986);
#4986 = CARTESIAN_POINT('',(0.35,0.4,2.1));
#4987 = CIRCLE('',#4988,1.4);
#4988 = AXIS2_PLACEMENT_3D('',#4989,#4990,#4991);
#4989 = CARTESIAN_POINT('',(1.75,0.4,2.1));
#4990 = DIRECTION('',(0.,1.,0.));
#4991 = DIRECTION('',(0.,-0.,1.));
#4992 = ORIENTED_EDGE('',*,*,#4954,.F.);
#4993 = ORIENTED_EDGE('',*,*,#4550,.T.);
#4994 = ORIENTED_EDGE('',*,*,#4995,.T.);
#4995 = EDGE_CURVE('',#4543,#4985,#4996,.T.);
#4996 = LINE('',#4997,#4998);
#4997 = CARTESIAN_POINT('',(0.35,-5.E-02,2.1));
#4998 = VECTOR('',#4999,1.);
#4999 = DIRECTION('',(-0.,1.,0.));
#5000 = CYLINDRICAL_SURFACE('',#5001,1.4);
#5001 = AXIS2_PLACEMENT_3D('',#5002,#5003,#5004);
#5002 = CARTESIAN_POINT('',(1.75,-5.E-02,2.1));
#5003 = DIRECTION('',(0.,1.,0.));
#5004 = DIRECTION('',(0.,-0.,1.));
#5005 = ADVANCED_FACE('',(#5006),#5031,.F.);
#5006 = FACE_BOUND('',#5007,.F.);
#5007 = EDGE_LOOP('',(#5008,#5009,#5017,#5025));
#5008 = ORIENTED_EDGE('',*,*,#4500,.T.);
#5009 = ORIENTED_EDGE('',*,*,#5010,.T.);
#5010 = EDGE_CURVE('',#4493,#5011,#5013,.T.);
#5011 = VERTEX_POINT('',#5012);
#5012 = CARTESIAN_POINT('',(2.7,0.4,5.6));
#5013 = LINE('',#5014,#5015);
#5014 = CARTESIAN_POINT('',(2.7,-5.E-02,5.6));
#5015 = VECTOR('',#5016,1.);
#5016 = DIRECTION('',(-0.,1.,0.));
#5017 = ORIENTED_EDGE('',*,*,#5018,.T.);
#5018 = EDGE_CURVE('',#5011,#5019,#5021,.T.);
#5019 = VERTEX_POINT('',#5020);
#5020 = CARTESIAN_POINT('',(2.7,0.4,7.35));
#5021 = LINE('',#5022,#5023);
#5022 = CARTESIAN_POINT('',(2.7,0.4,5.6));
#5023 = VECTOR('',#5024,1.);
#5024 = DIRECTION('',(0.,0.,1.));
#5025 = ORIENTED_EDGE('',*,*,#5026,.F.);
#5026 = EDGE_CURVE('',#4501,#5019,#5027,.T.);
#5027 = LINE('',#5028,#5029);
#5028 = CARTESIAN_POINT('',(2.7,-5.E-02,7.35));
#5029 = VECTOR('',#5030,1.);
#5030 = DIRECTION('',(-0.,1.,0.));
#5031 = PLANE('',#5032);
#5032 = AXIS2_PLACEMENT_3D('',#5033,#5034,#5035);
#5033 = CARTESIAN_POINT('',(2.7,-5.E-02,5.6));
#5034 = DIRECTION('',(1.,0.,-0.));
#5035 = DIRECTION('',(0.,0.,1.));
#5036 = ADVANCED_FACE('',(#5037),#5055,.T.);
#5037 = FACE_BOUND('',#5038,.T.);
#5038 = EDGE_LOOP('',(#5039,#5040,#5041,#5049));
#5039 = ORIENTED_EDGE('',*,*,#4542,.T.);
#5040 = ORIENTED_EDGE('',*,*,#4995,.T.);
#5041 = ORIENTED_EDGE('',*,*,#5042,.T.);
#5042 = EDGE_CURVE('',#4985,#5043,#5045,.T.);
#5043 = VERTEX_POINT('',#5044);
#5044 = CARTESIAN_POINT('',(0.35,0.4,5.6));
#5045 = LINE('',#5046,#5047);
#5046 = CARTESIAN_POINT('',(0.35,0.4,2.1));
#5047 = VECTOR('',#5048,1.);
#5048 = DIRECTION('',(0.,0.,1.));
#5049 = ORIENTED_EDGE('',*,*,#5050,.F.);
#5050 = EDGE_CURVE('',#4535,#5043,#5051,.T.);
#5051 = LINE('',#5052,#5053);
#5052 = CARTESIAN_POINT('',(0.35,-5.E-02,5.6));
#5053 = VECTOR('',#5054,1.);
#5054 = DIRECTION('',(-0.,1.,0.));
#5055 = PLANE('',#5056);
#5056 = AXIS2_PLACEMENT_3D('',#5057,#5058,#5059);
#5057 = CARTESIAN_POINT('',(0.35,-5.E-02,2.1));
#5058 = DIRECTION('',(1.,0.,-0.));
#5059 = DIRECTION('',(0.,0.,1.));
#5060 = ADVANCED_FACE('',(#5061),#5086,.T.);
#5061 = FACE_BOUND('',#5062,.T.);
#5062 = EDGE_LOOP('',(#5063,#5064,#5072,#5080));
#5063 = ORIENTED_EDGE('',*,*,#4526,.T.);
#5064 = ORIENTED_EDGE('',*,*,#5065,.T.);
#5065 = EDGE_CURVE('',#4527,#5066,#5068,.T.);
#5066 = VERTEX_POINT('',#5067);
#5067 = CARTESIAN_POINT('',(0.8,0.4,5.6));
#5068 = LINE('',#5069,#5070);
#5069 = CARTESIAN_POINT('',(0.8,-5.E-02,5.6));
#5070 = VECTOR('',#5071,1.);
#5071 = DIRECTION('',(-0.,1.,0.));
#5072 = ORIENTED_EDGE('',*,*,#5073,.T.);
#5073 = EDGE_CURVE('',#5066,#5074,#5076,.T.);
#5074 = VERTEX_POINT('',#5075);
#5075 = CARTESIAN_POINT('',(0.8,0.4,7.35));
#5076 = LINE('',#5077,#5078);
#5077 = CARTESIAN_POINT('',(0.8,0.4,5.6));
#5078 = VECTOR('',#5079,1.);
#5079 = DIRECTION('',(0.,0.,1.));
#5080 = ORIENTED_EDGE('',*,*,#5081,.F.);
#5081 = EDGE_CURVE('',#4518,#5074,#5082,.T.);
#5082 = LINE('',#5083,#5084);
#5083 = CARTESIAN_POINT('',(0.8,-5.E-02,7.35));
#5084 = VECTOR('',#5085,1.);
#5085 = DIRECTION('',(-0.,1.,0.));
#5086 = PLANE('',#5087);
#5087 = AXIS2_PLACEMENT_3D('',#5088,#5089,#5090);
#5088 = CARTESIAN_POINT('',(0.8,-5.E-02,5.6));
#5089 = DIRECTION('',(1.,0.,-0.));
#5090 = DIRECTION('',(0.,0.,1.));
#5091 = ADVANCED_FACE('',(#5092),#5104,.T.);
#5092 = FACE_BOUND('',#5093,.F.);
#5093 = EDGE_LOOP('',(#5094,#5095,#5096,#5103));
#5094 = ORIENTED_EDGE('',*,*,#4614,.F.);
#5095 = ORIENTED_EDGE('',*,*,#4599,.T.);
#5096 = ORIENTED_EDGE('',*,*,#5097,.T.);
#5097 = EDGE_CURVE('',#4592,#4860,#5098,.T.);
#5098 = CIRCLE('',#5099,0.3);
#5099 = AXIS2_PLACEMENT_3D('',#5100,#5101,#5102);
#5100 = CARTESIAN_POINT('',(3.2,12.2,0.3));
#5101 = DIRECTION('',(1.,-6.123233995737E-17,0.));
#5102 = DIRECTION('',(6.123233995737E-17,1.,0.));
#5103 = ORIENTED_EDGE('',*,*,#4867,.F.);
#5104 = CYLINDRICAL_SURFACE('',#5105,0.3);
#5105 = AXIS2_PLACEMENT_3D('',#5106,#5107,#5108);
#5106 = CARTESIAN_POINT('',(0.,12.2,0.3));
#5107 = DIRECTION('',(1.,0.,-0.));
#5108 = DIRECTION('',(0.,1.,0.));
#5109 = ADVANCED_FACE('',(#5110),#5128,.T.);
#5110 = FACE_BOUND('',#5111,.T.);
#5111 = EDGE_LOOP('',(#5112,#5119,#5120,#5127));
#5112 = ORIENTED_EDGE('',*,*,#5113,.F.);
#5113 = EDGE_CURVE('',#4584,#4631,#5114,.T.);
#5114 = CIRCLE('',#5115,0.3);
#5115 = AXIS2_PLACEMENT_3D('',#5116,#5117,#5118);
#5116 = CARTESIAN_POINT('',(3.2,0.3,0.3));
#5117 = DIRECTION('',(0.,-1.,0.));
#5118 = DIRECTION('',(1.,0.,0.));
#5119 = ORIENTED_EDGE('',*,*,#4591,.T.);
#5120 = ORIENTED_EDGE('',*,*,#5121,.T.);
#5121 = EDGE_CURVE('',#4592,#4657,#5122,.T.);
#5122 = CIRCLE('',#5123,0.3);
#5123 = AXIS2_PLACEMENT_3D('',#5124,#5125,#5126);
#5124 = CARTESIAN_POINT('',(3.2,12.2,0.3));
#5125 = DIRECTION('',(0.,-1.,0.));
#5126 = DIRECTION('',(1.,0.,0.));
#5127 = ORIENTED_EDGE('',*,*,#4656,.F.);
#5128 = CYLINDRICAL_SURFACE('',#5129,0.3);
#5129 = AXIS2_PLACEMENT_3D('',#5130,#5131,#5132);
#5130 = CARTESIAN_POINT('',(3.2,0.,0.3));
#5131 = DIRECTION('',(-0.,1.,0.));
#5132 = DIRECTION('',(1.,0.,-0.));
#5133 = ADVANCED_FACE('',(#5134),#5139,.T.);
#5134 = FACE_BOUND('',#5135,.F.);
#5135 = EDGE_LOOP('',(#5136,#5137,#5138));
#5136 = ORIENTED_EDGE('',*,*,#5113,.F.);
#5137 = ORIENTED_EDGE('',*,*,#4937,.T.);
#5138 = ORIENTED_EDGE('',*,*,#4638,.F.);
#5139 = SPHERICAL_SURFACE('',#5140,0.3);
#5140 = AXIS2_PLACEMENT_3D('',#5141,#5142,#5143);
#5141 = CARTESIAN_POINT('',(3.2,0.3,0.3));
#5142 = DIRECTION('',(0.,0.,1.));
#5143 = DIRECTION('',(1.,0.,-0.));
#5144 = ADVANCED_FACE('',(#5145),#5163,.T.);
#5145 = FACE_BOUND('',#5146,.T.);
#5146 = EDGE_LOOP('',(#5147,#5148,#5155,#5156));
#5147 = ORIENTED_EDGE('',*,*,#4664,.F.);
#5148 = ORIENTED_EDGE('',*,*,#5149,.T.);
#5149 = EDGE_CURVE('',#4657,#4860,#5150,.T.);
#5150 = CIRCLE('',#5151,0.3);
#5151 = AXIS2_PLACEMENT_3D('',#5152,#5153,#5154);
#5152 = CARTESIAN_POINT('',(3.2,12.2,0.3));
#5153 = DIRECTION('',(0.,0.,1.));
#5154 = DIRECTION('',(1.,0.,-0.));
#5155 = ORIENTED_EDGE('',*,*,#4859,.T.);
#5156 = ORIENTED_EDGE('',*,*,#5157,.T.);
#5157 = EDGE_CURVE('',#4852,#4665,#5158,.T.);
#5158 = CIRCLE('',#5159,0.3);
#5159 = AXIS2_PLACEMENT_3D('',#5160,#5161,#5162);
#5160 = CARTESIAN_POINT('',(3.2,12.2,10.3));
#5161 = DIRECTION('',(0.,0.,-1.));
#5162 = DIRECTION('',(1.,0.,0.));
#5163 = CYLINDRICAL_SURFACE('',#5164,0.3);
#5164 = AXIS2_PLACEMENT_3D('',#5165,#5166,#5167);
#5165 = CARTESIAN_POINT('',(3.2,12.2,0.));
#5166 = DIRECTION('',(0.,0.,1.));
#5167 = DIRECTION('',(1.,0.,-0.));
#5168 = ADVANCED_FACE('',(#5169),#5180,.T.);
#5169 = FACE_BOUND('',#5170,.T.);
#5170 = EDGE_LOOP('',(#5171,#5172,#5179));
#5171 = ORIENTED_EDGE('',*,*,#5157,.F.);
#5172 = ORIENTED_EDGE('',*,*,#5173,.T.);
#5173 = EDGE_CURVE('',#4852,#4689,#5174,.T.);
#5174 = CIRCLE('',#5175,0.3);
#5175 = AXIS2_PLACEMENT_3D('',#5176,#5177,#5178);
#5176 = CARTESIAN_POINT('',(3.2,12.2,10.3));
#5177 = DIRECTION('',(1.,0.,-6.123233995737E-17));
#5178 = DIRECTION('',(6.123233995737E-17,0.,1.));
#5179 = ORIENTED_EDGE('',*,*,#4696,.F.);
#5180 = SPHERICAL_SURFACE('',#5181,0.3);
#5181 = AXIS2_PLACEMENT_3D('',#5182,#5183,#5184);
#5182 = CARTESIAN_POINT('',(3.2,12.2,10.3));
#5183 = DIRECTION('',(0.,-1.,-0.));
#5184 = DIRECTION('',(1.,0.,0.));
#5185 = ADVANCED_FACE('',(#5186),#5192,.T.);
#5186 = FACE_BOUND('',#5187,.T.);
#5187 = EDGE_LOOP('',(#5188,#5189,#5190,#5191));
#5188 = ORIENTED_EDGE('',*,*,#4834,.T.);
#5189 = ORIENTED_EDGE('',*,*,#4738,.T.);
#5190 = ORIENTED_EDGE('',*,*,#5173,.F.);
#5191 = ORIENTED_EDGE('',*,*,#4851,.F.);
#5192 = CYLINDRICAL_SURFACE('',#5193,0.3);
#5193 = AXIS2_PLACEMENT_3D('',#5194,#5195,#5196);
#5194 = CARTESIAN_POINT('',(0.,12.2,10.3));
#5195 = DIRECTION('',(1.,0.,-0.));
#5196 = DIRECTION('',(0.,1.,0.));
#5197 = ADVANCED_FACE('',(#5198),#5209,.F.);
#5198 = FACE_BOUND('',#5199,.F.);
#5199 = EDGE_LOOP('',(#5200,#5201,#5202,#5203));
#5200 = ORIENTED_EDGE('',*,*,#4809,.F.);
#5201 = ORIENTED_EDGE('',*,*,#4722,.F.);
#5202 = ORIENTED_EDGE('',*,*,#4753,.T.);
#5203 = ORIENTED_EDGE('',*,*,#5204,.F.);
#5204 = EDGE_CURVE('',#4810,#4754,#5205,.T.);
#5205 = LINE('',#5206,#5207);
#5206 = CARTESIAN_POINT('',(0.34,9.7,8.45));
#5207 = VECTOR('',#5208,1.);
#5208 = DIRECTION('',(1.,0.,0.));
#5209 = PLANE('',#5210);
#5210 = AXIS2_PLACEMENT_3D('',#5211,#5212,#5213);
#5211 = CARTESIAN_POINT('',(0.34,9.7,10.8));
#5212 = DIRECTION('',(-0.,1.,0.));
#5213 = DIRECTION('',(0.,0.,-1.));
#5214 = ADVANCED_FACE('',(#5215),#5221,.F.);
#5215 = FACE_BOUND('',#5216,.F.);
#5216 = EDGE_LOOP('',(#5217,#5218,#5219,#5220));
#5217 = ORIENTED_EDGE('',*,*,#5204,.T.);
#5218 = ORIENTED_EDGE('',*,*,#4761,.T.);
#5219 = ORIENTED_EDGE('',*,*,#4792,.F.);
#5220 = ORIENTED_EDGE('',*,*,#4817,.F.);
#5221 = PLANE('',#5222);
#5222 = AXIS2_PLACEMENT_3D('',#5223,#5224,#5225);
#5223 = CARTESIAN_POINT('',(0.34,9.7,8.45));
#5224 = DIRECTION('',(0.,0.,-1.));
#5225 = DIRECTION('',(0.,-1.,0.));
#5226 = ADVANCED_FACE('',(#5227),#5232,.T.);
#5227 = FACE_BOUND('',#5228,.T.);
#5228 = EDGE_LOOP('',(#5229,#5230,#5231));
#5229 = ORIENTED_EDGE('',*,*,#5121,.F.);
#5230 = ORIENTED_EDGE('',*,*,#5097,.T.);
#5231 = ORIENTED_EDGE('',*,*,#5149,.F.);
#5232 = SPHERICAL_SURFACE('',#5233,0.3);
#5233 = AXIS2_PLACEMENT_3D('',#5234,#5235,#5236);
#5234 = CARTESIAN_POINT('',(3.2,12.2,0.3));
#5235 = DIRECTION('',(0.,0.,1.));
#5236 = DIRECTION('',(1.,0.,-0.));
#5237 = ADVANCED_FACE('',(#5238),#5281,.T.);
#5238 = FACE_BOUND('',#5239,.T.);
#5239 = EDGE_LOOP('',(#5240,#5248,#5249,#5250,#5251,#5259,#5267,#5275));
#5240 = ORIENTED_EDGE('',*,*,#5241,.T.);
#5241 = EDGE_CURVE('',#5242,#4963,#5244,.T.);
#5242 = VERTEX_POINT('',#5243);
#5243 = CARTESIAN_POINT('',(3.,0.4,5.6));
#5244 = LINE('',#5245,#5246);
#5245 = CARTESIAN_POINT('',(0.35,0.4,5.6));
#5246 = VECTOR('',#5247,1.);
#5247 = DIRECTION('',(1.,0.,-0.));
#5248 = ORIENTED_EDGE('',*,*,#4970,.F.);
#5249 = ORIENTED_EDGE('',*,*,#4492,.F.);
#5250 = ORIENTED_EDGE('',*,*,#5010,.T.);
#5251 = ORIENTED_EDGE('',*,*,#5252,.F.);
#5252 = EDGE_CURVE('',#5253,#5011,#5255,.T.);
#5253 = VERTEX_POINT('',#5254);
#5254 = CARTESIAN_POINT('',(2.55,0.4,5.6));
#5255 = LINE('',#5256,#5257);
#5256 = CARTESIAN_POINT('',(0.35,0.4,5.6));
#5257 = VECTOR('',#5258,1.);
#5258 = DIRECTION('',(1.,0.,-0.));
#5259 = ORIENTED_EDGE('',*,*,#5260,.T.);
#5260 = EDGE_CURVE('',#5253,#5261,#5263,.T.);
#5261 = VERTEX_POINT('',#5262);
#5262 = CARTESIAN_POINT('',(2.55,4.35,5.6));
#5263 = LINE('',#5264,#5265);
#5264 = CARTESIAN_POINT('',(2.55,0.4,5.6));
#5265 = VECTOR('',#5266,1.);
#5266 = DIRECTION('',(-0.,1.,0.));
#5267 = ORIENTED_EDGE('',*,*,#5268,.T.);
#5268 = EDGE_CURVE('',#5261,#5269,#5271,.T.);
#5269 = VERTEX_POINT('',#5270);
#5270 = CARTESIAN_POINT('',(3.,4.35,5.6));
#5271 = LINE('',#5272,#5273);
#5272 = CARTESIAN_POINT('',(0.5,4.35,5.6));
#5273 = VECTOR('',#5274,1.);
#5274 = DIRECTION('',(1.,0.,-0.));
#5275 = ORIENTED_EDGE('',*,*,#5276,.F.);
#5276 = EDGE_CURVE('',#5242,#5269,#5277,.T.);
#5277 = LINE('',#5278,#5279);
#5278 = CARTESIAN_POINT('',(3.,0.4,5.6));
#5279 = VECTOR('',#5280,1.);
#5280 = DIRECTION('',(-0.,1.,0.));
#5281 = PLANE('',#5282);
#5282 = AXIS2_PLACEMENT_3D('',#5283,#5284,#5285);
#5283 = CARTESIAN_POINT('',(2.796212121212,2.121212121212,5.6));
#5284 = DIRECTION('',(-0.,-0.,-1.));
#5285 = DIRECTION('',(-1.,0.,0.));
#5286 = ADVANCED_FACE('',(#5287),#5312,.F.);
#5287 = FACE_BOUND('',#5288,.F.);
#5288 = EDGE_LOOP('',(#5289,#5297,#5298,#5306));
#5289 = ORIENTED_EDGE('',*,*,#5290,.F.);
#5290 = EDGE_CURVE('',#5253,#5291,#5293,.T.);
#5291 = VERTEX_POINT('',#5292);
#5292 = CARTESIAN_POINT('',(2.55,0.4,7.35));
#5293 = LINE('',#5294,#5295);
#5294 = CARTESIAN_POINT('',(2.55,0.4,5.6));
#5295 = VECTOR('',#5296,1.);
#5296 = DIRECTION('',(0.,0.,1.));
#5297 = ORIENTED_EDGE('',*,*,#5260,.T.);
#5298 = ORIENTED_EDGE('',*,*,#5299,.T.);
#5299 = EDGE_CURVE('',#5261,#5300,#5302,.T.);
#5300 = VERTEX_POINT('',#5301);
#5301 = CARTESIAN_POINT('',(2.55,4.35,7.35));
#5302 = LINE('',#5303,#5304);
#5303 = CARTESIAN_POINT('',(2.55,4.35,5.6));
#5304 = VECTOR('',#5305,1.);
#5305 = DIRECTION('',(0.,0.,1.));
#5306 = ORIENTED_EDGE('',*,*,#5307,.F.);
#5307 = EDGE_CURVE('',#5291,#5300,#5308,.T.);
#5308 = LINE('',#5309,#5310);
#5309 = CARTESIAN_POINT('',(2.55,0.4,7.35));
#5310 = VECTOR('',#5311,1.);
#5311 = DIRECTION('',(-0.,1.,0.));
#5312 = PLANE('',#5313);
#5313 = AXIS2_PLACEMENT_3D('',#5314,#5315,#5316);
#5314 = CARTESIAN_POINT('',(2.55,0.4,5.6));
#5315 = DIRECTION('',(1.,0.,-0.));
#5316 = DIRECTION('',(0.,0.,1.));
#5317 = ADVANCED_FACE('',(#5318),#5343,.F.);
#5318 = FACE_BOUND('',#5319,.F.);
#5319 = EDGE_LOOP('',(#5320,#5328,#5336,#5342));
#5320 = ORIENTED_EDGE('',*,*,#5321,.F.);
#5321 = EDGE_CURVE('',#5322,#5242,#5324,.T.);
#5322 = VERTEX_POINT('',#5323);
#5323 = CARTESIAN_POINT('',(3.,0.4,2.1));
#5324 = LINE('',#5325,#5326);
#5325 = CARTESIAN_POINT('',(3.,0.4,2.1));
#5326 = VECTOR('',#5327,1.);
#5327 = DIRECTION('',(0.,0.,1.));
#5328 = ORIENTED_EDGE('',*,*,#5329,.T.);
#5329 = EDGE_CURVE('',#5322,#5330,#5332,.T.);
#5330 = VERTEX_POINT('',#5331);
#5331 = CARTESIAN_POINT('',(3.,4.35,2.1));
#5332 = LINE('',#5333,#5334);
#5333 = CARTESIAN_POINT('',(3.,0.4,2.1));
#5334 = VECTOR('',#5335,1.);
#5335 = DIRECTION('',(-0.,1.,0.));
#5336 = ORIENTED_EDGE('',*,*,#5337,.T.);
#5337 = EDGE_CURVE('',#5330,#5269,#5338,.T.);
#5338 = LINE('',#5339,#5340);
#5339 = CARTESIAN_POINT('',(3.,4.35,2.1));
#5340 = VECTOR('',#5341,1.);
#5341 = DIRECTION('',(0.,0.,1.));
#5342 = ORIENTED_EDGE('',*,*,#5276,.F.);
#5343 = PLANE('',#5344);
#5344 = AXIS2_PLACEMENT_3D('',#5345,#5346,#5347);
#5345 = CARTESIAN_POINT('',(3.,0.4,2.1));
#5346 = DIRECTION('',(1.,0.,-0.));
#5347 = DIRECTION('',(0.,0.,1.));
#5348 = ADVANCED_FACE('',(#5349),#5376,.F.);
#5349 = FACE_BOUND('',#5350,.F.);
#5350 = EDGE_LOOP('',(#5351,#5360,#5361,#5370));
#5351 = ORIENTED_EDGE('',*,*,#5352,.F.);
#5352 = EDGE_CURVE('',#5330,#5353,#5355,.T.);
#5353 = VERTEX_POINT('',#5354);
#5354 = CARTESIAN_POINT('',(0.5,4.35,2.1));
#5355 = CIRCLE('',#5356,1.25);
#5356 = AXIS2_PLACEMENT_3D('',#5357,#5358,#5359);
#5357 = CARTESIAN_POINT('',(1.75,4.35,2.1));
#5358 = DIRECTION('',(0.,1.,0.));
#5359 = DIRECTION('',(0.,-0.,1.));
#5360 = ORIENTED_EDGE('',*,*,#5329,.F.);
#5361 = ORIENTED_EDGE('',*,*,#5362,.T.);
#5362 = EDGE_CURVE('',#5322,#5363,#5365,.T.);
#5363 = VERTEX_POINT('',#5364);
#5364 = CARTESIAN_POINT('',(0.5,0.4,2.1));
#5365 = CIRCLE('',#5366,1.25);
#5366 = AXIS2_PLACEMENT_3D('',#5367,#5368,#5369);
#5367 = CARTESIAN_POINT('',(1.75,0.4,2.1));
#5368 = DIRECTION('',(0.,1.,0.));
#5369 = DIRECTION('',(0.,-0.,1.));
#5370 = ORIENTED_EDGE('',*,*,#5371,.T.);
#5371 = EDGE_CURVE('',#5363,#5353,#5372,.T.);
#5372 = LINE('',#5373,#5374);
#5373 = CARTESIAN_POINT('',(0.5,0.4,2.1));
#5374 = VECTOR('',#5375,1.);
#5375 = DIRECTION('',(-0.,1.,0.));
#5376 = CYLINDRICAL_SURFACE('',#5377,1.25);
#5377 = AXIS2_PLACEMENT_3D('',#5378,#5379,#5380);
#5378 = CARTESIAN_POINT('',(1.75,0.4,2.1));
#5379 = DIRECTION('',(0.,1.,0.));
#5380 = DIRECTION('',(0.,-0.,1.));
#5381 = ADVANCED_FACE('',(#5382),#5407,.T.);
#5382 = FACE_BOUND('',#5383,.T.);
#5383 = EDGE_LOOP('',(#5384,#5392,#5393,#5401));
#5384 = ORIENTED_EDGE('',*,*,#5385,.F.);
#5385 = EDGE_CURVE('',#5363,#5386,#5388,.T.);
#5386 = VERTEX_POINT('',#5387);
#5387 = CARTESIAN_POINT('',(0.5,0.4,5.6));
#5388 = LINE('',#5389,#5390);
#5389 = CARTESIAN_POINT('',(0.5,0.4,2.1));
#5390 = VECTOR('',#5391,1.);
#5391 = DIRECTION('',(0.,0.,1.));
#5392 = ORIENTED_EDGE('',*,*,#5371,.T.);
#5393 = ORIENTED_EDGE('',*,*,#5394,.T.);
#5394 = EDGE_CURVE('',#5353,#5395,#5397,.T.);
#5395 = VERTEX_POINT('',#5396);
#5396 = CARTESIAN_POINT('',(0.5,4.35,5.6));
#5397 = LINE('',#5398,#5399);
#5398 = CARTESIAN_POINT('',(0.5,4.35,2.1));
#5399 = VECTOR('',#5400,1.);
#5400 = DIRECTION('',(0.,0.,1.));
#5401 = ORIENTED_EDGE('',*,*,#5402,.F.);
#5402 = EDGE_CURVE('',#5386,#5395,#5403,.T.);
#5403 = LINE('',#5404,#5405);
#5404 = CARTESIAN_POINT('',(0.5,0.4,5.6));
#5405 = VECTOR('',#5406,1.);
#5406 = DIRECTION('',(-0.,1.,0.));
#5407 = PLANE('',#5408);
#5408 = AXIS2_PLACEMENT_3D('',#5409,#5410,#5411);
#5409 = CARTESIAN_POINT('',(0.5,0.4,2.1));
#5410 = DIRECTION('',(1.,0.,-0.));
#5411 = DIRECTION('',(0.,0.,1.));
#5412 = ADVANCED_FACE('',(#5413),#5447,.T.);
#5413 = FACE_BOUND('',#5414,.T.);
#5414 = EDGE_LOOP('',(#5415,#5421,#5422,#5430,#5438,#5444,#5445,#5446));
#5415 = ORIENTED_EDGE('',*,*,#5416,.T.);
#5416 = EDGE_CURVE('',#5043,#5386,#5417,.T.);
#5417 = LINE('',#5418,#5419);
#5418 = CARTESIAN_POINT('',(0.35,0.4,5.6));
#5419 = VECTOR('',#5420,1.);
#5420 = DIRECTION('',(1.,0.,-0.));
#5421 = ORIENTED_EDGE('',*,*,#5402,.T.);
#5422 = ORIENTED_EDGE('',*,*,#5423,.T.);
#5423 = EDGE_CURVE('',#5395,#5424,#5426,.T.);
#5424 = VERTEX_POINT('',#5425);
#5425 = CARTESIAN_POINT('',(0.95,4.35,5.6));
#5426 = LINE('',#5427,#5428);
#5427 = CARTESIAN_POINT('',(0.5,4.35,5.6));
#5428 = VECTOR('',#5429,1.);
#5429 = DIRECTION('',(1.,0.,-0.));
#5430 = ORIENTED_EDGE('',*,*,#5431,.F.);
#5431 = EDGE_CURVE('',#5432,#5424,#5434,.T.);
#5432 = VERTEX_POINT('',#5433);
#5433 = CARTESIAN_POINT('',(0.95,0.4,5.6));
#5434 = LINE('',#5435,#5436);
#5435 = CARTESIAN_POINT('',(0.95,0.4,5.6));
#5436 = VECTOR('',#5437,1.);
#5437 = DIRECTION('',(-0.,1.,0.));
#5438 = ORIENTED_EDGE('',*,*,#5439,.F.);
#5439 = EDGE_CURVE('',#5066,#5432,#5440,.T.);
#5440 = LINE('',#5441,#5442);
#5441 = CARTESIAN_POINT('',(0.35,0.4,5.6));
#5442 = VECTOR('',#5443,1.);
#5443 = DIRECTION('',(1.,0.,-0.));
#5444 = ORIENTED_EDGE('',*,*,#5065,.F.);
#5445 = ORIENTED_EDGE('',*,*,#4534,.F.);
#5446 = ORIENTED_EDGE('',*,*,#5050,.T.);
#5447 = PLANE('',#5448);
#5448 = AXIS2_PLACEMENT_3D('',#5449,#5450,#5451);
#5449 = CARTESIAN_POINT('',(0.703787878788,2.121212121212,5.6));
#5450 = DIRECTION('',(-0.,-0.,-1.));
#5451 = DIRECTION('',(-1.,0.,0.));
#5452 = ADVANCED_FACE('',(#5453),#5478,.T.);
#5453 = FACE_BOUND('',#5454,.T.);
#5454 = EDGE_LOOP('',(#5455,#5463,#5464,#5472));
#5455 = ORIENTED_EDGE('',*,*,#5456,.F.);
#5456 = EDGE_CURVE('',#5432,#5457,#5459,.T.);
#5457 = VERTEX_POINT('',#5458);
#5458 = CARTESIAN_POINT('',(0.95,0.4,7.35));
#5459 = LINE('',#5460,#5461);
#5460 = CARTESIAN_POINT('',(0.95,0.4,5.6));
#5461 = VECTOR('',#5462,1.);
#5462 = DIRECTION('',(0.,0.,1.));
#5463 = ORIENTED_EDGE('',*,*,#5431,.T.);
#5464 = ORIENTED_EDGE('',*,*,#5465,.T.);
#5465 = EDGE_CURVE('',#5424,#5466,#5468,.T.);
#5466 = VERTEX_POINT('',#5467);
#5467 = CARTESIAN_POINT('',(0.95,4.35,7.35));
#5468 = LINE('',#5469,#5470);
#5469 = CARTESIAN_POINT('',(0.95,4.35,5.6));
#5470 = VECTOR('',#5471,1.);
#5471 = DIRECTION('',(0.,0.,1.));
#5472 = ORIENTED_EDGE('',*,*,#5473,.F.);
#5473 = EDGE_CURVE('',#5457,#5466,#5474,.T.);
#5474 = LINE('',#5475,#5476);
#5475 = CARTESIAN_POINT('',(0.95,0.4,7.35));
#5476 = VECTOR('',#5477,1.);
#5477 = DIRECTION('',(-0.,1.,0.));
#5478 = PLANE('',#5479);
#5479 = AXIS2_PLACEMENT_3D('',#5480,#5481,#5482);
#5480 = CARTESIAN_POINT('',(0.95,0.4,5.6));
#5481 = DIRECTION('',(1.,0.,-0.));
#5482 = DIRECTION('',(0.,0.,1.));
#5483 = ADVANCED_FACE('',(#5484),#5494,.T.);
#5484 = FACE_BOUND('',#5485,.T.);
#5485 = EDGE_LOOP('',(#5486,#5487,#5488,#5489,#5490,#5491,#5492,#5493));
#5486 = ORIENTED_EDGE('',*,*,#4962,.T.);
#5487 = ORIENTED_EDGE('',*,*,#5241,.F.);
#5488 = ORIENTED_EDGE('',*,*,#5321,.F.);
#5489 = ORIENTED_EDGE('',*,*,#5362,.T.);
#5490 = ORIENTED_EDGE('',*,*,#5385,.T.);
#5491 = ORIENTED_EDGE('',*,*,#5416,.F.);
#5492 = ORIENTED_EDGE('',*,*,#5042,.F.);
#5493 = ORIENTED_EDGE('',*,*,#4984,.F.);
#5494 = PLANE('',#5495);
#5495 = AXIS2_PLACEMENT_3D('',#5496,#5497,#5498);
#5496 = CARTESIAN_POINT('',(1.75,0.4,2.974105664285));
#5497 = DIRECTION('',(-0.,-1.,-0.));
#5498 = DIRECTION('',(0.,0.,-1.));
#5499 = ADVANCED_FACE('',(#5500),#5540,.T.);
#5500 = FACE_BOUND('',#5501,.T.);
#5501 = EDGE_LOOP('',(#5502,#5503,#5504,#5513,#5520,#5521,#5522,#5523,
    #5532,#5539));
#5502 = ORIENTED_EDGE('',*,*,#5252,.T.);
#5503 = ORIENTED_EDGE('',*,*,#5018,.T.);
#5504 = ORIENTED_EDGE('',*,*,#5505,.F.);
#5505 = EDGE_CURVE('',#5506,#5019,#5508,.T.);
#5506 = VERTEX_POINT('',#5507);
#5507 = CARTESIAN_POINT('',(1.75,0.4,8.3));
#5508 = CIRCLE('',#5509,0.95);
#5509 = AXIS2_PLACEMENT_3D('',#5510,#5511,#5512);
#5510 = CARTESIAN_POINT('',(1.75,0.4,7.35));
#5511 = DIRECTION('',(0.,1.,0.));
#5512 = DIRECTION('',(0.,-0.,1.));
#5513 = ORIENTED_EDGE('',*,*,#5514,.F.);
#5514 = EDGE_CURVE('',#5074,#5506,#5515,.T.);
#5515 = CIRCLE('',#5516,0.95);
#5516 = AXIS2_PLACEMENT_3D('',#5517,#5518,#5519);
#5517 = CARTESIAN_POINT('',(1.75,0.4,7.35));
#5518 = DIRECTION('',(0.,1.,0.));
#5519 = DIRECTION('',(0.,-0.,1.));
#5520 = ORIENTED_EDGE('',*,*,#5073,.F.);
#5521 = ORIENTED_EDGE('',*,*,#5439,.T.);
#5522 = ORIENTED_EDGE('',*,*,#5456,.T.);
#5523 = ORIENTED_EDGE('',*,*,#5524,.T.);
#5524 = EDGE_CURVE('',#5457,#5525,#5527,.T.);
#5525 = VERTEX_POINT('',#5526);
#5526 = CARTESIAN_POINT('',(1.75,0.4,8.15));
#5527 = CIRCLE('',#5528,0.8);
#5528 = AXIS2_PLACEMENT_3D('',#5529,#5530,#5531);
#5529 = CARTESIAN_POINT('',(1.75,0.4,7.35));
#5530 = DIRECTION('',(0.,1.,0.));
#5531 = DIRECTION('',(0.,-0.,1.));
#5532 = ORIENTED_EDGE('',*,*,#5533,.T.);
#5533 = EDGE_CURVE('',#5525,#5291,#5534,.T.);
#5534 = CIRCLE('',#5535,0.8);
#5535 = AXIS2_PLACEMENT_3D('',#5536,#5537,#5538);
#5536 = CARTESIAN_POINT('',(1.75,0.4,7.35));
#5537 = DIRECTION('',(0.,1.,0.));
#5538 = DIRECTION('',(0.,-0.,1.));
#5539 = ORIENTED_EDGE('',*,*,#5290,.F.);
#5540 = PLANE('',#5541);
#5541 = AXIS2_PLACEMENT_3D('',#5542,#5543,#5544);
#5542 = CARTESIAN_POINT('',(1.75,0.4,7.061813018945));
#5543 = DIRECTION('',(-0.,-1.,-0.));
#5544 = DIRECTION('',(0.,0.,-1.));
#5545 = ADVANCED_FACE('',(#5546),#5571,.T.);
#5546 = FACE_BOUND('',#5547,.T.);
#5547 = EDGE_LOOP('',(#5548,#5549,#5550,#5551,#5560,#5567,#5568,#5569,
    #5570));
#5548 = ORIENTED_EDGE('',*,*,#5337,.T.);
#5549 = ORIENTED_EDGE('',*,*,#5268,.F.);
#5550 = ORIENTED_EDGE('',*,*,#5299,.T.);
#5551 = ORIENTED_EDGE('',*,*,#5552,.F.);
#5552 = EDGE_CURVE('',#5553,#5300,#5555,.T.);
#5553 = VERTEX_POINT('',#5554);
#5554 = CARTESIAN_POINT('',(1.75,4.35,8.15));
#5555 = CIRCLE('',#5556,0.8);
#5556 = AXIS2_PLACEMENT_3D('',#5557,#5558,#5559);
#5557 = CARTESIAN_POINT('',(1.75,4.35,7.35));
#5558 = DIRECTION('',(0.,1.,0.));
#5559 = DIRECTION('',(0.,-0.,1.));
#5560 = ORIENTED_EDGE('',*,*,#5561,.F.);
#5561 = EDGE_CURVE('',#5466,#5553,#5562,.T.);
#5562 = CIRCLE('',#5563,0.8);
#5563 = AXIS2_PLACEMENT_3D('',#5564,#5565,#5566);
#5564 = CARTESIAN_POINT('',(1.75,4.35,7.35));
#5565 = DIRECTION('',(0.,1.,0.));
#5566 = DIRECTION('',(0.,-0.,1.));
#5567 = ORIENTED_EDGE('',*,*,#5465,.F.);
#5568 = ORIENTED_EDGE('',*,*,#5423,.F.);
#5569 = ORIENTED_EDGE('',*,*,#5394,.F.);
#5570 = ORIENTED_EDGE('',*,*,#5352,.F.);
#5571 = PLANE('',#5572);
#5572 = AXIS2_PLACEMENT_3D('',#5573,#5574,#5575);
#5573 = CARTESIAN_POINT('',(1.75,4.35,4.497949762039));
#5574 = DIRECTION('',(-0.,-1.,-0.));
#5575 = DIRECTION('',(0.,0.,-1.));
#5576 = ADVANCED_FACE('',(#5577),#5585,.F.);
#5577 = FACE_BOUND('',#5578,.F.);
#5578 = EDGE_LOOP('',(#5579,#5580,#5581,#5582,#5583,#5584));
#5579 = ORIENTED_EDGE('',*,*,#5081,.F.);
#5580 = ORIENTED_EDGE('',*,*,#4517,.T.);
#5581 = ORIENTED_EDGE('',*,*,#4508,.T.);
#5582 = ORIENTED_EDGE('',*,*,#5026,.T.);
#5583 = ORIENTED_EDGE('',*,*,#5505,.F.);
#5584 = ORIENTED_EDGE('',*,*,#5514,.F.);
#5585 = CYLINDRICAL_SURFACE('',#5586,0.95);
#5586 = AXIS2_PLACEMENT_3D('',#5587,#5588,#5589);
#5587 = CARTESIAN_POINT('',(1.75,-5.E-02,7.35));
#5588 = DIRECTION('',(0.,1.,0.));
#5589 = DIRECTION('',(0.,-0.,1.));
#5590 = ADVANCED_FACE('',(#5591),#5599,.F.);
#5591 = FACE_BOUND('',#5592,.F.);
#5592 = EDGE_LOOP('',(#5593,#5594,#5595,#5596,#5597,#5598));
#5593 = ORIENTED_EDGE('',*,*,#5307,.T.);
#5594 = ORIENTED_EDGE('',*,*,#5552,.F.);
#5595 = ORIENTED_EDGE('',*,*,#5561,.F.);
#5596 = ORIENTED_EDGE('',*,*,#5473,.F.);
#5597 = ORIENTED_EDGE('',*,*,#5524,.T.);
#5598 = ORIENTED_EDGE('',*,*,#5533,.T.);
#5599 = CYLINDRICAL_SURFACE('',#5600,0.8);
#5600 = AXIS2_PLACEMENT_3D('',#5601,#5602,#5603);
#5601 = CARTESIAN_POINT('',(1.75,0.4,7.35));
#5602 = DIRECTION('',(0.,1.,0.));
#5603 = DIRECTION('',(0.,-0.,1.));
#5604 = ( GEOMETRIC_REPRESENTATION_CONTEXT(3)
GLOBAL_UNCERTAINTY_ASSIGNED_CONTEXT((#5608))
GLOBAL_UNIT_ASSIGNED_CONTEXT((#5605,#5606,#5607)) REPRESENTATION_CONTEXT
('Context #1','3D Context with UNIT and UNCERTAINTY') );
#5605 = ( LENGTH_UNIT() NAMED_UNIT(*) SI_UNIT(.MILLI.,.METRE.) );
#5606 = ( NAMED_UNIT(*) PLANE_ANGLE_UNIT() SI_UNIT($,.RADIAN.) );
#5607 = ( NAMED_UNIT(*) SI_UNIT($,.STERADIAN.) SOLID_ANGLE_UNIT() );
#5608 = UNCERTAINTY_MEASURE_WITH_UNIT(LENGTH_MEASURE(1.E-07),#5605,
  'distance_accuracy_value','confusion accuracy');
#5609 = CONTEXT_DEPENDENT_SHAPE_REPRESENTATION(#5610,#5612);
#5610 = ( REPRESENTATION_RELATIONSHIP('','',#3978,#10)
REPRESENTATION_RELATIONSHIP_WITH_TRANSFORMATION(#5611)
SHAPE_REPRESENTATION_RELATIONSHIP() );
#5611 = ITEM_DEFINED_TRANSFORMATION('','',#11,#47);
#5612 = PRODUCT_DEFINITION_SHAPE('Placement','Placement of an item',
  #5613);
#5613 = NEXT_ASSEMBLY_USAGE_OCCURRENCE('9','Housing P3','',#5,#3973,$);
#5614 = PRODUCT_RELATED_PRODUCT_CATEGORY('part',$,(#3975));
#5615 = SHAPE_DEFINITION_REPRESENTATION(#5616,#5622);
#5616 = PRODUCT_DEFINITION_SHAPE('','',#5617);
#5617 = PRODUCT_DEFINITION('design','',#5618,#5621);
#5618 = PRODUCT_DEFINITION_FORMATION('','',#5619);
#5619 = PRODUCT('Actuator P3','Actuator P3','',(#5620));
#5620 = PRODUCT_CONTEXT('',#2,'mechanical');
#5621 = PRODUCT_DEFINITION_CONTEXT('part definition',#2,'design');
#5622 = ADVANCED_BREP_SHAPE_REPRESENTATION('',(#11,#5623),#5841);
#5623 = MANIFOLD_SOLID_BREP('',#5624);
#5624 = CLOSED_SHELL('',(#5625,#5665,#5696,#5727,#5758,#5791,#5813,#5827
    ));
#5625 = ADVANCED_FACE('',(#5626),#5660,.T.);
#5626 = FACE_BOUND('',#5627,.T.);
#5627 = EDGE_LOOP('',(#5628,#5638,#5646,#5654));
#5628 = ORIENTED_EDGE('',*,*,#5629,.T.);
#5629 = EDGE_CURVE('',#5630,#5632,#5634,.T.);
#5630 = VERTEX_POINT('',#5631);
#5631 = CARTESIAN_POINT('',(0.4,-0.35,10.6));
#5632 = VERTEX_POINT('',#5633);
#5633 = CARTESIAN_POINT('',(3.1,-0.35,10.6));
#5634 = LINE('',#5635,#5636);
#5635 = CARTESIAN_POINT('',(0.4,-0.35,10.6));
#5636 = VECTOR('',#5637,1.);
#5637 = DIRECTION('',(1.,0.,0.));
#5638 = ORIENTED_EDGE('',*,*,#5639,.T.);
#5639 = EDGE_CURVE('',#5632,#5640,#5642,.T.);
#5640 = VERTEX_POINT('',#5641);
#5641 = CARTESIAN_POINT('',(3.1,9.45,10.6));
#5642 = LINE('',#5643,#5644);
#5643 = CARTESIAN_POINT('',(3.1,-0.35,10.6));
#5644 = VECTOR('',#5645,1.);
#5645 = DIRECTION('',(0.,1.,0.));
#5646 = ORIENTED_EDGE('',*,*,#5647,.F.);
#5647 = EDGE_CURVE('',#5648,#5640,#5650,.T.);
#5648 = VERTEX_POINT('',#5649);
#5649 = CARTESIAN_POINT('',(0.4,9.45,10.6));
#5650 = LINE('',#5651,#5652);
#5651 = CARTESIAN_POINT('',(0.4,9.45,10.6));
#5652 = VECTOR('',#5653,1.);
#5653 = DIRECTION('',(1.,0.,0.));
#5654 = ORIENTED_EDGE('',*,*,#5655,.F.);
#5655 = EDGE_CURVE('',#5630,#5648,#5656,.T.);
#5656 = LINE('',#5657,#5658);
#5657 = CARTESIAN_POINT('',(0.4,-0.35,10.6));
#5658 = VECTOR('',#5659,1.);
#5659 = DIRECTION('',(0.,1.,0.));
#5660 = PLANE('',#5661);
#5661 = AXIS2_PLACEMENT_3D('',#5662,#5663,#5664);
#5662 = CARTESIAN_POINT('',(0.4,-0.35,10.6));
#5663 = DIRECTION('',(0.,0.,1.));
#5664 = DIRECTION('',(0.,1.,0.));
#5665 = ADVANCED_FACE('',(#5666),#5691,.T.);
#5666 = FACE_BOUND('',#5667,.T.);
#5667 = EDGE_LOOP('',(#5668,#5678,#5684,#5685));
#5668 = ORIENTED_EDGE('',*,*,#5669,.T.);
#5669 = EDGE_CURVE('',#5670,#5672,#5674,.T.);
#5670 = VERTEX_POINT('',#5671);
#5671 = CARTESIAN_POINT('',(0.4,1.25,8.6));
#5672 = VERTEX_POINT('',#5673);
#5673 = CARTESIAN_POINT('',(3.1,1.25,8.6));
#5674 = LINE('',#5675,#5676);
#5675 = CARTESIAN_POINT('',(0.4,1.25,8.6));
#5676 = VECTOR('',#5677,1.);
#5677 = DIRECTION('',(1.,0.,0.));
#5678 = ORIENTED_EDGE('',*,*,#5679,.T.);
#5679 = EDGE_CURVE('',#5672,#5632,#5680,.T.);
#5680 = LINE('',#5681,#5682);
#5681 = CARTESIAN_POINT('',(3.1,1.25,8.6));
#5682 = VECTOR('',#5683,1.);
#5683 = DIRECTION('',(0.,-0.624695047554,0.780868809443));
#5684 = ORIENTED_EDGE('',*,*,#5629,.F.);
#5685 = ORIENTED_EDGE('',*,*,#5686,.F.);
#5686 = EDGE_CURVE('',#5670,#5630,#5687,.T.);
#5687 = LINE('',#5688,#5689);
#5688 = CARTESIAN_POINT('',(0.4,1.25,8.6));
#5689 = VECTOR('',#5690,1.);
#5690 = DIRECTION('',(0.,-0.624695047554,0.780868809443));
#5691 = PLANE('',#5692);
#5692 = AXIS2_PLACEMENT_3D('',#5693,#5694,#5695);
#5693 = CARTESIAN_POINT('',(0.4,1.25,8.6));
#5694 = DIRECTION('',(0.,-0.780868809443,-0.624695047554));
#5695 = DIRECTION('',(0.,-0.624695047554,0.780868809443));
#5696 = ADVANCED_FACE('',(#5697),#5722,.T.);
#5697 = FACE_BOUND('',#5698,.T.);
#5698 = EDGE_LOOP('',(#5699,#5707,#5708,#5716));
#5699 = ORIENTED_EDGE('',*,*,#5700,.F.);
#5700 = EDGE_CURVE('',#5648,#5701,#5703,.T.);
#5701 = VERTEX_POINT('',#5702);
#5702 = CARTESIAN_POINT('',(0.4,9.45,9.565923489271));
#5703 = LINE('',#5704,#5705);
#5704 = CARTESIAN_POINT('',(0.4,9.45,10.6));
#5705 = VECTOR('',#5706,1.);
#5706 = DIRECTION('',(0.,0.,-1.));
#5707 = ORIENTED_EDGE('',*,*,#5647,.T.);
#5708 = ORIENTED_EDGE('',*,*,#5709,.T.);
#5709 = EDGE_CURVE('',#5640,#5710,#5712,.T.);
#5710 = VERTEX_POINT('',#5711);
#5711 = CARTESIAN_POINT('',(3.1,9.45,9.565923489271));
#5712 = LINE('',#5713,#5714);
#5713 = CARTESIAN_POINT('',(3.1,9.45,10.6));
#5714 = VECTOR('',#5715,1.);
#5715 = DIRECTION('',(0.,0.,-1.));
#5716 = ORIENTED_EDGE('',*,*,#5717,.F.);
#5717 = EDGE_CURVE('',#5701,#5710,#5718,.T.);
#5718 = LINE('',#5719,#5720);
#5719 = CARTESIAN_POINT('',(0.4,9.45,9.565923489271));
#5720 = VECTOR('',#5721,1.);
#5721 = DIRECTION('',(1.,0.,0.));
#5722 = PLANE('',#5723);
#5723 = AXIS2_PLACEMENT_3D('',#5724,#5725,#5726);
#5724 = CARTESIAN_POINT('',(0.4,9.45,10.6));
#5725 = DIRECTION('',(-0.,1.,0.));
#5726 = DIRECTION('',(0.,0.,-1.));
#5727 = ADVANCED_FACE('',(#5728),#5753,.T.);
#5728 = FACE_BOUND('',#5729,.T.);
#5729 = EDGE_LOOP('',(#5730,#5740,#5746,#5747));
#5730 = ORIENTED_EDGE('',*,*,#5731,.T.);
#5731 = EDGE_CURVE('',#5732,#5734,#5736,.T.);
#5732 = VERTEX_POINT('',#5733);
#5733 = CARTESIAN_POINT('',(0.4,9.45,8.6));
#5734 = VERTEX_POINT('',#5735);
#5735 = CARTESIAN_POINT('',(3.1,9.45,8.6));
#5736 = LINE('',#5737,#5738);
#5737 = CARTESIAN_POINT('',(0.4,9.45,8.6));
#5738 = VECTOR('',#5739,1.);
#5739 = DIRECTION('',(1.,0.,0.));
#5740 = ORIENTED_EDGE('',*,*,#5741,.T.);
#5741 = EDGE_CURVE('',#5734,#5672,#5742,.T.);
#5742 = LINE('',#5743,#5744);
#5743 = CARTESIAN_POINT('',(3.1,9.45,8.6));
#5744 = VECTOR('',#5745,1.);
#5745 = DIRECTION('',(0.,-1.,0.));
#5746 = ORIENTED_EDGE('',*,*,#5669,.F.);
#5747 = ORIENTED_EDGE('',*,*,#5748,.F.);
#5748 = EDGE_CURVE('',#5732,#5670,#5749,.T.);
#5749 = LINE('',#5750,#5751);
#5750 = CARTESIAN_POINT('',(0.4,9.45,8.6));
#5751 = VECTOR('',#5752,1.);
#5752 = DIRECTION('',(0.,-1.,0.));
#5753 = PLANE('',#5754);
#5754 = AXIS2_PLACEMENT_3D('',#5755,#5756,#5757);
#5755 = CARTESIAN_POINT('',(0.4,9.45,8.6));
#5756 = DIRECTION('',(0.,0.,-1.));
#5757 = DIRECTION('',(0.,-1.,0.));
#5758 = ADVANCED_FACE('',(#5759),#5786,.T.);
#5759 = FACE_BOUND('',#5760,.T.);
#5760 = EDGE_LOOP('',(#5761,#5770,#5778,#5785));
#5761 = ORIENTED_EDGE('',*,*,#5762,.F.);
#5762 = EDGE_CURVE('',#5763,#5710,#5765,.T.);
#5763 = VERTEX_POINT('',#5764);
#5764 = CARTESIAN_POINT('',(3.1,9.45,8.834076510729));
#5765 = CIRCLE('',#5766,0.58);
#5766 = AXIS2_PLACEMENT_3D('',#5767,#5768,#5769);
#5767 = CARTESIAN_POINT('',(3.1,9.,9.2));
#5768 = DIRECTION('',(1.,0.,0.));
#5769 = DIRECTION('',(-0.,0.,1.));
#5770 = ORIENTED_EDGE('',*,*,#5771,.F.);
#5771 = EDGE_CURVE('',#5772,#5763,#5774,.T.);
#5772 = VERTEX_POINT('',#5773);
#5773 = CARTESIAN_POINT('',(0.4,9.45,8.834076510729));
#5774 = LINE('',#5775,#5776);
#5775 = CARTESIAN_POINT('',(0.4,9.45,8.834076510729));
#5776 = VECTOR('',#5777,1.);
#5777 = DIRECTION('',(1.,0.,0.));
#5778 = ORIENTED_EDGE('',*,*,#5779,.T.);
#5779 = EDGE_CURVE('',#5772,#5701,#5780,.T.);
#5780 = CIRCLE('',#5781,0.58);
#5781 = AXIS2_PLACEMENT_3D('',#5782,#5783,#5784);
#5782 = CARTESIAN_POINT('',(0.4,9.,9.2));
#5783 = DIRECTION('',(1.,0.,0.));
#5784 = DIRECTION('',(-0.,0.,1.));
#5785 = ORIENTED_EDGE('',*,*,#5717,.T.);
#5786 = CYLINDRICAL_SURFACE('',#5787,0.58);
#5787 = AXIS2_PLACEMENT_3D('',#5788,#5789,#5790);
#5788 = CARTESIAN_POINT('',(0.4,9.,9.2));
#5789 = DIRECTION('',(1.,0.,0.));
#5790 = DIRECTION('',(-0.,0.,1.));
#5791 = ADVANCED_FACE('',(#5792),#5808,.T.);
#5792 = FACE_BOUND('',#5793,.T.);
#5793 = EDGE_LOOP('',(#5794,#5800,#5801,#5807));
#5794 = ORIENTED_EDGE('',*,*,#5795,.F.);
#5795 = EDGE_CURVE('',#5772,#5732,#5796,.T.);
#5796 = LINE('',#5797,#5798);
#5797 = CARTESIAN_POINT('',(0.4,9.45,10.6));
#5798 = VECTOR('',#5799,1.);
#5799 = DIRECTION('',(0.,0.,-1.));
#5800 = ORIENTED_EDGE('',*,*,#5771,.T.);
#5801 = ORIENTED_EDGE('',*,*,#5802,.T.);
#5802 = EDGE_CURVE('',#5763,#5734,#5803,.T.);
#5803 = LINE('',#5804,#5805);
#5804 = CARTESIAN_POINT('',(3.1,9.45,10.6));
#5805 = VECTOR('',#5806,1.);
#5806 = DIRECTION('',(0.,0.,-1.));
#5807 = ORIENTED_EDGE('',*,*,#5731,.F.);
#5808 = PLANE('',#5809);
#5809 = AXIS2_PLACEMENT_3D('',#5810,#5811,#5812);
#5810 = CARTESIAN_POINT('',(0.4,9.45,10.6));
#5811 = DIRECTION('',(-0.,1.,0.));
#5812 = DIRECTION('',(0.,0.,-1.));
#5813 = ADVANCED_FACE('',(#5814),#5822,.T.);
#5814 = FACE_BOUND('',#5815,.T.);
#5815 = EDGE_LOOP('',(#5816,#5817,#5818,#5819,#5820,#5821));
#5816 = ORIENTED_EDGE('',*,*,#5686,.T.);
#5817 = ORIENTED_EDGE('',*,*,#5655,.T.);
#5818 = ORIENTED_EDGE('',*,*,#5700,.T.);
#5819 = ORIENTED_EDGE('',*,*,#5779,.F.);
#5820 = ORIENTED_EDGE('',*,*,#5795,.T.);
#5821 = ORIENTED_EDGE('',*,*,#5748,.T.);
#5822 = PLANE('',#5823);
#5823 = AXIS2_PLACEMENT_3D('',#5824,#5825,#5826);
#5824 = CARTESIAN_POINT('',(0.4,4.823284092834,9.669808456553));
#5825 = DIRECTION('',(-1.,-0.,-0.));
#5826 = DIRECTION('',(0.,0.,-1.));
#5827 = ADVANCED_FACE('',(#5828),#5836,.T.);
#5828 = FACE_BOUND('',#5829,.T.);
#5829 = EDGE_LOOP('',(#5830,#5831,#5832,#5833,#5834,#5835));
#5830 = ORIENTED_EDGE('',*,*,#5679,.F.);
#5831 = ORIENTED_EDGE('',*,*,#5741,.F.);
#5832 = ORIENTED_EDGE('',*,*,#5802,.F.);
#5833 = ORIENTED_EDGE('',*,*,#5762,.T.);
#5834 = ORIENTED_EDGE('',*,*,#5709,.F.);
#5835 = ORIENTED_EDGE('',*,*,#5639,.F.);
#5836 = PLANE('',#5837);
#5837 = AXIS2_PLACEMENT_3D('',#5838,#5839,#5840);
#5838 = CARTESIAN_POINT('',(3.1,4.823284092834,9.669808456553));
#5839 = DIRECTION('',(1.,0.,0.));
#5840 = DIRECTION('',(-0.,0.,1.));
#5841 = ( GEOMETRIC_REPRESENTATION_CONTEXT(3)
GLOBAL_UNCERTAINTY_ASSIGNED_CONTEXT((#5845))
GLOBAL_UNIT_ASSIGNED_CONTEXT((#5842,#5843,#5844)) REPRESENTATION_CONTEXT
('Context #1','3D Context with UNIT and UNCERTAINTY') );
#5842 = ( LENGTH_UNIT() NAMED_UNIT(*) SI_UNIT(.MILLI.,.METRE.) );
#5843 = ( NAMED_UNIT(*) PLANE_ANGLE_UNIT() SI_UNIT($,.RADIAN.) );
#5844 = ( NAMED_UNIT(*) SI_UNIT($,.STERADIAN.) SOLID_ANGLE_UNIT() );
#5845 = UNCERTAINTY_MEASURE_WITH_UNIT(LENGTH_MEASURE(1.E-07),#5842,
  'distance_accuracy_value','confusion accuracy');
#5846 = CONTEXT_DEPENDENT_SHAPE_REPRESENTATION(#5847,#5849);
#5847 = ( REPRESENTATION_RELATIONSHIP('','',#5622,#10)
REPRESENTATION_RELATIONSHIP_WITH_TRANSFORMATION(#5848)
SHAPE_REPRESENTATION_RELATIONSHIP() );
#5848 = ITEM_DEFINED_TRANSFORMATION('','',#11,#51);
#5849 = PRODUCT_DEFINITION_SHAPE('Placement','Placement of an item',
  #5850);
#5850 = NEXT_ASSEMBLY_USAGE_OCCURRENCE('10','Actuator P3','',#5,#5617,$
  );
#5851 = PRODUCT_RELATED_PRODUCT_CATEGORY('part',$,(#5619));
#5852 = SHAPE_DEFINITION_REPRESENTATION(#5853,#5859);
#5853 = PRODUCT_DEFINITION_SHAPE('','',#5854);
#5854 = PRODUCT_DEFINITION('design','',#5855,#5858);
#5855 = PRODUCT_DEFINITION_FORMATION('','',#5856);
#5856 = PRODUCT('Terminal Pin P3 A','Terminal Pin P3 A','',(#5857));
#5857 = PRODUCT_CONTEXT('',#2,'mechanical');
#5858 = PRODUCT_DEFINITION_CONTEXT('part definition',#2,'design');
#5859 = ADVANCED_BREP_SHAPE_REPRESENTATION('',(#11,#5860),#6010);
#5860 = MANIFOLD_SOLID_BREP('',#5861);
#5861 = CLOSED_SHELL('',(#5862,#5902,#5942,#5964,#5986,#5998));
#5862 = ADVANCED_FACE('',(#5863),#5897,.F.);
#5863 = FACE_BOUND('',#5864,.F.);
#5864 = EDGE_LOOP('',(#5865,#5875,#5883,#5891));
#5865 = ORIENTED_EDGE('',*,*,#5866,.F.);
#5866 = EDGE_CURVE('',#5867,#5869,#5871,.T.);
#5867 = VERTEX_POINT('',#5868);
#5868 = CARTESIAN_POINT('',(1.85,4.35,-3.5));
#5869 = VERTEX_POINT('',#5870);
#5870 = CARTESIAN_POINT('',(1.85,4.35,0.));
#5871 = LINE('',#5872,#5873);
#5872 = CARTESIAN_POINT('',(1.85,4.35,-3.5));
#5873 = VECTOR('',#5874,1.);
#5874 = DIRECTION('',(0.,0.,1.));
#5875 = ORIENTED_EDGE('',*,*,#5876,.T.);
#5876 = EDGE_CURVE('',#5867,#5877,#5879,.T.);
#5877 = VERTEX_POINT('',#5878);
#5878 = CARTESIAN_POINT('',(1.85,4.85,-3.5));
#5879 = LINE('',#5880,#5881);
#5880 = CARTESIAN_POINT('',(1.85,4.35,-3.5));
#5881 = VECTOR('',#5882,1.);
#5882 = DIRECTION('',(-0.,1.,0.));
#5883 = ORIENTED_EDGE('',*,*,#5884,.T.);
#5884 = EDGE_CURVE('',#5877,#5885,#5887,.T.);
#5885 = VERTEX_POINT('',#5886);
#5886 = CARTESIAN_POINT('',(1.85,4.85,0.));
#5887 = LINE('',#5888,#5889);
#5888 = CARTESIAN_POINT('',(1.85,4.85,-3.5));
#5889 = VECTOR('',#5890,1.);
#5890 = DIRECTION('',(0.,0.,1.));
#5891 = ORIENTED_EDGE('',*,*,#5892,.F.);
#5892 = EDGE_CURVE('',#5869,#5885,#5893,.T.);
#5893 = LINE('',#5894,#5895);
#5894 = CARTESIAN_POINT('',(1.85,4.35,0.));
#5895 = VECTOR('',#5896,1.);
#5896 = DIRECTION('',(-0.,1.,0.));
#5897 = PLANE('',#5898);
#5898 = AXIS2_PLACEMENT_3D('',#5899,#5900,#5901);
#5899 = CARTESIAN_POINT('',(1.85,4.35,-3.5));
#5900 = DIRECTION('',(1.,0.,-0.));
#5901 = DIRECTION('',(0.,0.,1.));
#5902 = ADVANCED_FACE('',(#5903),#5937,.T.);
#5903 = FACE_BOUND('',#5904,.T.);
#5904 = EDGE_LOOP('',(#5905,#5915,#5923,#5931));
#5905 = ORIENTED_EDGE('',*,*,#5906,.F.);
#5906 = EDGE_CURVE('',#5907,#5909,#5911,.T.);
#5907 = VERTEX_POINT('',#5908);
#5908 = CARTESIAN_POINT('',(2.65,4.35,-3.5));
#5909 = VERTEX_POINT('',#5910);
#5910 = CARTESIAN_POINT('',(2.65,4.35,0.));
#5911 = LINE('',#5912,#5913);
#5912 = CARTESIAN_POINT('',(2.65,4.35,-3.5));
#5913 = VECTOR('',#5914,1.);
#5914 = DIRECTION('',(0.,0.,1.));
#5915 = ORIENTED_EDGE('',*,*,#5916,.T.);
#5916 = EDGE_CURVE('',#5907,#5917,#5919,.T.);
#5917 = VERTEX_POINT('',#5918);
#5918 = CARTESIAN_POINT('',(2.65,4.85,-3.5));
#5919 = LINE('',#5920,#5921);
#5920 = CARTESIAN_POINT('',(2.65,4.35,-3.5));
#5921 = VECTOR('',#5922,1.);
#5922 = DIRECTION('',(-0.,1.,0.));
#5923 = ORIENTED_EDGE('',*,*,#5924,.T.);
#5924 = EDGE_CURVE('',#5917,#5925,#5927,.T.);
#5925 = VERTEX_POINT('',#5926);
#5926 = CARTESIAN_POINT('',(2.65,4.85,0.));
#5927 = LINE('',#5928,#5929);
#5928 = CARTESIAN_POINT('',(2.65,4.85,-3.5));
#5929 = VECTOR('',#5930,1.);
#5930 = DIRECTION('',(0.,0.,1.));
#5931 = ORIENTED_EDGE('',*,*,#5932,.F.);
#5932 = EDGE_CURVE('',#5909,#5925,#5933,.T.);
#5933 = LINE('',#5934,#5935);
#5934 = CARTESIAN_POINT('',(2.65,4.35,0.));
#5935 = VECTOR('',#5936,1.);
#5936 = DIRECTION('',(-0.,1.,0.));
#5937 = PLANE('',#5938);
#5938 = AXIS2_PLACEMENT_3D('',#5939,#5940,#5941);
#5939 = CARTESIAN_POINT('',(2.65,4.35,-3.5));
#5940 = DIRECTION('',(1.,0.,-0.));
#5941 = DIRECTION('',(0.,0.,1.));
#5942 = ADVANCED_FACE('',(#5943),#5959,.F.);
#5943 = FACE_BOUND('',#5944,.F.);
#5944 = EDGE_LOOP('',(#5945,#5951,#5952,#5958));
#5945 = ORIENTED_EDGE('',*,*,#5946,.F.);
#5946 = EDGE_CURVE('',#5867,#5907,#5947,.T.);
#5947 = LINE('',#5948,#5949);
#5948 = CARTESIAN_POINT('',(1.85,4.35,-3.5));
#5949 = VECTOR('',#5950,1.);
#5950 = DIRECTION('',(1.,0.,-0.));
#5951 = ORIENTED_EDGE('',*,*,#5866,.T.);
#5952 = ORIENTED_EDGE('',*,*,#5953,.T.);
#5953 = EDGE_CURVE('',#5869,#5909,#5954,.T.);
#5954 = LINE('',#5955,#5956);
#5955 = CARTESIAN_POINT('',(1.85,4.35,0.));
#5956 = VECTOR('',#5957,1.);
#5957 = DIRECTION('',(1.,0.,-0.));
#5958 = ORIENTED_EDGE('',*,*,#5906,.F.);
#5959 = PLANE('',#5960);
#5960 = AXIS2_PLACEMENT_3D('',#5961,#5962,#5963);
#5961 = CARTESIAN_POINT('',(1.85,4.35,-3.5));
#5962 = DIRECTION('',(-0.,1.,0.));
#5963 = DIRECTION('',(0.,0.,1.));
#5964 = ADVANCED_FACE('',(#5965),#5981,.T.);
#5965 = FACE_BOUND('',#5966,.T.);
#5966 = EDGE_LOOP('',(#5967,#5973,#5974,#5980));
#5967 = ORIENTED_EDGE('',*,*,#5968,.F.);
#5968 = EDGE_CURVE('',#5877,#5917,#5969,.T.);
#5969 = LINE('',#5970,#5971);
#5970 = CARTESIAN_POINT('',(1.85,4.85,-3.5));
#5971 = VECTOR('',#5972,1.);
#5972 = DIRECTION('',(1.,0.,-0.));
#5973 = ORIENTED_EDGE('',*,*,#5884,.T.);
#5974 = ORIENTED_EDGE('',*,*,#5975,.T.);
#5975 = EDGE_CURVE('',#5885,#5925,#5976,.T.);
#5976 = LINE('',#5977,#5978);
#5977 = CARTESIAN_POINT('',(1.85,4.85,0.));
#5978 = VECTOR('',#5979,1.);
#5979 = DIRECTION('',(1.,0.,-0.));
#5980 = ORIENTED_EDGE('',*,*,#5924,.F.);
#5981 = PLANE('',#5982);
#5982 = AXIS2_PLACEMENT_3D('',#5983,#5984,#5985);
#5983 = CARTESIAN_POINT('',(1.85,4.85,-3.5));
#5984 = DIRECTION('',(-0.,1.,0.));
#5985 = DIRECTION('',(0.,0.,1.));
#5986 = ADVANCED_FACE('',(#5987),#5993,.F.);
#5987 = FACE_BOUND('',#5988,.F.);
#5988 = EDGE_LOOP('',(#5989,#5990,#5991,#5992));
#5989 = ORIENTED_EDGE('',*,*,#5876,.F.);
#5990 = ORIENTED_EDGE('',*,*,#5946,.T.);
#5991 = ORIENTED_EDGE('',*,*,#5916,.T.);
#5992 = ORIENTED_EDGE('',*,*,#5968,.F.);
#5993 = PLANE('',#5994);
#5994 = AXIS2_PLACEMENT_3D('',#5995,#5996,#5997);
#5995 = CARTESIAN_POINT('',(1.85,4.35,-3.5));
#5996 = DIRECTION('',(0.,0.,1.));
#5997 = DIRECTION('',(1.,0.,-0.));
#5998 = ADVANCED_FACE('',(#5999),#6005,.T.);
#5999 = FACE_BOUND('',#6000,.T.);
#6000 = EDGE_LOOP('',(#6001,#6002,#6003,#6004));
#6001 = ORIENTED_EDGE('',*,*,#5892,.F.);
#6002 = ORIENTED_EDGE('',*,*,#5953,.T.);
#6003 = ORIENTED_EDGE('',*,*,#5932,.T.);
#6004 = ORIENTED_EDGE('',*,*,#5975,.F.);
#6005 = PLANE('',#6006);
#6006 = AXIS2_PLACEMENT_3D('',#6007,#6008,#6009);
#6007 = CARTESIAN_POINT('',(1.85,4.35,0.));
#6008 = DIRECTION('',(0.,0.,1.));
#6009 = DIRECTION('',(1.,0.,-0.));
#6010 = ( GEOMETRIC_REPRESENTATION_CONTEXT(3)
GLOBAL_UNCERTAINTY_ASSIGNED_CONTEXT((#6014))
GLOBAL_UNIT_ASSIGNED_CONTEXT((#6011,#6012,#6013)) REPRESENTATION_CONTEXT
('Context #1','3D Context with UNIT and UNCERTAINTY') );
#6011 = ( LENGTH_UNIT() NAMED_UNIT(*) SI_UNIT(.MILLI.,.METRE.) );
#6012 = ( NAMED_UNIT(*) PLANE_ANGLE_UNIT() SI_UNIT($,.RADIAN.) );
#6013 = ( NAMED_UNIT(*) SI_UNIT($,.STERADIAN.) SOLID_ANGLE_UNIT() );
#6014 = UNCERTAINTY_MEASURE_WITH_UNIT(LENGTH_MEASURE(1.E-07),#6011,
  'distance_accuracy_value','confusion accuracy');
#6015 = CONTEXT_DEPENDENT_SHAPE_REPRESENTATION(#6016,#6018);
#6016 = ( REPRESENTATION_RELATIONSHIP('','',#5859,#10)
REPRESENTATION_RELATIONSHIP_WITH_TRANSFORMATION(#6017)
SHAPE_REPRESENTATION_RELATIONSHIP() );
#6017 = ITEM_DEFINED_TRANSFORMATION('','',#11,#55);
#6018 = PRODUCT_DEFINITION_SHAPE('Placement','Placement of an item',
  #6019);
#6019 = NEXT_ASSEMBLY_USAGE_OCCURRENCE('11','Terminal Pin P3 A','',#5,
  #5854,$);
#6020 = PRODUCT_RELATED_PRODUCT_CATEGORY('part',$,(#5856));
#6021 = SHAPE_DEFINITION_REPRESENTATION(#6022,#6028);
#6022 = PRODUCT_DEFINITION_SHAPE('','',#6023);
#6023 = PRODUCT_DEFINITION('design','',#6024,#6027);
#6024 = PRODUCT_DEFINITION_FORMATION('','',#6025);
#6025 = PRODUCT('Terminal Pin P3 B','Terminal Pin P3 B','',(#6026));
#6026 = PRODUCT_CONTEXT('',#2,'mechanical');
#6027 = PRODUCT_DEFINITION_CONTEXT('part definition',#2,'design');
#6028 = ADVANCED_BREP_SHAPE_REPRESENTATION('',(#11,#6029),#6179);
#6029 = MANIFOLD_SOLID_BREP('',#6030);
#6030 = CLOSED_SHELL('',(#6031,#6071,#6111,#6133,#6155,#6167));
#6031 = ADVANCED_FACE('',(#6032),#6066,.F.);
#6032 = FACE_BOUND('',#6033,.F.);
#6033 = EDGE_LOOP('',(#6034,#6044,#6052,#6060));
#6034 = ORIENTED_EDGE('',*,*,#6035,.F.);
#6035 = EDGE_CURVE('',#6036,#6038,#6040,.T.);
#6036 = VERTEX_POINT('',#6037);
#6037 = CARTESIAN_POINT('',(1.85,9.35,-3.5));
#6038 = VERTEX_POINT('',#6039);
#6039 = CARTESIAN_POINT('',(1.85,9.35,0.));
#6040 = LINE('',#6041,#6042);
#6041 = CARTESIAN_POINT('',(1.85,9.35,-3.5));
#6042 = VECTOR('',#6043,1.);
#6043 = DIRECTION('',(0.,0.,1.));
#6044 = ORIENTED_EDGE('',*,*,#6045,.T.);
#6045 = EDGE_CURVE('',#6036,#6046,#6048,.T.);
#6046 = VERTEX_POINT('',#6047);
#6047 = CARTESIAN_POINT('',(1.85,9.85,-3.5));
#6048 = LINE('',#6049,#6050);
#6049 = CARTESIAN_POINT('',(1.85,9.35,-3.5));
#6050 = VECTOR('',#6051,1.);
#6051 = DIRECTION('',(-0.,1.,0.));
#6052 = ORIENTED_EDGE('',*,*,#6053,.T.);
#6053 = EDGE_CURVE('',#6046,#6054,#6056,.T.);
#6054 = VERTEX_POINT('',#6055);
#6055 = CARTESIAN_POINT('',(1.85,9.85,0.));
#6056 = LINE('',#6057,#6058);
#6057 = CARTESIAN_POINT('',(1.85,9.85,-3.5));
#6058 = VECTOR('',#6059,1.);
#6059 = DIRECTION('',(0.,0.,1.));
#6060 = ORIENTED_EDGE('',*,*,#6061,.F.);
#6061 = EDGE_CURVE('',#6038,#6054,#6062,.T.);
#6062 = LINE('',#6063,#6064);
#6063 = CARTESIAN_POINT('',(1.85,9.35,0.));
#6064 = VECTOR('',#6065,1.);
#6065 = DIRECTION('',(-0.,1.,0.));
#6066 = PLANE('',#6067);
#6067 = AXIS2_PLACEMENT_3D('',#6068,#6069,#6070);
#6068 = CARTESIAN_POINT('',(1.85,9.35,-3.5));
#6069 = DIRECTION('',(1.,0.,-0.));
#6070 = DIRECTION('',(0.,0.,1.));
#6071 = ADVANCED_FACE('',(#6072),#6106,.T.);
#6072 = FACE_BOUND('',#6073,.T.);
#6073 = EDGE_LOOP('',(#6074,#6084,#6092,#6100));
#6074 = ORIENTED_EDGE('',*,*,#6075,.F.);
#6075 = EDGE_CURVE('',#6076,#6078,#6080,.T.);
#6076 = VERTEX_POINT('',#6077);
#6077 = CARTESIAN_POINT('',(2.65,9.35,-3.5));
#6078 = VERTEX_POINT('',#6079);
#6079 = CARTESIAN_POINT('',(2.65,9.35,0.));
#6080 = LINE('',#6081,#6082);
#6081 = CARTESIAN_POINT('',(2.65,9.35,-3.5));
#6082 = VECTOR('',#6083,1.);
#6083 = DIRECTION('',(0.,0.,1.));
#6084 = ORIENTED_EDGE('',*,*,#6085,.T.);
#6085 = EDGE_CURVE('',#6076,#6086,#6088,.T.);
#6086 = VERTEX_POINT('',#6087);
#6087 = CARTESIAN_POINT('',(2.65,9.85,-3.5));
#6088 = LINE('',#6089,#6090);
#6089 = CARTESIAN_POINT('',(2.65,9.35,-3.5));
#6090 = VECTOR('',#6091,1.);
#6091 = DIRECTION('',(-0.,1.,0.));
#6092 = ORIENTED_EDGE('',*,*,#6093,.T.);
#6093 = EDGE_CURVE('',#6086,#6094,#6096,.T.);
#6094 = VERTEX_POINT('',#6095);
#6095 = CARTESIAN_POINT('',(2.65,9.85,0.));
#6096 = LINE('',#6097,#6098);
#6097 = CARTESIAN_POINT('',(2.65,9.85,-3.5));
#6098 = VECTOR('',#6099,1.);
#6099 = DIRECTION('',(0.,0.,1.));
#6100 = ORIENTED_EDGE('',*,*,#6101,.F.);
#6101 = EDGE_CURVE('',#6078,#6094,#6102,.T.);
#6102 = LINE('',#6103,#6104);
#6103 = CARTESIAN_POINT('',(2.65,9.35,0.));
#6104 = VECTOR('',#6105,1.);
#6105 = DIRECTION('',(-0.,1.,0.));
#6106 = PLANE('',#6107);
#6107 = AXIS2_PLACEMENT_3D('',#6108,#6109,#6110);
#6108 = CARTESIAN_POINT('',(2.65,9.35,-3.5));
#6109 = DIRECTION('',(1.,0.,-0.));
#6110 = DIRECTION('',(0.,0.,1.));
#6111 = ADVANCED_FACE('',(#6112),#6128,.F.);
#6112 = FACE_BOUND('',#6113,.F.);
#6113 = EDGE_LOOP('',(#6114,#6120,#6121,#6127));
#6114 = ORIENTED_EDGE('',*,*,#6115,.F.);
#6115 = EDGE_CURVE('',#6036,#6076,#6116,.T.);
#6116 = LINE('',#6117,#6118);
#6117 = CARTESIAN_POINT('',(1.85,9.35,-3.5));
#6118 = VECTOR('',#6119,1.);
#6119 = DIRECTION('',(1.,0.,-0.));
#6120 = ORIENTED_EDGE('',*,*,#6035,.T.);
#6121 = ORIENTED_EDGE('',*,*,#6122,.T.);
#6122 = EDGE_CURVE('',#6038,#6078,#6123,.T.);
#6123 = LINE('',#6124,#6125);
#6124 = CARTESIAN_POINT('',(1.85,9.35,0.));
#6125 = VECTOR('',#6126,1.);
#6126 = DIRECTION('',(1.,0.,-0.));
#6127 = ORIENTED_EDGE('',*,*,#6075,.F.);
#6128 = PLANE('',#6129);
#6129 = AXIS2_PLACEMENT_3D('',#6130,#6131,#6132);
#6130 = CARTESIAN_POINT('',(1.85,9.35,-3.5));
#6131 = DIRECTION('',(-0.,1.,0.));
#6132 = DIRECTION('',(0.,0.,1.));
#6133 = ADVANCED_FACE('',(#6134),#6150,.T.);
#6134 = FACE_BOUND('',#6135,.T.);
#6135 = EDGE_LOOP('',(#6136,#6142,#6143,#6149));
#6136 = ORIENTED_EDGE('',*,*,#6137,.F.);
#6137 = EDGE_CURVE('',#6046,#6086,#6138,.T.);
#6138 = LINE('',#6139,#6140);
#6139 = CARTESIAN_POINT('',(1.85,9.85,-3.5));
#6140 = VECTOR('',#6141,1.);
#6141 = DIRECTION('',(1.,0.,-0.));
#6142 = ORIENTED_EDGE('',*,*,#6053,.T.);
#6143 = ORIENTED_EDGE('',*,*,#6144,.T.);
#6144 = EDGE_CURVE('',#6054,#6094,#6145,.T.);
#6145 = LINE('',#6146,#6147);
#6146 = CARTESIAN_POINT('',(1.85,9.85,0.));
#6147 = VECTOR('',#6148,1.);
#6148 = DIRECTION('',(1.,0.,-0.));
#6149 = ORIENTED_EDGE('',*,*,#6093,.F.);
#6150 = PLANE('',#6151);
#6151 = AXIS2_PLACEMENT_3D('',#6152,#6153,#6154);
#6152 = CARTESIAN_POINT('',(1.85,9.85,-3.5));
#6153 = DIRECTION('',(-0.,1.,0.));
#6154 = DIRECTION('',(0.,0.,1.));
#6155 = ADVANCED_FACE('',(#6156),#6162,.F.);
#6156 = FACE_BOUND('',#6157,.F.);
#6157 = EDGE_LOOP('',(#6158,#6159,#6160,#6161));
#6158 = ORIENTED_EDGE('',*,*,#6045,.F.);
#6159 = ORIENTED_EDGE('',*,*,#6115,.T.);
#6160 = ORIENTED_EDGE('',*,*,#6085,.T.);
#6161 = ORIENTED_EDGE('',*,*,#6137,.F.);
#6162 = PLANE('',#6163);
#6163 = AXIS2_PLACEMENT_3D('',#6164,#6165,#6166);
#6164 = CARTESIAN_POINT('',(1.85,9.35,-3.5));
#6165 = DIRECTION('',(0.,0.,1.));
#6166 = DIRECTION('',(1.,0.,-0.));
#6167 = ADVANCED_FACE('',(#6168),#6174,.T.);
#6168 = FACE_BOUND('',#6169,.T.);
#6169 = EDGE_LOOP('',(#6170,#6171,#6172,#6173));
#6170 = ORIENTED_EDGE('',*,*,#6061,.F.);
#6171 = ORIENTED_EDGE('',*,*,#6122,.T.);
#6172 = ORIENTED_EDGE('',*,*,#6101,.T.);
#6173 = ORIENTED_EDGE('',*,*,#6144,.F.);
#6174 = PLANE('',#6175);
#6175 = AXIS2_PLACEMENT_3D('',#6176,#6177,#6178);
#6176 = CARTESIAN_POINT('',(1.85,9.35,0.));
#6177 = DIRECTION('',(0.,0.,1.));
#6178 = DIRECTION('',(1.,0.,-0.));
#6179 = ( GEOMETRIC_REPRESENTATION_CONTEXT(3)
GLOBAL_UNCERTAINTY_ASSIGNED_CONTEXT((#6183))
GLOBAL_UNIT_ASSIGNED_CONTEXT((#6180,#6181,#6182)) REPRESENTATION_CONTEXT
('Context #1','3D Context with UNIT and UNCERTAINTY') );
#6180 = ( LENGTH_UNIT() NAMED_UNIT(*) SI_UNIT(.MILLI.,.METRE.) );
#6181 = ( NAMED_UNIT(*) PLANE_ANGLE_UNIT() SI_UNIT($,.RADIAN.) );
#6182 = ( NAMED_UNIT(*) SI_UNIT($,.STERADIAN.) SOLID_ANGLE_UNIT() );
#6183 = UNCERTAINTY_MEASURE_WITH_UNIT(LENGTH_MEASURE(1.E-07),#6180,
  'distance_accuracy_value','confusion accuracy');
#6184 = CONTEXT_DEPENDENT_SHAPE_REPRESENTATION(#6185,#6187);
#6185 = ( REPRESENTATION_RELATIONSHIP('','',#6028,#10)
REPRESENTATION_RELATIONSHIP_WITH_TRANSFORMATION(#6186)
SHAPE_REPRESENTATION_RELATIONSHIP() );
#6186 = ITEM_DEFINED_TRANSFORMATION('','',#11,#59);
#6187 = PRODUCT_DEFINITION_SHAPE('Placement','Placement of an item',
  #6188);
#6188 = NEXT_ASSEMBLY_USAGE_OCCURRENCE('12','Terminal Pin P3 B','',#5,
  #6023,$);
#6189 = PRODUCT_RELATED_PRODUCT_CATEGORY('part',$,(#6025));
#6190 = SHAPE_DEFINITION_REPRESENTATION(#6191,#6197);
#6191 = PRODUCT_DEFINITION_SHAPE('','',#6192);
#6192 = PRODUCT_DEFINITION('design','',#6193,#6196);
#6193 = PRODUCT_DEFINITION_FORMATION('','',#6194);
#6194 = PRODUCT('1.5 mm Side Cover','1.5 mm Side Cover','',(#6195));
#6195 = PRODUCT_CONTEXT('',#2,'mechanical');
#6196 = PRODUCT_DEFINITION_CONTEXT('part definition',#2,'design');
#6197 = ADVANCED_BREP_SHAPE_REPRESENTATION('',(#11,#6198),#7072);
#6198 = MANIFOLD_SOLID_BREP('',#6199);
#6199 = CLOSED_SHELL('',(#6200,#6248,#6281,#6340,#6365,#6398,#6431,#6455
    ,#6472,#6497,#6595,#6620,#6637,#6654,#6671,#6702,#6733,#6751,#6768,
    #6786,#6810,#6835,#6860,#6885,#6910,#6935,#6960,#6977,#6989,#7007,
    #7018,#7027,#7036,#7045,#7054,#7063));
#6200 = ADVANCED_FACE('',(#6201),#6243,.F.);
#6201 = FACE_BOUND('',#6202,.F.);
#6202 = EDGE_LOOP('',(#6203,#6213,#6221,#6229,#6237));
#6203 = ORIENTED_EDGE('',*,*,#6204,.F.);
#6204 = EDGE_CURVE('',#6205,#6207,#6209,.T.);
#6205 = VERTEX_POINT('',#6206);
#6206 = CARTESIAN_POINT('',(10.5,0.3,0.3));
#6207 = VERTEX_POINT('',#6208);
#6208 = CARTESIAN_POINT('',(10.5,0.3,9.086363636364));
#6209 = LINE('',#6210,#6211);
#6210 = CARTESIAN_POINT('',(10.5,0.3,0.));
#6211 = VECTOR('',#6212,1.);
#6212 = DIRECTION('',(0.,0.,1.));
#6213 = ORIENTED_EDGE('',*,*,#6214,.T.);
#6214 = EDGE_CURVE('',#6205,#6215,#6217,.T.);
#6215 = VERTEX_POINT('',#6216);
#6216 = CARTESIAN_POINT('',(10.5,12.2,0.3));
#6217 = LINE('',#6218,#6219);
#6218 = CARTESIAN_POINT('',(10.5,0.,0.3));
#6219 = VECTOR('',#6220,1.);
#6220 = DIRECTION('',(-0.,1.,0.));
#6221 = ORIENTED_EDGE('',*,*,#6222,.T.);
#6222 = EDGE_CURVE('',#6215,#6223,#6225,.T.);
#6223 = VERTEX_POINT('',#6224);
#6224 = CARTESIAN_POINT('',(10.5,12.2,10.3));
#6225 = LINE('',#6226,#6227);
#6226 = CARTESIAN_POINT('',(10.5,12.2,0.));
#6227 = VECTOR('',#6228,1.);
#6228 = DIRECTION('',(0.,0.,1.));
#6229 = ORIENTED_EDGE('',*,*,#6230,.F.);
#6230 = EDGE_CURVE('',#6231,#6223,#6233,.T.);
#6231 = VERTEX_POINT('',#6232);
#6232 = CARTESIAN_POINT('',(10.5,1.743243243243,10.3));
#6233 = LINE('',#6234,#6235);
#6234 = CARTESIAN_POINT('',(10.5,0.,10.3));
#6235 = VECTOR('',#6236,1.);
#6236 = DIRECTION('',(-0.,1.,0.));
#6237 = ORIENTED_EDGE('',*,*,#6238,.F.);
#6238 = EDGE_CURVE('',#6207,#6231,#6239,.T.);
#6239 = LINE('',#6240,#6241);
#6240 = CARTESIAN_POINT('',(10.5,-1.125779122542,7.88741301059));
#6241 = VECTOR('',#6242,1.);
#6242 = DIRECTION('',(0.,0.765362085905,0.643599935875));
#6243 = PLANE('',#6244);
#6244 = AXIS2_PLACEMENT_3D('',#6245,#6246,#6247);
#6245 = CARTESIAN_POINT('',(10.5,0.,0.));
#6246 = DIRECTION('',(1.,0.,-0.));
#6247 = DIRECTION('',(0.,0.,1.));
#6248 = ADVANCED_FACE('',(#6249),#6276,.T.);
#6249 = FACE_BOUND('',#6250,.T.);
#6250 = EDGE_LOOP('',(#6251,#6252,#6261,#6269));
#6251 = ORIENTED_EDGE('',*,*,#6204,.F.);
#6252 = ORIENTED_EDGE('',*,*,#6253,.T.);
#6253 = EDGE_CURVE('',#6205,#6254,#6256,.T.);
#6254 = VERTEX_POINT('',#6255);
#6255 = CARTESIAN_POINT('',(10.8,-5.551115123126E-17,0.3));
#6256 = CIRCLE('',#6257,0.3);
#6257 = AXIS2_PLACEMENT_3D('',#6258,#6259,#6260);
#6258 = CARTESIAN_POINT('',(10.8,0.3,0.3));
#6259 = DIRECTION('',(0.,0.,1.));
#6260 = DIRECTION('',(-1.,0.,0.));
#6261 = ORIENTED_EDGE('',*,*,#6262,.T.);
#6262 = EDGE_CURVE('',#6254,#6263,#6265,.T.);
#6263 = VERTEX_POINT('',#6264);
#6264 = CARTESIAN_POINT('',(10.8,-5.551115123126E-17,8.834090909091));
#6265 = LINE('',#6266,#6267);
#6266 = CARTESIAN_POINT('',(10.8,-5.551115123126E-17,0.));
#6267 = VECTOR('',#6268,1.);
#6268 = DIRECTION('',(0.,0.,1.));
#6269 = ORIENTED_EDGE('',*,*,#6270,.T.);
#6270 = EDGE_CURVE('',#6263,#6207,#6271,.T.);
#6271 = ELLIPSE('',#6272,0.391971336867,0.3);
#6272 = AXIS2_PLACEMENT_3D('',#6273,#6274,#6275);
#6273 = CARTESIAN_POINT('',(10.8,0.3,9.086363636364));
#6274 = DIRECTION('',(0.,0.643599935875,-0.765362085905));
#6275 = DIRECTION('',(0.,0.765362085905,0.643599935875));
#6276 = CYLINDRICAL_SURFACE('',#6277,0.3);
#6277 = AXIS2_PLACEMENT_3D('',#6278,#6279,#6280);
#6278 = CARTESIAN_POINT('',(10.8,0.3,0.));
#6279 = DIRECTION('',(0.,0.,1.));
#6280 = DIRECTION('',(-1.,-0.,0.));
#6281 = ADVANCED_FACE('',(#6282),#6335,.F.);
#6282 = FACE_BOUND('',#6283,.F.);
#6283 = EDGE_LOOP('',(#6284,#6293,#6301,#6310,#6318,#6327,#6333,#6334));
#6284 = ORIENTED_EDGE('',*,*,#6285,.T.);
#6285 = EDGE_CURVE('',#6231,#6286,#6288,.T.);
#6286 = VERTEX_POINT('',#6287);
#6287 = CARTESIAN_POINT('',(10.8,2.1,10.6));
#6288 = ELLIPSE('',#6289,0.466128076275,0.3);
#6289 = AXIS2_PLACEMENT_3D('',#6290,#6291,#6292);
#6290 = CARTESIAN_POINT('',(10.8,1.743243243243,10.3));
#6291 = DIRECTION('',(0.,0.643599935875,-0.765362085905));
#6292 = DIRECTION('',(0.,0.765362085905,0.643599935875));
#6293 = ORIENTED_EDGE('',*,*,#6294,.T.);
#6294 = EDGE_CURVE('',#6286,#6295,#6297,.T.);
#6295 = VERTEX_POINT('',#6296);
#6296 = CARTESIAN_POINT('',(11.7,2.1,10.6));
#6297 = LINE('',#6298,#6299);
#6298 = CARTESIAN_POINT('',(10.4,2.1,10.6));
#6299 = VECTOR('',#6300,1.);
#6300 = DIRECTION('',(1.,0.,0.));
#6301 = ORIENTED_EDGE('',*,*,#6302,.T.);
#6302 = EDGE_CURVE('',#6295,#6303,#6305,.T.);
#6303 = VERTEX_POINT('',#6304);
#6304 = CARTESIAN_POINT('',(12.,1.743243243243,10.3));
#6305 = ELLIPSE('',#6306,0.466128076275,0.3);
#6306 = AXIS2_PLACEMENT_3D('',#6307,#6308,#6309);
#6307 = CARTESIAN_POINT('',(11.7,1.743243243243,10.3));
#6308 = DIRECTION('',(0.,0.643599935875,-0.765362085905));
#6309 = DIRECTION('',(0.,0.765362085905,0.643599935875));
#6310 = ORIENTED_EDGE('',*,*,#6311,.F.);
#6311 = EDGE_CURVE('',#6312,#6303,#6314,.T.);
#6312 = VERTEX_POINT('',#6313);
#6313 = CARTESIAN_POINT('',(12.,0.3,9.086363636364));
#6314 = LINE('',#6315,#6316);
#6315 = CARTESIAN_POINT('',(12.,-1.125779122542,7.88741301059));
#6316 = VECTOR('',#6317,1.);
#6317 = DIRECTION('',(0.,0.765362085905,0.643599935875));
#6318 = ORIENTED_EDGE('',*,*,#6319,.T.);
#6319 = EDGE_CURVE('',#6312,#6320,#6322,.T.);
#6320 = VERTEX_POINT('',#6321);
#6321 = CARTESIAN_POINT('',(11.7,-5.551115123126E-17,8.834090909091));
#6322 = ELLIPSE('',#6323,0.391971336867,0.3);
#6323 = AXIS2_PLACEMENT_3D('',#6324,#6325,#6326);
#6324 = CARTESIAN_POINT('',(11.7,0.3,9.086363636364));
#6325 = DIRECTION('',(0.,0.643599935875,-0.765362085905));
#6326 = DIRECTION('',(0.,0.765362085905,0.643599935875));
#6327 = ORIENTED_EDGE('',*,*,#6328,.T.);
#6328 = EDGE_CURVE('',#6320,#6263,#6329,.T.);
#6329 = LINE('',#6330,#6331);
#6330 = CARTESIAN_POINT('',(10.45,2.22044604925E-16,8.834090909091));
#6331 = VECTOR('',#6332,1.);
#6332 = DIRECTION('',(-1.,0.,-0.));
#6333 = ORIENTED_EDGE('',*,*,#6270,.T.);
#6334 = ORIENTED_EDGE('',*,*,#6238,.T.);
#6335 = PLANE('',#6336);
#6336 = AXIS2_PLACEMENT_3D('',#6337,#6338,#6339);
#6337 = CARTESIAN_POINT('',(10.4,2.1,10.6));
#6338 = DIRECTION('',(0.,0.643599935875,-0.765362085905));
#6339 = DIRECTION('',(0.,-0.765362085905,-0.643599935875));
#6340 = ADVANCED_FACE('',(#6341),#6360,.T.);
#6341 = FACE_BOUND('',#6342,.T.);
#6342 = EDGE_LOOP('',(#6343,#6344,#6352,#6359));
#6343 = ORIENTED_EDGE('',*,*,#6285,.T.);
#6344 = ORIENTED_EDGE('',*,*,#6345,.T.);
#6345 = EDGE_CURVE('',#6286,#6346,#6348,.T.);
#6346 = VERTEX_POINT('',#6347);
#6347 = CARTESIAN_POINT('',(10.8,12.2,10.6));
#6348 = LINE('',#6349,#6350);
#6349 = CARTESIAN_POINT('',(10.8,0.,10.6));
#6350 = VECTOR('',#6351,1.);
#6351 = DIRECTION('',(-0.,1.,0.));
#6352 = ORIENTED_EDGE('',*,*,#6353,.F.);
#6353 = EDGE_CURVE('',#6223,#6346,#6354,.T.);
#6354 = CIRCLE('',#6355,0.3);
#6355 = AXIS2_PLACEMENT_3D('',#6356,#6357,#6358);
#6356 = CARTESIAN_POINT('',(10.8,12.2,10.3));
#6357 = DIRECTION('',(-0.,1.,0.));
#6358 = DIRECTION('',(-1.,-0.,0.));
#6359 = ORIENTED_EDGE('',*,*,#6230,.F.);
#6360 = CYLINDRICAL_SURFACE('',#6361,0.3);
#6361 = AXIS2_PLACEMENT_3D('',#6362,#6363,#6364);
#6362 = CARTESIAN_POINT('',(10.8,0.,10.3));
#6363 = DIRECTION('',(-0.,1.,0.));
#6364 = DIRECTION('',(-1.,-0.,0.));
#6365 = ADVANCED_FACE('',(#6366),#6393,.T.);
#6366 = FACE_BOUND('',#6367,.F.);
#6367 = EDGE_LOOP('',(#6368,#6369,#6378,#6386));
#6368 = ORIENTED_EDGE('',*,*,#6222,.F.);
#6369 = ORIENTED_EDGE('',*,*,#6370,.T.);
#6370 = EDGE_CURVE('',#6215,#6371,#6373,.T.);
#6371 = VERTEX_POINT('',#6372);
#6372 = CARTESIAN_POINT('',(10.8,12.5,0.3));
#6373 = CIRCLE('',#6374,0.3);
#6374 = AXIS2_PLACEMENT_3D('',#6375,#6376,#6377);
#6375 = CARTESIAN_POINT('',(10.8,12.2,0.3));
#6376 = DIRECTION('',(-0.,0.,-1.));
#6377 = DIRECTION('',(-1.,0.,0.));
#6378 = ORIENTED_EDGE('',*,*,#6379,.T.);
#6379 = EDGE_CURVE('',#6371,#6380,#6382,.T.);
#6380 = VERTEX_POINT('',#6381);
#6381 = CARTESIAN_POINT('',(10.8,12.5,10.3));
#6382 = LINE('',#6383,#6384);
#6383 = CARTESIAN_POINT('',(10.8,12.5,0.));
#6384 = VECTOR('',#6385,1.);
#6385 = DIRECTION('',(0.,0.,1.));
#6386 = ORIENTED_EDGE('',*,*,#6387,.T.);
#6387 = EDGE_CURVE('',#6380,#6223,#6388,.T.);
#6388 = CIRCLE('',#6389,0.3);
#6389 = AXIS2_PLACEMENT_3D('',#6390,#6391,#6392);
#6390 = CARTESIAN_POINT('',(10.8,12.2,10.3));
#6391 = DIRECTION('',(0.,0.,1.));
#6392 = DIRECTION('',(-1.,-0.,0.));
#6393 = CYLINDRICAL_SURFACE('',#6394,0.3);
#6394 = AXIS2_PLACEMENT_3D('',#6395,#6396,#6397);
#6395 = CARTESIAN_POINT('',(10.8,12.2,0.));
#6396 = DIRECTION('',(0.,0.,1.));
#6397 = DIRECTION('',(-1.,-0.,0.));
#6398 = ADVANCED_FACE('',(#6399),#6426,.T.);
#6399 = FACE_BOUND('',#6400,.F.);
#6400 = EDGE_LOOP('',(#6401,#6410,#6418,#6425));
#6401 = ORIENTED_EDGE('',*,*,#6402,.F.);
#6402 = EDGE_CURVE('',#6403,#6205,#6405,.T.);
#6403 = VERTEX_POINT('',#6404);
#6404 = CARTESIAN_POINT('',(10.8,0.3,0.));
#6405 = CIRCLE('',#6406,0.3);
#6406 = AXIS2_PLACEMENT_3D('',#6407,#6408,#6409);
#6407 = CARTESIAN_POINT('',(10.8,0.3,0.3));
#6408 = DIRECTION('',(0.,1.,-0.));
#6409 = DIRECTION('',(-1.,0.,0.));
#6410 = ORIENTED_EDGE('',*,*,#6411,.T.);
#6411 = EDGE_CURVE('',#6403,#6412,#6414,.T.);
#6412 = VERTEX_POINT('',#6413);
#6413 = CARTESIAN_POINT('',(10.8,12.2,0.));
#6414 = LINE('',#6415,#6416);
#6415 = CARTESIAN_POINT('',(10.8,0.,-5.551115123126E-17));
#6416 = VECTOR('',#6417,1.);
#6417 = DIRECTION('',(-0.,1.,0.));
#6418 = ORIENTED_EDGE('',*,*,#6419,.T.);
#6419 = EDGE_CURVE('',#6412,#6215,#6420,.T.);
#6420 = CIRCLE('',#6421,0.3);
#6421 = AXIS2_PLACEMENT_3D('',#6422,#6423,#6424);
#6422 = CARTESIAN_POINT('',(10.8,12.2,0.3));
#6423 = DIRECTION('',(0.,1.,-0.));
#6424 = DIRECTION('',(-1.,0.,0.));
#6425 = ORIENTED_EDGE('',*,*,#6214,.F.);
#6426 = CYLINDRICAL_SURFACE('',#6427,0.3);
#6427 = AXIS2_PLACEMENT_3D('',#6428,#6429,#6430);
#6428 = CARTESIAN_POINT('',(10.8,0.,0.3));
#6429 = DIRECTION('',(-0.,1.,0.));
#6430 = DIRECTION('',(-1.,-0.,0.));
#6431 = ADVANCED_FACE('',(#6432),#6450,.F.);
#6432 = FACE_BOUND('',#6433,.F.);
#6433 = EDGE_LOOP('',(#6434,#6442,#6443,#6444));
#6434 = ORIENTED_EDGE('',*,*,#6435,.F.);
#6435 = EDGE_CURVE('',#6254,#6436,#6438,.T.);
#6436 = VERTEX_POINT('',#6437);
#6437 = CARTESIAN_POINT('',(11.7,-5.551115123126E-17,0.3));
#6438 = LINE('',#6439,#6440);
#6439 = CARTESIAN_POINT('',(10.5,-5.551115123126E-17,0.3));
#6440 = VECTOR('',#6441,1.);
#6441 = DIRECTION('',(1.,0.,-0.));
#6442 = ORIENTED_EDGE('',*,*,#6262,.T.);
#6443 = ORIENTED_EDGE('',*,*,#6328,.F.);
#6444 = ORIENTED_EDGE('',*,*,#6445,.F.);
#6445 = EDGE_CURVE('',#6436,#6320,#6446,.T.);
#6446 = LINE('',#6447,#6448);
#6447 = CARTESIAN_POINT('',(11.7,-5.551115123126E-17,0.));
#6448 = VECTOR('',#6449,1.);
#6449 = DIRECTION('',(0.,0.,1.));
#6450 = PLANE('',#6451);
#6451 = AXIS2_PLACEMENT_3D('',#6452,#6453,#6454);
#6452 = CARTESIAN_POINT('',(10.5,0.,0.));
#6453 = DIRECTION('',(-0.,1.,0.));
#6454 = DIRECTION('',(0.,0.,1.));
#6455 = ADVANCED_FACE('',(#6456),#6467,.T.);
#6456 = FACE_BOUND('',#6457,.T.);
#6457 = EDGE_LOOP('',(#6458,#6459,#6466));
#6458 = ORIENTED_EDGE('',*,*,#6402,.F.);
#6459 = ORIENTED_EDGE('',*,*,#6460,.T.);
#6460 = EDGE_CURVE('',#6403,#6254,#6461,.T.);
#6461 = CIRCLE('',#6462,0.3);
#6462 = AXIS2_PLACEMENT_3D('',#6463,#6464,#6465);
#6463 = CARTESIAN_POINT('',(10.8,0.3,0.3));
#6464 = DIRECTION('',(-1.,6.123233995737E-17,0.));
#6465 = DIRECTION('',(-6.123233995737E-17,-1.,0.));
#6466 = ORIENTED_EDGE('',*,*,#6253,.F.);
#6467 = SPHERICAL_SURFACE('',#6468,0.3);
#6468 = AXIS2_PLACEMENT_3D('',#6469,#6470,#6471);
#6469 = CARTESIAN_POINT('',(10.8,0.3,0.3));
#6470 = DIRECTION('',(0.,0.,1.));
#6471 = DIRECTION('',(-1.,0.,0.));
#6472 = ADVANCED_FACE('',(#6473),#6492,.T.);
#6473 = FACE_BOUND('',#6474,.F.);
#6474 = EDGE_LOOP('',(#6475,#6483,#6490,#6491));
#6475 = ORIENTED_EDGE('',*,*,#6476,.F.);
#6476 = EDGE_CURVE('',#6477,#6312,#6479,.T.);
#6477 = VERTEX_POINT('',#6478);
#6478 = CARTESIAN_POINT('',(12.,0.3,0.3));
#6479 = LINE('',#6480,#6481);
#6480 = CARTESIAN_POINT('',(12.,0.3,0.));
#6481 = VECTOR('',#6482,1.);
#6482 = DIRECTION('',(0.,0.,1.));
#6483 = ORIENTED_EDGE('',*,*,#6484,.T.);
#6484 = EDGE_CURVE('',#6477,#6436,#6485,.T.);
#6485 = CIRCLE('',#6486,0.3);
#6486 = AXIS2_PLACEMENT_3D('',#6487,#6488,#6489);
#6487 = CARTESIAN_POINT('',(11.7,0.3,0.3));
#6488 = DIRECTION('',(0.,-0.,-1.));
#6489 = DIRECTION('',(1.,0.,-0.));
#6490 = ORIENTED_EDGE('',*,*,#6445,.T.);
#6491 = ORIENTED_EDGE('',*,*,#6319,.F.);
#6492 = CYLINDRICAL_SURFACE('',#6493,0.3);
#6493 = AXIS2_PLACEMENT_3D('',#6494,#6495,#6496);
#6494 = CARTESIAN_POINT('',(11.7,0.3,0.));
#6495 = DIRECTION('',(0.,0.,1.));
#6496 = DIRECTION('',(1.,0.,-0.));
#6497 = ADVANCED_FACE('',(#6498,#6524,#6535,#6546,#6557,#6568,#6579),
  #6590,.T.);
#6498 = FACE_BOUND('',#6499,.T.);
#6499 = EDGE_LOOP('',(#6500,#6501,#6509,#6517,#6523));
#6500 = ORIENTED_EDGE('',*,*,#6476,.F.);
#6501 = ORIENTED_EDGE('',*,*,#6502,.T.);
#6502 = EDGE_CURVE('',#6477,#6503,#6505,.T.);
#6503 = VERTEX_POINT('',#6504);
#6504 = CARTESIAN_POINT('',(12.,12.2,0.3));
#6505 = LINE('',#6506,#6507);
#6506 = CARTESIAN_POINT('',(12.,0.,0.3));
#6507 = VECTOR('',#6508,1.);
#6508 = DIRECTION('',(-0.,1.,0.));
#6509 = ORIENTED_EDGE('',*,*,#6510,.T.);
#6510 = EDGE_CURVE('',#6503,#6511,#6513,.T.);
#6511 = VERTEX_POINT('',#6512);
#6512 = CARTESIAN_POINT('',(12.,12.2,10.3));
#6513 = LINE('',#6514,#6515);
#6514 = CARTESIAN_POINT('',(12.,12.2,0.));
#6515 = VECTOR('',#6516,1.);
#6516 = DIRECTION('',(0.,0.,1.));
#6517 = ORIENTED_EDGE('',*,*,#6518,.F.);
#6518 = EDGE_CURVE('',#6303,#6511,#6519,.T.);
#6519 = LINE('',#6520,#6521);
#6520 = CARTESIAN_POINT('',(12.,0.,10.3));
#6521 = VECTOR('',#6522,1.);
#6522 = DIRECTION('',(-0.,1.,0.));
#6523 = ORIENTED_EDGE('',*,*,#6311,.F.);
#6524 = FACE_BOUND('',#6525,.T.);
#6525 = EDGE_LOOP('',(#6526));
#6526 = ORIENTED_EDGE('',*,*,#6527,.T.);
#6527 = EDGE_CURVE('',#6528,#6528,#6530,.T.);
#6528 = VERTEX_POINT('',#6529);
#6529 = CARTESIAN_POINT('',(12.,10.65,2.68));
#6530 = CIRCLE('',#6531,0.42);
#6531 = AXIS2_PLACEMENT_3D('',#6532,#6533,#6534);
#6532 = CARTESIAN_POINT('',(12.,10.65,3.1));
#6533 = DIRECTION('',(-1.,0.,0.));
#6534 = DIRECTION('',(0.,0.,-1.));
#6535 = FACE_BOUND('',#6536,.T.);
#6536 = EDGE_LOOP('',(#6537));
#6537 = ORIENTED_EDGE('',*,*,#6538,.T.);
#6538 = EDGE_CURVE('',#6539,#6539,#6541,.T.);
#6539 = VERTEX_POINT('',#6540);
#6540 = CARTESIAN_POINT('',(12.,6.25,1.03));
#6541 = CIRCLE('',#6542,0.42);
#6542 = AXIS2_PLACEMENT_3D('',#6543,#6544,#6545);
#6543 = CARTESIAN_POINT('',(12.,6.25,1.45));
#6544 = DIRECTION('',(-1.,0.,0.));
#6545 = DIRECTION('',(0.,0.,-1.));
#6546 = FACE_BOUND('',#6547,.T.);
#6547 = EDGE_LOOP('',(#6548));
#6548 = ORIENTED_EDGE('',*,*,#6549,.T.);
#6549 = EDGE_CURVE('',#6550,#6550,#6552,.T.);
#6550 = VERTEX_POINT('',#6551);
#6551 = CARTESIAN_POINT('',(12.,10.65,7.73));
#6552 = CIRCLE('',#6553,0.42);
#6553 = AXIS2_PLACEMENT_3D('',#6554,#6555,#6556);
#6554 = CARTESIAN_POINT('',(12.,10.65,8.15));
#6555 = DIRECTION('',(-1.,0.,0.));
#6556 = DIRECTION('',(0.,0.,-1.));
#6557 = FACE_BOUND('',#6558,.T.);
#6558 = EDGE_LOOP('',(#6559));
#6559 = ORIENTED_EDGE('',*,*,#6560,.T.);
#6560 = EDGE_CURVE('',#6561,#6561,#6563,.T.);
#6561 = VERTEX_POINT('',#6562);
#6562 = CARTESIAN_POINT('',(12.,1.65,1.03));
#6563 = CIRCLE('',#6564,0.42);
#6564 = AXIS2_PLACEMENT_3D('',#6565,#6566,#6567);
#6565 = CARTESIAN_POINT('',(12.,1.65,1.45));
#6566 = DIRECTION('',(-1.,0.,0.));
#6567 = DIRECTION('',(0.,0.,-1.));
#6568 = FACE_BOUND('',#6569,.T.);
#6569 = EDGE_LOOP('',(#6570));
#6570 = ORIENTED_EDGE('',*,*,#6571,.T.);
#6571 = EDGE_CURVE('',#6572,#6572,#6574,.T.);
#6572 = VERTEX_POINT('',#6573);
#6573 = CARTESIAN_POINT('',(12.,4.65,6.86));
#6574 = CIRCLE('',#6575,0.34);
#6575 = AXIS2_PLACEMENT_3D('',#6576,#6577,#6578);
#6576 = CARTESIAN_POINT('',(12.,4.65,7.2));
#6577 = DIRECTION('',(-1.,0.,0.));
#6578 = DIRECTION('',(0.,0.,-1.));
#6579 = FACE_BOUND('',#6580,.T.);
#6580 = EDGE_LOOP('',(#6581));
#6581 = ORIENTED_EDGE('',*,*,#6582,.T.);
#6582 = EDGE_CURVE('',#6583,#6583,#6585,.T.);
#6583 = VERTEX_POINT('',#6584);
#6584 = CARTESIAN_POINT('',(12.,1.65,7.73));
#6585 = CIRCLE('',#6586,0.42);
#6586 = AXIS2_PLACEMENT_3D('',#6587,#6588,#6589);
#6587 = CARTESIAN_POINT('',(12.,1.65,8.15));
#6588 = DIRECTION('',(-1.,0.,0.));
#6589 = DIRECTION('',(0.,0.,-1.));
#6590 = PLANE('',#6591);
#6591 = AXIS2_PLACEMENT_3D('',#6592,#6593,#6594);
#6592 = CARTESIAN_POINT('',(12.,0.,0.));
#6593 = DIRECTION('',(1.,0.,-0.));
#6594 = DIRECTION('',(0.,0.,1.));
#6595 = ADVANCED_FACE('',(#6596),#6615,.T.);
#6596 = FACE_BOUND('',#6597,.F.);
#6597 = EDGE_LOOP('',(#6598,#6599,#6607,#6614));
#6598 = ORIENTED_EDGE('',*,*,#6302,.F.);
#6599 = ORIENTED_EDGE('',*,*,#6600,.T.);
#6600 = EDGE_CURVE('',#6295,#6601,#6603,.T.);
#6601 = VERTEX_POINT('',#6602);
#6602 = CARTESIAN_POINT('',(11.7,12.2,10.6));
#6603 = LINE('',#6604,#6605);
#6604 = CARTESIAN_POINT('',(11.7,0.,10.6));
#6605 = VECTOR('',#6606,1.);
#6606 = DIRECTION('',(-0.,1.,0.));
#6607 = ORIENTED_EDGE('',*,*,#6608,.F.);
#6608 = EDGE_CURVE('',#6511,#6601,#6609,.T.);
#6609 = CIRCLE('',#6610,0.3);
#6610 = AXIS2_PLACEMENT_3D('',#6611,#6612,#6613);
#6611 = CARTESIAN_POINT('',(11.7,12.2,10.3));
#6612 = DIRECTION('',(0.,-1.,-0.));
#6613 = DIRECTION('',(1.,0.,0.));
#6614 = ORIENTED_EDGE('',*,*,#6518,.F.);
#6615 = CYLINDRICAL_SURFACE('',#6616,0.3);
#6616 = AXIS2_PLACEMENT_3D('',#6617,#6618,#6619);
#6617 = CARTESIAN_POINT('',(11.7,0.,10.3));
#6618 = DIRECTION('',(-0.,1.,0.));
#6619 = DIRECTION('',(1.,0.,-0.));
#6620 = ADVANCED_FACE('',(#6621),#6632,.T.);
#6621 = FACE_BOUND('',#6622,.T.);
#6622 = EDGE_LOOP('',(#6623,#6624,#6625,#6626));
#6623 = ORIENTED_EDGE('',*,*,#6345,.F.);
#6624 = ORIENTED_EDGE('',*,*,#6294,.T.);
#6625 = ORIENTED_EDGE('',*,*,#6600,.T.);
#6626 = ORIENTED_EDGE('',*,*,#6627,.F.);
#6627 = EDGE_CURVE('',#6346,#6601,#6628,.T.);
#6628 = LINE('',#6629,#6630);
#6629 = CARTESIAN_POINT('',(10.5,12.2,10.6));
#6630 = VECTOR('',#6631,1.);
#6631 = DIRECTION('',(1.,0.,-0.));
#6632 = PLANE('',#6633);
#6633 = AXIS2_PLACEMENT_3D('',#6634,#6635,#6636);
#6634 = CARTESIAN_POINT('',(10.5,0.,10.6));
#6635 = DIRECTION('',(0.,0.,1.));
#6636 = DIRECTION('',(1.,0.,-0.));
#6637 = ADVANCED_FACE('',(#6638),#6649,.T.);
#6638 = FACE_BOUND('',#6639,.F.);
#6639 = EDGE_LOOP('',(#6640,#6641,#6648));
#6640 = ORIENTED_EDGE('',*,*,#6387,.F.);
#6641 = ORIENTED_EDGE('',*,*,#6642,.T.);
#6642 = EDGE_CURVE('',#6380,#6346,#6643,.T.);
#6643 = CIRCLE('',#6644,0.3);
#6644 = AXIS2_PLACEMENT_3D('',#6645,#6646,#6647);
#6645 = CARTESIAN_POINT('',(10.8,12.2,10.3));
#6646 = DIRECTION('',(1.,0.,6.123233995737E-17));
#6647 = DIRECTION('',(-6.123233995737E-17,-0.,1.));
#6648 = ORIENTED_EDGE('',*,*,#6353,.F.);
#6649 = SPHERICAL_SURFACE('',#6650,0.3);
#6650 = AXIS2_PLACEMENT_3D('',#6651,#6652,#6653);
#6651 = CARTESIAN_POINT('',(10.8,12.2,10.3));
#6652 = DIRECTION('',(0.,-1.,-0.));
#6653 = DIRECTION('',(-1.,-0.,0.));
#6654 = ADVANCED_FACE('',(#6655),#6666,.T.);
#6655 = FACE_BOUND('',#6656,.F.);
#6656 = EDGE_LOOP('',(#6657,#6658,#6665));
#6657 = ORIENTED_EDGE('',*,*,#6419,.F.);
#6658 = ORIENTED_EDGE('',*,*,#6659,.T.);
#6659 = EDGE_CURVE('',#6412,#6371,#6660,.T.);
#6660 = CIRCLE('',#6661,0.3);
#6661 = AXIS2_PLACEMENT_3D('',#6662,#6663,#6664);
#6662 = CARTESIAN_POINT('',(10.8,12.2,0.3));
#6663 = DIRECTION('',(1.,6.123233995737E-17,-0.));
#6664 = DIRECTION('',(-6.123233995737E-17,1.,0.));
#6665 = ORIENTED_EDGE('',*,*,#6370,.F.);
#6666 = SPHERICAL_SURFACE('',#6667,0.3);
#6667 = AXIS2_PLACEMENT_3D('',#6668,#6669,#6670);
#6668 = CARTESIAN_POINT('',(10.8,12.2,0.3));
#6669 = DIRECTION('',(0.,0.,1.));
#6670 = DIRECTION('',(-1.,0.,0.));
#6671 = ADVANCED_FACE('',(#6672),#6697,.T.);
#6672 = FACE_BOUND('',#6673,.T.);
#6673 = EDGE_LOOP('',(#6674,#6675,#6683,#6691));
#6674 = ORIENTED_EDGE('',*,*,#6379,.T.);
#6675 = ORIENTED_EDGE('',*,*,#6676,.T.);
#6676 = EDGE_CURVE('',#6380,#6677,#6679,.T.);
#6677 = VERTEX_POINT('',#6678);
#6678 = CARTESIAN_POINT('',(11.7,12.5,10.3));
#6679 = LINE('',#6680,#6681);
#6680 = CARTESIAN_POINT('',(10.5,12.5,10.3));
#6681 = VECTOR('',#6682,1.);
#6682 = DIRECTION('',(1.,0.,-0.));
#6683 = ORIENTED_EDGE('',*,*,#6684,.F.);
#6684 = EDGE_CURVE('',#6685,#6677,#6687,.T.);
#6685 = VERTEX_POINT('',#6686);
#6686 = CARTESIAN_POINT('',(11.7,12.5,0.3));
#6687 = LINE('',#6688,#6689);
#6688 = CARTESIAN_POINT('',(11.7,12.5,0.));
#6689 = VECTOR('',#6690,1.);
#6690 = DIRECTION('',(0.,0.,1.));
#6691 = ORIENTED_EDGE('',*,*,#6692,.F.);
#6692 = EDGE_CURVE('',#6371,#6685,#6693,.T.);
#6693 = LINE('',#6694,#6695);
#6694 = CARTESIAN_POINT('',(10.5,12.5,0.3));
#6695 = VECTOR('',#6696,1.);
#6696 = DIRECTION('',(1.,0.,-0.));
#6697 = PLANE('',#6698);
#6698 = AXIS2_PLACEMENT_3D('',#6699,#6700,#6701);
#6699 = CARTESIAN_POINT('',(10.5,12.5,0.));
#6700 = DIRECTION('',(-0.,1.,0.));
#6701 = DIRECTION('',(0.,0.,1.));
#6702 = ADVANCED_FACE('',(#6703),#6728,.F.);
#6703 = FACE_BOUND('',#6704,.F.);
#6704 = EDGE_LOOP('',(#6705,#6706,#6714,#6722));
#6705 = ORIENTED_EDGE('',*,*,#6411,.F.);
#6706 = ORIENTED_EDGE('',*,*,#6707,.T.);
#6707 = EDGE_CURVE('',#6403,#6708,#6710,.T.);
#6708 = VERTEX_POINT('',#6709);
#6709 = CARTESIAN_POINT('',(11.7,0.3,0.));
#6710 = LINE('',#6711,#6712);
#6711 = CARTESIAN_POINT('',(10.5,0.3,-5.551115123126E-17));
#6712 = VECTOR('',#6713,1.);
#6713 = DIRECTION('',(1.,0.,-0.));
#6714 = ORIENTED_EDGE('',*,*,#6715,.T.);
#6715 = EDGE_CURVE('',#6708,#6716,#6718,.T.);
#6716 = VERTEX_POINT('',#6717);
#6717 = CARTESIAN_POINT('',(11.7,12.2,0.));
#6718 = LINE('',#6719,#6720);
#6719 = CARTESIAN_POINT('',(11.7,0.,-5.551115123126E-17));
#6720 = VECTOR('',#6721,1.);
#6721 = DIRECTION('',(-0.,1.,0.));
#6722 = ORIENTED_EDGE('',*,*,#6723,.F.);
#6723 = EDGE_CURVE('',#6412,#6716,#6724,.T.);
#6724 = LINE('',#6725,#6726);
#6725 = CARTESIAN_POINT('',(10.5,12.2,-5.551115123126E-17));
#6726 = VECTOR('',#6727,1.);
#6727 = DIRECTION('',(1.,0.,-0.));
#6728 = PLANE('',#6729);
#6729 = AXIS2_PLACEMENT_3D('',#6730,#6731,#6732);
#6730 = CARTESIAN_POINT('',(10.5,0.,0.));
#6731 = DIRECTION('',(0.,0.,1.));
#6732 = DIRECTION('',(1.,0.,-0.));
#6733 = ADVANCED_FACE('',(#6734),#6746,.T.);
#6734 = FACE_BOUND('',#6735,.T.);
#6735 = EDGE_LOOP('',(#6736,#6737,#6738,#6745));
#6736 = ORIENTED_EDGE('',*,*,#6460,.F.);
#6737 = ORIENTED_EDGE('',*,*,#6707,.T.);
#6738 = ORIENTED_EDGE('',*,*,#6739,.T.);
#6739 = EDGE_CURVE('',#6708,#6436,#6740,.T.);
#6740 = CIRCLE('',#6741,0.3);
#6741 = AXIS2_PLACEMENT_3D('',#6742,#6743,#6744);
#6742 = CARTESIAN_POINT('',(11.7,0.3,0.3));
#6743 = DIRECTION('',(-1.,-6.123233995737E-17,0.));
#6744 = DIRECTION('',(6.123233995737E-17,-1.,-0.));
#6745 = ORIENTED_EDGE('',*,*,#6435,.F.);
#6746 = CYLINDRICAL_SURFACE('',#6747,0.3);
#6747 = AXIS2_PLACEMENT_3D('',#6748,#6749,#6750);
#6748 = CARTESIAN_POINT('',(10.5,0.3,0.3));
#6749 = DIRECTION('',(1.,0.,-0.));
#6750 = DIRECTION('',(0.,-1.,0.));
#6751 = ADVANCED_FACE('',(#6752),#6763,.T.);
#6752 = FACE_BOUND('',#6753,.F.);
#6753 = EDGE_LOOP('',(#6754,#6761,#6762));
#6754 = ORIENTED_EDGE('',*,*,#6755,.F.);
#6755 = EDGE_CURVE('',#6708,#6477,#6756,.T.);
#6756 = CIRCLE('',#6757,0.3);
#6757 = AXIS2_PLACEMENT_3D('',#6758,#6759,#6760);
#6758 = CARTESIAN_POINT('',(11.7,0.3,0.3));
#6759 = DIRECTION('',(0.,-1.,0.));
#6760 = DIRECTION('',(1.,0.,0.));
#6761 = ORIENTED_EDGE('',*,*,#6739,.T.);
#6762 = ORIENTED_EDGE('',*,*,#6484,.F.);
#6763 = SPHERICAL_SURFACE('',#6764,0.3);
#6764 = AXIS2_PLACEMENT_3D('',#6765,#6766,#6767);
#6765 = CARTESIAN_POINT('',(11.7,0.3,0.3));
#6766 = DIRECTION('',(0.,0.,1.));
#6767 = DIRECTION('',(1.,0.,-0.));
#6768 = ADVANCED_FACE('',(#6769),#6781,.T.);
#6769 = FACE_BOUND('',#6770,.T.);
#6770 = EDGE_LOOP('',(#6771,#6772,#6773,#6780));
#6771 = ORIENTED_EDGE('',*,*,#6755,.F.);
#6772 = ORIENTED_EDGE('',*,*,#6715,.T.);
#6773 = ORIENTED_EDGE('',*,*,#6774,.T.);
#6774 = EDGE_CURVE('',#6716,#6503,#6775,.T.);
#6775 = CIRCLE('',#6776,0.3);
#6776 = AXIS2_PLACEMENT_3D('',#6777,#6778,#6779);
#6777 = CARTESIAN_POINT('',(11.7,12.2,0.3));
#6778 = DIRECTION('',(0.,-1.,0.));
#6779 = DIRECTION('',(1.,0.,0.));
#6780 = ORIENTED_EDGE('',*,*,#6502,.F.);
#6781 = CYLINDRICAL_SURFACE('',#6782,0.3);
#6782 = AXIS2_PLACEMENT_3D('',#6783,#6784,#6785);
#6783 = CARTESIAN_POINT('',(11.7,0.,0.3));
#6784 = DIRECTION('',(-0.,1.,0.));
#6785 = DIRECTION('',(1.,0.,-0.));
#6786 = ADVANCED_FACE('',(#6787),#6805,.T.);
#6787 = FACE_BOUND('',#6788,.T.);
#6788 = EDGE_LOOP('',(#6789,#6790,#6797,#6798));
#6789 = ORIENTED_EDGE('',*,*,#6510,.F.);
#6790 = ORIENTED_EDGE('',*,*,#6791,.T.);
#6791 = EDGE_CURVE('',#6503,#6685,#6792,.T.);
#6792 = CIRCLE('',#6793,0.3);
#6793 = AXIS2_PLACEMENT_3D('',#6794,#6795,#6796);
#6794 = CARTESIAN_POINT('',(11.7,12.2,0.3));
#6795 = DIRECTION('',(0.,0.,1.));
#6796 = DIRECTION('',(1.,0.,-0.));
#6797 = ORIENTED_EDGE('',*,*,#6684,.T.);
#6798 = ORIENTED_EDGE('',*,*,#6799,.T.);
#6799 = EDGE_CURVE('',#6677,#6511,#6800,.T.);
#6800 = CIRCLE('',#6801,0.3);
#6801 = AXIS2_PLACEMENT_3D('',#6802,#6803,#6804);
#6802 = CARTESIAN_POINT('',(11.7,12.2,10.3));
#6803 = DIRECTION('',(0.,0.,-1.));
#6804 = DIRECTION('',(1.,0.,0.));
#6805 = CYLINDRICAL_SURFACE('',#6806,0.3);
#6806 = AXIS2_PLACEMENT_3D('',#6807,#6808,#6809);
#6807 = CARTESIAN_POINT('',(11.7,12.2,0.));
#6808 = DIRECTION('',(0.,0.,1.));
#6809 = DIRECTION('',(1.,0.,-0.));
#6810 = ADVANCED_FACE('',(#6811),#6830,.F.);
#6811 = FACE_BOUND('',#6812,.F.);
#6812 = EDGE_LOOP('',(#6813,#6821,#6828,#6829));
#6813 = ORIENTED_EDGE('',*,*,#6814,.T.);
#6814 = EDGE_CURVE('',#6528,#6815,#6817,.T.);
#6815 = VERTEX_POINT('',#6816);
#6816 = CARTESIAN_POINT('',(11.73,10.65,2.68));
#6817 = LINE('',#6818,#6819);
#6818 = CARTESIAN_POINT('',(12.05,10.65,2.68));
#6819 = VECTOR('',#6820,1.);
#6820 = DIRECTION('',(-1.,0.,0.));
#6821 = ORIENTED_EDGE('',*,*,#6822,.F.);
#6822 = EDGE_CURVE('',#6815,#6815,#6823,.T.);
#6823 = CIRCLE('',#6824,0.42);
#6824 = AXIS2_PLACEMENT_3D('',#6825,#6826,#6827);
#6825 = CARTESIAN_POINT('',(11.73,10.65,3.1));
#6826 = DIRECTION('',(-1.,0.,0.));
#6827 = DIRECTION('',(0.,0.,-1.));
#6828 = ORIENTED_EDGE('',*,*,#6814,.F.);
#6829 = ORIENTED_EDGE('',*,*,#6527,.T.);
#6830 = CYLINDRICAL_SURFACE('',#6831,0.42);
#6831 = AXIS2_PLACEMENT_3D('',#6832,#6833,#6834);
#6832 = CARTESIAN_POINT('',(12.05,10.65,3.1));
#6833 = DIRECTION('',(-1.,0.,0.));
#6834 = DIRECTION('',(0.,0.,-1.));
#6835 = ADVANCED_FACE('',(#6836),#6855,.F.);
#6836 = FACE_BOUND('',#6837,.F.);
#6837 = EDGE_LOOP('',(#6838,#6846,#6853,#6854));
#6838 = ORIENTED_EDGE('',*,*,#6839,.T.);
#6839 = EDGE_CURVE('',#6539,#6840,#6842,.T.);
#6840 = VERTEX_POINT('',#6841);
#6841 = CARTESIAN_POINT('',(11.73,6.25,1.03));
#6842 = LINE('',#6843,#6844);
#6843 = CARTESIAN_POINT('',(12.05,6.25,1.03));
#6844 = VECTOR('',#6845,1.);
#6845 = DIRECTION('',(-1.,0.,0.));
#6846 = ORIENTED_EDGE('',*,*,#6847,.F.);
#6847 = EDGE_CURVE('',#6840,#6840,#6848,.T.);
#6848 = CIRCLE('',#6849,0.42);
#6849 = AXIS2_PLACEMENT_3D('',#6850,#6851,#6852);
#6850 = CARTESIAN_POINT('',(11.73,6.25,1.45));
#6851 = DIRECTION('',(-1.,0.,0.));
#6852 = DIRECTION('',(0.,0.,-1.));
#6853 = ORIENTED_EDGE('',*,*,#6839,.F.);
#6854 = ORIENTED_EDGE('',*,*,#6538,.T.);
#6855 = CYLINDRICAL_SURFACE('',#6856,0.42);
#6856 = AXIS2_PLACEMENT_3D('',#6857,#6858,#6859);
#6857 = CARTESIAN_POINT('',(12.05,6.25,1.45));
#6858 = DIRECTION('',(-1.,0.,0.));
#6859 = DIRECTION('',(0.,0.,-1.));
#6860 = ADVANCED_FACE('',(#6861),#6880,.F.);
#6861 = FACE_BOUND('',#6862,.F.);
#6862 = EDGE_LOOP('',(#6863,#6871,#6878,#6879));
#6863 = ORIENTED_EDGE('',*,*,#6864,.T.);
#6864 = EDGE_CURVE('',#6550,#6865,#6867,.T.);
#6865 = VERTEX_POINT('',#6866);
#6866 = CARTESIAN_POINT('',(11.73,10.65,7.73));
#6867 = LINE('',#6868,#6869);
#6868 = CARTESIAN_POINT('',(12.05,10.65,7.73));
#6869 = VECTOR('',#6870,1.);
#6870 = DIRECTION('',(-1.,0.,0.));
#6871 = ORIENTED_EDGE('',*,*,#6872,.F.);
#6872 = EDGE_CURVE('',#6865,#6865,#6873,.T.);
#6873 = CIRCLE('',#6874,0.42);
#6874 = AXIS2_PLACEMENT_3D('',#6875,#6876,#6877);
#6875 = CARTESIAN_POINT('',(11.73,10.65,8.15));
#6876 = DIRECTION('',(-1.,0.,0.));
#6877 = DIRECTION('',(0.,0.,-1.));
#6878 = ORIENTED_EDGE('',*,*,#6864,.F.);
#6879 = ORIENTED_EDGE('',*,*,#6549,.T.);
#6880 = CYLINDRICAL_SURFACE('',#6881,0.42);
#6881 = AXIS2_PLACEMENT_3D('',#6882,#6883,#6884);
#6882 = CARTESIAN_POINT('',(12.05,10.65,8.15));
#6883 = DIRECTION('',(-1.,0.,0.));
#6884 = DIRECTION('',(0.,0.,-1.));
#6885 = ADVANCED_FACE('',(#6886),#6905,.F.);
#6886 = FACE_BOUND('',#6887,.F.);
#6887 = EDGE_LOOP('',(#6888,#6896,#6903,#6904));
#6888 = ORIENTED_EDGE('',*,*,#6889,.T.);
#6889 = EDGE_CURVE('',#6561,#6890,#6892,.T.);
#6890 = VERTEX_POINT('',#6891);
#6891 = CARTESIAN_POINT('',(11.73,1.65,1.03));
#6892 = LINE('',#6893,#6894);
#6893 = CARTESIAN_POINT('',(12.05,1.65,1.03));
#6894 = VECTOR('',#6895,1.);
#6895 = DIRECTION('',(-1.,0.,0.));
#6896 = ORIENTED_EDGE('',*,*,#6897,.F.);
#6897 = EDGE_CURVE('',#6890,#6890,#6898,.T.);
#6898 = CIRCLE('',#6899,0.42);
#6899 = AXIS2_PLACEMENT_3D('',#6900,#6901,#6902);
#6900 = CARTESIAN_POINT('',(11.73,1.65,1.45));
#6901 = DIRECTION('',(-1.,0.,0.));
#6902 = DIRECTION('',(0.,0.,-1.));
#6903 = ORIENTED_EDGE('',*,*,#6889,.F.);
#6904 = ORIENTED_EDGE('',*,*,#6560,.T.);
#6905 = CYLINDRICAL_SURFACE('',#6906,0.42);
#6906 = AXIS2_PLACEMENT_3D('',#6907,#6908,#6909);
#6907 = CARTESIAN_POINT('',(12.05,1.65,1.45));
#6908 = DIRECTION('',(-1.,0.,0.));
#6909 = DIRECTION('',(0.,0.,-1.));
#6910 = ADVANCED_FACE('',(#6911),#6930,.F.);
#6911 = FACE_BOUND('',#6912,.F.);
#6912 = EDGE_LOOP('',(#6913,#6921,#6928,#6929));
#6913 = ORIENTED_EDGE('',*,*,#6914,.T.);
#6914 = EDGE_CURVE('',#6572,#6915,#6917,.T.);
#6915 = VERTEX_POINT('',#6916);
#6916 = CARTESIAN_POINT('',(11.73,4.65,6.86));
#6917 = LINE('',#6918,#6919);
#6918 = CARTESIAN_POINT('',(12.05,4.65,6.86));
#6919 = VECTOR('',#6920,1.);
#6920 = DIRECTION('',(-1.,0.,0.));
#6921 = ORIENTED_EDGE('',*,*,#6922,.F.);
#6922 = EDGE_CURVE('',#6915,#6915,#6923,.T.);
#6923 = CIRCLE('',#6924,0.34);
#6924 = AXIS2_PLACEMENT_3D('',#6925,#6926,#6927);
#6925 = CARTESIAN_POINT('',(11.73,4.65,7.2));
#6926 = DIRECTION('',(-1.,0.,0.));
#6927 = DIRECTION('',(0.,0.,-1.));
#6928 = ORIENTED_EDGE('',*,*,#6914,.F.);
#6929 = ORIENTED_EDGE('',*,*,#6571,.T.);
#6930 = CYLINDRICAL_SURFACE('',#6931,0.34);
#6931 = AXIS2_PLACEMENT_3D('',#6932,#6933,#6934);
#6932 = CARTESIAN_POINT('',(12.05,4.65,7.2));
#6933 = DIRECTION('',(-1.,0.,0.));
#6934 = DIRECTION('',(0.,0.,-1.));
#6935 = ADVANCED_FACE('',(#6936),#6955,.F.);
#6936 = FACE_BOUND('',#6937,.F.);
#6937 = EDGE_LOOP('',(#6938,#6946,#6953,#6954));
#6938 = ORIENTED_EDGE('',*,*,#6939,.T.);
#6939 = EDGE_CURVE('',#6583,#6940,#6942,.T.);
#6940 = VERTEX_POINT('',#6941);
#6941 = CARTESIAN_POINT('',(11.73,1.65,7.73));
#6942 = LINE('',#6943,#6944);
#6943 = CARTESIAN_POINT('',(12.05,1.65,7.73));
#6944 = VECTOR('',#6945,1.);
#6945 = DIRECTION('',(-1.,0.,0.));
#6946 = ORIENTED_EDGE('',*,*,#6947,.F.);
#6947 = EDGE_CURVE('',#6940,#6940,#6948,.T.);
#6948 = CIRCLE('',#6949,0.42);
#6949 = AXIS2_PLACEMENT_3D('',#6950,#6951,#6952);
#6950 = CARTESIAN_POINT('',(11.73,1.65,8.15));
#6951 = DIRECTION('',(-1.,0.,0.));
#6952 = DIRECTION('',(0.,0.,-1.));
#6953 = ORIENTED_EDGE('',*,*,#6939,.F.);
#6954 = ORIENTED_EDGE('',*,*,#6582,.T.);
#6955 = CYLINDRICAL_SURFACE('',#6956,0.42);
#6956 = AXIS2_PLACEMENT_3D('',#6957,#6958,#6959);
#6957 = CARTESIAN_POINT('',(12.05,1.65,8.15));
#6958 = DIRECTION('',(-1.,0.,0.));
#6959 = DIRECTION('',(0.,0.,-1.));
#6960 = ADVANCED_FACE('',(#6961),#6972,.T.);
#6961 = FACE_BOUND('',#6962,.T.);
#6962 = EDGE_LOOP('',(#6963,#6964,#6971));
#6963 = ORIENTED_EDGE('',*,*,#6799,.F.);
#6964 = ORIENTED_EDGE('',*,*,#6965,.T.);
#6965 = EDGE_CURVE('',#6677,#6601,#6966,.T.);
#6966 = CIRCLE('',#6967,0.3);
#6967 = AXIS2_PLACEMENT_3D('',#6968,#6969,#6970);
#6968 = CARTESIAN_POINT('',(11.7,12.2,10.3));
#6969 = DIRECTION('',(1.,0.,-6.123233995737E-17));
#6970 = DIRECTION('',(6.123233995737E-17,0.,1.));
#6971 = ORIENTED_EDGE('',*,*,#6608,.F.);
#6972 = SPHERICAL_SURFACE('',#6973,0.3);
#6973 = AXIS2_PLACEMENT_3D('',#6974,#6975,#6976);
#6974 = CARTESIAN_POINT('',(11.7,12.2,10.3));
#6975 = DIRECTION('',(0.,-1.,-0.));
#6976 = DIRECTION('',(1.,0.,0.));
#6977 = ADVANCED_FACE('',(#6978),#6984,.T.);
#6978 = FACE_BOUND('',#6979,.T.);
#6979 = EDGE_LOOP('',(#6980,#6981,#6982,#6983));
#6980 = ORIENTED_EDGE('',*,*,#6642,.T.);
#6981 = ORIENTED_EDGE('',*,*,#6627,.T.);
#6982 = ORIENTED_EDGE('',*,*,#6965,.F.);
#6983 = ORIENTED_EDGE('',*,*,#6676,.F.);
#6984 = CYLINDRICAL_SURFACE('',#6985,0.3);
#6985 = AXIS2_PLACEMENT_3D('',#6986,#6987,#6988);
#6986 = CARTESIAN_POINT('',(10.5,12.2,10.3));
#6987 = DIRECTION('',(1.,0.,-0.));
#6988 = DIRECTION('',(0.,1.,0.));
#6989 = ADVANCED_FACE('',(#6990),#7002,.T.);
#6990 = FACE_BOUND('',#6991,.F.);
#6991 = EDGE_LOOP('',(#6992,#6993,#6994,#7001));
#6992 = ORIENTED_EDGE('',*,*,#6659,.F.);
#6993 = ORIENTED_EDGE('',*,*,#6723,.T.);
#6994 = ORIENTED_EDGE('',*,*,#6995,.T.);
#6995 = EDGE_CURVE('',#6716,#6685,#6996,.T.);
#6996 = CIRCLE('',#6997,0.3);
#6997 = AXIS2_PLACEMENT_3D('',#6998,#6999,#7000);
#6998 = CARTESIAN_POINT('',(11.7,12.2,0.3));
#6999 = DIRECTION('',(1.,-6.123233995737E-17,0.));
#7000 = DIRECTION('',(6.123233995737E-17,1.,0.));
#7001 = ORIENTED_EDGE('',*,*,#6692,.F.);
#7002 = CYLINDRICAL_SURFACE('',#7003,0.3);
#7003 = AXIS2_PLACEMENT_3D('',#7004,#7005,#7006);
#7004 = CARTESIAN_POINT('',(10.5,12.2,0.3));
#7005 = DIRECTION('',(1.,0.,-0.));
#7006 = DIRECTION('',(0.,1.,0.));
#7007 = ADVANCED_FACE('',(#7008),#7013,.T.);
#7008 = FACE_BOUND('',#7009,.T.);
#7009 = EDGE_LOOP('',(#7010,#7011,#7012));
#7010 = ORIENTED_EDGE('',*,*,#6774,.F.);
#7011 = ORIENTED_EDGE('',*,*,#6995,.T.);
#7012 = ORIENTED_EDGE('',*,*,#6791,.F.);
#7013 = SPHERICAL_SURFACE('',#7014,0.3);
#7014 = AXIS2_PLACEMENT_3D('',#7015,#7016,#7017);
#7015 = CARTESIAN_POINT('',(11.7,12.2,0.3));
#7016 = DIRECTION('',(0.,0.,1.));
#7017 = DIRECTION('',(1.,0.,-0.));
#7018 = ADVANCED_FACE('',(#7019),#7022,.F.);
#7019 = FACE_BOUND('',#7020,.F.);
#7020 = EDGE_LOOP('',(#7021));
#7021 = ORIENTED_EDGE('',*,*,#6822,.T.);
#7022 = PLANE('',#7023);
#7023 = AXIS2_PLACEMENT_3D('',#7024,#7025,#7026);
#7024 = CARTESIAN_POINT('',(11.73,10.65,3.1));
#7025 = DIRECTION('',(-1.,0.,0.));
#7026 = DIRECTION('',(0.,0.,-1.));
#7027 = ADVANCED_FACE('',(#7028),#7031,.F.);
#7028 = FACE_BOUND('',#7029,.F.);
#7029 = EDGE_LOOP('',(#7030));
#7030 = ORIENTED_EDGE('',*,*,#6847,.T.);
#7031 = PLANE('',#7032);
#7032 = AXIS2_PLACEMENT_3D('',#7033,#7034,#7035);
#7033 = CARTESIAN_POINT('',(11.73,6.25,1.45));
#7034 = DIRECTION('',(-1.,0.,0.));
#7035 = DIRECTION('',(0.,0.,-1.));
#7036 = ADVANCED_FACE('',(#7037),#7040,.F.);
#7037 = FACE_BOUND('',#7038,.F.);
#7038 = EDGE_LOOP('',(#7039));
#7039 = ORIENTED_EDGE('',*,*,#6872,.T.);
#7040 = PLANE('',#7041);
#7041 = AXIS2_PLACEMENT_3D('',#7042,#7043,#7044);
#7042 = CARTESIAN_POINT('',(11.73,10.65,8.15));
#7043 = DIRECTION('',(-1.,0.,0.));
#7044 = DIRECTION('',(0.,0.,-1.));
#7045 = ADVANCED_FACE('',(#7046),#7049,.F.);
#7046 = FACE_BOUND('',#7047,.F.);
#7047 = EDGE_LOOP('',(#7048));
#7048 = ORIENTED_EDGE('',*,*,#6897,.T.);
#7049 = PLANE('',#7050);
#7050 = AXIS2_PLACEMENT_3D('',#7051,#7052,#7053);
#7051 = CARTESIAN_POINT('',(11.73,1.65,1.45));
#7052 = DIRECTION('',(-1.,0.,0.));
#7053 = DIRECTION('',(0.,0.,-1.));
#7054 = ADVANCED_FACE('',(#7055),#7058,.F.);
#7055 = FACE_BOUND('',#7056,.F.);
#7056 = EDGE_LOOP('',(#7057));
#7057 = ORIENTED_EDGE('',*,*,#6922,.T.);
#7058 = PLANE('',#7059);
#7059 = AXIS2_PLACEMENT_3D('',#7060,#7061,#7062);
#7060 = CARTESIAN_POINT('',(11.73,4.65,7.2));
#7061 = DIRECTION('',(-1.,0.,0.));
#7062 = DIRECTION('',(0.,0.,-1.));
#7063 = ADVANCED_FACE('',(#7064),#7067,.F.);
#7064 = FACE_BOUND('',#7065,.F.);
#7065 = EDGE_LOOP('',(#7066));
#7066 = ORIENTED_EDGE('',*,*,#6947,.T.);
#7067 = PLANE('',#7068);
#7068 = AXIS2_PLACEMENT_3D('',#7069,#7070,#7071);
#7069 = CARTESIAN_POINT('',(11.73,1.65,8.15));
#7070 = DIRECTION('',(-1.,0.,0.));
#7071 = DIRECTION('',(0.,0.,-1.));
#7072 = ( GEOMETRIC_REPRESENTATION_CONTEXT(3)
GLOBAL_UNCERTAINTY_ASSIGNED_CONTEXT((#7076))
GLOBAL_UNIT_ASSIGNED_CONTEXT((#7073,#7074,#7075)) REPRESENTATION_CONTEXT
('Context #1','3D Context with UNIT and UNCERTAINTY') );
#7073 = ( LENGTH_UNIT() NAMED_UNIT(*) SI_UNIT(.MILLI.,.METRE.) );
#7074 = ( NAMED_UNIT(*) PLANE_ANGLE_UNIT() SI_UNIT($,.RADIAN.) );
#7075 = ( NAMED_UNIT(*) SI_UNIT($,.STERADIAN.) SOLID_ANGLE_UNIT() );
#7076 = UNCERTAINTY_MEASURE_WITH_UNIT(LENGTH_MEASURE(1.E-07),#7073,
  'distance_accuracy_value','confusion accuracy');
#7077 = CONTEXT_DEPENDENT_SHAPE_REPRESENTATION(#7078,#7080);
#7078 = ( REPRESENTATION_RELATIONSHIP('','',#6197,#10)
REPRESENTATION_RELATIONSHIP_WITH_TRANSFORMATION(#7079)
SHAPE_REPRESENTATION_RELATIONSHIP() );
#7079 = ITEM_DEFINED_TRANSFORMATION('','',#11,#63);
#7080 = PRODUCT_DEFINITION_SHAPE('Placement','Placement of an item',
  #7081);
#7081 = NEXT_ASSEMBLY_USAGE_OCCURRENCE('13','1.5 mm Side Cover','',#5,
  #6192,$);
#7082 = PRODUCT_RELATED_PRODUCT_CATEGORY('part',$,(#6194));
#7083 = MECHANICAL_DESIGN_GEOMETRIC_PRESENTATION_REPRESENTATION('',(
    #7084),#7072);
#7084 = STYLED_ITEM('color',(#7085),#6198);
#7085 = PRESENTATION_STYLE_ASSIGNMENT((#7086,#7092));
#7086 = SURFACE_STYLE_USAGE(.BOTH.,#7087);
#7087 = SURFACE_SIDE_STYLE('',(#7088));
#7088 = SURFACE_STYLE_FILL_AREA(#7089);
#7089 = FILL_AREA_STYLE('',(#7090));
#7090 = FILL_AREA_STYLE_COLOUR('',#7091);
#7091 = COLOUR_RGB('',0.125490201081,0.125490201081,0.125490201081);
#7092 = CURVE_STYLE('',#7093,POSITIVE_LENGTH_MEASURE(0.1),#7094);
#7093 = DRAUGHTING_PRE_DEFINED_CURVE_FONT('continuous');
#7094 = COLOUR_RGB('',6.90196081359E-02,6.90196081359E-02,
  6.90196081359E-02);
#7095 = MECHANICAL_DESIGN_GEOMETRIC_PRESENTATION_REPRESENTATION('',(
    #7096),#3960);
#7096 = STYLED_ITEM('color',(#7097),#3810);
#7097 = PRESENTATION_STYLE_ASSIGNMENT((#7098,#7104));
#7098 = SURFACE_STYLE_USAGE(.BOTH.,#7099);
#7099 = SURFACE_SIDE_STYLE('',(#7100));
#7100 = SURFACE_STYLE_FILL_AREA(#7101);
#7101 = FILL_AREA_STYLE('',(#7102));
#7102 = FILL_AREA_STYLE_COLOUR('',#7103);
#7103 = COLOUR_RGB('',0.752941202324,0.752941202324,0.752941202324);
#7104 = CURVE_STYLE('',#7105,POSITIVE_LENGTH_MEASURE(0.1),#7106);
#7105 = DRAUGHTING_PRE_DEFINED_CURVE_FONT('continuous');
#7106 = COLOUR_RGB('',0.414117625119,0.414117625119,0.414117625119);
#7107 = MECHANICAL_DESIGN_GEOMETRIC_PRESENTATION_REPRESENTATION('',(
    #7108),#5604);
#7108 = STYLED_ITEM('color',(#7109),#3979);
#7109 = PRESENTATION_STYLE_ASSIGNMENT((#7110,#7115));
#7110 = SURFACE_STYLE_USAGE(.BOTH.,#7111);
#7111 = SURFACE_SIDE_STYLE('',(#7112));
#7112 = SURFACE_STYLE_FILL_AREA(#7113);
#7113 = FILL_AREA_STYLE('',(#7114));
#7114 = FILL_AREA_STYLE_COLOUR('',#7091);
#7115 = CURVE_STYLE('',#7116,POSITIVE_LENGTH_MEASURE(0.1),#7094);
#7116 = DRAUGHTING_PRE_DEFINED_CURVE_FONT('continuous');
#7117 = MECHANICAL_DESIGN_GEOMETRIC_PRESENTATION_REPRESENTATION('',(
    #7118),#1673);
#7118 = STYLED_ITEM('color',(#7119),#1455);
#7119 = PRESENTATION_STYLE_ASSIGNMENT((#7120,#7125));
#7120 = SURFACE_STYLE_USAGE(.BOTH.,#7121);
#7121 = SURFACE_SIDE_STYLE('',(#7122));
#7122 = SURFACE_STYLE_FILL_AREA(#7123);
#7123 = FILL_AREA_STYLE('',(#7124));
#7124 = FILL_AREA_STYLE_COLOUR('',#7091);
#7125 = CURVE_STYLE('',#7126,POSITIVE_LENGTH_MEASURE(0.1),#7094);
#7126 = DRAUGHTING_PRE_DEFINED_CURVE_FONT('continuous');
#7127 = MECHANICAL_DESIGN_GEOMETRIC_PRESENTATION_REPRESENTATION('',(
    #7128),#6010);
#7128 = STYLED_ITEM('color',(#7129),#5860);
#7129 = PRESENTATION_STYLE_ASSIGNMENT((#7130,#7135));
#7130 = SURFACE_STYLE_USAGE(.BOTH.,#7131);
#7131 = SURFACE_SIDE_STYLE('',(#7132));
#7132 = SURFACE_STYLE_FILL_AREA(#7133);
#7133 = FILL_AREA_STYLE('',(#7134));
#7134 = FILL_AREA_STYLE_COLOUR('',#7103);
#7135 = CURVE_STYLE('',#7136,POSITIVE_LENGTH_MEASURE(0.1),#7106);
#7136 = DRAUGHTING_PRE_DEFINED_CURVE_FONT('continuous');
#7137 = MECHANICAL_DESIGN_GEOMETRIC_PRESENTATION_REPRESENTATION('',(
    #7138),#3791);
#7138 = STYLED_ITEM('color',(#7139),#3641);
#7139 = PRESENTATION_STYLE_ASSIGNMENT((#7140,#7145));
#7140 = SURFACE_STYLE_USAGE(.BOTH.,#7141);
#7141 = SURFACE_SIDE_STYLE('',(#7142));
#7142 = SURFACE_STYLE_FILL_AREA(#7143);
#7143 = FILL_AREA_STYLE('',(#7144));
#7144 = FILL_AREA_STYLE_COLOUR('',#7103);
#7145 = CURVE_STYLE('',#7146,POSITIVE_LENGTH_MEASURE(0.1),#7106);
#7146 = DRAUGHTING_PRE_DEFINED_CURVE_FONT('continuous');
#7147 = MECHANICAL_DESIGN_GEOMETRIC_PRESENTATION_REPRESENTATION('',(
    #7148),#3622);
#7148 = STYLED_ITEM('color',(#7149),#3404);
#7149 = PRESENTATION_STYLE_ASSIGNMENT((#7150,#7156));
#7150 = SURFACE_STYLE_USAGE(.BOTH.,#7151);
#7151 = SURFACE_SIDE_STYLE('',(#7152));
#7152 = SURFACE_STYLE_FILL_AREA(#7153);
#7153 = FILL_AREA_STYLE('',(#7154));
#7154 = FILL_AREA_STYLE_COLOUR('',#7155);
#7155 = COLOUR_RGB('',8.235294228292E-02,0.396078428884,0.752941202324);
#7156 = CURVE_STYLE('',#7157,POSITIVE_LENGTH_MEASURE(0.1),#7158);
#7157 = DRAUGHTING_PRE_DEFINED_CURVE_FONT('continuous');
#7158 = COLOUR_RGB('',4.529411587674E-02,0.217843133791,0.414117625119);
#7159 = MECHANICAL_DESIGN_GEOMETRIC_PRESENTATION_REPRESENTATION('',(
    #7160),#3385);
#7160 = STYLED_ITEM('color',(#7161),#2030);
#7161 = PRESENTATION_STYLE_ASSIGNMENT((#7162,#7167));
#7162 = SURFACE_STYLE_USAGE(.BOTH.,#7163);
#7163 = SURFACE_SIDE_STYLE('',(#7164));
#7164 = SURFACE_STYLE_FILL_AREA(#7165);
#7165 = FILL_AREA_STYLE('',(#7166));
#7166 = FILL_AREA_STYLE_COLOUR('',#7091);
#7167 = CURVE_STYLE('',#7168,POSITIVE_LENGTH_MEASURE(0.1),#7094);
#7168 = DRAUGHTING_PRE_DEFINED_CURVE_FONT('continuous');
#7169 = MECHANICAL_DESIGN_GEOMETRIC_PRESENTATION_REPRESENTATION('',(
    #7170),#1436);
#7170 = STYLED_ITEM('color',(#7171),#81);
#7171 = PRESENTATION_STYLE_ASSIGNMENT((#7172,#7177));
#7172 = SURFACE_STYLE_USAGE(.BOTH.,#7173);
#7173 = SURFACE_SIDE_STYLE('',(#7174));
#7174 = SURFACE_STYLE_FILL_AREA(#7175);
#7175 = FILL_AREA_STYLE('',(#7176));
#7176 = FILL_AREA_STYLE_COLOUR('',#7091);
#7177 = CURVE_STYLE('',#7178,POSITIVE_LENGTH_MEASURE(0.1),#7094);
#7178 = DRAUGHTING_PRE_DEFINED_CURVE_FONT('continuous');
#7179 = MECHANICAL_DESIGN_GEOMETRIC_PRESENTATION_REPRESENTATION('',(
    #7180),#2011);
#7180 = STYLED_ITEM('color',(#7181),#1861);
#7181 = PRESENTATION_STYLE_ASSIGNMENT((#7182,#7187));
#7182 = SURFACE_STYLE_USAGE(.BOTH.,#7183);
#7183 = SURFACE_SIDE_STYLE('',(#7184));
#7184 = SURFACE_STYLE_FILL_AREA(#7185);
#7185 = FILL_AREA_STYLE('',(#7186));
#7186 = FILL_AREA_STYLE_COLOUR('',#7103);
#7187 = CURVE_STYLE('',#7188,POSITIVE_LENGTH_MEASURE(0.1),#7106);
#7188 = DRAUGHTING_PRE_DEFINED_CURVE_FONT('continuous');
#7189 = MECHANICAL_DESIGN_GEOMETRIC_PRESENTATION_REPRESENTATION('',(
    #7190),#6179);
#7190 = STYLED_ITEM('color',(#7191),#6029);
#7191 = PRESENTATION_STYLE_ASSIGNMENT((#7192,#7197));
#7192 = SURFACE_STYLE_USAGE(.BOTH.,#7193);
#7193 = SURFACE_SIDE_STYLE('',(#7194));
#7194 = SURFACE_STYLE_FILL_AREA(#7195);
#7195 = FILL_AREA_STYLE('',(#7196));
#7196 = FILL_AREA_STYLE_COLOUR('',#7103);
#7197 = CURVE_STYLE('',#7198,POSITIVE_LENGTH_MEASURE(0.1),#7106);
#7198 = DRAUGHTING_PRE_DEFINED_CURVE_FONT('continuous');
#7199 = MECHANICAL_DESIGN_GEOMETRIC_PRESENTATION_REPRESENTATION('',(
    #7200),#5841);
#7200 = STYLED_ITEM('color',(#7201),#5623);
#7201 = PRESENTATION_STYLE_ASSIGNMENT((#7202,#7208));
#7202 = SURFACE_STYLE_USAGE(.BOTH.,#7203);
#7203 = SURFACE_SIDE_STYLE('',(#7204));
#7204 = SURFACE_STYLE_FILL_AREA(#7205);
#7205 = FILL_AREA_STYLE('',(#7206));
#7206 = FILL_AREA_STYLE_COLOUR('',#7207);
#7207 = COLOUR_RGB('',0.180392163476,0.5450980686,0.341176475329);
#7208 = CURVE_STYLE('',#7209,POSITIVE_LENGTH_MEASURE(0.1),#7210);
#7209 = DRAUGHTING_PRE_DEFINED_CURVE_FONT('continuous');
#7210 = COLOUR_RGB('',9.921568927682E-02,0.299803911223,0.18764706075);
#7211 = MECHANICAL_DESIGN_GEOMETRIC_PRESENTATION_REPRESENTATION('',(
    #7212),#1842);
#7212 = STYLED_ITEM('color',(#7213),#1692);
#7213 = PRESENTATION_STYLE_ASSIGNMENT((#7214,#7219));
#7214 = SURFACE_STYLE_USAGE(.BOTH.,#7215);
#7215 = SURFACE_SIDE_STYLE('',(#7216));
#7216 = SURFACE_STYLE_FILL_AREA(#7217);
#7217 = FILL_AREA_STYLE('',(#7218));
#7218 = FILL_AREA_STYLE_COLOUR('',#7103);
#7219 = CURVE_STYLE('',#7220,POSITIVE_LENGTH_MEASURE(0.1),#7106);
#7220 = DRAUGHTING_PRE_DEFINED_CURVE_FONT('continuous');
ENDSEC;
END-ISO-10303-21;
