ISO-10303-21;
HEADER;
FILE_DESCRIPTION(('FreeCAD Model'),'2;1');
FILE_NAME('Open CASCADE Shape Model','2026-07-12T17:36:54',(''),(''),
  'Open CASCADE STEP processor 7.8','FreeCAD','Unknown');
FILE_SCHEMA(('AUTOMOTIVE_DESIGN { 1 0 10303 214 1 1 1 1 }'));
ENDSEC;
DATA;
#1 = APPLICATION_PROTOCOL_DEFINITION('international standard',
  'automotive_design',2000,#2);
#2 = APPLICATION_CONTEXT(
  'core data for automotive mechanical design processes');
#3 = SHAPE_DEFINITION_REPRESENTATION(#4,#10);
#4 = PRODUCT_DEFINITION_SHAPE('','',#5);
#5 = PRODUCT_DEFINITION('design','',#6,#9);
#6 = PRODUCT_DEFINITION_FORMATION('','',#7);
#7 = PRODUCT('DA803_500_2P_black_red','DA803_500_2P_black_red','',(#8));
#8 = PRODUCT_CONTEXT('',#2,'mechanical');
#9 = PRODUCT_DEFINITION_CONTEXT('part definition',#2,'design');
#10 = SHAPE_REPRESENTATION('',(#11,#15,#19,#23,#27,#31,#35,#39,#43,#47),
  #51);
#11 = AXIS2_PLACEMENT_3D('',#12,#13,#14);
#12 = CARTESIAN_POINT('',(0.,0.,0.));
#13 = DIRECTION('',(0.,0.,1.));
#14 = DIRECTION('',(1.,0.,-0.));
#15 = AXIS2_PLACEMENT_3D('',#16,#17,#18);
#16 = CARTESIAN_POINT('',(0.,0.,0.));
#17 = DIRECTION('',(0.,0.,1.));
#18 = DIRECTION('',(1.,0.,0.));
#19 = AXIS2_PLACEMENT_3D('',#20,#21,#22);
#20 = CARTESIAN_POINT('',(0.,0.,0.));
#21 = DIRECTION('',(0.,0.,1.));
#22 = DIRECTION('',(1.,0.,0.));
#23 = AXIS2_PLACEMENT_3D('',#24,#25,#26);
#24 = CARTESIAN_POINT('',(0.,0.,0.));
#25 = DIRECTION('',(0.,0.,1.));
#26 = DIRECTION('',(1.,0.,0.));
#27 = AXIS2_PLACEMENT_3D('',#28,#29,#30);
#28 = CARTESIAN_POINT('',(0.,0.,0.));
#29 = DIRECTION('',(0.,0.,1.));
#30 = DIRECTION('',(1.,0.,0.));
#31 = AXIS2_PLACEMENT_3D('',#32,#33,#34);
#32 = CARTESIAN_POINT('',(0.,0.,0.));
#33 = DIRECTION('',(0.,0.,1.));
#34 = DIRECTION('',(1.,0.,0.));
#35 = AXIS2_PLACEMENT_3D('',#36,#37,#38);
#36 = CARTESIAN_POINT('',(0.,0.,0.));
#37 = DIRECTION('',(0.,0.,1.));
#38 = DIRECTION('',(1.,0.,0.));
#39 = AXIS2_PLACEMENT_3D('',#40,#41,#42);
#40 = CARTESIAN_POINT('',(0.,0.,0.));
#41 = DIRECTION('',(0.,0.,1.));
#42 = DIRECTION('',(1.,0.,0.));
#43 = AXIS2_PLACEMENT_3D('',#44,#45,#46);
#44 = CARTESIAN_POINT('',(0.,0.,0.));
#45 = DIRECTION('',(0.,0.,1.));
#46 = DIRECTION('',(1.,0.,0.));
#47 = AXIS2_PLACEMENT_3D('',#48,#49,#50);
#48 = CARTESIAN_POINT('',(0.,0.,0.));
#49 = DIRECTION('',(0.,0.,1.));
#50 = DIRECTION('',(1.,0.,0.));
#51 = ( GEOMETRIC_REPRESENTATION_CONTEXT(3)
GLOBAL_UNCERTAINTY_ASSIGNED_CONTEXT((#55)) GLOBAL_UNIT_ASSIGNED_CONTEXT(
(#52,#53,#54)) REPRESENTATION_CONTEXT('Context #1',
  '3D Context with UNIT and UNCERTAINTY') );
#52 = ( LENGTH_UNIT() NAMED_UNIT(*) SI_UNIT(.MILLI.,.METRE.) );
#53 = ( NAMED_UNIT(*) PLANE_ANGLE_UNIT() SI_UNIT($,.RADIAN.) );
#54 = ( NAMED_UNIT(*) SI_UNIT($,.STERADIAN.) SOLID_ANGLE_UNIT() );
#55 = UNCERTAINTY_MEASURE_WITH_UNIT(LENGTH_MEASURE(1.E-07),#52,
  'distance_accuracy_value','confusion accuracy');
#56 = PRODUCT_RELATED_PRODUCT_CATEGORY('part',$,(#7));
#57 = SHAPE_DEFINITION_REPRESENTATION(#58,#64);
#58 = PRODUCT_DEFINITION_SHAPE('','',#59);
#59 = PRODUCT_DEFINITION('design','',#60,#63);
#60 = PRODUCT_DEFINITION_FORMATION('','',#61);
#61 = PRODUCT('Housing P1','Housing P1','',(#62));
#62 = PRODUCT_CONTEXT('',#2,'mechanical');
#63 = PRODUCT_DEFINITION_CONTEXT('part definition',#2,'design');
#64 = ADVANCED_BREP_SHAPE_REPRESENTATION('',(#11,#65),#1420);
#65 = MANIFOLD_SOLID_BREP('',#66);
#66 = CLOSED_SHELL('',(#67,#115,#148,#239,#264,#297,#330,#431,#448,#473,
    #505,#530,#570,#602,#626,#651,#668,#685,#716,#747,#765,#796,#821,
    #852,#876,#907,#924,#948,#966,#983,#995,#1012,#1024,#1042,#1053,
    #1102,#1133,#1164,#1197,#1228,#1268,#1299,#1315,#1361,#1392,#1406));
#67 = ADVANCED_FACE('',(#68),#110,.F.);
#68 = FACE_BOUND('',#69,.F.);
#69 = EDGE_LOOP('',(#70,#80,#88,#96,#104));
#70 = ORIENTED_EDGE('',*,*,#71,.F.);
#71 = EDGE_CURVE('',#72,#74,#76,.T.);
#72 = VERTEX_POINT('',#73);
#73 = CARTESIAN_POINT('',(5.,0.3,0.3));
#74 = VERTEX_POINT('',#75);
#75 = CARTESIAN_POINT('',(5.,0.3,9.086363636364));
#76 = LINE('',#77,#78);
#77 = CARTESIAN_POINT('',(5.,0.3,0.));
#78 = VECTOR('',#79,1.);
#79 = DIRECTION('',(0.,0.,1.));
#80 = ORIENTED_EDGE('',*,*,#81,.T.);
#81 = EDGE_CURVE('',#72,#82,#84,.T.);
#82 = VERTEX_POINT('',#83);
#83 = CARTESIAN_POINT('',(5.,12.2,0.3));
#84 = LINE('',#85,#86);
#85 = CARTESIAN_POINT('',(5.,0.,0.3));
#86 = VECTOR('',#87,1.);
#87 = DIRECTION('',(-0.,1.,0.));
#88 = ORIENTED_EDGE('',*,*,#89,.T.);
#89 = EDGE_CURVE('',#82,#90,#92,.T.);
#90 = VERTEX_POINT('',#91);
#91 = CARTESIAN_POINT('',(5.,12.2,10.3));
#92 = LINE('',#93,#94);
#93 = CARTESIAN_POINT('',(5.,12.2,0.));
#94 = VECTOR('',#95,1.);
#95 = DIRECTION('',(0.,0.,1.));
#96 = ORIENTED_EDGE('',*,*,#97,.F.);
#97 = EDGE_CURVE('',#98,#90,#100,.T.);
#98 = VERTEX_POINT('',#99);
#99 = CARTESIAN_POINT('',(5.,1.743243243243,10.3));
#100 = LINE('',#101,#102);
#101 = CARTESIAN_POINT('',(5.,0.,10.3));
#102 = VECTOR('',#103,1.);
#103 = DIRECTION('',(-0.,1.,0.));
#104 = ORIENTED_EDGE('',*,*,#105,.F.);
#105 = EDGE_CURVE('',#74,#98,#106,.T.);
#106 = LINE('',#107,#108);
#107 = CARTESIAN_POINT('',(5.,-1.125779122542,7.88741301059));
#108 = VECTOR('',#109,1.);
#109 = DIRECTION('',(0.,0.765362085905,0.643599935875));
#110 = PLANE('',#111);
#111 = AXIS2_PLACEMENT_3D('',#112,#113,#114);
#112 = CARTESIAN_POINT('',(5.,0.,0.));
#113 = DIRECTION('',(1.,0.,-0.));
#114 = DIRECTION('',(0.,0.,1.));
#115 = ADVANCED_FACE('',(#116),#143,.T.);
#116 = FACE_BOUND('',#117,.T.);
#117 = EDGE_LOOP('',(#118,#119,#128,#136));
#118 = ORIENTED_EDGE('',*,*,#71,.F.);
#119 = ORIENTED_EDGE('',*,*,#120,.T.);
#120 = EDGE_CURVE('',#72,#121,#123,.T.);
#121 = VERTEX_POINT('',#122);
#122 = CARTESIAN_POINT('',(5.3,-5.551115123126E-17,0.3));
#123 = CIRCLE('',#124,0.3);
#124 = AXIS2_PLACEMENT_3D('',#125,#126,#127);
#125 = CARTESIAN_POINT('',(5.3,0.3,0.3));
#126 = DIRECTION('',(0.,0.,1.));
#127 = DIRECTION('',(-1.,0.,0.));
#128 = ORIENTED_EDGE('',*,*,#129,.T.);
#129 = EDGE_CURVE('',#121,#130,#132,.T.);
#130 = VERTEX_POINT('',#131);
#131 = CARTESIAN_POINT('',(5.3,-5.551115123126E-17,8.834090909091));
#132 = LINE('',#133,#134);
#133 = CARTESIAN_POINT('',(5.3,-5.551115123126E-17,0.));
#134 = VECTOR('',#135,1.);
#135 = DIRECTION('',(0.,0.,1.));
#136 = ORIENTED_EDGE('',*,*,#137,.T.);
#137 = EDGE_CURVE('',#130,#74,#138,.T.);
#138 = ELLIPSE('',#139,0.391971336867,0.3);
#139 = AXIS2_PLACEMENT_3D('',#140,#141,#142);
#140 = CARTESIAN_POINT('',(5.3,0.3,9.086363636364));
#141 = DIRECTION('',(0.,0.643599935875,-0.765362085905));
#142 = DIRECTION('',(0.,0.765362085905,0.643599935875));
#143 = CYLINDRICAL_SURFACE('',#144,0.3);
#144 = AXIS2_PLACEMENT_3D('',#145,#146,#147);
#145 = CARTESIAN_POINT('',(5.3,0.3,0.));
#146 = DIRECTION('',(0.,0.,1.));
#147 = DIRECTION('',(-1.,-0.,0.));
#148 = ADVANCED_FACE('',(#149),#234,.F.);
#149 = FACE_BOUND('',#150,.F.);
#150 = EDGE_LOOP('',(#151,#160,#168,#176,#184,#192,#200,#209,#217,#226,
    #232,#233));
#151 = ORIENTED_EDGE('',*,*,#152,.T.);
#152 = EDGE_CURVE('',#98,#153,#155,.T.);
#153 = VERTEX_POINT('',#154);
#154 = CARTESIAN_POINT('',(5.3,2.1,10.6));
#155 = ELLIPSE('',#156,0.466128076275,0.3);
#156 = AXIS2_PLACEMENT_3D('',#157,#158,#159);
#157 = CARTESIAN_POINT('',(5.3,1.743243243243,10.3));
#158 = DIRECTION('',(0.,0.643599935875,-0.765362085905));
#159 = DIRECTION('',(0.,0.765362085905,0.643599935875));
#160 = ORIENTED_EDGE('',*,*,#161,.T.);
#161 = EDGE_CURVE('',#153,#162,#164,.T.);
#162 = VERTEX_POINT('',#163);
#163 = CARTESIAN_POINT('',(5.55,2.1,10.6));
#164 = LINE('',#165,#166);
#165 = CARTESIAN_POINT('',(4.9,2.1,10.6));
#166 = VECTOR('',#167,1.);
#167 = DIRECTION('',(1.,0.,0.));
#168 = ORIENTED_EDGE('',*,*,#169,.T.);
#169 = EDGE_CURVE('',#162,#170,#172,.T.);
#170 = VERTEX_POINT('',#171);
#171 = CARTESIAN_POINT('',(5.55,0.589585439838,9.329878665319));
#172 = LINE('',#173,#174);
#173 = CARTESIAN_POINT('',(5.55,2.697145719937,11.102145264493));
#174 = VECTOR('',#175,1.);
#175 = DIRECTION('',(0.,-0.765362085905,-0.643599935875));
#176 = ORIENTED_EDGE('',*,*,#177,.T.);
#177 = EDGE_CURVE('',#170,#178,#180,.T.);
#178 = VERTEX_POINT('',#179);
#179 = CARTESIAN_POINT('',(9.45,0.589585439838,9.329878665319));
#180 = LINE('',#181,#182);
#181 = CARTESIAN_POINT('',(5.225,0.589585439838,9.329878665319));
#182 = VECTOR('',#183,1.);
#183 = DIRECTION('',(1.,0.,0.));
#184 = ORIENTED_EDGE('',*,*,#185,.F.);
#185 = EDGE_CURVE('',#186,#178,#188,.T.);
#186 = VERTEX_POINT('',#187);
#187 = CARTESIAN_POINT('',(9.45,2.1,10.6));
#188 = LINE('',#189,#190);
#189 = CARTESIAN_POINT('',(9.45,2.697145719937,11.102145264493));
#190 = VECTOR('',#191,1.);
#191 = DIRECTION('',(0.,-0.765362085905,-0.643599935875));
#192 = ORIENTED_EDGE('',*,*,#193,.T.);
#193 = EDGE_CURVE('',#186,#194,#196,.T.);
#194 = VERTEX_POINT('',#195);
#195 = CARTESIAN_POINT('',(9.7,2.1,10.6));
#196 = LINE('',#197,#198);
#197 = CARTESIAN_POINT('',(4.9,2.1,10.6));
#198 = VECTOR('',#199,1.);
#199 = DIRECTION('',(1.,0.,0.));
#200 = ORIENTED_EDGE('',*,*,#201,.T.);
#201 = EDGE_CURVE('',#194,#202,#204,.T.);
#202 = VERTEX_POINT('',#203);
#203 = CARTESIAN_POINT('',(10.,1.743243243243,10.3));
#204 = ELLIPSE('',#205,0.466128076275,0.3);
#205 = AXIS2_PLACEMENT_3D('',#206,#207,#208);
#206 = CARTESIAN_POINT('',(9.7,1.743243243243,10.3));
#207 = DIRECTION('',(0.,0.643599935875,-0.765362085905));
#208 = DIRECTION('',(0.,0.765362085905,0.643599935875));
#209 = ORIENTED_EDGE('',*,*,#210,.F.);
#210 = EDGE_CURVE('',#211,#202,#213,.T.);
#211 = VERTEX_POINT('',#212);
#212 = CARTESIAN_POINT('',(10.,0.3,9.086363636364));
#213 = LINE('',#214,#215);
#214 = CARTESIAN_POINT('',(10.,-1.125779122542,7.88741301059));
#215 = VECTOR('',#216,1.);
#216 = DIRECTION('',(0.,0.765362085905,0.643599935875));
#217 = ORIENTED_EDGE('',*,*,#218,.T.);
#218 = EDGE_CURVE('',#211,#219,#221,.T.);
#219 = VERTEX_POINT('',#220);
#220 = CARTESIAN_POINT('',(9.7,-5.551115123126E-17,8.834090909091));
#221 = ELLIPSE('',#222,0.391971336867,0.3);
#222 = AXIS2_PLACEMENT_3D('',#223,#224,#225);
#223 = CARTESIAN_POINT('',(9.7,0.3,9.086363636364));
#224 = DIRECTION('',(0.,0.643599935875,-0.765362085905));
#225 = DIRECTION('',(0.,0.765362085905,0.643599935875));
#226 = ORIENTED_EDGE('',*,*,#227,.T.);
#227 = EDGE_CURVE('',#219,#130,#228,.T.);
#228 = LINE('',#229,#230);
#229 = CARTESIAN_POINT('',(4.95,2.22044604925E-16,8.834090909091));
#230 = VECTOR('',#231,1.);
#231 = DIRECTION('',(-1.,0.,-0.));
#232 = ORIENTED_EDGE('',*,*,#137,.T.);
#233 = ORIENTED_EDGE('',*,*,#105,.T.);
#234 = PLANE('',#235);
#235 = AXIS2_PLACEMENT_3D('',#236,#237,#238);
#236 = CARTESIAN_POINT('',(4.9,2.1,10.6));
#237 = DIRECTION('',(0.,0.643599935875,-0.765362085905));
#238 = DIRECTION('',(0.,-0.765362085905,-0.643599935875));
#239 = ADVANCED_FACE('',(#240),#259,.T.);
#240 = FACE_BOUND('',#241,.T.);
#241 = EDGE_LOOP('',(#242,#243,#251,#258));
#242 = ORIENTED_EDGE('',*,*,#152,.T.);
#243 = ORIENTED_EDGE('',*,*,#244,.T.);
#244 = EDGE_CURVE('',#153,#245,#247,.T.);
#245 = VERTEX_POINT('',#246);
#246 = CARTESIAN_POINT('',(5.3,12.2,10.6));
#247 = LINE('',#248,#249);
#248 = CARTESIAN_POINT('',(5.3,0.,10.6));
#249 = VECTOR('',#250,1.);
#250 = DIRECTION('',(-0.,1.,0.));
#251 = ORIENTED_EDGE('',*,*,#252,.F.);
#252 = EDGE_CURVE('',#90,#245,#253,.T.);
#253 = CIRCLE('',#254,0.3);
#254 = AXIS2_PLACEMENT_3D('',#255,#256,#257);
#255 = CARTESIAN_POINT('',(5.3,12.2,10.3));
#256 = DIRECTION('',(-0.,1.,0.));
#257 = DIRECTION('',(-1.,-0.,0.));
#258 = ORIENTED_EDGE('',*,*,#97,.F.);
#259 = CYLINDRICAL_SURFACE('',#260,0.3);
#260 = AXIS2_PLACEMENT_3D('',#261,#262,#263);
#261 = CARTESIAN_POINT('',(5.3,0.,10.3));
#262 = DIRECTION('',(-0.,1.,0.));
#263 = DIRECTION('',(-1.,-0.,0.));
#264 = ADVANCED_FACE('',(#265),#292,.T.);
#265 = FACE_BOUND('',#266,.F.);
#266 = EDGE_LOOP('',(#267,#268,#277,#285));
#267 = ORIENTED_EDGE('',*,*,#89,.F.);
#268 = ORIENTED_EDGE('',*,*,#269,.T.);
#269 = EDGE_CURVE('',#82,#270,#272,.T.);
#270 = VERTEX_POINT('',#271);
#271 = CARTESIAN_POINT('',(5.3,12.5,0.3));
#272 = CIRCLE('',#273,0.3);
#273 = AXIS2_PLACEMENT_3D('',#274,#275,#276);
#274 = CARTESIAN_POINT('',(5.3,12.2,0.3));
#275 = DIRECTION('',(-0.,0.,-1.));
#276 = DIRECTION('',(-1.,0.,0.));
#277 = ORIENTED_EDGE('',*,*,#278,.T.);
#278 = EDGE_CURVE('',#270,#279,#281,.T.);
#279 = VERTEX_POINT('',#280);
#280 = CARTESIAN_POINT('',(5.3,12.5,10.3));
#281 = LINE('',#282,#283);
#282 = CARTESIAN_POINT('',(5.3,12.5,0.));
#283 = VECTOR('',#284,1.);
#284 = DIRECTION('',(0.,0.,1.));
#285 = ORIENTED_EDGE('',*,*,#286,.T.);
#286 = EDGE_CURVE('',#279,#90,#287,.T.);
#287 = CIRCLE('',#288,0.3);
#288 = AXIS2_PLACEMENT_3D('',#289,#290,#291);
#289 = CARTESIAN_POINT('',(5.3,12.2,10.3));
#290 = DIRECTION('',(0.,0.,1.));
#291 = DIRECTION('',(-1.,-0.,0.));
#292 = CYLINDRICAL_SURFACE('',#293,0.3);
#293 = AXIS2_PLACEMENT_3D('',#294,#295,#296);
#294 = CARTESIAN_POINT('',(5.3,12.2,0.));
#295 = DIRECTION('',(0.,0.,1.));
#296 = DIRECTION('',(-1.,-0.,0.));
#297 = ADVANCED_FACE('',(#298),#325,.T.);
#298 = FACE_BOUND('',#299,.F.);
#299 = EDGE_LOOP('',(#300,#309,#317,#324));
#300 = ORIENTED_EDGE('',*,*,#301,.F.);
#301 = EDGE_CURVE('',#302,#72,#304,.T.);
#302 = VERTEX_POINT('',#303);
#303 = CARTESIAN_POINT('',(5.3,0.3,0.));
#304 = CIRCLE('',#305,0.3);
#305 = AXIS2_PLACEMENT_3D('',#306,#307,#308);
#306 = CARTESIAN_POINT('',(5.3,0.3,0.3));
#307 = DIRECTION('',(0.,1.,-0.));
#308 = DIRECTION('',(-1.,0.,0.));
#309 = ORIENTED_EDGE('',*,*,#310,.T.);
#310 = EDGE_CURVE('',#302,#311,#313,.T.);
#311 = VERTEX_POINT('',#312);
#312 = CARTESIAN_POINT('',(5.3,12.2,0.));
#313 = LINE('',#314,#315);
#314 = CARTESIAN_POINT('',(5.3,0.,-5.551115123126E-17));
#315 = VECTOR('',#316,1.);
#316 = DIRECTION('',(-0.,1.,0.));
#317 = ORIENTED_EDGE('',*,*,#318,.T.);
#318 = EDGE_CURVE('',#311,#82,#319,.T.);
#319 = CIRCLE('',#320,0.3);
#320 = AXIS2_PLACEMENT_3D('',#321,#322,#323);
#321 = CARTESIAN_POINT('',(5.3,12.2,0.3));
#322 = DIRECTION('',(0.,1.,-0.));
#323 = DIRECTION('',(-1.,0.,0.));
#324 = ORIENTED_EDGE('',*,*,#81,.F.);
#325 = CYLINDRICAL_SURFACE('',#326,0.3);
#326 = AXIS2_PLACEMENT_3D('',#327,#328,#329);
#327 = CARTESIAN_POINT('',(5.3,0.,0.3));
#328 = DIRECTION('',(-0.,1.,0.));
#329 = DIRECTION('',(-1.,-0.,0.));
#330 = ADVANCED_FACE('',(#331,#349),#426,.F.);
#331 = FACE_BOUND('',#332,.F.);
#332 = EDGE_LOOP('',(#333,#341,#342,#343));
#333 = ORIENTED_EDGE('',*,*,#334,.F.);
#334 = EDGE_CURVE('',#121,#335,#337,.T.);
#335 = VERTEX_POINT('',#336);
#336 = CARTESIAN_POINT('',(9.7,-5.551115123126E-17,0.3));
#337 = LINE('',#338,#339);
#338 = CARTESIAN_POINT('',(5.,-5.551115123126E-17,0.3));
#339 = VECTOR('',#340,1.);
#340 = DIRECTION('',(1.,0.,-0.));
#341 = ORIENTED_EDGE('',*,*,#129,.T.);
#342 = ORIENTED_EDGE('',*,*,#227,.F.);
#343 = ORIENTED_EDGE('',*,*,#344,.F.);
#344 = EDGE_CURVE('',#335,#219,#345,.T.);
#345 = LINE('',#346,#347);
#346 = CARTESIAN_POINT('',(9.7,-5.551115123126E-17,0.));
#347 = VECTOR('',#348,1.);
#348 = DIRECTION('',(0.,0.,1.));
#349 = FACE_BOUND('',#350,.F.);
#350 = EDGE_LOOP('',(#351,#361,#369,#377,#386,#395,#403,#411,#419));
#351 = ORIENTED_EDGE('',*,*,#352,.F.);
#352 = EDGE_CURVE('',#353,#355,#357,.T.);
#353 = VERTEX_POINT('',#354);
#354 = CARTESIAN_POINT('',(9.23,0.,5.65));
#355 = VERTEX_POINT('',#356);
#356 = CARTESIAN_POINT('',(9.23,0.,2.25));
#357 = LINE('',#358,#359);
#358 = CARTESIAN_POINT('',(9.23,0.,1.125));
#359 = VECTOR('',#360,1.);
#360 = DIRECTION('',(-0.,0.,-1.));
#361 = ORIENTED_EDGE('',*,*,#362,.F.);
#362 = EDGE_CURVE('',#363,#353,#365,.T.);
#363 = VERTEX_POINT('',#364);
#364 = CARTESIAN_POINT('',(8.63,0.,5.65));
#365 = LINE('',#366,#367);
#366 = CARTESIAN_POINT('',(5.385,0.,5.65));
#367 = VECTOR('',#368,1.);
#368 = DIRECTION('',(1.,0.,-0.));
#369 = ORIENTED_EDGE('',*,*,#370,.F.);
#370 = EDGE_CURVE('',#371,#363,#373,.T.);
#371 = VERTEX_POINT('',#372);
#372 = CARTESIAN_POINT('',(8.63,0.,7.4));
#373 = LINE('',#374,#375);
#374 = CARTESIAN_POINT('',(8.63,0.,2.825));
#375 = VECTOR('',#376,1.);
#376 = DIRECTION('',(-0.,0.,-1.));
#377 = ORIENTED_EDGE('',*,*,#378,.F.);
#378 = EDGE_CURVE('',#379,#371,#381,.T.);
#379 = VERTEX_POINT('',#380);
#380 = CARTESIAN_POINT('',(7.5,0.,8.53));
#381 = CIRCLE('',#382,1.13);
#382 = AXIS2_PLACEMENT_3D('',#383,#384,#385);
#383 = CARTESIAN_POINT('',(7.5,0.,7.4));
#384 = DIRECTION('',(0.,1.,0.));
#385 = DIRECTION('',(0.,-0.,1.));
#386 = ORIENTED_EDGE('',*,*,#387,.F.);
#387 = EDGE_CURVE('',#388,#379,#390,.T.);
#388 = VERTEX_POINT('',#389);
#389 = CARTESIAN_POINT('',(6.37,0.,7.4));
#390 = CIRCLE('',#391,1.13);
#391 = AXIS2_PLACEMENT_3D('',#392,#393,#394);
#392 = CARTESIAN_POINT('',(7.5,0.,7.4));
#393 = DIRECTION('',(0.,1.,0.));
#394 = DIRECTION('',(0.,-0.,1.));
#395 = ORIENTED_EDGE('',*,*,#396,.T.);
#396 = EDGE_CURVE('',#388,#397,#399,.T.);
#397 = VERTEX_POINT('',#398);
#398 = CARTESIAN_POINT('',(6.37,0.,5.65));
#399 = LINE('',#400,#401);
#400 = CARTESIAN_POINT('',(6.37,0.,2.825));
#401 = VECTOR('',#402,1.);
#402 = DIRECTION('',(-0.,0.,-1.));
#403 = ORIENTED_EDGE('',*,*,#404,.F.);
#404 = EDGE_CURVE('',#405,#397,#407,.T.);
#405 = VERTEX_POINT('',#406);
#406 = CARTESIAN_POINT('',(5.77,0.,5.65));
#407 = LINE('',#408,#409);
#408 = CARTESIAN_POINT('',(5.385,0.,5.65));
#409 = VECTOR('',#410,1.);
#410 = DIRECTION('',(1.,0.,-0.));
#411 = ORIENTED_EDGE('',*,*,#412,.T.);
#412 = EDGE_CURVE('',#405,#413,#415,.T.);
#413 = VERTEX_POINT('',#414);
#414 = CARTESIAN_POINT('',(5.77,0.,2.25));
#415 = LINE('',#416,#417);
#416 = CARTESIAN_POINT('',(5.77,0.,1.125));
#417 = VECTOR('',#418,1.);
#418 = DIRECTION('',(-0.,0.,-1.));
#419 = ORIENTED_EDGE('',*,*,#420,.F.);
#420 = EDGE_CURVE('',#355,#413,#421,.T.);
#421 = CIRCLE('',#422,1.73);
#422 = AXIS2_PLACEMENT_3D('',#423,#424,#425);
#423 = CARTESIAN_POINT('',(7.5,0.,2.25));
#424 = DIRECTION('',(0.,1.,0.));
#425 = DIRECTION('',(0.,-0.,1.));
#426 = PLANE('',#427);
#427 = AXIS2_PLACEMENT_3D('',#428,#429,#430);
#428 = CARTESIAN_POINT('',(5.,0.,0.));
#429 = DIRECTION('',(-0.,1.,0.));
#430 = DIRECTION('',(0.,0.,1.));
#431 = ADVANCED_FACE('',(#432),#443,.T.);
#432 = FACE_BOUND('',#433,.T.);
#433 = EDGE_LOOP('',(#434,#435,#442));
#434 = ORIENTED_EDGE('',*,*,#301,.F.);
#435 = ORIENTED_EDGE('',*,*,#436,.T.);
#436 = EDGE_CURVE('',#302,#121,#437,.T.);
#437 = CIRCLE('',#438,0.3);
#438 = AXIS2_PLACEMENT_3D('',#439,#440,#441);
#439 = CARTESIAN_POINT('',(5.3,0.3,0.3));
#440 = DIRECTION('',(-1.,6.123233995737E-17,0.));
#441 = DIRECTION('',(-6.123233995737E-17,-1.,0.));
#442 = ORIENTED_EDGE('',*,*,#120,.F.);
#443 = SPHERICAL_SURFACE('',#444,0.3);
#444 = AXIS2_PLACEMENT_3D('',#445,#446,#447);
#445 = CARTESIAN_POINT('',(5.3,0.3,0.3));
#446 = DIRECTION('',(0.,0.,1.));
#447 = DIRECTION('',(-1.,0.,0.));
#448 = ADVANCED_FACE('',(#449),#468,.T.);
#449 = FACE_BOUND('',#450,.F.);
#450 = EDGE_LOOP('',(#451,#459,#466,#467));
#451 = ORIENTED_EDGE('',*,*,#452,.F.);
#452 = EDGE_CURVE('',#453,#211,#455,.T.);
#453 = VERTEX_POINT('',#454);
#454 = CARTESIAN_POINT('',(10.,0.3,0.3));
#455 = LINE('',#456,#457);
#456 = CARTESIAN_POINT('',(10.,0.3,0.));
#457 = VECTOR('',#458,1.);
#458 = DIRECTION('',(0.,0.,1.));
#459 = ORIENTED_EDGE('',*,*,#460,.T.);
#460 = EDGE_CURVE('',#453,#335,#461,.T.);
#461 = CIRCLE('',#462,0.3);
#462 = AXIS2_PLACEMENT_3D('',#463,#464,#465);
#463 = CARTESIAN_POINT('',(9.7,0.3,0.3));
#464 = DIRECTION('',(0.,-0.,-1.));
#465 = DIRECTION('',(1.,0.,-0.));
#466 = ORIENTED_EDGE('',*,*,#344,.T.);
#467 = ORIENTED_EDGE('',*,*,#218,.F.);
#468 = CYLINDRICAL_SURFACE('',#469,0.3);
#469 = AXIS2_PLACEMENT_3D('',#470,#471,#472);
#470 = CARTESIAN_POINT('',(9.7,0.3,0.));
#471 = DIRECTION('',(0.,0.,1.));
#472 = DIRECTION('',(1.,0.,-0.));
#473 = ADVANCED_FACE('',(#474),#500,.T.);
#474 = FACE_BOUND('',#475,.T.);
#475 = EDGE_LOOP('',(#476,#477,#485,#493,#499));
#476 = ORIENTED_EDGE('',*,*,#452,.F.);
#477 = ORIENTED_EDGE('',*,*,#478,.T.);
#478 = EDGE_CURVE('',#453,#479,#481,.T.);
#479 = VERTEX_POINT('',#480);
#480 = CARTESIAN_POINT('',(10.,12.2,0.3));
#481 = LINE('',#482,#483);
#482 = CARTESIAN_POINT('',(10.,0.,0.3));
#483 = VECTOR('',#484,1.);
#484 = DIRECTION('',(-0.,1.,0.));
#485 = ORIENTED_EDGE('',*,*,#486,.T.);
#486 = EDGE_CURVE('',#479,#487,#489,.T.);
#487 = VERTEX_POINT('',#488);
#488 = CARTESIAN_POINT('',(10.,12.2,10.3));
#489 = LINE('',#490,#491);
#490 = CARTESIAN_POINT('',(10.,12.2,0.));
#491 = VECTOR('',#492,1.);
#492 = DIRECTION('',(0.,0.,1.));
#493 = ORIENTED_EDGE('',*,*,#494,.F.);
#494 = EDGE_CURVE('',#202,#487,#495,.T.);
#495 = LINE('',#496,#497);
#496 = CARTESIAN_POINT('',(10.,0.,10.3));
#497 = VECTOR('',#498,1.);
#498 = DIRECTION('',(-0.,1.,0.));
#499 = ORIENTED_EDGE('',*,*,#210,.F.);
#500 = PLANE('',#501);
#501 = AXIS2_PLACEMENT_3D('',#502,#503,#504);
#502 = CARTESIAN_POINT('',(10.,0.,0.));
#503 = DIRECTION('',(1.,0.,-0.));
#504 = DIRECTION('',(0.,0.,1.));
#505 = ADVANCED_FACE('',(#506),#525,.T.);
#506 = FACE_BOUND('',#507,.F.);
#507 = EDGE_LOOP('',(#508,#509,#517,#524));
#508 = ORIENTED_EDGE('',*,*,#201,.F.);
#509 = ORIENTED_EDGE('',*,*,#510,.T.);
#510 = EDGE_CURVE('',#194,#511,#513,.T.);
#511 = VERTEX_POINT('',#512);
#512 = CARTESIAN_POINT('',(9.7,12.2,10.6));
#513 = LINE('',#514,#515);
#514 = CARTESIAN_POINT('',(9.7,0.,10.6));
#515 = VECTOR('',#516,1.);
#516 = DIRECTION('',(-0.,1.,0.));
#517 = ORIENTED_EDGE('',*,*,#518,.F.);
#518 = EDGE_CURVE('',#487,#511,#519,.T.);
#519 = CIRCLE('',#520,0.3);
#520 = AXIS2_PLACEMENT_3D('',#521,#522,#523);
#521 = CARTESIAN_POINT('',(9.7,12.2,10.3));
#522 = DIRECTION('',(0.,-1.,-0.));
#523 = DIRECTION('',(1.,0.,0.));
#524 = ORIENTED_EDGE('',*,*,#494,.F.);
#525 = CYLINDRICAL_SURFACE('',#526,0.3);
#526 = AXIS2_PLACEMENT_3D('',#527,#528,#529);
#527 = CARTESIAN_POINT('',(9.7,0.,10.3));
#528 = DIRECTION('',(-0.,1.,0.));
#529 = DIRECTION('',(1.,0.,-0.));
#530 = ADVANCED_FACE('',(#531),#565,.T.);
#531 = FACE_BOUND('',#532,.T.);
#532 = EDGE_LOOP('',(#533,#534,#535,#543,#551,#557,#558,#559));
#533 = ORIENTED_EDGE('',*,*,#244,.F.);
#534 = ORIENTED_EDGE('',*,*,#161,.T.);
#535 = ORIENTED_EDGE('',*,*,#536,.F.);
#536 = EDGE_CURVE('',#537,#162,#539,.T.);
#537 = VERTEX_POINT('',#538);
#538 = CARTESIAN_POINT('',(5.55,9.7,10.6));
#539 = LINE('',#540,#541);
#540 = CARTESIAN_POINT('',(5.55,2.442585746037,10.6));
#541 = VECTOR('',#542,1.);
#542 = DIRECTION('',(0.,-1.,0.));
#543 = ORIENTED_EDGE('',*,*,#544,.F.);
#544 = EDGE_CURVE('',#545,#537,#547,.T.);
#545 = VERTEX_POINT('',#546);
#546 = CARTESIAN_POINT('',(9.45,9.7,10.6));
#547 = LINE('',#548,#549);
#548 = CARTESIAN_POINT('',(5.275,9.7,10.6));
#549 = VECTOR('',#550,1.);
#550 = DIRECTION('',(-1.,-0.,0.));
#551 = ORIENTED_EDGE('',*,*,#552,.T.);
#552 = EDGE_CURVE('',#545,#186,#553,.T.);
#553 = LINE('',#554,#555);
#554 = CARTESIAN_POINT('',(9.45,2.442585746037,10.6));
#555 = VECTOR('',#556,1.);
#556 = DIRECTION('',(0.,-1.,0.));
#557 = ORIENTED_EDGE('',*,*,#193,.T.);
#558 = ORIENTED_EDGE('',*,*,#510,.T.);
#559 = ORIENTED_EDGE('',*,*,#560,.F.);
#560 = EDGE_CURVE('',#245,#511,#561,.T.);
#561 = LINE('',#562,#563);
#562 = CARTESIAN_POINT('',(5.,12.2,10.6));
#563 = VECTOR('',#564,1.);
#564 = DIRECTION('',(1.,0.,-0.));
#565 = PLANE('',#566);
#566 = AXIS2_PLACEMENT_3D('',#567,#568,#569);
#567 = CARTESIAN_POINT('',(5.,0.,10.6));
#568 = DIRECTION('',(0.,0.,1.));
#569 = DIRECTION('',(1.,0.,-0.));
#570 = ADVANCED_FACE('',(#571),#597,.T.);
#571 = FACE_BOUND('',#572,.T.);
#572 = EDGE_LOOP('',(#573,#574,#582,#590,#596));
#573 = ORIENTED_EDGE('',*,*,#552,.F.);
#574 = ORIENTED_EDGE('',*,*,#575,.T.);
#575 = EDGE_CURVE('',#545,#576,#578,.T.);
#576 = VERTEX_POINT('',#577);
#577 = CARTESIAN_POINT('',(9.45,9.7,8.45));
#578 = LINE('',#579,#580);
#579 = CARTESIAN_POINT('',(9.45,9.7,10.8));
#580 = VECTOR('',#581,1.);
#581 = DIRECTION('',(0.,0.,-1.));
#582 = ORIENTED_EDGE('',*,*,#583,.T.);
#583 = EDGE_CURVE('',#576,#584,#586,.T.);
#584 = VERTEX_POINT('',#585);
#585 = CARTESIAN_POINT('',(9.45,1.4,8.45));
#586 = LINE('',#587,#588);
#587 = CARTESIAN_POINT('',(9.45,9.7,8.45));
#588 = VECTOR('',#589,1.);
#589 = DIRECTION('',(0.,-1.,0.));
#590 = ORIENTED_EDGE('',*,*,#591,.T.);
#591 = EDGE_CURVE('',#584,#178,#592,.T.);
#592 = LINE('',#593,#594);
#593 = CARTESIAN_POINT('',(9.45,1.4,8.45));
#594 = VECTOR('',#595,1.);
#595 = DIRECTION('',(0.,-0.677475754752,0.735545105159));
#596 = ORIENTED_EDGE('',*,*,#185,.F.);
#597 = PLANE('',#598);
#598 = AXIS2_PLACEMENT_3D('',#599,#600,#601);
#599 = CARTESIAN_POINT('',(9.45,4.885171492075,9.712433169613));
#600 = DIRECTION('',(-1.,-0.,-0.));
#601 = DIRECTION('',(0.,0.,-1.));
#602 = ADVANCED_FACE('',(#603),#621,.F.);
#603 = FACE_BOUND('',#604,.F.);
#604 = EDGE_LOOP('',(#605,#613,#619,#620));
#605 = ORIENTED_EDGE('',*,*,#606,.F.);
#606 = EDGE_CURVE('',#607,#170,#609,.T.);
#607 = VERTEX_POINT('',#608);
#608 = CARTESIAN_POINT('',(5.55,1.4,8.45));
#609 = LINE('',#610,#611);
#610 = CARTESIAN_POINT('',(5.55,1.4,8.45));
#611 = VECTOR('',#612,1.);
#612 = DIRECTION('',(0.,-0.677475754752,0.735545105159));
#613 = ORIENTED_EDGE('',*,*,#614,.T.);
#614 = EDGE_CURVE('',#607,#584,#615,.T.);
#615 = LINE('',#616,#617);
#616 = CARTESIAN_POINT('',(5.55,1.4,8.45));
#617 = VECTOR('',#618,1.);
#618 = DIRECTION('',(1.,0.,0.));
#619 = ORIENTED_EDGE('',*,*,#591,.T.);
#620 = ORIENTED_EDGE('',*,*,#177,.F.);
#621 = PLANE('',#622);
#622 = AXIS2_PLACEMENT_3D('',#623,#624,#625);
#623 = CARTESIAN_POINT('',(5.55,1.4,8.45));
#624 = DIRECTION('',(0.,-0.735545105159,-0.677475754752));
#625 = DIRECTION('',(0.,-0.677475754752,0.735545105159));
#626 = ADVANCED_FACE('',(#627),#646,.F.);
#627 = FACE_BOUND('',#628,.F.);
#628 = EDGE_LOOP('',(#629,#630,#638,#644,#645));
#629 = ORIENTED_EDGE('',*,*,#536,.F.);
#630 = ORIENTED_EDGE('',*,*,#631,.T.);
#631 = EDGE_CURVE('',#537,#632,#634,.T.);
#632 = VERTEX_POINT('',#633);
#633 = CARTESIAN_POINT('',(5.55,9.7,8.45));
#634 = LINE('',#635,#636);
#635 = CARTESIAN_POINT('',(5.55,9.7,10.8));
#636 = VECTOR('',#637,1.);
#637 = DIRECTION('',(0.,0.,-1.));
#638 = ORIENTED_EDGE('',*,*,#639,.T.);
#639 = EDGE_CURVE('',#632,#607,#640,.T.);
#640 = LINE('',#641,#642);
#641 = CARTESIAN_POINT('',(5.55,9.7,8.45));
#642 = VECTOR('',#643,1.);
#643 = DIRECTION('',(0.,-1.,0.));
#644 = ORIENTED_EDGE('',*,*,#606,.T.);
#645 = ORIENTED_EDGE('',*,*,#169,.F.);
#646 = PLANE('',#647);
#647 = AXIS2_PLACEMENT_3D('',#648,#649,#650);
#648 = CARTESIAN_POINT('',(5.55,4.885171492075,9.712433169613));
#649 = DIRECTION('',(-1.,-0.,-0.));
#650 = DIRECTION('',(0.,0.,-1.));
#651 = ADVANCED_FACE('',(#652),#663,.T.);
#652 = FACE_BOUND('',#653,.F.);
#653 = EDGE_LOOP('',(#654,#655,#662));
#654 = ORIENTED_EDGE('',*,*,#286,.F.);
#655 = ORIENTED_EDGE('',*,*,#656,.T.);
#656 = EDGE_CURVE('',#279,#245,#657,.T.);
#657 = CIRCLE('',#658,0.3);
#658 = AXIS2_PLACEMENT_3D('',#659,#660,#661);
#659 = CARTESIAN_POINT('',(5.3,12.2,10.3));
#660 = DIRECTION('',(1.,0.,6.123233995737E-17));
#661 = DIRECTION('',(-6.123233995737E-17,-0.,1.));
#662 = ORIENTED_EDGE('',*,*,#252,.F.);
#663 = SPHERICAL_SURFACE('',#664,0.3);
#664 = AXIS2_PLACEMENT_3D('',#665,#666,#667);
#665 = CARTESIAN_POINT('',(5.3,12.2,10.3));
#666 = DIRECTION('',(0.,-1.,-0.));
#667 = DIRECTION('',(-1.,-0.,0.));
#668 = ADVANCED_FACE('',(#669),#680,.T.);
#669 = FACE_BOUND('',#670,.F.);
#670 = EDGE_LOOP('',(#671,#672,#679));
#671 = ORIENTED_EDGE('',*,*,#318,.F.);
#672 = ORIENTED_EDGE('',*,*,#673,.T.);
#673 = EDGE_CURVE('',#311,#270,#674,.T.);
#674 = CIRCLE('',#675,0.3);
#675 = AXIS2_PLACEMENT_3D('',#676,#677,#678);
#676 = CARTESIAN_POINT('',(5.3,12.2,0.3));
#677 = DIRECTION('',(1.,6.123233995737E-17,-0.));
#678 = DIRECTION('',(-6.123233995737E-17,1.,0.));
#679 = ORIENTED_EDGE('',*,*,#269,.F.);
#680 = SPHERICAL_SURFACE('',#681,0.3);
#681 = AXIS2_PLACEMENT_3D('',#682,#683,#684);
#682 = CARTESIAN_POINT('',(5.3,12.2,0.3));
#683 = DIRECTION('',(0.,0.,1.));
#684 = DIRECTION('',(-1.,0.,0.));
#685 = ADVANCED_FACE('',(#686),#711,.T.);
#686 = FACE_BOUND('',#687,.T.);
#687 = EDGE_LOOP('',(#688,#689,#697,#705));
#688 = ORIENTED_EDGE('',*,*,#278,.T.);
#689 = ORIENTED_EDGE('',*,*,#690,.T.);
#690 = EDGE_CURVE('',#279,#691,#693,.T.);
#691 = VERTEX_POINT('',#692);
#692 = CARTESIAN_POINT('',(9.7,12.5,10.3));
#693 = LINE('',#694,#695);
#694 = CARTESIAN_POINT('',(5.,12.5,10.3));
#695 = VECTOR('',#696,1.);
#696 = DIRECTION('',(1.,0.,-0.));
#697 = ORIENTED_EDGE('',*,*,#698,.F.);
#698 = EDGE_CURVE('',#699,#691,#701,.T.);
#699 = VERTEX_POINT('',#700);
#700 = CARTESIAN_POINT('',(9.7,12.5,0.3));
#701 = LINE('',#702,#703);
#702 = CARTESIAN_POINT('',(9.7,12.5,0.));
#703 = VECTOR('',#704,1.);
#704 = DIRECTION('',(0.,0.,1.));
#705 = ORIENTED_EDGE('',*,*,#706,.F.);
#706 = EDGE_CURVE('',#270,#699,#707,.T.);
#707 = LINE('',#708,#709);
#708 = CARTESIAN_POINT('',(5.,12.5,0.3));
#709 = VECTOR('',#710,1.);
#710 = DIRECTION('',(1.,0.,-0.));
#711 = PLANE('',#712);
#712 = AXIS2_PLACEMENT_3D('',#713,#714,#715);
#713 = CARTESIAN_POINT('',(5.,12.5,0.));
#714 = DIRECTION('',(-0.,1.,0.));
#715 = DIRECTION('',(0.,0.,1.));
#716 = ADVANCED_FACE('',(#717),#742,.F.);
#717 = FACE_BOUND('',#718,.F.);
#718 = EDGE_LOOP('',(#719,#720,#728,#736));
#719 = ORIENTED_EDGE('',*,*,#310,.F.);
#720 = ORIENTED_EDGE('',*,*,#721,.T.);
#721 = EDGE_CURVE('',#302,#722,#724,.T.);
#722 = VERTEX_POINT('',#723);
#723 = CARTESIAN_POINT('',(9.7,0.3,0.));
#724 = LINE('',#725,#726);
#725 = CARTESIAN_POINT('',(5.,0.3,-5.551115123126E-17));
#726 = VECTOR('',#727,1.);
#727 = DIRECTION('',(1.,0.,-0.));
#728 = ORIENTED_EDGE('',*,*,#729,.T.);
#729 = EDGE_CURVE('',#722,#730,#732,.T.);
#730 = VERTEX_POINT('',#731);
#731 = CARTESIAN_POINT('',(9.7,12.2,0.));
#732 = LINE('',#733,#734);
#733 = CARTESIAN_POINT('',(9.7,0.,-5.551115123126E-17));
#734 = VECTOR('',#735,1.);
#735 = DIRECTION('',(-0.,1.,0.));
#736 = ORIENTED_EDGE('',*,*,#737,.F.);
#737 = EDGE_CURVE('',#311,#730,#738,.T.);
#738 = LINE('',#739,#740);
#739 = CARTESIAN_POINT('',(5.,12.2,-5.551115123126E-17));
#740 = VECTOR('',#741,1.);
#741 = DIRECTION('',(1.,0.,-0.));
#742 = PLANE('',#743);
#743 = AXIS2_PLACEMENT_3D('',#744,#745,#746);
#744 = CARTESIAN_POINT('',(5.,0.,0.));
#745 = DIRECTION('',(0.,0.,1.));
#746 = DIRECTION('',(1.,0.,-0.));
#747 = ADVANCED_FACE('',(#748),#760,.T.);
#748 = FACE_BOUND('',#749,.T.);
#749 = EDGE_LOOP('',(#750,#751,#752,#759));
#750 = ORIENTED_EDGE('',*,*,#436,.F.);
#751 = ORIENTED_EDGE('',*,*,#721,.T.);
#752 = ORIENTED_EDGE('',*,*,#753,.T.);
#753 = EDGE_CURVE('',#722,#335,#754,.T.);
#754 = CIRCLE('',#755,0.3);
#755 = AXIS2_PLACEMENT_3D('',#756,#757,#758);
#756 = CARTESIAN_POINT('',(9.7,0.3,0.3));
#757 = DIRECTION('',(-1.,-6.123233995737E-17,0.));
#758 = DIRECTION('',(6.123233995737E-17,-1.,-0.));
#759 = ORIENTED_EDGE('',*,*,#334,.F.);
#760 = CYLINDRICAL_SURFACE('',#761,0.3);
#761 = AXIS2_PLACEMENT_3D('',#762,#763,#764);
#762 = CARTESIAN_POINT('',(5.,0.3,0.3));
#763 = DIRECTION('',(1.,0.,-0.));
#764 = DIRECTION('',(0.,-1.,0.));
#765 = ADVANCED_FACE('',(#766),#791,.F.);
#766 = FACE_BOUND('',#767,.F.);
#767 = EDGE_LOOP('',(#768,#769,#777,#785));
#768 = ORIENTED_EDGE('',*,*,#352,.T.);
#769 = ORIENTED_EDGE('',*,*,#770,.T.);
#770 = EDGE_CURVE('',#355,#771,#773,.T.);
#771 = VERTEX_POINT('',#772);
#772 = CARTESIAN_POINT('',(9.23,0.4,2.25));
#773 = LINE('',#774,#775);
#774 = CARTESIAN_POINT('',(9.23,-5.E-02,2.25));
#775 = VECTOR('',#776,1.);
#776 = DIRECTION('',(-0.,1.,0.));
#777 = ORIENTED_EDGE('',*,*,#778,.T.);
#778 = EDGE_CURVE('',#771,#779,#781,.T.);
#779 = VERTEX_POINT('',#780);
#780 = CARTESIAN_POINT('',(9.23,0.4,5.65));
#781 = LINE('',#782,#783);
#782 = CARTESIAN_POINT('',(9.23,0.4,2.25));
#783 = VECTOR('',#784,1.);
#784 = DIRECTION('',(0.,0.,1.));
#785 = ORIENTED_EDGE('',*,*,#786,.F.);
#786 = EDGE_CURVE('',#353,#779,#787,.T.);
#787 = LINE('',#788,#789);
#788 = CARTESIAN_POINT('',(9.23,-5.E-02,5.65));
#789 = VECTOR('',#790,1.);
#790 = DIRECTION('',(-0.,1.,0.));
#791 = PLANE('',#792);
#792 = AXIS2_PLACEMENT_3D('',#793,#794,#795);
#793 = CARTESIAN_POINT('',(9.23,-5.E-02,2.25));
#794 = DIRECTION('',(1.,0.,-0.));
#795 = DIRECTION('',(0.,0.,1.));
#796 = ADVANCED_FACE('',(#797),#816,.F.);
#797 = FACE_BOUND('',#798,.F.);
#798 = EDGE_LOOP('',(#799,#808,#809,#810));
#799 = ORIENTED_EDGE('',*,*,#800,.F.);
#800 = EDGE_CURVE('',#771,#801,#803,.T.);
#801 = VERTEX_POINT('',#802);
#802 = CARTESIAN_POINT('',(5.77,0.4,2.25));
#803 = CIRCLE('',#804,1.73);
#804 = AXIS2_PLACEMENT_3D('',#805,#806,#807);
#805 = CARTESIAN_POINT('',(7.5,0.4,2.25));
#806 = DIRECTION('',(0.,1.,0.));
#807 = DIRECTION('',(0.,-0.,1.));
#808 = ORIENTED_EDGE('',*,*,#770,.F.);
#809 = ORIENTED_EDGE('',*,*,#420,.T.);
#810 = ORIENTED_EDGE('',*,*,#811,.T.);
#811 = EDGE_CURVE('',#413,#801,#812,.T.);
#812 = LINE('',#813,#814);
#813 = CARTESIAN_POINT('',(5.77,-5.E-02,2.25));
#814 = VECTOR('',#815,1.);
#815 = DIRECTION('',(-0.,1.,0.));
#816 = CYLINDRICAL_SURFACE('',#817,1.73);
#817 = AXIS2_PLACEMENT_3D('',#818,#819,#820);
#818 = CARTESIAN_POINT('',(7.5,-5.E-02,2.25));
#819 = DIRECTION('',(0.,1.,0.));
#820 = DIRECTION('',(0.,-0.,1.));
#821 = ADVANCED_FACE('',(#822),#847,.F.);
#822 = FACE_BOUND('',#823,.F.);
#823 = EDGE_LOOP('',(#824,#825,#833,#841));
#824 = ORIENTED_EDGE('',*,*,#370,.T.);
#825 = ORIENTED_EDGE('',*,*,#826,.T.);
#826 = EDGE_CURVE('',#363,#827,#829,.T.);
#827 = VERTEX_POINT('',#828);
#828 = CARTESIAN_POINT('',(8.63,0.4,5.65));
#829 = LINE('',#830,#831);
#830 = CARTESIAN_POINT('',(8.63,-5.E-02,5.65));
#831 = VECTOR('',#832,1.);
#832 = DIRECTION('',(-0.,1.,0.));
#833 = ORIENTED_EDGE('',*,*,#834,.T.);
#834 = EDGE_CURVE('',#827,#835,#837,.T.);
#835 = VERTEX_POINT('',#836);
#836 = CARTESIAN_POINT('',(8.63,0.4,7.4));
#837 = LINE('',#838,#839);
#838 = CARTESIAN_POINT('',(8.63,0.4,5.65));
#839 = VECTOR('',#840,1.);
#840 = DIRECTION('',(0.,0.,1.));
#841 = ORIENTED_EDGE('',*,*,#842,.F.);
#842 = EDGE_CURVE('',#371,#835,#843,.T.);
#843 = LINE('',#844,#845);
#844 = CARTESIAN_POINT('',(8.63,-5.E-02,7.4));
#845 = VECTOR('',#846,1.);
#846 = DIRECTION('',(-0.,1.,0.));
#847 = PLANE('',#848);
#848 = AXIS2_PLACEMENT_3D('',#849,#850,#851);
#849 = CARTESIAN_POINT('',(8.63,-5.E-02,5.65));
#850 = DIRECTION('',(1.,0.,-0.));
#851 = DIRECTION('',(0.,0.,1.));
#852 = ADVANCED_FACE('',(#853),#871,.T.);
#853 = FACE_BOUND('',#854,.T.);
#854 = EDGE_LOOP('',(#855,#856,#857,#865));
#855 = ORIENTED_EDGE('',*,*,#412,.T.);
#856 = ORIENTED_EDGE('',*,*,#811,.T.);
#857 = ORIENTED_EDGE('',*,*,#858,.T.);
#858 = EDGE_CURVE('',#801,#859,#861,.T.);
#859 = VERTEX_POINT('',#860);
#860 = CARTESIAN_POINT('',(5.77,0.4,5.65));
#861 = LINE('',#862,#863);
#862 = CARTESIAN_POINT('',(5.77,0.4,2.25));
#863 = VECTOR('',#864,1.);
#864 = DIRECTION('',(0.,0.,1.));
#865 = ORIENTED_EDGE('',*,*,#866,.F.);
#866 = EDGE_CURVE('',#405,#859,#867,.T.);
#867 = LINE('',#868,#869);
#868 = CARTESIAN_POINT('',(5.77,-5.E-02,5.65));
#869 = VECTOR('',#870,1.);
#870 = DIRECTION('',(-0.,1.,0.));
#871 = PLANE('',#872);
#872 = AXIS2_PLACEMENT_3D('',#873,#874,#875);
#873 = CARTESIAN_POINT('',(5.77,-5.E-02,2.25));
#874 = DIRECTION('',(1.,0.,-0.));
#875 = DIRECTION('',(0.,0.,1.));
#876 = ADVANCED_FACE('',(#877),#902,.T.);
#877 = FACE_BOUND('',#878,.T.);
#878 = EDGE_LOOP('',(#879,#880,#888,#896));
#879 = ORIENTED_EDGE('',*,*,#396,.T.);
#880 = ORIENTED_EDGE('',*,*,#881,.T.);
#881 = EDGE_CURVE('',#397,#882,#884,.T.);
#882 = VERTEX_POINT('',#883);
#883 = CARTESIAN_POINT('',(6.37,0.4,5.65));
#884 = LINE('',#885,#886);
#885 = CARTESIAN_POINT('',(6.37,-5.E-02,5.65));
#886 = VECTOR('',#887,1.);
#887 = DIRECTION('',(-0.,1.,0.));
#888 = ORIENTED_EDGE('',*,*,#889,.T.);
#889 = EDGE_CURVE('',#882,#890,#892,.T.);
#890 = VERTEX_POINT('',#891);
#891 = CARTESIAN_POINT('',(6.37,0.4,7.4));
#892 = LINE('',#893,#894);
#893 = CARTESIAN_POINT('',(6.37,0.4,5.65));
#894 = VECTOR('',#895,1.);
#895 = DIRECTION('',(0.,0.,1.));
#896 = ORIENTED_EDGE('',*,*,#897,.F.);
#897 = EDGE_CURVE('',#388,#890,#898,.T.);
#898 = LINE('',#899,#900);
#899 = CARTESIAN_POINT('',(6.37,-5.E-02,7.4));
#900 = VECTOR('',#901,1.);
#901 = DIRECTION('',(-0.,1.,0.));
#902 = PLANE('',#903);
#903 = AXIS2_PLACEMENT_3D('',#904,#905,#906);
#904 = CARTESIAN_POINT('',(6.37,-5.E-02,5.65));
#905 = DIRECTION('',(1.,0.,-0.));
#906 = DIRECTION('',(0.,0.,1.));
#907 = ADVANCED_FACE('',(#908),#919,.T.);
#908 = FACE_BOUND('',#909,.F.);
#909 = EDGE_LOOP('',(#910,#917,#918));
#910 = ORIENTED_EDGE('',*,*,#911,.F.);
#911 = EDGE_CURVE('',#722,#453,#912,.T.);
#912 = CIRCLE('',#913,0.3);
#913 = AXIS2_PLACEMENT_3D('',#914,#915,#916);
#914 = CARTESIAN_POINT('',(9.7,0.3,0.3));
#915 = DIRECTION('',(0.,-1.,0.));
#916 = DIRECTION('',(1.,0.,0.));
#917 = ORIENTED_EDGE('',*,*,#753,.T.);
#918 = ORIENTED_EDGE('',*,*,#460,.F.);
#919 = SPHERICAL_SURFACE('',#920,0.3);
#920 = AXIS2_PLACEMENT_3D('',#921,#922,#923);
#921 = CARTESIAN_POINT('',(9.7,0.3,0.3));
#922 = DIRECTION('',(0.,0.,1.));
#923 = DIRECTION('',(1.,0.,-0.));
#924 = ADVANCED_FACE('',(#925),#943,.T.);
#925 = FACE_BOUND('',#926,.T.);
#926 = EDGE_LOOP('',(#927,#928,#935,#936));
#927 = ORIENTED_EDGE('',*,*,#486,.F.);
#928 = ORIENTED_EDGE('',*,*,#929,.T.);
#929 = EDGE_CURVE('',#479,#699,#930,.T.);
#930 = CIRCLE('',#931,0.3);
#931 = AXIS2_PLACEMENT_3D('',#932,#933,#934);
#932 = CARTESIAN_POINT('',(9.7,12.2,0.3));
#933 = DIRECTION('',(0.,0.,1.));
#934 = DIRECTION('',(1.,0.,-0.));
#935 = ORIENTED_EDGE('',*,*,#698,.T.);
#936 = ORIENTED_EDGE('',*,*,#937,.T.);
#937 = EDGE_CURVE('',#691,#487,#938,.T.);
#938 = CIRCLE('',#939,0.3);
#939 = AXIS2_PLACEMENT_3D('',#940,#941,#942);
#940 = CARTESIAN_POINT('',(9.7,12.2,10.3));
#941 = DIRECTION('',(0.,0.,-1.));
#942 = DIRECTION('',(1.,0.,0.));
#943 = CYLINDRICAL_SURFACE('',#944,0.3);
#944 = AXIS2_PLACEMENT_3D('',#945,#946,#947);
#945 = CARTESIAN_POINT('',(9.7,12.2,0.));
#946 = DIRECTION('',(0.,0.,1.));
#947 = DIRECTION('',(1.,0.,-0.));
#948 = ADVANCED_FACE('',(#949),#961,.T.);
#949 = FACE_BOUND('',#950,.T.);
#950 = EDGE_LOOP('',(#951,#952,#953,#960));
#951 = ORIENTED_EDGE('',*,*,#911,.F.);
#952 = ORIENTED_EDGE('',*,*,#729,.T.);
#953 = ORIENTED_EDGE('',*,*,#954,.T.);
#954 = EDGE_CURVE('',#730,#479,#955,.T.);
#955 = CIRCLE('',#956,0.3);
#956 = AXIS2_PLACEMENT_3D('',#957,#958,#959);
#957 = CARTESIAN_POINT('',(9.7,12.2,0.3));
#958 = DIRECTION('',(0.,-1.,0.));
#959 = DIRECTION('',(1.,0.,0.));
#960 = ORIENTED_EDGE('',*,*,#478,.F.);
#961 = CYLINDRICAL_SURFACE('',#962,0.3);
#962 = AXIS2_PLACEMENT_3D('',#963,#964,#965);
#963 = CARTESIAN_POINT('',(9.7,0.,0.3));
#964 = DIRECTION('',(-0.,1.,0.));
#965 = DIRECTION('',(1.,0.,-0.));
#966 = ADVANCED_FACE('',(#967),#978,.T.);
#967 = FACE_BOUND('',#968,.T.);
#968 = EDGE_LOOP('',(#969,#970,#977));
#969 = ORIENTED_EDGE('',*,*,#937,.F.);
#970 = ORIENTED_EDGE('',*,*,#971,.T.);
#971 = EDGE_CURVE('',#691,#511,#972,.T.);
#972 = CIRCLE('',#973,0.3);
#973 = AXIS2_PLACEMENT_3D('',#974,#975,#976);
#974 = CARTESIAN_POINT('',(9.7,12.2,10.3));
#975 = DIRECTION('',(1.,0.,-6.123233995737E-17));
#976 = DIRECTION('',(6.123233995737E-17,0.,1.));
#977 = ORIENTED_EDGE('',*,*,#518,.F.);
#978 = SPHERICAL_SURFACE('',#979,0.3);
#979 = AXIS2_PLACEMENT_3D('',#980,#981,#982);
#980 = CARTESIAN_POINT('',(9.7,12.2,10.3));
#981 = DIRECTION('',(0.,-1.,-0.));
#982 = DIRECTION('',(1.,0.,0.));
#983 = ADVANCED_FACE('',(#984),#990,.T.);
#984 = FACE_BOUND('',#985,.T.);
#985 = EDGE_LOOP('',(#986,#987,#988,#989));
#986 = ORIENTED_EDGE('',*,*,#656,.T.);
#987 = ORIENTED_EDGE('',*,*,#560,.T.);
#988 = ORIENTED_EDGE('',*,*,#971,.F.);
#989 = ORIENTED_EDGE('',*,*,#690,.F.);
#990 = CYLINDRICAL_SURFACE('',#991,0.3);
#991 = AXIS2_PLACEMENT_3D('',#992,#993,#994);
#992 = CARTESIAN_POINT('',(5.,12.2,10.3));
#993 = DIRECTION('',(1.,0.,-0.));
#994 = DIRECTION('',(0.,1.,0.));
#995 = ADVANCED_FACE('',(#996),#1007,.F.);
#996 = FACE_BOUND('',#997,.F.);
#997 = EDGE_LOOP('',(#998,#999,#1000,#1001));
#998 = ORIENTED_EDGE('',*,*,#631,.F.);
#999 = ORIENTED_EDGE('',*,*,#544,.F.);
#1000 = ORIENTED_EDGE('',*,*,#575,.T.);
#1001 = ORIENTED_EDGE('',*,*,#1002,.F.);
#1002 = EDGE_CURVE('',#632,#576,#1003,.T.);
#1003 = LINE('',#1004,#1005);
#1004 = CARTESIAN_POINT('',(5.55,9.7,8.45));
#1005 = VECTOR('',#1006,1.);
#1006 = DIRECTION('',(1.,0.,0.));
#1007 = PLANE('',#1008);
#1008 = AXIS2_PLACEMENT_3D('',#1009,#1010,#1011);
#1009 = CARTESIAN_POINT('',(5.55,9.7,10.8));
#1010 = DIRECTION('',(-0.,1.,0.));
#1011 = DIRECTION('',(0.,0.,-1.));
#1012 = ADVANCED_FACE('',(#1013),#1019,.F.);
#1013 = FACE_BOUND('',#1014,.F.);
#1014 = EDGE_LOOP('',(#1015,#1016,#1017,#1018));
#1015 = ORIENTED_EDGE('',*,*,#1002,.T.);
#1016 = ORIENTED_EDGE('',*,*,#583,.T.);
#1017 = ORIENTED_EDGE('',*,*,#614,.F.);
#1018 = ORIENTED_EDGE('',*,*,#639,.F.);
#1019 = PLANE('',#1020);
#1020 = AXIS2_PLACEMENT_3D('',#1021,#1022,#1023);
#1021 = CARTESIAN_POINT('',(5.55,9.7,8.45));
#1022 = DIRECTION('',(0.,0.,-1.));
#1023 = DIRECTION('',(0.,-1.,0.));
#1024 = ADVANCED_FACE('',(#1025),#1037,.T.);
#1025 = FACE_BOUND('',#1026,.F.);
#1026 = EDGE_LOOP('',(#1027,#1028,#1029,#1036));
#1027 = ORIENTED_EDGE('',*,*,#673,.F.);
#1028 = ORIENTED_EDGE('',*,*,#737,.T.);
#1029 = ORIENTED_EDGE('',*,*,#1030,.T.);
#1030 = EDGE_CURVE('',#730,#699,#1031,.T.);
#1031 = CIRCLE('',#1032,0.3);
#1032 = AXIS2_PLACEMENT_3D('',#1033,#1034,#1035);
#1033 = CARTESIAN_POINT('',(9.7,12.2,0.3));
#1034 = DIRECTION('',(1.,-6.123233995737E-17,0.));
#1035 = DIRECTION('',(6.123233995737E-17,1.,0.));
#1036 = ORIENTED_EDGE('',*,*,#706,.F.);
#1037 = CYLINDRICAL_SURFACE('',#1038,0.3);
#1038 = AXIS2_PLACEMENT_3D('',#1039,#1040,#1041);
#1039 = CARTESIAN_POINT('',(5.,12.2,0.3));
#1040 = DIRECTION('',(1.,0.,-0.));
#1041 = DIRECTION('',(0.,1.,0.));
#1042 = ADVANCED_FACE('',(#1043),#1048,.T.);
#1043 = FACE_BOUND('',#1044,.T.);
#1044 = EDGE_LOOP('',(#1045,#1046,#1047));
#1045 = ORIENTED_EDGE('',*,*,#954,.F.);
#1046 = ORIENTED_EDGE('',*,*,#1030,.T.);
#1047 = ORIENTED_EDGE('',*,*,#929,.F.);
#1048 = SPHERICAL_SURFACE('',#1049,0.3);
#1049 = AXIS2_PLACEMENT_3D('',#1050,#1051,#1052);
#1050 = CARTESIAN_POINT('',(9.7,12.2,0.3));
#1051 = DIRECTION('',(0.,0.,1.));
#1052 = DIRECTION('',(1.,0.,-0.));
#1053 = ADVANCED_FACE('',(#1054),#1097,.T.);
#1054 = FACE_BOUND('',#1055,.T.);
#1055 = EDGE_LOOP('',(#1056,#1064,#1065,#1066,#1067,#1075,#1083,#1091));
#1056 = ORIENTED_EDGE('',*,*,#1057,.T.);
#1057 = EDGE_CURVE('',#1058,#779,#1060,.T.);
#1058 = VERTEX_POINT('',#1059);
#1059 = CARTESIAN_POINT('',(9.05,0.4,5.65));
#1060 = LINE('',#1061,#1062);
#1061 = CARTESIAN_POINT('',(5.77,0.4,5.65));
#1062 = VECTOR('',#1063,1.);
#1063 = DIRECTION('',(1.,0.,-0.));
#1064 = ORIENTED_EDGE('',*,*,#786,.F.);
#1065 = ORIENTED_EDGE('',*,*,#362,.F.);
#1066 = ORIENTED_EDGE('',*,*,#826,.T.);
#1067 = ORIENTED_EDGE('',*,*,#1068,.F.);
#1068 = EDGE_CURVE('',#1069,#827,#1071,.T.);
#1069 = VERTEX_POINT('',#1070);
#1070 = CARTESIAN_POINT('',(8.45,0.4,5.65));
#1071 = LINE('',#1072,#1073);
#1072 = CARTESIAN_POINT('',(5.77,0.4,5.65));
#1073 = VECTOR('',#1074,1.);
#1074 = DIRECTION('',(1.,0.,-0.));
#1075 = ORIENTED_EDGE('',*,*,#1076,.T.);
#1076 = EDGE_CURVE('',#1069,#1077,#1079,.T.);
#1077 = VERTEX_POINT('',#1078);
#1078 = CARTESIAN_POINT('',(8.45,4.35,5.65));
#1079 = LINE('',#1080,#1081);
#1080 = CARTESIAN_POINT('',(8.45,0.4,5.65));
#1081 = VECTOR('',#1082,1.);
#1082 = DIRECTION('',(-0.,1.,0.));
#1083 = ORIENTED_EDGE('',*,*,#1084,.T.);
#1084 = EDGE_CURVE('',#1077,#1085,#1087,.T.);
#1085 = VERTEX_POINT('',#1086);
#1086 = CARTESIAN_POINT('',(9.05,4.35,5.65));
#1087 = LINE('',#1088,#1089);
#1088 = CARTESIAN_POINT('',(5.95,4.35,5.65));
#1089 = VECTOR('',#1090,1.);
#1090 = DIRECTION('',(1.,0.,-0.));
#1091 = ORIENTED_EDGE('',*,*,#1092,.F.);
#1092 = EDGE_CURVE('',#1058,#1085,#1093,.T.);
#1093 = LINE('',#1094,#1095);
#1094 = CARTESIAN_POINT('',(9.05,0.4,5.65));
#1095 = VECTOR('',#1096,1.);
#1096 = DIRECTION('',(-0.,1.,0.));
#1097 = PLANE('',#1098);
#1098 = AXIS2_PLACEMENT_3D('',#1099,#1100,#1101);
#1099 = CARTESIAN_POINT('',(8.777719298246,2.112719298246,5.65));
#1100 = DIRECTION('',(-0.,-0.,-1.));
#1101 = DIRECTION('',(-1.,0.,0.));
#1102 = ADVANCED_FACE('',(#1103),#1128,.F.);
#1103 = FACE_BOUND('',#1104,.F.);
#1104 = EDGE_LOOP('',(#1105,#1113,#1114,#1122));
#1105 = ORIENTED_EDGE('',*,*,#1106,.F.);
#1106 = EDGE_CURVE('',#1069,#1107,#1109,.T.);
#1107 = VERTEX_POINT('',#1108);
#1108 = CARTESIAN_POINT('',(8.45,0.4,7.4));
#1109 = LINE('',#1110,#1111);
#1110 = CARTESIAN_POINT('',(8.45,0.4,5.65));
#1111 = VECTOR('',#1112,1.);
#1112 = DIRECTION('',(0.,0.,1.));
#1113 = ORIENTED_EDGE('',*,*,#1076,.T.);
#1114 = ORIENTED_EDGE('',*,*,#1115,.T.);
#1115 = EDGE_CURVE('',#1077,#1116,#1118,.T.);
#1116 = VERTEX_POINT('',#1117);
#1117 = CARTESIAN_POINT('',(8.45,4.35,7.4));
#1118 = LINE('',#1119,#1120);
#1119 = CARTESIAN_POINT('',(8.45,4.35,5.65));
#1120 = VECTOR('',#1121,1.);
#1121 = DIRECTION('',(0.,0.,1.));
#1122 = ORIENTED_EDGE('',*,*,#1123,.F.);
#1123 = EDGE_CURVE('',#1107,#1116,#1124,.T.);
#1124 = LINE('',#1125,#1126);
#1125 = CARTESIAN_POINT('',(8.45,0.4,7.4));
#1126 = VECTOR('',#1127,1.);
#1127 = DIRECTION('',(-0.,1.,0.));
#1128 = PLANE('',#1129);
#1129 = AXIS2_PLACEMENT_3D('',#1130,#1131,#1132);
#1130 = CARTESIAN_POINT('',(8.45,0.4,5.65));
#1131 = DIRECTION('',(1.,0.,-0.));
#1132 = DIRECTION('',(0.,0.,1.));
#1133 = ADVANCED_FACE('',(#1134),#1159,.F.);
#1134 = FACE_BOUND('',#1135,.F.);
#1135 = EDGE_LOOP('',(#1136,#1144,#1152,#1158));
#1136 = ORIENTED_EDGE('',*,*,#1137,.F.);
#1137 = EDGE_CURVE('',#1138,#1058,#1140,.T.);
#1138 = VERTEX_POINT('',#1139);
#1139 = CARTESIAN_POINT('',(9.05,0.4,2.25));
#1140 = LINE('',#1141,#1142);
#1141 = CARTESIAN_POINT('',(9.05,0.4,2.25));
#1142 = VECTOR('',#1143,1.);
#1143 = DIRECTION('',(0.,0.,1.));
#1144 = ORIENTED_EDGE('',*,*,#1145,.T.);
#1145 = EDGE_CURVE('',#1138,#1146,#1148,.T.);
#1146 = VERTEX_POINT('',#1147);
#1147 = CARTESIAN_POINT('',(9.05,4.35,2.25));
#1148 = LINE('',#1149,#1150);
#1149 = CARTESIAN_POINT('',(9.05,0.4,2.25));
#1150 = VECTOR('',#1151,1.);
#1151 = DIRECTION('',(-0.,1.,0.));
#1152 = ORIENTED_EDGE('',*,*,#1153,.T.);
#1153 = EDGE_CURVE('',#1146,#1085,#1154,.T.);
#1154 = LINE('',#1155,#1156);
#1155 = CARTESIAN_POINT('',(9.05,4.35,2.25));
#1156 = VECTOR('',#1157,1.);
#1157 = DIRECTION('',(0.,0.,1.));
#1158 = ORIENTED_EDGE('',*,*,#1092,.F.);
#1159 = PLANE('',#1160);
#1160 = AXIS2_PLACEMENT_3D('',#1161,#1162,#1163);
#1161 = CARTESIAN_POINT('',(9.05,0.4,2.25));
#1162 = DIRECTION('',(1.,0.,-0.));
#1163 = DIRECTION('',(0.,0.,1.));
#1164 = ADVANCED_FACE('',(#1165),#1192,.F.);
#1165 = FACE_BOUND('',#1166,.F.);
#1166 = EDGE_LOOP('',(#1167,#1176,#1177,#1186));
#1167 = ORIENTED_EDGE('',*,*,#1168,.F.);
#1168 = EDGE_CURVE('',#1146,#1169,#1171,.T.);
#1169 = VERTEX_POINT('',#1170);
#1170 = CARTESIAN_POINT('',(5.95,4.35,2.25));
#1171 = CIRCLE('',#1172,1.55);
#1172 = AXIS2_PLACEMENT_3D('',#1173,#1174,#1175);
#1173 = CARTESIAN_POINT('',(7.5,4.35,2.25));
#1174 = DIRECTION('',(0.,1.,0.));
#1175 = DIRECTION('',(0.,-0.,1.));
#1176 = ORIENTED_EDGE('',*,*,#1145,.F.);
#1177 = ORIENTED_EDGE('',*,*,#1178,.T.);
#1178 = EDGE_CURVE('',#1138,#1179,#1181,.T.);
#1179 = VERTEX_POINT('',#1180);
#1180 = CARTESIAN_POINT('',(5.95,0.4,2.25));
#1181 = CIRCLE('',#1182,1.55);
#1182 = AXIS2_PLACEMENT_3D('',#1183,#1184,#1185);
#1183 = CARTESIAN_POINT('',(7.5,0.4,2.25));
#1184 = DIRECTION('',(0.,1.,0.));
#1185 = DIRECTION('',(0.,-0.,1.));
#1186 = ORIENTED_EDGE('',*,*,#1187,.T.);
#1187 = EDGE_CURVE('',#1179,#1169,#1188,.T.);
#1188 = LINE('',#1189,#1190);
#1189 = CARTESIAN_POINT('',(5.95,0.4,2.25));
#1190 = VECTOR('',#1191,1.);
#1191 = DIRECTION('',(-0.,1.,0.));
#1192 = CYLINDRICAL_SURFACE('',#1193,1.55);
#1193 = AXIS2_PLACEMENT_3D('',#1194,#1195,#1196);
#1194 = CARTESIAN_POINT('',(7.5,0.4,2.25));
#1195 = DIRECTION('',(0.,1.,0.));
#1196 = DIRECTION('',(0.,-0.,1.));
#1197 = ADVANCED_FACE('',(#1198),#1223,.T.);
#1198 = FACE_BOUND('',#1199,.T.);
#1199 = EDGE_LOOP('',(#1200,#1208,#1209,#1217));
#1200 = ORIENTED_EDGE('',*,*,#1201,.F.);
#1201 = EDGE_CURVE('',#1179,#1202,#1204,.T.);
#1202 = VERTEX_POINT('',#1203);
#1203 = CARTESIAN_POINT('',(5.95,0.4,5.65));
#1204 = LINE('',#1205,#1206);
#1205 = CARTESIAN_POINT('',(5.95,0.4,2.25));
#1206 = VECTOR('',#1207,1.);
#1207 = DIRECTION('',(0.,0.,1.));
#1208 = ORIENTED_EDGE('',*,*,#1187,.T.);
#1209 = ORIENTED_EDGE('',*,*,#1210,.T.);
#1210 = EDGE_CURVE('',#1169,#1211,#1213,.T.);
#1211 = VERTEX_POINT('',#1212);
#1212 = CARTESIAN_POINT('',(5.95,4.35,5.65));
#1213 = LINE('',#1214,#1215);
#1214 = CARTESIAN_POINT('',(5.95,4.35,2.25));
#1215 = VECTOR('',#1216,1.);
#1216 = DIRECTION('',(0.,0.,1.));
#1217 = ORIENTED_EDGE('',*,*,#1218,.F.);
#1218 = EDGE_CURVE('',#1202,#1211,#1219,.T.);
#1219 = LINE('',#1220,#1221);
#1220 = CARTESIAN_POINT('',(5.95,0.4,5.65));
#1221 = VECTOR('',#1222,1.);
#1222 = DIRECTION('',(-0.,1.,0.));
#1223 = PLANE('',#1224);
#1224 = AXIS2_PLACEMENT_3D('',#1225,#1226,#1227);
#1225 = CARTESIAN_POINT('',(5.95,0.4,2.25));
#1226 = DIRECTION('',(1.,0.,-0.));
#1227 = DIRECTION('',(0.,0.,1.));
#1228 = ADVANCED_FACE('',(#1229),#1263,.T.);
#1229 = FACE_BOUND('',#1230,.T.);
#1230 = EDGE_LOOP('',(#1231,#1237,#1238,#1246,#1254,#1260,#1261,#1262));
#1231 = ORIENTED_EDGE('',*,*,#1232,.T.);
#1232 = EDGE_CURVE('',#859,#1202,#1233,.T.);
#1233 = LINE('',#1234,#1235);
#1234 = CARTESIAN_POINT('',(5.77,0.4,5.65));
#1235 = VECTOR('',#1236,1.);
#1236 = DIRECTION('',(1.,0.,-0.));
#1237 = ORIENTED_EDGE('',*,*,#1218,.T.);
#1238 = ORIENTED_EDGE('',*,*,#1239,.T.);
#1239 = EDGE_CURVE('',#1211,#1240,#1242,.T.);
#1240 = VERTEX_POINT('',#1241);
#1241 = CARTESIAN_POINT('',(6.55,4.35,5.65));
#1242 = LINE('',#1243,#1244);
#1243 = CARTESIAN_POINT('',(5.95,4.35,5.65));
#1244 = VECTOR('',#1245,1.);
#1245 = DIRECTION('',(1.,0.,-0.));
#1246 = ORIENTED_EDGE('',*,*,#1247,.F.);
#1247 = EDGE_CURVE('',#1248,#1240,#1250,.T.);
#1248 = VERTEX_POINT('',#1249);
#1249 = CARTESIAN_POINT('',(6.55,0.4,5.65));
#1250 = LINE('',#1251,#1252);
#1251 = CARTESIAN_POINT('',(6.55,0.4,5.65));
#1252 = VECTOR('',#1253,1.);
#1253 = DIRECTION('',(-0.,1.,0.));
#1254 = ORIENTED_EDGE('',*,*,#1255,.F.);
#1255 = EDGE_CURVE('',#882,#1248,#1256,.T.);
#1256 = LINE('',#1257,#1258);
#1257 = CARTESIAN_POINT('',(5.77,0.4,5.65));
#1258 = VECTOR('',#1259,1.);
#1259 = DIRECTION('',(1.,0.,-0.));
#1260 = ORIENTED_EDGE('',*,*,#881,.F.);
#1261 = ORIENTED_EDGE('',*,*,#404,.F.);
#1262 = ORIENTED_EDGE('',*,*,#866,.T.);
#1263 = PLANE('',#1264);
#1264 = AXIS2_PLACEMENT_3D('',#1265,#1266,#1267);
#1265 = CARTESIAN_POINT('',(6.222280701754,2.112719298246,5.65));
#1266 = DIRECTION('',(-0.,-0.,-1.));
#1267 = DIRECTION('',(-1.,0.,0.));
#1268 = ADVANCED_FACE('',(#1269),#1294,.T.);
#1269 = FACE_BOUND('',#1270,.T.);
#1270 = EDGE_LOOP('',(#1271,#1279,#1280,#1288));
#1271 = ORIENTED_EDGE('',*,*,#1272,.F.);
#1272 = EDGE_CURVE('',#1248,#1273,#1275,.T.);
#1273 = VERTEX_POINT('',#1274);
#1274 = CARTESIAN_POINT('',(6.55,0.4,7.4));
#1275 = LINE('',#1276,#1277);
#1276 = CARTESIAN_POINT('',(6.55,0.4,5.65));
#1277 = VECTOR('',#1278,1.);
#1278 = DIRECTION('',(0.,0.,1.));
#1279 = ORIENTED_EDGE('',*,*,#1247,.T.);
#1280 = ORIENTED_EDGE('',*,*,#1281,.T.);
#1281 = EDGE_CURVE('',#1240,#1282,#1284,.T.);
#1282 = VERTEX_POINT('',#1283);
#1283 = CARTESIAN_POINT('',(6.55,4.35,7.4));
#1284 = LINE('',#1285,#1286);
#1285 = CARTESIAN_POINT('',(6.55,4.35,5.65));
#1286 = VECTOR('',#1287,1.);
#1287 = DIRECTION('',(0.,0.,1.));
#1288 = ORIENTED_EDGE('',*,*,#1289,.F.);
#1289 = EDGE_CURVE('',#1273,#1282,#1290,.T.);
#1290 = LINE('',#1291,#1292);
#1291 = CARTESIAN_POINT('',(6.55,0.4,7.4));
#1292 = VECTOR('',#1293,1.);
#1293 = DIRECTION('',(-0.,1.,0.));
#1294 = PLANE('',#1295);
#1295 = AXIS2_PLACEMENT_3D('',#1296,#1297,#1298);
#1296 = CARTESIAN_POINT('',(6.55,0.4,5.65));
#1297 = DIRECTION('',(1.,0.,-0.));
#1298 = DIRECTION('',(0.,0.,1.));
#1299 = ADVANCED_FACE('',(#1300),#1310,.T.);
#1300 = FACE_BOUND('',#1301,.T.);
#1301 = EDGE_LOOP('',(#1302,#1303,#1304,#1305,#1306,#1307,#1308,#1309));
#1302 = ORIENTED_EDGE('',*,*,#778,.T.);
#1303 = ORIENTED_EDGE('',*,*,#1057,.F.);
#1304 = ORIENTED_EDGE('',*,*,#1137,.F.);
#1305 = ORIENTED_EDGE('',*,*,#1178,.T.);
#1306 = ORIENTED_EDGE('',*,*,#1201,.T.);
#1307 = ORIENTED_EDGE('',*,*,#1232,.F.);
#1308 = ORIENTED_EDGE('',*,*,#858,.F.);
#1309 = ORIENTED_EDGE('',*,*,#800,.F.);
#1310 = PLANE('',#1311);
#1311 = AXIS2_PLACEMENT_3D('',#1312,#1313,#1314);
#1312 = CARTESIAN_POINT('',(7.5,0.4,2.880205591296));
#1313 = DIRECTION('',(-0.,-1.,-0.));
#1314 = DIRECTION('',(0.,0.,-1.));
#1315 = ADVANCED_FACE('',(#1316),#1356,.T.);
#1316 = FACE_BOUND('',#1317,.T.);
#1317 = EDGE_LOOP('',(#1318,#1319,#1320,#1329,#1336,#1337,#1338,#1339,
    #1348,#1355));
#1318 = ORIENTED_EDGE('',*,*,#1068,.T.);
#1319 = ORIENTED_EDGE('',*,*,#834,.T.);
#1320 = ORIENTED_EDGE('',*,*,#1321,.F.);
#1321 = EDGE_CURVE('',#1322,#835,#1324,.T.);
#1322 = VERTEX_POINT('',#1323);
#1323 = CARTESIAN_POINT('',(7.5,0.4,8.53));
#1324 = CIRCLE('',#1325,1.13);
#1325 = AXIS2_PLACEMENT_3D('',#1326,#1327,#1328);
#1326 = CARTESIAN_POINT('',(7.5,0.4,7.4));
#1327 = DIRECTION('',(0.,1.,0.));
#1328 = DIRECTION('',(0.,-0.,1.));
#1329 = ORIENTED_EDGE('',*,*,#1330,.F.);
#1330 = EDGE_CURVE('',#890,#1322,#1331,.T.);
#1331 = CIRCLE('',#1332,1.13);
#1332 = AXIS2_PLACEMENT_3D('',#1333,#1334,#1335);
#1333 = CARTESIAN_POINT('',(7.5,0.4,7.4));
#1334 = DIRECTION('',(0.,1.,0.));
#1335 = DIRECTION('',(0.,-0.,1.));
#1336 = ORIENTED_EDGE('',*,*,#889,.F.);
#1337 = ORIENTED_EDGE('',*,*,#1255,.T.);
#1338 = ORIENTED_EDGE('',*,*,#1272,.T.);
#1339 = ORIENTED_EDGE('',*,*,#1340,.T.);
#1340 = EDGE_CURVE('',#1273,#1341,#1343,.T.);
#1341 = VERTEX_POINT('',#1342);
#1342 = CARTESIAN_POINT('',(7.5,0.4,8.35));
#1343 = CIRCLE('',#1344,0.95);
#1344 = AXIS2_PLACEMENT_3D('',#1345,#1346,#1347);
#1345 = CARTESIAN_POINT('',(7.5,0.4,7.4));
#1346 = DIRECTION('',(0.,1.,0.));
#1347 = DIRECTION('',(0.,-0.,1.));
#1348 = ORIENTED_EDGE('',*,*,#1349,.T.);
#1349 = EDGE_CURVE('',#1341,#1107,#1350,.T.);
#1350 = CIRCLE('',#1351,0.95);
#1351 = AXIS2_PLACEMENT_3D('',#1352,#1353,#1354);
#1352 = CARTESIAN_POINT('',(7.5,0.4,7.4));
#1353 = DIRECTION('',(0.,1.,0.));
#1354 = DIRECTION('',(0.,-0.,1.));
#1355 = ORIENTED_EDGE('',*,*,#1106,.F.);
#1356 = PLANE('',#1357);
#1357 = AXIS2_PLACEMENT_3D('',#1358,#1359,#1360);
#1358 = CARTESIAN_POINT('',(7.5,0.4,7.215868321793));
#1359 = DIRECTION('',(-0.,-1.,-0.));
#1360 = DIRECTION('',(0.,0.,-1.));
#1361 = ADVANCED_FACE('',(#1362),#1387,.T.);
#1362 = FACE_BOUND('',#1363,.T.);
#1363 = EDGE_LOOP('',(#1364,#1365,#1366,#1367,#1376,#1383,#1384,#1385,
    #1386));
#1364 = ORIENTED_EDGE('',*,*,#1153,.T.);
#1365 = ORIENTED_EDGE('',*,*,#1084,.F.);
#1366 = ORIENTED_EDGE('',*,*,#1115,.T.);
#1367 = ORIENTED_EDGE('',*,*,#1368,.F.);
#1368 = EDGE_CURVE('',#1369,#1116,#1371,.T.);
#1369 = VERTEX_POINT('',#1370);
#1370 = CARTESIAN_POINT('',(7.5,4.35,8.35));
#1371 = CIRCLE('',#1372,0.95);
#1372 = AXIS2_PLACEMENT_3D('',#1373,#1374,#1375);
#1373 = CARTESIAN_POINT('',(7.5,4.35,7.4));
#1374 = DIRECTION('',(0.,1.,0.));
#1375 = DIRECTION('',(0.,-0.,1.));
#1376 = ORIENTED_EDGE('',*,*,#1377,.F.);
#1377 = EDGE_CURVE('',#1282,#1369,#1378,.T.);
#1378 = CIRCLE('',#1379,0.95);
#1379 = AXIS2_PLACEMENT_3D('',#1380,#1381,#1382);
#1380 = CARTESIAN_POINT('',(7.5,4.35,7.4));
#1381 = DIRECTION('',(0.,1.,0.));
#1382 = DIRECTION('',(0.,-0.,1.));
#1383 = ORIENTED_EDGE('',*,*,#1281,.F.);
#1384 = ORIENTED_EDGE('',*,*,#1239,.F.);
#1385 = ORIENTED_EDGE('',*,*,#1210,.F.);
#1386 = ORIENTED_EDGE('',*,*,#1168,.F.);
#1387 = PLANE('',#1388);
#1388 = AXIS2_PLACEMENT_3D('',#1389,#1390,#1391);
#1389 = CARTESIAN_POINT('',(7.5,4.35,4.521140854833));
#1390 = DIRECTION('',(-0.,-1.,-0.));
#1391 = DIRECTION('',(0.,0.,-1.));
#1392 = ADVANCED_FACE('',(#1393),#1401,.F.);
#1393 = FACE_BOUND('',#1394,.F.);
#1394 = EDGE_LOOP('',(#1395,#1396,#1397,#1398,#1399,#1400));
#1395 = ORIENTED_EDGE('',*,*,#897,.F.);
#1396 = ORIENTED_EDGE('',*,*,#387,.T.);
#1397 = ORIENTED_EDGE('',*,*,#378,.T.);
#1398 = ORIENTED_EDGE('',*,*,#842,.T.);
#1399 = ORIENTED_EDGE('',*,*,#1321,.F.);
#1400 = ORIENTED_EDGE('',*,*,#1330,.F.);
#1401 = CYLINDRICAL_SURFACE('',#1402,1.13);
#1402 = AXIS2_PLACEMENT_3D('',#1403,#1404,#1405);
#1403 = CARTESIAN_POINT('',(7.5,-5.E-02,7.4));
#1404 = DIRECTION('',(0.,1.,0.));
#1405 = DIRECTION('',(0.,-0.,1.));
#1406 = ADVANCED_FACE('',(#1407),#1415,.F.);
#1407 = FACE_BOUND('',#1408,.F.);
#1408 = EDGE_LOOP('',(#1409,#1410,#1411,#1412,#1413,#1414));
#1409 = ORIENTED_EDGE('',*,*,#1123,.T.);
#1410 = ORIENTED_EDGE('',*,*,#1368,.F.);
#1411 = ORIENTED_EDGE('',*,*,#1377,.F.);
#1412 = ORIENTED_EDGE('',*,*,#1289,.F.);
#1413 = ORIENTED_EDGE('',*,*,#1340,.T.);
#1414 = ORIENTED_EDGE('',*,*,#1349,.T.);
#1415 = CYLINDRICAL_SURFACE('',#1416,0.95);
#1416 = AXIS2_PLACEMENT_3D('',#1417,#1418,#1419);
#1417 = CARTESIAN_POINT('',(7.5,0.4,7.4));
#1418 = DIRECTION('',(0.,1.,0.));
#1419 = DIRECTION('',(0.,-0.,1.));
#1420 = ( GEOMETRIC_REPRESENTATION_CONTEXT(3)
GLOBAL_UNCERTAINTY_ASSIGNED_CONTEXT((#1424))
GLOBAL_UNIT_ASSIGNED_CONTEXT((#1421,#1422,#1423)) REPRESENTATION_CONTEXT
('Context #1','3D Context with UNIT and UNCERTAINTY') );
#1421 = ( LENGTH_UNIT() NAMED_UNIT(*) SI_UNIT(.MILLI.,.METRE.) );
#1422 = ( NAMED_UNIT(*) PLANE_ANGLE_UNIT() SI_UNIT($,.RADIAN.) );
#1423 = ( NAMED_UNIT(*) SI_UNIT($,.STERADIAN.) SOLID_ANGLE_UNIT() );
#1424 = UNCERTAINTY_MEASURE_WITH_UNIT(LENGTH_MEASURE(1.E-07),#1421,
  'distance_accuracy_value','confusion accuracy');
#1425 = CONTEXT_DEPENDENT_SHAPE_REPRESENTATION(#1426,#1428);
#1426 = ( REPRESENTATION_RELATIONSHIP('','',#64,#10)
REPRESENTATION_RELATIONSHIP_WITH_TRANSFORMATION(#1427)
SHAPE_REPRESENTATION_RELATIONSHIP() );
#1427 = ITEM_DEFINED_TRANSFORMATION('','',#11,#15);
#1428 = PRODUCT_DEFINITION_SHAPE('Placement','Placement of an item',
  #1429);
#1429 = NEXT_ASSEMBLY_USAGE_OCCURRENCE('1','Housing P1','',#5,#59,$);
#1430 = PRODUCT_RELATED_PRODUCT_CATEGORY('part',$,(#61));
#1431 = SHAPE_DEFINITION_REPRESENTATION(#1432,#1438);
#1432 = PRODUCT_DEFINITION_SHAPE('','',#1433);
#1433 = PRODUCT_DEFINITION('design','',#1434,#1437);
#1434 = PRODUCT_DEFINITION_FORMATION('','',#1435);
#1435 = PRODUCT('Actuator P1','Actuator P1','',(#1436));
#1436 = PRODUCT_CONTEXT('',#2,'mechanical');
#1437 = PRODUCT_DEFINITION_CONTEXT('part definition',#2,'design');
#1438 = ADVANCED_BREP_SHAPE_REPRESENTATION('',(#11,#1439),#1657);
#1439 = MANIFOLD_SOLID_BREP('',#1440);
#1440 = CLOSED_SHELL('',(#1441,#1481,#1512,#1543,#1574,#1607,#1629,#1643
    ));
#1441 = ADVANCED_FACE('',(#1442),#1476,.T.);
#1442 = FACE_BOUND('',#1443,.T.);
#1443 = EDGE_LOOP('',(#1444,#1454,#1462,#1470));
#1444 = ORIENTED_EDGE('',*,*,#1445,.T.);
#1445 = EDGE_CURVE('',#1446,#1448,#1450,.T.);
#1446 = VERTEX_POINT('',#1447);
#1447 = CARTESIAN_POINT('',(5.6,-0.35,10.6));
#1448 = VERTEX_POINT('',#1449);
#1449 = CARTESIAN_POINT('',(9.4,-0.35,10.6));
#1450 = LINE('',#1451,#1452);
#1451 = CARTESIAN_POINT('',(5.6,-0.35,10.6));
#1452 = VECTOR('',#1453,1.);
#1453 = DIRECTION('',(1.,0.,0.));
#1454 = ORIENTED_EDGE('',*,*,#1455,.T.);
#1455 = EDGE_CURVE('',#1448,#1456,#1458,.T.);
#1456 = VERTEX_POINT('',#1457);
#1457 = CARTESIAN_POINT('',(9.4,9.45,10.6));
#1458 = LINE('',#1459,#1460);
#1459 = CARTESIAN_POINT('',(9.4,-0.35,10.6));
#1460 = VECTOR('',#1461,1.);
#1461 = DIRECTION('',(0.,1.,0.));
#1462 = ORIENTED_EDGE('',*,*,#1463,.F.);
#1463 = EDGE_CURVE('',#1464,#1456,#1466,.T.);
#1464 = VERTEX_POINT('',#1465);
#1465 = CARTESIAN_POINT('',(5.6,9.45,10.6));
#1466 = LINE('',#1467,#1468);
#1467 = CARTESIAN_POINT('',(5.6,9.45,10.6));
#1468 = VECTOR('',#1469,1.);
#1469 = DIRECTION('',(1.,0.,0.));
#1470 = ORIENTED_EDGE('',*,*,#1471,.F.);
#1471 = EDGE_CURVE('',#1446,#1464,#1472,.T.);
#1472 = LINE('',#1473,#1474);
#1473 = CARTESIAN_POINT('',(5.6,-0.35,10.6));
#1474 = VECTOR('',#1475,1.);
#1475 = DIRECTION('',(0.,1.,0.));
#1476 = PLANE('',#1477);
#1477 = AXIS2_PLACEMENT_3D('',#1478,#1479,#1480);
#1478 = CARTESIAN_POINT('',(5.6,-0.35,10.6));
#1479 = DIRECTION('',(0.,0.,1.));
#1480 = DIRECTION('',(0.,1.,0.));
#1481 = ADVANCED_FACE('',(#1482),#1507,.T.);
#1482 = FACE_BOUND('',#1483,.T.);
#1483 = EDGE_LOOP('',(#1484,#1494,#1500,#1501));
#1484 = ORIENTED_EDGE('',*,*,#1485,.T.);
#1485 = EDGE_CURVE('',#1486,#1488,#1490,.T.);
#1486 = VERTEX_POINT('',#1487);
#1487 = CARTESIAN_POINT('',(5.6,1.25,8.6));
#1488 = VERTEX_POINT('',#1489);
#1489 = CARTESIAN_POINT('',(9.4,1.25,8.6));
#1490 = LINE('',#1491,#1492);
#1491 = CARTESIAN_POINT('',(5.6,1.25,8.6));
#1492 = VECTOR('',#1493,1.);
#1493 = DIRECTION('',(1.,0.,0.));
#1494 = ORIENTED_EDGE('',*,*,#1495,.T.);
#1495 = EDGE_CURVE('',#1488,#1448,#1496,.T.);
#1496 = LINE('',#1497,#1498);
#1497 = CARTESIAN_POINT('',(9.4,1.25,8.6));
#1498 = VECTOR('',#1499,1.);
#1499 = DIRECTION('',(0.,-0.624695047554,0.780868809443));
#1500 = ORIENTED_EDGE('',*,*,#1445,.F.);
#1501 = ORIENTED_EDGE('',*,*,#1502,.F.);
#1502 = EDGE_CURVE('',#1486,#1446,#1503,.T.);
#1503 = LINE('',#1504,#1505);
#1504 = CARTESIAN_POINT('',(5.6,1.25,8.6));
#1505 = VECTOR('',#1506,1.);
#1506 = DIRECTION('',(0.,-0.624695047554,0.780868809443));
#1507 = PLANE('',#1508);
#1508 = AXIS2_PLACEMENT_3D('',#1509,#1510,#1511);
#1509 = CARTESIAN_POINT('',(5.6,1.25,8.6));
#1510 = DIRECTION('',(0.,-0.780868809443,-0.624695047554));
#1511 = DIRECTION('',(0.,-0.624695047554,0.780868809443));
#1512 = ADVANCED_FACE('',(#1513),#1538,.T.);
#1513 = FACE_BOUND('',#1514,.T.);
#1514 = EDGE_LOOP('',(#1515,#1523,#1524,#1532));
#1515 = ORIENTED_EDGE('',*,*,#1516,.F.);
#1516 = EDGE_CURVE('',#1464,#1517,#1519,.T.);
#1517 = VERTEX_POINT('',#1518);
#1518 = CARTESIAN_POINT('',(5.6,9.45,9.565923489271));
#1519 = LINE('',#1520,#1521);
#1520 = CARTESIAN_POINT('',(5.6,9.45,10.6));
#1521 = VECTOR('',#1522,1.);
#1522 = DIRECTION('',(0.,0.,-1.));
#1523 = ORIENTED_EDGE('',*,*,#1463,.T.);
#1524 = ORIENTED_EDGE('',*,*,#1525,.T.);
#1525 = EDGE_CURVE('',#1456,#1526,#1528,.T.);
#1526 = VERTEX_POINT('',#1527);
#1527 = CARTESIAN_POINT('',(9.4,9.45,9.565923489271));
#1528 = LINE('',#1529,#1530);
#1529 = CARTESIAN_POINT('',(9.4,9.45,10.6));
#1530 = VECTOR('',#1531,1.);
#1531 = DIRECTION('',(0.,0.,-1.));
#1532 = ORIENTED_EDGE('',*,*,#1533,.F.);
#1533 = EDGE_CURVE('',#1517,#1526,#1534,.T.);
#1534 = LINE('',#1535,#1536);
#1535 = CARTESIAN_POINT('',(5.6,9.45,9.565923489271));
#1536 = VECTOR('',#1537,1.);
#1537 = DIRECTION('',(1.,0.,0.));
#1538 = PLANE('',#1539);
#1539 = AXIS2_PLACEMENT_3D('',#1540,#1541,#1542);
#1540 = CARTESIAN_POINT('',(5.6,9.45,10.6));
#1541 = DIRECTION('',(-0.,1.,0.));
#1542 = DIRECTION('',(0.,0.,-1.));
#1543 = ADVANCED_FACE('',(#1544),#1569,.T.);
#1544 = FACE_BOUND('',#1545,.T.);
#1545 = EDGE_LOOP('',(#1546,#1556,#1562,#1563));
#1546 = ORIENTED_EDGE('',*,*,#1547,.T.);
#1547 = EDGE_CURVE('',#1548,#1550,#1552,.T.);
#1548 = VERTEX_POINT('',#1549);
#1549 = CARTESIAN_POINT('',(5.6,9.45,8.6));
#1550 = VERTEX_POINT('',#1551);
#1551 = CARTESIAN_POINT('',(9.4,9.45,8.6));
#1552 = LINE('',#1553,#1554);
#1553 = CARTESIAN_POINT('',(5.6,9.45,8.6));
#1554 = VECTOR('',#1555,1.);
#1555 = DIRECTION('',(1.,0.,0.));
#1556 = ORIENTED_EDGE('',*,*,#1557,.T.);
#1557 = EDGE_CURVE('',#1550,#1488,#1558,.T.);
#1558 = LINE('',#1559,#1560);
#1559 = CARTESIAN_POINT('',(9.4,9.45,8.6));
#1560 = VECTOR('',#1561,1.);
#1561 = DIRECTION('',(0.,-1.,0.));
#1562 = ORIENTED_EDGE('',*,*,#1485,.F.);
#1563 = ORIENTED_EDGE('',*,*,#1564,.F.);
#1564 = EDGE_CURVE('',#1548,#1486,#1565,.T.);
#1565 = LINE('',#1566,#1567);
#1566 = CARTESIAN_POINT('',(5.6,9.45,8.6));
#1567 = VECTOR('',#1568,1.);
#1568 = DIRECTION('',(0.,-1.,0.));
#1569 = PLANE('',#1570);
#1570 = AXIS2_PLACEMENT_3D('',#1571,#1572,#1573);
#1571 = CARTESIAN_POINT('',(5.6,9.45,8.6));
#1572 = DIRECTION('',(0.,0.,-1.));
#1573 = DIRECTION('',(0.,-1.,0.));
#1574 = ADVANCED_FACE('',(#1575),#1602,.T.);
#1575 = FACE_BOUND('',#1576,.T.);
#1576 = EDGE_LOOP('',(#1577,#1586,#1594,#1601));
#1577 = ORIENTED_EDGE('',*,*,#1578,.F.);
#1578 = EDGE_CURVE('',#1579,#1526,#1581,.T.);
#1579 = VERTEX_POINT('',#1580);
#1580 = CARTESIAN_POINT('',(9.4,9.45,8.834076510729));
#1581 = CIRCLE('',#1582,0.58);
#1582 = AXIS2_PLACEMENT_3D('',#1583,#1584,#1585);
#1583 = CARTESIAN_POINT('',(9.4,9.,9.2));
#1584 = DIRECTION('',(1.,0.,0.));
#1585 = DIRECTION('',(-0.,0.,1.));
#1586 = ORIENTED_EDGE('',*,*,#1587,.F.);
#1587 = EDGE_CURVE('',#1588,#1579,#1590,.T.);
#1588 = VERTEX_POINT('',#1589);
#1589 = CARTESIAN_POINT('',(5.6,9.45,8.834076510729));
#1590 = LINE('',#1591,#1592);
#1591 = CARTESIAN_POINT('',(5.6,9.45,8.834076510729));
#1592 = VECTOR('',#1593,1.);
#1593 = DIRECTION('',(1.,0.,0.));
#1594 = ORIENTED_EDGE('',*,*,#1595,.T.);
#1595 = EDGE_CURVE('',#1588,#1517,#1596,.T.);
#1596 = CIRCLE('',#1597,0.58);
#1597 = AXIS2_PLACEMENT_3D('',#1598,#1599,#1600);
#1598 = CARTESIAN_POINT('',(5.6,9.,9.2));
#1599 = DIRECTION('',(1.,0.,0.));
#1600 = DIRECTION('',(-0.,0.,1.));
#1601 = ORIENTED_EDGE('',*,*,#1533,.T.);
#1602 = CYLINDRICAL_SURFACE('',#1603,0.58);
#1603 = AXIS2_PLACEMENT_3D('',#1604,#1605,#1606);
#1604 = CARTESIAN_POINT('',(5.6,9.,9.2));
#1605 = DIRECTION('',(1.,0.,0.));
#1606 = DIRECTION('',(-0.,0.,1.));
#1607 = ADVANCED_FACE('',(#1608),#1624,.T.);
#1608 = FACE_BOUND('',#1609,.T.);
#1609 = EDGE_LOOP('',(#1610,#1616,#1617,#1623));
#1610 = ORIENTED_EDGE('',*,*,#1611,.F.);
#1611 = EDGE_CURVE('',#1588,#1548,#1612,.T.);
#1612 = LINE('',#1613,#1614);
#1613 = CARTESIAN_POINT('',(5.6,9.45,10.6));
#1614 = VECTOR('',#1615,1.);
#1615 = DIRECTION('',(0.,0.,-1.));
#1616 = ORIENTED_EDGE('',*,*,#1587,.T.);
#1617 = ORIENTED_EDGE('',*,*,#1618,.T.);
#1618 = EDGE_CURVE('',#1579,#1550,#1619,.T.);
#1619 = LINE('',#1620,#1621);
#1620 = CARTESIAN_POINT('',(9.4,9.45,10.6));
#1621 = VECTOR('',#1622,1.);
#1622 = DIRECTION('',(0.,0.,-1.));
#1623 = ORIENTED_EDGE('',*,*,#1547,.F.);
#1624 = PLANE('',#1625);
#1625 = AXIS2_PLACEMENT_3D('',#1626,#1627,#1628);
#1626 = CARTESIAN_POINT('',(5.6,9.45,10.6));
#1627 = DIRECTION('',(-0.,1.,0.));
#1628 = DIRECTION('',(0.,0.,-1.));
#1629 = ADVANCED_FACE('',(#1630),#1638,.T.);
#1630 = FACE_BOUND('',#1631,.T.);
#1631 = EDGE_LOOP('',(#1632,#1633,#1634,#1635,#1636,#1637));
#1632 = ORIENTED_EDGE('',*,*,#1502,.T.);
#1633 = ORIENTED_EDGE('',*,*,#1471,.T.);
#1634 = ORIENTED_EDGE('',*,*,#1516,.T.);
#1635 = ORIENTED_EDGE('',*,*,#1595,.F.);
#1636 = ORIENTED_EDGE('',*,*,#1611,.T.);
#1637 = ORIENTED_EDGE('',*,*,#1564,.T.);
#1638 = PLANE('',#1639);
#1639 = AXIS2_PLACEMENT_3D('',#1640,#1641,#1642);
#1640 = CARTESIAN_POINT('',(5.6,4.823284092834,9.669808456553));
#1641 = DIRECTION('',(-1.,-0.,-0.));
#1642 = DIRECTION('',(0.,0.,-1.));
#1643 = ADVANCED_FACE('',(#1644),#1652,.T.);
#1644 = FACE_BOUND('',#1645,.T.);
#1645 = EDGE_LOOP('',(#1646,#1647,#1648,#1649,#1650,#1651));
#1646 = ORIENTED_EDGE('',*,*,#1495,.F.);
#1647 = ORIENTED_EDGE('',*,*,#1557,.F.);
#1648 = ORIENTED_EDGE('',*,*,#1618,.F.);
#1649 = ORIENTED_EDGE('',*,*,#1578,.T.);
#1650 = ORIENTED_EDGE('',*,*,#1525,.F.);
#1651 = ORIENTED_EDGE('',*,*,#1455,.F.);
#1652 = PLANE('',#1653);
#1653 = AXIS2_PLACEMENT_3D('',#1654,#1655,#1656);
#1654 = CARTESIAN_POINT('',(9.4,4.823284092834,9.669808456553));
#1655 = DIRECTION('',(1.,0.,0.));
#1656 = DIRECTION('',(-0.,0.,1.));
#1657 = ( GEOMETRIC_REPRESENTATION_CONTEXT(3)
GLOBAL_UNCERTAINTY_ASSIGNED_CONTEXT((#1661))
GLOBAL_UNIT_ASSIGNED_CONTEXT((#1658,#1659,#1660)) REPRESENTATION_CONTEXT
('Context #1','3D Context with UNIT and UNCERTAINTY') );
#1658 = ( LENGTH_UNIT() NAMED_UNIT(*) SI_UNIT(.MILLI.,.METRE.) );
#1659 = ( NAMED_UNIT(*) PLANE_ANGLE_UNIT() SI_UNIT($,.RADIAN.) );
#1660 = ( NAMED_UNIT(*) SI_UNIT($,.STERADIAN.) SOLID_ANGLE_UNIT() );
#1661 = UNCERTAINTY_MEASURE_WITH_UNIT(LENGTH_MEASURE(1.E-07),#1658,
  'distance_accuracy_value','confusion accuracy');
#1662 = CONTEXT_DEPENDENT_SHAPE_REPRESENTATION(#1663,#1665);
#1663 = ( REPRESENTATION_RELATIONSHIP('','',#1438,#10)
REPRESENTATION_RELATIONSHIP_WITH_TRANSFORMATION(#1664)
SHAPE_REPRESENTATION_RELATIONSHIP() );
#1664 = ITEM_DEFINED_TRANSFORMATION('','',#11,#19);
#1665 = PRODUCT_DEFINITION_SHAPE('Placement','Placement of an item',
  #1666);
#1666 = NEXT_ASSEMBLY_USAGE_OCCURRENCE('2','Actuator P1','',#5,#1433,$);
#1667 = PRODUCT_RELATED_PRODUCT_CATEGORY('part',$,(#1435));
#1668 = SHAPE_DEFINITION_REPRESENTATION(#1669,#1675);
#1669 = PRODUCT_DEFINITION_SHAPE('','',#1670);
#1670 = PRODUCT_DEFINITION('design','',#1671,#1674);
#1671 = PRODUCT_DEFINITION_FORMATION('','',#1672);
#1672 = PRODUCT('Terminal Pin P1 A','Terminal Pin P1 A','',(#1673));
#1673 = PRODUCT_CONTEXT('',#2,'mechanical');
#1674 = PRODUCT_DEFINITION_CONTEXT('part definition',#2,'design');
#1675 = ADVANCED_BREP_SHAPE_REPRESENTATION('',(#11,#1676),#1826);
#1676 = MANIFOLD_SOLID_BREP('',#1677);
#1677 = CLOSED_SHELL('',(#1678,#1718,#1758,#1780,#1802,#1814));
#1678 = ADVANCED_FACE('',(#1679),#1713,.F.);
#1679 = FACE_BOUND('',#1680,.F.);
#1680 = EDGE_LOOP('',(#1681,#1691,#1699,#1707));
#1681 = ORIENTED_EDGE('',*,*,#1682,.F.);
#1682 = EDGE_CURVE('',#1683,#1685,#1687,.T.);
#1683 = VERTEX_POINT('',#1684);
#1684 = CARTESIAN_POINT('',(7.6,4.35,-3.));
#1685 = VERTEX_POINT('',#1686);
#1686 = CARTESIAN_POINT('',(7.6,4.35,0.));
#1687 = LINE('',#1688,#1689);
#1688 = CARTESIAN_POINT('',(7.6,4.35,-3.));
#1689 = VECTOR('',#1690,1.);
#1690 = DIRECTION('',(0.,0.,1.));
#1691 = ORIENTED_EDGE('',*,*,#1692,.T.);
#1692 = EDGE_CURVE('',#1683,#1693,#1695,.T.);
#1693 = VERTEX_POINT('',#1694);
#1694 = CARTESIAN_POINT('',(7.6,4.85,-3.));
#1695 = LINE('',#1696,#1697);
#1696 = CARTESIAN_POINT('',(7.6,4.35,-3.));
#1697 = VECTOR('',#1698,1.);
#1698 = DIRECTION('',(-0.,1.,0.));
#1699 = ORIENTED_EDGE('',*,*,#1700,.T.);
#1700 = EDGE_CURVE('',#1693,#1701,#1703,.T.);
#1701 = VERTEX_POINT('',#1702);
#1702 = CARTESIAN_POINT('',(7.6,4.85,0.));
#1703 = LINE('',#1704,#1705);
#1704 = CARTESIAN_POINT('',(7.6,4.85,-3.));
#1705 = VECTOR('',#1706,1.);
#1706 = DIRECTION('',(0.,0.,1.));
#1707 = ORIENTED_EDGE('',*,*,#1708,.F.);
#1708 = EDGE_CURVE('',#1685,#1701,#1709,.T.);
#1709 = LINE('',#1710,#1711);
#1710 = CARTESIAN_POINT('',(7.6,4.35,0.));
#1711 = VECTOR('',#1712,1.);
#1712 = DIRECTION('',(-0.,1.,0.));
#1713 = PLANE('',#1714);
#1714 = AXIS2_PLACEMENT_3D('',#1715,#1716,#1717);
#1715 = CARTESIAN_POINT('',(7.6,4.35,-3.));
#1716 = DIRECTION('',(1.,0.,-0.));
#1717 = DIRECTION('',(0.,0.,1.));
#1718 = ADVANCED_FACE('',(#1719),#1753,.T.);
#1719 = FACE_BOUND('',#1720,.T.);
#1720 = EDGE_LOOP('',(#1721,#1731,#1739,#1747));
#1721 = ORIENTED_EDGE('',*,*,#1722,.F.);
#1722 = EDGE_CURVE('',#1723,#1725,#1727,.T.);
#1723 = VERTEX_POINT('',#1724);
#1724 = CARTESIAN_POINT('',(8.4,4.35,-3.));
#1725 = VERTEX_POINT('',#1726);
#1726 = CARTESIAN_POINT('',(8.4,4.35,0.));
#1727 = LINE('',#1728,#1729);
#1728 = CARTESIAN_POINT('',(8.4,4.35,-3.));
#1729 = VECTOR('',#1730,1.);
#1730 = DIRECTION('',(0.,0.,1.));
#1731 = ORIENTED_EDGE('',*,*,#1732,.T.);
#1732 = EDGE_CURVE('',#1723,#1733,#1735,.T.);
#1733 = VERTEX_POINT('',#1734);
#1734 = CARTESIAN_POINT('',(8.4,4.85,-3.));
#1735 = LINE('',#1736,#1737);
#1736 = CARTESIAN_POINT('',(8.4,4.35,-3.));
#1737 = VECTOR('',#1738,1.);
#1738 = DIRECTION('',(-0.,1.,0.));
#1739 = ORIENTED_EDGE('',*,*,#1740,.T.);
#1740 = EDGE_CURVE('',#1733,#1741,#1743,.T.);
#1741 = VERTEX_POINT('',#1742);
#1742 = CARTESIAN_POINT('',(8.4,4.85,0.));
#1743 = LINE('',#1744,#1745);
#1744 = CARTESIAN_POINT('',(8.4,4.85,-3.));
#1745 = VECTOR('',#1746,1.);
#1746 = DIRECTION('',(0.,0.,1.));
#1747 = ORIENTED_EDGE('',*,*,#1748,.F.);
#1748 = EDGE_CURVE('',#1725,#1741,#1749,.T.);
#1749 = LINE('',#1750,#1751);
#1750 = CARTESIAN_POINT('',(8.4,4.35,0.));
#1751 = VECTOR('',#1752,1.);
#1752 = DIRECTION('',(-0.,1.,0.));
#1753 = PLANE('',#1754);
#1754 = AXIS2_PLACEMENT_3D('',#1755,#1756,#1757);
#1755 = CARTESIAN_POINT('',(8.4,4.35,-3.));
#1756 = DIRECTION('',(1.,0.,-0.));
#1757 = DIRECTION('',(0.,0.,1.));
#1758 = ADVANCED_FACE('',(#1759),#1775,.F.);
#1759 = FACE_BOUND('',#1760,.F.);
#1760 = EDGE_LOOP('',(#1761,#1767,#1768,#1774));
#1761 = ORIENTED_EDGE('',*,*,#1762,.F.);
#1762 = EDGE_CURVE('',#1683,#1723,#1763,.T.);
#1763 = LINE('',#1764,#1765);
#1764 = CARTESIAN_POINT('',(7.6,4.35,-3.));
#1765 = VECTOR('',#1766,1.);
#1766 = DIRECTION('',(1.,0.,-0.));
#1767 = ORIENTED_EDGE('',*,*,#1682,.T.);
#1768 = ORIENTED_EDGE('',*,*,#1769,.T.);
#1769 = EDGE_CURVE('',#1685,#1725,#1770,.T.);
#1770 = LINE('',#1771,#1772);
#1771 = CARTESIAN_POINT('',(7.6,4.35,0.));
#1772 = VECTOR('',#1773,1.);
#1773 = DIRECTION('',(1.,0.,-0.));
#1774 = ORIENTED_EDGE('',*,*,#1722,.F.);
#1775 = PLANE('',#1776);
#1776 = AXIS2_PLACEMENT_3D('',#1777,#1778,#1779);
#1777 = CARTESIAN_POINT('',(7.6,4.35,-3.));
#1778 = DIRECTION('',(-0.,1.,0.));
#1779 = DIRECTION('',(0.,0.,1.));
#1780 = ADVANCED_FACE('',(#1781),#1797,.T.);
#1781 = FACE_BOUND('',#1782,.T.);
#1782 = EDGE_LOOP('',(#1783,#1789,#1790,#1796));
#1783 = ORIENTED_EDGE('',*,*,#1784,.F.);
#1784 = EDGE_CURVE('',#1693,#1733,#1785,.T.);
#1785 = LINE('',#1786,#1787);
#1786 = CARTESIAN_POINT('',(7.6,4.85,-3.));
#1787 = VECTOR('',#1788,1.);
#1788 = DIRECTION('',(1.,0.,-0.));
#1789 = ORIENTED_EDGE('',*,*,#1700,.T.);
#1790 = ORIENTED_EDGE('',*,*,#1791,.T.);
#1791 = EDGE_CURVE('',#1701,#1741,#1792,.T.);
#1792 = LINE('',#1793,#1794);
#1793 = CARTESIAN_POINT('',(7.6,4.85,0.));
#1794 = VECTOR('',#1795,1.);
#1795 = DIRECTION('',(1.,0.,-0.));
#1796 = ORIENTED_EDGE('',*,*,#1740,.F.);
#1797 = PLANE('',#1798);
#1798 = AXIS2_PLACEMENT_3D('',#1799,#1800,#1801);
#1799 = CARTESIAN_POINT('',(7.6,4.85,-3.));
#1800 = DIRECTION('',(-0.,1.,0.));
#1801 = DIRECTION('',(0.,0.,1.));
#1802 = ADVANCED_FACE('',(#1803),#1809,.F.);
#1803 = FACE_BOUND('',#1804,.F.);
#1804 = EDGE_LOOP('',(#1805,#1806,#1807,#1808));
#1805 = ORIENTED_EDGE('',*,*,#1692,.F.);
#1806 = ORIENTED_EDGE('',*,*,#1762,.T.);
#1807 = ORIENTED_EDGE('',*,*,#1732,.T.);
#1808 = ORIENTED_EDGE('',*,*,#1784,.F.);
#1809 = PLANE('',#1810);
#1810 = AXIS2_PLACEMENT_3D('',#1811,#1812,#1813);
#1811 = CARTESIAN_POINT('',(7.6,4.35,-3.));
#1812 = DIRECTION('',(0.,0.,1.));
#1813 = DIRECTION('',(1.,0.,-0.));
#1814 = ADVANCED_FACE('',(#1815),#1821,.T.);
#1815 = FACE_BOUND('',#1816,.T.);
#1816 = EDGE_LOOP('',(#1817,#1818,#1819,#1820));
#1817 = ORIENTED_EDGE('',*,*,#1708,.F.);
#1818 = ORIENTED_EDGE('',*,*,#1769,.T.);
#1819 = ORIENTED_EDGE('',*,*,#1748,.T.);
#1820 = ORIENTED_EDGE('',*,*,#1791,.F.);
#1821 = PLANE('',#1822);
#1822 = AXIS2_PLACEMENT_3D('',#1823,#1824,#1825);
#1823 = CARTESIAN_POINT('',(7.6,4.35,0.));
#1824 = DIRECTION('',(0.,0.,1.));
#1825 = DIRECTION('',(1.,0.,-0.));
#1826 = ( GEOMETRIC_REPRESENTATION_CONTEXT(3)
GLOBAL_UNCERTAINTY_ASSIGNED_CONTEXT((#1830))
GLOBAL_UNIT_ASSIGNED_CONTEXT((#1827,#1828,#1829)) REPRESENTATION_CONTEXT
('Context #1','3D Context with UNIT and UNCERTAINTY') );
#1827 = ( LENGTH_UNIT() NAMED_UNIT(*) SI_UNIT(.MILLI.,.METRE.) );
#1828 = ( NAMED_UNIT(*) PLANE_ANGLE_UNIT() SI_UNIT($,.RADIAN.) );
#1829 = ( NAMED_UNIT(*) SI_UNIT($,.STERADIAN.) SOLID_ANGLE_UNIT() );
#1830 = UNCERTAINTY_MEASURE_WITH_UNIT(LENGTH_MEASURE(1.E-07),#1827,
  'distance_accuracy_value','confusion accuracy');
#1831 = CONTEXT_DEPENDENT_SHAPE_REPRESENTATION(#1832,#1834);
#1832 = ( REPRESENTATION_RELATIONSHIP('','',#1675,#10)
REPRESENTATION_RELATIONSHIP_WITH_TRANSFORMATION(#1833)
SHAPE_REPRESENTATION_RELATIONSHIP() );
#1833 = ITEM_DEFINED_TRANSFORMATION('','',#11,#23);
#1834 = PRODUCT_DEFINITION_SHAPE('Placement','Placement of an item',
  #1835);
#1835 = NEXT_ASSEMBLY_USAGE_OCCURRENCE('3','Terminal Pin P1 A','',#5,
  #1670,$);
#1836 = PRODUCT_RELATED_PRODUCT_CATEGORY('part',$,(#1672));
#1837 = SHAPE_DEFINITION_REPRESENTATION(#1838,#1844);
#1838 = PRODUCT_DEFINITION_SHAPE('','',#1839);
#1839 = PRODUCT_DEFINITION('design','',#1840,#1843);
#1840 = PRODUCT_DEFINITION_FORMATION('','',#1841);
#1841 = PRODUCT('Terminal Pin P1 B','Terminal Pin P1 B','',(#1842));
#1842 = PRODUCT_CONTEXT('',#2,'mechanical');
#1843 = PRODUCT_DEFINITION_CONTEXT('part definition',#2,'design');
#1844 = ADVANCED_BREP_SHAPE_REPRESENTATION('',(#11,#1845),#1995);
#1845 = MANIFOLD_SOLID_BREP('',#1846);
#1846 = CLOSED_SHELL('',(#1847,#1887,#1927,#1949,#1971,#1983));
#1847 = ADVANCED_FACE('',(#1848),#1882,.F.);
#1848 = FACE_BOUND('',#1849,.F.);
#1849 = EDGE_LOOP('',(#1850,#1860,#1868,#1876));
#1850 = ORIENTED_EDGE('',*,*,#1851,.F.);
#1851 = EDGE_CURVE('',#1852,#1854,#1856,.T.);
#1852 = VERTEX_POINT('',#1853);
#1853 = CARTESIAN_POINT('',(7.6,9.35,-3.));
#1854 = VERTEX_POINT('',#1855);
#1855 = CARTESIAN_POINT('',(7.6,9.35,0.));
#1856 = LINE('',#1857,#1858);
#1857 = CARTESIAN_POINT('',(7.6,9.35,-3.));
#1858 = VECTOR('',#1859,1.);
#1859 = DIRECTION('',(0.,0.,1.));
#1860 = ORIENTED_EDGE('',*,*,#1861,.T.);
#1861 = EDGE_CURVE('',#1852,#1862,#1864,.T.);
#1862 = VERTEX_POINT('',#1863);
#1863 = CARTESIAN_POINT('',(7.6,9.85,-3.));
#1864 = LINE('',#1865,#1866);
#1865 = CARTESIAN_POINT('',(7.6,9.35,-3.));
#1866 = VECTOR('',#1867,1.);
#1867 = DIRECTION('',(-0.,1.,0.));
#1868 = ORIENTED_EDGE('',*,*,#1869,.T.);
#1869 = EDGE_CURVE('',#1862,#1870,#1872,.T.);
#1870 = VERTEX_POINT('',#1871);
#1871 = CARTESIAN_POINT('',(7.6,9.85,0.));
#1872 = LINE('',#1873,#1874);
#1873 = CARTESIAN_POINT('',(7.6,9.85,-3.));
#1874 = VECTOR('',#1875,1.);
#1875 = DIRECTION('',(0.,0.,1.));
#1876 = ORIENTED_EDGE('',*,*,#1877,.F.);
#1877 = EDGE_CURVE('',#1854,#1870,#1878,.T.);
#1878 = LINE('',#1879,#1880);
#1879 = CARTESIAN_POINT('',(7.6,9.35,0.));
#1880 = VECTOR('',#1881,1.);
#1881 = DIRECTION('',(-0.,1.,0.));
#1882 = PLANE('',#1883);
#1883 = AXIS2_PLACEMENT_3D('',#1884,#1885,#1886);
#1884 = CARTESIAN_POINT('',(7.6,9.35,-3.));
#1885 = DIRECTION('',(1.,0.,-0.));
#1886 = DIRECTION('',(0.,0.,1.));
#1887 = ADVANCED_FACE('',(#1888),#1922,.T.);
#1888 = FACE_BOUND('',#1889,.T.);
#1889 = EDGE_LOOP('',(#1890,#1900,#1908,#1916));
#1890 = ORIENTED_EDGE('',*,*,#1891,.F.);
#1891 = EDGE_CURVE('',#1892,#1894,#1896,.T.);
#1892 = VERTEX_POINT('',#1893);
#1893 = CARTESIAN_POINT('',(8.4,9.35,-3.));
#1894 = VERTEX_POINT('',#1895);
#1895 = CARTESIAN_POINT('',(8.4,9.35,0.));
#1896 = LINE('',#1897,#1898);
#1897 = CARTESIAN_POINT('',(8.4,9.35,-3.));
#1898 = VECTOR('',#1899,1.);
#1899 = DIRECTION('',(0.,0.,1.));
#1900 = ORIENTED_EDGE('',*,*,#1901,.T.);
#1901 = EDGE_CURVE('',#1892,#1902,#1904,.T.);
#1902 = VERTEX_POINT('',#1903);
#1903 = CARTESIAN_POINT('',(8.4,9.85,-3.));
#1904 = LINE('',#1905,#1906);
#1905 = CARTESIAN_POINT('',(8.4,9.35,-3.));
#1906 = VECTOR('',#1907,1.);
#1907 = DIRECTION('',(-0.,1.,0.));
#1908 = ORIENTED_EDGE('',*,*,#1909,.T.);
#1909 = EDGE_CURVE('',#1902,#1910,#1912,.T.);
#1910 = VERTEX_POINT('',#1911);
#1911 = CARTESIAN_POINT('',(8.4,9.85,0.));
#1912 = LINE('',#1913,#1914);
#1913 = CARTESIAN_POINT('',(8.4,9.85,-3.));
#1914 = VECTOR('',#1915,1.);
#1915 = DIRECTION('',(0.,0.,1.));
#1916 = ORIENTED_EDGE('',*,*,#1917,.F.);
#1917 = EDGE_CURVE('',#1894,#1910,#1918,.T.);
#1918 = LINE('',#1919,#1920);
#1919 = CARTESIAN_POINT('',(8.4,9.35,0.));
#1920 = VECTOR('',#1921,1.);
#1921 = DIRECTION('',(-0.,1.,0.));
#1922 = PLANE('',#1923);
#1923 = AXIS2_PLACEMENT_3D('',#1924,#1925,#1926);
#1924 = CARTESIAN_POINT('',(8.4,9.35,-3.));
#1925 = DIRECTION('',(1.,0.,-0.));
#1926 = DIRECTION('',(0.,0.,1.));
#1927 = ADVANCED_FACE('',(#1928),#1944,.F.);
#1928 = FACE_BOUND('',#1929,.F.);
#1929 = EDGE_LOOP('',(#1930,#1936,#1937,#1943));
#1930 = ORIENTED_EDGE('',*,*,#1931,.F.);
#1931 = EDGE_CURVE('',#1852,#1892,#1932,.T.);
#1932 = LINE('',#1933,#1934);
#1933 = CARTESIAN_POINT('',(7.6,9.35,-3.));
#1934 = VECTOR('',#1935,1.);
#1935 = DIRECTION('',(1.,0.,-0.));
#1936 = ORIENTED_EDGE('',*,*,#1851,.T.);
#1937 = ORIENTED_EDGE('',*,*,#1938,.T.);
#1938 = EDGE_CURVE('',#1854,#1894,#1939,.T.);
#1939 = LINE('',#1940,#1941);
#1940 = CARTESIAN_POINT('',(7.6,9.35,0.));
#1941 = VECTOR('',#1942,1.);
#1942 = DIRECTION('',(1.,0.,-0.));
#1943 = ORIENTED_EDGE('',*,*,#1891,.F.);
#1944 = PLANE('',#1945);
#1945 = AXIS2_PLACEMENT_3D('',#1946,#1947,#1948);
#1946 = CARTESIAN_POINT('',(7.6,9.35,-3.));
#1947 = DIRECTION('',(-0.,1.,0.));
#1948 = DIRECTION('',(0.,0.,1.));
#1949 = ADVANCED_FACE('',(#1950),#1966,.T.);
#1950 = FACE_BOUND('',#1951,.T.);
#1951 = EDGE_LOOP('',(#1952,#1958,#1959,#1965));
#1952 = ORIENTED_EDGE('',*,*,#1953,.F.);
#1953 = EDGE_CURVE('',#1862,#1902,#1954,.T.);
#1954 = LINE('',#1955,#1956);
#1955 = CARTESIAN_POINT('',(7.6,9.85,-3.));
#1956 = VECTOR('',#1957,1.);
#1957 = DIRECTION('',(1.,0.,-0.));
#1958 = ORIENTED_EDGE('',*,*,#1869,.T.);
#1959 = ORIENTED_EDGE('',*,*,#1960,.T.);
#1960 = EDGE_CURVE('',#1870,#1910,#1961,.T.);
#1961 = LINE('',#1962,#1963);
#1962 = CARTESIAN_POINT('',(7.6,9.85,0.));
#1963 = VECTOR('',#1964,1.);
#1964 = DIRECTION('',(1.,0.,-0.));
#1965 = ORIENTED_EDGE('',*,*,#1909,.F.);
#1966 = PLANE('',#1967);
#1967 = AXIS2_PLACEMENT_3D('',#1968,#1969,#1970);
#1968 = CARTESIAN_POINT('',(7.6,9.85,-3.));
#1969 = DIRECTION('',(-0.,1.,0.));
#1970 = DIRECTION('',(0.,0.,1.));
#1971 = ADVANCED_FACE('',(#1972),#1978,.F.);
#1972 = FACE_BOUND('',#1973,.F.);
#1973 = EDGE_LOOP('',(#1974,#1975,#1976,#1977));
#1974 = ORIENTED_EDGE('',*,*,#1861,.F.);
#1975 = ORIENTED_EDGE('',*,*,#1931,.T.);
#1976 = ORIENTED_EDGE('',*,*,#1901,.T.);
#1977 = ORIENTED_EDGE('',*,*,#1953,.F.);
#1978 = PLANE('',#1979);
#1979 = AXIS2_PLACEMENT_3D('',#1980,#1981,#1982);
#1980 = CARTESIAN_POINT('',(7.6,9.35,-3.));
#1981 = DIRECTION('',(0.,0.,1.));
#1982 = DIRECTION('',(1.,0.,-0.));
#1983 = ADVANCED_FACE('',(#1984),#1990,.T.);
#1984 = FACE_BOUND('',#1985,.T.);
#1985 = EDGE_LOOP('',(#1986,#1987,#1988,#1989));
#1986 = ORIENTED_EDGE('',*,*,#1877,.F.);
#1987 = ORIENTED_EDGE('',*,*,#1938,.T.);
#1988 = ORIENTED_EDGE('',*,*,#1917,.T.);
#1989 = ORIENTED_EDGE('',*,*,#1960,.F.);
#1990 = PLANE('',#1991);
#1991 = AXIS2_PLACEMENT_3D('',#1992,#1993,#1994);
#1992 = CARTESIAN_POINT('',(7.6,9.35,0.));
#1993 = DIRECTION('',(0.,0.,1.));
#1994 = DIRECTION('',(1.,0.,-0.));
#1995 = ( GEOMETRIC_REPRESENTATION_CONTEXT(3)
GLOBAL_UNCERTAINTY_ASSIGNED_CONTEXT((#1999))
GLOBAL_UNIT_ASSIGNED_CONTEXT((#1996,#1997,#1998)) REPRESENTATION_CONTEXT
('Context #1','3D Context with UNIT and UNCERTAINTY') );
#1996 = ( LENGTH_UNIT() NAMED_UNIT(*) SI_UNIT(.MILLI.,.METRE.) );
#1997 = ( NAMED_UNIT(*) PLANE_ANGLE_UNIT() SI_UNIT($,.RADIAN.) );
#1998 = ( NAMED_UNIT(*) SI_UNIT($,.STERADIAN.) SOLID_ANGLE_UNIT() );
#1999 = UNCERTAINTY_MEASURE_WITH_UNIT(LENGTH_MEASURE(1.E-07),#1996,
  'distance_accuracy_value','confusion accuracy');
#2000 = CONTEXT_DEPENDENT_SHAPE_REPRESENTATION(#2001,#2003);
#2001 = ( REPRESENTATION_RELATIONSHIP('','',#1844,#10)
REPRESENTATION_RELATIONSHIP_WITH_TRANSFORMATION(#2002)
SHAPE_REPRESENTATION_RELATIONSHIP() );
#2002 = ITEM_DEFINED_TRANSFORMATION('','',#11,#27);
#2003 = PRODUCT_DEFINITION_SHAPE('Placement','Placement of an item',
  #2004);
#2004 = NEXT_ASSEMBLY_USAGE_OCCURRENCE('4','Terminal Pin P1 B','',#5,
  #1839,$);
#2005 = PRODUCT_RELATED_PRODUCT_CATEGORY('part',$,(#1841));
#2006 = SHAPE_DEFINITION_REPRESENTATION(#2007,#2013);
#2007 = PRODUCT_DEFINITION_SHAPE('','',#2008);
#2008 = PRODUCT_DEFINITION('design','',#2009,#2012);
#2009 = PRODUCT_DEFINITION_FORMATION('','',#2010);
#2010 = PRODUCT('Housing P2','Housing P2','',(#2011));
#2011 = PRODUCT_CONTEXT('',#2,'mechanical');
#2012 = PRODUCT_DEFINITION_CONTEXT('part definition',#2,'design');
#2013 = ADVANCED_BREP_SHAPE_REPRESENTATION('',(#11,#2014),#3639);
#2014 = MANIFOLD_SOLID_BREP('',#2015);
#2015 = CLOSED_SHELL('',(#2016,#2130,#2163,#2196,#2287,#2320,#2345,#2370
    ,#2395,#2420,#2445,#2470,#2495,#2596,#2613,#2644,#2661,#2686,#2718,
    #2743,#2783,#2815,#2839,#2864,#2881,#2912,#2921,#2930,#2939,#2948,
    #2957,#2966,#2984,#3015,#3040,#3071,#3095,#3126,#3144,#3168,#3179,
    #3203,#3220,#3232,#3249,#3261,#3272,#3321,#3352,#3383,#3416,#3447,
    #3487,#3518,#3534,#3580,#3611,#3625));
#2016 = ADVANCED_FACE('',(#2017,#2059,#2070,#2081,#2092,#2103,#2114),
  #2125,.F.);
#2017 = FACE_BOUND('',#2018,.F.);
#2018 = EDGE_LOOP('',(#2019,#2029,#2037,#2045,#2053));
#2019 = ORIENTED_EDGE('',*,*,#2020,.F.);
#2020 = EDGE_CURVE('',#2021,#2023,#2025,.T.);
#2021 = VERTEX_POINT('',#2022);
#2022 = CARTESIAN_POINT('',(-5.551115123126E-17,0.3,0.3));
#2023 = VERTEX_POINT('',#2024);
#2024 = CARTESIAN_POINT('',(-5.551115123126E-17,0.3,9.086363636364));
#2025 = LINE('',#2026,#2027);
#2026 = CARTESIAN_POINT('',(-5.551115123126E-17,0.3,0.));
#2027 = VECTOR('',#2028,1.);
#2028 = DIRECTION('',(0.,0.,1.));
#2029 = ORIENTED_EDGE('',*,*,#2030,.T.);
#2030 = EDGE_CURVE('',#2021,#2031,#2033,.T.);
#2031 = VERTEX_POINT('',#2032);
#2032 = CARTESIAN_POINT('',(-5.551115123126E-17,12.2,0.3));
#2033 = LINE('',#2034,#2035);
#2034 = CARTESIAN_POINT('',(-5.551115123126E-17,0.,0.3));
#2035 = VECTOR('',#2036,1.);
#2036 = DIRECTION('',(-0.,1.,0.));
#2037 = ORIENTED_EDGE('',*,*,#2038,.T.);
#2038 = EDGE_CURVE('',#2031,#2039,#2041,.T.);
#2039 = VERTEX_POINT('',#2040);
#2040 = CARTESIAN_POINT('',(-5.551115123126E-17,12.2,10.3));
#2041 = LINE('',#2042,#2043);
#2042 = CARTESIAN_POINT('',(-5.551115123126E-17,12.2,0.));
#2043 = VECTOR('',#2044,1.);
#2044 = DIRECTION('',(0.,0.,1.));
#2045 = ORIENTED_EDGE('',*,*,#2046,.F.);
#2046 = EDGE_CURVE('',#2047,#2039,#2049,.T.);
#2047 = VERTEX_POINT('',#2048);
#2048 = CARTESIAN_POINT('',(-5.551115123126E-17,1.743243243243,10.3));
#2049 = LINE('',#2050,#2051);
#2050 = CARTESIAN_POINT('',(-5.551115123126E-17,0.,10.3));
#2051 = VECTOR('',#2052,1.);
#2052 = DIRECTION('',(-0.,1.,0.));
#2053 = ORIENTED_EDGE('',*,*,#2054,.F.);
#2054 = EDGE_CURVE('',#2023,#2047,#2055,.T.);
#2055 = LINE('',#2056,#2057);
#2056 = CARTESIAN_POINT('',(0.,-1.125779122542,7.88741301059));
#2057 = VECTOR('',#2058,1.);
#2058 = DIRECTION('',(0.,0.765362085905,0.643599935875));
#2059 = FACE_BOUND('',#2060,.F.);
#2060 = EDGE_LOOP('',(#2061));
#2061 = ORIENTED_EDGE('',*,*,#2062,.F.);
#2062 = EDGE_CURVE('',#2063,#2063,#2065,.T.);
#2063 = VERTEX_POINT('',#2064);
#2064 = CARTESIAN_POINT('',(0.,10.65,3.52));
#2065 = CIRCLE('',#2066,0.42);
#2066 = AXIS2_PLACEMENT_3D('',#2067,#2068,#2069);
#2067 = CARTESIAN_POINT('',(0.,10.65,3.1));
#2068 = DIRECTION('',(1.,0.,0.));
#2069 = DIRECTION('',(-0.,0.,1.));
#2070 = FACE_BOUND('',#2071,.F.);
#2071 = EDGE_LOOP('',(#2072));
#2072 = ORIENTED_EDGE('',*,*,#2073,.F.);
#2073 = EDGE_CURVE('',#2074,#2074,#2076,.T.);
#2074 = VERTEX_POINT('',#2075);
#2075 = CARTESIAN_POINT('',(0.,6.25,1.87));
#2076 = CIRCLE('',#2077,0.42);
#2077 = AXIS2_PLACEMENT_3D('',#2078,#2079,#2080);
#2078 = CARTESIAN_POINT('',(0.,6.25,1.45));
#2079 = DIRECTION('',(1.,0.,0.));
#2080 = DIRECTION('',(-0.,0.,1.));
#2081 = FACE_BOUND('',#2082,.F.);
#2082 = EDGE_LOOP('',(#2083));
#2083 = ORIENTED_EDGE('',*,*,#2084,.F.);
#2084 = EDGE_CURVE('',#2085,#2085,#2087,.T.);
#2085 = VERTEX_POINT('',#2086);
#2086 = CARTESIAN_POINT('',(0.,10.65,8.57));
#2087 = CIRCLE('',#2088,0.42);
#2088 = AXIS2_PLACEMENT_3D('',#2089,#2090,#2091);
#2089 = CARTESIAN_POINT('',(0.,10.65,8.15));
#2090 = DIRECTION('',(1.,0.,0.));
#2091 = DIRECTION('',(-0.,0.,1.));
#2092 = FACE_BOUND('',#2093,.F.);
#2093 = EDGE_LOOP('',(#2094));
#2094 = ORIENTED_EDGE('',*,*,#2095,.F.);
#2095 = EDGE_CURVE('',#2096,#2096,#2098,.T.);
#2096 = VERTEX_POINT('',#2097);
#2097 = CARTESIAN_POINT('',(0.,1.65,1.87));
#2098 = CIRCLE('',#2099,0.42);
#2099 = AXIS2_PLACEMENT_3D('',#2100,#2101,#2102);
#2100 = CARTESIAN_POINT('',(0.,1.65,1.45));
#2101 = DIRECTION('',(1.,0.,0.));
#2102 = DIRECTION('',(-0.,0.,1.));
#2103 = FACE_BOUND('',#2104,.F.);
#2104 = EDGE_LOOP('',(#2105));
#2105 = ORIENTED_EDGE('',*,*,#2106,.F.);
#2106 = EDGE_CURVE('',#2107,#2107,#2109,.T.);
#2107 = VERTEX_POINT('',#2108);
#2108 = CARTESIAN_POINT('',(0.,4.65,7.54));
#2109 = CIRCLE('',#2110,0.34);
#2110 = AXIS2_PLACEMENT_3D('',#2111,#2112,#2113);
#2111 = CARTESIAN_POINT('',(0.,4.65,7.2));
#2112 = DIRECTION('',(1.,0.,0.));
#2113 = DIRECTION('',(-0.,0.,1.));
#2114 = FACE_BOUND('',#2115,.F.);
#2115 = EDGE_LOOP('',(#2116));
#2116 = ORIENTED_EDGE('',*,*,#2117,.F.);
#2117 = EDGE_CURVE('',#2118,#2118,#2120,.T.);
#2118 = VERTEX_POINT('',#2119);
#2119 = CARTESIAN_POINT('',(0.,1.65,8.57));
#2120 = CIRCLE('',#2121,0.42);
#2121 = AXIS2_PLACEMENT_3D('',#2122,#2123,#2124);
#2122 = CARTESIAN_POINT('',(0.,1.65,8.15));
#2123 = DIRECTION('',(1.,0.,0.));
#2124 = DIRECTION('',(-0.,0.,1.));
#2125 = PLANE('',#2126);
#2126 = AXIS2_PLACEMENT_3D('',#2127,#2128,#2129);
#2127 = CARTESIAN_POINT('',(0.,0.,0.));
#2128 = DIRECTION('',(1.,0.,-0.));
#2129 = DIRECTION('',(0.,0.,1.));
#2130 = ADVANCED_FACE('',(#2131),#2158,.T.);
#2131 = FACE_BOUND('',#2132,.T.);
#2132 = EDGE_LOOP('',(#2133,#2134,#2143,#2151));
#2133 = ORIENTED_EDGE('',*,*,#2020,.F.);
#2134 = ORIENTED_EDGE('',*,*,#2135,.T.);
#2135 = EDGE_CURVE('',#2021,#2136,#2138,.T.);
#2136 = VERTEX_POINT('',#2137);
#2137 = CARTESIAN_POINT('',(0.3,-5.551115123126E-17,0.3));
#2138 = CIRCLE('',#2139,0.3);
#2139 = AXIS2_PLACEMENT_3D('',#2140,#2141,#2142);
#2140 = CARTESIAN_POINT('',(0.3,0.3,0.3));
#2141 = DIRECTION('',(0.,0.,1.));
#2142 = DIRECTION('',(-1.,0.,0.));
#2143 = ORIENTED_EDGE('',*,*,#2144,.T.);
#2144 = EDGE_CURVE('',#2136,#2145,#2147,.T.);
#2145 = VERTEX_POINT('',#2146);
#2146 = CARTESIAN_POINT('',(0.3,-5.551115123126E-17,8.834090909091));
#2147 = LINE('',#2148,#2149);
#2148 = CARTESIAN_POINT('',(0.3,-5.551115123126E-17,0.));
#2149 = VECTOR('',#2150,1.);
#2150 = DIRECTION('',(0.,0.,1.));
#2151 = ORIENTED_EDGE('',*,*,#2152,.T.);
#2152 = EDGE_CURVE('',#2145,#2023,#2153,.T.);
#2153 = ELLIPSE('',#2154,0.391971336867,0.3);
#2154 = AXIS2_PLACEMENT_3D('',#2155,#2156,#2157);
#2155 = CARTESIAN_POINT('',(0.3,0.3,9.086363636364));
#2156 = DIRECTION('',(0.,0.643599935875,-0.765362085905));
#2157 = DIRECTION('',(0.,0.765362085905,0.643599935875));
#2158 = CYLINDRICAL_SURFACE('',#2159,0.3);
#2159 = AXIS2_PLACEMENT_3D('',#2160,#2161,#2162);
#2160 = CARTESIAN_POINT('',(0.3,0.3,0.));
#2161 = DIRECTION('',(0.,0.,1.));
#2162 = DIRECTION('',(-1.,-0.,0.));
#2163 = ADVANCED_FACE('',(#2164),#2191,.T.);
#2164 = FACE_BOUND('',#2165,.F.);
#2165 = EDGE_LOOP('',(#2166,#2175,#2183,#2190));
#2166 = ORIENTED_EDGE('',*,*,#2167,.F.);
#2167 = EDGE_CURVE('',#2168,#2021,#2170,.T.);
#2168 = VERTEX_POINT('',#2169);
#2169 = CARTESIAN_POINT('',(0.3,0.3,0.));
#2170 = CIRCLE('',#2171,0.3);
#2171 = AXIS2_PLACEMENT_3D('',#2172,#2173,#2174);
#2172 = CARTESIAN_POINT('',(0.3,0.3,0.3));
#2173 = DIRECTION('',(0.,1.,-0.));
#2174 = DIRECTION('',(-1.,0.,0.));
#2175 = ORIENTED_EDGE('',*,*,#2176,.T.);
#2176 = EDGE_CURVE('',#2168,#2177,#2179,.T.);
#2177 = VERTEX_POINT('',#2178);
#2178 = CARTESIAN_POINT('',(0.3,12.2,0.));
#2179 = LINE('',#2180,#2181);
#2180 = CARTESIAN_POINT('',(0.3,0.,-5.551115123126E-17));
#2181 = VECTOR('',#2182,1.);
#2182 = DIRECTION('',(-0.,1.,0.));
#2183 = ORIENTED_EDGE('',*,*,#2184,.T.);
#2184 = EDGE_CURVE('',#2177,#2031,#2185,.T.);
#2185 = CIRCLE('',#2186,0.3);
#2186 = AXIS2_PLACEMENT_3D('',#2187,#2188,#2189);
#2187 = CARTESIAN_POINT('',(0.3,12.2,0.3));
#2188 = DIRECTION('',(0.,1.,-0.));
#2189 = DIRECTION('',(-1.,0.,0.));
#2190 = ORIENTED_EDGE('',*,*,#2030,.F.);
#2191 = CYLINDRICAL_SURFACE('',#2192,0.3);
#2192 = AXIS2_PLACEMENT_3D('',#2193,#2194,#2195);
#2193 = CARTESIAN_POINT('',(0.3,0.,0.3));
#2194 = DIRECTION('',(-0.,1.,0.));
#2195 = DIRECTION('',(-1.,-0.,0.));
#2196 = ADVANCED_FACE('',(#2197),#2282,.F.);
#2197 = FACE_BOUND('',#2198,.F.);
#2198 = EDGE_LOOP('',(#2199,#2208,#2216,#2224,#2232,#2240,#2248,#2257,
    #2265,#2274,#2280,#2281));
#2199 = ORIENTED_EDGE('',*,*,#2200,.T.);
#2200 = EDGE_CURVE('',#2047,#2201,#2203,.T.);
#2201 = VERTEX_POINT('',#2202);
#2202 = CARTESIAN_POINT('',(0.3,2.1,10.6));
#2203 = ELLIPSE('',#2204,0.466128076275,0.3);
#2204 = AXIS2_PLACEMENT_3D('',#2205,#2206,#2207);
#2205 = CARTESIAN_POINT('',(0.3,1.743243243243,10.3));
#2206 = DIRECTION('',(0.,0.643599935875,-0.765362085905));
#2207 = DIRECTION('',(0.,0.765362085905,0.643599935875));
#2208 = ORIENTED_EDGE('',*,*,#2209,.T.);
#2209 = EDGE_CURVE('',#2201,#2210,#2212,.T.);
#2210 = VERTEX_POINT('',#2211);
#2211 = CARTESIAN_POINT('',(0.55,2.1,10.6));
#2212 = LINE('',#2213,#2214);
#2213 = CARTESIAN_POINT('',(-0.1,2.1,10.6));
#2214 = VECTOR('',#2215,1.);
#2215 = DIRECTION('',(1.,0.,0.));
#2216 = ORIENTED_EDGE('',*,*,#2217,.T.);
#2217 = EDGE_CURVE('',#2210,#2218,#2220,.T.);
#2218 = VERTEX_POINT('',#2219);
#2219 = CARTESIAN_POINT('',(0.55,0.589585439838,9.329878665319));
#2220 = LINE('',#2221,#2222);
#2221 = CARTESIAN_POINT('',(0.55,2.697145719937,11.102145264493));
#2222 = VECTOR('',#2223,1.);
#2223 = DIRECTION('',(0.,-0.765362085905,-0.643599935875));
#2224 = ORIENTED_EDGE('',*,*,#2225,.T.);
#2225 = EDGE_CURVE('',#2218,#2226,#2228,.T.);
#2226 = VERTEX_POINT('',#2227);
#2227 = CARTESIAN_POINT('',(4.45,0.589585439838,9.329878665319));
#2228 = LINE('',#2229,#2230);
#2229 = CARTESIAN_POINT('',(0.225,0.589585439838,9.329878665319));
#2230 = VECTOR('',#2231,1.);
#2231 = DIRECTION('',(1.,0.,0.));
#2232 = ORIENTED_EDGE('',*,*,#2233,.F.);
#2233 = EDGE_CURVE('',#2234,#2226,#2236,.T.);
#2234 = VERTEX_POINT('',#2235);
#2235 = CARTESIAN_POINT('',(4.45,2.1,10.6));
#2236 = LINE('',#2237,#2238);
#2237 = CARTESIAN_POINT('',(4.45,2.697145719937,11.102145264493));
#2238 = VECTOR('',#2239,1.);
#2239 = DIRECTION('',(0.,-0.765362085905,-0.643599935875));
#2240 = ORIENTED_EDGE('',*,*,#2241,.T.);
#2241 = EDGE_CURVE('',#2234,#2242,#2244,.T.);
#2242 = VERTEX_POINT('',#2243);
#2243 = CARTESIAN_POINT('',(4.7,2.1,10.6));
#2244 = LINE('',#2245,#2246);
#2245 = CARTESIAN_POINT('',(-0.1,2.1,10.6));
#2246 = VECTOR('',#2247,1.);
#2247 = DIRECTION('',(1.,0.,0.));
#2248 = ORIENTED_EDGE('',*,*,#2249,.T.);
#2249 = EDGE_CURVE('',#2242,#2250,#2252,.T.);
#2250 = VERTEX_POINT('',#2251);
#2251 = CARTESIAN_POINT('',(5.,1.743243243243,10.3));
#2252 = ELLIPSE('',#2253,0.466128076275,0.3);
#2253 = AXIS2_PLACEMENT_3D('',#2254,#2255,#2256);
#2254 = CARTESIAN_POINT('',(4.7,1.743243243243,10.3));
#2255 = DIRECTION('',(0.,0.643599935875,-0.765362085905));
#2256 = DIRECTION('',(0.,0.765362085905,0.643599935875));
#2257 = ORIENTED_EDGE('',*,*,#2258,.F.);
#2258 = EDGE_CURVE('',#2259,#2250,#2261,.T.);
#2259 = VERTEX_POINT('',#2260);
#2260 = CARTESIAN_POINT('',(5.,0.3,9.086363636364));
#2261 = LINE('',#2262,#2263);
#2262 = CARTESIAN_POINT('',(5.,-1.125779122542,7.88741301059));
#2263 = VECTOR('',#2264,1.);
#2264 = DIRECTION('',(0.,0.765362085905,0.643599935875));
#2265 = ORIENTED_EDGE('',*,*,#2266,.T.);
#2266 = EDGE_CURVE('',#2259,#2267,#2269,.T.);
#2267 = VERTEX_POINT('',#2268);
#2268 = CARTESIAN_POINT('',(4.7,-5.551115123126E-17,8.834090909091));
#2269 = ELLIPSE('',#2270,0.391971336867,0.3);
#2270 = AXIS2_PLACEMENT_3D('',#2271,#2272,#2273);
#2271 = CARTESIAN_POINT('',(4.7,0.3,9.086363636364));
#2272 = DIRECTION('',(0.,0.643599935875,-0.765362085905));
#2273 = DIRECTION('',(0.,0.765362085905,0.643599935875));
#2274 = ORIENTED_EDGE('',*,*,#2275,.T.);
#2275 = EDGE_CURVE('',#2267,#2145,#2276,.T.);
#2276 = LINE('',#2277,#2278);
#2277 = CARTESIAN_POINT('',(-5.E-02,2.22044604925E-16,8.834090909091));
#2278 = VECTOR('',#2279,1.);
#2279 = DIRECTION('',(-1.,0.,-0.));
#2280 = ORIENTED_EDGE('',*,*,#2152,.T.);
#2281 = ORIENTED_EDGE('',*,*,#2054,.T.);
#2282 = PLANE('',#2283);
#2283 = AXIS2_PLACEMENT_3D('',#2284,#2285,#2286);
#2284 = CARTESIAN_POINT('',(-0.1,2.1,10.6));
#2285 = DIRECTION('',(0.,0.643599935875,-0.765362085905));
#2286 = DIRECTION('',(0.,-0.765362085905,-0.643599935875));
#2287 = ADVANCED_FACE('',(#2288),#2315,.T.);
#2288 = FACE_BOUND('',#2289,.F.);
#2289 = EDGE_LOOP('',(#2290,#2291,#2300,#2308));
#2290 = ORIENTED_EDGE('',*,*,#2038,.F.);
#2291 = ORIENTED_EDGE('',*,*,#2292,.T.);
#2292 = EDGE_CURVE('',#2031,#2293,#2295,.T.);
#2293 = VERTEX_POINT('',#2294);
#2294 = CARTESIAN_POINT('',(0.3,12.5,0.3));
#2295 = CIRCLE('',#2296,0.3);
#2296 = AXIS2_PLACEMENT_3D('',#2297,#2298,#2299);
#2297 = CARTESIAN_POINT('',(0.3,12.2,0.3));
#2298 = DIRECTION('',(-0.,0.,-1.));
#2299 = DIRECTION('',(-1.,0.,0.));
#2300 = ORIENTED_EDGE('',*,*,#2301,.T.);
#2301 = EDGE_CURVE('',#2293,#2302,#2304,.T.);
#2302 = VERTEX_POINT('',#2303);
#2303 = CARTESIAN_POINT('',(0.3,12.5,10.3));
#2304 = LINE('',#2305,#2306);
#2305 = CARTESIAN_POINT('',(0.3,12.5,0.));
#2306 = VECTOR('',#2307,1.);
#2307 = DIRECTION('',(0.,0.,1.));
#2308 = ORIENTED_EDGE('',*,*,#2309,.T.);
#2309 = EDGE_CURVE('',#2302,#2039,#2310,.T.);
#2310 = CIRCLE('',#2311,0.3);
#2311 = AXIS2_PLACEMENT_3D('',#2312,#2313,#2314);
#2312 = CARTESIAN_POINT('',(0.3,12.2,10.3));
#2313 = DIRECTION('',(0.,0.,1.));
#2314 = DIRECTION('',(-1.,-0.,0.));
#2315 = CYLINDRICAL_SURFACE('',#2316,0.3);
#2316 = AXIS2_PLACEMENT_3D('',#2317,#2318,#2319);
#2317 = CARTESIAN_POINT('',(0.3,12.2,0.));
#2318 = DIRECTION('',(0.,0.,1.));
#2319 = DIRECTION('',(-1.,-0.,0.));
#2320 = ADVANCED_FACE('',(#2321),#2340,.T.);
#2321 = FACE_BOUND('',#2322,.T.);
#2322 = EDGE_LOOP('',(#2323,#2324,#2332,#2339));
#2323 = ORIENTED_EDGE('',*,*,#2200,.T.);
#2324 = ORIENTED_EDGE('',*,*,#2325,.T.);
#2325 = EDGE_CURVE('',#2201,#2326,#2328,.T.);
#2326 = VERTEX_POINT('',#2327);
#2327 = CARTESIAN_POINT('',(0.3,12.2,10.6));
#2328 = LINE('',#2329,#2330);
#2329 = CARTESIAN_POINT('',(0.3,0.,10.6));
#2330 = VECTOR('',#2331,1.);
#2331 = DIRECTION('',(-0.,1.,0.));
#2332 = ORIENTED_EDGE('',*,*,#2333,.F.);
#2333 = EDGE_CURVE('',#2039,#2326,#2334,.T.);
#2334 = CIRCLE('',#2335,0.3);
#2335 = AXIS2_PLACEMENT_3D('',#2336,#2337,#2338);
#2336 = CARTESIAN_POINT('',(0.3,12.2,10.3));
#2337 = DIRECTION('',(-0.,1.,0.));
#2338 = DIRECTION('',(-1.,-0.,0.));
#2339 = ORIENTED_EDGE('',*,*,#2046,.F.);
#2340 = CYLINDRICAL_SURFACE('',#2341,0.3);
#2341 = AXIS2_PLACEMENT_3D('',#2342,#2343,#2344);
#2342 = CARTESIAN_POINT('',(0.3,0.,10.3));
#2343 = DIRECTION('',(-0.,1.,0.));
#2344 = DIRECTION('',(-1.,-0.,0.));
#2345 = ADVANCED_FACE('',(#2346),#2365,.F.);
#2346 = FACE_BOUND('',#2347,.F.);
#2347 = EDGE_LOOP('',(#2348,#2356,#2363,#2364));
#2348 = ORIENTED_EDGE('',*,*,#2349,.T.);
#2349 = EDGE_CURVE('',#2063,#2350,#2352,.T.);
#2350 = VERTEX_POINT('',#2351);
#2351 = CARTESIAN_POINT('',(0.27,10.65,3.52));
#2352 = LINE('',#2353,#2354);
#2353 = CARTESIAN_POINT('',(-5.E-02,10.65,3.52));
#2354 = VECTOR('',#2355,1.);
#2355 = DIRECTION('',(1.,0.,0.));
#2356 = ORIENTED_EDGE('',*,*,#2357,.F.);
#2357 = EDGE_CURVE('',#2350,#2350,#2358,.T.);
#2358 = CIRCLE('',#2359,0.42);
#2359 = AXIS2_PLACEMENT_3D('',#2360,#2361,#2362);
#2360 = CARTESIAN_POINT('',(0.27,10.65,3.1));
#2361 = DIRECTION('',(1.,0.,0.));
#2362 = DIRECTION('',(-0.,0.,1.));
#2363 = ORIENTED_EDGE('',*,*,#2349,.F.);
#2364 = ORIENTED_EDGE('',*,*,#2062,.T.);
#2365 = CYLINDRICAL_SURFACE('',#2366,0.42);
#2366 = AXIS2_PLACEMENT_3D('',#2367,#2368,#2369);
#2367 = CARTESIAN_POINT('',(-5.E-02,10.65,3.1));
#2368 = DIRECTION('',(1.,0.,0.));
#2369 = DIRECTION('',(-0.,0.,1.));
#2370 = ADVANCED_FACE('',(#2371),#2390,.F.);
#2371 = FACE_BOUND('',#2372,.F.);
#2372 = EDGE_LOOP('',(#2373,#2381,#2388,#2389));
#2373 = ORIENTED_EDGE('',*,*,#2374,.T.);
#2374 = EDGE_CURVE('',#2074,#2375,#2377,.T.);
#2375 = VERTEX_POINT('',#2376);
#2376 = CARTESIAN_POINT('',(0.27,6.25,1.87));
#2377 = LINE('',#2378,#2379);
#2378 = CARTESIAN_POINT('',(-5.E-02,6.25,1.87));
#2379 = VECTOR('',#2380,1.);
#2380 = DIRECTION('',(1.,0.,0.));
#2381 = ORIENTED_EDGE('',*,*,#2382,.F.);
#2382 = EDGE_CURVE('',#2375,#2375,#2383,.T.);
#2383 = CIRCLE('',#2384,0.42);
#2384 = AXIS2_PLACEMENT_3D('',#2385,#2386,#2387);
#2385 = CARTESIAN_POINT('',(0.27,6.25,1.45));
#2386 = DIRECTION('',(1.,0.,0.));
#2387 = DIRECTION('',(-0.,0.,1.));
#2388 = ORIENTED_EDGE('',*,*,#2374,.F.);
#2389 = ORIENTED_EDGE('',*,*,#2073,.T.);
#2390 = CYLINDRICAL_SURFACE('',#2391,0.42);
#2391 = AXIS2_PLACEMENT_3D('',#2392,#2393,#2394);
#2392 = CARTESIAN_POINT('',(-5.E-02,6.25,1.45));
#2393 = DIRECTION('',(1.,0.,0.));
#2394 = DIRECTION('',(-0.,0.,1.));
#2395 = ADVANCED_FACE('',(#2396),#2415,.F.);
#2396 = FACE_BOUND('',#2397,.F.);
#2397 = EDGE_LOOP('',(#2398,#2406,#2413,#2414));
#2398 = ORIENTED_EDGE('',*,*,#2399,.T.);
#2399 = EDGE_CURVE('',#2085,#2400,#2402,.T.);
#2400 = VERTEX_POINT('',#2401);
#2401 = CARTESIAN_POINT('',(0.27,10.65,8.57));
#2402 = LINE('',#2403,#2404);
#2403 = CARTESIAN_POINT('',(-5.E-02,10.65,8.57));
#2404 = VECTOR('',#2405,1.);
#2405 = DIRECTION('',(1.,0.,0.));
#2406 = ORIENTED_EDGE('',*,*,#2407,.F.);
#2407 = EDGE_CURVE('',#2400,#2400,#2408,.T.);
#2408 = CIRCLE('',#2409,0.42);
#2409 = AXIS2_PLACEMENT_3D('',#2410,#2411,#2412);
#2410 = CARTESIAN_POINT('',(0.27,10.65,8.15));
#2411 = DIRECTION('',(1.,0.,0.));
#2412 = DIRECTION('',(-0.,0.,1.));
#2413 = ORIENTED_EDGE('',*,*,#2399,.F.);
#2414 = ORIENTED_EDGE('',*,*,#2084,.T.);
#2415 = CYLINDRICAL_SURFACE('',#2416,0.42);
#2416 = AXIS2_PLACEMENT_3D('',#2417,#2418,#2419);
#2417 = CARTESIAN_POINT('',(-5.E-02,10.65,8.15));
#2418 = DIRECTION('',(1.,0.,0.));
#2419 = DIRECTION('',(-0.,0.,1.));
#2420 = ADVANCED_FACE('',(#2421),#2440,.F.);
#2421 = FACE_BOUND('',#2422,.F.);
#2422 = EDGE_LOOP('',(#2423,#2431,#2438,#2439));
#2423 = ORIENTED_EDGE('',*,*,#2424,.T.);
#2424 = EDGE_CURVE('',#2096,#2425,#2427,.T.);
#2425 = VERTEX_POINT('',#2426);
#2426 = CARTESIAN_POINT('',(0.27,1.65,1.87));
#2427 = LINE('',#2428,#2429);
#2428 = CARTESIAN_POINT('',(-5.E-02,1.65,1.87));
#2429 = VECTOR('',#2430,1.);
#2430 = DIRECTION('',(1.,0.,0.));
#2431 = ORIENTED_EDGE('',*,*,#2432,.F.);
#2432 = EDGE_CURVE('',#2425,#2425,#2433,.T.);
#2433 = CIRCLE('',#2434,0.42);
#2434 = AXIS2_PLACEMENT_3D('',#2435,#2436,#2437);
#2435 = CARTESIAN_POINT('',(0.27,1.65,1.45));
#2436 = DIRECTION('',(1.,0.,0.));
#2437 = DIRECTION('',(-0.,0.,1.));
#2438 = ORIENTED_EDGE('',*,*,#2424,.F.);
#2439 = ORIENTED_EDGE('',*,*,#2095,.T.);
#2440 = CYLINDRICAL_SURFACE('',#2441,0.42);
#2441 = AXIS2_PLACEMENT_3D('',#2442,#2443,#2444);
#2442 = CARTESIAN_POINT('',(-5.E-02,1.65,1.45));
#2443 = DIRECTION('',(1.,0.,0.));
#2444 = DIRECTION('',(-0.,0.,1.));
#2445 = ADVANCED_FACE('',(#2446),#2465,.F.);
#2446 = FACE_BOUND('',#2447,.F.);
#2447 = EDGE_LOOP('',(#2448,#2456,#2463,#2464));
#2448 = ORIENTED_EDGE('',*,*,#2449,.T.);
#2449 = EDGE_CURVE('',#2107,#2450,#2452,.T.);
#2450 = VERTEX_POINT('',#2451);
#2451 = CARTESIAN_POINT('',(0.27,4.65,7.54));
#2452 = LINE('',#2453,#2454);
#2453 = CARTESIAN_POINT('',(-5.E-02,4.65,7.54));
#2454 = VECTOR('',#2455,1.);
#2455 = DIRECTION('',(1.,0.,0.));
#2456 = ORIENTED_EDGE('',*,*,#2457,.F.);
#2457 = EDGE_CURVE('',#2450,#2450,#2458,.T.);
#2458 = CIRCLE('',#2459,0.34);
#2459 = AXIS2_PLACEMENT_3D('',#2460,#2461,#2462);
#2460 = CARTESIAN_POINT('',(0.27,4.65,7.2));
#2461 = DIRECTION('',(1.,0.,0.));
#2462 = DIRECTION('',(-0.,0.,1.));
#2463 = ORIENTED_EDGE('',*,*,#2449,.F.);
#2464 = ORIENTED_EDGE('',*,*,#2106,.T.);
#2465 = CYLINDRICAL_SURFACE('',#2466,0.34);
#2466 = AXIS2_PLACEMENT_3D('',#2467,#2468,#2469);
#2467 = CARTESIAN_POINT('',(-5.E-02,4.65,7.2));
#2468 = DIRECTION('',(1.,0.,0.));
#2469 = DIRECTION('',(-0.,0.,1.));
#2470 = ADVANCED_FACE('',(#2471),#2490,.F.);
#2471 = FACE_BOUND('',#2472,.F.);
#2472 = EDGE_LOOP('',(#2473,#2481,#2488,#2489));
#2473 = ORIENTED_EDGE('',*,*,#2474,.T.);
#2474 = EDGE_CURVE('',#2118,#2475,#2477,.T.);
#2475 = VERTEX_POINT('',#2476);
#2476 = CARTESIAN_POINT('',(0.27,1.65,8.57));
#2477 = LINE('',#2478,#2479);
#2478 = CARTESIAN_POINT('',(-5.E-02,1.65,8.57));
#2479 = VECTOR('',#2480,1.);
#2480 = DIRECTION('',(1.,0.,0.));
#2481 = ORIENTED_EDGE('',*,*,#2482,.F.);
#2482 = EDGE_CURVE('',#2475,#2475,#2483,.T.);
#2483 = CIRCLE('',#2484,0.42);
#2484 = AXIS2_PLACEMENT_3D('',#2485,#2486,#2487);
#2485 = CARTESIAN_POINT('',(0.27,1.65,8.15));
#2486 = DIRECTION('',(1.,0.,0.));
#2487 = DIRECTION('',(-0.,0.,1.));
#2488 = ORIENTED_EDGE('',*,*,#2474,.F.);
#2489 = ORIENTED_EDGE('',*,*,#2117,.T.);
#2490 = CYLINDRICAL_SURFACE('',#2491,0.42);
#2491 = AXIS2_PLACEMENT_3D('',#2492,#2493,#2494);
#2492 = CARTESIAN_POINT('',(-5.E-02,1.65,8.15));
#2493 = DIRECTION('',(1.,0.,0.));
#2494 = DIRECTION('',(-0.,0.,1.));
#2495 = ADVANCED_FACE('',(#2496,#2514),#2591,.F.);
#2496 = FACE_BOUND('',#2497,.F.);
#2497 = EDGE_LOOP('',(#2498,#2506,#2507,#2508));
#2498 = ORIENTED_EDGE('',*,*,#2499,.F.);
#2499 = EDGE_CURVE('',#2136,#2500,#2502,.T.);
#2500 = VERTEX_POINT('',#2501);
#2501 = CARTESIAN_POINT('',(4.7,-5.551115123126E-17,0.3));
#2502 = LINE('',#2503,#2504);
#2503 = CARTESIAN_POINT('',(0.,-5.551115123126E-17,0.3));
#2504 = VECTOR('',#2505,1.);
#2505 = DIRECTION('',(1.,0.,-0.));
#2506 = ORIENTED_EDGE('',*,*,#2144,.T.);
#2507 = ORIENTED_EDGE('',*,*,#2275,.F.);
#2508 = ORIENTED_EDGE('',*,*,#2509,.F.);
#2509 = EDGE_CURVE('',#2500,#2267,#2510,.T.);
#2510 = LINE('',#2511,#2512);
#2511 = CARTESIAN_POINT('',(4.7,-5.551115123126E-17,0.));
#2512 = VECTOR('',#2513,1.);
#2513 = DIRECTION('',(0.,0.,1.));
#2514 = FACE_BOUND('',#2515,.F.);
#2515 = EDGE_LOOP('',(#2516,#2526,#2534,#2542,#2551,#2560,#2568,#2576,
    #2584));
#2516 = ORIENTED_EDGE('',*,*,#2517,.F.);
#2517 = EDGE_CURVE('',#2518,#2520,#2522,.T.);
#2518 = VERTEX_POINT('',#2519);
#2519 = CARTESIAN_POINT('',(4.23,0.,5.65));
#2520 = VERTEX_POINT('',#2521);
#2521 = CARTESIAN_POINT('',(4.23,0.,2.25));
#2522 = LINE('',#2523,#2524);
#2523 = CARTESIAN_POINT('',(4.23,0.,1.125));
#2524 = VECTOR('',#2525,1.);
#2525 = DIRECTION('',(-0.,0.,-1.));
#2526 = ORIENTED_EDGE('',*,*,#2527,.F.);
#2527 = EDGE_CURVE('',#2528,#2518,#2530,.T.);
#2528 = VERTEX_POINT('',#2529);
#2529 = CARTESIAN_POINT('',(3.63,0.,5.65));
#2530 = LINE('',#2531,#2532);
#2531 = CARTESIAN_POINT('',(0.385,0.,5.65));
#2532 = VECTOR('',#2533,1.);
#2533 = DIRECTION('',(1.,0.,-0.));
#2534 = ORIENTED_EDGE('',*,*,#2535,.F.);
#2535 = EDGE_CURVE('',#2536,#2528,#2538,.T.);
#2536 = VERTEX_POINT('',#2537);
#2537 = CARTESIAN_POINT('',(3.63,0.,7.4));
#2538 = LINE('',#2539,#2540);
#2539 = CARTESIAN_POINT('',(3.63,0.,2.825));
#2540 = VECTOR('',#2541,1.);
#2541 = DIRECTION('',(-0.,0.,-1.));
#2542 = ORIENTED_EDGE('',*,*,#2543,.F.);
#2543 = EDGE_CURVE('',#2544,#2536,#2546,.T.);
#2544 = VERTEX_POINT('',#2545);
#2545 = CARTESIAN_POINT('',(2.5,0.,8.53));
#2546 = CIRCLE('',#2547,1.13);
#2547 = AXIS2_PLACEMENT_3D('',#2548,#2549,#2550);
#2548 = CARTESIAN_POINT('',(2.5,0.,7.4));
#2549 = DIRECTION('',(0.,1.,0.));
#2550 = DIRECTION('',(0.,-0.,1.));
#2551 = ORIENTED_EDGE('',*,*,#2552,.F.);
#2552 = EDGE_CURVE('',#2553,#2544,#2555,.T.);
#2553 = VERTEX_POINT('',#2554);
#2554 = CARTESIAN_POINT('',(1.37,0.,7.4));
#2555 = CIRCLE('',#2556,1.13);
#2556 = AXIS2_PLACEMENT_3D('',#2557,#2558,#2559);
#2557 = CARTESIAN_POINT('',(2.5,0.,7.4));
#2558 = DIRECTION('',(0.,1.,0.));
#2559 = DIRECTION('',(0.,-0.,1.));
#2560 = ORIENTED_EDGE('',*,*,#2561,.T.);
#2561 = EDGE_CURVE('',#2553,#2562,#2564,.T.);
#2562 = VERTEX_POINT('',#2563);
#2563 = CARTESIAN_POINT('',(1.37,0.,5.65));
#2564 = LINE('',#2565,#2566);
#2565 = CARTESIAN_POINT('',(1.37,0.,2.825));
#2566 = VECTOR('',#2567,1.);
#2567 = DIRECTION('',(-0.,0.,-1.));
#2568 = ORIENTED_EDGE('',*,*,#2569,.F.);
#2569 = EDGE_CURVE('',#2570,#2562,#2572,.T.);
#2570 = VERTEX_POINT('',#2571);
#2571 = CARTESIAN_POINT('',(0.77,0.,5.65));
#2572 = LINE('',#2573,#2574);
#2573 = CARTESIAN_POINT('',(0.385,0.,5.65));
#2574 = VECTOR('',#2575,1.);
#2575 = DIRECTION('',(1.,0.,-0.));
#2576 = ORIENTED_EDGE('',*,*,#2577,.T.);
#2577 = EDGE_CURVE('',#2570,#2578,#2580,.T.);
#2578 = VERTEX_POINT('',#2579);
#2579 = CARTESIAN_POINT('',(0.77,0.,2.25));
#2580 = LINE('',#2581,#2582);
#2581 = CARTESIAN_POINT('',(0.77,0.,1.125));
#2582 = VECTOR('',#2583,1.);
#2583 = DIRECTION('',(-0.,0.,-1.));
#2584 = ORIENTED_EDGE('',*,*,#2585,.F.);
#2585 = EDGE_CURVE('',#2520,#2578,#2586,.T.);
#2586 = CIRCLE('',#2587,1.73);
#2587 = AXIS2_PLACEMENT_3D('',#2588,#2589,#2590);
#2588 = CARTESIAN_POINT('',(2.5,0.,2.25));
#2589 = DIRECTION('',(0.,1.,0.));
#2590 = DIRECTION('',(0.,-0.,1.));
#2591 = PLANE('',#2592);
#2592 = AXIS2_PLACEMENT_3D('',#2593,#2594,#2595);
#2593 = CARTESIAN_POINT('',(0.,0.,0.));
#2594 = DIRECTION('',(-0.,1.,0.));
#2595 = DIRECTION('',(0.,0.,1.));
#2596 = ADVANCED_FACE('',(#2597),#2608,.T.);
#2597 = FACE_BOUND('',#2598,.T.);
#2598 = EDGE_LOOP('',(#2599,#2600,#2607));
#2599 = ORIENTED_EDGE('',*,*,#2167,.F.);
#2600 = ORIENTED_EDGE('',*,*,#2601,.T.);
#2601 = EDGE_CURVE('',#2168,#2136,#2602,.T.);
#2602 = CIRCLE('',#2603,0.3);
#2603 = AXIS2_PLACEMENT_3D('',#2604,#2605,#2606);
#2604 = CARTESIAN_POINT('',(0.3,0.3,0.3));
#2605 = DIRECTION('',(-1.,6.123233995737E-17,0.));
#2606 = DIRECTION('',(-6.123233995737E-17,-1.,0.));
#2607 = ORIENTED_EDGE('',*,*,#2135,.F.);
#2608 = SPHERICAL_SURFACE('',#2609,0.3);
#2609 = AXIS2_PLACEMENT_3D('',#2610,#2611,#2612);
#2610 = CARTESIAN_POINT('',(0.3,0.3,0.3));
#2611 = DIRECTION('',(0.,0.,1.));
#2612 = DIRECTION('',(-1.,0.,0.));
#2613 = ADVANCED_FACE('',(#2614),#2639,.F.);
#2614 = FACE_BOUND('',#2615,.F.);
#2615 = EDGE_LOOP('',(#2616,#2617,#2625,#2633));
#2616 = ORIENTED_EDGE('',*,*,#2176,.F.);
#2617 = ORIENTED_EDGE('',*,*,#2618,.T.);
#2618 = EDGE_CURVE('',#2168,#2619,#2621,.T.);
#2619 = VERTEX_POINT('',#2620);
#2620 = CARTESIAN_POINT('',(4.7,0.3,0.));
#2621 = LINE('',#2622,#2623);
#2622 = CARTESIAN_POINT('',(0.,0.3,-5.551115123126E-17));
#2623 = VECTOR('',#2624,1.);
#2624 = DIRECTION('',(1.,0.,-0.));
#2625 = ORIENTED_EDGE('',*,*,#2626,.T.);
#2626 = EDGE_CURVE('',#2619,#2627,#2629,.T.);
#2627 = VERTEX_POINT('',#2628);
#2628 = CARTESIAN_POINT('',(4.7,12.2,0.));
#2629 = LINE('',#2630,#2631);
#2630 = CARTESIAN_POINT('',(4.7,0.,-5.551115123126E-17));
#2631 = VECTOR('',#2632,1.);
#2632 = DIRECTION('',(-0.,1.,0.));
#2633 = ORIENTED_EDGE('',*,*,#2634,.F.);
#2634 = EDGE_CURVE('',#2177,#2627,#2635,.T.);
#2635 = LINE('',#2636,#2637);
#2636 = CARTESIAN_POINT('',(0.,12.2,-5.551115123126E-17));
#2637 = VECTOR('',#2638,1.);
#2638 = DIRECTION('',(1.,0.,-0.));
#2639 = PLANE('',#2640);
#2640 = AXIS2_PLACEMENT_3D('',#2641,#2642,#2643);
#2641 = CARTESIAN_POINT('',(0.,0.,0.));
#2642 = DIRECTION('',(0.,0.,1.));
#2643 = DIRECTION('',(1.,0.,-0.));
#2644 = ADVANCED_FACE('',(#2645),#2656,.T.);
#2645 = FACE_BOUND('',#2646,.F.);
#2646 = EDGE_LOOP('',(#2647,#2648,#2655));
#2647 = ORIENTED_EDGE('',*,*,#2184,.F.);
#2648 = ORIENTED_EDGE('',*,*,#2649,.T.);
#2649 = EDGE_CURVE('',#2177,#2293,#2650,.T.);
#2650 = CIRCLE('',#2651,0.3);
#2651 = AXIS2_PLACEMENT_3D('',#2652,#2653,#2654);
#2652 = CARTESIAN_POINT('',(0.3,12.2,0.3));
#2653 = DIRECTION('',(1.,6.123233995737E-17,-0.));
#2654 = DIRECTION('',(-6.123233995737E-17,1.,0.));
#2655 = ORIENTED_EDGE('',*,*,#2292,.F.);
#2656 = SPHERICAL_SURFACE('',#2657,0.3);
#2657 = AXIS2_PLACEMENT_3D('',#2658,#2659,#2660);
#2658 = CARTESIAN_POINT('',(0.3,12.2,0.3));
#2659 = DIRECTION('',(0.,0.,1.));
#2660 = DIRECTION('',(-1.,0.,0.));
#2661 = ADVANCED_FACE('',(#2662),#2681,.T.);
#2662 = FACE_BOUND('',#2663,.F.);
#2663 = EDGE_LOOP('',(#2664,#2672,#2679,#2680));
#2664 = ORIENTED_EDGE('',*,*,#2665,.F.);
#2665 = EDGE_CURVE('',#2666,#2259,#2668,.T.);
#2666 = VERTEX_POINT('',#2667);
#2667 = CARTESIAN_POINT('',(5.,0.3,0.3));
#2668 = LINE('',#2669,#2670);
#2669 = CARTESIAN_POINT('',(5.,0.3,0.));
#2670 = VECTOR('',#2671,1.);
#2671 = DIRECTION('',(0.,0.,1.));
#2672 = ORIENTED_EDGE('',*,*,#2673,.T.);
#2673 = EDGE_CURVE('',#2666,#2500,#2674,.T.);
#2674 = CIRCLE('',#2675,0.3);
#2675 = AXIS2_PLACEMENT_3D('',#2676,#2677,#2678);
#2676 = CARTESIAN_POINT('',(4.7,0.3,0.3));
#2677 = DIRECTION('',(0.,-0.,-1.));
#2678 = DIRECTION('',(1.,0.,-0.));
#2679 = ORIENTED_EDGE('',*,*,#2509,.T.);
#2680 = ORIENTED_EDGE('',*,*,#2266,.F.);
#2681 = CYLINDRICAL_SURFACE('',#2682,0.3);
#2682 = AXIS2_PLACEMENT_3D('',#2683,#2684,#2685);
#2683 = CARTESIAN_POINT('',(4.7,0.3,0.));
#2684 = DIRECTION('',(0.,0.,1.));
#2685 = DIRECTION('',(1.,0.,-0.));
#2686 = ADVANCED_FACE('',(#2687),#2713,.T.);
#2687 = FACE_BOUND('',#2688,.T.);
#2688 = EDGE_LOOP('',(#2689,#2690,#2698,#2706,#2712));
#2689 = ORIENTED_EDGE('',*,*,#2665,.F.);
#2690 = ORIENTED_EDGE('',*,*,#2691,.T.);
#2691 = EDGE_CURVE('',#2666,#2692,#2694,.T.);
#2692 = VERTEX_POINT('',#2693);
#2693 = CARTESIAN_POINT('',(5.,12.2,0.3));
#2694 = LINE('',#2695,#2696);
#2695 = CARTESIAN_POINT('',(5.,0.,0.3));
#2696 = VECTOR('',#2697,1.);
#2697 = DIRECTION('',(-0.,1.,0.));
#2698 = ORIENTED_EDGE('',*,*,#2699,.T.);
#2699 = EDGE_CURVE('',#2692,#2700,#2702,.T.);
#2700 = VERTEX_POINT('',#2701);
#2701 = CARTESIAN_POINT('',(5.,12.2,10.3));
#2702 = LINE('',#2703,#2704);
#2703 = CARTESIAN_POINT('',(5.,12.2,0.));
#2704 = VECTOR('',#2705,1.);
#2705 = DIRECTION('',(0.,0.,1.));
#2706 = ORIENTED_EDGE('',*,*,#2707,.F.);
#2707 = EDGE_CURVE('',#2250,#2700,#2708,.T.);
#2708 = LINE('',#2709,#2710);
#2709 = CARTESIAN_POINT('',(5.,0.,10.3));
#2710 = VECTOR('',#2711,1.);
#2711 = DIRECTION('',(-0.,1.,0.));
#2712 = ORIENTED_EDGE('',*,*,#2258,.F.);
#2713 = PLANE('',#2714);
#2714 = AXIS2_PLACEMENT_3D('',#2715,#2716,#2717);
#2715 = CARTESIAN_POINT('',(5.,0.,0.));
#2716 = DIRECTION('',(1.,0.,-0.));
#2717 = DIRECTION('',(0.,0.,1.));
#2718 = ADVANCED_FACE('',(#2719),#2738,.T.);
#2719 = FACE_BOUND('',#2720,.F.);
#2720 = EDGE_LOOP('',(#2721,#2722,#2730,#2737));
#2721 = ORIENTED_EDGE('',*,*,#2249,.F.);
#2722 = ORIENTED_EDGE('',*,*,#2723,.T.);
#2723 = EDGE_CURVE('',#2242,#2724,#2726,.T.);
#2724 = VERTEX_POINT('',#2725);
#2725 = CARTESIAN_POINT('',(4.7,12.2,10.6));
#2726 = LINE('',#2727,#2728);
#2727 = CARTESIAN_POINT('',(4.7,0.,10.6));
#2728 = VECTOR('',#2729,1.);
#2729 = DIRECTION('',(-0.,1.,0.));
#2730 = ORIENTED_EDGE('',*,*,#2731,.F.);
#2731 = EDGE_CURVE('',#2700,#2724,#2732,.T.);
#2732 = CIRCLE('',#2733,0.3);
#2733 = AXIS2_PLACEMENT_3D('',#2734,#2735,#2736);
#2734 = CARTESIAN_POINT('',(4.7,12.2,10.3));
#2735 = DIRECTION('',(0.,-1.,-0.));
#2736 = DIRECTION('',(1.,0.,0.));
#2737 = ORIENTED_EDGE('',*,*,#2707,.F.);
#2738 = CYLINDRICAL_SURFACE('',#2739,0.3);
#2739 = AXIS2_PLACEMENT_3D('',#2740,#2741,#2742);
#2740 = CARTESIAN_POINT('',(4.7,0.,10.3));
#2741 = DIRECTION('',(-0.,1.,0.));
#2742 = DIRECTION('',(1.,0.,-0.));
#2743 = ADVANCED_FACE('',(#2744),#2778,.T.);
#2744 = FACE_BOUND('',#2745,.T.);
#2745 = EDGE_LOOP('',(#2746,#2747,#2748,#2756,#2764,#2770,#2771,#2772));
#2746 = ORIENTED_EDGE('',*,*,#2325,.F.);
#2747 = ORIENTED_EDGE('',*,*,#2209,.T.);
#2748 = ORIENTED_EDGE('',*,*,#2749,.F.);
#2749 = EDGE_CURVE('',#2750,#2210,#2752,.T.);
#2750 = VERTEX_POINT('',#2751);
#2751 = CARTESIAN_POINT('',(0.55,9.7,10.6));
#2752 = LINE('',#2753,#2754);
#2753 = CARTESIAN_POINT('',(0.55,2.442585746037,10.6));
#2754 = VECTOR('',#2755,1.);
#2755 = DIRECTION('',(0.,-1.,0.));
#2756 = ORIENTED_EDGE('',*,*,#2757,.F.);
#2757 = EDGE_CURVE('',#2758,#2750,#2760,.T.);
#2758 = VERTEX_POINT('',#2759);
#2759 = CARTESIAN_POINT('',(4.45,9.7,10.6));
#2760 = LINE('',#2761,#2762);
#2761 = CARTESIAN_POINT('',(0.275,9.7,10.6));
#2762 = VECTOR('',#2763,1.);
#2763 = DIRECTION('',(-1.,-0.,0.));
#2764 = ORIENTED_EDGE('',*,*,#2765,.T.);
#2765 = EDGE_CURVE('',#2758,#2234,#2766,.T.);
#2766 = LINE('',#2767,#2768);
#2767 = CARTESIAN_POINT('',(4.45,2.442585746037,10.6));
#2768 = VECTOR('',#2769,1.);
#2769 = DIRECTION('',(0.,-1.,0.));
#2770 = ORIENTED_EDGE('',*,*,#2241,.T.);
#2771 = ORIENTED_EDGE('',*,*,#2723,.T.);
#2772 = ORIENTED_EDGE('',*,*,#2773,.F.);
#2773 = EDGE_CURVE('',#2326,#2724,#2774,.T.);
#2774 = LINE('',#2775,#2776);
#2775 = CARTESIAN_POINT('',(0.,12.2,10.6));
#2776 = VECTOR('',#2777,1.);
#2777 = DIRECTION('',(1.,0.,-0.));
#2778 = PLANE('',#2779);
#2779 = AXIS2_PLACEMENT_3D('',#2780,#2781,#2782);
#2780 = CARTESIAN_POINT('',(0.,0.,10.6));
#2781 = DIRECTION('',(0.,0.,1.));
#2782 = DIRECTION('',(1.,0.,-0.));
#2783 = ADVANCED_FACE('',(#2784),#2810,.T.);
#2784 = FACE_BOUND('',#2785,.T.);
#2785 = EDGE_LOOP('',(#2786,#2787,#2795,#2803,#2809));
#2786 = ORIENTED_EDGE('',*,*,#2765,.F.);
#2787 = ORIENTED_EDGE('',*,*,#2788,.T.);
#2788 = EDGE_CURVE('',#2758,#2789,#2791,.T.);
#2789 = VERTEX_POINT('',#2790);
#2790 = CARTESIAN_POINT('',(4.45,9.7,8.45));
#2791 = LINE('',#2792,#2793);
#2792 = CARTESIAN_POINT('',(4.45,9.7,10.8));
#2793 = VECTOR('',#2794,1.);
#2794 = DIRECTION('',(0.,0.,-1.));
#2795 = ORIENTED_EDGE('',*,*,#2796,.T.);
#2796 = EDGE_CURVE('',#2789,#2797,#2799,.T.);
#2797 = VERTEX_POINT('',#2798);
#2798 = CARTESIAN_POINT('',(4.45,1.4,8.45));
#2799 = LINE('',#2800,#2801);
#2800 = CARTESIAN_POINT('',(4.45,9.7,8.45));
#2801 = VECTOR('',#2802,1.);
#2802 = DIRECTION('',(0.,-1.,0.));
#2803 = ORIENTED_EDGE('',*,*,#2804,.T.);
#2804 = EDGE_CURVE('',#2797,#2226,#2805,.T.);
#2805 = LINE('',#2806,#2807);
#2806 = CARTESIAN_POINT('',(4.45,1.4,8.45));
#2807 = VECTOR('',#2808,1.);
#2808 = DIRECTION('',(0.,-0.677475754752,0.735545105159));
#2809 = ORIENTED_EDGE('',*,*,#2233,.F.);
#2810 = PLANE('',#2811);
#2811 = AXIS2_PLACEMENT_3D('',#2812,#2813,#2814);
#2812 = CARTESIAN_POINT('',(4.45,4.885171492075,9.712433169613));
#2813 = DIRECTION('',(-1.,-0.,-0.));
#2814 = DIRECTION('',(0.,0.,-1.));
#2815 = ADVANCED_FACE('',(#2816),#2834,.F.);
#2816 = FACE_BOUND('',#2817,.F.);
#2817 = EDGE_LOOP('',(#2818,#2826,#2832,#2833));
#2818 = ORIENTED_EDGE('',*,*,#2819,.F.);
#2819 = EDGE_CURVE('',#2820,#2218,#2822,.T.);
#2820 = VERTEX_POINT('',#2821);
#2821 = CARTESIAN_POINT('',(0.55,1.4,8.45));
#2822 = LINE('',#2823,#2824);
#2823 = CARTESIAN_POINT('',(0.55,1.4,8.45));
#2824 = VECTOR('',#2825,1.);
#2825 = DIRECTION('',(0.,-0.677475754752,0.735545105159));
#2826 = ORIENTED_EDGE('',*,*,#2827,.T.);
#2827 = EDGE_CURVE('',#2820,#2797,#2828,.T.);
#2828 = LINE('',#2829,#2830);
#2829 = CARTESIAN_POINT('',(0.55,1.4,8.45));
#2830 = VECTOR('',#2831,1.);
#2831 = DIRECTION('',(1.,0.,0.));
#2832 = ORIENTED_EDGE('',*,*,#2804,.T.);
#2833 = ORIENTED_EDGE('',*,*,#2225,.F.);
#2834 = PLANE('',#2835);
#2835 = AXIS2_PLACEMENT_3D('',#2836,#2837,#2838);
#2836 = CARTESIAN_POINT('',(0.55,1.4,8.45));
#2837 = DIRECTION('',(0.,-0.735545105159,-0.677475754752));
#2838 = DIRECTION('',(0.,-0.677475754752,0.735545105159));
#2839 = ADVANCED_FACE('',(#2840),#2859,.F.);
#2840 = FACE_BOUND('',#2841,.F.);
#2841 = EDGE_LOOP('',(#2842,#2843,#2851,#2857,#2858));
#2842 = ORIENTED_EDGE('',*,*,#2749,.F.);
#2843 = ORIENTED_EDGE('',*,*,#2844,.T.);
#2844 = EDGE_CURVE('',#2750,#2845,#2847,.T.);
#2845 = VERTEX_POINT('',#2846);
#2846 = CARTESIAN_POINT('',(0.55,9.7,8.45));
#2847 = LINE('',#2848,#2849);
#2848 = CARTESIAN_POINT('',(0.55,9.7,10.8));
#2849 = VECTOR('',#2850,1.);
#2850 = DIRECTION('',(0.,0.,-1.));
#2851 = ORIENTED_EDGE('',*,*,#2852,.T.);
#2852 = EDGE_CURVE('',#2845,#2820,#2853,.T.);
#2853 = LINE('',#2854,#2855);
#2854 = CARTESIAN_POINT('',(0.55,9.7,8.45));
#2855 = VECTOR('',#2856,1.);
#2856 = DIRECTION('',(0.,-1.,0.));
#2857 = ORIENTED_EDGE('',*,*,#2819,.T.);
#2858 = ORIENTED_EDGE('',*,*,#2217,.F.);
#2859 = PLANE('',#2860);
#2860 = AXIS2_PLACEMENT_3D('',#2861,#2862,#2863);
#2861 = CARTESIAN_POINT('',(0.55,4.885171492075,9.712433169613));
#2862 = DIRECTION('',(-1.,-0.,-0.));
#2863 = DIRECTION('',(0.,0.,-1.));
#2864 = ADVANCED_FACE('',(#2865),#2876,.T.);
#2865 = FACE_BOUND('',#2866,.F.);
#2866 = EDGE_LOOP('',(#2867,#2868,#2875));
#2867 = ORIENTED_EDGE('',*,*,#2309,.F.);
#2868 = ORIENTED_EDGE('',*,*,#2869,.T.);
#2869 = EDGE_CURVE('',#2302,#2326,#2870,.T.);
#2870 = CIRCLE('',#2871,0.3);
#2871 = AXIS2_PLACEMENT_3D('',#2872,#2873,#2874);
#2872 = CARTESIAN_POINT('',(0.3,12.2,10.3));
#2873 = DIRECTION('',(1.,0.,6.123233995737E-17));
#2874 = DIRECTION('',(-6.123233995737E-17,-0.,1.));
#2875 = ORIENTED_EDGE('',*,*,#2333,.F.);
#2876 = SPHERICAL_SURFACE('',#2877,0.3);
#2877 = AXIS2_PLACEMENT_3D('',#2878,#2879,#2880);
#2878 = CARTESIAN_POINT('',(0.3,12.2,10.3));
#2879 = DIRECTION('',(0.,-1.,-0.));
#2880 = DIRECTION('',(-1.,-0.,0.));
#2881 = ADVANCED_FACE('',(#2882),#2907,.T.);
#2882 = FACE_BOUND('',#2883,.T.);
#2883 = EDGE_LOOP('',(#2884,#2885,#2893,#2901));
#2884 = ORIENTED_EDGE('',*,*,#2301,.T.);
#2885 = ORIENTED_EDGE('',*,*,#2886,.T.);
#2886 = EDGE_CURVE('',#2302,#2887,#2889,.T.);
#2887 = VERTEX_POINT('',#2888);
#2888 = CARTESIAN_POINT('',(4.7,12.5,10.3));
#2889 = LINE('',#2890,#2891);
#2890 = CARTESIAN_POINT('',(0.,12.5,10.3));
#2891 = VECTOR('',#2892,1.);
#2892 = DIRECTION('',(1.,0.,-0.));
#2893 = ORIENTED_EDGE('',*,*,#2894,.F.);
#2894 = EDGE_CURVE('',#2895,#2887,#2897,.T.);
#2895 = VERTEX_POINT('',#2896);
#2896 = CARTESIAN_POINT('',(4.7,12.5,0.3));
#2897 = LINE('',#2898,#2899);
#2898 = CARTESIAN_POINT('',(4.7,12.5,0.));
#2899 = VECTOR('',#2900,1.);
#2900 = DIRECTION('',(0.,0.,1.));
#2901 = ORIENTED_EDGE('',*,*,#2902,.F.);
#2902 = EDGE_CURVE('',#2293,#2895,#2903,.T.);
#2903 = LINE('',#2904,#2905);
#2904 = CARTESIAN_POINT('',(0.,12.5,0.3));
#2905 = VECTOR('',#2906,1.);
#2906 = DIRECTION('',(1.,0.,-0.));
#2907 = PLANE('',#2908);
#2908 = AXIS2_PLACEMENT_3D('',#2909,#2910,#2911);
#2909 = CARTESIAN_POINT('',(0.,12.5,0.));
#2910 = DIRECTION('',(-0.,1.,0.));
#2911 = DIRECTION('',(0.,0.,1.));
#2912 = ADVANCED_FACE('',(#2913),#2916,.F.);
#2913 = FACE_BOUND('',#2914,.F.);
#2914 = EDGE_LOOP('',(#2915));
#2915 = ORIENTED_EDGE('',*,*,#2357,.T.);
#2916 = PLANE('',#2917);
#2917 = AXIS2_PLACEMENT_3D('',#2918,#2919,#2920);
#2918 = CARTESIAN_POINT('',(0.27,10.65,3.1));
#2919 = DIRECTION('',(1.,0.,0.));
#2920 = DIRECTION('',(-0.,0.,1.));
#2921 = ADVANCED_FACE('',(#2922),#2925,.F.);
#2922 = FACE_BOUND('',#2923,.F.);
#2923 = EDGE_LOOP('',(#2924));
#2924 = ORIENTED_EDGE('',*,*,#2382,.T.);
#2925 = PLANE('',#2926);
#2926 = AXIS2_PLACEMENT_3D('',#2927,#2928,#2929);
#2927 = CARTESIAN_POINT('',(0.27,6.25,1.45));
#2928 = DIRECTION('',(1.,0.,0.));
#2929 = DIRECTION('',(-0.,0.,1.));
#2930 = ADVANCED_FACE('',(#2931),#2934,.F.);
#2931 = FACE_BOUND('',#2932,.F.);
#2932 = EDGE_LOOP('',(#2933));
#2933 = ORIENTED_EDGE('',*,*,#2407,.T.);
#2934 = PLANE('',#2935);
#2935 = AXIS2_PLACEMENT_3D('',#2936,#2937,#2938);
#2936 = CARTESIAN_POINT('',(0.27,10.65,8.15));
#2937 = DIRECTION('',(1.,0.,0.));
#2938 = DIRECTION('',(-0.,0.,1.));
#2939 = ADVANCED_FACE('',(#2940),#2943,.F.);
#2940 = FACE_BOUND('',#2941,.F.);
#2941 = EDGE_LOOP('',(#2942));
#2942 = ORIENTED_EDGE('',*,*,#2432,.T.);
#2943 = PLANE('',#2944);
#2944 = AXIS2_PLACEMENT_3D('',#2945,#2946,#2947);
#2945 = CARTESIAN_POINT('',(0.27,1.65,1.45));
#2946 = DIRECTION('',(1.,0.,0.));
#2947 = DIRECTION('',(-0.,0.,1.));
#2948 = ADVANCED_FACE('',(#2949),#2952,.F.);
#2949 = FACE_BOUND('',#2950,.F.);
#2950 = EDGE_LOOP('',(#2951));
#2951 = ORIENTED_EDGE('',*,*,#2457,.T.);
#2952 = PLANE('',#2953);
#2953 = AXIS2_PLACEMENT_3D('',#2954,#2955,#2956);
#2954 = CARTESIAN_POINT('',(0.27,4.65,7.2));
#2955 = DIRECTION('',(1.,0.,0.));
#2956 = DIRECTION('',(-0.,0.,1.));
#2957 = ADVANCED_FACE('',(#2958),#2961,.F.);
#2958 = FACE_BOUND('',#2959,.F.);
#2959 = EDGE_LOOP('',(#2960));
#2960 = ORIENTED_EDGE('',*,*,#2482,.T.);
#2961 = PLANE('',#2962);
#2962 = AXIS2_PLACEMENT_3D('',#2963,#2964,#2965);
#2963 = CARTESIAN_POINT('',(0.27,1.65,8.15));
#2964 = DIRECTION('',(1.,0.,0.));
#2965 = DIRECTION('',(-0.,0.,1.));
#2966 = ADVANCED_FACE('',(#2967),#2979,.T.);
#2967 = FACE_BOUND('',#2968,.T.);
#2968 = EDGE_LOOP('',(#2969,#2970,#2971,#2978));
#2969 = ORIENTED_EDGE('',*,*,#2601,.F.);
#2970 = ORIENTED_EDGE('',*,*,#2618,.T.);
#2971 = ORIENTED_EDGE('',*,*,#2972,.T.);
#2972 = EDGE_CURVE('',#2619,#2500,#2973,.T.);
#2973 = CIRCLE('',#2974,0.3);
#2974 = AXIS2_PLACEMENT_3D('',#2975,#2976,#2977);
#2975 = CARTESIAN_POINT('',(4.7,0.3,0.3));
#2976 = DIRECTION('',(-1.,-6.123233995737E-17,0.));
#2977 = DIRECTION('',(6.123233995737E-17,-1.,-0.));
#2978 = ORIENTED_EDGE('',*,*,#2499,.F.);
#2979 = CYLINDRICAL_SURFACE('',#2980,0.3);
#2980 = AXIS2_PLACEMENT_3D('',#2981,#2982,#2983);
#2981 = CARTESIAN_POINT('',(0.,0.3,0.3));
#2982 = DIRECTION('',(1.,0.,-0.));
#2983 = DIRECTION('',(0.,-1.,0.));
#2984 = ADVANCED_FACE('',(#2985),#3010,.F.);
#2985 = FACE_BOUND('',#2986,.F.);
#2986 = EDGE_LOOP('',(#2987,#2988,#2996,#3004));
#2987 = ORIENTED_EDGE('',*,*,#2517,.T.);
#2988 = ORIENTED_EDGE('',*,*,#2989,.T.);
#2989 = EDGE_CURVE('',#2520,#2990,#2992,.T.);
#2990 = VERTEX_POINT('',#2991);
#2991 = CARTESIAN_POINT('',(4.23,0.4,2.25));
#2992 = LINE('',#2993,#2994);
#2993 = CARTESIAN_POINT('',(4.23,-5.E-02,2.25));
#2994 = VECTOR('',#2995,1.);
#2995 = DIRECTION('',(-0.,1.,0.));
#2996 = ORIENTED_EDGE('',*,*,#2997,.T.);
#2997 = EDGE_CURVE('',#2990,#2998,#3000,.T.);
#2998 = VERTEX_POINT('',#2999);
#2999 = CARTESIAN_POINT('',(4.23,0.4,5.65));
#3000 = LINE('',#3001,#3002);
#3001 = CARTESIAN_POINT('',(4.23,0.4,2.25));
#3002 = VECTOR('',#3003,1.);
#3003 = DIRECTION('',(0.,0.,1.));
#3004 = ORIENTED_EDGE('',*,*,#3005,.F.);
#3005 = EDGE_CURVE('',#2518,#2998,#3006,.T.);
#3006 = LINE('',#3007,#3008);
#3007 = CARTESIAN_POINT('',(4.23,-5.E-02,5.65));
#3008 = VECTOR('',#3009,1.);
#3009 = DIRECTION('',(-0.,1.,0.));
#3010 = PLANE('',#3011);
#3011 = AXIS2_PLACEMENT_3D('',#3012,#3013,#3014);
#3012 = CARTESIAN_POINT('',(4.23,-5.E-02,2.25));
#3013 = DIRECTION('',(1.,0.,-0.));
#3014 = DIRECTION('',(0.,0.,1.));
#3015 = ADVANCED_FACE('',(#3016),#3035,.F.);
#3016 = FACE_BOUND('',#3017,.F.);
#3017 = EDGE_LOOP('',(#3018,#3027,#3028,#3029));
#3018 = ORIENTED_EDGE('',*,*,#3019,.F.);
#3019 = EDGE_CURVE('',#2990,#3020,#3022,.T.);
#3020 = VERTEX_POINT('',#3021);
#3021 = CARTESIAN_POINT('',(0.77,0.4,2.25));
#3022 = CIRCLE('',#3023,1.73);
#3023 = AXIS2_PLACEMENT_3D('',#3024,#3025,#3026);
#3024 = CARTESIAN_POINT('',(2.5,0.4,2.25));
#3025 = DIRECTION('',(0.,1.,0.));
#3026 = DIRECTION('',(0.,-0.,1.));
#3027 = ORIENTED_EDGE('',*,*,#2989,.F.);
#3028 = ORIENTED_EDGE('',*,*,#2585,.T.);
#3029 = ORIENTED_EDGE('',*,*,#3030,.T.);
#3030 = EDGE_CURVE('',#2578,#3020,#3031,.T.);
#3031 = LINE('',#3032,#3033);
#3032 = CARTESIAN_POINT('',(0.77,-5.E-02,2.25));
#3033 = VECTOR('',#3034,1.);
#3034 = DIRECTION('',(-0.,1.,0.));
#3035 = CYLINDRICAL_SURFACE('',#3036,1.73);
#3036 = AXIS2_PLACEMENT_3D('',#3037,#3038,#3039);
#3037 = CARTESIAN_POINT('',(2.5,-5.E-02,2.25));
#3038 = DIRECTION('',(0.,1.,0.));
#3039 = DIRECTION('',(0.,-0.,1.));
#3040 = ADVANCED_FACE('',(#3041),#3066,.F.);
#3041 = FACE_BOUND('',#3042,.F.);
#3042 = EDGE_LOOP('',(#3043,#3044,#3052,#3060));
#3043 = ORIENTED_EDGE('',*,*,#2535,.T.);
#3044 = ORIENTED_EDGE('',*,*,#3045,.T.);
#3045 = EDGE_CURVE('',#2528,#3046,#3048,.T.);
#3046 = VERTEX_POINT('',#3047);
#3047 = CARTESIAN_POINT('',(3.63,0.4,5.65));
#3048 = LINE('',#3049,#3050);
#3049 = CARTESIAN_POINT('',(3.63,-5.E-02,5.65));
#3050 = VECTOR('',#3051,1.);
#3051 = DIRECTION('',(-0.,1.,0.));
#3052 = ORIENTED_EDGE('',*,*,#3053,.T.);
#3053 = EDGE_CURVE('',#3046,#3054,#3056,.T.);
#3054 = VERTEX_POINT('',#3055);
#3055 = CARTESIAN_POINT('',(3.63,0.4,7.4));
#3056 = LINE('',#3057,#3058);
#3057 = CARTESIAN_POINT('',(3.63,0.4,5.65));
#3058 = VECTOR('',#3059,1.);
#3059 = DIRECTION('',(0.,0.,1.));
#3060 = ORIENTED_EDGE('',*,*,#3061,.F.);
#3061 = EDGE_CURVE('',#2536,#3054,#3062,.T.);
#3062 = LINE('',#3063,#3064);
#3063 = CARTESIAN_POINT('',(3.63,-5.E-02,7.4));
#3064 = VECTOR('',#3065,1.);
#3065 = DIRECTION('',(-0.,1.,0.));
#3066 = PLANE('',#3067);
#3067 = AXIS2_PLACEMENT_3D('',#3068,#3069,#3070);
#3068 = CARTESIAN_POINT('',(3.63,-5.E-02,5.65));
#3069 = DIRECTION('',(1.,0.,-0.));
#3070 = DIRECTION('',(0.,0.,1.));
#3071 = ADVANCED_FACE('',(#3072),#3090,.T.);
#3072 = FACE_BOUND('',#3073,.T.);
#3073 = EDGE_LOOP('',(#3074,#3075,#3076,#3084));
#3074 = ORIENTED_EDGE('',*,*,#2577,.T.);
#3075 = ORIENTED_EDGE('',*,*,#3030,.T.);
#3076 = ORIENTED_EDGE('',*,*,#3077,.T.);
#3077 = EDGE_CURVE('',#3020,#3078,#3080,.T.);
#3078 = VERTEX_POINT('',#3079);
#3079 = CARTESIAN_POINT('',(0.77,0.4,5.65));
#3080 = LINE('',#3081,#3082);
#3081 = CARTESIAN_POINT('',(0.77,0.4,2.25));
#3082 = VECTOR('',#3083,1.);
#3083 = DIRECTION('',(0.,0.,1.));
#3084 = ORIENTED_EDGE('',*,*,#3085,.F.);
#3085 = EDGE_CURVE('',#2570,#3078,#3086,.T.);
#3086 = LINE('',#3087,#3088);
#3087 = CARTESIAN_POINT('',(0.77,-5.E-02,5.65));
#3088 = VECTOR('',#3089,1.);
#3089 = DIRECTION('',(-0.,1.,0.));
#3090 = PLANE('',#3091);
#3091 = AXIS2_PLACEMENT_3D('',#3092,#3093,#3094);
#3092 = CARTESIAN_POINT('',(0.77,-5.E-02,2.25));
#3093 = DIRECTION('',(1.,0.,-0.));
#3094 = DIRECTION('',(0.,0.,1.));
#3095 = ADVANCED_FACE('',(#3096),#3121,.T.);
#3096 = FACE_BOUND('',#3097,.T.);
#3097 = EDGE_LOOP('',(#3098,#3099,#3107,#3115));
#3098 = ORIENTED_EDGE('',*,*,#2561,.T.);
#3099 = ORIENTED_EDGE('',*,*,#3100,.T.);
#3100 = EDGE_CURVE('',#2562,#3101,#3103,.T.);
#3101 = VERTEX_POINT('',#3102);
#3102 = CARTESIAN_POINT('',(1.37,0.4,5.65));
#3103 = LINE('',#3104,#3105);
#3104 = CARTESIAN_POINT('',(1.37,-5.E-02,5.65));
#3105 = VECTOR('',#3106,1.);
#3106 = DIRECTION('',(-0.,1.,0.));
#3107 = ORIENTED_EDGE('',*,*,#3108,.T.);
#3108 = EDGE_CURVE('',#3101,#3109,#3111,.T.);
#3109 = VERTEX_POINT('',#3110);
#3110 = CARTESIAN_POINT('',(1.37,0.4,7.4));
#3111 = LINE('',#3112,#3113);
#3112 = CARTESIAN_POINT('',(1.37,0.4,5.65));
#3113 = VECTOR('',#3114,1.);
#3114 = DIRECTION('',(0.,0.,1.));
#3115 = ORIENTED_EDGE('',*,*,#3116,.F.);
#3116 = EDGE_CURVE('',#2553,#3109,#3117,.T.);
#3117 = LINE('',#3118,#3119);
#3118 = CARTESIAN_POINT('',(1.37,-5.E-02,7.4));
#3119 = VECTOR('',#3120,1.);
#3120 = DIRECTION('',(-0.,1.,0.));
#3121 = PLANE('',#3122);
#3122 = AXIS2_PLACEMENT_3D('',#3123,#3124,#3125);
#3123 = CARTESIAN_POINT('',(1.37,-5.E-02,5.65));
#3124 = DIRECTION('',(1.,0.,-0.));
#3125 = DIRECTION('',(0.,0.,1.));
#3126 = ADVANCED_FACE('',(#3127),#3139,.T.);
#3127 = FACE_BOUND('',#3128,.F.);
#3128 = EDGE_LOOP('',(#3129,#3130,#3131,#3138));
#3129 = ORIENTED_EDGE('',*,*,#2649,.F.);
#3130 = ORIENTED_EDGE('',*,*,#2634,.T.);
#3131 = ORIENTED_EDGE('',*,*,#3132,.T.);
#3132 = EDGE_CURVE('',#2627,#2895,#3133,.T.);
#3133 = CIRCLE('',#3134,0.3);
#3134 = AXIS2_PLACEMENT_3D('',#3135,#3136,#3137);
#3135 = CARTESIAN_POINT('',(4.7,12.2,0.3));
#3136 = DIRECTION('',(1.,-6.123233995737E-17,0.));
#3137 = DIRECTION('',(6.123233995737E-17,1.,0.));
#3138 = ORIENTED_EDGE('',*,*,#2902,.F.);
#3139 = CYLINDRICAL_SURFACE('',#3140,0.3);
#3140 = AXIS2_PLACEMENT_3D('',#3141,#3142,#3143);
#3141 = CARTESIAN_POINT('',(0.,12.2,0.3));
#3142 = DIRECTION('',(1.,0.,-0.));
#3143 = DIRECTION('',(0.,1.,0.));
#3144 = ADVANCED_FACE('',(#3145),#3163,.T.);
#3145 = FACE_BOUND('',#3146,.T.);
#3146 = EDGE_LOOP('',(#3147,#3154,#3155,#3162));
#3147 = ORIENTED_EDGE('',*,*,#3148,.F.);
#3148 = EDGE_CURVE('',#2619,#2666,#3149,.T.);
#3149 = CIRCLE('',#3150,0.3);
#3150 = AXIS2_PLACEMENT_3D('',#3151,#3152,#3153);
#3151 = CARTESIAN_POINT('',(4.7,0.3,0.3));
#3152 = DIRECTION('',(0.,-1.,0.));
#3153 = DIRECTION('',(1.,0.,0.));
#3154 = ORIENTED_EDGE('',*,*,#2626,.T.);
#3155 = ORIENTED_EDGE('',*,*,#3156,.T.);
#3156 = EDGE_CURVE('',#2627,#2692,#3157,.T.);
#3157 = CIRCLE('',#3158,0.3);
#3158 = AXIS2_PLACEMENT_3D('',#3159,#3160,#3161);
#3159 = CARTESIAN_POINT('',(4.7,12.2,0.3));
#3160 = DIRECTION('',(0.,-1.,0.));
#3161 = DIRECTION('',(1.,0.,0.));
#3162 = ORIENTED_EDGE('',*,*,#2691,.F.);
#3163 = CYLINDRICAL_SURFACE('',#3164,0.3);
#3164 = AXIS2_PLACEMENT_3D('',#3165,#3166,#3167);
#3165 = CARTESIAN_POINT('',(4.7,0.,0.3));
#3166 = DIRECTION('',(-0.,1.,0.));
#3167 = DIRECTION('',(1.,0.,-0.));
#3168 = ADVANCED_FACE('',(#3169),#3174,.T.);
#3169 = FACE_BOUND('',#3170,.F.);
#3170 = EDGE_LOOP('',(#3171,#3172,#3173));
#3171 = ORIENTED_EDGE('',*,*,#3148,.F.);
#3172 = ORIENTED_EDGE('',*,*,#2972,.T.);
#3173 = ORIENTED_EDGE('',*,*,#2673,.F.);
#3174 = SPHERICAL_SURFACE('',#3175,0.3);
#3175 = AXIS2_PLACEMENT_3D('',#3176,#3177,#3178);
#3176 = CARTESIAN_POINT('',(4.7,0.3,0.3));
#3177 = DIRECTION('',(0.,0.,1.));
#3178 = DIRECTION('',(1.,0.,-0.));
#3179 = ADVANCED_FACE('',(#3180),#3198,.T.);
#3180 = FACE_BOUND('',#3181,.T.);
#3181 = EDGE_LOOP('',(#3182,#3183,#3190,#3191));
#3182 = ORIENTED_EDGE('',*,*,#2699,.F.);
#3183 = ORIENTED_EDGE('',*,*,#3184,.T.);
#3184 = EDGE_CURVE('',#2692,#2895,#3185,.T.);
#3185 = CIRCLE('',#3186,0.3);
#3186 = AXIS2_PLACEMENT_3D('',#3187,#3188,#3189);
#3187 = CARTESIAN_POINT('',(4.7,12.2,0.3));
#3188 = DIRECTION('',(0.,0.,1.));
#3189 = DIRECTION('',(1.,0.,-0.));
#3190 = ORIENTED_EDGE('',*,*,#2894,.T.);
#3191 = ORIENTED_EDGE('',*,*,#3192,.T.);
#3192 = EDGE_CURVE('',#2887,#2700,#3193,.T.);
#3193 = CIRCLE('',#3194,0.3);
#3194 = AXIS2_PLACEMENT_3D('',#3195,#3196,#3197);
#3195 = CARTESIAN_POINT('',(4.7,12.2,10.3));
#3196 = DIRECTION('',(0.,0.,-1.));
#3197 = DIRECTION('',(1.,0.,0.));
#3198 = CYLINDRICAL_SURFACE('',#3199,0.3);
#3199 = AXIS2_PLACEMENT_3D('',#3200,#3201,#3202);
#3200 = CARTESIAN_POINT('',(4.7,12.2,0.));
#3201 = DIRECTION('',(0.,0.,1.));
#3202 = DIRECTION('',(1.,0.,-0.));
#3203 = ADVANCED_FACE('',(#3204),#3215,.T.);
#3204 = FACE_BOUND('',#3205,.T.);
#3205 = EDGE_LOOP('',(#3206,#3207,#3214));
#3206 = ORIENTED_EDGE('',*,*,#3192,.F.);
#3207 = ORIENTED_EDGE('',*,*,#3208,.T.);
#3208 = EDGE_CURVE('',#2887,#2724,#3209,.T.);
#3209 = CIRCLE('',#3210,0.3);
#3210 = AXIS2_PLACEMENT_3D('',#3211,#3212,#3213);
#3211 = CARTESIAN_POINT('',(4.7,12.2,10.3));
#3212 = DIRECTION('',(1.,0.,-6.123233995737E-17));
#3213 = DIRECTION('',(6.123233995737E-17,0.,1.));
#3214 = ORIENTED_EDGE('',*,*,#2731,.F.);
#3215 = SPHERICAL_SURFACE('',#3216,0.3);
#3216 = AXIS2_PLACEMENT_3D('',#3217,#3218,#3219);
#3217 = CARTESIAN_POINT('',(4.7,12.2,10.3));
#3218 = DIRECTION('',(0.,-1.,-0.));
#3219 = DIRECTION('',(1.,0.,0.));
#3220 = ADVANCED_FACE('',(#3221),#3227,.T.);
#3221 = FACE_BOUND('',#3222,.T.);
#3222 = EDGE_LOOP('',(#3223,#3224,#3225,#3226));
#3223 = ORIENTED_EDGE('',*,*,#2869,.T.);
#3224 = ORIENTED_EDGE('',*,*,#2773,.T.);
#3225 = ORIENTED_EDGE('',*,*,#3208,.F.);
#3226 = ORIENTED_EDGE('',*,*,#2886,.F.);
#3227 = CYLINDRICAL_SURFACE('',#3228,0.3);
#3228 = AXIS2_PLACEMENT_3D('',#3229,#3230,#3231);
#3229 = CARTESIAN_POINT('',(0.,12.2,10.3));
#3230 = DIRECTION('',(1.,0.,-0.));
#3231 = DIRECTION('',(0.,1.,0.));
#3232 = ADVANCED_FACE('',(#3233),#3244,.F.);
#3233 = FACE_BOUND('',#3234,.F.);
#3234 = EDGE_LOOP('',(#3235,#3236,#3237,#3238));
#3235 = ORIENTED_EDGE('',*,*,#2844,.F.);
#3236 = ORIENTED_EDGE('',*,*,#2757,.F.);
#3237 = ORIENTED_EDGE('',*,*,#2788,.T.);
#3238 = ORIENTED_EDGE('',*,*,#3239,.F.);
#3239 = EDGE_CURVE('',#2845,#2789,#3240,.T.);
#3240 = LINE('',#3241,#3242);
#3241 = CARTESIAN_POINT('',(0.55,9.7,8.45));
#3242 = VECTOR('',#3243,1.);
#3243 = DIRECTION('',(1.,0.,0.));
#3244 = PLANE('',#3245);
#3245 = AXIS2_PLACEMENT_3D('',#3246,#3247,#3248);
#3246 = CARTESIAN_POINT('',(0.55,9.7,10.8));
#3247 = DIRECTION('',(-0.,1.,0.));
#3248 = DIRECTION('',(0.,0.,-1.));
#3249 = ADVANCED_FACE('',(#3250),#3256,.F.);
#3250 = FACE_BOUND('',#3251,.F.);
#3251 = EDGE_LOOP('',(#3252,#3253,#3254,#3255));
#3252 = ORIENTED_EDGE('',*,*,#3239,.T.);
#3253 = ORIENTED_EDGE('',*,*,#2796,.T.);
#3254 = ORIENTED_EDGE('',*,*,#2827,.F.);
#3255 = ORIENTED_EDGE('',*,*,#2852,.F.);
#3256 = PLANE('',#3257);
#3257 = AXIS2_PLACEMENT_3D('',#3258,#3259,#3260);
#3258 = CARTESIAN_POINT('',(0.55,9.7,8.45));
#3259 = DIRECTION('',(0.,0.,-1.));
#3260 = DIRECTION('',(0.,-1.,0.));
#3261 = ADVANCED_FACE('',(#3262),#3267,.T.);
#3262 = FACE_BOUND('',#3263,.T.);
#3263 = EDGE_LOOP('',(#3264,#3265,#3266));
#3264 = ORIENTED_EDGE('',*,*,#3156,.F.);
#3265 = ORIENTED_EDGE('',*,*,#3132,.T.);
#3266 = ORIENTED_EDGE('',*,*,#3184,.F.);
#3267 = SPHERICAL_SURFACE('',#3268,0.3);
#3268 = AXIS2_PLACEMENT_3D('',#3269,#3270,#3271);
#3269 = CARTESIAN_POINT('',(4.7,12.2,0.3));
#3270 = DIRECTION('',(0.,0.,1.));
#3271 = DIRECTION('',(1.,0.,-0.));
#3272 = ADVANCED_FACE('',(#3273),#3316,.T.);
#3273 = FACE_BOUND('',#3274,.T.);
#3274 = EDGE_LOOP('',(#3275,#3283,#3284,#3285,#3286,#3294,#3302,#3310));
#3275 = ORIENTED_EDGE('',*,*,#3276,.T.);
#3276 = EDGE_CURVE('',#3277,#2998,#3279,.T.);
#3277 = VERTEX_POINT('',#3278);
#3278 = CARTESIAN_POINT('',(4.05,0.4,5.65));
#3279 = LINE('',#3280,#3281);
#3280 = CARTESIAN_POINT('',(0.77,0.4,5.65));
#3281 = VECTOR('',#3282,1.);
#3282 = DIRECTION('',(1.,0.,-0.));
#3283 = ORIENTED_EDGE('',*,*,#3005,.F.);
#3284 = ORIENTED_EDGE('',*,*,#2527,.F.);
#3285 = ORIENTED_EDGE('',*,*,#3045,.T.);
#3286 = ORIENTED_EDGE('',*,*,#3287,.F.);
#3287 = EDGE_CURVE('',#3288,#3046,#3290,.T.);
#3288 = VERTEX_POINT('',#3289);
#3289 = CARTESIAN_POINT('',(3.45,0.4,5.65));
#3290 = LINE('',#3291,#3292);
#3291 = CARTESIAN_POINT('',(0.77,0.4,5.65));
#3292 = VECTOR('',#3293,1.);
#3293 = DIRECTION('',(1.,0.,-0.));
#3294 = ORIENTED_EDGE('',*,*,#3295,.T.);
#3295 = EDGE_CURVE('',#3288,#3296,#3298,.T.);
#3296 = VERTEX_POINT('',#3297);
#3297 = CARTESIAN_POINT('',(3.45,4.35,5.65));
#3298 = LINE('',#3299,#3300);
#3299 = CARTESIAN_POINT('',(3.45,0.4,5.65));
#3300 = VECTOR('',#3301,1.);
#3301 = DIRECTION('',(-0.,1.,0.));
#3302 = ORIENTED_EDGE('',*,*,#3303,.T.);
#3303 = EDGE_CURVE('',#3296,#3304,#3306,.T.);
#3304 = VERTEX_POINT('',#3305);
#3305 = CARTESIAN_POINT('',(4.05,4.35,5.65));
#3306 = LINE('',#3307,#3308);
#3307 = CARTESIAN_POINT('',(0.95,4.35,5.65));
#3308 = VECTOR('',#3309,1.);
#3309 = DIRECTION('',(1.,0.,-0.));
#3310 = ORIENTED_EDGE('',*,*,#3311,.F.);
#3311 = EDGE_CURVE('',#3277,#3304,#3312,.T.);
#3312 = LINE('',#3313,#3314);
#3313 = CARTESIAN_POINT('',(4.05,0.4,5.65));
#3314 = VECTOR('',#3315,1.);
#3315 = DIRECTION('',(-0.,1.,0.));
#3316 = PLANE('',#3317);
#3317 = AXIS2_PLACEMENT_3D('',#3318,#3319,#3320);
#3318 = CARTESIAN_POINT('',(3.777719298246,2.112719298246,5.65));
#3319 = DIRECTION('',(-0.,-0.,-1.));
#3320 = DIRECTION('',(-1.,0.,0.));
#3321 = ADVANCED_FACE('',(#3322),#3347,.F.);
#3322 = FACE_BOUND('',#3323,.F.);
#3323 = EDGE_LOOP('',(#3324,#3332,#3333,#3341));
#3324 = ORIENTED_EDGE('',*,*,#3325,.F.);
#3325 = EDGE_CURVE('',#3288,#3326,#3328,.T.);
#3326 = VERTEX_POINT('',#3327);
#3327 = CARTESIAN_POINT('',(3.45,0.4,7.4));
#3328 = LINE('',#3329,#3330);
#3329 = CARTESIAN_POINT('',(3.45,0.4,5.65));
#3330 = VECTOR('',#3331,1.);
#3331 = DIRECTION('',(0.,0.,1.));
#3332 = ORIENTED_EDGE('',*,*,#3295,.T.);
#3333 = ORIENTED_EDGE('',*,*,#3334,.T.);
#3334 = EDGE_CURVE('',#3296,#3335,#3337,.T.);
#3335 = VERTEX_POINT('',#3336);
#3336 = CARTESIAN_POINT('',(3.45,4.35,7.4));
#3337 = LINE('',#3338,#3339);
#3338 = CARTESIAN_POINT('',(3.45,4.35,5.65));
#3339 = VECTOR('',#3340,1.);
#3340 = DIRECTION('',(0.,0.,1.));
#3341 = ORIENTED_EDGE('',*,*,#3342,.F.);
#3342 = EDGE_CURVE('',#3326,#3335,#3343,.T.);
#3343 = LINE('',#3344,#3345);
#3344 = CARTESIAN_POINT('',(3.45,0.4,7.4));
#3345 = VECTOR('',#3346,1.);
#3346 = DIRECTION('',(-0.,1.,0.));
#3347 = PLANE('',#3348);
#3348 = AXIS2_PLACEMENT_3D('',#3349,#3350,#3351);
#3349 = CARTESIAN_POINT('',(3.45,0.4,5.65));
#3350 = DIRECTION('',(1.,0.,-0.));
#3351 = DIRECTION('',(0.,0.,1.));
#3352 = ADVANCED_FACE('',(#3353),#3378,.F.);
#3353 = FACE_BOUND('',#3354,.F.);
#3354 = EDGE_LOOP('',(#3355,#3363,#3371,#3377));
#3355 = ORIENTED_EDGE('',*,*,#3356,.F.);
#3356 = EDGE_CURVE('',#3357,#3277,#3359,.T.);
#3357 = VERTEX_POINT('',#3358);
#3358 = CARTESIAN_POINT('',(4.05,0.4,2.25));
#3359 = LINE('',#3360,#3361);
#3360 = CARTESIAN_POINT('',(4.05,0.4,2.25));
#3361 = VECTOR('',#3362,1.);
#3362 = DIRECTION('',(0.,0.,1.));
#3363 = ORIENTED_EDGE('',*,*,#3364,.T.);
#3364 = EDGE_CURVE('',#3357,#3365,#3367,.T.);
#3365 = VERTEX_POINT('',#3366);
#3366 = CARTESIAN_POINT('',(4.05,4.35,2.25));
#3367 = LINE('',#3368,#3369);
#3368 = CARTESIAN_POINT('',(4.05,0.4,2.25));
#3369 = VECTOR('',#3370,1.);
#3370 = DIRECTION('',(-0.,1.,0.));
#3371 = ORIENTED_EDGE('',*,*,#3372,.T.);
#3372 = EDGE_CURVE('',#3365,#3304,#3373,.T.);
#3373 = LINE('',#3374,#3375);
#3374 = CARTESIAN_POINT('',(4.05,4.35,2.25));
#3375 = VECTOR('',#3376,1.);
#3376 = DIRECTION('',(0.,0.,1.));
#3377 = ORIENTED_EDGE('',*,*,#3311,.F.);
#3378 = PLANE('',#3379);
#3379 = AXIS2_PLACEMENT_3D('',#3380,#3381,#3382);
#3380 = CARTESIAN_POINT('',(4.05,0.4,2.25));
#3381 = DIRECTION('',(1.,0.,-0.));
#3382 = DIRECTION('',(0.,0.,1.));
#3383 = ADVANCED_FACE('',(#3384),#3411,.F.);
#3384 = FACE_BOUND('',#3385,.F.);
#3385 = EDGE_LOOP('',(#3386,#3395,#3396,#3405));
#3386 = ORIENTED_EDGE('',*,*,#3387,.F.);
#3387 = EDGE_CURVE('',#3365,#3388,#3390,.T.);
#3388 = VERTEX_POINT('',#3389);
#3389 = CARTESIAN_POINT('',(0.95,4.35,2.25));
#3390 = CIRCLE('',#3391,1.55);
#3391 = AXIS2_PLACEMENT_3D('',#3392,#3393,#3394);
#3392 = CARTESIAN_POINT('',(2.5,4.35,2.25));
#3393 = DIRECTION('',(0.,1.,0.));
#3394 = DIRECTION('',(0.,-0.,1.));
#3395 = ORIENTED_EDGE('',*,*,#3364,.F.);
#3396 = ORIENTED_EDGE('',*,*,#3397,.T.);
#3397 = EDGE_CURVE('',#3357,#3398,#3400,.T.);
#3398 = VERTEX_POINT('',#3399);
#3399 = CARTESIAN_POINT('',(0.95,0.4,2.25));
#3400 = CIRCLE('',#3401,1.55);
#3401 = AXIS2_PLACEMENT_3D('',#3402,#3403,#3404);
#3402 = CARTESIAN_POINT('',(2.5,0.4,2.25));
#3403 = DIRECTION('',(0.,1.,0.));
#3404 = DIRECTION('',(0.,-0.,1.));
#3405 = ORIENTED_EDGE('',*,*,#3406,.T.);
#3406 = EDGE_CURVE('',#3398,#3388,#3407,.T.);
#3407 = LINE('',#3408,#3409);
#3408 = CARTESIAN_POINT('',(0.95,0.4,2.25));
#3409 = VECTOR('',#3410,1.);
#3410 = DIRECTION('',(-0.,1.,0.));
#3411 = CYLINDRICAL_SURFACE('',#3412,1.55);
#3412 = AXIS2_PLACEMENT_3D('',#3413,#3414,#3415);
#3413 = CARTESIAN_POINT('',(2.5,0.4,2.25));
#3414 = DIRECTION('',(0.,1.,0.));
#3415 = DIRECTION('',(0.,-0.,1.));
#3416 = ADVANCED_FACE('',(#3417),#3442,.T.);
#3417 = FACE_BOUND('',#3418,.T.);
#3418 = EDGE_LOOP('',(#3419,#3427,#3428,#3436));
#3419 = ORIENTED_EDGE('',*,*,#3420,.F.);
#3420 = EDGE_CURVE('',#3398,#3421,#3423,.T.);
#3421 = VERTEX_POINT('',#3422);
#3422 = CARTESIAN_POINT('',(0.95,0.4,5.65));
#3423 = LINE('',#3424,#3425);
#3424 = CARTESIAN_POINT('',(0.95,0.4,2.25));
#3425 = VECTOR('',#3426,1.);
#3426 = DIRECTION('',(0.,0.,1.));
#3427 = ORIENTED_EDGE('',*,*,#3406,.T.);
#3428 = ORIENTED_EDGE('',*,*,#3429,.T.);
#3429 = EDGE_CURVE('',#3388,#3430,#3432,.T.);
#3430 = VERTEX_POINT('',#3431);
#3431 = CARTESIAN_POINT('',(0.95,4.35,5.65));
#3432 = LINE('',#3433,#3434);
#3433 = CARTESIAN_POINT('',(0.95,4.35,2.25));
#3434 = VECTOR('',#3435,1.);
#3435 = DIRECTION('',(0.,0.,1.));
#3436 = ORIENTED_EDGE('',*,*,#3437,.F.);
#3437 = EDGE_CURVE('',#3421,#3430,#3438,.T.);
#3438 = LINE('',#3439,#3440);
#3439 = CARTESIAN_POINT('',(0.95,0.4,5.65));
#3440 = VECTOR('',#3441,1.);
#3441 = DIRECTION('',(-0.,1.,0.));
#3442 = PLANE('',#3443);
#3443 = AXIS2_PLACEMENT_3D('',#3444,#3445,#3446);
#3444 = CARTESIAN_POINT('',(0.95,0.4,2.25));
#3445 = DIRECTION('',(1.,0.,-0.));
#3446 = DIRECTION('',(0.,0.,1.));
#3447 = ADVANCED_FACE('',(#3448),#3482,.T.);
#3448 = FACE_BOUND('',#3449,.T.);
#3449 = EDGE_LOOP('',(#3450,#3456,#3457,#3465,#3473,#3479,#3480,#3481));
#3450 = ORIENTED_EDGE('',*,*,#3451,.T.);
#3451 = EDGE_CURVE('',#3078,#3421,#3452,.T.);
#3452 = LINE('',#3453,#3454);
#3453 = CARTESIAN_POINT('',(0.77,0.4,5.65));
#3454 = VECTOR('',#3455,1.);
#3455 = DIRECTION('',(1.,0.,-0.));
#3456 = ORIENTED_EDGE('',*,*,#3437,.T.);
#3457 = ORIENTED_EDGE('',*,*,#3458,.T.);
#3458 = EDGE_CURVE('',#3430,#3459,#3461,.T.);
#3459 = VERTEX_POINT('',#3460);
#3460 = CARTESIAN_POINT('',(1.55,4.35,5.65));
#3461 = LINE('',#3462,#3463);
#3462 = CARTESIAN_POINT('',(0.95,4.35,5.65));
#3463 = VECTOR('',#3464,1.);
#3464 = DIRECTION('',(1.,0.,-0.));
#3465 = ORIENTED_EDGE('',*,*,#3466,.F.);
#3466 = EDGE_CURVE('',#3467,#3459,#3469,.T.);
#3467 = VERTEX_POINT('',#3468);
#3468 = CARTESIAN_POINT('',(1.55,0.4,5.65));
#3469 = LINE('',#3470,#3471);
#3470 = CARTESIAN_POINT('',(1.55,0.4,5.65));
#3471 = VECTOR('',#3472,1.);
#3472 = DIRECTION('',(-0.,1.,0.));
#3473 = ORIENTED_EDGE('',*,*,#3474,.F.);
#3474 = EDGE_CURVE('',#3101,#3467,#3475,.T.);
#3475 = LINE('',#3476,#3477);
#3476 = CARTESIAN_POINT('',(0.77,0.4,5.65));
#3477 = VECTOR('',#3478,1.);
#3478 = DIRECTION('',(1.,0.,-0.));
#3479 = ORIENTED_EDGE('',*,*,#3100,.F.);
#3480 = ORIENTED_EDGE('',*,*,#2569,.F.);
#3481 = ORIENTED_EDGE('',*,*,#3085,.T.);
#3482 = PLANE('',#3483);
#3483 = AXIS2_PLACEMENT_3D('',#3484,#3485,#3486);
#3484 = CARTESIAN_POINT('',(1.222280701754,2.112719298246,5.65));
#3485 = DIRECTION('',(-0.,-0.,-1.));
#3486 = DIRECTION('',(-1.,0.,0.));
#3487 = ADVANCED_FACE('',(#3488),#3513,.T.);
#3488 = FACE_BOUND('',#3489,.T.);
#3489 = EDGE_LOOP('',(#3490,#3498,#3499,#3507));
#3490 = ORIENTED_EDGE('',*,*,#3491,.F.);
#3491 = EDGE_CURVE('',#3467,#3492,#3494,.T.);
#3492 = VERTEX_POINT('',#3493);
#3493 = CARTESIAN_POINT('',(1.55,0.4,7.4));
#3494 = LINE('',#3495,#3496);
#3495 = CARTESIAN_POINT('',(1.55,0.4,5.65));
#3496 = VECTOR('',#3497,1.);
#3497 = DIRECTION('',(0.,0.,1.));
#3498 = ORIENTED_EDGE('',*,*,#3466,.T.);
#3499 = ORIENTED_EDGE('',*,*,#3500,.T.);
#3500 = EDGE_CURVE('',#3459,#3501,#3503,.T.);
#3501 = VERTEX_POINT('',#3502);
#3502 = CARTESIAN_POINT('',(1.55,4.35,7.4));
#3503 = LINE('',#3504,#3505);
#3504 = CARTESIAN_POINT('',(1.55,4.35,5.65));
#3505 = VECTOR('',#3506,1.);
#3506 = DIRECTION('',(0.,0.,1.));
#3507 = ORIENTED_EDGE('',*,*,#3508,.F.);
#3508 = EDGE_CURVE('',#3492,#3501,#3509,.T.);
#3509 = LINE('',#3510,#3511);
#3510 = CARTESIAN_POINT('',(1.55,0.4,7.4));
#3511 = VECTOR('',#3512,1.);
#3512 = DIRECTION('',(-0.,1.,0.));
#3513 = PLANE('',#3514);
#3514 = AXIS2_PLACEMENT_3D('',#3515,#3516,#3517);
#3515 = CARTESIAN_POINT('',(1.55,0.4,5.65));
#3516 = DIRECTION('',(1.,0.,-0.));
#3517 = DIRECTION('',(0.,0.,1.));
#3518 = ADVANCED_FACE('',(#3519),#3529,.T.);
#3519 = FACE_BOUND('',#3520,.T.);
#3520 = EDGE_LOOP('',(#3521,#3522,#3523,#3524,#3525,#3526,#3527,#3528));
#3521 = ORIENTED_EDGE('',*,*,#2997,.T.);
#3522 = ORIENTED_EDGE('',*,*,#3276,.F.);
#3523 = ORIENTED_EDGE('',*,*,#3356,.F.);
#3524 = ORIENTED_EDGE('',*,*,#3397,.T.);
#3525 = ORIENTED_EDGE('',*,*,#3420,.T.);
#3526 = ORIENTED_EDGE('',*,*,#3451,.F.);
#3527 = ORIENTED_EDGE('',*,*,#3077,.F.);
#3528 = ORIENTED_EDGE('',*,*,#3019,.F.);
#3529 = PLANE('',#3530);
#3530 = AXIS2_PLACEMENT_3D('',#3531,#3532,#3533);
#3531 = CARTESIAN_POINT('',(2.5,0.4,2.880205591296));
#3532 = DIRECTION('',(-0.,-1.,-0.));
#3533 = DIRECTION('',(0.,0.,-1.));
#3534 = ADVANCED_FACE('',(#3535),#3575,.T.);
#3535 = FACE_BOUND('',#3536,.T.);
#3536 = EDGE_LOOP('',(#3537,#3538,#3539,#3548,#3555,#3556,#3557,#3558,
    #3567,#3574));
#3537 = ORIENTED_EDGE('',*,*,#3287,.T.);
#3538 = ORIENTED_EDGE('',*,*,#3053,.T.);
#3539 = ORIENTED_EDGE('',*,*,#3540,.F.);
#3540 = EDGE_CURVE('',#3541,#3054,#3543,.T.);
#3541 = VERTEX_POINT('',#3542);
#3542 = CARTESIAN_POINT('',(2.5,0.4,8.53));
#3543 = CIRCLE('',#3544,1.13);
#3544 = AXIS2_PLACEMENT_3D('',#3545,#3546,#3547);
#3545 = CARTESIAN_POINT('',(2.5,0.4,7.4));
#3546 = DIRECTION('',(0.,1.,0.));
#3547 = DIRECTION('',(0.,-0.,1.));
#3548 = ORIENTED_EDGE('',*,*,#3549,.F.);
#3549 = EDGE_CURVE('',#3109,#3541,#3550,.T.);
#3550 = CIRCLE('',#3551,1.13);
#3551 = AXIS2_PLACEMENT_3D('',#3552,#3553,#3554);
#3552 = CARTESIAN_POINT('',(2.5,0.4,7.4));
#3553 = DIRECTION('',(0.,1.,0.));
#3554 = DIRECTION('',(0.,-0.,1.));
#3555 = ORIENTED_EDGE('',*,*,#3108,.F.);
#3556 = ORIENTED_EDGE('',*,*,#3474,.T.);
#3557 = ORIENTED_EDGE('',*,*,#3491,.T.);
#3558 = ORIENTED_EDGE('',*,*,#3559,.T.);
#3559 = EDGE_CURVE('',#3492,#3560,#3562,.T.);
#3560 = VERTEX_POINT('',#3561);
#3561 = CARTESIAN_POINT('',(2.5,0.4,8.35));
#3562 = CIRCLE('',#3563,0.95);
#3563 = AXIS2_PLACEMENT_3D('',#3564,#3565,#3566);
#3564 = CARTESIAN_POINT('',(2.5,0.4,7.4));
#3565 = DIRECTION('',(0.,1.,0.));
#3566 = DIRECTION('',(0.,-0.,1.));
#3567 = ORIENTED_EDGE('',*,*,#3568,.T.);
#3568 = EDGE_CURVE('',#3560,#3326,#3569,.T.);
#3569 = CIRCLE('',#3570,0.95);
#3570 = AXIS2_PLACEMENT_3D('',#3571,#3572,#3573);
#3571 = CARTESIAN_POINT('',(2.5,0.4,7.4));
#3572 = DIRECTION('',(0.,1.,0.));
#3573 = DIRECTION('',(0.,-0.,1.));
#3574 = ORIENTED_EDGE('',*,*,#3325,.F.);
#3575 = PLANE('',#3576);
#3576 = AXIS2_PLACEMENT_3D('',#3577,#3578,#3579);
#3577 = CARTESIAN_POINT('',(2.5,0.4,7.215868321793));
#3578 = DIRECTION('',(-0.,-1.,-0.));
#3579 = DIRECTION('',(0.,0.,-1.));
#3580 = ADVANCED_FACE('',(#3581),#3606,.T.);
#3581 = FACE_BOUND('',#3582,.T.);
#3582 = EDGE_LOOP('',(#3583,#3584,#3585,#3586,#3595,#3602,#3603,#3604,
    #3605));
#3583 = ORIENTED_EDGE('',*,*,#3372,.T.);
#3584 = ORIENTED_EDGE('',*,*,#3303,.F.);
#3585 = ORIENTED_EDGE('',*,*,#3334,.T.);
#3586 = ORIENTED_EDGE('',*,*,#3587,.F.);
#3587 = EDGE_CURVE('',#3588,#3335,#3590,.T.);
#3588 = VERTEX_POINT('',#3589);
#3589 = CARTESIAN_POINT('',(2.5,4.35,8.35));
#3590 = CIRCLE('',#3591,0.95);
#3591 = AXIS2_PLACEMENT_3D('',#3592,#3593,#3594);
#3592 = CARTESIAN_POINT('',(2.5,4.35,7.4));
#3593 = DIRECTION('',(0.,1.,0.));
#3594 = DIRECTION('',(0.,-0.,1.));
#3595 = ORIENTED_EDGE('',*,*,#3596,.F.);
#3596 = EDGE_CURVE('',#3501,#3588,#3597,.T.);
#3597 = CIRCLE('',#3598,0.95);
#3598 = AXIS2_PLACEMENT_3D('',#3599,#3600,#3601);
#3599 = CARTESIAN_POINT('',(2.5,4.35,7.4));
#3600 = DIRECTION('',(0.,1.,0.));
#3601 = DIRECTION('',(0.,-0.,1.));
#3602 = ORIENTED_EDGE('',*,*,#3500,.F.);
#3603 = ORIENTED_EDGE('',*,*,#3458,.F.);
#3604 = ORIENTED_EDGE('',*,*,#3429,.F.);
#3605 = ORIENTED_EDGE('',*,*,#3387,.F.);
#3606 = PLANE('',#3607);
#3607 = AXIS2_PLACEMENT_3D('',#3608,#3609,#3610);
#3608 = CARTESIAN_POINT('',(2.5,4.35,4.521140854833));
#3609 = DIRECTION('',(-0.,-1.,-0.));
#3610 = DIRECTION('',(0.,0.,-1.));
#3611 = ADVANCED_FACE('',(#3612),#3620,.F.);
#3612 = FACE_BOUND('',#3613,.F.);
#3613 = EDGE_LOOP('',(#3614,#3615,#3616,#3617,#3618,#3619));
#3614 = ORIENTED_EDGE('',*,*,#3116,.F.);
#3615 = ORIENTED_EDGE('',*,*,#2552,.T.);
#3616 = ORIENTED_EDGE('',*,*,#2543,.T.);
#3617 = ORIENTED_EDGE('',*,*,#3061,.T.);
#3618 = ORIENTED_EDGE('',*,*,#3540,.F.);
#3619 = ORIENTED_EDGE('',*,*,#3549,.F.);
#3620 = CYLINDRICAL_SURFACE('',#3621,1.13);
#3621 = AXIS2_PLACEMENT_3D('',#3622,#3623,#3624);
#3622 = CARTESIAN_POINT('',(2.5,-5.E-02,7.4));
#3623 = DIRECTION('',(0.,1.,0.));
#3624 = DIRECTION('',(0.,-0.,1.));
#3625 = ADVANCED_FACE('',(#3626),#3634,.F.);
#3626 = FACE_BOUND('',#3627,.F.);
#3627 = EDGE_LOOP('',(#3628,#3629,#3630,#3631,#3632,#3633));
#3628 = ORIENTED_EDGE('',*,*,#3342,.T.);
#3629 = ORIENTED_EDGE('',*,*,#3587,.F.);
#3630 = ORIENTED_EDGE('',*,*,#3596,.F.);
#3631 = ORIENTED_EDGE('',*,*,#3508,.F.);
#3632 = ORIENTED_EDGE('',*,*,#3559,.T.);
#3633 = ORIENTED_EDGE('',*,*,#3568,.T.);
#3634 = CYLINDRICAL_SURFACE('',#3635,0.95);
#3635 = AXIS2_PLACEMENT_3D('',#3636,#3637,#3638);
#3636 = CARTESIAN_POINT('',(2.5,0.4,7.4));
#3637 = DIRECTION('',(0.,1.,0.));
#3638 = DIRECTION('',(0.,-0.,1.));
#3639 = ( GEOMETRIC_REPRESENTATION_CONTEXT(3)
GLOBAL_UNCERTAINTY_ASSIGNED_CONTEXT((#3643))
GLOBAL_UNIT_ASSIGNED_CONTEXT((#3640,#3641,#3642)) REPRESENTATION_CONTEXT
('Context #1','3D Context with UNIT and UNCERTAINTY') );
#3640 = ( LENGTH_UNIT() NAMED_UNIT(*) SI_UNIT(.MILLI.,.METRE.) );
#3641 = ( NAMED_UNIT(*) PLANE_ANGLE_UNIT() SI_UNIT($,.RADIAN.) );
#3642 = ( NAMED_UNIT(*) SI_UNIT($,.STERADIAN.) SOLID_ANGLE_UNIT() );
#3643 = UNCERTAINTY_MEASURE_WITH_UNIT(LENGTH_MEASURE(1.E-07),#3640,
  'distance_accuracy_value','confusion accuracy');
#3644 = CONTEXT_DEPENDENT_SHAPE_REPRESENTATION(#3645,#3647);
#3645 = ( REPRESENTATION_RELATIONSHIP('','',#2013,#10)
REPRESENTATION_RELATIONSHIP_WITH_TRANSFORMATION(#3646)
SHAPE_REPRESENTATION_RELATIONSHIP() );
#3646 = ITEM_DEFINED_TRANSFORMATION('','',#11,#31);
#3647 = PRODUCT_DEFINITION_SHAPE('Placement','Placement of an item',
  #3648);
#3648 = NEXT_ASSEMBLY_USAGE_OCCURRENCE('5','Housing P2','',#5,#2008,$);
#3649 = PRODUCT_RELATED_PRODUCT_CATEGORY('part',$,(#2010));
#3650 = SHAPE_DEFINITION_REPRESENTATION(#3651,#3657);
#3651 = PRODUCT_DEFINITION_SHAPE('','',#3652);
#3652 = PRODUCT_DEFINITION('design','',#3653,#3656);
#3653 = PRODUCT_DEFINITION_FORMATION('','',#3654);
#3654 = PRODUCT('Actuator P2','Actuator P2','',(#3655));
#3655 = PRODUCT_CONTEXT('',#2,'mechanical');
#3656 = PRODUCT_DEFINITION_CONTEXT('part definition',#2,'design');
#3657 = ADVANCED_BREP_SHAPE_REPRESENTATION('',(#11,#3658),#3876);
#3658 = MANIFOLD_SOLID_BREP('',#3659);
#3659 = CLOSED_SHELL('',(#3660,#3700,#3731,#3762,#3793,#3826,#3848,#3862
    ));
#3660 = ADVANCED_FACE('',(#3661),#3695,.T.);
#3661 = FACE_BOUND('',#3662,.T.);
#3662 = EDGE_LOOP('',(#3663,#3673,#3681,#3689));
#3663 = ORIENTED_EDGE('',*,*,#3664,.T.);
#3664 = EDGE_CURVE('',#3665,#3667,#3669,.T.);
#3665 = VERTEX_POINT('',#3666);
#3666 = CARTESIAN_POINT('',(0.6,-0.35,10.6));
#3667 = VERTEX_POINT('',#3668);
#3668 = CARTESIAN_POINT('',(4.4,-0.35,10.6));
#3669 = LINE('',#3670,#3671);
#3670 = CARTESIAN_POINT('',(0.6,-0.35,10.6));
#3671 = VECTOR('',#3672,1.);
#3672 = DIRECTION('',(1.,0.,0.));
#3673 = ORIENTED_EDGE('',*,*,#3674,.T.);
#3674 = EDGE_CURVE('',#3667,#3675,#3677,.T.);
#3675 = VERTEX_POINT('',#3676);
#3676 = CARTESIAN_POINT('',(4.4,9.45,10.6));
#3677 = LINE('',#3678,#3679);
#3678 = CARTESIAN_POINT('',(4.4,-0.35,10.6));
#3679 = VECTOR('',#3680,1.);
#3680 = DIRECTION('',(0.,1.,0.));
#3681 = ORIENTED_EDGE('',*,*,#3682,.F.);
#3682 = EDGE_CURVE('',#3683,#3675,#3685,.T.);
#3683 = VERTEX_POINT('',#3684);
#3684 = CARTESIAN_POINT('',(0.6,9.45,10.6));
#3685 = LINE('',#3686,#3687);
#3686 = CARTESIAN_POINT('',(0.6,9.45,10.6));
#3687 = VECTOR('',#3688,1.);
#3688 = DIRECTION('',(1.,0.,0.));
#3689 = ORIENTED_EDGE('',*,*,#3690,.F.);
#3690 = EDGE_CURVE('',#3665,#3683,#3691,.T.);
#3691 = LINE('',#3692,#3693);
#3692 = CARTESIAN_POINT('',(0.6,-0.35,10.6));
#3693 = VECTOR('',#3694,1.);
#3694 = DIRECTION('',(0.,1.,0.));
#3695 = PLANE('',#3696);
#3696 = AXIS2_PLACEMENT_3D('',#3697,#3698,#3699);
#3697 = CARTESIAN_POINT('',(0.6,-0.35,10.6));
#3698 = DIRECTION('',(0.,0.,1.));
#3699 = DIRECTION('',(0.,1.,0.));
#3700 = ADVANCED_FACE('',(#3701),#3726,.T.);
#3701 = FACE_BOUND('',#3702,.T.);
#3702 = EDGE_LOOP('',(#3703,#3713,#3719,#3720));
#3703 = ORIENTED_EDGE('',*,*,#3704,.T.);
#3704 = EDGE_CURVE('',#3705,#3707,#3709,.T.);
#3705 = VERTEX_POINT('',#3706);
#3706 = CARTESIAN_POINT('',(0.6,1.25,8.6));
#3707 = VERTEX_POINT('',#3708);
#3708 = CARTESIAN_POINT('',(4.4,1.25,8.6));
#3709 = LINE('',#3710,#3711);
#3710 = CARTESIAN_POINT('',(0.6,1.25,8.6));
#3711 = VECTOR('',#3712,1.);
#3712 = DIRECTION('',(1.,0.,0.));
#3713 = ORIENTED_EDGE('',*,*,#3714,.T.);
#3714 = EDGE_CURVE('',#3707,#3667,#3715,.T.);
#3715 = LINE('',#3716,#3717);
#3716 = CARTESIAN_POINT('',(4.4,1.25,8.6));
#3717 = VECTOR('',#3718,1.);
#3718 = DIRECTION('',(0.,-0.624695047554,0.780868809443));
#3719 = ORIENTED_EDGE('',*,*,#3664,.F.);
#3720 = ORIENTED_EDGE('',*,*,#3721,.F.);
#3721 = EDGE_CURVE('',#3705,#3665,#3722,.T.);
#3722 = LINE('',#3723,#3724);
#3723 = CARTESIAN_POINT('',(0.6,1.25,8.6));
#3724 = VECTOR('',#3725,1.);
#3725 = DIRECTION('',(0.,-0.624695047554,0.780868809443));
#3726 = PLANE('',#3727);
#3727 = AXIS2_PLACEMENT_3D('',#3728,#3729,#3730);
#3728 = CARTESIAN_POINT('',(0.6,1.25,8.6));
#3729 = DIRECTION('',(0.,-0.780868809443,-0.624695047554));
#3730 = DIRECTION('',(0.,-0.624695047554,0.780868809443));
#3731 = ADVANCED_FACE('',(#3732),#3757,.T.);
#3732 = FACE_BOUND('',#3733,.T.);
#3733 = EDGE_LOOP('',(#3734,#3742,#3743,#3751));
#3734 = ORIENTED_EDGE('',*,*,#3735,.F.);
#3735 = EDGE_CURVE('',#3683,#3736,#3738,.T.);
#3736 = VERTEX_POINT('',#3737);
#3737 = CARTESIAN_POINT('',(0.6,9.45,9.565923489271));
#3738 = LINE('',#3739,#3740);
#3739 = CARTESIAN_POINT('',(0.6,9.45,10.6));
#3740 = VECTOR('',#3741,1.);
#3741 = DIRECTION('',(0.,0.,-1.));
#3742 = ORIENTED_EDGE('',*,*,#3682,.T.);
#3743 = ORIENTED_EDGE('',*,*,#3744,.T.);
#3744 = EDGE_CURVE('',#3675,#3745,#3747,.T.);
#3745 = VERTEX_POINT('',#3746);
#3746 = CARTESIAN_POINT('',(4.4,9.45,9.565923489271));
#3747 = LINE('',#3748,#3749);
#3748 = CARTESIAN_POINT('',(4.4,9.45,10.6));
#3749 = VECTOR('',#3750,1.);
#3750 = DIRECTION('',(0.,0.,-1.));
#3751 = ORIENTED_EDGE('',*,*,#3752,.F.);
#3752 = EDGE_CURVE('',#3736,#3745,#3753,.T.);
#3753 = LINE('',#3754,#3755);
#3754 = CARTESIAN_POINT('',(0.6,9.45,9.565923489271));
#3755 = VECTOR('',#3756,1.);
#3756 = DIRECTION('',(1.,0.,0.));
#3757 = PLANE('',#3758);
#3758 = AXIS2_PLACEMENT_3D('',#3759,#3760,#3761);
#3759 = CARTESIAN_POINT('',(0.6,9.45,10.6));
#3760 = DIRECTION('',(-0.,1.,0.));
#3761 = DIRECTION('',(0.,0.,-1.));
#3762 = ADVANCED_FACE('',(#3763),#3788,.T.);
#3763 = FACE_BOUND('',#3764,.T.);
#3764 = EDGE_LOOP('',(#3765,#3775,#3781,#3782));
#3765 = ORIENTED_EDGE('',*,*,#3766,.T.);
#3766 = EDGE_CURVE('',#3767,#3769,#3771,.T.);
#3767 = VERTEX_POINT('',#3768);
#3768 = CARTESIAN_POINT('',(0.6,9.45,8.6));
#3769 = VERTEX_POINT('',#3770);
#3770 = CARTESIAN_POINT('',(4.4,9.45,8.6));
#3771 = LINE('',#3772,#3773);
#3772 = CARTESIAN_POINT('',(0.6,9.45,8.6));
#3773 = VECTOR('',#3774,1.);
#3774 = DIRECTION('',(1.,0.,0.));
#3775 = ORIENTED_EDGE('',*,*,#3776,.T.);
#3776 = EDGE_CURVE('',#3769,#3707,#3777,.T.);
#3777 = LINE('',#3778,#3779);
#3778 = CARTESIAN_POINT('',(4.4,9.45,8.6));
#3779 = VECTOR('',#3780,1.);
#3780 = DIRECTION('',(0.,-1.,0.));
#3781 = ORIENTED_EDGE('',*,*,#3704,.F.);
#3782 = ORIENTED_EDGE('',*,*,#3783,.F.);
#3783 = EDGE_CURVE('',#3767,#3705,#3784,.T.);
#3784 = LINE('',#3785,#3786);
#3785 = CARTESIAN_POINT('',(0.6,9.45,8.6));
#3786 = VECTOR('',#3787,1.);
#3787 = DIRECTION('',(0.,-1.,0.));
#3788 = PLANE('',#3789);
#3789 = AXIS2_PLACEMENT_3D('',#3790,#3791,#3792);
#3790 = CARTESIAN_POINT('',(0.6,9.45,8.6));
#3791 = DIRECTION('',(0.,0.,-1.));
#3792 = DIRECTION('',(0.,-1.,0.));
#3793 = ADVANCED_FACE('',(#3794),#3821,.T.);
#3794 = FACE_BOUND('',#3795,.T.);
#3795 = EDGE_LOOP('',(#3796,#3805,#3813,#3820));
#3796 = ORIENTED_EDGE('',*,*,#3797,.F.);
#3797 = EDGE_CURVE('',#3798,#3745,#3800,.T.);
#3798 = VERTEX_POINT('',#3799);
#3799 = CARTESIAN_POINT('',(4.4,9.45,8.834076510729));
#3800 = CIRCLE('',#3801,0.58);
#3801 = AXIS2_PLACEMENT_3D('',#3802,#3803,#3804);
#3802 = CARTESIAN_POINT('',(4.4,9.,9.2));
#3803 = DIRECTION('',(1.,0.,0.));
#3804 = DIRECTION('',(-0.,0.,1.));
#3805 = ORIENTED_EDGE('',*,*,#3806,.F.);
#3806 = EDGE_CURVE('',#3807,#3798,#3809,.T.);
#3807 = VERTEX_POINT('',#3808);
#3808 = CARTESIAN_POINT('',(0.6,9.45,8.834076510729));
#3809 = LINE('',#3810,#3811);
#3810 = CARTESIAN_POINT('',(0.6,9.45,8.834076510729));
#3811 = VECTOR('',#3812,1.);
#3812 = DIRECTION('',(1.,0.,0.));
#3813 = ORIENTED_EDGE('',*,*,#3814,.T.);
#3814 = EDGE_CURVE('',#3807,#3736,#3815,.T.);
#3815 = CIRCLE('',#3816,0.58);
#3816 = AXIS2_PLACEMENT_3D('',#3817,#3818,#3819);
#3817 = CARTESIAN_POINT('',(0.6,9.,9.2));
#3818 = DIRECTION('',(1.,0.,0.));
#3819 = DIRECTION('',(-0.,0.,1.));
#3820 = ORIENTED_EDGE('',*,*,#3752,.T.);
#3821 = CYLINDRICAL_SURFACE('',#3822,0.58);
#3822 = AXIS2_PLACEMENT_3D('',#3823,#3824,#3825);
#3823 = CARTESIAN_POINT('',(0.6,9.,9.2));
#3824 = DIRECTION('',(1.,0.,0.));
#3825 = DIRECTION('',(-0.,0.,1.));
#3826 = ADVANCED_FACE('',(#3827),#3843,.T.);
#3827 = FACE_BOUND('',#3828,.T.);
#3828 = EDGE_LOOP('',(#3829,#3835,#3836,#3842));
#3829 = ORIENTED_EDGE('',*,*,#3830,.F.);
#3830 = EDGE_CURVE('',#3807,#3767,#3831,.T.);
#3831 = LINE('',#3832,#3833);
#3832 = CARTESIAN_POINT('',(0.6,9.45,10.6));
#3833 = VECTOR('',#3834,1.);
#3834 = DIRECTION('',(0.,0.,-1.));
#3835 = ORIENTED_EDGE('',*,*,#3806,.T.);
#3836 = ORIENTED_EDGE('',*,*,#3837,.T.);
#3837 = EDGE_CURVE('',#3798,#3769,#3838,.T.);
#3838 = LINE('',#3839,#3840);
#3839 = CARTESIAN_POINT('',(4.4,9.45,10.6));
#3840 = VECTOR('',#3841,1.);
#3841 = DIRECTION('',(0.,0.,-1.));
#3842 = ORIENTED_EDGE('',*,*,#3766,.F.);
#3843 = PLANE('',#3844);
#3844 = AXIS2_PLACEMENT_3D('',#3845,#3846,#3847);
#3845 = CARTESIAN_POINT('',(0.6,9.45,10.6));
#3846 = DIRECTION('',(-0.,1.,0.));
#3847 = DIRECTION('',(0.,0.,-1.));
#3848 = ADVANCED_FACE('',(#3849),#3857,.T.);
#3849 = FACE_BOUND('',#3850,.T.);
#3850 = EDGE_LOOP('',(#3851,#3852,#3853,#3854,#3855,#3856));
#3851 = ORIENTED_EDGE('',*,*,#3721,.T.);
#3852 = ORIENTED_EDGE('',*,*,#3690,.T.);
#3853 = ORIENTED_EDGE('',*,*,#3735,.T.);
#3854 = ORIENTED_EDGE('',*,*,#3814,.F.);
#3855 = ORIENTED_EDGE('',*,*,#3830,.T.);
#3856 = ORIENTED_EDGE('',*,*,#3783,.T.);
#3857 = PLANE('',#3858);
#3858 = AXIS2_PLACEMENT_3D('',#3859,#3860,#3861);
#3859 = CARTESIAN_POINT('',(0.6,4.823284092834,9.669808456553));
#3860 = DIRECTION('',(-1.,-0.,-0.));
#3861 = DIRECTION('',(0.,0.,-1.));
#3862 = ADVANCED_FACE('',(#3863),#3871,.T.);
#3863 = FACE_BOUND('',#3864,.T.);
#3864 = EDGE_LOOP('',(#3865,#3866,#3867,#3868,#3869,#3870));
#3865 = ORIENTED_EDGE('',*,*,#3714,.F.);
#3866 = ORIENTED_EDGE('',*,*,#3776,.F.);
#3867 = ORIENTED_EDGE('',*,*,#3837,.F.);
#3868 = ORIENTED_EDGE('',*,*,#3797,.T.);
#3869 = ORIENTED_EDGE('',*,*,#3744,.F.);
#3870 = ORIENTED_EDGE('',*,*,#3674,.F.);
#3871 = PLANE('',#3872);
#3872 = AXIS2_PLACEMENT_3D('',#3873,#3874,#3875);
#3873 = CARTESIAN_POINT('',(4.4,4.823284092834,9.669808456553));
#3874 = DIRECTION('',(1.,0.,0.));
#3875 = DIRECTION('',(-0.,0.,1.));
#3876 = ( GEOMETRIC_REPRESENTATION_CONTEXT(3)
GLOBAL_UNCERTAINTY_ASSIGNED_CONTEXT((#3880))
GLOBAL_UNIT_ASSIGNED_CONTEXT((#3877,#3878,#3879)) REPRESENTATION_CONTEXT
('Context #1','3D Context with UNIT and UNCERTAINTY') );
#3877 = ( LENGTH_UNIT() NAMED_UNIT(*) SI_UNIT(.MILLI.,.METRE.) );
#3878 = ( NAMED_UNIT(*) PLANE_ANGLE_UNIT() SI_UNIT($,.RADIAN.) );
#3879 = ( NAMED_UNIT(*) SI_UNIT($,.STERADIAN.) SOLID_ANGLE_UNIT() );
#3880 = UNCERTAINTY_MEASURE_WITH_UNIT(LENGTH_MEASURE(1.E-07),#3877,
  'distance_accuracy_value','confusion accuracy');
#3881 = CONTEXT_DEPENDENT_SHAPE_REPRESENTATION(#3882,#3884);
#3882 = ( REPRESENTATION_RELATIONSHIP('','',#3657,#10)
REPRESENTATION_RELATIONSHIP_WITH_TRANSFORMATION(#3883)
SHAPE_REPRESENTATION_RELATIONSHIP() );
#3883 = ITEM_DEFINED_TRANSFORMATION('','',#11,#35);
#3884 = PRODUCT_DEFINITION_SHAPE('Placement','Placement of an item',
  #3885);
#3885 = NEXT_ASSEMBLY_USAGE_OCCURRENCE('6','Actuator P2','',#5,#3652,$);
#3886 = PRODUCT_RELATED_PRODUCT_CATEGORY('part',$,(#3654));
#3887 = SHAPE_DEFINITION_REPRESENTATION(#3888,#3894);
#3888 = PRODUCT_DEFINITION_SHAPE('','',#3889);
#3889 = PRODUCT_DEFINITION('design','',#3890,#3893);
#3890 = PRODUCT_DEFINITION_FORMATION('','',#3891);
#3891 = PRODUCT('Terminal Pin P2 A','Terminal Pin P2 A','',(#3892));
#3892 = PRODUCT_CONTEXT('',#2,'mechanical');
#3893 = PRODUCT_DEFINITION_CONTEXT('part definition',#2,'design');
#3894 = ADVANCED_BREP_SHAPE_REPRESENTATION('',(#11,#3895),#4045);
#3895 = MANIFOLD_SOLID_BREP('',#3896);
#3896 = CLOSED_SHELL('',(#3897,#3937,#3977,#3999,#4021,#4033));
#3897 = ADVANCED_FACE('',(#3898),#3932,.F.);
#3898 = FACE_BOUND('',#3899,.F.);
#3899 = EDGE_LOOP('',(#3900,#3910,#3918,#3926));
#3900 = ORIENTED_EDGE('',*,*,#3901,.F.);
#3901 = EDGE_CURVE('',#3902,#3904,#3906,.T.);
#3902 = VERTEX_POINT('',#3903);
#3903 = CARTESIAN_POINT('',(2.6,4.35,-3.));
#3904 = VERTEX_POINT('',#3905);
#3905 = CARTESIAN_POINT('',(2.6,4.35,0.));
#3906 = LINE('',#3907,#3908);
#3907 = CARTESIAN_POINT('',(2.6,4.35,-3.));
#3908 = VECTOR('',#3909,1.);
#3909 = DIRECTION('',(0.,0.,1.));
#3910 = ORIENTED_EDGE('',*,*,#3911,.T.);
#3911 = EDGE_CURVE('',#3902,#3912,#3914,.T.);
#3912 = VERTEX_POINT('',#3913);
#3913 = CARTESIAN_POINT('',(2.6,4.85,-3.));
#3914 = LINE('',#3915,#3916);
#3915 = CARTESIAN_POINT('',(2.6,4.35,-3.));
#3916 = VECTOR('',#3917,1.);
#3917 = DIRECTION('',(-0.,1.,0.));
#3918 = ORIENTED_EDGE('',*,*,#3919,.T.);
#3919 = EDGE_CURVE('',#3912,#3920,#3922,.T.);
#3920 = VERTEX_POINT('',#3921);
#3921 = CARTESIAN_POINT('',(2.6,4.85,0.));
#3922 = LINE('',#3923,#3924);
#3923 = CARTESIAN_POINT('',(2.6,4.85,-3.));
#3924 = VECTOR('',#3925,1.);
#3925 = DIRECTION('',(0.,0.,1.));
#3926 = ORIENTED_EDGE('',*,*,#3927,.F.);
#3927 = EDGE_CURVE('',#3904,#3920,#3928,.T.);
#3928 = LINE('',#3929,#3930);
#3929 = CARTESIAN_POINT('',(2.6,4.35,0.));
#3930 = VECTOR('',#3931,1.);
#3931 = DIRECTION('',(-0.,1.,0.));
#3932 = PLANE('',#3933);
#3933 = AXIS2_PLACEMENT_3D('',#3934,#3935,#3936);
#3934 = CARTESIAN_POINT('',(2.6,4.35,-3.));
#3935 = DIRECTION('',(1.,0.,-0.));
#3936 = DIRECTION('',(0.,0.,1.));
#3937 = ADVANCED_FACE('',(#3938),#3972,.T.);
#3938 = FACE_BOUND('',#3939,.T.);
#3939 = EDGE_LOOP('',(#3940,#3950,#3958,#3966));
#3940 = ORIENTED_EDGE('',*,*,#3941,.F.);
#3941 = EDGE_CURVE('',#3942,#3944,#3946,.T.);
#3942 = VERTEX_POINT('',#3943);
#3943 = CARTESIAN_POINT('',(3.4,4.35,-3.));
#3944 = VERTEX_POINT('',#3945);
#3945 = CARTESIAN_POINT('',(3.4,4.35,0.));
#3946 = LINE('',#3947,#3948);
#3947 = CARTESIAN_POINT('',(3.4,4.35,-3.));
#3948 = VECTOR('',#3949,1.);
#3949 = DIRECTION('',(0.,0.,1.));
#3950 = ORIENTED_EDGE('',*,*,#3951,.T.);
#3951 = EDGE_CURVE('',#3942,#3952,#3954,.T.);
#3952 = VERTEX_POINT('',#3953);
#3953 = CARTESIAN_POINT('',(3.4,4.85,-3.));
#3954 = LINE('',#3955,#3956);
#3955 = CARTESIAN_POINT('',(3.4,4.35,-3.));
#3956 = VECTOR('',#3957,1.);
#3957 = DIRECTION('',(-0.,1.,0.));
#3958 = ORIENTED_EDGE('',*,*,#3959,.T.);
#3959 = EDGE_CURVE('',#3952,#3960,#3962,.T.);
#3960 = VERTEX_POINT('',#3961);
#3961 = CARTESIAN_POINT('',(3.4,4.85,0.));
#3962 = LINE('',#3963,#3964);
#3963 = CARTESIAN_POINT('',(3.4,4.85,-3.));
#3964 = VECTOR('',#3965,1.);
#3965 = DIRECTION('',(0.,0.,1.));
#3966 = ORIENTED_EDGE('',*,*,#3967,.F.);
#3967 = EDGE_CURVE('',#3944,#3960,#3968,.T.);
#3968 = LINE('',#3969,#3970);
#3969 = CARTESIAN_POINT('',(3.4,4.35,0.));
#3970 = VECTOR('',#3971,1.);
#3971 = DIRECTION('',(-0.,1.,0.));
#3972 = PLANE('',#3973);
#3973 = AXIS2_PLACEMENT_3D('',#3974,#3975,#3976);
#3974 = CARTESIAN_POINT('',(3.4,4.35,-3.));
#3975 = DIRECTION('',(1.,0.,-0.));
#3976 = DIRECTION('',(0.,0.,1.));
#3977 = ADVANCED_FACE('',(#3978),#3994,.F.);
#3978 = FACE_BOUND('',#3979,.F.);
#3979 = EDGE_LOOP('',(#3980,#3986,#3987,#3993));
#3980 = ORIENTED_EDGE('',*,*,#3981,.F.);
#3981 = EDGE_CURVE('',#3902,#3942,#3982,.T.);
#3982 = LINE('',#3983,#3984);
#3983 = CARTESIAN_POINT('',(2.6,4.35,-3.));
#3984 = VECTOR('',#3985,1.);
#3985 = DIRECTION('',(1.,0.,-0.));
#3986 = ORIENTED_EDGE('',*,*,#3901,.T.);
#3987 = ORIENTED_EDGE('',*,*,#3988,.T.);
#3988 = EDGE_CURVE('',#3904,#3944,#3989,.T.);
#3989 = LINE('',#3990,#3991);
#3990 = CARTESIAN_POINT('',(2.6,4.35,0.));
#3991 = VECTOR('',#3992,1.);
#3992 = DIRECTION('',(1.,0.,-0.));
#3993 = ORIENTED_EDGE('',*,*,#3941,.F.);
#3994 = PLANE('',#3995);
#3995 = AXIS2_PLACEMENT_3D('',#3996,#3997,#3998);
#3996 = CARTESIAN_POINT('',(2.6,4.35,-3.));
#3997 = DIRECTION('',(-0.,1.,0.));
#3998 = DIRECTION('',(0.,0.,1.));
#3999 = ADVANCED_FACE('',(#4000),#4016,.T.);
#4000 = FACE_BOUND('',#4001,.T.);
#4001 = EDGE_LOOP('',(#4002,#4008,#4009,#4015));
#4002 = ORIENTED_EDGE('',*,*,#4003,.F.);
#4003 = EDGE_CURVE('',#3912,#3952,#4004,.T.);
#4004 = LINE('',#4005,#4006);
#4005 = CARTESIAN_POINT('',(2.6,4.85,-3.));
#4006 = VECTOR('',#4007,1.);
#4007 = DIRECTION('',(1.,0.,-0.));
#4008 = ORIENTED_EDGE('',*,*,#3919,.T.);
#4009 = ORIENTED_EDGE('',*,*,#4010,.T.);
#4010 = EDGE_CURVE('',#3920,#3960,#4011,.T.);
#4011 = LINE('',#4012,#4013);
#4012 = CARTESIAN_POINT('',(2.6,4.85,0.));
#4013 = VECTOR('',#4014,1.);
#4014 = DIRECTION('',(1.,0.,-0.));
#4015 = ORIENTED_EDGE('',*,*,#3959,.F.);
#4016 = PLANE('',#4017);
#4017 = AXIS2_PLACEMENT_3D('',#4018,#4019,#4020);
#4018 = CARTESIAN_POINT('',(2.6,4.85,-3.));
#4019 = DIRECTION('',(-0.,1.,0.));
#4020 = DIRECTION('',(0.,0.,1.));
#4021 = ADVANCED_FACE('',(#4022),#4028,.F.);
#4022 = FACE_BOUND('',#4023,.F.);
#4023 = EDGE_LOOP('',(#4024,#4025,#4026,#4027));
#4024 = ORIENTED_EDGE('',*,*,#3911,.F.);
#4025 = ORIENTED_EDGE('',*,*,#3981,.T.);
#4026 = ORIENTED_EDGE('',*,*,#3951,.T.);
#4027 = ORIENTED_EDGE('',*,*,#4003,.F.);
#4028 = PLANE('',#4029);
#4029 = AXIS2_PLACEMENT_3D('',#4030,#4031,#4032);
#4030 = CARTESIAN_POINT('',(2.6,4.35,-3.));
#4031 = DIRECTION('',(0.,0.,1.));
#4032 = DIRECTION('',(1.,0.,-0.));
#4033 = ADVANCED_FACE('',(#4034),#4040,.T.);
#4034 = FACE_BOUND('',#4035,.T.);
#4035 = EDGE_LOOP('',(#4036,#4037,#4038,#4039));
#4036 = ORIENTED_EDGE('',*,*,#3927,.F.);
#4037 = ORIENTED_EDGE('',*,*,#3988,.T.);
#4038 = ORIENTED_EDGE('',*,*,#3967,.T.);
#4039 = ORIENTED_EDGE('',*,*,#4010,.F.);
#4040 = PLANE('',#4041);
#4041 = AXIS2_PLACEMENT_3D('',#4042,#4043,#4044);
#4042 = CARTESIAN_POINT('',(2.6,4.35,0.));
#4043 = DIRECTION('',(0.,0.,1.));
#4044 = DIRECTION('',(1.,0.,-0.));
#4045 = ( GEOMETRIC_REPRESENTATION_CONTEXT(3)
GLOBAL_UNCERTAINTY_ASSIGNED_CONTEXT((#4049))
GLOBAL_UNIT_ASSIGNED_CONTEXT((#4046,#4047,#4048)) REPRESENTATION_CONTEXT
('Context #1','3D Context with UNIT and UNCERTAINTY') );
#4046 = ( LENGTH_UNIT() NAMED_UNIT(*) SI_UNIT(.MILLI.,.METRE.) );
#4047 = ( NAMED_UNIT(*) PLANE_ANGLE_UNIT() SI_UNIT($,.RADIAN.) );
#4048 = ( NAMED_UNIT(*) SI_UNIT($,.STERADIAN.) SOLID_ANGLE_UNIT() );
#4049 = UNCERTAINTY_MEASURE_WITH_UNIT(LENGTH_MEASURE(1.E-07),#4046,
  'distance_accuracy_value','confusion accuracy');
#4050 = CONTEXT_DEPENDENT_SHAPE_REPRESENTATION(#4051,#4053);
#4051 = ( REPRESENTATION_RELATIONSHIP('','',#3894,#10)
REPRESENTATION_RELATIONSHIP_WITH_TRANSFORMATION(#4052)
SHAPE_REPRESENTATION_RELATIONSHIP() );
#4052 = ITEM_DEFINED_TRANSFORMATION('','',#11,#39);
#4053 = PRODUCT_DEFINITION_SHAPE('Placement','Placement of an item',
  #4054);
#4054 = NEXT_ASSEMBLY_USAGE_OCCURRENCE('7','Terminal Pin P2 A','',#5,
  #3889,$);
#4055 = PRODUCT_RELATED_PRODUCT_CATEGORY('part',$,(#3891));
#4056 = SHAPE_DEFINITION_REPRESENTATION(#4057,#4063);
#4057 = PRODUCT_DEFINITION_SHAPE('','',#4058);
#4058 = PRODUCT_DEFINITION('design','',#4059,#4062);
#4059 = PRODUCT_DEFINITION_FORMATION('','',#4060);
#4060 = PRODUCT('Terminal Pin P2 B','Terminal Pin P2 B','',(#4061));
#4061 = PRODUCT_CONTEXT('',#2,'mechanical');
#4062 = PRODUCT_DEFINITION_CONTEXT('part definition',#2,'design');
#4063 = ADVANCED_BREP_SHAPE_REPRESENTATION('',(#11,#4064),#4214);
#4064 = MANIFOLD_SOLID_BREP('',#4065);
#4065 = CLOSED_SHELL('',(#4066,#4106,#4146,#4168,#4190,#4202));
#4066 = ADVANCED_FACE('',(#4067),#4101,.F.);
#4067 = FACE_BOUND('',#4068,.F.);
#4068 = EDGE_LOOP('',(#4069,#4079,#4087,#4095));
#4069 = ORIENTED_EDGE('',*,*,#4070,.F.);
#4070 = EDGE_CURVE('',#4071,#4073,#4075,.T.);
#4071 = VERTEX_POINT('',#4072);
#4072 = CARTESIAN_POINT('',(2.6,9.35,-3.));
#4073 = VERTEX_POINT('',#4074);
#4074 = CARTESIAN_POINT('',(2.6,9.35,0.));
#4075 = LINE('',#4076,#4077);
#4076 = CARTESIAN_POINT('',(2.6,9.35,-3.));
#4077 = VECTOR('',#4078,1.);
#4078 = DIRECTION('',(0.,0.,1.));
#4079 = ORIENTED_EDGE('',*,*,#4080,.T.);
#4080 = EDGE_CURVE('',#4071,#4081,#4083,.T.);
#4081 = VERTEX_POINT('',#4082);
#4082 = CARTESIAN_POINT('',(2.6,9.85,-3.));
#4083 = LINE('',#4084,#4085);
#4084 = CARTESIAN_POINT('',(2.6,9.35,-3.));
#4085 = VECTOR('',#4086,1.);
#4086 = DIRECTION('',(-0.,1.,0.));
#4087 = ORIENTED_EDGE('',*,*,#4088,.T.);
#4088 = EDGE_CURVE('',#4081,#4089,#4091,.T.);
#4089 = VERTEX_POINT('',#4090);
#4090 = CARTESIAN_POINT('',(2.6,9.85,0.));
#4091 = LINE('',#4092,#4093);
#4092 = CARTESIAN_POINT('',(2.6,9.85,-3.));
#4093 = VECTOR('',#4094,1.);
#4094 = DIRECTION('',(0.,0.,1.));
#4095 = ORIENTED_EDGE('',*,*,#4096,.F.);
#4096 = EDGE_CURVE('',#4073,#4089,#4097,.T.);
#4097 = LINE('',#4098,#4099);
#4098 = CARTESIAN_POINT('',(2.6,9.35,0.));
#4099 = VECTOR('',#4100,1.);
#4100 = DIRECTION('',(-0.,1.,0.));
#4101 = PLANE('',#4102);
#4102 = AXIS2_PLACEMENT_3D('',#4103,#4104,#4105);
#4103 = CARTESIAN_POINT('',(2.6,9.35,-3.));
#4104 = DIRECTION('',(1.,0.,-0.));
#4105 = DIRECTION('',(0.,0.,1.));
#4106 = ADVANCED_FACE('',(#4107),#4141,.T.);
#4107 = FACE_BOUND('',#4108,.T.);
#4108 = EDGE_LOOP('',(#4109,#4119,#4127,#4135));
#4109 = ORIENTED_EDGE('',*,*,#4110,.F.);
#4110 = EDGE_CURVE('',#4111,#4113,#4115,.T.);
#4111 = VERTEX_POINT('',#4112);
#4112 = CARTESIAN_POINT('',(3.4,9.35,-3.));
#4113 = VERTEX_POINT('',#4114);
#4114 = CARTESIAN_POINT('',(3.4,9.35,0.));
#4115 = LINE('',#4116,#4117);
#4116 = CARTESIAN_POINT('',(3.4,9.35,-3.));
#4117 = VECTOR('',#4118,1.);
#4118 = DIRECTION('',(0.,0.,1.));
#4119 = ORIENTED_EDGE('',*,*,#4120,.T.);
#4120 = EDGE_CURVE('',#4111,#4121,#4123,.T.);
#4121 = VERTEX_POINT('',#4122);
#4122 = CARTESIAN_POINT('',(3.4,9.85,-3.));
#4123 = LINE('',#4124,#4125);
#4124 = CARTESIAN_POINT('',(3.4,9.35,-3.));
#4125 = VECTOR('',#4126,1.);
#4126 = DIRECTION('',(-0.,1.,0.));
#4127 = ORIENTED_EDGE('',*,*,#4128,.T.);
#4128 = EDGE_CURVE('',#4121,#4129,#4131,.T.);
#4129 = VERTEX_POINT('',#4130);
#4130 = CARTESIAN_POINT('',(3.4,9.85,0.));
#4131 = LINE('',#4132,#4133);
#4132 = CARTESIAN_POINT('',(3.4,9.85,-3.));
#4133 = VECTOR('',#4134,1.);
#4134 = DIRECTION('',(0.,0.,1.));
#4135 = ORIENTED_EDGE('',*,*,#4136,.F.);
#4136 = EDGE_CURVE('',#4113,#4129,#4137,.T.);
#4137 = LINE('',#4138,#4139);
#4138 = CARTESIAN_POINT('',(3.4,9.35,0.));
#4139 = VECTOR('',#4140,1.);
#4140 = DIRECTION('',(-0.,1.,0.));
#4141 = PLANE('',#4142);
#4142 = AXIS2_PLACEMENT_3D('',#4143,#4144,#4145);
#4143 = CARTESIAN_POINT('',(3.4,9.35,-3.));
#4144 = DIRECTION('',(1.,0.,-0.));
#4145 = DIRECTION('',(0.,0.,1.));
#4146 = ADVANCED_FACE('',(#4147),#4163,.F.);
#4147 = FACE_BOUND('',#4148,.F.);
#4148 = EDGE_LOOP('',(#4149,#4155,#4156,#4162));
#4149 = ORIENTED_EDGE('',*,*,#4150,.F.);
#4150 = EDGE_CURVE('',#4071,#4111,#4151,.T.);
#4151 = LINE('',#4152,#4153);
#4152 = CARTESIAN_POINT('',(2.6,9.35,-3.));
#4153 = VECTOR('',#4154,1.);
#4154 = DIRECTION('',(1.,0.,-0.));
#4155 = ORIENTED_EDGE('',*,*,#4070,.T.);
#4156 = ORIENTED_EDGE('',*,*,#4157,.T.);
#4157 = EDGE_CURVE('',#4073,#4113,#4158,.T.);
#4158 = LINE('',#4159,#4160);
#4159 = CARTESIAN_POINT('',(2.6,9.35,0.));
#4160 = VECTOR('',#4161,1.);
#4161 = DIRECTION('',(1.,0.,-0.));
#4162 = ORIENTED_EDGE('',*,*,#4110,.F.);
#4163 = PLANE('',#4164);
#4164 = AXIS2_PLACEMENT_3D('',#4165,#4166,#4167);
#4165 = CARTESIAN_POINT('',(2.6,9.35,-3.));
#4166 = DIRECTION('',(-0.,1.,0.));
#4167 = DIRECTION('',(0.,0.,1.));
#4168 = ADVANCED_FACE('',(#4169),#4185,.T.);
#4169 = FACE_BOUND('',#4170,.T.);
#4170 = EDGE_LOOP('',(#4171,#4177,#4178,#4184));
#4171 = ORIENTED_EDGE('',*,*,#4172,.F.);
#4172 = EDGE_CURVE('',#4081,#4121,#4173,.T.);
#4173 = LINE('',#4174,#4175);
#4174 = CARTESIAN_POINT('',(2.6,9.85,-3.));
#4175 = VECTOR('',#4176,1.);
#4176 = DIRECTION('',(1.,0.,-0.));
#4177 = ORIENTED_EDGE('',*,*,#4088,.T.);
#4178 = ORIENTED_EDGE('',*,*,#4179,.T.);
#4179 = EDGE_CURVE('',#4089,#4129,#4180,.T.);
#4180 = LINE('',#4181,#4182);
#4181 = CARTESIAN_POINT('',(2.6,9.85,0.));
#4182 = VECTOR('',#4183,1.);
#4183 = DIRECTION('',(1.,0.,-0.));
#4184 = ORIENTED_EDGE('',*,*,#4128,.F.);
#4185 = PLANE('',#4186);
#4186 = AXIS2_PLACEMENT_3D('',#4187,#4188,#4189);
#4187 = CARTESIAN_POINT('',(2.6,9.85,-3.));
#4188 = DIRECTION('',(-0.,1.,0.));
#4189 = DIRECTION('',(0.,0.,1.));
#4190 = ADVANCED_FACE('',(#4191),#4197,.F.);
#4191 = FACE_BOUND('',#4192,.F.);
#4192 = EDGE_LOOP('',(#4193,#4194,#4195,#4196));
#4193 = ORIENTED_EDGE('',*,*,#4080,.F.);
#4194 = ORIENTED_EDGE('',*,*,#4150,.T.);
#4195 = ORIENTED_EDGE('',*,*,#4120,.T.);
#4196 = ORIENTED_EDGE('',*,*,#4172,.F.);
#4197 = PLANE('',#4198);
#4198 = AXIS2_PLACEMENT_3D('',#4199,#4200,#4201);
#4199 = CARTESIAN_POINT('',(2.6,9.35,-3.));
#4200 = DIRECTION('',(0.,0.,1.));
#4201 = DIRECTION('',(1.,0.,-0.));
#4202 = ADVANCED_FACE('',(#4203),#4209,.T.);
#4203 = FACE_BOUND('',#4204,.T.);
#4204 = EDGE_LOOP('',(#4205,#4206,#4207,#4208));
#4205 = ORIENTED_EDGE('',*,*,#4096,.F.);
#4206 = ORIENTED_EDGE('',*,*,#4157,.T.);
#4207 = ORIENTED_EDGE('',*,*,#4136,.T.);
#4208 = ORIENTED_EDGE('',*,*,#4179,.F.);
#4209 = PLANE('',#4210);
#4210 = AXIS2_PLACEMENT_3D('',#4211,#4212,#4213);
#4211 = CARTESIAN_POINT('',(2.6,9.35,0.));
#4212 = DIRECTION('',(0.,0.,1.));
#4213 = DIRECTION('',(1.,0.,-0.));
#4214 = ( GEOMETRIC_REPRESENTATION_CONTEXT(3)
GLOBAL_UNCERTAINTY_ASSIGNED_CONTEXT((#4218))
GLOBAL_UNIT_ASSIGNED_CONTEXT((#4215,#4216,#4217)) REPRESENTATION_CONTEXT
('Context #1','3D Context with UNIT and UNCERTAINTY') );
#4215 = ( LENGTH_UNIT() NAMED_UNIT(*) SI_UNIT(.MILLI.,.METRE.) );
#4216 = ( NAMED_UNIT(*) PLANE_ANGLE_UNIT() SI_UNIT($,.RADIAN.) );
#4217 = ( NAMED_UNIT(*) SI_UNIT($,.STERADIAN.) SOLID_ANGLE_UNIT() );
#4218 = UNCERTAINTY_MEASURE_WITH_UNIT(LENGTH_MEASURE(1.E-07),#4215,
  'distance_accuracy_value','confusion accuracy');
#4219 = CONTEXT_DEPENDENT_SHAPE_REPRESENTATION(#4220,#4222);
#4220 = ( REPRESENTATION_RELATIONSHIP('','',#4063,#10)
REPRESENTATION_RELATIONSHIP_WITH_TRANSFORMATION(#4221)
SHAPE_REPRESENTATION_RELATIONSHIP() );
#4221 = ITEM_DEFINED_TRANSFORMATION('','',#11,#43);
#4222 = PRODUCT_DEFINITION_SHAPE('Placement','Placement of an item',
  #4223);
#4223 = NEXT_ASSEMBLY_USAGE_OCCURRENCE('8','Terminal Pin P2 B','',#5,
  #4058,$);
#4224 = PRODUCT_RELATED_PRODUCT_CATEGORY('part',$,(#4060));
#4225 = SHAPE_DEFINITION_REPRESENTATION(#4226,#4232);
#4226 = PRODUCT_DEFINITION_SHAPE('','',#4227);
#4227 = PRODUCT_DEFINITION('design','',#4228,#4231);
#4228 = PRODUCT_DEFINITION_FORMATION('','',#4229);
#4229 = PRODUCT('1.5 mm Side Cover','1.5 mm Side Cover','',(#4230));
#4230 = PRODUCT_CONTEXT('',#2,'mechanical');
#4231 = PRODUCT_DEFINITION_CONTEXT('part definition',#2,'design');
#4232 = ADVANCED_BREP_SHAPE_REPRESENTATION('',(#11,#4233),#5107);
#4233 = MANIFOLD_SOLID_BREP('',#4234);
#4234 = CLOSED_SHELL('',(#4235,#4283,#4316,#4375,#4400,#4433,#4466,#4490
    ,#4507,#4532,#4630,#4655,#4672,#4689,#4706,#4737,#4768,#4786,#4803,
    #4821,#4845,#4870,#4895,#4920,#4945,#4970,#4995,#5012,#5024,#5042,
    #5053,#5062,#5071,#5080,#5089,#5098));
#4235 = ADVANCED_FACE('',(#4236),#4278,.F.);
#4236 = FACE_BOUND('',#4237,.F.);
#4237 = EDGE_LOOP('',(#4238,#4248,#4256,#4264,#4272));
#4238 = ORIENTED_EDGE('',*,*,#4239,.F.);
#4239 = EDGE_CURVE('',#4240,#4242,#4244,.T.);
#4240 = VERTEX_POINT('',#4241);
#4241 = CARTESIAN_POINT('',(10.,0.3,0.3));
#4242 = VERTEX_POINT('',#4243);
#4243 = CARTESIAN_POINT('',(10.,0.3,9.086363636364));
#4244 = LINE('',#4245,#4246);
#4245 = CARTESIAN_POINT('',(10.,0.3,0.));
#4246 = VECTOR('',#4247,1.);
#4247 = DIRECTION('',(0.,0.,1.));
#4248 = ORIENTED_EDGE('',*,*,#4249,.T.);
#4249 = EDGE_CURVE('',#4240,#4250,#4252,.T.);
#4250 = VERTEX_POINT('',#4251);
#4251 = CARTESIAN_POINT('',(10.,12.2,0.3));
#4252 = LINE('',#4253,#4254);
#4253 = CARTESIAN_POINT('',(10.,0.,0.3));
#4254 = VECTOR('',#4255,1.);
#4255 = DIRECTION('',(-0.,1.,0.));
#4256 = ORIENTED_EDGE('',*,*,#4257,.T.);
#4257 = EDGE_CURVE('',#4250,#4258,#4260,.T.);
#4258 = VERTEX_POINT('',#4259);
#4259 = CARTESIAN_POINT('',(10.,12.2,10.3));
#4260 = LINE('',#4261,#4262);
#4261 = CARTESIAN_POINT('',(10.,12.2,0.));
#4262 = VECTOR('',#4263,1.);
#4263 = DIRECTION('',(0.,0.,1.));
#4264 = ORIENTED_EDGE('',*,*,#4265,.F.);
#4265 = EDGE_CURVE('',#4266,#4258,#4268,.T.);
#4266 = VERTEX_POINT('',#4267);
#4267 = CARTESIAN_POINT('',(10.,1.743243243243,10.3));
#4268 = LINE('',#4269,#4270);
#4269 = CARTESIAN_POINT('',(10.,0.,10.3));
#4270 = VECTOR('',#4271,1.);
#4271 = DIRECTION('',(-0.,1.,0.));
#4272 = ORIENTED_EDGE('',*,*,#4273,.F.);
#4273 = EDGE_CURVE('',#4242,#4266,#4274,.T.);
#4274 = LINE('',#4275,#4276);
#4275 = CARTESIAN_POINT('',(10.,-1.125779122542,7.88741301059));
#4276 = VECTOR('',#4277,1.);
#4277 = DIRECTION('',(0.,0.765362085905,0.643599935875));
#4278 = PLANE('',#4279);
#4279 = AXIS2_PLACEMENT_3D('',#4280,#4281,#4282);
#4280 = CARTESIAN_POINT('',(10.,0.,0.));
#4281 = DIRECTION('',(1.,0.,-0.));
#4282 = DIRECTION('',(0.,0.,1.));
#4283 = ADVANCED_FACE('',(#4284),#4311,.T.);
#4284 = FACE_BOUND('',#4285,.T.);
#4285 = EDGE_LOOP('',(#4286,#4287,#4296,#4304));
#4286 = ORIENTED_EDGE('',*,*,#4239,.F.);
#4287 = ORIENTED_EDGE('',*,*,#4288,.T.);
#4288 = EDGE_CURVE('',#4240,#4289,#4291,.T.);
#4289 = VERTEX_POINT('',#4290);
#4290 = CARTESIAN_POINT('',(10.3,-5.551115123126E-17,0.3));
#4291 = CIRCLE('',#4292,0.3);
#4292 = AXIS2_PLACEMENT_3D('',#4293,#4294,#4295);
#4293 = CARTESIAN_POINT('',(10.3,0.3,0.3));
#4294 = DIRECTION('',(0.,0.,1.));
#4295 = DIRECTION('',(-1.,0.,0.));
#4296 = ORIENTED_EDGE('',*,*,#4297,.T.);
#4297 = EDGE_CURVE('',#4289,#4298,#4300,.T.);
#4298 = VERTEX_POINT('',#4299);
#4299 = CARTESIAN_POINT('',(10.3,-5.551115123126E-17,8.834090909091));
#4300 = LINE('',#4301,#4302);
#4301 = CARTESIAN_POINT('',(10.3,-5.551115123126E-17,0.));
#4302 = VECTOR('',#4303,1.);
#4303 = DIRECTION('',(0.,0.,1.));
#4304 = ORIENTED_EDGE('',*,*,#4305,.T.);
#4305 = EDGE_CURVE('',#4298,#4242,#4306,.T.);
#4306 = ELLIPSE('',#4307,0.391971336867,0.3);
#4307 = AXIS2_PLACEMENT_3D('',#4308,#4309,#4310);
#4308 = CARTESIAN_POINT('',(10.3,0.3,9.086363636364));
#4309 = DIRECTION('',(0.,0.643599935875,-0.765362085905));
#4310 = DIRECTION('',(0.,0.765362085905,0.643599935875));
#4311 = CYLINDRICAL_SURFACE('',#4312,0.3);
#4312 = AXIS2_PLACEMENT_3D('',#4313,#4314,#4315);
#4313 = CARTESIAN_POINT('',(10.3,0.3,0.));
#4314 = DIRECTION('',(0.,0.,1.));
#4315 = DIRECTION('',(-1.,-0.,0.));
#4316 = ADVANCED_FACE('',(#4317),#4370,.F.);
#4317 = FACE_BOUND('',#4318,.F.);
#4318 = EDGE_LOOP('',(#4319,#4328,#4336,#4345,#4353,#4362,#4368,#4369));
#4319 = ORIENTED_EDGE('',*,*,#4320,.T.);
#4320 = EDGE_CURVE('',#4266,#4321,#4323,.T.);
#4321 = VERTEX_POINT('',#4322);
#4322 = CARTESIAN_POINT('',(10.3,2.1,10.6));
#4323 = ELLIPSE('',#4324,0.466128076275,0.3);
#4324 = AXIS2_PLACEMENT_3D('',#4325,#4326,#4327);
#4325 = CARTESIAN_POINT('',(10.3,1.743243243243,10.3));
#4326 = DIRECTION('',(0.,0.643599935875,-0.765362085905));
#4327 = DIRECTION('',(0.,0.765362085905,0.643599935875));
#4328 = ORIENTED_EDGE('',*,*,#4329,.T.);
#4329 = EDGE_CURVE('',#4321,#4330,#4332,.T.);
#4330 = VERTEX_POINT('',#4331);
#4331 = CARTESIAN_POINT('',(11.2,2.1,10.6));
#4332 = LINE('',#4333,#4334);
#4333 = CARTESIAN_POINT('',(9.9,2.1,10.6));
#4334 = VECTOR('',#4335,1.);
#4335 = DIRECTION('',(1.,0.,0.));
#4336 = ORIENTED_EDGE('',*,*,#4337,.T.);
#4337 = EDGE_CURVE('',#4330,#4338,#4340,.T.);
#4338 = VERTEX_POINT('',#4339);
#4339 = CARTESIAN_POINT('',(11.5,1.743243243243,10.3));
#4340 = ELLIPSE('',#4341,0.466128076275,0.3);
#4341 = AXIS2_PLACEMENT_3D('',#4342,#4343,#4344);
#4342 = CARTESIAN_POINT('',(11.2,1.743243243243,10.3));
#4343 = DIRECTION('',(0.,0.643599935875,-0.765362085905));
#4344 = DIRECTION('',(0.,0.765362085905,0.643599935875));
#4345 = ORIENTED_EDGE('',*,*,#4346,.F.);
#4346 = EDGE_CURVE('',#4347,#4338,#4349,.T.);
#4347 = VERTEX_POINT('',#4348);
#4348 = CARTESIAN_POINT('',(11.5,0.3,9.086363636364));
#4349 = LINE('',#4350,#4351);
#4350 = CARTESIAN_POINT('',(11.5,-1.125779122542,7.88741301059));
#4351 = VECTOR('',#4352,1.);
#4352 = DIRECTION('',(0.,0.765362085905,0.643599935875));
#4353 = ORIENTED_EDGE('',*,*,#4354,.T.);
#4354 = EDGE_CURVE('',#4347,#4355,#4357,.T.);
#4355 = VERTEX_POINT('',#4356);
#4356 = CARTESIAN_POINT('',(11.2,-5.551115123126E-17,8.834090909091));
#4357 = ELLIPSE('',#4358,0.391971336867,0.3);
#4358 = AXIS2_PLACEMENT_3D('',#4359,#4360,#4361);
#4359 = CARTESIAN_POINT('',(11.2,0.3,9.086363636364));
#4360 = DIRECTION('',(0.,0.643599935875,-0.765362085905));
#4361 = DIRECTION('',(0.,0.765362085905,0.643599935875));
#4362 = ORIENTED_EDGE('',*,*,#4363,.T.);
#4363 = EDGE_CURVE('',#4355,#4298,#4364,.T.);
#4364 = LINE('',#4365,#4366);
#4365 = CARTESIAN_POINT('',(9.95,2.22044604925E-16,8.834090909091));
#4366 = VECTOR('',#4367,1.);
#4367 = DIRECTION('',(-1.,0.,-0.));
#4368 = ORIENTED_EDGE('',*,*,#4305,.T.);
#4369 = ORIENTED_EDGE('',*,*,#4273,.T.);
#4370 = PLANE('',#4371);
#4371 = AXIS2_PLACEMENT_3D('',#4372,#4373,#4374);
#4372 = CARTESIAN_POINT('',(9.9,2.1,10.6));
#4373 = DIRECTION('',(0.,0.643599935875,-0.765362085905));
#4374 = DIRECTION('',(0.,-0.765362085905,-0.643599935875));
#4375 = ADVANCED_FACE('',(#4376),#4395,.T.);
#4376 = FACE_BOUND('',#4377,.T.);
#4377 = EDGE_LOOP('',(#4378,#4379,#4387,#4394));
#4378 = ORIENTED_EDGE('',*,*,#4320,.T.);
#4379 = ORIENTED_EDGE('',*,*,#4380,.T.);
#4380 = EDGE_CURVE('',#4321,#4381,#4383,.T.);
#4381 = VERTEX_POINT('',#4382);
#4382 = CARTESIAN_POINT('',(10.3,12.2,10.6));
#4383 = LINE('',#4384,#4385);
#4384 = CARTESIAN_POINT('',(10.3,0.,10.6));
#4385 = VECTOR('',#4386,1.);
#4386 = DIRECTION('',(-0.,1.,0.));
#4387 = ORIENTED_EDGE('',*,*,#4388,.F.);
#4388 = EDGE_CURVE('',#4258,#4381,#4389,.T.);
#4389 = CIRCLE('',#4390,0.3);
#4390 = AXIS2_PLACEMENT_3D('',#4391,#4392,#4393);
#4391 = CARTESIAN_POINT('',(10.3,12.2,10.3));
#4392 = DIRECTION('',(-0.,1.,0.));
#4393 = DIRECTION('',(-1.,-0.,0.));
#4394 = ORIENTED_EDGE('',*,*,#4265,.F.);
#4395 = CYLINDRICAL_SURFACE('',#4396,0.3);
#4396 = AXIS2_PLACEMENT_3D('',#4397,#4398,#4399);
#4397 = CARTESIAN_POINT('',(10.3,0.,10.3));
#4398 = DIRECTION('',(-0.,1.,0.));
#4399 = DIRECTION('',(-1.,-0.,0.));
#4400 = ADVANCED_FACE('',(#4401),#4428,.T.);
#4401 = FACE_BOUND('',#4402,.F.);
#4402 = EDGE_LOOP('',(#4403,#4404,#4413,#4421));
#4403 = ORIENTED_EDGE('',*,*,#4257,.F.);
#4404 = ORIENTED_EDGE('',*,*,#4405,.T.);
#4405 = EDGE_CURVE('',#4250,#4406,#4408,.T.);
#4406 = VERTEX_POINT('',#4407);
#4407 = CARTESIAN_POINT('',(10.3,12.5,0.3));
#4408 = CIRCLE('',#4409,0.3);
#4409 = AXIS2_PLACEMENT_3D('',#4410,#4411,#4412);
#4410 = CARTESIAN_POINT('',(10.3,12.2,0.3));
#4411 = DIRECTION('',(-0.,0.,-1.));
#4412 = DIRECTION('',(-1.,0.,0.));
#4413 = ORIENTED_EDGE('',*,*,#4414,.T.);
#4414 = EDGE_CURVE('',#4406,#4415,#4417,.T.);
#4415 = VERTEX_POINT('',#4416);
#4416 = CARTESIAN_POINT('',(10.3,12.5,10.3));
#4417 = LINE('',#4418,#4419);
#4418 = CARTESIAN_POINT('',(10.3,12.5,0.));
#4419 = VECTOR('',#4420,1.);
#4420 = DIRECTION('',(0.,0.,1.));
#4421 = ORIENTED_EDGE('',*,*,#4422,.T.);
#4422 = EDGE_CURVE('',#4415,#4258,#4423,.T.);
#4423 = CIRCLE('',#4424,0.3);
#4424 = AXIS2_PLACEMENT_3D('',#4425,#4426,#4427);
#4425 = CARTESIAN_POINT('',(10.3,12.2,10.3));
#4426 = DIRECTION('',(0.,0.,1.));
#4427 = DIRECTION('',(-1.,-0.,0.));
#4428 = CYLINDRICAL_SURFACE('',#4429,0.3);
#4429 = AXIS2_PLACEMENT_3D('',#4430,#4431,#4432);
#4430 = CARTESIAN_POINT('',(10.3,12.2,0.));
#4431 = DIRECTION('',(0.,0.,1.));
#4432 = DIRECTION('',(-1.,-0.,0.));
#4433 = ADVANCED_FACE('',(#4434),#4461,.T.);
#4434 = FACE_BOUND('',#4435,.F.);
#4435 = EDGE_LOOP('',(#4436,#4445,#4453,#4460));
#4436 = ORIENTED_EDGE('',*,*,#4437,.F.);
#4437 = EDGE_CURVE('',#4438,#4240,#4440,.T.);
#4438 = VERTEX_POINT('',#4439);
#4439 = CARTESIAN_POINT('',(10.3,0.3,0.));
#4440 = CIRCLE('',#4441,0.3);
#4441 = AXIS2_PLACEMENT_3D('',#4442,#4443,#4444);
#4442 = CARTESIAN_POINT('',(10.3,0.3,0.3));
#4443 = DIRECTION('',(0.,1.,-0.));
#4444 = DIRECTION('',(-1.,0.,0.));
#4445 = ORIENTED_EDGE('',*,*,#4446,.T.);
#4446 = EDGE_CURVE('',#4438,#4447,#4449,.T.);
#4447 = VERTEX_POINT('',#4448);
#4448 = CARTESIAN_POINT('',(10.3,12.2,0.));
#4449 = LINE('',#4450,#4451);
#4450 = CARTESIAN_POINT('',(10.3,0.,-5.551115123126E-17));
#4451 = VECTOR('',#4452,1.);
#4452 = DIRECTION('',(-0.,1.,0.));
#4453 = ORIENTED_EDGE('',*,*,#4454,.T.);
#4454 = EDGE_CURVE('',#4447,#4250,#4455,.T.);
#4455 = CIRCLE('',#4456,0.3);
#4456 = AXIS2_PLACEMENT_3D('',#4457,#4458,#4459);
#4457 = CARTESIAN_POINT('',(10.3,12.2,0.3));
#4458 = DIRECTION('',(0.,1.,-0.));
#4459 = DIRECTION('',(-1.,0.,0.));
#4460 = ORIENTED_EDGE('',*,*,#4249,.F.);
#4461 = CYLINDRICAL_SURFACE('',#4462,0.3);
#4462 = AXIS2_PLACEMENT_3D('',#4463,#4464,#4465);
#4463 = CARTESIAN_POINT('',(10.3,0.,0.3));
#4464 = DIRECTION('',(-0.,1.,0.));
#4465 = DIRECTION('',(-1.,-0.,0.));
#4466 = ADVANCED_FACE('',(#4467),#4485,.F.);
#4467 = FACE_BOUND('',#4468,.F.);
#4468 = EDGE_LOOP('',(#4469,#4477,#4478,#4479));
#4469 = ORIENTED_EDGE('',*,*,#4470,.F.);
#4470 = EDGE_CURVE('',#4289,#4471,#4473,.T.);
#4471 = VERTEX_POINT('',#4472);
#4472 = CARTESIAN_POINT('',(11.2,-5.551115123126E-17,0.3));
#4473 = LINE('',#4474,#4475);
#4474 = CARTESIAN_POINT('',(10.,-5.551115123126E-17,0.3));
#4475 = VECTOR('',#4476,1.);
#4476 = DIRECTION('',(1.,0.,-0.));
#4477 = ORIENTED_EDGE('',*,*,#4297,.T.);
#4478 = ORIENTED_EDGE('',*,*,#4363,.F.);
#4479 = ORIENTED_EDGE('',*,*,#4480,.F.);
#4480 = EDGE_CURVE('',#4471,#4355,#4481,.T.);
#4481 = LINE('',#4482,#4483);
#4482 = CARTESIAN_POINT('',(11.2,-5.551115123126E-17,0.));
#4483 = VECTOR('',#4484,1.);
#4484 = DIRECTION('',(0.,0.,1.));
#4485 = PLANE('',#4486);
#4486 = AXIS2_PLACEMENT_3D('',#4487,#4488,#4489);
#4487 = CARTESIAN_POINT('',(10.,0.,0.));
#4488 = DIRECTION('',(-0.,1.,0.));
#4489 = DIRECTION('',(0.,0.,1.));
#4490 = ADVANCED_FACE('',(#4491),#4502,.T.);
#4491 = FACE_BOUND('',#4492,.T.);
#4492 = EDGE_LOOP('',(#4493,#4494,#4501));
#4493 = ORIENTED_EDGE('',*,*,#4437,.F.);
#4494 = ORIENTED_EDGE('',*,*,#4495,.T.);
#4495 = EDGE_CURVE('',#4438,#4289,#4496,.T.);
#4496 = CIRCLE('',#4497,0.3);
#4497 = AXIS2_PLACEMENT_3D('',#4498,#4499,#4500);
#4498 = CARTESIAN_POINT('',(10.3,0.3,0.3));
#4499 = DIRECTION('',(-1.,6.123233995737E-17,0.));
#4500 = DIRECTION('',(-6.123233995737E-17,-1.,0.));
#4501 = ORIENTED_EDGE('',*,*,#4288,.F.);
#4502 = SPHERICAL_SURFACE('',#4503,0.3);
#4503 = AXIS2_PLACEMENT_3D('',#4504,#4505,#4506);
#4504 = CARTESIAN_POINT('',(10.3,0.3,0.3));
#4505 = DIRECTION('',(0.,0.,1.));
#4506 = DIRECTION('',(-1.,0.,0.));
#4507 = ADVANCED_FACE('',(#4508),#4527,.T.);
#4508 = FACE_BOUND('',#4509,.F.);
#4509 = EDGE_LOOP('',(#4510,#4518,#4525,#4526));
#4510 = ORIENTED_EDGE('',*,*,#4511,.F.);
#4511 = EDGE_CURVE('',#4512,#4347,#4514,.T.);
#4512 = VERTEX_POINT('',#4513);
#4513 = CARTESIAN_POINT('',(11.5,0.3,0.3));
#4514 = LINE('',#4515,#4516);
#4515 = CARTESIAN_POINT('',(11.5,0.3,0.));
#4516 = VECTOR('',#4517,1.);
#4517 = DIRECTION('',(0.,0.,1.));
#4518 = ORIENTED_EDGE('',*,*,#4519,.T.);
#4519 = EDGE_CURVE('',#4512,#4471,#4520,.T.);
#4520 = CIRCLE('',#4521,0.3);
#4521 = AXIS2_PLACEMENT_3D('',#4522,#4523,#4524);
#4522 = CARTESIAN_POINT('',(11.2,0.3,0.3));
#4523 = DIRECTION('',(0.,-0.,-1.));
#4524 = DIRECTION('',(1.,0.,-0.));
#4525 = ORIENTED_EDGE('',*,*,#4480,.T.);
#4526 = ORIENTED_EDGE('',*,*,#4354,.F.);
#4527 = CYLINDRICAL_SURFACE('',#4528,0.3);
#4528 = AXIS2_PLACEMENT_3D('',#4529,#4530,#4531);
#4529 = CARTESIAN_POINT('',(11.2,0.3,0.));
#4530 = DIRECTION('',(0.,0.,1.));
#4531 = DIRECTION('',(1.,0.,-0.));
#4532 = ADVANCED_FACE('',(#4533,#4559,#4570,#4581,#4592,#4603,#4614),
  #4625,.T.);
#4533 = FACE_BOUND('',#4534,.T.);
#4534 = EDGE_LOOP('',(#4535,#4536,#4544,#4552,#4558));
#4535 = ORIENTED_EDGE('',*,*,#4511,.F.);
#4536 = ORIENTED_EDGE('',*,*,#4537,.T.);
#4537 = EDGE_CURVE('',#4512,#4538,#4540,.T.);
#4538 = VERTEX_POINT('',#4539);
#4539 = CARTESIAN_POINT('',(11.5,12.2,0.3));
#4540 = LINE('',#4541,#4542);
#4541 = CARTESIAN_POINT('',(11.5,0.,0.3));
#4542 = VECTOR('',#4543,1.);
#4543 = DIRECTION('',(-0.,1.,0.));
#4544 = ORIENTED_EDGE('',*,*,#4545,.T.);
#4545 = EDGE_CURVE('',#4538,#4546,#4548,.T.);
#4546 = VERTEX_POINT('',#4547);
#4547 = CARTESIAN_POINT('',(11.5,12.2,10.3));
#4548 = LINE('',#4549,#4550);
#4549 = CARTESIAN_POINT('',(11.5,12.2,0.));
#4550 = VECTOR('',#4551,1.);
#4551 = DIRECTION('',(0.,0.,1.));
#4552 = ORIENTED_EDGE('',*,*,#4553,.F.);
#4553 = EDGE_CURVE('',#4338,#4546,#4554,.T.);
#4554 = LINE('',#4555,#4556);
#4555 = CARTESIAN_POINT('',(11.5,0.,10.3));
#4556 = VECTOR('',#4557,1.);
#4557 = DIRECTION('',(-0.,1.,0.));
#4558 = ORIENTED_EDGE('',*,*,#4346,.F.);
#4559 = FACE_BOUND('',#4560,.T.);
#4560 = EDGE_LOOP('',(#4561));
#4561 = ORIENTED_EDGE('',*,*,#4562,.T.);
#4562 = EDGE_CURVE('',#4563,#4563,#4565,.T.);
#4563 = VERTEX_POINT('',#4564);
#4564 = CARTESIAN_POINT('',(11.5,10.65,2.68));
#4565 = CIRCLE('',#4566,0.42);
#4566 = AXIS2_PLACEMENT_3D('',#4567,#4568,#4569);
#4567 = CARTESIAN_POINT('',(11.5,10.65,3.1));
#4568 = DIRECTION('',(-1.,0.,0.));
#4569 = DIRECTION('',(0.,0.,-1.));
#4570 = FACE_BOUND('',#4571,.T.);
#4571 = EDGE_LOOP('',(#4572));
#4572 = ORIENTED_EDGE('',*,*,#4573,.T.);
#4573 = EDGE_CURVE('',#4574,#4574,#4576,.T.);
#4574 = VERTEX_POINT('',#4575);
#4575 = CARTESIAN_POINT('',(11.5,6.25,1.03));
#4576 = CIRCLE('',#4577,0.42);
#4577 = AXIS2_PLACEMENT_3D('',#4578,#4579,#4580);
#4578 = CARTESIAN_POINT('',(11.5,6.25,1.45));
#4579 = DIRECTION('',(-1.,0.,0.));
#4580 = DIRECTION('',(0.,0.,-1.));
#4581 = FACE_BOUND('',#4582,.T.);
#4582 = EDGE_LOOP('',(#4583));
#4583 = ORIENTED_EDGE('',*,*,#4584,.T.);
#4584 = EDGE_CURVE('',#4585,#4585,#4587,.T.);
#4585 = VERTEX_POINT('',#4586);
#4586 = CARTESIAN_POINT('',(11.5,10.65,7.73));
#4587 = CIRCLE('',#4588,0.42);
#4588 = AXIS2_PLACEMENT_3D('',#4589,#4590,#4591);
#4589 = CARTESIAN_POINT('',(11.5,10.65,8.15));
#4590 = DIRECTION('',(-1.,0.,0.));
#4591 = DIRECTION('',(0.,0.,-1.));
#4592 = FACE_BOUND('',#4593,.T.);
#4593 = EDGE_LOOP('',(#4594));
#4594 = ORIENTED_EDGE('',*,*,#4595,.T.);
#4595 = EDGE_CURVE('',#4596,#4596,#4598,.T.);
#4596 = VERTEX_POINT('',#4597);
#4597 = CARTESIAN_POINT('',(11.5,1.65,1.03));
#4598 = CIRCLE('',#4599,0.42);
#4599 = AXIS2_PLACEMENT_3D('',#4600,#4601,#4602);
#4600 = CARTESIAN_POINT('',(11.5,1.65,1.45));
#4601 = DIRECTION('',(-1.,0.,0.));
#4602 = DIRECTION('',(0.,0.,-1.));
#4603 = FACE_BOUND('',#4604,.T.);
#4604 = EDGE_LOOP('',(#4605));
#4605 = ORIENTED_EDGE('',*,*,#4606,.T.);
#4606 = EDGE_CURVE('',#4607,#4607,#4609,.T.);
#4607 = VERTEX_POINT('',#4608);
#4608 = CARTESIAN_POINT('',(11.5,4.65,6.86));
#4609 = CIRCLE('',#4610,0.34);
#4610 = AXIS2_PLACEMENT_3D('',#4611,#4612,#4613);
#4611 = CARTESIAN_POINT('',(11.5,4.65,7.2));
#4612 = DIRECTION('',(-1.,0.,0.));
#4613 = DIRECTION('',(0.,0.,-1.));
#4614 = FACE_BOUND('',#4615,.T.);
#4615 = EDGE_LOOP('',(#4616));
#4616 = ORIENTED_EDGE('',*,*,#4617,.T.);
#4617 = EDGE_CURVE('',#4618,#4618,#4620,.T.);
#4618 = VERTEX_POINT('',#4619);
#4619 = CARTESIAN_POINT('',(11.5,1.65,7.73));
#4620 = CIRCLE('',#4621,0.42);
#4621 = AXIS2_PLACEMENT_3D('',#4622,#4623,#4624);
#4622 = CARTESIAN_POINT('',(11.5,1.65,8.15));
#4623 = DIRECTION('',(-1.,0.,0.));
#4624 = DIRECTION('',(0.,0.,-1.));
#4625 = PLANE('',#4626);
#4626 = AXIS2_PLACEMENT_3D('',#4627,#4628,#4629);
#4627 = CARTESIAN_POINT('',(11.5,0.,0.));
#4628 = DIRECTION('',(1.,0.,-0.));
#4629 = DIRECTION('',(0.,0.,1.));
#4630 = ADVANCED_FACE('',(#4631),#4650,.T.);
#4631 = FACE_BOUND('',#4632,.F.);
#4632 = EDGE_LOOP('',(#4633,#4634,#4642,#4649));
#4633 = ORIENTED_EDGE('',*,*,#4337,.F.);
#4634 = ORIENTED_EDGE('',*,*,#4635,.T.);
#4635 = EDGE_CURVE('',#4330,#4636,#4638,.T.);
#4636 = VERTEX_POINT('',#4637);
#4637 = CARTESIAN_POINT('',(11.2,12.2,10.6));
#4638 = LINE('',#4639,#4640);
#4639 = CARTESIAN_POINT('',(11.2,0.,10.6));
#4640 = VECTOR('',#4641,1.);
#4641 = DIRECTION('',(-0.,1.,0.));
#4642 = ORIENTED_EDGE('',*,*,#4643,.F.);
#4643 = EDGE_CURVE('',#4546,#4636,#4644,.T.);
#4644 = CIRCLE('',#4645,0.3);
#4645 = AXIS2_PLACEMENT_3D('',#4646,#4647,#4648);
#4646 = CARTESIAN_POINT('',(11.2,12.2,10.3));
#4647 = DIRECTION('',(0.,-1.,-0.));
#4648 = DIRECTION('',(1.,0.,0.));
#4649 = ORIENTED_EDGE('',*,*,#4553,.F.);
#4650 = CYLINDRICAL_SURFACE('',#4651,0.3);
#4651 = AXIS2_PLACEMENT_3D('',#4652,#4653,#4654);
#4652 = CARTESIAN_POINT('',(11.2,0.,10.3));
#4653 = DIRECTION('',(-0.,1.,0.));
#4654 = DIRECTION('',(1.,0.,-0.));
#4655 = ADVANCED_FACE('',(#4656),#4667,.T.);
#4656 = FACE_BOUND('',#4657,.T.);
#4657 = EDGE_LOOP('',(#4658,#4659,#4660,#4661));
#4658 = ORIENTED_EDGE('',*,*,#4380,.F.);
#4659 = ORIENTED_EDGE('',*,*,#4329,.T.);
#4660 = ORIENTED_EDGE('',*,*,#4635,.T.);
#4661 = ORIENTED_EDGE('',*,*,#4662,.F.);
#4662 = EDGE_CURVE('',#4381,#4636,#4663,.T.);
#4663 = LINE('',#4664,#4665);
#4664 = CARTESIAN_POINT('',(10.,12.2,10.6));
#4665 = VECTOR('',#4666,1.);
#4666 = DIRECTION('',(1.,0.,-0.));
#4667 = PLANE('',#4668);
#4668 = AXIS2_PLACEMENT_3D('',#4669,#4670,#4671);
#4669 = CARTESIAN_POINT('',(10.,0.,10.6));
#4670 = DIRECTION('',(0.,0.,1.));
#4671 = DIRECTION('',(1.,0.,-0.));
#4672 = ADVANCED_FACE('',(#4673),#4684,.T.);
#4673 = FACE_BOUND('',#4674,.F.);
#4674 = EDGE_LOOP('',(#4675,#4676,#4683));
#4675 = ORIENTED_EDGE('',*,*,#4422,.F.);
#4676 = ORIENTED_EDGE('',*,*,#4677,.T.);
#4677 = EDGE_CURVE('',#4415,#4381,#4678,.T.);
#4678 = CIRCLE('',#4679,0.3);
#4679 = AXIS2_PLACEMENT_3D('',#4680,#4681,#4682);
#4680 = CARTESIAN_POINT('',(10.3,12.2,10.3));
#4681 = DIRECTION('',(1.,0.,6.123233995737E-17));
#4682 = DIRECTION('',(-6.123233995737E-17,-0.,1.));
#4683 = ORIENTED_EDGE('',*,*,#4388,.F.);
#4684 = SPHERICAL_SURFACE('',#4685,0.3);
#4685 = AXIS2_PLACEMENT_3D('',#4686,#4687,#4688);
#4686 = CARTESIAN_POINT('',(10.3,12.2,10.3));
#4687 = DIRECTION('',(0.,-1.,-0.));
#4688 = DIRECTION('',(-1.,-0.,0.));
#4689 = ADVANCED_FACE('',(#4690),#4701,.T.);
#4690 = FACE_BOUND('',#4691,.F.);
#4691 = EDGE_LOOP('',(#4692,#4693,#4700));
#4692 = ORIENTED_EDGE('',*,*,#4454,.F.);
#4693 = ORIENTED_EDGE('',*,*,#4694,.T.);
#4694 = EDGE_CURVE('',#4447,#4406,#4695,.T.);
#4695 = CIRCLE('',#4696,0.3);
#4696 = AXIS2_PLACEMENT_3D('',#4697,#4698,#4699);
#4697 = CARTESIAN_POINT('',(10.3,12.2,0.3));
#4698 = DIRECTION('',(1.,6.123233995737E-17,-0.));
#4699 = DIRECTION('',(-6.123233995737E-17,1.,0.));
#4700 = ORIENTED_EDGE('',*,*,#4405,.F.);
#4701 = SPHERICAL_SURFACE('',#4702,0.3);
#4702 = AXIS2_PLACEMENT_3D('',#4703,#4704,#4705);
#4703 = CARTESIAN_POINT('',(10.3,12.2,0.3));
#4704 = DIRECTION('',(0.,0.,1.));
#4705 = DIRECTION('',(-1.,0.,0.));
#4706 = ADVANCED_FACE('',(#4707),#4732,.T.);
#4707 = FACE_BOUND('',#4708,.T.);
#4708 = EDGE_LOOP('',(#4709,#4710,#4718,#4726));
#4709 = ORIENTED_EDGE('',*,*,#4414,.T.);
#4710 = ORIENTED_EDGE('',*,*,#4711,.T.);
#4711 = EDGE_CURVE('',#4415,#4712,#4714,.T.);
#4712 = VERTEX_POINT('',#4713);
#4713 = CARTESIAN_POINT('',(11.2,12.5,10.3));
#4714 = LINE('',#4715,#4716);
#4715 = CARTESIAN_POINT('',(10.,12.5,10.3));
#4716 = VECTOR('',#4717,1.);
#4717 = DIRECTION('',(1.,0.,-0.));
#4718 = ORIENTED_EDGE('',*,*,#4719,.F.);
#4719 = EDGE_CURVE('',#4720,#4712,#4722,.T.);
#4720 = VERTEX_POINT('',#4721);
#4721 = CARTESIAN_POINT('',(11.2,12.5,0.3));
#4722 = LINE('',#4723,#4724);
#4723 = CARTESIAN_POINT('',(11.2,12.5,0.));
#4724 = VECTOR('',#4725,1.);
#4725 = DIRECTION('',(0.,0.,1.));
#4726 = ORIENTED_EDGE('',*,*,#4727,.F.);
#4727 = EDGE_CURVE('',#4406,#4720,#4728,.T.);
#4728 = LINE('',#4729,#4730);
#4729 = CARTESIAN_POINT('',(10.,12.5,0.3));
#4730 = VECTOR('',#4731,1.);
#4731 = DIRECTION('',(1.,0.,-0.));
#4732 = PLANE('',#4733);
#4733 = AXIS2_PLACEMENT_3D('',#4734,#4735,#4736);
#4734 = CARTESIAN_POINT('',(10.,12.5,0.));
#4735 = DIRECTION('',(-0.,1.,0.));
#4736 = DIRECTION('',(0.,0.,1.));
#4737 = ADVANCED_FACE('',(#4738),#4763,.F.);
#4738 = FACE_BOUND('',#4739,.F.);
#4739 = EDGE_LOOP('',(#4740,#4741,#4749,#4757));
#4740 = ORIENTED_EDGE('',*,*,#4446,.F.);
#4741 = ORIENTED_EDGE('',*,*,#4742,.T.);
#4742 = EDGE_CURVE('',#4438,#4743,#4745,.T.);
#4743 = VERTEX_POINT('',#4744);
#4744 = CARTESIAN_POINT('',(11.2,0.3,0.));
#4745 = LINE('',#4746,#4747);
#4746 = CARTESIAN_POINT('',(10.,0.3,-5.551115123126E-17));
#4747 = VECTOR('',#4748,1.);
#4748 = DIRECTION('',(1.,0.,-0.));
#4749 = ORIENTED_EDGE('',*,*,#4750,.T.);
#4750 = EDGE_CURVE('',#4743,#4751,#4753,.T.);
#4751 = VERTEX_POINT('',#4752);
#4752 = CARTESIAN_POINT('',(11.2,12.2,0.));
#4753 = LINE('',#4754,#4755);
#4754 = CARTESIAN_POINT('',(11.2,0.,-5.551115123126E-17));
#4755 = VECTOR('',#4756,1.);
#4756 = DIRECTION('',(-0.,1.,0.));
#4757 = ORIENTED_EDGE('',*,*,#4758,.F.);
#4758 = EDGE_CURVE('',#4447,#4751,#4759,.T.);
#4759 = LINE('',#4760,#4761);
#4760 = CARTESIAN_POINT('',(10.,12.2,-5.551115123126E-17));
#4761 = VECTOR('',#4762,1.);
#4762 = DIRECTION('',(1.,0.,-0.));
#4763 = PLANE('',#4764);
#4764 = AXIS2_PLACEMENT_3D('',#4765,#4766,#4767);
#4765 = CARTESIAN_POINT('',(10.,0.,0.));
#4766 = DIRECTION('',(0.,0.,1.));
#4767 = DIRECTION('',(1.,0.,-0.));
#4768 = ADVANCED_FACE('',(#4769),#4781,.T.);
#4769 = FACE_BOUND('',#4770,.T.);
#4770 = EDGE_LOOP('',(#4771,#4772,#4773,#4780));
#4771 = ORIENTED_EDGE('',*,*,#4495,.F.);
#4772 = ORIENTED_EDGE('',*,*,#4742,.T.);
#4773 = ORIENTED_EDGE('',*,*,#4774,.T.);
#4774 = EDGE_CURVE('',#4743,#4471,#4775,.T.);
#4775 = CIRCLE('',#4776,0.3);
#4776 = AXIS2_PLACEMENT_3D('',#4777,#4778,#4779);
#4777 = CARTESIAN_POINT('',(11.2,0.3,0.3));
#4778 = DIRECTION('',(-1.,-6.123233995737E-17,0.));
#4779 = DIRECTION('',(6.123233995737E-17,-1.,-0.));
#4780 = ORIENTED_EDGE('',*,*,#4470,.F.);
#4781 = CYLINDRICAL_SURFACE('',#4782,0.3);
#4782 = AXIS2_PLACEMENT_3D('',#4783,#4784,#4785);
#4783 = CARTESIAN_POINT('',(10.,0.3,0.3));
#4784 = DIRECTION('',(1.,0.,-0.));
#4785 = DIRECTION('',(0.,-1.,0.));
#4786 = ADVANCED_FACE('',(#4787),#4798,.T.);
#4787 = FACE_BOUND('',#4788,.F.);
#4788 = EDGE_LOOP('',(#4789,#4796,#4797));
#4789 = ORIENTED_EDGE('',*,*,#4790,.F.);
#4790 = EDGE_CURVE('',#4743,#4512,#4791,.T.);
#4791 = CIRCLE('',#4792,0.3);
#4792 = AXIS2_PLACEMENT_3D('',#4793,#4794,#4795);
#4793 = CARTESIAN_POINT('',(11.2,0.3,0.3));
#4794 = DIRECTION('',(0.,-1.,0.));
#4795 = DIRECTION('',(1.,0.,0.));
#4796 = ORIENTED_EDGE('',*,*,#4774,.T.);
#4797 = ORIENTED_EDGE('',*,*,#4519,.F.);
#4798 = SPHERICAL_SURFACE('',#4799,0.3);
#4799 = AXIS2_PLACEMENT_3D('',#4800,#4801,#4802);
#4800 = CARTESIAN_POINT('',(11.2,0.3,0.3));
#4801 = DIRECTION('',(0.,0.,1.));
#4802 = DIRECTION('',(1.,0.,-0.));
#4803 = ADVANCED_FACE('',(#4804),#4816,.T.);
#4804 = FACE_BOUND('',#4805,.T.);
#4805 = EDGE_LOOP('',(#4806,#4807,#4808,#4815));
#4806 = ORIENTED_EDGE('',*,*,#4790,.F.);
#4807 = ORIENTED_EDGE('',*,*,#4750,.T.);
#4808 = ORIENTED_EDGE('',*,*,#4809,.T.);
#4809 = EDGE_CURVE('',#4751,#4538,#4810,.T.);
#4810 = CIRCLE('',#4811,0.3);
#4811 = AXIS2_PLACEMENT_3D('',#4812,#4813,#4814);
#4812 = CARTESIAN_POINT('',(11.2,12.2,0.3));
#4813 = DIRECTION('',(0.,-1.,0.));
#4814 = DIRECTION('',(1.,0.,0.));
#4815 = ORIENTED_EDGE('',*,*,#4537,.F.);
#4816 = CYLINDRICAL_SURFACE('',#4817,0.3);
#4817 = AXIS2_PLACEMENT_3D('',#4818,#4819,#4820);
#4818 = CARTESIAN_POINT('',(11.2,0.,0.3));
#4819 = DIRECTION('',(-0.,1.,0.));
#4820 = DIRECTION('',(1.,0.,-0.));
#4821 = ADVANCED_FACE('',(#4822),#4840,.T.);
#4822 = FACE_BOUND('',#4823,.T.);
#4823 = EDGE_LOOP('',(#4824,#4825,#4832,#4833));
#4824 = ORIENTED_EDGE('',*,*,#4545,.F.);
#4825 = ORIENTED_EDGE('',*,*,#4826,.T.);
#4826 = EDGE_CURVE('',#4538,#4720,#4827,.T.);
#4827 = CIRCLE('',#4828,0.3);
#4828 = AXIS2_PLACEMENT_3D('',#4829,#4830,#4831);
#4829 = CARTESIAN_POINT('',(11.2,12.2,0.3));
#4830 = DIRECTION('',(0.,0.,1.));
#4831 = DIRECTION('',(1.,0.,-0.));
#4832 = ORIENTED_EDGE('',*,*,#4719,.T.);
#4833 = ORIENTED_EDGE('',*,*,#4834,.T.);
#4834 = EDGE_CURVE('',#4712,#4546,#4835,.T.);
#4835 = CIRCLE('',#4836,0.3);
#4836 = AXIS2_PLACEMENT_3D('',#4837,#4838,#4839);
#4837 = CARTESIAN_POINT('',(11.2,12.2,10.3));
#4838 = DIRECTION('',(0.,0.,-1.));
#4839 = DIRECTION('',(1.,0.,0.));
#4840 = CYLINDRICAL_SURFACE('',#4841,0.3);
#4841 = AXIS2_PLACEMENT_3D('',#4842,#4843,#4844);
#4842 = CARTESIAN_POINT('',(11.2,12.2,0.));
#4843 = DIRECTION('',(0.,0.,1.));
#4844 = DIRECTION('',(1.,0.,-0.));
#4845 = ADVANCED_FACE('',(#4846),#4865,.F.);
#4846 = FACE_BOUND('',#4847,.F.);
#4847 = EDGE_LOOP('',(#4848,#4856,#4863,#4864));
#4848 = ORIENTED_EDGE('',*,*,#4849,.T.);
#4849 = EDGE_CURVE('',#4563,#4850,#4852,.T.);
#4850 = VERTEX_POINT('',#4851);
#4851 = CARTESIAN_POINT('',(11.23,10.65,2.68));
#4852 = LINE('',#4853,#4854);
#4853 = CARTESIAN_POINT('',(11.55,10.65,2.68));
#4854 = VECTOR('',#4855,1.);
#4855 = DIRECTION('',(-1.,0.,0.));
#4856 = ORIENTED_EDGE('',*,*,#4857,.F.);
#4857 = EDGE_CURVE('',#4850,#4850,#4858,.T.);
#4858 = CIRCLE('',#4859,0.42);
#4859 = AXIS2_PLACEMENT_3D('',#4860,#4861,#4862);
#4860 = CARTESIAN_POINT('',(11.23,10.65,3.1));
#4861 = DIRECTION('',(-1.,0.,0.));
#4862 = DIRECTION('',(0.,0.,-1.));
#4863 = ORIENTED_EDGE('',*,*,#4849,.F.);
#4864 = ORIENTED_EDGE('',*,*,#4562,.T.);
#4865 = CYLINDRICAL_SURFACE('',#4866,0.42);
#4866 = AXIS2_PLACEMENT_3D('',#4867,#4868,#4869);
#4867 = CARTESIAN_POINT('',(11.55,10.65,3.1));
#4868 = DIRECTION('',(-1.,0.,0.));
#4869 = DIRECTION('',(0.,0.,-1.));
#4870 = ADVANCED_FACE('',(#4871),#4890,.F.);
#4871 = FACE_BOUND('',#4872,.F.);
#4872 = EDGE_LOOP('',(#4873,#4881,#4888,#4889));
#4873 = ORIENTED_EDGE('',*,*,#4874,.T.);
#4874 = EDGE_CURVE('',#4574,#4875,#4877,.T.);
#4875 = VERTEX_POINT('',#4876);
#4876 = CARTESIAN_POINT('',(11.23,6.25,1.03));
#4877 = LINE('',#4878,#4879);
#4878 = CARTESIAN_POINT('',(11.55,6.25,1.03));
#4879 = VECTOR('',#4880,1.);
#4880 = DIRECTION('',(-1.,0.,0.));
#4881 = ORIENTED_EDGE('',*,*,#4882,.F.);
#4882 = EDGE_CURVE('',#4875,#4875,#4883,.T.);
#4883 = CIRCLE('',#4884,0.42);
#4884 = AXIS2_PLACEMENT_3D('',#4885,#4886,#4887);
#4885 = CARTESIAN_POINT('',(11.23,6.25,1.45));
#4886 = DIRECTION('',(-1.,0.,0.));
#4887 = DIRECTION('',(0.,0.,-1.));
#4888 = ORIENTED_EDGE('',*,*,#4874,.F.);
#4889 = ORIENTED_EDGE('',*,*,#4573,.T.);
#4890 = CYLINDRICAL_SURFACE('',#4891,0.42);
#4891 = AXIS2_PLACEMENT_3D('',#4892,#4893,#4894);
#4892 = CARTESIAN_POINT('',(11.55,6.25,1.45));
#4893 = DIRECTION('',(-1.,0.,0.));
#4894 = DIRECTION('',(0.,0.,-1.));
#4895 = ADVANCED_FACE('',(#4896),#4915,.F.);
#4896 = FACE_BOUND('',#4897,.F.);
#4897 = EDGE_LOOP('',(#4898,#4906,#4913,#4914));
#4898 = ORIENTED_EDGE('',*,*,#4899,.T.);
#4899 = EDGE_CURVE('',#4585,#4900,#4902,.T.);
#4900 = VERTEX_POINT('',#4901);
#4901 = CARTESIAN_POINT('',(11.23,10.65,7.73));
#4902 = LINE('',#4903,#4904);
#4903 = CARTESIAN_POINT('',(11.55,10.65,7.73));
#4904 = VECTOR('',#4905,1.);
#4905 = DIRECTION('',(-1.,0.,0.));
#4906 = ORIENTED_EDGE('',*,*,#4907,.F.);
#4907 = EDGE_CURVE('',#4900,#4900,#4908,.T.);
#4908 = CIRCLE('',#4909,0.42);
#4909 = AXIS2_PLACEMENT_3D('',#4910,#4911,#4912);
#4910 = CARTESIAN_POINT('',(11.23,10.65,8.15));
#4911 = DIRECTION('',(-1.,0.,0.));
#4912 = DIRECTION('',(0.,0.,-1.));
#4913 = ORIENTED_EDGE('',*,*,#4899,.F.);
#4914 = ORIENTED_EDGE('',*,*,#4584,.T.);
#4915 = CYLINDRICAL_SURFACE('',#4916,0.42);
#4916 = AXIS2_PLACEMENT_3D('',#4917,#4918,#4919);
#4917 = CARTESIAN_POINT('',(11.55,10.65,8.15));
#4918 = DIRECTION('',(-1.,0.,0.));
#4919 = DIRECTION('',(0.,0.,-1.));
#4920 = ADVANCED_FACE('',(#4921),#4940,.F.);
#4921 = FACE_BOUND('',#4922,.F.);
#4922 = EDGE_LOOP('',(#4923,#4931,#4938,#4939));
#4923 = ORIENTED_EDGE('',*,*,#4924,.T.);
#4924 = EDGE_CURVE('',#4596,#4925,#4927,.T.);
#4925 = VERTEX_POINT('',#4926);
#4926 = CARTESIAN_POINT('',(11.23,1.65,1.03));
#4927 = LINE('',#4928,#4929);
#4928 = CARTESIAN_POINT('',(11.55,1.65,1.03));
#4929 = VECTOR('',#4930,1.);
#4930 = DIRECTION('',(-1.,0.,0.));
#4931 = ORIENTED_EDGE('',*,*,#4932,.F.);
#4932 = EDGE_CURVE('',#4925,#4925,#4933,.T.);
#4933 = CIRCLE('',#4934,0.42);
#4934 = AXIS2_PLACEMENT_3D('',#4935,#4936,#4937);
#4935 = CARTESIAN_POINT('',(11.23,1.65,1.45));
#4936 = DIRECTION('',(-1.,0.,0.));
#4937 = DIRECTION('',(0.,0.,-1.));
#4938 = ORIENTED_EDGE('',*,*,#4924,.F.);
#4939 = ORIENTED_EDGE('',*,*,#4595,.T.);
#4940 = CYLINDRICAL_SURFACE('',#4941,0.42);
#4941 = AXIS2_PLACEMENT_3D('',#4942,#4943,#4944);
#4942 = CARTESIAN_POINT('',(11.55,1.65,1.45));
#4943 = DIRECTION('',(-1.,0.,0.));
#4944 = DIRECTION('',(0.,0.,-1.));
#4945 = ADVANCED_FACE('',(#4946),#4965,.F.);
#4946 = FACE_BOUND('',#4947,.F.);
#4947 = EDGE_LOOP('',(#4948,#4956,#4963,#4964));
#4948 = ORIENTED_EDGE('',*,*,#4949,.T.);
#4949 = EDGE_CURVE('',#4607,#4950,#4952,.T.);
#4950 = VERTEX_POINT('',#4951);
#4951 = CARTESIAN_POINT('',(11.23,4.65,6.86));
#4952 = LINE('',#4953,#4954);
#4953 = CARTESIAN_POINT('',(11.55,4.65,6.86));
#4954 = VECTOR('',#4955,1.);
#4955 = DIRECTION('',(-1.,0.,0.));
#4956 = ORIENTED_EDGE('',*,*,#4957,.F.);
#4957 = EDGE_CURVE('',#4950,#4950,#4958,.T.);
#4958 = CIRCLE('',#4959,0.34);
#4959 = AXIS2_PLACEMENT_3D('',#4960,#4961,#4962);
#4960 = CARTESIAN_POINT('',(11.23,4.65,7.2));
#4961 = DIRECTION('',(-1.,0.,0.));
#4962 = DIRECTION('',(0.,0.,-1.));
#4963 = ORIENTED_EDGE('',*,*,#4949,.F.);
#4964 = ORIENTED_EDGE('',*,*,#4606,.T.);
#4965 = CYLINDRICAL_SURFACE('',#4966,0.34);
#4966 = AXIS2_PLACEMENT_3D('',#4967,#4968,#4969);
#4967 = CARTESIAN_POINT('',(11.55,4.65,7.2));
#4968 = DIRECTION('',(-1.,0.,0.));
#4969 = DIRECTION('',(0.,0.,-1.));
#4970 = ADVANCED_FACE('',(#4971),#4990,.F.);
#4971 = FACE_BOUND('',#4972,.F.);
#4972 = EDGE_LOOP('',(#4973,#4981,#4988,#4989));
#4973 = ORIENTED_EDGE('',*,*,#4974,.T.);
#4974 = EDGE_CURVE('',#4618,#4975,#4977,.T.);
#4975 = VERTEX_POINT('',#4976);
#4976 = CARTESIAN_POINT('',(11.23,1.65,7.73));
#4977 = LINE('',#4978,#4979);
#4978 = CARTESIAN_POINT('',(11.55,1.65,7.73));
#4979 = VECTOR('',#4980,1.);
#4980 = DIRECTION('',(-1.,0.,0.));
#4981 = ORIENTED_EDGE('',*,*,#4982,.F.);
#4982 = EDGE_CURVE('',#4975,#4975,#4983,.T.);
#4983 = CIRCLE('',#4984,0.42);
#4984 = AXIS2_PLACEMENT_3D('',#4985,#4986,#4987);
#4985 = CARTESIAN_POINT('',(11.23,1.65,8.15));
#4986 = DIRECTION('',(-1.,0.,0.));
#4987 = DIRECTION('',(0.,0.,-1.));
#4988 = ORIENTED_EDGE('',*,*,#4974,.F.);
#4989 = ORIENTED_EDGE('',*,*,#4617,.T.);
#4990 = CYLINDRICAL_SURFACE('',#4991,0.42);
#4991 = AXIS2_PLACEMENT_3D('',#4992,#4993,#4994);
#4992 = CARTESIAN_POINT('',(11.55,1.65,8.15));
#4993 = DIRECTION('',(-1.,0.,0.));
#4994 = DIRECTION('',(0.,0.,-1.));
#4995 = ADVANCED_FACE('',(#4996),#5007,.T.);
#4996 = FACE_BOUND('',#4997,.T.);
#4997 = EDGE_LOOP('',(#4998,#4999,#5006));
#4998 = ORIENTED_EDGE('',*,*,#4834,.F.);
#4999 = ORIENTED_EDGE('',*,*,#5000,.T.);
#5000 = EDGE_CURVE('',#4712,#4636,#5001,.T.);
#5001 = CIRCLE('',#5002,0.3);
#5002 = AXIS2_PLACEMENT_3D('',#5003,#5004,#5005);
#5003 = CARTESIAN_POINT('',(11.2,12.2,10.3));
#5004 = DIRECTION('',(1.,0.,-6.123233995737E-17));
#5005 = DIRECTION('',(6.123233995737E-17,0.,1.));
#5006 = ORIENTED_EDGE('',*,*,#4643,.F.);
#5007 = SPHERICAL_SURFACE('',#5008,0.3);
#5008 = AXIS2_PLACEMENT_3D('',#5009,#5010,#5011);
#5009 = CARTESIAN_POINT('',(11.2,12.2,10.3));
#5010 = DIRECTION('',(0.,-1.,-0.));
#5011 = DIRECTION('',(1.,0.,0.));
#5012 = ADVANCED_FACE('',(#5013),#5019,.T.);
#5013 = FACE_BOUND('',#5014,.T.);
#5014 = EDGE_LOOP('',(#5015,#5016,#5017,#5018));
#5015 = ORIENTED_EDGE('',*,*,#4677,.T.);
#5016 = ORIENTED_EDGE('',*,*,#4662,.T.);
#5017 = ORIENTED_EDGE('',*,*,#5000,.F.);
#5018 = ORIENTED_EDGE('',*,*,#4711,.F.);
#5019 = CYLINDRICAL_SURFACE('',#5020,0.3);
#5020 = AXIS2_PLACEMENT_3D('',#5021,#5022,#5023);
#5021 = CARTESIAN_POINT('',(10.,12.2,10.3));
#5022 = DIRECTION('',(1.,0.,-0.));
#5023 = DIRECTION('',(0.,1.,0.));
#5024 = ADVANCED_FACE('',(#5025),#5037,.T.);
#5025 = FACE_BOUND('',#5026,.F.);
#5026 = EDGE_LOOP('',(#5027,#5028,#5029,#5036));
#5027 = ORIENTED_EDGE('',*,*,#4694,.F.);
#5028 = ORIENTED_EDGE('',*,*,#4758,.T.);
#5029 = ORIENTED_EDGE('',*,*,#5030,.T.);
#5030 = EDGE_CURVE('',#4751,#4720,#5031,.T.);
#5031 = CIRCLE('',#5032,0.3);
#5032 = AXIS2_PLACEMENT_3D('',#5033,#5034,#5035);
#5033 = CARTESIAN_POINT('',(11.2,12.2,0.3));
#5034 = DIRECTION('',(1.,-6.123233995737E-17,0.));
#5035 = DIRECTION('',(6.123233995737E-17,1.,0.));
#5036 = ORIENTED_EDGE('',*,*,#4727,.F.);
#5037 = CYLINDRICAL_SURFACE('',#5038,0.3);
#5038 = AXIS2_PLACEMENT_3D('',#5039,#5040,#5041);
#5039 = CARTESIAN_POINT('',(10.,12.2,0.3));
#5040 = DIRECTION('',(1.,0.,-0.));
#5041 = DIRECTION('',(0.,1.,0.));
#5042 = ADVANCED_FACE('',(#5043),#5048,.T.);
#5043 = FACE_BOUND('',#5044,.T.);
#5044 = EDGE_LOOP('',(#5045,#5046,#5047));
#5045 = ORIENTED_EDGE('',*,*,#4809,.F.);
#5046 = ORIENTED_EDGE('',*,*,#5030,.T.);
#5047 = ORIENTED_EDGE('',*,*,#4826,.F.);
#5048 = SPHERICAL_SURFACE('',#5049,0.3);
#5049 = AXIS2_PLACEMENT_3D('',#5050,#5051,#5052);
#5050 = CARTESIAN_POINT('',(11.2,12.2,0.3));
#5051 = DIRECTION('',(0.,0.,1.));
#5052 = DIRECTION('',(1.,0.,-0.));
#5053 = ADVANCED_FACE('',(#5054),#5057,.F.);
#5054 = FACE_BOUND('',#5055,.F.);
#5055 = EDGE_LOOP('',(#5056));
#5056 = ORIENTED_EDGE('',*,*,#4857,.T.);
#5057 = PLANE('',#5058);
#5058 = AXIS2_PLACEMENT_3D('',#5059,#5060,#5061);
#5059 = CARTESIAN_POINT('',(11.23,10.65,3.1));
#5060 = DIRECTION('',(-1.,0.,0.));
#5061 = DIRECTION('',(0.,0.,-1.));
#5062 = ADVANCED_FACE('',(#5063),#5066,.F.);
#5063 = FACE_BOUND('',#5064,.F.);
#5064 = EDGE_LOOP('',(#5065));
#5065 = ORIENTED_EDGE('',*,*,#4882,.T.);
#5066 = PLANE('',#5067);
#5067 = AXIS2_PLACEMENT_3D('',#5068,#5069,#5070);
#5068 = CARTESIAN_POINT('',(11.23,6.25,1.45));
#5069 = DIRECTION('',(-1.,0.,0.));
#5070 = DIRECTION('',(0.,0.,-1.));
#5071 = ADVANCED_FACE('',(#5072),#5075,.F.);
#5072 = FACE_BOUND('',#5073,.F.);
#5073 = EDGE_LOOP('',(#5074));
#5074 = ORIENTED_EDGE('',*,*,#4907,.T.);
#5075 = PLANE('',#5076);
#5076 = AXIS2_PLACEMENT_3D('',#5077,#5078,#5079);
#5077 = CARTESIAN_POINT('',(11.23,10.65,8.15));
#5078 = DIRECTION('',(-1.,0.,0.));
#5079 = DIRECTION('',(0.,0.,-1.));
#5080 = ADVANCED_FACE('',(#5081),#5084,.F.);
#5081 = FACE_BOUND('',#5082,.F.);
#5082 = EDGE_LOOP('',(#5083));
#5083 = ORIENTED_EDGE('',*,*,#4932,.T.);
#5084 = PLANE('',#5085);
#5085 = AXIS2_PLACEMENT_3D('',#5086,#5087,#5088);
#5086 = CARTESIAN_POINT('',(11.23,1.65,1.45));
#5087 = DIRECTION('',(-1.,0.,0.));
#5088 = DIRECTION('',(0.,0.,-1.));
#5089 = ADVANCED_FACE('',(#5090),#5093,.F.);
#5090 = FACE_BOUND('',#5091,.F.);
#5091 = EDGE_LOOP('',(#5092));
#5092 = ORIENTED_EDGE('',*,*,#4957,.T.);
#5093 = PLANE('',#5094);
#5094 = AXIS2_PLACEMENT_3D('',#5095,#5096,#5097);
#5095 = CARTESIAN_POINT('',(11.23,4.65,7.2));
#5096 = DIRECTION('',(-1.,0.,0.));
#5097 = DIRECTION('',(0.,0.,-1.));
#5098 = ADVANCED_FACE('',(#5099),#5102,.F.);
#5099 = FACE_BOUND('',#5100,.F.);
#5100 = EDGE_LOOP('',(#5101));
#5101 = ORIENTED_EDGE('',*,*,#4982,.T.);
#5102 = PLANE('',#5103);
#5103 = AXIS2_PLACEMENT_3D('',#5104,#5105,#5106);
#5104 = CARTESIAN_POINT('',(11.23,1.65,8.15));
#5105 = DIRECTION('',(-1.,0.,0.));
#5106 = DIRECTION('',(0.,0.,-1.));
#5107 = ( GEOMETRIC_REPRESENTATION_CONTEXT(3)
GLOBAL_UNCERTAINTY_ASSIGNED_CONTEXT((#5111))
GLOBAL_UNIT_ASSIGNED_CONTEXT((#5108,#5109,#5110)) REPRESENTATION_CONTEXT
('Context #1','3D Context with UNIT and UNCERTAINTY') );
#5108 = ( LENGTH_UNIT() NAMED_UNIT(*) SI_UNIT(.MILLI.,.METRE.) );
#5109 = ( NAMED_UNIT(*) PLANE_ANGLE_UNIT() SI_UNIT($,.RADIAN.) );
#5110 = ( NAMED_UNIT(*) SI_UNIT($,.STERADIAN.) SOLID_ANGLE_UNIT() );
#5111 = UNCERTAINTY_MEASURE_WITH_UNIT(LENGTH_MEASURE(1.E-07),#5108,
  'distance_accuracy_value','confusion accuracy');
#5112 = CONTEXT_DEPENDENT_SHAPE_REPRESENTATION(#5113,#5115);
#5113 = ( REPRESENTATION_RELATIONSHIP('','',#4232,#10)
REPRESENTATION_RELATIONSHIP_WITH_TRANSFORMATION(#5114)
SHAPE_REPRESENTATION_RELATIONSHIP() );
#5114 = ITEM_DEFINED_TRANSFORMATION('','',#11,#47);
#5115 = PRODUCT_DEFINITION_SHAPE('Placement','Placement of an item',
  #5116);
#5116 = NEXT_ASSEMBLY_USAGE_OCCURRENCE('9','1.5 mm Side Cover','',#5,
  #4227,$);
#5117 = PRODUCT_RELATED_PRODUCT_CATEGORY('part',$,(#4229));
#5118 = MECHANICAL_DESIGN_GEOMETRIC_PRESENTATION_REPRESENTATION('',(
    #5119),#4045);
#5119 = STYLED_ITEM('color',(#5120),#3895);
#5120 = PRESENTATION_STYLE_ASSIGNMENT((#5121,#5127));
#5121 = SURFACE_STYLE_USAGE(.BOTH.,#5122);
#5122 = SURFACE_SIDE_STYLE('',(#5123));
#5123 = SURFACE_STYLE_FILL_AREA(#5124);
#5124 = FILL_AREA_STYLE('',(#5125));
#5125 = FILL_AREA_STYLE_COLOUR('',#5126);
#5126 = COLOUR_RGB('',0.752941202324,0.752941202324,0.752941202324);
#5127 = CURVE_STYLE('',#5128,POSITIVE_LENGTH_MEASURE(0.1),#5129);
#5128 = DRAUGHTING_PRE_DEFINED_CURVE_FONT('continuous');
#5129 = COLOUR_RGB('',0.414117625119,0.414117625119,0.414117625119);
#5130 = MECHANICAL_DESIGN_GEOMETRIC_PRESENTATION_REPRESENTATION('',(
    #5131),#3876);
#5131 = STYLED_ITEM('color',(#5132),#3658);
#5132 = PRESENTATION_STYLE_ASSIGNMENT((#5133,#5139));
#5133 = SURFACE_STYLE_USAGE(.BOTH.,#5134);
#5134 = SURFACE_SIDE_STYLE('',(#5135));
#5135 = SURFACE_STYLE_FILL_AREA(#5136);
#5136 = FILL_AREA_STYLE('',(#5137));
#5137 = FILL_AREA_STYLE_COLOUR('',#5138);
#5138 = COLOUR_RGB('',0.850980411111,0.160784315601,0.109803919806);
#5139 = CURVE_STYLE('',#5140,POSITIVE_LENGTH_MEASURE(0.1),#5141);
#5140 = DRAUGHTING_PRE_DEFINED_CURVE_FONT('continuous');
#5141 = COLOUR_RGB('',0.468039206244,8.843137021055E-02,
  6.039215445906E-02);
#5142 = MECHANICAL_DESIGN_GEOMETRIC_PRESENTATION_REPRESENTATION('',(
    #5143),#5107);
#5143 = STYLED_ITEM('color',(#5144),#4233);
#5144 = PRESENTATION_STYLE_ASSIGNMENT((#5145,#5151));
#5145 = SURFACE_STYLE_USAGE(.BOTH.,#5146);
#5146 = SURFACE_SIDE_STYLE('',(#5147));
#5147 = SURFACE_STYLE_FILL_AREA(#5148);
#5148 = FILL_AREA_STYLE('',(#5149));
#5149 = FILL_AREA_STYLE_COLOUR('',#5150);
#5150 = COLOUR_RGB('',0.125490201081,0.125490201081,0.125490201081);
#5151 = CURVE_STYLE('',#5152,POSITIVE_LENGTH_MEASURE(0.1),#5153);
#5152 = DRAUGHTING_PRE_DEFINED_CURVE_FONT('continuous');
#5153 = COLOUR_RGB('',6.90196081359E-02,6.90196081359E-02,
  6.90196081359E-02);
#5154 = MECHANICAL_DESIGN_GEOMETRIC_PRESENTATION_REPRESENTATION('',(
    #5155),#1995);
#5155 = STYLED_ITEM('color',(#5156),#1845);
#5156 = PRESENTATION_STYLE_ASSIGNMENT((#5157,#5162));
#5157 = SURFACE_STYLE_USAGE(.BOTH.,#5158);
#5158 = SURFACE_SIDE_STYLE('',(#5159));
#5159 = SURFACE_STYLE_FILL_AREA(#5160);
#5160 = FILL_AREA_STYLE('',(#5161));
#5161 = FILL_AREA_STYLE_COLOUR('',#5126);
#5162 = CURVE_STYLE('',#5163,POSITIVE_LENGTH_MEASURE(0.1),#5129);
#5163 = DRAUGHTING_PRE_DEFINED_CURVE_FONT('continuous');
#5164 = MECHANICAL_DESIGN_GEOMETRIC_PRESENTATION_REPRESENTATION('',(
    #5165),#3639);
#5165 = STYLED_ITEM('color',(#5166),#2014);
#5166 = PRESENTATION_STYLE_ASSIGNMENT((#5167,#5172));
#5167 = SURFACE_STYLE_USAGE(.BOTH.,#5168);
#5168 = SURFACE_SIDE_STYLE('',(#5169));
#5169 = SURFACE_STYLE_FILL_AREA(#5170);
#5170 = FILL_AREA_STYLE('',(#5171));
#5171 = FILL_AREA_STYLE_COLOUR('',#5138);
#5172 = CURVE_STYLE('',#5173,POSITIVE_LENGTH_MEASURE(0.1),#5141);
#5173 = DRAUGHTING_PRE_DEFINED_CURVE_FONT('continuous');
#5174 = MECHANICAL_DESIGN_GEOMETRIC_PRESENTATION_REPRESENTATION('',(
    #5175),#1657);
#5175 = STYLED_ITEM('color',(#5176),#1439);
#5176 = PRESENTATION_STYLE_ASSIGNMENT((#5177,#5182));
#5177 = SURFACE_STYLE_USAGE(.BOTH.,#5178);
#5178 = SURFACE_SIDE_STYLE('',(#5179));
#5179 = SURFACE_STYLE_FILL_AREA(#5180);
#5180 = FILL_AREA_STYLE('',(#5181));
#5181 = FILL_AREA_STYLE_COLOUR('',#5150);
#5182 = CURVE_STYLE('',#5183,POSITIVE_LENGTH_MEASURE(0.1),#5153);
#5183 = DRAUGHTING_PRE_DEFINED_CURVE_FONT('continuous');
#5184 = MECHANICAL_DESIGN_GEOMETRIC_PRESENTATION_REPRESENTATION('',(
    #5185),#1826);
#5185 = STYLED_ITEM('color',(#5186),#1676);
#5186 = PRESENTATION_STYLE_ASSIGNMENT((#5187,#5192));
#5187 = SURFACE_STYLE_USAGE(.BOTH.,#5188);
#5188 = SURFACE_SIDE_STYLE('',(#5189));
#5189 = SURFACE_STYLE_FILL_AREA(#5190);
#5190 = FILL_AREA_STYLE('',(#5191));
#5191 = FILL_AREA_STYLE_COLOUR('',#5126);
#5192 = CURVE_STYLE('',#5193,POSITIVE_LENGTH_MEASURE(0.1),#5129);
#5193 = DRAUGHTING_PRE_DEFINED_CURVE_FONT('continuous');
#5194 = MECHANICAL_DESIGN_GEOMETRIC_PRESENTATION_REPRESENTATION('',(
    #5195),#1420);
#5195 = STYLED_ITEM('color',(#5196),#65);
#5196 = PRESENTATION_STYLE_ASSIGNMENT((#5197,#5202));
#5197 = SURFACE_STYLE_USAGE(.BOTH.,#5198);
#5198 = SURFACE_SIDE_STYLE('',(#5199));
#5199 = SURFACE_STYLE_FILL_AREA(#5200);
#5200 = FILL_AREA_STYLE('',(#5201));
#5201 = FILL_AREA_STYLE_COLOUR('',#5150);
#5202 = CURVE_STYLE('',#5203,POSITIVE_LENGTH_MEASURE(0.1),#5153);
#5203 = DRAUGHTING_PRE_DEFINED_CURVE_FONT('continuous');
#5204 = MECHANICAL_DESIGN_GEOMETRIC_PRESENTATION_REPRESENTATION('',(
    #5205),#4214);
#5205 = STYLED_ITEM('color',(#5206),#4064);
#5206 = PRESENTATION_STYLE_ASSIGNMENT((#5207,#5212));
#5207 = SURFACE_STYLE_USAGE(.BOTH.,#5208);
#5208 = SURFACE_SIDE_STYLE('',(#5209));
#5209 = SURFACE_STYLE_FILL_AREA(#5210);
#5210 = FILL_AREA_STYLE('',(#5211));
#5211 = FILL_AREA_STYLE_COLOUR('',#5126);
#5212 = CURVE_STYLE('',#5213,POSITIVE_LENGTH_MEASURE(0.1),#5129);
#5213 = DRAUGHTING_PRE_DEFINED_CURVE_FONT('continuous');
ENDSEC;
END-ISO-10303-21;
