ISO-10303-21;
HEADER;
FILE_DESCRIPTION(('FreeCAD Model'),'2;1');
FILE_NAME('Open CASCADE Shape Model','2026-07-12T17:05:26',(''),(''),
  'Open CASCADE STEP processor 7.8','FreeCAD','Unknown');
FILE_SCHEMA(('AUTOMOTIVE_DESIGN { 1 0 10303 214 1 1 1 1 }'));
ENDSEC;
DATA;
#1 = APPLICATION_PROTOCOL_DEFINITION('international standard',
  'automotive_design',2000,#2);
#2 = APPLICATION_CONTEXT(
  'core data for automotive mechanical design processes');
#3 = SHAPE_DEFINITION_REPRESENTATION(#4,#10);
#4 = PRODUCT_DEFINITION_SHAPE('','',#5);
#5 = PRODUCT_DEFINITION('design','',#6,#9);
#6 = PRODUCT_DEFINITION_FORMATION('','',#7);
#7 = PRODUCT('DA803_350_4P_all_black','DA803_350_4P_all_black','',(#8));
#8 = PRODUCT_CONTEXT('',#2,'mechanical');
#9 = PRODUCT_DEFINITION_CONTEXT('part definition',#2,'design');
#10 = SHAPE_REPRESENTATION('',(#11,#15,#19,#23,#27,#31,#35,#39,#43,#47,
    #51,#55,#59,#63,#67,#71,#75,#79),#83);
#11 = AXIS2_PLACEMENT_3D('',#12,#13,#14);
#12 = CARTESIAN_POINT('',(0.,0.,0.));
#13 = DIRECTION('',(0.,0.,1.));
#14 = DIRECTION('',(1.,0.,-0.));
#15 = AXIS2_PLACEMENT_3D('',#16,#17,#18);
#16 = CARTESIAN_POINT('',(0.,0.,0.));
#17 = DIRECTION('',(0.,0.,1.));
#18 = DIRECTION('',(1.,0.,0.));
#19 = AXIS2_PLACEMENT_3D('',#20,#21,#22);
#20 = CARTESIAN_POINT('',(0.,0.,0.));
#21 = DIRECTION('',(0.,0.,1.));
#22 = DIRECTION('',(1.,0.,0.));
#23 = AXIS2_PLACEMENT_3D('',#24,#25,#26);
#24 = CARTESIAN_POINT('',(0.,0.,0.));
#25 = DIRECTION('',(0.,0.,1.));
#26 = DIRECTION('',(1.,0.,0.));
#27 = AXIS2_PLACEMENT_3D('',#28,#29,#30);
#28 = CARTESIAN_POINT('',(0.,0.,0.));
#29 = DIRECTION('',(0.,0.,1.));
#30 = DIRECTION('',(1.,0.,0.));
#31 = AXIS2_PLACEMENT_3D('',#32,#33,#34);
#32 = CARTESIAN_POINT('',(0.,0.,0.));
#33 = DIRECTION('',(0.,0.,1.));
#34 = DIRECTION('',(1.,0.,0.));
#35 = AXIS2_PLACEMENT_3D('',#36,#37,#38);
#36 = CARTESIAN_POINT('',(0.,0.,0.));
#37 = DIRECTION('',(0.,0.,1.));
#38 = DIRECTION('',(1.,0.,0.));
#39 = AXIS2_PLACEMENT_3D('',#40,#41,#42);
#40 = CARTESIAN_POINT('',(0.,0.,0.));
#41 = DIRECTION('',(0.,0.,1.));
#42 = DIRECTION('',(1.,0.,0.));
#43 = AXIS2_PLACEMENT_3D('',#44,#45,#46);
#44 = CARTESIAN_POINT('',(0.,0.,0.));
#45 = DIRECTION('',(0.,0.,1.));
#46 = DIRECTION('',(1.,0.,0.));
#47 = AXIS2_PLACEMENT_3D('',#48,#49,#50);
#48 = CARTESIAN_POINT('',(0.,0.,0.));
#49 = DIRECTION('',(0.,0.,1.));
#50 = DIRECTION('',(1.,0.,0.));
#51 = AXIS2_PLACEMENT_3D('',#52,#53,#54);
#52 = CARTESIAN_POINT('',(0.,0.,0.));
#53 = DIRECTION('',(0.,0.,1.));
#54 = DIRECTION('',(1.,0.,0.));
#55 = AXIS2_PLACEMENT_3D('',#56,#57,#58);
#56 = CARTESIAN_POINT('',(0.,0.,0.));
#57 = DIRECTION('',(0.,0.,1.));
#58 = DIRECTION('',(1.,0.,0.));
#59 = AXIS2_PLACEMENT_3D('',#60,#61,#62);
#60 = CARTESIAN_POINT('',(0.,0.,0.));
#61 = DIRECTION('',(0.,0.,1.));
#62 = DIRECTION('',(1.,0.,0.));
#63 = AXIS2_PLACEMENT_3D('',#64,#65,#66);
#64 = CARTESIAN_POINT('',(0.,0.,0.));
#65 = DIRECTION('',(0.,0.,1.));
#66 = DIRECTION('',(1.,0.,0.));
#67 = AXIS2_PLACEMENT_3D('',#68,#69,#70);
#68 = CARTESIAN_POINT('',(0.,0.,0.));
#69 = DIRECTION('',(0.,0.,1.));
#70 = DIRECTION('',(1.,0.,0.));
#71 = AXIS2_PLACEMENT_3D('',#72,#73,#74);
#72 = CARTESIAN_POINT('',(0.,0.,0.));
#73 = DIRECTION('',(0.,0.,1.));
#74 = DIRECTION('',(1.,0.,0.));
#75 = AXIS2_PLACEMENT_3D('',#76,#77,#78);
#76 = CARTESIAN_POINT('',(0.,0.,0.));
#77 = DIRECTION('',(0.,0.,1.));
#78 = DIRECTION('',(1.,0.,0.));
#79 = AXIS2_PLACEMENT_3D('',#80,#81,#82);
#80 = CARTESIAN_POINT('',(0.,0.,0.));
#81 = DIRECTION('',(0.,0.,1.));
#82 = DIRECTION('',(1.,0.,0.));
#83 = ( GEOMETRIC_REPRESENTATION_CONTEXT(3)
GLOBAL_UNCERTAINTY_ASSIGNED_CONTEXT((#87)) GLOBAL_UNIT_ASSIGNED_CONTEXT(
(#84,#85,#86)) REPRESENTATION_CONTEXT('Context #1',
  '3D Context with UNIT and UNCERTAINTY') );
#84 = ( LENGTH_UNIT() NAMED_UNIT(*) SI_UNIT(.MILLI.,.METRE.) );
#85 = ( NAMED_UNIT(*) PLANE_ANGLE_UNIT() SI_UNIT($,.RADIAN.) );
#86 = ( NAMED_UNIT(*) SI_UNIT($,.STERADIAN.) SOLID_ANGLE_UNIT() );
#87 = UNCERTAINTY_MEASURE_WITH_UNIT(LENGTH_MEASURE(1.E-07),#84,
  'distance_accuracy_value','confusion accuracy');
#88 = PRODUCT_RELATED_PRODUCT_CATEGORY('part',$,(#7));
#89 = SHAPE_DEFINITION_REPRESENTATION(#90,#96);
#90 = PRODUCT_DEFINITION_SHAPE('','',#91);
#91 = PRODUCT_DEFINITION('design','',#92,#95);
#92 = PRODUCT_DEFINITION_FORMATION('','',#93);
#93 = PRODUCT('Housing P1','Housing P1','',(#94));
#94 = PRODUCT_CONTEXT('',#2,'mechanical');
#95 = PRODUCT_DEFINITION_CONTEXT('part definition',#2,'design');
#96 = ADVANCED_BREP_SHAPE_REPRESENTATION('',(#11,#97),#1452);
#97 = MANIFOLD_SOLID_BREP('',#98);
#98 = CLOSED_SHELL('',(#99,#147,#180,#271,#296,#329,#362,#463,#480,#505,
    #537,#562,#602,#634,#658,#683,#700,#717,#748,#779,#797,#828,#853,
    #884,#908,#939,#956,#980,#998,#1015,#1027,#1044,#1056,#1074,#1085,
    #1134,#1165,#1196,#1229,#1260,#1300,#1331,#1347,#1393,#1424,#1438));
#99 = ADVANCED_FACE('',(#100),#142,.F.);
#100 = FACE_BOUND('',#101,.F.);
#101 = EDGE_LOOP('',(#102,#112,#120,#128,#136));
#102 = ORIENTED_EDGE('',*,*,#103,.F.);
#103 = EDGE_CURVE('',#104,#106,#108,.T.);
#104 = VERTEX_POINT('',#105);
#105 = CARTESIAN_POINT('',(10.5,0.3,0.3));
#106 = VERTEX_POINT('',#107);
#107 = CARTESIAN_POINT('',(10.5,0.3,9.086363636364));
#108 = LINE('',#109,#110);
#109 = CARTESIAN_POINT('',(10.5,0.3,0.));
#110 = VECTOR('',#111,1.);
#111 = DIRECTION('',(0.,0.,1.));
#112 = ORIENTED_EDGE('',*,*,#113,.T.);
#113 = EDGE_CURVE('',#104,#114,#116,.T.);
#114 = VERTEX_POINT('',#115);
#115 = CARTESIAN_POINT('',(10.5,12.2,0.3));
#116 = LINE('',#117,#118);
#117 = CARTESIAN_POINT('',(10.5,0.,0.3));
#118 = VECTOR('',#119,1.);
#119 = DIRECTION('',(-0.,1.,0.));
#120 = ORIENTED_EDGE('',*,*,#121,.T.);
#121 = EDGE_CURVE('',#114,#122,#124,.T.);
#122 = VERTEX_POINT('',#123);
#123 = CARTESIAN_POINT('',(10.5,12.2,10.3));
#124 = LINE('',#125,#126);
#125 = CARTESIAN_POINT('',(10.5,12.2,0.));
#126 = VECTOR('',#127,1.);
#127 = DIRECTION('',(0.,0.,1.));
#128 = ORIENTED_EDGE('',*,*,#129,.F.);
#129 = EDGE_CURVE('',#130,#122,#132,.T.);
#130 = VERTEX_POINT('',#131);
#131 = CARTESIAN_POINT('',(10.5,1.743243243243,10.3));
#132 = LINE('',#133,#134);
#133 = CARTESIAN_POINT('',(10.5,0.,10.3));
#134 = VECTOR('',#135,1.);
#135 = DIRECTION('',(-0.,1.,0.));
#136 = ORIENTED_EDGE('',*,*,#137,.F.);
#137 = EDGE_CURVE('',#106,#130,#138,.T.);
#138 = LINE('',#139,#140);
#139 = CARTESIAN_POINT('',(10.5,-1.125779122542,7.88741301059));
#140 = VECTOR('',#141,1.);
#141 = DIRECTION('',(0.,0.765362085905,0.643599935875));
#142 = PLANE('',#143);
#143 = AXIS2_PLACEMENT_3D('',#144,#145,#146);
#144 = CARTESIAN_POINT('',(10.5,0.,0.));
#145 = DIRECTION('',(1.,0.,-0.));
#146 = DIRECTION('',(0.,0.,1.));
#147 = ADVANCED_FACE('',(#148),#175,.T.);
#148 = FACE_BOUND('',#149,.T.);
#149 = EDGE_LOOP('',(#150,#151,#160,#168));
#150 = ORIENTED_EDGE('',*,*,#103,.F.);
#151 = ORIENTED_EDGE('',*,*,#152,.T.);
#152 = EDGE_CURVE('',#104,#153,#155,.T.);
#153 = VERTEX_POINT('',#154);
#154 = CARTESIAN_POINT('',(10.8,-5.551115123126E-17,0.3));
#155 = CIRCLE('',#156,0.3);
#156 = AXIS2_PLACEMENT_3D('',#157,#158,#159);
#157 = CARTESIAN_POINT('',(10.8,0.3,0.3));
#158 = DIRECTION('',(0.,0.,1.));
#159 = DIRECTION('',(-1.,0.,0.));
#160 = ORIENTED_EDGE('',*,*,#161,.T.);
#161 = EDGE_CURVE('',#153,#162,#164,.T.);
#162 = VERTEX_POINT('',#163);
#163 = CARTESIAN_POINT('',(10.8,-5.551115123126E-17,8.834090909091));
#164 = LINE('',#165,#166);
#165 = CARTESIAN_POINT('',(10.8,-5.551115123126E-17,0.));
#166 = VECTOR('',#167,1.);
#167 = DIRECTION('',(0.,0.,1.));
#168 = ORIENTED_EDGE('',*,*,#169,.T.);
#169 = EDGE_CURVE('',#162,#106,#170,.T.);
#170 = ELLIPSE('',#171,0.391971336867,0.3);
#171 = AXIS2_PLACEMENT_3D('',#172,#173,#174);
#172 = CARTESIAN_POINT('',(10.8,0.3,9.086363636364));
#173 = DIRECTION('',(0.,0.643599935875,-0.765362085905));
#174 = DIRECTION('',(0.,0.765362085905,0.643599935875));
#175 = CYLINDRICAL_SURFACE('',#176,0.3);
#176 = AXIS2_PLACEMENT_3D('',#177,#178,#179);
#177 = CARTESIAN_POINT('',(10.8,0.3,0.));
#178 = DIRECTION('',(0.,0.,1.));
#179 = DIRECTION('',(-1.,-0.,0.));
#180 = ADVANCED_FACE('',(#181),#266,.F.);
#181 = FACE_BOUND('',#182,.F.);
#182 = EDGE_LOOP('',(#183,#192,#200,#208,#216,#224,#232,#241,#249,#258,
    #264,#265));
#183 = ORIENTED_EDGE('',*,*,#184,.T.);
#184 = EDGE_CURVE('',#130,#185,#187,.T.);
#185 = VERTEX_POINT('',#186);
#186 = CARTESIAN_POINT('',(10.8,2.1,10.6));
#187 = ELLIPSE('',#188,0.466128076275,0.3);
#188 = AXIS2_PLACEMENT_3D('',#189,#190,#191);
#189 = CARTESIAN_POINT('',(10.8,1.743243243243,10.3));
#190 = DIRECTION('',(0.,0.643599935875,-0.765362085905));
#191 = DIRECTION('',(0.,0.765362085905,0.643599935875));
#192 = ORIENTED_EDGE('',*,*,#193,.T.);
#193 = EDGE_CURVE('',#185,#194,#196,.T.);
#194 = VERTEX_POINT('',#195);
#195 = CARTESIAN_POINT('',(10.84,2.1,10.6));
#196 = LINE('',#197,#198);
#197 = CARTESIAN_POINT('',(10.4,2.1,10.6));
#198 = VECTOR('',#199,1.);
#199 = DIRECTION('',(1.,0.,0.));
#200 = ORIENTED_EDGE('',*,*,#201,.T.);
#201 = EDGE_CURVE('',#194,#202,#204,.T.);
#202 = VERTEX_POINT('',#203);
#203 = CARTESIAN_POINT('',(10.84,0.589585439838,9.329878665319));
#204 = LINE('',#205,#206);
#205 = CARTESIAN_POINT('',(10.84,2.697145719937,11.102145264493));
#206 = VECTOR('',#207,1.);
#207 = DIRECTION('',(0.,-0.765362085905,-0.643599935875));
#208 = ORIENTED_EDGE('',*,*,#209,.T.);
#209 = EDGE_CURVE('',#202,#210,#212,.T.);
#210 = VERTEX_POINT('',#211);
#211 = CARTESIAN_POINT('',(13.66,0.589585439838,9.329878665319));
#212 = LINE('',#213,#214);
#213 = CARTESIAN_POINT('',(10.62,0.589585439838,9.329878665319));
#214 = VECTOR('',#215,1.);
#215 = DIRECTION('',(1.,0.,0.));
#216 = ORIENTED_EDGE('',*,*,#217,.F.);
#217 = EDGE_CURVE('',#218,#210,#220,.T.);
#218 = VERTEX_POINT('',#219);
#219 = CARTESIAN_POINT('',(13.66,2.1,10.6));
#220 = LINE('',#221,#222);
#221 = CARTESIAN_POINT('',(13.66,2.697145719937,11.102145264493));
#222 = VECTOR('',#223,1.);
#223 = DIRECTION('',(0.,-0.765362085905,-0.643599935875));
#224 = ORIENTED_EDGE('',*,*,#225,.T.);
#225 = EDGE_CURVE('',#218,#226,#228,.T.);
#226 = VERTEX_POINT('',#227);
#227 = CARTESIAN_POINT('',(13.7,2.1,10.6));
#228 = LINE('',#229,#230);
#229 = CARTESIAN_POINT('',(10.4,2.1,10.6));
#230 = VECTOR('',#231,1.);
#231 = DIRECTION('',(1.,0.,0.));
#232 = ORIENTED_EDGE('',*,*,#233,.T.);
#233 = EDGE_CURVE('',#226,#234,#236,.T.);
#234 = VERTEX_POINT('',#235);
#235 = CARTESIAN_POINT('',(14.,1.743243243243,10.3));
#236 = ELLIPSE('',#237,0.466128076275,0.3);
#237 = AXIS2_PLACEMENT_3D('',#238,#239,#240);
#238 = CARTESIAN_POINT('',(13.7,1.743243243243,10.3));
#239 = DIRECTION('',(0.,0.643599935875,-0.765362085905));
#240 = DIRECTION('',(0.,0.765362085905,0.643599935875));
#241 = ORIENTED_EDGE('',*,*,#242,.F.);
#242 = EDGE_CURVE('',#243,#234,#245,.T.);
#243 = VERTEX_POINT('',#244);
#244 = CARTESIAN_POINT('',(14.,0.3,9.086363636364));
#245 = LINE('',#246,#247);
#246 = CARTESIAN_POINT('',(14.,-1.125779122542,7.88741301059));
#247 = VECTOR('',#248,1.);
#248 = DIRECTION('',(0.,0.765362085905,0.643599935875));
#249 = ORIENTED_EDGE('',*,*,#250,.T.);
#250 = EDGE_CURVE('',#243,#251,#253,.T.);
#251 = VERTEX_POINT('',#252);
#252 = CARTESIAN_POINT('',(13.7,-5.551115123126E-17,8.834090909091));
#253 = ELLIPSE('',#254,0.391971336867,0.3);
#254 = AXIS2_PLACEMENT_3D('',#255,#256,#257);
#255 = CARTESIAN_POINT('',(13.7,0.3,9.086363636364));
#256 = DIRECTION('',(0.,0.643599935875,-0.765362085905));
#257 = DIRECTION('',(0.,0.765362085905,0.643599935875));
#258 = ORIENTED_EDGE('',*,*,#259,.T.);
#259 = EDGE_CURVE('',#251,#162,#260,.T.);
#260 = LINE('',#261,#262);
#261 = CARTESIAN_POINT('',(10.45,2.22044604925E-16,8.834090909091));
#262 = VECTOR('',#263,1.);
#263 = DIRECTION('',(-1.,0.,-0.));
#264 = ORIENTED_EDGE('',*,*,#169,.T.);
#265 = ORIENTED_EDGE('',*,*,#137,.T.);
#266 = PLANE('',#267);
#267 = AXIS2_PLACEMENT_3D('',#268,#269,#270);
#268 = CARTESIAN_POINT('',(10.4,2.1,10.6));
#269 = DIRECTION('',(0.,0.643599935875,-0.765362085905));
#270 = DIRECTION('',(0.,-0.765362085905,-0.643599935875));
#271 = ADVANCED_FACE('',(#272),#291,.T.);
#272 = FACE_BOUND('',#273,.T.);
#273 = EDGE_LOOP('',(#274,#275,#283,#290));
#274 = ORIENTED_EDGE('',*,*,#184,.T.);
#275 = ORIENTED_EDGE('',*,*,#276,.T.);
#276 = EDGE_CURVE('',#185,#277,#279,.T.);
#277 = VERTEX_POINT('',#278);
#278 = CARTESIAN_POINT('',(10.8,12.2,10.6));
#279 = LINE('',#280,#281);
#280 = CARTESIAN_POINT('',(10.8,0.,10.6));
#281 = VECTOR('',#282,1.);
#282 = DIRECTION('',(-0.,1.,0.));
#283 = ORIENTED_EDGE('',*,*,#284,.F.);
#284 = EDGE_CURVE('',#122,#277,#285,.T.);
#285 = CIRCLE('',#286,0.3);
#286 = AXIS2_PLACEMENT_3D('',#287,#288,#289);
#287 = CARTESIAN_POINT('',(10.8,12.2,10.3));
#288 = DIRECTION('',(-0.,1.,0.));
#289 = DIRECTION('',(-1.,-0.,0.));
#290 = ORIENTED_EDGE('',*,*,#129,.F.);
#291 = CYLINDRICAL_SURFACE('',#292,0.3);
#292 = AXIS2_PLACEMENT_3D('',#293,#294,#295);
#293 = CARTESIAN_POINT('',(10.8,0.,10.3));
#294 = DIRECTION('',(-0.,1.,0.));
#295 = DIRECTION('',(-1.,-0.,0.));
#296 = ADVANCED_FACE('',(#297),#324,.T.);
#297 = FACE_BOUND('',#298,.F.);
#298 = EDGE_LOOP('',(#299,#300,#309,#317));
#299 = ORIENTED_EDGE('',*,*,#121,.F.);
#300 = ORIENTED_EDGE('',*,*,#301,.T.);
#301 = EDGE_CURVE('',#114,#302,#304,.T.);
#302 = VERTEX_POINT('',#303);
#303 = CARTESIAN_POINT('',(10.8,12.5,0.3));
#304 = CIRCLE('',#305,0.3);
#305 = AXIS2_PLACEMENT_3D('',#306,#307,#308);
#306 = CARTESIAN_POINT('',(10.8,12.2,0.3));
#307 = DIRECTION('',(-0.,0.,-1.));
#308 = DIRECTION('',(-1.,0.,0.));
#309 = ORIENTED_EDGE('',*,*,#310,.T.);
#310 = EDGE_CURVE('',#302,#311,#313,.T.);
#311 = VERTEX_POINT('',#312);
#312 = CARTESIAN_POINT('',(10.8,12.5,10.3));
#313 = LINE('',#314,#315);
#314 = CARTESIAN_POINT('',(10.8,12.5,0.));
#315 = VECTOR('',#316,1.);
#316 = DIRECTION('',(0.,0.,1.));
#317 = ORIENTED_EDGE('',*,*,#318,.T.);
#318 = EDGE_CURVE('',#311,#122,#319,.T.);
#319 = CIRCLE('',#320,0.3);
#320 = AXIS2_PLACEMENT_3D('',#321,#322,#323);
#321 = CARTESIAN_POINT('',(10.8,12.2,10.3));
#322 = DIRECTION('',(0.,0.,1.));
#323 = DIRECTION('',(-1.,-0.,0.));
#324 = CYLINDRICAL_SURFACE('',#325,0.3);
#325 = AXIS2_PLACEMENT_3D('',#326,#327,#328);
#326 = CARTESIAN_POINT('',(10.8,12.2,0.));
#327 = DIRECTION('',(0.,0.,1.));
#328 = DIRECTION('',(-1.,-0.,0.));
#329 = ADVANCED_FACE('',(#330),#357,.T.);
#330 = FACE_BOUND('',#331,.F.);
#331 = EDGE_LOOP('',(#332,#341,#349,#356));
#332 = ORIENTED_EDGE('',*,*,#333,.F.);
#333 = EDGE_CURVE('',#334,#104,#336,.T.);
#334 = VERTEX_POINT('',#335);
#335 = CARTESIAN_POINT('',(10.8,0.3,0.));
#336 = CIRCLE('',#337,0.3);
#337 = AXIS2_PLACEMENT_3D('',#338,#339,#340);
#338 = CARTESIAN_POINT('',(10.8,0.3,0.3));
#339 = DIRECTION('',(0.,1.,-0.));
#340 = DIRECTION('',(-1.,0.,0.));
#341 = ORIENTED_EDGE('',*,*,#342,.T.);
#342 = EDGE_CURVE('',#334,#343,#345,.T.);
#343 = VERTEX_POINT('',#344);
#344 = CARTESIAN_POINT('',(10.8,12.2,0.));
#345 = LINE('',#346,#347);
#346 = CARTESIAN_POINT('',(10.8,0.,-5.551115123126E-17));
#347 = VECTOR('',#348,1.);
#348 = DIRECTION('',(-0.,1.,0.));
#349 = ORIENTED_EDGE('',*,*,#350,.T.);
#350 = EDGE_CURVE('',#343,#114,#351,.T.);
#351 = CIRCLE('',#352,0.3);
#352 = AXIS2_PLACEMENT_3D('',#353,#354,#355);
#353 = CARTESIAN_POINT('',(10.8,12.2,0.3));
#354 = DIRECTION('',(0.,1.,-0.));
#355 = DIRECTION('',(-1.,0.,0.));
#356 = ORIENTED_EDGE('',*,*,#113,.F.);
#357 = CYLINDRICAL_SURFACE('',#358,0.3);
#358 = AXIS2_PLACEMENT_3D('',#359,#360,#361);
#359 = CARTESIAN_POINT('',(10.8,0.,0.3));
#360 = DIRECTION('',(-0.,1.,0.));
#361 = DIRECTION('',(-1.,-0.,0.));
#362 = ADVANCED_FACE('',(#363,#381),#458,.F.);
#363 = FACE_BOUND('',#364,.F.);
#364 = EDGE_LOOP('',(#365,#373,#374,#375));
#365 = ORIENTED_EDGE('',*,*,#366,.F.);
#366 = EDGE_CURVE('',#153,#367,#369,.T.);
#367 = VERTEX_POINT('',#368);
#368 = CARTESIAN_POINT('',(13.7,-5.551115123126E-17,0.3));
#369 = LINE('',#370,#371);
#370 = CARTESIAN_POINT('',(10.5,-5.551115123126E-17,0.3));
#371 = VECTOR('',#372,1.);
#372 = DIRECTION('',(1.,0.,-0.));
#373 = ORIENTED_EDGE('',*,*,#161,.T.);
#374 = ORIENTED_EDGE('',*,*,#259,.F.);
#375 = ORIENTED_EDGE('',*,*,#376,.F.);
#376 = EDGE_CURVE('',#367,#251,#377,.T.);
#377 = LINE('',#378,#379);
#378 = CARTESIAN_POINT('',(13.7,-5.551115123126E-17,0.));
#379 = VECTOR('',#380,1.);
#380 = DIRECTION('',(0.,0.,1.));
#381 = FACE_BOUND('',#382,.F.);
#382 = EDGE_LOOP('',(#383,#393,#401,#409,#418,#427,#435,#443,#451));
#383 = ORIENTED_EDGE('',*,*,#384,.F.);
#384 = EDGE_CURVE('',#385,#387,#389,.T.);
#385 = VERTEX_POINT('',#386);
#386 = CARTESIAN_POINT('',(13.65,0.,5.6));
#387 = VERTEX_POINT('',#388);
#388 = CARTESIAN_POINT('',(13.65,0.,2.1));
#389 = LINE('',#390,#391);
#390 = CARTESIAN_POINT('',(13.65,0.,1.05));
#391 = VECTOR('',#392,1.);
#392 = DIRECTION('',(-0.,0.,-1.));
#393 = ORIENTED_EDGE('',*,*,#394,.F.);
#394 = EDGE_CURVE('',#395,#385,#397,.T.);
#395 = VERTEX_POINT('',#396);
#396 = CARTESIAN_POINT('',(13.2,0.,5.6));
#397 = LINE('',#398,#399);
#398 = CARTESIAN_POINT('',(10.675,0.,5.6));
#399 = VECTOR('',#400,1.);
#400 = DIRECTION('',(1.,0.,-0.));
#401 = ORIENTED_EDGE('',*,*,#402,.F.);
#402 = EDGE_CURVE('',#403,#395,#405,.T.);
#403 = VERTEX_POINT('',#404);
#404 = CARTESIAN_POINT('',(13.2,0.,7.35));
#405 = LINE('',#406,#407);
#406 = CARTESIAN_POINT('',(13.2,0.,2.8));
#407 = VECTOR('',#408,1.);
#408 = DIRECTION('',(-0.,0.,-1.));
#409 = ORIENTED_EDGE('',*,*,#410,.F.);
#410 = EDGE_CURVE('',#411,#403,#413,.T.);
#411 = VERTEX_POINT('',#412);
#412 = CARTESIAN_POINT('',(12.25,0.,8.3));
#413 = CIRCLE('',#414,0.95);
#414 = AXIS2_PLACEMENT_3D('',#415,#416,#417);
#415 = CARTESIAN_POINT('',(12.25,0.,7.35));
#416 = DIRECTION('',(0.,1.,0.));
#417 = DIRECTION('',(0.,-0.,1.));
#418 = ORIENTED_EDGE('',*,*,#419,.F.);
#419 = EDGE_CURVE('',#420,#411,#422,.T.);
#420 = VERTEX_POINT('',#421);
#421 = CARTESIAN_POINT('',(11.3,0.,7.35));
#422 = CIRCLE('',#423,0.95);
#423 = AXIS2_PLACEMENT_3D('',#424,#425,#426);
#424 = CARTESIAN_POINT('',(12.25,0.,7.35));
#425 = DIRECTION('',(0.,1.,0.));
#426 = DIRECTION('',(0.,-0.,1.));
#427 = ORIENTED_EDGE('',*,*,#428,.T.);
#428 = EDGE_CURVE('',#420,#429,#431,.T.);
#429 = VERTEX_POINT('',#430);
#430 = CARTESIAN_POINT('',(11.3,0.,5.6));
#431 = LINE('',#432,#433);
#432 = CARTESIAN_POINT('',(11.3,0.,2.8));
#433 = VECTOR('',#434,1.);
#434 = DIRECTION('',(-0.,0.,-1.));
#435 = ORIENTED_EDGE('',*,*,#436,.F.);
#436 = EDGE_CURVE('',#437,#429,#439,.T.);
#437 = VERTEX_POINT('',#438);
#438 = CARTESIAN_POINT('',(10.85,0.,5.6));
#439 = LINE('',#440,#441);
#440 = CARTESIAN_POINT('',(10.675,0.,5.6));
#441 = VECTOR('',#442,1.);
#442 = DIRECTION('',(1.,0.,-0.));
#443 = ORIENTED_EDGE('',*,*,#444,.T.);
#444 = EDGE_CURVE('',#437,#445,#447,.T.);
#445 = VERTEX_POINT('',#446);
#446 = CARTESIAN_POINT('',(10.85,0.,2.1));
#447 = LINE('',#448,#449);
#448 = CARTESIAN_POINT('',(10.85,0.,1.05));
#449 = VECTOR('',#450,1.);
#450 = DIRECTION('',(-0.,0.,-1.));
#451 = ORIENTED_EDGE('',*,*,#452,.F.);
#452 = EDGE_CURVE('',#387,#445,#453,.T.);
#453 = CIRCLE('',#454,1.4);
#454 = AXIS2_PLACEMENT_3D('',#455,#456,#457);
#455 = CARTESIAN_POINT('',(12.25,0.,2.1));
#456 = DIRECTION('',(0.,1.,0.));
#457 = DIRECTION('',(0.,-0.,1.));
#458 = PLANE('',#459);
#459 = AXIS2_PLACEMENT_3D('',#460,#461,#462);
#460 = CARTESIAN_POINT('',(10.5,0.,0.));
#461 = DIRECTION('',(-0.,1.,0.));
#462 = DIRECTION('',(0.,0.,1.));
#463 = ADVANCED_FACE('',(#464),#475,.T.);
#464 = FACE_BOUND('',#465,.T.);
#465 = EDGE_LOOP('',(#466,#467,#474));
#466 = ORIENTED_EDGE('',*,*,#333,.F.);
#467 = ORIENTED_EDGE('',*,*,#468,.T.);
#468 = EDGE_CURVE('',#334,#153,#469,.T.);
#469 = CIRCLE('',#470,0.3);
#470 = AXIS2_PLACEMENT_3D('',#471,#472,#473);
#471 = CARTESIAN_POINT('',(10.8,0.3,0.3));
#472 = DIRECTION('',(-1.,6.123233995737E-17,0.));
#473 = DIRECTION('',(-6.123233995737E-17,-1.,0.));
#474 = ORIENTED_EDGE('',*,*,#152,.F.);
#475 = SPHERICAL_SURFACE('',#476,0.3);
#476 = AXIS2_PLACEMENT_3D('',#477,#478,#479);
#477 = CARTESIAN_POINT('',(10.8,0.3,0.3));
#478 = DIRECTION('',(0.,0.,1.));
#479 = DIRECTION('',(-1.,0.,0.));
#480 = ADVANCED_FACE('',(#481),#500,.T.);
#481 = FACE_BOUND('',#482,.F.);
#482 = EDGE_LOOP('',(#483,#491,#498,#499));
#483 = ORIENTED_EDGE('',*,*,#484,.F.);
#484 = EDGE_CURVE('',#485,#243,#487,.T.);
#485 = VERTEX_POINT('',#486);
#486 = CARTESIAN_POINT('',(14.,0.3,0.3));
#487 = LINE('',#488,#489);
#488 = CARTESIAN_POINT('',(14.,0.3,0.));
#489 = VECTOR('',#490,1.);
#490 = DIRECTION('',(0.,0.,1.));
#491 = ORIENTED_EDGE('',*,*,#492,.T.);
#492 = EDGE_CURVE('',#485,#367,#493,.T.);
#493 = CIRCLE('',#494,0.3);
#494 = AXIS2_PLACEMENT_3D('',#495,#496,#497);
#495 = CARTESIAN_POINT('',(13.7,0.3,0.3));
#496 = DIRECTION('',(0.,-0.,-1.));
#497 = DIRECTION('',(1.,0.,-0.));
#498 = ORIENTED_EDGE('',*,*,#376,.T.);
#499 = ORIENTED_EDGE('',*,*,#250,.F.);
#500 = CYLINDRICAL_SURFACE('',#501,0.3);
#501 = AXIS2_PLACEMENT_3D('',#502,#503,#504);
#502 = CARTESIAN_POINT('',(13.7,0.3,0.));
#503 = DIRECTION('',(0.,0.,1.));
#504 = DIRECTION('',(1.,0.,-0.));
#505 = ADVANCED_FACE('',(#506),#532,.T.);
#506 = FACE_BOUND('',#507,.T.);
#507 = EDGE_LOOP('',(#508,#509,#517,#525,#531));
#508 = ORIENTED_EDGE('',*,*,#484,.F.);
#509 = ORIENTED_EDGE('',*,*,#510,.T.);
#510 = EDGE_CURVE('',#485,#511,#513,.T.);
#511 = VERTEX_POINT('',#512);
#512 = CARTESIAN_POINT('',(14.,12.2,0.3));
#513 = LINE('',#514,#515);
#514 = CARTESIAN_POINT('',(14.,0.,0.3));
#515 = VECTOR('',#516,1.);
#516 = DIRECTION('',(-0.,1.,0.));
#517 = ORIENTED_EDGE('',*,*,#518,.T.);
#518 = EDGE_CURVE('',#511,#519,#521,.T.);
#519 = VERTEX_POINT('',#520);
#520 = CARTESIAN_POINT('',(14.,12.2,10.3));
#521 = LINE('',#522,#523);
#522 = CARTESIAN_POINT('',(14.,12.2,0.));
#523 = VECTOR('',#524,1.);
#524 = DIRECTION('',(0.,0.,1.));
#525 = ORIENTED_EDGE('',*,*,#526,.F.);
#526 = EDGE_CURVE('',#234,#519,#527,.T.);
#527 = LINE('',#528,#529);
#528 = CARTESIAN_POINT('',(14.,0.,10.3));
#529 = VECTOR('',#530,1.);
#530 = DIRECTION('',(-0.,1.,0.));
#531 = ORIENTED_EDGE('',*,*,#242,.F.);
#532 = PLANE('',#533);
#533 = AXIS2_PLACEMENT_3D('',#534,#535,#536);
#534 = CARTESIAN_POINT('',(14.,0.,0.));
#535 = DIRECTION('',(1.,0.,-0.));
#536 = DIRECTION('',(0.,0.,1.));
#537 = ADVANCED_FACE('',(#538),#557,.T.);
#538 = FACE_BOUND('',#539,.F.);
#539 = EDGE_LOOP('',(#540,#541,#549,#556));
#540 = ORIENTED_EDGE('',*,*,#233,.F.);
#541 = ORIENTED_EDGE('',*,*,#542,.T.);
#542 = EDGE_CURVE('',#226,#543,#545,.T.);
#543 = VERTEX_POINT('',#544);
#544 = CARTESIAN_POINT('',(13.7,12.2,10.6));
#545 = LINE('',#546,#547);
#546 = CARTESIAN_POINT('',(13.7,0.,10.6));
#547 = VECTOR('',#548,1.);
#548 = DIRECTION('',(-0.,1.,0.));
#549 = ORIENTED_EDGE('',*,*,#550,.F.);
#550 = EDGE_CURVE('',#519,#543,#551,.T.);
#551 = CIRCLE('',#552,0.3);
#552 = AXIS2_PLACEMENT_3D('',#553,#554,#555);
#553 = CARTESIAN_POINT('',(13.7,12.2,10.3));
#554 = DIRECTION('',(0.,-1.,-0.));
#555 = DIRECTION('',(1.,0.,0.));
#556 = ORIENTED_EDGE('',*,*,#526,.F.);
#557 = CYLINDRICAL_SURFACE('',#558,0.3);
#558 = AXIS2_PLACEMENT_3D('',#559,#560,#561);
#559 = CARTESIAN_POINT('',(13.7,0.,10.3));
#560 = DIRECTION('',(-0.,1.,0.));
#561 = DIRECTION('',(1.,0.,-0.));
#562 = ADVANCED_FACE('',(#563),#597,.T.);
#563 = FACE_BOUND('',#564,.T.);
#564 = EDGE_LOOP('',(#565,#566,#567,#575,#583,#589,#590,#591));
#565 = ORIENTED_EDGE('',*,*,#276,.F.);
#566 = ORIENTED_EDGE('',*,*,#193,.T.);
#567 = ORIENTED_EDGE('',*,*,#568,.F.);
#568 = EDGE_CURVE('',#569,#194,#571,.T.);
#569 = VERTEX_POINT('',#570);
#570 = CARTESIAN_POINT('',(10.84,9.7,10.6));
#571 = LINE('',#572,#573);
#572 = CARTESIAN_POINT('',(10.84,2.442585746037,10.6));
#573 = VECTOR('',#574,1.);
#574 = DIRECTION('',(0.,-1.,0.));
#575 = ORIENTED_EDGE('',*,*,#576,.F.);
#576 = EDGE_CURVE('',#577,#569,#579,.T.);
#577 = VERTEX_POINT('',#578);
#578 = CARTESIAN_POINT('',(13.66,9.7,10.6));
#579 = LINE('',#580,#581);
#580 = CARTESIAN_POINT('',(10.67,9.7,10.6));
#581 = VECTOR('',#582,1.);
#582 = DIRECTION('',(-1.,-0.,0.));
#583 = ORIENTED_EDGE('',*,*,#584,.T.);
#584 = EDGE_CURVE('',#577,#218,#585,.T.);
#585 = LINE('',#586,#587);
#586 = CARTESIAN_POINT('',(13.66,2.442585746037,10.6));
#587 = VECTOR('',#588,1.);
#588 = DIRECTION('',(0.,-1.,0.));
#589 = ORIENTED_EDGE('',*,*,#225,.T.);
#590 = ORIENTED_EDGE('',*,*,#542,.T.);
#591 = ORIENTED_EDGE('',*,*,#592,.F.);
#592 = EDGE_CURVE('',#277,#543,#593,.T.);
#593 = LINE('',#594,#595);
#594 = CARTESIAN_POINT('',(10.5,12.2,10.6));
#595 = VECTOR('',#596,1.);
#596 = DIRECTION('',(1.,0.,-0.));
#597 = PLANE('',#598);
#598 = AXIS2_PLACEMENT_3D('',#599,#600,#601);
#599 = CARTESIAN_POINT('',(10.5,0.,10.6));
#600 = DIRECTION('',(0.,0.,1.));
#601 = DIRECTION('',(1.,0.,-0.));
#602 = ADVANCED_FACE('',(#603),#629,.T.);
#603 = FACE_BOUND('',#604,.T.);
#604 = EDGE_LOOP('',(#605,#606,#614,#622,#628));
#605 = ORIENTED_EDGE('',*,*,#584,.F.);
#606 = ORIENTED_EDGE('',*,*,#607,.T.);
#607 = EDGE_CURVE('',#577,#608,#610,.T.);
#608 = VERTEX_POINT('',#609);
#609 = CARTESIAN_POINT('',(13.66,9.7,8.45));
#610 = LINE('',#611,#612);
#611 = CARTESIAN_POINT('',(13.66,9.7,10.8));
#612 = VECTOR('',#613,1.);
#613 = DIRECTION('',(0.,0.,-1.));
#614 = ORIENTED_EDGE('',*,*,#615,.T.);
#615 = EDGE_CURVE('',#608,#616,#618,.T.);
#616 = VERTEX_POINT('',#617);
#617 = CARTESIAN_POINT('',(13.66,1.4,8.45));
#618 = LINE('',#619,#620);
#619 = CARTESIAN_POINT('',(13.66,9.7,8.45));
#620 = VECTOR('',#621,1.);
#621 = DIRECTION('',(0.,-1.,0.));
#622 = ORIENTED_EDGE('',*,*,#623,.T.);
#623 = EDGE_CURVE('',#616,#210,#624,.T.);
#624 = LINE('',#625,#626);
#625 = CARTESIAN_POINT('',(13.66,1.4,8.45));
#626 = VECTOR('',#627,1.);
#627 = DIRECTION('',(0.,-0.677475754752,0.735545105159));
#628 = ORIENTED_EDGE('',*,*,#217,.F.);
#629 = PLANE('',#630);
#630 = AXIS2_PLACEMENT_3D('',#631,#632,#633);
#631 = CARTESIAN_POINT('',(13.66,4.885171492075,9.712433169613));
#632 = DIRECTION('',(-1.,-0.,-0.));
#633 = DIRECTION('',(0.,0.,-1.));
#634 = ADVANCED_FACE('',(#635),#653,.F.);
#635 = FACE_BOUND('',#636,.F.);
#636 = EDGE_LOOP('',(#637,#645,#651,#652));
#637 = ORIENTED_EDGE('',*,*,#638,.F.);
#638 = EDGE_CURVE('',#639,#202,#641,.T.);
#639 = VERTEX_POINT('',#640);
#640 = CARTESIAN_POINT('',(10.84,1.4,8.45));
#641 = LINE('',#642,#643);
#642 = CARTESIAN_POINT('',(10.84,1.4,8.45));
#643 = VECTOR('',#644,1.);
#644 = DIRECTION('',(0.,-0.677475754752,0.735545105159));
#645 = ORIENTED_EDGE('',*,*,#646,.T.);
#646 = EDGE_CURVE('',#639,#616,#647,.T.);
#647 = LINE('',#648,#649);
#648 = CARTESIAN_POINT('',(10.84,1.4,8.45));
#649 = VECTOR('',#650,1.);
#650 = DIRECTION('',(1.,0.,0.));
#651 = ORIENTED_EDGE('',*,*,#623,.T.);
#652 = ORIENTED_EDGE('',*,*,#209,.F.);
#653 = PLANE('',#654);
#654 = AXIS2_PLACEMENT_3D('',#655,#656,#657);
#655 = CARTESIAN_POINT('',(10.84,1.4,8.45));
#656 = DIRECTION('',(0.,-0.735545105159,-0.677475754752));
#657 = DIRECTION('',(0.,-0.677475754752,0.735545105159));
#658 = ADVANCED_FACE('',(#659),#678,.F.);
#659 = FACE_BOUND('',#660,.F.);
#660 = EDGE_LOOP('',(#661,#662,#670,#676,#677));
#661 = ORIENTED_EDGE('',*,*,#568,.F.);
#662 = ORIENTED_EDGE('',*,*,#663,.T.);
#663 = EDGE_CURVE('',#569,#664,#666,.T.);
#664 = VERTEX_POINT('',#665);
#665 = CARTESIAN_POINT('',(10.84,9.7,8.45));
#666 = LINE('',#667,#668);
#667 = CARTESIAN_POINT('',(10.84,9.7,10.8));
#668 = VECTOR('',#669,1.);
#669 = DIRECTION('',(0.,0.,-1.));
#670 = ORIENTED_EDGE('',*,*,#671,.T.);
#671 = EDGE_CURVE('',#664,#639,#672,.T.);
#672 = LINE('',#673,#674);
#673 = CARTESIAN_POINT('',(10.84,9.7,8.45));
#674 = VECTOR('',#675,1.);
#675 = DIRECTION('',(0.,-1.,0.));
#676 = ORIENTED_EDGE('',*,*,#638,.T.);
#677 = ORIENTED_EDGE('',*,*,#201,.F.);
#678 = PLANE('',#679);
#679 = AXIS2_PLACEMENT_3D('',#680,#681,#682);
#680 = CARTESIAN_POINT('',(10.84,4.885171492075,9.712433169613));
#681 = DIRECTION('',(-1.,-0.,-0.));
#682 = DIRECTION('',(0.,0.,-1.));
#683 = ADVANCED_FACE('',(#684),#695,.T.);
#684 = FACE_BOUND('',#685,.F.);
#685 = EDGE_LOOP('',(#686,#687,#694));
#686 = ORIENTED_EDGE('',*,*,#318,.F.);
#687 = ORIENTED_EDGE('',*,*,#688,.T.);
#688 = EDGE_CURVE('',#311,#277,#689,.T.);
#689 = CIRCLE('',#690,0.3);
#690 = AXIS2_PLACEMENT_3D('',#691,#692,#693);
#691 = CARTESIAN_POINT('',(10.8,12.2,10.3));
#692 = DIRECTION('',(1.,0.,6.123233995737E-17));
#693 = DIRECTION('',(-6.123233995737E-17,-0.,1.));
#694 = ORIENTED_EDGE('',*,*,#284,.F.);
#695 = SPHERICAL_SURFACE('',#696,0.3);
#696 = AXIS2_PLACEMENT_3D('',#697,#698,#699);
#697 = CARTESIAN_POINT('',(10.8,12.2,10.3));
#698 = DIRECTION('',(0.,-1.,-0.));
#699 = DIRECTION('',(-1.,-0.,0.));
#700 = ADVANCED_FACE('',(#701),#712,.T.);
#701 = FACE_BOUND('',#702,.F.);
#702 = EDGE_LOOP('',(#703,#704,#711));
#703 = ORIENTED_EDGE('',*,*,#350,.F.);
#704 = ORIENTED_EDGE('',*,*,#705,.T.);
#705 = EDGE_CURVE('',#343,#302,#706,.T.);
#706 = CIRCLE('',#707,0.3);
#707 = AXIS2_PLACEMENT_3D('',#708,#709,#710);
#708 = CARTESIAN_POINT('',(10.8,12.2,0.3));
#709 = DIRECTION('',(1.,6.123233995737E-17,-0.));
#710 = DIRECTION('',(-6.123233995737E-17,1.,0.));
#711 = ORIENTED_EDGE('',*,*,#301,.F.);
#712 = SPHERICAL_SURFACE('',#713,0.3);
#713 = AXIS2_PLACEMENT_3D('',#714,#715,#716);
#714 = CARTESIAN_POINT('',(10.8,12.2,0.3));
#715 = DIRECTION('',(0.,0.,1.));
#716 = DIRECTION('',(-1.,0.,0.));
#717 = ADVANCED_FACE('',(#718),#743,.T.);
#718 = FACE_BOUND('',#719,.T.);
#719 = EDGE_LOOP('',(#720,#721,#729,#737));
#720 = ORIENTED_EDGE('',*,*,#310,.T.);
#721 = ORIENTED_EDGE('',*,*,#722,.T.);
#722 = EDGE_CURVE('',#311,#723,#725,.T.);
#723 = VERTEX_POINT('',#724);
#724 = CARTESIAN_POINT('',(13.7,12.5,10.3));
#725 = LINE('',#726,#727);
#726 = CARTESIAN_POINT('',(10.5,12.5,10.3));
#727 = VECTOR('',#728,1.);
#728 = DIRECTION('',(1.,0.,-0.));
#729 = ORIENTED_EDGE('',*,*,#730,.F.);
#730 = EDGE_CURVE('',#731,#723,#733,.T.);
#731 = VERTEX_POINT('',#732);
#732 = CARTESIAN_POINT('',(13.7,12.5,0.3));
#733 = LINE('',#734,#735);
#734 = CARTESIAN_POINT('',(13.7,12.5,0.));
#735 = VECTOR('',#736,1.);
#736 = DIRECTION('',(0.,0.,1.));
#737 = ORIENTED_EDGE('',*,*,#738,.F.);
#738 = EDGE_CURVE('',#302,#731,#739,.T.);
#739 = LINE('',#740,#741);
#740 = CARTESIAN_POINT('',(10.5,12.5,0.3));
#741 = VECTOR('',#742,1.);
#742 = DIRECTION('',(1.,0.,-0.));
#743 = PLANE('',#744);
#744 = AXIS2_PLACEMENT_3D('',#745,#746,#747);
#745 = CARTESIAN_POINT('',(10.5,12.5,0.));
#746 = DIRECTION('',(-0.,1.,0.));
#747 = DIRECTION('',(0.,0.,1.));
#748 = ADVANCED_FACE('',(#749),#774,.F.);
#749 = FACE_BOUND('',#750,.F.);
#750 = EDGE_LOOP('',(#751,#752,#760,#768));
#751 = ORIENTED_EDGE('',*,*,#342,.F.);
#752 = ORIENTED_EDGE('',*,*,#753,.T.);
#753 = EDGE_CURVE('',#334,#754,#756,.T.);
#754 = VERTEX_POINT('',#755);
#755 = CARTESIAN_POINT('',(13.7,0.3,0.));
#756 = LINE('',#757,#758);
#757 = CARTESIAN_POINT('',(10.5,0.3,-5.551115123126E-17));
#758 = VECTOR('',#759,1.);
#759 = DIRECTION('',(1.,0.,-0.));
#760 = ORIENTED_EDGE('',*,*,#761,.T.);
#761 = EDGE_CURVE('',#754,#762,#764,.T.);
#762 = VERTEX_POINT('',#763);
#763 = CARTESIAN_POINT('',(13.7,12.2,0.));
#764 = LINE('',#765,#766);
#765 = CARTESIAN_POINT('',(13.7,0.,-5.551115123126E-17));
#766 = VECTOR('',#767,1.);
#767 = DIRECTION('',(-0.,1.,0.));
#768 = ORIENTED_EDGE('',*,*,#769,.F.);
#769 = EDGE_CURVE('',#343,#762,#770,.T.);
#770 = LINE('',#771,#772);
#771 = CARTESIAN_POINT('',(10.5,12.2,-5.551115123126E-17));
#772 = VECTOR('',#773,1.);
#773 = DIRECTION('',(1.,0.,-0.));
#774 = PLANE('',#775);
#775 = AXIS2_PLACEMENT_3D('',#776,#777,#778);
#776 = CARTESIAN_POINT('',(10.5,0.,0.));
#777 = DIRECTION('',(0.,0.,1.));
#778 = DIRECTION('',(1.,0.,-0.));
#779 = ADVANCED_FACE('',(#780),#792,.T.);
#780 = FACE_BOUND('',#781,.T.);
#781 = EDGE_LOOP('',(#782,#783,#784,#791));
#782 = ORIENTED_EDGE('',*,*,#468,.F.);
#783 = ORIENTED_EDGE('',*,*,#753,.T.);
#784 = ORIENTED_EDGE('',*,*,#785,.T.);
#785 = EDGE_CURVE('',#754,#367,#786,.T.);
#786 = CIRCLE('',#787,0.3);
#787 = AXIS2_PLACEMENT_3D('',#788,#789,#790);
#788 = CARTESIAN_POINT('',(13.7,0.3,0.3));
#789 = DIRECTION('',(-1.,-6.123233995737E-17,0.));
#790 = DIRECTION('',(6.123233995737E-17,-1.,-0.));
#791 = ORIENTED_EDGE('',*,*,#366,.F.);
#792 = CYLINDRICAL_SURFACE('',#793,0.3);
#793 = AXIS2_PLACEMENT_3D('',#794,#795,#796);
#794 = CARTESIAN_POINT('',(10.5,0.3,0.3));
#795 = DIRECTION('',(1.,0.,-0.));
#796 = DIRECTION('',(0.,-1.,0.));
#797 = ADVANCED_FACE('',(#798),#823,.F.);
#798 = FACE_BOUND('',#799,.F.);
#799 = EDGE_LOOP('',(#800,#801,#809,#817));
#800 = ORIENTED_EDGE('',*,*,#384,.T.);
#801 = ORIENTED_EDGE('',*,*,#802,.T.);
#802 = EDGE_CURVE('',#387,#803,#805,.T.);
#803 = VERTEX_POINT('',#804);
#804 = CARTESIAN_POINT('',(13.65,0.4,2.1));
#805 = LINE('',#806,#807);
#806 = CARTESIAN_POINT('',(13.65,-5.E-02,2.1));
#807 = VECTOR('',#808,1.);
#808 = DIRECTION('',(-0.,1.,0.));
#809 = ORIENTED_EDGE('',*,*,#810,.T.);
#810 = EDGE_CURVE('',#803,#811,#813,.T.);
#811 = VERTEX_POINT('',#812);
#812 = CARTESIAN_POINT('',(13.65,0.4,5.6));
#813 = LINE('',#814,#815);
#814 = CARTESIAN_POINT('',(13.65,0.4,2.1));
#815 = VECTOR('',#816,1.);
#816 = DIRECTION('',(0.,0.,1.));
#817 = ORIENTED_EDGE('',*,*,#818,.F.);
#818 = EDGE_CURVE('',#385,#811,#819,.T.);
#819 = LINE('',#820,#821);
#820 = CARTESIAN_POINT('',(13.65,-5.E-02,5.6));
#821 = VECTOR('',#822,1.);
#822 = DIRECTION('',(-0.,1.,0.));
#823 = PLANE('',#824);
#824 = AXIS2_PLACEMENT_3D('',#825,#826,#827);
#825 = CARTESIAN_POINT('',(13.65,-5.E-02,2.1));
#826 = DIRECTION('',(1.,0.,-0.));
#827 = DIRECTION('',(0.,0.,1.));
#828 = ADVANCED_FACE('',(#829),#848,.F.);
#829 = FACE_BOUND('',#830,.F.);
#830 = EDGE_LOOP('',(#831,#840,#841,#842));
#831 = ORIENTED_EDGE('',*,*,#832,.F.);
#832 = EDGE_CURVE('',#803,#833,#835,.T.);
#833 = VERTEX_POINT('',#834);
#834 = CARTESIAN_POINT('',(10.85,0.4,2.1));
#835 = CIRCLE('',#836,1.4);
#836 = AXIS2_PLACEMENT_3D('',#837,#838,#839);
#837 = CARTESIAN_POINT('',(12.25,0.4,2.1));
#838 = DIRECTION('',(0.,1.,0.));
#839 = DIRECTION('',(0.,-0.,1.));
#840 = ORIENTED_EDGE('',*,*,#802,.F.);
#841 = ORIENTED_EDGE('',*,*,#452,.T.);
#842 = ORIENTED_EDGE('',*,*,#843,.T.);
#843 = EDGE_CURVE('',#445,#833,#844,.T.);
#844 = LINE('',#845,#846);
#845 = CARTESIAN_POINT('',(10.85,-5.E-02,2.1));
#846 = VECTOR('',#847,1.);
#847 = DIRECTION('',(-0.,1.,0.));
#848 = CYLINDRICAL_SURFACE('',#849,1.4);
#849 = AXIS2_PLACEMENT_3D('',#850,#851,#852);
#850 = CARTESIAN_POINT('',(12.25,-5.E-02,2.1));
#851 = DIRECTION('',(0.,1.,0.));
#852 = DIRECTION('',(0.,-0.,1.));
#853 = ADVANCED_FACE('',(#854),#879,.F.);
#854 = FACE_BOUND('',#855,.F.);
#855 = EDGE_LOOP('',(#856,#857,#865,#873));
#856 = ORIENTED_EDGE('',*,*,#402,.T.);
#857 = ORIENTED_EDGE('',*,*,#858,.T.);
#858 = EDGE_CURVE('',#395,#859,#861,.T.);
#859 = VERTEX_POINT('',#860);
#860 = CARTESIAN_POINT('',(13.2,0.4,5.6));
#861 = LINE('',#862,#863);
#862 = CARTESIAN_POINT('',(13.2,-5.E-02,5.6));
#863 = VECTOR('',#864,1.);
#864 = DIRECTION('',(-0.,1.,0.));
#865 = ORIENTED_EDGE('',*,*,#866,.T.);
#866 = EDGE_CURVE('',#859,#867,#869,.T.);
#867 = VERTEX_POINT('',#868);
#868 = CARTESIAN_POINT('',(13.2,0.4,7.35));
#869 = LINE('',#870,#871);
#870 = CARTESIAN_POINT('',(13.2,0.4,5.6));
#871 = VECTOR('',#872,1.);
#872 = DIRECTION('',(0.,0.,1.));
#873 = ORIENTED_EDGE('',*,*,#874,.F.);
#874 = EDGE_CURVE('',#403,#867,#875,.T.);
#875 = LINE('',#876,#877);
#876 = CARTESIAN_POINT('',(13.2,-5.E-02,7.35));
#877 = VECTOR('',#878,1.);
#878 = DIRECTION('',(-0.,1.,0.));
#879 = PLANE('',#880);
#880 = AXIS2_PLACEMENT_3D('',#881,#882,#883);
#881 = CARTESIAN_POINT('',(13.2,-5.E-02,5.6));
#882 = DIRECTION('',(1.,0.,-0.));
#883 = DIRECTION('',(0.,0.,1.));
#884 = ADVANCED_FACE('',(#885),#903,.T.);
#885 = FACE_BOUND('',#886,.T.);
#886 = EDGE_LOOP('',(#887,#888,#889,#897));
#887 = ORIENTED_EDGE('',*,*,#444,.T.);
#888 = ORIENTED_EDGE('',*,*,#843,.T.);
#889 = ORIENTED_EDGE('',*,*,#890,.T.);
#890 = EDGE_CURVE('',#833,#891,#893,.T.);
#891 = VERTEX_POINT('',#892);
#892 = CARTESIAN_POINT('',(10.85,0.4,5.6));
#893 = LINE('',#894,#895);
#894 = CARTESIAN_POINT('',(10.85,0.4,2.1));
#895 = VECTOR('',#896,1.);
#896 = DIRECTION('',(0.,0.,1.));
#897 = ORIENTED_EDGE('',*,*,#898,.F.);
#898 = EDGE_CURVE('',#437,#891,#899,.T.);
#899 = LINE('',#900,#901);
#900 = CARTESIAN_POINT('',(10.85,-5.E-02,5.6));
#901 = VECTOR('',#902,1.);
#902 = DIRECTION('',(-0.,1.,0.));
#903 = PLANE('',#904);
#904 = AXIS2_PLACEMENT_3D('',#905,#906,#907);
#905 = CARTESIAN_POINT('',(10.85,-5.E-02,2.1));
#906 = DIRECTION('',(1.,0.,-0.));
#907 = DIRECTION('',(0.,0.,1.));
#908 = ADVANCED_FACE('',(#909),#934,.T.);
#909 = FACE_BOUND('',#910,.T.);
#910 = EDGE_LOOP('',(#911,#912,#920,#928));
#911 = ORIENTED_EDGE('',*,*,#428,.T.);
#912 = ORIENTED_EDGE('',*,*,#913,.T.);
#913 = EDGE_CURVE('',#429,#914,#916,.T.);
#914 = VERTEX_POINT('',#915);
#915 = CARTESIAN_POINT('',(11.3,0.4,5.6));
#916 = LINE('',#917,#918);
#917 = CARTESIAN_POINT('',(11.3,-5.E-02,5.6));
#918 = VECTOR('',#919,1.);
#919 = DIRECTION('',(-0.,1.,0.));
#920 = ORIENTED_EDGE('',*,*,#921,.T.);
#921 = EDGE_CURVE('',#914,#922,#924,.T.);
#922 = VERTEX_POINT('',#923);
#923 = CARTESIAN_POINT('',(11.3,0.4,7.35));
#924 = LINE('',#925,#926);
#925 = CARTESIAN_POINT('',(11.3,0.4,5.6));
#926 = VECTOR('',#927,1.);
#927 = DIRECTION('',(0.,0.,1.));
#928 = ORIENTED_EDGE('',*,*,#929,.F.);
#929 = EDGE_CURVE('',#420,#922,#930,.T.);
#930 = LINE('',#931,#932);
#931 = CARTESIAN_POINT('',(11.3,-5.E-02,7.35));
#932 = VECTOR('',#933,1.);
#933 = DIRECTION('',(-0.,1.,0.));
#934 = PLANE('',#935);
#935 = AXIS2_PLACEMENT_3D('',#936,#937,#938);
#936 = CARTESIAN_POINT('',(11.3,-5.E-02,5.6));
#937 = DIRECTION('',(1.,0.,-0.));
#938 = DIRECTION('',(0.,0.,1.));
#939 = ADVANCED_FACE('',(#940),#951,.T.);
#940 = FACE_BOUND('',#941,.F.);
#941 = EDGE_LOOP('',(#942,#949,#950));
#942 = ORIENTED_EDGE('',*,*,#943,.F.);
#943 = EDGE_CURVE('',#754,#485,#944,.T.);
#944 = CIRCLE('',#945,0.3);
#945 = AXIS2_PLACEMENT_3D('',#946,#947,#948);
#946 = CARTESIAN_POINT('',(13.7,0.3,0.3));
#947 = DIRECTION('',(0.,-1.,0.));
#948 = DIRECTION('',(1.,0.,0.));
#949 = ORIENTED_EDGE('',*,*,#785,.T.);
#950 = ORIENTED_EDGE('',*,*,#492,.F.);
#951 = SPHERICAL_SURFACE('',#952,0.3);
#952 = AXIS2_PLACEMENT_3D('',#953,#954,#955);
#953 = CARTESIAN_POINT('',(13.7,0.3,0.3));
#954 = DIRECTION('',(0.,0.,1.));
#955 = DIRECTION('',(1.,0.,-0.));
#956 = ADVANCED_FACE('',(#957),#975,.T.);
#957 = FACE_BOUND('',#958,.T.);
#958 = EDGE_LOOP('',(#959,#960,#967,#968));
#959 = ORIENTED_EDGE('',*,*,#518,.F.);
#960 = ORIENTED_EDGE('',*,*,#961,.T.);
#961 = EDGE_CURVE('',#511,#731,#962,.T.);
#962 = CIRCLE('',#963,0.3);
#963 = AXIS2_PLACEMENT_3D('',#964,#965,#966);
#964 = CARTESIAN_POINT('',(13.7,12.2,0.3));
#965 = DIRECTION('',(0.,0.,1.));
#966 = DIRECTION('',(1.,0.,-0.));
#967 = ORIENTED_EDGE('',*,*,#730,.T.);
#968 = ORIENTED_EDGE('',*,*,#969,.T.);
#969 = EDGE_CURVE('',#723,#519,#970,.T.);
#970 = CIRCLE('',#971,0.3);
#971 = AXIS2_PLACEMENT_3D('',#972,#973,#974);
#972 = CARTESIAN_POINT('',(13.7,12.2,10.3));
#973 = DIRECTION('',(0.,0.,-1.));
#974 = DIRECTION('',(1.,0.,0.));
#975 = CYLINDRICAL_SURFACE('',#976,0.3);
#976 = AXIS2_PLACEMENT_3D('',#977,#978,#979);
#977 = CARTESIAN_POINT('',(13.7,12.2,0.));
#978 = DIRECTION('',(0.,0.,1.));
#979 = DIRECTION('',(1.,0.,-0.));
#980 = ADVANCED_FACE('',(#981),#993,.T.);
#981 = FACE_BOUND('',#982,.T.);
#982 = EDGE_LOOP('',(#983,#984,#985,#992));
#983 = ORIENTED_EDGE('',*,*,#943,.F.);
#984 = ORIENTED_EDGE('',*,*,#761,.T.);
#985 = ORIENTED_EDGE('',*,*,#986,.T.);
#986 = EDGE_CURVE('',#762,#511,#987,.T.);
#987 = CIRCLE('',#988,0.3);
#988 = AXIS2_PLACEMENT_3D('',#989,#990,#991);
#989 = CARTESIAN_POINT('',(13.7,12.2,0.3));
#990 = DIRECTION('',(0.,-1.,0.));
#991 = DIRECTION('',(1.,0.,0.));
#992 = ORIENTED_EDGE('',*,*,#510,.F.);
#993 = CYLINDRICAL_SURFACE('',#994,0.3);
#994 = AXIS2_PLACEMENT_3D('',#995,#996,#997);
#995 = CARTESIAN_POINT('',(13.7,0.,0.3));
#996 = DIRECTION('',(-0.,1.,0.));
#997 = DIRECTION('',(1.,0.,-0.));
#998 = ADVANCED_FACE('',(#999),#1010,.T.);
#999 = FACE_BOUND('',#1000,.T.);
#1000 = EDGE_LOOP('',(#1001,#1002,#1009));
#1001 = ORIENTED_EDGE('',*,*,#969,.F.);
#1002 = ORIENTED_EDGE('',*,*,#1003,.T.);
#1003 = EDGE_CURVE('',#723,#543,#1004,.T.);
#1004 = CIRCLE('',#1005,0.3);
#1005 = AXIS2_PLACEMENT_3D('',#1006,#1007,#1008);
#1006 = CARTESIAN_POINT('',(13.7,12.2,10.3));
#1007 = DIRECTION('',(1.,0.,-6.123233995737E-17));
#1008 = DIRECTION('',(6.123233995737E-17,0.,1.));
#1009 = ORIENTED_EDGE('',*,*,#550,.F.);
#1010 = SPHERICAL_SURFACE('',#1011,0.3);
#1011 = AXIS2_PLACEMENT_3D('',#1012,#1013,#1014);
#1012 = CARTESIAN_POINT('',(13.7,12.2,10.3));
#1013 = DIRECTION('',(0.,-1.,-0.));
#1014 = DIRECTION('',(1.,0.,0.));
#1015 = ADVANCED_FACE('',(#1016),#1022,.T.);
#1016 = FACE_BOUND('',#1017,.T.);
#1017 = EDGE_LOOP('',(#1018,#1019,#1020,#1021));
#1018 = ORIENTED_EDGE('',*,*,#688,.T.);
#1019 = ORIENTED_EDGE('',*,*,#592,.T.);
#1020 = ORIENTED_EDGE('',*,*,#1003,.F.);
#1021 = ORIENTED_EDGE('',*,*,#722,.F.);
#1022 = CYLINDRICAL_SURFACE('',#1023,0.3);
#1023 = AXIS2_PLACEMENT_3D('',#1024,#1025,#1026);
#1024 = CARTESIAN_POINT('',(10.5,12.2,10.3));
#1025 = DIRECTION('',(1.,0.,-0.));
#1026 = DIRECTION('',(0.,1.,0.));
#1027 = ADVANCED_FACE('',(#1028),#1039,.F.);
#1028 = FACE_BOUND('',#1029,.F.);
#1029 = EDGE_LOOP('',(#1030,#1031,#1032,#1033));
#1030 = ORIENTED_EDGE('',*,*,#663,.F.);
#1031 = ORIENTED_EDGE('',*,*,#576,.F.);
#1032 = ORIENTED_EDGE('',*,*,#607,.T.);
#1033 = ORIENTED_EDGE('',*,*,#1034,.F.);
#1034 = EDGE_CURVE('',#664,#608,#1035,.T.);
#1035 = LINE('',#1036,#1037);
#1036 = CARTESIAN_POINT('',(10.84,9.7,8.45));
#1037 = VECTOR('',#1038,1.);
#1038 = DIRECTION('',(1.,0.,0.));
#1039 = PLANE('',#1040);
#1040 = AXIS2_PLACEMENT_3D('',#1041,#1042,#1043);
#1041 = CARTESIAN_POINT('',(10.84,9.7,10.8));
#1042 = DIRECTION('',(-0.,1.,0.));
#1043 = DIRECTION('',(0.,0.,-1.));
#1044 = ADVANCED_FACE('',(#1045),#1051,.F.);
#1045 = FACE_BOUND('',#1046,.F.);
#1046 = EDGE_LOOP('',(#1047,#1048,#1049,#1050));
#1047 = ORIENTED_EDGE('',*,*,#1034,.T.);
#1048 = ORIENTED_EDGE('',*,*,#615,.T.);
#1049 = ORIENTED_EDGE('',*,*,#646,.F.);
#1050 = ORIENTED_EDGE('',*,*,#671,.F.);
#1051 = PLANE('',#1052);
#1052 = AXIS2_PLACEMENT_3D('',#1053,#1054,#1055);
#1053 = CARTESIAN_POINT('',(10.84,9.7,8.45));
#1054 = DIRECTION('',(0.,0.,-1.));
#1055 = DIRECTION('',(0.,-1.,0.));
#1056 = ADVANCED_FACE('',(#1057),#1069,.T.);
#1057 = FACE_BOUND('',#1058,.F.);
#1058 = EDGE_LOOP('',(#1059,#1060,#1061,#1068));
#1059 = ORIENTED_EDGE('',*,*,#705,.F.);
#1060 = ORIENTED_EDGE('',*,*,#769,.T.);
#1061 = ORIENTED_EDGE('',*,*,#1062,.T.);
#1062 = EDGE_CURVE('',#762,#731,#1063,.T.);
#1063 = CIRCLE('',#1064,0.3);
#1064 = AXIS2_PLACEMENT_3D('',#1065,#1066,#1067);
#1065 = CARTESIAN_POINT('',(13.7,12.2,0.3));
#1066 = DIRECTION('',(1.,-6.123233995737E-17,0.));
#1067 = DIRECTION('',(6.123233995737E-17,1.,0.));
#1068 = ORIENTED_EDGE('',*,*,#738,.F.);
#1069 = CYLINDRICAL_SURFACE('',#1070,0.3);
#1070 = AXIS2_PLACEMENT_3D('',#1071,#1072,#1073);
#1071 = CARTESIAN_POINT('',(10.5,12.2,0.3));
#1072 = DIRECTION('',(1.,0.,-0.));
#1073 = DIRECTION('',(0.,1.,0.));
#1074 = ADVANCED_FACE('',(#1075),#1080,.T.);
#1075 = FACE_BOUND('',#1076,.T.);
#1076 = EDGE_LOOP('',(#1077,#1078,#1079));
#1077 = ORIENTED_EDGE('',*,*,#986,.F.);
#1078 = ORIENTED_EDGE('',*,*,#1062,.T.);
#1079 = ORIENTED_EDGE('',*,*,#961,.F.);
#1080 = SPHERICAL_SURFACE('',#1081,0.3);
#1081 = AXIS2_PLACEMENT_3D('',#1082,#1083,#1084);
#1082 = CARTESIAN_POINT('',(13.7,12.2,0.3));
#1083 = DIRECTION('',(0.,0.,1.));
#1084 = DIRECTION('',(1.,0.,-0.));
#1085 = ADVANCED_FACE('',(#1086),#1129,.T.);
#1086 = FACE_BOUND('',#1087,.T.);
#1087 = EDGE_LOOP('',(#1088,#1096,#1097,#1098,#1099,#1107,#1115,#1123));
#1088 = ORIENTED_EDGE('',*,*,#1089,.T.);
#1089 = EDGE_CURVE('',#1090,#811,#1092,.T.);
#1090 = VERTEX_POINT('',#1091);
#1091 = CARTESIAN_POINT('',(13.5,0.4,5.6));
#1092 = LINE('',#1093,#1094);
#1093 = CARTESIAN_POINT('',(10.85,0.4,5.6));
#1094 = VECTOR('',#1095,1.);
#1095 = DIRECTION('',(1.,0.,-0.));
#1096 = ORIENTED_EDGE('',*,*,#818,.F.);
#1097 = ORIENTED_EDGE('',*,*,#394,.F.);
#1098 = ORIENTED_EDGE('',*,*,#858,.T.);
#1099 = ORIENTED_EDGE('',*,*,#1100,.F.);
#1100 = EDGE_CURVE('',#1101,#859,#1103,.T.);
#1101 = VERTEX_POINT('',#1102);
#1102 = CARTESIAN_POINT('',(13.05,0.4,5.6));
#1103 = LINE('',#1104,#1105);
#1104 = CARTESIAN_POINT('',(10.85,0.4,5.6));
#1105 = VECTOR('',#1106,1.);
#1106 = DIRECTION('',(1.,0.,-0.));
#1107 = ORIENTED_EDGE('',*,*,#1108,.T.);
#1108 = EDGE_CURVE('',#1101,#1109,#1111,.T.);
#1109 = VERTEX_POINT('',#1110);
#1110 = CARTESIAN_POINT('',(13.05,4.35,5.6));
#1111 = LINE('',#1112,#1113);
#1112 = CARTESIAN_POINT('',(13.05,0.4,5.6));
#1113 = VECTOR('',#1114,1.);
#1114 = DIRECTION('',(-0.,1.,0.));
#1115 = ORIENTED_EDGE('',*,*,#1116,.T.);
#1116 = EDGE_CURVE('',#1109,#1117,#1119,.T.);
#1117 = VERTEX_POINT('',#1118);
#1118 = CARTESIAN_POINT('',(13.5,4.35,5.6));
#1119 = LINE('',#1120,#1121);
#1120 = CARTESIAN_POINT('',(11.,4.35,5.6));
#1121 = VECTOR('',#1122,1.);
#1122 = DIRECTION('',(1.,0.,-0.));
#1123 = ORIENTED_EDGE('',*,*,#1124,.F.);
#1124 = EDGE_CURVE('',#1090,#1117,#1125,.T.);
#1125 = LINE('',#1126,#1127);
#1126 = CARTESIAN_POINT('',(13.5,0.4,5.6));
#1127 = VECTOR('',#1128,1.);
#1128 = DIRECTION('',(-0.,1.,0.));
#1129 = PLANE('',#1130);
#1130 = AXIS2_PLACEMENT_3D('',#1131,#1132,#1133);
#1131 = CARTESIAN_POINT('',(13.296212121212,2.121212121212,5.6));
#1132 = DIRECTION('',(-0.,-0.,-1.));
#1133 = DIRECTION('',(-1.,0.,0.));
#1134 = ADVANCED_FACE('',(#1135),#1160,.F.);
#1135 = FACE_BOUND('',#1136,.F.);
#1136 = EDGE_LOOP('',(#1137,#1145,#1146,#1154));
#1137 = ORIENTED_EDGE('',*,*,#1138,.F.);
#1138 = EDGE_CURVE('',#1101,#1139,#1141,.T.);
#1139 = VERTEX_POINT('',#1140);
#1140 = CARTESIAN_POINT('',(13.05,0.4,7.35));
#1141 = LINE('',#1142,#1143);
#1142 = CARTESIAN_POINT('',(13.05,0.4,5.6));
#1143 = VECTOR('',#1144,1.);
#1144 = DIRECTION('',(0.,0.,1.));
#1145 = ORIENTED_EDGE('',*,*,#1108,.T.);
#1146 = ORIENTED_EDGE('',*,*,#1147,.T.);
#1147 = EDGE_CURVE('',#1109,#1148,#1150,.T.);
#1148 = VERTEX_POINT('',#1149);
#1149 = CARTESIAN_POINT('',(13.05,4.35,7.35));
#1150 = LINE('',#1151,#1152);
#1151 = CARTESIAN_POINT('',(13.05,4.35,5.6));
#1152 = VECTOR('',#1153,1.);
#1153 = DIRECTION('',(0.,0.,1.));
#1154 = ORIENTED_EDGE('',*,*,#1155,.F.);
#1155 = EDGE_CURVE('',#1139,#1148,#1156,.T.);
#1156 = LINE('',#1157,#1158);
#1157 = CARTESIAN_POINT('',(13.05,0.4,7.35));
#1158 = VECTOR('',#1159,1.);
#1159 = DIRECTION('',(-0.,1.,0.));
#1160 = PLANE('',#1161);
#1161 = AXIS2_PLACEMENT_3D('',#1162,#1163,#1164);
#1162 = CARTESIAN_POINT('',(13.05,0.4,5.6));
#1163 = DIRECTION('',(1.,0.,-0.));
#1164 = DIRECTION('',(0.,0.,1.));
#1165 = ADVANCED_FACE('',(#1166),#1191,.F.);
#1166 = FACE_BOUND('',#1167,.F.);
#1167 = EDGE_LOOP('',(#1168,#1176,#1184,#1190));
#1168 = ORIENTED_EDGE('',*,*,#1169,.F.);
#1169 = EDGE_CURVE('',#1170,#1090,#1172,.T.);
#1170 = VERTEX_POINT('',#1171);
#1171 = CARTESIAN_POINT('',(13.5,0.4,2.1));
#1172 = LINE('',#1173,#1174);
#1173 = CARTESIAN_POINT('',(13.5,0.4,2.1));
#1174 = VECTOR('',#1175,1.);
#1175 = DIRECTION('',(0.,0.,1.));
#1176 = ORIENTED_EDGE('',*,*,#1177,.T.);
#1177 = EDGE_CURVE('',#1170,#1178,#1180,.T.);
#1178 = VERTEX_POINT('',#1179);
#1179 = CARTESIAN_POINT('',(13.5,4.35,2.1));
#1180 = LINE('',#1181,#1182);
#1181 = CARTESIAN_POINT('',(13.5,0.4,2.1));
#1182 = VECTOR('',#1183,1.);
#1183 = DIRECTION('',(-0.,1.,0.));
#1184 = ORIENTED_EDGE('',*,*,#1185,.T.);
#1185 = EDGE_CURVE('',#1178,#1117,#1186,.T.);
#1186 = LINE('',#1187,#1188);
#1187 = CARTESIAN_POINT('',(13.5,4.35,2.1));
#1188 = VECTOR('',#1189,1.);
#1189 = DIRECTION('',(0.,0.,1.));
#1190 = ORIENTED_EDGE('',*,*,#1124,.F.);
#1191 = PLANE('',#1192);
#1192 = AXIS2_PLACEMENT_3D('',#1193,#1194,#1195);
#1193 = CARTESIAN_POINT('',(13.5,0.4,2.1));
#1194 = DIRECTION('',(1.,0.,-0.));
#1195 = DIRECTION('',(0.,0.,1.));
#1196 = ADVANCED_FACE('',(#1197),#1224,.F.);
#1197 = FACE_BOUND('',#1198,.F.);
#1198 = EDGE_LOOP('',(#1199,#1208,#1209,#1218));
#1199 = ORIENTED_EDGE('',*,*,#1200,.F.);
#1200 = EDGE_CURVE('',#1178,#1201,#1203,.T.);
#1201 = VERTEX_POINT('',#1202);
#1202 = CARTESIAN_POINT('',(11.,4.35,2.1));
#1203 = CIRCLE('',#1204,1.25);
#1204 = AXIS2_PLACEMENT_3D('',#1205,#1206,#1207);
#1205 = CARTESIAN_POINT('',(12.25,4.35,2.1));
#1206 = DIRECTION('',(0.,1.,0.));
#1207 = DIRECTION('',(0.,-0.,1.));
#1208 = ORIENTED_EDGE('',*,*,#1177,.F.);
#1209 = ORIENTED_EDGE('',*,*,#1210,.T.);
#1210 = EDGE_CURVE('',#1170,#1211,#1213,.T.);
#1211 = VERTEX_POINT('',#1212);
#1212 = CARTESIAN_POINT('',(11.,0.4,2.1));
#1213 = CIRCLE('',#1214,1.25);
#1214 = AXIS2_PLACEMENT_3D('',#1215,#1216,#1217);
#1215 = CARTESIAN_POINT('',(12.25,0.4,2.1));
#1216 = DIRECTION('',(0.,1.,0.));
#1217 = DIRECTION('',(0.,-0.,1.));
#1218 = ORIENTED_EDGE('',*,*,#1219,.T.);
#1219 = EDGE_CURVE('',#1211,#1201,#1220,.T.);
#1220 = LINE('',#1221,#1222);
#1221 = CARTESIAN_POINT('',(11.,0.4,2.1));
#1222 = VECTOR('',#1223,1.);
#1223 = DIRECTION('',(-0.,1.,0.));
#1224 = CYLINDRICAL_SURFACE('',#1225,1.25);
#1225 = AXIS2_PLACEMENT_3D('',#1226,#1227,#1228);
#1226 = CARTESIAN_POINT('',(12.25,0.4,2.1));
#1227 = DIRECTION('',(0.,1.,0.));
#1228 = DIRECTION('',(0.,-0.,1.));
#1229 = ADVANCED_FACE('',(#1230),#1255,.T.);
#1230 = FACE_BOUND('',#1231,.T.);
#1231 = EDGE_LOOP('',(#1232,#1240,#1241,#1249));
#1232 = ORIENTED_EDGE('',*,*,#1233,.F.);
#1233 = EDGE_CURVE('',#1211,#1234,#1236,.T.);
#1234 = VERTEX_POINT('',#1235);
#1235 = CARTESIAN_POINT('',(11.,0.4,5.6));
#1236 = LINE('',#1237,#1238);
#1237 = CARTESIAN_POINT('',(11.,0.4,2.1));
#1238 = VECTOR('',#1239,1.);
#1239 = DIRECTION('',(0.,0.,1.));
#1240 = ORIENTED_EDGE('',*,*,#1219,.T.);
#1241 = ORIENTED_EDGE('',*,*,#1242,.T.);
#1242 = EDGE_CURVE('',#1201,#1243,#1245,.T.);
#1243 = VERTEX_POINT('',#1244);
#1244 = CARTESIAN_POINT('',(11.,4.35,5.6));
#1245 = LINE('',#1246,#1247);
#1246 = CARTESIAN_POINT('',(11.,4.35,2.1));
#1247 = VECTOR('',#1248,1.);
#1248 = DIRECTION('',(0.,0.,1.));
#1249 = ORIENTED_EDGE('',*,*,#1250,.F.);
#1250 = EDGE_CURVE('',#1234,#1243,#1251,.T.);
#1251 = LINE('',#1252,#1253);
#1252 = CARTESIAN_POINT('',(11.,0.4,5.6));
#1253 = VECTOR('',#1254,1.);
#1254 = DIRECTION('',(-0.,1.,0.));
#1255 = PLANE('',#1256);
#1256 = AXIS2_PLACEMENT_3D('',#1257,#1258,#1259);
#1257 = CARTESIAN_POINT('',(11.,0.4,2.1));
#1258 = DIRECTION('',(1.,0.,-0.));
#1259 = DIRECTION('',(0.,0.,1.));
#1260 = ADVANCED_FACE('',(#1261),#1295,.T.);
#1261 = FACE_BOUND('',#1262,.T.);
#1262 = EDGE_LOOP('',(#1263,#1269,#1270,#1278,#1286,#1292,#1293,#1294));
#1263 = ORIENTED_EDGE('',*,*,#1264,.T.);
#1264 = EDGE_CURVE('',#891,#1234,#1265,.T.);
#1265 = LINE('',#1266,#1267);
#1266 = CARTESIAN_POINT('',(10.85,0.4,5.6));
#1267 = VECTOR('',#1268,1.);
#1268 = DIRECTION('',(1.,0.,-0.));
#1269 = ORIENTED_EDGE('',*,*,#1250,.T.);
#1270 = ORIENTED_EDGE('',*,*,#1271,.T.);
#1271 = EDGE_CURVE('',#1243,#1272,#1274,.T.);
#1272 = VERTEX_POINT('',#1273);
#1273 = CARTESIAN_POINT('',(11.45,4.35,5.6));
#1274 = LINE('',#1275,#1276);
#1275 = CARTESIAN_POINT('',(11.,4.35,5.6));
#1276 = VECTOR('',#1277,1.);
#1277 = DIRECTION('',(1.,0.,-0.));
#1278 = ORIENTED_EDGE('',*,*,#1279,.F.);
#1279 = EDGE_CURVE('',#1280,#1272,#1282,.T.);
#1280 = VERTEX_POINT('',#1281);
#1281 = CARTESIAN_POINT('',(11.45,0.4,5.6));
#1282 = LINE('',#1283,#1284);
#1283 = CARTESIAN_POINT('',(11.45,0.4,5.6));
#1284 = VECTOR('',#1285,1.);
#1285 = DIRECTION('',(-0.,1.,0.));
#1286 = ORIENTED_EDGE('',*,*,#1287,.F.);
#1287 = EDGE_CURVE('',#914,#1280,#1288,.T.);
#1288 = LINE('',#1289,#1290);
#1289 = CARTESIAN_POINT('',(10.85,0.4,5.6));
#1290 = VECTOR('',#1291,1.);
#1291 = DIRECTION('',(1.,0.,-0.));
#1292 = ORIENTED_EDGE('',*,*,#913,.F.);
#1293 = ORIENTED_EDGE('',*,*,#436,.F.);
#1294 = ORIENTED_EDGE('',*,*,#898,.T.);
#1295 = PLANE('',#1296);
#1296 = AXIS2_PLACEMENT_3D('',#1297,#1298,#1299);
#1297 = CARTESIAN_POINT('',(11.203787878788,2.121212121212,5.6));
#1298 = DIRECTION('',(-0.,-0.,-1.));
#1299 = DIRECTION('',(-1.,0.,0.));
#1300 = ADVANCED_FACE('',(#1301),#1326,.T.);
#1301 = FACE_BOUND('',#1302,.T.);
#1302 = EDGE_LOOP('',(#1303,#1311,#1312,#1320));
#1303 = ORIENTED_EDGE('',*,*,#1304,.F.);
#1304 = EDGE_CURVE('',#1280,#1305,#1307,.T.);
#1305 = VERTEX_POINT('',#1306);
#1306 = CARTESIAN_POINT('',(11.45,0.4,7.35));
#1307 = LINE('',#1308,#1309);
#1308 = CARTESIAN_POINT('',(11.45,0.4,5.6));
#1309 = VECTOR('',#1310,1.);
#1310 = DIRECTION('',(0.,0.,1.));
#1311 = ORIENTED_EDGE('',*,*,#1279,.T.);
#1312 = ORIENTED_EDGE('',*,*,#1313,.T.);
#1313 = EDGE_CURVE('',#1272,#1314,#1316,.T.);
#1314 = VERTEX_POINT('',#1315);
#1315 = CARTESIAN_POINT('',(11.45,4.35,7.35));
#1316 = LINE('',#1317,#1318);
#1317 = CARTESIAN_POINT('',(11.45,4.35,5.6));
#1318 = VECTOR('',#1319,1.);
#1319 = DIRECTION('',(0.,0.,1.));
#1320 = ORIENTED_EDGE('',*,*,#1321,.F.);
#1321 = EDGE_CURVE('',#1305,#1314,#1322,.T.);
#1322 = LINE('',#1323,#1324);
#1323 = CARTESIAN_POINT('',(11.45,0.4,7.35));
#1324 = VECTOR('',#1325,1.);
#1325 = DIRECTION('',(-0.,1.,0.));
#1326 = PLANE('',#1327);
#1327 = AXIS2_PLACEMENT_3D('',#1328,#1329,#1330);
#1328 = CARTESIAN_POINT('',(11.45,0.4,5.6));
#1329 = DIRECTION('',(1.,0.,-0.));
#1330 = DIRECTION('',(0.,0.,1.));
#1331 = ADVANCED_FACE('',(#1332),#1342,.T.);
#1332 = FACE_BOUND('',#1333,.T.);
#1333 = EDGE_LOOP('',(#1334,#1335,#1336,#1337,#1338,#1339,#1340,#1341));
#1334 = ORIENTED_EDGE('',*,*,#810,.T.);
#1335 = ORIENTED_EDGE('',*,*,#1089,.F.);
#1336 = ORIENTED_EDGE('',*,*,#1169,.F.);
#1337 = ORIENTED_EDGE('',*,*,#1210,.T.);
#1338 = ORIENTED_EDGE('',*,*,#1233,.T.);
#1339 = ORIENTED_EDGE('',*,*,#1264,.F.);
#1340 = ORIENTED_EDGE('',*,*,#890,.F.);
#1341 = ORIENTED_EDGE('',*,*,#832,.F.);
#1342 = PLANE('',#1343);
#1343 = AXIS2_PLACEMENT_3D('',#1344,#1345,#1346);
#1344 = CARTESIAN_POINT('',(12.25,0.4,2.974105664285));
#1345 = DIRECTION('',(-0.,-1.,-0.));
#1346 = DIRECTION('',(0.,0.,-1.));
#1347 = ADVANCED_FACE('',(#1348),#1388,.T.);
#1348 = FACE_BOUND('',#1349,.T.);
#1349 = EDGE_LOOP('',(#1350,#1351,#1352,#1361,#1368,#1369,#1370,#1371,
    #1380,#1387));
#1350 = ORIENTED_EDGE('',*,*,#1100,.T.);
#1351 = ORIENTED_EDGE('',*,*,#866,.T.);
#1352 = ORIENTED_EDGE('',*,*,#1353,.F.);
#1353 = EDGE_CURVE('',#1354,#867,#1356,.T.);
#1354 = VERTEX_POINT('',#1355);
#1355 = CARTESIAN_POINT('',(12.25,0.4,8.3));
#1356 = CIRCLE('',#1357,0.95);
#1357 = AXIS2_PLACEMENT_3D('',#1358,#1359,#1360);
#1358 = CARTESIAN_POINT('',(12.25,0.4,7.35));
#1359 = DIRECTION('',(0.,1.,0.));
#1360 = DIRECTION('',(0.,-0.,1.));
#1361 = ORIENTED_EDGE('',*,*,#1362,.F.);
#1362 = EDGE_CURVE('',#922,#1354,#1363,.T.);
#1363 = CIRCLE('',#1364,0.95);
#1364 = AXIS2_PLACEMENT_3D('',#1365,#1366,#1367);
#1365 = CARTESIAN_POINT('',(12.25,0.4,7.35));
#1366 = DIRECTION('',(0.,1.,0.));
#1367 = DIRECTION('',(0.,-0.,1.));
#1368 = ORIENTED_EDGE('',*,*,#921,.F.);
#1369 = ORIENTED_EDGE('',*,*,#1287,.T.);
#1370 = ORIENTED_EDGE('',*,*,#1304,.T.);
#1371 = ORIENTED_EDGE('',*,*,#1372,.T.);
#1372 = EDGE_CURVE('',#1305,#1373,#1375,.T.);
#1373 = VERTEX_POINT('',#1374);
#1374 = CARTESIAN_POINT('',(12.25,0.4,8.15));
#1375 = CIRCLE('',#1376,0.8);
#1376 = AXIS2_PLACEMENT_3D('',#1377,#1378,#1379);
#1377 = CARTESIAN_POINT('',(12.25,0.4,7.35));
#1378 = DIRECTION('',(0.,1.,0.));
#1379 = DIRECTION('',(0.,-0.,1.));
#1380 = ORIENTED_EDGE('',*,*,#1381,.T.);
#1381 = EDGE_CURVE('',#1373,#1139,#1382,.T.);
#1382 = CIRCLE('',#1383,0.8);
#1383 = AXIS2_PLACEMENT_3D('',#1384,#1385,#1386);
#1384 = CARTESIAN_POINT('',(12.25,0.4,7.35));
#1385 = DIRECTION('',(0.,1.,0.));
#1386 = DIRECTION('',(0.,-0.,1.));
#1387 = ORIENTED_EDGE('',*,*,#1138,.F.);
#1388 = PLANE('',#1389);
#1389 = AXIS2_PLACEMENT_3D('',#1390,#1391,#1392);
#1390 = CARTESIAN_POINT('',(12.25,0.4,7.061813018945));
#1391 = DIRECTION('',(-0.,-1.,-0.));
#1392 = DIRECTION('',(0.,0.,-1.));
#1393 = ADVANCED_FACE('',(#1394),#1419,.T.);
#1394 = FACE_BOUND('',#1395,.T.);
#1395 = EDGE_LOOP('',(#1396,#1397,#1398,#1399,#1408,#1415,#1416,#1417,
    #1418));
#1396 = ORIENTED_EDGE('',*,*,#1185,.T.);
#1397 = ORIENTED_EDGE('',*,*,#1116,.F.);
#1398 = ORIENTED_EDGE('',*,*,#1147,.T.);
#1399 = ORIENTED_EDGE('',*,*,#1400,.F.);
#1400 = EDGE_CURVE('',#1401,#1148,#1403,.T.);
#1401 = VERTEX_POINT('',#1402);
#1402 = CARTESIAN_POINT('',(12.25,4.35,8.15));
#1403 = CIRCLE('',#1404,0.8);
#1404 = AXIS2_PLACEMENT_3D('',#1405,#1406,#1407);
#1405 = CARTESIAN_POINT('',(12.25,4.35,7.35));
#1406 = DIRECTION('',(0.,1.,0.));
#1407 = DIRECTION('',(0.,-0.,1.));
#1408 = ORIENTED_EDGE('',*,*,#1409,.F.);
#1409 = EDGE_CURVE('',#1314,#1401,#1410,.T.);
#1410 = CIRCLE('',#1411,0.8);
#1411 = AXIS2_PLACEMENT_3D('',#1412,#1413,#1414);
#1412 = CARTESIAN_POINT('',(12.25,4.35,7.35));
#1413 = DIRECTION('',(0.,1.,0.));
#1414 = DIRECTION('',(0.,-0.,1.));
#1415 = ORIENTED_EDGE('',*,*,#1313,.F.);
#1416 = ORIENTED_EDGE('',*,*,#1271,.F.);
#1417 = ORIENTED_EDGE('',*,*,#1242,.F.);
#1418 = ORIENTED_EDGE('',*,*,#1200,.F.);
#1419 = PLANE('',#1420);
#1420 = AXIS2_PLACEMENT_3D('',#1421,#1422,#1423);
#1421 = CARTESIAN_POINT('',(12.25,4.35,4.497949762039));
#1422 = DIRECTION('',(-0.,-1.,-0.));
#1423 = DIRECTION('',(0.,0.,-1.));
#1424 = ADVANCED_FACE('',(#1425),#1433,.F.);
#1425 = FACE_BOUND('',#1426,.F.);
#1426 = EDGE_LOOP('',(#1427,#1428,#1429,#1430,#1431,#1432));
#1427 = ORIENTED_EDGE('',*,*,#929,.F.);
#1428 = ORIENTED_EDGE('',*,*,#419,.T.);
#1429 = ORIENTED_EDGE('',*,*,#410,.T.);
#1430 = ORIENTED_EDGE('',*,*,#874,.T.);
#1431 = ORIENTED_EDGE('',*,*,#1353,.F.);
#1432 = ORIENTED_EDGE('',*,*,#1362,.F.);
#1433 = CYLINDRICAL_SURFACE('',#1434,0.95);
#1434 = AXIS2_PLACEMENT_3D('',#1435,#1436,#1437);
#1435 = CARTESIAN_POINT('',(12.25,-5.E-02,7.35));
#1436 = DIRECTION('',(0.,1.,0.));
#1437 = DIRECTION('',(0.,-0.,1.));
#1438 = ADVANCED_FACE('',(#1439),#1447,.F.);
#1439 = FACE_BOUND('',#1440,.F.);
#1440 = EDGE_LOOP('',(#1441,#1442,#1443,#1444,#1445,#1446));
#1441 = ORIENTED_EDGE('',*,*,#1155,.T.);
#1442 = ORIENTED_EDGE('',*,*,#1400,.F.);
#1443 = ORIENTED_EDGE('',*,*,#1409,.F.);
#1444 = ORIENTED_EDGE('',*,*,#1321,.F.);
#1445 = ORIENTED_EDGE('',*,*,#1372,.T.);
#1446 = ORIENTED_EDGE('',*,*,#1381,.T.);
#1447 = CYLINDRICAL_SURFACE('',#1448,0.8);
#1448 = AXIS2_PLACEMENT_3D('',#1449,#1450,#1451);
#1449 = CARTESIAN_POINT('',(12.25,0.4,7.35));
#1450 = DIRECTION('',(0.,1.,0.));
#1451 = DIRECTION('',(0.,-0.,1.));
#1452 = ( GEOMETRIC_REPRESENTATION_CONTEXT(3)
GLOBAL_UNCERTAINTY_ASSIGNED_CONTEXT((#1456))
GLOBAL_UNIT_ASSIGNED_CONTEXT((#1453,#1454,#1455)) REPRESENTATION_CONTEXT
('Context #1','3D Context with UNIT and UNCERTAINTY') );
#1453 = ( LENGTH_UNIT() NAMED_UNIT(*) SI_UNIT(.MILLI.,.METRE.) );
#1454 = ( NAMED_UNIT(*) PLANE_ANGLE_UNIT() SI_UNIT($,.RADIAN.) );
#1455 = ( NAMED_UNIT(*) SI_UNIT($,.STERADIAN.) SOLID_ANGLE_UNIT() );
#1456 = UNCERTAINTY_MEASURE_WITH_UNIT(LENGTH_MEASURE(1.E-07),#1453,
  'distance_accuracy_value','confusion accuracy');
#1457 = CONTEXT_DEPENDENT_SHAPE_REPRESENTATION(#1458,#1460);
#1458 = ( REPRESENTATION_RELATIONSHIP('','',#96,#10)
REPRESENTATION_RELATIONSHIP_WITH_TRANSFORMATION(#1459)
SHAPE_REPRESENTATION_RELATIONSHIP() );
#1459 = ITEM_DEFINED_TRANSFORMATION('','',#11,#15);
#1460 = PRODUCT_DEFINITION_SHAPE('Placement','Placement of an item',
  #1461);
#1461 = NEXT_ASSEMBLY_USAGE_OCCURRENCE('1','Housing P1','',#5,#91,$);
#1462 = PRODUCT_RELATED_PRODUCT_CATEGORY('part',$,(#93));
#1463 = SHAPE_DEFINITION_REPRESENTATION(#1464,#1470);
#1464 = PRODUCT_DEFINITION_SHAPE('','',#1465);
#1465 = PRODUCT_DEFINITION('design','',#1466,#1469);
#1466 = PRODUCT_DEFINITION_FORMATION('','',#1467);
#1467 = PRODUCT('Actuator P1','Actuator P1','',(#1468));
#1468 = PRODUCT_CONTEXT('',#2,'mechanical');
#1469 = PRODUCT_DEFINITION_CONTEXT('part definition',#2,'design');
#1470 = ADVANCED_BREP_SHAPE_REPRESENTATION('',(#11,#1471),#1689);
#1471 = MANIFOLD_SOLID_BREP('',#1472);
#1472 = CLOSED_SHELL('',(#1473,#1513,#1544,#1575,#1606,#1639,#1661,#1675
    ));
#1473 = ADVANCED_FACE('',(#1474),#1508,.T.);
#1474 = FACE_BOUND('',#1475,.T.);
#1475 = EDGE_LOOP('',(#1476,#1486,#1494,#1502));
#1476 = ORIENTED_EDGE('',*,*,#1477,.T.);
#1477 = EDGE_CURVE('',#1478,#1480,#1482,.T.);
#1478 = VERTEX_POINT('',#1479);
#1479 = CARTESIAN_POINT('',(10.9,-0.35,10.6));
#1480 = VERTEX_POINT('',#1481);
#1481 = CARTESIAN_POINT('',(13.6,-0.35,10.6));
#1482 = LINE('',#1483,#1484);
#1483 = CARTESIAN_POINT('',(10.9,-0.35,10.6));
#1484 = VECTOR('',#1485,1.);
#1485 = DIRECTION('',(1.,0.,0.));
#1486 = ORIENTED_EDGE('',*,*,#1487,.T.);
#1487 = EDGE_CURVE('',#1480,#1488,#1490,.T.);
#1488 = VERTEX_POINT('',#1489);
#1489 = CARTESIAN_POINT('',(13.6,9.45,10.6));
#1490 = LINE('',#1491,#1492);
#1491 = CARTESIAN_POINT('',(13.6,-0.35,10.6));
#1492 = VECTOR('',#1493,1.);
#1493 = DIRECTION('',(0.,1.,0.));
#1494 = ORIENTED_EDGE('',*,*,#1495,.F.);
#1495 = EDGE_CURVE('',#1496,#1488,#1498,.T.);
#1496 = VERTEX_POINT('',#1497);
#1497 = CARTESIAN_POINT('',(10.9,9.45,10.6));
#1498 = LINE('',#1499,#1500);
#1499 = CARTESIAN_POINT('',(10.9,9.45,10.6));
#1500 = VECTOR('',#1501,1.);
#1501 = DIRECTION('',(1.,0.,0.));
#1502 = ORIENTED_EDGE('',*,*,#1503,.F.);
#1503 = EDGE_CURVE('',#1478,#1496,#1504,.T.);
#1504 = LINE('',#1505,#1506);
#1505 = CARTESIAN_POINT('',(10.9,-0.35,10.6));
#1506 = VECTOR('',#1507,1.);
#1507 = DIRECTION('',(0.,1.,0.));
#1508 = PLANE('',#1509);
#1509 = AXIS2_PLACEMENT_3D('',#1510,#1511,#1512);
#1510 = CARTESIAN_POINT('',(10.9,-0.35,10.6));
#1511 = DIRECTION('',(0.,0.,1.));
#1512 = DIRECTION('',(0.,1.,0.));
#1513 = ADVANCED_FACE('',(#1514),#1539,.T.);
#1514 = FACE_BOUND('',#1515,.T.);
#1515 = EDGE_LOOP('',(#1516,#1526,#1532,#1533));
#1516 = ORIENTED_EDGE('',*,*,#1517,.T.);
#1517 = EDGE_CURVE('',#1518,#1520,#1522,.T.);
#1518 = VERTEX_POINT('',#1519);
#1519 = CARTESIAN_POINT('',(10.9,1.25,8.6));
#1520 = VERTEX_POINT('',#1521);
#1521 = CARTESIAN_POINT('',(13.6,1.25,8.6));
#1522 = LINE('',#1523,#1524);
#1523 = CARTESIAN_POINT('',(10.9,1.25,8.6));
#1524 = VECTOR('',#1525,1.);
#1525 = DIRECTION('',(1.,0.,0.));
#1526 = ORIENTED_EDGE('',*,*,#1527,.T.);
#1527 = EDGE_CURVE('',#1520,#1480,#1528,.T.);
#1528 = LINE('',#1529,#1530);
#1529 = CARTESIAN_POINT('',(13.6,1.25,8.6));
#1530 = VECTOR('',#1531,1.);
#1531 = DIRECTION('',(0.,-0.624695047554,0.780868809443));
#1532 = ORIENTED_EDGE('',*,*,#1477,.F.);
#1533 = ORIENTED_EDGE('',*,*,#1534,.F.);
#1534 = EDGE_CURVE('',#1518,#1478,#1535,.T.);
#1535 = LINE('',#1536,#1537);
#1536 = CARTESIAN_POINT('',(10.9,1.25,8.6));
#1537 = VECTOR('',#1538,1.);
#1538 = DIRECTION('',(0.,-0.624695047554,0.780868809443));
#1539 = PLANE('',#1540);
#1540 = AXIS2_PLACEMENT_3D('',#1541,#1542,#1543);
#1541 = CARTESIAN_POINT('',(10.9,1.25,8.6));
#1542 = DIRECTION('',(0.,-0.780868809443,-0.624695047554));
#1543 = DIRECTION('',(0.,-0.624695047554,0.780868809443));
#1544 = ADVANCED_FACE('',(#1545),#1570,.T.);
#1545 = FACE_BOUND('',#1546,.T.);
#1546 = EDGE_LOOP('',(#1547,#1555,#1556,#1564));
#1547 = ORIENTED_EDGE('',*,*,#1548,.F.);
#1548 = EDGE_CURVE('',#1496,#1549,#1551,.T.);
#1549 = VERTEX_POINT('',#1550);
#1550 = CARTESIAN_POINT('',(10.9,9.45,9.565923489271));
#1551 = LINE('',#1552,#1553);
#1552 = CARTESIAN_POINT('',(10.9,9.45,10.6));
#1553 = VECTOR('',#1554,1.);
#1554 = DIRECTION('',(0.,0.,-1.));
#1555 = ORIENTED_EDGE('',*,*,#1495,.T.);
#1556 = ORIENTED_EDGE('',*,*,#1557,.T.);
#1557 = EDGE_CURVE('',#1488,#1558,#1560,.T.);
#1558 = VERTEX_POINT('',#1559);
#1559 = CARTESIAN_POINT('',(13.6,9.45,9.565923489271));
#1560 = LINE('',#1561,#1562);
#1561 = CARTESIAN_POINT('',(13.6,9.45,10.6));
#1562 = VECTOR('',#1563,1.);
#1563 = DIRECTION('',(0.,0.,-1.));
#1564 = ORIENTED_EDGE('',*,*,#1565,.F.);
#1565 = EDGE_CURVE('',#1549,#1558,#1566,.T.);
#1566 = LINE('',#1567,#1568);
#1567 = CARTESIAN_POINT('',(10.9,9.45,9.565923489271));
#1568 = VECTOR('',#1569,1.);
#1569 = DIRECTION('',(1.,0.,0.));
#1570 = PLANE('',#1571);
#1571 = AXIS2_PLACEMENT_3D('',#1572,#1573,#1574);
#1572 = CARTESIAN_POINT('',(10.9,9.45,10.6));
#1573 = DIRECTION('',(-0.,1.,0.));
#1574 = DIRECTION('',(0.,0.,-1.));
#1575 = ADVANCED_FACE('',(#1576),#1601,.T.);
#1576 = FACE_BOUND('',#1577,.T.);
#1577 = EDGE_LOOP('',(#1578,#1588,#1594,#1595));
#1578 = ORIENTED_EDGE('',*,*,#1579,.T.);
#1579 = EDGE_CURVE('',#1580,#1582,#1584,.T.);
#1580 = VERTEX_POINT('',#1581);
#1581 = CARTESIAN_POINT('',(10.9,9.45,8.6));
#1582 = VERTEX_POINT('',#1583);
#1583 = CARTESIAN_POINT('',(13.6,9.45,8.6));
#1584 = LINE('',#1585,#1586);
#1585 = CARTESIAN_POINT('',(10.9,9.45,8.6));
#1586 = VECTOR('',#1587,1.);
#1587 = DIRECTION('',(1.,0.,0.));
#1588 = ORIENTED_EDGE('',*,*,#1589,.T.);
#1589 = EDGE_CURVE('',#1582,#1520,#1590,.T.);
#1590 = LINE('',#1591,#1592);
#1591 = CARTESIAN_POINT('',(13.6,9.45,8.6));
#1592 = VECTOR('',#1593,1.);
#1593 = DIRECTION('',(0.,-1.,0.));
#1594 = ORIENTED_EDGE('',*,*,#1517,.F.);
#1595 = ORIENTED_EDGE('',*,*,#1596,.F.);
#1596 = EDGE_CURVE('',#1580,#1518,#1597,.T.);
#1597 = LINE('',#1598,#1599);
#1598 = CARTESIAN_POINT('',(10.9,9.45,8.6));
#1599 = VECTOR('',#1600,1.);
#1600 = DIRECTION('',(0.,-1.,0.));
#1601 = PLANE('',#1602);
#1602 = AXIS2_PLACEMENT_3D('',#1603,#1604,#1605);
#1603 = CARTESIAN_POINT('',(10.9,9.45,8.6));
#1604 = DIRECTION('',(0.,0.,-1.));
#1605 = DIRECTION('',(0.,-1.,0.));
#1606 = ADVANCED_FACE('',(#1607),#1634,.T.);
#1607 = FACE_BOUND('',#1608,.T.);
#1608 = EDGE_LOOP('',(#1609,#1618,#1626,#1633));
#1609 = ORIENTED_EDGE('',*,*,#1610,.F.);
#1610 = EDGE_CURVE('',#1611,#1558,#1613,.T.);
#1611 = VERTEX_POINT('',#1612);
#1612 = CARTESIAN_POINT('',(13.6,9.45,8.834076510729));
#1613 = CIRCLE('',#1614,0.58);
#1614 = AXIS2_PLACEMENT_3D('',#1615,#1616,#1617);
#1615 = CARTESIAN_POINT('',(13.6,9.,9.2));
#1616 = DIRECTION('',(1.,0.,0.));
#1617 = DIRECTION('',(-0.,0.,1.));
#1618 = ORIENTED_EDGE('',*,*,#1619,.F.);
#1619 = EDGE_CURVE('',#1620,#1611,#1622,.T.);
#1620 = VERTEX_POINT('',#1621);
#1621 = CARTESIAN_POINT('',(10.9,9.45,8.834076510729));
#1622 = LINE('',#1623,#1624);
#1623 = CARTESIAN_POINT('',(10.9,9.45,8.834076510729));
#1624 = VECTOR('',#1625,1.);
#1625 = DIRECTION('',(1.,0.,0.));
#1626 = ORIENTED_EDGE('',*,*,#1627,.T.);
#1627 = EDGE_CURVE('',#1620,#1549,#1628,.T.);
#1628 = CIRCLE('',#1629,0.58);
#1629 = AXIS2_PLACEMENT_3D('',#1630,#1631,#1632);
#1630 = CARTESIAN_POINT('',(10.9,9.,9.2));
#1631 = DIRECTION('',(1.,0.,0.));
#1632 = DIRECTION('',(-0.,0.,1.));
#1633 = ORIENTED_EDGE('',*,*,#1565,.T.);
#1634 = CYLINDRICAL_SURFACE('',#1635,0.58);
#1635 = AXIS2_PLACEMENT_3D('',#1636,#1637,#1638);
#1636 = CARTESIAN_POINT('',(10.9,9.,9.2));
#1637 = DIRECTION('',(1.,0.,0.));
#1638 = DIRECTION('',(-0.,0.,1.));
#1639 = ADVANCED_FACE('',(#1640),#1656,.T.);
#1640 = FACE_BOUND('',#1641,.T.);
#1641 = EDGE_LOOP('',(#1642,#1648,#1649,#1655));
#1642 = ORIENTED_EDGE('',*,*,#1643,.F.);
#1643 = EDGE_CURVE('',#1620,#1580,#1644,.T.);
#1644 = LINE('',#1645,#1646);
#1645 = CARTESIAN_POINT('',(10.9,9.45,10.6));
#1646 = VECTOR('',#1647,1.);
#1647 = DIRECTION('',(0.,0.,-1.));
#1648 = ORIENTED_EDGE('',*,*,#1619,.T.);
#1649 = ORIENTED_EDGE('',*,*,#1650,.T.);
#1650 = EDGE_CURVE('',#1611,#1582,#1651,.T.);
#1651 = LINE('',#1652,#1653);
#1652 = CARTESIAN_POINT('',(13.6,9.45,10.6));
#1653 = VECTOR('',#1654,1.);
#1654 = DIRECTION('',(0.,0.,-1.));
#1655 = ORIENTED_EDGE('',*,*,#1579,.F.);
#1656 = PLANE('',#1657);
#1657 = AXIS2_PLACEMENT_3D('',#1658,#1659,#1660);
#1658 = CARTESIAN_POINT('',(10.9,9.45,10.6));
#1659 = DIRECTION('',(-0.,1.,0.));
#1660 = DIRECTION('',(0.,0.,-1.));
#1661 = ADVANCED_FACE('',(#1662),#1670,.T.);
#1662 = FACE_BOUND('',#1663,.T.);
#1663 = EDGE_LOOP('',(#1664,#1665,#1666,#1667,#1668,#1669));
#1664 = ORIENTED_EDGE('',*,*,#1534,.T.);
#1665 = ORIENTED_EDGE('',*,*,#1503,.T.);
#1666 = ORIENTED_EDGE('',*,*,#1548,.T.);
#1667 = ORIENTED_EDGE('',*,*,#1627,.F.);
#1668 = ORIENTED_EDGE('',*,*,#1643,.T.);
#1669 = ORIENTED_EDGE('',*,*,#1596,.T.);
#1670 = PLANE('',#1671);
#1671 = AXIS2_PLACEMENT_3D('',#1672,#1673,#1674);
#1672 = CARTESIAN_POINT('',(10.9,4.823284092834,9.669808456553));
#1673 = DIRECTION('',(-1.,-0.,-0.));
#1674 = DIRECTION('',(0.,0.,-1.));
#1675 = ADVANCED_FACE('',(#1676),#1684,.T.);
#1676 = FACE_BOUND('',#1677,.T.);
#1677 = EDGE_LOOP('',(#1678,#1679,#1680,#1681,#1682,#1683));
#1678 = ORIENTED_EDGE('',*,*,#1527,.F.);
#1679 = ORIENTED_EDGE('',*,*,#1589,.F.);
#1680 = ORIENTED_EDGE('',*,*,#1650,.F.);
#1681 = ORIENTED_EDGE('',*,*,#1610,.T.);
#1682 = ORIENTED_EDGE('',*,*,#1557,.F.);
#1683 = ORIENTED_EDGE('',*,*,#1487,.F.);
#1684 = PLANE('',#1685);
#1685 = AXIS2_PLACEMENT_3D('',#1686,#1687,#1688);
#1686 = CARTESIAN_POINT('',(13.6,4.823284092834,9.669808456553));
#1687 = DIRECTION('',(1.,0.,0.));
#1688 = DIRECTION('',(-0.,0.,1.));
#1689 = ( GEOMETRIC_REPRESENTATION_CONTEXT(3)
GLOBAL_UNCERTAINTY_ASSIGNED_CONTEXT((#1693))
GLOBAL_UNIT_ASSIGNED_CONTEXT((#1690,#1691,#1692)) REPRESENTATION_CONTEXT
('Context #1','3D Context with UNIT and UNCERTAINTY') );
#1690 = ( LENGTH_UNIT() NAMED_UNIT(*) SI_UNIT(.MILLI.,.METRE.) );
#1691 = ( NAMED_UNIT(*) PLANE_ANGLE_UNIT() SI_UNIT($,.RADIAN.) );
#1692 = ( NAMED_UNIT(*) SI_UNIT($,.STERADIAN.) SOLID_ANGLE_UNIT() );
#1693 = UNCERTAINTY_MEASURE_WITH_UNIT(LENGTH_MEASURE(1.E-07),#1690,
  'distance_accuracy_value','confusion accuracy');
#1694 = CONTEXT_DEPENDENT_SHAPE_REPRESENTATION(#1695,#1697);
#1695 = ( REPRESENTATION_RELATIONSHIP('','',#1470,#10)
REPRESENTATION_RELATIONSHIP_WITH_TRANSFORMATION(#1696)
SHAPE_REPRESENTATION_RELATIONSHIP() );
#1696 = ITEM_DEFINED_TRANSFORMATION('','',#11,#19);
#1697 = PRODUCT_DEFINITION_SHAPE('Placement','Placement of an item',
  #1698);
#1698 = NEXT_ASSEMBLY_USAGE_OCCURRENCE('2','Actuator P1','',#5,#1465,$);
#1699 = PRODUCT_RELATED_PRODUCT_CATEGORY('part',$,(#1467));
#1700 = SHAPE_DEFINITION_REPRESENTATION(#1701,#1707);
#1701 = PRODUCT_DEFINITION_SHAPE('','',#1702);
#1702 = PRODUCT_DEFINITION('design','',#1703,#1706);
#1703 = PRODUCT_DEFINITION_FORMATION('','',#1704);
#1704 = PRODUCT('Terminal Pin P1 A','Terminal Pin P1 A','',(#1705));
#1705 = PRODUCT_CONTEXT('',#2,'mechanical');
#1706 = PRODUCT_DEFINITION_CONTEXT('part definition',#2,'design');
#1707 = ADVANCED_BREP_SHAPE_REPRESENTATION('',(#11,#1708),#1858);
#1708 = MANIFOLD_SOLID_BREP('',#1709);
#1709 = CLOSED_SHELL('',(#1710,#1750,#1790,#1812,#1834,#1846));
#1710 = ADVANCED_FACE('',(#1711),#1745,.F.);
#1711 = FACE_BOUND('',#1712,.F.);
#1712 = EDGE_LOOP('',(#1713,#1723,#1731,#1739));
#1713 = ORIENTED_EDGE('',*,*,#1714,.F.);
#1714 = EDGE_CURVE('',#1715,#1717,#1719,.T.);
#1715 = VERTEX_POINT('',#1716);
#1716 = CARTESIAN_POINT('',(12.35,4.35,-3.5));
#1717 = VERTEX_POINT('',#1718);
#1718 = CARTESIAN_POINT('',(12.35,4.35,0.));
#1719 = LINE('',#1720,#1721);
#1720 = CARTESIAN_POINT('',(12.35,4.35,-3.5));
#1721 = VECTOR('',#1722,1.);
#1722 = DIRECTION('',(0.,0.,1.));
#1723 = ORIENTED_EDGE('',*,*,#1724,.T.);
#1724 = EDGE_CURVE('',#1715,#1725,#1727,.T.);
#1725 = VERTEX_POINT('',#1726);
#1726 = CARTESIAN_POINT('',(12.35,4.85,-3.5));
#1727 = LINE('',#1728,#1729);
#1728 = CARTESIAN_POINT('',(12.35,4.35,-3.5));
#1729 = VECTOR('',#1730,1.);
#1730 = DIRECTION('',(-0.,1.,0.));
#1731 = ORIENTED_EDGE('',*,*,#1732,.T.);
#1732 = EDGE_CURVE('',#1725,#1733,#1735,.T.);
#1733 = VERTEX_POINT('',#1734);
#1734 = CARTESIAN_POINT('',(12.35,4.85,0.));
#1735 = LINE('',#1736,#1737);
#1736 = CARTESIAN_POINT('',(12.35,4.85,-3.5));
#1737 = VECTOR('',#1738,1.);
#1738 = DIRECTION('',(0.,0.,1.));
#1739 = ORIENTED_EDGE('',*,*,#1740,.F.);
#1740 = EDGE_CURVE('',#1717,#1733,#1741,.T.);
#1741 = LINE('',#1742,#1743);
#1742 = CARTESIAN_POINT('',(12.35,4.35,0.));
#1743 = VECTOR('',#1744,1.);
#1744 = DIRECTION('',(-0.,1.,0.));
#1745 = PLANE('',#1746);
#1746 = AXIS2_PLACEMENT_3D('',#1747,#1748,#1749);
#1747 = CARTESIAN_POINT('',(12.35,4.35,-3.5));
#1748 = DIRECTION('',(1.,0.,-0.));
#1749 = DIRECTION('',(0.,0.,1.));
#1750 = ADVANCED_FACE('',(#1751),#1785,.T.);
#1751 = FACE_BOUND('',#1752,.T.);
#1752 = EDGE_LOOP('',(#1753,#1763,#1771,#1779));
#1753 = ORIENTED_EDGE('',*,*,#1754,.F.);
#1754 = EDGE_CURVE('',#1755,#1757,#1759,.T.);
#1755 = VERTEX_POINT('',#1756);
#1756 = CARTESIAN_POINT('',(13.15,4.35,-3.5));
#1757 = VERTEX_POINT('',#1758);
#1758 = CARTESIAN_POINT('',(13.15,4.35,0.));
#1759 = LINE('',#1760,#1761);
#1760 = CARTESIAN_POINT('',(13.15,4.35,-3.5));
#1761 = VECTOR('',#1762,1.);
#1762 = DIRECTION('',(0.,0.,1.));
#1763 = ORIENTED_EDGE('',*,*,#1764,.T.);
#1764 = EDGE_CURVE('',#1755,#1765,#1767,.T.);
#1765 = VERTEX_POINT('',#1766);
#1766 = CARTESIAN_POINT('',(13.15,4.85,-3.5));
#1767 = LINE('',#1768,#1769);
#1768 = CARTESIAN_POINT('',(13.15,4.35,-3.5));
#1769 = VECTOR('',#1770,1.);
#1770 = DIRECTION('',(-0.,1.,0.));
#1771 = ORIENTED_EDGE('',*,*,#1772,.T.);
#1772 = EDGE_CURVE('',#1765,#1773,#1775,.T.);
#1773 = VERTEX_POINT('',#1774);
#1774 = CARTESIAN_POINT('',(13.15,4.85,0.));
#1775 = LINE('',#1776,#1777);
#1776 = CARTESIAN_POINT('',(13.15,4.85,-3.5));
#1777 = VECTOR('',#1778,1.);
#1778 = DIRECTION('',(0.,0.,1.));
#1779 = ORIENTED_EDGE('',*,*,#1780,.F.);
#1780 = EDGE_CURVE('',#1757,#1773,#1781,.T.);
#1781 = LINE('',#1782,#1783);
#1782 = CARTESIAN_POINT('',(13.15,4.35,0.));
#1783 = VECTOR('',#1784,1.);
#1784 = DIRECTION('',(-0.,1.,0.));
#1785 = PLANE('',#1786);
#1786 = AXIS2_PLACEMENT_3D('',#1787,#1788,#1789);
#1787 = CARTESIAN_POINT('',(13.15,4.35,-3.5));
#1788 = DIRECTION('',(1.,0.,-0.));
#1789 = DIRECTION('',(0.,0.,1.));
#1790 = ADVANCED_FACE('',(#1791),#1807,.F.);
#1791 = FACE_BOUND('',#1792,.F.);
#1792 = EDGE_LOOP('',(#1793,#1799,#1800,#1806));
#1793 = ORIENTED_EDGE('',*,*,#1794,.F.);
#1794 = EDGE_CURVE('',#1715,#1755,#1795,.T.);
#1795 = LINE('',#1796,#1797);
#1796 = CARTESIAN_POINT('',(12.35,4.35,-3.5));
#1797 = VECTOR('',#1798,1.);
#1798 = DIRECTION('',(1.,0.,-0.));
#1799 = ORIENTED_EDGE('',*,*,#1714,.T.);
#1800 = ORIENTED_EDGE('',*,*,#1801,.T.);
#1801 = EDGE_CURVE('',#1717,#1757,#1802,.T.);
#1802 = LINE('',#1803,#1804);
#1803 = CARTESIAN_POINT('',(12.35,4.35,0.));
#1804 = VECTOR('',#1805,1.);
#1805 = DIRECTION('',(1.,0.,-0.));
#1806 = ORIENTED_EDGE('',*,*,#1754,.F.);
#1807 = PLANE('',#1808);
#1808 = AXIS2_PLACEMENT_3D('',#1809,#1810,#1811);
#1809 = CARTESIAN_POINT('',(12.35,4.35,-3.5));
#1810 = DIRECTION('',(-0.,1.,0.));
#1811 = DIRECTION('',(0.,0.,1.));
#1812 = ADVANCED_FACE('',(#1813),#1829,.T.);
#1813 = FACE_BOUND('',#1814,.T.);
#1814 = EDGE_LOOP('',(#1815,#1821,#1822,#1828));
#1815 = ORIENTED_EDGE('',*,*,#1816,.F.);
#1816 = EDGE_CURVE('',#1725,#1765,#1817,.T.);
#1817 = LINE('',#1818,#1819);
#1818 = CARTESIAN_POINT('',(12.35,4.85,-3.5));
#1819 = VECTOR('',#1820,1.);
#1820 = DIRECTION('',(1.,0.,-0.));
#1821 = ORIENTED_EDGE('',*,*,#1732,.T.);
#1822 = ORIENTED_EDGE('',*,*,#1823,.T.);
#1823 = EDGE_CURVE('',#1733,#1773,#1824,.T.);
#1824 = LINE('',#1825,#1826);
#1825 = CARTESIAN_POINT('',(12.35,4.85,0.));
#1826 = VECTOR('',#1827,1.);
#1827 = DIRECTION('',(1.,0.,-0.));
#1828 = ORIENTED_EDGE('',*,*,#1772,.F.);
#1829 = PLANE('',#1830);
#1830 = AXIS2_PLACEMENT_3D('',#1831,#1832,#1833);
#1831 = CARTESIAN_POINT('',(12.35,4.85,-3.5));
#1832 = DIRECTION('',(-0.,1.,0.));
#1833 = DIRECTION('',(0.,0.,1.));
#1834 = ADVANCED_FACE('',(#1835),#1841,.F.);
#1835 = FACE_BOUND('',#1836,.F.);
#1836 = EDGE_LOOP('',(#1837,#1838,#1839,#1840));
#1837 = ORIENTED_EDGE('',*,*,#1724,.F.);
#1838 = ORIENTED_EDGE('',*,*,#1794,.T.);
#1839 = ORIENTED_EDGE('',*,*,#1764,.T.);
#1840 = ORIENTED_EDGE('',*,*,#1816,.F.);
#1841 = PLANE('',#1842);
#1842 = AXIS2_PLACEMENT_3D('',#1843,#1844,#1845);
#1843 = CARTESIAN_POINT('',(12.35,4.35,-3.5));
#1844 = DIRECTION('',(0.,0.,1.));
#1845 = DIRECTION('',(1.,0.,-0.));
#1846 = ADVANCED_FACE('',(#1847),#1853,.T.);
#1847 = FACE_BOUND('',#1848,.T.);
#1848 = EDGE_LOOP('',(#1849,#1850,#1851,#1852));
#1849 = ORIENTED_EDGE('',*,*,#1740,.F.);
#1850 = ORIENTED_EDGE('',*,*,#1801,.T.);
#1851 = ORIENTED_EDGE('',*,*,#1780,.T.);
#1852 = ORIENTED_EDGE('',*,*,#1823,.F.);
#1853 = PLANE('',#1854);
#1854 = AXIS2_PLACEMENT_3D('',#1855,#1856,#1857);
#1855 = CARTESIAN_POINT('',(12.35,4.35,0.));
#1856 = DIRECTION('',(0.,0.,1.));
#1857 = DIRECTION('',(1.,0.,-0.));
#1858 = ( GEOMETRIC_REPRESENTATION_CONTEXT(3)
GLOBAL_UNCERTAINTY_ASSIGNED_CONTEXT((#1862))
GLOBAL_UNIT_ASSIGNED_CONTEXT((#1859,#1860,#1861)) REPRESENTATION_CONTEXT
('Context #1','3D Context with UNIT and UNCERTAINTY') );
#1859 = ( LENGTH_UNIT() NAMED_UNIT(*) SI_UNIT(.MILLI.,.METRE.) );
#1860 = ( NAMED_UNIT(*) PLANE_ANGLE_UNIT() SI_UNIT($,.RADIAN.) );
#1861 = ( NAMED_UNIT(*) SI_UNIT($,.STERADIAN.) SOLID_ANGLE_UNIT() );
#1862 = UNCERTAINTY_MEASURE_WITH_UNIT(LENGTH_MEASURE(1.E-07),#1859,
  'distance_accuracy_value','confusion accuracy');
#1863 = CONTEXT_DEPENDENT_SHAPE_REPRESENTATION(#1864,#1866);
#1864 = ( REPRESENTATION_RELATIONSHIP('','',#1707,#10)
REPRESENTATION_RELATIONSHIP_WITH_TRANSFORMATION(#1865)
SHAPE_REPRESENTATION_RELATIONSHIP() );
#1865 = ITEM_DEFINED_TRANSFORMATION('','',#11,#23);
#1866 = PRODUCT_DEFINITION_SHAPE('Placement','Placement of an item',
  #1867);
#1867 = NEXT_ASSEMBLY_USAGE_OCCURRENCE('3','Terminal Pin P1 A','',#5,
  #1702,$);
#1868 = PRODUCT_RELATED_PRODUCT_CATEGORY('part',$,(#1704));
#1869 = SHAPE_DEFINITION_REPRESENTATION(#1870,#1876);
#1870 = PRODUCT_DEFINITION_SHAPE('','',#1871);
#1871 = PRODUCT_DEFINITION('design','',#1872,#1875);
#1872 = PRODUCT_DEFINITION_FORMATION('','',#1873);
#1873 = PRODUCT('Terminal Pin P1 B','Terminal Pin P1 B','',(#1874));
#1874 = PRODUCT_CONTEXT('',#2,'mechanical');
#1875 = PRODUCT_DEFINITION_CONTEXT('part definition',#2,'design');
#1876 = ADVANCED_BREP_SHAPE_REPRESENTATION('',(#11,#1877),#2027);
#1877 = MANIFOLD_SOLID_BREP('',#1878);
#1878 = CLOSED_SHELL('',(#1879,#1919,#1959,#1981,#2003,#2015));
#1879 = ADVANCED_FACE('',(#1880),#1914,.F.);
#1880 = FACE_BOUND('',#1881,.F.);
#1881 = EDGE_LOOP('',(#1882,#1892,#1900,#1908));
#1882 = ORIENTED_EDGE('',*,*,#1883,.F.);
#1883 = EDGE_CURVE('',#1884,#1886,#1888,.T.);
#1884 = VERTEX_POINT('',#1885);
#1885 = CARTESIAN_POINT('',(12.35,9.35,-3.5));
#1886 = VERTEX_POINT('',#1887);
#1887 = CARTESIAN_POINT('',(12.35,9.35,0.));
#1888 = LINE('',#1889,#1890);
#1889 = CARTESIAN_POINT('',(12.35,9.35,-3.5));
#1890 = VECTOR('',#1891,1.);
#1891 = DIRECTION('',(0.,0.,1.));
#1892 = ORIENTED_EDGE('',*,*,#1893,.T.);
#1893 = EDGE_CURVE('',#1884,#1894,#1896,.T.);
#1894 = VERTEX_POINT('',#1895);
#1895 = CARTESIAN_POINT('',(12.35,9.85,-3.5));
#1896 = LINE('',#1897,#1898);
#1897 = CARTESIAN_POINT('',(12.35,9.35,-3.5));
#1898 = VECTOR('',#1899,1.);
#1899 = DIRECTION('',(-0.,1.,0.));
#1900 = ORIENTED_EDGE('',*,*,#1901,.T.);
#1901 = EDGE_CURVE('',#1894,#1902,#1904,.T.);
#1902 = VERTEX_POINT('',#1903);
#1903 = CARTESIAN_POINT('',(12.35,9.85,0.));
#1904 = LINE('',#1905,#1906);
#1905 = CARTESIAN_POINT('',(12.35,9.85,-3.5));
#1906 = VECTOR('',#1907,1.);
#1907 = DIRECTION('',(0.,0.,1.));
#1908 = ORIENTED_EDGE('',*,*,#1909,.F.);
#1909 = EDGE_CURVE('',#1886,#1902,#1910,.T.);
#1910 = LINE('',#1911,#1912);
#1911 = CARTESIAN_POINT('',(12.35,9.35,0.));
#1912 = VECTOR('',#1913,1.);
#1913 = DIRECTION('',(-0.,1.,0.));
#1914 = PLANE('',#1915);
#1915 = AXIS2_PLACEMENT_3D('',#1916,#1917,#1918);
#1916 = CARTESIAN_POINT('',(12.35,9.35,-3.5));
#1917 = DIRECTION('',(1.,0.,-0.));
#1918 = DIRECTION('',(0.,0.,1.));
#1919 = ADVANCED_FACE('',(#1920),#1954,.T.);
#1920 = FACE_BOUND('',#1921,.T.);
#1921 = EDGE_LOOP('',(#1922,#1932,#1940,#1948));
#1922 = ORIENTED_EDGE('',*,*,#1923,.F.);
#1923 = EDGE_CURVE('',#1924,#1926,#1928,.T.);
#1924 = VERTEX_POINT('',#1925);
#1925 = CARTESIAN_POINT('',(13.15,9.35,-3.5));
#1926 = VERTEX_POINT('',#1927);
#1927 = CARTESIAN_POINT('',(13.15,9.35,0.));
#1928 = LINE('',#1929,#1930);
#1929 = CARTESIAN_POINT('',(13.15,9.35,-3.5));
#1930 = VECTOR('',#1931,1.);
#1931 = DIRECTION('',(0.,0.,1.));
#1932 = ORIENTED_EDGE('',*,*,#1933,.T.);
#1933 = EDGE_CURVE('',#1924,#1934,#1936,.T.);
#1934 = VERTEX_POINT('',#1935);
#1935 = CARTESIAN_POINT('',(13.15,9.85,-3.5));
#1936 = LINE('',#1937,#1938);
#1937 = CARTESIAN_POINT('',(13.15,9.35,-3.5));
#1938 = VECTOR('',#1939,1.);
#1939 = DIRECTION('',(-0.,1.,0.));
#1940 = ORIENTED_EDGE('',*,*,#1941,.T.);
#1941 = EDGE_CURVE('',#1934,#1942,#1944,.T.);
#1942 = VERTEX_POINT('',#1943);
#1943 = CARTESIAN_POINT('',(13.15,9.85,0.));
#1944 = LINE('',#1945,#1946);
#1945 = CARTESIAN_POINT('',(13.15,9.85,-3.5));
#1946 = VECTOR('',#1947,1.);
#1947 = DIRECTION('',(0.,0.,1.));
#1948 = ORIENTED_EDGE('',*,*,#1949,.F.);
#1949 = EDGE_CURVE('',#1926,#1942,#1950,.T.);
#1950 = LINE('',#1951,#1952);
#1951 = CARTESIAN_POINT('',(13.15,9.35,0.));
#1952 = VECTOR('',#1953,1.);
#1953 = DIRECTION('',(-0.,1.,0.));
#1954 = PLANE('',#1955);
#1955 = AXIS2_PLACEMENT_3D('',#1956,#1957,#1958);
#1956 = CARTESIAN_POINT('',(13.15,9.35,-3.5));
#1957 = DIRECTION('',(1.,0.,-0.));
#1958 = DIRECTION('',(0.,0.,1.));
#1959 = ADVANCED_FACE('',(#1960),#1976,.F.);
#1960 = FACE_BOUND('',#1961,.F.);
#1961 = EDGE_LOOP('',(#1962,#1968,#1969,#1975));
#1962 = ORIENTED_EDGE('',*,*,#1963,.F.);
#1963 = EDGE_CURVE('',#1884,#1924,#1964,.T.);
#1964 = LINE('',#1965,#1966);
#1965 = CARTESIAN_POINT('',(12.35,9.35,-3.5));
#1966 = VECTOR('',#1967,1.);
#1967 = DIRECTION('',(1.,0.,-0.));
#1968 = ORIENTED_EDGE('',*,*,#1883,.T.);
#1969 = ORIENTED_EDGE('',*,*,#1970,.T.);
#1970 = EDGE_CURVE('',#1886,#1926,#1971,.T.);
#1971 = LINE('',#1972,#1973);
#1972 = CARTESIAN_POINT('',(12.35,9.35,0.));
#1973 = VECTOR('',#1974,1.);
#1974 = DIRECTION('',(1.,0.,-0.));
#1975 = ORIENTED_EDGE('',*,*,#1923,.F.);
#1976 = PLANE('',#1977);
#1977 = AXIS2_PLACEMENT_3D('',#1978,#1979,#1980);
#1978 = CARTESIAN_POINT('',(12.35,9.35,-3.5));
#1979 = DIRECTION('',(-0.,1.,0.));
#1980 = DIRECTION('',(0.,0.,1.));
#1981 = ADVANCED_FACE('',(#1982),#1998,.T.);
#1982 = FACE_BOUND('',#1983,.T.);
#1983 = EDGE_LOOP('',(#1984,#1990,#1991,#1997));
#1984 = ORIENTED_EDGE('',*,*,#1985,.F.);
#1985 = EDGE_CURVE('',#1894,#1934,#1986,.T.);
#1986 = LINE('',#1987,#1988);
#1987 = CARTESIAN_POINT('',(12.35,9.85,-3.5));
#1988 = VECTOR('',#1989,1.);
#1989 = DIRECTION('',(1.,0.,-0.));
#1990 = ORIENTED_EDGE('',*,*,#1901,.T.);
#1991 = ORIENTED_EDGE('',*,*,#1992,.T.);
#1992 = EDGE_CURVE('',#1902,#1942,#1993,.T.);
#1993 = LINE('',#1994,#1995);
#1994 = CARTESIAN_POINT('',(12.35,9.85,0.));
#1995 = VECTOR('',#1996,1.);
#1996 = DIRECTION('',(1.,0.,-0.));
#1997 = ORIENTED_EDGE('',*,*,#1941,.F.);
#1998 = PLANE('',#1999);
#1999 = AXIS2_PLACEMENT_3D('',#2000,#2001,#2002);
#2000 = CARTESIAN_POINT('',(12.35,9.85,-3.5));
#2001 = DIRECTION('',(-0.,1.,0.));
#2002 = DIRECTION('',(0.,0.,1.));
#2003 = ADVANCED_FACE('',(#2004),#2010,.F.);
#2004 = FACE_BOUND('',#2005,.F.);
#2005 = EDGE_LOOP('',(#2006,#2007,#2008,#2009));
#2006 = ORIENTED_EDGE('',*,*,#1893,.F.);
#2007 = ORIENTED_EDGE('',*,*,#1963,.T.);
#2008 = ORIENTED_EDGE('',*,*,#1933,.T.);
#2009 = ORIENTED_EDGE('',*,*,#1985,.F.);
#2010 = PLANE('',#2011);
#2011 = AXIS2_PLACEMENT_3D('',#2012,#2013,#2014);
#2012 = CARTESIAN_POINT('',(12.35,9.35,-3.5));
#2013 = DIRECTION('',(0.,0.,1.));
#2014 = DIRECTION('',(1.,0.,-0.));
#2015 = ADVANCED_FACE('',(#2016),#2022,.T.);
#2016 = FACE_BOUND('',#2017,.T.);
#2017 = EDGE_LOOP('',(#2018,#2019,#2020,#2021));
#2018 = ORIENTED_EDGE('',*,*,#1909,.F.);
#2019 = ORIENTED_EDGE('',*,*,#1970,.T.);
#2020 = ORIENTED_EDGE('',*,*,#1949,.T.);
#2021 = ORIENTED_EDGE('',*,*,#1992,.F.);
#2022 = PLANE('',#2023);
#2023 = AXIS2_PLACEMENT_3D('',#2024,#2025,#2026);
#2024 = CARTESIAN_POINT('',(12.35,9.35,0.));
#2025 = DIRECTION('',(0.,0.,1.));
#2026 = DIRECTION('',(1.,0.,-0.));
#2027 = ( GEOMETRIC_REPRESENTATION_CONTEXT(3)
GLOBAL_UNCERTAINTY_ASSIGNED_CONTEXT((#2031))
GLOBAL_UNIT_ASSIGNED_CONTEXT((#2028,#2029,#2030)) REPRESENTATION_CONTEXT
('Context #1','3D Context with UNIT and UNCERTAINTY') );
#2028 = ( LENGTH_UNIT() NAMED_UNIT(*) SI_UNIT(.MILLI.,.METRE.) );
#2029 = ( NAMED_UNIT(*) PLANE_ANGLE_UNIT() SI_UNIT($,.RADIAN.) );
#2030 = ( NAMED_UNIT(*) SI_UNIT($,.STERADIAN.) SOLID_ANGLE_UNIT() );
#2031 = UNCERTAINTY_MEASURE_WITH_UNIT(LENGTH_MEASURE(1.E-07),#2028,
  'distance_accuracy_value','confusion accuracy');
#2032 = CONTEXT_DEPENDENT_SHAPE_REPRESENTATION(#2033,#2035);
#2033 = ( REPRESENTATION_RELATIONSHIP('','',#1876,#10)
REPRESENTATION_RELATIONSHIP_WITH_TRANSFORMATION(#2034)
SHAPE_REPRESENTATION_RELATIONSHIP() );
#2034 = ITEM_DEFINED_TRANSFORMATION('','',#11,#27);
#2035 = PRODUCT_DEFINITION_SHAPE('Placement','Placement of an item',
  #2036);
#2036 = NEXT_ASSEMBLY_USAGE_OCCURRENCE('4','Terminal Pin P1 B','',#5,
  #1871,$);
#2037 = PRODUCT_RELATED_PRODUCT_CATEGORY('part',$,(#1873));
#2038 = SHAPE_DEFINITION_REPRESENTATION(#2039,#2045);
#2039 = PRODUCT_DEFINITION_SHAPE('','',#2040);
#2040 = PRODUCT_DEFINITION('design','',#2041,#2044);
#2041 = PRODUCT_DEFINITION_FORMATION('','',#2042);
#2042 = PRODUCT('Housing P2','Housing P2','',(#2043));
#2043 = PRODUCT_CONTEXT('',#2,'mechanical');
#2044 = PRODUCT_DEFINITION_CONTEXT('part definition',#2,'design');
#2045 = ADVANCED_BREP_SHAPE_REPRESENTATION('',(#11,#2046),#3401);
#2046 = MANIFOLD_SOLID_BREP('',#2047);
#2047 = CLOSED_SHELL('',(#2048,#2096,#2129,#2220,#2245,#2278,#2311,#2412
    ,#2429,#2454,#2486,#2511,#2551,#2583,#2607,#2632,#2649,#2666,#2697,
    #2728,#2746,#2777,#2802,#2833,#2857,#2888,#2905,#2929,#2947,#2964,
    #2976,#2993,#3005,#3023,#3034,#3083,#3114,#3145,#3178,#3209,#3249,
    #3280,#3296,#3342,#3373,#3387));
#2048 = ADVANCED_FACE('',(#2049),#2091,.F.);
#2049 = FACE_BOUND('',#2050,.F.);
#2050 = EDGE_LOOP('',(#2051,#2061,#2069,#2077,#2085));
#2051 = ORIENTED_EDGE('',*,*,#2052,.F.);
#2052 = EDGE_CURVE('',#2053,#2055,#2057,.T.);
#2053 = VERTEX_POINT('',#2054);
#2054 = CARTESIAN_POINT('',(7.,0.3,0.3));
#2055 = VERTEX_POINT('',#2056);
#2056 = CARTESIAN_POINT('',(7.,0.3,9.086363636364));
#2057 = LINE('',#2058,#2059);
#2058 = CARTESIAN_POINT('',(7.,0.3,0.));
#2059 = VECTOR('',#2060,1.);
#2060 = DIRECTION('',(0.,0.,1.));
#2061 = ORIENTED_EDGE('',*,*,#2062,.T.);
#2062 = EDGE_CURVE('',#2053,#2063,#2065,.T.);
#2063 = VERTEX_POINT('',#2064);
#2064 = CARTESIAN_POINT('',(7.,12.2,0.3));
#2065 = LINE('',#2066,#2067);
#2066 = CARTESIAN_POINT('',(7.,0.,0.3));
#2067 = VECTOR('',#2068,1.);
#2068 = DIRECTION('',(-0.,1.,0.));
#2069 = ORIENTED_EDGE('',*,*,#2070,.T.);
#2070 = EDGE_CURVE('',#2063,#2071,#2073,.T.);
#2071 = VERTEX_POINT('',#2072);
#2072 = CARTESIAN_POINT('',(7.,12.2,10.3));
#2073 = LINE('',#2074,#2075);
#2074 = CARTESIAN_POINT('',(7.,12.2,0.));
#2075 = VECTOR('',#2076,1.);
#2076 = DIRECTION('',(0.,0.,1.));
#2077 = ORIENTED_EDGE('',*,*,#2078,.F.);
#2078 = EDGE_CURVE('',#2079,#2071,#2081,.T.);
#2079 = VERTEX_POINT('',#2080);
#2080 = CARTESIAN_POINT('',(7.,1.743243243243,10.3));
#2081 = LINE('',#2082,#2083);
#2082 = CARTESIAN_POINT('',(7.,0.,10.3));
#2083 = VECTOR('',#2084,1.);
#2084 = DIRECTION('',(-0.,1.,0.));
#2085 = ORIENTED_EDGE('',*,*,#2086,.F.);
#2086 = EDGE_CURVE('',#2055,#2079,#2087,.T.);
#2087 = LINE('',#2088,#2089);
#2088 = CARTESIAN_POINT('',(7.,-1.125779122542,7.88741301059));
#2089 = VECTOR('',#2090,1.);
#2090 = DIRECTION('',(0.,0.765362085905,0.643599935875));
#2091 = PLANE('',#2092);
#2092 = AXIS2_PLACEMENT_3D('',#2093,#2094,#2095);
#2093 = CARTESIAN_POINT('',(7.,0.,0.));
#2094 = DIRECTION('',(1.,0.,-0.));
#2095 = DIRECTION('',(0.,0.,1.));
#2096 = ADVANCED_FACE('',(#2097),#2124,.T.);
#2097 = FACE_BOUND('',#2098,.T.);
#2098 = EDGE_LOOP('',(#2099,#2100,#2109,#2117));
#2099 = ORIENTED_EDGE('',*,*,#2052,.F.);
#2100 = ORIENTED_EDGE('',*,*,#2101,.T.);
#2101 = EDGE_CURVE('',#2053,#2102,#2104,.T.);
#2102 = VERTEX_POINT('',#2103);
#2103 = CARTESIAN_POINT('',(7.3,-5.551115123126E-17,0.3));
#2104 = CIRCLE('',#2105,0.3);
#2105 = AXIS2_PLACEMENT_3D('',#2106,#2107,#2108);
#2106 = CARTESIAN_POINT('',(7.3,0.3,0.3));
#2107 = DIRECTION('',(0.,0.,1.));
#2108 = DIRECTION('',(-1.,0.,0.));
#2109 = ORIENTED_EDGE('',*,*,#2110,.T.);
#2110 = EDGE_CURVE('',#2102,#2111,#2113,.T.);
#2111 = VERTEX_POINT('',#2112);
#2112 = CARTESIAN_POINT('',(7.3,-5.551115123126E-17,8.834090909091));
#2113 = LINE('',#2114,#2115);
#2114 = CARTESIAN_POINT('',(7.3,-5.551115123126E-17,0.));
#2115 = VECTOR('',#2116,1.);
#2116 = DIRECTION('',(0.,0.,1.));
#2117 = ORIENTED_EDGE('',*,*,#2118,.T.);
#2118 = EDGE_CURVE('',#2111,#2055,#2119,.T.);
#2119 = ELLIPSE('',#2120,0.391971336867,0.3);
#2120 = AXIS2_PLACEMENT_3D('',#2121,#2122,#2123);
#2121 = CARTESIAN_POINT('',(7.3,0.3,9.086363636364));
#2122 = DIRECTION('',(0.,0.643599935875,-0.765362085905));
#2123 = DIRECTION('',(0.,0.765362085905,0.643599935875));
#2124 = CYLINDRICAL_SURFACE('',#2125,0.3);
#2125 = AXIS2_PLACEMENT_3D('',#2126,#2127,#2128);
#2126 = CARTESIAN_POINT('',(7.3,0.3,0.));
#2127 = DIRECTION('',(0.,0.,1.));
#2128 = DIRECTION('',(-1.,-0.,0.));
#2129 = ADVANCED_FACE('',(#2130),#2215,.F.);
#2130 = FACE_BOUND('',#2131,.F.);
#2131 = EDGE_LOOP('',(#2132,#2141,#2149,#2157,#2165,#2173,#2181,#2190,
    #2198,#2207,#2213,#2214));
#2132 = ORIENTED_EDGE('',*,*,#2133,.T.);
#2133 = EDGE_CURVE('',#2079,#2134,#2136,.T.);
#2134 = VERTEX_POINT('',#2135);
#2135 = CARTESIAN_POINT('',(7.3,2.1,10.6));
#2136 = ELLIPSE('',#2137,0.466128076275,0.3);
#2137 = AXIS2_PLACEMENT_3D('',#2138,#2139,#2140);
#2138 = CARTESIAN_POINT('',(7.3,1.743243243243,10.3));
#2139 = DIRECTION('',(0.,0.643599935875,-0.765362085905));
#2140 = DIRECTION('',(0.,0.765362085905,0.643599935875));
#2141 = ORIENTED_EDGE('',*,*,#2142,.T.);
#2142 = EDGE_CURVE('',#2134,#2143,#2145,.T.);
#2143 = VERTEX_POINT('',#2144);
#2144 = CARTESIAN_POINT('',(7.34,2.1,10.6));
#2145 = LINE('',#2146,#2147);
#2146 = CARTESIAN_POINT('',(6.9,2.1,10.6));
#2147 = VECTOR('',#2148,1.);
#2148 = DIRECTION('',(1.,0.,0.));
#2149 = ORIENTED_EDGE('',*,*,#2150,.T.);
#2150 = EDGE_CURVE('',#2143,#2151,#2153,.T.);
#2151 = VERTEX_POINT('',#2152);
#2152 = CARTESIAN_POINT('',(7.34,0.589585439838,9.329878665319));
#2153 = LINE('',#2154,#2155);
#2154 = CARTESIAN_POINT('',(7.34,2.697145719937,11.102145264493));
#2155 = VECTOR('',#2156,1.);
#2156 = DIRECTION('',(0.,-0.765362085905,-0.643599935875));
#2157 = ORIENTED_EDGE('',*,*,#2158,.T.);
#2158 = EDGE_CURVE('',#2151,#2159,#2161,.T.);
#2159 = VERTEX_POINT('',#2160);
#2160 = CARTESIAN_POINT('',(10.16,0.589585439838,9.329878665319));
#2161 = LINE('',#2162,#2163);
#2162 = CARTESIAN_POINT('',(7.12,0.589585439838,9.329878665319));
#2163 = VECTOR('',#2164,1.);
#2164 = DIRECTION('',(1.,0.,0.));
#2165 = ORIENTED_EDGE('',*,*,#2166,.F.);
#2166 = EDGE_CURVE('',#2167,#2159,#2169,.T.);
#2167 = VERTEX_POINT('',#2168);
#2168 = CARTESIAN_POINT('',(10.16,2.1,10.6));
#2169 = LINE('',#2170,#2171);
#2170 = CARTESIAN_POINT('',(10.16,2.697145719937,11.102145264493));
#2171 = VECTOR('',#2172,1.);
#2172 = DIRECTION('',(0.,-0.765362085905,-0.643599935875));
#2173 = ORIENTED_EDGE('',*,*,#2174,.T.);
#2174 = EDGE_CURVE('',#2167,#2175,#2177,.T.);
#2175 = VERTEX_POINT('',#2176);
#2176 = CARTESIAN_POINT('',(10.2,2.1,10.6));
#2177 = LINE('',#2178,#2179);
#2178 = CARTESIAN_POINT('',(6.9,2.1,10.6));
#2179 = VECTOR('',#2180,1.);
#2180 = DIRECTION('',(1.,0.,0.));
#2181 = ORIENTED_EDGE('',*,*,#2182,.T.);
#2182 = EDGE_CURVE('',#2175,#2183,#2185,.T.);
#2183 = VERTEX_POINT('',#2184);
#2184 = CARTESIAN_POINT('',(10.5,1.743243243243,10.3));
#2185 = ELLIPSE('',#2186,0.466128076275,0.3);
#2186 = AXIS2_PLACEMENT_3D('',#2187,#2188,#2189);
#2187 = CARTESIAN_POINT('',(10.2,1.743243243243,10.3));
#2188 = DIRECTION('',(0.,0.643599935875,-0.765362085905));
#2189 = DIRECTION('',(0.,0.765362085905,0.643599935875));
#2190 = ORIENTED_EDGE('',*,*,#2191,.F.);
#2191 = EDGE_CURVE('',#2192,#2183,#2194,.T.);
#2192 = VERTEX_POINT('',#2193);
#2193 = CARTESIAN_POINT('',(10.5,0.3,9.086363636364));
#2194 = LINE('',#2195,#2196);
#2195 = CARTESIAN_POINT('',(10.5,-1.125779122542,7.88741301059));
#2196 = VECTOR('',#2197,1.);
#2197 = DIRECTION('',(0.,0.765362085905,0.643599935875));
#2198 = ORIENTED_EDGE('',*,*,#2199,.T.);
#2199 = EDGE_CURVE('',#2192,#2200,#2202,.T.);
#2200 = VERTEX_POINT('',#2201);
#2201 = CARTESIAN_POINT('',(10.2,-5.551115123126E-17,8.834090909091));
#2202 = ELLIPSE('',#2203,0.391971336867,0.3);
#2203 = AXIS2_PLACEMENT_3D('',#2204,#2205,#2206);
#2204 = CARTESIAN_POINT('',(10.2,0.3,9.086363636364));
#2205 = DIRECTION('',(0.,0.643599935875,-0.765362085905));
#2206 = DIRECTION('',(0.,0.765362085905,0.643599935875));
#2207 = ORIENTED_EDGE('',*,*,#2208,.T.);
#2208 = EDGE_CURVE('',#2200,#2111,#2209,.T.);
#2209 = LINE('',#2210,#2211);
#2210 = CARTESIAN_POINT('',(6.95,2.22044604925E-16,8.834090909091));
#2211 = VECTOR('',#2212,1.);
#2212 = DIRECTION('',(-1.,0.,-0.));
#2213 = ORIENTED_EDGE('',*,*,#2118,.T.);
#2214 = ORIENTED_EDGE('',*,*,#2086,.T.);
#2215 = PLANE('',#2216);
#2216 = AXIS2_PLACEMENT_3D('',#2217,#2218,#2219);
#2217 = CARTESIAN_POINT('',(6.9,2.1,10.6));
#2218 = DIRECTION('',(0.,0.643599935875,-0.765362085905));
#2219 = DIRECTION('',(0.,-0.765362085905,-0.643599935875));
#2220 = ADVANCED_FACE('',(#2221),#2240,.T.);
#2221 = FACE_BOUND('',#2222,.T.);
#2222 = EDGE_LOOP('',(#2223,#2224,#2232,#2239));
#2223 = ORIENTED_EDGE('',*,*,#2133,.T.);
#2224 = ORIENTED_EDGE('',*,*,#2225,.T.);
#2225 = EDGE_CURVE('',#2134,#2226,#2228,.T.);
#2226 = VERTEX_POINT('',#2227);
#2227 = CARTESIAN_POINT('',(7.3,12.2,10.6));
#2228 = LINE('',#2229,#2230);
#2229 = CARTESIAN_POINT('',(7.3,0.,10.6));
#2230 = VECTOR('',#2231,1.);
#2231 = DIRECTION('',(-0.,1.,0.));
#2232 = ORIENTED_EDGE('',*,*,#2233,.F.);
#2233 = EDGE_CURVE('',#2071,#2226,#2234,.T.);
#2234 = CIRCLE('',#2235,0.3);
#2235 = AXIS2_PLACEMENT_3D('',#2236,#2237,#2238);
#2236 = CARTESIAN_POINT('',(7.3,12.2,10.3));
#2237 = DIRECTION('',(-0.,1.,0.));
#2238 = DIRECTION('',(-1.,-0.,0.));
#2239 = ORIENTED_EDGE('',*,*,#2078,.F.);
#2240 = CYLINDRICAL_SURFACE('',#2241,0.3);
#2241 = AXIS2_PLACEMENT_3D('',#2242,#2243,#2244);
#2242 = CARTESIAN_POINT('',(7.3,0.,10.3));
#2243 = DIRECTION('',(-0.,1.,0.));
#2244 = DIRECTION('',(-1.,-0.,0.));
#2245 = ADVANCED_FACE('',(#2246),#2273,.T.);
#2246 = FACE_BOUND('',#2247,.F.);
#2247 = EDGE_LOOP('',(#2248,#2249,#2258,#2266));
#2248 = ORIENTED_EDGE('',*,*,#2070,.F.);
#2249 = ORIENTED_EDGE('',*,*,#2250,.T.);
#2250 = EDGE_CURVE('',#2063,#2251,#2253,.T.);
#2251 = VERTEX_POINT('',#2252);
#2252 = CARTESIAN_POINT('',(7.3,12.5,0.3));
#2253 = CIRCLE('',#2254,0.3);
#2254 = AXIS2_PLACEMENT_3D('',#2255,#2256,#2257);
#2255 = CARTESIAN_POINT('',(7.3,12.2,0.3));
#2256 = DIRECTION('',(-0.,0.,-1.));
#2257 = DIRECTION('',(-1.,0.,0.));
#2258 = ORIENTED_EDGE('',*,*,#2259,.T.);
#2259 = EDGE_CURVE('',#2251,#2260,#2262,.T.);
#2260 = VERTEX_POINT('',#2261);
#2261 = CARTESIAN_POINT('',(7.3,12.5,10.3));
#2262 = LINE('',#2263,#2264);
#2263 = CARTESIAN_POINT('',(7.3,12.5,0.));
#2264 = VECTOR('',#2265,1.);
#2265 = DIRECTION('',(0.,0.,1.));
#2266 = ORIENTED_EDGE('',*,*,#2267,.T.);
#2267 = EDGE_CURVE('',#2260,#2071,#2268,.T.);
#2268 = CIRCLE('',#2269,0.3);
#2269 = AXIS2_PLACEMENT_3D('',#2270,#2271,#2272);
#2270 = CARTESIAN_POINT('',(7.3,12.2,10.3));
#2271 = DIRECTION('',(0.,0.,1.));
#2272 = DIRECTION('',(-1.,-0.,0.));
#2273 = CYLINDRICAL_SURFACE('',#2274,0.3);
#2274 = AXIS2_PLACEMENT_3D('',#2275,#2276,#2277);
#2275 = CARTESIAN_POINT('',(7.3,12.2,0.));
#2276 = DIRECTION('',(0.,0.,1.));
#2277 = DIRECTION('',(-1.,-0.,0.));
#2278 = ADVANCED_FACE('',(#2279),#2306,.T.);
#2279 = FACE_BOUND('',#2280,.F.);
#2280 = EDGE_LOOP('',(#2281,#2290,#2298,#2305));
#2281 = ORIENTED_EDGE('',*,*,#2282,.F.);
#2282 = EDGE_CURVE('',#2283,#2053,#2285,.T.);
#2283 = VERTEX_POINT('',#2284);
#2284 = CARTESIAN_POINT('',(7.3,0.3,0.));
#2285 = CIRCLE('',#2286,0.3);
#2286 = AXIS2_PLACEMENT_3D('',#2287,#2288,#2289);
#2287 = CARTESIAN_POINT('',(7.3,0.3,0.3));
#2288 = DIRECTION('',(0.,1.,-0.));
#2289 = DIRECTION('',(-1.,0.,0.));
#2290 = ORIENTED_EDGE('',*,*,#2291,.T.);
#2291 = EDGE_CURVE('',#2283,#2292,#2294,.T.);
#2292 = VERTEX_POINT('',#2293);
#2293 = CARTESIAN_POINT('',(7.3,12.2,0.));
#2294 = LINE('',#2295,#2296);
#2295 = CARTESIAN_POINT('',(7.3,0.,-5.551115123126E-17));
#2296 = VECTOR('',#2297,1.);
#2297 = DIRECTION('',(-0.,1.,0.));
#2298 = ORIENTED_EDGE('',*,*,#2299,.T.);
#2299 = EDGE_CURVE('',#2292,#2063,#2300,.T.);
#2300 = CIRCLE('',#2301,0.3);
#2301 = AXIS2_PLACEMENT_3D('',#2302,#2303,#2304);
#2302 = CARTESIAN_POINT('',(7.3,12.2,0.3));
#2303 = DIRECTION('',(0.,1.,-0.));
#2304 = DIRECTION('',(-1.,0.,0.));
#2305 = ORIENTED_EDGE('',*,*,#2062,.F.);
#2306 = CYLINDRICAL_SURFACE('',#2307,0.3);
#2307 = AXIS2_PLACEMENT_3D('',#2308,#2309,#2310);
#2308 = CARTESIAN_POINT('',(7.3,0.,0.3));
#2309 = DIRECTION('',(-0.,1.,0.));
#2310 = DIRECTION('',(-1.,-0.,0.));
#2311 = ADVANCED_FACE('',(#2312,#2330),#2407,.F.);
#2312 = FACE_BOUND('',#2313,.F.);
#2313 = EDGE_LOOP('',(#2314,#2322,#2323,#2324));
#2314 = ORIENTED_EDGE('',*,*,#2315,.F.);
#2315 = EDGE_CURVE('',#2102,#2316,#2318,.T.);
#2316 = VERTEX_POINT('',#2317);
#2317 = CARTESIAN_POINT('',(10.2,-5.551115123126E-17,0.3));
#2318 = LINE('',#2319,#2320);
#2319 = CARTESIAN_POINT('',(7.,-5.551115123126E-17,0.3));
#2320 = VECTOR('',#2321,1.);
#2321 = DIRECTION('',(1.,0.,-0.));
#2322 = ORIENTED_EDGE('',*,*,#2110,.T.);
#2323 = ORIENTED_EDGE('',*,*,#2208,.F.);
#2324 = ORIENTED_EDGE('',*,*,#2325,.F.);
#2325 = EDGE_CURVE('',#2316,#2200,#2326,.T.);
#2326 = LINE('',#2327,#2328);
#2327 = CARTESIAN_POINT('',(10.2,-5.551115123126E-17,0.));
#2328 = VECTOR('',#2329,1.);
#2329 = DIRECTION('',(0.,0.,1.));
#2330 = FACE_BOUND('',#2331,.F.);
#2331 = EDGE_LOOP('',(#2332,#2342,#2350,#2358,#2367,#2376,#2384,#2392,
    #2400));
#2332 = ORIENTED_EDGE('',*,*,#2333,.F.);
#2333 = EDGE_CURVE('',#2334,#2336,#2338,.T.);
#2334 = VERTEX_POINT('',#2335);
#2335 = CARTESIAN_POINT('',(10.15,0.,5.6));
#2336 = VERTEX_POINT('',#2337);
#2337 = CARTESIAN_POINT('',(10.15,0.,2.1));
#2338 = LINE('',#2339,#2340);
#2339 = CARTESIAN_POINT('',(10.15,0.,1.05));
#2340 = VECTOR('',#2341,1.);
#2341 = DIRECTION('',(-0.,0.,-1.));
#2342 = ORIENTED_EDGE('',*,*,#2343,.F.);
#2343 = EDGE_CURVE('',#2344,#2334,#2346,.T.);
#2344 = VERTEX_POINT('',#2345);
#2345 = CARTESIAN_POINT('',(9.7,0.,5.6));
#2346 = LINE('',#2347,#2348);
#2347 = CARTESIAN_POINT('',(7.175,0.,5.6));
#2348 = VECTOR('',#2349,1.);
#2349 = DIRECTION('',(1.,0.,-0.));
#2350 = ORIENTED_EDGE('',*,*,#2351,.F.);
#2351 = EDGE_CURVE('',#2352,#2344,#2354,.T.);
#2352 = VERTEX_POINT('',#2353);
#2353 = CARTESIAN_POINT('',(9.7,0.,7.35));
#2354 = LINE('',#2355,#2356);
#2355 = CARTESIAN_POINT('',(9.7,0.,2.8));
#2356 = VECTOR('',#2357,1.);
#2357 = DIRECTION('',(-0.,0.,-1.));
#2358 = ORIENTED_EDGE('',*,*,#2359,.F.);
#2359 = EDGE_CURVE('',#2360,#2352,#2362,.T.);
#2360 = VERTEX_POINT('',#2361);
#2361 = CARTESIAN_POINT('',(8.75,0.,8.3));
#2362 = CIRCLE('',#2363,0.95);
#2363 = AXIS2_PLACEMENT_3D('',#2364,#2365,#2366);
#2364 = CARTESIAN_POINT('',(8.75,0.,7.35));
#2365 = DIRECTION('',(0.,1.,0.));
#2366 = DIRECTION('',(0.,-0.,1.));
#2367 = ORIENTED_EDGE('',*,*,#2368,.F.);
#2368 = EDGE_CURVE('',#2369,#2360,#2371,.T.);
#2369 = VERTEX_POINT('',#2370);
#2370 = CARTESIAN_POINT('',(7.8,0.,7.35));
#2371 = CIRCLE('',#2372,0.95);
#2372 = AXIS2_PLACEMENT_3D('',#2373,#2374,#2375);
#2373 = CARTESIAN_POINT('',(8.75,0.,7.35));
#2374 = DIRECTION('',(0.,1.,0.));
#2375 = DIRECTION('',(0.,-0.,1.));
#2376 = ORIENTED_EDGE('',*,*,#2377,.T.);
#2377 = EDGE_CURVE('',#2369,#2378,#2380,.T.);
#2378 = VERTEX_POINT('',#2379);
#2379 = CARTESIAN_POINT('',(7.8,0.,5.6));
#2380 = LINE('',#2381,#2382);
#2381 = CARTESIAN_POINT('',(7.8,0.,2.8));
#2382 = VECTOR('',#2383,1.);
#2383 = DIRECTION('',(-0.,0.,-1.));
#2384 = ORIENTED_EDGE('',*,*,#2385,.F.);
#2385 = EDGE_CURVE('',#2386,#2378,#2388,.T.);
#2386 = VERTEX_POINT('',#2387);
#2387 = CARTESIAN_POINT('',(7.35,0.,5.6));
#2388 = LINE('',#2389,#2390);
#2389 = CARTESIAN_POINT('',(7.175,0.,5.6));
#2390 = VECTOR('',#2391,1.);
#2391 = DIRECTION('',(1.,0.,-0.));
#2392 = ORIENTED_EDGE('',*,*,#2393,.T.);
#2393 = EDGE_CURVE('',#2386,#2394,#2396,.T.);
#2394 = VERTEX_POINT('',#2395);
#2395 = CARTESIAN_POINT('',(7.35,0.,2.1));
#2396 = LINE('',#2397,#2398);
#2397 = CARTESIAN_POINT('',(7.35,0.,1.05));
#2398 = VECTOR('',#2399,1.);
#2399 = DIRECTION('',(-0.,0.,-1.));
#2400 = ORIENTED_EDGE('',*,*,#2401,.F.);
#2401 = EDGE_CURVE('',#2336,#2394,#2402,.T.);
#2402 = CIRCLE('',#2403,1.4);
#2403 = AXIS2_PLACEMENT_3D('',#2404,#2405,#2406);
#2404 = CARTESIAN_POINT('',(8.75,0.,2.1));
#2405 = DIRECTION('',(0.,1.,0.));
#2406 = DIRECTION('',(0.,-0.,1.));
#2407 = PLANE('',#2408);
#2408 = AXIS2_PLACEMENT_3D('',#2409,#2410,#2411);
#2409 = CARTESIAN_POINT('',(7.,0.,0.));
#2410 = DIRECTION('',(-0.,1.,0.));
#2411 = DIRECTION('',(0.,0.,1.));
#2412 = ADVANCED_FACE('',(#2413),#2424,.T.);
#2413 = FACE_BOUND('',#2414,.T.);
#2414 = EDGE_LOOP('',(#2415,#2416,#2423));
#2415 = ORIENTED_EDGE('',*,*,#2282,.F.);
#2416 = ORIENTED_EDGE('',*,*,#2417,.T.);
#2417 = EDGE_CURVE('',#2283,#2102,#2418,.T.);
#2418 = CIRCLE('',#2419,0.3);
#2419 = AXIS2_PLACEMENT_3D('',#2420,#2421,#2422);
#2420 = CARTESIAN_POINT('',(7.3,0.3,0.3));
#2421 = DIRECTION('',(-1.,6.123233995737E-17,0.));
#2422 = DIRECTION('',(-6.123233995737E-17,-1.,0.));
#2423 = ORIENTED_EDGE('',*,*,#2101,.F.);
#2424 = SPHERICAL_SURFACE('',#2425,0.3);
#2425 = AXIS2_PLACEMENT_3D('',#2426,#2427,#2428);
#2426 = CARTESIAN_POINT('',(7.3,0.3,0.3));
#2427 = DIRECTION('',(0.,0.,1.));
#2428 = DIRECTION('',(-1.,0.,0.));
#2429 = ADVANCED_FACE('',(#2430),#2449,.T.);
#2430 = FACE_BOUND('',#2431,.F.);
#2431 = EDGE_LOOP('',(#2432,#2440,#2447,#2448));
#2432 = ORIENTED_EDGE('',*,*,#2433,.F.);
#2433 = EDGE_CURVE('',#2434,#2192,#2436,.T.);
#2434 = VERTEX_POINT('',#2435);
#2435 = CARTESIAN_POINT('',(10.5,0.3,0.3));
#2436 = LINE('',#2437,#2438);
#2437 = CARTESIAN_POINT('',(10.5,0.3,0.));
#2438 = VECTOR('',#2439,1.);
#2439 = DIRECTION('',(0.,0.,1.));
#2440 = ORIENTED_EDGE('',*,*,#2441,.T.);
#2441 = EDGE_CURVE('',#2434,#2316,#2442,.T.);
#2442 = CIRCLE('',#2443,0.3);
#2443 = AXIS2_PLACEMENT_3D('',#2444,#2445,#2446);
#2444 = CARTESIAN_POINT('',(10.2,0.3,0.3));
#2445 = DIRECTION('',(0.,-0.,-1.));
#2446 = DIRECTION('',(1.,0.,-0.));
#2447 = ORIENTED_EDGE('',*,*,#2325,.T.);
#2448 = ORIENTED_EDGE('',*,*,#2199,.F.);
#2449 = CYLINDRICAL_SURFACE('',#2450,0.3);
#2450 = AXIS2_PLACEMENT_3D('',#2451,#2452,#2453);
#2451 = CARTESIAN_POINT('',(10.2,0.3,0.));
#2452 = DIRECTION('',(0.,0.,1.));
#2453 = DIRECTION('',(1.,0.,-0.));
#2454 = ADVANCED_FACE('',(#2455),#2481,.T.);
#2455 = FACE_BOUND('',#2456,.T.);
#2456 = EDGE_LOOP('',(#2457,#2458,#2466,#2474,#2480));
#2457 = ORIENTED_EDGE('',*,*,#2433,.F.);
#2458 = ORIENTED_EDGE('',*,*,#2459,.T.);
#2459 = EDGE_CURVE('',#2434,#2460,#2462,.T.);
#2460 = VERTEX_POINT('',#2461);
#2461 = CARTESIAN_POINT('',(10.5,12.2,0.3));
#2462 = LINE('',#2463,#2464);
#2463 = CARTESIAN_POINT('',(10.5,0.,0.3));
#2464 = VECTOR('',#2465,1.);
#2465 = DIRECTION('',(-0.,1.,0.));
#2466 = ORIENTED_EDGE('',*,*,#2467,.T.);
#2467 = EDGE_CURVE('',#2460,#2468,#2470,.T.);
#2468 = VERTEX_POINT('',#2469);
#2469 = CARTESIAN_POINT('',(10.5,12.2,10.3));
#2470 = LINE('',#2471,#2472);
#2471 = CARTESIAN_POINT('',(10.5,12.2,0.));
#2472 = VECTOR('',#2473,1.);
#2473 = DIRECTION('',(0.,0.,1.));
#2474 = ORIENTED_EDGE('',*,*,#2475,.F.);
#2475 = EDGE_CURVE('',#2183,#2468,#2476,.T.);
#2476 = LINE('',#2477,#2478);
#2477 = CARTESIAN_POINT('',(10.5,0.,10.3));
#2478 = VECTOR('',#2479,1.);
#2479 = DIRECTION('',(-0.,1.,0.));
#2480 = ORIENTED_EDGE('',*,*,#2191,.F.);
#2481 = PLANE('',#2482);
#2482 = AXIS2_PLACEMENT_3D('',#2483,#2484,#2485);
#2483 = CARTESIAN_POINT('',(10.5,0.,0.));
#2484 = DIRECTION('',(1.,0.,-0.));
#2485 = DIRECTION('',(0.,0.,1.));
#2486 = ADVANCED_FACE('',(#2487),#2506,.T.);
#2487 = FACE_BOUND('',#2488,.F.);
#2488 = EDGE_LOOP('',(#2489,#2490,#2498,#2505));
#2489 = ORIENTED_EDGE('',*,*,#2182,.F.);
#2490 = ORIENTED_EDGE('',*,*,#2491,.T.);
#2491 = EDGE_CURVE('',#2175,#2492,#2494,.T.);
#2492 = VERTEX_POINT('',#2493);
#2493 = CARTESIAN_POINT('',(10.2,12.2,10.6));
#2494 = LINE('',#2495,#2496);
#2495 = CARTESIAN_POINT('',(10.2,0.,10.6));
#2496 = VECTOR('',#2497,1.);
#2497 = DIRECTION('',(-0.,1.,0.));
#2498 = ORIENTED_EDGE('',*,*,#2499,.F.);
#2499 = EDGE_CURVE('',#2468,#2492,#2500,.T.);
#2500 = CIRCLE('',#2501,0.3);
#2501 = AXIS2_PLACEMENT_3D('',#2502,#2503,#2504);
#2502 = CARTESIAN_POINT('',(10.2,12.2,10.3));
#2503 = DIRECTION('',(0.,-1.,-0.));
#2504 = DIRECTION('',(1.,0.,0.));
#2505 = ORIENTED_EDGE('',*,*,#2475,.F.);
#2506 = CYLINDRICAL_SURFACE('',#2507,0.3);
#2507 = AXIS2_PLACEMENT_3D('',#2508,#2509,#2510);
#2508 = CARTESIAN_POINT('',(10.2,0.,10.3));
#2509 = DIRECTION('',(-0.,1.,0.));
#2510 = DIRECTION('',(1.,0.,-0.));
#2511 = ADVANCED_FACE('',(#2512),#2546,.T.);
#2512 = FACE_BOUND('',#2513,.T.);
#2513 = EDGE_LOOP('',(#2514,#2515,#2516,#2524,#2532,#2538,#2539,#2540));
#2514 = ORIENTED_EDGE('',*,*,#2225,.F.);
#2515 = ORIENTED_EDGE('',*,*,#2142,.T.);
#2516 = ORIENTED_EDGE('',*,*,#2517,.F.);
#2517 = EDGE_CURVE('',#2518,#2143,#2520,.T.);
#2518 = VERTEX_POINT('',#2519);
#2519 = CARTESIAN_POINT('',(7.34,9.7,10.6));
#2520 = LINE('',#2521,#2522);
#2521 = CARTESIAN_POINT('',(7.34,2.442585746037,10.6));
#2522 = VECTOR('',#2523,1.);
#2523 = DIRECTION('',(0.,-1.,0.));
#2524 = ORIENTED_EDGE('',*,*,#2525,.F.);
#2525 = EDGE_CURVE('',#2526,#2518,#2528,.T.);
#2526 = VERTEX_POINT('',#2527);
#2527 = CARTESIAN_POINT('',(10.16,9.7,10.6));
#2528 = LINE('',#2529,#2530);
#2529 = CARTESIAN_POINT('',(7.17,9.7,10.6));
#2530 = VECTOR('',#2531,1.);
#2531 = DIRECTION('',(-1.,-0.,0.));
#2532 = ORIENTED_EDGE('',*,*,#2533,.T.);
#2533 = EDGE_CURVE('',#2526,#2167,#2534,.T.);
#2534 = LINE('',#2535,#2536);
#2535 = CARTESIAN_POINT('',(10.16,2.442585746037,10.6));
#2536 = VECTOR('',#2537,1.);
#2537 = DIRECTION('',(0.,-1.,0.));
#2538 = ORIENTED_EDGE('',*,*,#2174,.T.);
#2539 = ORIENTED_EDGE('',*,*,#2491,.T.);
#2540 = ORIENTED_EDGE('',*,*,#2541,.F.);
#2541 = EDGE_CURVE('',#2226,#2492,#2542,.T.);
#2542 = LINE('',#2543,#2544);
#2543 = CARTESIAN_POINT('',(7.,12.2,10.6));
#2544 = VECTOR('',#2545,1.);
#2545 = DIRECTION('',(1.,0.,-0.));
#2546 = PLANE('',#2547);
#2547 = AXIS2_PLACEMENT_3D('',#2548,#2549,#2550);
#2548 = CARTESIAN_POINT('',(7.,0.,10.6));
#2549 = DIRECTION('',(0.,0.,1.));
#2550 = DIRECTION('',(1.,0.,-0.));
#2551 = ADVANCED_FACE('',(#2552),#2578,.T.);
#2552 = FACE_BOUND('',#2553,.T.);
#2553 = EDGE_LOOP('',(#2554,#2555,#2563,#2571,#2577));
#2554 = ORIENTED_EDGE('',*,*,#2533,.F.);
#2555 = ORIENTED_EDGE('',*,*,#2556,.T.);
#2556 = EDGE_CURVE('',#2526,#2557,#2559,.T.);
#2557 = VERTEX_POINT('',#2558);
#2558 = CARTESIAN_POINT('',(10.16,9.7,8.45));
#2559 = LINE('',#2560,#2561);
#2560 = CARTESIAN_POINT('',(10.16,9.7,10.8));
#2561 = VECTOR('',#2562,1.);
#2562 = DIRECTION('',(0.,0.,-1.));
#2563 = ORIENTED_EDGE('',*,*,#2564,.T.);
#2564 = EDGE_CURVE('',#2557,#2565,#2567,.T.);
#2565 = VERTEX_POINT('',#2566);
#2566 = CARTESIAN_POINT('',(10.16,1.4,8.45));
#2567 = LINE('',#2568,#2569);
#2568 = CARTESIAN_POINT('',(10.16,9.7,8.45));
#2569 = VECTOR('',#2570,1.);
#2570 = DIRECTION('',(0.,-1.,0.));
#2571 = ORIENTED_EDGE('',*,*,#2572,.T.);
#2572 = EDGE_CURVE('',#2565,#2159,#2573,.T.);
#2573 = LINE('',#2574,#2575);
#2574 = CARTESIAN_POINT('',(10.16,1.4,8.45));
#2575 = VECTOR('',#2576,1.);
#2576 = DIRECTION('',(0.,-0.677475754752,0.735545105159));
#2577 = ORIENTED_EDGE('',*,*,#2166,.F.);
#2578 = PLANE('',#2579);
#2579 = AXIS2_PLACEMENT_3D('',#2580,#2581,#2582);
#2580 = CARTESIAN_POINT('',(10.16,4.885171492075,9.712433169613));
#2581 = DIRECTION('',(-1.,-0.,-0.));
#2582 = DIRECTION('',(0.,0.,-1.));
#2583 = ADVANCED_FACE('',(#2584),#2602,.F.);
#2584 = FACE_BOUND('',#2585,.F.);
#2585 = EDGE_LOOP('',(#2586,#2594,#2600,#2601));
#2586 = ORIENTED_EDGE('',*,*,#2587,.F.);
#2587 = EDGE_CURVE('',#2588,#2151,#2590,.T.);
#2588 = VERTEX_POINT('',#2589);
#2589 = CARTESIAN_POINT('',(7.34,1.4,8.45));
#2590 = LINE('',#2591,#2592);
#2591 = CARTESIAN_POINT('',(7.34,1.4,8.45));
#2592 = VECTOR('',#2593,1.);
#2593 = DIRECTION('',(0.,-0.677475754752,0.735545105159));
#2594 = ORIENTED_EDGE('',*,*,#2595,.T.);
#2595 = EDGE_CURVE('',#2588,#2565,#2596,.T.);
#2596 = LINE('',#2597,#2598);
#2597 = CARTESIAN_POINT('',(7.34,1.4,8.45));
#2598 = VECTOR('',#2599,1.);
#2599 = DIRECTION('',(1.,0.,0.));
#2600 = ORIENTED_EDGE('',*,*,#2572,.T.);
#2601 = ORIENTED_EDGE('',*,*,#2158,.F.);
#2602 = PLANE('',#2603);
#2603 = AXIS2_PLACEMENT_3D('',#2604,#2605,#2606);
#2604 = CARTESIAN_POINT('',(7.34,1.4,8.45));
#2605 = DIRECTION('',(0.,-0.735545105159,-0.677475754752));
#2606 = DIRECTION('',(0.,-0.677475754752,0.735545105159));
#2607 = ADVANCED_FACE('',(#2608),#2627,.F.);
#2608 = FACE_BOUND('',#2609,.F.);
#2609 = EDGE_LOOP('',(#2610,#2611,#2619,#2625,#2626));
#2610 = ORIENTED_EDGE('',*,*,#2517,.F.);
#2611 = ORIENTED_EDGE('',*,*,#2612,.T.);
#2612 = EDGE_CURVE('',#2518,#2613,#2615,.T.);
#2613 = VERTEX_POINT('',#2614);
#2614 = CARTESIAN_POINT('',(7.34,9.7,8.45));
#2615 = LINE('',#2616,#2617);
#2616 = CARTESIAN_POINT('',(7.34,9.7,10.8));
#2617 = VECTOR('',#2618,1.);
#2618 = DIRECTION('',(0.,0.,-1.));
#2619 = ORIENTED_EDGE('',*,*,#2620,.T.);
#2620 = EDGE_CURVE('',#2613,#2588,#2621,.T.);
#2621 = LINE('',#2622,#2623);
#2622 = CARTESIAN_POINT('',(7.34,9.7,8.45));
#2623 = VECTOR('',#2624,1.);
#2624 = DIRECTION('',(0.,-1.,0.));
#2625 = ORIENTED_EDGE('',*,*,#2587,.T.);
#2626 = ORIENTED_EDGE('',*,*,#2150,.F.);
#2627 = PLANE('',#2628);
#2628 = AXIS2_PLACEMENT_3D('',#2629,#2630,#2631);
#2629 = CARTESIAN_POINT('',(7.34,4.885171492075,9.712433169613));
#2630 = DIRECTION('',(-1.,-0.,-0.));
#2631 = DIRECTION('',(0.,0.,-1.));
#2632 = ADVANCED_FACE('',(#2633),#2644,.T.);
#2633 = FACE_BOUND('',#2634,.F.);
#2634 = EDGE_LOOP('',(#2635,#2636,#2643));
#2635 = ORIENTED_EDGE('',*,*,#2267,.F.);
#2636 = ORIENTED_EDGE('',*,*,#2637,.T.);
#2637 = EDGE_CURVE('',#2260,#2226,#2638,.T.);
#2638 = CIRCLE('',#2639,0.3);
#2639 = AXIS2_PLACEMENT_3D('',#2640,#2641,#2642);
#2640 = CARTESIAN_POINT('',(7.3,12.2,10.3));
#2641 = DIRECTION('',(1.,0.,6.123233995737E-17));
#2642 = DIRECTION('',(-6.123233995737E-17,-0.,1.));
#2643 = ORIENTED_EDGE('',*,*,#2233,.F.);
#2644 = SPHERICAL_SURFACE('',#2645,0.3);
#2645 = AXIS2_PLACEMENT_3D('',#2646,#2647,#2648);
#2646 = CARTESIAN_POINT('',(7.3,12.2,10.3));
#2647 = DIRECTION('',(0.,-1.,-0.));
#2648 = DIRECTION('',(-1.,-0.,0.));
#2649 = ADVANCED_FACE('',(#2650),#2661,.T.);
#2650 = FACE_BOUND('',#2651,.F.);
#2651 = EDGE_LOOP('',(#2652,#2653,#2660));
#2652 = ORIENTED_EDGE('',*,*,#2299,.F.);
#2653 = ORIENTED_EDGE('',*,*,#2654,.T.);
#2654 = EDGE_CURVE('',#2292,#2251,#2655,.T.);
#2655 = CIRCLE('',#2656,0.3);
#2656 = AXIS2_PLACEMENT_3D('',#2657,#2658,#2659);
#2657 = CARTESIAN_POINT('',(7.3,12.2,0.3));
#2658 = DIRECTION('',(1.,6.123233995737E-17,-0.));
#2659 = DIRECTION('',(-6.123233995737E-17,1.,0.));
#2660 = ORIENTED_EDGE('',*,*,#2250,.F.);
#2661 = SPHERICAL_SURFACE('',#2662,0.3);
#2662 = AXIS2_PLACEMENT_3D('',#2663,#2664,#2665);
#2663 = CARTESIAN_POINT('',(7.3,12.2,0.3));
#2664 = DIRECTION('',(0.,0.,1.));
#2665 = DIRECTION('',(-1.,0.,0.));
#2666 = ADVANCED_FACE('',(#2667),#2692,.T.);
#2667 = FACE_BOUND('',#2668,.T.);
#2668 = EDGE_LOOP('',(#2669,#2670,#2678,#2686));
#2669 = ORIENTED_EDGE('',*,*,#2259,.T.);
#2670 = ORIENTED_EDGE('',*,*,#2671,.T.);
#2671 = EDGE_CURVE('',#2260,#2672,#2674,.T.);
#2672 = VERTEX_POINT('',#2673);
#2673 = CARTESIAN_POINT('',(10.2,12.5,10.3));
#2674 = LINE('',#2675,#2676);
#2675 = CARTESIAN_POINT('',(7.,12.5,10.3));
#2676 = VECTOR('',#2677,1.);
#2677 = DIRECTION('',(1.,0.,-0.));
#2678 = ORIENTED_EDGE('',*,*,#2679,.F.);
#2679 = EDGE_CURVE('',#2680,#2672,#2682,.T.);
#2680 = VERTEX_POINT('',#2681);
#2681 = CARTESIAN_POINT('',(10.2,12.5,0.3));
#2682 = LINE('',#2683,#2684);
#2683 = CARTESIAN_POINT('',(10.2,12.5,0.));
#2684 = VECTOR('',#2685,1.);
#2685 = DIRECTION('',(0.,0.,1.));
#2686 = ORIENTED_EDGE('',*,*,#2687,.F.);
#2687 = EDGE_CURVE('',#2251,#2680,#2688,.T.);
#2688 = LINE('',#2689,#2690);
#2689 = CARTESIAN_POINT('',(7.,12.5,0.3));
#2690 = VECTOR('',#2691,1.);
#2691 = DIRECTION('',(1.,0.,-0.));
#2692 = PLANE('',#2693);
#2693 = AXIS2_PLACEMENT_3D('',#2694,#2695,#2696);
#2694 = CARTESIAN_POINT('',(7.,12.5,0.));
#2695 = DIRECTION('',(-0.,1.,0.));
#2696 = DIRECTION('',(0.,0.,1.));
#2697 = ADVANCED_FACE('',(#2698),#2723,.F.);
#2698 = FACE_BOUND('',#2699,.F.);
#2699 = EDGE_LOOP('',(#2700,#2701,#2709,#2717));
#2700 = ORIENTED_EDGE('',*,*,#2291,.F.);
#2701 = ORIENTED_EDGE('',*,*,#2702,.T.);
#2702 = EDGE_CURVE('',#2283,#2703,#2705,.T.);
#2703 = VERTEX_POINT('',#2704);
#2704 = CARTESIAN_POINT('',(10.2,0.3,0.));
#2705 = LINE('',#2706,#2707);
#2706 = CARTESIAN_POINT('',(7.,0.3,-5.551115123126E-17));
#2707 = VECTOR('',#2708,1.);
#2708 = DIRECTION('',(1.,0.,-0.));
#2709 = ORIENTED_EDGE('',*,*,#2710,.T.);
#2710 = EDGE_CURVE('',#2703,#2711,#2713,.T.);
#2711 = VERTEX_POINT('',#2712);
#2712 = CARTESIAN_POINT('',(10.2,12.2,0.));
#2713 = LINE('',#2714,#2715);
#2714 = CARTESIAN_POINT('',(10.2,0.,-5.551115123126E-17));
#2715 = VECTOR('',#2716,1.);
#2716 = DIRECTION('',(-0.,1.,0.));
#2717 = ORIENTED_EDGE('',*,*,#2718,.F.);
#2718 = EDGE_CURVE('',#2292,#2711,#2719,.T.);
#2719 = LINE('',#2720,#2721);
#2720 = CARTESIAN_POINT('',(7.,12.2,-5.551115123126E-17));
#2721 = VECTOR('',#2722,1.);
#2722 = DIRECTION('',(1.,0.,-0.));
#2723 = PLANE('',#2724);
#2724 = AXIS2_PLACEMENT_3D('',#2725,#2726,#2727);
#2725 = CARTESIAN_POINT('',(7.,0.,0.));
#2726 = DIRECTION('',(0.,0.,1.));
#2727 = DIRECTION('',(1.,0.,-0.));
#2728 = ADVANCED_FACE('',(#2729),#2741,.T.);
#2729 = FACE_BOUND('',#2730,.T.);
#2730 = EDGE_LOOP('',(#2731,#2732,#2733,#2740));
#2731 = ORIENTED_EDGE('',*,*,#2417,.F.);
#2732 = ORIENTED_EDGE('',*,*,#2702,.T.);
#2733 = ORIENTED_EDGE('',*,*,#2734,.T.);
#2734 = EDGE_CURVE('',#2703,#2316,#2735,.T.);
#2735 = CIRCLE('',#2736,0.3);
#2736 = AXIS2_PLACEMENT_3D('',#2737,#2738,#2739);
#2737 = CARTESIAN_POINT('',(10.2,0.3,0.3));
#2738 = DIRECTION('',(-1.,-6.123233995737E-17,0.));
#2739 = DIRECTION('',(6.123233995737E-17,-1.,-0.));
#2740 = ORIENTED_EDGE('',*,*,#2315,.F.);
#2741 = CYLINDRICAL_SURFACE('',#2742,0.3);
#2742 = AXIS2_PLACEMENT_3D('',#2743,#2744,#2745);
#2743 = CARTESIAN_POINT('',(7.,0.3,0.3));
#2744 = DIRECTION('',(1.,0.,-0.));
#2745 = DIRECTION('',(0.,-1.,0.));
#2746 = ADVANCED_FACE('',(#2747),#2772,.F.);
#2747 = FACE_BOUND('',#2748,.F.);
#2748 = EDGE_LOOP('',(#2749,#2750,#2758,#2766));
#2749 = ORIENTED_EDGE('',*,*,#2333,.T.);
#2750 = ORIENTED_EDGE('',*,*,#2751,.T.);
#2751 = EDGE_CURVE('',#2336,#2752,#2754,.T.);
#2752 = VERTEX_POINT('',#2753);
#2753 = CARTESIAN_POINT('',(10.15,0.4,2.1));
#2754 = LINE('',#2755,#2756);
#2755 = CARTESIAN_POINT('',(10.15,-5.E-02,2.1));
#2756 = VECTOR('',#2757,1.);
#2757 = DIRECTION('',(-0.,1.,0.));
#2758 = ORIENTED_EDGE('',*,*,#2759,.T.);
#2759 = EDGE_CURVE('',#2752,#2760,#2762,.T.);
#2760 = VERTEX_POINT('',#2761);
#2761 = CARTESIAN_POINT('',(10.15,0.4,5.6));
#2762 = LINE('',#2763,#2764);
#2763 = CARTESIAN_POINT('',(10.15,0.4,2.1));
#2764 = VECTOR('',#2765,1.);
#2765 = DIRECTION('',(0.,0.,1.));
#2766 = ORIENTED_EDGE('',*,*,#2767,.F.);
#2767 = EDGE_CURVE('',#2334,#2760,#2768,.T.);
#2768 = LINE('',#2769,#2770);
#2769 = CARTESIAN_POINT('',(10.15,-5.E-02,5.6));
#2770 = VECTOR('',#2771,1.);
#2771 = DIRECTION('',(-0.,1.,0.));
#2772 = PLANE('',#2773);
#2773 = AXIS2_PLACEMENT_3D('',#2774,#2775,#2776);
#2774 = CARTESIAN_POINT('',(10.15,-5.E-02,2.1));
#2775 = DIRECTION('',(1.,0.,-0.));
#2776 = DIRECTION('',(0.,0.,1.));
#2777 = ADVANCED_FACE('',(#2778),#2797,.F.);
#2778 = FACE_BOUND('',#2779,.F.);
#2779 = EDGE_LOOP('',(#2780,#2789,#2790,#2791));
#2780 = ORIENTED_EDGE('',*,*,#2781,.F.);
#2781 = EDGE_CURVE('',#2752,#2782,#2784,.T.);
#2782 = VERTEX_POINT('',#2783);
#2783 = CARTESIAN_POINT('',(7.35,0.4,2.1));
#2784 = CIRCLE('',#2785,1.4);
#2785 = AXIS2_PLACEMENT_3D('',#2786,#2787,#2788);
#2786 = CARTESIAN_POINT('',(8.75,0.4,2.1));
#2787 = DIRECTION('',(0.,1.,0.));
#2788 = DIRECTION('',(0.,-0.,1.));
#2789 = ORIENTED_EDGE('',*,*,#2751,.F.);
#2790 = ORIENTED_EDGE('',*,*,#2401,.T.);
#2791 = ORIENTED_EDGE('',*,*,#2792,.T.);
#2792 = EDGE_CURVE('',#2394,#2782,#2793,.T.);
#2793 = LINE('',#2794,#2795);
#2794 = CARTESIAN_POINT('',(7.35,-5.E-02,2.1));
#2795 = VECTOR('',#2796,1.);
#2796 = DIRECTION('',(-0.,1.,0.));
#2797 = CYLINDRICAL_SURFACE('',#2798,1.4);
#2798 = AXIS2_PLACEMENT_3D('',#2799,#2800,#2801);
#2799 = CARTESIAN_POINT('',(8.75,-5.E-02,2.1));
#2800 = DIRECTION('',(0.,1.,0.));
#2801 = DIRECTION('',(0.,-0.,1.));
#2802 = ADVANCED_FACE('',(#2803),#2828,.F.);
#2803 = FACE_BOUND('',#2804,.F.);
#2804 = EDGE_LOOP('',(#2805,#2806,#2814,#2822));
#2805 = ORIENTED_EDGE('',*,*,#2351,.T.);
#2806 = ORIENTED_EDGE('',*,*,#2807,.T.);
#2807 = EDGE_CURVE('',#2344,#2808,#2810,.T.);
#2808 = VERTEX_POINT('',#2809);
#2809 = CARTESIAN_POINT('',(9.7,0.4,5.6));
#2810 = LINE('',#2811,#2812);
#2811 = CARTESIAN_POINT('',(9.7,-5.E-02,5.6));
#2812 = VECTOR('',#2813,1.);
#2813 = DIRECTION('',(-0.,1.,0.));
#2814 = ORIENTED_EDGE('',*,*,#2815,.T.);
#2815 = EDGE_CURVE('',#2808,#2816,#2818,.T.);
#2816 = VERTEX_POINT('',#2817);
#2817 = CARTESIAN_POINT('',(9.7,0.4,7.35));
#2818 = LINE('',#2819,#2820);
#2819 = CARTESIAN_POINT('',(9.7,0.4,5.6));
#2820 = VECTOR('',#2821,1.);
#2821 = DIRECTION('',(0.,0.,1.));
#2822 = ORIENTED_EDGE('',*,*,#2823,.F.);
#2823 = EDGE_CURVE('',#2352,#2816,#2824,.T.);
#2824 = LINE('',#2825,#2826);
#2825 = CARTESIAN_POINT('',(9.7,-5.E-02,7.35));
#2826 = VECTOR('',#2827,1.);
#2827 = DIRECTION('',(-0.,1.,0.));
#2828 = PLANE('',#2829);
#2829 = AXIS2_PLACEMENT_3D('',#2830,#2831,#2832);
#2830 = CARTESIAN_POINT('',(9.7,-5.E-02,5.6));
#2831 = DIRECTION('',(1.,0.,-0.));
#2832 = DIRECTION('',(0.,0.,1.));
#2833 = ADVANCED_FACE('',(#2834),#2852,.T.);
#2834 = FACE_BOUND('',#2835,.T.);
#2835 = EDGE_LOOP('',(#2836,#2837,#2838,#2846));
#2836 = ORIENTED_EDGE('',*,*,#2393,.T.);
#2837 = ORIENTED_EDGE('',*,*,#2792,.T.);
#2838 = ORIENTED_EDGE('',*,*,#2839,.T.);
#2839 = EDGE_CURVE('',#2782,#2840,#2842,.T.);
#2840 = VERTEX_POINT('',#2841);
#2841 = CARTESIAN_POINT('',(7.35,0.4,5.6));
#2842 = LINE('',#2843,#2844);
#2843 = CARTESIAN_POINT('',(7.35,0.4,2.1));
#2844 = VECTOR('',#2845,1.);
#2845 = DIRECTION('',(0.,0.,1.));
#2846 = ORIENTED_EDGE('',*,*,#2847,.F.);
#2847 = EDGE_CURVE('',#2386,#2840,#2848,.T.);
#2848 = LINE('',#2849,#2850);
#2849 = CARTESIAN_POINT('',(7.35,-5.E-02,5.6));
#2850 = VECTOR('',#2851,1.);
#2851 = DIRECTION('',(-0.,1.,0.));
#2852 = PLANE('',#2853);
#2853 = AXIS2_PLACEMENT_3D('',#2854,#2855,#2856);
#2854 = CARTESIAN_POINT('',(7.35,-5.E-02,2.1));
#2855 = DIRECTION('',(1.,0.,-0.));
#2856 = DIRECTION('',(0.,0.,1.));
#2857 = ADVANCED_FACE('',(#2858),#2883,.T.);
#2858 = FACE_BOUND('',#2859,.T.);
#2859 = EDGE_LOOP('',(#2860,#2861,#2869,#2877));
#2860 = ORIENTED_EDGE('',*,*,#2377,.T.);
#2861 = ORIENTED_EDGE('',*,*,#2862,.T.);
#2862 = EDGE_CURVE('',#2378,#2863,#2865,.T.);
#2863 = VERTEX_POINT('',#2864);
#2864 = CARTESIAN_POINT('',(7.8,0.4,5.6));
#2865 = LINE('',#2866,#2867);
#2866 = CARTESIAN_POINT('',(7.8,-5.E-02,5.6));
#2867 = VECTOR('',#2868,1.);
#2868 = DIRECTION('',(-0.,1.,0.));
#2869 = ORIENTED_EDGE('',*,*,#2870,.T.);
#2870 = EDGE_CURVE('',#2863,#2871,#2873,.T.);
#2871 = VERTEX_POINT('',#2872);
#2872 = CARTESIAN_POINT('',(7.8,0.4,7.35));
#2873 = LINE('',#2874,#2875);
#2874 = CARTESIAN_POINT('',(7.8,0.4,5.6));
#2875 = VECTOR('',#2876,1.);
#2876 = DIRECTION('',(0.,0.,1.));
#2877 = ORIENTED_EDGE('',*,*,#2878,.F.);
#2878 = EDGE_CURVE('',#2369,#2871,#2879,.T.);
#2879 = LINE('',#2880,#2881);
#2880 = CARTESIAN_POINT('',(7.8,-5.E-02,7.35));
#2881 = VECTOR('',#2882,1.);
#2882 = DIRECTION('',(-0.,1.,0.));
#2883 = PLANE('',#2884);
#2884 = AXIS2_PLACEMENT_3D('',#2885,#2886,#2887);
#2885 = CARTESIAN_POINT('',(7.8,-5.E-02,5.6));
#2886 = DIRECTION('',(1.,0.,-0.));
#2887 = DIRECTION('',(0.,0.,1.));
#2888 = ADVANCED_FACE('',(#2889),#2900,.T.);
#2889 = FACE_BOUND('',#2890,.F.);
#2890 = EDGE_LOOP('',(#2891,#2898,#2899));
#2891 = ORIENTED_EDGE('',*,*,#2892,.F.);
#2892 = EDGE_CURVE('',#2703,#2434,#2893,.T.);
#2893 = CIRCLE('',#2894,0.3);
#2894 = AXIS2_PLACEMENT_3D('',#2895,#2896,#2897);
#2895 = CARTESIAN_POINT('',(10.2,0.3,0.3));
#2896 = DIRECTION('',(0.,-1.,0.));
#2897 = DIRECTION('',(1.,0.,0.));
#2898 = ORIENTED_EDGE('',*,*,#2734,.T.);
#2899 = ORIENTED_EDGE('',*,*,#2441,.F.);
#2900 = SPHERICAL_SURFACE('',#2901,0.3);
#2901 = AXIS2_PLACEMENT_3D('',#2902,#2903,#2904);
#2902 = CARTESIAN_POINT('',(10.2,0.3,0.3));
#2903 = DIRECTION('',(0.,0.,1.));
#2904 = DIRECTION('',(1.,0.,-0.));
#2905 = ADVANCED_FACE('',(#2906),#2924,.T.);
#2906 = FACE_BOUND('',#2907,.T.);
#2907 = EDGE_LOOP('',(#2908,#2909,#2916,#2917));
#2908 = ORIENTED_EDGE('',*,*,#2467,.F.);
#2909 = ORIENTED_EDGE('',*,*,#2910,.T.);
#2910 = EDGE_CURVE('',#2460,#2680,#2911,.T.);
#2911 = CIRCLE('',#2912,0.3);
#2912 = AXIS2_PLACEMENT_3D('',#2913,#2914,#2915);
#2913 = CARTESIAN_POINT('',(10.2,12.2,0.3));
#2914 = DIRECTION('',(0.,0.,1.));
#2915 = DIRECTION('',(1.,0.,-0.));
#2916 = ORIENTED_EDGE('',*,*,#2679,.T.);
#2917 = ORIENTED_EDGE('',*,*,#2918,.T.);
#2918 = EDGE_CURVE('',#2672,#2468,#2919,.T.);
#2919 = CIRCLE('',#2920,0.3);
#2920 = AXIS2_PLACEMENT_3D('',#2921,#2922,#2923);
#2921 = CARTESIAN_POINT('',(10.2,12.2,10.3));
#2922 = DIRECTION('',(0.,0.,-1.));
#2923 = DIRECTION('',(1.,0.,0.));
#2924 = CYLINDRICAL_SURFACE('',#2925,0.3);
#2925 = AXIS2_PLACEMENT_3D('',#2926,#2927,#2928);
#2926 = CARTESIAN_POINT('',(10.2,12.2,0.));
#2927 = DIRECTION('',(0.,0.,1.));
#2928 = DIRECTION('',(1.,0.,-0.));
#2929 = ADVANCED_FACE('',(#2930),#2942,.T.);
#2930 = FACE_BOUND('',#2931,.T.);
#2931 = EDGE_LOOP('',(#2932,#2933,#2934,#2941));
#2932 = ORIENTED_EDGE('',*,*,#2892,.F.);
#2933 = ORIENTED_EDGE('',*,*,#2710,.T.);
#2934 = ORIENTED_EDGE('',*,*,#2935,.T.);
#2935 = EDGE_CURVE('',#2711,#2460,#2936,.T.);
#2936 = CIRCLE('',#2937,0.3);
#2937 = AXIS2_PLACEMENT_3D('',#2938,#2939,#2940);
#2938 = CARTESIAN_POINT('',(10.2,12.2,0.3));
#2939 = DIRECTION('',(0.,-1.,0.));
#2940 = DIRECTION('',(1.,0.,0.));
#2941 = ORIENTED_EDGE('',*,*,#2459,.F.);
#2942 = CYLINDRICAL_SURFACE('',#2943,0.3);
#2943 = AXIS2_PLACEMENT_3D('',#2944,#2945,#2946);
#2944 = CARTESIAN_POINT('',(10.2,0.,0.3));
#2945 = DIRECTION('',(-0.,1.,0.));
#2946 = DIRECTION('',(1.,0.,-0.));
#2947 = ADVANCED_FACE('',(#2948),#2959,.T.);
#2948 = FACE_BOUND('',#2949,.T.);
#2949 = EDGE_LOOP('',(#2950,#2951,#2958));
#2950 = ORIENTED_EDGE('',*,*,#2918,.F.);
#2951 = ORIENTED_EDGE('',*,*,#2952,.T.);
#2952 = EDGE_CURVE('',#2672,#2492,#2953,.T.);
#2953 = CIRCLE('',#2954,0.3);
#2954 = AXIS2_PLACEMENT_3D('',#2955,#2956,#2957);
#2955 = CARTESIAN_POINT('',(10.2,12.2,10.3));
#2956 = DIRECTION('',(1.,0.,-6.123233995737E-17));
#2957 = DIRECTION('',(6.123233995737E-17,0.,1.));
#2958 = ORIENTED_EDGE('',*,*,#2499,.F.);
#2959 = SPHERICAL_SURFACE('',#2960,0.3);
#2960 = AXIS2_PLACEMENT_3D('',#2961,#2962,#2963);
#2961 = CARTESIAN_POINT('',(10.2,12.2,10.3));
#2962 = DIRECTION('',(0.,-1.,-0.));
#2963 = DIRECTION('',(1.,0.,0.));
#2964 = ADVANCED_FACE('',(#2965),#2971,.T.);
#2965 = FACE_BOUND('',#2966,.T.);
#2966 = EDGE_LOOP('',(#2967,#2968,#2969,#2970));
#2967 = ORIENTED_EDGE('',*,*,#2637,.T.);
#2968 = ORIENTED_EDGE('',*,*,#2541,.T.);
#2969 = ORIENTED_EDGE('',*,*,#2952,.F.);
#2970 = ORIENTED_EDGE('',*,*,#2671,.F.);
#2971 = CYLINDRICAL_SURFACE('',#2972,0.3);
#2972 = AXIS2_PLACEMENT_3D('',#2973,#2974,#2975);
#2973 = CARTESIAN_POINT('',(7.,12.2,10.3));
#2974 = DIRECTION('',(1.,0.,-0.));
#2975 = DIRECTION('',(0.,1.,0.));
#2976 = ADVANCED_FACE('',(#2977),#2988,.F.);
#2977 = FACE_BOUND('',#2978,.F.);
#2978 = EDGE_LOOP('',(#2979,#2980,#2981,#2982));
#2979 = ORIENTED_EDGE('',*,*,#2612,.F.);
#2980 = ORIENTED_EDGE('',*,*,#2525,.F.);
#2981 = ORIENTED_EDGE('',*,*,#2556,.T.);
#2982 = ORIENTED_EDGE('',*,*,#2983,.F.);
#2983 = EDGE_CURVE('',#2613,#2557,#2984,.T.);
#2984 = LINE('',#2985,#2986);
#2985 = CARTESIAN_POINT('',(7.34,9.7,8.45));
#2986 = VECTOR('',#2987,1.);
#2987 = DIRECTION('',(1.,0.,0.));
#2988 = PLANE('',#2989);
#2989 = AXIS2_PLACEMENT_3D('',#2990,#2991,#2992);
#2990 = CARTESIAN_POINT('',(7.34,9.7,10.8));
#2991 = DIRECTION('',(-0.,1.,0.));
#2992 = DIRECTION('',(0.,0.,-1.));
#2993 = ADVANCED_FACE('',(#2994),#3000,.F.);
#2994 = FACE_BOUND('',#2995,.F.);
#2995 = EDGE_LOOP('',(#2996,#2997,#2998,#2999));
#2996 = ORIENTED_EDGE('',*,*,#2983,.T.);
#2997 = ORIENTED_EDGE('',*,*,#2564,.T.);
#2998 = ORIENTED_EDGE('',*,*,#2595,.F.);
#2999 = ORIENTED_EDGE('',*,*,#2620,.F.);
#3000 = PLANE('',#3001);
#3001 = AXIS2_PLACEMENT_3D('',#3002,#3003,#3004);
#3002 = CARTESIAN_POINT('',(7.34,9.7,8.45));
#3003 = DIRECTION('',(0.,0.,-1.));
#3004 = DIRECTION('',(0.,-1.,0.));
#3005 = ADVANCED_FACE('',(#3006),#3018,.T.);
#3006 = FACE_BOUND('',#3007,.F.);
#3007 = EDGE_LOOP('',(#3008,#3009,#3010,#3017));
#3008 = ORIENTED_EDGE('',*,*,#2654,.F.);
#3009 = ORIENTED_EDGE('',*,*,#2718,.T.);
#3010 = ORIENTED_EDGE('',*,*,#3011,.T.);
#3011 = EDGE_CURVE('',#2711,#2680,#3012,.T.);
#3012 = CIRCLE('',#3013,0.3);
#3013 = AXIS2_PLACEMENT_3D('',#3014,#3015,#3016);
#3014 = CARTESIAN_POINT('',(10.2,12.2,0.3));
#3015 = DIRECTION('',(1.,-6.123233995737E-17,0.));
#3016 = DIRECTION('',(6.123233995737E-17,1.,0.));
#3017 = ORIENTED_EDGE('',*,*,#2687,.F.);
#3018 = CYLINDRICAL_SURFACE('',#3019,0.3);
#3019 = AXIS2_PLACEMENT_3D('',#3020,#3021,#3022);
#3020 = CARTESIAN_POINT('',(7.,12.2,0.3));
#3021 = DIRECTION('',(1.,0.,-0.));
#3022 = DIRECTION('',(0.,1.,0.));
#3023 = ADVANCED_FACE('',(#3024),#3029,.T.);
#3024 = FACE_BOUND('',#3025,.T.);
#3025 = EDGE_LOOP('',(#3026,#3027,#3028));
#3026 = ORIENTED_EDGE('',*,*,#2935,.F.);
#3027 = ORIENTED_EDGE('',*,*,#3011,.T.);
#3028 = ORIENTED_EDGE('',*,*,#2910,.F.);
#3029 = SPHERICAL_SURFACE('',#3030,0.3);
#3030 = AXIS2_PLACEMENT_3D('',#3031,#3032,#3033);
#3031 = CARTESIAN_POINT('',(10.2,12.2,0.3));
#3032 = DIRECTION('',(0.,0.,1.));
#3033 = DIRECTION('',(1.,0.,-0.));
#3034 = ADVANCED_FACE('',(#3035),#3078,.T.);
#3035 = FACE_BOUND('',#3036,.T.);
#3036 = EDGE_LOOP('',(#3037,#3045,#3046,#3047,#3048,#3056,#3064,#3072));
#3037 = ORIENTED_EDGE('',*,*,#3038,.T.);
#3038 = EDGE_CURVE('',#3039,#2760,#3041,.T.);
#3039 = VERTEX_POINT('',#3040);
#3040 = CARTESIAN_POINT('',(10.,0.4,5.6));
#3041 = LINE('',#3042,#3043);
#3042 = CARTESIAN_POINT('',(7.35,0.4,5.6));
#3043 = VECTOR('',#3044,1.);
#3044 = DIRECTION('',(1.,0.,-0.));
#3045 = ORIENTED_EDGE('',*,*,#2767,.F.);
#3046 = ORIENTED_EDGE('',*,*,#2343,.F.);
#3047 = ORIENTED_EDGE('',*,*,#2807,.T.);
#3048 = ORIENTED_EDGE('',*,*,#3049,.F.);
#3049 = EDGE_CURVE('',#3050,#2808,#3052,.T.);
#3050 = VERTEX_POINT('',#3051);
#3051 = CARTESIAN_POINT('',(9.55,0.4,5.6));
#3052 = LINE('',#3053,#3054);
#3053 = CARTESIAN_POINT('',(7.35,0.4,5.6));
#3054 = VECTOR('',#3055,1.);
#3055 = DIRECTION('',(1.,0.,-0.));
#3056 = ORIENTED_EDGE('',*,*,#3057,.T.);
#3057 = EDGE_CURVE('',#3050,#3058,#3060,.T.);
#3058 = VERTEX_POINT('',#3059);
#3059 = CARTESIAN_POINT('',(9.55,4.35,5.6));
#3060 = LINE('',#3061,#3062);
#3061 = CARTESIAN_POINT('',(9.55,0.4,5.6));
#3062 = VECTOR('',#3063,1.);
#3063 = DIRECTION('',(-0.,1.,0.));
#3064 = ORIENTED_EDGE('',*,*,#3065,.T.);
#3065 = EDGE_CURVE('',#3058,#3066,#3068,.T.);
#3066 = VERTEX_POINT('',#3067);
#3067 = CARTESIAN_POINT('',(10.,4.35,5.6));
#3068 = LINE('',#3069,#3070);
#3069 = CARTESIAN_POINT('',(7.5,4.35,5.6));
#3070 = VECTOR('',#3071,1.);
#3071 = DIRECTION('',(1.,0.,-0.));
#3072 = ORIENTED_EDGE('',*,*,#3073,.F.);
#3073 = EDGE_CURVE('',#3039,#3066,#3074,.T.);
#3074 = LINE('',#3075,#3076);
#3075 = CARTESIAN_POINT('',(10.,0.4,5.6));
#3076 = VECTOR('',#3077,1.);
#3077 = DIRECTION('',(-0.,1.,0.));
#3078 = PLANE('',#3079);
#3079 = AXIS2_PLACEMENT_3D('',#3080,#3081,#3082);
#3080 = CARTESIAN_POINT('',(9.796212121212,2.121212121212,5.6));
#3081 = DIRECTION('',(-0.,-0.,-1.));
#3082 = DIRECTION('',(-1.,0.,0.));
#3083 = ADVANCED_FACE('',(#3084),#3109,.F.);
#3084 = FACE_BOUND('',#3085,.F.);
#3085 = EDGE_LOOP('',(#3086,#3094,#3095,#3103));
#3086 = ORIENTED_EDGE('',*,*,#3087,.F.);
#3087 = EDGE_CURVE('',#3050,#3088,#3090,.T.);
#3088 = VERTEX_POINT('',#3089);
#3089 = CARTESIAN_POINT('',(9.55,0.4,7.35));
#3090 = LINE('',#3091,#3092);
#3091 = CARTESIAN_POINT('',(9.55,0.4,5.6));
#3092 = VECTOR('',#3093,1.);
#3093 = DIRECTION('',(0.,0.,1.));
#3094 = ORIENTED_EDGE('',*,*,#3057,.T.);
#3095 = ORIENTED_EDGE('',*,*,#3096,.T.);
#3096 = EDGE_CURVE('',#3058,#3097,#3099,.T.);
#3097 = VERTEX_POINT('',#3098);
#3098 = CARTESIAN_POINT('',(9.55,4.35,7.35));
#3099 = LINE('',#3100,#3101);
#3100 = CARTESIAN_POINT('',(9.55,4.35,5.6));
#3101 = VECTOR('',#3102,1.);
#3102 = DIRECTION('',(0.,0.,1.));
#3103 = ORIENTED_EDGE('',*,*,#3104,.F.);
#3104 = EDGE_CURVE('',#3088,#3097,#3105,.T.);
#3105 = LINE('',#3106,#3107);
#3106 = CARTESIAN_POINT('',(9.55,0.4,7.35));
#3107 = VECTOR('',#3108,1.);
#3108 = DIRECTION('',(-0.,1.,0.));
#3109 = PLANE('',#3110);
#3110 = AXIS2_PLACEMENT_3D('',#3111,#3112,#3113);
#3111 = CARTESIAN_POINT('',(9.55,0.4,5.6));
#3112 = DIRECTION('',(1.,0.,-0.));
#3113 = DIRECTION('',(0.,0.,1.));
#3114 = ADVANCED_FACE('',(#3115),#3140,.F.);
#3115 = FACE_BOUND('',#3116,.F.);
#3116 = EDGE_LOOP('',(#3117,#3125,#3133,#3139));
#3117 = ORIENTED_EDGE('',*,*,#3118,.F.);
#3118 = EDGE_CURVE('',#3119,#3039,#3121,.T.);
#3119 = VERTEX_POINT('',#3120);
#3120 = CARTESIAN_POINT('',(10.,0.4,2.1));
#3121 = LINE('',#3122,#3123);
#3122 = CARTESIAN_POINT('',(10.,0.4,2.1));
#3123 = VECTOR('',#3124,1.);
#3124 = DIRECTION('',(0.,0.,1.));
#3125 = ORIENTED_EDGE('',*,*,#3126,.T.);
#3126 = EDGE_CURVE('',#3119,#3127,#3129,.T.);
#3127 = VERTEX_POINT('',#3128);
#3128 = CARTESIAN_POINT('',(10.,4.35,2.1));
#3129 = LINE('',#3130,#3131);
#3130 = CARTESIAN_POINT('',(10.,0.4,2.1));
#3131 = VECTOR('',#3132,1.);
#3132 = DIRECTION('',(-0.,1.,0.));
#3133 = ORIENTED_EDGE('',*,*,#3134,.T.);
#3134 = EDGE_CURVE('',#3127,#3066,#3135,.T.);
#3135 = LINE('',#3136,#3137);
#3136 = CARTESIAN_POINT('',(10.,4.35,2.1));
#3137 = VECTOR('',#3138,1.);
#3138 = DIRECTION('',(0.,0.,1.));
#3139 = ORIENTED_EDGE('',*,*,#3073,.F.);
#3140 = PLANE('',#3141);
#3141 = AXIS2_PLACEMENT_3D('',#3142,#3143,#3144);
#3142 = CARTESIAN_POINT('',(10.,0.4,2.1));
#3143 = DIRECTION('',(1.,0.,-0.));
#3144 = DIRECTION('',(0.,0.,1.));
#3145 = ADVANCED_FACE('',(#3146),#3173,.F.);
#3146 = FACE_BOUND('',#3147,.F.);
#3147 = EDGE_LOOP('',(#3148,#3157,#3158,#3167));
#3148 = ORIENTED_EDGE('',*,*,#3149,.F.);
#3149 = EDGE_CURVE('',#3127,#3150,#3152,.T.);
#3150 = VERTEX_POINT('',#3151);
#3151 = CARTESIAN_POINT('',(7.5,4.35,2.1));
#3152 = CIRCLE('',#3153,1.25);
#3153 = AXIS2_PLACEMENT_3D('',#3154,#3155,#3156);
#3154 = CARTESIAN_POINT('',(8.75,4.35,2.1));
#3155 = DIRECTION('',(0.,1.,0.));
#3156 = DIRECTION('',(0.,-0.,1.));
#3157 = ORIENTED_EDGE('',*,*,#3126,.F.);
#3158 = ORIENTED_EDGE('',*,*,#3159,.T.);
#3159 = EDGE_CURVE('',#3119,#3160,#3162,.T.);
#3160 = VERTEX_POINT('',#3161);
#3161 = CARTESIAN_POINT('',(7.5,0.4,2.1));
#3162 = CIRCLE('',#3163,1.25);
#3163 = AXIS2_PLACEMENT_3D('',#3164,#3165,#3166);
#3164 = CARTESIAN_POINT('',(8.75,0.4,2.1));
#3165 = DIRECTION('',(0.,1.,0.));
#3166 = DIRECTION('',(0.,-0.,1.));
#3167 = ORIENTED_EDGE('',*,*,#3168,.T.);
#3168 = EDGE_CURVE('',#3160,#3150,#3169,.T.);
#3169 = LINE('',#3170,#3171);
#3170 = CARTESIAN_POINT('',(7.5,0.4,2.1));
#3171 = VECTOR('',#3172,1.);
#3172 = DIRECTION('',(-0.,1.,0.));
#3173 = CYLINDRICAL_SURFACE('',#3174,1.25);
#3174 = AXIS2_PLACEMENT_3D('',#3175,#3176,#3177);
#3175 = CARTESIAN_POINT('',(8.75,0.4,2.1));
#3176 = DIRECTION('',(0.,1.,0.));
#3177 = DIRECTION('',(0.,-0.,1.));
#3178 = ADVANCED_FACE('',(#3179),#3204,.T.);
#3179 = FACE_BOUND('',#3180,.T.);
#3180 = EDGE_LOOP('',(#3181,#3189,#3190,#3198));
#3181 = ORIENTED_EDGE('',*,*,#3182,.F.);
#3182 = EDGE_CURVE('',#3160,#3183,#3185,.T.);
#3183 = VERTEX_POINT('',#3184);
#3184 = CARTESIAN_POINT('',(7.5,0.4,5.6));
#3185 = LINE('',#3186,#3187);
#3186 = CARTESIAN_POINT('',(7.5,0.4,2.1));
#3187 = VECTOR('',#3188,1.);
#3188 = DIRECTION('',(0.,0.,1.));
#3189 = ORIENTED_EDGE('',*,*,#3168,.T.);
#3190 = ORIENTED_EDGE('',*,*,#3191,.T.);
#3191 = EDGE_CURVE('',#3150,#3192,#3194,.T.);
#3192 = VERTEX_POINT('',#3193);
#3193 = CARTESIAN_POINT('',(7.5,4.35,5.6));
#3194 = LINE('',#3195,#3196);
#3195 = CARTESIAN_POINT('',(7.5,4.35,2.1));
#3196 = VECTOR('',#3197,1.);
#3197 = DIRECTION('',(0.,0.,1.));
#3198 = ORIENTED_EDGE('',*,*,#3199,.F.);
#3199 = EDGE_CURVE('',#3183,#3192,#3200,.T.);
#3200 = LINE('',#3201,#3202);
#3201 = CARTESIAN_POINT('',(7.5,0.4,5.6));
#3202 = VECTOR('',#3203,1.);
#3203 = DIRECTION('',(-0.,1.,0.));
#3204 = PLANE('',#3205);
#3205 = AXIS2_PLACEMENT_3D('',#3206,#3207,#3208);
#3206 = CARTESIAN_POINT('',(7.5,0.4,2.1));
#3207 = DIRECTION('',(1.,0.,-0.));
#3208 = DIRECTION('',(0.,0.,1.));
#3209 = ADVANCED_FACE('',(#3210),#3244,.T.);
#3210 = FACE_BOUND('',#3211,.T.);
#3211 = EDGE_LOOP('',(#3212,#3218,#3219,#3227,#3235,#3241,#3242,#3243));
#3212 = ORIENTED_EDGE('',*,*,#3213,.T.);
#3213 = EDGE_CURVE('',#2840,#3183,#3214,.T.);
#3214 = LINE('',#3215,#3216);
#3215 = CARTESIAN_POINT('',(7.35,0.4,5.6));
#3216 = VECTOR('',#3217,1.);
#3217 = DIRECTION('',(1.,0.,-0.));
#3218 = ORIENTED_EDGE('',*,*,#3199,.T.);
#3219 = ORIENTED_EDGE('',*,*,#3220,.T.);
#3220 = EDGE_CURVE('',#3192,#3221,#3223,.T.);
#3221 = VERTEX_POINT('',#3222);
#3222 = CARTESIAN_POINT('',(7.95,4.35,5.6));
#3223 = LINE('',#3224,#3225);
#3224 = CARTESIAN_POINT('',(7.5,4.35,5.6));
#3225 = VECTOR('',#3226,1.);
#3226 = DIRECTION('',(1.,0.,-0.));
#3227 = ORIENTED_EDGE('',*,*,#3228,.F.);
#3228 = EDGE_CURVE('',#3229,#3221,#3231,.T.);
#3229 = VERTEX_POINT('',#3230);
#3230 = CARTESIAN_POINT('',(7.95,0.4,5.6));
#3231 = LINE('',#3232,#3233);
#3232 = CARTESIAN_POINT('',(7.95,0.4,5.6));
#3233 = VECTOR('',#3234,1.);
#3234 = DIRECTION('',(-0.,1.,0.));
#3235 = ORIENTED_EDGE('',*,*,#3236,.F.);
#3236 = EDGE_CURVE('',#2863,#3229,#3237,.T.);
#3237 = LINE('',#3238,#3239);
#3238 = CARTESIAN_POINT('',(7.35,0.4,5.6));
#3239 = VECTOR('',#3240,1.);
#3240 = DIRECTION('',(1.,0.,-0.));
#3241 = ORIENTED_EDGE('',*,*,#2862,.F.);
#3242 = ORIENTED_EDGE('',*,*,#2385,.F.);
#3243 = ORIENTED_EDGE('',*,*,#2847,.T.);
#3244 = PLANE('',#3245);
#3245 = AXIS2_PLACEMENT_3D('',#3246,#3247,#3248);
#3246 = CARTESIAN_POINT('',(7.703787878788,2.121212121212,5.6));
#3247 = DIRECTION('',(-0.,-0.,-1.));
#3248 = DIRECTION('',(-1.,0.,0.));
#3249 = ADVANCED_FACE('',(#3250),#3275,.T.);
#3250 = FACE_BOUND('',#3251,.T.);
#3251 = EDGE_LOOP('',(#3252,#3260,#3261,#3269));
#3252 = ORIENTED_EDGE('',*,*,#3253,.F.);
#3253 = EDGE_CURVE('',#3229,#3254,#3256,.T.);
#3254 = VERTEX_POINT('',#3255);
#3255 = CARTESIAN_POINT('',(7.95,0.4,7.35));
#3256 = LINE('',#3257,#3258);
#3257 = CARTESIAN_POINT('',(7.95,0.4,5.6));
#3258 = VECTOR('',#3259,1.);
#3259 = DIRECTION('',(0.,0.,1.));
#3260 = ORIENTED_EDGE('',*,*,#3228,.T.);
#3261 = ORIENTED_EDGE('',*,*,#3262,.T.);
#3262 = EDGE_CURVE('',#3221,#3263,#3265,.T.);
#3263 = VERTEX_POINT('',#3264);
#3264 = CARTESIAN_POINT('',(7.95,4.35,7.35));
#3265 = LINE('',#3266,#3267);
#3266 = CARTESIAN_POINT('',(7.95,4.35,5.6));
#3267 = VECTOR('',#3268,1.);
#3268 = DIRECTION('',(0.,0.,1.));
#3269 = ORIENTED_EDGE('',*,*,#3270,.F.);
#3270 = EDGE_CURVE('',#3254,#3263,#3271,.T.);
#3271 = LINE('',#3272,#3273);
#3272 = CARTESIAN_POINT('',(7.95,0.4,7.35));
#3273 = VECTOR('',#3274,1.);
#3274 = DIRECTION('',(-0.,1.,0.));
#3275 = PLANE('',#3276);
#3276 = AXIS2_PLACEMENT_3D('',#3277,#3278,#3279);
#3277 = CARTESIAN_POINT('',(7.95,0.4,5.6));
#3278 = DIRECTION('',(1.,0.,-0.));
#3279 = DIRECTION('',(0.,0.,1.));
#3280 = ADVANCED_FACE('',(#3281),#3291,.T.);
#3281 = FACE_BOUND('',#3282,.T.);
#3282 = EDGE_LOOP('',(#3283,#3284,#3285,#3286,#3287,#3288,#3289,#3290));
#3283 = ORIENTED_EDGE('',*,*,#2759,.T.);
#3284 = ORIENTED_EDGE('',*,*,#3038,.F.);
#3285 = ORIENTED_EDGE('',*,*,#3118,.F.);
#3286 = ORIENTED_EDGE('',*,*,#3159,.T.);
#3287 = ORIENTED_EDGE('',*,*,#3182,.T.);
#3288 = ORIENTED_EDGE('',*,*,#3213,.F.);
#3289 = ORIENTED_EDGE('',*,*,#2839,.F.);
#3290 = ORIENTED_EDGE('',*,*,#2781,.F.);
#3291 = PLANE('',#3292);
#3292 = AXIS2_PLACEMENT_3D('',#3293,#3294,#3295);
#3293 = CARTESIAN_POINT('',(8.75,0.4,2.974105664285));
#3294 = DIRECTION('',(-0.,-1.,-0.));
#3295 = DIRECTION('',(0.,0.,-1.));
#3296 = ADVANCED_FACE('',(#3297),#3337,.T.);
#3297 = FACE_BOUND('',#3298,.T.);
#3298 = EDGE_LOOP('',(#3299,#3300,#3301,#3310,#3317,#3318,#3319,#3320,
    #3329,#3336));
#3299 = ORIENTED_EDGE('',*,*,#3049,.T.);
#3300 = ORIENTED_EDGE('',*,*,#2815,.T.);
#3301 = ORIENTED_EDGE('',*,*,#3302,.F.);
#3302 = EDGE_CURVE('',#3303,#2816,#3305,.T.);
#3303 = VERTEX_POINT('',#3304);
#3304 = CARTESIAN_POINT('',(8.75,0.4,8.3));
#3305 = CIRCLE('',#3306,0.95);
#3306 = AXIS2_PLACEMENT_3D('',#3307,#3308,#3309);
#3307 = CARTESIAN_POINT('',(8.75,0.4,7.35));
#3308 = DIRECTION('',(0.,1.,0.));
#3309 = DIRECTION('',(0.,-0.,1.));
#3310 = ORIENTED_EDGE('',*,*,#3311,.F.);
#3311 = EDGE_CURVE('',#2871,#3303,#3312,.T.);
#3312 = CIRCLE('',#3313,0.95);
#3313 = AXIS2_PLACEMENT_3D('',#3314,#3315,#3316);
#3314 = CARTESIAN_POINT('',(8.75,0.4,7.35));
#3315 = DIRECTION('',(0.,1.,0.));
#3316 = DIRECTION('',(0.,-0.,1.));
#3317 = ORIENTED_EDGE('',*,*,#2870,.F.);
#3318 = ORIENTED_EDGE('',*,*,#3236,.T.);
#3319 = ORIENTED_EDGE('',*,*,#3253,.T.);
#3320 = ORIENTED_EDGE('',*,*,#3321,.T.);
#3321 = EDGE_CURVE('',#3254,#3322,#3324,.T.);
#3322 = VERTEX_POINT('',#3323);
#3323 = CARTESIAN_POINT('',(8.75,0.4,8.15));
#3324 = CIRCLE('',#3325,0.8);
#3325 = AXIS2_PLACEMENT_3D('',#3326,#3327,#3328);
#3326 = CARTESIAN_POINT('',(8.75,0.4,7.35));
#3327 = DIRECTION('',(0.,1.,0.));
#3328 = DIRECTION('',(0.,-0.,1.));
#3329 = ORIENTED_EDGE('',*,*,#3330,.T.);
#3330 = EDGE_CURVE('',#3322,#3088,#3331,.T.);
#3331 = CIRCLE('',#3332,0.8);
#3332 = AXIS2_PLACEMENT_3D('',#3333,#3334,#3335);
#3333 = CARTESIAN_POINT('',(8.75,0.4,7.35));
#3334 = DIRECTION('',(0.,1.,0.));
#3335 = DIRECTION('',(0.,-0.,1.));
#3336 = ORIENTED_EDGE('',*,*,#3087,.F.);
#3337 = PLANE('',#3338);
#3338 = AXIS2_PLACEMENT_3D('',#3339,#3340,#3341);
#3339 = CARTESIAN_POINT('',(8.75,0.4,7.061813018945));
#3340 = DIRECTION('',(-0.,-1.,-0.));
#3341 = DIRECTION('',(0.,0.,-1.));
#3342 = ADVANCED_FACE('',(#3343),#3368,.T.);
#3343 = FACE_BOUND('',#3344,.T.);
#3344 = EDGE_LOOP('',(#3345,#3346,#3347,#3348,#3357,#3364,#3365,#3366,
    #3367));
#3345 = ORIENTED_EDGE('',*,*,#3134,.T.);
#3346 = ORIENTED_EDGE('',*,*,#3065,.F.);
#3347 = ORIENTED_EDGE('',*,*,#3096,.T.);
#3348 = ORIENTED_EDGE('',*,*,#3349,.F.);
#3349 = EDGE_CURVE('',#3350,#3097,#3352,.T.);
#3350 = VERTEX_POINT('',#3351);
#3351 = CARTESIAN_POINT('',(8.75,4.35,8.15));
#3352 = CIRCLE('',#3353,0.8);
#3353 = AXIS2_PLACEMENT_3D('',#3354,#3355,#3356);
#3354 = CARTESIAN_POINT('',(8.75,4.35,7.35));
#3355 = DIRECTION('',(0.,1.,0.));
#3356 = DIRECTION('',(0.,-0.,1.));
#3357 = ORIENTED_EDGE('',*,*,#3358,.F.);
#3358 = EDGE_CURVE('',#3263,#3350,#3359,.T.);
#3359 = CIRCLE('',#3360,0.8);
#3360 = AXIS2_PLACEMENT_3D('',#3361,#3362,#3363);
#3361 = CARTESIAN_POINT('',(8.75,4.35,7.35));
#3362 = DIRECTION('',(0.,1.,0.));
#3363 = DIRECTION('',(0.,-0.,1.));
#3364 = ORIENTED_EDGE('',*,*,#3262,.F.);
#3365 = ORIENTED_EDGE('',*,*,#3220,.F.);
#3366 = ORIENTED_EDGE('',*,*,#3191,.F.);
#3367 = ORIENTED_EDGE('',*,*,#3149,.F.);
#3368 = PLANE('',#3369);
#3369 = AXIS2_PLACEMENT_3D('',#3370,#3371,#3372);
#3370 = CARTESIAN_POINT('',(8.75,4.35,4.497949762039));
#3371 = DIRECTION('',(-0.,-1.,-0.));
#3372 = DIRECTION('',(0.,0.,-1.));
#3373 = ADVANCED_FACE('',(#3374),#3382,.F.);
#3374 = FACE_BOUND('',#3375,.F.);
#3375 = EDGE_LOOP('',(#3376,#3377,#3378,#3379,#3380,#3381));
#3376 = ORIENTED_EDGE('',*,*,#2878,.F.);
#3377 = ORIENTED_EDGE('',*,*,#2368,.T.);
#3378 = ORIENTED_EDGE('',*,*,#2359,.T.);
#3379 = ORIENTED_EDGE('',*,*,#2823,.T.);
#3380 = ORIENTED_EDGE('',*,*,#3302,.F.);
#3381 = ORIENTED_EDGE('',*,*,#3311,.F.);
#3382 = CYLINDRICAL_SURFACE('',#3383,0.95);
#3383 = AXIS2_PLACEMENT_3D('',#3384,#3385,#3386);
#3384 = CARTESIAN_POINT('',(8.75,-5.E-02,7.35));
#3385 = DIRECTION('',(0.,1.,0.));
#3386 = DIRECTION('',(0.,-0.,1.));
#3387 = ADVANCED_FACE('',(#3388),#3396,.F.);
#3388 = FACE_BOUND('',#3389,.F.);
#3389 = EDGE_LOOP('',(#3390,#3391,#3392,#3393,#3394,#3395));
#3390 = ORIENTED_EDGE('',*,*,#3104,.T.);
#3391 = ORIENTED_EDGE('',*,*,#3349,.F.);
#3392 = ORIENTED_EDGE('',*,*,#3358,.F.);
#3393 = ORIENTED_EDGE('',*,*,#3270,.F.);
#3394 = ORIENTED_EDGE('',*,*,#3321,.T.);
#3395 = ORIENTED_EDGE('',*,*,#3330,.T.);
#3396 = CYLINDRICAL_SURFACE('',#3397,0.8);
#3397 = AXIS2_PLACEMENT_3D('',#3398,#3399,#3400);
#3398 = CARTESIAN_POINT('',(8.75,0.4,7.35));
#3399 = DIRECTION('',(0.,1.,0.));
#3400 = DIRECTION('',(0.,-0.,1.));
#3401 = ( GEOMETRIC_REPRESENTATION_CONTEXT(3)
GLOBAL_UNCERTAINTY_ASSIGNED_CONTEXT((#3405))
GLOBAL_UNIT_ASSIGNED_CONTEXT((#3402,#3403,#3404)) REPRESENTATION_CONTEXT
('Context #1','3D Context with UNIT and UNCERTAINTY') );
#3402 = ( LENGTH_UNIT() NAMED_UNIT(*) SI_UNIT(.MILLI.,.METRE.) );
#3403 = ( NAMED_UNIT(*) PLANE_ANGLE_UNIT() SI_UNIT($,.RADIAN.) );
#3404 = ( NAMED_UNIT(*) SI_UNIT($,.STERADIAN.) SOLID_ANGLE_UNIT() );
#3405 = UNCERTAINTY_MEASURE_WITH_UNIT(LENGTH_MEASURE(1.E-07),#3402,
  'distance_accuracy_value','confusion accuracy');
#3406 = CONTEXT_DEPENDENT_SHAPE_REPRESENTATION(#3407,#3409);
#3407 = ( REPRESENTATION_RELATIONSHIP('','',#2045,#10)
REPRESENTATION_RELATIONSHIP_WITH_TRANSFORMATION(#3408)
SHAPE_REPRESENTATION_RELATIONSHIP() );
#3408 = ITEM_DEFINED_TRANSFORMATION('','',#11,#31);
#3409 = PRODUCT_DEFINITION_SHAPE('Placement','Placement of an item',
  #3410);
#3410 = NEXT_ASSEMBLY_USAGE_OCCURRENCE('5','Housing P2','',#5,#2040,$);
#3411 = PRODUCT_RELATED_PRODUCT_CATEGORY('part',$,(#2042));
#3412 = SHAPE_DEFINITION_REPRESENTATION(#3413,#3419);
#3413 = PRODUCT_DEFINITION_SHAPE('','',#3414);
#3414 = PRODUCT_DEFINITION('design','',#3415,#3418);
#3415 = PRODUCT_DEFINITION_FORMATION('','',#3416);
#3416 = PRODUCT('Actuator P2','Actuator P2','',(#3417));
#3417 = PRODUCT_CONTEXT('',#2,'mechanical');
#3418 = PRODUCT_DEFINITION_CONTEXT('part definition',#2,'design');
#3419 = ADVANCED_BREP_SHAPE_REPRESENTATION('',(#11,#3420),#3638);
#3420 = MANIFOLD_SOLID_BREP('',#3421);
#3421 = CLOSED_SHELL('',(#3422,#3462,#3493,#3524,#3555,#3588,#3610,#3624
    ));
#3422 = ADVANCED_FACE('',(#3423),#3457,.T.);
#3423 = FACE_BOUND('',#3424,.T.);
#3424 = EDGE_LOOP('',(#3425,#3435,#3443,#3451));
#3425 = ORIENTED_EDGE('',*,*,#3426,.T.);
#3426 = EDGE_CURVE('',#3427,#3429,#3431,.T.);
#3427 = VERTEX_POINT('',#3428);
#3428 = CARTESIAN_POINT('',(7.4,-0.35,10.6));
#3429 = VERTEX_POINT('',#3430);
#3430 = CARTESIAN_POINT('',(10.1,-0.35,10.6));
#3431 = LINE('',#3432,#3433);
#3432 = CARTESIAN_POINT('',(7.4,-0.35,10.6));
#3433 = VECTOR('',#3434,1.);
#3434 = DIRECTION('',(1.,0.,0.));
#3435 = ORIENTED_EDGE('',*,*,#3436,.T.);
#3436 = EDGE_CURVE('',#3429,#3437,#3439,.T.);
#3437 = VERTEX_POINT('',#3438);
#3438 = CARTESIAN_POINT('',(10.1,9.45,10.6));
#3439 = LINE('',#3440,#3441);
#3440 = CARTESIAN_POINT('',(10.1,-0.35,10.6));
#3441 = VECTOR('',#3442,1.);
#3442 = DIRECTION('',(0.,1.,0.));
#3443 = ORIENTED_EDGE('',*,*,#3444,.F.);
#3444 = EDGE_CURVE('',#3445,#3437,#3447,.T.);
#3445 = VERTEX_POINT('',#3446);
#3446 = CARTESIAN_POINT('',(7.4,9.45,10.6));
#3447 = LINE('',#3448,#3449);
#3448 = CARTESIAN_POINT('',(7.4,9.45,10.6));
#3449 = VECTOR('',#3450,1.);
#3450 = DIRECTION('',(1.,0.,0.));
#3451 = ORIENTED_EDGE('',*,*,#3452,.F.);
#3452 = EDGE_CURVE('',#3427,#3445,#3453,.T.);
#3453 = LINE('',#3454,#3455);
#3454 = CARTESIAN_POINT('',(7.4,-0.35,10.6));
#3455 = VECTOR('',#3456,1.);
#3456 = DIRECTION('',(0.,1.,0.));
#3457 = PLANE('',#3458);
#3458 = AXIS2_PLACEMENT_3D('',#3459,#3460,#3461);
#3459 = CARTESIAN_POINT('',(7.4,-0.35,10.6));
#3460 = DIRECTION('',(0.,0.,1.));
#3461 = DIRECTION('',(0.,1.,0.));
#3462 = ADVANCED_FACE('',(#3463),#3488,.T.);
#3463 = FACE_BOUND('',#3464,.T.);
#3464 = EDGE_LOOP('',(#3465,#3475,#3481,#3482));
#3465 = ORIENTED_EDGE('',*,*,#3466,.T.);
#3466 = EDGE_CURVE('',#3467,#3469,#3471,.T.);
#3467 = VERTEX_POINT('',#3468);
#3468 = CARTESIAN_POINT('',(7.4,1.25,8.6));
#3469 = VERTEX_POINT('',#3470);
#3470 = CARTESIAN_POINT('',(10.1,1.25,8.6));
#3471 = LINE('',#3472,#3473);
#3472 = CARTESIAN_POINT('',(7.4,1.25,8.6));
#3473 = VECTOR('',#3474,1.);
#3474 = DIRECTION('',(1.,0.,0.));
#3475 = ORIENTED_EDGE('',*,*,#3476,.T.);
#3476 = EDGE_CURVE('',#3469,#3429,#3477,.T.);
#3477 = LINE('',#3478,#3479);
#3478 = CARTESIAN_POINT('',(10.1,1.25,8.6));
#3479 = VECTOR('',#3480,1.);
#3480 = DIRECTION('',(0.,-0.624695047554,0.780868809443));
#3481 = ORIENTED_EDGE('',*,*,#3426,.F.);
#3482 = ORIENTED_EDGE('',*,*,#3483,.F.);
#3483 = EDGE_CURVE('',#3467,#3427,#3484,.T.);
#3484 = LINE('',#3485,#3486);
#3485 = CARTESIAN_POINT('',(7.4,1.25,8.6));
#3486 = VECTOR('',#3487,1.);
#3487 = DIRECTION('',(0.,-0.624695047554,0.780868809443));
#3488 = PLANE('',#3489);
#3489 = AXIS2_PLACEMENT_3D('',#3490,#3491,#3492);
#3490 = CARTESIAN_POINT('',(7.4,1.25,8.6));
#3491 = DIRECTION('',(0.,-0.780868809443,-0.624695047554));
#3492 = DIRECTION('',(0.,-0.624695047554,0.780868809443));
#3493 = ADVANCED_FACE('',(#3494),#3519,.T.);
#3494 = FACE_BOUND('',#3495,.T.);
#3495 = EDGE_LOOP('',(#3496,#3504,#3505,#3513));
#3496 = ORIENTED_EDGE('',*,*,#3497,.F.);
#3497 = EDGE_CURVE('',#3445,#3498,#3500,.T.);
#3498 = VERTEX_POINT('',#3499);
#3499 = CARTESIAN_POINT('',(7.4,9.45,9.565923489271));
#3500 = LINE('',#3501,#3502);
#3501 = CARTESIAN_POINT('',(7.4,9.45,10.6));
#3502 = VECTOR('',#3503,1.);
#3503 = DIRECTION('',(0.,0.,-1.));
#3504 = ORIENTED_EDGE('',*,*,#3444,.T.);
#3505 = ORIENTED_EDGE('',*,*,#3506,.T.);
#3506 = EDGE_CURVE('',#3437,#3507,#3509,.T.);
#3507 = VERTEX_POINT('',#3508);
#3508 = CARTESIAN_POINT('',(10.1,9.45,9.565923489271));
#3509 = LINE('',#3510,#3511);
#3510 = CARTESIAN_POINT('',(10.1,9.45,10.6));
#3511 = VECTOR('',#3512,1.);
#3512 = DIRECTION('',(0.,0.,-1.));
#3513 = ORIENTED_EDGE('',*,*,#3514,.F.);
#3514 = EDGE_CURVE('',#3498,#3507,#3515,.T.);
#3515 = LINE('',#3516,#3517);
#3516 = CARTESIAN_POINT('',(7.4,9.45,9.565923489271));
#3517 = VECTOR('',#3518,1.);
#3518 = DIRECTION('',(1.,0.,0.));
#3519 = PLANE('',#3520);
#3520 = AXIS2_PLACEMENT_3D('',#3521,#3522,#3523);
#3521 = CARTESIAN_POINT('',(7.4,9.45,10.6));
#3522 = DIRECTION('',(-0.,1.,0.));
#3523 = DIRECTION('',(0.,0.,-1.));
#3524 = ADVANCED_FACE('',(#3525),#3550,.T.);
#3525 = FACE_BOUND('',#3526,.T.);
#3526 = EDGE_LOOP('',(#3527,#3537,#3543,#3544));
#3527 = ORIENTED_EDGE('',*,*,#3528,.T.);
#3528 = EDGE_CURVE('',#3529,#3531,#3533,.T.);
#3529 = VERTEX_POINT('',#3530);
#3530 = CARTESIAN_POINT('',(7.4,9.45,8.6));
#3531 = VERTEX_POINT('',#3532);
#3532 = CARTESIAN_POINT('',(10.1,9.45,8.6));
#3533 = LINE('',#3534,#3535);
#3534 = CARTESIAN_POINT('',(7.4,9.45,8.6));
#3535 = VECTOR('',#3536,1.);
#3536 = DIRECTION('',(1.,0.,0.));
#3537 = ORIENTED_EDGE('',*,*,#3538,.T.);
#3538 = EDGE_CURVE('',#3531,#3469,#3539,.T.);
#3539 = LINE('',#3540,#3541);
#3540 = CARTESIAN_POINT('',(10.1,9.45,8.6));
#3541 = VECTOR('',#3542,1.);
#3542 = DIRECTION('',(0.,-1.,0.));
#3543 = ORIENTED_EDGE('',*,*,#3466,.F.);
#3544 = ORIENTED_EDGE('',*,*,#3545,.F.);
#3545 = EDGE_CURVE('',#3529,#3467,#3546,.T.);
#3546 = LINE('',#3547,#3548);
#3547 = CARTESIAN_POINT('',(7.4,9.45,8.6));
#3548 = VECTOR('',#3549,1.);
#3549 = DIRECTION('',(0.,-1.,0.));
#3550 = PLANE('',#3551);
#3551 = AXIS2_PLACEMENT_3D('',#3552,#3553,#3554);
#3552 = CARTESIAN_POINT('',(7.4,9.45,8.6));
#3553 = DIRECTION('',(0.,0.,-1.));
#3554 = DIRECTION('',(0.,-1.,0.));
#3555 = ADVANCED_FACE('',(#3556),#3583,.T.);
#3556 = FACE_BOUND('',#3557,.T.);
#3557 = EDGE_LOOP('',(#3558,#3567,#3575,#3582));
#3558 = ORIENTED_EDGE('',*,*,#3559,.F.);
#3559 = EDGE_CURVE('',#3560,#3507,#3562,.T.);
#3560 = VERTEX_POINT('',#3561);
#3561 = CARTESIAN_POINT('',(10.1,9.45,8.834076510729));
#3562 = CIRCLE('',#3563,0.58);
#3563 = AXIS2_PLACEMENT_3D('',#3564,#3565,#3566);
#3564 = CARTESIAN_POINT('',(10.1,9.,9.2));
#3565 = DIRECTION('',(1.,0.,0.));
#3566 = DIRECTION('',(-0.,0.,1.));
#3567 = ORIENTED_EDGE('',*,*,#3568,.F.);
#3568 = EDGE_CURVE('',#3569,#3560,#3571,.T.);
#3569 = VERTEX_POINT('',#3570);
#3570 = CARTESIAN_POINT('',(7.4,9.45,8.834076510729));
#3571 = LINE('',#3572,#3573);
#3572 = CARTESIAN_POINT('',(7.4,9.45,8.834076510729));
#3573 = VECTOR('',#3574,1.);
#3574 = DIRECTION('',(1.,0.,0.));
#3575 = ORIENTED_EDGE('',*,*,#3576,.T.);
#3576 = EDGE_CURVE('',#3569,#3498,#3577,.T.);
#3577 = CIRCLE('',#3578,0.58);
#3578 = AXIS2_PLACEMENT_3D('',#3579,#3580,#3581);
#3579 = CARTESIAN_POINT('',(7.4,9.,9.2));
#3580 = DIRECTION('',(1.,0.,0.));
#3581 = DIRECTION('',(-0.,0.,1.));
#3582 = ORIENTED_EDGE('',*,*,#3514,.T.);
#3583 = CYLINDRICAL_SURFACE('',#3584,0.58);
#3584 = AXIS2_PLACEMENT_3D('',#3585,#3586,#3587);
#3585 = CARTESIAN_POINT('',(7.4,9.,9.2));
#3586 = DIRECTION('',(1.,0.,0.));
#3587 = DIRECTION('',(-0.,0.,1.));
#3588 = ADVANCED_FACE('',(#3589),#3605,.T.);
#3589 = FACE_BOUND('',#3590,.T.);
#3590 = EDGE_LOOP('',(#3591,#3597,#3598,#3604));
#3591 = ORIENTED_EDGE('',*,*,#3592,.F.);
#3592 = EDGE_CURVE('',#3569,#3529,#3593,.T.);
#3593 = LINE('',#3594,#3595);
#3594 = CARTESIAN_POINT('',(7.4,9.45,10.6));
#3595 = VECTOR('',#3596,1.);
#3596 = DIRECTION('',(0.,0.,-1.));
#3597 = ORIENTED_EDGE('',*,*,#3568,.T.);
#3598 = ORIENTED_EDGE('',*,*,#3599,.T.);
#3599 = EDGE_CURVE('',#3560,#3531,#3600,.T.);
#3600 = LINE('',#3601,#3602);
#3601 = CARTESIAN_POINT('',(10.1,9.45,10.6));
#3602 = VECTOR('',#3603,1.);
#3603 = DIRECTION('',(0.,0.,-1.));
#3604 = ORIENTED_EDGE('',*,*,#3528,.F.);
#3605 = PLANE('',#3606);
#3606 = AXIS2_PLACEMENT_3D('',#3607,#3608,#3609);
#3607 = CARTESIAN_POINT('',(7.4,9.45,10.6));
#3608 = DIRECTION('',(-0.,1.,0.));
#3609 = DIRECTION('',(0.,0.,-1.));
#3610 = ADVANCED_FACE('',(#3611),#3619,.T.);
#3611 = FACE_BOUND('',#3612,.T.);
#3612 = EDGE_LOOP('',(#3613,#3614,#3615,#3616,#3617,#3618));
#3613 = ORIENTED_EDGE('',*,*,#3483,.T.);
#3614 = ORIENTED_EDGE('',*,*,#3452,.T.);
#3615 = ORIENTED_EDGE('',*,*,#3497,.T.);
#3616 = ORIENTED_EDGE('',*,*,#3576,.F.);
#3617 = ORIENTED_EDGE('',*,*,#3592,.T.);
#3618 = ORIENTED_EDGE('',*,*,#3545,.T.);
#3619 = PLANE('',#3620);
#3620 = AXIS2_PLACEMENT_3D('',#3621,#3622,#3623);
#3621 = CARTESIAN_POINT('',(7.4,4.823284092834,9.669808456553));
#3622 = DIRECTION('',(-1.,-0.,-0.));
#3623 = DIRECTION('',(0.,0.,-1.));
#3624 = ADVANCED_FACE('',(#3625),#3633,.T.);
#3625 = FACE_BOUND('',#3626,.T.);
#3626 = EDGE_LOOP('',(#3627,#3628,#3629,#3630,#3631,#3632));
#3627 = ORIENTED_EDGE('',*,*,#3476,.F.);
#3628 = ORIENTED_EDGE('',*,*,#3538,.F.);
#3629 = ORIENTED_EDGE('',*,*,#3599,.F.);
#3630 = ORIENTED_EDGE('',*,*,#3559,.T.);
#3631 = ORIENTED_EDGE('',*,*,#3506,.F.);
#3632 = ORIENTED_EDGE('',*,*,#3436,.F.);
#3633 = PLANE('',#3634);
#3634 = AXIS2_PLACEMENT_3D('',#3635,#3636,#3637);
#3635 = CARTESIAN_POINT('',(10.1,4.823284092834,9.669808456553));
#3636 = DIRECTION('',(1.,0.,0.));
#3637 = DIRECTION('',(-0.,0.,1.));
#3638 = ( GEOMETRIC_REPRESENTATION_CONTEXT(3)
GLOBAL_UNCERTAINTY_ASSIGNED_CONTEXT((#3642))
GLOBAL_UNIT_ASSIGNED_CONTEXT((#3639,#3640,#3641)) REPRESENTATION_CONTEXT
('Context #1','3D Context with UNIT and UNCERTAINTY') );
#3639 = ( LENGTH_UNIT() NAMED_UNIT(*) SI_UNIT(.MILLI.,.METRE.) );
#3640 = ( NAMED_UNIT(*) PLANE_ANGLE_UNIT() SI_UNIT($,.RADIAN.) );
#3641 = ( NAMED_UNIT(*) SI_UNIT($,.STERADIAN.) SOLID_ANGLE_UNIT() );
#3642 = UNCERTAINTY_MEASURE_WITH_UNIT(LENGTH_MEASURE(1.E-07),#3639,
  'distance_accuracy_value','confusion accuracy');
#3643 = CONTEXT_DEPENDENT_SHAPE_REPRESENTATION(#3644,#3646);
#3644 = ( REPRESENTATION_RELATIONSHIP('','',#3419,#10)
REPRESENTATION_RELATIONSHIP_WITH_TRANSFORMATION(#3645)
SHAPE_REPRESENTATION_RELATIONSHIP() );
#3645 = ITEM_DEFINED_TRANSFORMATION('','',#11,#35);
#3646 = PRODUCT_DEFINITION_SHAPE('Placement','Placement of an item',
  #3647);
#3647 = NEXT_ASSEMBLY_USAGE_OCCURRENCE('6','Actuator P2','',#5,#3414,$);
#3648 = PRODUCT_RELATED_PRODUCT_CATEGORY('part',$,(#3416));
#3649 = SHAPE_DEFINITION_REPRESENTATION(#3650,#3656);
#3650 = PRODUCT_DEFINITION_SHAPE('','',#3651);
#3651 = PRODUCT_DEFINITION('design','',#3652,#3655);
#3652 = PRODUCT_DEFINITION_FORMATION('','',#3653);
#3653 = PRODUCT('Terminal Pin P2 A','Terminal Pin P2 A','',(#3654));
#3654 = PRODUCT_CONTEXT('',#2,'mechanical');
#3655 = PRODUCT_DEFINITION_CONTEXT('part definition',#2,'design');
#3656 = ADVANCED_BREP_SHAPE_REPRESENTATION('',(#11,#3657),#3807);
#3657 = MANIFOLD_SOLID_BREP('',#3658);
#3658 = CLOSED_SHELL('',(#3659,#3699,#3739,#3761,#3783,#3795));
#3659 = ADVANCED_FACE('',(#3660),#3694,.F.);
#3660 = FACE_BOUND('',#3661,.F.);
#3661 = EDGE_LOOP('',(#3662,#3672,#3680,#3688));
#3662 = ORIENTED_EDGE('',*,*,#3663,.F.);
#3663 = EDGE_CURVE('',#3664,#3666,#3668,.T.);
#3664 = VERTEX_POINT('',#3665);
#3665 = CARTESIAN_POINT('',(8.85,4.35,-3.5));
#3666 = VERTEX_POINT('',#3667);
#3667 = CARTESIAN_POINT('',(8.85,4.35,0.));
#3668 = LINE('',#3669,#3670);
#3669 = CARTESIAN_POINT('',(8.85,4.35,-3.5));
#3670 = VECTOR('',#3671,1.);
#3671 = DIRECTION('',(0.,0.,1.));
#3672 = ORIENTED_EDGE('',*,*,#3673,.T.);
#3673 = EDGE_CURVE('',#3664,#3674,#3676,.T.);
#3674 = VERTEX_POINT('',#3675);
#3675 = CARTESIAN_POINT('',(8.85,4.85,-3.5));
#3676 = LINE('',#3677,#3678);
#3677 = CARTESIAN_POINT('',(8.85,4.35,-3.5));
#3678 = VECTOR('',#3679,1.);
#3679 = DIRECTION('',(-0.,1.,0.));
#3680 = ORIENTED_EDGE('',*,*,#3681,.T.);
#3681 = EDGE_CURVE('',#3674,#3682,#3684,.T.);
#3682 = VERTEX_POINT('',#3683);
#3683 = CARTESIAN_POINT('',(8.85,4.85,0.));
#3684 = LINE('',#3685,#3686);
#3685 = CARTESIAN_POINT('',(8.85,4.85,-3.5));
#3686 = VECTOR('',#3687,1.);
#3687 = DIRECTION('',(0.,0.,1.));
#3688 = ORIENTED_EDGE('',*,*,#3689,.F.);
#3689 = EDGE_CURVE('',#3666,#3682,#3690,.T.);
#3690 = LINE('',#3691,#3692);
#3691 = CARTESIAN_POINT('',(8.85,4.35,0.));
#3692 = VECTOR('',#3693,1.);
#3693 = DIRECTION('',(-0.,1.,0.));
#3694 = PLANE('',#3695);
#3695 = AXIS2_PLACEMENT_3D('',#3696,#3697,#3698);
#3696 = CARTESIAN_POINT('',(8.85,4.35,-3.5));
#3697 = DIRECTION('',(1.,0.,-0.));
#3698 = DIRECTION('',(0.,0.,1.));
#3699 = ADVANCED_FACE('',(#3700),#3734,.T.);
#3700 = FACE_BOUND('',#3701,.T.);
#3701 = EDGE_LOOP('',(#3702,#3712,#3720,#3728));
#3702 = ORIENTED_EDGE('',*,*,#3703,.F.);
#3703 = EDGE_CURVE('',#3704,#3706,#3708,.T.);
#3704 = VERTEX_POINT('',#3705);
#3705 = CARTESIAN_POINT('',(9.65,4.35,-3.5));
#3706 = VERTEX_POINT('',#3707);
#3707 = CARTESIAN_POINT('',(9.65,4.35,0.));
#3708 = LINE('',#3709,#3710);
#3709 = CARTESIAN_POINT('',(9.65,4.35,-3.5));
#3710 = VECTOR('',#3711,1.);
#3711 = DIRECTION('',(0.,0.,1.));
#3712 = ORIENTED_EDGE('',*,*,#3713,.T.);
#3713 = EDGE_CURVE('',#3704,#3714,#3716,.T.);
#3714 = VERTEX_POINT('',#3715);
#3715 = CARTESIAN_POINT('',(9.65,4.85,-3.5));
#3716 = LINE('',#3717,#3718);
#3717 = CARTESIAN_POINT('',(9.65,4.35,-3.5));
#3718 = VECTOR('',#3719,1.);
#3719 = DIRECTION('',(-0.,1.,0.));
#3720 = ORIENTED_EDGE('',*,*,#3721,.T.);
#3721 = EDGE_CURVE('',#3714,#3722,#3724,.T.);
#3722 = VERTEX_POINT('',#3723);
#3723 = CARTESIAN_POINT('',(9.65,4.85,0.));
#3724 = LINE('',#3725,#3726);
#3725 = CARTESIAN_POINT('',(9.65,4.85,-3.5));
#3726 = VECTOR('',#3727,1.);
#3727 = DIRECTION('',(0.,0.,1.));
#3728 = ORIENTED_EDGE('',*,*,#3729,.F.);
#3729 = EDGE_CURVE('',#3706,#3722,#3730,.T.);
#3730 = LINE('',#3731,#3732);
#3731 = CARTESIAN_POINT('',(9.65,4.35,0.));
#3732 = VECTOR('',#3733,1.);
#3733 = DIRECTION('',(-0.,1.,0.));
#3734 = PLANE('',#3735);
#3735 = AXIS2_PLACEMENT_3D('',#3736,#3737,#3738);
#3736 = CARTESIAN_POINT('',(9.65,4.35,-3.5));
#3737 = DIRECTION('',(1.,0.,-0.));
#3738 = DIRECTION('',(0.,0.,1.));
#3739 = ADVANCED_FACE('',(#3740),#3756,.F.);
#3740 = FACE_BOUND('',#3741,.F.);
#3741 = EDGE_LOOP('',(#3742,#3748,#3749,#3755));
#3742 = ORIENTED_EDGE('',*,*,#3743,.F.);
#3743 = EDGE_CURVE('',#3664,#3704,#3744,.T.);
#3744 = LINE('',#3745,#3746);
#3745 = CARTESIAN_POINT('',(8.85,4.35,-3.5));
#3746 = VECTOR('',#3747,1.);
#3747 = DIRECTION('',(1.,0.,-0.));
#3748 = ORIENTED_EDGE('',*,*,#3663,.T.);
#3749 = ORIENTED_EDGE('',*,*,#3750,.T.);
#3750 = EDGE_CURVE('',#3666,#3706,#3751,.T.);
#3751 = LINE('',#3752,#3753);
#3752 = CARTESIAN_POINT('',(8.85,4.35,0.));
#3753 = VECTOR('',#3754,1.);
#3754 = DIRECTION('',(1.,0.,-0.));
#3755 = ORIENTED_EDGE('',*,*,#3703,.F.);
#3756 = PLANE('',#3757);
#3757 = AXIS2_PLACEMENT_3D('',#3758,#3759,#3760);
#3758 = CARTESIAN_POINT('',(8.85,4.35,-3.5));
#3759 = DIRECTION('',(-0.,1.,0.));
#3760 = DIRECTION('',(0.,0.,1.));
#3761 = ADVANCED_FACE('',(#3762),#3778,.T.);
#3762 = FACE_BOUND('',#3763,.T.);
#3763 = EDGE_LOOP('',(#3764,#3770,#3771,#3777));
#3764 = ORIENTED_EDGE('',*,*,#3765,.F.);
#3765 = EDGE_CURVE('',#3674,#3714,#3766,.T.);
#3766 = LINE('',#3767,#3768);
#3767 = CARTESIAN_POINT('',(8.85,4.85,-3.5));
#3768 = VECTOR('',#3769,1.);
#3769 = DIRECTION('',(1.,0.,-0.));
#3770 = ORIENTED_EDGE('',*,*,#3681,.T.);
#3771 = ORIENTED_EDGE('',*,*,#3772,.T.);
#3772 = EDGE_CURVE('',#3682,#3722,#3773,.T.);
#3773 = LINE('',#3774,#3775);
#3774 = CARTESIAN_POINT('',(8.85,4.85,0.));
#3775 = VECTOR('',#3776,1.);
#3776 = DIRECTION('',(1.,0.,-0.));
#3777 = ORIENTED_EDGE('',*,*,#3721,.F.);
#3778 = PLANE('',#3779);
#3779 = AXIS2_PLACEMENT_3D('',#3780,#3781,#3782);
#3780 = CARTESIAN_POINT('',(8.85,4.85,-3.5));
#3781 = DIRECTION('',(-0.,1.,0.));
#3782 = DIRECTION('',(0.,0.,1.));
#3783 = ADVANCED_FACE('',(#3784),#3790,.F.);
#3784 = FACE_BOUND('',#3785,.F.);
#3785 = EDGE_LOOP('',(#3786,#3787,#3788,#3789));
#3786 = ORIENTED_EDGE('',*,*,#3673,.F.);
#3787 = ORIENTED_EDGE('',*,*,#3743,.T.);
#3788 = ORIENTED_EDGE('',*,*,#3713,.T.);
#3789 = ORIENTED_EDGE('',*,*,#3765,.F.);
#3790 = PLANE('',#3791);
#3791 = AXIS2_PLACEMENT_3D('',#3792,#3793,#3794);
#3792 = CARTESIAN_POINT('',(8.85,4.35,-3.5));
#3793 = DIRECTION('',(0.,0.,1.));
#3794 = DIRECTION('',(1.,0.,-0.));
#3795 = ADVANCED_FACE('',(#3796),#3802,.T.);
#3796 = FACE_BOUND('',#3797,.T.);
#3797 = EDGE_LOOP('',(#3798,#3799,#3800,#3801));
#3798 = ORIENTED_EDGE('',*,*,#3689,.F.);
#3799 = ORIENTED_EDGE('',*,*,#3750,.T.);
#3800 = ORIENTED_EDGE('',*,*,#3729,.T.);
#3801 = ORIENTED_EDGE('',*,*,#3772,.F.);
#3802 = PLANE('',#3803);
#3803 = AXIS2_PLACEMENT_3D('',#3804,#3805,#3806);
#3804 = CARTESIAN_POINT('',(8.85,4.35,0.));
#3805 = DIRECTION('',(0.,0.,1.));
#3806 = DIRECTION('',(1.,0.,-0.));
#3807 = ( GEOMETRIC_REPRESENTATION_CONTEXT(3)
GLOBAL_UNCERTAINTY_ASSIGNED_CONTEXT((#3811))
GLOBAL_UNIT_ASSIGNED_CONTEXT((#3808,#3809,#3810)) REPRESENTATION_CONTEXT
('Context #1','3D Context with UNIT and UNCERTAINTY') );
#3808 = ( LENGTH_UNIT() NAMED_UNIT(*) SI_UNIT(.MILLI.,.METRE.) );
#3809 = ( NAMED_UNIT(*) PLANE_ANGLE_UNIT() SI_UNIT($,.RADIAN.) );
#3810 = ( NAMED_UNIT(*) SI_UNIT($,.STERADIAN.) SOLID_ANGLE_UNIT() );
#3811 = UNCERTAINTY_MEASURE_WITH_UNIT(LENGTH_MEASURE(1.E-07),#3808,
  'distance_accuracy_value','confusion accuracy');
#3812 = CONTEXT_DEPENDENT_SHAPE_REPRESENTATION(#3813,#3815);
#3813 = ( REPRESENTATION_RELATIONSHIP('','',#3656,#10)
REPRESENTATION_RELATIONSHIP_WITH_TRANSFORMATION(#3814)
SHAPE_REPRESENTATION_RELATIONSHIP() );
#3814 = ITEM_DEFINED_TRANSFORMATION('','',#11,#39);
#3815 = PRODUCT_DEFINITION_SHAPE('Placement','Placement of an item',
  #3816);
#3816 = NEXT_ASSEMBLY_USAGE_OCCURRENCE('7','Terminal Pin P2 A','',#5,
  #3651,$);
#3817 = PRODUCT_RELATED_PRODUCT_CATEGORY('part',$,(#3653));
#3818 = SHAPE_DEFINITION_REPRESENTATION(#3819,#3825);
#3819 = PRODUCT_DEFINITION_SHAPE('','',#3820);
#3820 = PRODUCT_DEFINITION('design','',#3821,#3824);
#3821 = PRODUCT_DEFINITION_FORMATION('','',#3822);
#3822 = PRODUCT('Terminal Pin P2 B','Terminal Pin P2 B','',(#3823));
#3823 = PRODUCT_CONTEXT('',#2,'mechanical');
#3824 = PRODUCT_DEFINITION_CONTEXT('part definition',#2,'design');
#3825 = ADVANCED_BREP_SHAPE_REPRESENTATION('',(#11,#3826),#3976);
#3826 = MANIFOLD_SOLID_BREP('',#3827);
#3827 = CLOSED_SHELL('',(#3828,#3868,#3908,#3930,#3952,#3964));
#3828 = ADVANCED_FACE('',(#3829),#3863,.F.);
#3829 = FACE_BOUND('',#3830,.F.);
#3830 = EDGE_LOOP('',(#3831,#3841,#3849,#3857));
#3831 = ORIENTED_EDGE('',*,*,#3832,.F.);
#3832 = EDGE_CURVE('',#3833,#3835,#3837,.T.);
#3833 = VERTEX_POINT('',#3834);
#3834 = CARTESIAN_POINT('',(8.85,9.35,-3.5));
#3835 = VERTEX_POINT('',#3836);
#3836 = CARTESIAN_POINT('',(8.85,9.35,0.));
#3837 = LINE('',#3838,#3839);
#3838 = CARTESIAN_POINT('',(8.85,9.35,-3.5));
#3839 = VECTOR('',#3840,1.);
#3840 = DIRECTION('',(0.,0.,1.));
#3841 = ORIENTED_EDGE('',*,*,#3842,.T.);
#3842 = EDGE_CURVE('',#3833,#3843,#3845,.T.);
#3843 = VERTEX_POINT('',#3844);
#3844 = CARTESIAN_POINT('',(8.85,9.85,-3.5));
#3845 = LINE('',#3846,#3847);
#3846 = CARTESIAN_POINT('',(8.85,9.35,-3.5));
#3847 = VECTOR('',#3848,1.);
#3848 = DIRECTION('',(-0.,1.,0.));
#3849 = ORIENTED_EDGE('',*,*,#3850,.T.);
#3850 = EDGE_CURVE('',#3843,#3851,#3853,.T.);
#3851 = VERTEX_POINT('',#3852);
#3852 = CARTESIAN_POINT('',(8.85,9.85,0.));
#3853 = LINE('',#3854,#3855);
#3854 = CARTESIAN_POINT('',(8.85,9.85,-3.5));
#3855 = VECTOR('',#3856,1.);
#3856 = DIRECTION('',(0.,0.,1.));
#3857 = ORIENTED_EDGE('',*,*,#3858,.F.);
#3858 = EDGE_CURVE('',#3835,#3851,#3859,.T.);
#3859 = LINE('',#3860,#3861);
#3860 = CARTESIAN_POINT('',(8.85,9.35,0.));
#3861 = VECTOR('',#3862,1.);
#3862 = DIRECTION('',(-0.,1.,0.));
#3863 = PLANE('',#3864);
#3864 = AXIS2_PLACEMENT_3D('',#3865,#3866,#3867);
#3865 = CARTESIAN_POINT('',(8.85,9.35,-3.5));
#3866 = DIRECTION('',(1.,0.,-0.));
#3867 = DIRECTION('',(0.,0.,1.));
#3868 = ADVANCED_FACE('',(#3869),#3903,.T.);
#3869 = FACE_BOUND('',#3870,.T.);
#3870 = EDGE_LOOP('',(#3871,#3881,#3889,#3897));
#3871 = ORIENTED_EDGE('',*,*,#3872,.F.);
#3872 = EDGE_CURVE('',#3873,#3875,#3877,.T.);
#3873 = VERTEX_POINT('',#3874);
#3874 = CARTESIAN_POINT('',(9.65,9.35,-3.5));
#3875 = VERTEX_POINT('',#3876);
#3876 = CARTESIAN_POINT('',(9.65,9.35,0.));
#3877 = LINE('',#3878,#3879);
#3878 = CARTESIAN_POINT('',(9.65,9.35,-3.5));
#3879 = VECTOR('',#3880,1.);
#3880 = DIRECTION('',(0.,0.,1.));
#3881 = ORIENTED_EDGE('',*,*,#3882,.T.);
#3882 = EDGE_CURVE('',#3873,#3883,#3885,.T.);
#3883 = VERTEX_POINT('',#3884);
#3884 = CARTESIAN_POINT('',(9.65,9.85,-3.5));
#3885 = LINE('',#3886,#3887);
#3886 = CARTESIAN_POINT('',(9.65,9.35,-3.5));
#3887 = VECTOR('',#3888,1.);
#3888 = DIRECTION('',(-0.,1.,0.));
#3889 = ORIENTED_EDGE('',*,*,#3890,.T.);
#3890 = EDGE_CURVE('',#3883,#3891,#3893,.T.);
#3891 = VERTEX_POINT('',#3892);
#3892 = CARTESIAN_POINT('',(9.65,9.85,0.));
#3893 = LINE('',#3894,#3895);
#3894 = CARTESIAN_POINT('',(9.65,9.85,-3.5));
#3895 = VECTOR('',#3896,1.);
#3896 = DIRECTION('',(0.,0.,1.));
#3897 = ORIENTED_EDGE('',*,*,#3898,.F.);
#3898 = EDGE_CURVE('',#3875,#3891,#3899,.T.);
#3899 = LINE('',#3900,#3901);
#3900 = CARTESIAN_POINT('',(9.65,9.35,0.));
#3901 = VECTOR('',#3902,1.);
#3902 = DIRECTION('',(-0.,1.,0.));
#3903 = PLANE('',#3904);
#3904 = AXIS2_PLACEMENT_3D('',#3905,#3906,#3907);
#3905 = CARTESIAN_POINT('',(9.65,9.35,-3.5));
#3906 = DIRECTION('',(1.,0.,-0.));
#3907 = DIRECTION('',(0.,0.,1.));
#3908 = ADVANCED_FACE('',(#3909),#3925,.F.);
#3909 = FACE_BOUND('',#3910,.F.);
#3910 = EDGE_LOOP('',(#3911,#3917,#3918,#3924));
#3911 = ORIENTED_EDGE('',*,*,#3912,.F.);
#3912 = EDGE_CURVE('',#3833,#3873,#3913,.T.);
#3913 = LINE('',#3914,#3915);
#3914 = CARTESIAN_POINT('',(8.85,9.35,-3.5));
#3915 = VECTOR('',#3916,1.);
#3916 = DIRECTION('',(1.,0.,-0.));
#3917 = ORIENTED_EDGE('',*,*,#3832,.T.);
#3918 = ORIENTED_EDGE('',*,*,#3919,.T.);
#3919 = EDGE_CURVE('',#3835,#3875,#3920,.T.);
#3920 = LINE('',#3921,#3922);
#3921 = CARTESIAN_POINT('',(8.85,9.35,0.));
#3922 = VECTOR('',#3923,1.);
#3923 = DIRECTION('',(1.,0.,-0.));
#3924 = ORIENTED_EDGE('',*,*,#3872,.F.);
#3925 = PLANE('',#3926);
#3926 = AXIS2_PLACEMENT_3D('',#3927,#3928,#3929);
#3927 = CARTESIAN_POINT('',(8.85,9.35,-3.5));
#3928 = DIRECTION('',(-0.,1.,0.));
#3929 = DIRECTION('',(0.,0.,1.));
#3930 = ADVANCED_FACE('',(#3931),#3947,.T.);
#3931 = FACE_BOUND('',#3932,.T.);
#3932 = EDGE_LOOP('',(#3933,#3939,#3940,#3946));
#3933 = ORIENTED_EDGE('',*,*,#3934,.F.);
#3934 = EDGE_CURVE('',#3843,#3883,#3935,.T.);
#3935 = LINE('',#3936,#3937);
#3936 = CARTESIAN_POINT('',(8.85,9.85,-3.5));
#3937 = VECTOR('',#3938,1.);
#3938 = DIRECTION('',(1.,0.,-0.));
#3939 = ORIENTED_EDGE('',*,*,#3850,.T.);
#3940 = ORIENTED_EDGE('',*,*,#3941,.T.);
#3941 = EDGE_CURVE('',#3851,#3891,#3942,.T.);
#3942 = LINE('',#3943,#3944);
#3943 = CARTESIAN_POINT('',(8.85,9.85,0.));
#3944 = VECTOR('',#3945,1.);
#3945 = DIRECTION('',(1.,0.,-0.));
#3946 = ORIENTED_EDGE('',*,*,#3890,.F.);
#3947 = PLANE('',#3948);
#3948 = AXIS2_PLACEMENT_3D('',#3949,#3950,#3951);
#3949 = CARTESIAN_POINT('',(8.85,9.85,-3.5));
#3950 = DIRECTION('',(-0.,1.,0.));
#3951 = DIRECTION('',(0.,0.,1.));
#3952 = ADVANCED_FACE('',(#3953),#3959,.F.);
#3953 = FACE_BOUND('',#3954,.F.);
#3954 = EDGE_LOOP('',(#3955,#3956,#3957,#3958));
#3955 = ORIENTED_EDGE('',*,*,#3842,.F.);
#3956 = ORIENTED_EDGE('',*,*,#3912,.T.);
#3957 = ORIENTED_EDGE('',*,*,#3882,.T.);
#3958 = ORIENTED_EDGE('',*,*,#3934,.F.);
#3959 = PLANE('',#3960);
#3960 = AXIS2_PLACEMENT_3D('',#3961,#3962,#3963);
#3961 = CARTESIAN_POINT('',(8.85,9.35,-3.5));
#3962 = DIRECTION('',(0.,0.,1.));
#3963 = DIRECTION('',(1.,0.,-0.));
#3964 = ADVANCED_FACE('',(#3965),#3971,.T.);
#3965 = FACE_BOUND('',#3966,.T.);
#3966 = EDGE_LOOP('',(#3967,#3968,#3969,#3970));
#3967 = ORIENTED_EDGE('',*,*,#3858,.F.);
#3968 = ORIENTED_EDGE('',*,*,#3919,.T.);
#3969 = ORIENTED_EDGE('',*,*,#3898,.T.);
#3970 = ORIENTED_EDGE('',*,*,#3941,.F.);
#3971 = PLANE('',#3972);
#3972 = AXIS2_PLACEMENT_3D('',#3973,#3974,#3975);
#3973 = CARTESIAN_POINT('',(8.85,9.35,0.));
#3974 = DIRECTION('',(0.,0.,1.));
#3975 = DIRECTION('',(1.,0.,-0.));
#3976 = ( GEOMETRIC_REPRESENTATION_CONTEXT(3)
GLOBAL_UNCERTAINTY_ASSIGNED_CONTEXT((#3980))
GLOBAL_UNIT_ASSIGNED_CONTEXT((#3977,#3978,#3979)) REPRESENTATION_CONTEXT
('Context #1','3D Context with UNIT and UNCERTAINTY') );
#3977 = ( LENGTH_UNIT() NAMED_UNIT(*) SI_UNIT(.MILLI.,.METRE.) );
#3978 = ( NAMED_UNIT(*) PLANE_ANGLE_UNIT() SI_UNIT($,.RADIAN.) );
#3979 = ( NAMED_UNIT(*) SI_UNIT($,.STERADIAN.) SOLID_ANGLE_UNIT() );
#3980 = UNCERTAINTY_MEASURE_WITH_UNIT(LENGTH_MEASURE(1.E-07),#3977,
  'distance_accuracy_value','confusion accuracy');
#3981 = CONTEXT_DEPENDENT_SHAPE_REPRESENTATION(#3982,#3984);
#3982 = ( REPRESENTATION_RELATIONSHIP('','',#3825,#10)
REPRESENTATION_RELATIONSHIP_WITH_TRANSFORMATION(#3983)
SHAPE_REPRESENTATION_RELATIONSHIP() );
#3983 = ITEM_DEFINED_TRANSFORMATION('','',#11,#43);
#3984 = PRODUCT_DEFINITION_SHAPE('Placement','Placement of an item',
  #3985);
#3985 = NEXT_ASSEMBLY_USAGE_OCCURRENCE('8','Terminal Pin P2 B','',#5,
  #3820,$);
#3986 = PRODUCT_RELATED_PRODUCT_CATEGORY('part',$,(#3822));
#3987 = SHAPE_DEFINITION_REPRESENTATION(#3988,#3994);
#3988 = PRODUCT_DEFINITION_SHAPE('','',#3989);
#3989 = PRODUCT_DEFINITION('design','',#3990,#3993);
#3990 = PRODUCT_DEFINITION_FORMATION('','',#3991);
#3991 = PRODUCT('Housing P3','Housing P3','',(#3992));
#3992 = PRODUCT_CONTEXT('',#2,'mechanical');
#3993 = PRODUCT_DEFINITION_CONTEXT('part definition',#2,'design');
#3994 = ADVANCED_BREP_SHAPE_REPRESENTATION('',(#11,#3995),#5350);
#3995 = MANIFOLD_SOLID_BREP('',#3996);
#3996 = CLOSED_SHELL('',(#3997,#4045,#4078,#4169,#4194,#4227,#4260,#4361
    ,#4378,#4403,#4435,#4460,#4500,#4532,#4556,#4581,#4598,#4615,#4646,
    #4677,#4695,#4726,#4751,#4782,#4806,#4837,#4854,#4878,#4896,#4913,
    #4925,#4942,#4954,#4972,#4983,#5032,#5063,#5094,#5127,#5158,#5198,
    #5229,#5245,#5291,#5322,#5336));
#3997 = ADVANCED_FACE('',(#3998),#4040,.F.);
#3998 = FACE_BOUND('',#3999,.F.);
#3999 = EDGE_LOOP('',(#4000,#4010,#4018,#4026,#4034));
#4000 = ORIENTED_EDGE('',*,*,#4001,.F.);
#4001 = EDGE_CURVE('',#4002,#4004,#4006,.T.);
#4002 = VERTEX_POINT('',#4003);
#4003 = CARTESIAN_POINT('',(3.5,0.3,0.3));
#4004 = VERTEX_POINT('',#4005);
#4005 = CARTESIAN_POINT('',(3.5,0.3,9.086363636364));
#4006 = LINE('',#4007,#4008);
#4007 = CARTESIAN_POINT('',(3.5,0.3,0.));
#4008 = VECTOR('',#4009,1.);
#4009 = DIRECTION('',(0.,0.,1.));
#4010 = ORIENTED_EDGE('',*,*,#4011,.T.);
#4011 = EDGE_CURVE('',#4002,#4012,#4014,.T.);
#4012 = VERTEX_POINT('',#4013);
#4013 = CARTESIAN_POINT('',(3.5,12.2,0.3));
#4014 = LINE('',#4015,#4016);
#4015 = CARTESIAN_POINT('',(3.5,0.,0.3));
#4016 = VECTOR('',#4017,1.);
#4017 = DIRECTION('',(-0.,1.,0.));
#4018 = ORIENTED_EDGE('',*,*,#4019,.T.);
#4019 = EDGE_CURVE('',#4012,#4020,#4022,.T.);
#4020 = VERTEX_POINT('',#4021);
#4021 = CARTESIAN_POINT('',(3.5,12.2,10.3));
#4022 = LINE('',#4023,#4024);
#4023 = CARTESIAN_POINT('',(3.5,12.2,0.));
#4024 = VECTOR('',#4025,1.);
#4025 = DIRECTION('',(0.,0.,1.));
#4026 = ORIENTED_EDGE('',*,*,#4027,.F.);
#4027 = EDGE_CURVE('',#4028,#4020,#4030,.T.);
#4028 = VERTEX_POINT('',#4029);
#4029 = CARTESIAN_POINT('',(3.5,1.743243243243,10.3));
#4030 = LINE('',#4031,#4032);
#4031 = CARTESIAN_POINT('',(3.5,0.,10.3));
#4032 = VECTOR('',#4033,1.);
#4033 = DIRECTION('',(-0.,1.,0.));
#4034 = ORIENTED_EDGE('',*,*,#4035,.F.);
#4035 = EDGE_CURVE('',#4004,#4028,#4036,.T.);
#4036 = LINE('',#4037,#4038);
#4037 = CARTESIAN_POINT('',(3.5,-1.125779122542,7.88741301059));
#4038 = VECTOR('',#4039,1.);
#4039 = DIRECTION('',(0.,0.765362085905,0.643599935875));
#4040 = PLANE('',#4041);
#4041 = AXIS2_PLACEMENT_3D('',#4042,#4043,#4044);
#4042 = CARTESIAN_POINT('',(3.5,0.,0.));
#4043 = DIRECTION('',(1.,0.,-0.));
#4044 = DIRECTION('',(0.,0.,1.));
#4045 = ADVANCED_FACE('',(#4046),#4073,.T.);
#4046 = FACE_BOUND('',#4047,.T.);
#4047 = EDGE_LOOP('',(#4048,#4049,#4058,#4066));
#4048 = ORIENTED_EDGE('',*,*,#4001,.F.);
#4049 = ORIENTED_EDGE('',*,*,#4050,.T.);
#4050 = EDGE_CURVE('',#4002,#4051,#4053,.T.);
#4051 = VERTEX_POINT('',#4052);
#4052 = CARTESIAN_POINT('',(3.8,-5.551115123126E-17,0.3));
#4053 = CIRCLE('',#4054,0.3);
#4054 = AXIS2_PLACEMENT_3D('',#4055,#4056,#4057);
#4055 = CARTESIAN_POINT('',(3.8,0.3,0.3));
#4056 = DIRECTION('',(0.,0.,1.));
#4057 = DIRECTION('',(-1.,0.,0.));
#4058 = ORIENTED_EDGE('',*,*,#4059,.T.);
#4059 = EDGE_CURVE('',#4051,#4060,#4062,.T.);
#4060 = VERTEX_POINT('',#4061);
#4061 = CARTESIAN_POINT('',(3.8,-5.551115123126E-17,8.834090909091));
#4062 = LINE('',#4063,#4064);
#4063 = CARTESIAN_POINT('',(3.8,-5.551115123126E-17,0.));
#4064 = VECTOR('',#4065,1.);
#4065 = DIRECTION('',(0.,0.,1.));
#4066 = ORIENTED_EDGE('',*,*,#4067,.T.);
#4067 = EDGE_CURVE('',#4060,#4004,#4068,.T.);
#4068 = ELLIPSE('',#4069,0.391971336867,0.3);
#4069 = AXIS2_PLACEMENT_3D('',#4070,#4071,#4072);
#4070 = CARTESIAN_POINT('',(3.8,0.3,9.086363636364));
#4071 = DIRECTION('',(0.,0.643599935875,-0.765362085905));
#4072 = DIRECTION('',(0.,0.765362085905,0.643599935875));
#4073 = CYLINDRICAL_SURFACE('',#4074,0.3);
#4074 = AXIS2_PLACEMENT_3D('',#4075,#4076,#4077);
#4075 = CARTESIAN_POINT('',(3.8,0.3,0.));
#4076 = DIRECTION('',(0.,0.,1.));
#4077 = DIRECTION('',(-1.,-0.,0.));
#4078 = ADVANCED_FACE('',(#4079),#4164,.F.);
#4079 = FACE_BOUND('',#4080,.F.);
#4080 = EDGE_LOOP('',(#4081,#4090,#4098,#4106,#4114,#4122,#4130,#4139,
    #4147,#4156,#4162,#4163));
#4081 = ORIENTED_EDGE('',*,*,#4082,.T.);
#4082 = EDGE_CURVE('',#4028,#4083,#4085,.T.);
#4083 = VERTEX_POINT('',#4084);
#4084 = CARTESIAN_POINT('',(3.8,2.1,10.6));
#4085 = ELLIPSE('',#4086,0.466128076275,0.3);
#4086 = AXIS2_PLACEMENT_3D('',#4087,#4088,#4089);
#4087 = CARTESIAN_POINT('',(3.8,1.743243243243,10.3));
#4088 = DIRECTION('',(0.,0.643599935875,-0.765362085905));
#4089 = DIRECTION('',(0.,0.765362085905,0.643599935875));
#4090 = ORIENTED_EDGE('',*,*,#4091,.T.);
#4091 = EDGE_CURVE('',#4083,#4092,#4094,.T.);
#4092 = VERTEX_POINT('',#4093);
#4093 = CARTESIAN_POINT('',(3.84,2.1,10.6));
#4094 = LINE('',#4095,#4096);
#4095 = CARTESIAN_POINT('',(3.4,2.1,10.6));
#4096 = VECTOR('',#4097,1.);
#4097 = DIRECTION('',(1.,0.,0.));
#4098 = ORIENTED_EDGE('',*,*,#4099,.T.);
#4099 = EDGE_CURVE('',#4092,#4100,#4102,.T.);
#4100 = VERTEX_POINT('',#4101);
#4101 = CARTESIAN_POINT('',(3.84,0.589585439838,9.329878665319));
#4102 = LINE('',#4103,#4104);
#4103 = CARTESIAN_POINT('',(3.84,2.697145719937,11.102145264493));
#4104 = VECTOR('',#4105,1.);
#4105 = DIRECTION('',(0.,-0.765362085905,-0.643599935875));
#4106 = ORIENTED_EDGE('',*,*,#4107,.T.);
#4107 = EDGE_CURVE('',#4100,#4108,#4110,.T.);
#4108 = VERTEX_POINT('',#4109);
#4109 = CARTESIAN_POINT('',(6.66,0.589585439838,9.329878665319));
#4110 = LINE('',#4111,#4112);
#4111 = CARTESIAN_POINT('',(3.62,0.589585439838,9.329878665319));
#4112 = VECTOR('',#4113,1.);
#4113 = DIRECTION('',(1.,0.,0.));
#4114 = ORIENTED_EDGE('',*,*,#4115,.F.);
#4115 = EDGE_CURVE('',#4116,#4108,#4118,.T.);
#4116 = VERTEX_POINT('',#4117);
#4117 = CARTESIAN_POINT('',(6.66,2.1,10.6));
#4118 = LINE('',#4119,#4120);
#4119 = CARTESIAN_POINT('',(6.66,2.697145719937,11.102145264493));
#4120 = VECTOR('',#4121,1.);
#4121 = DIRECTION('',(0.,-0.765362085905,-0.643599935875));
#4122 = ORIENTED_EDGE('',*,*,#4123,.T.);
#4123 = EDGE_CURVE('',#4116,#4124,#4126,.T.);
#4124 = VERTEX_POINT('',#4125);
#4125 = CARTESIAN_POINT('',(6.7,2.1,10.6));
#4126 = LINE('',#4127,#4128);
#4127 = CARTESIAN_POINT('',(3.4,2.1,10.6));
#4128 = VECTOR('',#4129,1.);
#4129 = DIRECTION('',(1.,0.,0.));
#4130 = ORIENTED_EDGE('',*,*,#4131,.T.);
#4131 = EDGE_CURVE('',#4124,#4132,#4134,.T.);
#4132 = VERTEX_POINT('',#4133);
#4133 = CARTESIAN_POINT('',(7.,1.743243243243,10.3));
#4134 = ELLIPSE('',#4135,0.466128076275,0.3);
#4135 = AXIS2_PLACEMENT_3D('',#4136,#4137,#4138);
#4136 = CARTESIAN_POINT('',(6.7,1.743243243243,10.3));
#4137 = DIRECTION('',(0.,0.643599935875,-0.765362085905));
#4138 = DIRECTION('',(0.,0.765362085905,0.643599935875));
#4139 = ORIENTED_EDGE('',*,*,#4140,.F.);
#4140 = EDGE_CURVE('',#4141,#4132,#4143,.T.);
#4141 = VERTEX_POINT('',#4142);
#4142 = CARTESIAN_POINT('',(7.,0.3,9.086363636364));
#4143 = LINE('',#4144,#4145);
#4144 = CARTESIAN_POINT('',(7.,-1.125779122542,7.88741301059));
#4145 = VECTOR('',#4146,1.);
#4146 = DIRECTION('',(0.,0.765362085905,0.643599935875));
#4147 = ORIENTED_EDGE('',*,*,#4148,.T.);
#4148 = EDGE_CURVE('',#4141,#4149,#4151,.T.);
#4149 = VERTEX_POINT('',#4150);
#4150 = CARTESIAN_POINT('',(6.7,-5.551115123126E-17,8.834090909091));
#4151 = ELLIPSE('',#4152,0.391971336867,0.3);
#4152 = AXIS2_PLACEMENT_3D('',#4153,#4154,#4155);
#4153 = CARTESIAN_POINT('',(6.7,0.3,9.086363636364));
#4154 = DIRECTION('',(0.,0.643599935875,-0.765362085905));
#4155 = DIRECTION('',(0.,0.765362085905,0.643599935875));
#4156 = ORIENTED_EDGE('',*,*,#4157,.T.);
#4157 = EDGE_CURVE('',#4149,#4060,#4158,.T.);
#4158 = LINE('',#4159,#4160);
#4159 = CARTESIAN_POINT('',(3.45,2.22044604925E-16,8.834090909091));
#4160 = VECTOR('',#4161,1.);
#4161 = DIRECTION('',(-1.,0.,-0.));
#4162 = ORIENTED_EDGE('',*,*,#4067,.T.);
#4163 = ORIENTED_EDGE('',*,*,#4035,.T.);
#4164 = PLANE('',#4165);
#4165 = AXIS2_PLACEMENT_3D('',#4166,#4167,#4168);
#4166 = CARTESIAN_POINT('',(3.4,2.1,10.6));
#4167 = DIRECTION('',(0.,0.643599935875,-0.765362085905));
#4168 = DIRECTION('',(0.,-0.765362085905,-0.643599935875));
#4169 = ADVANCED_FACE('',(#4170),#4189,.T.);
#4170 = FACE_BOUND('',#4171,.T.);
#4171 = EDGE_LOOP('',(#4172,#4173,#4181,#4188));
#4172 = ORIENTED_EDGE('',*,*,#4082,.T.);
#4173 = ORIENTED_EDGE('',*,*,#4174,.T.);
#4174 = EDGE_CURVE('',#4083,#4175,#4177,.T.);
#4175 = VERTEX_POINT('',#4176);
#4176 = CARTESIAN_POINT('',(3.8,12.2,10.6));
#4177 = LINE('',#4178,#4179);
#4178 = CARTESIAN_POINT('',(3.8,0.,10.6));
#4179 = VECTOR('',#4180,1.);
#4180 = DIRECTION('',(-0.,1.,0.));
#4181 = ORIENTED_EDGE('',*,*,#4182,.F.);
#4182 = EDGE_CURVE('',#4020,#4175,#4183,.T.);
#4183 = CIRCLE('',#4184,0.3);
#4184 = AXIS2_PLACEMENT_3D('',#4185,#4186,#4187);
#4185 = CARTESIAN_POINT('',(3.8,12.2,10.3));
#4186 = DIRECTION('',(-0.,1.,0.));
#4187 = DIRECTION('',(-1.,-0.,0.));
#4188 = ORIENTED_EDGE('',*,*,#4027,.F.);
#4189 = CYLINDRICAL_SURFACE('',#4190,0.3);
#4190 = AXIS2_PLACEMENT_3D('',#4191,#4192,#4193);
#4191 = CARTESIAN_POINT('',(3.8,0.,10.3));
#4192 = DIRECTION('',(-0.,1.,0.));
#4193 = DIRECTION('',(-1.,-0.,0.));
#4194 = ADVANCED_FACE('',(#4195),#4222,.T.);
#4195 = FACE_BOUND('',#4196,.F.);
#4196 = EDGE_LOOP('',(#4197,#4198,#4207,#4215));
#4197 = ORIENTED_EDGE('',*,*,#4019,.F.);
#4198 = ORIENTED_EDGE('',*,*,#4199,.T.);
#4199 = EDGE_CURVE('',#4012,#4200,#4202,.T.);
#4200 = VERTEX_POINT('',#4201);
#4201 = CARTESIAN_POINT('',(3.8,12.5,0.3));
#4202 = CIRCLE('',#4203,0.3);
#4203 = AXIS2_PLACEMENT_3D('',#4204,#4205,#4206);
#4204 = CARTESIAN_POINT('',(3.8,12.2,0.3));
#4205 = DIRECTION('',(-0.,0.,-1.));
#4206 = DIRECTION('',(-1.,0.,0.));
#4207 = ORIENTED_EDGE('',*,*,#4208,.T.);
#4208 = EDGE_CURVE('',#4200,#4209,#4211,.T.);
#4209 = VERTEX_POINT('',#4210);
#4210 = CARTESIAN_POINT('',(3.8,12.5,10.3));
#4211 = LINE('',#4212,#4213);
#4212 = CARTESIAN_POINT('',(3.8,12.5,0.));
#4213 = VECTOR('',#4214,1.);
#4214 = DIRECTION('',(0.,0.,1.));
#4215 = ORIENTED_EDGE('',*,*,#4216,.T.);
#4216 = EDGE_CURVE('',#4209,#4020,#4217,.T.);
#4217 = CIRCLE('',#4218,0.3);
#4218 = AXIS2_PLACEMENT_3D('',#4219,#4220,#4221);
#4219 = CARTESIAN_POINT('',(3.8,12.2,10.3));
#4220 = DIRECTION('',(0.,0.,1.));
#4221 = DIRECTION('',(-1.,-0.,0.));
#4222 = CYLINDRICAL_SURFACE('',#4223,0.3);
#4223 = AXIS2_PLACEMENT_3D('',#4224,#4225,#4226);
#4224 = CARTESIAN_POINT('',(3.8,12.2,0.));
#4225 = DIRECTION('',(0.,0.,1.));
#4226 = DIRECTION('',(-1.,-0.,0.));
#4227 = ADVANCED_FACE('',(#4228),#4255,.T.);
#4228 = FACE_BOUND('',#4229,.F.);
#4229 = EDGE_LOOP('',(#4230,#4239,#4247,#4254));
#4230 = ORIENTED_EDGE('',*,*,#4231,.F.);
#4231 = EDGE_CURVE('',#4232,#4002,#4234,.T.);
#4232 = VERTEX_POINT('',#4233);
#4233 = CARTESIAN_POINT('',(3.8,0.3,0.));
#4234 = CIRCLE('',#4235,0.3);
#4235 = AXIS2_PLACEMENT_3D('',#4236,#4237,#4238);
#4236 = CARTESIAN_POINT('',(3.8,0.3,0.3));
#4237 = DIRECTION('',(0.,1.,-0.));
#4238 = DIRECTION('',(-1.,0.,0.));
#4239 = ORIENTED_EDGE('',*,*,#4240,.T.);
#4240 = EDGE_CURVE('',#4232,#4241,#4243,.T.);
#4241 = VERTEX_POINT('',#4242);
#4242 = CARTESIAN_POINT('',(3.8,12.2,0.));
#4243 = LINE('',#4244,#4245);
#4244 = CARTESIAN_POINT('',(3.8,0.,-5.551115123126E-17));
#4245 = VECTOR('',#4246,1.);
#4246 = DIRECTION('',(-0.,1.,0.));
#4247 = ORIENTED_EDGE('',*,*,#4248,.T.);
#4248 = EDGE_CURVE('',#4241,#4012,#4249,.T.);
#4249 = CIRCLE('',#4250,0.3);
#4250 = AXIS2_PLACEMENT_3D('',#4251,#4252,#4253);
#4251 = CARTESIAN_POINT('',(3.8,12.2,0.3));
#4252 = DIRECTION('',(0.,1.,-0.));
#4253 = DIRECTION('',(-1.,0.,0.));
#4254 = ORIENTED_EDGE('',*,*,#4011,.F.);
#4255 = CYLINDRICAL_SURFACE('',#4256,0.3);
#4256 = AXIS2_PLACEMENT_3D('',#4257,#4258,#4259);
#4257 = CARTESIAN_POINT('',(3.8,0.,0.3));
#4258 = DIRECTION('',(-0.,1.,0.));
#4259 = DIRECTION('',(-1.,-0.,0.));
#4260 = ADVANCED_FACE('',(#4261,#4279),#4356,.F.);
#4261 = FACE_BOUND('',#4262,.F.);
#4262 = EDGE_LOOP('',(#4263,#4271,#4272,#4273));
#4263 = ORIENTED_EDGE('',*,*,#4264,.F.);
#4264 = EDGE_CURVE('',#4051,#4265,#4267,.T.);
#4265 = VERTEX_POINT('',#4266);
#4266 = CARTESIAN_POINT('',(6.7,-5.551115123126E-17,0.3));
#4267 = LINE('',#4268,#4269);
#4268 = CARTESIAN_POINT('',(3.5,-5.551115123126E-17,0.3));
#4269 = VECTOR('',#4270,1.);
#4270 = DIRECTION('',(1.,0.,-0.));
#4271 = ORIENTED_EDGE('',*,*,#4059,.T.);
#4272 = ORIENTED_EDGE('',*,*,#4157,.F.);
#4273 = ORIENTED_EDGE('',*,*,#4274,.F.);
#4274 = EDGE_CURVE('',#4265,#4149,#4275,.T.);
#4275 = LINE('',#4276,#4277);
#4276 = CARTESIAN_POINT('',(6.7,-5.551115123126E-17,0.));
#4277 = VECTOR('',#4278,1.);
#4278 = DIRECTION('',(0.,0.,1.));
#4279 = FACE_BOUND('',#4280,.F.);
#4280 = EDGE_LOOP('',(#4281,#4291,#4299,#4307,#4316,#4325,#4333,#4341,
    #4349));
#4281 = ORIENTED_EDGE('',*,*,#4282,.F.);
#4282 = EDGE_CURVE('',#4283,#4285,#4287,.T.);
#4283 = VERTEX_POINT('',#4284);
#4284 = CARTESIAN_POINT('',(6.65,0.,5.6));
#4285 = VERTEX_POINT('',#4286);
#4286 = CARTESIAN_POINT('',(6.65,0.,2.1));
#4287 = LINE('',#4288,#4289);
#4288 = CARTESIAN_POINT('',(6.65,0.,1.05));
#4289 = VECTOR('',#4290,1.);
#4290 = DIRECTION('',(-0.,0.,-1.));
#4291 = ORIENTED_EDGE('',*,*,#4292,.F.);
#4292 = EDGE_CURVE('',#4293,#4283,#4295,.T.);
#4293 = VERTEX_POINT('',#4294);
#4294 = CARTESIAN_POINT('',(6.2,0.,5.6));
#4295 = LINE('',#4296,#4297);
#4296 = CARTESIAN_POINT('',(3.675,0.,5.6));
#4297 = VECTOR('',#4298,1.);
#4298 = DIRECTION('',(1.,0.,-0.));
#4299 = ORIENTED_EDGE('',*,*,#4300,.F.);
#4300 = EDGE_CURVE('',#4301,#4293,#4303,.T.);
#4301 = VERTEX_POINT('',#4302);
#4302 = CARTESIAN_POINT('',(6.2,0.,7.35));
#4303 = LINE('',#4304,#4305);
#4304 = CARTESIAN_POINT('',(6.2,0.,2.8));
#4305 = VECTOR('',#4306,1.);
#4306 = DIRECTION('',(-0.,0.,-1.));
#4307 = ORIENTED_EDGE('',*,*,#4308,.F.);
#4308 = EDGE_CURVE('',#4309,#4301,#4311,.T.);
#4309 = VERTEX_POINT('',#4310);
#4310 = CARTESIAN_POINT('',(5.25,0.,8.3));
#4311 = CIRCLE('',#4312,0.95);
#4312 = AXIS2_PLACEMENT_3D('',#4313,#4314,#4315);
#4313 = CARTESIAN_POINT('',(5.25,0.,7.35));
#4314 = DIRECTION('',(0.,1.,0.));
#4315 = DIRECTION('',(0.,-0.,1.));
#4316 = ORIENTED_EDGE('',*,*,#4317,.F.);
#4317 = EDGE_CURVE('',#4318,#4309,#4320,.T.);
#4318 = VERTEX_POINT('',#4319);
#4319 = CARTESIAN_POINT('',(4.3,0.,7.35));
#4320 = CIRCLE('',#4321,0.95);
#4321 = AXIS2_PLACEMENT_3D('',#4322,#4323,#4324);
#4322 = CARTESIAN_POINT('',(5.25,0.,7.35));
#4323 = DIRECTION('',(0.,1.,0.));
#4324 = DIRECTION('',(0.,-0.,1.));
#4325 = ORIENTED_EDGE('',*,*,#4326,.T.);
#4326 = EDGE_CURVE('',#4318,#4327,#4329,.T.);
#4327 = VERTEX_POINT('',#4328);
#4328 = CARTESIAN_POINT('',(4.3,0.,5.6));
#4329 = LINE('',#4330,#4331);
#4330 = CARTESIAN_POINT('',(4.3,0.,2.8));
#4331 = VECTOR('',#4332,1.);
#4332 = DIRECTION('',(-0.,0.,-1.));
#4333 = ORIENTED_EDGE('',*,*,#4334,.F.);
#4334 = EDGE_CURVE('',#4335,#4327,#4337,.T.);
#4335 = VERTEX_POINT('',#4336);
#4336 = CARTESIAN_POINT('',(3.85,0.,5.6));
#4337 = LINE('',#4338,#4339);
#4338 = CARTESIAN_POINT('',(3.675,0.,5.6));
#4339 = VECTOR('',#4340,1.);
#4340 = DIRECTION('',(1.,0.,-0.));
#4341 = ORIENTED_EDGE('',*,*,#4342,.T.);
#4342 = EDGE_CURVE('',#4335,#4343,#4345,.T.);
#4343 = VERTEX_POINT('',#4344);
#4344 = CARTESIAN_POINT('',(3.85,0.,2.1));
#4345 = LINE('',#4346,#4347);
#4346 = CARTESIAN_POINT('',(3.85,0.,1.05));
#4347 = VECTOR('',#4348,1.);
#4348 = DIRECTION('',(-0.,0.,-1.));
#4349 = ORIENTED_EDGE('',*,*,#4350,.F.);
#4350 = EDGE_CURVE('',#4285,#4343,#4351,.T.);
#4351 = CIRCLE('',#4352,1.4);
#4352 = AXIS2_PLACEMENT_3D('',#4353,#4354,#4355);
#4353 = CARTESIAN_POINT('',(5.25,0.,2.1));
#4354 = DIRECTION('',(0.,1.,0.));
#4355 = DIRECTION('',(0.,-0.,1.));
#4356 = PLANE('',#4357);
#4357 = AXIS2_PLACEMENT_3D('',#4358,#4359,#4360);
#4358 = CARTESIAN_POINT('',(3.5,0.,0.));
#4359 = DIRECTION('',(-0.,1.,0.));
#4360 = DIRECTION('',(0.,0.,1.));
#4361 = ADVANCED_FACE('',(#4362),#4373,.T.);
#4362 = FACE_BOUND('',#4363,.T.);
#4363 = EDGE_LOOP('',(#4364,#4365,#4372));
#4364 = ORIENTED_EDGE('',*,*,#4231,.F.);
#4365 = ORIENTED_EDGE('',*,*,#4366,.T.);
#4366 = EDGE_CURVE('',#4232,#4051,#4367,.T.);
#4367 = CIRCLE('',#4368,0.3);
#4368 = AXIS2_PLACEMENT_3D('',#4369,#4370,#4371);
#4369 = CARTESIAN_POINT('',(3.8,0.3,0.3));
#4370 = DIRECTION('',(-1.,6.123233995737E-17,0.));
#4371 = DIRECTION('',(-6.123233995737E-17,-1.,0.));
#4372 = ORIENTED_EDGE('',*,*,#4050,.F.);
#4373 = SPHERICAL_SURFACE('',#4374,0.3);
#4374 = AXIS2_PLACEMENT_3D('',#4375,#4376,#4377);
#4375 = CARTESIAN_POINT('',(3.8,0.3,0.3));
#4376 = DIRECTION('',(0.,0.,1.));
#4377 = DIRECTION('',(-1.,0.,0.));
#4378 = ADVANCED_FACE('',(#4379),#4398,.T.);
#4379 = FACE_BOUND('',#4380,.F.);
#4380 = EDGE_LOOP('',(#4381,#4389,#4396,#4397));
#4381 = ORIENTED_EDGE('',*,*,#4382,.F.);
#4382 = EDGE_CURVE('',#4383,#4141,#4385,.T.);
#4383 = VERTEX_POINT('',#4384);
#4384 = CARTESIAN_POINT('',(7.,0.3,0.3));
#4385 = LINE('',#4386,#4387);
#4386 = CARTESIAN_POINT('',(7.,0.3,0.));
#4387 = VECTOR('',#4388,1.);
#4388 = DIRECTION('',(0.,0.,1.));
#4389 = ORIENTED_EDGE('',*,*,#4390,.T.);
#4390 = EDGE_CURVE('',#4383,#4265,#4391,.T.);
#4391 = CIRCLE('',#4392,0.3);
#4392 = AXIS2_PLACEMENT_3D('',#4393,#4394,#4395);
#4393 = CARTESIAN_POINT('',(6.7,0.3,0.3));
#4394 = DIRECTION('',(0.,-0.,-1.));
#4395 = DIRECTION('',(1.,0.,-0.));
#4396 = ORIENTED_EDGE('',*,*,#4274,.T.);
#4397 = ORIENTED_EDGE('',*,*,#4148,.F.);
#4398 = CYLINDRICAL_SURFACE('',#4399,0.3);
#4399 = AXIS2_PLACEMENT_3D('',#4400,#4401,#4402);
#4400 = CARTESIAN_POINT('',(6.7,0.3,0.));
#4401 = DIRECTION('',(0.,0.,1.));
#4402 = DIRECTION('',(1.,0.,-0.));
#4403 = ADVANCED_FACE('',(#4404),#4430,.T.);
#4404 = FACE_BOUND('',#4405,.T.);
#4405 = EDGE_LOOP('',(#4406,#4407,#4415,#4423,#4429));
#4406 = ORIENTED_EDGE('',*,*,#4382,.F.);
#4407 = ORIENTED_EDGE('',*,*,#4408,.T.);
#4408 = EDGE_CURVE('',#4383,#4409,#4411,.T.);
#4409 = VERTEX_POINT('',#4410);
#4410 = CARTESIAN_POINT('',(7.,12.2,0.3));
#4411 = LINE('',#4412,#4413);
#4412 = CARTESIAN_POINT('',(7.,0.,0.3));
#4413 = VECTOR('',#4414,1.);
#4414 = DIRECTION('',(-0.,1.,0.));
#4415 = ORIENTED_EDGE('',*,*,#4416,.T.);
#4416 = EDGE_CURVE('',#4409,#4417,#4419,.T.);
#4417 = VERTEX_POINT('',#4418);
#4418 = CARTESIAN_POINT('',(7.,12.2,10.3));
#4419 = LINE('',#4420,#4421);
#4420 = CARTESIAN_POINT('',(7.,12.2,0.));
#4421 = VECTOR('',#4422,1.);
#4422 = DIRECTION('',(0.,0.,1.));
#4423 = ORIENTED_EDGE('',*,*,#4424,.F.);
#4424 = EDGE_CURVE('',#4132,#4417,#4425,.T.);
#4425 = LINE('',#4426,#4427);
#4426 = CARTESIAN_POINT('',(7.,0.,10.3));
#4427 = VECTOR('',#4428,1.);
#4428 = DIRECTION('',(-0.,1.,0.));
#4429 = ORIENTED_EDGE('',*,*,#4140,.F.);
#4430 = PLANE('',#4431);
#4431 = AXIS2_PLACEMENT_3D('',#4432,#4433,#4434);
#4432 = CARTESIAN_POINT('',(7.,0.,0.));
#4433 = DIRECTION('',(1.,0.,-0.));
#4434 = DIRECTION('',(0.,0.,1.));
#4435 = ADVANCED_FACE('',(#4436),#4455,.T.);
#4436 = FACE_BOUND('',#4437,.F.);
#4437 = EDGE_LOOP('',(#4438,#4439,#4447,#4454));
#4438 = ORIENTED_EDGE('',*,*,#4131,.F.);
#4439 = ORIENTED_EDGE('',*,*,#4440,.T.);
#4440 = EDGE_CURVE('',#4124,#4441,#4443,.T.);
#4441 = VERTEX_POINT('',#4442);
#4442 = CARTESIAN_POINT('',(6.7,12.2,10.6));
#4443 = LINE('',#4444,#4445);
#4444 = CARTESIAN_POINT('',(6.7,0.,10.6));
#4445 = VECTOR('',#4446,1.);
#4446 = DIRECTION('',(-0.,1.,0.));
#4447 = ORIENTED_EDGE('',*,*,#4448,.F.);
#4448 = EDGE_CURVE('',#4417,#4441,#4449,.T.);
#4449 = CIRCLE('',#4450,0.3);
#4450 = AXIS2_PLACEMENT_3D('',#4451,#4452,#4453);
#4451 = CARTESIAN_POINT('',(6.7,12.2,10.3));
#4452 = DIRECTION('',(0.,-1.,-0.));
#4453 = DIRECTION('',(1.,0.,0.));
#4454 = ORIENTED_EDGE('',*,*,#4424,.F.);
#4455 = CYLINDRICAL_SURFACE('',#4456,0.3);
#4456 = AXIS2_PLACEMENT_3D('',#4457,#4458,#4459);
#4457 = CARTESIAN_POINT('',(6.7,0.,10.3));
#4458 = DIRECTION('',(-0.,1.,0.));
#4459 = DIRECTION('',(1.,0.,-0.));
#4460 = ADVANCED_FACE('',(#4461),#4495,.T.);
#4461 = FACE_BOUND('',#4462,.T.);
#4462 = EDGE_LOOP('',(#4463,#4464,#4465,#4473,#4481,#4487,#4488,#4489));
#4463 = ORIENTED_EDGE('',*,*,#4174,.F.);
#4464 = ORIENTED_EDGE('',*,*,#4091,.T.);
#4465 = ORIENTED_EDGE('',*,*,#4466,.F.);
#4466 = EDGE_CURVE('',#4467,#4092,#4469,.T.);
#4467 = VERTEX_POINT('',#4468);
#4468 = CARTESIAN_POINT('',(3.84,9.7,10.6));
#4469 = LINE('',#4470,#4471);
#4470 = CARTESIAN_POINT('',(3.84,2.442585746037,10.6));
#4471 = VECTOR('',#4472,1.);
#4472 = DIRECTION('',(0.,-1.,0.));
#4473 = ORIENTED_EDGE('',*,*,#4474,.F.);
#4474 = EDGE_CURVE('',#4475,#4467,#4477,.T.);
#4475 = VERTEX_POINT('',#4476);
#4476 = CARTESIAN_POINT('',(6.66,9.7,10.6));
#4477 = LINE('',#4478,#4479);
#4478 = CARTESIAN_POINT('',(3.67,9.7,10.6));
#4479 = VECTOR('',#4480,1.);
#4480 = DIRECTION('',(-1.,-0.,0.));
#4481 = ORIENTED_EDGE('',*,*,#4482,.T.);
#4482 = EDGE_CURVE('',#4475,#4116,#4483,.T.);
#4483 = LINE('',#4484,#4485);
#4484 = CARTESIAN_POINT('',(6.66,2.442585746037,10.6));
#4485 = VECTOR('',#4486,1.);
#4486 = DIRECTION('',(0.,-1.,0.));
#4487 = ORIENTED_EDGE('',*,*,#4123,.T.);
#4488 = ORIENTED_EDGE('',*,*,#4440,.T.);
#4489 = ORIENTED_EDGE('',*,*,#4490,.F.);
#4490 = EDGE_CURVE('',#4175,#4441,#4491,.T.);
#4491 = LINE('',#4492,#4493);
#4492 = CARTESIAN_POINT('',(3.5,12.2,10.6));
#4493 = VECTOR('',#4494,1.);
#4494 = DIRECTION('',(1.,0.,-0.));
#4495 = PLANE('',#4496);
#4496 = AXIS2_PLACEMENT_3D('',#4497,#4498,#4499);
#4497 = CARTESIAN_POINT('',(3.5,0.,10.6));
#4498 = DIRECTION('',(0.,0.,1.));
#4499 = DIRECTION('',(1.,0.,-0.));
#4500 = ADVANCED_FACE('',(#4501),#4527,.T.);
#4501 = FACE_BOUND('',#4502,.T.);
#4502 = EDGE_LOOP('',(#4503,#4504,#4512,#4520,#4526));
#4503 = ORIENTED_EDGE('',*,*,#4482,.F.);
#4504 = ORIENTED_EDGE('',*,*,#4505,.T.);
#4505 = EDGE_CURVE('',#4475,#4506,#4508,.T.);
#4506 = VERTEX_POINT('',#4507);
#4507 = CARTESIAN_POINT('',(6.66,9.7,8.45));
#4508 = LINE('',#4509,#4510);
#4509 = CARTESIAN_POINT('',(6.66,9.7,10.8));
#4510 = VECTOR('',#4511,1.);
#4511 = DIRECTION('',(0.,0.,-1.));
#4512 = ORIENTED_EDGE('',*,*,#4513,.T.);
#4513 = EDGE_CURVE('',#4506,#4514,#4516,.T.);
#4514 = VERTEX_POINT('',#4515);
#4515 = CARTESIAN_POINT('',(6.66,1.4,8.45));
#4516 = LINE('',#4517,#4518);
#4517 = CARTESIAN_POINT('',(6.66,9.7,8.45));
#4518 = VECTOR('',#4519,1.);
#4519 = DIRECTION('',(0.,-1.,0.));
#4520 = ORIENTED_EDGE('',*,*,#4521,.T.);
#4521 = EDGE_CURVE('',#4514,#4108,#4522,.T.);
#4522 = LINE('',#4523,#4524);
#4523 = CARTESIAN_POINT('',(6.66,1.4,8.45));
#4524 = VECTOR('',#4525,1.);
#4525 = DIRECTION('',(0.,-0.677475754752,0.735545105159));
#4526 = ORIENTED_EDGE('',*,*,#4115,.F.);
#4527 = PLANE('',#4528);
#4528 = AXIS2_PLACEMENT_3D('',#4529,#4530,#4531);
#4529 = CARTESIAN_POINT('',(6.66,4.885171492075,9.712433169613));
#4530 = DIRECTION('',(-1.,-0.,-0.));
#4531 = DIRECTION('',(0.,0.,-1.));
#4532 = ADVANCED_FACE('',(#4533),#4551,.F.);
#4533 = FACE_BOUND('',#4534,.F.);
#4534 = EDGE_LOOP('',(#4535,#4543,#4549,#4550));
#4535 = ORIENTED_EDGE('',*,*,#4536,.F.);
#4536 = EDGE_CURVE('',#4537,#4100,#4539,.T.);
#4537 = VERTEX_POINT('',#4538);
#4538 = CARTESIAN_POINT('',(3.84,1.4,8.45));
#4539 = LINE('',#4540,#4541);
#4540 = CARTESIAN_POINT('',(3.84,1.4,8.45));
#4541 = VECTOR('',#4542,1.);
#4542 = DIRECTION('',(0.,-0.677475754752,0.735545105159));
#4543 = ORIENTED_EDGE('',*,*,#4544,.T.);
#4544 = EDGE_CURVE('',#4537,#4514,#4545,.T.);
#4545 = LINE('',#4546,#4547);
#4546 = CARTESIAN_POINT('',(3.84,1.4,8.45));
#4547 = VECTOR('',#4548,1.);
#4548 = DIRECTION('',(1.,0.,0.));
#4549 = ORIENTED_EDGE('',*,*,#4521,.T.);
#4550 = ORIENTED_EDGE('',*,*,#4107,.F.);
#4551 = PLANE('',#4552);
#4552 = AXIS2_PLACEMENT_3D('',#4553,#4554,#4555);
#4553 = CARTESIAN_POINT('',(3.84,1.4,8.45));
#4554 = DIRECTION('',(0.,-0.735545105159,-0.677475754752));
#4555 = DIRECTION('',(0.,-0.677475754752,0.735545105159));
#4556 = ADVANCED_FACE('',(#4557),#4576,.F.);
#4557 = FACE_BOUND('',#4558,.F.);
#4558 = EDGE_LOOP('',(#4559,#4560,#4568,#4574,#4575));
#4559 = ORIENTED_EDGE('',*,*,#4466,.F.);
#4560 = ORIENTED_EDGE('',*,*,#4561,.T.);
#4561 = EDGE_CURVE('',#4467,#4562,#4564,.T.);
#4562 = VERTEX_POINT('',#4563);
#4563 = CARTESIAN_POINT('',(3.84,9.7,8.45));
#4564 = LINE('',#4565,#4566);
#4565 = CARTESIAN_POINT('',(3.84,9.7,10.8));
#4566 = VECTOR('',#4567,1.);
#4567 = DIRECTION('',(0.,0.,-1.));
#4568 = ORIENTED_EDGE('',*,*,#4569,.T.);
#4569 = EDGE_CURVE('',#4562,#4537,#4570,.T.);
#4570 = LINE('',#4571,#4572);
#4571 = CARTESIAN_POINT('',(3.84,9.7,8.45));
#4572 = VECTOR('',#4573,1.);
#4573 = DIRECTION('',(0.,-1.,0.));
#4574 = ORIENTED_EDGE('',*,*,#4536,.T.);
#4575 = ORIENTED_EDGE('',*,*,#4099,.F.);
#4576 = PLANE('',#4577);
#4577 = AXIS2_PLACEMENT_3D('',#4578,#4579,#4580);
#4578 = CARTESIAN_POINT('',(3.84,4.885171492075,9.712433169613));
#4579 = DIRECTION('',(-1.,-0.,-0.));
#4580 = DIRECTION('',(0.,0.,-1.));
#4581 = ADVANCED_FACE('',(#4582),#4593,.T.);
#4582 = FACE_BOUND('',#4583,.F.);
#4583 = EDGE_LOOP('',(#4584,#4585,#4592));
#4584 = ORIENTED_EDGE('',*,*,#4216,.F.);
#4585 = ORIENTED_EDGE('',*,*,#4586,.T.);
#4586 = EDGE_CURVE('',#4209,#4175,#4587,.T.);
#4587 = CIRCLE('',#4588,0.3);
#4588 = AXIS2_PLACEMENT_3D('',#4589,#4590,#4591);
#4589 = CARTESIAN_POINT('',(3.8,12.2,10.3));
#4590 = DIRECTION('',(1.,0.,6.123233995737E-17));
#4591 = DIRECTION('',(-6.123233995737E-17,-0.,1.));
#4592 = ORIENTED_EDGE('',*,*,#4182,.F.);
#4593 = SPHERICAL_SURFACE('',#4594,0.3);
#4594 = AXIS2_PLACEMENT_3D('',#4595,#4596,#4597);
#4595 = CARTESIAN_POINT('',(3.8,12.2,10.3));
#4596 = DIRECTION('',(0.,-1.,-0.));
#4597 = DIRECTION('',(-1.,-0.,0.));
#4598 = ADVANCED_FACE('',(#4599),#4610,.T.);
#4599 = FACE_BOUND('',#4600,.F.);
#4600 = EDGE_LOOP('',(#4601,#4602,#4609));
#4601 = ORIENTED_EDGE('',*,*,#4248,.F.);
#4602 = ORIENTED_EDGE('',*,*,#4603,.T.);
#4603 = EDGE_CURVE('',#4241,#4200,#4604,.T.);
#4604 = CIRCLE('',#4605,0.3);
#4605 = AXIS2_PLACEMENT_3D('',#4606,#4607,#4608);
#4606 = CARTESIAN_POINT('',(3.8,12.2,0.3));
#4607 = DIRECTION('',(1.,6.123233995737E-17,-0.));
#4608 = DIRECTION('',(-6.123233995737E-17,1.,0.));
#4609 = ORIENTED_EDGE('',*,*,#4199,.F.);
#4610 = SPHERICAL_SURFACE('',#4611,0.3);
#4611 = AXIS2_PLACEMENT_3D('',#4612,#4613,#4614);
#4612 = CARTESIAN_POINT('',(3.8,12.2,0.3));
#4613 = DIRECTION('',(0.,0.,1.));
#4614 = DIRECTION('',(-1.,0.,0.));
#4615 = ADVANCED_FACE('',(#4616),#4641,.T.);
#4616 = FACE_BOUND('',#4617,.T.);
#4617 = EDGE_LOOP('',(#4618,#4619,#4627,#4635));
#4618 = ORIENTED_EDGE('',*,*,#4208,.T.);
#4619 = ORIENTED_EDGE('',*,*,#4620,.T.);
#4620 = EDGE_CURVE('',#4209,#4621,#4623,.T.);
#4621 = VERTEX_POINT('',#4622);
#4622 = CARTESIAN_POINT('',(6.7,12.5,10.3));
#4623 = LINE('',#4624,#4625);
#4624 = CARTESIAN_POINT('',(3.5,12.5,10.3));
#4625 = VECTOR('',#4626,1.);
#4626 = DIRECTION('',(1.,0.,-0.));
#4627 = ORIENTED_EDGE('',*,*,#4628,.F.);
#4628 = EDGE_CURVE('',#4629,#4621,#4631,.T.);
#4629 = VERTEX_POINT('',#4630);
#4630 = CARTESIAN_POINT('',(6.7,12.5,0.3));
#4631 = LINE('',#4632,#4633);
#4632 = CARTESIAN_POINT('',(6.7,12.5,0.));
#4633 = VECTOR('',#4634,1.);
#4634 = DIRECTION('',(0.,0.,1.));
#4635 = ORIENTED_EDGE('',*,*,#4636,.F.);
#4636 = EDGE_CURVE('',#4200,#4629,#4637,.T.);
#4637 = LINE('',#4638,#4639);
#4638 = CARTESIAN_POINT('',(3.5,12.5,0.3));
#4639 = VECTOR('',#4640,1.);
#4640 = DIRECTION('',(1.,0.,-0.));
#4641 = PLANE('',#4642);
#4642 = AXIS2_PLACEMENT_3D('',#4643,#4644,#4645);
#4643 = CARTESIAN_POINT('',(3.5,12.5,0.));
#4644 = DIRECTION('',(-0.,1.,0.));
#4645 = DIRECTION('',(0.,0.,1.));
#4646 = ADVANCED_FACE('',(#4647),#4672,.F.);
#4647 = FACE_BOUND('',#4648,.F.);
#4648 = EDGE_LOOP('',(#4649,#4650,#4658,#4666));
#4649 = ORIENTED_EDGE('',*,*,#4240,.F.);
#4650 = ORIENTED_EDGE('',*,*,#4651,.T.);
#4651 = EDGE_CURVE('',#4232,#4652,#4654,.T.);
#4652 = VERTEX_POINT('',#4653);
#4653 = CARTESIAN_POINT('',(6.7,0.3,0.));
#4654 = LINE('',#4655,#4656);
#4655 = CARTESIAN_POINT('',(3.5,0.3,-5.551115123126E-17));
#4656 = VECTOR('',#4657,1.);
#4657 = DIRECTION('',(1.,0.,-0.));
#4658 = ORIENTED_EDGE('',*,*,#4659,.T.);
#4659 = EDGE_CURVE('',#4652,#4660,#4662,.T.);
#4660 = VERTEX_POINT('',#4661);
#4661 = CARTESIAN_POINT('',(6.7,12.2,0.));
#4662 = LINE('',#4663,#4664);
#4663 = CARTESIAN_POINT('',(6.7,0.,-5.551115123126E-17));
#4664 = VECTOR('',#4665,1.);
#4665 = DIRECTION('',(-0.,1.,0.));
#4666 = ORIENTED_EDGE('',*,*,#4667,.F.);
#4667 = EDGE_CURVE('',#4241,#4660,#4668,.T.);
#4668 = LINE('',#4669,#4670);
#4669 = CARTESIAN_POINT('',(3.5,12.2,-5.551115123126E-17));
#4670 = VECTOR('',#4671,1.);
#4671 = DIRECTION('',(1.,0.,-0.));
#4672 = PLANE('',#4673);
#4673 = AXIS2_PLACEMENT_3D('',#4674,#4675,#4676);
#4674 = CARTESIAN_POINT('',(3.5,0.,0.));
#4675 = DIRECTION('',(0.,0.,1.));
#4676 = DIRECTION('',(1.,0.,-0.));
#4677 = ADVANCED_FACE('',(#4678),#4690,.T.);
#4678 = FACE_BOUND('',#4679,.T.);
#4679 = EDGE_LOOP('',(#4680,#4681,#4682,#4689));
#4680 = ORIENTED_EDGE('',*,*,#4366,.F.);
#4681 = ORIENTED_EDGE('',*,*,#4651,.T.);
#4682 = ORIENTED_EDGE('',*,*,#4683,.T.);
#4683 = EDGE_CURVE('',#4652,#4265,#4684,.T.);
#4684 = CIRCLE('',#4685,0.3);
#4685 = AXIS2_PLACEMENT_3D('',#4686,#4687,#4688);
#4686 = CARTESIAN_POINT('',(6.7,0.3,0.3));
#4687 = DIRECTION('',(-1.,-6.123233995737E-17,0.));
#4688 = DIRECTION('',(6.123233995737E-17,-1.,-0.));
#4689 = ORIENTED_EDGE('',*,*,#4264,.F.);
#4690 = CYLINDRICAL_SURFACE('',#4691,0.3);
#4691 = AXIS2_PLACEMENT_3D('',#4692,#4693,#4694);
#4692 = CARTESIAN_POINT('',(3.5,0.3,0.3));
#4693 = DIRECTION('',(1.,0.,-0.));
#4694 = DIRECTION('',(0.,-1.,0.));
#4695 = ADVANCED_FACE('',(#4696),#4721,.F.);
#4696 = FACE_BOUND('',#4697,.F.);
#4697 = EDGE_LOOP('',(#4698,#4699,#4707,#4715));
#4698 = ORIENTED_EDGE('',*,*,#4282,.T.);
#4699 = ORIENTED_EDGE('',*,*,#4700,.T.);
#4700 = EDGE_CURVE('',#4285,#4701,#4703,.T.);
#4701 = VERTEX_POINT('',#4702);
#4702 = CARTESIAN_POINT('',(6.65,0.4,2.1));
#4703 = LINE('',#4704,#4705);
#4704 = CARTESIAN_POINT('',(6.65,-5.E-02,2.1));
#4705 = VECTOR('',#4706,1.);
#4706 = DIRECTION('',(-0.,1.,0.));
#4707 = ORIENTED_EDGE('',*,*,#4708,.T.);
#4708 = EDGE_CURVE('',#4701,#4709,#4711,.T.);
#4709 = VERTEX_POINT('',#4710);
#4710 = CARTESIAN_POINT('',(6.65,0.4,5.6));
#4711 = LINE('',#4712,#4713);
#4712 = CARTESIAN_POINT('',(6.65,0.4,2.1));
#4713 = VECTOR('',#4714,1.);
#4714 = DIRECTION('',(0.,0.,1.));
#4715 = ORIENTED_EDGE('',*,*,#4716,.F.);
#4716 = EDGE_CURVE('',#4283,#4709,#4717,.T.);
#4717 = LINE('',#4718,#4719);
#4718 = CARTESIAN_POINT('',(6.65,-5.E-02,5.6));
#4719 = VECTOR('',#4720,1.);
#4720 = DIRECTION('',(-0.,1.,0.));
#4721 = PLANE('',#4722);
#4722 = AXIS2_PLACEMENT_3D('',#4723,#4724,#4725);
#4723 = CARTESIAN_POINT('',(6.65,-5.E-02,2.1));
#4724 = DIRECTION('',(1.,0.,-0.));
#4725 = DIRECTION('',(0.,0.,1.));
#4726 = ADVANCED_FACE('',(#4727),#4746,.F.);
#4727 = FACE_BOUND('',#4728,.F.);
#4728 = EDGE_LOOP('',(#4729,#4738,#4739,#4740));
#4729 = ORIENTED_EDGE('',*,*,#4730,.F.);
#4730 = EDGE_CURVE('',#4701,#4731,#4733,.T.);
#4731 = VERTEX_POINT('',#4732);
#4732 = CARTESIAN_POINT('',(3.85,0.4,2.1));
#4733 = CIRCLE('',#4734,1.4);
#4734 = AXIS2_PLACEMENT_3D('',#4735,#4736,#4737);
#4735 = CARTESIAN_POINT('',(5.25,0.4,2.1));
#4736 = DIRECTION('',(0.,1.,0.));
#4737 = DIRECTION('',(0.,-0.,1.));
#4738 = ORIENTED_EDGE('',*,*,#4700,.F.);
#4739 = ORIENTED_EDGE('',*,*,#4350,.T.);
#4740 = ORIENTED_EDGE('',*,*,#4741,.T.);
#4741 = EDGE_CURVE('',#4343,#4731,#4742,.T.);
#4742 = LINE('',#4743,#4744);
#4743 = CARTESIAN_POINT('',(3.85,-5.E-02,2.1));
#4744 = VECTOR('',#4745,1.);
#4745 = DIRECTION('',(-0.,1.,0.));
#4746 = CYLINDRICAL_SURFACE('',#4747,1.4);
#4747 = AXIS2_PLACEMENT_3D('',#4748,#4749,#4750);
#4748 = CARTESIAN_POINT('',(5.25,-5.E-02,2.1));
#4749 = DIRECTION('',(0.,1.,0.));
#4750 = DIRECTION('',(0.,-0.,1.));
#4751 = ADVANCED_FACE('',(#4752),#4777,.F.);
#4752 = FACE_BOUND('',#4753,.F.);
#4753 = EDGE_LOOP('',(#4754,#4755,#4763,#4771));
#4754 = ORIENTED_EDGE('',*,*,#4300,.T.);
#4755 = ORIENTED_EDGE('',*,*,#4756,.T.);
#4756 = EDGE_CURVE('',#4293,#4757,#4759,.T.);
#4757 = VERTEX_POINT('',#4758);
#4758 = CARTESIAN_POINT('',(6.2,0.4,5.6));
#4759 = LINE('',#4760,#4761);
#4760 = CARTESIAN_POINT('',(6.2,-5.E-02,5.6));
#4761 = VECTOR('',#4762,1.);
#4762 = DIRECTION('',(-0.,1.,0.));
#4763 = ORIENTED_EDGE('',*,*,#4764,.T.);
#4764 = EDGE_CURVE('',#4757,#4765,#4767,.T.);
#4765 = VERTEX_POINT('',#4766);
#4766 = CARTESIAN_POINT('',(6.2,0.4,7.35));
#4767 = LINE('',#4768,#4769);
#4768 = CARTESIAN_POINT('',(6.2,0.4,5.6));
#4769 = VECTOR('',#4770,1.);
#4770 = DIRECTION('',(0.,0.,1.));
#4771 = ORIENTED_EDGE('',*,*,#4772,.F.);
#4772 = EDGE_CURVE('',#4301,#4765,#4773,.T.);
#4773 = LINE('',#4774,#4775);
#4774 = CARTESIAN_POINT('',(6.2,-5.E-02,7.35));
#4775 = VECTOR('',#4776,1.);
#4776 = DIRECTION('',(-0.,1.,0.));
#4777 = PLANE('',#4778);
#4778 = AXIS2_PLACEMENT_3D('',#4779,#4780,#4781);
#4779 = CARTESIAN_POINT('',(6.2,-5.E-02,5.6));
#4780 = DIRECTION('',(1.,0.,-0.));
#4781 = DIRECTION('',(0.,0.,1.));
#4782 = ADVANCED_FACE('',(#4783),#4801,.T.);
#4783 = FACE_BOUND('',#4784,.T.);
#4784 = EDGE_LOOP('',(#4785,#4786,#4787,#4795));
#4785 = ORIENTED_EDGE('',*,*,#4342,.T.);
#4786 = ORIENTED_EDGE('',*,*,#4741,.T.);
#4787 = ORIENTED_EDGE('',*,*,#4788,.T.);
#4788 = EDGE_CURVE('',#4731,#4789,#4791,.T.);
#4789 = VERTEX_POINT('',#4790);
#4790 = CARTESIAN_POINT('',(3.85,0.4,5.6));
#4791 = LINE('',#4792,#4793);
#4792 = CARTESIAN_POINT('',(3.85,0.4,2.1));
#4793 = VECTOR('',#4794,1.);
#4794 = DIRECTION('',(0.,0.,1.));
#4795 = ORIENTED_EDGE('',*,*,#4796,.F.);
#4796 = EDGE_CURVE('',#4335,#4789,#4797,.T.);
#4797 = LINE('',#4798,#4799);
#4798 = CARTESIAN_POINT('',(3.85,-5.E-02,5.6));
#4799 = VECTOR('',#4800,1.);
#4800 = DIRECTION('',(-0.,1.,0.));
#4801 = PLANE('',#4802);
#4802 = AXIS2_PLACEMENT_3D('',#4803,#4804,#4805);
#4803 = CARTESIAN_POINT('',(3.85,-5.E-02,2.1));
#4804 = DIRECTION('',(1.,0.,-0.));
#4805 = DIRECTION('',(0.,0.,1.));
#4806 = ADVANCED_FACE('',(#4807),#4832,.T.);
#4807 = FACE_BOUND('',#4808,.T.);
#4808 = EDGE_LOOP('',(#4809,#4810,#4818,#4826));
#4809 = ORIENTED_EDGE('',*,*,#4326,.T.);
#4810 = ORIENTED_EDGE('',*,*,#4811,.T.);
#4811 = EDGE_CURVE('',#4327,#4812,#4814,.T.);
#4812 = VERTEX_POINT('',#4813);
#4813 = CARTESIAN_POINT('',(4.3,0.4,5.6));
#4814 = LINE('',#4815,#4816);
#4815 = CARTESIAN_POINT('',(4.3,-5.E-02,5.6));
#4816 = VECTOR('',#4817,1.);
#4817 = DIRECTION('',(-0.,1.,0.));
#4818 = ORIENTED_EDGE('',*,*,#4819,.T.);
#4819 = EDGE_CURVE('',#4812,#4820,#4822,.T.);
#4820 = VERTEX_POINT('',#4821);
#4821 = CARTESIAN_POINT('',(4.3,0.4,7.35));
#4822 = LINE('',#4823,#4824);
#4823 = CARTESIAN_POINT('',(4.3,0.4,5.6));
#4824 = VECTOR('',#4825,1.);
#4825 = DIRECTION('',(0.,0.,1.));
#4826 = ORIENTED_EDGE('',*,*,#4827,.F.);
#4827 = EDGE_CURVE('',#4318,#4820,#4828,.T.);
#4828 = LINE('',#4829,#4830);
#4829 = CARTESIAN_POINT('',(4.3,-5.E-02,7.35));
#4830 = VECTOR('',#4831,1.);
#4831 = DIRECTION('',(-0.,1.,0.));
#4832 = PLANE('',#4833);
#4833 = AXIS2_PLACEMENT_3D('',#4834,#4835,#4836);
#4834 = CARTESIAN_POINT('',(4.3,-5.E-02,5.6));
#4835 = DIRECTION('',(1.,0.,-0.));
#4836 = DIRECTION('',(0.,0.,1.));
#4837 = ADVANCED_FACE('',(#4838),#4849,.T.);
#4838 = FACE_BOUND('',#4839,.F.);
#4839 = EDGE_LOOP('',(#4840,#4847,#4848));
#4840 = ORIENTED_EDGE('',*,*,#4841,.F.);
#4841 = EDGE_CURVE('',#4652,#4383,#4842,.T.);
#4842 = CIRCLE('',#4843,0.3);
#4843 = AXIS2_PLACEMENT_3D('',#4844,#4845,#4846);
#4844 = CARTESIAN_POINT('',(6.7,0.3,0.3));
#4845 = DIRECTION('',(0.,-1.,0.));
#4846 = DIRECTION('',(1.,0.,0.));
#4847 = ORIENTED_EDGE('',*,*,#4683,.T.);
#4848 = ORIENTED_EDGE('',*,*,#4390,.F.);
#4849 = SPHERICAL_SURFACE('',#4850,0.3);
#4850 = AXIS2_PLACEMENT_3D('',#4851,#4852,#4853);
#4851 = CARTESIAN_POINT('',(6.7,0.3,0.3));
#4852 = DIRECTION('',(0.,0.,1.));
#4853 = DIRECTION('',(1.,0.,-0.));
#4854 = ADVANCED_FACE('',(#4855),#4873,.T.);
#4855 = FACE_BOUND('',#4856,.T.);
#4856 = EDGE_LOOP('',(#4857,#4858,#4865,#4866));
#4857 = ORIENTED_EDGE('',*,*,#4416,.F.);
#4858 = ORIENTED_EDGE('',*,*,#4859,.T.);
#4859 = EDGE_CURVE('',#4409,#4629,#4860,.T.);
#4860 = CIRCLE('',#4861,0.3);
#4861 = AXIS2_PLACEMENT_3D('',#4862,#4863,#4864);
#4862 = CARTESIAN_POINT('',(6.7,12.2,0.3));
#4863 = DIRECTION('',(0.,0.,1.));
#4864 = DIRECTION('',(1.,0.,-0.));
#4865 = ORIENTED_EDGE('',*,*,#4628,.T.);
#4866 = ORIENTED_EDGE('',*,*,#4867,.T.);
#4867 = EDGE_CURVE('',#4621,#4417,#4868,.T.);
#4868 = CIRCLE('',#4869,0.3);
#4869 = AXIS2_PLACEMENT_3D('',#4870,#4871,#4872);
#4870 = CARTESIAN_POINT('',(6.7,12.2,10.3));
#4871 = DIRECTION('',(0.,0.,-1.));
#4872 = DIRECTION('',(1.,0.,0.));
#4873 = CYLINDRICAL_SURFACE('',#4874,0.3);
#4874 = AXIS2_PLACEMENT_3D('',#4875,#4876,#4877);
#4875 = CARTESIAN_POINT('',(6.7,12.2,0.));
#4876 = DIRECTION('',(0.,0.,1.));
#4877 = DIRECTION('',(1.,0.,-0.));
#4878 = ADVANCED_FACE('',(#4879),#4891,.T.);
#4879 = FACE_BOUND('',#4880,.T.);
#4880 = EDGE_LOOP('',(#4881,#4882,#4883,#4890));
#4881 = ORIENTED_EDGE('',*,*,#4841,.F.);
#4882 = ORIENTED_EDGE('',*,*,#4659,.T.);
#4883 = ORIENTED_EDGE('',*,*,#4884,.T.);
#4884 = EDGE_CURVE('',#4660,#4409,#4885,.T.);
#4885 = CIRCLE('',#4886,0.3);
#4886 = AXIS2_PLACEMENT_3D('',#4887,#4888,#4889);
#4887 = CARTESIAN_POINT('',(6.7,12.2,0.3));
#4888 = DIRECTION('',(0.,-1.,0.));
#4889 = DIRECTION('',(1.,0.,0.));
#4890 = ORIENTED_EDGE('',*,*,#4408,.F.);
#4891 = CYLINDRICAL_SURFACE('',#4892,0.3);
#4892 = AXIS2_PLACEMENT_3D('',#4893,#4894,#4895);
#4893 = CARTESIAN_POINT('',(6.7,0.,0.3));
#4894 = DIRECTION('',(-0.,1.,0.));
#4895 = DIRECTION('',(1.,0.,-0.));
#4896 = ADVANCED_FACE('',(#4897),#4908,.T.);
#4897 = FACE_BOUND('',#4898,.T.);
#4898 = EDGE_LOOP('',(#4899,#4900,#4907));
#4899 = ORIENTED_EDGE('',*,*,#4867,.F.);
#4900 = ORIENTED_EDGE('',*,*,#4901,.T.);
#4901 = EDGE_CURVE('',#4621,#4441,#4902,.T.);
#4902 = CIRCLE('',#4903,0.3);
#4903 = AXIS2_PLACEMENT_3D('',#4904,#4905,#4906);
#4904 = CARTESIAN_POINT('',(6.7,12.2,10.3));
#4905 = DIRECTION('',(1.,0.,-6.123233995737E-17));
#4906 = DIRECTION('',(6.123233995737E-17,0.,1.));
#4907 = ORIENTED_EDGE('',*,*,#4448,.F.);
#4908 = SPHERICAL_SURFACE('',#4909,0.3);
#4909 = AXIS2_PLACEMENT_3D('',#4910,#4911,#4912);
#4910 = CARTESIAN_POINT('',(6.7,12.2,10.3));
#4911 = DIRECTION('',(0.,-1.,-0.));
#4912 = DIRECTION('',(1.,0.,0.));
#4913 = ADVANCED_FACE('',(#4914),#4920,.T.);
#4914 = FACE_BOUND('',#4915,.T.);
#4915 = EDGE_LOOP('',(#4916,#4917,#4918,#4919));
#4916 = ORIENTED_EDGE('',*,*,#4586,.T.);
#4917 = ORIENTED_EDGE('',*,*,#4490,.T.);
#4918 = ORIENTED_EDGE('',*,*,#4901,.F.);
#4919 = ORIENTED_EDGE('',*,*,#4620,.F.);
#4920 = CYLINDRICAL_SURFACE('',#4921,0.3);
#4921 = AXIS2_PLACEMENT_3D('',#4922,#4923,#4924);
#4922 = CARTESIAN_POINT('',(3.5,12.2,10.3));
#4923 = DIRECTION('',(1.,0.,-0.));
#4924 = DIRECTION('',(0.,1.,0.));
#4925 = ADVANCED_FACE('',(#4926),#4937,.F.);
#4926 = FACE_BOUND('',#4927,.F.);
#4927 = EDGE_LOOP('',(#4928,#4929,#4930,#4931));
#4928 = ORIENTED_EDGE('',*,*,#4561,.F.);
#4929 = ORIENTED_EDGE('',*,*,#4474,.F.);
#4930 = ORIENTED_EDGE('',*,*,#4505,.T.);
#4931 = ORIENTED_EDGE('',*,*,#4932,.F.);
#4932 = EDGE_CURVE('',#4562,#4506,#4933,.T.);
#4933 = LINE('',#4934,#4935);
#4934 = CARTESIAN_POINT('',(3.84,9.7,8.45));
#4935 = VECTOR('',#4936,1.);
#4936 = DIRECTION('',(1.,0.,0.));
#4937 = PLANE('',#4938);
#4938 = AXIS2_PLACEMENT_3D('',#4939,#4940,#4941);
#4939 = CARTESIAN_POINT('',(3.84,9.7,10.8));
#4940 = DIRECTION('',(-0.,1.,0.));
#4941 = DIRECTION('',(0.,0.,-1.));
#4942 = ADVANCED_FACE('',(#4943),#4949,.F.);
#4943 = FACE_BOUND('',#4944,.F.);
#4944 = EDGE_LOOP('',(#4945,#4946,#4947,#4948));
#4945 = ORIENTED_EDGE('',*,*,#4932,.T.);
#4946 = ORIENTED_EDGE('',*,*,#4513,.T.);
#4947 = ORIENTED_EDGE('',*,*,#4544,.F.);
#4948 = ORIENTED_EDGE('',*,*,#4569,.F.);
#4949 = PLANE('',#4950);
#4950 = AXIS2_PLACEMENT_3D('',#4951,#4952,#4953);
#4951 = CARTESIAN_POINT('',(3.84,9.7,8.45));
#4952 = DIRECTION('',(0.,0.,-1.));
#4953 = DIRECTION('',(0.,-1.,0.));
#4954 = ADVANCED_FACE('',(#4955),#4967,.T.);
#4955 = FACE_BOUND('',#4956,.F.);
#4956 = EDGE_LOOP('',(#4957,#4958,#4959,#4966));
#4957 = ORIENTED_EDGE('',*,*,#4603,.F.);
#4958 = ORIENTED_EDGE('',*,*,#4667,.T.);
#4959 = ORIENTED_EDGE('',*,*,#4960,.T.);
#4960 = EDGE_CURVE('',#4660,#4629,#4961,.T.);
#4961 = CIRCLE('',#4962,0.3);
#4962 = AXIS2_PLACEMENT_3D('',#4963,#4964,#4965);
#4963 = CARTESIAN_POINT('',(6.7,12.2,0.3));
#4964 = DIRECTION('',(1.,-6.123233995737E-17,0.));
#4965 = DIRECTION('',(6.123233995737E-17,1.,0.));
#4966 = ORIENTED_EDGE('',*,*,#4636,.F.);
#4967 = CYLINDRICAL_SURFACE('',#4968,0.3);
#4968 = AXIS2_PLACEMENT_3D('',#4969,#4970,#4971);
#4969 = CARTESIAN_POINT('',(3.5,12.2,0.3));
#4970 = DIRECTION('',(1.,0.,-0.));
#4971 = DIRECTION('',(0.,1.,0.));
#4972 = ADVANCED_FACE('',(#4973),#4978,.T.);
#4973 = FACE_BOUND('',#4974,.T.);
#4974 = EDGE_LOOP('',(#4975,#4976,#4977));
#4975 = ORIENTED_EDGE('',*,*,#4884,.F.);
#4976 = ORIENTED_EDGE('',*,*,#4960,.T.);
#4977 = ORIENTED_EDGE('',*,*,#4859,.F.);
#4978 = SPHERICAL_SURFACE('',#4979,0.3);
#4979 = AXIS2_PLACEMENT_3D('',#4980,#4981,#4982);
#4980 = CARTESIAN_POINT('',(6.7,12.2,0.3));
#4981 = DIRECTION('',(0.,0.,1.));
#4982 = DIRECTION('',(1.,0.,-0.));
#4983 = ADVANCED_FACE('',(#4984),#5027,.T.);
#4984 = FACE_BOUND('',#4985,.T.);
#4985 = EDGE_LOOP('',(#4986,#4994,#4995,#4996,#4997,#5005,#5013,#5021));
#4986 = ORIENTED_EDGE('',*,*,#4987,.T.);
#4987 = EDGE_CURVE('',#4988,#4709,#4990,.T.);
#4988 = VERTEX_POINT('',#4989);
#4989 = CARTESIAN_POINT('',(6.5,0.4,5.6));
#4990 = LINE('',#4991,#4992);
#4991 = CARTESIAN_POINT('',(3.85,0.4,5.6));
#4992 = VECTOR('',#4993,1.);
#4993 = DIRECTION('',(1.,0.,-0.));
#4994 = ORIENTED_EDGE('',*,*,#4716,.F.);
#4995 = ORIENTED_EDGE('',*,*,#4292,.F.);
#4996 = ORIENTED_EDGE('',*,*,#4756,.T.);
#4997 = ORIENTED_EDGE('',*,*,#4998,.F.);
#4998 = EDGE_CURVE('',#4999,#4757,#5001,.T.);
#4999 = VERTEX_POINT('',#5000);
#5000 = CARTESIAN_POINT('',(6.05,0.4,5.6));
#5001 = LINE('',#5002,#5003);
#5002 = CARTESIAN_POINT('',(3.85,0.4,5.6));
#5003 = VECTOR('',#5004,1.);
#5004 = DIRECTION('',(1.,0.,-0.));
#5005 = ORIENTED_EDGE('',*,*,#5006,.T.);
#5006 = EDGE_CURVE('',#4999,#5007,#5009,.T.);
#5007 = VERTEX_POINT('',#5008);
#5008 = CARTESIAN_POINT('',(6.05,4.35,5.6));
#5009 = LINE('',#5010,#5011);
#5010 = CARTESIAN_POINT('',(6.05,0.4,5.6));
#5011 = VECTOR('',#5012,1.);
#5012 = DIRECTION('',(-0.,1.,0.));
#5013 = ORIENTED_EDGE('',*,*,#5014,.T.);
#5014 = EDGE_CURVE('',#5007,#5015,#5017,.T.);
#5015 = VERTEX_POINT('',#5016);
#5016 = CARTESIAN_POINT('',(6.5,4.35,5.6));
#5017 = LINE('',#5018,#5019);
#5018 = CARTESIAN_POINT('',(4.,4.35,5.6));
#5019 = VECTOR('',#5020,1.);
#5020 = DIRECTION('',(1.,0.,-0.));
#5021 = ORIENTED_EDGE('',*,*,#5022,.F.);
#5022 = EDGE_CURVE('',#4988,#5015,#5023,.T.);
#5023 = LINE('',#5024,#5025);
#5024 = CARTESIAN_POINT('',(6.5,0.4,5.6));
#5025 = VECTOR('',#5026,1.);
#5026 = DIRECTION('',(-0.,1.,0.));
#5027 = PLANE('',#5028);
#5028 = AXIS2_PLACEMENT_3D('',#5029,#5030,#5031);
#5029 = CARTESIAN_POINT('',(6.296212121212,2.121212121212,5.6));
#5030 = DIRECTION('',(-0.,-0.,-1.));
#5031 = DIRECTION('',(-1.,0.,0.));
#5032 = ADVANCED_FACE('',(#5033),#5058,.F.);
#5033 = FACE_BOUND('',#5034,.F.);
#5034 = EDGE_LOOP('',(#5035,#5043,#5044,#5052));
#5035 = ORIENTED_EDGE('',*,*,#5036,.F.);
#5036 = EDGE_CURVE('',#4999,#5037,#5039,.T.);
#5037 = VERTEX_POINT('',#5038);
#5038 = CARTESIAN_POINT('',(6.05,0.4,7.35));
#5039 = LINE('',#5040,#5041);
#5040 = CARTESIAN_POINT('',(6.05,0.4,5.6));
#5041 = VECTOR('',#5042,1.);
#5042 = DIRECTION('',(0.,0.,1.));
#5043 = ORIENTED_EDGE('',*,*,#5006,.T.);
#5044 = ORIENTED_EDGE('',*,*,#5045,.T.);
#5045 = EDGE_CURVE('',#5007,#5046,#5048,.T.);
#5046 = VERTEX_POINT('',#5047);
#5047 = CARTESIAN_POINT('',(6.05,4.35,7.35));
#5048 = LINE('',#5049,#5050);
#5049 = CARTESIAN_POINT('',(6.05,4.35,5.6));
#5050 = VECTOR('',#5051,1.);
#5051 = DIRECTION('',(0.,0.,1.));
#5052 = ORIENTED_EDGE('',*,*,#5053,.F.);
#5053 = EDGE_CURVE('',#5037,#5046,#5054,.T.);
#5054 = LINE('',#5055,#5056);
#5055 = CARTESIAN_POINT('',(6.05,0.4,7.35));
#5056 = VECTOR('',#5057,1.);
#5057 = DIRECTION('',(-0.,1.,0.));
#5058 = PLANE('',#5059);
#5059 = AXIS2_PLACEMENT_3D('',#5060,#5061,#5062);
#5060 = CARTESIAN_POINT('',(6.05,0.4,5.6));
#5061 = DIRECTION('',(1.,0.,-0.));
#5062 = DIRECTION('',(0.,0.,1.));
#5063 = ADVANCED_FACE('',(#5064),#5089,.F.);
#5064 = FACE_BOUND('',#5065,.F.);
#5065 = EDGE_LOOP('',(#5066,#5074,#5082,#5088));
#5066 = ORIENTED_EDGE('',*,*,#5067,.F.);
#5067 = EDGE_CURVE('',#5068,#4988,#5070,.T.);
#5068 = VERTEX_POINT('',#5069);
#5069 = CARTESIAN_POINT('',(6.5,0.4,2.1));
#5070 = LINE('',#5071,#5072);
#5071 = CARTESIAN_POINT('',(6.5,0.4,2.1));
#5072 = VECTOR('',#5073,1.);
#5073 = DIRECTION('',(0.,0.,1.));
#5074 = ORIENTED_EDGE('',*,*,#5075,.T.);
#5075 = EDGE_CURVE('',#5068,#5076,#5078,.T.);
#5076 = VERTEX_POINT('',#5077);
#5077 = CARTESIAN_POINT('',(6.5,4.35,2.1));
#5078 = LINE('',#5079,#5080);
#5079 = CARTESIAN_POINT('',(6.5,0.4,2.1));
#5080 = VECTOR('',#5081,1.);
#5081 = DIRECTION('',(-0.,1.,0.));
#5082 = ORIENTED_EDGE('',*,*,#5083,.T.);
#5083 = EDGE_CURVE('',#5076,#5015,#5084,.T.);
#5084 = LINE('',#5085,#5086);
#5085 = CARTESIAN_POINT('',(6.5,4.35,2.1));
#5086 = VECTOR('',#5087,1.);
#5087 = DIRECTION('',(0.,0.,1.));
#5088 = ORIENTED_EDGE('',*,*,#5022,.F.);
#5089 = PLANE('',#5090);
#5090 = AXIS2_PLACEMENT_3D('',#5091,#5092,#5093);
#5091 = CARTESIAN_POINT('',(6.5,0.4,2.1));
#5092 = DIRECTION('',(1.,0.,-0.));
#5093 = DIRECTION('',(0.,0.,1.));
#5094 = ADVANCED_FACE('',(#5095),#5122,.F.);
#5095 = FACE_BOUND('',#5096,.F.);
#5096 = EDGE_LOOP('',(#5097,#5106,#5107,#5116));
#5097 = ORIENTED_EDGE('',*,*,#5098,.F.);
#5098 = EDGE_CURVE('',#5076,#5099,#5101,.T.);
#5099 = VERTEX_POINT('',#5100);
#5100 = CARTESIAN_POINT('',(4.,4.35,2.1));
#5101 = CIRCLE('',#5102,1.25);
#5102 = AXIS2_PLACEMENT_3D('',#5103,#5104,#5105);
#5103 = CARTESIAN_POINT('',(5.25,4.35,2.1));
#5104 = DIRECTION('',(0.,1.,0.));
#5105 = DIRECTION('',(0.,-0.,1.));
#5106 = ORIENTED_EDGE('',*,*,#5075,.F.);
#5107 = ORIENTED_EDGE('',*,*,#5108,.T.);
#5108 = EDGE_CURVE('',#5068,#5109,#5111,.T.);
#5109 = VERTEX_POINT('',#5110);
#5110 = CARTESIAN_POINT('',(4.,0.4,2.1));
#5111 = CIRCLE('',#5112,1.25);
#5112 = AXIS2_PLACEMENT_3D('',#5113,#5114,#5115);
#5113 = CARTESIAN_POINT('',(5.25,0.4,2.1));
#5114 = DIRECTION('',(0.,1.,0.));
#5115 = DIRECTION('',(0.,-0.,1.));
#5116 = ORIENTED_EDGE('',*,*,#5117,.T.);
#5117 = EDGE_CURVE('',#5109,#5099,#5118,.T.);
#5118 = LINE('',#5119,#5120);
#5119 = CARTESIAN_POINT('',(4.,0.4,2.1));
#5120 = VECTOR('',#5121,1.);
#5121 = DIRECTION('',(-0.,1.,0.));
#5122 = CYLINDRICAL_SURFACE('',#5123,1.25);
#5123 = AXIS2_PLACEMENT_3D('',#5124,#5125,#5126);
#5124 = CARTESIAN_POINT('',(5.25,0.4,2.1));
#5125 = DIRECTION('',(0.,1.,0.));
#5126 = DIRECTION('',(0.,-0.,1.));
#5127 = ADVANCED_FACE('',(#5128),#5153,.T.);
#5128 = FACE_BOUND('',#5129,.T.);
#5129 = EDGE_LOOP('',(#5130,#5138,#5139,#5147));
#5130 = ORIENTED_EDGE('',*,*,#5131,.F.);
#5131 = EDGE_CURVE('',#5109,#5132,#5134,.T.);
#5132 = VERTEX_POINT('',#5133);
#5133 = CARTESIAN_POINT('',(4.,0.4,5.6));
#5134 = LINE('',#5135,#5136);
#5135 = CARTESIAN_POINT('',(4.,0.4,2.1));
#5136 = VECTOR('',#5137,1.);
#5137 = DIRECTION('',(0.,0.,1.));
#5138 = ORIENTED_EDGE('',*,*,#5117,.T.);
#5139 = ORIENTED_EDGE('',*,*,#5140,.T.);
#5140 = EDGE_CURVE('',#5099,#5141,#5143,.T.);
#5141 = VERTEX_POINT('',#5142);
#5142 = CARTESIAN_POINT('',(4.,4.35,5.6));
#5143 = LINE('',#5144,#5145);
#5144 = CARTESIAN_POINT('',(4.,4.35,2.1));
#5145 = VECTOR('',#5146,1.);
#5146 = DIRECTION('',(0.,0.,1.));
#5147 = ORIENTED_EDGE('',*,*,#5148,.F.);
#5148 = EDGE_CURVE('',#5132,#5141,#5149,.T.);
#5149 = LINE('',#5150,#5151);
#5150 = CARTESIAN_POINT('',(4.,0.4,5.6));
#5151 = VECTOR('',#5152,1.);
#5152 = DIRECTION('',(-0.,1.,0.));
#5153 = PLANE('',#5154);
#5154 = AXIS2_PLACEMENT_3D('',#5155,#5156,#5157);
#5155 = CARTESIAN_POINT('',(4.,0.4,2.1));
#5156 = DIRECTION('',(1.,0.,-0.));
#5157 = DIRECTION('',(0.,0.,1.));
#5158 = ADVANCED_FACE('',(#5159),#5193,.T.);
#5159 = FACE_BOUND('',#5160,.T.);
#5160 = EDGE_LOOP('',(#5161,#5167,#5168,#5176,#5184,#5190,#5191,#5192));
#5161 = ORIENTED_EDGE('',*,*,#5162,.T.);
#5162 = EDGE_CURVE('',#4789,#5132,#5163,.T.);
#5163 = LINE('',#5164,#5165);
#5164 = CARTESIAN_POINT('',(3.85,0.4,5.6));
#5165 = VECTOR('',#5166,1.);
#5166 = DIRECTION('',(1.,0.,-0.));
#5167 = ORIENTED_EDGE('',*,*,#5148,.T.);
#5168 = ORIENTED_EDGE('',*,*,#5169,.T.);
#5169 = EDGE_CURVE('',#5141,#5170,#5172,.T.);
#5170 = VERTEX_POINT('',#5171);
#5171 = CARTESIAN_POINT('',(4.45,4.35,5.6));
#5172 = LINE('',#5173,#5174);
#5173 = CARTESIAN_POINT('',(4.,4.35,5.6));
#5174 = VECTOR('',#5175,1.);
#5175 = DIRECTION('',(1.,0.,-0.));
#5176 = ORIENTED_EDGE('',*,*,#5177,.F.);
#5177 = EDGE_CURVE('',#5178,#5170,#5180,.T.);
#5178 = VERTEX_POINT('',#5179);
#5179 = CARTESIAN_POINT('',(4.45,0.4,5.6));
#5180 = LINE('',#5181,#5182);
#5181 = CARTESIAN_POINT('',(4.45,0.4,5.6));
#5182 = VECTOR('',#5183,1.);
#5183 = DIRECTION('',(-0.,1.,0.));
#5184 = ORIENTED_EDGE('',*,*,#5185,.F.);
#5185 = EDGE_CURVE('',#4812,#5178,#5186,.T.);
#5186 = LINE('',#5187,#5188);
#5187 = CARTESIAN_POINT('',(3.85,0.4,5.6));
#5188 = VECTOR('',#5189,1.);
#5189 = DIRECTION('',(1.,0.,-0.));
#5190 = ORIENTED_EDGE('',*,*,#4811,.F.);
#5191 = ORIENTED_EDGE('',*,*,#4334,.F.);
#5192 = ORIENTED_EDGE('',*,*,#4796,.T.);
#5193 = PLANE('',#5194);
#5194 = AXIS2_PLACEMENT_3D('',#5195,#5196,#5197);
#5195 = CARTESIAN_POINT('',(4.203787878788,2.121212121212,5.6));
#5196 = DIRECTION('',(-0.,-0.,-1.));
#5197 = DIRECTION('',(-1.,0.,0.));
#5198 = ADVANCED_FACE('',(#5199),#5224,.T.);
#5199 = FACE_BOUND('',#5200,.T.);
#5200 = EDGE_LOOP('',(#5201,#5209,#5210,#5218));
#5201 = ORIENTED_EDGE('',*,*,#5202,.F.);
#5202 = EDGE_CURVE('',#5178,#5203,#5205,.T.);
#5203 = VERTEX_POINT('',#5204);
#5204 = CARTESIAN_POINT('',(4.45,0.4,7.35));
#5205 = LINE('',#5206,#5207);
#5206 = CARTESIAN_POINT('',(4.45,0.4,5.6));
#5207 = VECTOR('',#5208,1.);
#5208 = DIRECTION('',(0.,0.,1.));
#5209 = ORIENTED_EDGE('',*,*,#5177,.T.);
#5210 = ORIENTED_EDGE('',*,*,#5211,.T.);
#5211 = EDGE_CURVE('',#5170,#5212,#5214,.T.);
#5212 = VERTEX_POINT('',#5213);
#5213 = CARTESIAN_POINT('',(4.45,4.35,7.35));
#5214 = LINE('',#5215,#5216);
#5215 = CARTESIAN_POINT('',(4.45,4.35,5.6));
#5216 = VECTOR('',#5217,1.);
#5217 = DIRECTION('',(0.,0.,1.));
#5218 = ORIENTED_EDGE('',*,*,#5219,.F.);
#5219 = EDGE_CURVE('',#5203,#5212,#5220,.T.);
#5220 = LINE('',#5221,#5222);
#5221 = CARTESIAN_POINT('',(4.45,0.4,7.35));
#5222 = VECTOR('',#5223,1.);
#5223 = DIRECTION('',(-0.,1.,0.));
#5224 = PLANE('',#5225);
#5225 = AXIS2_PLACEMENT_3D('',#5226,#5227,#5228);
#5226 = CARTESIAN_POINT('',(4.45,0.4,5.6));
#5227 = DIRECTION('',(1.,0.,-0.));
#5228 = DIRECTION('',(0.,0.,1.));
#5229 = ADVANCED_FACE('',(#5230),#5240,.T.);
#5230 = FACE_BOUND('',#5231,.T.);
#5231 = EDGE_LOOP('',(#5232,#5233,#5234,#5235,#5236,#5237,#5238,#5239));
#5232 = ORIENTED_EDGE('',*,*,#4708,.T.);
#5233 = ORIENTED_EDGE('',*,*,#4987,.F.);
#5234 = ORIENTED_EDGE('',*,*,#5067,.F.);
#5235 = ORIENTED_EDGE('',*,*,#5108,.T.);
#5236 = ORIENTED_EDGE('',*,*,#5131,.T.);
#5237 = ORIENTED_EDGE('',*,*,#5162,.F.);
#5238 = ORIENTED_EDGE('',*,*,#4788,.F.);
#5239 = ORIENTED_EDGE('',*,*,#4730,.F.);
#5240 = PLANE('',#5241);
#5241 = AXIS2_PLACEMENT_3D('',#5242,#5243,#5244);
#5242 = CARTESIAN_POINT('',(5.25,0.4,2.974105664285));
#5243 = DIRECTION('',(-0.,-1.,-0.));
#5244 = DIRECTION('',(0.,0.,-1.));
#5245 = ADVANCED_FACE('',(#5246),#5286,.T.);
#5246 = FACE_BOUND('',#5247,.T.);
#5247 = EDGE_LOOP('',(#5248,#5249,#5250,#5259,#5266,#5267,#5268,#5269,
    #5278,#5285));
#5248 = ORIENTED_EDGE('',*,*,#4998,.T.);
#5249 = ORIENTED_EDGE('',*,*,#4764,.T.);
#5250 = ORIENTED_EDGE('',*,*,#5251,.F.);
#5251 = EDGE_CURVE('',#5252,#4765,#5254,.T.);
#5252 = VERTEX_POINT('',#5253);
#5253 = CARTESIAN_POINT('',(5.25,0.4,8.3));
#5254 = CIRCLE('',#5255,0.95);
#5255 = AXIS2_PLACEMENT_3D('',#5256,#5257,#5258);
#5256 = CARTESIAN_POINT('',(5.25,0.4,7.35));
#5257 = DIRECTION('',(0.,1.,0.));
#5258 = DIRECTION('',(0.,-0.,1.));
#5259 = ORIENTED_EDGE('',*,*,#5260,.F.);
#5260 = EDGE_CURVE('',#4820,#5252,#5261,.T.);
#5261 = CIRCLE('',#5262,0.95);
#5262 = AXIS2_PLACEMENT_3D('',#5263,#5264,#5265);
#5263 = CARTESIAN_POINT('',(5.25,0.4,7.35));
#5264 = DIRECTION('',(0.,1.,0.));
#5265 = DIRECTION('',(0.,-0.,1.));
#5266 = ORIENTED_EDGE('',*,*,#4819,.F.);
#5267 = ORIENTED_EDGE('',*,*,#5185,.T.);
#5268 = ORIENTED_EDGE('',*,*,#5202,.T.);
#5269 = ORIENTED_EDGE('',*,*,#5270,.T.);
#5270 = EDGE_CURVE('',#5203,#5271,#5273,.T.);
#5271 = VERTEX_POINT('',#5272);
#5272 = CARTESIAN_POINT('',(5.25,0.4,8.15));
#5273 = CIRCLE('',#5274,0.8);
#5274 = AXIS2_PLACEMENT_3D('',#5275,#5276,#5277);
#5275 = CARTESIAN_POINT('',(5.25,0.4,7.35));
#5276 = DIRECTION('',(0.,1.,0.));
#5277 = DIRECTION('',(0.,-0.,1.));
#5278 = ORIENTED_EDGE('',*,*,#5279,.T.);
#5279 = EDGE_CURVE('',#5271,#5037,#5280,.T.);
#5280 = CIRCLE('',#5281,0.8);
#5281 = AXIS2_PLACEMENT_3D('',#5282,#5283,#5284);
#5282 = CARTESIAN_POINT('',(5.25,0.4,7.35));
#5283 = DIRECTION('',(0.,1.,0.));
#5284 = DIRECTION('',(0.,-0.,1.));
#5285 = ORIENTED_EDGE('',*,*,#5036,.F.);
#5286 = PLANE('',#5287);
#5287 = AXIS2_PLACEMENT_3D('',#5288,#5289,#5290);
#5288 = CARTESIAN_POINT('',(5.25,0.4,7.061813018945));
#5289 = DIRECTION('',(-0.,-1.,-0.));
#5290 = DIRECTION('',(0.,0.,-1.));
#5291 = ADVANCED_FACE('',(#5292),#5317,.T.);
#5292 = FACE_BOUND('',#5293,.T.);
#5293 = EDGE_LOOP('',(#5294,#5295,#5296,#5297,#5306,#5313,#5314,#5315,
    #5316));
#5294 = ORIENTED_EDGE('',*,*,#5083,.T.);
#5295 = ORIENTED_EDGE('',*,*,#5014,.F.);
#5296 = ORIENTED_EDGE('',*,*,#5045,.T.);
#5297 = ORIENTED_EDGE('',*,*,#5298,.F.);
#5298 = EDGE_CURVE('',#5299,#5046,#5301,.T.);
#5299 = VERTEX_POINT('',#5300);
#5300 = CARTESIAN_POINT('',(5.25,4.35,8.15));
#5301 = CIRCLE('',#5302,0.8);
#5302 = AXIS2_PLACEMENT_3D('',#5303,#5304,#5305);
#5303 = CARTESIAN_POINT('',(5.25,4.35,7.35));
#5304 = DIRECTION('',(0.,1.,0.));
#5305 = DIRECTION('',(0.,-0.,1.));
#5306 = ORIENTED_EDGE('',*,*,#5307,.F.);
#5307 = EDGE_CURVE('',#5212,#5299,#5308,.T.);
#5308 = CIRCLE('',#5309,0.8);
#5309 = AXIS2_PLACEMENT_3D('',#5310,#5311,#5312);
#5310 = CARTESIAN_POINT('',(5.25,4.35,7.35));
#5311 = DIRECTION('',(0.,1.,0.));
#5312 = DIRECTION('',(0.,-0.,1.));
#5313 = ORIENTED_EDGE('',*,*,#5211,.F.);
#5314 = ORIENTED_EDGE('',*,*,#5169,.F.);
#5315 = ORIENTED_EDGE('',*,*,#5140,.F.);
#5316 = ORIENTED_EDGE('',*,*,#5098,.F.);
#5317 = PLANE('',#5318);
#5318 = AXIS2_PLACEMENT_3D('',#5319,#5320,#5321);
#5319 = CARTESIAN_POINT('',(5.25,4.35,4.497949762039));
#5320 = DIRECTION('',(-0.,-1.,-0.));
#5321 = DIRECTION('',(0.,0.,-1.));
#5322 = ADVANCED_FACE('',(#5323),#5331,.F.);
#5323 = FACE_BOUND('',#5324,.F.);
#5324 = EDGE_LOOP('',(#5325,#5326,#5327,#5328,#5329,#5330));
#5325 = ORIENTED_EDGE('',*,*,#4827,.F.);
#5326 = ORIENTED_EDGE('',*,*,#4317,.T.);
#5327 = ORIENTED_EDGE('',*,*,#4308,.T.);
#5328 = ORIENTED_EDGE('',*,*,#4772,.T.);
#5329 = ORIENTED_EDGE('',*,*,#5251,.F.);
#5330 = ORIENTED_EDGE('',*,*,#5260,.F.);
#5331 = CYLINDRICAL_SURFACE('',#5332,0.95);
#5332 = AXIS2_PLACEMENT_3D('',#5333,#5334,#5335);
#5333 = CARTESIAN_POINT('',(5.25,-5.E-02,7.35));
#5334 = DIRECTION('',(0.,1.,0.));
#5335 = DIRECTION('',(0.,-0.,1.));
#5336 = ADVANCED_FACE('',(#5337),#5345,.F.);
#5337 = FACE_BOUND('',#5338,.F.);
#5338 = EDGE_LOOP('',(#5339,#5340,#5341,#5342,#5343,#5344));
#5339 = ORIENTED_EDGE('',*,*,#5053,.T.);
#5340 = ORIENTED_EDGE('',*,*,#5298,.F.);
#5341 = ORIENTED_EDGE('',*,*,#5307,.F.);
#5342 = ORIENTED_EDGE('',*,*,#5219,.F.);
#5343 = ORIENTED_EDGE('',*,*,#5270,.T.);
#5344 = ORIENTED_EDGE('',*,*,#5279,.T.);
#5345 = CYLINDRICAL_SURFACE('',#5346,0.8);
#5346 = AXIS2_PLACEMENT_3D('',#5347,#5348,#5349);
#5347 = CARTESIAN_POINT('',(5.25,0.4,7.35));
#5348 = DIRECTION('',(0.,1.,0.));
#5349 = DIRECTION('',(0.,-0.,1.));
#5350 = ( GEOMETRIC_REPRESENTATION_CONTEXT(3)
GLOBAL_UNCERTAINTY_ASSIGNED_CONTEXT((#5354))
GLOBAL_UNIT_ASSIGNED_CONTEXT((#5351,#5352,#5353)) REPRESENTATION_CONTEXT
('Context #1','3D Context with UNIT and UNCERTAINTY') );
#5351 = ( LENGTH_UNIT() NAMED_UNIT(*) SI_UNIT(.MILLI.,.METRE.) );
#5352 = ( NAMED_UNIT(*) PLANE_ANGLE_UNIT() SI_UNIT($,.RADIAN.) );
#5353 = ( NAMED_UNIT(*) SI_UNIT($,.STERADIAN.) SOLID_ANGLE_UNIT() );
#5354 = UNCERTAINTY_MEASURE_WITH_UNIT(LENGTH_MEASURE(1.E-07),#5351,
  'distance_accuracy_value','confusion accuracy');
#5355 = CONTEXT_DEPENDENT_SHAPE_REPRESENTATION(#5356,#5358);
#5356 = ( REPRESENTATION_RELATIONSHIP('','',#3994,#10)
REPRESENTATION_RELATIONSHIP_WITH_TRANSFORMATION(#5357)
SHAPE_REPRESENTATION_RELATIONSHIP() );
#5357 = ITEM_DEFINED_TRANSFORMATION('','',#11,#47);
#5358 = PRODUCT_DEFINITION_SHAPE('Placement','Placement of an item',
  #5359);
#5359 = NEXT_ASSEMBLY_USAGE_OCCURRENCE('9','Housing P3','',#5,#3989,$);
#5360 = PRODUCT_RELATED_PRODUCT_CATEGORY('part',$,(#3991));
#5361 = SHAPE_DEFINITION_REPRESENTATION(#5362,#5368);
#5362 = PRODUCT_DEFINITION_SHAPE('','',#5363);
#5363 = PRODUCT_DEFINITION('design','',#5364,#5367);
#5364 = PRODUCT_DEFINITION_FORMATION('','',#5365);
#5365 = PRODUCT('Actuator P3','Actuator P3','',(#5366));
#5366 = PRODUCT_CONTEXT('',#2,'mechanical');
#5367 = PRODUCT_DEFINITION_CONTEXT('part definition',#2,'design');
#5368 = ADVANCED_BREP_SHAPE_REPRESENTATION('',(#11,#5369),#5587);
#5369 = MANIFOLD_SOLID_BREP('',#5370);
#5370 = CLOSED_SHELL('',(#5371,#5411,#5442,#5473,#5504,#5537,#5559,#5573
    ));
#5371 = ADVANCED_FACE('',(#5372),#5406,.T.);
#5372 = FACE_BOUND('',#5373,.T.);
#5373 = EDGE_LOOP('',(#5374,#5384,#5392,#5400));
#5374 = ORIENTED_EDGE('',*,*,#5375,.T.);
#5375 = EDGE_CURVE('',#5376,#5378,#5380,.T.);
#5376 = VERTEX_POINT('',#5377);
#5377 = CARTESIAN_POINT('',(3.9,-0.35,10.6));
#5378 = VERTEX_POINT('',#5379);
#5379 = CARTESIAN_POINT('',(6.6,-0.35,10.6));
#5380 = LINE('',#5381,#5382);
#5381 = CARTESIAN_POINT('',(3.9,-0.35,10.6));
#5382 = VECTOR('',#5383,1.);
#5383 = DIRECTION('',(1.,0.,0.));
#5384 = ORIENTED_EDGE('',*,*,#5385,.T.);
#5385 = EDGE_CURVE('',#5378,#5386,#5388,.T.);
#5386 = VERTEX_POINT('',#5387);
#5387 = CARTESIAN_POINT('',(6.6,9.45,10.6));
#5388 = LINE('',#5389,#5390);
#5389 = CARTESIAN_POINT('',(6.6,-0.35,10.6));
#5390 = VECTOR('',#5391,1.);
#5391 = DIRECTION('',(0.,1.,0.));
#5392 = ORIENTED_EDGE('',*,*,#5393,.F.);
#5393 = EDGE_CURVE('',#5394,#5386,#5396,.T.);
#5394 = VERTEX_POINT('',#5395);
#5395 = CARTESIAN_POINT('',(3.9,9.45,10.6));
#5396 = LINE('',#5397,#5398);
#5397 = CARTESIAN_POINT('',(3.9,9.45,10.6));
#5398 = VECTOR('',#5399,1.);
#5399 = DIRECTION('',(1.,0.,0.));
#5400 = ORIENTED_EDGE('',*,*,#5401,.F.);
#5401 = EDGE_CURVE('',#5376,#5394,#5402,.T.);
#5402 = LINE('',#5403,#5404);
#5403 = CARTESIAN_POINT('',(3.9,-0.35,10.6));
#5404 = VECTOR('',#5405,1.);
#5405 = DIRECTION('',(0.,1.,0.));
#5406 = PLANE('',#5407);
#5407 = AXIS2_PLACEMENT_3D('',#5408,#5409,#5410);
#5408 = CARTESIAN_POINT('',(3.9,-0.35,10.6));
#5409 = DIRECTION('',(0.,0.,1.));
#5410 = DIRECTION('',(0.,1.,0.));
#5411 = ADVANCED_FACE('',(#5412),#5437,.T.);
#5412 = FACE_BOUND('',#5413,.T.);
#5413 = EDGE_LOOP('',(#5414,#5424,#5430,#5431));
#5414 = ORIENTED_EDGE('',*,*,#5415,.T.);
#5415 = EDGE_CURVE('',#5416,#5418,#5420,.T.);
#5416 = VERTEX_POINT('',#5417);
#5417 = CARTESIAN_POINT('',(3.9,1.25,8.6));
#5418 = VERTEX_POINT('',#5419);
#5419 = CARTESIAN_POINT('',(6.6,1.25,8.6));
#5420 = LINE('',#5421,#5422);
#5421 = CARTESIAN_POINT('',(3.9,1.25,8.6));
#5422 = VECTOR('',#5423,1.);
#5423 = DIRECTION('',(1.,0.,0.));
#5424 = ORIENTED_EDGE('',*,*,#5425,.T.);
#5425 = EDGE_CURVE('',#5418,#5378,#5426,.T.);
#5426 = LINE('',#5427,#5428);
#5427 = CARTESIAN_POINT('',(6.6,1.25,8.6));
#5428 = VECTOR('',#5429,1.);
#5429 = DIRECTION('',(0.,-0.624695047554,0.780868809443));
#5430 = ORIENTED_EDGE('',*,*,#5375,.F.);
#5431 = ORIENTED_EDGE('',*,*,#5432,.F.);
#5432 = EDGE_CURVE('',#5416,#5376,#5433,.T.);
#5433 = LINE('',#5434,#5435);
#5434 = CARTESIAN_POINT('',(3.9,1.25,8.6));
#5435 = VECTOR('',#5436,1.);
#5436 = DIRECTION('',(0.,-0.624695047554,0.780868809443));
#5437 = PLANE('',#5438);
#5438 = AXIS2_PLACEMENT_3D('',#5439,#5440,#5441);
#5439 = CARTESIAN_POINT('',(3.9,1.25,8.6));
#5440 = DIRECTION('',(0.,-0.780868809443,-0.624695047554));
#5441 = DIRECTION('',(0.,-0.624695047554,0.780868809443));
#5442 = ADVANCED_FACE('',(#5443),#5468,.T.);
#5443 = FACE_BOUND('',#5444,.T.);
#5444 = EDGE_LOOP('',(#5445,#5453,#5454,#5462));
#5445 = ORIENTED_EDGE('',*,*,#5446,.F.);
#5446 = EDGE_CURVE('',#5394,#5447,#5449,.T.);
#5447 = VERTEX_POINT('',#5448);
#5448 = CARTESIAN_POINT('',(3.9,9.45,9.565923489271));
#5449 = LINE('',#5450,#5451);
#5450 = CARTESIAN_POINT('',(3.9,9.45,10.6));
#5451 = VECTOR('',#5452,1.);
#5452 = DIRECTION('',(0.,0.,-1.));
#5453 = ORIENTED_EDGE('',*,*,#5393,.T.);
#5454 = ORIENTED_EDGE('',*,*,#5455,.T.);
#5455 = EDGE_CURVE('',#5386,#5456,#5458,.T.);
#5456 = VERTEX_POINT('',#5457);
#5457 = CARTESIAN_POINT('',(6.6,9.45,9.565923489271));
#5458 = LINE('',#5459,#5460);
#5459 = CARTESIAN_POINT('',(6.6,9.45,10.6));
#5460 = VECTOR('',#5461,1.);
#5461 = DIRECTION('',(0.,0.,-1.));
#5462 = ORIENTED_EDGE('',*,*,#5463,.F.);
#5463 = EDGE_CURVE('',#5447,#5456,#5464,.T.);
#5464 = LINE('',#5465,#5466);
#5465 = CARTESIAN_POINT('',(3.9,9.45,9.565923489271));
#5466 = VECTOR('',#5467,1.);
#5467 = DIRECTION('',(1.,0.,0.));
#5468 = PLANE('',#5469);
#5469 = AXIS2_PLACEMENT_3D('',#5470,#5471,#5472);
#5470 = CARTESIAN_POINT('',(3.9,9.45,10.6));
#5471 = DIRECTION('',(-0.,1.,0.));
#5472 = DIRECTION('',(0.,0.,-1.));
#5473 = ADVANCED_FACE('',(#5474),#5499,.T.);
#5474 = FACE_BOUND('',#5475,.T.);
#5475 = EDGE_LOOP('',(#5476,#5486,#5492,#5493));
#5476 = ORIENTED_EDGE('',*,*,#5477,.T.);
#5477 = EDGE_CURVE('',#5478,#5480,#5482,.T.);
#5478 = VERTEX_POINT('',#5479);
#5479 = CARTESIAN_POINT('',(3.9,9.45,8.6));
#5480 = VERTEX_POINT('',#5481);
#5481 = CARTESIAN_POINT('',(6.6,9.45,8.6));
#5482 = LINE('',#5483,#5484);
#5483 = CARTESIAN_POINT('',(3.9,9.45,8.6));
#5484 = VECTOR('',#5485,1.);
#5485 = DIRECTION('',(1.,0.,0.));
#5486 = ORIENTED_EDGE('',*,*,#5487,.T.);
#5487 = EDGE_CURVE('',#5480,#5418,#5488,.T.);
#5488 = LINE('',#5489,#5490);
#5489 = CARTESIAN_POINT('',(6.6,9.45,8.6));
#5490 = VECTOR('',#5491,1.);
#5491 = DIRECTION('',(0.,-1.,0.));
#5492 = ORIENTED_EDGE('',*,*,#5415,.F.);
#5493 = ORIENTED_EDGE('',*,*,#5494,.F.);
#5494 = EDGE_CURVE('',#5478,#5416,#5495,.T.);
#5495 = LINE('',#5496,#5497);
#5496 = CARTESIAN_POINT('',(3.9,9.45,8.6));
#5497 = VECTOR('',#5498,1.);
#5498 = DIRECTION('',(0.,-1.,0.));
#5499 = PLANE('',#5500);
#5500 = AXIS2_PLACEMENT_3D('',#5501,#5502,#5503);
#5501 = CARTESIAN_POINT('',(3.9,9.45,8.6));
#5502 = DIRECTION('',(0.,0.,-1.));
#5503 = DIRECTION('',(0.,-1.,0.));
#5504 = ADVANCED_FACE('',(#5505),#5532,.T.);
#5505 = FACE_BOUND('',#5506,.T.);
#5506 = EDGE_LOOP('',(#5507,#5516,#5524,#5531));
#5507 = ORIENTED_EDGE('',*,*,#5508,.F.);
#5508 = EDGE_CURVE('',#5509,#5456,#5511,.T.);
#5509 = VERTEX_POINT('',#5510);
#5510 = CARTESIAN_POINT('',(6.6,9.45,8.834076510729));
#5511 = CIRCLE('',#5512,0.58);
#5512 = AXIS2_PLACEMENT_3D('',#5513,#5514,#5515);
#5513 = CARTESIAN_POINT('',(6.6,9.,9.2));
#5514 = DIRECTION('',(1.,0.,0.));
#5515 = DIRECTION('',(-0.,0.,1.));
#5516 = ORIENTED_EDGE('',*,*,#5517,.F.);
#5517 = EDGE_CURVE('',#5518,#5509,#5520,.T.);
#5518 = VERTEX_POINT('',#5519);
#5519 = CARTESIAN_POINT('',(3.9,9.45,8.834076510729));
#5520 = LINE('',#5521,#5522);
#5521 = CARTESIAN_POINT('',(3.9,9.45,8.834076510729));
#5522 = VECTOR('',#5523,1.);
#5523 = DIRECTION('',(1.,0.,0.));
#5524 = ORIENTED_EDGE('',*,*,#5525,.T.);
#5525 = EDGE_CURVE('',#5518,#5447,#5526,.T.);
#5526 = CIRCLE('',#5527,0.58);
#5527 = AXIS2_PLACEMENT_3D('',#5528,#5529,#5530);
#5528 = CARTESIAN_POINT('',(3.9,9.,9.2));
#5529 = DIRECTION('',(1.,0.,0.));
#5530 = DIRECTION('',(-0.,0.,1.));
#5531 = ORIENTED_EDGE('',*,*,#5463,.T.);
#5532 = CYLINDRICAL_SURFACE('',#5533,0.58);
#5533 = AXIS2_PLACEMENT_3D('',#5534,#5535,#5536);
#5534 = CARTESIAN_POINT('',(3.9,9.,9.2));
#5535 = DIRECTION('',(1.,0.,0.));
#5536 = DIRECTION('',(-0.,0.,1.));
#5537 = ADVANCED_FACE('',(#5538),#5554,.T.);
#5538 = FACE_BOUND('',#5539,.T.);
#5539 = EDGE_LOOP('',(#5540,#5546,#5547,#5553));
#5540 = ORIENTED_EDGE('',*,*,#5541,.F.);
#5541 = EDGE_CURVE('',#5518,#5478,#5542,.T.);
#5542 = LINE('',#5543,#5544);
#5543 = CARTESIAN_POINT('',(3.9,9.45,10.6));
#5544 = VECTOR('',#5545,1.);
#5545 = DIRECTION('',(0.,0.,-1.));
#5546 = ORIENTED_EDGE('',*,*,#5517,.T.);
#5547 = ORIENTED_EDGE('',*,*,#5548,.T.);
#5548 = EDGE_CURVE('',#5509,#5480,#5549,.T.);
#5549 = LINE('',#5550,#5551);
#5550 = CARTESIAN_POINT('',(6.6,9.45,10.6));
#5551 = VECTOR('',#5552,1.);
#5552 = DIRECTION('',(0.,0.,-1.));
#5553 = ORIENTED_EDGE('',*,*,#5477,.F.);
#5554 = PLANE('',#5555);
#5555 = AXIS2_PLACEMENT_3D('',#5556,#5557,#5558);
#5556 = CARTESIAN_POINT('',(3.9,9.45,10.6));
#5557 = DIRECTION('',(-0.,1.,0.));
#5558 = DIRECTION('',(0.,0.,-1.));
#5559 = ADVANCED_FACE('',(#5560),#5568,.T.);
#5560 = FACE_BOUND('',#5561,.T.);
#5561 = EDGE_LOOP('',(#5562,#5563,#5564,#5565,#5566,#5567));
#5562 = ORIENTED_EDGE('',*,*,#5432,.T.);
#5563 = ORIENTED_EDGE('',*,*,#5401,.T.);
#5564 = ORIENTED_EDGE('',*,*,#5446,.T.);
#5565 = ORIENTED_EDGE('',*,*,#5525,.F.);
#5566 = ORIENTED_EDGE('',*,*,#5541,.T.);
#5567 = ORIENTED_EDGE('',*,*,#5494,.T.);
#5568 = PLANE('',#5569);
#5569 = AXIS2_PLACEMENT_3D('',#5570,#5571,#5572);
#5570 = CARTESIAN_POINT('',(3.9,4.823284092834,9.669808456553));
#5571 = DIRECTION('',(-1.,-0.,-0.));
#5572 = DIRECTION('',(0.,0.,-1.));
#5573 = ADVANCED_FACE('',(#5574),#5582,.T.);
#5574 = FACE_BOUND('',#5575,.T.);
#5575 = EDGE_LOOP('',(#5576,#5577,#5578,#5579,#5580,#5581));
#5576 = ORIENTED_EDGE('',*,*,#5425,.F.);
#5577 = ORIENTED_EDGE('',*,*,#5487,.F.);
#5578 = ORIENTED_EDGE('',*,*,#5548,.F.);
#5579 = ORIENTED_EDGE('',*,*,#5508,.T.);
#5580 = ORIENTED_EDGE('',*,*,#5455,.F.);
#5581 = ORIENTED_EDGE('',*,*,#5385,.F.);
#5582 = PLANE('',#5583);
#5583 = AXIS2_PLACEMENT_3D('',#5584,#5585,#5586);
#5584 = CARTESIAN_POINT('',(6.6,4.823284092834,9.669808456553));
#5585 = DIRECTION('',(1.,0.,0.));
#5586 = DIRECTION('',(-0.,0.,1.));
#5587 = ( GEOMETRIC_REPRESENTATION_CONTEXT(3)
GLOBAL_UNCERTAINTY_ASSIGNED_CONTEXT((#5591))
GLOBAL_UNIT_ASSIGNED_CONTEXT((#5588,#5589,#5590)) REPRESENTATION_CONTEXT
('Context #1','3D Context with UNIT and UNCERTAINTY') );
#5588 = ( LENGTH_UNIT() NAMED_UNIT(*) SI_UNIT(.MILLI.,.METRE.) );
#5589 = ( NAMED_UNIT(*) PLANE_ANGLE_UNIT() SI_UNIT($,.RADIAN.) );
#5590 = ( NAMED_UNIT(*) SI_UNIT($,.STERADIAN.) SOLID_ANGLE_UNIT() );
#5591 = UNCERTAINTY_MEASURE_WITH_UNIT(LENGTH_MEASURE(1.E-07),#5588,
  'distance_accuracy_value','confusion accuracy');
#5592 = CONTEXT_DEPENDENT_SHAPE_REPRESENTATION(#5593,#5595);
#5593 = ( REPRESENTATION_RELATIONSHIP('','',#5368,#10)
REPRESENTATION_RELATIONSHIP_WITH_TRANSFORMATION(#5594)
SHAPE_REPRESENTATION_RELATIONSHIP() );
#5594 = ITEM_DEFINED_TRANSFORMATION('','',#11,#51);
#5595 = PRODUCT_DEFINITION_SHAPE('Placement','Placement of an item',
  #5596);
#5596 = NEXT_ASSEMBLY_USAGE_OCCURRENCE('10','Actuator P3','',#5,#5363,$
  );
#5597 = PRODUCT_RELATED_PRODUCT_CATEGORY('part',$,(#5365));
#5598 = SHAPE_DEFINITION_REPRESENTATION(#5599,#5605);
#5599 = PRODUCT_DEFINITION_SHAPE('','',#5600);
#5600 = PRODUCT_DEFINITION('design','',#5601,#5604);
#5601 = PRODUCT_DEFINITION_FORMATION('','',#5602);
#5602 = PRODUCT('Terminal Pin P3 A','Terminal Pin P3 A','',(#5603));
#5603 = PRODUCT_CONTEXT('',#2,'mechanical');
#5604 = PRODUCT_DEFINITION_CONTEXT('part definition',#2,'design');
#5605 = ADVANCED_BREP_SHAPE_REPRESENTATION('',(#11,#5606),#5756);
#5606 = MANIFOLD_SOLID_BREP('',#5607);
#5607 = CLOSED_SHELL('',(#5608,#5648,#5688,#5710,#5732,#5744));
#5608 = ADVANCED_FACE('',(#5609),#5643,.F.);
#5609 = FACE_BOUND('',#5610,.F.);
#5610 = EDGE_LOOP('',(#5611,#5621,#5629,#5637));
#5611 = ORIENTED_EDGE('',*,*,#5612,.F.);
#5612 = EDGE_CURVE('',#5613,#5615,#5617,.T.);
#5613 = VERTEX_POINT('',#5614);
#5614 = CARTESIAN_POINT('',(5.35,4.35,-3.5));
#5615 = VERTEX_POINT('',#5616);
#5616 = CARTESIAN_POINT('',(5.35,4.35,0.));
#5617 = LINE('',#5618,#5619);
#5618 = CARTESIAN_POINT('',(5.35,4.35,-3.5));
#5619 = VECTOR('',#5620,1.);
#5620 = DIRECTION('',(0.,0.,1.));
#5621 = ORIENTED_EDGE('',*,*,#5622,.T.);
#5622 = EDGE_CURVE('',#5613,#5623,#5625,.T.);
#5623 = VERTEX_POINT('',#5624);
#5624 = CARTESIAN_POINT('',(5.35,4.85,-3.5));
#5625 = LINE('',#5626,#5627);
#5626 = CARTESIAN_POINT('',(5.35,4.35,-3.5));
#5627 = VECTOR('',#5628,1.);
#5628 = DIRECTION('',(-0.,1.,0.));
#5629 = ORIENTED_EDGE('',*,*,#5630,.T.);
#5630 = EDGE_CURVE('',#5623,#5631,#5633,.T.);
#5631 = VERTEX_POINT('',#5632);
#5632 = CARTESIAN_POINT('',(5.35,4.85,0.));
#5633 = LINE('',#5634,#5635);
#5634 = CARTESIAN_POINT('',(5.35,4.85,-3.5));
#5635 = VECTOR('',#5636,1.);
#5636 = DIRECTION('',(0.,0.,1.));
#5637 = ORIENTED_EDGE('',*,*,#5638,.F.);
#5638 = EDGE_CURVE('',#5615,#5631,#5639,.T.);
#5639 = LINE('',#5640,#5641);
#5640 = CARTESIAN_POINT('',(5.35,4.35,0.));
#5641 = VECTOR('',#5642,1.);
#5642 = DIRECTION('',(-0.,1.,0.));
#5643 = PLANE('',#5644);
#5644 = AXIS2_PLACEMENT_3D('',#5645,#5646,#5647);
#5645 = CARTESIAN_POINT('',(5.35,4.35,-3.5));
#5646 = DIRECTION('',(1.,0.,-0.));
#5647 = DIRECTION('',(0.,0.,1.));
#5648 = ADVANCED_FACE('',(#5649),#5683,.T.);
#5649 = FACE_BOUND('',#5650,.T.);
#5650 = EDGE_LOOP('',(#5651,#5661,#5669,#5677));
#5651 = ORIENTED_EDGE('',*,*,#5652,.F.);
#5652 = EDGE_CURVE('',#5653,#5655,#5657,.T.);
#5653 = VERTEX_POINT('',#5654);
#5654 = CARTESIAN_POINT('',(6.15,4.35,-3.5));
#5655 = VERTEX_POINT('',#5656);
#5656 = CARTESIAN_POINT('',(6.15,4.35,0.));
#5657 = LINE('',#5658,#5659);
#5658 = CARTESIAN_POINT('',(6.15,4.35,-3.5));
#5659 = VECTOR('',#5660,1.);
#5660 = DIRECTION('',(0.,0.,1.));
#5661 = ORIENTED_EDGE('',*,*,#5662,.T.);
#5662 = EDGE_CURVE('',#5653,#5663,#5665,.T.);
#5663 = VERTEX_POINT('',#5664);
#5664 = CARTESIAN_POINT('',(6.15,4.85,-3.5));
#5665 = LINE('',#5666,#5667);
#5666 = CARTESIAN_POINT('',(6.15,4.35,-3.5));
#5667 = VECTOR('',#5668,1.);
#5668 = DIRECTION('',(-0.,1.,0.));
#5669 = ORIENTED_EDGE('',*,*,#5670,.T.);
#5670 = EDGE_CURVE('',#5663,#5671,#5673,.T.);
#5671 = VERTEX_POINT('',#5672);
#5672 = CARTESIAN_POINT('',(6.15,4.85,0.));
#5673 = LINE('',#5674,#5675);
#5674 = CARTESIAN_POINT('',(6.15,4.85,-3.5));
#5675 = VECTOR('',#5676,1.);
#5676 = DIRECTION('',(0.,0.,1.));
#5677 = ORIENTED_EDGE('',*,*,#5678,.F.);
#5678 = EDGE_CURVE('',#5655,#5671,#5679,.T.);
#5679 = LINE('',#5680,#5681);
#5680 = CARTESIAN_POINT('',(6.15,4.35,0.));
#5681 = VECTOR('',#5682,1.);
#5682 = DIRECTION('',(-0.,1.,0.));
#5683 = PLANE('',#5684);
#5684 = AXIS2_PLACEMENT_3D('',#5685,#5686,#5687);
#5685 = CARTESIAN_POINT('',(6.15,4.35,-3.5));
#5686 = DIRECTION('',(1.,0.,-0.));
#5687 = DIRECTION('',(0.,0.,1.));
#5688 = ADVANCED_FACE('',(#5689),#5705,.F.);
#5689 = FACE_BOUND('',#5690,.F.);
#5690 = EDGE_LOOP('',(#5691,#5697,#5698,#5704));
#5691 = ORIENTED_EDGE('',*,*,#5692,.F.);
#5692 = EDGE_CURVE('',#5613,#5653,#5693,.T.);
#5693 = LINE('',#5694,#5695);
#5694 = CARTESIAN_POINT('',(5.35,4.35,-3.5));
#5695 = VECTOR('',#5696,1.);
#5696 = DIRECTION('',(1.,0.,-0.));
#5697 = ORIENTED_EDGE('',*,*,#5612,.T.);
#5698 = ORIENTED_EDGE('',*,*,#5699,.T.);
#5699 = EDGE_CURVE('',#5615,#5655,#5700,.T.);
#5700 = LINE('',#5701,#5702);
#5701 = CARTESIAN_POINT('',(5.35,4.35,0.));
#5702 = VECTOR('',#5703,1.);
#5703 = DIRECTION('',(1.,0.,-0.));
#5704 = ORIENTED_EDGE('',*,*,#5652,.F.);
#5705 = PLANE('',#5706);
#5706 = AXIS2_PLACEMENT_3D('',#5707,#5708,#5709);
#5707 = CARTESIAN_POINT('',(5.35,4.35,-3.5));
#5708 = DIRECTION('',(-0.,1.,0.));
#5709 = DIRECTION('',(0.,0.,1.));
#5710 = ADVANCED_FACE('',(#5711),#5727,.T.);
#5711 = FACE_BOUND('',#5712,.T.);
#5712 = EDGE_LOOP('',(#5713,#5719,#5720,#5726));
#5713 = ORIENTED_EDGE('',*,*,#5714,.F.);
#5714 = EDGE_CURVE('',#5623,#5663,#5715,.T.);
#5715 = LINE('',#5716,#5717);
#5716 = CARTESIAN_POINT('',(5.35,4.85,-3.5));
#5717 = VECTOR('',#5718,1.);
#5718 = DIRECTION('',(1.,0.,-0.));
#5719 = ORIENTED_EDGE('',*,*,#5630,.T.);
#5720 = ORIENTED_EDGE('',*,*,#5721,.T.);
#5721 = EDGE_CURVE('',#5631,#5671,#5722,.T.);
#5722 = LINE('',#5723,#5724);
#5723 = CARTESIAN_POINT('',(5.35,4.85,0.));
#5724 = VECTOR('',#5725,1.);
#5725 = DIRECTION('',(1.,0.,-0.));
#5726 = ORIENTED_EDGE('',*,*,#5670,.F.);
#5727 = PLANE('',#5728);
#5728 = AXIS2_PLACEMENT_3D('',#5729,#5730,#5731);
#5729 = CARTESIAN_POINT('',(5.35,4.85,-3.5));
#5730 = DIRECTION('',(-0.,1.,0.));
#5731 = DIRECTION('',(0.,0.,1.));
#5732 = ADVANCED_FACE('',(#5733),#5739,.F.);
#5733 = FACE_BOUND('',#5734,.F.);
#5734 = EDGE_LOOP('',(#5735,#5736,#5737,#5738));
#5735 = ORIENTED_EDGE('',*,*,#5622,.F.);
#5736 = ORIENTED_EDGE('',*,*,#5692,.T.);
#5737 = ORIENTED_EDGE('',*,*,#5662,.T.);
#5738 = ORIENTED_EDGE('',*,*,#5714,.F.);
#5739 = PLANE('',#5740);
#5740 = AXIS2_PLACEMENT_3D('',#5741,#5742,#5743);
#5741 = CARTESIAN_POINT('',(5.35,4.35,-3.5));
#5742 = DIRECTION('',(0.,0.,1.));
#5743 = DIRECTION('',(1.,0.,-0.));
#5744 = ADVANCED_FACE('',(#5745),#5751,.T.);
#5745 = FACE_BOUND('',#5746,.T.);
#5746 = EDGE_LOOP('',(#5747,#5748,#5749,#5750));
#5747 = ORIENTED_EDGE('',*,*,#5638,.F.);
#5748 = ORIENTED_EDGE('',*,*,#5699,.T.);
#5749 = ORIENTED_EDGE('',*,*,#5678,.T.);
#5750 = ORIENTED_EDGE('',*,*,#5721,.F.);
#5751 = PLANE('',#5752);
#5752 = AXIS2_PLACEMENT_3D('',#5753,#5754,#5755);
#5753 = CARTESIAN_POINT('',(5.35,4.35,0.));
#5754 = DIRECTION('',(0.,0.,1.));
#5755 = DIRECTION('',(1.,0.,-0.));
#5756 = ( GEOMETRIC_REPRESENTATION_CONTEXT(3)
GLOBAL_UNCERTAINTY_ASSIGNED_CONTEXT((#5760))
GLOBAL_UNIT_ASSIGNED_CONTEXT((#5757,#5758,#5759)) REPRESENTATION_CONTEXT
('Context #1','3D Context with UNIT and UNCERTAINTY') );
#5757 = ( LENGTH_UNIT() NAMED_UNIT(*) SI_UNIT(.MILLI.,.METRE.) );
#5758 = ( NAMED_UNIT(*) PLANE_ANGLE_UNIT() SI_UNIT($,.RADIAN.) );
#5759 = ( NAMED_UNIT(*) SI_UNIT($,.STERADIAN.) SOLID_ANGLE_UNIT() );
#5760 = UNCERTAINTY_MEASURE_WITH_UNIT(LENGTH_MEASURE(1.E-07),#5757,
  'distance_accuracy_value','confusion accuracy');
#5761 = CONTEXT_DEPENDENT_SHAPE_REPRESENTATION(#5762,#5764);
#5762 = ( REPRESENTATION_RELATIONSHIP('','',#5605,#10)
REPRESENTATION_RELATIONSHIP_WITH_TRANSFORMATION(#5763)
SHAPE_REPRESENTATION_RELATIONSHIP() );
#5763 = ITEM_DEFINED_TRANSFORMATION('','',#11,#55);
#5764 = PRODUCT_DEFINITION_SHAPE('Placement','Placement of an item',
  #5765);
#5765 = NEXT_ASSEMBLY_USAGE_OCCURRENCE('11','Terminal Pin P3 A','',#5,
  #5600,$);
#5766 = PRODUCT_RELATED_PRODUCT_CATEGORY('part',$,(#5602));
#5767 = SHAPE_DEFINITION_REPRESENTATION(#5768,#5774);
#5768 = PRODUCT_DEFINITION_SHAPE('','',#5769);
#5769 = PRODUCT_DEFINITION('design','',#5770,#5773);
#5770 = PRODUCT_DEFINITION_FORMATION('','',#5771);
#5771 = PRODUCT('Terminal Pin P3 B','Terminal Pin P3 B','',(#5772));
#5772 = PRODUCT_CONTEXT('',#2,'mechanical');
#5773 = PRODUCT_DEFINITION_CONTEXT('part definition',#2,'design');
#5774 = ADVANCED_BREP_SHAPE_REPRESENTATION('',(#11,#5775),#5925);
#5775 = MANIFOLD_SOLID_BREP('',#5776);
#5776 = CLOSED_SHELL('',(#5777,#5817,#5857,#5879,#5901,#5913));
#5777 = ADVANCED_FACE('',(#5778),#5812,.F.);
#5778 = FACE_BOUND('',#5779,.F.);
#5779 = EDGE_LOOP('',(#5780,#5790,#5798,#5806));
#5780 = ORIENTED_EDGE('',*,*,#5781,.F.);
#5781 = EDGE_CURVE('',#5782,#5784,#5786,.T.);
#5782 = VERTEX_POINT('',#5783);
#5783 = CARTESIAN_POINT('',(5.35,9.35,-3.5));
#5784 = VERTEX_POINT('',#5785);
#5785 = CARTESIAN_POINT('',(5.35,9.35,0.));
#5786 = LINE('',#5787,#5788);
#5787 = CARTESIAN_POINT('',(5.35,9.35,-3.5));
#5788 = VECTOR('',#5789,1.);
#5789 = DIRECTION('',(0.,0.,1.));
#5790 = ORIENTED_EDGE('',*,*,#5791,.T.);
#5791 = EDGE_CURVE('',#5782,#5792,#5794,.T.);
#5792 = VERTEX_POINT('',#5793);
#5793 = CARTESIAN_POINT('',(5.35,9.85,-3.5));
#5794 = LINE('',#5795,#5796);
#5795 = CARTESIAN_POINT('',(5.35,9.35,-3.5));
#5796 = VECTOR('',#5797,1.);
#5797 = DIRECTION('',(-0.,1.,0.));
#5798 = ORIENTED_EDGE('',*,*,#5799,.T.);
#5799 = EDGE_CURVE('',#5792,#5800,#5802,.T.);
#5800 = VERTEX_POINT('',#5801);
#5801 = CARTESIAN_POINT('',(5.35,9.85,0.));
#5802 = LINE('',#5803,#5804);
#5803 = CARTESIAN_POINT('',(5.35,9.85,-3.5));
#5804 = VECTOR('',#5805,1.);
#5805 = DIRECTION('',(0.,0.,1.));
#5806 = ORIENTED_EDGE('',*,*,#5807,.F.);
#5807 = EDGE_CURVE('',#5784,#5800,#5808,.T.);
#5808 = LINE('',#5809,#5810);
#5809 = CARTESIAN_POINT('',(5.35,9.35,0.));
#5810 = VECTOR('',#5811,1.);
#5811 = DIRECTION('',(-0.,1.,0.));
#5812 = PLANE('',#5813);
#5813 = AXIS2_PLACEMENT_3D('',#5814,#5815,#5816);
#5814 = CARTESIAN_POINT('',(5.35,9.35,-3.5));
#5815 = DIRECTION('',(1.,0.,-0.));
#5816 = DIRECTION('',(0.,0.,1.));
#5817 = ADVANCED_FACE('',(#5818),#5852,.T.);
#5818 = FACE_BOUND('',#5819,.T.);
#5819 = EDGE_LOOP('',(#5820,#5830,#5838,#5846));
#5820 = ORIENTED_EDGE('',*,*,#5821,.F.);
#5821 = EDGE_CURVE('',#5822,#5824,#5826,.T.);
#5822 = VERTEX_POINT('',#5823);
#5823 = CARTESIAN_POINT('',(6.15,9.35,-3.5));
#5824 = VERTEX_POINT('',#5825);
#5825 = CARTESIAN_POINT('',(6.15,9.35,0.));
#5826 = LINE('',#5827,#5828);
#5827 = CARTESIAN_POINT('',(6.15,9.35,-3.5));
#5828 = VECTOR('',#5829,1.);
#5829 = DIRECTION('',(0.,0.,1.));
#5830 = ORIENTED_EDGE('',*,*,#5831,.T.);
#5831 = EDGE_CURVE('',#5822,#5832,#5834,.T.);
#5832 = VERTEX_POINT('',#5833);
#5833 = CARTESIAN_POINT('',(6.15,9.85,-3.5));
#5834 = LINE('',#5835,#5836);
#5835 = CARTESIAN_POINT('',(6.15,9.35,-3.5));
#5836 = VECTOR('',#5837,1.);
#5837 = DIRECTION('',(-0.,1.,0.));
#5838 = ORIENTED_EDGE('',*,*,#5839,.T.);
#5839 = EDGE_CURVE('',#5832,#5840,#5842,.T.);
#5840 = VERTEX_POINT('',#5841);
#5841 = CARTESIAN_POINT('',(6.15,9.85,0.));
#5842 = LINE('',#5843,#5844);
#5843 = CARTESIAN_POINT('',(6.15,9.85,-3.5));
#5844 = VECTOR('',#5845,1.);
#5845 = DIRECTION('',(0.,0.,1.));
#5846 = ORIENTED_EDGE('',*,*,#5847,.F.);
#5847 = EDGE_CURVE('',#5824,#5840,#5848,.T.);
#5848 = LINE('',#5849,#5850);
#5849 = CARTESIAN_POINT('',(6.15,9.35,0.));
#5850 = VECTOR('',#5851,1.);
#5851 = DIRECTION('',(-0.,1.,0.));
#5852 = PLANE('',#5853);
#5853 = AXIS2_PLACEMENT_3D('',#5854,#5855,#5856);
#5854 = CARTESIAN_POINT('',(6.15,9.35,-3.5));
#5855 = DIRECTION('',(1.,0.,-0.));
#5856 = DIRECTION('',(0.,0.,1.));
#5857 = ADVANCED_FACE('',(#5858),#5874,.F.);
#5858 = FACE_BOUND('',#5859,.F.);
#5859 = EDGE_LOOP('',(#5860,#5866,#5867,#5873));
#5860 = ORIENTED_EDGE('',*,*,#5861,.F.);
#5861 = EDGE_CURVE('',#5782,#5822,#5862,.T.);
#5862 = LINE('',#5863,#5864);
#5863 = CARTESIAN_POINT('',(5.35,9.35,-3.5));
#5864 = VECTOR('',#5865,1.);
#5865 = DIRECTION('',(1.,0.,-0.));
#5866 = ORIENTED_EDGE('',*,*,#5781,.T.);
#5867 = ORIENTED_EDGE('',*,*,#5868,.T.);
#5868 = EDGE_CURVE('',#5784,#5824,#5869,.T.);
#5869 = LINE('',#5870,#5871);
#5870 = CARTESIAN_POINT('',(5.35,9.35,0.));
#5871 = VECTOR('',#5872,1.);
#5872 = DIRECTION('',(1.,0.,-0.));
#5873 = ORIENTED_EDGE('',*,*,#5821,.F.);
#5874 = PLANE('',#5875);
#5875 = AXIS2_PLACEMENT_3D('',#5876,#5877,#5878);
#5876 = CARTESIAN_POINT('',(5.35,9.35,-3.5));
#5877 = DIRECTION('',(-0.,1.,0.));
#5878 = DIRECTION('',(0.,0.,1.));
#5879 = ADVANCED_FACE('',(#5880),#5896,.T.);
#5880 = FACE_BOUND('',#5881,.T.);
#5881 = EDGE_LOOP('',(#5882,#5888,#5889,#5895));
#5882 = ORIENTED_EDGE('',*,*,#5883,.F.);
#5883 = EDGE_CURVE('',#5792,#5832,#5884,.T.);
#5884 = LINE('',#5885,#5886);
#5885 = CARTESIAN_POINT('',(5.35,9.85,-3.5));
#5886 = VECTOR('',#5887,1.);
#5887 = DIRECTION('',(1.,0.,-0.));
#5888 = ORIENTED_EDGE('',*,*,#5799,.T.);
#5889 = ORIENTED_EDGE('',*,*,#5890,.T.);
#5890 = EDGE_CURVE('',#5800,#5840,#5891,.T.);
#5891 = LINE('',#5892,#5893);
#5892 = CARTESIAN_POINT('',(5.35,9.85,0.));
#5893 = VECTOR('',#5894,1.);
#5894 = DIRECTION('',(1.,0.,-0.));
#5895 = ORIENTED_EDGE('',*,*,#5839,.F.);
#5896 = PLANE('',#5897);
#5897 = AXIS2_PLACEMENT_3D('',#5898,#5899,#5900);
#5898 = CARTESIAN_POINT('',(5.35,9.85,-3.5));
#5899 = DIRECTION('',(-0.,1.,0.));
#5900 = DIRECTION('',(0.,0.,1.));
#5901 = ADVANCED_FACE('',(#5902),#5908,.F.);
#5902 = FACE_BOUND('',#5903,.F.);
#5903 = EDGE_LOOP('',(#5904,#5905,#5906,#5907));
#5904 = ORIENTED_EDGE('',*,*,#5791,.F.);
#5905 = ORIENTED_EDGE('',*,*,#5861,.T.);
#5906 = ORIENTED_EDGE('',*,*,#5831,.T.);
#5907 = ORIENTED_EDGE('',*,*,#5883,.F.);
#5908 = PLANE('',#5909);
#5909 = AXIS2_PLACEMENT_3D('',#5910,#5911,#5912);
#5910 = CARTESIAN_POINT('',(5.35,9.35,-3.5));
#5911 = DIRECTION('',(0.,0.,1.));
#5912 = DIRECTION('',(1.,0.,-0.));
#5913 = ADVANCED_FACE('',(#5914),#5920,.T.);
#5914 = FACE_BOUND('',#5915,.T.);
#5915 = EDGE_LOOP('',(#5916,#5917,#5918,#5919));
#5916 = ORIENTED_EDGE('',*,*,#5807,.F.);
#5917 = ORIENTED_EDGE('',*,*,#5868,.T.);
#5918 = ORIENTED_EDGE('',*,*,#5847,.T.);
#5919 = ORIENTED_EDGE('',*,*,#5890,.F.);
#5920 = PLANE('',#5921);
#5921 = AXIS2_PLACEMENT_3D('',#5922,#5923,#5924);
#5922 = CARTESIAN_POINT('',(5.35,9.35,0.));
#5923 = DIRECTION('',(0.,0.,1.));
#5924 = DIRECTION('',(1.,0.,-0.));
#5925 = ( GEOMETRIC_REPRESENTATION_CONTEXT(3)
GLOBAL_UNCERTAINTY_ASSIGNED_CONTEXT((#5929))
GLOBAL_UNIT_ASSIGNED_CONTEXT((#5926,#5927,#5928)) REPRESENTATION_CONTEXT
('Context #1','3D Context with UNIT and UNCERTAINTY') );
#5926 = ( LENGTH_UNIT() NAMED_UNIT(*) SI_UNIT(.MILLI.,.METRE.) );
#5927 = ( NAMED_UNIT(*) PLANE_ANGLE_UNIT() SI_UNIT($,.RADIAN.) );
#5928 = ( NAMED_UNIT(*) SI_UNIT($,.STERADIAN.) SOLID_ANGLE_UNIT() );
#5929 = UNCERTAINTY_MEASURE_WITH_UNIT(LENGTH_MEASURE(1.E-07),#5926,
  'distance_accuracy_value','confusion accuracy');
#5930 = CONTEXT_DEPENDENT_SHAPE_REPRESENTATION(#5931,#5933);
#5931 = ( REPRESENTATION_RELATIONSHIP('','',#5774,#10)
REPRESENTATION_RELATIONSHIP_WITH_TRANSFORMATION(#5932)
SHAPE_REPRESENTATION_RELATIONSHIP() );
#5932 = ITEM_DEFINED_TRANSFORMATION('','',#11,#59);
#5933 = PRODUCT_DEFINITION_SHAPE('Placement','Placement of an item',
  #5934);
#5934 = NEXT_ASSEMBLY_USAGE_OCCURRENCE('12','Terminal Pin P3 B','',#5,
  #5769,$);
#5935 = PRODUCT_RELATED_PRODUCT_CATEGORY('part',$,(#5771));
#5936 = SHAPE_DEFINITION_REPRESENTATION(#5937,#5943);
#5937 = PRODUCT_DEFINITION_SHAPE('','',#5938);
#5938 = PRODUCT_DEFINITION('design','',#5939,#5942);
#5939 = PRODUCT_DEFINITION_FORMATION('','',#5940);
#5940 = PRODUCT('Housing P4','Housing P4','',(#5941));
#5941 = PRODUCT_CONTEXT('',#2,'mechanical');
#5942 = PRODUCT_DEFINITION_CONTEXT('part definition',#2,'design');
#5943 = ADVANCED_BREP_SHAPE_REPRESENTATION('',(#11,#5944),#7569);
#5944 = MANIFOLD_SOLID_BREP('',#5945);
#5945 = CLOSED_SHELL('',(#5946,#6060,#6093,#6126,#6217,#6250,#6275,#6300
    ,#6325,#6350,#6375,#6400,#6425,#6526,#6543,#6574,#6591,#6616,#6648,
    #6673,#6713,#6745,#6769,#6794,#6811,#6842,#6851,#6860,#6869,#6878,
    #6887,#6896,#6914,#6945,#6970,#7001,#7025,#7056,#7074,#7098,#7109,
    #7133,#7150,#7162,#7179,#7191,#7202,#7251,#7282,#7313,#7346,#7377,
    #7417,#7448,#7464,#7510,#7541,#7555));
#5946 = ADVANCED_FACE('',(#5947,#5989,#6000,#6011,#6022,#6033,#6044),
  #6055,.F.);
#5947 = FACE_BOUND('',#5948,.F.);
#5948 = EDGE_LOOP('',(#5949,#5959,#5967,#5975,#5983));
#5949 = ORIENTED_EDGE('',*,*,#5950,.F.);
#5950 = EDGE_CURVE('',#5951,#5953,#5955,.T.);
#5951 = VERTEX_POINT('',#5952);
#5952 = CARTESIAN_POINT('',(-5.551115123126E-17,0.3,0.3));
#5953 = VERTEX_POINT('',#5954);
#5954 = CARTESIAN_POINT('',(-5.551115123126E-17,0.3,9.086363636364));
#5955 = LINE('',#5956,#5957);
#5956 = CARTESIAN_POINT('',(-5.551115123126E-17,0.3,0.));
#5957 = VECTOR('',#5958,1.);
#5958 = DIRECTION('',(0.,0.,1.));
#5959 = ORIENTED_EDGE('',*,*,#5960,.T.);
#5960 = EDGE_CURVE('',#5951,#5961,#5963,.T.);
#5961 = VERTEX_POINT('',#5962);
#5962 = CARTESIAN_POINT('',(-5.551115123126E-17,12.2,0.3));
#5963 = LINE('',#5964,#5965);
#5964 = CARTESIAN_POINT('',(-5.551115123126E-17,0.,0.3));
#5965 = VECTOR('',#5966,1.);
#5966 = DIRECTION('',(-0.,1.,0.));
#5967 = ORIENTED_EDGE('',*,*,#5968,.T.);
#5968 = EDGE_CURVE('',#5961,#5969,#5971,.T.);
#5969 = VERTEX_POINT('',#5970);
#5970 = CARTESIAN_POINT('',(-5.551115123126E-17,12.2,10.3));
#5971 = LINE('',#5972,#5973);
#5972 = CARTESIAN_POINT('',(-5.551115123126E-17,12.2,0.));
#5973 = VECTOR('',#5974,1.);
#5974 = DIRECTION('',(0.,0.,1.));
#5975 = ORIENTED_EDGE('',*,*,#5976,.F.);
#5976 = EDGE_CURVE('',#5977,#5969,#5979,.T.);
#5977 = VERTEX_POINT('',#5978);
#5978 = CARTESIAN_POINT('',(-5.551115123126E-17,1.743243243243,10.3));
#5979 = LINE('',#5980,#5981);
#5980 = CARTESIAN_POINT('',(-5.551115123126E-17,0.,10.3));
#5981 = VECTOR('',#5982,1.);
#5982 = DIRECTION('',(-0.,1.,0.));
#5983 = ORIENTED_EDGE('',*,*,#5984,.F.);
#5984 = EDGE_CURVE('',#5953,#5977,#5985,.T.);
#5985 = LINE('',#5986,#5987);
#5986 = CARTESIAN_POINT('',(0.,-1.125779122542,7.88741301059));
#5987 = VECTOR('',#5988,1.);
#5988 = DIRECTION('',(0.,0.765362085905,0.643599935875));
#5989 = FACE_BOUND('',#5990,.F.);
#5990 = EDGE_LOOP('',(#5991));
#5991 = ORIENTED_EDGE('',*,*,#5992,.F.);
#5992 = EDGE_CURVE('',#5993,#5993,#5995,.T.);
#5993 = VERTEX_POINT('',#5994);
#5994 = CARTESIAN_POINT('',(0.,10.65,3.52));
#5995 = CIRCLE('',#5996,0.42);
#5996 = AXIS2_PLACEMENT_3D('',#5997,#5998,#5999);
#5997 = CARTESIAN_POINT('',(0.,10.65,3.1));
#5998 = DIRECTION('',(1.,0.,0.));
#5999 = DIRECTION('',(-0.,0.,1.));
#6000 = FACE_BOUND('',#6001,.F.);
#6001 = EDGE_LOOP('',(#6002));
#6002 = ORIENTED_EDGE('',*,*,#6003,.F.);
#6003 = EDGE_CURVE('',#6004,#6004,#6006,.T.);
#6004 = VERTEX_POINT('',#6005);
#6005 = CARTESIAN_POINT('',(0.,6.25,1.87));
#6006 = CIRCLE('',#6007,0.42);
#6007 = AXIS2_PLACEMENT_3D('',#6008,#6009,#6010);
#6008 = CARTESIAN_POINT('',(0.,6.25,1.45));
#6009 = DIRECTION('',(1.,0.,0.));
#6010 = DIRECTION('',(-0.,0.,1.));
#6011 = FACE_BOUND('',#6012,.F.);
#6012 = EDGE_LOOP('',(#6013));
#6013 = ORIENTED_EDGE('',*,*,#6014,.F.);
#6014 = EDGE_CURVE('',#6015,#6015,#6017,.T.);
#6015 = VERTEX_POINT('',#6016);
#6016 = CARTESIAN_POINT('',(0.,10.65,8.57));
#6017 = CIRCLE('',#6018,0.42);
#6018 = AXIS2_PLACEMENT_3D('',#6019,#6020,#6021);
#6019 = CARTESIAN_POINT('',(0.,10.65,8.15));
#6020 = DIRECTION('',(1.,0.,0.));
#6021 = DIRECTION('',(-0.,0.,1.));
#6022 = FACE_BOUND('',#6023,.F.);
#6023 = EDGE_LOOP('',(#6024));
#6024 = ORIENTED_EDGE('',*,*,#6025,.F.);
#6025 = EDGE_CURVE('',#6026,#6026,#6028,.T.);
#6026 = VERTEX_POINT('',#6027);
#6027 = CARTESIAN_POINT('',(0.,1.65,1.87));
#6028 = CIRCLE('',#6029,0.42);
#6029 = AXIS2_PLACEMENT_3D('',#6030,#6031,#6032);
#6030 = CARTESIAN_POINT('',(0.,1.65,1.45));
#6031 = DIRECTION('',(1.,0.,0.));
#6032 = DIRECTION('',(-0.,0.,1.));
#6033 = FACE_BOUND('',#6034,.F.);
#6034 = EDGE_LOOP('',(#6035));
#6035 = ORIENTED_EDGE('',*,*,#6036,.F.);
#6036 = EDGE_CURVE('',#6037,#6037,#6039,.T.);
#6037 = VERTEX_POINT('',#6038);
#6038 = CARTESIAN_POINT('',(0.,4.65,7.54));
#6039 = CIRCLE('',#6040,0.34);
#6040 = AXIS2_PLACEMENT_3D('',#6041,#6042,#6043);
#6041 = CARTESIAN_POINT('',(0.,4.65,7.2));
#6042 = DIRECTION('',(1.,0.,0.));
#6043 = DIRECTION('',(-0.,0.,1.));
#6044 = FACE_BOUND('',#6045,.F.);
#6045 = EDGE_LOOP('',(#6046));
#6046 = ORIENTED_EDGE('',*,*,#6047,.F.);
#6047 = EDGE_CURVE('',#6048,#6048,#6050,.T.);
#6048 = VERTEX_POINT('',#6049);
#6049 = CARTESIAN_POINT('',(0.,1.65,8.57));
#6050 = CIRCLE('',#6051,0.42);
#6051 = AXIS2_PLACEMENT_3D('',#6052,#6053,#6054);
#6052 = CARTESIAN_POINT('',(0.,1.65,8.15));
#6053 = DIRECTION('',(1.,0.,0.));
#6054 = DIRECTION('',(-0.,0.,1.));
#6055 = PLANE('',#6056);
#6056 = AXIS2_PLACEMENT_3D('',#6057,#6058,#6059);
#6057 = CARTESIAN_POINT('',(0.,0.,0.));
#6058 = DIRECTION('',(1.,0.,-0.));
#6059 = DIRECTION('',(0.,0.,1.));
#6060 = ADVANCED_FACE('',(#6061),#6088,.T.);
#6061 = FACE_BOUND('',#6062,.T.);
#6062 = EDGE_LOOP('',(#6063,#6064,#6073,#6081));
#6063 = ORIENTED_EDGE('',*,*,#5950,.F.);
#6064 = ORIENTED_EDGE('',*,*,#6065,.T.);
#6065 = EDGE_CURVE('',#5951,#6066,#6068,.T.);
#6066 = VERTEX_POINT('',#6067);
#6067 = CARTESIAN_POINT('',(0.3,-5.551115123126E-17,0.3));
#6068 = CIRCLE('',#6069,0.3);
#6069 = AXIS2_PLACEMENT_3D('',#6070,#6071,#6072);
#6070 = CARTESIAN_POINT('',(0.3,0.3,0.3));
#6071 = DIRECTION('',(0.,0.,1.));
#6072 = DIRECTION('',(-1.,0.,0.));
#6073 = ORIENTED_EDGE('',*,*,#6074,.T.);
#6074 = EDGE_CURVE('',#6066,#6075,#6077,.T.);
#6075 = VERTEX_POINT('',#6076);
#6076 = CARTESIAN_POINT('',(0.3,-5.551115123126E-17,8.834090909091));
#6077 = LINE('',#6078,#6079);
#6078 = CARTESIAN_POINT('',(0.3,-5.551115123126E-17,0.));
#6079 = VECTOR('',#6080,1.);
#6080 = DIRECTION('',(0.,0.,1.));
#6081 = ORIENTED_EDGE('',*,*,#6082,.T.);
#6082 = EDGE_CURVE('',#6075,#5953,#6083,.T.);
#6083 = ELLIPSE('',#6084,0.391971336867,0.3);
#6084 = AXIS2_PLACEMENT_3D('',#6085,#6086,#6087);
#6085 = CARTESIAN_POINT('',(0.3,0.3,9.086363636364));
#6086 = DIRECTION('',(0.,0.643599935875,-0.765362085905));
#6087 = DIRECTION('',(0.,0.765362085905,0.643599935875));
#6088 = CYLINDRICAL_SURFACE('',#6089,0.3);
#6089 = AXIS2_PLACEMENT_3D('',#6090,#6091,#6092);
#6090 = CARTESIAN_POINT('',(0.3,0.3,0.));
#6091 = DIRECTION('',(0.,0.,1.));
#6092 = DIRECTION('',(-1.,-0.,0.));
#6093 = ADVANCED_FACE('',(#6094),#6121,.T.);
#6094 = FACE_BOUND('',#6095,.F.);
#6095 = EDGE_LOOP('',(#6096,#6105,#6113,#6120));
#6096 = ORIENTED_EDGE('',*,*,#6097,.F.);
#6097 = EDGE_CURVE('',#6098,#5951,#6100,.T.);
#6098 = VERTEX_POINT('',#6099);
#6099 = CARTESIAN_POINT('',(0.3,0.3,0.));
#6100 = CIRCLE('',#6101,0.3);
#6101 = AXIS2_PLACEMENT_3D('',#6102,#6103,#6104);
#6102 = CARTESIAN_POINT('',(0.3,0.3,0.3));
#6103 = DIRECTION('',(0.,1.,-0.));
#6104 = DIRECTION('',(-1.,0.,0.));
#6105 = ORIENTED_EDGE('',*,*,#6106,.T.);
#6106 = EDGE_CURVE('',#6098,#6107,#6109,.T.);
#6107 = VERTEX_POINT('',#6108);
#6108 = CARTESIAN_POINT('',(0.3,12.2,0.));
#6109 = LINE('',#6110,#6111);
#6110 = CARTESIAN_POINT('',(0.3,0.,-5.551115123126E-17));
#6111 = VECTOR('',#6112,1.);
#6112 = DIRECTION('',(-0.,1.,0.));
#6113 = ORIENTED_EDGE('',*,*,#6114,.T.);
#6114 = EDGE_CURVE('',#6107,#5961,#6115,.T.);
#6115 = CIRCLE('',#6116,0.3);
#6116 = AXIS2_PLACEMENT_3D('',#6117,#6118,#6119);
#6117 = CARTESIAN_POINT('',(0.3,12.2,0.3));
#6118 = DIRECTION('',(0.,1.,-0.));
#6119 = DIRECTION('',(-1.,0.,0.));
#6120 = ORIENTED_EDGE('',*,*,#5960,.F.);
#6121 = CYLINDRICAL_SURFACE('',#6122,0.3);
#6122 = AXIS2_PLACEMENT_3D('',#6123,#6124,#6125);
#6123 = CARTESIAN_POINT('',(0.3,0.,0.3));
#6124 = DIRECTION('',(-0.,1.,0.));
#6125 = DIRECTION('',(-1.,-0.,0.));
#6126 = ADVANCED_FACE('',(#6127),#6212,.F.);
#6127 = FACE_BOUND('',#6128,.F.);
#6128 = EDGE_LOOP('',(#6129,#6138,#6146,#6154,#6162,#6170,#6178,#6187,
    #6195,#6204,#6210,#6211));
#6129 = ORIENTED_EDGE('',*,*,#6130,.T.);
#6130 = EDGE_CURVE('',#5977,#6131,#6133,.T.);
#6131 = VERTEX_POINT('',#6132);
#6132 = CARTESIAN_POINT('',(0.3,2.1,10.6));
#6133 = ELLIPSE('',#6134,0.466128076275,0.3);
#6134 = AXIS2_PLACEMENT_3D('',#6135,#6136,#6137);
#6135 = CARTESIAN_POINT('',(0.3,1.743243243243,10.3));
#6136 = DIRECTION('',(0.,0.643599935875,-0.765362085905));
#6137 = DIRECTION('',(0.,0.765362085905,0.643599935875));
#6138 = ORIENTED_EDGE('',*,*,#6139,.T.);
#6139 = EDGE_CURVE('',#6131,#6140,#6142,.T.);
#6140 = VERTEX_POINT('',#6141);
#6141 = CARTESIAN_POINT('',(0.34,2.1,10.6));
#6142 = LINE('',#6143,#6144);
#6143 = CARTESIAN_POINT('',(-0.1,2.1,10.6));
#6144 = VECTOR('',#6145,1.);
#6145 = DIRECTION('',(1.,0.,0.));
#6146 = ORIENTED_EDGE('',*,*,#6147,.T.);
#6147 = EDGE_CURVE('',#6140,#6148,#6150,.T.);
#6148 = VERTEX_POINT('',#6149);
#6149 = CARTESIAN_POINT('',(0.34,0.589585439838,9.329878665319));
#6150 = LINE('',#6151,#6152);
#6151 = CARTESIAN_POINT('',(0.34,2.697145719937,11.102145264493));
#6152 = VECTOR('',#6153,1.);
#6153 = DIRECTION('',(0.,-0.765362085905,-0.643599935875));
#6154 = ORIENTED_EDGE('',*,*,#6155,.T.);
#6155 = EDGE_CURVE('',#6148,#6156,#6158,.T.);
#6156 = VERTEX_POINT('',#6157);
#6157 = CARTESIAN_POINT('',(3.16,0.589585439838,9.329878665319));
#6158 = LINE('',#6159,#6160);
#6159 = CARTESIAN_POINT('',(0.12,0.589585439838,9.329878665319));
#6160 = VECTOR('',#6161,1.);
#6161 = DIRECTION('',(1.,0.,0.));
#6162 = ORIENTED_EDGE('',*,*,#6163,.F.);
#6163 = EDGE_CURVE('',#6164,#6156,#6166,.T.);
#6164 = VERTEX_POINT('',#6165);
#6165 = CARTESIAN_POINT('',(3.16,2.1,10.6));
#6166 = LINE('',#6167,#6168);
#6167 = CARTESIAN_POINT('',(3.16,2.697145719937,11.102145264493));
#6168 = VECTOR('',#6169,1.);
#6169 = DIRECTION('',(0.,-0.765362085905,-0.643599935875));
#6170 = ORIENTED_EDGE('',*,*,#6171,.T.);
#6171 = EDGE_CURVE('',#6164,#6172,#6174,.T.);
#6172 = VERTEX_POINT('',#6173);
#6173 = CARTESIAN_POINT('',(3.2,2.1,10.6));
#6174 = LINE('',#6175,#6176);
#6175 = CARTESIAN_POINT('',(-0.1,2.1,10.6));
#6176 = VECTOR('',#6177,1.);
#6177 = DIRECTION('',(1.,0.,0.));
#6178 = ORIENTED_EDGE('',*,*,#6179,.T.);
#6179 = EDGE_CURVE('',#6172,#6180,#6182,.T.);
#6180 = VERTEX_POINT('',#6181);
#6181 = CARTESIAN_POINT('',(3.5,1.743243243243,10.3));
#6182 = ELLIPSE('',#6183,0.466128076275,0.3);
#6183 = AXIS2_PLACEMENT_3D('',#6184,#6185,#6186);
#6184 = CARTESIAN_POINT('',(3.2,1.743243243243,10.3));
#6185 = DIRECTION('',(0.,0.643599935875,-0.765362085905));
#6186 = DIRECTION('',(0.,0.765362085905,0.643599935875));
#6187 = ORIENTED_EDGE('',*,*,#6188,.F.);
#6188 = EDGE_CURVE('',#6189,#6180,#6191,.T.);
#6189 = VERTEX_POINT('',#6190);
#6190 = CARTESIAN_POINT('',(3.5,0.3,9.086363636364));
#6191 = LINE('',#6192,#6193);
#6192 = CARTESIAN_POINT('',(3.5,-1.125779122542,7.88741301059));
#6193 = VECTOR('',#6194,1.);
#6194 = DIRECTION('',(0.,0.765362085905,0.643599935875));
#6195 = ORIENTED_EDGE('',*,*,#6196,.T.);
#6196 = EDGE_CURVE('',#6189,#6197,#6199,.T.);
#6197 = VERTEX_POINT('',#6198);
#6198 = CARTESIAN_POINT('',(3.2,-5.551115123126E-17,8.834090909091));
#6199 = ELLIPSE('',#6200,0.391971336867,0.3);
#6200 = AXIS2_PLACEMENT_3D('',#6201,#6202,#6203);
#6201 = CARTESIAN_POINT('',(3.2,0.3,9.086363636364));
#6202 = DIRECTION('',(0.,0.643599935875,-0.765362085905));
#6203 = DIRECTION('',(0.,0.765362085905,0.643599935875));
#6204 = ORIENTED_EDGE('',*,*,#6205,.T.);
#6205 = EDGE_CURVE('',#6197,#6075,#6206,.T.);
#6206 = LINE('',#6207,#6208);
#6207 = CARTESIAN_POINT('',(-5.E-02,2.22044604925E-16,8.834090909091));
#6208 = VECTOR('',#6209,1.);
#6209 = DIRECTION('',(-1.,0.,-0.));
#6210 = ORIENTED_EDGE('',*,*,#6082,.T.);
#6211 = ORIENTED_EDGE('',*,*,#5984,.T.);
#6212 = PLANE('',#6213);
#6213 = AXIS2_PLACEMENT_3D('',#6214,#6215,#6216);
#6214 = CARTESIAN_POINT('',(-0.1,2.1,10.6));
#6215 = DIRECTION('',(0.,0.643599935875,-0.765362085905));
#6216 = DIRECTION('',(0.,-0.765362085905,-0.643599935875));
#6217 = ADVANCED_FACE('',(#6218),#6245,.T.);
#6218 = FACE_BOUND('',#6219,.F.);
#6219 = EDGE_LOOP('',(#6220,#6221,#6230,#6238));
#6220 = ORIENTED_EDGE('',*,*,#5968,.F.);
#6221 = ORIENTED_EDGE('',*,*,#6222,.T.);
#6222 = EDGE_CURVE('',#5961,#6223,#6225,.T.);
#6223 = VERTEX_POINT('',#6224);
#6224 = CARTESIAN_POINT('',(0.3,12.5,0.3));
#6225 = CIRCLE('',#6226,0.3);
#6226 = AXIS2_PLACEMENT_3D('',#6227,#6228,#6229);
#6227 = CARTESIAN_POINT('',(0.3,12.2,0.3));
#6228 = DIRECTION('',(-0.,0.,-1.));
#6229 = DIRECTION('',(-1.,0.,0.));
#6230 = ORIENTED_EDGE('',*,*,#6231,.T.);
#6231 = EDGE_CURVE('',#6223,#6232,#6234,.T.);
#6232 = VERTEX_POINT('',#6233);
#6233 = CARTESIAN_POINT('',(0.3,12.5,10.3));
#6234 = LINE('',#6235,#6236);
#6235 = CARTESIAN_POINT('',(0.3,12.5,0.));
#6236 = VECTOR('',#6237,1.);
#6237 = DIRECTION('',(0.,0.,1.));
#6238 = ORIENTED_EDGE('',*,*,#6239,.T.);
#6239 = EDGE_CURVE('',#6232,#5969,#6240,.T.);
#6240 = CIRCLE('',#6241,0.3);
#6241 = AXIS2_PLACEMENT_3D('',#6242,#6243,#6244);
#6242 = CARTESIAN_POINT('',(0.3,12.2,10.3));
#6243 = DIRECTION('',(0.,0.,1.));
#6244 = DIRECTION('',(-1.,-0.,0.));
#6245 = CYLINDRICAL_SURFACE('',#6246,0.3);
#6246 = AXIS2_PLACEMENT_3D('',#6247,#6248,#6249);
#6247 = CARTESIAN_POINT('',(0.3,12.2,0.));
#6248 = DIRECTION('',(0.,0.,1.));
#6249 = DIRECTION('',(-1.,-0.,0.));
#6250 = ADVANCED_FACE('',(#6251),#6270,.T.);
#6251 = FACE_BOUND('',#6252,.T.);
#6252 = EDGE_LOOP('',(#6253,#6254,#6262,#6269));
#6253 = ORIENTED_EDGE('',*,*,#6130,.T.);
#6254 = ORIENTED_EDGE('',*,*,#6255,.T.);
#6255 = EDGE_CURVE('',#6131,#6256,#6258,.T.);
#6256 = VERTEX_POINT('',#6257);
#6257 = CARTESIAN_POINT('',(0.3,12.2,10.6));
#6258 = LINE('',#6259,#6260);
#6259 = CARTESIAN_POINT('',(0.3,0.,10.6));
#6260 = VECTOR('',#6261,1.);
#6261 = DIRECTION('',(-0.,1.,0.));
#6262 = ORIENTED_EDGE('',*,*,#6263,.F.);
#6263 = EDGE_CURVE('',#5969,#6256,#6264,.T.);
#6264 = CIRCLE('',#6265,0.3);
#6265 = AXIS2_PLACEMENT_3D('',#6266,#6267,#6268);
#6266 = CARTESIAN_POINT('',(0.3,12.2,10.3));
#6267 = DIRECTION('',(-0.,1.,0.));
#6268 = DIRECTION('',(-1.,-0.,0.));
#6269 = ORIENTED_EDGE('',*,*,#5976,.F.);
#6270 = CYLINDRICAL_SURFACE('',#6271,0.3);
#6271 = AXIS2_PLACEMENT_3D('',#6272,#6273,#6274);
#6272 = CARTESIAN_POINT('',(0.3,0.,10.3));
#6273 = DIRECTION('',(-0.,1.,0.));
#6274 = DIRECTION('',(-1.,-0.,0.));
#6275 = ADVANCED_FACE('',(#6276),#6295,.F.);
#6276 = FACE_BOUND('',#6277,.F.);
#6277 = EDGE_LOOP('',(#6278,#6286,#6293,#6294));
#6278 = ORIENTED_EDGE('',*,*,#6279,.T.);
#6279 = EDGE_CURVE('',#5993,#6280,#6282,.T.);
#6280 = VERTEX_POINT('',#6281);
#6281 = CARTESIAN_POINT('',(0.27,10.65,3.52));
#6282 = LINE('',#6283,#6284);
#6283 = CARTESIAN_POINT('',(-5.E-02,10.65,3.52));
#6284 = VECTOR('',#6285,1.);
#6285 = DIRECTION('',(1.,0.,0.));
#6286 = ORIENTED_EDGE('',*,*,#6287,.F.);
#6287 = EDGE_CURVE('',#6280,#6280,#6288,.T.);
#6288 = CIRCLE('',#6289,0.42);
#6289 = AXIS2_PLACEMENT_3D('',#6290,#6291,#6292);
#6290 = CARTESIAN_POINT('',(0.27,10.65,3.1));
#6291 = DIRECTION('',(1.,0.,0.));
#6292 = DIRECTION('',(-0.,0.,1.));
#6293 = ORIENTED_EDGE('',*,*,#6279,.F.);
#6294 = ORIENTED_EDGE('',*,*,#5992,.T.);
#6295 = CYLINDRICAL_SURFACE('',#6296,0.42);
#6296 = AXIS2_PLACEMENT_3D('',#6297,#6298,#6299);
#6297 = CARTESIAN_POINT('',(-5.E-02,10.65,3.1));
#6298 = DIRECTION('',(1.,0.,0.));
#6299 = DIRECTION('',(-0.,0.,1.));
#6300 = ADVANCED_FACE('',(#6301),#6320,.F.);
#6301 = FACE_BOUND('',#6302,.F.);
#6302 = EDGE_LOOP('',(#6303,#6311,#6318,#6319));
#6303 = ORIENTED_EDGE('',*,*,#6304,.T.);
#6304 = EDGE_CURVE('',#6004,#6305,#6307,.T.);
#6305 = VERTEX_POINT('',#6306);
#6306 = CARTESIAN_POINT('',(0.27,6.25,1.87));
#6307 = LINE('',#6308,#6309);
#6308 = CARTESIAN_POINT('',(-5.E-02,6.25,1.87));
#6309 = VECTOR('',#6310,1.);
#6310 = DIRECTION('',(1.,0.,0.));
#6311 = ORIENTED_EDGE('',*,*,#6312,.F.);
#6312 = EDGE_CURVE('',#6305,#6305,#6313,.T.);
#6313 = CIRCLE('',#6314,0.42);
#6314 = AXIS2_PLACEMENT_3D('',#6315,#6316,#6317);
#6315 = CARTESIAN_POINT('',(0.27,6.25,1.45));
#6316 = DIRECTION('',(1.,0.,0.));
#6317 = DIRECTION('',(-0.,0.,1.));
#6318 = ORIENTED_EDGE('',*,*,#6304,.F.);
#6319 = ORIENTED_EDGE('',*,*,#6003,.T.);
#6320 = CYLINDRICAL_SURFACE('',#6321,0.42);
#6321 = AXIS2_PLACEMENT_3D('',#6322,#6323,#6324);
#6322 = CARTESIAN_POINT('',(-5.E-02,6.25,1.45));
#6323 = DIRECTION('',(1.,0.,0.));
#6324 = DIRECTION('',(-0.,0.,1.));
#6325 = ADVANCED_FACE('',(#6326),#6345,.F.);
#6326 = FACE_BOUND('',#6327,.F.);
#6327 = EDGE_LOOP('',(#6328,#6336,#6343,#6344));
#6328 = ORIENTED_EDGE('',*,*,#6329,.T.);
#6329 = EDGE_CURVE('',#6015,#6330,#6332,.T.);
#6330 = VERTEX_POINT('',#6331);
#6331 = CARTESIAN_POINT('',(0.27,10.65,8.57));
#6332 = LINE('',#6333,#6334);
#6333 = CARTESIAN_POINT('',(-5.E-02,10.65,8.57));
#6334 = VECTOR('',#6335,1.);
#6335 = DIRECTION('',(1.,0.,0.));
#6336 = ORIENTED_EDGE('',*,*,#6337,.F.);
#6337 = EDGE_CURVE('',#6330,#6330,#6338,.T.);
#6338 = CIRCLE('',#6339,0.42);
#6339 = AXIS2_PLACEMENT_3D('',#6340,#6341,#6342);
#6340 = CARTESIAN_POINT('',(0.27,10.65,8.15));
#6341 = DIRECTION('',(1.,0.,0.));
#6342 = DIRECTION('',(-0.,0.,1.));
#6343 = ORIENTED_EDGE('',*,*,#6329,.F.);
#6344 = ORIENTED_EDGE('',*,*,#6014,.T.);
#6345 = CYLINDRICAL_SURFACE('',#6346,0.42);
#6346 = AXIS2_PLACEMENT_3D('',#6347,#6348,#6349);
#6347 = CARTESIAN_POINT('',(-5.E-02,10.65,8.15));
#6348 = DIRECTION('',(1.,0.,0.));
#6349 = DIRECTION('',(-0.,0.,1.));
#6350 = ADVANCED_FACE('',(#6351),#6370,.F.);
#6351 = FACE_BOUND('',#6352,.F.);
#6352 = EDGE_LOOP('',(#6353,#6361,#6368,#6369));
#6353 = ORIENTED_EDGE('',*,*,#6354,.T.);
#6354 = EDGE_CURVE('',#6026,#6355,#6357,.T.);
#6355 = VERTEX_POINT('',#6356);
#6356 = CARTESIAN_POINT('',(0.27,1.65,1.87));
#6357 = LINE('',#6358,#6359);
#6358 = CARTESIAN_POINT('',(-5.E-02,1.65,1.87));
#6359 = VECTOR('',#6360,1.);
#6360 = DIRECTION('',(1.,0.,0.));
#6361 = ORIENTED_EDGE('',*,*,#6362,.F.);
#6362 = EDGE_CURVE('',#6355,#6355,#6363,.T.);
#6363 = CIRCLE('',#6364,0.42);
#6364 = AXIS2_PLACEMENT_3D('',#6365,#6366,#6367);
#6365 = CARTESIAN_POINT('',(0.27,1.65,1.45));
#6366 = DIRECTION('',(1.,0.,0.));
#6367 = DIRECTION('',(-0.,0.,1.));
#6368 = ORIENTED_EDGE('',*,*,#6354,.F.);
#6369 = ORIENTED_EDGE('',*,*,#6025,.T.);
#6370 = CYLINDRICAL_SURFACE('',#6371,0.42);
#6371 = AXIS2_PLACEMENT_3D('',#6372,#6373,#6374);
#6372 = CARTESIAN_POINT('',(-5.E-02,1.65,1.45));
#6373 = DIRECTION('',(1.,0.,0.));
#6374 = DIRECTION('',(-0.,0.,1.));
#6375 = ADVANCED_FACE('',(#6376),#6395,.F.);
#6376 = FACE_BOUND('',#6377,.F.);
#6377 = EDGE_LOOP('',(#6378,#6386,#6393,#6394));
#6378 = ORIENTED_EDGE('',*,*,#6379,.T.);
#6379 = EDGE_CURVE('',#6037,#6380,#6382,.T.);
#6380 = VERTEX_POINT('',#6381);
#6381 = CARTESIAN_POINT('',(0.27,4.65,7.54));
#6382 = LINE('',#6383,#6384);
#6383 = CARTESIAN_POINT('',(-5.E-02,4.65,7.54));
#6384 = VECTOR('',#6385,1.);
#6385 = DIRECTION('',(1.,0.,0.));
#6386 = ORIENTED_EDGE('',*,*,#6387,.F.);
#6387 = EDGE_CURVE('',#6380,#6380,#6388,.T.);
#6388 = CIRCLE('',#6389,0.34);
#6389 = AXIS2_PLACEMENT_3D('',#6390,#6391,#6392);
#6390 = CARTESIAN_POINT('',(0.27,4.65,7.2));
#6391 = DIRECTION('',(1.,0.,0.));
#6392 = DIRECTION('',(-0.,0.,1.));
#6393 = ORIENTED_EDGE('',*,*,#6379,.F.);
#6394 = ORIENTED_EDGE('',*,*,#6036,.T.);
#6395 = CYLINDRICAL_SURFACE('',#6396,0.34);
#6396 = AXIS2_PLACEMENT_3D('',#6397,#6398,#6399);
#6397 = CARTESIAN_POINT('',(-5.E-02,4.65,7.2));
#6398 = DIRECTION('',(1.,0.,0.));
#6399 = DIRECTION('',(-0.,0.,1.));
#6400 = ADVANCED_FACE('',(#6401),#6420,.F.);
#6401 = FACE_BOUND('',#6402,.F.);
#6402 = EDGE_LOOP('',(#6403,#6411,#6418,#6419));
#6403 = ORIENTED_EDGE('',*,*,#6404,.T.);
#6404 = EDGE_CURVE('',#6048,#6405,#6407,.T.);
#6405 = VERTEX_POINT('',#6406);
#6406 = CARTESIAN_POINT('',(0.27,1.65,8.57));
#6407 = LINE('',#6408,#6409);
#6408 = CARTESIAN_POINT('',(-5.E-02,1.65,8.57));
#6409 = VECTOR('',#6410,1.);
#6410 = DIRECTION('',(1.,0.,0.));
#6411 = ORIENTED_EDGE('',*,*,#6412,.F.);
#6412 = EDGE_CURVE('',#6405,#6405,#6413,.T.);
#6413 = CIRCLE('',#6414,0.42);
#6414 = AXIS2_PLACEMENT_3D('',#6415,#6416,#6417);
#6415 = CARTESIAN_POINT('',(0.27,1.65,8.15));
#6416 = DIRECTION('',(1.,0.,0.));
#6417 = DIRECTION('',(-0.,0.,1.));
#6418 = ORIENTED_EDGE('',*,*,#6404,.F.);
#6419 = ORIENTED_EDGE('',*,*,#6047,.T.);
#6420 = CYLINDRICAL_SURFACE('',#6421,0.42);
#6421 = AXIS2_PLACEMENT_3D('',#6422,#6423,#6424);
#6422 = CARTESIAN_POINT('',(-5.E-02,1.65,8.15));
#6423 = DIRECTION('',(1.,0.,0.));
#6424 = DIRECTION('',(-0.,0.,1.));
#6425 = ADVANCED_FACE('',(#6426,#6444),#6521,.F.);
#6426 = FACE_BOUND('',#6427,.F.);
#6427 = EDGE_LOOP('',(#6428,#6436,#6437,#6438));
#6428 = ORIENTED_EDGE('',*,*,#6429,.F.);
#6429 = EDGE_CURVE('',#6066,#6430,#6432,.T.);
#6430 = VERTEX_POINT('',#6431);
#6431 = CARTESIAN_POINT('',(3.2,-5.551115123126E-17,0.3));
#6432 = LINE('',#6433,#6434);
#6433 = CARTESIAN_POINT('',(0.,-5.551115123126E-17,0.3));
#6434 = VECTOR('',#6435,1.);
#6435 = DIRECTION('',(1.,0.,-0.));
#6436 = ORIENTED_EDGE('',*,*,#6074,.T.);
#6437 = ORIENTED_EDGE('',*,*,#6205,.F.);
#6438 = ORIENTED_EDGE('',*,*,#6439,.F.);
#6439 = EDGE_CURVE('',#6430,#6197,#6440,.T.);
#6440 = LINE('',#6441,#6442);
#6441 = CARTESIAN_POINT('',(3.2,-5.551115123126E-17,0.));
#6442 = VECTOR('',#6443,1.);
#6443 = DIRECTION('',(0.,0.,1.));
#6444 = FACE_BOUND('',#6445,.F.);
#6445 = EDGE_LOOP('',(#6446,#6456,#6464,#6472,#6481,#6490,#6498,#6506,
    #6514));
#6446 = ORIENTED_EDGE('',*,*,#6447,.F.);
#6447 = EDGE_CURVE('',#6448,#6450,#6452,.T.);
#6448 = VERTEX_POINT('',#6449);
#6449 = CARTESIAN_POINT('',(3.15,0.,5.6));
#6450 = VERTEX_POINT('',#6451);
#6451 = CARTESIAN_POINT('',(3.15,0.,2.1));
#6452 = LINE('',#6453,#6454);
#6453 = CARTESIAN_POINT('',(3.15,0.,1.05));
#6454 = VECTOR('',#6455,1.);
#6455 = DIRECTION('',(-0.,0.,-1.));
#6456 = ORIENTED_EDGE('',*,*,#6457,.F.);
#6457 = EDGE_CURVE('',#6458,#6448,#6460,.T.);
#6458 = VERTEX_POINT('',#6459);
#6459 = CARTESIAN_POINT('',(2.7,0.,5.6));
#6460 = LINE('',#6461,#6462);
#6461 = CARTESIAN_POINT('',(0.175,0.,5.6));
#6462 = VECTOR('',#6463,1.);
#6463 = DIRECTION('',(1.,0.,-0.));
#6464 = ORIENTED_EDGE('',*,*,#6465,.F.);
#6465 = EDGE_CURVE('',#6466,#6458,#6468,.T.);
#6466 = VERTEX_POINT('',#6467);
#6467 = CARTESIAN_POINT('',(2.7,0.,7.35));
#6468 = LINE('',#6469,#6470);
#6469 = CARTESIAN_POINT('',(2.7,0.,2.8));
#6470 = VECTOR('',#6471,1.);
#6471 = DIRECTION('',(-0.,0.,-1.));
#6472 = ORIENTED_EDGE('',*,*,#6473,.F.);
#6473 = EDGE_CURVE('',#6474,#6466,#6476,.T.);
#6474 = VERTEX_POINT('',#6475);
#6475 = CARTESIAN_POINT('',(1.75,0.,8.3));
#6476 = CIRCLE('',#6477,0.95);
#6477 = AXIS2_PLACEMENT_3D('',#6478,#6479,#6480);
#6478 = CARTESIAN_POINT('',(1.75,0.,7.35));
#6479 = DIRECTION('',(0.,1.,0.));
#6480 = DIRECTION('',(0.,-0.,1.));
#6481 = ORIENTED_EDGE('',*,*,#6482,.F.);
#6482 = EDGE_CURVE('',#6483,#6474,#6485,.T.);
#6483 = VERTEX_POINT('',#6484);
#6484 = CARTESIAN_POINT('',(0.8,0.,7.35));
#6485 = CIRCLE('',#6486,0.95);
#6486 = AXIS2_PLACEMENT_3D('',#6487,#6488,#6489);
#6487 = CARTESIAN_POINT('',(1.75,0.,7.35));
#6488 = DIRECTION('',(0.,1.,0.));
#6489 = DIRECTION('',(0.,-0.,1.));
#6490 = ORIENTED_EDGE('',*,*,#6491,.T.);
#6491 = EDGE_CURVE('',#6483,#6492,#6494,.T.);
#6492 = VERTEX_POINT('',#6493);
#6493 = CARTESIAN_POINT('',(0.8,0.,5.6));
#6494 = LINE('',#6495,#6496);
#6495 = CARTESIAN_POINT('',(0.8,0.,2.8));
#6496 = VECTOR('',#6497,1.);
#6497 = DIRECTION('',(-0.,0.,-1.));
#6498 = ORIENTED_EDGE('',*,*,#6499,.F.);
#6499 = EDGE_CURVE('',#6500,#6492,#6502,.T.);
#6500 = VERTEX_POINT('',#6501);
#6501 = CARTESIAN_POINT('',(0.35,0.,5.6));
#6502 = LINE('',#6503,#6504);
#6503 = CARTESIAN_POINT('',(0.175,0.,5.6));
#6504 = VECTOR('',#6505,1.);
#6505 = DIRECTION('',(1.,0.,-0.));
#6506 = ORIENTED_EDGE('',*,*,#6507,.T.);
#6507 = EDGE_CURVE('',#6500,#6508,#6510,.T.);
#6508 = VERTEX_POINT('',#6509);
#6509 = CARTESIAN_POINT('',(0.35,0.,2.1));
#6510 = LINE('',#6511,#6512);
#6511 = CARTESIAN_POINT('',(0.35,0.,1.05));
#6512 = VECTOR('',#6513,1.);
#6513 = DIRECTION('',(-0.,0.,-1.));
#6514 = ORIENTED_EDGE('',*,*,#6515,.F.);
#6515 = EDGE_CURVE('',#6450,#6508,#6516,.T.);
#6516 = CIRCLE('',#6517,1.4);
#6517 = AXIS2_PLACEMENT_3D('',#6518,#6519,#6520);
#6518 = CARTESIAN_POINT('',(1.75,0.,2.1));
#6519 = DIRECTION('',(0.,1.,0.));
#6520 = DIRECTION('',(0.,-0.,1.));
#6521 = PLANE('',#6522);
#6522 = AXIS2_PLACEMENT_3D('',#6523,#6524,#6525);
#6523 = CARTESIAN_POINT('',(0.,0.,0.));
#6524 = DIRECTION('',(-0.,1.,0.));
#6525 = DIRECTION('',(0.,0.,1.));
#6526 = ADVANCED_FACE('',(#6527),#6538,.T.);
#6527 = FACE_BOUND('',#6528,.T.);
#6528 = EDGE_LOOP('',(#6529,#6530,#6537));
#6529 = ORIENTED_EDGE('',*,*,#6097,.F.);
#6530 = ORIENTED_EDGE('',*,*,#6531,.T.);
#6531 = EDGE_CURVE('',#6098,#6066,#6532,.T.);
#6532 = CIRCLE('',#6533,0.3);
#6533 = AXIS2_PLACEMENT_3D('',#6534,#6535,#6536);
#6534 = CARTESIAN_POINT('',(0.3,0.3,0.3));
#6535 = DIRECTION('',(-1.,6.123233995737E-17,0.));
#6536 = DIRECTION('',(-6.123233995737E-17,-1.,0.));
#6537 = ORIENTED_EDGE('',*,*,#6065,.F.);
#6538 = SPHERICAL_SURFACE('',#6539,0.3);
#6539 = AXIS2_PLACEMENT_3D('',#6540,#6541,#6542);
#6540 = CARTESIAN_POINT('',(0.3,0.3,0.3));
#6541 = DIRECTION('',(0.,0.,1.));
#6542 = DIRECTION('',(-1.,0.,0.));
#6543 = ADVANCED_FACE('',(#6544),#6569,.F.);
#6544 = FACE_BOUND('',#6545,.F.);
#6545 = EDGE_LOOP('',(#6546,#6547,#6555,#6563));
#6546 = ORIENTED_EDGE('',*,*,#6106,.F.);
#6547 = ORIENTED_EDGE('',*,*,#6548,.T.);
#6548 = EDGE_CURVE('',#6098,#6549,#6551,.T.);
#6549 = VERTEX_POINT('',#6550);
#6550 = CARTESIAN_POINT('',(3.2,0.3,0.));
#6551 = LINE('',#6552,#6553);
#6552 = CARTESIAN_POINT('',(0.,0.3,-5.551115123126E-17));
#6553 = VECTOR('',#6554,1.);
#6554 = DIRECTION('',(1.,0.,-0.));
#6555 = ORIENTED_EDGE('',*,*,#6556,.T.);
#6556 = EDGE_CURVE('',#6549,#6557,#6559,.T.);
#6557 = VERTEX_POINT('',#6558);
#6558 = CARTESIAN_POINT('',(3.2,12.2,0.));
#6559 = LINE('',#6560,#6561);
#6560 = CARTESIAN_POINT('',(3.2,0.,-5.551115123126E-17));
#6561 = VECTOR('',#6562,1.);
#6562 = DIRECTION('',(-0.,1.,0.));
#6563 = ORIENTED_EDGE('',*,*,#6564,.F.);
#6564 = EDGE_CURVE('',#6107,#6557,#6565,.T.);
#6565 = LINE('',#6566,#6567);
#6566 = CARTESIAN_POINT('',(0.,12.2,-5.551115123126E-17));
#6567 = VECTOR('',#6568,1.);
#6568 = DIRECTION('',(1.,0.,-0.));
#6569 = PLANE('',#6570);
#6570 = AXIS2_PLACEMENT_3D('',#6571,#6572,#6573);
#6571 = CARTESIAN_POINT('',(0.,0.,0.));
#6572 = DIRECTION('',(0.,0.,1.));
#6573 = DIRECTION('',(1.,0.,-0.));
#6574 = ADVANCED_FACE('',(#6575),#6586,.T.);
#6575 = FACE_BOUND('',#6576,.F.);
#6576 = EDGE_LOOP('',(#6577,#6578,#6585));
#6577 = ORIENTED_EDGE('',*,*,#6114,.F.);
#6578 = ORIENTED_EDGE('',*,*,#6579,.T.);
#6579 = EDGE_CURVE('',#6107,#6223,#6580,.T.);
#6580 = CIRCLE('',#6581,0.3);
#6581 = AXIS2_PLACEMENT_3D('',#6582,#6583,#6584);
#6582 = CARTESIAN_POINT('',(0.3,12.2,0.3));
#6583 = DIRECTION('',(1.,6.123233995737E-17,-0.));
#6584 = DIRECTION('',(-6.123233995737E-17,1.,0.));
#6585 = ORIENTED_EDGE('',*,*,#6222,.F.);
#6586 = SPHERICAL_SURFACE('',#6587,0.3);
#6587 = AXIS2_PLACEMENT_3D('',#6588,#6589,#6590);
#6588 = CARTESIAN_POINT('',(0.3,12.2,0.3));
#6589 = DIRECTION('',(0.,0.,1.));
#6590 = DIRECTION('',(-1.,0.,0.));
#6591 = ADVANCED_FACE('',(#6592),#6611,.T.);
#6592 = FACE_BOUND('',#6593,.F.);
#6593 = EDGE_LOOP('',(#6594,#6602,#6609,#6610));
#6594 = ORIENTED_EDGE('',*,*,#6595,.F.);
#6595 = EDGE_CURVE('',#6596,#6189,#6598,.T.);
#6596 = VERTEX_POINT('',#6597);
#6597 = CARTESIAN_POINT('',(3.5,0.3,0.3));
#6598 = LINE('',#6599,#6600);
#6599 = CARTESIAN_POINT('',(3.5,0.3,0.));
#6600 = VECTOR('',#6601,1.);
#6601 = DIRECTION('',(0.,0.,1.));
#6602 = ORIENTED_EDGE('',*,*,#6603,.T.);
#6603 = EDGE_CURVE('',#6596,#6430,#6604,.T.);
#6604 = CIRCLE('',#6605,0.3);
#6605 = AXIS2_PLACEMENT_3D('',#6606,#6607,#6608);
#6606 = CARTESIAN_POINT('',(3.2,0.3,0.3));
#6607 = DIRECTION('',(0.,-0.,-1.));
#6608 = DIRECTION('',(1.,0.,-0.));
#6609 = ORIENTED_EDGE('',*,*,#6439,.T.);
#6610 = ORIENTED_EDGE('',*,*,#6196,.F.);
#6611 = CYLINDRICAL_SURFACE('',#6612,0.3);
#6612 = AXIS2_PLACEMENT_3D('',#6613,#6614,#6615);
#6613 = CARTESIAN_POINT('',(3.2,0.3,0.));
#6614 = DIRECTION('',(0.,0.,1.));
#6615 = DIRECTION('',(1.,0.,-0.));
#6616 = ADVANCED_FACE('',(#6617),#6643,.T.);
#6617 = FACE_BOUND('',#6618,.T.);
#6618 = EDGE_LOOP('',(#6619,#6620,#6628,#6636,#6642));
#6619 = ORIENTED_EDGE('',*,*,#6595,.F.);
#6620 = ORIENTED_EDGE('',*,*,#6621,.T.);
#6621 = EDGE_CURVE('',#6596,#6622,#6624,.T.);
#6622 = VERTEX_POINT('',#6623);
#6623 = CARTESIAN_POINT('',(3.5,12.2,0.3));
#6624 = LINE('',#6625,#6626);
#6625 = CARTESIAN_POINT('',(3.5,0.,0.3));
#6626 = VECTOR('',#6627,1.);
#6627 = DIRECTION('',(-0.,1.,0.));
#6628 = ORIENTED_EDGE('',*,*,#6629,.T.);
#6629 = EDGE_CURVE('',#6622,#6630,#6632,.T.);
#6630 = VERTEX_POINT('',#6631);
#6631 = CARTESIAN_POINT('',(3.5,12.2,10.3));
#6632 = LINE('',#6633,#6634);
#6633 = CARTESIAN_POINT('',(3.5,12.2,0.));
#6634 = VECTOR('',#6635,1.);
#6635 = DIRECTION('',(0.,0.,1.));
#6636 = ORIENTED_EDGE('',*,*,#6637,.F.);
#6637 = EDGE_CURVE('',#6180,#6630,#6638,.T.);
#6638 = LINE('',#6639,#6640);
#6639 = CARTESIAN_POINT('',(3.5,0.,10.3));
#6640 = VECTOR('',#6641,1.);
#6641 = DIRECTION('',(-0.,1.,0.));
#6642 = ORIENTED_EDGE('',*,*,#6188,.F.);
#6643 = PLANE('',#6644);
#6644 = AXIS2_PLACEMENT_3D('',#6645,#6646,#6647);
#6645 = CARTESIAN_POINT('',(3.5,0.,0.));
#6646 = DIRECTION('',(1.,0.,-0.));
#6647 = DIRECTION('',(0.,0.,1.));
#6648 = ADVANCED_FACE('',(#6649),#6668,.T.);
#6649 = FACE_BOUND('',#6650,.F.);
#6650 = EDGE_LOOP('',(#6651,#6652,#6660,#6667));
#6651 = ORIENTED_EDGE('',*,*,#6179,.F.);
#6652 = ORIENTED_EDGE('',*,*,#6653,.T.);
#6653 = EDGE_CURVE('',#6172,#6654,#6656,.T.);
#6654 = VERTEX_POINT('',#6655);
#6655 = CARTESIAN_POINT('',(3.2,12.2,10.6));
#6656 = LINE('',#6657,#6658);
#6657 = CARTESIAN_POINT('',(3.2,0.,10.6));
#6658 = VECTOR('',#6659,1.);
#6659 = DIRECTION('',(-0.,1.,0.));
#6660 = ORIENTED_EDGE('',*,*,#6661,.F.);
#6661 = EDGE_CURVE('',#6630,#6654,#6662,.T.);
#6662 = CIRCLE('',#6663,0.3);
#6663 = AXIS2_PLACEMENT_3D('',#6664,#6665,#6666);
#6664 = CARTESIAN_POINT('',(3.2,12.2,10.3));
#6665 = DIRECTION('',(0.,-1.,-0.));
#6666 = DIRECTION('',(1.,0.,0.));
#6667 = ORIENTED_EDGE('',*,*,#6637,.F.);
#6668 = CYLINDRICAL_SURFACE('',#6669,0.3);
#6669 = AXIS2_PLACEMENT_3D('',#6670,#6671,#6672);
#6670 = CARTESIAN_POINT('',(3.2,0.,10.3));
#6671 = DIRECTION('',(-0.,1.,0.));
#6672 = DIRECTION('',(1.,0.,-0.));
#6673 = ADVANCED_FACE('',(#6674),#6708,.T.);
#6674 = FACE_BOUND('',#6675,.T.);
#6675 = EDGE_LOOP('',(#6676,#6677,#6678,#6686,#6694,#6700,#6701,#6702));
#6676 = ORIENTED_EDGE('',*,*,#6255,.F.);
#6677 = ORIENTED_EDGE('',*,*,#6139,.T.);
#6678 = ORIENTED_EDGE('',*,*,#6679,.F.);
#6679 = EDGE_CURVE('',#6680,#6140,#6682,.T.);
#6680 = VERTEX_POINT('',#6681);
#6681 = CARTESIAN_POINT('',(0.34,9.7,10.6));
#6682 = LINE('',#6683,#6684);
#6683 = CARTESIAN_POINT('',(0.34,2.442585746037,10.6));
#6684 = VECTOR('',#6685,1.);
#6685 = DIRECTION('',(0.,-1.,0.));
#6686 = ORIENTED_EDGE('',*,*,#6687,.F.);
#6687 = EDGE_CURVE('',#6688,#6680,#6690,.T.);
#6688 = VERTEX_POINT('',#6689);
#6689 = CARTESIAN_POINT('',(3.16,9.7,10.6));
#6690 = LINE('',#6691,#6692);
#6691 = CARTESIAN_POINT('',(0.17,9.7,10.6));
#6692 = VECTOR('',#6693,1.);
#6693 = DIRECTION('',(-1.,-0.,0.));
#6694 = ORIENTED_EDGE('',*,*,#6695,.T.);
#6695 = EDGE_CURVE('',#6688,#6164,#6696,.T.);
#6696 = LINE('',#6697,#6698);
#6697 = CARTESIAN_POINT('',(3.16,2.442585746037,10.6));
#6698 = VECTOR('',#6699,1.);
#6699 = DIRECTION('',(0.,-1.,0.));
#6700 = ORIENTED_EDGE('',*,*,#6171,.T.);
#6701 = ORIENTED_EDGE('',*,*,#6653,.T.);
#6702 = ORIENTED_EDGE('',*,*,#6703,.F.);
#6703 = EDGE_CURVE('',#6256,#6654,#6704,.T.);
#6704 = LINE('',#6705,#6706);
#6705 = CARTESIAN_POINT('',(0.,12.2,10.6));
#6706 = VECTOR('',#6707,1.);
#6707 = DIRECTION('',(1.,0.,-0.));
#6708 = PLANE('',#6709);
#6709 = AXIS2_PLACEMENT_3D('',#6710,#6711,#6712);
#6710 = CARTESIAN_POINT('',(0.,0.,10.6));
#6711 = DIRECTION('',(0.,0.,1.));
#6712 = DIRECTION('',(1.,0.,-0.));
#6713 = ADVANCED_FACE('',(#6714),#6740,.T.);
#6714 = FACE_BOUND('',#6715,.T.);
#6715 = EDGE_LOOP('',(#6716,#6717,#6725,#6733,#6739));
#6716 = ORIENTED_EDGE('',*,*,#6695,.F.);
#6717 = ORIENTED_EDGE('',*,*,#6718,.T.);
#6718 = EDGE_CURVE('',#6688,#6719,#6721,.T.);
#6719 = VERTEX_POINT('',#6720);
#6720 = CARTESIAN_POINT('',(3.16,9.7,8.45));
#6721 = LINE('',#6722,#6723);
#6722 = CARTESIAN_POINT('',(3.16,9.7,10.8));
#6723 = VECTOR('',#6724,1.);
#6724 = DIRECTION('',(0.,0.,-1.));
#6725 = ORIENTED_EDGE('',*,*,#6726,.T.);
#6726 = EDGE_CURVE('',#6719,#6727,#6729,.T.);
#6727 = VERTEX_POINT('',#6728);
#6728 = CARTESIAN_POINT('',(3.16,1.4,8.45));
#6729 = LINE('',#6730,#6731);
#6730 = CARTESIAN_POINT('',(3.16,9.7,8.45));
#6731 = VECTOR('',#6732,1.);
#6732 = DIRECTION('',(0.,-1.,0.));
#6733 = ORIENTED_EDGE('',*,*,#6734,.T.);
#6734 = EDGE_CURVE('',#6727,#6156,#6735,.T.);
#6735 = LINE('',#6736,#6737);
#6736 = CARTESIAN_POINT('',(3.16,1.4,8.45));
#6737 = VECTOR('',#6738,1.);
#6738 = DIRECTION('',(0.,-0.677475754752,0.735545105159));
#6739 = ORIENTED_EDGE('',*,*,#6163,.F.);
#6740 = PLANE('',#6741);
#6741 = AXIS2_PLACEMENT_3D('',#6742,#6743,#6744);
#6742 = CARTESIAN_POINT('',(3.16,4.885171492075,9.712433169613));
#6743 = DIRECTION('',(-1.,-0.,-0.));
#6744 = DIRECTION('',(0.,0.,-1.));
#6745 = ADVANCED_FACE('',(#6746),#6764,.F.);
#6746 = FACE_BOUND('',#6747,.F.);
#6747 = EDGE_LOOP('',(#6748,#6756,#6762,#6763));
#6748 = ORIENTED_EDGE('',*,*,#6749,.F.);
#6749 = EDGE_CURVE('',#6750,#6148,#6752,.T.);
#6750 = VERTEX_POINT('',#6751);
#6751 = CARTESIAN_POINT('',(0.34,1.4,8.45));
#6752 = LINE('',#6753,#6754);
#6753 = CARTESIAN_POINT('',(0.34,1.4,8.45));
#6754 = VECTOR('',#6755,1.);
#6755 = DIRECTION('',(0.,-0.677475754752,0.735545105159));
#6756 = ORIENTED_EDGE('',*,*,#6757,.T.);
#6757 = EDGE_CURVE('',#6750,#6727,#6758,.T.);
#6758 = LINE('',#6759,#6760);
#6759 = CARTESIAN_POINT('',(0.34,1.4,8.45));
#6760 = VECTOR('',#6761,1.);
#6761 = DIRECTION('',(1.,0.,0.));
#6762 = ORIENTED_EDGE('',*,*,#6734,.T.);
#6763 = ORIENTED_EDGE('',*,*,#6155,.F.);
#6764 = PLANE('',#6765);
#6765 = AXIS2_PLACEMENT_3D('',#6766,#6767,#6768);
#6766 = CARTESIAN_POINT('',(0.34,1.4,8.45));
#6767 = DIRECTION('',(0.,-0.735545105159,-0.677475754752));
#6768 = DIRECTION('',(0.,-0.677475754752,0.735545105159));
#6769 = ADVANCED_FACE('',(#6770),#6789,.F.);
#6770 = FACE_BOUND('',#6771,.F.);
#6771 = EDGE_LOOP('',(#6772,#6773,#6781,#6787,#6788));
#6772 = ORIENTED_EDGE('',*,*,#6679,.F.);
#6773 = ORIENTED_EDGE('',*,*,#6774,.T.);
#6774 = EDGE_CURVE('',#6680,#6775,#6777,.T.);
#6775 = VERTEX_POINT('',#6776);
#6776 = CARTESIAN_POINT('',(0.34,9.7,8.45));
#6777 = LINE('',#6778,#6779);
#6778 = CARTESIAN_POINT('',(0.34,9.7,10.8));
#6779 = VECTOR('',#6780,1.);
#6780 = DIRECTION('',(0.,0.,-1.));
#6781 = ORIENTED_EDGE('',*,*,#6782,.T.);
#6782 = EDGE_CURVE('',#6775,#6750,#6783,.T.);
#6783 = LINE('',#6784,#6785);
#6784 = CARTESIAN_POINT('',(0.34,9.7,8.45));
#6785 = VECTOR('',#6786,1.);
#6786 = DIRECTION('',(0.,-1.,0.));
#6787 = ORIENTED_EDGE('',*,*,#6749,.T.);
#6788 = ORIENTED_EDGE('',*,*,#6147,.F.);
#6789 = PLANE('',#6790);
#6790 = AXIS2_PLACEMENT_3D('',#6791,#6792,#6793);
#6791 = CARTESIAN_POINT('',(0.34,4.885171492075,9.712433169613));
#6792 = DIRECTION('',(-1.,-0.,-0.));
#6793 = DIRECTION('',(0.,0.,-1.));
#6794 = ADVANCED_FACE('',(#6795),#6806,.T.);
#6795 = FACE_BOUND('',#6796,.F.);
#6796 = EDGE_LOOP('',(#6797,#6798,#6805));
#6797 = ORIENTED_EDGE('',*,*,#6239,.F.);
#6798 = ORIENTED_EDGE('',*,*,#6799,.T.);
#6799 = EDGE_CURVE('',#6232,#6256,#6800,.T.);
#6800 = CIRCLE('',#6801,0.3);
#6801 = AXIS2_PLACEMENT_3D('',#6802,#6803,#6804);
#6802 = CARTESIAN_POINT('',(0.3,12.2,10.3));
#6803 = DIRECTION('',(1.,0.,6.123233995737E-17));
#6804 = DIRECTION('',(-6.123233995737E-17,-0.,1.));
#6805 = ORIENTED_EDGE('',*,*,#6263,.F.);
#6806 = SPHERICAL_SURFACE('',#6807,0.3);
#6807 = AXIS2_PLACEMENT_3D('',#6808,#6809,#6810);
#6808 = CARTESIAN_POINT('',(0.3,12.2,10.3));
#6809 = DIRECTION('',(0.,-1.,-0.));
#6810 = DIRECTION('',(-1.,-0.,0.));
#6811 = ADVANCED_FACE('',(#6812),#6837,.T.);
#6812 = FACE_BOUND('',#6813,.T.);
#6813 = EDGE_LOOP('',(#6814,#6815,#6823,#6831));
#6814 = ORIENTED_EDGE('',*,*,#6231,.T.);
#6815 = ORIENTED_EDGE('',*,*,#6816,.T.);
#6816 = EDGE_CURVE('',#6232,#6817,#6819,.T.);
#6817 = VERTEX_POINT('',#6818);
#6818 = CARTESIAN_POINT('',(3.2,12.5,10.3));
#6819 = LINE('',#6820,#6821);
#6820 = CARTESIAN_POINT('',(0.,12.5,10.3));
#6821 = VECTOR('',#6822,1.);
#6822 = DIRECTION('',(1.,0.,-0.));
#6823 = ORIENTED_EDGE('',*,*,#6824,.F.);
#6824 = EDGE_CURVE('',#6825,#6817,#6827,.T.);
#6825 = VERTEX_POINT('',#6826);
#6826 = CARTESIAN_POINT('',(3.2,12.5,0.3));
#6827 = LINE('',#6828,#6829);
#6828 = CARTESIAN_POINT('',(3.2,12.5,0.));
#6829 = VECTOR('',#6830,1.);
#6830 = DIRECTION('',(0.,0.,1.));
#6831 = ORIENTED_EDGE('',*,*,#6832,.F.);
#6832 = EDGE_CURVE('',#6223,#6825,#6833,.T.);
#6833 = LINE('',#6834,#6835);
#6834 = CARTESIAN_POINT('',(0.,12.5,0.3));
#6835 = VECTOR('',#6836,1.);
#6836 = DIRECTION('',(1.,0.,-0.));
#6837 = PLANE('',#6838);
#6838 = AXIS2_PLACEMENT_3D('',#6839,#6840,#6841);
#6839 = CARTESIAN_POINT('',(0.,12.5,0.));
#6840 = DIRECTION('',(-0.,1.,0.));
#6841 = DIRECTION('',(0.,0.,1.));
#6842 = ADVANCED_FACE('',(#6843),#6846,.F.);
#6843 = FACE_BOUND('',#6844,.F.);
#6844 = EDGE_LOOP('',(#6845));
#6845 = ORIENTED_EDGE('',*,*,#6287,.T.);
#6846 = PLANE('',#6847);
#6847 = AXIS2_PLACEMENT_3D('',#6848,#6849,#6850);
#6848 = CARTESIAN_POINT('',(0.27,10.65,3.1));
#6849 = DIRECTION('',(1.,0.,0.));
#6850 = DIRECTION('',(-0.,0.,1.));
#6851 = ADVANCED_FACE('',(#6852),#6855,.F.);
#6852 = FACE_BOUND('',#6853,.F.);
#6853 = EDGE_LOOP('',(#6854));
#6854 = ORIENTED_EDGE('',*,*,#6312,.T.);
#6855 = PLANE('',#6856);
#6856 = AXIS2_PLACEMENT_3D('',#6857,#6858,#6859);
#6857 = CARTESIAN_POINT('',(0.27,6.25,1.45));
#6858 = DIRECTION('',(1.,0.,0.));
#6859 = DIRECTION('',(-0.,0.,1.));
#6860 = ADVANCED_FACE('',(#6861),#6864,.F.);
#6861 = FACE_BOUND('',#6862,.F.);
#6862 = EDGE_LOOP('',(#6863));
#6863 = ORIENTED_EDGE('',*,*,#6337,.T.);
#6864 = PLANE('',#6865);
#6865 = AXIS2_PLACEMENT_3D('',#6866,#6867,#6868);
#6866 = CARTESIAN_POINT('',(0.27,10.65,8.15));
#6867 = DIRECTION('',(1.,0.,0.));
#6868 = DIRECTION('',(-0.,0.,1.));
#6869 = ADVANCED_FACE('',(#6870),#6873,.F.);
#6870 = FACE_BOUND('',#6871,.F.);
#6871 = EDGE_LOOP('',(#6872));
#6872 = ORIENTED_EDGE('',*,*,#6362,.T.);
#6873 = PLANE('',#6874);
#6874 = AXIS2_PLACEMENT_3D('',#6875,#6876,#6877);
#6875 = CARTESIAN_POINT('',(0.27,1.65,1.45));
#6876 = DIRECTION('',(1.,0.,0.));
#6877 = DIRECTION('',(-0.,0.,1.));
#6878 = ADVANCED_FACE('',(#6879),#6882,.F.);
#6879 = FACE_BOUND('',#6880,.F.);
#6880 = EDGE_LOOP('',(#6881));
#6881 = ORIENTED_EDGE('',*,*,#6387,.T.);
#6882 = PLANE('',#6883);
#6883 = AXIS2_PLACEMENT_3D('',#6884,#6885,#6886);
#6884 = CARTESIAN_POINT('',(0.27,4.65,7.2));
#6885 = DIRECTION('',(1.,0.,0.));
#6886 = DIRECTION('',(-0.,0.,1.));
#6887 = ADVANCED_FACE('',(#6888),#6891,.F.);
#6888 = FACE_BOUND('',#6889,.F.);
#6889 = EDGE_LOOP('',(#6890));
#6890 = ORIENTED_EDGE('',*,*,#6412,.T.);
#6891 = PLANE('',#6892);
#6892 = AXIS2_PLACEMENT_3D('',#6893,#6894,#6895);
#6893 = CARTESIAN_POINT('',(0.27,1.65,8.15));
#6894 = DIRECTION('',(1.,0.,0.));
#6895 = DIRECTION('',(-0.,0.,1.));
#6896 = ADVANCED_FACE('',(#6897),#6909,.T.);
#6897 = FACE_BOUND('',#6898,.T.);
#6898 = EDGE_LOOP('',(#6899,#6900,#6901,#6908));
#6899 = ORIENTED_EDGE('',*,*,#6531,.F.);
#6900 = ORIENTED_EDGE('',*,*,#6548,.T.);
#6901 = ORIENTED_EDGE('',*,*,#6902,.T.);
#6902 = EDGE_CURVE('',#6549,#6430,#6903,.T.);
#6903 = CIRCLE('',#6904,0.3);
#6904 = AXIS2_PLACEMENT_3D('',#6905,#6906,#6907);
#6905 = CARTESIAN_POINT('',(3.2,0.3,0.3));
#6906 = DIRECTION('',(-1.,-6.123233995737E-17,0.));
#6907 = DIRECTION('',(6.123233995737E-17,-1.,-0.));
#6908 = ORIENTED_EDGE('',*,*,#6429,.F.);
#6909 = CYLINDRICAL_SURFACE('',#6910,0.3);
#6910 = AXIS2_PLACEMENT_3D('',#6911,#6912,#6913);
#6911 = CARTESIAN_POINT('',(0.,0.3,0.3));
#6912 = DIRECTION('',(1.,0.,-0.));
#6913 = DIRECTION('',(0.,-1.,0.));
#6914 = ADVANCED_FACE('',(#6915),#6940,.F.);
#6915 = FACE_BOUND('',#6916,.F.);
#6916 = EDGE_LOOP('',(#6917,#6918,#6926,#6934));
#6917 = ORIENTED_EDGE('',*,*,#6447,.T.);
#6918 = ORIENTED_EDGE('',*,*,#6919,.T.);
#6919 = EDGE_CURVE('',#6450,#6920,#6922,.T.);
#6920 = VERTEX_POINT('',#6921);
#6921 = CARTESIAN_POINT('',(3.15,0.4,2.1));
#6922 = LINE('',#6923,#6924);
#6923 = CARTESIAN_POINT('',(3.15,-5.E-02,2.1));
#6924 = VECTOR('',#6925,1.);
#6925 = DIRECTION('',(-0.,1.,0.));
#6926 = ORIENTED_EDGE('',*,*,#6927,.T.);
#6927 = EDGE_CURVE('',#6920,#6928,#6930,.T.);
#6928 = VERTEX_POINT('',#6929);
#6929 = CARTESIAN_POINT('',(3.15,0.4,5.6));
#6930 = LINE('',#6931,#6932);
#6931 = CARTESIAN_POINT('',(3.15,0.4,2.1));
#6932 = VECTOR('',#6933,1.);
#6933 = DIRECTION('',(0.,0.,1.));
#6934 = ORIENTED_EDGE('',*,*,#6935,.F.);
#6935 = EDGE_CURVE('',#6448,#6928,#6936,.T.);
#6936 = LINE('',#6937,#6938);
#6937 = CARTESIAN_POINT('',(3.15,-5.E-02,5.6));
#6938 = VECTOR('',#6939,1.);
#6939 = DIRECTION('',(-0.,1.,0.));
#6940 = PLANE('',#6941);
#6941 = AXIS2_PLACEMENT_3D('',#6942,#6943,#6944);
#6942 = CARTESIAN_POINT('',(3.15,-5.E-02,2.1));
#6943 = DIRECTION('',(1.,0.,-0.));
#6944 = DIRECTION('',(0.,0.,1.));
#6945 = ADVANCED_FACE('',(#6946),#6965,.F.);
#6946 = FACE_BOUND('',#6947,.F.);
#6947 = EDGE_LOOP('',(#6948,#6957,#6958,#6959));
#6948 = ORIENTED_EDGE('',*,*,#6949,.F.);
#6949 = EDGE_CURVE('',#6920,#6950,#6952,.T.);
#6950 = VERTEX_POINT('',#6951);
#6951 = CARTESIAN_POINT('',(0.35,0.4,2.1));
#6952 = CIRCLE('',#6953,1.4);
#6953 = AXIS2_PLACEMENT_3D('',#6954,#6955,#6956);
#6954 = CARTESIAN_POINT('',(1.75,0.4,2.1));
#6955 = DIRECTION('',(0.,1.,0.));
#6956 = DIRECTION('',(0.,-0.,1.));
#6957 = ORIENTED_EDGE('',*,*,#6919,.F.);
#6958 = ORIENTED_EDGE('',*,*,#6515,.T.);
#6959 = ORIENTED_EDGE('',*,*,#6960,.T.);
#6960 = EDGE_CURVE('',#6508,#6950,#6961,.T.);
#6961 = LINE('',#6962,#6963);
#6962 = CARTESIAN_POINT('',(0.35,-5.E-02,2.1));
#6963 = VECTOR('',#6964,1.);
#6964 = DIRECTION('',(-0.,1.,0.));
#6965 = CYLINDRICAL_SURFACE('',#6966,1.4);
#6966 = AXIS2_PLACEMENT_3D('',#6967,#6968,#6969);
#6967 = CARTESIAN_POINT('',(1.75,-5.E-02,2.1));
#6968 = DIRECTION('',(0.,1.,0.));
#6969 = DIRECTION('',(0.,-0.,1.));
#6970 = ADVANCED_FACE('',(#6971),#6996,.F.);
#6971 = FACE_BOUND('',#6972,.F.);
#6972 = EDGE_LOOP('',(#6973,#6974,#6982,#6990));
#6973 = ORIENTED_EDGE('',*,*,#6465,.T.);
#6974 = ORIENTED_EDGE('',*,*,#6975,.T.);
#6975 = EDGE_CURVE('',#6458,#6976,#6978,.T.);
#6976 = VERTEX_POINT('',#6977);
#6977 = CARTESIAN_POINT('',(2.7,0.4,5.6));
#6978 = LINE('',#6979,#6980);
#6979 = CARTESIAN_POINT('',(2.7,-5.E-02,5.6));
#6980 = VECTOR('',#6981,1.);
#6981 = DIRECTION('',(-0.,1.,0.));
#6982 = ORIENTED_EDGE('',*,*,#6983,.T.);
#6983 = EDGE_CURVE('',#6976,#6984,#6986,.T.);
#6984 = VERTEX_POINT('',#6985);
#6985 = CARTESIAN_POINT('',(2.7,0.4,7.35));
#6986 = LINE('',#6987,#6988);
#6987 = CARTESIAN_POINT('',(2.7,0.4,5.6));
#6988 = VECTOR('',#6989,1.);
#6989 = DIRECTION('',(0.,0.,1.));
#6990 = ORIENTED_EDGE('',*,*,#6991,.F.);
#6991 = EDGE_CURVE('',#6466,#6984,#6992,.T.);
#6992 = LINE('',#6993,#6994);
#6993 = CARTESIAN_POINT('',(2.7,-5.E-02,7.35));
#6994 = VECTOR('',#6995,1.);
#6995 = DIRECTION('',(-0.,1.,0.));
#6996 = PLANE('',#6997);
#6997 = AXIS2_PLACEMENT_3D('',#6998,#6999,#7000);
#6998 = CARTESIAN_POINT('',(2.7,-5.E-02,5.6));
#6999 = DIRECTION('',(1.,0.,-0.));
#7000 = DIRECTION('',(0.,0.,1.));
#7001 = ADVANCED_FACE('',(#7002),#7020,.T.);
#7002 = FACE_BOUND('',#7003,.T.);
#7003 = EDGE_LOOP('',(#7004,#7005,#7006,#7014));
#7004 = ORIENTED_EDGE('',*,*,#6507,.T.);
#7005 = ORIENTED_EDGE('',*,*,#6960,.T.);
#7006 = ORIENTED_EDGE('',*,*,#7007,.T.);
#7007 = EDGE_CURVE('',#6950,#7008,#7010,.T.);
#7008 = VERTEX_POINT('',#7009);
#7009 = CARTESIAN_POINT('',(0.35,0.4,5.6));
#7010 = LINE('',#7011,#7012);
#7011 = CARTESIAN_POINT('',(0.35,0.4,2.1));
#7012 = VECTOR('',#7013,1.);
#7013 = DIRECTION('',(0.,0.,1.));
#7014 = ORIENTED_EDGE('',*,*,#7015,.F.);
#7015 = EDGE_CURVE('',#6500,#7008,#7016,.T.);
#7016 = LINE('',#7017,#7018);
#7017 = CARTESIAN_POINT('',(0.35,-5.E-02,5.6));
#7018 = VECTOR('',#7019,1.);
#7019 = DIRECTION('',(-0.,1.,0.));
#7020 = PLANE('',#7021);
#7021 = AXIS2_PLACEMENT_3D('',#7022,#7023,#7024);
#7022 = CARTESIAN_POINT('',(0.35,-5.E-02,2.1));
#7023 = DIRECTION('',(1.,0.,-0.));
#7024 = DIRECTION('',(0.,0.,1.));
#7025 = ADVANCED_FACE('',(#7026),#7051,.T.);
#7026 = FACE_BOUND('',#7027,.T.);
#7027 = EDGE_LOOP('',(#7028,#7029,#7037,#7045));
#7028 = ORIENTED_EDGE('',*,*,#6491,.T.);
#7029 = ORIENTED_EDGE('',*,*,#7030,.T.);
#7030 = EDGE_CURVE('',#6492,#7031,#7033,.T.);
#7031 = VERTEX_POINT('',#7032);
#7032 = CARTESIAN_POINT('',(0.8,0.4,5.6));
#7033 = LINE('',#7034,#7035);
#7034 = CARTESIAN_POINT('',(0.8,-5.E-02,5.6));
#7035 = VECTOR('',#7036,1.);
#7036 = DIRECTION('',(-0.,1.,0.));
#7037 = ORIENTED_EDGE('',*,*,#7038,.T.);
#7038 = EDGE_CURVE('',#7031,#7039,#7041,.T.);
#7039 = VERTEX_POINT('',#7040);
#7040 = CARTESIAN_POINT('',(0.8,0.4,7.35));
#7041 = LINE('',#7042,#7043);
#7042 = CARTESIAN_POINT('',(0.8,0.4,5.6));
#7043 = VECTOR('',#7044,1.);
#7044 = DIRECTION('',(0.,0.,1.));
#7045 = ORIENTED_EDGE('',*,*,#7046,.F.);
#7046 = EDGE_CURVE('',#6483,#7039,#7047,.T.);
#7047 = LINE('',#7048,#7049);
#7048 = CARTESIAN_POINT('',(0.8,-5.E-02,7.35));
#7049 = VECTOR('',#7050,1.);
#7050 = DIRECTION('',(-0.,1.,0.));
#7051 = PLANE('',#7052);
#7052 = AXIS2_PLACEMENT_3D('',#7053,#7054,#7055);
#7053 = CARTESIAN_POINT('',(0.8,-5.E-02,5.6));
#7054 = DIRECTION('',(1.,0.,-0.));
#7055 = DIRECTION('',(0.,0.,1.));
#7056 = ADVANCED_FACE('',(#7057),#7069,.T.);
#7057 = FACE_BOUND('',#7058,.F.);
#7058 = EDGE_LOOP('',(#7059,#7060,#7061,#7068));
#7059 = ORIENTED_EDGE('',*,*,#6579,.F.);
#7060 = ORIENTED_EDGE('',*,*,#6564,.T.);
#7061 = ORIENTED_EDGE('',*,*,#7062,.T.);
#7062 = EDGE_CURVE('',#6557,#6825,#7063,.T.);
#7063 = CIRCLE('',#7064,0.3);
#7064 = AXIS2_PLACEMENT_3D('',#7065,#7066,#7067);
#7065 = CARTESIAN_POINT('',(3.2,12.2,0.3));
#7066 = DIRECTION('',(1.,-6.123233995737E-17,0.));
#7067 = DIRECTION('',(6.123233995737E-17,1.,0.));
#7068 = ORIENTED_EDGE('',*,*,#6832,.F.);
#7069 = CYLINDRICAL_SURFACE('',#7070,0.3);
#7070 = AXIS2_PLACEMENT_3D('',#7071,#7072,#7073);
#7071 = CARTESIAN_POINT('',(0.,12.2,0.3));
#7072 = DIRECTION('',(1.,0.,-0.));
#7073 = DIRECTION('',(0.,1.,0.));
#7074 = ADVANCED_FACE('',(#7075),#7093,.T.);
#7075 = FACE_BOUND('',#7076,.T.);
#7076 = EDGE_LOOP('',(#7077,#7084,#7085,#7092));
#7077 = ORIENTED_EDGE('',*,*,#7078,.F.);
#7078 = EDGE_CURVE('',#6549,#6596,#7079,.T.);
#7079 = CIRCLE('',#7080,0.3);
#7080 = AXIS2_PLACEMENT_3D('',#7081,#7082,#7083);
#7081 = CARTESIAN_POINT('',(3.2,0.3,0.3));
#7082 = DIRECTION('',(0.,-1.,0.));
#7083 = DIRECTION('',(1.,0.,0.));
#7084 = ORIENTED_EDGE('',*,*,#6556,.T.);
#7085 = ORIENTED_EDGE('',*,*,#7086,.T.);
#7086 = EDGE_CURVE('',#6557,#6622,#7087,.T.);
#7087 = CIRCLE('',#7088,0.3);
#7088 = AXIS2_PLACEMENT_3D('',#7089,#7090,#7091);
#7089 = CARTESIAN_POINT('',(3.2,12.2,0.3));
#7090 = DIRECTION('',(0.,-1.,0.));
#7091 = DIRECTION('',(1.,0.,0.));
#7092 = ORIENTED_EDGE('',*,*,#6621,.F.);
#7093 = CYLINDRICAL_SURFACE('',#7094,0.3);
#7094 = AXIS2_PLACEMENT_3D('',#7095,#7096,#7097);
#7095 = CARTESIAN_POINT('',(3.2,0.,0.3));
#7096 = DIRECTION('',(-0.,1.,0.));
#7097 = DIRECTION('',(1.,0.,-0.));
#7098 = ADVANCED_FACE('',(#7099),#7104,.T.);
#7099 = FACE_BOUND('',#7100,.F.);
#7100 = EDGE_LOOP('',(#7101,#7102,#7103));
#7101 = ORIENTED_EDGE('',*,*,#7078,.F.);
#7102 = ORIENTED_EDGE('',*,*,#6902,.T.);
#7103 = ORIENTED_EDGE('',*,*,#6603,.F.);
#7104 = SPHERICAL_SURFACE('',#7105,0.3);
#7105 = AXIS2_PLACEMENT_3D('',#7106,#7107,#7108);
#7106 = CARTESIAN_POINT('',(3.2,0.3,0.3));
#7107 = DIRECTION('',(0.,0.,1.));
#7108 = DIRECTION('',(1.,0.,-0.));
#7109 = ADVANCED_FACE('',(#7110),#7128,.T.);
#7110 = FACE_BOUND('',#7111,.T.);
#7111 = EDGE_LOOP('',(#7112,#7113,#7120,#7121));
#7112 = ORIENTED_EDGE('',*,*,#6629,.F.);
#7113 = ORIENTED_EDGE('',*,*,#7114,.T.);
#7114 = EDGE_CURVE('',#6622,#6825,#7115,.T.);
#7115 = CIRCLE('',#7116,0.3);
#7116 = AXIS2_PLACEMENT_3D('',#7117,#7118,#7119);
#7117 = CARTESIAN_POINT('',(3.2,12.2,0.3));
#7118 = DIRECTION('',(0.,0.,1.));
#7119 = DIRECTION('',(1.,0.,-0.));
#7120 = ORIENTED_EDGE('',*,*,#6824,.T.);
#7121 = ORIENTED_EDGE('',*,*,#7122,.T.);
#7122 = EDGE_CURVE('',#6817,#6630,#7123,.T.);
#7123 = CIRCLE('',#7124,0.3);
#7124 = AXIS2_PLACEMENT_3D('',#7125,#7126,#7127);
#7125 = CARTESIAN_POINT('',(3.2,12.2,10.3));
#7126 = DIRECTION('',(0.,0.,-1.));
#7127 = DIRECTION('',(1.,0.,0.));
#7128 = CYLINDRICAL_SURFACE('',#7129,0.3);
#7129 = AXIS2_PLACEMENT_3D('',#7130,#7131,#7132);
#7130 = CARTESIAN_POINT('',(3.2,12.2,0.));
#7131 = DIRECTION('',(0.,0.,1.));
#7132 = DIRECTION('',(1.,0.,-0.));
#7133 = ADVANCED_FACE('',(#7134),#7145,.T.);
#7134 = FACE_BOUND('',#7135,.T.);
#7135 = EDGE_LOOP('',(#7136,#7137,#7144));
#7136 = ORIENTED_EDGE('',*,*,#7122,.F.);
#7137 = ORIENTED_EDGE('',*,*,#7138,.T.);
#7138 = EDGE_CURVE('',#6817,#6654,#7139,.T.);
#7139 = CIRCLE('',#7140,0.3);
#7140 = AXIS2_PLACEMENT_3D('',#7141,#7142,#7143);
#7141 = CARTESIAN_POINT('',(3.2,12.2,10.3));
#7142 = DIRECTION('',(1.,0.,-6.123233995737E-17));
#7143 = DIRECTION('',(6.123233995737E-17,0.,1.));
#7144 = ORIENTED_EDGE('',*,*,#6661,.F.);
#7145 = SPHERICAL_SURFACE('',#7146,0.3);
#7146 = AXIS2_PLACEMENT_3D('',#7147,#7148,#7149);
#7147 = CARTESIAN_POINT('',(3.2,12.2,10.3));
#7148 = DIRECTION('',(0.,-1.,-0.));
#7149 = DIRECTION('',(1.,0.,0.));
#7150 = ADVANCED_FACE('',(#7151),#7157,.T.);
#7151 = FACE_BOUND('',#7152,.T.);
#7152 = EDGE_LOOP('',(#7153,#7154,#7155,#7156));
#7153 = ORIENTED_EDGE('',*,*,#6799,.T.);
#7154 = ORIENTED_EDGE('',*,*,#6703,.T.);
#7155 = ORIENTED_EDGE('',*,*,#7138,.F.);
#7156 = ORIENTED_EDGE('',*,*,#6816,.F.);
#7157 = CYLINDRICAL_SURFACE('',#7158,0.3);
#7158 = AXIS2_PLACEMENT_3D('',#7159,#7160,#7161);
#7159 = CARTESIAN_POINT('',(0.,12.2,10.3));
#7160 = DIRECTION('',(1.,0.,-0.));
#7161 = DIRECTION('',(0.,1.,0.));
#7162 = ADVANCED_FACE('',(#7163),#7174,.F.);
#7163 = FACE_BOUND('',#7164,.F.);
#7164 = EDGE_LOOP('',(#7165,#7166,#7167,#7168));
#7165 = ORIENTED_EDGE('',*,*,#6774,.F.);
#7166 = ORIENTED_EDGE('',*,*,#6687,.F.);
#7167 = ORIENTED_EDGE('',*,*,#6718,.T.);
#7168 = ORIENTED_EDGE('',*,*,#7169,.F.);
#7169 = EDGE_CURVE('',#6775,#6719,#7170,.T.);
#7170 = LINE('',#7171,#7172);
#7171 = CARTESIAN_POINT('',(0.34,9.7,8.45));
#7172 = VECTOR('',#7173,1.);
#7173 = DIRECTION('',(1.,0.,0.));
#7174 = PLANE('',#7175);
#7175 = AXIS2_PLACEMENT_3D('',#7176,#7177,#7178);
#7176 = CARTESIAN_POINT('',(0.34,9.7,10.8));
#7177 = DIRECTION('',(-0.,1.,0.));
#7178 = DIRECTION('',(0.,0.,-1.));
#7179 = ADVANCED_FACE('',(#7180),#7186,.F.);
#7180 = FACE_BOUND('',#7181,.F.);
#7181 = EDGE_LOOP('',(#7182,#7183,#7184,#7185));
#7182 = ORIENTED_EDGE('',*,*,#7169,.T.);
#7183 = ORIENTED_EDGE('',*,*,#6726,.T.);
#7184 = ORIENTED_EDGE('',*,*,#6757,.F.);
#7185 = ORIENTED_EDGE('',*,*,#6782,.F.);
#7186 = PLANE('',#7187);
#7187 = AXIS2_PLACEMENT_3D('',#7188,#7189,#7190);
#7188 = CARTESIAN_POINT('',(0.34,9.7,8.45));
#7189 = DIRECTION('',(0.,0.,-1.));
#7190 = DIRECTION('',(0.,-1.,0.));
#7191 = ADVANCED_FACE('',(#7192),#7197,.T.);
#7192 = FACE_BOUND('',#7193,.T.);
#7193 = EDGE_LOOP('',(#7194,#7195,#7196));
#7194 = ORIENTED_EDGE('',*,*,#7086,.F.);
#7195 = ORIENTED_EDGE('',*,*,#7062,.T.);
#7196 = ORIENTED_EDGE('',*,*,#7114,.F.);
#7197 = SPHERICAL_SURFACE('',#7198,0.3);
#7198 = AXIS2_PLACEMENT_3D('',#7199,#7200,#7201);
#7199 = CARTESIAN_POINT('',(3.2,12.2,0.3));
#7200 = DIRECTION('',(0.,0.,1.));
#7201 = DIRECTION('',(1.,0.,-0.));
#7202 = ADVANCED_FACE('',(#7203),#7246,.T.);
#7203 = FACE_BOUND('',#7204,.T.);
#7204 = EDGE_LOOP('',(#7205,#7213,#7214,#7215,#7216,#7224,#7232,#7240));
#7205 = ORIENTED_EDGE('',*,*,#7206,.T.);
#7206 = EDGE_CURVE('',#7207,#6928,#7209,.T.);
#7207 = VERTEX_POINT('',#7208);
#7208 = CARTESIAN_POINT('',(3.,0.4,5.6));
#7209 = LINE('',#7210,#7211);
#7210 = CARTESIAN_POINT('',(0.35,0.4,5.6));
#7211 = VECTOR('',#7212,1.);
#7212 = DIRECTION('',(1.,0.,-0.));
#7213 = ORIENTED_EDGE('',*,*,#6935,.F.);
#7214 = ORIENTED_EDGE('',*,*,#6457,.F.);
#7215 = ORIENTED_EDGE('',*,*,#6975,.T.);
#7216 = ORIENTED_EDGE('',*,*,#7217,.F.);
#7217 = EDGE_CURVE('',#7218,#6976,#7220,.T.);
#7218 = VERTEX_POINT('',#7219);
#7219 = CARTESIAN_POINT('',(2.55,0.4,5.6));
#7220 = LINE('',#7221,#7222);
#7221 = CARTESIAN_POINT('',(0.35,0.4,5.6));
#7222 = VECTOR('',#7223,1.);
#7223 = DIRECTION('',(1.,0.,-0.));
#7224 = ORIENTED_EDGE('',*,*,#7225,.T.);
#7225 = EDGE_CURVE('',#7218,#7226,#7228,.T.);
#7226 = VERTEX_POINT('',#7227);
#7227 = CARTESIAN_POINT('',(2.55,4.35,5.6));
#7228 = LINE('',#7229,#7230);
#7229 = CARTESIAN_POINT('',(2.55,0.4,5.6));
#7230 = VECTOR('',#7231,1.);
#7231 = DIRECTION('',(-0.,1.,0.));
#7232 = ORIENTED_EDGE('',*,*,#7233,.T.);
#7233 = EDGE_CURVE('',#7226,#7234,#7236,.T.);
#7234 = VERTEX_POINT('',#7235);
#7235 = CARTESIAN_POINT('',(3.,4.35,5.6));
#7236 = LINE('',#7237,#7238);
#7237 = CARTESIAN_POINT('',(0.5,4.35,5.6));
#7238 = VECTOR('',#7239,1.);
#7239 = DIRECTION('',(1.,0.,-0.));
#7240 = ORIENTED_EDGE('',*,*,#7241,.F.);
#7241 = EDGE_CURVE('',#7207,#7234,#7242,.T.);
#7242 = LINE('',#7243,#7244);
#7243 = CARTESIAN_POINT('',(3.,0.4,5.6));
#7244 = VECTOR('',#7245,1.);
#7245 = DIRECTION('',(-0.,1.,0.));
#7246 = PLANE('',#7247);
#7247 = AXIS2_PLACEMENT_3D('',#7248,#7249,#7250);
#7248 = CARTESIAN_POINT('',(2.796212121212,2.121212121212,5.6));
#7249 = DIRECTION('',(-0.,-0.,-1.));
#7250 = DIRECTION('',(-1.,0.,0.));
#7251 = ADVANCED_FACE('',(#7252),#7277,.F.);
#7252 = FACE_BOUND('',#7253,.F.);
#7253 = EDGE_LOOP('',(#7254,#7262,#7263,#7271));
#7254 = ORIENTED_EDGE('',*,*,#7255,.F.);
#7255 = EDGE_CURVE('',#7218,#7256,#7258,.T.);
#7256 = VERTEX_POINT('',#7257);
#7257 = CARTESIAN_POINT('',(2.55,0.4,7.35));
#7258 = LINE('',#7259,#7260);
#7259 = CARTESIAN_POINT('',(2.55,0.4,5.6));
#7260 = VECTOR('',#7261,1.);
#7261 = DIRECTION('',(0.,0.,1.));
#7262 = ORIENTED_EDGE('',*,*,#7225,.T.);
#7263 = ORIENTED_EDGE('',*,*,#7264,.T.);
#7264 = EDGE_CURVE('',#7226,#7265,#7267,.T.);
#7265 = VERTEX_POINT('',#7266);
#7266 = CARTESIAN_POINT('',(2.55,4.35,7.35));
#7267 = LINE('',#7268,#7269);
#7268 = CARTESIAN_POINT('',(2.55,4.35,5.6));
#7269 = VECTOR('',#7270,1.);
#7270 = DIRECTION('',(0.,0.,1.));
#7271 = ORIENTED_EDGE('',*,*,#7272,.F.);
#7272 = EDGE_CURVE('',#7256,#7265,#7273,.T.);
#7273 = LINE('',#7274,#7275);
#7274 = CARTESIAN_POINT('',(2.55,0.4,7.35));
#7275 = VECTOR('',#7276,1.);
#7276 = DIRECTION('',(-0.,1.,0.));
#7277 = PLANE('',#7278);
#7278 = AXIS2_PLACEMENT_3D('',#7279,#7280,#7281);
#7279 = CARTESIAN_POINT('',(2.55,0.4,5.6));
#7280 = DIRECTION('',(1.,0.,-0.));
#7281 = DIRECTION('',(0.,0.,1.));
#7282 = ADVANCED_FACE('',(#7283),#7308,.F.);
#7283 = FACE_BOUND('',#7284,.F.);
#7284 = EDGE_LOOP('',(#7285,#7293,#7301,#7307));
#7285 = ORIENTED_EDGE('',*,*,#7286,.F.);
#7286 = EDGE_CURVE('',#7287,#7207,#7289,.T.);
#7287 = VERTEX_POINT('',#7288);
#7288 = CARTESIAN_POINT('',(3.,0.4,2.1));
#7289 = LINE('',#7290,#7291);
#7290 = CARTESIAN_POINT('',(3.,0.4,2.1));
#7291 = VECTOR('',#7292,1.);
#7292 = DIRECTION('',(0.,0.,1.));
#7293 = ORIENTED_EDGE('',*,*,#7294,.T.);
#7294 = EDGE_CURVE('',#7287,#7295,#7297,.T.);
#7295 = VERTEX_POINT('',#7296);
#7296 = CARTESIAN_POINT('',(3.,4.35,2.1));
#7297 = LINE('',#7298,#7299);
#7298 = CARTESIAN_POINT('',(3.,0.4,2.1));
#7299 = VECTOR('',#7300,1.);
#7300 = DIRECTION('',(-0.,1.,0.));
#7301 = ORIENTED_EDGE('',*,*,#7302,.T.);
#7302 = EDGE_CURVE('',#7295,#7234,#7303,.T.);
#7303 = LINE('',#7304,#7305);
#7304 = CARTESIAN_POINT('',(3.,4.35,2.1));
#7305 = VECTOR('',#7306,1.);
#7306 = DIRECTION('',(0.,0.,1.));
#7307 = ORIENTED_EDGE('',*,*,#7241,.F.);
#7308 = PLANE('',#7309);
#7309 = AXIS2_PLACEMENT_3D('',#7310,#7311,#7312);
#7310 = CARTESIAN_POINT('',(3.,0.4,2.1));
#7311 = DIRECTION('',(1.,0.,-0.));
#7312 = DIRECTION('',(0.,0.,1.));
#7313 = ADVANCED_FACE('',(#7314),#7341,.F.);
#7314 = FACE_BOUND('',#7315,.F.);
#7315 = EDGE_LOOP('',(#7316,#7325,#7326,#7335));
#7316 = ORIENTED_EDGE('',*,*,#7317,.F.);
#7317 = EDGE_CURVE('',#7295,#7318,#7320,.T.);
#7318 = VERTEX_POINT('',#7319);
#7319 = CARTESIAN_POINT('',(0.5,4.35,2.1));
#7320 = CIRCLE('',#7321,1.25);
#7321 = AXIS2_PLACEMENT_3D('',#7322,#7323,#7324);
#7322 = CARTESIAN_POINT('',(1.75,4.35,2.1));
#7323 = DIRECTION('',(0.,1.,0.));
#7324 = DIRECTION('',(0.,-0.,1.));
#7325 = ORIENTED_EDGE('',*,*,#7294,.F.);
#7326 = ORIENTED_EDGE('',*,*,#7327,.T.);
#7327 = EDGE_CURVE('',#7287,#7328,#7330,.T.);
#7328 = VERTEX_POINT('',#7329);
#7329 = CARTESIAN_POINT('',(0.5,0.4,2.1));
#7330 = CIRCLE('',#7331,1.25);
#7331 = AXIS2_PLACEMENT_3D('',#7332,#7333,#7334);
#7332 = CARTESIAN_POINT('',(1.75,0.4,2.1));
#7333 = DIRECTION('',(0.,1.,0.));
#7334 = DIRECTION('',(0.,-0.,1.));
#7335 = ORIENTED_EDGE('',*,*,#7336,.T.);
#7336 = EDGE_CURVE('',#7328,#7318,#7337,.T.);
#7337 = LINE('',#7338,#7339);
#7338 = CARTESIAN_POINT('',(0.5,0.4,2.1));
#7339 = VECTOR('',#7340,1.);
#7340 = DIRECTION('',(-0.,1.,0.));
#7341 = CYLINDRICAL_SURFACE('',#7342,1.25);
#7342 = AXIS2_PLACEMENT_3D('',#7343,#7344,#7345);
#7343 = CARTESIAN_POINT('',(1.75,0.4,2.1));
#7344 = DIRECTION('',(0.,1.,0.));
#7345 = DIRECTION('',(0.,-0.,1.));
#7346 = ADVANCED_FACE('',(#7347),#7372,.T.);
#7347 = FACE_BOUND('',#7348,.T.);
#7348 = EDGE_LOOP('',(#7349,#7357,#7358,#7366));
#7349 = ORIENTED_EDGE('',*,*,#7350,.F.);
#7350 = EDGE_CURVE('',#7328,#7351,#7353,.T.);
#7351 = VERTEX_POINT('',#7352);
#7352 = CARTESIAN_POINT('',(0.5,0.4,5.6));
#7353 = LINE('',#7354,#7355);
#7354 = CARTESIAN_POINT('',(0.5,0.4,2.1));
#7355 = VECTOR('',#7356,1.);
#7356 = DIRECTION('',(0.,0.,1.));
#7357 = ORIENTED_EDGE('',*,*,#7336,.T.);
#7358 = ORIENTED_EDGE('',*,*,#7359,.T.);
#7359 = EDGE_CURVE('',#7318,#7360,#7362,.T.);
#7360 = VERTEX_POINT('',#7361);
#7361 = CARTESIAN_POINT('',(0.5,4.35,5.6));
#7362 = LINE('',#7363,#7364);
#7363 = CARTESIAN_POINT('',(0.5,4.35,2.1));
#7364 = VECTOR('',#7365,1.);
#7365 = DIRECTION('',(0.,0.,1.));
#7366 = ORIENTED_EDGE('',*,*,#7367,.F.);
#7367 = EDGE_CURVE('',#7351,#7360,#7368,.T.);
#7368 = LINE('',#7369,#7370);
#7369 = CARTESIAN_POINT('',(0.5,0.4,5.6));
#7370 = VECTOR('',#7371,1.);
#7371 = DIRECTION('',(-0.,1.,0.));
#7372 = PLANE('',#7373);
#7373 = AXIS2_PLACEMENT_3D('',#7374,#7375,#7376);
#7374 = CARTESIAN_POINT('',(0.5,0.4,2.1));
#7375 = DIRECTION('',(1.,0.,-0.));
#7376 = DIRECTION('',(0.,0.,1.));
#7377 = ADVANCED_FACE('',(#7378),#7412,.T.);
#7378 = FACE_BOUND('',#7379,.T.);
#7379 = EDGE_LOOP('',(#7380,#7386,#7387,#7395,#7403,#7409,#7410,#7411));
#7380 = ORIENTED_EDGE('',*,*,#7381,.T.);
#7381 = EDGE_CURVE('',#7008,#7351,#7382,.T.);
#7382 = LINE('',#7383,#7384);
#7383 = CARTESIAN_POINT('',(0.35,0.4,5.6));
#7384 = VECTOR('',#7385,1.);
#7385 = DIRECTION('',(1.,0.,-0.));
#7386 = ORIENTED_EDGE('',*,*,#7367,.T.);
#7387 = ORIENTED_EDGE('',*,*,#7388,.T.);
#7388 = EDGE_CURVE('',#7360,#7389,#7391,.T.);
#7389 = VERTEX_POINT('',#7390);
#7390 = CARTESIAN_POINT('',(0.95,4.35,5.6));
#7391 = LINE('',#7392,#7393);
#7392 = CARTESIAN_POINT('',(0.5,4.35,5.6));
#7393 = VECTOR('',#7394,1.);
#7394 = DIRECTION('',(1.,0.,-0.));
#7395 = ORIENTED_EDGE('',*,*,#7396,.F.);
#7396 = EDGE_CURVE('',#7397,#7389,#7399,.T.);
#7397 = VERTEX_POINT('',#7398);
#7398 = CARTESIAN_POINT('',(0.95,0.4,5.6));
#7399 = LINE('',#7400,#7401);
#7400 = CARTESIAN_POINT('',(0.95,0.4,5.6));
#7401 = VECTOR('',#7402,1.);
#7402 = DIRECTION('',(-0.,1.,0.));
#7403 = ORIENTED_EDGE('',*,*,#7404,.F.);
#7404 = EDGE_CURVE('',#7031,#7397,#7405,.T.);
#7405 = LINE('',#7406,#7407);
#7406 = CARTESIAN_POINT('',(0.35,0.4,5.6));
#7407 = VECTOR('',#7408,1.);
#7408 = DIRECTION('',(1.,0.,-0.));
#7409 = ORIENTED_EDGE('',*,*,#7030,.F.);
#7410 = ORIENTED_EDGE('',*,*,#6499,.F.);
#7411 = ORIENTED_EDGE('',*,*,#7015,.T.);
#7412 = PLANE('',#7413);
#7413 = AXIS2_PLACEMENT_3D('',#7414,#7415,#7416);
#7414 = CARTESIAN_POINT('',(0.703787878788,2.121212121212,5.6));
#7415 = DIRECTION('',(-0.,-0.,-1.));
#7416 = DIRECTION('',(-1.,0.,0.));
#7417 = ADVANCED_FACE('',(#7418),#7443,.T.);
#7418 = FACE_BOUND('',#7419,.T.);
#7419 = EDGE_LOOP('',(#7420,#7428,#7429,#7437));
#7420 = ORIENTED_EDGE('',*,*,#7421,.F.);
#7421 = EDGE_CURVE('',#7397,#7422,#7424,.T.);
#7422 = VERTEX_POINT('',#7423);
#7423 = CARTESIAN_POINT('',(0.95,0.4,7.35));
#7424 = LINE('',#7425,#7426);
#7425 = CARTESIAN_POINT('',(0.95,0.4,5.6));
#7426 = VECTOR('',#7427,1.);
#7427 = DIRECTION('',(0.,0.,1.));
#7428 = ORIENTED_EDGE('',*,*,#7396,.T.);
#7429 = ORIENTED_EDGE('',*,*,#7430,.T.);
#7430 = EDGE_CURVE('',#7389,#7431,#7433,.T.);
#7431 = VERTEX_POINT('',#7432);
#7432 = CARTESIAN_POINT('',(0.95,4.35,7.35));
#7433 = LINE('',#7434,#7435);
#7434 = CARTESIAN_POINT('',(0.95,4.35,5.6));
#7435 = VECTOR('',#7436,1.);
#7436 = DIRECTION('',(0.,0.,1.));
#7437 = ORIENTED_EDGE('',*,*,#7438,.F.);
#7438 = EDGE_CURVE('',#7422,#7431,#7439,.T.);
#7439 = LINE('',#7440,#7441);
#7440 = CARTESIAN_POINT('',(0.95,0.4,7.35));
#7441 = VECTOR('',#7442,1.);
#7442 = DIRECTION('',(-0.,1.,0.));
#7443 = PLANE('',#7444);
#7444 = AXIS2_PLACEMENT_3D('',#7445,#7446,#7447);
#7445 = CARTESIAN_POINT('',(0.95,0.4,5.6));
#7446 = DIRECTION('',(1.,0.,-0.));
#7447 = DIRECTION('',(0.,0.,1.));
#7448 = ADVANCED_FACE('',(#7449),#7459,.T.);
#7449 = FACE_BOUND('',#7450,.T.);
#7450 = EDGE_LOOP('',(#7451,#7452,#7453,#7454,#7455,#7456,#7457,#7458));
#7451 = ORIENTED_EDGE('',*,*,#6927,.T.);
#7452 = ORIENTED_EDGE('',*,*,#7206,.F.);
#7453 = ORIENTED_EDGE('',*,*,#7286,.F.);
#7454 = ORIENTED_EDGE('',*,*,#7327,.T.);
#7455 = ORIENTED_EDGE('',*,*,#7350,.T.);
#7456 = ORIENTED_EDGE('',*,*,#7381,.F.);
#7457 = ORIENTED_EDGE('',*,*,#7007,.F.);
#7458 = ORIENTED_EDGE('',*,*,#6949,.F.);
#7459 = PLANE('',#7460);
#7460 = AXIS2_PLACEMENT_3D('',#7461,#7462,#7463);
#7461 = CARTESIAN_POINT('',(1.75,0.4,2.974105664285));
#7462 = DIRECTION('',(-0.,-1.,-0.));
#7463 = DIRECTION('',(0.,0.,-1.));
#7464 = ADVANCED_FACE('',(#7465),#7505,.T.);
#7465 = FACE_BOUND('',#7466,.T.);
#7466 = EDGE_LOOP('',(#7467,#7468,#7469,#7478,#7485,#7486,#7487,#7488,
    #7497,#7504));
#7467 = ORIENTED_EDGE('',*,*,#7217,.T.);
#7468 = ORIENTED_EDGE('',*,*,#6983,.T.);
#7469 = ORIENTED_EDGE('',*,*,#7470,.F.);
#7470 = EDGE_CURVE('',#7471,#6984,#7473,.T.);
#7471 = VERTEX_POINT('',#7472);
#7472 = CARTESIAN_POINT('',(1.75,0.4,8.3));
#7473 = CIRCLE('',#7474,0.95);
#7474 = AXIS2_PLACEMENT_3D('',#7475,#7476,#7477);
#7475 = CARTESIAN_POINT('',(1.75,0.4,7.35));
#7476 = DIRECTION('',(0.,1.,0.));
#7477 = DIRECTION('',(0.,-0.,1.));
#7478 = ORIENTED_EDGE('',*,*,#7479,.F.);
#7479 = EDGE_CURVE('',#7039,#7471,#7480,.T.);
#7480 = CIRCLE('',#7481,0.95);
#7481 = AXIS2_PLACEMENT_3D('',#7482,#7483,#7484);
#7482 = CARTESIAN_POINT('',(1.75,0.4,7.35));
#7483 = DIRECTION('',(0.,1.,0.));
#7484 = DIRECTION('',(0.,-0.,1.));
#7485 = ORIENTED_EDGE('',*,*,#7038,.F.);
#7486 = ORIENTED_EDGE('',*,*,#7404,.T.);
#7487 = ORIENTED_EDGE('',*,*,#7421,.T.);
#7488 = ORIENTED_EDGE('',*,*,#7489,.T.);
#7489 = EDGE_CURVE('',#7422,#7490,#7492,.T.);
#7490 = VERTEX_POINT('',#7491);
#7491 = CARTESIAN_POINT('',(1.75,0.4,8.15));
#7492 = CIRCLE('',#7493,0.8);
#7493 = AXIS2_PLACEMENT_3D('',#7494,#7495,#7496);
#7494 = CARTESIAN_POINT('',(1.75,0.4,7.35));
#7495 = DIRECTION('',(0.,1.,0.));
#7496 = DIRECTION('',(0.,-0.,1.));
#7497 = ORIENTED_EDGE('',*,*,#7498,.T.);
#7498 = EDGE_CURVE('',#7490,#7256,#7499,.T.);
#7499 = CIRCLE('',#7500,0.8);
#7500 = AXIS2_PLACEMENT_3D('',#7501,#7502,#7503);
#7501 = CARTESIAN_POINT('',(1.75,0.4,7.35));
#7502 = DIRECTION('',(0.,1.,0.));
#7503 = DIRECTION('',(0.,-0.,1.));
#7504 = ORIENTED_EDGE('',*,*,#7255,.F.);
#7505 = PLANE('',#7506);
#7506 = AXIS2_PLACEMENT_3D('',#7507,#7508,#7509);
#7507 = CARTESIAN_POINT('',(1.75,0.4,7.061813018945));
#7508 = DIRECTION('',(-0.,-1.,-0.));
#7509 = DIRECTION('',(0.,0.,-1.));
#7510 = ADVANCED_FACE('',(#7511),#7536,.T.);
#7511 = FACE_BOUND('',#7512,.T.);
#7512 = EDGE_LOOP('',(#7513,#7514,#7515,#7516,#7525,#7532,#7533,#7534,
    #7535));
#7513 = ORIENTED_EDGE('',*,*,#7302,.T.);
#7514 = ORIENTED_EDGE('',*,*,#7233,.F.);
#7515 = ORIENTED_EDGE('',*,*,#7264,.T.);
#7516 = ORIENTED_EDGE('',*,*,#7517,.F.);
#7517 = EDGE_CURVE('',#7518,#7265,#7520,.T.);
#7518 = VERTEX_POINT('',#7519);
#7519 = CARTESIAN_POINT('',(1.75,4.35,8.15));
#7520 = CIRCLE('',#7521,0.8);
#7521 = AXIS2_PLACEMENT_3D('',#7522,#7523,#7524);
#7522 = CARTESIAN_POINT('',(1.75,4.35,7.35));
#7523 = DIRECTION('',(0.,1.,0.));
#7524 = DIRECTION('',(0.,-0.,1.));
#7525 = ORIENTED_EDGE('',*,*,#7526,.F.);
#7526 = EDGE_CURVE('',#7431,#7518,#7527,.T.);
#7527 = CIRCLE('',#7528,0.8);
#7528 = AXIS2_PLACEMENT_3D('',#7529,#7530,#7531);
#7529 = CARTESIAN_POINT('',(1.75,4.35,7.35));
#7530 = DIRECTION('',(0.,1.,0.));
#7531 = DIRECTION('',(0.,-0.,1.));
#7532 = ORIENTED_EDGE('',*,*,#7430,.F.);
#7533 = ORIENTED_EDGE('',*,*,#7388,.F.);
#7534 = ORIENTED_EDGE('',*,*,#7359,.F.);
#7535 = ORIENTED_EDGE('',*,*,#7317,.F.);
#7536 = PLANE('',#7537);
#7537 = AXIS2_PLACEMENT_3D('',#7538,#7539,#7540);
#7538 = CARTESIAN_POINT('',(1.75,4.35,4.497949762039));
#7539 = DIRECTION('',(-0.,-1.,-0.));
#7540 = DIRECTION('',(0.,0.,-1.));
#7541 = ADVANCED_FACE('',(#7542),#7550,.F.);
#7542 = FACE_BOUND('',#7543,.F.);
#7543 = EDGE_LOOP('',(#7544,#7545,#7546,#7547,#7548,#7549));
#7544 = ORIENTED_EDGE('',*,*,#7046,.F.);
#7545 = ORIENTED_EDGE('',*,*,#6482,.T.);
#7546 = ORIENTED_EDGE('',*,*,#6473,.T.);
#7547 = ORIENTED_EDGE('',*,*,#6991,.T.);
#7548 = ORIENTED_EDGE('',*,*,#7470,.F.);
#7549 = ORIENTED_EDGE('',*,*,#7479,.F.);
#7550 = CYLINDRICAL_SURFACE('',#7551,0.95);
#7551 = AXIS2_PLACEMENT_3D('',#7552,#7553,#7554);
#7552 = CARTESIAN_POINT('',(1.75,-5.E-02,7.35));
#7553 = DIRECTION('',(0.,1.,0.));
#7554 = DIRECTION('',(0.,-0.,1.));
#7555 = ADVANCED_FACE('',(#7556),#7564,.F.);
#7556 = FACE_BOUND('',#7557,.F.);
#7557 = EDGE_LOOP('',(#7558,#7559,#7560,#7561,#7562,#7563));
#7558 = ORIENTED_EDGE('',*,*,#7272,.T.);
#7559 = ORIENTED_EDGE('',*,*,#7517,.F.);
#7560 = ORIENTED_EDGE('',*,*,#7526,.F.);
#7561 = ORIENTED_EDGE('',*,*,#7438,.F.);
#7562 = ORIENTED_EDGE('',*,*,#7489,.T.);
#7563 = ORIENTED_EDGE('',*,*,#7498,.T.);
#7564 = CYLINDRICAL_SURFACE('',#7565,0.8);
#7565 = AXIS2_PLACEMENT_3D('',#7566,#7567,#7568);
#7566 = CARTESIAN_POINT('',(1.75,0.4,7.35));
#7567 = DIRECTION('',(0.,1.,0.));
#7568 = DIRECTION('',(0.,-0.,1.));
#7569 = ( GEOMETRIC_REPRESENTATION_CONTEXT(3)
GLOBAL_UNCERTAINTY_ASSIGNED_CONTEXT((#7573))
GLOBAL_UNIT_ASSIGNED_CONTEXT((#7570,#7571,#7572)) REPRESENTATION_CONTEXT
('Context #1','3D Context with UNIT and UNCERTAINTY') );
#7570 = ( LENGTH_UNIT() NAMED_UNIT(*) SI_UNIT(.MILLI.,.METRE.) );
#7571 = ( NAMED_UNIT(*) PLANE_ANGLE_UNIT() SI_UNIT($,.RADIAN.) );
#7572 = ( NAMED_UNIT(*) SI_UNIT($,.STERADIAN.) SOLID_ANGLE_UNIT() );
#7573 = UNCERTAINTY_MEASURE_WITH_UNIT(LENGTH_MEASURE(1.E-07),#7570,
  'distance_accuracy_value','confusion accuracy');
#7574 = CONTEXT_DEPENDENT_SHAPE_REPRESENTATION(#7575,#7577);
#7575 = ( REPRESENTATION_RELATIONSHIP('','',#5943,#10)
REPRESENTATION_RELATIONSHIP_WITH_TRANSFORMATION(#7576)
SHAPE_REPRESENTATION_RELATIONSHIP() );
#7576 = ITEM_DEFINED_TRANSFORMATION('','',#11,#63);
#7577 = PRODUCT_DEFINITION_SHAPE('Placement','Placement of an item',
  #7578);
#7578 = NEXT_ASSEMBLY_USAGE_OCCURRENCE('13','Housing P4','',#5,#5938,$);
#7579 = PRODUCT_RELATED_PRODUCT_CATEGORY('part',$,(#5940));
#7580 = SHAPE_DEFINITION_REPRESENTATION(#7581,#7587);
#7581 = PRODUCT_DEFINITION_SHAPE('','',#7582);
#7582 = PRODUCT_DEFINITION('design','',#7583,#7586);
#7583 = PRODUCT_DEFINITION_FORMATION('','',#7584);
#7584 = PRODUCT('Actuator P4','Actuator P4','',(#7585));
#7585 = PRODUCT_CONTEXT('',#2,'mechanical');
#7586 = PRODUCT_DEFINITION_CONTEXT('part definition',#2,'design');
#7587 = ADVANCED_BREP_SHAPE_REPRESENTATION('',(#11,#7588),#7806);
#7588 = MANIFOLD_SOLID_BREP('',#7589);
#7589 = CLOSED_SHELL('',(#7590,#7630,#7661,#7692,#7723,#7756,#7778,#7792
    ));
#7590 = ADVANCED_FACE('',(#7591),#7625,.T.);
#7591 = FACE_BOUND('',#7592,.T.);
#7592 = EDGE_LOOP('',(#7593,#7603,#7611,#7619));
#7593 = ORIENTED_EDGE('',*,*,#7594,.T.);
#7594 = EDGE_CURVE('',#7595,#7597,#7599,.T.);
#7595 = VERTEX_POINT('',#7596);
#7596 = CARTESIAN_POINT('',(0.4,-0.35,10.6));
#7597 = VERTEX_POINT('',#7598);
#7598 = CARTESIAN_POINT('',(3.1,-0.35,10.6));
#7599 = LINE('',#7600,#7601);
#7600 = CARTESIAN_POINT('',(0.4,-0.35,10.6));
#7601 = VECTOR('',#7602,1.);
#7602 = DIRECTION('',(1.,0.,0.));
#7603 = ORIENTED_EDGE('',*,*,#7604,.T.);
#7604 = EDGE_CURVE('',#7597,#7605,#7607,.T.);
#7605 = VERTEX_POINT('',#7606);
#7606 = CARTESIAN_POINT('',(3.1,9.45,10.6));
#7607 = LINE('',#7608,#7609);
#7608 = CARTESIAN_POINT('',(3.1,-0.35,10.6));
#7609 = VECTOR('',#7610,1.);
#7610 = DIRECTION('',(0.,1.,0.));
#7611 = ORIENTED_EDGE('',*,*,#7612,.F.);
#7612 = EDGE_CURVE('',#7613,#7605,#7615,.T.);
#7613 = VERTEX_POINT('',#7614);
#7614 = CARTESIAN_POINT('',(0.4,9.45,10.6));
#7615 = LINE('',#7616,#7617);
#7616 = CARTESIAN_POINT('',(0.4,9.45,10.6));
#7617 = VECTOR('',#7618,1.);
#7618 = DIRECTION('',(1.,0.,0.));
#7619 = ORIENTED_EDGE('',*,*,#7620,.F.);
#7620 = EDGE_CURVE('',#7595,#7613,#7621,.T.);
#7621 = LINE('',#7622,#7623);
#7622 = CARTESIAN_POINT('',(0.4,-0.35,10.6));
#7623 = VECTOR('',#7624,1.);
#7624 = DIRECTION('',(0.,1.,0.));
#7625 = PLANE('',#7626);
#7626 = AXIS2_PLACEMENT_3D('',#7627,#7628,#7629);
#7627 = CARTESIAN_POINT('',(0.4,-0.35,10.6));
#7628 = DIRECTION('',(0.,0.,1.));
#7629 = DIRECTION('',(0.,1.,0.));
#7630 = ADVANCED_FACE('',(#7631),#7656,.T.);
#7631 = FACE_BOUND('',#7632,.T.);
#7632 = EDGE_LOOP('',(#7633,#7643,#7649,#7650));
#7633 = ORIENTED_EDGE('',*,*,#7634,.T.);
#7634 = EDGE_CURVE('',#7635,#7637,#7639,.T.);
#7635 = VERTEX_POINT('',#7636);
#7636 = CARTESIAN_POINT('',(0.4,1.25,8.6));
#7637 = VERTEX_POINT('',#7638);
#7638 = CARTESIAN_POINT('',(3.1,1.25,8.6));
#7639 = LINE('',#7640,#7641);
#7640 = CARTESIAN_POINT('',(0.4,1.25,8.6));
#7641 = VECTOR('',#7642,1.);
#7642 = DIRECTION('',(1.,0.,0.));
#7643 = ORIENTED_EDGE('',*,*,#7644,.T.);
#7644 = EDGE_CURVE('',#7637,#7597,#7645,.T.);
#7645 = LINE('',#7646,#7647);
#7646 = CARTESIAN_POINT('',(3.1,1.25,8.6));
#7647 = VECTOR('',#7648,1.);
#7648 = DIRECTION('',(0.,-0.624695047554,0.780868809443));
#7649 = ORIENTED_EDGE('',*,*,#7594,.F.);
#7650 = ORIENTED_EDGE('',*,*,#7651,.F.);
#7651 = EDGE_CURVE('',#7635,#7595,#7652,.T.);
#7652 = LINE('',#7653,#7654);
#7653 = CARTESIAN_POINT('',(0.4,1.25,8.6));
#7654 = VECTOR('',#7655,1.);
#7655 = DIRECTION('',(0.,-0.624695047554,0.780868809443));
#7656 = PLANE('',#7657);
#7657 = AXIS2_PLACEMENT_3D('',#7658,#7659,#7660);
#7658 = CARTESIAN_POINT('',(0.4,1.25,8.6));
#7659 = DIRECTION('',(0.,-0.780868809443,-0.624695047554));
#7660 = DIRECTION('',(0.,-0.624695047554,0.780868809443));
#7661 = ADVANCED_FACE('',(#7662),#7687,.T.);
#7662 = FACE_BOUND('',#7663,.T.);
#7663 = EDGE_LOOP('',(#7664,#7672,#7673,#7681));
#7664 = ORIENTED_EDGE('',*,*,#7665,.F.);
#7665 = EDGE_CURVE('',#7613,#7666,#7668,.T.);
#7666 = VERTEX_POINT('',#7667);
#7667 = CARTESIAN_POINT('',(0.4,9.45,9.565923489271));
#7668 = LINE('',#7669,#7670);
#7669 = CARTESIAN_POINT('',(0.4,9.45,10.6));
#7670 = VECTOR('',#7671,1.);
#7671 = DIRECTION('',(0.,0.,-1.));
#7672 = ORIENTED_EDGE('',*,*,#7612,.T.);
#7673 = ORIENTED_EDGE('',*,*,#7674,.T.);
#7674 = EDGE_CURVE('',#7605,#7675,#7677,.T.);
#7675 = VERTEX_POINT('',#7676);
#7676 = CARTESIAN_POINT('',(3.1,9.45,9.565923489271));
#7677 = LINE('',#7678,#7679);
#7678 = CARTESIAN_POINT('',(3.1,9.45,10.6));
#7679 = VECTOR('',#7680,1.);
#7680 = DIRECTION('',(0.,0.,-1.));
#7681 = ORIENTED_EDGE('',*,*,#7682,.F.);
#7682 = EDGE_CURVE('',#7666,#7675,#7683,.T.);
#7683 = LINE('',#7684,#7685);
#7684 = CARTESIAN_POINT('',(0.4,9.45,9.565923489271));
#7685 = VECTOR('',#7686,1.);
#7686 = DIRECTION('',(1.,0.,0.));
#7687 = PLANE('',#7688);
#7688 = AXIS2_PLACEMENT_3D('',#7689,#7690,#7691);
#7689 = CARTESIAN_POINT('',(0.4,9.45,10.6));
#7690 = DIRECTION('',(-0.,1.,0.));
#7691 = DIRECTION('',(0.,0.,-1.));
#7692 = ADVANCED_FACE('',(#7693),#7718,.T.);
#7693 = FACE_BOUND('',#7694,.T.);
#7694 = EDGE_LOOP('',(#7695,#7705,#7711,#7712));
#7695 = ORIENTED_EDGE('',*,*,#7696,.T.);
#7696 = EDGE_CURVE('',#7697,#7699,#7701,.T.);
#7697 = VERTEX_POINT('',#7698);
#7698 = CARTESIAN_POINT('',(0.4,9.45,8.6));
#7699 = VERTEX_POINT('',#7700);
#7700 = CARTESIAN_POINT('',(3.1,9.45,8.6));
#7701 = LINE('',#7702,#7703);
#7702 = CARTESIAN_POINT('',(0.4,9.45,8.6));
#7703 = VECTOR('',#7704,1.);
#7704 = DIRECTION('',(1.,0.,0.));
#7705 = ORIENTED_EDGE('',*,*,#7706,.T.);
#7706 = EDGE_CURVE('',#7699,#7637,#7707,.T.);
#7707 = LINE('',#7708,#7709);
#7708 = CARTESIAN_POINT('',(3.1,9.45,8.6));
#7709 = VECTOR('',#7710,1.);
#7710 = DIRECTION('',(0.,-1.,0.));
#7711 = ORIENTED_EDGE('',*,*,#7634,.F.);
#7712 = ORIENTED_EDGE('',*,*,#7713,.F.);
#7713 = EDGE_CURVE('',#7697,#7635,#7714,.T.);
#7714 = LINE('',#7715,#7716);
#7715 = CARTESIAN_POINT('',(0.4,9.45,8.6));
#7716 = VECTOR('',#7717,1.);
#7717 = DIRECTION('',(0.,-1.,0.));
#7718 = PLANE('',#7719);
#7719 = AXIS2_PLACEMENT_3D('',#7720,#7721,#7722);
#7720 = CARTESIAN_POINT('',(0.4,9.45,8.6));
#7721 = DIRECTION('',(0.,0.,-1.));
#7722 = DIRECTION('',(0.,-1.,0.));
#7723 = ADVANCED_FACE('',(#7724),#7751,.T.);
#7724 = FACE_BOUND('',#7725,.T.);
#7725 = EDGE_LOOP('',(#7726,#7735,#7743,#7750));
#7726 = ORIENTED_EDGE('',*,*,#7727,.F.);
#7727 = EDGE_CURVE('',#7728,#7675,#7730,.T.);
#7728 = VERTEX_POINT('',#7729);
#7729 = CARTESIAN_POINT('',(3.1,9.45,8.834076510729));
#7730 = CIRCLE('',#7731,0.58);
#7731 = AXIS2_PLACEMENT_3D('',#7732,#7733,#7734);
#7732 = CARTESIAN_POINT('',(3.1,9.,9.2));
#7733 = DIRECTION('',(1.,0.,0.));
#7734 = DIRECTION('',(-0.,0.,1.));
#7735 = ORIENTED_EDGE('',*,*,#7736,.F.);
#7736 = EDGE_CURVE('',#7737,#7728,#7739,.T.);
#7737 = VERTEX_POINT('',#7738);
#7738 = CARTESIAN_POINT('',(0.4,9.45,8.834076510729));
#7739 = LINE('',#7740,#7741);
#7740 = CARTESIAN_POINT('',(0.4,9.45,8.834076510729));
#7741 = VECTOR('',#7742,1.);
#7742 = DIRECTION('',(1.,0.,0.));
#7743 = ORIENTED_EDGE('',*,*,#7744,.T.);
#7744 = EDGE_CURVE('',#7737,#7666,#7745,.T.);
#7745 = CIRCLE('',#7746,0.58);
#7746 = AXIS2_PLACEMENT_3D('',#7747,#7748,#7749);
#7747 = CARTESIAN_POINT('',(0.4,9.,9.2));
#7748 = DIRECTION('',(1.,0.,0.));
#7749 = DIRECTION('',(-0.,0.,1.));
#7750 = ORIENTED_EDGE('',*,*,#7682,.T.);
#7751 = CYLINDRICAL_SURFACE('',#7752,0.58);
#7752 = AXIS2_PLACEMENT_3D('',#7753,#7754,#7755);
#7753 = CARTESIAN_POINT('',(0.4,9.,9.2));
#7754 = DIRECTION('',(1.,0.,0.));
#7755 = DIRECTION('',(-0.,0.,1.));
#7756 = ADVANCED_FACE('',(#7757),#7773,.T.);
#7757 = FACE_BOUND('',#7758,.T.);
#7758 = EDGE_LOOP('',(#7759,#7765,#7766,#7772));
#7759 = ORIENTED_EDGE('',*,*,#7760,.F.);
#7760 = EDGE_CURVE('',#7737,#7697,#7761,.T.);
#7761 = LINE('',#7762,#7763);
#7762 = CARTESIAN_POINT('',(0.4,9.45,10.6));
#7763 = VECTOR('',#7764,1.);
#7764 = DIRECTION('',(0.,0.,-1.));
#7765 = ORIENTED_EDGE('',*,*,#7736,.T.);
#7766 = ORIENTED_EDGE('',*,*,#7767,.T.);
#7767 = EDGE_CURVE('',#7728,#7699,#7768,.T.);
#7768 = LINE('',#7769,#7770);
#7769 = CARTESIAN_POINT('',(3.1,9.45,10.6));
#7770 = VECTOR('',#7771,1.);
#7771 = DIRECTION('',(0.,0.,-1.));
#7772 = ORIENTED_EDGE('',*,*,#7696,.F.);
#7773 = PLANE('',#7774);
#7774 = AXIS2_PLACEMENT_3D('',#7775,#7776,#7777);
#7775 = CARTESIAN_POINT('',(0.4,9.45,10.6));
#7776 = DIRECTION('',(-0.,1.,0.));
#7777 = DIRECTION('',(0.,0.,-1.));
#7778 = ADVANCED_FACE('',(#7779),#7787,.T.);
#7779 = FACE_BOUND('',#7780,.T.);
#7780 = EDGE_LOOP('',(#7781,#7782,#7783,#7784,#7785,#7786));
#7781 = ORIENTED_EDGE('',*,*,#7651,.T.);
#7782 = ORIENTED_EDGE('',*,*,#7620,.T.);
#7783 = ORIENTED_EDGE('',*,*,#7665,.T.);
#7784 = ORIENTED_EDGE('',*,*,#7744,.F.);
#7785 = ORIENTED_EDGE('',*,*,#7760,.T.);
#7786 = ORIENTED_EDGE('',*,*,#7713,.T.);
#7787 = PLANE('',#7788);
#7788 = AXIS2_PLACEMENT_3D('',#7789,#7790,#7791);
#7789 = CARTESIAN_POINT('',(0.4,4.823284092834,9.669808456553));
#7790 = DIRECTION('',(-1.,-0.,-0.));
#7791 = DIRECTION('',(0.,0.,-1.));
#7792 = ADVANCED_FACE('',(#7793),#7801,.T.);
#7793 = FACE_BOUND('',#7794,.T.);
#7794 = EDGE_LOOP('',(#7795,#7796,#7797,#7798,#7799,#7800));
#7795 = ORIENTED_EDGE('',*,*,#7644,.F.);
#7796 = ORIENTED_EDGE('',*,*,#7706,.F.);
#7797 = ORIENTED_EDGE('',*,*,#7767,.F.);
#7798 = ORIENTED_EDGE('',*,*,#7727,.T.);
#7799 = ORIENTED_EDGE('',*,*,#7674,.F.);
#7800 = ORIENTED_EDGE('',*,*,#7604,.F.);
#7801 = PLANE('',#7802);
#7802 = AXIS2_PLACEMENT_3D('',#7803,#7804,#7805);
#7803 = CARTESIAN_POINT('',(3.1,4.823284092834,9.669808456553));
#7804 = DIRECTION('',(1.,0.,0.));
#7805 = DIRECTION('',(-0.,0.,1.));
#7806 = ( GEOMETRIC_REPRESENTATION_CONTEXT(3)
GLOBAL_UNCERTAINTY_ASSIGNED_CONTEXT((#7810))
GLOBAL_UNIT_ASSIGNED_CONTEXT((#7807,#7808,#7809)) REPRESENTATION_CONTEXT
('Context #1','3D Context with UNIT and UNCERTAINTY') );
#7807 = ( LENGTH_UNIT() NAMED_UNIT(*) SI_UNIT(.MILLI.,.METRE.) );
#7808 = ( NAMED_UNIT(*) PLANE_ANGLE_UNIT() SI_UNIT($,.RADIAN.) );
#7809 = ( NAMED_UNIT(*) SI_UNIT($,.STERADIAN.) SOLID_ANGLE_UNIT() );
#7810 = UNCERTAINTY_MEASURE_WITH_UNIT(LENGTH_MEASURE(1.E-07),#7807,
  'distance_accuracy_value','confusion accuracy');
#7811 = CONTEXT_DEPENDENT_SHAPE_REPRESENTATION(#7812,#7814);
#7812 = ( REPRESENTATION_RELATIONSHIP('','',#7587,#10)
REPRESENTATION_RELATIONSHIP_WITH_TRANSFORMATION(#7813)
SHAPE_REPRESENTATION_RELATIONSHIP() );
#7813 = ITEM_DEFINED_TRANSFORMATION('','',#11,#67);
#7814 = PRODUCT_DEFINITION_SHAPE('Placement','Placement of an item',
  #7815);
#7815 = NEXT_ASSEMBLY_USAGE_OCCURRENCE('14','Actuator P4','',#5,#7582,$
  );
#7816 = PRODUCT_RELATED_PRODUCT_CATEGORY('part',$,(#7584));
#7817 = SHAPE_DEFINITION_REPRESENTATION(#7818,#7824);
#7818 = PRODUCT_DEFINITION_SHAPE('','',#7819);
#7819 = PRODUCT_DEFINITION('design','',#7820,#7823);
#7820 = PRODUCT_DEFINITION_FORMATION('','',#7821);
#7821 = PRODUCT('Terminal Pin P4 A','Terminal Pin P4 A','',(#7822));
#7822 = PRODUCT_CONTEXT('',#2,'mechanical');
#7823 = PRODUCT_DEFINITION_CONTEXT('part definition',#2,'design');
#7824 = ADVANCED_BREP_SHAPE_REPRESENTATION('',(#11,#7825),#7975);
#7825 = MANIFOLD_SOLID_BREP('',#7826);
#7826 = CLOSED_SHELL('',(#7827,#7867,#7907,#7929,#7951,#7963));
#7827 = ADVANCED_FACE('',(#7828),#7862,.F.);
#7828 = FACE_BOUND('',#7829,.F.);
#7829 = EDGE_LOOP('',(#7830,#7840,#7848,#7856));
#7830 = ORIENTED_EDGE('',*,*,#7831,.F.);
#7831 = EDGE_CURVE('',#7832,#7834,#7836,.T.);
#7832 = VERTEX_POINT('',#7833);
#7833 = CARTESIAN_POINT('',(1.85,4.35,-3.5));
#7834 = VERTEX_POINT('',#7835);
#7835 = CARTESIAN_POINT('',(1.85,4.35,0.));
#7836 = LINE('',#7837,#7838);
#7837 = CARTESIAN_POINT('',(1.85,4.35,-3.5));
#7838 = VECTOR('',#7839,1.);
#7839 = DIRECTION('',(0.,0.,1.));
#7840 = ORIENTED_EDGE('',*,*,#7841,.T.);
#7841 = EDGE_CURVE('',#7832,#7842,#7844,.T.);
#7842 = VERTEX_POINT('',#7843);
#7843 = CARTESIAN_POINT('',(1.85,4.85,-3.5));
#7844 = LINE('',#7845,#7846);
#7845 = CARTESIAN_POINT('',(1.85,4.35,-3.5));
#7846 = VECTOR('',#7847,1.);
#7847 = DIRECTION('',(-0.,1.,0.));
#7848 = ORIENTED_EDGE('',*,*,#7849,.T.);
#7849 = EDGE_CURVE('',#7842,#7850,#7852,.T.);
#7850 = VERTEX_POINT('',#7851);
#7851 = CARTESIAN_POINT('',(1.85,4.85,0.));
#7852 = LINE('',#7853,#7854);
#7853 = CARTESIAN_POINT('',(1.85,4.85,-3.5));
#7854 = VECTOR('',#7855,1.);
#7855 = DIRECTION('',(0.,0.,1.));
#7856 = ORIENTED_EDGE('',*,*,#7857,.F.);
#7857 = EDGE_CURVE('',#7834,#7850,#7858,.T.);
#7858 = LINE('',#7859,#7860);
#7859 = CARTESIAN_POINT('',(1.85,4.35,0.));
#7860 = VECTOR('',#7861,1.);
#7861 = DIRECTION('',(-0.,1.,0.));
#7862 = PLANE('',#7863);
#7863 = AXIS2_PLACEMENT_3D('',#7864,#7865,#7866);
#7864 = CARTESIAN_POINT('',(1.85,4.35,-3.5));
#7865 = DIRECTION('',(1.,0.,-0.));
#7866 = DIRECTION('',(0.,0.,1.));
#7867 = ADVANCED_FACE('',(#7868),#7902,.T.);
#7868 = FACE_BOUND('',#7869,.T.);
#7869 = EDGE_LOOP('',(#7870,#7880,#7888,#7896));
#7870 = ORIENTED_EDGE('',*,*,#7871,.F.);
#7871 = EDGE_CURVE('',#7872,#7874,#7876,.T.);
#7872 = VERTEX_POINT('',#7873);
#7873 = CARTESIAN_POINT('',(2.65,4.35,-3.5));
#7874 = VERTEX_POINT('',#7875);
#7875 = CARTESIAN_POINT('',(2.65,4.35,0.));
#7876 = LINE('',#7877,#7878);
#7877 = CARTESIAN_POINT('',(2.65,4.35,-3.5));
#7878 = VECTOR('',#7879,1.);
#7879 = DIRECTION('',(0.,0.,1.));
#7880 = ORIENTED_EDGE('',*,*,#7881,.T.);
#7881 = EDGE_CURVE('',#7872,#7882,#7884,.T.);
#7882 = VERTEX_POINT('',#7883);
#7883 = CARTESIAN_POINT('',(2.65,4.85,-3.5));
#7884 = LINE('',#7885,#7886);
#7885 = CARTESIAN_POINT('',(2.65,4.35,-3.5));
#7886 = VECTOR('',#7887,1.);
#7887 = DIRECTION('',(-0.,1.,0.));
#7888 = ORIENTED_EDGE('',*,*,#7889,.T.);
#7889 = EDGE_CURVE('',#7882,#7890,#7892,.T.);
#7890 = VERTEX_POINT('',#7891);
#7891 = CARTESIAN_POINT('',(2.65,4.85,0.));
#7892 = LINE('',#7893,#7894);
#7893 = CARTESIAN_POINT('',(2.65,4.85,-3.5));
#7894 = VECTOR('',#7895,1.);
#7895 = DIRECTION('',(0.,0.,1.));
#7896 = ORIENTED_EDGE('',*,*,#7897,.F.);
#7897 = EDGE_CURVE('',#7874,#7890,#7898,.T.);
#7898 = LINE('',#7899,#7900);
#7899 = CARTESIAN_POINT('',(2.65,4.35,0.));
#7900 = VECTOR('',#7901,1.);
#7901 = DIRECTION('',(-0.,1.,0.));
#7902 = PLANE('',#7903);
#7903 = AXIS2_PLACEMENT_3D('',#7904,#7905,#7906);
#7904 = CARTESIAN_POINT('',(2.65,4.35,-3.5));
#7905 = DIRECTION('',(1.,0.,-0.));
#7906 = DIRECTION('',(0.,0.,1.));
#7907 = ADVANCED_FACE('',(#7908),#7924,.F.);
#7908 = FACE_BOUND('',#7909,.F.);
#7909 = EDGE_LOOP('',(#7910,#7916,#7917,#7923));
#7910 = ORIENTED_EDGE('',*,*,#7911,.F.);
#7911 = EDGE_CURVE('',#7832,#7872,#7912,.T.);
#7912 = LINE('',#7913,#7914);
#7913 = CARTESIAN_POINT('',(1.85,4.35,-3.5));
#7914 = VECTOR('',#7915,1.);
#7915 = DIRECTION('',(1.,0.,-0.));
#7916 = ORIENTED_EDGE('',*,*,#7831,.T.);
#7917 = ORIENTED_EDGE('',*,*,#7918,.T.);
#7918 = EDGE_CURVE('',#7834,#7874,#7919,.T.);
#7919 = LINE('',#7920,#7921);
#7920 = CARTESIAN_POINT('',(1.85,4.35,0.));
#7921 = VECTOR('',#7922,1.);
#7922 = DIRECTION('',(1.,0.,-0.));
#7923 = ORIENTED_EDGE('',*,*,#7871,.F.);
#7924 = PLANE('',#7925);
#7925 = AXIS2_PLACEMENT_3D('',#7926,#7927,#7928);
#7926 = CARTESIAN_POINT('',(1.85,4.35,-3.5));
#7927 = DIRECTION('',(-0.,1.,0.));
#7928 = DIRECTION('',(0.,0.,1.));
#7929 = ADVANCED_FACE('',(#7930),#7946,.T.);
#7930 = FACE_BOUND('',#7931,.T.);
#7931 = EDGE_LOOP('',(#7932,#7938,#7939,#7945));
#7932 = ORIENTED_EDGE('',*,*,#7933,.F.);
#7933 = EDGE_CURVE('',#7842,#7882,#7934,.T.);
#7934 = LINE('',#7935,#7936);
#7935 = CARTESIAN_POINT('',(1.85,4.85,-3.5));
#7936 = VECTOR('',#7937,1.);
#7937 = DIRECTION('',(1.,0.,-0.));
#7938 = ORIENTED_EDGE('',*,*,#7849,.T.);
#7939 = ORIENTED_EDGE('',*,*,#7940,.T.);
#7940 = EDGE_CURVE('',#7850,#7890,#7941,.T.);
#7941 = LINE('',#7942,#7943);
#7942 = CARTESIAN_POINT('',(1.85,4.85,0.));
#7943 = VECTOR('',#7944,1.);
#7944 = DIRECTION('',(1.,0.,-0.));
#7945 = ORIENTED_EDGE('',*,*,#7889,.F.);
#7946 = PLANE('',#7947);
#7947 = AXIS2_PLACEMENT_3D('',#7948,#7949,#7950);
#7948 = CARTESIAN_POINT('',(1.85,4.85,-3.5));
#7949 = DIRECTION('',(-0.,1.,0.));
#7950 = DIRECTION('',(0.,0.,1.));
#7951 = ADVANCED_FACE('',(#7952),#7958,.F.);
#7952 = FACE_BOUND('',#7953,.F.);
#7953 = EDGE_LOOP('',(#7954,#7955,#7956,#7957));
#7954 = ORIENTED_EDGE('',*,*,#7841,.F.);
#7955 = ORIENTED_EDGE('',*,*,#7911,.T.);
#7956 = ORIENTED_EDGE('',*,*,#7881,.T.);
#7957 = ORIENTED_EDGE('',*,*,#7933,.F.);
#7958 = PLANE('',#7959);
#7959 = AXIS2_PLACEMENT_3D('',#7960,#7961,#7962);
#7960 = CARTESIAN_POINT('',(1.85,4.35,-3.5));
#7961 = DIRECTION('',(0.,0.,1.));
#7962 = DIRECTION('',(1.,0.,-0.));
#7963 = ADVANCED_FACE('',(#7964),#7970,.T.);
#7964 = FACE_BOUND('',#7965,.T.);
#7965 = EDGE_LOOP('',(#7966,#7967,#7968,#7969));
#7966 = ORIENTED_EDGE('',*,*,#7857,.F.);
#7967 = ORIENTED_EDGE('',*,*,#7918,.T.);
#7968 = ORIENTED_EDGE('',*,*,#7897,.T.);
#7969 = ORIENTED_EDGE('',*,*,#7940,.F.);
#7970 = PLANE('',#7971);
#7971 = AXIS2_PLACEMENT_3D('',#7972,#7973,#7974);
#7972 = CARTESIAN_POINT('',(1.85,4.35,0.));
#7973 = DIRECTION('',(0.,0.,1.));
#7974 = DIRECTION('',(1.,0.,-0.));
#7975 = ( GEOMETRIC_REPRESENTATION_CONTEXT(3)
GLOBAL_UNCERTAINTY_ASSIGNED_CONTEXT((#7979))
GLOBAL_UNIT_ASSIGNED_CONTEXT((#7976,#7977,#7978)) REPRESENTATION_CONTEXT
('Context #1','3D Context with UNIT and UNCERTAINTY') );
#7976 = ( LENGTH_UNIT() NAMED_UNIT(*) SI_UNIT(.MILLI.,.METRE.) );
#7977 = ( NAMED_UNIT(*) PLANE_ANGLE_UNIT() SI_UNIT($,.RADIAN.) );
#7978 = ( NAMED_UNIT(*) SI_UNIT($,.STERADIAN.) SOLID_ANGLE_UNIT() );
#7979 = UNCERTAINTY_MEASURE_WITH_UNIT(LENGTH_MEASURE(1.E-07),#7976,
  'distance_accuracy_value','confusion accuracy');
#7980 = CONTEXT_DEPENDENT_SHAPE_REPRESENTATION(#7981,#7983);
#7981 = ( REPRESENTATION_RELATIONSHIP('','',#7824,#10)
REPRESENTATION_RELATIONSHIP_WITH_TRANSFORMATION(#7982)
SHAPE_REPRESENTATION_RELATIONSHIP() );
#7982 = ITEM_DEFINED_TRANSFORMATION('','',#11,#71);
#7983 = PRODUCT_DEFINITION_SHAPE('Placement','Placement of an item',
  #7984);
#7984 = NEXT_ASSEMBLY_USAGE_OCCURRENCE('15','Terminal Pin P4 A','',#5,
  #7819,$);
#7985 = PRODUCT_RELATED_PRODUCT_CATEGORY('part',$,(#7821));
#7986 = SHAPE_DEFINITION_REPRESENTATION(#7987,#7993);
#7987 = PRODUCT_DEFINITION_SHAPE('','',#7988);
#7988 = PRODUCT_DEFINITION('design','',#7989,#7992);
#7989 = PRODUCT_DEFINITION_FORMATION('','',#7990);
#7990 = PRODUCT('Terminal Pin P4 B','Terminal Pin P4 B','',(#7991));
#7991 = PRODUCT_CONTEXT('',#2,'mechanical');
#7992 = PRODUCT_DEFINITION_CONTEXT('part definition',#2,'design');
#7993 = ADVANCED_BREP_SHAPE_REPRESENTATION('',(#11,#7994),#8144);
#7994 = MANIFOLD_SOLID_BREP('',#7995);
#7995 = CLOSED_SHELL('',(#7996,#8036,#8076,#8098,#8120,#8132));
#7996 = ADVANCED_FACE('',(#7997),#8031,.F.);
#7997 = FACE_BOUND('',#7998,.F.);
#7998 = EDGE_LOOP('',(#7999,#8009,#8017,#8025));
#7999 = ORIENTED_EDGE('',*,*,#8000,.F.);
#8000 = EDGE_CURVE('',#8001,#8003,#8005,.T.);
#8001 = VERTEX_POINT('',#8002);
#8002 = CARTESIAN_POINT('',(1.85,9.35,-3.5));
#8003 = VERTEX_POINT('',#8004);
#8004 = CARTESIAN_POINT('',(1.85,9.35,0.));
#8005 = LINE('',#8006,#8007);
#8006 = CARTESIAN_POINT('',(1.85,9.35,-3.5));
#8007 = VECTOR('',#8008,1.);
#8008 = DIRECTION('',(0.,0.,1.));
#8009 = ORIENTED_EDGE('',*,*,#8010,.T.);
#8010 = EDGE_CURVE('',#8001,#8011,#8013,.T.);
#8011 = VERTEX_POINT('',#8012);
#8012 = CARTESIAN_POINT('',(1.85,9.85,-3.5));
#8013 = LINE('',#8014,#8015);
#8014 = CARTESIAN_POINT('',(1.85,9.35,-3.5));
#8015 = VECTOR('',#8016,1.);
#8016 = DIRECTION('',(-0.,1.,0.));
#8017 = ORIENTED_EDGE('',*,*,#8018,.T.);
#8018 = EDGE_CURVE('',#8011,#8019,#8021,.T.);
#8019 = VERTEX_POINT('',#8020);
#8020 = CARTESIAN_POINT('',(1.85,9.85,0.));
#8021 = LINE('',#8022,#8023);
#8022 = CARTESIAN_POINT('',(1.85,9.85,-3.5));
#8023 = VECTOR('',#8024,1.);
#8024 = DIRECTION('',(0.,0.,1.));
#8025 = ORIENTED_EDGE('',*,*,#8026,.F.);
#8026 = EDGE_CURVE('',#8003,#8019,#8027,.T.);
#8027 = LINE('',#8028,#8029);
#8028 = CARTESIAN_POINT('',(1.85,9.35,0.));
#8029 = VECTOR('',#8030,1.);
#8030 = DIRECTION('',(-0.,1.,0.));
#8031 = PLANE('',#8032);
#8032 = AXIS2_PLACEMENT_3D('',#8033,#8034,#8035);
#8033 = CARTESIAN_POINT('',(1.85,9.35,-3.5));
#8034 = DIRECTION('',(1.,0.,-0.));
#8035 = DIRECTION('',(0.,0.,1.));
#8036 = ADVANCED_FACE('',(#8037),#8071,.T.);
#8037 = FACE_BOUND('',#8038,.T.);
#8038 = EDGE_LOOP('',(#8039,#8049,#8057,#8065));
#8039 = ORIENTED_EDGE('',*,*,#8040,.F.);
#8040 = EDGE_CURVE('',#8041,#8043,#8045,.T.);
#8041 = VERTEX_POINT('',#8042);
#8042 = CARTESIAN_POINT('',(2.65,9.35,-3.5));
#8043 = VERTEX_POINT('',#8044);
#8044 = CARTESIAN_POINT('',(2.65,9.35,0.));
#8045 = LINE('',#8046,#8047);
#8046 = CARTESIAN_POINT('',(2.65,9.35,-3.5));
#8047 = VECTOR('',#8048,1.);
#8048 = DIRECTION('',(0.,0.,1.));
#8049 = ORIENTED_EDGE('',*,*,#8050,.T.);
#8050 = EDGE_CURVE('',#8041,#8051,#8053,.T.);
#8051 = VERTEX_POINT('',#8052);
#8052 = CARTESIAN_POINT('',(2.65,9.85,-3.5));
#8053 = LINE('',#8054,#8055);
#8054 = CARTESIAN_POINT('',(2.65,9.35,-3.5));
#8055 = VECTOR('',#8056,1.);
#8056 = DIRECTION('',(-0.,1.,0.));
#8057 = ORIENTED_EDGE('',*,*,#8058,.T.);
#8058 = EDGE_CURVE('',#8051,#8059,#8061,.T.);
#8059 = VERTEX_POINT('',#8060);
#8060 = CARTESIAN_POINT('',(2.65,9.85,0.));
#8061 = LINE('',#8062,#8063);
#8062 = CARTESIAN_POINT('',(2.65,9.85,-3.5));
#8063 = VECTOR('',#8064,1.);
#8064 = DIRECTION('',(0.,0.,1.));
#8065 = ORIENTED_EDGE('',*,*,#8066,.F.);
#8066 = EDGE_CURVE('',#8043,#8059,#8067,.T.);
#8067 = LINE('',#8068,#8069);
#8068 = CARTESIAN_POINT('',(2.65,9.35,0.));
#8069 = VECTOR('',#8070,1.);
#8070 = DIRECTION('',(-0.,1.,0.));
#8071 = PLANE('',#8072);
#8072 = AXIS2_PLACEMENT_3D('',#8073,#8074,#8075);
#8073 = CARTESIAN_POINT('',(2.65,9.35,-3.5));
#8074 = DIRECTION('',(1.,0.,-0.));
#8075 = DIRECTION('',(0.,0.,1.));
#8076 = ADVANCED_FACE('',(#8077),#8093,.F.);
#8077 = FACE_BOUND('',#8078,.F.);
#8078 = EDGE_LOOP('',(#8079,#8085,#8086,#8092));
#8079 = ORIENTED_EDGE('',*,*,#8080,.F.);
#8080 = EDGE_CURVE('',#8001,#8041,#8081,.T.);
#8081 = LINE('',#8082,#8083);
#8082 = CARTESIAN_POINT('',(1.85,9.35,-3.5));
#8083 = VECTOR('',#8084,1.);
#8084 = DIRECTION('',(1.,0.,-0.));
#8085 = ORIENTED_EDGE('',*,*,#8000,.T.);
#8086 = ORIENTED_EDGE('',*,*,#8087,.T.);
#8087 = EDGE_CURVE('',#8003,#8043,#8088,.T.);
#8088 = LINE('',#8089,#8090);
#8089 = CARTESIAN_POINT('',(1.85,9.35,0.));
#8090 = VECTOR('',#8091,1.);
#8091 = DIRECTION('',(1.,0.,-0.));
#8092 = ORIENTED_EDGE('',*,*,#8040,.F.);
#8093 = PLANE('',#8094);
#8094 = AXIS2_PLACEMENT_3D('',#8095,#8096,#8097);
#8095 = CARTESIAN_POINT('',(1.85,9.35,-3.5));
#8096 = DIRECTION('',(-0.,1.,0.));
#8097 = DIRECTION('',(0.,0.,1.));
#8098 = ADVANCED_FACE('',(#8099),#8115,.T.);
#8099 = FACE_BOUND('',#8100,.T.);
#8100 = EDGE_LOOP('',(#8101,#8107,#8108,#8114));
#8101 = ORIENTED_EDGE('',*,*,#8102,.F.);
#8102 = EDGE_CURVE('',#8011,#8051,#8103,.T.);
#8103 = LINE('',#8104,#8105);
#8104 = CARTESIAN_POINT('',(1.85,9.85,-3.5));
#8105 = VECTOR('',#8106,1.);
#8106 = DIRECTION('',(1.,0.,-0.));
#8107 = ORIENTED_EDGE('',*,*,#8018,.T.);
#8108 = ORIENTED_EDGE('',*,*,#8109,.T.);
#8109 = EDGE_CURVE('',#8019,#8059,#8110,.T.);
#8110 = LINE('',#8111,#8112);
#8111 = CARTESIAN_POINT('',(1.85,9.85,0.));
#8112 = VECTOR('',#8113,1.);
#8113 = DIRECTION('',(1.,0.,-0.));
#8114 = ORIENTED_EDGE('',*,*,#8058,.F.);
#8115 = PLANE('',#8116);
#8116 = AXIS2_PLACEMENT_3D('',#8117,#8118,#8119);
#8117 = CARTESIAN_POINT('',(1.85,9.85,-3.5));
#8118 = DIRECTION('',(-0.,1.,0.));
#8119 = DIRECTION('',(0.,0.,1.));
#8120 = ADVANCED_FACE('',(#8121),#8127,.F.);
#8121 = FACE_BOUND('',#8122,.F.);
#8122 = EDGE_LOOP('',(#8123,#8124,#8125,#8126));
#8123 = ORIENTED_EDGE('',*,*,#8010,.F.);
#8124 = ORIENTED_EDGE('',*,*,#8080,.T.);
#8125 = ORIENTED_EDGE('',*,*,#8050,.T.);
#8126 = ORIENTED_EDGE('',*,*,#8102,.F.);
#8127 = PLANE('',#8128);
#8128 = AXIS2_PLACEMENT_3D('',#8129,#8130,#8131);
#8129 = CARTESIAN_POINT('',(1.85,9.35,-3.5));
#8130 = DIRECTION('',(0.,0.,1.));
#8131 = DIRECTION('',(1.,0.,-0.));
#8132 = ADVANCED_FACE('',(#8133),#8139,.T.);
#8133 = FACE_BOUND('',#8134,.T.);
#8134 = EDGE_LOOP('',(#8135,#8136,#8137,#8138));
#8135 = ORIENTED_EDGE('',*,*,#8026,.F.);
#8136 = ORIENTED_EDGE('',*,*,#8087,.T.);
#8137 = ORIENTED_EDGE('',*,*,#8066,.T.);
#8138 = ORIENTED_EDGE('',*,*,#8109,.F.);
#8139 = PLANE('',#8140);
#8140 = AXIS2_PLACEMENT_3D('',#8141,#8142,#8143);
#8141 = CARTESIAN_POINT('',(1.85,9.35,0.));
#8142 = DIRECTION('',(0.,0.,1.));
#8143 = DIRECTION('',(1.,0.,-0.));
#8144 = ( GEOMETRIC_REPRESENTATION_CONTEXT(3)
GLOBAL_UNCERTAINTY_ASSIGNED_CONTEXT((#8148))
GLOBAL_UNIT_ASSIGNED_CONTEXT((#8145,#8146,#8147)) REPRESENTATION_CONTEXT
('Context #1','3D Context with UNIT and UNCERTAINTY') );
#8145 = ( LENGTH_UNIT() NAMED_UNIT(*) SI_UNIT(.MILLI.,.METRE.) );
#8146 = ( NAMED_UNIT(*) PLANE_ANGLE_UNIT() SI_UNIT($,.RADIAN.) );
#8147 = ( NAMED_UNIT(*) SI_UNIT($,.STERADIAN.) SOLID_ANGLE_UNIT() );
#8148 = UNCERTAINTY_MEASURE_WITH_UNIT(LENGTH_MEASURE(1.E-07),#8145,
  'distance_accuracy_value','confusion accuracy');
#8149 = CONTEXT_DEPENDENT_SHAPE_REPRESENTATION(#8150,#8152);
#8150 = ( REPRESENTATION_RELATIONSHIP('','',#7993,#10)
REPRESENTATION_RELATIONSHIP_WITH_TRANSFORMATION(#8151)
SHAPE_REPRESENTATION_RELATIONSHIP() );
#8151 = ITEM_DEFINED_TRANSFORMATION('','',#11,#75);
#8152 = PRODUCT_DEFINITION_SHAPE('Placement','Placement of an item',
  #8153);
#8153 = NEXT_ASSEMBLY_USAGE_OCCURRENCE('16','Terminal Pin P4 B','',#5,
  #7988,$);
#8154 = PRODUCT_RELATED_PRODUCT_CATEGORY('part',$,(#7990));
#8155 = SHAPE_DEFINITION_REPRESENTATION(#8156,#8162);
#8156 = PRODUCT_DEFINITION_SHAPE('','',#8157);
#8157 = PRODUCT_DEFINITION('design','',#8158,#8161);
#8158 = PRODUCT_DEFINITION_FORMATION('','',#8159);
#8159 = PRODUCT('1.5 mm Side Cover','1.5 mm Side Cover','',(#8160));
#8160 = PRODUCT_CONTEXT('',#2,'mechanical');
#8161 = PRODUCT_DEFINITION_CONTEXT('part definition',#2,'design');
#8162 = ADVANCED_BREP_SHAPE_REPRESENTATION('',(#11,#8163),#9037);
#8163 = MANIFOLD_SOLID_BREP('',#8164);
#8164 = CLOSED_SHELL('',(#8165,#8213,#8246,#8305,#8330,#8363,#8396,#8420
    ,#8437,#8462,#8560,#8585,#8602,#8619,#8636,#8667,#8698,#8716,#8733,
    #8751,#8775,#8800,#8825,#8850,#8875,#8900,#8925,#8942,#8954,#8972,
    #8983,#8992,#9001,#9010,#9019,#9028));
#8165 = ADVANCED_FACE('',(#8166),#8208,.F.);
#8166 = FACE_BOUND('',#8167,.F.);
#8167 = EDGE_LOOP('',(#8168,#8178,#8186,#8194,#8202));
#8168 = ORIENTED_EDGE('',*,*,#8169,.F.);
#8169 = EDGE_CURVE('',#8170,#8172,#8174,.T.);
#8170 = VERTEX_POINT('',#8171);
#8171 = CARTESIAN_POINT('',(14.,0.3,0.3));
#8172 = VERTEX_POINT('',#8173);
#8173 = CARTESIAN_POINT('',(14.,0.3,9.086363636364));
#8174 = LINE('',#8175,#8176);
#8175 = CARTESIAN_POINT('',(14.,0.3,0.));
#8176 = VECTOR('',#8177,1.);
#8177 = DIRECTION('',(0.,0.,1.));
#8178 = ORIENTED_EDGE('',*,*,#8179,.T.);
#8179 = EDGE_CURVE('',#8170,#8180,#8182,.T.);
#8180 = VERTEX_POINT('',#8181);
#8181 = CARTESIAN_POINT('',(14.,12.2,0.3));
#8182 = LINE('',#8183,#8184);
#8183 = CARTESIAN_POINT('',(14.,0.,0.3));
#8184 = VECTOR('',#8185,1.);
#8185 = DIRECTION('',(-0.,1.,0.));
#8186 = ORIENTED_EDGE('',*,*,#8187,.T.);
#8187 = EDGE_CURVE('',#8180,#8188,#8190,.T.);
#8188 = VERTEX_POINT('',#8189);
#8189 = CARTESIAN_POINT('',(14.,12.2,10.3));
#8190 = LINE('',#8191,#8192);
#8191 = CARTESIAN_POINT('',(14.,12.2,0.));
#8192 = VECTOR('',#8193,1.);
#8193 = DIRECTION('',(0.,0.,1.));
#8194 = ORIENTED_EDGE('',*,*,#8195,.F.);
#8195 = EDGE_CURVE('',#8196,#8188,#8198,.T.);
#8196 = VERTEX_POINT('',#8197);
#8197 = CARTESIAN_POINT('',(14.,1.743243243243,10.3));
#8198 = LINE('',#8199,#8200);
#8199 = CARTESIAN_POINT('',(14.,0.,10.3));
#8200 = VECTOR('',#8201,1.);
#8201 = DIRECTION('',(-0.,1.,0.));
#8202 = ORIENTED_EDGE('',*,*,#8203,.F.);
#8203 = EDGE_CURVE('',#8172,#8196,#8204,.T.);
#8204 = LINE('',#8205,#8206);
#8205 = CARTESIAN_POINT('',(14.,-1.125779122542,7.88741301059));
#8206 = VECTOR('',#8207,1.);
#8207 = DIRECTION('',(0.,0.765362085905,0.643599935875));
#8208 = PLANE('',#8209);
#8209 = AXIS2_PLACEMENT_3D('',#8210,#8211,#8212);
#8210 = CARTESIAN_POINT('',(14.,0.,0.));
#8211 = DIRECTION('',(1.,0.,-0.));
#8212 = DIRECTION('',(0.,0.,1.));
#8213 = ADVANCED_FACE('',(#8214),#8241,.T.);
#8214 = FACE_BOUND('',#8215,.T.);
#8215 = EDGE_LOOP('',(#8216,#8217,#8226,#8234));
#8216 = ORIENTED_EDGE('',*,*,#8169,.F.);
#8217 = ORIENTED_EDGE('',*,*,#8218,.T.);
#8218 = EDGE_CURVE('',#8170,#8219,#8221,.T.);
#8219 = VERTEX_POINT('',#8220);
#8220 = CARTESIAN_POINT('',(14.3,-5.551115123126E-17,0.3));
#8221 = CIRCLE('',#8222,0.3);
#8222 = AXIS2_PLACEMENT_3D('',#8223,#8224,#8225);
#8223 = CARTESIAN_POINT('',(14.3,0.3,0.3));
#8224 = DIRECTION('',(0.,0.,1.));
#8225 = DIRECTION('',(-1.,0.,0.));
#8226 = ORIENTED_EDGE('',*,*,#8227,.T.);
#8227 = EDGE_CURVE('',#8219,#8228,#8230,.T.);
#8228 = VERTEX_POINT('',#8229);
#8229 = CARTESIAN_POINT('',(14.3,-5.551115123126E-17,8.834090909091));
#8230 = LINE('',#8231,#8232);
#8231 = CARTESIAN_POINT('',(14.3,-5.551115123126E-17,0.));
#8232 = VECTOR('',#8233,1.);
#8233 = DIRECTION('',(0.,0.,1.));
#8234 = ORIENTED_EDGE('',*,*,#8235,.T.);
#8235 = EDGE_CURVE('',#8228,#8172,#8236,.T.);
#8236 = ELLIPSE('',#8237,0.391971336867,0.3);
#8237 = AXIS2_PLACEMENT_3D('',#8238,#8239,#8240);
#8238 = CARTESIAN_POINT('',(14.3,0.3,9.086363636364));
#8239 = DIRECTION('',(0.,0.643599935875,-0.765362085905));
#8240 = DIRECTION('',(0.,0.765362085905,0.643599935875));
#8241 = CYLINDRICAL_SURFACE('',#8242,0.3);
#8242 = AXIS2_PLACEMENT_3D('',#8243,#8244,#8245);
#8243 = CARTESIAN_POINT('',(14.3,0.3,0.));
#8244 = DIRECTION('',(0.,0.,1.));
#8245 = DIRECTION('',(-1.,-0.,0.));
#8246 = ADVANCED_FACE('',(#8247),#8300,.F.);
#8247 = FACE_BOUND('',#8248,.F.);
#8248 = EDGE_LOOP('',(#8249,#8258,#8266,#8275,#8283,#8292,#8298,#8299));
#8249 = ORIENTED_EDGE('',*,*,#8250,.T.);
#8250 = EDGE_CURVE('',#8196,#8251,#8253,.T.);
#8251 = VERTEX_POINT('',#8252);
#8252 = CARTESIAN_POINT('',(14.3,2.1,10.6));
#8253 = ELLIPSE('',#8254,0.466128076275,0.3);
#8254 = AXIS2_PLACEMENT_3D('',#8255,#8256,#8257);
#8255 = CARTESIAN_POINT('',(14.3,1.743243243243,10.3));
#8256 = DIRECTION('',(0.,0.643599935875,-0.765362085905));
#8257 = DIRECTION('',(0.,0.765362085905,0.643599935875));
#8258 = ORIENTED_EDGE('',*,*,#8259,.T.);
#8259 = EDGE_CURVE('',#8251,#8260,#8262,.T.);
#8260 = VERTEX_POINT('',#8261);
#8261 = CARTESIAN_POINT('',(15.2,2.1,10.6));
#8262 = LINE('',#8263,#8264);
#8263 = CARTESIAN_POINT('',(13.9,2.1,10.6));
#8264 = VECTOR('',#8265,1.);
#8265 = DIRECTION('',(1.,0.,0.));
#8266 = ORIENTED_EDGE('',*,*,#8267,.T.);
#8267 = EDGE_CURVE('',#8260,#8268,#8270,.T.);
#8268 = VERTEX_POINT('',#8269);
#8269 = CARTESIAN_POINT('',(15.5,1.743243243243,10.3));
#8270 = ELLIPSE('',#8271,0.466128076275,0.3);
#8271 = AXIS2_PLACEMENT_3D('',#8272,#8273,#8274);
#8272 = CARTESIAN_POINT('',(15.2,1.743243243243,10.3));
#8273 = DIRECTION('',(0.,0.643599935875,-0.765362085905));
#8274 = DIRECTION('',(0.,0.765362085905,0.643599935875));
#8275 = ORIENTED_EDGE('',*,*,#8276,.F.);
#8276 = EDGE_CURVE('',#8277,#8268,#8279,.T.);
#8277 = VERTEX_POINT('',#8278);
#8278 = CARTESIAN_POINT('',(15.5,0.3,9.086363636364));
#8279 = LINE('',#8280,#8281);
#8280 = CARTESIAN_POINT('',(15.5,-1.125779122542,7.88741301059));
#8281 = VECTOR('',#8282,1.);
#8282 = DIRECTION('',(0.,0.765362085905,0.643599935875));
#8283 = ORIENTED_EDGE('',*,*,#8284,.T.);
#8284 = EDGE_CURVE('',#8277,#8285,#8287,.T.);
#8285 = VERTEX_POINT('',#8286);
#8286 = CARTESIAN_POINT('',(15.2,-5.551115123126E-17,8.834090909091));
#8287 = ELLIPSE('',#8288,0.391971336867,0.3);
#8288 = AXIS2_PLACEMENT_3D('',#8289,#8290,#8291);
#8289 = CARTESIAN_POINT('',(15.2,0.3,9.086363636364));
#8290 = DIRECTION('',(0.,0.643599935875,-0.765362085905));
#8291 = DIRECTION('',(0.,0.765362085905,0.643599935875));
#8292 = ORIENTED_EDGE('',*,*,#8293,.T.);
#8293 = EDGE_CURVE('',#8285,#8228,#8294,.T.);
#8294 = LINE('',#8295,#8296);
#8295 = CARTESIAN_POINT('',(13.95,2.22044604925E-16,8.834090909091));
#8296 = VECTOR('',#8297,1.);
#8297 = DIRECTION('',(-1.,0.,-0.));
#8298 = ORIENTED_EDGE('',*,*,#8235,.T.);
#8299 = ORIENTED_EDGE('',*,*,#8203,.T.);
#8300 = PLANE('',#8301);
#8301 = AXIS2_PLACEMENT_3D('',#8302,#8303,#8304);
#8302 = CARTESIAN_POINT('',(13.9,2.1,10.6));
#8303 = DIRECTION('',(0.,0.643599935875,-0.765362085905));
#8304 = DIRECTION('',(0.,-0.765362085905,-0.643599935875));
#8305 = ADVANCED_FACE('',(#8306),#8325,.T.);
#8306 = FACE_BOUND('',#8307,.T.);
#8307 = EDGE_LOOP('',(#8308,#8309,#8317,#8324));
#8308 = ORIENTED_EDGE('',*,*,#8250,.T.);
#8309 = ORIENTED_EDGE('',*,*,#8310,.T.);
#8310 = EDGE_CURVE('',#8251,#8311,#8313,.T.);
#8311 = VERTEX_POINT('',#8312);
#8312 = CARTESIAN_POINT('',(14.3,12.2,10.6));
#8313 = LINE('',#8314,#8315);
#8314 = CARTESIAN_POINT('',(14.3,0.,10.6));
#8315 = VECTOR('',#8316,1.);
#8316 = DIRECTION('',(-0.,1.,0.));
#8317 = ORIENTED_EDGE('',*,*,#8318,.F.);
#8318 = EDGE_CURVE('',#8188,#8311,#8319,.T.);
#8319 = CIRCLE('',#8320,0.3);
#8320 = AXIS2_PLACEMENT_3D('',#8321,#8322,#8323);
#8321 = CARTESIAN_POINT('',(14.3,12.2,10.3));
#8322 = DIRECTION('',(-0.,1.,0.));
#8323 = DIRECTION('',(-1.,-0.,0.));
#8324 = ORIENTED_EDGE('',*,*,#8195,.F.);
#8325 = CYLINDRICAL_SURFACE('',#8326,0.3);
#8326 = AXIS2_PLACEMENT_3D('',#8327,#8328,#8329);
#8327 = CARTESIAN_POINT('',(14.3,0.,10.3));
#8328 = DIRECTION('',(-0.,1.,0.));
#8329 = DIRECTION('',(-1.,-0.,0.));
#8330 = ADVANCED_FACE('',(#8331),#8358,.T.);
#8331 = FACE_BOUND('',#8332,.F.);
#8332 = EDGE_LOOP('',(#8333,#8334,#8343,#8351));
#8333 = ORIENTED_EDGE('',*,*,#8187,.F.);
#8334 = ORIENTED_EDGE('',*,*,#8335,.T.);
#8335 = EDGE_CURVE('',#8180,#8336,#8338,.T.);
#8336 = VERTEX_POINT('',#8337);
#8337 = CARTESIAN_POINT('',(14.3,12.5,0.3));
#8338 = CIRCLE('',#8339,0.3);
#8339 = AXIS2_PLACEMENT_3D('',#8340,#8341,#8342);
#8340 = CARTESIAN_POINT('',(14.3,12.2,0.3));
#8341 = DIRECTION('',(-0.,0.,-1.));
#8342 = DIRECTION('',(-1.,0.,0.));
#8343 = ORIENTED_EDGE('',*,*,#8344,.T.);
#8344 = EDGE_CURVE('',#8336,#8345,#8347,.T.);
#8345 = VERTEX_POINT('',#8346);
#8346 = CARTESIAN_POINT('',(14.3,12.5,10.3));
#8347 = LINE('',#8348,#8349);
#8348 = CARTESIAN_POINT('',(14.3,12.5,0.));
#8349 = VECTOR('',#8350,1.);
#8350 = DIRECTION('',(0.,0.,1.));
#8351 = ORIENTED_EDGE('',*,*,#8352,.T.);
#8352 = EDGE_CURVE('',#8345,#8188,#8353,.T.);
#8353 = CIRCLE('',#8354,0.3);
#8354 = AXIS2_PLACEMENT_3D('',#8355,#8356,#8357);
#8355 = CARTESIAN_POINT('',(14.3,12.2,10.3));
#8356 = DIRECTION('',(0.,0.,1.));
#8357 = DIRECTION('',(-1.,-0.,0.));
#8358 = CYLINDRICAL_SURFACE('',#8359,0.3);
#8359 = AXIS2_PLACEMENT_3D('',#8360,#8361,#8362);
#8360 = CARTESIAN_POINT('',(14.3,12.2,0.));
#8361 = DIRECTION('',(0.,0.,1.));
#8362 = DIRECTION('',(-1.,-0.,0.));
#8363 = ADVANCED_FACE('',(#8364),#8391,.T.);
#8364 = FACE_BOUND('',#8365,.F.);
#8365 = EDGE_LOOP('',(#8366,#8375,#8383,#8390));
#8366 = ORIENTED_EDGE('',*,*,#8367,.F.);
#8367 = EDGE_CURVE('',#8368,#8170,#8370,.T.);
#8368 = VERTEX_POINT('',#8369);
#8369 = CARTESIAN_POINT('',(14.3,0.3,0.));
#8370 = CIRCLE('',#8371,0.3);
#8371 = AXIS2_PLACEMENT_3D('',#8372,#8373,#8374);
#8372 = CARTESIAN_POINT('',(14.3,0.3,0.3));
#8373 = DIRECTION('',(0.,1.,-0.));
#8374 = DIRECTION('',(-1.,0.,0.));
#8375 = ORIENTED_EDGE('',*,*,#8376,.T.);
#8376 = EDGE_CURVE('',#8368,#8377,#8379,.T.);
#8377 = VERTEX_POINT('',#8378);
#8378 = CARTESIAN_POINT('',(14.3,12.2,0.));
#8379 = LINE('',#8380,#8381);
#8380 = CARTESIAN_POINT('',(14.3,0.,-5.551115123126E-17));
#8381 = VECTOR('',#8382,1.);
#8382 = DIRECTION('',(-0.,1.,0.));
#8383 = ORIENTED_EDGE('',*,*,#8384,.T.);
#8384 = EDGE_CURVE('',#8377,#8180,#8385,.T.);
#8385 = CIRCLE('',#8386,0.3);
#8386 = AXIS2_PLACEMENT_3D('',#8387,#8388,#8389);
#8387 = CARTESIAN_POINT('',(14.3,12.2,0.3));
#8388 = DIRECTION('',(0.,1.,-0.));
#8389 = DIRECTION('',(-1.,0.,0.));
#8390 = ORIENTED_EDGE('',*,*,#8179,.F.);
#8391 = CYLINDRICAL_SURFACE('',#8392,0.3);
#8392 = AXIS2_PLACEMENT_3D('',#8393,#8394,#8395);
#8393 = CARTESIAN_POINT('',(14.3,0.,0.3));
#8394 = DIRECTION('',(-0.,1.,0.));
#8395 = DIRECTION('',(-1.,-0.,0.));
#8396 = ADVANCED_FACE('',(#8397),#8415,.F.);
#8397 = FACE_BOUND('',#8398,.F.);
#8398 = EDGE_LOOP('',(#8399,#8407,#8408,#8409));
#8399 = ORIENTED_EDGE('',*,*,#8400,.F.);
#8400 = EDGE_CURVE('',#8219,#8401,#8403,.T.);
#8401 = VERTEX_POINT('',#8402);
#8402 = CARTESIAN_POINT('',(15.2,-5.551115123126E-17,0.3));
#8403 = LINE('',#8404,#8405);
#8404 = CARTESIAN_POINT('',(14.,-5.551115123126E-17,0.3));
#8405 = VECTOR('',#8406,1.);
#8406 = DIRECTION('',(1.,0.,-0.));
#8407 = ORIENTED_EDGE('',*,*,#8227,.T.);
#8408 = ORIENTED_EDGE('',*,*,#8293,.F.);
#8409 = ORIENTED_EDGE('',*,*,#8410,.F.);
#8410 = EDGE_CURVE('',#8401,#8285,#8411,.T.);
#8411 = LINE('',#8412,#8413);
#8412 = CARTESIAN_POINT('',(15.2,-5.551115123126E-17,0.));
#8413 = VECTOR('',#8414,1.);
#8414 = DIRECTION('',(0.,0.,1.));
#8415 = PLANE('',#8416);
#8416 = AXIS2_PLACEMENT_3D('',#8417,#8418,#8419);
#8417 = CARTESIAN_POINT('',(14.,0.,0.));
#8418 = DIRECTION('',(-0.,1.,0.));
#8419 = DIRECTION('',(0.,0.,1.));
#8420 = ADVANCED_FACE('',(#8421),#8432,.T.);
#8421 = FACE_BOUND('',#8422,.T.);
#8422 = EDGE_LOOP('',(#8423,#8424,#8431));
#8423 = ORIENTED_EDGE('',*,*,#8367,.F.);
#8424 = ORIENTED_EDGE('',*,*,#8425,.T.);
#8425 = EDGE_CURVE('',#8368,#8219,#8426,.T.);
#8426 = CIRCLE('',#8427,0.3);
#8427 = AXIS2_PLACEMENT_3D('',#8428,#8429,#8430);
#8428 = CARTESIAN_POINT('',(14.3,0.3,0.3));
#8429 = DIRECTION('',(-1.,6.123233995737E-17,0.));
#8430 = DIRECTION('',(-6.123233995737E-17,-1.,0.));
#8431 = ORIENTED_EDGE('',*,*,#8218,.F.);
#8432 = SPHERICAL_SURFACE('',#8433,0.3);
#8433 = AXIS2_PLACEMENT_3D('',#8434,#8435,#8436);
#8434 = CARTESIAN_POINT('',(14.3,0.3,0.3));
#8435 = DIRECTION('',(0.,0.,1.));
#8436 = DIRECTION('',(-1.,0.,0.));
#8437 = ADVANCED_FACE('',(#8438),#8457,.T.);
#8438 = FACE_BOUND('',#8439,.F.);
#8439 = EDGE_LOOP('',(#8440,#8448,#8455,#8456));
#8440 = ORIENTED_EDGE('',*,*,#8441,.F.);
#8441 = EDGE_CURVE('',#8442,#8277,#8444,.T.);
#8442 = VERTEX_POINT('',#8443);
#8443 = CARTESIAN_POINT('',(15.5,0.3,0.3));
#8444 = LINE('',#8445,#8446);
#8445 = CARTESIAN_POINT('',(15.5,0.3,0.));
#8446 = VECTOR('',#8447,1.);
#8447 = DIRECTION('',(0.,0.,1.));
#8448 = ORIENTED_EDGE('',*,*,#8449,.T.);
#8449 = EDGE_CURVE('',#8442,#8401,#8450,.T.);
#8450 = CIRCLE('',#8451,0.3);
#8451 = AXIS2_PLACEMENT_3D('',#8452,#8453,#8454);
#8452 = CARTESIAN_POINT('',(15.2,0.3,0.3));
#8453 = DIRECTION('',(0.,-0.,-1.));
#8454 = DIRECTION('',(1.,0.,-0.));
#8455 = ORIENTED_EDGE('',*,*,#8410,.T.);
#8456 = ORIENTED_EDGE('',*,*,#8284,.F.);
#8457 = CYLINDRICAL_SURFACE('',#8458,0.3);
#8458 = AXIS2_PLACEMENT_3D('',#8459,#8460,#8461);
#8459 = CARTESIAN_POINT('',(15.2,0.3,0.));
#8460 = DIRECTION('',(0.,0.,1.));
#8461 = DIRECTION('',(1.,0.,-0.));
#8462 = ADVANCED_FACE('',(#8463,#8489,#8500,#8511,#8522,#8533,#8544),
  #8555,.T.);
#8463 = FACE_BOUND('',#8464,.T.);
#8464 = EDGE_LOOP('',(#8465,#8466,#8474,#8482,#8488));
#8465 = ORIENTED_EDGE('',*,*,#8441,.F.);
#8466 = ORIENTED_EDGE('',*,*,#8467,.T.);
#8467 = EDGE_CURVE('',#8442,#8468,#8470,.T.);
#8468 = VERTEX_POINT('',#8469);
#8469 = CARTESIAN_POINT('',(15.5,12.2,0.3));
#8470 = LINE('',#8471,#8472);
#8471 = CARTESIAN_POINT('',(15.5,0.,0.3));
#8472 = VECTOR('',#8473,1.);
#8473 = DIRECTION('',(-0.,1.,0.));
#8474 = ORIENTED_EDGE('',*,*,#8475,.T.);
#8475 = EDGE_CURVE('',#8468,#8476,#8478,.T.);
#8476 = VERTEX_POINT('',#8477);
#8477 = CARTESIAN_POINT('',(15.5,12.2,10.3));
#8478 = LINE('',#8479,#8480);
#8479 = CARTESIAN_POINT('',(15.5,12.2,0.));
#8480 = VECTOR('',#8481,1.);
#8481 = DIRECTION('',(0.,0.,1.));
#8482 = ORIENTED_EDGE('',*,*,#8483,.F.);
#8483 = EDGE_CURVE('',#8268,#8476,#8484,.T.);
#8484 = LINE('',#8485,#8486);
#8485 = CARTESIAN_POINT('',(15.5,0.,10.3));
#8486 = VECTOR('',#8487,1.);
#8487 = DIRECTION('',(-0.,1.,0.));
#8488 = ORIENTED_EDGE('',*,*,#8276,.F.);
#8489 = FACE_BOUND('',#8490,.T.);
#8490 = EDGE_LOOP('',(#8491));
#8491 = ORIENTED_EDGE('',*,*,#8492,.T.);
#8492 = EDGE_CURVE('',#8493,#8493,#8495,.T.);
#8493 = VERTEX_POINT('',#8494);
#8494 = CARTESIAN_POINT('',(15.5,10.65,2.68));
#8495 = CIRCLE('',#8496,0.42);
#8496 = AXIS2_PLACEMENT_3D('',#8497,#8498,#8499);
#8497 = CARTESIAN_POINT('',(15.5,10.65,3.1));
#8498 = DIRECTION('',(-1.,0.,0.));
#8499 = DIRECTION('',(0.,0.,-1.));
#8500 = FACE_BOUND('',#8501,.T.);
#8501 = EDGE_LOOP('',(#8502));
#8502 = ORIENTED_EDGE('',*,*,#8503,.T.);
#8503 = EDGE_CURVE('',#8504,#8504,#8506,.T.);
#8504 = VERTEX_POINT('',#8505);
#8505 = CARTESIAN_POINT('',(15.5,6.25,1.03));
#8506 = CIRCLE('',#8507,0.42);
#8507 = AXIS2_PLACEMENT_3D('',#8508,#8509,#8510);
#8508 = CARTESIAN_POINT('',(15.5,6.25,1.45));
#8509 = DIRECTION('',(-1.,0.,0.));
#8510 = DIRECTION('',(0.,0.,-1.));
#8511 = FACE_BOUND('',#8512,.T.);
#8512 = EDGE_LOOP('',(#8513));
#8513 = ORIENTED_EDGE('',*,*,#8514,.T.);
#8514 = EDGE_CURVE('',#8515,#8515,#8517,.T.);
#8515 = VERTEX_POINT('',#8516);
#8516 = CARTESIAN_POINT('',(15.5,10.65,7.73));
#8517 = CIRCLE('',#8518,0.42);
#8518 = AXIS2_PLACEMENT_3D('',#8519,#8520,#8521);
#8519 = CARTESIAN_POINT('',(15.5,10.65,8.15));
#8520 = DIRECTION('',(-1.,0.,0.));
#8521 = DIRECTION('',(0.,0.,-1.));
#8522 = FACE_BOUND('',#8523,.T.);
#8523 = EDGE_LOOP('',(#8524));
#8524 = ORIENTED_EDGE('',*,*,#8525,.T.);
#8525 = EDGE_CURVE('',#8526,#8526,#8528,.T.);
#8526 = VERTEX_POINT('',#8527);
#8527 = CARTESIAN_POINT('',(15.5,1.65,1.03));
#8528 = CIRCLE('',#8529,0.42);
#8529 = AXIS2_PLACEMENT_3D('',#8530,#8531,#8532);
#8530 = CARTESIAN_POINT('',(15.5,1.65,1.45));
#8531 = DIRECTION('',(-1.,0.,0.));
#8532 = DIRECTION('',(0.,0.,-1.));
#8533 = FACE_BOUND('',#8534,.T.);
#8534 = EDGE_LOOP('',(#8535));
#8535 = ORIENTED_EDGE('',*,*,#8536,.T.);
#8536 = EDGE_CURVE('',#8537,#8537,#8539,.T.);
#8537 = VERTEX_POINT('',#8538);
#8538 = CARTESIAN_POINT('',(15.5,4.65,6.86));
#8539 = CIRCLE('',#8540,0.34);
#8540 = AXIS2_PLACEMENT_3D('',#8541,#8542,#8543);
#8541 = CARTESIAN_POINT('',(15.5,4.65,7.2));
#8542 = DIRECTION('',(-1.,0.,0.));
#8543 = DIRECTION('',(0.,0.,-1.));
#8544 = FACE_BOUND('',#8545,.T.);
#8545 = EDGE_LOOP('',(#8546));
#8546 = ORIENTED_EDGE('',*,*,#8547,.T.);
#8547 = EDGE_CURVE('',#8548,#8548,#8550,.T.);
#8548 = VERTEX_POINT('',#8549);
#8549 = CARTESIAN_POINT('',(15.5,1.65,7.73));
#8550 = CIRCLE('',#8551,0.42);
#8551 = AXIS2_PLACEMENT_3D('',#8552,#8553,#8554);
#8552 = CARTESIAN_POINT('',(15.5,1.65,8.15));
#8553 = DIRECTION('',(-1.,0.,0.));
#8554 = DIRECTION('',(0.,0.,-1.));
#8555 = PLANE('',#8556);
#8556 = AXIS2_PLACEMENT_3D('',#8557,#8558,#8559);
#8557 = CARTESIAN_POINT('',(15.5,0.,0.));
#8558 = DIRECTION('',(1.,0.,-0.));
#8559 = DIRECTION('',(0.,0.,1.));
#8560 = ADVANCED_FACE('',(#8561),#8580,.T.);
#8561 = FACE_BOUND('',#8562,.F.);
#8562 = EDGE_LOOP('',(#8563,#8564,#8572,#8579));
#8563 = ORIENTED_EDGE('',*,*,#8267,.F.);
#8564 = ORIENTED_EDGE('',*,*,#8565,.T.);
#8565 = EDGE_CURVE('',#8260,#8566,#8568,.T.);
#8566 = VERTEX_POINT('',#8567);
#8567 = CARTESIAN_POINT('',(15.2,12.2,10.6));
#8568 = LINE('',#8569,#8570);
#8569 = CARTESIAN_POINT('',(15.2,0.,10.6));
#8570 = VECTOR('',#8571,1.);
#8571 = DIRECTION('',(-0.,1.,0.));
#8572 = ORIENTED_EDGE('',*,*,#8573,.F.);
#8573 = EDGE_CURVE('',#8476,#8566,#8574,.T.);
#8574 = CIRCLE('',#8575,0.3);
#8575 = AXIS2_PLACEMENT_3D('',#8576,#8577,#8578);
#8576 = CARTESIAN_POINT('',(15.2,12.2,10.3));
#8577 = DIRECTION('',(0.,-1.,-0.));
#8578 = DIRECTION('',(1.,0.,0.));
#8579 = ORIENTED_EDGE('',*,*,#8483,.F.);
#8580 = CYLINDRICAL_SURFACE('',#8581,0.3);
#8581 = AXIS2_PLACEMENT_3D('',#8582,#8583,#8584);
#8582 = CARTESIAN_POINT('',(15.2,0.,10.3));
#8583 = DIRECTION('',(-0.,1.,0.));
#8584 = DIRECTION('',(1.,0.,-0.));
#8585 = ADVANCED_FACE('',(#8586),#8597,.T.);
#8586 = FACE_BOUND('',#8587,.T.);
#8587 = EDGE_LOOP('',(#8588,#8589,#8590,#8591));
#8588 = ORIENTED_EDGE('',*,*,#8310,.F.);
#8589 = ORIENTED_EDGE('',*,*,#8259,.T.);
#8590 = ORIENTED_EDGE('',*,*,#8565,.T.);
#8591 = ORIENTED_EDGE('',*,*,#8592,.F.);
#8592 = EDGE_CURVE('',#8311,#8566,#8593,.T.);
#8593 = LINE('',#8594,#8595);
#8594 = CARTESIAN_POINT('',(14.,12.2,10.6));
#8595 = VECTOR('',#8596,1.);
#8596 = DIRECTION('',(1.,0.,-0.));
#8597 = PLANE('',#8598);
#8598 = AXIS2_PLACEMENT_3D('',#8599,#8600,#8601);
#8599 = CARTESIAN_POINT('',(14.,0.,10.6));
#8600 = DIRECTION('',(0.,0.,1.));
#8601 = DIRECTION('',(1.,0.,-0.));
#8602 = ADVANCED_FACE('',(#8603),#8614,.T.);
#8603 = FACE_BOUND('',#8604,.F.);
#8604 = EDGE_LOOP('',(#8605,#8606,#8613));
#8605 = ORIENTED_EDGE('',*,*,#8352,.F.);
#8606 = ORIENTED_EDGE('',*,*,#8607,.T.);
#8607 = EDGE_CURVE('',#8345,#8311,#8608,.T.);
#8608 = CIRCLE('',#8609,0.3);
#8609 = AXIS2_PLACEMENT_3D('',#8610,#8611,#8612);
#8610 = CARTESIAN_POINT('',(14.3,12.2,10.3));
#8611 = DIRECTION('',(1.,0.,6.123233995737E-17));
#8612 = DIRECTION('',(-6.123233995737E-17,-0.,1.));
#8613 = ORIENTED_EDGE('',*,*,#8318,.F.);
#8614 = SPHERICAL_SURFACE('',#8615,0.3);
#8615 = AXIS2_PLACEMENT_3D('',#8616,#8617,#8618);
#8616 = CARTESIAN_POINT('',(14.3,12.2,10.3));
#8617 = DIRECTION('',(0.,-1.,-0.));
#8618 = DIRECTION('',(-1.,-0.,0.));
#8619 = ADVANCED_FACE('',(#8620),#8631,.T.);
#8620 = FACE_BOUND('',#8621,.F.);
#8621 = EDGE_LOOP('',(#8622,#8623,#8630));
#8622 = ORIENTED_EDGE('',*,*,#8384,.F.);
#8623 = ORIENTED_EDGE('',*,*,#8624,.T.);
#8624 = EDGE_CURVE('',#8377,#8336,#8625,.T.);
#8625 = CIRCLE('',#8626,0.3);
#8626 = AXIS2_PLACEMENT_3D('',#8627,#8628,#8629);
#8627 = CARTESIAN_POINT('',(14.3,12.2,0.3));
#8628 = DIRECTION('',(1.,6.123233995737E-17,-0.));
#8629 = DIRECTION('',(-6.123233995737E-17,1.,0.));
#8630 = ORIENTED_EDGE('',*,*,#8335,.F.);
#8631 = SPHERICAL_SURFACE('',#8632,0.3);
#8632 = AXIS2_PLACEMENT_3D('',#8633,#8634,#8635);
#8633 = CARTESIAN_POINT('',(14.3,12.2,0.3));
#8634 = DIRECTION('',(0.,0.,1.));
#8635 = DIRECTION('',(-1.,0.,0.));
#8636 = ADVANCED_FACE('',(#8637),#8662,.T.);
#8637 = FACE_BOUND('',#8638,.T.);
#8638 = EDGE_LOOP('',(#8639,#8640,#8648,#8656));
#8639 = ORIENTED_EDGE('',*,*,#8344,.T.);
#8640 = ORIENTED_EDGE('',*,*,#8641,.T.);
#8641 = EDGE_CURVE('',#8345,#8642,#8644,.T.);
#8642 = VERTEX_POINT('',#8643);
#8643 = CARTESIAN_POINT('',(15.2,12.5,10.3));
#8644 = LINE('',#8645,#8646);
#8645 = CARTESIAN_POINT('',(14.,12.5,10.3));
#8646 = VECTOR('',#8647,1.);
#8647 = DIRECTION('',(1.,0.,-0.));
#8648 = ORIENTED_EDGE('',*,*,#8649,.F.);
#8649 = EDGE_CURVE('',#8650,#8642,#8652,.T.);
#8650 = VERTEX_POINT('',#8651);
#8651 = CARTESIAN_POINT('',(15.2,12.5,0.3));
#8652 = LINE('',#8653,#8654);
#8653 = CARTESIAN_POINT('',(15.2,12.5,0.));
#8654 = VECTOR('',#8655,1.);
#8655 = DIRECTION('',(0.,0.,1.));
#8656 = ORIENTED_EDGE('',*,*,#8657,.F.);
#8657 = EDGE_CURVE('',#8336,#8650,#8658,.T.);
#8658 = LINE('',#8659,#8660);
#8659 = CARTESIAN_POINT('',(14.,12.5,0.3));
#8660 = VECTOR('',#8661,1.);
#8661 = DIRECTION('',(1.,0.,-0.));
#8662 = PLANE('',#8663);
#8663 = AXIS2_PLACEMENT_3D('',#8664,#8665,#8666);
#8664 = CARTESIAN_POINT('',(14.,12.5,0.));
#8665 = DIRECTION('',(-0.,1.,0.));
#8666 = DIRECTION('',(0.,0.,1.));
#8667 = ADVANCED_FACE('',(#8668),#8693,.F.);
#8668 = FACE_BOUND('',#8669,.F.);
#8669 = EDGE_LOOP('',(#8670,#8671,#8679,#8687));
#8670 = ORIENTED_EDGE('',*,*,#8376,.F.);
#8671 = ORIENTED_EDGE('',*,*,#8672,.T.);
#8672 = EDGE_CURVE('',#8368,#8673,#8675,.T.);
#8673 = VERTEX_POINT('',#8674);
#8674 = CARTESIAN_POINT('',(15.2,0.3,0.));
#8675 = LINE('',#8676,#8677);
#8676 = CARTESIAN_POINT('',(14.,0.3,-5.551115123126E-17));
#8677 = VECTOR('',#8678,1.);
#8678 = DIRECTION('',(1.,0.,-0.));
#8679 = ORIENTED_EDGE('',*,*,#8680,.T.);
#8680 = EDGE_CURVE('',#8673,#8681,#8683,.T.);
#8681 = VERTEX_POINT('',#8682);
#8682 = CARTESIAN_POINT('',(15.2,12.2,0.));
#8683 = LINE('',#8684,#8685);
#8684 = CARTESIAN_POINT('',(15.2,0.,-5.551115123126E-17));
#8685 = VECTOR('',#8686,1.);
#8686 = DIRECTION('',(-0.,1.,0.));
#8687 = ORIENTED_EDGE('',*,*,#8688,.F.);
#8688 = EDGE_CURVE('',#8377,#8681,#8689,.T.);
#8689 = LINE('',#8690,#8691);
#8690 = CARTESIAN_POINT('',(14.,12.2,-5.551115123126E-17));
#8691 = VECTOR('',#8692,1.);
#8692 = DIRECTION('',(1.,0.,-0.));
#8693 = PLANE('',#8694);
#8694 = AXIS2_PLACEMENT_3D('',#8695,#8696,#8697);
#8695 = CARTESIAN_POINT('',(14.,0.,0.));
#8696 = DIRECTION('',(0.,0.,1.));
#8697 = DIRECTION('',(1.,0.,-0.));
#8698 = ADVANCED_FACE('',(#8699),#8711,.T.);
#8699 = FACE_BOUND('',#8700,.T.);
#8700 = EDGE_LOOP('',(#8701,#8702,#8703,#8710));
#8701 = ORIENTED_EDGE('',*,*,#8425,.F.);
#8702 = ORIENTED_EDGE('',*,*,#8672,.T.);
#8703 = ORIENTED_EDGE('',*,*,#8704,.T.);
#8704 = EDGE_CURVE('',#8673,#8401,#8705,.T.);
#8705 = CIRCLE('',#8706,0.3);
#8706 = AXIS2_PLACEMENT_3D('',#8707,#8708,#8709);
#8707 = CARTESIAN_POINT('',(15.2,0.3,0.3));
#8708 = DIRECTION('',(-1.,-6.123233995737E-17,0.));
#8709 = DIRECTION('',(6.123233995737E-17,-1.,-0.));
#8710 = ORIENTED_EDGE('',*,*,#8400,.F.);
#8711 = CYLINDRICAL_SURFACE('',#8712,0.3);
#8712 = AXIS2_PLACEMENT_3D('',#8713,#8714,#8715);
#8713 = CARTESIAN_POINT('',(14.,0.3,0.3));
#8714 = DIRECTION('',(1.,0.,-0.));
#8715 = DIRECTION('',(0.,-1.,0.));
#8716 = ADVANCED_FACE('',(#8717),#8728,.T.);
#8717 = FACE_BOUND('',#8718,.F.);
#8718 = EDGE_LOOP('',(#8719,#8726,#8727));
#8719 = ORIENTED_EDGE('',*,*,#8720,.F.);
#8720 = EDGE_CURVE('',#8673,#8442,#8721,.T.);
#8721 = CIRCLE('',#8722,0.3);
#8722 = AXIS2_PLACEMENT_3D('',#8723,#8724,#8725);
#8723 = CARTESIAN_POINT('',(15.2,0.3,0.3));
#8724 = DIRECTION('',(0.,-1.,0.));
#8725 = DIRECTION('',(1.,0.,0.));
#8726 = ORIENTED_EDGE('',*,*,#8704,.T.);
#8727 = ORIENTED_EDGE('',*,*,#8449,.F.);
#8728 = SPHERICAL_SURFACE('',#8729,0.3);
#8729 = AXIS2_PLACEMENT_3D('',#8730,#8731,#8732);
#8730 = CARTESIAN_POINT('',(15.2,0.3,0.3));
#8731 = DIRECTION('',(0.,0.,1.));
#8732 = DIRECTION('',(1.,0.,-0.));
#8733 = ADVANCED_FACE('',(#8734),#8746,.T.);
#8734 = FACE_BOUND('',#8735,.T.);
#8735 = EDGE_LOOP('',(#8736,#8737,#8738,#8745));
#8736 = ORIENTED_EDGE('',*,*,#8720,.F.);
#8737 = ORIENTED_EDGE('',*,*,#8680,.T.);
#8738 = ORIENTED_EDGE('',*,*,#8739,.T.);
#8739 = EDGE_CURVE('',#8681,#8468,#8740,.T.);
#8740 = CIRCLE('',#8741,0.3);
#8741 = AXIS2_PLACEMENT_3D('',#8742,#8743,#8744);
#8742 = CARTESIAN_POINT('',(15.2,12.2,0.3));
#8743 = DIRECTION('',(0.,-1.,0.));
#8744 = DIRECTION('',(1.,0.,0.));
#8745 = ORIENTED_EDGE('',*,*,#8467,.F.);
#8746 = CYLINDRICAL_SURFACE('',#8747,0.3);
#8747 = AXIS2_PLACEMENT_3D('',#8748,#8749,#8750);
#8748 = CARTESIAN_POINT('',(15.2,0.,0.3));
#8749 = DIRECTION('',(-0.,1.,0.));
#8750 = DIRECTION('',(1.,0.,-0.));
#8751 = ADVANCED_FACE('',(#8752),#8770,.T.);
#8752 = FACE_BOUND('',#8753,.T.);
#8753 = EDGE_LOOP('',(#8754,#8755,#8762,#8763));
#8754 = ORIENTED_EDGE('',*,*,#8475,.F.);
#8755 = ORIENTED_EDGE('',*,*,#8756,.T.);
#8756 = EDGE_CURVE('',#8468,#8650,#8757,.T.);
#8757 = CIRCLE('',#8758,0.3);
#8758 = AXIS2_PLACEMENT_3D('',#8759,#8760,#8761);
#8759 = CARTESIAN_POINT('',(15.2,12.2,0.3));
#8760 = DIRECTION('',(0.,0.,1.));
#8761 = DIRECTION('',(1.,0.,-0.));
#8762 = ORIENTED_EDGE('',*,*,#8649,.T.);
#8763 = ORIENTED_EDGE('',*,*,#8764,.T.);
#8764 = EDGE_CURVE('',#8642,#8476,#8765,.T.);
#8765 = CIRCLE('',#8766,0.3);
#8766 = AXIS2_PLACEMENT_3D('',#8767,#8768,#8769);
#8767 = CARTESIAN_POINT('',(15.2,12.2,10.3));
#8768 = DIRECTION('',(0.,0.,-1.));
#8769 = DIRECTION('',(1.,0.,0.));
#8770 = CYLINDRICAL_SURFACE('',#8771,0.3);
#8771 = AXIS2_PLACEMENT_3D('',#8772,#8773,#8774);
#8772 = CARTESIAN_POINT('',(15.2,12.2,0.));
#8773 = DIRECTION('',(0.,0.,1.));
#8774 = DIRECTION('',(1.,0.,-0.));
#8775 = ADVANCED_FACE('',(#8776),#8795,.F.);
#8776 = FACE_BOUND('',#8777,.F.);
#8777 = EDGE_LOOP('',(#8778,#8786,#8793,#8794));
#8778 = ORIENTED_EDGE('',*,*,#8779,.T.);
#8779 = EDGE_CURVE('',#8493,#8780,#8782,.T.);
#8780 = VERTEX_POINT('',#8781);
#8781 = CARTESIAN_POINT('',(15.23,10.65,2.68));
#8782 = LINE('',#8783,#8784);
#8783 = CARTESIAN_POINT('',(15.55,10.65,2.68));
#8784 = VECTOR('',#8785,1.);
#8785 = DIRECTION('',(-1.,0.,0.));
#8786 = ORIENTED_EDGE('',*,*,#8787,.F.);
#8787 = EDGE_CURVE('',#8780,#8780,#8788,.T.);
#8788 = CIRCLE('',#8789,0.42);
#8789 = AXIS2_PLACEMENT_3D('',#8790,#8791,#8792);
#8790 = CARTESIAN_POINT('',(15.23,10.65,3.1));
#8791 = DIRECTION('',(-1.,0.,0.));
#8792 = DIRECTION('',(0.,0.,-1.));
#8793 = ORIENTED_EDGE('',*,*,#8779,.F.);
#8794 = ORIENTED_EDGE('',*,*,#8492,.T.);
#8795 = CYLINDRICAL_SURFACE('',#8796,0.42);
#8796 = AXIS2_PLACEMENT_3D('',#8797,#8798,#8799);
#8797 = CARTESIAN_POINT('',(15.55,10.65,3.1));
#8798 = DIRECTION('',(-1.,0.,0.));
#8799 = DIRECTION('',(0.,0.,-1.));
#8800 = ADVANCED_FACE('',(#8801),#8820,.F.);
#8801 = FACE_BOUND('',#8802,.F.);
#8802 = EDGE_LOOP('',(#8803,#8811,#8818,#8819));
#8803 = ORIENTED_EDGE('',*,*,#8804,.T.);
#8804 = EDGE_CURVE('',#8504,#8805,#8807,.T.);
#8805 = VERTEX_POINT('',#8806);
#8806 = CARTESIAN_POINT('',(15.23,6.25,1.03));
#8807 = LINE('',#8808,#8809);
#8808 = CARTESIAN_POINT('',(15.55,6.25,1.03));
#8809 = VECTOR('',#8810,1.);
#8810 = DIRECTION('',(-1.,0.,0.));
#8811 = ORIENTED_EDGE('',*,*,#8812,.F.);
#8812 = EDGE_CURVE('',#8805,#8805,#8813,.T.);
#8813 = CIRCLE('',#8814,0.42);
#8814 = AXIS2_PLACEMENT_3D('',#8815,#8816,#8817);
#8815 = CARTESIAN_POINT('',(15.23,6.25,1.45));
#8816 = DIRECTION('',(-1.,0.,0.));
#8817 = DIRECTION('',(0.,0.,-1.));
#8818 = ORIENTED_EDGE('',*,*,#8804,.F.);
#8819 = ORIENTED_EDGE('',*,*,#8503,.T.);
#8820 = CYLINDRICAL_SURFACE('',#8821,0.42);
#8821 = AXIS2_PLACEMENT_3D('',#8822,#8823,#8824);
#8822 = CARTESIAN_POINT('',(15.55,6.25,1.45));
#8823 = DIRECTION('',(-1.,0.,0.));
#8824 = DIRECTION('',(0.,0.,-1.));
#8825 = ADVANCED_FACE('',(#8826),#8845,.F.);
#8826 = FACE_BOUND('',#8827,.F.);
#8827 = EDGE_LOOP('',(#8828,#8836,#8843,#8844));
#8828 = ORIENTED_EDGE('',*,*,#8829,.T.);
#8829 = EDGE_CURVE('',#8515,#8830,#8832,.T.);
#8830 = VERTEX_POINT('',#8831);
#8831 = CARTESIAN_POINT('',(15.23,10.65,7.73));
#8832 = LINE('',#8833,#8834);
#8833 = CARTESIAN_POINT('',(15.55,10.65,7.73));
#8834 = VECTOR('',#8835,1.);
#8835 = DIRECTION('',(-1.,0.,0.));
#8836 = ORIENTED_EDGE('',*,*,#8837,.F.);
#8837 = EDGE_CURVE('',#8830,#8830,#8838,.T.);
#8838 = CIRCLE('',#8839,0.42);
#8839 = AXIS2_PLACEMENT_3D('',#8840,#8841,#8842);
#8840 = CARTESIAN_POINT('',(15.23,10.65,8.15));
#8841 = DIRECTION('',(-1.,0.,0.));
#8842 = DIRECTION('',(0.,0.,-1.));
#8843 = ORIENTED_EDGE('',*,*,#8829,.F.);
#8844 = ORIENTED_EDGE('',*,*,#8514,.T.);
#8845 = CYLINDRICAL_SURFACE('',#8846,0.42);
#8846 = AXIS2_PLACEMENT_3D('',#8847,#8848,#8849);
#8847 = CARTESIAN_POINT('',(15.55,10.65,8.15));
#8848 = DIRECTION('',(-1.,0.,0.));
#8849 = DIRECTION('',(0.,0.,-1.));
#8850 = ADVANCED_FACE('',(#8851),#8870,.F.);
#8851 = FACE_BOUND('',#8852,.F.);
#8852 = EDGE_LOOP('',(#8853,#8861,#8868,#8869));
#8853 = ORIENTED_EDGE('',*,*,#8854,.T.);
#8854 = EDGE_CURVE('',#8526,#8855,#8857,.T.);
#8855 = VERTEX_POINT('',#8856);
#8856 = CARTESIAN_POINT('',(15.23,1.65,1.03));
#8857 = LINE('',#8858,#8859);
#8858 = CARTESIAN_POINT('',(15.55,1.65,1.03));
#8859 = VECTOR('',#8860,1.);
#8860 = DIRECTION('',(-1.,0.,0.));
#8861 = ORIENTED_EDGE('',*,*,#8862,.F.);
#8862 = EDGE_CURVE('',#8855,#8855,#8863,.T.);
#8863 = CIRCLE('',#8864,0.42);
#8864 = AXIS2_PLACEMENT_3D('',#8865,#8866,#8867);
#8865 = CARTESIAN_POINT('',(15.23,1.65,1.45));
#8866 = DIRECTION('',(-1.,0.,0.));
#8867 = DIRECTION('',(0.,0.,-1.));
#8868 = ORIENTED_EDGE('',*,*,#8854,.F.);
#8869 = ORIENTED_EDGE('',*,*,#8525,.T.);
#8870 = CYLINDRICAL_SURFACE('',#8871,0.42);
#8871 = AXIS2_PLACEMENT_3D('',#8872,#8873,#8874);
#8872 = CARTESIAN_POINT('',(15.55,1.65,1.45));
#8873 = DIRECTION('',(-1.,0.,0.));
#8874 = DIRECTION('',(0.,0.,-1.));
#8875 = ADVANCED_FACE('',(#8876),#8895,.F.);
#8876 = FACE_BOUND('',#8877,.F.);
#8877 = EDGE_LOOP('',(#8878,#8886,#8893,#8894));
#8878 = ORIENTED_EDGE('',*,*,#8879,.T.);
#8879 = EDGE_CURVE('',#8537,#8880,#8882,.T.);
#8880 = VERTEX_POINT('',#8881);
#8881 = CARTESIAN_POINT('',(15.23,4.65,6.86));
#8882 = LINE('',#8883,#8884);
#8883 = CARTESIAN_POINT('',(15.55,4.65,6.86));
#8884 = VECTOR('',#8885,1.);
#8885 = DIRECTION('',(-1.,0.,0.));
#8886 = ORIENTED_EDGE('',*,*,#8887,.F.);
#8887 = EDGE_CURVE('',#8880,#8880,#8888,.T.);
#8888 = CIRCLE('',#8889,0.34);
#8889 = AXIS2_PLACEMENT_3D('',#8890,#8891,#8892);
#8890 = CARTESIAN_POINT('',(15.23,4.65,7.2));
#8891 = DIRECTION('',(-1.,0.,0.));
#8892 = DIRECTION('',(0.,0.,-1.));
#8893 = ORIENTED_EDGE('',*,*,#8879,.F.);
#8894 = ORIENTED_EDGE('',*,*,#8536,.T.);
#8895 = CYLINDRICAL_SURFACE('',#8896,0.34);
#8896 = AXIS2_PLACEMENT_3D('',#8897,#8898,#8899);
#8897 = CARTESIAN_POINT('',(15.55,4.65,7.2));
#8898 = DIRECTION('',(-1.,0.,0.));
#8899 = DIRECTION('',(0.,0.,-1.));
#8900 = ADVANCED_FACE('',(#8901),#8920,.F.);
#8901 = FACE_BOUND('',#8902,.F.);
#8902 = EDGE_LOOP('',(#8903,#8911,#8918,#8919));
#8903 = ORIENTED_EDGE('',*,*,#8904,.T.);
#8904 = EDGE_CURVE('',#8548,#8905,#8907,.T.);
#8905 = VERTEX_POINT('',#8906);
#8906 = CARTESIAN_POINT('',(15.23,1.65,7.73));
#8907 = LINE('',#8908,#8909);
#8908 = CARTESIAN_POINT('',(15.55,1.65,7.73));
#8909 = VECTOR('',#8910,1.);
#8910 = DIRECTION('',(-1.,0.,0.));
#8911 = ORIENTED_EDGE('',*,*,#8912,.F.);
#8912 = EDGE_CURVE('',#8905,#8905,#8913,.T.);
#8913 = CIRCLE('',#8914,0.42);
#8914 = AXIS2_PLACEMENT_3D('',#8915,#8916,#8917);
#8915 = CARTESIAN_POINT('',(15.23,1.65,8.15));
#8916 = DIRECTION('',(-1.,0.,0.));
#8917 = DIRECTION('',(0.,0.,-1.));
#8918 = ORIENTED_EDGE('',*,*,#8904,.F.);
#8919 = ORIENTED_EDGE('',*,*,#8547,.T.);
#8920 = CYLINDRICAL_SURFACE('',#8921,0.42);
#8921 = AXIS2_PLACEMENT_3D('',#8922,#8923,#8924);
#8922 = CARTESIAN_POINT('',(15.55,1.65,8.15));
#8923 = DIRECTION('',(-1.,0.,0.));
#8924 = DIRECTION('',(0.,0.,-1.));
#8925 = ADVANCED_FACE('',(#8926),#8937,.T.);
#8926 = FACE_BOUND('',#8927,.T.);
#8927 = EDGE_LOOP('',(#8928,#8929,#8936));
#8928 = ORIENTED_EDGE('',*,*,#8764,.F.);
#8929 = ORIENTED_EDGE('',*,*,#8930,.T.);
#8930 = EDGE_CURVE('',#8642,#8566,#8931,.T.);
#8931 = CIRCLE('',#8932,0.3);
#8932 = AXIS2_PLACEMENT_3D('',#8933,#8934,#8935);
#8933 = CARTESIAN_POINT('',(15.2,12.2,10.3));
#8934 = DIRECTION('',(1.,0.,-6.123233995737E-17));
#8935 = DIRECTION('',(6.123233995737E-17,0.,1.));
#8936 = ORIENTED_EDGE('',*,*,#8573,.F.);
#8937 = SPHERICAL_SURFACE('',#8938,0.3);
#8938 = AXIS2_PLACEMENT_3D('',#8939,#8940,#8941);
#8939 = CARTESIAN_POINT('',(15.2,12.2,10.3));
#8940 = DIRECTION('',(0.,-1.,-0.));
#8941 = DIRECTION('',(1.,0.,0.));
#8942 = ADVANCED_FACE('',(#8943),#8949,.T.);
#8943 = FACE_BOUND('',#8944,.T.);
#8944 = EDGE_LOOP('',(#8945,#8946,#8947,#8948));
#8945 = ORIENTED_EDGE('',*,*,#8607,.T.);
#8946 = ORIENTED_EDGE('',*,*,#8592,.T.);
#8947 = ORIENTED_EDGE('',*,*,#8930,.F.);
#8948 = ORIENTED_EDGE('',*,*,#8641,.F.);
#8949 = CYLINDRICAL_SURFACE('',#8950,0.3);
#8950 = AXIS2_PLACEMENT_3D('',#8951,#8952,#8953);
#8951 = CARTESIAN_POINT('',(14.,12.2,10.3));
#8952 = DIRECTION('',(1.,0.,-0.));
#8953 = DIRECTION('',(0.,1.,0.));
#8954 = ADVANCED_FACE('',(#8955),#8967,.T.);
#8955 = FACE_BOUND('',#8956,.F.);
#8956 = EDGE_LOOP('',(#8957,#8958,#8959,#8966));
#8957 = ORIENTED_EDGE('',*,*,#8624,.F.);
#8958 = ORIENTED_EDGE('',*,*,#8688,.T.);
#8959 = ORIENTED_EDGE('',*,*,#8960,.T.);
#8960 = EDGE_CURVE('',#8681,#8650,#8961,.T.);
#8961 = CIRCLE('',#8962,0.3);
#8962 = AXIS2_PLACEMENT_3D('',#8963,#8964,#8965);
#8963 = CARTESIAN_POINT('',(15.2,12.2,0.3));
#8964 = DIRECTION('',(1.,-6.123233995737E-17,0.));
#8965 = DIRECTION('',(6.123233995737E-17,1.,0.));
#8966 = ORIENTED_EDGE('',*,*,#8657,.F.);
#8967 = CYLINDRICAL_SURFACE('',#8968,0.3);
#8968 = AXIS2_PLACEMENT_3D('',#8969,#8970,#8971);
#8969 = CARTESIAN_POINT('',(14.,12.2,0.3));
#8970 = DIRECTION('',(1.,0.,-0.));
#8971 = DIRECTION('',(0.,1.,0.));
#8972 = ADVANCED_FACE('',(#8973),#8978,.T.);
#8973 = FACE_BOUND('',#8974,.T.);
#8974 = EDGE_LOOP('',(#8975,#8976,#8977));
#8975 = ORIENTED_EDGE('',*,*,#8739,.F.);
#8976 = ORIENTED_EDGE('',*,*,#8960,.T.);
#8977 = ORIENTED_EDGE('',*,*,#8756,.F.);
#8978 = SPHERICAL_SURFACE('',#8979,0.3);
#8979 = AXIS2_PLACEMENT_3D('',#8980,#8981,#8982);
#8980 = CARTESIAN_POINT('',(15.2,12.2,0.3));
#8981 = DIRECTION('',(0.,0.,1.));
#8982 = DIRECTION('',(1.,0.,-0.));
#8983 = ADVANCED_FACE('',(#8984),#8987,.F.);
#8984 = FACE_BOUND('',#8985,.F.);
#8985 = EDGE_LOOP('',(#8986));
#8986 = ORIENTED_EDGE('',*,*,#8787,.T.);
#8987 = PLANE('',#8988);
#8988 = AXIS2_PLACEMENT_3D('',#8989,#8990,#8991);
#8989 = CARTESIAN_POINT('',(15.23,10.65,3.1));
#8990 = DIRECTION('',(-1.,0.,0.));
#8991 = DIRECTION('',(0.,0.,-1.));
#8992 = ADVANCED_FACE('',(#8993),#8996,.F.);
#8993 = FACE_BOUND('',#8994,.F.);
#8994 = EDGE_LOOP('',(#8995));
#8995 = ORIENTED_EDGE('',*,*,#8812,.T.);
#8996 = PLANE('',#8997);
#8997 = AXIS2_PLACEMENT_3D('',#8998,#8999,#9000);
#8998 = CARTESIAN_POINT('',(15.23,6.25,1.45));
#8999 = DIRECTION('',(-1.,0.,0.));
#9000 = DIRECTION('',(0.,0.,-1.));
#9001 = ADVANCED_FACE('',(#9002),#9005,.F.);
#9002 = FACE_BOUND('',#9003,.F.);
#9003 = EDGE_LOOP('',(#9004));
#9004 = ORIENTED_EDGE('',*,*,#8837,.T.);
#9005 = PLANE('',#9006);
#9006 = AXIS2_PLACEMENT_3D('',#9007,#9008,#9009);
#9007 = CARTESIAN_POINT('',(15.23,10.65,8.15));
#9008 = DIRECTION('',(-1.,0.,0.));
#9009 = DIRECTION('',(0.,0.,-1.));
#9010 = ADVANCED_FACE('',(#9011),#9014,.F.);
#9011 = FACE_BOUND('',#9012,.F.);
#9012 = EDGE_LOOP('',(#9013));
#9013 = ORIENTED_EDGE('',*,*,#8862,.T.);
#9014 = PLANE('',#9015);
#9015 = AXIS2_PLACEMENT_3D('',#9016,#9017,#9018);
#9016 = CARTESIAN_POINT('',(15.23,1.65,1.45));
#9017 = DIRECTION('',(-1.,0.,0.));
#9018 = DIRECTION('',(0.,0.,-1.));
#9019 = ADVANCED_FACE('',(#9020),#9023,.F.);
#9020 = FACE_BOUND('',#9021,.F.);
#9021 = EDGE_LOOP('',(#9022));
#9022 = ORIENTED_EDGE('',*,*,#8887,.T.);
#9023 = PLANE('',#9024);
#9024 = AXIS2_PLACEMENT_3D('',#9025,#9026,#9027);
#9025 = CARTESIAN_POINT('',(15.23,4.65,7.2));
#9026 = DIRECTION('',(-1.,0.,0.));
#9027 = DIRECTION('',(0.,0.,-1.));
#9028 = ADVANCED_FACE('',(#9029),#9032,.F.);
#9029 = FACE_BOUND('',#9030,.F.);
#9030 = EDGE_LOOP('',(#9031));
#9031 = ORIENTED_EDGE('',*,*,#8912,.T.);
#9032 = PLANE('',#9033);
#9033 = AXIS2_PLACEMENT_3D('',#9034,#9035,#9036);
#9034 = CARTESIAN_POINT('',(15.23,1.65,8.15));
#9035 = DIRECTION('',(-1.,0.,0.));
#9036 = DIRECTION('',(0.,0.,-1.));
#9037 = ( GEOMETRIC_REPRESENTATION_CONTEXT(3)
GLOBAL_UNCERTAINTY_ASSIGNED_CONTEXT((#9041))
GLOBAL_UNIT_ASSIGNED_CONTEXT((#9038,#9039,#9040)) REPRESENTATION_CONTEXT
('Context #1','3D Context with UNIT and UNCERTAINTY') );
#9038 = ( LENGTH_UNIT() NAMED_UNIT(*) SI_UNIT(.MILLI.,.METRE.) );
#9039 = ( NAMED_UNIT(*) PLANE_ANGLE_UNIT() SI_UNIT($,.RADIAN.) );
#9040 = ( NAMED_UNIT(*) SI_UNIT($,.STERADIAN.) SOLID_ANGLE_UNIT() );
#9041 = UNCERTAINTY_MEASURE_WITH_UNIT(LENGTH_MEASURE(1.E-07),#9038,
  'distance_accuracy_value','confusion accuracy');
#9042 = CONTEXT_DEPENDENT_SHAPE_REPRESENTATION(#9043,#9045);
#9043 = ( REPRESENTATION_RELATIONSHIP('','',#8162,#10)
REPRESENTATION_RELATIONSHIP_WITH_TRANSFORMATION(#9044)
SHAPE_REPRESENTATION_RELATIONSHIP() );
#9044 = ITEM_DEFINED_TRANSFORMATION('','',#11,#79);
#9045 = PRODUCT_DEFINITION_SHAPE('Placement','Placement of an item',
  #9046);
#9046 = NEXT_ASSEMBLY_USAGE_OCCURRENCE('17','1.5 mm Side Cover','',#5,
  #8157,$);
#9047 = PRODUCT_RELATED_PRODUCT_CATEGORY('part',$,(#8159));
#9048 = MECHANICAL_DESIGN_GEOMETRIC_PRESENTATION_REPRESENTATION('',(
    #9049),#5350);
#9049 = STYLED_ITEM('color',(#9050),#3995);
#9050 = PRESENTATION_STYLE_ASSIGNMENT((#9051,#9057));
#9051 = SURFACE_STYLE_USAGE(.BOTH.,#9052);
#9052 = SURFACE_SIDE_STYLE('',(#9053));
#9053 = SURFACE_STYLE_FILL_AREA(#9054);
#9054 = FILL_AREA_STYLE('',(#9055));
#9055 = FILL_AREA_STYLE_COLOUR('',#9056);
#9056 = COLOUR_RGB('',0.125490201081,0.125490201081,0.125490201081);
#9057 = CURVE_STYLE('',#9058,POSITIVE_LENGTH_MEASURE(0.1),#9059);
#9058 = DRAUGHTING_PRE_DEFINED_CURVE_FONT('continuous');
#9059 = COLOUR_RGB('',6.90196081359E-02,6.90196081359E-02,
  6.90196081359E-02);
#9060 = MECHANICAL_DESIGN_GEOMETRIC_PRESENTATION_REPRESENTATION('',(
    #9061),#5587);
#9061 = STYLED_ITEM('color',(#9062),#5369);
#9062 = PRESENTATION_STYLE_ASSIGNMENT((#9063,#9068));
#9063 = SURFACE_STYLE_USAGE(.BOTH.,#9064);
#9064 = SURFACE_SIDE_STYLE('',(#9065));
#9065 = SURFACE_STYLE_FILL_AREA(#9066);
#9066 = FILL_AREA_STYLE('',(#9067));
#9067 = FILL_AREA_STYLE_COLOUR('',#9056);
#9068 = CURVE_STYLE('',#9069,POSITIVE_LENGTH_MEASURE(0.1),#9059);
#9069 = DRAUGHTING_PRE_DEFINED_CURVE_FONT('continuous');
#9070 = MECHANICAL_DESIGN_GEOMETRIC_PRESENTATION_REPRESENTATION('',(
    #9071),#9037);
#9071 = STYLED_ITEM('color',(#9072),#8163);
#9072 = PRESENTATION_STYLE_ASSIGNMENT((#9073,#9078));
#9073 = SURFACE_STYLE_USAGE(.BOTH.,#9074);
#9074 = SURFACE_SIDE_STYLE('',(#9075));
#9075 = SURFACE_STYLE_FILL_AREA(#9076);
#9076 = FILL_AREA_STYLE('',(#9077));
#9077 = FILL_AREA_STYLE_COLOUR('',#9056);
#9078 = CURVE_STYLE('',#9079,POSITIVE_LENGTH_MEASURE(0.1),#9059);
#9079 = DRAUGHTING_PRE_DEFINED_CURVE_FONT('continuous');
#9080 = MECHANICAL_DESIGN_GEOMETRIC_PRESENTATION_REPRESENTATION('',(
    #9081),#3807);
#9081 = STYLED_ITEM('color',(#9082),#3657);
#9082 = PRESENTATION_STYLE_ASSIGNMENT((#9083,#9089));
#9083 = SURFACE_STYLE_USAGE(.BOTH.,#9084);
#9084 = SURFACE_SIDE_STYLE('',(#9085));
#9085 = SURFACE_STYLE_FILL_AREA(#9086);
#9086 = FILL_AREA_STYLE('',(#9087));
#9087 = FILL_AREA_STYLE_COLOUR('',#9088);
#9088 = COLOUR_RGB('',0.752941202324,0.752941202324,0.752941202324);
#9089 = CURVE_STYLE('',#9090,POSITIVE_LENGTH_MEASURE(0.1),#9091);
#9090 = DRAUGHTING_PRE_DEFINED_CURVE_FONT('continuous');
#9091 = COLOUR_RGB('',0.414117625119,0.414117625119,0.414117625119);
#9092 = MECHANICAL_DESIGN_GEOMETRIC_PRESENTATION_REPRESENTATION('',(
    #9093),#3401);
#9093 = STYLED_ITEM('color',(#9094),#2046);
#9094 = PRESENTATION_STYLE_ASSIGNMENT((#9095,#9100));
#9095 = SURFACE_STYLE_USAGE(.BOTH.,#9096);
#9096 = SURFACE_SIDE_STYLE('',(#9097));
#9097 = SURFACE_STYLE_FILL_AREA(#9098);
#9098 = FILL_AREA_STYLE('',(#9099));
#9099 = FILL_AREA_STYLE_COLOUR('',#9056);
#9100 = CURVE_STYLE('',#9101,POSITIVE_LENGTH_MEASURE(0.1),#9059);
#9101 = DRAUGHTING_PRE_DEFINED_CURVE_FONT('continuous');
#9102 = MECHANICAL_DESIGN_GEOMETRIC_PRESENTATION_REPRESENTATION('',(
    #9103),#1452);
#9103 = STYLED_ITEM('color',(#9104),#97);
#9104 = PRESENTATION_STYLE_ASSIGNMENT((#9105,#9110));
#9105 = SURFACE_STYLE_USAGE(.BOTH.,#9106);
#9106 = SURFACE_SIDE_STYLE('',(#9107));
#9107 = SURFACE_STYLE_FILL_AREA(#9108);
#9108 = FILL_AREA_STYLE('',(#9109));
#9109 = FILL_AREA_STYLE_COLOUR('',#9056);
#9110 = CURVE_STYLE('',#9111,POSITIVE_LENGTH_MEASURE(0.1),#9059);
#9111 = DRAUGHTING_PRE_DEFINED_CURVE_FONT('continuous');
#9112 = MECHANICAL_DESIGN_GEOMETRIC_PRESENTATION_REPRESENTATION('',(
    #9113),#5925);
#9113 = STYLED_ITEM('color',(#9114),#5775);
#9114 = PRESENTATION_STYLE_ASSIGNMENT((#9115,#9120));
#9115 = SURFACE_STYLE_USAGE(.BOTH.,#9116);
#9116 = SURFACE_SIDE_STYLE('',(#9117));
#9117 = SURFACE_STYLE_FILL_AREA(#9118);
#9118 = FILL_AREA_STYLE('',(#9119));
#9119 = FILL_AREA_STYLE_COLOUR('',#9088);
#9120 = CURVE_STYLE('',#9121,POSITIVE_LENGTH_MEASURE(0.1),#9091);
#9121 = DRAUGHTING_PRE_DEFINED_CURVE_FONT('continuous');
#9122 = MECHANICAL_DESIGN_GEOMETRIC_PRESENTATION_REPRESENTATION('',(
    #9123),#1689);
#9123 = STYLED_ITEM('color',(#9124),#1471);
#9124 = PRESENTATION_STYLE_ASSIGNMENT((#9125,#9130));
#9125 = SURFACE_STYLE_USAGE(.BOTH.,#9126);
#9126 = SURFACE_SIDE_STYLE('',(#9127));
#9127 = SURFACE_STYLE_FILL_AREA(#9128);
#9128 = FILL_AREA_STYLE('',(#9129));
#9129 = FILL_AREA_STYLE_COLOUR('',#9056);
#9130 = CURVE_STYLE('',#9131,POSITIVE_LENGTH_MEASURE(0.1),#9059);
#9131 = DRAUGHTING_PRE_DEFINED_CURVE_FONT('continuous');
#9132 = MECHANICAL_DESIGN_GEOMETRIC_PRESENTATION_REPRESENTATION('',(
    #9133),#7975);
#9133 = STYLED_ITEM('color',(#9134),#7825);
#9134 = PRESENTATION_STYLE_ASSIGNMENT((#9135,#9140));
#9135 = SURFACE_STYLE_USAGE(.BOTH.,#9136);
#9136 = SURFACE_SIDE_STYLE('',(#9137));
#9137 = SURFACE_STYLE_FILL_AREA(#9138);
#9138 = FILL_AREA_STYLE('',(#9139));
#9139 = FILL_AREA_STYLE_COLOUR('',#9088);
#9140 = CURVE_STYLE('',#9141,POSITIVE_LENGTH_MEASURE(0.1),#9091);
#9141 = DRAUGHTING_PRE_DEFINED_CURVE_FONT('continuous');
#9142 = MECHANICAL_DESIGN_GEOMETRIC_PRESENTATION_REPRESENTATION('',(
    #9143),#2027);
#9143 = STYLED_ITEM('color',(#9144),#1877);
#9144 = PRESENTATION_STYLE_ASSIGNMENT((#9145,#9150));
#9145 = SURFACE_STYLE_USAGE(.BOTH.,#9146);
#9146 = SURFACE_SIDE_STYLE('',(#9147));
#9147 = SURFACE_STYLE_FILL_AREA(#9148);
#9148 = FILL_AREA_STYLE('',(#9149));
#9149 = FILL_AREA_STYLE_COLOUR('',#9088);
#9150 = CURVE_STYLE('',#9151,POSITIVE_LENGTH_MEASURE(0.1),#9091);
#9151 = DRAUGHTING_PRE_DEFINED_CURVE_FONT('continuous');
#9152 = MECHANICAL_DESIGN_GEOMETRIC_PRESENTATION_REPRESENTATION('',(
    #9153),#3976);
#9153 = STYLED_ITEM('color',(#9154),#3826);
#9154 = PRESENTATION_STYLE_ASSIGNMENT((#9155,#9160));
#9155 = SURFACE_STYLE_USAGE(.BOTH.,#9156);
#9156 = SURFACE_SIDE_STYLE('',(#9157));
#9157 = SURFACE_STYLE_FILL_AREA(#9158);
#9158 = FILL_AREA_STYLE('',(#9159));
#9159 = FILL_AREA_STYLE_COLOUR('',#9088);
#9160 = CURVE_STYLE('',#9161,POSITIVE_LENGTH_MEASURE(0.1),#9091);
#9161 = DRAUGHTING_PRE_DEFINED_CURVE_FONT('continuous');
#9162 = MECHANICAL_DESIGN_GEOMETRIC_PRESENTATION_REPRESENTATION('',(
    #9163),#5756);
#9163 = STYLED_ITEM('color',(#9164),#5606);
#9164 = PRESENTATION_STYLE_ASSIGNMENT((#9165,#9170));
#9165 = SURFACE_STYLE_USAGE(.BOTH.,#9166);
#9166 = SURFACE_SIDE_STYLE('',(#9167));
#9167 = SURFACE_STYLE_FILL_AREA(#9168);
#9168 = FILL_AREA_STYLE('',(#9169));
#9169 = FILL_AREA_STYLE_COLOUR('',#9088);
#9170 = CURVE_STYLE('',#9171,POSITIVE_LENGTH_MEASURE(0.1),#9091);
#9171 = DRAUGHTING_PRE_DEFINED_CURVE_FONT('continuous');
#9172 = MECHANICAL_DESIGN_GEOMETRIC_PRESENTATION_REPRESENTATION('',(
    #9173),#7806);
#9173 = STYLED_ITEM('color',(#9174),#7588);
#9174 = PRESENTATION_STYLE_ASSIGNMENT((#9175,#9180));
#9175 = SURFACE_STYLE_USAGE(.BOTH.,#9176);
#9176 = SURFACE_SIDE_STYLE('',(#9177));
#9177 = SURFACE_STYLE_FILL_AREA(#9178);
#9178 = FILL_AREA_STYLE('',(#9179));
#9179 = FILL_AREA_STYLE_COLOUR('',#9056);
#9180 = CURVE_STYLE('',#9181,POSITIVE_LENGTH_MEASURE(0.1),#9059);
#9181 = DRAUGHTING_PRE_DEFINED_CURVE_FONT('continuous');
#9182 = MECHANICAL_DESIGN_GEOMETRIC_PRESENTATION_REPRESENTATION('',(
    #9183),#7569);
#9183 = STYLED_ITEM('color',(#9184),#5944);
#9184 = PRESENTATION_STYLE_ASSIGNMENT((#9185,#9190));
#9185 = SURFACE_STYLE_USAGE(.BOTH.,#9186);
#9186 = SURFACE_SIDE_STYLE('',(#9187));
#9187 = SURFACE_STYLE_FILL_AREA(#9188);
#9188 = FILL_AREA_STYLE('',(#9189));
#9189 = FILL_AREA_STYLE_COLOUR('',#9056);
#9190 = CURVE_STYLE('',#9191,POSITIVE_LENGTH_MEASURE(0.1),#9059);
#9191 = DRAUGHTING_PRE_DEFINED_CURVE_FONT('continuous');
#9192 = MECHANICAL_DESIGN_GEOMETRIC_PRESENTATION_REPRESENTATION('',(
    #9193),#8144);
#9193 = STYLED_ITEM('color',(#9194),#7994);
#9194 = PRESENTATION_STYLE_ASSIGNMENT((#9195,#9200));
#9195 = SURFACE_STYLE_USAGE(.BOTH.,#9196);
#9196 = SURFACE_SIDE_STYLE('',(#9197));
#9197 = SURFACE_STYLE_FILL_AREA(#9198);
#9198 = FILL_AREA_STYLE('',(#9199));
#9199 = FILL_AREA_STYLE_COLOUR('',#9088);
#9200 = CURVE_STYLE('',#9201,POSITIVE_LENGTH_MEASURE(0.1),#9091);
#9201 = DRAUGHTING_PRE_DEFINED_CURVE_FONT('continuous');
#9202 = MECHANICAL_DESIGN_GEOMETRIC_PRESENTATION_REPRESENTATION('',(
    #9203),#1858);
#9203 = STYLED_ITEM('color',(#9204),#1708);
#9204 = PRESENTATION_STYLE_ASSIGNMENT((#9205,#9210));
#9205 = SURFACE_STYLE_USAGE(.BOTH.,#9206);
#9206 = SURFACE_SIDE_STYLE('',(#9207));
#9207 = SURFACE_STYLE_FILL_AREA(#9208);
#9208 = FILL_AREA_STYLE('',(#9209));
#9209 = FILL_AREA_STYLE_COLOUR('',#9088);
#9210 = CURVE_STYLE('',#9211,POSITIVE_LENGTH_MEASURE(0.1),#9091);
#9211 = DRAUGHTING_PRE_DEFINED_CURVE_FONT('continuous');
#9212 = MECHANICAL_DESIGN_GEOMETRIC_PRESENTATION_REPRESENTATION('',(
    #9213),#3638);
#9213 = STYLED_ITEM('color',(#9214),#3420);
#9214 = PRESENTATION_STYLE_ASSIGNMENT((#9215,#9220));
#9215 = SURFACE_STYLE_USAGE(.BOTH.,#9216);
#9216 = SURFACE_SIDE_STYLE('',(#9217));
#9217 = SURFACE_STYLE_FILL_AREA(#9218);
#9218 = FILL_AREA_STYLE('',(#9219));
#9219 = FILL_AREA_STYLE_COLOUR('',#9056);
#9220 = CURVE_STYLE('',#9221,POSITIVE_LENGTH_MEASURE(0.1),#9059);
#9221 = DRAUGHTING_PRE_DEFINED_CURVE_FONT('continuous');
ENDSEC;
END-ISO-10303-21;
