ISO-10303-21;
HEADER;
FILE_DESCRIPTION(('FreeCAD Model'),'2;1');
FILE_NAME('Open CASCADE Shape Model','2026-07-12T17:05:27',(''),(''),
  'Open CASCADE STEP processor 7.8','FreeCAD','Unknown');
FILE_SCHEMA(('AUTOMOTIVE_DESIGN { 1 0 10303 214 1 1 1 1 }'));
ENDSEC;
DATA;
#1 = APPLICATION_PROTOCOL_DEFINITION('international standard',
  'automotive_design',2000,#2);
#2 = APPLICATION_CONTEXT(
  'core data for automotive mechanical design processes');
#3 = SHAPE_DEFINITION_REPRESENTATION(#4,#10);
#4 = PRODUCT_DEFINITION_SHAPE('','',#5);
#5 = PRODUCT_DEFINITION('design','',#6,#9);
#6 = PRODUCT_DEFINITION_FORMATION('','',#7);
#7 = PRODUCT('DA803_350_8P_all_black','DA803_350_8P_all_black','',(#8));
#8 = PRODUCT_CONTEXT('',#2,'mechanical');
#9 = PRODUCT_DEFINITION_CONTEXT('part definition',#2,'design');
#10 = SHAPE_REPRESENTATION('',(#11,#15,#19,#23,#27,#31,#35,#39,#43,#47,
    #51,#55,#59,#63,#67,#71,#75,#79,#83,#87,#91,#95,#99,#103,#107,#111,
    #115,#119,#123,#127,#131,#135,#139,#143),#147);
#11 = AXIS2_PLACEMENT_3D('',#12,#13,#14);
#12 = CARTESIAN_POINT('',(0.,0.,0.));
#13 = DIRECTION('',(0.,0.,1.));
#14 = DIRECTION('',(1.,0.,-0.));
#15 = AXIS2_PLACEMENT_3D('',#16,#17,#18);
#16 = CARTESIAN_POINT('',(0.,0.,0.));
#17 = DIRECTION('',(0.,0.,1.));
#18 = DIRECTION('',(1.,0.,0.));
#19 = AXIS2_PLACEMENT_3D('',#20,#21,#22);
#20 = CARTESIAN_POINT('',(0.,0.,0.));
#21 = DIRECTION('',(0.,0.,1.));
#22 = DIRECTION('',(1.,0.,0.));
#23 = AXIS2_PLACEMENT_3D('',#24,#25,#26);
#24 = CARTESIAN_POINT('',(0.,0.,0.));
#25 = DIRECTION('',(0.,0.,1.));
#26 = DIRECTION('',(1.,0.,0.));
#27 = AXIS2_PLACEMENT_3D('',#28,#29,#30);
#28 = CARTESIAN_POINT('',(0.,0.,0.));
#29 = DIRECTION('',(0.,0.,1.));
#30 = DIRECTION('',(1.,0.,0.));
#31 = AXIS2_PLACEMENT_3D('',#32,#33,#34);
#32 = CARTESIAN_POINT('',(0.,0.,0.));
#33 = DIRECTION('',(0.,0.,1.));
#34 = DIRECTION('',(1.,0.,0.));
#35 = AXIS2_PLACEMENT_3D('',#36,#37,#38);
#36 = CARTESIAN_POINT('',(0.,0.,0.));
#37 = DIRECTION('',(0.,0.,1.));
#38 = DIRECTION('',(1.,0.,0.));
#39 = AXIS2_PLACEMENT_3D('',#40,#41,#42);
#40 = CARTESIAN_POINT('',(0.,0.,0.));
#41 = DIRECTION('',(0.,0.,1.));
#42 = DIRECTION('',(1.,0.,0.));
#43 = AXIS2_PLACEMENT_3D('',#44,#45,#46);
#44 = CARTESIAN_POINT('',(0.,0.,0.));
#45 = DIRECTION('',(0.,0.,1.));
#46 = DIRECTION('',(1.,0.,0.));
#47 = AXIS2_PLACEMENT_3D('',#48,#49,#50);
#48 = CARTESIAN_POINT('',(0.,0.,0.));
#49 = DIRECTION('',(0.,0.,1.));
#50 = DIRECTION('',(1.,0.,0.));
#51 = AXIS2_PLACEMENT_3D('',#52,#53,#54);
#52 = CARTESIAN_POINT('',(0.,0.,0.));
#53 = DIRECTION('',(0.,0.,1.));
#54 = DIRECTION('',(1.,0.,0.));
#55 = AXIS2_PLACEMENT_3D('',#56,#57,#58);
#56 = CARTESIAN_POINT('',(0.,0.,0.));
#57 = DIRECTION('',(0.,0.,1.));
#58 = DIRECTION('',(1.,0.,0.));
#59 = AXIS2_PLACEMENT_3D('',#60,#61,#62);
#60 = CARTESIAN_POINT('',(0.,0.,0.));
#61 = DIRECTION('',(0.,0.,1.));
#62 = DIRECTION('',(1.,0.,0.));
#63 = AXIS2_PLACEMENT_3D('',#64,#65,#66);
#64 = CARTESIAN_POINT('',(0.,0.,0.));
#65 = DIRECTION('',(0.,0.,1.));
#66 = DIRECTION('',(1.,0.,0.));
#67 = AXIS2_PLACEMENT_3D('',#68,#69,#70);
#68 = CARTESIAN_POINT('',(0.,0.,0.));
#69 = DIRECTION('',(0.,0.,1.));
#70 = DIRECTION('',(1.,0.,0.));
#71 = AXIS2_PLACEMENT_3D('',#72,#73,#74);
#72 = CARTESIAN_POINT('',(0.,0.,0.));
#73 = DIRECTION('',(0.,0.,1.));
#74 = DIRECTION('',(1.,0.,0.));
#75 = AXIS2_PLACEMENT_3D('',#76,#77,#78);
#76 = CARTESIAN_POINT('',(0.,0.,0.));
#77 = DIRECTION('',(0.,0.,1.));
#78 = DIRECTION('',(1.,0.,0.));
#79 = AXIS2_PLACEMENT_3D('',#80,#81,#82);
#80 = CARTESIAN_POINT('',(0.,0.,0.));
#81 = DIRECTION('',(0.,0.,1.));
#82 = DIRECTION('',(1.,0.,0.));
#83 = AXIS2_PLACEMENT_3D('',#84,#85,#86);
#84 = CARTESIAN_POINT('',(0.,0.,0.));
#85 = DIRECTION('',(0.,0.,1.));
#86 = DIRECTION('',(1.,0.,0.));
#87 = AXIS2_PLACEMENT_3D('',#88,#89,#90);
#88 = CARTESIAN_POINT('',(0.,0.,0.));
#89 = DIRECTION('',(0.,0.,1.));
#90 = DIRECTION('',(1.,0.,0.));
#91 = AXIS2_PLACEMENT_3D('',#92,#93,#94);
#92 = CARTESIAN_POINT('',(0.,0.,0.));
#93 = DIRECTION('',(0.,0.,1.));
#94 = DIRECTION('',(1.,0.,0.));
#95 = AXIS2_PLACEMENT_3D('',#96,#97,#98);
#96 = CARTESIAN_POINT('',(0.,0.,0.));
#97 = DIRECTION('',(0.,0.,1.));
#98 = DIRECTION('',(1.,0.,0.));
#99 = AXIS2_PLACEMENT_3D('',#100,#101,#102);
#100 = CARTESIAN_POINT('',(0.,0.,0.));
#101 = DIRECTION('',(0.,0.,1.));
#102 = DIRECTION('',(1.,0.,0.));
#103 = AXIS2_PLACEMENT_3D('',#104,#105,#106);
#104 = CARTESIAN_POINT('',(0.,0.,0.));
#105 = DIRECTION('',(0.,0.,1.));
#106 = DIRECTION('',(1.,0.,0.));
#107 = AXIS2_PLACEMENT_3D('',#108,#109,#110);
#108 = CARTESIAN_POINT('',(0.,0.,0.));
#109 = DIRECTION('',(0.,0.,1.));
#110 = DIRECTION('',(1.,0.,0.));
#111 = AXIS2_PLACEMENT_3D('',#112,#113,#114);
#112 = CARTESIAN_POINT('',(0.,0.,0.));
#113 = DIRECTION('',(0.,0.,1.));
#114 = DIRECTION('',(1.,0.,0.));
#115 = AXIS2_PLACEMENT_3D('',#116,#117,#118);
#116 = CARTESIAN_POINT('',(0.,0.,0.));
#117 = DIRECTION('',(0.,0.,1.));
#118 = DIRECTION('',(1.,0.,0.));
#119 = AXIS2_PLACEMENT_3D('',#120,#121,#122);
#120 = CARTESIAN_POINT('',(0.,0.,0.));
#121 = DIRECTION('',(0.,0.,1.));
#122 = DIRECTION('',(1.,0.,0.));
#123 = AXIS2_PLACEMENT_3D('',#124,#125,#126);
#124 = CARTESIAN_POINT('',(0.,0.,0.));
#125 = DIRECTION('',(0.,0.,1.));
#126 = DIRECTION('',(1.,0.,0.));
#127 = AXIS2_PLACEMENT_3D('',#128,#129,#130);
#128 = CARTESIAN_POINT('',(0.,0.,0.));
#129 = DIRECTION('',(0.,0.,1.));
#130 = DIRECTION('',(1.,0.,0.));
#131 = AXIS2_PLACEMENT_3D('',#132,#133,#134);
#132 = CARTESIAN_POINT('',(0.,0.,0.));
#133 = DIRECTION('',(0.,0.,1.));
#134 = DIRECTION('',(1.,0.,0.));
#135 = AXIS2_PLACEMENT_3D('',#136,#137,#138);
#136 = CARTESIAN_POINT('',(0.,0.,0.));
#137 = DIRECTION('',(0.,0.,1.));
#138 = DIRECTION('',(1.,0.,0.));
#139 = AXIS2_PLACEMENT_3D('',#140,#141,#142);
#140 = CARTESIAN_POINT('',(0.,0.,0.));
#141 = DIRECTION('',(0.,0.,1.));
#142 = DIRECTION('',(1.,0.,0.));
#143 = AXIS2_PLACEMENT_3D('',#144,#145,#146);
#144 = CARTESIAN_POINT('',(0.,0.,0.));
#145 = DIRECTION('',(0.,0.,1.));
#146 = DIRECTION('',(1.,0.,0.));
#147 = ( GEOMETRIC_REPRESENTATION_CONTEXT(3)
GLOBAL_UNCERTAINTY_ASSIGNED_CONTEXT((#151)) GLOBAL_UNIT_ASSIGNED_CONTEXT
((#148,#149,#150)) REPRESENTATION_CONTEXT('Context #1',
  '3D Context with UNIT and UNCERTAINTY') );
#148 = ( LENGTH_UNIT() NAMED_UNIT(*) SI_UNIT(.MILLI.,.METRE.) );
#149 = ( NAMED_UNIT(*) PLANE_ANGLE_UNIT() SI_UNIT($,.RADIAN.) );
#150 = ( NAMED_UNIT(*) SI_UNIT($,.STERADIAN.) SOLID_ANGLE_UNIT() );
#151 = UNCERTAINTY_MEASURE_WITH_UNIT(LENGTH_MEASURE(1.E-07),#148,
  'distance_accuracy_value','confusion accuracy');
#152 = PRODUCT_RELATED_PRODUCT_CATEGORY('part',$,(#7));
#153 = SHAPE_DEFINITION_REPRESENTATION(#154,#160);
#154 = PRODUCT_DEFINITION_SHAPE('','',#155);
#155 = PRODUCT_DEFINITION('design','',#156,#159);
#156 = PRODUCT_DEFINITION_FORMATION('','',#157);
#157 = PRODUCT('Housing P1','Housing P1','',(#158));
#158 = PRODUCT_CONTEXT('',#2,'mechanical');
#159 = PRODUCT_DEFINITION_CONTEXT('part definition',#2,'design');
#160 = ADVANCED_BREP_SHAPE_REPRESENTATION('',(#11,#161),#1516);
#161 = MANIFOLD_SOLID_BREP('',#162);
#162 = CLOSED_SHELL('',(#163,#211,#244,#335,#360,#393,#426,#527,#544,
    #569,#601,#626,#666,#698,#722,#747,#764,#781,#812,#843,#861,#892,
    #917,#948,#972,#1003,#1020,#1044,#1062,#1079,#1091,#1108,#1120,#1138
    ,#1149,#1198,#1229,#1260,#1293,#1324,#1364,#1395,#1411,#1457,#1488,
    #1502));
#163 = ADVANCED_FACE('',(#164),#206,.F.);
#164 = FACE_BOUND('',#165,.F.);
#165 = EDGE_LOOP('',(#166,#176,#184,#192,#200));
#166 = ORIENTED_EDGE('',*,*,#167,.F.);
#167 = EDGE_CURVE('',#168,#170,#172,.T.);
#168 = VERTEX_POINT('',#169);
#169 = CARTESIAN_POINT('',(24.5,0.3,0.3));
#170 = VERTEX_POINT('',#171);
#171 = CARTESIAN_POINT('',(24.5,0.3,9.086363636364));
#172 = LINE('',#173,#174);
#173 = CARTESIAN_POINT('',(24.5,0.3,0.));
#174 = VECTOR('',#175,1.);
#175 = DIRECTION('',(0.,0.,1.));
#176 = ORIENTED_EDGE('',*,*,#177,.T.);
#177 = EDGE_CURVE('',#168,#178,#180,.T.);
#178 = VERTEX_POINT('',#179);
#179 = CARTESIAN_POINT('',(24.5,12.2,0.3));
#180 = LINE('',#181,#182);
#181 = CARTESIAN_POINT('',(24.5,0.,0.3));
#182 = VECTOR('',#183,1.);
#183 = DIRECTION('',(-0.,1.,0.));
#184 = ORIENTED_EDGE('',*,*,#185,.T.);
#185 = EDGE_CURVE('',#178,#186,#188,.T.);
#186 = VERTEX_POINT('',#187);
#187 = CARTESIAN_POINT('',(24.5,12.2,10.3));
#188 = LINE('',#189,#190);
#189 = CARTESIAN_POINT('',(24.5,12.2,0.));
#190 = VECTOR('',#191,1.);
#191 = DIRECTION('',(0.,0.,1.));
#192 = ORIENTED_EDGE('',*,*,#193,.F.);
#193 = EDGE_CURVE('',#194,#186,#196,.T.);
#194 = VERTEX_POINT('',#195);
#195 = CARTESIAN_POINT('',(24.5,1.743243243243,10.3));
#196 = LINE('',#197,#198);
#197 = CARTESIAN_POINT('',(24.5,0.,10.3));
#198 = VECTOR('',#199,1.);
#199 = DIRECTION('',(-0.,1.,0.));
#200 = ORIENTED_EDGE('',*,*,#201,.F.);
#201 = EDGE_CURVE('',#170,#194,#202,.T.);
#202 = LINE('',#203,#204);
#203 = CARTESIAN_POINT('',(24.5,-1.125779122542,7.88741301059));
#204 = VECTOR('',#205,1.);
#205 = DIRECTION('',(0.,0.765362085905,0.643599935875));
#206 = PLANE('',#207);
#207 = AXIS2_PLACEMENT_3D('',#208,#209,#210);
#208 = CARTESIAN_POINT('',(24.5,0.,0.));
#209 = DIRECTION('',(1.,0.,-0.));
#210 = DIRECTION('',(0.,0.,1.));
#211 = ADVANCED_FACE('',(#212),#239,.T.);
#212 = FACE_BOUND('',#213,.T.);
#213 = EDGE_LOOP('',(#214,#215,#224,#232));
#214 = ORIENTED_EDGE('',*,*,#167,.F.);
#215 = ORIENTED_EDGE('',*,*,#216,.T.);
#216 = EDGE_CURVE('',#168,#217,#219,.T.);
#217 = VERTEX_POINT('',#218);
#218 = CARTESIAN_POINT('',(24.8,-5.551115123126E-17,0.3));
#219 = CIRCLE('',#220,0.3);
#220 = AXIS2_PLACEMENT_3D('',#221,#222,#223);
#221 = CARTESIAN_POINT('',(24.8,0.3,0.3));
#222 = DIRECTION('',(0.,0.,1.));
#223 = DIRECTION('',(-1.,0.,0.));
#224 = ORIENTED_EDGE('',*,*,#225,.T.);
#225 = EDGE_CURVE('',#217,#226,#228,.T.);
#226 = VERTEX_POINT('',#227);
#227 = CARTESIAN_POINT('',(24.8,-5.551115123126E-17,8.834090909091));
#228 = LINE('',#229,#230);
#229 = CARTESIAN_POINT('',(24.8,-5.551115123126E-17,0.));
#230 = VECTOR('',#231,1.);
#231 = DIRECTION('',(0.,0.,1.));
#232 = ORIENTED_EDGE('',*,*,#233,.T.);
#233 = EDGE_CURVE('',#226,#170,#234,.T.);
#234 = ELLIPSE('',#235,0.391971336867,0.3);
#235 = AXIS2_PLACEMENT_3D('',#236,#237,#238);
#236 = CARTESIAN_POINT('',(24.8,0.3,9.086363636364));
#237 = DIRECTION('',(0.,0.643599935875,-0.765362085905));
#238 = DIRECTION('',(0.,0.765362085905,0.643599935875));
#239 = CYLINDRICAL_SURFACE('',#240,0.3);
#240 = AXIS2_PLACEMENT_3D('',#241,#242,#243);
#241 = CARTESIAN_POINT('',(24.8,0.3,0.));
#242 = DIRECTION('',(0.,0.,1.));
#243 = DIRECTION('',(-1.,-0.,0.));
#244 = ADVANCED_FACE('',(#245),#330,.F.);
#245 = FACE_BOUND('',#246,.F.);
#246 = EDGE_LOOP('',(#247,#256,#264,#272,#280,#288,#296,#305,#313,#322,
    #328,#329));
#247 = ORIENTED_EDGE('',*,*,#248,.T.);
#248 = EDGE_CURVE('',#194,#249,#251,.T.);
#249 = VERTEX_POINT('',#250);
#250 = CARTESIAN_POINT('',(24.8,2.1,10.6));
#251 = ELLIPSE('',#252,0.466128076275,0.3);
#252 = AXIS2_PLACEMENT_3D('',#253,#254,#255);
#253 = CARTESIAN_POINT('',(24.8,1.743243243243,10.3));
#254 = DIRECTION('',(0.,0.643599935875,-0.765362085905));
#255 = DIRECTION('',(0.,0.765362085905,0.643599935875));
#256 = ORIENTED_EDGE('',*,*,#257,.T.);
#257 = EDGE_CURVE('',#249,#258,#260,.T.);
#258 = VERTEX_POINT('',#259);
#259 = CARTESIAN_POINT('',(24.84,2.1,10.6));
#260 = LINE('',#261,#262);
#261 = CARTESIAN_POINT('',(24.4,2.1,10.6));
#262 = VECTOR('',#263,1.);
#263 = DIRECTION('',(1.,0.,0.));
#264 = ORIENTED_EDGE('',*,*,#265,.T.);
#265 = EDGE_CURVE('',#258,#266,#268,.T.);
#266 = VERTEX_POINT('',#267);
#267 = CARTESIAN_POINT('',(24.84,0.589585439838,9.329878665319));
#268 = LINE('',#269,#270);
#269 = CARTESIAN_POINT('',(24.84,2.697145719937,11.102145264493));
#270 = VECTOR('',#271,1.);
#271 = DIRECTION('',(0.,-0.765362085905,-0.643599935875));
#272 = ORIENTED_EDGE('',*,*,#273,.T.);
#273 = EDGE_CURVE('',#266,#274,#276,.T.);
#274 = VERTEX_POINT('',#275);
#275 = CARTESIAN_POINT('',(27.66,0.589585439838,9.329878665319));
#276 = LINE('',#277,#278);
#277 = CARTESIAN_POINT('',(24.62,0.589585439838,9.329878665319));
#278 = VECTOR('',#279,1.);
#279 = DIRECTION('',(1.,0.,0.));
#280 = ORIENTED_EDGE('',*,*,#281,.F.);
#281 = EDGE_CURVE('',#282,#274,#284,.T.);
#282 = VERTEX_POINT('',#283);
#283 = CARTESIAN_POINT('',(27.66,2.1,10.6));
#284 = LINE('',#285,#286);
#285 = CARTESIAN_POINT('',(27.66,2.697145719937,11.102145264493));
#286 = VECTOR('',#287,1.);
#287 = DIRECTION('',(0.,-0.765362085905,-0.643599935875));
#288 = ORIENTED_EDGE('',*,*,#289,.T.);
#289 = EDGE_CURVE('',#282,#290,#292,.T.);
#290 = VERTEX_POINT('',#291);
#291 = CARTESIAN_POINT('',(27.7,2.1,10.6));
#292 = LINE('',#293,#294);
#293 = CARTESIAN_POINT('',(24.4,2.1,10.6));
#294 = VECTOR('',#295,1.);
#295 = DIRECTION('',(1.,0.,0.));
#296 = ORIENTED_EDGE('',*,*,#297,.T.);
#297 = EDGE_CURVE('',#290,#298,#300,.T.);
#298 = VERTEX_POINT('',#299);
#299 = CARTESIAN_POINT('',(28.,1.743243243243,10.3));
#300 = ELLIPSE('',#301,0.466128076275,0.3);
#301 = AXIS2_PLACEMENT_3D('',#302,#303,#304);
#302 = CARTESIAN_POINT('',(27.7,1.743243243243,10.3));
#303 = DIRECTION('',(0.,0.643599935875,-0.765362085905));
#304 = DIRECTION('',(0.,0.765362085905,0.643599935875));
#305 = ORIENTED_EDGE('',*,*,#306,.F.);
#306 = EDGE_CURVE('',#307,#298,#309,.T.);
#307 = VERTEX_POINT('',#308);
#308 = CARTESIAN_POINT('',(28.,0.3,9.086363636364));
#309 = LINE('',#310,#311);
#310 = CARTESIAN_POINT('',(28.,-1.125779122542,7.88741301059));
#311 = VECTOR('',#312,1.);
#312 = DIRECTION('',(0.,0.765362085905,0.643599935875));
#313 = ORIENTED_EDGE('',*,*,#314,.T.);
#314 = EDGE_CURVE('',#307,#315,#317,.T.);
#315 = VERTEX_POINT('',#316);
#316 = CARTESIAN_POINT('',(27.7,-5.551115123126E-17,8.834090909091));
#317 = ELLIPSE('',#318,0.391971336867,0.3);
#318 = AXIS2_PLACEMENT_3D('',#319,#320,#321);
#319 = CARTESIAN_POINT('',(27.7,0.3,9.086363636364));
#320 = DIRECTION('',(0.,0.643599935875,-0.765362085905));
#321 = DIRECTION('',(0.,0.765362085905,0.643599935875));
#322 = ORIENTED_EDGE('',*,*,#323,.T.);
#323 = EDGE_CURVE('',#315,#226,#324,.T.);
#324 = LINE('',#325,#326);
#325 = CARTESIAN_POINT('',(24.45,2.22044604925E-16,8.834090909091));
#326 = VECTOR('',#327,1.);
#327 = DIRECTION('',(-1.,0.,-0.));
#328 = ORIENTED_EDGE('',*,*,#233,.T.);
#329 = ORIENTED_EDGE('',*,*,#201,.T.);
#330 = PLANE('',#331);
#331 = AXIS2_PLACEMENT_3D('',#332,#333,#334);
#332 = CARTESIAN_POINT('',(24.4,2.1,10.6));
#333 = DIRECTION('',(0.,0.643599935875,-0.765362085905));
#334 = DIRECTION('',(0.,-0.765362085905,-0.643599935875));
#335 = ADVANCED_FACE('',(#336),#355,.T.);
#336 = FACE_BOUND('',#337,.T.);
#337 = EDGE_LOOP('',(#338,#339,#347,#354));
#338 = ORIENTED_EDGE('',*,*,#248,.T.);
#339 = ORIENTED_EDGE('',*,*,#340,.T.);
#340 = EDGE_CURVE('',#249,#341,#343,.T.);
#341 = VERTEX_POINT('',#342);
#342 = CARTESIAN_POINT('',(24.8,12.2,10.6));
#343 = LINE('',#344,#345);
#344 = CARTESIAN_POINT('',(24.8,0.,10.6));
#345 = VECTOR('',#346,1.);
#346 = DIRECTION('',(-0.,1.,0.));
#347 = ORIENTED_EDGE('',*,*,#348,.F.);
#348 = EDGE_CURVE('',#186,#341,#349,.T.);
#349 = CIRCLE('',#350,0.3);
#350 = AXIS2_PLACEMENT_3D('',#351,#352,#353);
#351 = CARTESIAN_POINT('',(24.8,12.2,10.3));
#352 = DIRECTION('',(-0.,1.,0.));
#353 = DIRECTION('',(-1.,-0.,0.));
#354 = ORIENTED_EDGE('',*,*,#193,.F.);
#355 = CYLINDRICAL_SURFACE('',#356,0.3);
#356 = AXIS2_PLACEMENT_3D('',#357,#358,#359);
#357 = CARTESIAN_POINT('',(24.8,0.,10.3));
#358 = DIRECTION('',(-0.,1.,0.));
#359 = DIRECTION('',(-1.,-0.,0.));
#360 = ADVANCED_FACE('',(#361),#388,.T.);
#361 = FACE_BOUND('',#362,.F.);
#362 = EDGE_LOOP('',(#363,#364,#373,#381));
#363 = ORIENTED_EDGE('',*,*,#185,.F.);
#364 = ORIENTED_EDGE('',*,*,#365,.T.);
#365 = EDGE_CURVE('',#178,#366,#368,.T.);
#366 = VERTEX_POINT('',#367);
#367 = CARTESIAN_POINT('',(24.8,12.5,0.3));
#368 = CIRCLE('',#369,0.3);
#369 = AXIS2_PLACEMENT_3D('',#370,#371,#372);
#370 = CARTESIAN_POINT('',(24.8,12.2,0.3));
#371 = DIRECTION('',(-0.,0.,-1.));
#372 = DIRECTION('',(-1.,0.,0.));
#373 = ORIENTED_EDGE('',*,*,#374,.T.);
#374 = EDGE_CURVE('',#366,#375,#377,.T.);
#375 = VERTEX_POINT('',#376);
#376 = CARTESIAN_POINT('',(24.8,12.5,10.3));
#377 = LINE('',#378,#379);
#378 = CARTESIAN_POINT('',(24.8,12.5,0.));
#379 = VECTOR('',#380,1.);
#380 = DIRECTION('',(0.,0.,1.));
#381 = ORIENTED_EDGE('',*,*,#382,.T.);
#382 = EDGE_CURVE('',#375,#186,#383,.T.);
#383 = CIRCLE('',#384,0.3);
#384 = AXIS2_PLACEMENT_3D('',#385,#386,#387);
#385 = CARTESIAN_POINT('',(24.8,12.2,10.3));
#386 = DIRECTION('',(0.,0.,1.));
#387 = DIRECTION('',(-1.,-0.,0.));
#388 = CYLINDRICAL_SURFACE('',#389,0.3);
#389 = AXIS2_PLACEMENT_3D('',#390,#391,#392);
#390 = CARTESIAN_POINT('',(24.8,12.2,0.));
#391 = DIRECTION('',(0.,0.,1.));
#392 = DIRECTION('',(-1.,-0.,0.));
#393 = ADVANCED_FACE('',(#394),#421,.T.);
#394 = FACE_BOUND('',#395,.F.);
#395 = EDGE_LOOP('',(#396,#405,#413,#420));
#396 = ORIENTED_EDGE('',*,*,#397,.F.);
#397 = EDGE_CURVE('',#398,#168,#400,.T.);
#398 = VERTEX_POINT('',#399);
#399 = CARTESIAN_POINT('',(24.8,0.3,0.));
#400 = CIRCLE('',#401,0.3);
#401 = AXIS2_PLACEMENT_3D('',#402,#403,#404);
#402 = CARTESIAN_POINT('',(24.8,0.3,0.3));
#403 = DIRECTION('',(0.,1.,-0.));
#404 = DIRECTION('',(-1.,0.,0.));
#405 = ORIENTED_EDGE('',*,*,#406,.T.);
#406 = EDGE_CURVE('',#398,#407,#409,.T.);
#407 = VERTEX_POINT('',#408);
#408 = CARTESIAN_POINT('',(24.8,12.2,0.));
#409 = LINE('',#410,#411);
#410 = CARTESIAN_POINT('',(24.8,0.,-5.551115123126E-17));
#411 = VECTOR('',#412,1.);
#412 = DIRECTION('',(-0.,1.,0.));
#413 = ORIENTED_EDGE('',*,*,#414,.T.);
#414 = EDGE_CURVE('',#407,#178,#415,.T.);
#415 = CIRCLE('',#416,0.3);
#416 = AXIS2_PLACEMENT_3D('',#417,#418,#419);
#417 = CARTESIAN_POINT('',(24.8,12.2,0.3));
#418 = DIRECTION('',(0.,1.,-0.));
#419 = DIRECTION('',(-1.,0.,0.));
#420 = ORIENTED_EDGE('',*,*,#177,.F.);
#421 = CYLINDRICAL_SURFACE('',#422,0.3);
#422 = AXIS2_PLACEMENT_3D('',#423,#424,#425);
#423 = CARTESIAN_POINT('',(24.8,0.,0.3));
#424 = DIRECTION('',(-0.,1.,0.));
#425 = DIRECTION('',(-1.,-0.,0.));
#426 = ADVANCED_FACE('',(#427,#445),#522,.F.);
#427 = FACE_BOUND('',#428,.F.);
#428 = EDGE_LOOP('',(#429,#437,#438,#439));
#429 = ORIENTED_EDGE('',*,*,#430,.F.);
#430 = EDGE_CURVE('',#217,#431,#433,.T.);
#431 = VERTEX_POINT('',#432);
#432 = CARTESIAN_POINT('',(27.7,-5.551115123126E-17,0.3));
#433 = LINE('',#434,#435);
#434 = CARTESIAN_POINT('',(24.5,-5.551115123126E-17,0.3));
#435 = VECTOR('',#436,1.);
#436 = DIRECTION('',(1.,0.,-0.));
#437 = ORIENTED_EDGE('',*,*,#225,.T.);
#438 = ORIENTED_EDGE('',*,*,#323,.F.);
#439 = ORIENTED_EDGE('',*,*,#440,.F.);
#440 = EDGE_CURVE('',#431,#315,#441,.T.);
#441 = LINE('',#442,#443);
#442 = CARTESIAN_POINT('',(27.7,-5.551115123126E-17,0.));
#443 = VECTOR('',#444,1.);
#444 = DIRECTION('',(0.,0.,1.));
#445 = FACE_BOUND('',#446,.F.);
#446 = EDGE_LOOP('',(#447,#457,#465,#473,#482,#491,#499,#507,#515));
#447 = ORIENTED_EDGE('',*,*,#448,.F.);
#448 = EDGE_CURVE('',#449,#451,#453,.T.);
#449 = VERTEX_POINT('',#450);
#450 = CARTESIAN_POINT('',(27.65,0.,5.6));
#451 = VERTEX_POINT('',#452);
#452 = CARTESIAN_POINT('',(27.65,0.,2.1));
#453 = LINE('',#454,#455);
#454 = CARTESIAN_POINT('',(27.65,0.,1.05));
#455 = VECTOR('',#456,1.);
#456 = DIRECTION('',(-0.,0.,-1.));
#457 = ORIENTED_EDGE('',*,*,#458,.F.);
#458 = EDGE_CURVE('',#459,#449,#461,.T.);
#459 = VERTEX_POINT('',#460);
#460 = CARTESIAN_POINT('',(27.2,0.,5.6));
#461 = LINE('',#462,#463);
#462 = CARTESIAN_POINT('',(24.675,0.,5.6));
#463 = VECTOR('',#464,1.);
#464 = DIRECTION('',(1.,0.,-0.));
#465 = ORIENTED_EDGE('',*,*,#466,.F.);
#466 = EDGE_CURVE('',#467,#459,#469,.T.);
#467 = VERTEX_POINT('',#468);
#468 = CARTESIAN_POINT('',(27.2,0.,7.35));
#469 = LINE('',#470,#471);
#470 = CARTESIAN_POINT('',(27.2,0.,2.8));
#471 = VECTOR('',#472,1.);
#472 = DIRECTION('',(-0.,0.,-1.));
#473 = ORIENTED_EDGE('',*,*,#474,.F.);
#474 = EDGE_CURVE('',#475,#467,#477,.T.);
#475 = VERTEX_POINT('',#476);
#476 = CARTESIAN_POINT('',(26.25,0.,8.3));
#477 = CIRCLE('',#478,0.95);
#478 = AXIS2_PLACEMENT_3D('',#479,#480,#481);
#479 = CARTESIAN_POINT('',(26.25,0.,7.35));
#480 = DIRECTION('',(0.,1.,0.));
#481 = DIRECTION('',(0.,-0.,1.));
#482 = ORIENTED_EDGE('',*,*,#483,.F.);
#483 = EDGE_CURVE('',#484,#475,#486,.T.);
#484 = VERTEX_POINT('',#485);
#485 = CARTESIAN_POINT('',(25.3,0.,7.35));
#486 = CIRCLE('',#487,0.95);
#487 = AXIS2_PLACEMENT_3D('',#488,#489,#490);
#488 = CARTESIAN_POINT('',(26.25,0.,7.35));
#489 = DIRECTION('',(0.,1.,0.));
#490 = DIRECTION('',(0.,-0.,1.));
#491 = ORIENTED_EDGE('',*,*,#492,.T.);
#492 = EDGE_CURVE('',#484,#493,#495,.T.);
#493 = VERTEX_POINT('',#494);
#494 = CARTESIAN_POINT('',(25.3,0.,5.6));
#495 = LINE('',#496,#497);
#496 = CARTESIAN_POINT('',(25.3,0.,2.8));
#497 = VECTOR('',#498,1.);
#498 = DIRECTION('',(-0.,0.,-1.));
#499 = ORIENTED_EDGE('',*,*,#500,.F.);
#500 = EDGE_CURVE('',#501,#493,#503,.T.);
#501 = VERTEX_POINT('',#502);
#502 = CARTESIAN_POINT('',(24.85,0.,5.6));
#503 = LINE('',#504,#505);
#504 = CARTESIAN_POINT('',(24.675,0.,5.6));
#505 = VECTOR('',#506,1.);
#506 = DIRECTION('',(1.,0.,-0.));
#507 = ORIENTED_EDGE('',*,*,#508,.T.);
#508 = EDGE_CURVE('',#501,#509,#511,.T.);
#509 = VERTEX_POINT('',#510);
#510 = CARTESIAN_POINT('',(24.85,0.,2.1));
#511 = LINE('',#512,#513);
#512 = CARTESIAN_POINT('',(24.85,0.,1.05));
#513 = VECTOR('',#514,1.);
#514 = DIRECTION('',(-0.,0.,-1.));
#515 = ORIENTED_EDGE('',*,*,#516,.F.);
#516 = EDGE_CURVE('',#451,#509,#517,.T.);
#517 = CIRCLE('',#518,1.4);
#518 = AXIS2_PLACEMENT_3D('',#519,#520,#521);
#519 = CARTESIAN_POINT('',(26.25,0.,2.1));
#520 = DIRECTION('',(0.,1.,0.));
#521 = DIRECTION('',(0.,-0.,1.));
#522 = PLANE('',#523);
#523 = AXIS2_PLACEMENT_3D('',#524,#525,#526);
#524 = CARTESIAN_POINT('',(24.5,0.,0.));
#525 = DIRECTION('',(-0.,1.,0.));
#526 = DIRECTION('',(0.,0.,1.));
#527 = ADVANCED_FACE('',(#528),#539,.T.);
#528 = FACE_BOUND('',#529,.T.);
#529 = EDGE_LOOP('',(#530,#531,#538));
#530 = ORIENTED_EDGE('',*,*,#397,.F.);
#531 = ORIENTED_EDGE('',*,*,#532,.T.);
#532 = EDGE_CURVE('',#398,#217,#533,.T.);
#533 = CIRCLE('',#534,0.3);
#534 = AXIS2_PLACEMENT_3D('',#535,#536,#537);
#535 = CARTESIAN_POINT('',(24.8,0.3,0.3));
#536 = DIRECTION('',(-1.,6.123233995737E-17,0.));
#537 = DIRECTION('',(-6.123233995737E-17,-1.,0.));
#538 = ORIENTED_EDGE('',*,*,#216,.F.);
#539 = SPHERICAL_SURFACE('',#540,0.3);
#540 = AXIS2_PLACEMENT_3D('',#541,#542,#543);
#541 = CARTESIAN_POINT('',(24.8,0.3,0.3));
#542 = DIRECTION('',(0.,0.,1.));
#543 = DIRECTION('',(-1.,0.,0.));
#544 = ADVANCED_FACE('',(#545),#564,.T.);
#545 = FACE_BOUND('',#546,.F.);
#546 = EDGE_LOOP('',(#547,#555,#562,#563));
#547 = ORIENTED_EDGE('',*,*,#548,.F.);
#548 = EDGE_CURVE('',#549,#307,#551,.T.);
#549 = VERTEX_POINT('',#550);
#550 = CARTESIAN_POINT('',(28.,0.3,0.3));
#551 = LINE('',#552,#553);
#552 = CARTESIAN_POINT('',(28.,0.3,0.));
#553 = VECTOR('',#554,1.);
#554 = DIRECTION('',(0.,0.,1.));
#555 = ORIENTED_EDGE('',*,*,#556,.T.);
#556 = EDGE_CURVE('',#549,#431,#557,.T.);
#557 = CIRCLE('',#558,0.3);
#558 = AXIS2_PLACEMENT_3D('',#559,#560,#561);
#559 = CARTESIAN_POINT('',(27.7,0.3,0.3));
#560 = DIRECTION('',(0.,-0.,-1.));
#561 = DIRECTION('',(1.,0.,-0.));
#562 = ORIENTED_EDGE('',*,*,#440,.T.);
#563 = ORIENTED_EDGE('',*,*,#314,.F.);
#564 = CYLINDRICAL_SURFACE('',#565,0.3);
#565 = AXIS2_PLACEMENT_3D('',#566,#567,#568);
#566 = CARTESIAN_POINT('',(27.7,0.3,0.));
#567 = DIRECTION('',(0.,0.,1.));
#568 = DIRECTION('',(1.,0.,-0.));
#569 = ADVANCED_FACE('',(#570),#596,.T.);
#570 = FACE_BOUND('',#571,.T.);
#571 = EDGE_LOOP('',(#572,#573,#581,#589,#595));
#572 = ORIENTED_EDGE('',*,*,#548,.F.);
#573 = ORIENTED_EDGE('',*,*,#574,.T.);
#574 = EDGE_CURVE('',#549,#575,#577,.T.);
#575 = VERTEX_POINT('',#576);
#576 = CARTESIAN_POINT('',(28.,12.2,0.3));
#577 = LINE('',#578,#579);
#578 = CARTESIAN_POINT('',(28.,0.,0.3));
#579 = VECTOR('',#580,1.);
#580 = DIRECTION('',(-0.,1.,0.));
#581 = ORIENTED_EDGE('',*,*,#582,.T.);
#582 = EDGE_CURVE('',#575,#583,#585,.T.);
#583 = VERTEX_POINT('',#584);
#584 = CARTESIAN_POINT('',(28.,12.2,10.3));
#585 = LINE('',#586,#587);
#586 = CARTESIAN_POINT('',(28.,12.2,0.));
#587 = VECTOR('',#588,1.);
#588 = DIRECTION('',(0.,0.,1.));
#589 = ORIENTED_EDGE('',*,*,#590,.F.);
#590 = EDGE_CURVE('',#298,#583,#591,.T.);
#591 = LINE('',#592,#593);
#592 = CARTESIAN_POINT('',(28.,0.,10.3));
#593 = VECTOR('',#594,1.);
#594 = DIRECTION('',(-0.,1.,0.));
#595 = ORIENTED_EDGE('',*,*,#306,.F.);
#596 = PLANE('',#597);
#597 = AXIS2_PLACEMENT_3D('',#598,#599,#600);
#598 = CARTESIAN_POINT('',(28.,0.,0.));
#599 = DIRECTION('',(1.,0.,-0.));
#600 = DIRECTION('',(0.,0.,1.));
#601 = ADVANCED_FACE('',(#602),#621,.T.);
#602 = FACE_BOUND('',#603,.F.);
#603 = EDGE_LOOP('',(#604,#605,#613,#620));
#604 = ORIENTED_EDGE('',*,*,#297,.F.);
#605 = ORIENTED_EDGE('',*,*,#606,.T.);
#606 = EDGE_CURVE('',#290,#607,#609,.T.);
#607 = VERTEX_POINT('',#608);
#608 = CARTESIAN_POINT('',(27.7,12.2,10.6));
#609 = LINE('',#610,#611);
#610 = CARTESIAN_POINT('',(27.7,0.,10.6));
#611 = VECTOR('',#612,1.);
#612 = DIRECTION('',(-0.,1.,0.));
#613 = ORIENTED_EDGE('',*,*,#614,.F.);
#614 = EDGE_CURVE('',#583,#607,#615,.T.);
#615 = CIRCLE('',#616,0.3);
#616 = AXIS2_PLACEMENT_3D('',#617,#618,#619);
#617 = CARTESIAN_POINT('',(27.7,12.2,10.3));
#618 = DIRECTION('',(0.,-1.,-0.));
#619 = DIRECTION('',(1.,0.,0.));
#620 = ORIENTED_EDGE('',*,*,#590,.F.);
#621 = CYLINDRICAL_SURFACE('',#622,0.3);
#622 = AXIS2_PLACEMENT_3D('',#623,#624,#625);
#623 = CARTESIAN_POINT('',(27.7,0.,10.3));
#624 = DIRECTION('',(-0.,1.,0.));
#625 = DIRECTION('',(1.,0.,-0.));
#626 = ADVANCED_FACE('',(#627),#661,.T.);
#627 = FACE_BOUND('',#628,.T.);
#628 = EDGE_LOOP('',(#629,#630,#631,#639,#647,#653,#654,#655));
#629 = ORIENTED_EDGE('',*,*,#340,.F.);
#630 = ORIENTED_EDGE('',*,*,#257,.T.);
#631 = ORIENTED_EDGE('',*,*,#632,.F.);
#632 = EDGE_CURVE('',#633,#258,#635,.T.);
#633 = VERTEX_POINT('',#634);
#634 = CARTESIAN_POINT('',(24.84,9.7,10.6));
#635 = LINE('',#636,#637);
#636 = CARTESIAN_POINT('',(24.84,2.442585746037,10.6));
#637 = VECTOR('',#638,1.);
#638 = DIRECTION('',(0.,-1.,0.));
#639 = ORIENTED_EDGE('',*,*,#640,.F.);
#640 = EDGE_CURVE('',#641,#633,#643,.T.);
#641 = VERTEX_POINT('',#642);
#642 = CARTESIAN_POINT('',(27.66,9.7,10.6));
#643 = LINE('',#644,#645);
#644 = CARTESIAN_POINT('',(24.67,9.7,10.6));
#645 = VECTOR('',#646,1.);
#646 = DIRECTION('',(-1.,-0.,0.));
#647 = ORIENTED_EDGE('',*,*,#648,.T.);
#648 = EDGE_CURVE('',#641,#282,#649,.T.);
#649 = LINE('',#650,#651);
#650 = CARTESIAN_POINT('',(27.66,2.442585746037,10.6));
#651 = VECTOR('',#652,1.);
#652 = DIRECTION('',(0.,-1.,0.));
#653 = ORIENTED_EDGE('',*,*,#289,.T.);
#654 = ORIENTED_EDGE('',*,*,#606,.T.);
#655 = ORIENTED_EDGE('',*,*,#656,.F.);
#656 = EDGE_CURVE('',#341,#607,#657,.T.);
#657 = LINE('',#658,#659);
#658 = CARTESIAN_POINT('',(24.5,12.2,10.6));
#659 = VECTOR('',#660,1.);
#660 = DIRECTION('',(1.,0.,-0.));
#661 = PLANE('',#662);
#662 = AXIS2_PLACEMENT_3D('',#663,#664,#665);
#663 = CARTESIAN_POINT('',(24.5,0.,10.6));
#664 = DIRECTION('',(0.,0.,1.));
#665 = DIRECTION('',(1.,0.,-0.));
#666 = ADVANCED_FACE('',(#667),#693,.T.);
#667 = FACE_BOUND('',#668,.T.);
#668 = EDGE_LOOP('',(#669,#670,#678,#686,#692));
#669 = ORIENTED_EDGE('',*,*,#648,.F.);
#670 = ORIENTED_EDGE('',*,*,#671,.T.);
#671 = EDGE_CURVE('',#641,#672,#674,.T.);
#672 = VERTEX_POINT('',#673);
#673 = CARTESIAN_POINT('',(27.66,9.7,8.45));
#674 = LINE('',#675,#676);
#675 = CARTESIAN_POINT('',(27.66,9.7,10.8));
#676 = VECTOR('',#677,1.);
#677 = DIRECTION('',(0.,0.,-1.));
#678 = ORIENTED_EDGE('',*,*,#679,.T.);
#679 = EDGE_CURVE('',#672,#680,#682,.T.);
#680 = VERTEX_POINT('',#681);
#681 = CARTESIAN_POINT('',(27.66,1.4,8.45));
#682 = LINE('',#683,#684);
#683 = CARTESIAN_POINT('',(27.66,9.7,8.45));
#684 = VECTOR('',#685,1.);
#685 = DIRECTION('',(0.,-1.,0.));
#686 = ORIENTED_EDGE('',*,*,#687,.T.);
#687 = EDGE_CURVE('',#680,#274,#688,.T.);
#688 = LINE('',#689,#690);
#689 = CARTESIAN_POINT('',(27.66,1.4,8.45));
#690 = VECTOR('',#691,1.);
#691 = DIRECTION('',(0.,-0.677475754752,0.735545105159));
#692 = ORIENTED_EDGE('',*,*,#281,.F.);
#693 = PLANE('',#694);
#694 = AXIS2_PLACEMENT_3D('',#695,#696,#697);
#695 = CARTESIAN_POINT('',(27.66,4.885171492075,9.712433169613));
#696 = DIRECTION('',(-1.,-0.,-0.));
#697 = DIRECTION('',(0.,0.,-1.));
#698 = ADVANCED_FACE('',(#699),#717,.F.);
#699 = FACE_BOUND('',#700,.F.);
#700 = EDGE_LOOP('',(#701,#709,#715,#716));
#701 = ORIENTED_EDGE('',*,*,#702,.F.);
#702 = EDGE_CURVE('',#703,#266,#705,.T.);
#703 = VERTEX_POINT('',#704);
#704 = CARTESIAN_POINT('',(24.84,1.4,8.45));
#705 = LINE('',#706,#707);
#706 = CARTESIAN_POINT('',(24.84,1.4,8.45));
#707 = VECTOR('',#708,1.);
#708 = DIRECTION('',(0.,-0.677475754752,0.735545105159));
#709 = ORIENTED_EDGE('',*,*,#710,.T.);
#710 = EDGE_CURVE('',#703,#680,#711,.T.);
#711 = LINE('',#712,#713);
#712 = CARTESIAN_POINT('',(24.84,1.4,8.45));
#713 = VECTOR('',#714,1.);
#714 = DIRECTION('',(1.,0.,0.));
#715 = ORIENTED_EDGE('',*,*,#687,.T.);
#716 = ORIENTED_EDGE('',*,*,#273,.F.);
#717 = PLANE('',#718);
#718 = AXIS2_PLACEMENT_3D('',#719,#720,#721);
#719 = CARTESIAN_POINT('',(24.84,1.4,8.45));
#720 = DIRECTION('',(0.,-0.735545105159,-0.677475754752));
#721 = DIRECTION('',(0.,-0.677475754752,0.735545105159));
#722 = ADVANCED_FACE('',(#723),#742,.F.);
#723 = FACE_BOUND('',#724,.F.);
#724 = EDGE_LOOP('',(#725,#726,#734,#740,#741));
#725 = ORIENTED_EDGE('',*,*,#632,.F.);
#726 = ORIENTED_EDGE('',*,*,#727,.T.);
#727 = EDGE_CURVE('',#633,#728,#730,.T.);
#728 = VERTEX_POINT('',#729);
#729 = CARTESIAN_POINT('',(24.84,9.7,8.45));
#730 = LINE('',#731,#732);
#731 = CARTESIAN_POINT('',(24.84,9.7,10.8));
#732 = VECTOR('',#733,1.);
#733 = DIRECTION('',(0.,0.,-1.));
#734 = ORIENTED_EDGE('',*,*,#735,.T.);
#735 = EDGE_CURVE('',#728,#703,#736,.T.);
#736 = LINE('',#737,#738);
#737 = CARTESIAN_POINT('',(24.84,9.7,8.45));
#738 = VECTOR('',#739,1.);
#739 = DIRECTION('',(0.,-1.,0.));
#740 = ORIENTED_EDGE('',*,*,#702,.T.);
#741 = ORIENTED_EDGE('',*,*,#265,.F.);
#742 = PLANE('',#743);
#743 = AXIS2_PLACEMENT_3D('',#744,#745,#746);
#744 = CARTESIAN_POINT('',(24.84,4.885171492075,9.712433169613));
#745 = DIRECTION('',(-1.,-0.,-0.));
#746 = DIRECTION('',(0.,0.,-1.));
#747 = ADVANCED_FACE('',(#748),#759,.T.);
#748 = FACE_BOUND('',#749,.F.);
#749 = EDGE_LOOP('',(#750,#751,#758));
#750 = ORIENTED_EDGE('',*,*,#382,.F.);
#751 = ORIENTED_EDGE('',*,*,#752,.T.);
#752 = EDGE_CURVE('',#375,#341,#753,.T.);
#753 = CIRCLE('',#754,0.3);
#754 = AXIS2_PLACEMENT_3D('',#755,#756,#757);
#755 = CARTESIAN_POINT('',(24.8,12.2,10.3));
#756 = DIRECTION('',(1.,0.,6.123233995737E-17));
#757 = DIRECTION('',(-6.123233995737E-17,-0.,1.));
#758 = ORIENTED_EDGE('',*,*,#348,.F.);
#759 = SPHERICAL_SURFACE('',#760,0.3);
#760 = AXIS2_PLACEMENT_3D('',#761,#762,#763);
#761 = CARTESIAN_POINT('',(24.8,12.2,10.3));
#762 = DIRECTION('',(0.,-1.,-0.));
#763 = DIRECTION('',(-1.,-0.,0.));
#764 = ADVANCED_FACE('',(#765),#776,.T.);
#765 = FACE_BOUND('',#766,.F.);
#766 = EDGE_LOOP('',(#767,#768,#775));
#767 = ORIENTED_EDGE('',*,*,#414,.F.);
#768 = ORIENTED_EDGE('',*,*,#769,.T.);
#769 = EDGE_CURVE('',#407,#366,#770,.T.);
#770 = CIRCLE('',#771,0.3);
#771 = AXIS2_PLACEMENT_3D('',#772,#773,#774);
#772 = CARTESIAN_POINT('',(24.8,12.2,0.3));
#773 = DIRECTION('',(1.,6.123233995737E-17,-0.));
#774 = DIRECTION('',(-6.123233995737E-17,1.,0.));
#775 = ORIENTED_EDGE('',*,*,#365,.F.);
#776 = SPHERICAL_SURFACE('',#777,0.3);
#777 = AXIS2_PLACEMENT_3D('',#778,#779,#780);
#778 = CARTESIAN_POINT('',(24.8,12.2,0.3));
#779 = DIRECTION('',(0.,0.,1.));
#780 = DIRECTION('',(-1.,0.,0.));
#781 = ADVANCED_FACE('',(#782),#807,.T.);
#782 = FACE_BOUND('',#783,.T.);
#783 = EDGE_LOOP('',(#784,#785,#793,#801));
#784 = ORIENTED_EDGE('',*,*,#374,.T.);
#785 = ORIENTED_EDGE('',*,*,#786,.T.);
#786 = EDGE_CURVE('',#375,#787,#789,.T.);
#787 = VERTEX_POINT('',#788);
#788 = CARTESIAN_POINT('',(27.7,12.5,10.3));
#789 = LINE('',#790,#791);
#790 = CARTESIAN_POINT('',(24.5,12.5,10.3));
#791 = VECTOR('',#792,1.);
#792 = DIRECTION('',(1.,0.,-0.));
#793 = ORIENTED_EDGE('',*,*,#794,.F.);
#794 = EDGE_CURVE('',#795,#787,#797,.T.);
#795 = VERTEX_POINT('',#796);
#796 = CARTESIAN_POINT('',(27.7,12.5,0.3));
#797 = LINE('',#798,#799);
#798 = CARTESIAN_POINT('',(27.7,12.5,0.));
#799 = VECTOR('',#800,1.);
#800 = DIRECTION('',(0.,0.,1.));
#801 = ORIENTED_EDGE('',*,*,#802,.F.);
#802 = EDGE_CURVE('',#366,#795,#803,.T.);
#803 = LINE('',#804,#805);
#804 = CARTESIAN_POINT('',(24.5,12.5,0.3));
#805 = VECTOR('',#806,1.);
#806 = DIRECTION('',(1.,0.,-0.));
#807 = PLANE('',#808);
#808 = AXIS2_PLACEMENT_3D('',#809,#810,#811);
#809 = CARTESIAN_POINT('',(24.5,12.5,0.));
#810 = DIRECTION('',(-0.,1.,0.));
#811 = DIRECTION('',(0.,0.,1.));
#812 = ADVANCED_FACE('',(#813),#838,.F.);
#813 = FACE_BOUND('',#814,.F.);
#814 = EDGE_LOOP('',(#815,#816,#824,#832));
#815 = ORIENTED_EDGE('',*,*,#406,.F.);
#816 = ORIENTED_EDGE('',*,*,#817,.T.);
#817 = EDGE_CURVE('',#398,#818,#820,.T.);
#818 = VERTEX_POINT('',#819);
#819 = CARTESIAN_POINT('',(27.7,0.3,0.));
#820 = LINE('',#821,#822);
#821 = CARTESIAN_POINT('',(24.5,0.3,-5.551115123126E-17));
#822 = VECTOR('',#823,1.);
#823 = DIRECTION('',(1.,0.,-0.));
#824 = ORIENTED_EDGE('',*,*,#825,.T.);
#825 = EDGE_CURVE('',#818,#826,#828,.T.);
#826 = VERTEX_POINT('',#827);
#827 = CARTESIAN_POINT('',(27.7,12.2,0.));
#828 = LINE('',#829,#830);
#829 = CARTESIAN_POINT('',(27.7,0.,-5.551115123126E-17));
#830 = VECTOR('',#831,1.);
#831 = DIRECTION('',(-0.,1.,0.));
#832 = ORIENTED_EDGE('',*,*,#833,.F.);
#833 = EDGE_CURVE('',#407,#826,#834,.T.);
#834 = LINE('',#835,#836);
#835 = CARTESIAN_POINT('',(24.5,12.2,-5.551115123126E-17));
#836 = VECTOR('',#837,1.);
#837 = DIRECTION('',(1.,0.,-0.));
#838 = PLANE('',#839);
#839 = AXIS2_PLACEMENT_3D('',#840,#841,#842);
#840 = CARTESIAN_POINT('',(24.5,0.,0.));
#841 = DIRECTION('',(0.,0.,1.));
#842 = DIRECTION('',(1.,0.,-0.));
#843 = ADVANCED_FACE('',(#844),#856,.T.);
#844 = FACE_BOUND('',#845,.T.);
#845 = EDGE_LOOP('',(#846,#847,#848,#855));
#846 = ORIENTED_EDGE('',*,*,#532,.F.);
#847 = ORIENTED_EDGE('',*,*,#817,.T.);
#848 = ORIENTED_EDGE('',*,*,#849,.T.);
#849 = EDGE_CURVE('',#818,#431,#850,.T.);
#850 = CIRCLE('',#851,0.3);
#851 = AXIS2_PLACEMENT_3D('',#852,#853,#854);
#852 = CARTESIAN_POINT('',(27.7,0.3,0.3));
#853 = DIRECTION('',(-1.,-6.123233995737E-17,0.));
#854 = DIRECTION('',(6.123233995737E-17,-1.,-0.));
#855 = ORIENTED_EDGE('',*,*,#430,.F.);
#856 = CYLINDRICAL_SURFACE('',#857,0.3);
#857 = AXIS2_PLACEMENT_3D('',#858,#859,#860);
#858 = CARTESIAN_POINT('',(24.5,0.3,0.3));
#859 = DIRECTION('',(1.,0.,-0.));
#860 = DIRECTION('',(0.,-1.,0.));
#861 = ADVANCED_FACE('',(#862),#887,.F.);
#862 = FACE_BOUND('',#863,.F.);
#863 = EDGE_LOOP('',(#864,#865,#873,#881));
#864 = ORIENTED_EDGE('',*,*,#448,.T.);
#865 = ORIENTED_EDGE('',*,*,#866,.T.);
#866 = EDGE_CURVE('',#451,#867,#869,.T.);
#867 = VERTEX_POINT('',#868);
#868 = CARTESIAN_POINT('',(27.65,0.4,2.1));
#869 = LINE('',#870,#871);
#870 = CARTESIAN_POINT('',(27.65,-5.E-02,2.1));
#871 = VECTOR('',#872,1.);
#872 = DIRECTION('',(-0.,1.,0.));
#873 = ORIENTED_EDGE('',*,*,#874,.T.);
#874 = EDGE_CURVE('',#867,#875,#877,.T.);
#875 = VERTEX_POINT('',#876);
#876 = CARTESIAN_POINT('',(27.65,0.4,5.6));
#877 = LINE('',#878,#879);
#878 = CARTESIAN_POINT('',(27.65,0.4,2.1));
#879 = VECTOR('',#880,1.);
#880 = DIRECTION('',(0.,0.,1.));
#881 = ORIENTED_EDGE('',*,*,#882,.F.);
#882 = EDGE_CURVE('',#449,#875,#883,.T.);
#883 = LINE('',#884,#885);
#884 = CARTESIAN_POINT('',(27.65,-5.E-02,5.6));
#885 = VECTOR('',#886,1.);
#886 = DIRECTION('',(-0.,1.,0.));
#887 = PLANE('',#888);
#888 = AXIS2_PLACEMENT_3D('',#889,#890,#891);
#889 = CARTESIAN_POINT('',(27.65,-5.E-02,2.1));
#890 = DIRECTION('',(1.,0.,-0.));
#891 = DIRECTION('',(0.,0.,1.));
#892 = ADVANCED_FACE('',(#893),#912,.F.);
#893 = FACE_BOUND('',#894,.F.);
#894 = EDGE_LOOP('',(#895,#904,#905,#906));
#895 = ORIENTED_EDGE('',*,*,#896,.F.);
#896 = EDGE_CURVE('',#867,#897,#899,.T.);
#897 = VERTEX_POINT('',#898);
#898 = CARTESIAN_POINT('',(24.85,0.4,2.1));
#899 = CIRCLE('',#900,1.4);
#900 = AXIS2_PLACEMENT_3D('',#901,#902,#903);
#901 = CARTESIAN_POINT('',(26.25,0.4,2.1));
#902 = DIRECTION('',(0.,1.,0.));
#903 = DIRECTION('',(0.,-0.,1.));
#904 = ORIENTED_EDGE('',*,*,#866,.F.);
#905 = ORIENTED_EDGE('',*,*,#516,.T.);
#906 = ORIENTED_EDGE('',*,*,#907,.T.);
#907 = EDGE_CURVE('',#509,#897,#908,.T.);
#908 = LINE('',#909,#910);
#909 = CARTESIAN_POINT('',(24.85,-5.E-02,2.1));
#910 = VECTOR('',#911,1.);
#911 = DIRECTION('',(-0.,1.,0.));
#912 = CYLINDRICAL_SURFACE('',#913,1.4);
#913 = AXIS2_PLACEMENT_3D('',#914,#915,#916);
#914 = CARTESIAN_POINT('',(26.25,-5.E-02,2.1));
#915 = DIRECTION('',(0.,1.,0.));
#916 = DIRECTION('',(0.,-0.,1.));
#917 = ADVANCED_FACE('',(#918),#943,.F.);
#918 = FACE_BOUND('',#919,.F.);
#919 = EDGE_LOOP('',(#920,#921,#929,#937));
#920 = ORIENTED_EDGE('',*,*,#466,.T.);
#921 = ORIENTED_EDGE('',*,*,#922,.T.);
#922 = EDGE_CURVE('',#459,#923,#925,.T.);
#923 = VERTEX_POINT('',#924);
#924 = CARTESIAN_POINT('',(27.2,0.4,5.6));
#925 = LINE('',#926,#927);
#926 = CARTESIAN_POINT('',(27.2,-5.E-02,5.6));
#927 = VECTOR('',#928,1.);
#928 = DIRECTION('',(-0.,1.,0.));
#929 = ORIENTED_EDGE('',*,*,#930,.T.);
#930 = EDGE_CURVE('',#923,#931,#933,.T.);
#931 = VERTEX_POINT('',#932);
#932 = CARTESIAN_POINT('',(27.2,0.4,7.35));
#933 = LINE('',#934,#935);
#934 = CARTESIAN_POINT('',(27.2,0.4,5.6));
#935 = VECTOR('',#936,1.);
#936 = DIRECTION('',(0.,0.,1.));
#937 = ORIENTED_EDGE('',*,*,#938,.F.);
#938 = EDGE_CURVE('',#467,#931,#939,.T.);
#939 = LINE('',#940,#941);
#940 = CARTESIAN_POINT('',(27.2,-5.E-02,7.35));
#941 = VECTOR('',#942,1.);
#942 = DIRECTION('',(-0.,1.,0.));
#943 = PLANE('',#944);
#944 = AXIS2_PLACEMENT_3D('',#945,#946,#947);
#945 = CARTESIAN_POINT('',(27.2,-5.E-02,5.6));
#946 = DIRECTION('',(1.,0.,-0.));
#947 = DIRECTION('',(0.,0.,1.));
#948 = ADVANCED_FACE('',(#949),#967,.T.);
#949 = FACE_BOUND('',#950,.T.);
#950 = EDGE_LOOP('',(#951,#952,#953,#961));
#951 = ORIENTED_EDGE('',*,*,#508,.T.);
#952 = ORIENTED_EDGE('',*,*,#907,.T.);
#953 = ORIENTED_EDGE('',*,*,#954,.T.);
#954 = EDGE_CURVE('',#897,#955,#957,.T.);
#955 = VERTEX_POINT('',#956);
#956 = CARTESIAN_POINT('',(24.85,0.4,5.6));
#957 = LINE('',#958,#959);
#958 = CARTESIAN_POINT('',(24.85,0.4,2.1));
#959 = VECTOR('',#960,1.);
#960 = DIRECTION('',(0.,0.,1.));
#961 = ORIENTED_EDGE('',*,*,#962,.F.);
#962 = EDGE_CURVE('',#501,#955,#963,.T.);
#963 = LINE('',#964,#965);
#964 = CARTESIAN_POINT('',(24.85,-5.E-02,5.6));
#965 = VECTOR('',#966,1.);
#966 = DIRECTION('',(-0.,1.,0.));
#967 = PLANE('',#968);
#968 = AXIS2_PLACEMENT_3D('',#969,#970,#971);
#969 = CARTESIAN_POINT('',(24.85,-5.E-02,2.1));
#970 = DIRECTION('',(1.,0.,-0.));
#971 = DIRECTION('',(0.,0.,1.));
#972 = ADVANCED_FACE('',(#973),#998,.T.);
#973 = FACE_BOUND('',#974,.T.);
#974 = EDGE_LOOP('',(#975,#976,#984,#992));
#975 = ORIENTED_EDGE('',*,*,#492,.T.);
#976 = ORIENTED_EDGE('',*,*,#977,.T.);
#977 = EDGE_CURVE('',#493,#978,#980,.T.);
#978 = VERTEX_POINT('',#979);
#979 = CARTESIAN_POINT('',(25.3,0.4,5.6));
#980 = LINE('',#981,#982);
#981 = CARTESIAN_POINT('',(25.3,-5.E-02,5.6));
#982 = VECTOR('',#983,1.);
#983 = DIRECTION('',(-0.,1.,0.));
#984 = ORIENTED_EDGE('',*,*,#985,.T.);
#985 = EDGE_CURVE('',#978,#986,#988,.T.);
#986 = VERTEX_POINT('',#987);
#987 = CARTESIAN_POINT('',(25.3,0.4,7.35));
#988 = LINE('',#989,#990);
#989 = CARTESIAN_POINT('',(25.3,0.4,5.6));
#990 = VECTOR('',#991,1.);
#991 = DIRECTION('',(0.,0.,1.));
#992 = ORIENTED_EDGE('',*,*,#993,.F.);
#993 = EDGE_CURVE('',#484,#986,#994,.T.);
#994 = LINE('',#995,#996);
#995 = CARTESIAN_POINT('',(25.3,-5.E-02,7.35));
#996 = VECTOR('',#997,1.);
#997 = DIRECTION('',(-0.,1.,0.));
#998 = PLANE('',#999);
#999 = AXIS2_PLACEMENT_3D('',#1000,#1001,#1002);
#1000 = CARTESIAN_POINT('',(25.3,-5.E-02,5.6));
#1001 = DIRECTION('',(1.,0.,-0.));
#1002 = DIRECTION('',(0.,0.,1.));
#1003 = ADVANCED_FACE('',(#1004),#1015,.T.);
#1004 = FACE_BOUND('',#1005,.F.);
#1005 = EDGE_LOOP('',(#1006,#1013,#1014));
#1006 = ORIENTED_EDGE('',*,*,#1007,.F.);
#1007 = EDGE_CURVE('',#818,#549,#1008,.T.);
#1008 = CIRCLE('',#1009,0.3);
#1009 = AXIS2_PLACEMENT_3D('',#1010,#1011,#1012);
#1010 = CARTESIAN_POINT('',(27.7,0.3,0.3));
#1011 = DIRECTION('',(0.,-1.,0.));
#1012 = DIRECTION('',(1.,0.,0.));
#1013 = ORIENTED_EDGE('',*,*,#849,.T.);
#1014 = ORIENTED_EDGE('',*,*,#556,.F.);
#1015 = SPHERICAL_SURFACE('',#1016,0.3);
#1016 = AXIS2_PLACEMENT_3D('',#1017,#1018,#1019);
#1017 = CARTESIAN_POINT('',(27.7,0.3,0.3));
#1018 = DIRECTION('',(0.,0.,1.));
#1019 = DIRECTION('',(1.,0.,-0.));
#1020 = ADVANCED_FACE('',(#1021),#1039,.T.);
#1021 = FACE_BOUND('',#1022,.T.);
#1022 = EDGE_LOOP('',(#1023,#1024,#1031,#1032));
#1023 = ORIENTED_EDGE('',*,*,#582,.F.);
#1024 = ORIENTED_EDGE('',*,*,#1025,.T.);
#1025 = EDGE_CURVE('',#575,#795,#1026,.T.);
#1026 = CIRCLE('',#1027,0.3);
#1027 = AXIS2_PLACEMENT_3D('',#1028,#1029,#1030);
#1028 = CARTESIAN_POINT('',(27.7,12.2,0.3));
#1029 = DIRECTION('',(0.,0.,1.));
#1030 = DIRECTION('',(1.,0.,-0.));
#1031 = ORIENTED_EDGE('',*,*,#794,.T.);
#1032 = ORIENTED_EDGE('',*,*,#1033,.T.);
#1033 = EDGE_CURVE('',#787,#583,#1034,.T.);
#1034 = CIRCLE('',#1035,0.3);
#1035 = AXIS2_PLACEMENT_3D('',#1036,#1037,#1038);
#1036 = CARTESIAN_POINT('',(27.7,12.2,10.3));
#1037 = DIRECTION('',(0.,0.,-1.));
#1038 = DIRECTION('',(1.,0.,0.));
#1039 = CYLINDRICAL_SURFACE('',#1040,0.3);
#1040 = AXIS2_PLACEMENT_3D('',#1041,#1042,#1043);
#1041 = CARTESIAN_POINT('',(27.7,12.2,0.));
#1042 = DIRECTION('',(0.,0.,1.));
#1043 = DIRECTION('',(1.,0.,-0.));
#1044 = ADVANCED_FACE('',(#1045),#1057,.T.);
#1045 = FACE_BOUND('',#1046,.T.);
#1046 = EDGE_LOOP('',(#1047,#1048,#1049,#1056));
#1047 = ORIENTED_EDGE('',*,*,#1007,.F.);
#1048 = ORIENTED_EDGE('',*,*,#825,.T.);
#1049 = ORIENTED_EDGE('',*,*,#1050,.T.);
#1050 = EDGE_CURVE('',#826,#575,#1051,.T.);
#1051 = CIRCLE('',#1052,0.3);
#1052 = AXIS2_PLACEMENT_3D('',#1053,#1054,#1055);
#1053 = CARTESIAN_POINT('',(27.7,12.2,0.3));
#1054 = DIRECTION('',(0.,-1.,0.));
#1055 = DIRECTION('',(1.,0.,0.));
#1056 = ORIENTED_EDGE('',*,*,#574,.F.);
#1057 = CYLINDRICAL_SURFACE('',#1058,0.3);
#1058 = AXIS2_PLACEMENT_3D('',#1059,#1060,#1061);
#1059 = CARTESIAN_POINT('',(27.7,0.,0.3));
#1060 = DIRECTION('',(-0.,1.,0.));
#1061 = DIRECTION('',(1.,0.,-0.));
#1062 = ADVANCED_FACE('',(#1063),#1074,.T.);
#1063 = FACE_BOUND('',#1064,.T.);
#1064 = EDGE_LOOP('',(#1065,#1066,#1073));
#1065 = ORIENTED_EDGE('',*,*,#1033,.F.);
#1066 = ORIENTED_EDGE('',*,*,#1067,.T.);
#1067 = EDGE_CURVE('',#787,#607,#1068,.T.);
#1068 = CIRCLE('',#1069,0.3);
#1069 = AXIS2_PLACEMENT_3D('',#1070,#1071,#1072);
#1070 = CARTESIAN_POINT('',(27.7,12.2,10.3));
#1071 = DIRECTION('',(1.,0.,-6.123233995737E-17));
#1072 = DIRECTION('',(6.123233995737E-17,0.,1.));
#1073 = ORIENTED_EDGE('',*,*,#614,.F.);
#1074 = SPHERICAL_SURFACE('',#1075,0.3);
#1075 = AXIS2_PLACEMENT_3D('',#1076,#1077,#1078);
#1076 = CARTESIAN_POINT('',(27.7,12.2,10.3));
#1077 = DIRECTION('',(0.,-1.,-0.));
#1078 = DIRECTION('',(1.,0.,0.));
#1079 = ADVANCED_FACE('',(#1080),#1086,.T.);
#1080 = FACE_BOUND('',#1081,.T.);
#1081 = EDGE_LOOP('',(#1082,#1083,#1084,#1085));
#1082 = ORIENTED_EDGE('',*,*,#752,.T.);
#1083 = ORIENTED_EDGE('',*,*,#656,.T.);
#1084 = ORIENTED_EDGE('',*,*,#1067,.F.);
#1085 = ORIENTED_EDGE('',*,*,#786,.F.);
#1086 = CYLINDRICAL_SURFACE('',#1087,0.3);
#1087 = AXIS2_PLACEMENT_3D('',#1088,#1089,#1090);
#1088 = CARTESIAN_POINT('',(24.5,12.2,10.3));
#1089 = DIRECTION('',(1.,0.,-0.));
#1090 = DIRECTION('',(0.,1.,0.));
#1091 = ADVANCED_FACE('',(#1092),#1103,.F.);
#1092 = FACE_BOUND('',#1093,.F.);
#1093 = EDGE_LOOP('',(#1094,#1095,#1096,#1097));
#1094 = ORIENTED_EDGE('',*,*,#727,.F.);
#1095 = ORIENTED_EDGE('',*,*,#640,.F.);
#1096 = ORIENTED_EDGE('',*,*,#671,.T.);
#1097 = ORIENTED_EDGE('',*,*,#1098,.F.);
#1098 = EDGE_CURVE('',#728,#672,#1099,.T.);
#1099 = LINE('',#1100,#1101);
#1100 = CARTESIAN_POINT('',(24.84,9.7,8.45));
#1101 = VECTOR('',#1102,1.);
#1102 = DIRECTION('',(1.,0.,0.));
#1103 = PLANE('',#1104);
#1104 = AXIS2_PLACEMENT_3D('',#1105,#1106,#1107);
#1105 = CARTESIAN_POINT('',(24.84,9.7,10.8));
#1106 = DIRECTION('',(-0.,1.,0.));
#1107 = DIRECTION('',(0.,0.,-1.));
#1108 = ADVANCED_FACE('',(#1109),#1115,.F.);
#1109 = FACE_BOUND('',#1110,.F.);
#1110 = EDGE_LOOP('',(#1111,#1112,#1113,#1114));
#1111 = ORIENTED_EDGE('',*,*,#1098,.T.);
#1112 = ORIENTED_EDGE('',*,*,#679,.T.);
#1113 = ORIENTED_EDGE('',*,*,#710,.F.);
#1114 = ORIENTED_EDGE('',*,*,#735,.F.);
#1115 = PLANE('',#1116);
#1116 = AXIS2_PLACEMENT_3D('',#1117,#1118,#1119);
#1117 = CARTESIAN_POINT('',(24.84,9.7,8.45));
#1118 = DIRECTION('',(0.,0.,-1.));
#1119 = DIRECTION('',(0.,-1.,0.));
#1120 = ADVANCED_FACE('',(#1121),#1133,.T.);
#1121 = FACE_BOUND('',#1122,.F.);
#1122 = EDGE_LOOP('',(#1123,#1124,#1125,#1132));
#1123 = ORIENTED_EDGE('',*,*,#769,.F.);
#1124 = ORIENTED_EDGE('',*,*,#833,.T.);
#1125 = ORIENTED_EDGE('',*,*,#1126,.T.);
#1126 = EDGE_CURVE('',#826,#795,#1127,.T.);
#1127 = CIRCLE('',#1128,0.3);
#1128 = AXIS2_PLACEMENT_3D('',#1129,#1130,#1131);
#1129 = CARTESIAN_POINT('',(27.7,12.2,0.3));
#1130 = DIRECTION('',(1.,-6.123233995737E-17,0.));
#1131 = DIRECTION('',(6.123233995737E-17,1.,0.));
#1132 = ORIENTED_EDGE('',*,*,#802,.F.);
#1133 = CYLINDRICAL_SURFACE('',#1134,0.3);
#1134 = AXIS2_PLACEMENT_3D('',#1135,#1136,#1137);
#1135 = CARTESIAN_POINT('',(24.5,12.2,0.3));
#1136 = DIRECTION('',(1.,0.,-0.));
#1137 = DIRECTION('',(0.,1.,0.));
#1138 = ADVANCED_FACE('',(#1139),#1144,.T.);
#1139 = FACE_BOUND('',#1140,.T.);
#1140 = EDGE_LOOP('',(#1141,#1142,#1143));
#1141 = ORIENTED_EDGE('',*,*,#1050,.F.);
#1142 = ORIENTED_EDGE('',*,*,#1126,.T.);
#1143 = ORIENTED_EDGE('',*,*,#1025,.F.);
#1144 = SPHERICAL_SURFACE('',#1145,0.3);
#1145 = AXIS2_PLACEMENT_3D('',#1146,#1147,#1148);
#1146 = CARTESIAN_POINT('',(27.7,12.2,0.3));
#1147 = DIRECTION('',(0.,0.,1.));
#1148 = DIRECTION('',(1.,0.,-0.));
#1149 = ADVANCED_FACE('',(#1150),#1193,.T.);
#1150 = FACE_BOUND('',#1151,.T.);
#1151 = EDGE_LOOP('',(#1152,#1160,#1161,#1162,#1163,#1171,#1179,#1187));
#1152 = ORIENTED_EDGE('',*,*,#1153,.T.);
#1153 = EDGE_CURVE('',#1154,#875,#1156,.T.);
#1154 = VERTEX_POINT('',#1155);
#1155 = CARTESIAN_POINT('',(27.5,0.4,5.6));
#1156 = LINE('',#1157,#1158);
#1157 = CARTESIAN_POINT('',(24.85,0.4,5.6));
#1158 = VECTOR('',#1159,1.);
#1159 = DIRECTION('',(1.,0.,-0.));
#1160 = ORIENTED_EDGE('',*,*,#882,.F.);
#1161 = ORIENTED_EDGE('',*,*,#458,.F.);
#1162 = ORIENTED_EDGE('',*,*,#922,.T.);
#1163 = ORIENTED_EDGE('',*,*,#1164,.F.);
#1164 = EDGE_CURVE('',#1165,#923,#1167,.T.);
#1165 = VERTEX_POINT('',#1166);
#1166 = CARTESIAN_POINT('',(27.05,0.4,5.6));
#1167 = LINE('',#1168,#1169);
#1168 = CARTESIAN_POINT('',(24.85,0.4,5.6));
#1169 = VECTOR('',#1170,1.);
#1170 = DIRECTION('',(1.,0.,-0.));
#1171 = ORIENTED_EDGE('',*,*,#1172,.T.);
#1172 = EDGE_CURVE('',#1165,#1173,#1175,.T.);
#1173 = VERTEX_POINT('',#1174);
#1174 = CARTESIAN_POINT('',(27.05,4.35,5.6));
#1175 = LINE('',#1176,#1177);
#1176 = CARTESIAN_POINT('',(27.05,0.4,5.6));
#1177 = VECTOR('',#1178,1.);
#1178 = DIRECTION('',(-0.,1.,0.));
#1179 = ORIENTED_EDGE('',*,*,#1180,.T.);
#1180 = EDGE_CURVE('',#1173,#1181,#1183,.T.);
#1181 = VERTEX_POINT('',#1182);
#1182 = CARTESIAN_POINT('',(27.5,4.35,5.6));
#1183 = LINE('',#1184,#1185);
#1184 = CARTESIAN_POINT('',(25.,4.35,5.6));
#1185 = VECTOR('',#1186,1.);
#1186 = DIRECTION('',(1.,0.,-0.));
#1187 = ORIENTED_EDGE('',*,*,#1188,.F.);
#1188 = EDGE_CURVE('',#1154,#1181,#1189,.T.);
#1189 = LINE('',#1190,#1191);
#1190 = CARTESIAN_POINT('',(27.5,0.4,5.6));
#1191 = VECTOR('',#1192,1.);
#1192 = DIRECTION('',(-0.,1.,0.));
#1193 = PLANE('',#1194);
#1194 = AXIS2_PLACEMENT_3D('',#1195,#1196,#1197);
#1195 = CARTESIAN_POINT('',(27.296212121212,2.121212121212,5.6));
#1196 = DIRECTION('',(-0.,-0.,-1.));
#1197 = DIRECTION('',(-1.,0.,0.));
#1198 = ADVANCED_FACE('',(#1199),#1224,.F.);
#1199 = FACE_BOUND('',#1200,.F.);
#1200 = EDGE_LOOP('',(#1201,#1209,#1210,#1218));
#1201 = ORIENTED_EDGE('',*,*,#1202,.F.);
#1202 = EDGE_CURVE('',#1165,#1203,#1205,.T.);
#1203 = VERTEX_POINT('',#1204);
#1204 = CARTESIAN_POINT('',(27.05,0.4,7.35));
#1205 = LINE('',#1206,#1207);
#1206 = CARTESIAN_POINT('',(27.05,0.4,5.6));
#1207 = VECTOR('',#1208,1.);
#1208 = DIRECTION('',(0.,0.,1.));
#1209 = ORIENTED_EDGE('',*,*,#1172,.T.);
#1210 = ORIENTED_EDGE('',*,*,#1211,.T.);
#1211 = EDGE_CURVE('',#1173,#1212,#1214,.T.);
#1212 = VERTEX_POINT('',#1213);
#1213 = CARTESIAN_POINT('',(27.05,4.35,7.35));
#1214 = LINE('',#1215,#1216);
#1215 = CARTESIAN_POINT('',(27.05,4.35,5.6));
#1216 = VECTOR('',#1217,1.);
#1217 = DIRECTION('',(0.,0.,1.));
#1218 = ORIENTED_EDGE('',*,*,#1219,.F.);
#1219 = EDGE_CURVE('',#1203,#1212,#1220,.T.);
#1220 = LINE('',#1221,#1222);
#1221 = CARTESIAN_POINT('',(27.05,0.4,7.35));
#1222 = VECTOR('',#1223,1.);
#1223 = DIRECTION('',(-0.,1.,0.));
#1224 = PLANE('',#1225);
#1225 = AXIS2_PLACEMENT_3D('',#1226,#1227,#1228);
#1226 = CARTESIAN_POINT('',(27.05,0.4,5.6));
#1227 = DIRECTION('',(1.,0.,-0.));
#1228 = DIRECTION('',(0.,0.,1.));
#1229 = ADVANCED_FACE('',(#1230),#1255,.F.);
#1230 = FACE_BOUND('',#1231,.F.);
#1231 = EDGE_LOOP('',(#1232,#1240,#1248,#1254));
#1232 = ORIENTED_EDGE('',*,*,#1233,.F.);
#1233 = EDGE_CURVE('',#1234,#1154,#1236,.T.);
#1234 = VERTEX_POINT('',#1235);
#1235 = CARTESIAN_POINT('',(27.5,0.4,2.1));
#1236 = LINE('',#1237,#1238);
#1237 = CARTESIAN_POINT('',(27.5,0.4,2.1));
#1238 = VECTOR('',#1239,1.);
#1239 = DIRECTION('',(0.,0.,1.));
#1240 = ORIENTED_EDGE('',*,*,#1241,.T.);
#1241 = EDGE_CURVE('',#1234,#1242,#1244,.T.);
#1242 = VERTEX_POINT('',#1243);
#1243 = CARTESIAN_POINT('',(27.5,4.35,2.1));
#1244 = LINE('',#1245,#1246);
#1245 = CARTESIAN_POINT('',(27.5,0.4,2.1));
#1246 = VECTOR('',#1247,1.);
#1247 = DIRECTION('',(-0.,1.,0.));
#1248 = ORIENTED_EDGE('',*,*,#1249,.T.);
#1249 = EDGE_CURVE('',#1242,#1181,#1250,.T.);
#1250 = LINE('',#1251,#1252);
#1251 = CARTESIAN_POINT('',(27.5,4.35,2.1));
#1252 = VECTOR('',#1253,1.);
#1253 = DIRECTION('',(0.,0.,1.));
#1254 = ORIENTED_EDGE('',*,*,#1188,.F.);
#1255 = PLANE('',#1256);
#1256 = AXIS2_PLACEMENT_3D('',#1257,#1258,#1259);
#1257 = CARTESIAN_POINT('',(27.5,0.4,2.1));
#1258 = DIRECTION('',(1.,0.,-0.));
#1259 = DIRECTION('',(0.,0.,1.));
#1260 = ADVANCED_FACE('',(#1261),#1288,.F.);
#1261 = FACE_BOUND('',#1262,.F.);
#1262 = EDGE_LOOP('',(#1263,#1272,#1273,#1282));
#1263 = ORIENTED_EDGE('',*,*,#1264,.F.);
#1264 = EDGE_CURVE('',#1242,#1265,#1267,.T.);
#1265 = VERTEX_POINT('',#1266);
#1266 = CARTESIAN_POINT('',(25.,4.35,2.1));
#1267 = CIRCLE('',#1268,1.25);
#1268 = AXIS2_PLACEMENT_3D('',#1269,#1270,#1271);
#1269 = CARTESIAN_POINT('',(26.25,4.35,2.1));
#1270 = DIRECTION('',(0.,1.,0.));
#1271 = DIRECTION('',(0.,-0.,1.));
#1272 = ORIENTED_EDGE('',*,*,#1241,.F.);
#1273 = ORIENTED_EDGE('',*,*,#1274,.T.);
#1274 = EDGE_CURVE('',#1234,#1275,#1277,.T.);
#1275 = VERTEX_POINT('',#1276);
#1276 = CARTESIAN_POINT('',(25.,0.4,2.1));
#1277 = CIRCLE('',#1278,1.25);
#1278 = AXIS2_PLACEMENT_3D('',#1279,#1280,#1281);
#1279 = CARTESIAN_POINT('',(26.25,0.4,2.1));
#1280 = DIRECTION('',(0.,1.,0.));
#1281 = DIRECTION('',(0.,-0.,1.));
#1282 = ORIENTED_EDGE('',*,*,#1283,.T.);
#1283 = EDGE_CURVE('',#1275,#1265,#1284,.T.);
#1284 = LINE('',#1285,#1286);
#1285 = CARTESIAN_POINT('',(25.,0.4,2.1));
#1286 = VECTOR('',#1287,1.);
#1287 = DIRECTION('',(-0.,1.,0.));
#1288 = CYLINDRICAL_SURFACE('',#1289,1.25);
#1289 = AXIS2_PLACEMENT_3D('',#1290,#1291,#1292);
#1290 = CARTESIAN_POINT('',(26.25,0.4,2.1));
#1291 = DIRECTION('',(0.,1.,0.));
#1292 = DIRECTION('',(0.,-0.,1.));
#1293 = ADVANCED_FACE('',(#1294),#1319,.T.);
#1294 = FACE_BOUND('',#1295,.T.);
#1295 = EDGE_LOOP('',(#1296,#1304,#1305,#1313));
#1296 = ORIENTED_EDGE('',*,*,#1297,.F.);
#1297 = EDGE_CURVE('',#1275,#1298,#1300,.T.);
#1298 = VERTEX_POINT('',#1299);
#1299 = CARTESIAN_POINT('',(25.,0.4,5.6));
#1300 = LINE('',#1301,#1302);
#1301 = CARTESIAN_POINT('',(25.,0.4,2.1));
#1302 = VECTOR('',#1303,1.);
#1303 = DIRECTION('',(0.,0.,1.));
#1304 = ORIENTED_EDGE('',*,*,#1283,.T.);
#1305 = ORIENTED_EDGE('',*,*,#1306,.T.);
#1306 = EDGE_CURVE('',#1265,#1307,#1309,.T.);
#1307 = VERTEX_POINT('',#1308);
#1308 = CARTESIAN_POINT('',(25.,4.35,5.6));
#1309 = LINE('',#1310,#1311);
#1310 = CARTESIAN_POINT('',(25.,4.35,2.1));
#1311 = VECTOR('',#1312,1.);
#1312 = DIRECTION('',(0.,0.,1.));
#1313 = ORIENTED_EDGE('',*,*,#1314,.F.);
#1314 = EDGE_CURVE('',#1298,#1307,#1315,.T.);
#1315 = LINE('',#1316,#1317);
#1316 = CARTESIAN_POINT('',(25.,0.4,5.6));
#1317 = VECTOR('',#1318,1.);
#1318 = DIRECTION('',(-0.,1.,0.));
#1319 = PLANE('',#1320);
#1320 = AXIS2_PLACEMENT_3D('',#1321,#1322,#1323);
#1321 = CARTESIAN_POINT('',(25.,0.4,2.1));
#1322 = DIRECTION('',(1.,0.,-0.));
#1323 = DIRECTION('',(0.,0.,1.));
#1324 = ADVANCED_FACE('',(#1325),#1359,.T.);
#1325 = FACE_BOUND('',#1326,.T.);
#1326 = EDGE_LOOP('',(#1327,#1333,#1334,#1342,#1350,#1356,#1357,#1358));
#1327 = ORIENTED_EDGE('',*,*,#1328,.T.);
#1328 = EDGE_CURVE('',#955,#1298,#1329,.T.);
#1329 = LINE('',#1330,#1331);
#1330 = CARTESIAN_POINT('',(24.85,0.4,5.6));
#1331 = VECTOR('',#1332,1.);
#1332 = DIRECTION('',(1.,0.,-0.));
#1333 = ORIENTED_EDGE('',*,*,#1314,.T.);
#1334 = ORIENTED_EDGE('',*,*,#1335,.T.);
#1335 = EDGE_CURVE('',#1307,#1336,#1338,.T.);
#1336 = VERTEX_POINT('',#1337);
#1337 = CARTESIAN_POINT('',(25.45,4.35,5.6));
#1338 = LINE('',#1339,#1340);
#1339 = CARTESIAN_POINT('',(25.,4.35,5.6));
#1340 = VECTOR('',#1341,1.);
#1341 = DIRECTION('',(1.,0.,-0.));
#1342 = ORIENTED_EDGE('',*,*,#1343,.F.);
#1343 = EDGE_CURVE('',#1344,#1336,#1346,.T.);
#1344 = VERTEX_POINT('',#1345);
#1345 = CARTESIAN_POINT('',(25.45,0.4,5.6));
#1346 = LINE('',#1347,#1348);
#1347 = CARTESIAN_POINT('',(25.45,0.4,5.6));
#1348 = VECTOR('',#1349,1.);
#1349 = DIRECTION('',(-0.,1.,0.));
#1350 = ORIENTED_EDGE('',*,*,#1351,.F.);
#1351 = EDGE_CURVE('',#978,#1344,#1352,.T.);
#1352 = LINE('',#1353,#1354);
#1353 = CARTESIAN_POINT('',(24.85,0.4,5.6));
#1354 = VECTOR('',#1355,1.);
#1355 = DIRECTION('',(1.,0.,-0.));
#1356 = ORIENTED_EDGE('',*,*,#977,.F.);
#1357 = ORIENTED_EDGE('',*,*,#500,.F.);
#1358 = ORIENTED_EDGE('',*,*,#962,.T.);
#1359 = PLANE('',#1360);
#1360 = AXIS2_PLACEMENT_3D('',#1361,#1362,#1363);
#1361 = CARTESIAN_POINT('',(25.203787878788,2.121212121212,5.6));
#1362 = DIRECTION('',(-0.,-0.,-1.));
#1363 = DIRECTION('',(-1.,0.,0.));
#1364 = ADVANCED_FACE('',(#1365),#1390,.T.);
#1365 = FACE_BOUND('',#1366,.T.);
#1366 = EDGE_LOOP('',(#1367,#1375,#1376,#1384));
#1367 = ORIENTED_EDGE('',*,*,#1368,.F.);
#1368 = EDGE_CURVE('',#1344,#1369,#1371,.T.);
#1369 = VERTEX_POINT('',#1370);
#1370 = CARTESIAN_POINT('',(25.45,0.4,7.35));
#1371 = LINE('',#1372,#1373);
#1372 = CARTESIAN_POINT('',(25.45,0.4,5.6));
#1373 = VECTOR('',#1374,1.);
#1374 = DIRECTION('',(0.,0.,1.));
#1375 = ORIENTED_EDGE('',*,*,#1343,.T.);
#1376 = ORIENTED_EDGE('',*,*,#1377,.T.);
#1377 = EDGE_CURVE('',#1336,#1378,#1380,.T.);
#1378 = VERTEX_POINT('',#1379);
#1379 = CARTESIAN_POINT('',(25.45,4.35,7.35));
#1380 = LINE('',#1381,#1382);
#1381 = CARTESIAN_POINT('',(25.45,4.35,5.6));
#1382 = VECTOR('',#1383,1.);
#1383 = DIRECTION('',(0.,0.,1.));
#1384 = ORIENTED_EDGE('',*,*,#1385,.F.);
#1385 = EDGE_CURVE('',#1369,#1378,#1386,.T.);
#1386 = LINE('',#1387,#1388);
#1387 = CARTESIAN_POINT('',(25.45,0.4,7.35));
#1388 = VECTOR('',#1389,1.);
#1389 = DIRECTION('',(-0.,1.,0.));
#1390 = PLANE('',#1391);
#1391 = AXIS2_PLACEMENT_3D('',#1392,#1393,#1394);
#1392 = CARTESIAN_POINT('',(25.45,0.4,5.6));
#1393 = DIRECTION('',(1.,0.,-0.));
#1394 = DIRECTION('',(0.,0.,1.));
#1395 = ADVANCED_FACE('',(#1396),#1406,.T.);
#1396 = FACE_BOUND('',#1397,.T.);
#1397 = EDGE_LOOP('',(#1398,#1399,#1400,#1401,#1402,#1403,#1404,#1405));
#1398 = ORIENTED_EDGE('',*,*,#874,.T.);
#1399 = ORIENTED_EDGE('',*,*,#1153,.F.);
#1400 = ORIENTED_EDGE('',*,*,#1233,.F.);
#1401 = ORIENTED_EDGE('',*,*,#1274,.T.);
#1402 = ORIENTED_EDGE('',*,*,#1297,.T.);
#1403 = ORIENTED_EDGE('',*,*,#1328,.F.);
#1404 = ORIENTED_EDGE('',*,*,#954,.F.);
#1405 = ORIENTED_EDGE('',*,*,#896,.F.);
#1406 = PLANE('',#1407);
#1407 = AXIS2_PLACEMENT_3D('',#1408,#1409,#1410);
#1408 = CARTESIAN_POINT('',(26.25,0.4,2.974105664285));
#1409 = DIRECTION('',(-0.,-1.,-0.));
#1410 = DIRECTION('',(0.,0.,-1.));
#1411 = ADVANCED_FACE('',(#1412),#1452,.T.);
#1412 = FACE_BOUND('',#1413,.T.);
#1413 = EDGE_LOOP('',(#1414,#1415,#1416,#1425,#1432,#1433,#1434,#1435,
    #1444,#1451));
#1414 = ORIENTED_EDGE('',*,*,#1164,.T.);
#1415 = ORIENTED_EDGE('',*,*,#930,.T.);
#1416 = ORIENTED_EDGE('',*,*,#1417,.F.);
#1417 = EDGE_CURVE('',#1418,#931,#1420,.T.);
#1418 = VERTEX_POINT('',#1419);
#1419 = CARTESIAN_POINT('',(26.25,0.4,8.3));
#1420 = CIRCLE('',#1421,0.95);
#1421 = AXIS2_PLACEMENT_3D('',#1422,#1423,#1424);
#1422 = CARTESIAN_POINT('',(26.25,0.4,7.35));
#1423 = DIRECTION('',(0.,1.,0.));
#1424 = DIRECTION('',(0.,-0.,1.));
#1425 = ORIENTED_EDGE('',*,*,#1426,.F.);
#1426 = EDGE_CURVE('',#986,#1418,#1427,.T.);
#1427 = CIRCLE('',#1428,0.95);
#1428 = AXIS2_PLACEMENT_3D('',#1429,#1430,#1431);
#1429 = CARTESIAN_POINT('',(26.25,0.4,7.35));
#1430 = DIRECTION('',(0.,1.,0.));
#1431 = DIRECTION('',(0.,-0.,1.));
#1432 = ORIENTED_EDGE('',*,*,#985,.F.);
#1433 = ORIENTED_EDGE('',*,*,#1351,.T.);
#1434 = ORIENTED_EDGE('',*,*,#1368,.T.);
#1435 = ORIENTED_EDGE('',*,*,#1436,.T.);
#1436 = EDGE_CURVE('',#1369,#1437,#1439,.T.);
#1437 = VERTEX_POINT('',#1438);
#1438 = CARTESIAN_POINT('',(26.25,0.4,8.15));
#1439 = CIRCLE('',#1440,0.8);
#1440 = AXIS2_PLACEMENT_3D('',#1441,#1442,#1443);
#1441 = CARTESIAN_POINT('',(26.25,0.4,7.35));
#1442 = DIRECTION('',(0.,1.,0.));
#1443 = DIRECTION('',(0.,-0.,1.));
#1444 = ORIENTED_EDGE('',*,*,#1445,.T.);
#1445 = EDGE_CURVE('',#1437,#1203,#1446,.T.);
#1446 = CIRCLE('',#1447,0.8);
#1447 = AXIS2_PLACEMENT_3D('',#1448,#1449,#1450);
#1448 = CARTESIAN_POINT('',(26.25,0.4,7.35));
#1449 = DIRECTION('',(0.,1.,0.));
#1450 = DIRECTION('',(0.,-0.,1.));
#1451 = ORIENTED_EDGE('',*,*,#1202,.F.);
#1452 = PLANE('',#1453);
#1453 = AXIS2_PLACEMENT_3D('',#1454,#1455,#1456);
#1454 = CARTESIAN_POINT('',(26.25,0.4,7.061813018945));
#1455 = DIRECTION('',(-0.,-1.,-0.));
#1456 = DIRECTION('',(0.,0.,-1.));
#1457 = ADVANCED_FACE('',(#1458),#1483,.T.);
#1458 = FACE_BOUND('',#1459,.T.);
#1459 = EDGE_LOOP('',(#1460,#1461,#1462,#1463,#1472,#1479,#1480,#1481,
    #1482));
#1460 = ORIENTED_EDGE('',*,*,#1249,.T.);
#1461 = ORIENTED_EDGE('',*,*,#1180,.F.);
#1462 = ORIENTED_EDGE('',*,*,#1211,.T.);
#1463 = ORIENTED_EDGE('',*,*,#1464,.F.);
#1464 = EDGE_CURVE('',#1465,#1212,#1467,.T.);
#1465 = VERTEX_POINT('',#1466);
#1466 = CARTESIAN_POINT('',(26.25,4.35,8.15));
#1467 = CIRCLE('',#1468,0.8);
#1468 = AXIS2_PLACEMENT_3D('',#1469,#1470,#1471);
#1469 = CARTESIAN_POINT('',(26.25,4.35,7.35));
#1470 = DIRECTION('',(0.,1.,0.));
#1471 = DIRECTION('',(0.,-0.,1.));
#1472 = ORIENTED_EDGE('',*,*,#1473,.F.);
#1473 = EDGE_CURVE('',#1378,#1465,#1474,.T.);
#1474 = CIRCLE('',#1475,0.8);
#1475 = AXIS2_PLACEMENT_3D('',#1476,#1477,#1478);
#1476 = CARTESIAN_POINT('',(26.25,4.35,7.35));
#1477 = DIRECTION('',(0.,1.,0.));
#1478 = DIRECTION('',(0.,-0.,1.));
#1479 = ORIENTED_EDGE('',*,*,#1377,.F.);
#1480 = ORIENTED_EDGE('',*,*,#1335,.F.);
#1481 = ORIENTED_EDGE('',*,*,#1306,.F.);
#1482 = ORIENTED_EDGE('',*,*,#1264,.F.);
#1483 = PLANE('',#1484);
#1484 = AXIS2_PLACEMENT_3D('',#1485,#1486,#1487);
#1485 = CARTESIAN_POINT('',(26.25,4.35,4.497949762039));
#1486 = DIRECTION('',(-0.,-1.,-0.));
#1487 = DIRECTION('',(0.,0.,-1.));
#1488 = ADVANCED_FACE('',(#1489),#1497,.F.);
#1489 = FACE_BOUND('',#1490,.F.);
#1490 = EDGE_LOOP('',(#1491,#1492,#1493,#1494,#1495,#1496));
#1491 = ORIENTED_EDGE('',*,*,#993,.F.);
#1492 = ORIENTED_EDGE('',*,*,#483,.T.);
#1493 = ORIENTED_EDGE('',*,*,#474,.T.);
#1494 = ORIENTED_EDGE('',*,*,#938,.T.);
#1495 = ORIENTED_EDGE('',*,*,#1417,.F.);
#1496 = ORIENTED_EDGE('',*,*,#1426,.F.);
#1497 = CYLINDRICAL_SURFACE('',#1498,0.95);
#1498 = AXIS2_PLACEMENT_3D('',#1499,#1500,#1501);
#1499 = CARTESIAN_POINT('',(26.25,-5.E-02,7.35));
#1500 = DIRECTION('',(0.,1.,0.));
#1501 = DIRECTION('',(0.,-0.,1.));
#1502 = ADVANCED_FACE('',(#1503),#1511,.F.);
#1503 = FACE_BOUND('',#1504,.F.);
#1504 = EDGE_LOOP('',(#1505,#1506,#1507,#1508,#1509,#1510));
#1505 = ORIENTED_EDGE('',*,*,#1219,.T.);
#1506 = ORIENTED_EDGE('',*,*,#1464,.F.);
#1507 = ORIENTED_EDGE('',*,*,#1473,.F.);
#1508 = ORIENTED_EDGE('',*,*,#1385,.F.);
#1509 = ORIENTED_EDGE('',*,*,#1436,.T.);
#1510 = ORIENTED_EDGE('',*,*,#1445,.T.);
#1511 = CYLINDRICAL_SURFACE('',#1512,0.8);
#1512 = AXIS2_PLACEMENT_3D('',#1513,#1514,#1515);
#1513 = CARTESIAN_POINT('',(26.25,0.4,7.35));
#1514 = DIRECTION('',(0.,1.,0.));
#1515 = DIRECTION('',(0.,-0.,1.));
#1516 = ( GEOMETRIC_REPRESENTATION_CONTEXT(3)
GLOBAL_UNCERTAINTY_ASSIGNED_CONTEXT((#1520))
GLOBAL_UNIT_ASSIGNED_CONTEXT((#1517,#1518,#1519)) REPRESENTATION_CONTEXT
('Context #1','3D Context with UNIT and UNCERTAINTY') );
#1517 = ( LENGTH_UNIT() NAMED_UNIT(*) SI_UNIT(.MILLI.,.METRE.) );
#1518 = ( NAMED_UNIT(*) PLANE_ANGLE_UNIT() SI_UNIT($,.RADIAN.) );
#1519 = ( NAMED_UNIT(*) SI_UNIT($,.STERADIAN.) SOLID_ANGLE_UNIT() );
#1520 = UNCERTAINTY_MEASURE_WITH_UNIT(LENGTH_MEASURE(1.E-07),#1517,
  'distance_accuracy_value','confusion accuracy');
#1521 = CONTEXT_DEPENDENT_SHAPE_REPRESENTATION(#1522,#1524);
#1522 = ( REPRESENTATION_RELATIONSHIP('','',#160,#10)
REPRESENTATION_RELATIONSHIP_WITH_TRANSFORMATION(#1523)
SHAPE_REPRESENTATION_RELATIONSHIP() );
#1523 = ITEM_DEFINED_TRANSFORMATION('','',#11,#15);
#1524 = PRODUCT_DEFINITION_SHAPE('Placement','Placement of an item',
  #1525);
#1525 = NEXT_ASSEMBLY_USAGE_OCCURRENCE('1','Housing P1','',#5,#155,$);
#1526 = PRODUCT_RELATED_PRODUCT_CATEGORY('part',$,(#157));
#1527 = SHAPE_DEFINITION_REPRESENTATION(#1528,#1534);
#1528 = PRODUCT_DEFINITION_SHAPE('','',#1529);
#1529 = PRODUCT_DEFINITION('design','',#1530,#1533);
#1530 = PRODUCT_DEFINITION_FORMATION('','',#1531);
#1531 = PRODUCT('Actuator P1','Actuator P1','',(#1532));
#1532 = PRODUCT_CONTEXT('',#2,'mechanical');
#1533 = PRODUCT_DEFINITION_CONTEXT('part definition',#2,'design');
#1534 = ADVANCED_BREP_SHAPE_REPRESENTATION('',(#11,#1535),#1753);
#1535 = MANIFOLD_SOLID_BREP('',#1536);
#1536 = CLOSED_SHELL('',(#1537,#1577,#1608,#1639,#1670,#1703,#1725,#1739
    ));
#1537 = ADVANCED_FACE('',(#1538),#1572,.T.);
#1538 = FACE_BOUND('',#1539,.T.);
#1539 = EDGE_LOOP('',(#1540,#1550,#1558,#1566));
#1540 = ORIENTED_EDGE('',*,*,#1541,.T.);
#1541 = EDGE_CURVE('',#1542,#1544,#1546,.T.);
#1542 = VERTEX_POINT('',#1543);
#1543 = CARTESIAN_POINT('',(24.9,-0.35,10.6));
#1544 = VERTEX_POINT('',#1545);
#1545 = CARTESIAN_POINT('',(27.6,-0.35,10.6));
#1546 = LINE('',#1547,#1548);
#1547 = CARTESIAN_POINT('',(24.9,-0.35,10.6));
#1548 = VECTOR('',#1549,1.);
#1549 = DIRECTION('',(1.,0.,0.));
#1550 = ORIENTED_EDGE('',*,*,#1551,.T.);
#1551 = EDGE_CURVE('',#1544,#1552,#1554,.T.);
#1552 = VERTEX_POINT('',#1553);
#1553 = CARTESIAN_POINT('',(27.6,9.45,10.6));
#1554 = LINE('',#1555,#1556);
#1555 = CARTESIAN_POINT('',(27.6,-0.35,10.6));
#1556 = VECTOR('',#1557,1.);
#1557 = DIRECTION('',(0.,1.,0.));
#1558 = ORIENTED_EDGE('',*,*,#1559,.F.);
#1559 = EDGE_CURVE('',#1560,#1552,#1562,.T.);
#1560 = VERTEX_POINT('',#1561);
#1561 = CARTESIAN_POINT('',(24.9,9.45,10.6));
#1562 = LINE('',#1563,#1564);
#1563 = CARTESIAN_POINT('',(24.9,9.45,10.6));
#1564 = VECTOR('',#1565,1.);
#1565 = DIRECTION('',(1.,0.,0.));
#1566 = ORIENTED_EDGE('',*,*,#1567,.F.);
#1567 = EDGE_CURVE('',#1542,#1560,#1568,.T.);
#1568 = LINE('',#1569,#1570);
#1569 = CARTESIAN_POINT('',(24.9,-0.35,10.6));
#1570 = VECTOR('',#1571,1.);
#1571 = DIRECTION('',(0.,1.,0.));
#1572 = PLANE('',#1573);
#1573 = AXIS2_PLACEMENT_3D('',#1574,#1575,#1576);
#1574 = CARTESIAN_POINT('',(24.9,-0.35,10.6));
#1575 = DIRECTION('',(0.,0.,1.));
#1576 = DIRECTION('',(0.,1.,0.));
#1577 = ADVANCED_FACE('',(#1578),#1603,.T.);
#1578 = FACE_BOUND('',#1579,.T.);
#1579 = EDGE_LOOP('',(#1580,#1590,#1596,#1597));
#1580 = ORIENTED_EDGE('',*,*,#1581,.T.);
#1581 = EDGE_CURVE('',#1582,#1584,#1586,.T.);
#1582 = VERTEX_POINT('',#1583);
#1583 = CARTESIAN_POINT('',(24.9,1.25,8.6));
#1584 = VERTEX_POINT('',#1585);
#1585 = CARTESIAN_POINT('',(27.6,1.25,8.6));
#1586 = LINE('',#1587,#1588);
#1587 = CARTESIAN_POINT('',(24.9,1.25,8.6));
#1588 = VECTOR('',#1589,1.);
#1589 = DIRECTION('',(1.,0.,0.));
#1590 = ORIENTED_EDGE('',*,*,#1591,.T.);
#1591 = EDGE_CURVE('',#1584,#1544,#1592,.T.);
#1592 = LINE('',#1593,#1594);
#1593 = CARTESIAN_POINT('',(27.6,1.25,8.6));
#1594 = VECTOR('',#1595,1.);
#1595 = DIRECTION('',(0.,-0.624695047554,0.780868809443));
#1596 = ORIENTED_EDGE('',*,*,#1541,.F.);
#1597 = ORIENTED_EDGE('',*,*,#1598,.F.);
#1598 = EDGE_CURVE('',#1582,#1542,#1599,.T.);
#1599 = LINE('',#1600,#1601);
#1600 = CARTESIAN_POINT('',(24.9,1.25,8.6));
#1601 = VECTOR('',#1602,1.);
#1602 = DIRECTION('',(0.,-0.624695047554,0.780868809443));
#1603 = PLANE('',#1604);
#1604 = AXIS2_PLACEMENT_3D('',#1605,#1606,#1607);
#1605 = CARTESIAN_POINT('',(24.9,1.25,8.6));
#1606 = DIRECTION('',(0.,-0.780868809443,-0.624695047554));
#1607 = DIRECTION('',(0.,-0.624695047554,0.780868809443));
#1608 = ADVANCED_FACE('',(#1609),#1634,.T.);
#1609 = FACE_BOUND('',#1610,.T.);
#1610 = EDGE_LOOP('',(#1611,#1619,#1620,#1628));
#1611 = ORIENTED_EDGE('',*,*,#1612,.F.);
#1612 = EDGE_CURVE('',#1560,#1613,#1615,.T.);
#1613 = VERTEX_POINT('',#1614);
#1614 = CARTESIAN_POINT('',(24.9,9.45,9.565923489271));
#1615 = LINE('',#1616,#1617);
#1616 = CARTESIAN_POINT('',(24.9,9.45,10.6));
#1617 = VECTOR('',#1618,1.);
#1618 = DIRECTION('',(0.,0.,-1.));
#1619 = ORIENTED_EDGE('',*,*,#1559,.T.);
#1620 = ORIENTED_EDGE('',*,*,#1621,.T.);
#1621 = EDGE_CURVE('',#1552,#1622,#1624,.T.);
#1622 = VERTEX_POINT('',#1623);
#1623 = CARTESIAN_POINT('',(27.6,9.45,9.565923489271));
#1624 = LINE('',#1625,#1626);
#1625 = CARTESIAN_POINT('',(27.6,9.45,10.6));
#1626 = VECTOR('',#1627,1.);
#1627 = DIRECTION('',(0.,0.,-1.));
#1628 = ORIENTED_EDGE('',*,*,#1629,.F.);
#1629 = EDGE_CURVE('',#1613,#1622,#1630,.T.);
#1630 = LINE('',#1631,#1632);
#1631 = CARTESIAN_POINT('',(24.9,9.45,9.565923489271));
#1632 = VECTOR('',#1633,1.);
#1633 = DIRECTION('',(1.,0.,0.));
#1634 = PLANE('',#1635);
#1635 = AXIS2_PLACEMENT_3D('',#1636,#1637,#1638);
#1636 = CARTESIAN_POINT('',(24.9,9.45,10.6));
#1637 = DIRECTION('',(-0.,1.,0.));
#1638 = DIRECTION('',(0.,0.,-1.));
#1639 = ADVANCED_FACE('',(#1640),#1665,.T.);
#1640 = FACE_BOUND('',#1641,.T.);
#1641 = EDGE_LOOP('',(#1642,#1652,#1658,#1659));
#1642 = ORIENTED_EDGE('',*,*,#1643,.T.);
#1643 = EDGE_CURVE('',#1644,#1646,#1648,.T.);
#1644 = VERTEX_POINT('',#1645);
#1645 = CARTESIAN_POINT('',(24.9,9.45,8.6));
#1646 = VERTEX_POINT('',#1647);
#1647 = CARTESIAN_POINT('',(27.6,9.45,8.6));
#1648 = LINE('',#1649,#1650);
#1649 = CARTESIAN_POINT('',(24.9,9.45,8.6));
#1650 = VECTOR('',#1651,1.);
#1651 = DIRECTION('',(1.,0.,0.));
#1652 = ORIENTED_EDGE('',*,*,#1653,.T.);
#1653 = EDGE_CURVE('',#1646,#1584,#1654,.T.);
#1654 = LINE('',#1655,#1656);
#1655 = CARTESIAN_POINT('',(27.6,9.45,8.6));
#1656 = VECTOR('',#1657,1.);
#1657 = DIRECTION('',(0.,-1.,0.));
#1658 = ORIENTED_EDGE('',*,*,#1581,.F.);
#1659 = ORIENTED_EDGE('',*,*,#1660,.F.);
#1660 = EDGE_CURVE('',#1644,#1582,#1661,.T.);
#1661 = LINE('',#1662,#1663);
#1662 = CARTESIAN_POINT('',(24.9,9.45,8.6));
#1663 = VECTOR('',#1664,1.);
#1664 = DIRECTION('',(0.,-1.,0.));
#1665 = PLANE('',#1666);
#1666 = AXIS2_PLACEMENT_3D('',#1667,#1668,#1669);
#1667 = CARTESIAN_POINT('',(24.9,9.45,8.6));
#1668 = DIRECTION('',(0.,0.,-1.));
#1669 = DIRECTION('',(0.,-1.,0.));
#1670 = ADVANCED_FACE('',(#1671),#1698,.T.);
#1671 = FACE_BOUND('',#1672,.T.);
#1672 = EDGE_LOOP('',(#1673,#1682,#1690,#1697));
#1673 = ORIENTED_EDGE('',*,*,#1674,.F.);
#1674 = EDGE_CURVE('',#1675,#1622,#1677,.T.);
#1675 = VERTEX_POINT('',#1676);
#1676 = CARTESIAN_POINT('',(27.6,9.45,8.834076510729));
#1677 = CIRCLE('',#1678,0.58);
#1678 = AXIS2_PLACEMENT_3D('',#1679,#1680,#1681);
#1679 = CARTESIAN_POINT('',(27.6,9.,9.2));
#1680 = DIRECTION('',(1.,0.,0.));
#1681 = DIRECTION('',(-0.,0.,1.));
#1682 = ORIENTED_EDGE('',*,*,#1683,.F.);
#1683 = EDGE_CURVE('',#1684,#1675,#1686,.T.);
#1684 = VERTEX_POINT('',#1685);
#1685 = CARTESIAN_POINT('',(24.9,9.45,8.834076510729));
#1686 = LINE('',#1687,#1688);
#1687 = CARTESIAN_POINT('',(24.9,9.45,8.834076510729));
#1688 = VECTOR('',#1689,1.);
#1689 = DIRECTION('',(1.,0.,0.));
#1690 = ORIENTED_EDGE('',*,*,#1691,.T.);
#1691 = EDGE_CURVE('',#1684,#1613,#1692,.T.);
#1692 = CIRCLE('',#1693,0.58);
#1693 = AXIS2_PLACEMENT_3D('',#1694,#1695,#1696);
#1694 = CARTESIAN_POINT('',(24.9,9.,9.2));
#1695 = DIRECTION('',(1.,0.,0.));
#1696 = DIRECTION('',(-0.,0.,1.));
#1697 = ORIENTED_EDGE('',*,*,#1629,.T.);
#1698 = CYLINDRICAL_SURFACE('',#1699,0.58);
#1699 = AXIS2_PLACEMENT_3D('',#1700,#1701,#1702);
#1700 = CARTESIAN_POINT('',(24.9,9.,9.2));
#1701 = DIRECTION('',(1.,0.,0.));
#1702 = DIRECTION('',(-0.,0.,1.));
#1703 = ADVANCED_FACE('',(#1704),#1720,.T.);
#1704 = FACE_BOUND('',#1705,.T.);
#1705 = EDGE_LOOP('',(#1706,#1712,#1713,#1719));
#1706 = ORIENTED_EDGE('',*,*,#1707,.F.);
#1707 = EDGE_CURVE('',#1684,#1644,#1708,.T.);
#1708 = LINE('',#1709,#1710);
#1709 = CARTESIAN_POINT('',(24.9,9.45,10.6));
#1710 = VECTOR('',#1711,1.);
#1711 = DIRECTION('',(0.,0.,-1.));
#1712 = ORIENTED_EDGE('',*,*,#1683,.T.);
#1713 = ORIENTED_EDGE('',*,*,#1714,.T.);
#1714 = EDGE_CURVE('',#1675,#1646,#1715,.T.);
#1715 = LINE('',#1716,#1717);
#1716 = CARTESIAN_POINT('',(27.6,9.45,10.6));
#1717 = VECTOR('',#1718,1.);
#1718 = DIRECTION('',(0.,0.,-1.));
#1719 = ORIENTED_EDGE('',*,*,#1643,.F.);
#1720 = PLANE('',#1721);
#1721 = AXIS2_PLACEMENT_3D('',#1722,#1723,#1724);
#1722 = CARTESIAN_POINT('',(24.9,9.45,10.6));
#1723 = DIRECTION('',(-0.,1.,0.));
#1724 = DIRECTION('',(0.,0.,-1.));
#1725 = ADVANCED_FACE('',(#1726),#1734,.T.);
#1726 = FACE_BOUND('',#1727,.T.);
#1727 = EDGE_LOOP('',(#1728,#1729,#1730,#1731,#1732,#1733));
#1728 = ORIENTED_EDGE('',*,*,#1598,.T.);
#1729 = ORIENTED_EDGE('',*,*,#1567,.T.);
#1730 = ORIENTED_EDGE('',*,*,#1612,.T.);
#1731 = ORIENTED_EDGE('',*,*,#1691,.F.);
#1732 = ORIENTED_EDGE('',*,*,#1707,.T.);
#1733 = ORIENTED_EDGE('',*,*,#1660,.T.);
#1734 = PLANE('',#1735);
#1735 = AXIS2_PLACEMENT_3D('',#1736,#1737,#1738);
#1736 = CARTESIAN_POINT('',(24.9,4.823284092834,9.669808456553));
#1737 = DIRECTION('',(-1.,-0.,-0.));
#1738 = DIRECTION('',(0.,0.,-1.));
#1739 = ADVANCED_FACE('',(#1740),#1748,.T.);
#1740 = FACE_BOUND('',#1741,.T.);
#1741 = EDGE_LOOP('',(#1742,#1743,#1744,#1745,#1746,#1747));
#1742 = ORIENTED_EDGE('',*,*,#1591,.F.);
#1743 = ORIENTED_EDGE('',*,*,#1653,.F.);
#1744 = ORIENTED_EDGE('',*,*,#1714,.F.);
#1745 = ORIENTED_EDGE('',*,*,#1674,.T.);
#1746 = ORIENTED_EDGE('',*,*,#1621,.F.);
#1747 = ORIENTED_EDGE('',*,*,#1551,.F.);
#1748 = PLANE('',#1749);
#1749 = AXIS2_PLACEMENT_3D('',#1750,#1751,#1752);
#1750 = CARTESIAN_POINT('',(27.6,4.823284092834,9.669808456553));
#1751 = DIRECTION('',(1.,0.,0.));
#1752 = DIRECTION('',(-0.,0.,1.));
#1753 = ( GEOMETRIC_REPRESENTATION_CONTEXT(3)
GLOBAL_UNCERTAINTY_ASSIGNED_CONTEXT((#1757))
GLOBAL_UNIT_ASSIGNED_CONTEXT((#1754,#1755,#1756)) REPRESENTATION_CONTEXT
('Context #1','3D Context with UNIT and UNCERTAINTY') );
#1754 = ( LENGTH_UNIT() NAMED_UNIT(*) SI_UNIT(.MILLI.,.METRE.) );
#1755 = ( NAMED_UNIT(*) PLANE_ANGLE_UNIT() SI_UNIT($,.RADIAN.) );
#1756 = ( NAMED_UNIT(*) SI_UNIT($,.STERADIAN.) SOLID_ANGLE_UNIT() );
#1757 = UNCERTAINTY_MEASURE_WITH_UNIT(LENGTH_MEASURE(1.E-07),#1754,
  'distance_accuracy_value','confusion accuracy');
#1758 = CONTEXT_DEPENDENT_SHAPE_REPRESENTATION(#1759,#1761);
#1759 = ( REPRESENTATION_RELATIONSHIP('','',#1534,#10)
REPRESENTATION_RELATIONSHIP_WITH_TRANSFORMATION(#1760)
SHAPE_REPRESENTATION_RELATIONSHIP() );
#1760 = ITEM_DEFINED_TRANSFORMATION('','',#11,#19);
#1761 = PRODUCT_DEFINITION_SHAPE('Placement','Placement of an item',
  #1762);
#1762 = NEXT_ASSEMBLY_USAGE_OCCURRENCE('2','Actuator P1','',#5,#1529,$);
#1763 = PRODUCT_RELATED_PRODUCT_CATEGORY('part',$,(#1531));
#1764 = SHAPE_DEFINITION_REPRESENTATION(#1765,#1771);
#1765 = PRODUCT_DEFINITION_SHAPE('','',#1766);
#1766 = PRODUCT_DEFINITION('design','',#1767,#1770);
#1767 = PRODUCT_DEFINITION_FORMATION('','',#1768);
#1768 = PRODUCT('Terminal Pin P1 A','Terminal Pin P1 A','',(#1769));
#1769 = PRODUCT_CONTEXT('',#2,'mechanical');
#1770 = PRODUCT_DEFINITION_CONTEXT('part definition',#2,'design');
#1771 = ADVANCED_BREP_SHAPE_REPRESENTATION('',(#11,#1772),#1922);
#1772 = MANIFOLD_SOLID_BREP('',#1773);
#1773 = CLOSED_SHELL('',(#1774,#1814,#1854,#1876,#1898,#1910));
#1774 = ADVANCED_FACE('',(#1775),#1809,.F.);
#1775 = FACE_BOUND('',#1776,.F.);
#1776 = EDGE_LOOP('',(#1777,#1787,#1795,#1803));
#1777 = ORIENTED_EDGE('',*,*,#1778,.F.);
#1778 = EDGE_CURVE('',#1779,#1781,#1783,.T.);
#1779 = VERTEX_POINT('',#1780);
#1780 = CARTESIAN_POINT('',(26.35,4.35,-3.5));
#1781 = VERTEX_POINT('',#1782);
#1782 = CARTESIAN_POINT('',(26.35,4.35,0.));
#1783 = LINE('',#1784,#1785);
#1784 = CARTESIAN_POINT('',(26.35,4.35,-3.5));
#1785 = VECTOR('',#1786,1.);
#1786 = DIRECTION('',(0.,0.,1.));
#1787 = ORIENTED_EDGE('',*,*,#1788,.T.);
#1788 = EDGE_CURVE('',#1779,#1789,#1791,.T.);
#1789 = VERTEX_POINT('',#1790);
#1790 = CARTESIAN_POINT('',(26.35,4.85,-3.5));
#1791 = LINE('',#1792,#1793);
#1792 = CARTESIAN_POINT('',(26.35,4.35,-3.5));
#1793 = VECTOR('',#1794,1.);
#1794 = DIRECTION('',(-0.,1.,0.));
#1795 = ORIENTED_EDGE('',*,*,#1796,.T.);
#1796 = EDGE_CURVE('',#1789,#1797,#1799,.T.);
#1797 = VERTEX_POINT('',#1798);
#1798 = CARTESIAN_POINT('',(26.35,4.85,0.));
#1799 = LINE('',#1800,#1801);
#1800 = CARTESIAN_POINT('',(26.35,4.85,-3.5));
#1801 = VECTOR('',#1802,1.);
#1802 = DIRECTION('',(0.,0.,1.));
#1803 = ORIENTED_EDGE('',*,*,#1804,.F.);
#1804 = EDGE_CURVE('',#1781,#1797,#1805,.T.);
#1805 = LINE('',#1806,#1807);
#1806 = CARTESIAN_POINT('',(26.35,4.35,0.));
#1807 = VECTOR('',#1808,1.);
#1808 = DIRECTION('',(-0.,1.,0.));
#1809 = PLANE('',#1810);
#1810 = AXIS2_PLACEMENT_3D('',#1811,#1812,#1813);
#1811 = CARTESIAN_POINT('',(26.35,4.35,-3.5));
#1812 = DIRECTION('',(1.,0.,-0.));
#1813 = DIRECTION('',(0.,0.,1.));
#1814 = ADVANCED_FACE('',(#1815),#1849,.T.);
#1815 = FACE_BOUND('',#1816,.T.);
#1816 = EDGE_LOOP('',(#1817,#1827,#1835,#1843));
#1817 = ORIENTED_EDGE('',*,*,#1818,.F.);
#1818 = EDGE_CURVE('',#1819,#1821,#1823,.T.);
#1819 = VERTEX_POINT('',#1820);
#1820 = CARTESIAN_POINT('',(27.15,4.35,-3.5));
#1821 = VERTEX_POINT('',#1822);
#1822 = CARTESIAN_POINT('',(27.15,4.35,0.));
#1823 = LINE('',#1824,#1825);
#1824 = CARTESIAN_POINT('',(27.15,4.35,-3.5));
#1825 = VECTOR('',#1826,1.);
#1826 = DIRECTION('',(0.,0.,1.));
#1827 = ORIENTED_EDGE('',*,*,#1828,.T.);
#1828 = EDGE_CURVE('',#1819,#1829,#1831,.T.);
#1829 = VERTEX_POINT('',#1830);
#1830 = CARTESIAN_POINT('',(27.15,4.85,-3.5));
#1831 = LINE('',#1832,#1833);
#1832 = CARTESIAN_POINT('',(27.15,4.35,-3.5));
#1833 = VECTOR('',#1834,1.);
#1834 = DIRECTION('',(-0.,1.,0.));
#1835 = ORIENTED_EDGE('',*,*,#1836,.T.);
#1836 = EDGE_CURVE('',#1829,#1837,#1839,.T.);
#1837 = VERTEX_POINT('',#1838);
#1838 = CARTESIAN_POINT('',(27.15,4.85,0.));
#1839 = LINE('',#1840,#1841);
#1840 = CARTESIAN_POINT('',(27.15,4.85,-3.5));
#1841 = VECTOR('',#1842,1.);
#1842 = DIRECTION('',(0.,0.,1.));
#1843 = ORIENTED_EDGE('',*,*,#1844,.F.);
#1844 = EDGE_CURVE('',#1821,#1837,#1845,.T.);
#1845 = LINE('',#1846,#1847);
#1846 = CARTESIAN_POINT('',(27.15,4.35,0.));
#1847 = VECTOR('',#1848,1.);
#1848 = DIRECTION('',(-0.,1.,0.));
#1849 = PLANE('',#1850);
#1850 = AXIS2_PLACEMENT_3D('',#1851,#1852,#1853);
#1851 = CARTESIAN_POINT('',(27.15,4.35,-3.5));
#1852 = DIRECTION('',(1.,0.,-0.));
#1853 = DIRECTION('',(0.,0.,1.));
#1854 = ADVANCED_FACE('',(#1855),#1871,.F.);
#1855 = FACE_BOUND('',#1856,.F.);
#1856 = EDGE_LOOP('',(#1857,#1863,#1864,#1870));
#1857 = ORIENTED_EDGE('',*,*,#1858,.F.);
#1858 = EDGE_CURVE('',#1779,#1819,#1859,.T.);
#1859 = LINE('',#1860,#1861);
#1860 = CARTESIAN_POINT('',(26.35,4.35,-3.5));
#1861 = VECTOR('',#1862,1.);
#1862 = DIRECTION('',(1.,0.,-0.));
#1863 = ORIENTED_EDGE('',*,*,#1778,.T.);
#1864 = ORIENTED_EDGE('',*,*,#1865,.T.);
#1865 = EDGE_CURVE('',#1781,#1821,#1866,.T.);
#1866 = LINE('',#1867,#1868);
#1867 = CARTESIAN_POINT('',(26.35,4.35,0.));
#1868 = VECTOR('',#1869,1.);
#1869 = DIRECTION('',(1.,0.,-0.));
#1870 = ORIENTED_EDGE('',*,*,#1818,.F.);
#1871 = PLANE('',#1872);
#1872 = AXIS2_PLACEMENT_3D('',#1873,#1874,#1875);
#1873 = CARTESIAN_POINT('',(26.35,4.35,-3.5));
#1874 = DIRECTION('',(-0.,1.,0.));
#1875 = DIRECTION('',(0.,0.,1.));
#1876 = ADVANCED_FACE('',(#1877),#1893,.T.);
#1877 = FACE_BOUND('',#1878,.T.);
#1878 = EDGE_LOOP('',(#1879,#1885,#1886,#1892));
#1879 = ORIENTED_EDGE('',*,*,#1880,.F.);
#1880 = EDGE_CURVE('',#1789,#1829,#1881,.T.);
#1881 = LINE('',#1882,#1883);
#1882 = CARTESIAN_POINT('',(26.35,4.85,-3.5));
#1883 = VECTOR('',#1884,1.);
#1884 = DIRECTION('',(1.,0.,-0.));
#1885 = ORIENTED_EDGE('',*,*,#1796,.T.);
#1886 = ORIENTED_EDGE('',*,*,#1887,.T.);
#1887 = EDGE_CURVE('',#1797,#1837,#1888,.T.);
#1888 = LINE('',#1889,#1890);
#1889 = CARTESIAN_POINT('',(26.35,4.85,0.));
#1890 = VECTOR('',#1891,1.);
#1891 = DIRECTION('',(1.,0.,-0.));
#1892 = ORIENTED_EDGE('',*,*,#1836,.F.);
#1893 = PLANE('',#1894);
#1894 = AXIS2_PLACEMENT_3D('',#1895,#1896,#1897);
#1895 = CARTESIAN_POINT('',(26.35,4.85,-3.5));
#1896 = DIRECTION('',(-0.,1.,0.));
#1897 = DIRECTION('',(0.,0.,1.));
#1898 = ADVANCED_FACE('',(#1899),#1905,.F.);
#1899 = FACE_BOUND('',#1900,.F.);
#1900 = EDGE_LOOP('',(#1901,#1902,#1903,#1904));
#1901 = ORIENTED_EDGE('',*,*,#1788,.F.);
#1902 = ORIENTED_EDGE('',*,*,#1858,.T.);
#1903 = ORIENTED_EDGE('',*,*,#1828,.T.);
#1904 = ORIENTED_EDGE('',*,*,#1880,.F.);
#1905 = PLANE('',#1906);
#1906 = AXIS2_PLACEMENT_3D('',#1907,#1908,#1909);
#1907 = CARTESIAN_POINT('',(26.35,4.35,-3.5));
#1908 = DIRECTION('',(0.,0.,1.));
#1909 = DIRECTION('',(1.,0.,-0.));
#1910 = ADVANCED_FACE('',(#1911),#1917,.T.);
#1911 = FACE_BOUND('',#1912,.T.);
#1912 = EDGE_LOOP('',(#1913,#1914,#1915,#1916));
#1913 = ORIENTED_EDGE('',*,*,#1804,.F.);
#1914 = ORIENTED_EDGE('',*,*,#1865,.T.);
#1915 = ORIENTED_EDGE('',*,*,#1844,.T.);
#1916 = ORIENTED_EDGE('',*,*,#1887,.F.);
#1917 = PLANE('',#1918);
#1918 = AXIS2_PLACEMENT_3D('',#1919,#1920,#1921);
#1919 = CARTESIAN_POINT('',(26.35,4.35,0.));
#1920 = DIRECTION('',(0.,0.,1.));
#1921 = DIRECTION('',(1.,0.,-0.));
#1922 = ( GEOMETRIC_REPRESENTATION_CONTEXT(3)
GLOBAL_UNCERTAINTY_ASSIGNED_CONTEXT((#1926))
GLOBAL_UNIT_ASSIGNED_CONTEXT((#1923,#1924,#1925)) REPRESENTATION_CONTEXT
('Context #1','3D Context with UNIT and UNCERTAINTY') );
#1923 = ( LENGTH_UNIT() NAMED_UNIT(*) SI_UNIT(.MILLI.,.METRE.) );
#1924 = ( NAMED_UNIT(*) PLANE_ANGLE_UNIT() SI_UNIT($,.RADIAN.) );
#1925 = ( NAMED_UNIT(*) SI_UNIT($,.STERADIAN.) SOLID_ANGLE_UNIT() );
#1926 = UNCERTAINTY_MEASURE_WITH_UNIT(LENGTH_MEASURE(1.E-07),#1923,
  'distance_accuracy_value','confusion accuracy');
#1927 = CONTEXT_DEPENDENT_SHAPE_REPRESENTATION(#1928,#1930);
#1928 = ( REPRESENTATION_RELATIONSHIP('','',#1771,#10)
REPRESENTATION_RELATIONSHIP_WITH_TRANSFORMATION(#1929)
SHAPE_REPRESENTATION_RELATIONSHIP() );
#1929 = ITEM_DEFINED_TRANSFORMATION('','',#11,#23);
#1930 = PRODUCT_DEFINITION_SHAPE('Placement','Placement of an item',
  #1931);
#1931 = NEXT_ASSEMBLY_USAGE_OCCURRENCE('3','Terminal Pin P1 A','',#5,
  #1766,$);
#1932 = PRODUCT_RELATED_PRODUCT_CATEGORY('part',$,(#1768));
#1933 = SHAPE_DEFINITION_REPRESENTATION(#1934,#1940);
#1934 = PRODUCT_DEFINITION_SHAPE('','',#1935);
#1935 = PRODUCT_DEFINITION('design','',#1936,#1939);
#1936 = PRODUCT_DEFINITION_FORMATION('','',#1937);
#1937 = PRODUCT('Terminal Pin P1 B','Terminal Pin P1 B','',(#1938));
#1938 = PRODUCT_CONTEXT('',#2,'mechanical');
#1939 = PRODUCT_DEFINITION_CONTEXT('part definition',#2,'design');
#1940 = ADVANCED_BREP_SHAPE_REPRESENTATION('',(#11,#1941),#2091);
#1941 = MANIFOLD_SOLID_BREP('',#1942);
#1942 = CLOSED_SHELL('',(#1943,#1983,#2023,#2045,#2067,#2079));
#1943 = ADVANCED_FACE('',(#1944),#1978,.F.);
#1944 = FACE_BOUND('',#1945,.F.);
#1945 = EDGE_LOOP('',(#1946,#1956,#1964,#1972));
#1946 = ORIENTED_EDGE('',*,*,#1947,.F.);
#1947 = EDGE_CURVE('',#1948,#1950,#1952,.T.);
#1948 = VERTEX_POINT('',#1949);
#1949 = CARTESIAN_POINT('',(26.35,9.35,-3.5));
#1950 = VERTEX_POINT('',#1951);
#1951 = CARTESIAN_POINT('',(26.35,9.35,0.));
#1952 = LINE('',#1953,#1954);
#1953 = CARTESIAN_POINT('',(26.35,9.35,-3.5));
#1954 = VECTOR('',#1955,1.);
#1955 = DIRECTION('',(0.,0.,1.));
#1956 = ORIENTED_EDGE('',*,*,#1957,.T.);
#1957 = EDGE_CURVE('',#1948,#1958,#1960,.T.);
#1958 = VERTEX_POINT('',#1959);
#1959 = CARTESIAN_POINT('',(26.35,9.85,-3.5));
#1960 = LINE('',#1961,#1962);
#1961 = CARTESIAN_POINT('',(26.35,9.35,-3.5));
#1962 = VECTOR('',#1963,1.);
#1963 = DIRECTION('',(-0.,1.,0.));
#1964 = ORIENTED_EDGE('',*,*,#1965,.T.);
#1965 = EDGE_CURVE('',#1958,#1966,#1968,.T.);
#1966 = VERTEX_POINT('',#1967);
#1967 = CARTESIAN_POINT('',(26.35,9.85,0.));
#1968 = LINE('',#1969,#1970);
#1969 = CARTESIAN_POINT('',(26.35,9.85,-3.5));
#1970 = VECTOR('',#1971,1.);
#1971 = DIRECTION('',(0.,0.,1.));
#1972 = ORIENTED_EDGE('',*,*,#1973,.F.);
#1973 = EDGE_CURVE('',#1950,#1966,#1974,.T.);
#1974 = LINE('',#1975,#1976);
#1975 = CARTESIAN_POINT('',(26.35,9.35,0.));
#1976 = VECTOR('',#1977,1.);
#1977 = DIRECTION('',(-0.,1.,0.));
#1978 = PLANE('',#1979);
#1979 = AXIS2_PLACEMENT_3D('',#1980,#1981,#1982);
#1980 = CARTESIAN_POINT('',(26.35,9.35,-3.5));
#1981 = DIRECTION('',(1.,0.,-0.));
#1982 = DIRECTION('',(0.,0.,1.));
#1983 = ADVANCED_FACE('',(#1984),#2018,.T.);
#1984 = FACE_BOUND('',#1985,.T.);
#1985 = EDGE_LOOP('',(#1986,#1996,#2004,#2012));
#1986 = ORIENTED_EDGE('',*,*,#1987,.F.);
#1987 = EDGE_CURVE('',#1988,#1990,#1992,.T.);
#1988 = VERTEX_POINT('',#1989);
#1989 = CARTESIAN_POINT('',(27.15,9.35,-3.5));
#1990 = VERTEX_POINT('',#1991);
#1991 = CARTESIAN_POINT('',(27.15,9.35,0.));
#1992 = LINE('',#1993,#1994);
#1993 = CARTESIAN_POINT('',(27.15,9.35,-3.5));
#1994 = VECTOR('',#1995,1.);
#1995 = DIRECTION('',(0.,0.,1.));
#1996 = ORIENTED_EDGE('',*,*,#1997,.T.);
#1997 = EDGE_CURVE('',#1988,#1998,#2000,.T.);
#1998 = VERTEX_POINT('',#1999);
#1999 = CARTESIAN_POINT('',(27.15,9.85,-3.5));
#2000 = LINE('',#2001,#2002);
#2001 = CARTESIAN_POINT('',(27.15,9.35,-3.5));
#2002 = VECTOR('',#2003,1.);
#2003 = DIRECTION('',(-0.,1.,0.));
#2004 = ORIENTED_EDGE('',*,*,#2005,.T.);
#2005 = EDGE_CURVE('',#1998,#2006,#2008,.T.);
#2006 = VERTEX_POINT('',#2007);
#2007 = CARTESIAN_POINT('',(27.15,9.85,0.));
#2008 = LINE('',#2009,#2010);
#2009 = CARTESIAN_POINT('',(27.15,9.85,-3.5));
#2010 = VECTOR('',#2011,1.);
#2011 = DIRECTION('',(0.,0.,1.));
#2012 = ORIENTED_EDGE('',*,*,#2013,.F.);
#2013 = EDGE_CURVE('',#1990,#2006,#2014,.T.);
#2014 = LINE('',#2015,#2016);
#2015 = CARTESIAN_POINT('',(27.15,9.35,0.));
#2016 = VECTOR('',#2017,1.);
#2017 = DIRECTION('',(-0.,1.,0.));
#2018 = PLANE('',#2019);
#2019 = AXIS2_PLACEMENT_3D('',#2020,#2021,#2022);
#2020 = CARTESIAN_POINT('',(27.15,9.35,-3.5));
#2021 = DIRECTION('',(1.,0.,-0.));
#2022 = DIRECTION('',(0.,0.,1.));
#2023 = ADVANCED_FACE('',(#2024),#2040,.F.);
#2024 = FACE_BOUND('',#2025,.F.);
#2025 = EDGE_LOOP('',(#2026,#2032,#2033,#2039));
#2026 = ORIENTED_EDGE('',*,*,#2027,.F.);
#2027 = EDGE_CURVE('',#1948,#1988,#2028,.T.);
#2028 = LINE('',#2029,#2030);
#2029 = CARTESIAN_POINT('',(26.35,9.35,-3.5));
#2030 = VECTOR('',#2031,1.);
#2031 = DIRECTION('',(1.,0.,-0.));
#2032 = ORIENTED_EDGE('',*,*,#1947,.T.);
#2033 = ORIENTED_EDGE('',*,*,#2034,.T.);
#2034 = EDGE_CURVE('',#1950,#1990,#2035,.T.);
#2035 = LINE('',#2036,#2037);
#2036 = CARTESIAN_POINT('',(26.35,9.35,0.));
#2037 = VECTOR('',#2038,1.);
#2038 = DIRECTION('',(1.,0.,-0.));
#2039 = ORIENTED_EDGE('',*,*,#1987,.F.);
#2040 = PLANE('',#2041);
#2041 = AXIS2_PLACEMENT_3D('',#2042,#2043,#2044);
#2042 = CARTESIAN_POINT('',(26.35,9.35,-3.5));
#2043 = DIRECTION('',(-0.,1.,0.));
#2044 = DIRECTION('',(0.,0.,1.));
#2045 = ADVANCED_FACE('',(#2046),#2062,.T.);
#2046 = FACE_BOUND('',#2047,.T.);
#2047 = EDGE_LOOP('',(#2048,#2054,#2055,#2061));
#2048 = ORIENTED_EDGE('',*,*,#2049,.F.);
#2049 = EDGE_CURVE('',#1958,#1998,#2050,.T.);
#2050 = LINE('',#2051,#2052);
#2051 = CARTESIAN_POINT('',(26.35,9.85,-3.5));
#2052 = VECTOR('',#2053,1.);
#2053 = DIRECTION('',(1.,0.,-0.));
#2054 = ORIENTED_EDGE('',*,*,#1965,.T.);
#2055 = ORIENTED_EDGE('',*,*,#2056,.T.);
#2056 = EDGE_CURVE('',#1966,#2006,#2057,.T.);
#2057 = LINE('',#2058,#2059);
#2058 = CARTESIAN_POINT('',(26.35,9.85,0.));
#2059 = VECTOR('',#2060,1.);
#2060 = DIRECTION('',(1.,0.,-0.));
#2061 = ORIENTED_EDGE('',*,*,#2005,.F.);
#2062 = PLANE('',#2063);
#2063 = AXIS2_PLACEMENT_3D('',#2064,#2065,#2066);
#2064 = CARTESIAN_POINT('',(26.35,9.85,-3.5));
#2065 = DIRECTION('',(-0.,1.,0.));
#2066 = DIRECTION('',(0.,0.,1.));
#2067 = ADVANCED_FACE('',(#2068),#2074,.F.);
#2068 = FACE_BOUND('',#2069,.F.);
#2069 = EDGE_LOOP('',(#2070,#2071,#2072,#2073));
#2070 = ORIENTED_EDGE('',*,*,#1957,.F.);
#2071 = ORIENTED_EDGE('',*,*,#2027,.T.);
#2072 = ORIENTED_EDGE('',*,*,#1997,.T.);
#2073 = ORIENTED_EDGE('',*,*,#2049,.F.);
#2074 = PLANE('',#2075);
#2075 = AXIS2_PLACEMENT_3D('',#2076,#2077,#2078);
#2076 = CARTESIAN_POINT('',(26.35,9.35,-3.5));
#2077 = DIRECTION('',(0.,0.,1.));
#2078 = DIRECTION('',(1.,0.,-0.));
#2079 = ADVANCED_FACE('',(#2080),#2086,.T.);
#2080 = FACE_BOUND('',#2081,.T.);
#2081 = EDGE_LOOP('',(#2082,#2083,#2084,#2085));
#2082 = ORIENTED_EDGE('',*,*,#1973,.F.);
#2083 = ORIENTED_EDGE('',*,*,#2034,.T.);
#2084 = ORIENTED_EDGE('',*,*,#2013,.T.);
#2085 = ORIENTED_EDGE('',*,*,#2056,.F.);
#2086 = PLANE('',#2087);
#2087 = AXIS2_PLACEMENT_3D('',#2088,#2089,#2090);
#2088 = CARTESIAN_POINT('',(26.35,9.35,0.));
#2089 = DIRECTION('',(0.,0.,1.));
#2090 = DIRECTION('',(1.,0.,-0.));
#2091 = ( GEOMETRIC_REPRESENTATION_CONTEXT(3)
GLOBAL_UNCERTAINTY_ASSIGNED_CONTEXT((#2095))
GLOBAL_UNIT_ASSIGNED_CONTEXT((#2092,#2093,#2094)) REPRESENTATION_CONTEXT
('Context #1','3D Context with UNIT and UNCERTAINTY') );
#2092 = ( LENGTH_UNIT() NAMED_UNIT(*) SI_UNIT(.MILLI.,.METRE.) );
#2093 = ( NAMED_UNIT(*) PLANE_ANGLE_UNIT() SI_UNIT($,.RADIAN.) );
#2094 = ( NAMED_UNIT(*) SI_UNIT($,.STERADIAN.) SOLID_ANGLE_UNIT() );
#2095 = UNCERTAINTY_MEASURE_WITH_UNIT(LENGTH_MEASURE(1.E-07),#2092,
  'distance_accuracy_value','confusion accuracy');
#2096 = CONTEXT_DEPENDENT_SHAPE_REPRESENTATION(#2097,#2099);
#2097 = ( REPRESENTATION_RELATIONSHIP('','',#1940,#10)
REPRESENTATION_RELATIONSHIP_WITH_TRANSFORMATION(#2098)
SHAPE_REPRESENTATION_RELATIONSHIP() );
#2098 = ITEM_DEFINED_TRANSFORMATION('','',#11,#27);
#2099 = PRODUCT_DEFINITION_SHAPE('Placement','Placement of an item',
  #2100);
#2100 = NEXT_ASSEMBLY_USAGE_OCCURRENCE('4','Terminal Pin P1 B','',#5,
  #1935,$);
#2101 = PRODUCT_RELATED_PRODUCT_CATEGORY('part',$,(#1937));
#2102 = SHAPE_DEFINITION_REPRESENTATION(#2103,#2109);
#2103 = PRODUCT_DEFINITION_SHAPE('','',#2104);
#2104 = PRODUCT_DEFINITION('design','',#2105,#2108);
#2105 = PRODUCT_DEFINITION_FORMATION('','',#2106);
#2106 = PRODUCT('Housing P2','Housing P2','',(#2107));
#2107 = PRODUCT_CONTEXT('',#2,'mechanical');
#2108 = PRODUCT_DEFINITION_CONTEXT('part definition',#2,'design');
#2109 = ADVANCED_BREP_SHAPE_REPRESENTATION('',(#11,#2110),#3465);
#2110 = MANIFOLD_SOLID_BREP('',#2111);
#2111 = CLOSED_SHELL('',(#2112,#2160,#2193,#2284,#2309,#2342,#2375,#2476
    ,#2493,#2518,#2550,#2575,#2615,#2647,#2671,#2696,#2713,#2730,#2761,
    #2792,#2810,#2841,#2866,#2897,#2921,#2952,#2969,#2993,#3011,#3028,
    #3040,#3057,#3069,#3087,#3098,#3147,#3178,#3209,#3242,#3273,#3313,
    #3344,#3360,#3406,#3437,#3451));
#2112 = ADVANCED_FACE('',(#2113),#2155,.F.);
#2113 = FACE_BOUND('',#2114,.F.);
#2114 = EDGE_LOOP('',(#2115,#2125,#2133,#2141,#2149));
#2115 = ORIENTED_EDGE('',*,*,#2116,.F.);
#2116 = EDGE_CURVE('',#2117,#2119,#2121,.T.);
#2117 = VERTEX_POINT('',#2118);
#2118 = CARTESIAN_POINT('',(21.,0.3,0.3));
#2119 = VERTEX_POINT('',#2120);
#2120 = CARTESIAN_POINT('',(21.,0.3,9.086363636364));
#2121 = LINE('',#2122,#2123);
#2122 = CARTESIAN_POINT('',(21.,0.3,0.));
#2123 = VECTOR('',#2124,1.);
#2124 = DIRECTION('',(0.,0.,1.));
#2125 = ORIENTED_EDGE('',*,*,#2126,.T.);
#2126 = EDGE_CURVE('',#2117,#2127,#2129,.T.);
#2127 = VERTEX_POINT('',#2128);
#2128 = CARTESIAN_POINT('',(21.,12.2,0.3));
#2129 = LINE('',#2130,#2131);
#2130 = CARTESIAN_POINT('',(21.,0.,0.3));
#2131 = VECTOR('',#2132,1.);
#2132 = DIRECTION('',(-0.,1.,0.));
#2133 = ORIENTED_EDGE('',*,*,#2134,.T.);
#2134 = EDGE_CURVE('',#2127,#2135,#2137,.T.);
#2135 = VERTEX_POINT('',#2136);
#2136 = CARTESIAN_POINT('',(21.,12.2,10.3));
#2137 = LINE('',#2138,#2139);
#2138 = CARTESIAN_POINT('',(21.,12.2,0.));
#2139 = VECTOR('',#2140,1.);
#2140 = DIRECTION('',(0.,0.,1.));
#2141 = ORIENTED_EDGE('',*,*,#2142,.F.);
#2142 = EDGE_CURVE('',#2143,#2135,#2145,.T.);
#2143 = VERTEX_POINT('',#2144);
#2144 = CARTESIAN_POINT('',(21.,1.743243243243,10.3));
#2145 = LINE('',#2146,#2147);
#2146 = CARTESIAN_POINT('',(21.,0.,10.3));
#2147 = VECTOR('',#2148,1.);
#2148 = DIRECTION('',(-0.,1.,0.));
#2149 = ORIENTED_EDGE('',*,*,#2150,.F.);
#2150 = EDGE_CURVE('',#2119,#2143,#2151,.T.);
#2151 = LINE('',#2152,#2153);
#2152 = CARTESIAN_POINT('',(21.,-1.125779122542,7.88741301059));
#2153 = VECTOR('',#2154,1.);
#2154 = DIRECTION('',(0.,0.765362085905,0.643599935875));
#2155 = PLANE('',#2156);
#2156 = AXIS2_PLACEMENT_3D('',#2157,#2158,#2159);
#2157 = CARTESIAN_POINT('',(21.,0.,0.));
#2158 = DIRECTION('',(1.,0.,-0.));
#2159 = DIRECTION('',(0.,0.,1.));
#2160 = ADVANCED_FACE('',(#2161),#2188,.T.);
#2161 = FACE_BOUND('',#2162,.T.);
#2162 = EDGE_LOOP('',(#2163,#2164,#2173,#2181));
#2163 = ORIENTED_EDGE('',*,*,#2116,.F.);
#2164 = ORIENTED_EDGE('',*,*,#2165,.T.);
#2165 = EDGE_CURVE('',#2117,#2166,#2168,.T.);
#2166 = VERTEX_POINT('',#2167);
#2167 = CARTESIAN_POINT('',(21.3,-5.551115123126E-17,0.3));
#2168 = CIRCLE('',#2169,0.3);
#2169 = AXIS2_PLACEMENT_3D('',#2170,#2171,#2172);
#2170 = CARTESIAN_POINT('',(21.3,0.3,0.3));
#2171 = DIRECTION('',(0.,0.,1.));
#2172 = DIRECTION('',(-1.,0.,0.));
#2173 = ORIENTED_EDGE('',*,*,#2174,.T.);
#2174 = EDGE_CURVE('',#2166,#2175,#2177,.T.);
#2175 = VERTEX_POINT('',#2176);
#2176 = CARTESIAN_POINT('',(21.3,-5.551115123126E-17,8.834090909091));
#2177 = LINE('',#2178,#2179);
#2178 = CARTESIAN_POINT('',(21.3,-5.551115123126E-17,0.));
#2179 = VECTOR('',#2180,1.);
#2180 = DIRECTION('',(0.,0.,1.));
#2181 = ORIENTED_EDGE('',*,*,#2182,.T.);
#2182 = EDGE_CURVE('',#2175,#2119,#2183,.T.);
#2183 = ELLIPSE('',#2184,0.391971336867,0.3);
#2184 = AXIS2_PLACEMENT_3D('',#2185,#2186,#2187);
#2185 = CARTESIAN_POINT('',(21.3,0.3,9.086363636364));
#2186 = DIRECTION('',(0.,0.643599935875,-0.765362085905));
#2187 = DIRECTION('',(0.,0.765362085905,0.643599935875));
#2188 = CYLINDRICAL_SURFACE('',#2189,0.3);
#2189 = AXIS2_PLACEMENT_3D('',#2190,#2191,#2192);
#2190 = CARTESIAN_POINT('',(21.3,0.3,0.));
#2191 = DIRECTION('',(0.,0.,1.));
#2192 = DIRECTION('',(-1.,-0.,0.));
#2193 = ADVANCED_FACE('',(#2194),#2279,.F.);
#2194 = FACE_BOUND('',#2195,.F.);
#2195 = EDGE_LOOP('',(#2196,#2205,#2213,#2221,#2229,#2237,#2245,#2254,
    #2262,#2271,#2277,#2278));
#2196 = ORIENTED_EDGE('',*,*,#2197,.T.);
#2197 = EDGE_CURVE('',#2143,#2198,#2200,.T.);
#2198 = VERTEX_POINT('',#2199);
#2199 = CARTESIAN_POINT('',(21.3,2.1,10.6));
#2200 = ELLIPSE('',#2201,0.466128076275,0.3);
#2201 = AXIS2_PLACEMENT_3D('',#2202,#2203,#2204);
#2202 = CARTESIAN_POINT('',(21.3,1.743243243243,10.3));
#2203 = DIRECTION('',(0.,0.643599935875,-0.765362085905));
#2204 = DIRECTION('',(0.,0.765362085905,0.643599935875));
#2205 = ORIENTED_EDGE('',*,*,#2206,.T.);
#2206 = EDGE_CURVE('',#2198,#2207,#2209,.T.);
#2207 = VERTEX_POINT('',#2208);
#2208 = CARTESIAN_POINT('',(21.34,2.1,10.6));
#2209 = LINE('',#2210,#2211);
#2210 = CARTESIAN_POINT('',(20.9,2.1,10.6));
#2211 = VECTOR('',#2212,1.);
#2212 = DIRECTION('',(1.,0.,0.));
#2213 = ORIENTED_EDGE('',*,*,#2214,.T.);
#2214 = EDGE_CURVE('',#2207,#2215,#2217,.T.);
#2215 = VERTEX_POINT('',#2216);
#2216 = CARTESIAN_POINT('',(21.34,0.589585439838,9.329878665319));
#2217 = LINE('',#2218,#2219);
#2218 = CARTESIAN_POINT('',(21.34,2.697145719937,11.102145264493));
#2219 = VECTOR('',#2220,1.);
#2220 = DIRECTION('',(0.,-0.765362085905,-0.643599935875));
#2221 = ORIENTED_EDGE('',*,*,#2222,.T.);
#2222 = EDGE_CURVE('',#2215,#2223,#2225,.T.);
#2223 = VERTEX_POINT('',#2224);
#2224 = CARTESIAN_POINT('',(24.16,0.589585439838,9.329878665319));
#2225 = LINE('',#2226,#2227);
#2226 = CARTESIAN_POINT('',(21.12,0.589585439838,9.329878665319));
#2227 = VECTOR('',#2228,1.);
#2228 = DIRECTION('',(1.,0.,0.));
#2229 = ORIENTED_EDGE('',*,*,#2230,.F.);
#2230 = EDGE_CURVE('',#2231,#2223,#2233,.T.);
#2231 = VERTEX_POINT('',#2232);
#2232 = CARTESIAN_POINT('',(24.16,2.1,10.6));
#2233 = LINE('',#2234,#2235);
#2234 = CARTESIAN_POINT('',(24.16,2.697145719937,11.102145264493));
#2235 = VECTOR('',#2236,1.);
#2236 = DIRECTION('',(0.,-0.765362085905,-0.643599935875));
#2237 = ORIENTED_EDGE('',*,*,#2238,.T.);
#2238 = EDGE_CURVE('',#2231,#2239,#2241,.T.);
#2239 = VERTEX_POINT('',#2240);
#2240 = CARTESIAN_POINT('',(24.2,2.1,10.6));
#2241 = LINE('',#2242,#2243);
#2242 = CARTESIAN_POINT('',(20.9,2.1,10.6));
#2243 = VECTOR('',#2244,1.);
#2244 = DIRECTION('',(1.,0.,0.));
#2245 = ORIENTED_EDGE('',*,*,#2246,.T.);
#2246 = EDGE_CURVE('',#2239,#2247,#2249,.T.);
#2247 = VERTEX_POINT('',#2248);
#2248 = CARTESIAN_POINT('',(24.5,1.743243243243,10.3));
#2249 = ELLIPSE('',#2250,0.466128076275,0.3);
#2250 = AXIS2_PLACEMENT_3D('',#2251,#2252,#2253);
#2251 = CARTESIAN_POINT('',(24.2,1.743243243243,10.3));
#2252 = DIRECTION('',(0.,0.643599935875,-0.765362085905));
#2253 = DIRECTION('',(0.,0.765362085905,0.643599935875));
#2254 = ORIENTED_EDGE('',*,*,#2255,.F.);
#2255 = EDGE_CURVE('',#2256,#2247,#2258,.T.);
#2256 = VERTEX_POINT('',#2257);
#2257 = CARTESIAN_POINT('',(24.5,0.3,9.086363636364));
#2258 = LINE('',#2259,#2260);
#2259 = CARTESIAN_POINT('',(24.5,-1.125779122542,7.88741301059));
#2260 = VECTOR('',#2261,1.);
#2261 = DIRECTION('',(0.,0.765362085905,0.643599935875));
#2262 = ORIENTED_EDGE('',*,*,#2263,.T.);
#2263 = EDGE_CURVE('',#2256,#2264,#2266,.T.);
#2264 = VERTEX_POINT('',#2265);
#2265 = CARTESIAN_POINT('',(24.2,-5.551115123126E-17,8.834090909091));
#2266 = ELLIPSE('',#2267,0.391971336867,0.3);
#2267 = AXIS2_PLACEMENT_3D('',#2268,#2269,#2270);
#2268 = CARTESIAN_POINT('',(24.2,0.3,9.086363636364));
#2269 = DIRECTION('',(0.,0.643599935875,-0.765362085905));
#2270 = DIRECTION('',(0.,0.765362085905,0.643599935875));
#2271 = ORIENTED_EDGE('',*,*,#2272,.T.);
#2272 = EDGE_CURVE('',#2264,#2175,#2273,.T.);
#2273 = LINE('',#2274,#2275);
#2274 = CARTESIAN_POINT('',(20.95,2.22044604925E-16,8.834090909091));
#2275 = VECTOR('',#2276,1.);
#2276 = DIRECTION('',(-1.,0.,-0.));
#2277 = ORIENTED_EDGE('',*,*,#2182,.T.);
#2278 = ORIENTED_EDGE('',*,*,#2150,.T.);
#2279 = PLANE('',#2280);
#2280 = AXIS2_PLACEMENT_3D('',#2281,#2282,#2283);
#2281 = CARTESIAN_POINT('',(20.9,2.1,10.6));
#2282 = DIRECTION('',(0.,0.643599935875,-0.765362085905));
#2283 = DIRECTION('',(0.,-0.765362085905,-0.643599935875));
#2284 = ADVANCED_FACE('',(#2285),#2304,.T.);
#2285 = FACE_BOUND('',#2286,.T.);
#2286 = EDGE_LOOP('',(#2287,#2288,#2296,#2303));
#2287 = ORIENTED_EDGE('',*,*,#2197,.T.);
#2288 = ORIENTED_EDGE('',*,*,#2289,.T.);
#2289 = EDGE_CURVE('',#2198,#2290,#2292,.T.);
#2290 = VERTEX_POINT('',#2291);
#2291 = CARTESIAN_POINT('',(21.3,12.2,10.6));
#2292 = LINE('',#2293,#2294);
#2293 = CARTESIAN_POINT('',(21.3,0.,10.6));
#2294 = VECTOR('',#2295,1.);
#2295 = DIRECTION('',(-0.,1.,0.));
#2296 = ORIENTED_EDGE('',*,*,#2297,.F.);
#2297 = EDGE_CURVE('',#2135,#2290,#2298,.T.);
#2298 = CIRCLE('',#2299,0.3);
#2299 = AXIS2_PLACEMENT_3D('',#2300,#2301,#2302);
#2300 = CARTESIAN_POINT('',(21.3,12.2,10.3));
#2301 = DIRECTION('',(-0.,1.,0.));
#2302 = DIRECTION('',(-1.,-0.,0.));
#2303 = ORIENTED_EDGE('',*,*,#2142,.F.);
#2304 = CYLINDRICAL_SURFACE('',#2305,0.3);
#2305 = AXIS2_PLACEMENT_3D('',#2306,#2307,#2308);
#2306 = CARTESIAN_POINT('',(21.3,0.,10.3));
#2307 = DIRECTION('',(-0.,1.,0.));
#2308 = DIRECTION('',(-1.,-0.,0.));
#2309 = ADVANCED_FACE('',(#2310),#2337,.T.);
#2310 = FACE_BOUND('',#2311,.F.);
#2311 = EDGE_LOOP('',(#2312,#2313,#2322,#2330));
#2312 = ORIENTED_EDGE('',*,*,#2134,.F.);
#2313 = ORIENTED_EDGE('',*,*,#2314,.T.);
#2314 = EDGE_CURVE('',#2127,#2315,#2317,.T.);
#2315 = VERTEX_POINT('',#2316);
#2316 = CARTESIAN_POINT('',(21.3,12.5,0.3));
#2317 = CIRCLE('',#2318,0.3);
#2318 = AXIS2_PLACEMENT_3D('',#2319,#2320,#2321);
#2319 = CARTESIAN_POINT('',(21.3,12.2,0.3));
#2320 = DIRECTION('',(-0.,0.,-1.));
#2321 = DIRECTION('',(-1.,0.,0.));
#2322 = ORIENTED_EDGE('',*,*,#2323,.T.);
#2323 = EDGE_CURVE('',#2315,#2324,#2326,.T.);
#2324 = VERTEX_POINT('',#2325);
#2325 = CARTESIAN_POINT('',(21.3,12.5,10.3));
#2326 = LINE('',#2327,#2328);
#2327 = CARTESIAN_POINT('',(21.3,12.5,0.));
#2328 = VECTOR('',#2329,1.);
#2329 = DIRECTION('',(0.,0.,1.));
#2330 = ORIENTED_EDGE('',*,*,#2331,.T.);
#2331 = EDGE_CURVE('',#2324,#2135,#2332,.T.);
#2332 = CIRCLE('',#2333,0.3);
#2333 = AXIS2_PLACEMENT_3D('',#2334,#2335,#2336);
#2334 = CARTESIAN_POINT('',(21.3,12.2,10.3));
#2335 = DIRECTION('',(0.,0.,1.));
#2336 = DIRECTION('',(-1.,-0.,0.));
#2337 = CYLINDRICAL_SURFACE('',#2338,0.3);
#2338 = AXIS2_PLACEMENT_3D('',#2339,#2340,#2341);
#2339 = CARTESIAN_POINT('',(21.3,12.2,0.));
#2340 = DIRECTION('',(0.,0.,1.));
#2341 = DIRECTION('',(-1.,-0.,0.));
#2342 = ADVANCED_FACE('',(#2343),#2370,.T.);
#2343 = FACE_BOUND('',#2344,.F.);
#2344 = EDGE_LOOP('',(#2345,#2354,#2362,#2369));
#2345 = ORIENTED_EDGE('',*,*,#2346,.F.);
#2346 = EDGE_CURVE('',#2347,#2117,#2349,.T.);
#2347 = VERTEX_POINT('',#2348);
#2348 = CARTESIAN_POINT('',(21.3,0.3,0.));
#2349 = CIRCLE('',#2350,0.3);
#2350 = AXIS2_PLACEMENT_3D('',#2351,#2352,#2353);
#2351 = CARTESIAN_POINT('',(21.3,0.3,0.3));
#2352 = DIRECTION('',(0.,1.,-0.));
#2353 = DIRECTION('',(-1.,0.,0.));
#2354 = ORIENTED_EDGE('',*,*,#2355,.T.);
#2355 = EDGE_CURVE('',#2347,#2356,#2358,.T.);
#2356 = VERTEX_POINT('',#2357);
#2357 = CARTESIAN_POINT('',(21.3,12.2,0.));
#2358 = LINE('',#2359,#2360);
#2359 = CARTESIAN_POINT('',(21.3,0.,-5.551115123126E-17));
#2360 = VECTOR('',#2361,1.);
#2361 = DIRECTION('',(-0.,1.,0.));
#2362 = ORIENTED_EDGE('',*,*,#2363,.T.);
#2363 = EDGE_CURVE('',#2356,#2127,#2364,.T.);
#2364 = CIRCLE('',#2365,0.3);
#2365 = AXIS2_PLACEMENT_3D('',#2366,#2367,#2368);
#2366 = CARTESIAN_POINT('',(21.3,12.2,0.3));
#2367 = DIRECTION('',(0.,1.,-0.));
#2368 = DIRECTION('',(-1.,0.,0.));
#2369 = ORIENTED_EDGE('',*,*,#2126,.F.);
#2370 = CYLINDRICAL_SURFACE('',#2371,0.3);
#2371 = AXIS2_PLACEMENT_3D('',#2372,#2373,#2374);
#2372 = CARTESIAN_POINT('',(21.3,0.,0.3));
#2373 = DIRECTION('',(-0.,1.,0.));
#2374 = DIRECTION('',(-1.,-0.,0.));
#2375 = ADVANCED_FACE('',(#2376,#2394),#2471,.F.);
#2376 = FACE_BOUND('',#2377,.F.);
#2377 = EDGE_LOOP('',(#2378,#2386,#2387,#2388));
#2378 = ORIENTED_EDGE('',*,*,#2379,.F.);
#2379 = EDGE_CURVE('',#2166,#2380,#2382,.T.);
#2380 = VERTEX_POINT('',#2381);
#2381 = CARTESIAN_POINT('',(24.2,-5.551115123126E-17,0.3));
#2382 = LINE('',#2383,#2384);
#2383 = CARTESIAN_POINT('',(21.,-5.551115123126E-17,0.3));
#2384 = VECTOR('',#2385,1.);
#2385 = DIRECTION('',(1.,0.,-0.));
#2386 = ORIENTED_EDGE('',*,*,#2174,.T.);
#2387 = ORIENTED_EDGE('',*,*,#2272,.F.);
#2388 = ORIENTED_EDGE('',*,*,#2389,.F.);
#2389 = EDGE_CURVE('',#2380,#2264,#2390,.T.);
#2390 = LINE('',#2391,#2392);
#2391 = CARTESIAN_POINT('',(24.2,-5.551115123126E-17,0.));
#2392 = VECTOR('',#2393,1.);
#2393 = DIRECTION('',(0.,0.,1.));
#2394 = FACE_BOUND('',#2395,.F.);
#2395 = EDGE_LOOP('',(#2396,#2406,#2414,#2422,#2431,#2440,#2448,#2456,
    #2464));
#2396 = ORIENTED_EDGE('',*,*,#2397,.F.);
#2397 = EDGE_CURVE('',#2398,#2400,#2402,.T.);
#2398 = VERTEX_POINT('',#2399);
#2399 = CARTESIAN_POINT('',(24.15,0.,5.6));
#2400 = VERTEX_POINT('',#2401);
#2401 = CARTESIAN_POINT('',(24.15,0.,2.1));
#2402 = LINE('',#2403,#2404);
#2403 = CARTESIAN_POINT('',(24.15,0.,1.05));
#2404 = VECTOR('',#2405,1.);
#2405 = DIRECTION('',(-0.,0.,-1.));
#2406 = ORIENTED_EDGE('',*,*,#2407,.F.);
#2407 = EDGE_CURVE('',#2408,#2398,#2410,.T.);
#2408 = VERTEX_POINT('',#2409);
#2409 = CARTESIAN_POINT('',(23.7,0.,5.6));
#2410 = LINE('',#2411,#2412);
#2411 = CARTESIAN_POINT('',(21.175,0.,5.6));
#2412 = VECTOR('',#2413,1.);
#2413 = DIRECTION('',(1.,0.,-0.));
#2414 = ORIENTED_EDGE('',*,*,#2415,.F.);
#2415 = EDGE_CURVE('',#2416,#2408,#2418,.T.);
#2416 = VERTEX_POINT('',#2417);
#2417 = CARTESIAN_POINT('',(23.7,0.,7.35));
#2418 = LINE('',#2419,#2420);
#2419 = CARTESIAN_POINT('',(23.7,0.,2.8));
#2420 = VECTOR('',#2421,1.);
#2421 = DIRECTION('',(-0.,0.,-1.));
#2422 = ORIENTED_EDGE('',*,*,#2423,.F.);
#2423 = EDGE_CURVE('',#2424,#2416,#2426,.T.);
#2424 = VERTEX_POINT('',#2425);
#2425 = CARTESIAN_POINT('',(22.75,0.,8.3));
#2426 = CIRCLE('',#2427,0.95);
#2427 = AXIS2_PLACEMENT_3D('',#2428,#2429,#2430);
#2428 = CARTESIAN_POINT('',(22.75,0.,7.35));
#2429 = DIRECTION('',(0.,1.,0.));
#2430 = DIRECTION('',(0.,-0.,1.));
#2431 = ORIENTED_EDGE('',*,*,#2432,.F.);
#2432 = EDGE_CURVE('',#2433,#2424,#2435,.T.);
#2433 = VERTEX_POINT('',#2434);
#2434 = CARTESIAN_POINT('',(21.8,0.,7.35));
#2435 = CIRCLE('',#2436,0.95);
#2436 = AXIS2_PLACEMENT_3D('',#2437,#2438,#2439);
#2437 = CARTESIAN_POINT('',(22.75,0.,7.35));
#2438 = DIRECTION('',(0.,1.,0.));
#2439 = DIRECTION('',(0.,-0.,1.));
#2440 = ORIENTED_EDGE('',*,*,#2441,.T.);
#2441 = EDGE_CURVE('',#2433,#2442,#2444,.T.);
#2442 = VERTEX_POINT('',#2443);
#2443 = CARTESIAN_POINT('',(21.8,0.,5.6));
#2444 = LINE('',#2445,#2446);
#2445 = CARTESIAN_POINT('',(21.8,0.,2.8));
#2446 = VECTOR('',#2447,1.);
#2447 = DIRECTION('',(-0.,0.,-1.));
#2448 = ORIENTED_EDGE('',*,*,#2449,.F.);
#2449 = EDGE_CURVE('',#2450,#2442,#2452,.T.);
#2450 = VERTEX_POINT('',#2451);
#2451 = CARTESIAN_POINT('',(21.35,0.,5.6));
#2452 = LINE('',#2453,#2454);
#2453 = CARTESIAN_POINT('',(21.175,0.,5.6));
#2454 = VECTOR('',#2455,1.);
#2455 = DIRECTION('',(1.,0.,-0.));
#2456 = ORIENTED_EDGE('',*,*,#2457,.T.);
#2457 = EDGE_CURVE('',#2450,#2458,#2460,.T.);
#2458 = VERTEX_POINT('',#2459);
#2459 = CARTESIAN_POINT('',(21.35,0.,2.1));
#2460 = LINE('',#2461,#2462);
#2461 = CARTESIAN_POINT('',(21.35,0.,1.05));
#2462 = VECTOR('',#2463,1.);
#2463 = DIRECTION('',(-0.,0.,-1.));
#2464 = ORIENTED_EDGE('',*,*,#2465,.F.);
#2465 = EDGE_CURVE('',#2400,#2458,#2466,.T.);
#2466 = CIRCLE('',#2467,1.4);
#2467 = AXIS2_PLACEMENT_3D('',#2468,#2469,#2470);
#2468 = CARTESIAN_POINT('',(22.75,0.,2.1));
#2469 = DIRECTION('',(0.,1.,0.));
#2470 = DIRECTION('',(0.,-0.,1.));
#2471 = PLANE('',#2472);
#2472 = AXIS2_PLACEMENT_3D('',#2473,#2474,#2475);
#2473 = CARTESIAN_POINT('',(21.,0.,0.));
#2474 = DIRECTION('',(-0.,1.,0.));
#2475 = DIRECTION('',(0.,0.,1.));
#2476 = ADVANCED_FACE('',(#2477),#2488,.T.);
#2477 = FACE_BOUND('',#2478,.T.);
#2478 = EDGE_LOOP('',(#2479,#2480,#2487));
#2479 = ORIENTED_EDGE('',*,*,#2346,.F.);
#2480 = ORIENTED_EDGE('',*,*,#2481,.T.);
#2481 = EDGE_CURVE('',#2347,#2166,#2482,.T.);
#2482 = CIRCLE('',#2483,0.3);
#2483 = AXIS2_PLACEMENT_3D('',#2484,#2485,#2486);
#2484 = CARTESIAN_POINT('',(21.3,0.3,0.3));
#2485 = DIRECTION('',(-1.,6.123233995737E-17,0.));
#2486 = DIRECTION('',(-6.123233995737E-17,-1.,0.));
#2487 = ORIENTED_EDGE('',*,*,#2165,.F.);
#2488 = SPHERICAL_SURFACE('',#2489,0.3);
#2489 = AXIS2_PLACEMENT_3D('',#2490,#2491,#2492);
#2490 = CARTESIAN_POINT('',(21.3,0.3,0.3));
#2491 = DIRECTION('',(0.,0.,1.));
#2492 = DIRECTION('',(-1.,0.,0.));
#2493 = ADVANCED_FACE('',(#2494),#2513,.T.);
#2494 = FACE_BOUND('',#2495,.F.);
#2495 = EDGE_LOOP('',(#2496,#2504,#2511,#2512));
#2496 = ORIENTED_EDGE('',*,*,#2497,.F.);
#2497 = EDGE_CURVE('',#2498,#2256,#2500,.T.);
#2498 = VERTEX_POINT('',#2499);
#2499 = CARTESIAN_POINT('',(24.5,0.3,0.3));
#2500 = LINE('',#2501,#2502);
#2501 = CARTESIAN_POINT('',(24.5,0.3,0.));
#2502 = VECTOR('',#2503,1.);
#2503 = DIRECTION('',(0.,0.,1.));
#2504 = ORIENTED_EDGE('',*,*,#2505,.T.);
#2505 = EDGE_CURVE('',#2498,#2380,#2506,.T.);
#2506 = CIRCLE('',#2507,0.3);
#2507 = AXIS2_PLACEMENT_3D('',#2508,#2509,#2510);
#2508 = CARTESIAN_POINT('',(24.2,0.3,0.3));
#2509 = DIRECTION('',(0.,-0.,-1.));
#2510 = DIRECTION('',(1.,0.,-0.));
#2511 = ORIENTED_EDGE('',*,*,#2389,.T.);
#2512 = ORIENTED_EDGE('',*,*,#2263,.F.);
#2513 = CYLINDRICAL_SURFACE('',#2514,0.3);
#2514 = AXIS2_PLACEMENT_3D('',#2515,#2516,#2517);
#2515 = CARTESIAN_POINT('',(24.2,0.3,0.));
#2516 = DIRECTION('',(0.,0.,1.));
#2517 = DIRECTION('',(1.,0.,-0.));
#2518 = ADVANCED_FACE('',(#2519),#2545,.T.);
#2519 = FACE_BOUND('',#2520,.T.);
#2520 = EDGE_LOOP('',(#2521,#2522,#2530,#2538,#2544));
#2521 = ORIENTED_EDGE('',*,*,#2497,.F.);
#2522 = ORIENTED_EDGE('',*,*,#2523,.T.);
#2523 = EDGE_CURVE('',#2498,#2524,#2526,.T.);
#2524 = VERTEX_POINT('',#2525);
#2525 = CARTESIAN_POINT('',(24.5,12.2,0.3));
#2526 = LINE('',#2527,#2528);
#2527 = CARTESIAN_POINT('',(24.5,0.,0.3));
#2528 = VECTOR('',#2529,1.);
#2529 = DIRECTION('',(-0.,1.,0.));
#2530 = ORIENTED_EDGE('',*,*,#2531,.T.);
#2531 = EDGE_CURVE('',#2524,#2532,#2534,.T.);
#2532 = VERTEX_POINT('',#2533);
#2533 = CARTESIAN_POINT('',(24.5,12.2,10.3));
#2534 = LINE('',#2535,#2536);
#2535 = CARTESIAN_POINT('',(24.5,12.2,0.));
#2536 = VECTOR('',#2537,1.);
#2537 = DIRECTION('',(0.,0.,1.));
#2538 = ORIENTED_EDGE('',*,*,#2539,.F.);
#2539 = EDGE_CURVE('',#2247,#2532,#2540,.T.);
#2540 = LINE('',#2541,#2542);
#2541 = CARTESIAN_POINT('',(24.5,0.,10.3));
#2542 = VECTOR('',#2543,1.);
#2543 = DIRECTION('',(-0.,1.,0.));
#2544 = ORIENTED_EDGE('',*,*,#2255,.F.);
#2545 = PLANE('',#2546);
#2546 = AXIS2_PLACEMENT_3D('',#2547,#2548,#2549);
#2547 = CARTESIAN_POINT('',(24.5,0.,0.));
#2548 = DIRECTION('',(1.,0.,-0.));
#2549 = DIRECTION('',(0.,0.,1.));
#2550 = ADVANCED_FACE('',(#2551),#2570,.T.);
#2551 = FACE_BOUND('',#2552,.F.);
#2552 = EDGE_LOOP('',(#2553,#2554,#2562,#2569));
#2553 = ORIENTED_EDGE('',*,*,#2246,.F.);
#2554 = ORIENTED_EDGE('',*,*,#2555,.T.);
#2555 = EDGE_CURVE('',#2239,#2556,#2558,.T.);
#2556 = VERTEX_POINT('',#2557);
#2557 = CARTESIAN_POINT('',(24.2,12.2,10.6));
#2558 = LINE('',#2559,#2560);
#2559 = CARTESIAN_POINT('',(24.2,0.,10.6));
#2560 = VECTOR('',#2561,1.);
#2561 = DIRECTION('',(-0.,1.,0.));
#2562 = ORIENTED_EDGE('',*,*,#2563,.F.);
#2563 = EDGE_CURVE('',#2532,#2556,#2564,.T.);
#2564 = CIRCLE('',#2565,0.3);
#2565 = AXIS2_PLACEMENT_3D('',#2566,#2567,#2568);
#2566 = CARTESIAN_POINT('',(24.2,12.2,10.3));
#2567 = DIRECTION('',(0.,-1.,-0.));
#2568 = DIRECTION('',(1.,0.,0.));
#2569 = ORIENTED_EDGE('',*,*,#2539,.F.);
#2570 = CYLINDRICAL_SURFACE('',#2571,0.3);
#2571 = AXIS2_PLACEMENT_3D('',#2572,#2573,#2574);
#2572 = CARTESIAN_POINT('',(24.2,0.,10.3));
#2573 = DIRECTION('',(-0.,1.,0.));
#2574 = DIRECTION('',(1.,0.,-0.));
#2575 = ADVANCED_FACE('',(#2576),#2610,.T.);
#2576 = FACE_BOUND('',#2577,.T.);
#2577 = EDGE_LOOP('',(#2578,#2579,#2580,#2588,#2596,#2602,#2603,#2604));
#2578 = ORIENTED_EDGE('',*,*,#2289,.F.);
#2579 = ORIENTED_EDGE('',*,*,#2206,.T.);
#2580 = ORIENTED_EDGE('',*,*,#2581,.F.);
#2581 = EDGE_CURVE('',#2582,#2207,#2584,.T.);
#2582 = VERTEX_POINT('',#2583);
#2583 = CARTESIAN_POINT('',(21.34,9.7,10.6));
#2584 = LINE('',#2585,#2586);
#2585 = CARTESIAN_POINT('',(21.34,2.442585746037,10.6));
#2586 = VECTOR('',#2587,1.);
#2587 = DIRECTION('',(0.,-1.,0.));
#2588 = ORIENTED_EDGE('',*,*,#2589,.F.);
#2589 = EDGE_CURVE('',#2590,#2582,#2592,.T.);
#2590 = VERTEX_POINT('',#2591);
#2591 = CARTESIAN_POINT('',(24.16,9.7,10.6));
#2592 = LINE('',#2593,#2594);
#2593 = CARTESIAN_POINT('',(21.17,9.7,10.6));
#2594 = VECTOR('',#2595,1.);
#2595 = DIRECTION('',(-1.,-0.,0.));
#2596 = ORIENTED_EDGE('',*,*,#2597,.T.);
#2597 = EDGE_CURVE('',#2590,#2231,#2598,.T.);
#2598 = LINE('',#2599,#2600);
#2599 = CARTESIAN_POINT('',(24.16,2.442585746037,10.6));
#2600 = VECTOR('',#2601,1.);
#2601 = DIRECTION('',(0.,-1.,0.));
#2602 = ORIENTED_EDGE('',*,*,#2238,.T.);
#2603 = ORIENTED_EDGE('',*,*,#2555,.T.);
#2604 = ORIENTED_EDGE('',*,*,#2605,.F.);
#2605 = EDGE_CURVE('',#2290,#2556,#2606,.T.);
#2606 = LINE('',#2607,#2608);
#2607 = CARTESIAN_POINT('',(21.,12.2,10.6));
#2608 = VECTOR('',#2609,1.);
#2609 = DIRECTION('',(1.,0.,-0.));
#2610 = PLANE('',#2611);
#2611 = AXIS2_PLACEMENT_3D('',#2612,#2613,#2614);
#2612 = CARTESIAN_POINT('',(21.,0.,10.6));
#2613 = DIRECTION('',(0.,0.,1.));
#2614 = DIRECTION('',(1.,0.,-0.));
#2615 = ADVANCED_FACE('',(#2616),#2642,.T.);
#2616 = FACE_BOUND('',#2617,.T.);
#2617 = EDGE_LOOP('',(#2618,#2619,#2627,#2635,#2641));
#2618 = ORIENTED_EDGE('',*,*,#2597,.F.);
#2619 = ORIENTED_EDGE('',*,*,#2620,.T.);
#2620 = EDGE_CURVE('',#2590,#2621,#2623,.T.);
#2621 = VERTEX_POINT('',#2622);
#2622 = CARTESIAN_POINT('',(24.16,9.7,8.45));
#2623 = LINE('',#2624,#2625);
#2624 = CARTESIAN_POINT('',(24.16,9.7,10.8));
#2625 = VECTOR('',#2626,1.);
#2626 = DIRECTION('',(0.,0.,-1.));
#2627 = ORIENTED_EDGE('',*,*,#2628,.T.);
#2628 = EDGE_CURVE('',#2621,#2629,#2631,.T.);
#2629 = VERTEX_POINT('',#2630);
#2630 = CARTESIAN_POINT('',(24.16,1.4,8.45));
#2631 = LINE('',#2632,#2633);
#2632 = CARTESIAN_POINT('',(24.16,9.7,8.45));
#2633 = VECTOR('',#2634,1.);
#2634 = DIRECTION('',(0.,-1.,0.));
#2635 = ORIENTED_EDGE('',*,*,#2636,.T.);
#2636 = EDGE_CURVE('',#2629,#2223,#2637,.T.);
#2637 = LINE('',#2638,#2639);
#2638 = CARTESIAN_POINT('',(24.16,1.4,8.45));
#2639 = VECTOR('',#2640,1.);
#2640 = DIRECTION('',(0.,-0.677475754752,0.735545105159));
#2641 = ORIENTED_EDGE('',*,*,#2230,.F.);
#2642 = PLANE('',#2643);
#2643 = AXIS2_PLACEMENT_3D('',#2644,#2645,#2646);
#2644 = CARTESIAN_POINT('',(24.16,4.885171492075,9.712433169613));
#2645 = DIRECTION('',(-1.,-0.,-0.));
#2646 = DIRECTION('',(0.,0.,-1.));
#2647 = ADVANCED_FACE('',(#2648),#2666,.F.);
#2648 = FACE_BOUND('',#2649,.F.);
#2649 = EDGE_LOOP('',(#2650,#2658,#2664,#2665));
#2650 = ORIENTED_EDGE('',*,*,#2651,.F.);
#2651 = EDGE_CURVE('',#2652,#2215,#2654,.T.);
#2652 = VERTEX_POINT('',#2653);
#2653 = CARTESIAN_POINT('',(21.34,1.4,8.45));
#2654 = LINE('',#2655,#2656);
#2655 = CARTESIAN_POINT('',(21.34,1.4,8.45));
#2656 = VECTOR('',#2657,1.);
#2657 = DIRECTION('',(0.,-0.677475754752,0.735545105159));
#2658 = ORIENTED_EDGE('',*,*,#2659,.T.);
#2659 = EDGE_CURVE('',#2652,#2629,#2660,.T.);
#2660 = LINE('',#2661,#2662);
#2661 = CARTESIAN_POINT('',(21.34,1.4,8.45));
#2662 = VECTOR('',#2663,1.);
#2663 = DIRECTION('',(1.,0.,0.));
#2664 = ORIENTED_EDGE('',*,*,#2636,.T.);
#2665 = ORIENTED_EDGE('',*,*,#2222,.F.);
#2666 = PLANE('',#2667);
#2667 = AXIS2_PLACEMENT_3D('',#2668,#2669,#2670);
#2668 = CARTESIAN_POINT('',(21.34,1.4,8.45));
#2669 = DIRECTION('',(0.,-0.735545105159,-0.677475754752));
#2670 = DIRECTION('',(0.,-0.677475754752,0.735545105159));
#2671 = ADVANCED_FACE('',(#2672),#2691,.F.);
#2672 = FACE_BOUND('',#2673,.F.);
#2673 = EDGE_LOOP('',(#2674,#2675,#2683,#2689,#2690));
#2674 = ORIENTED_EDGE('',*,*,#2581,.F.);
#2675 = ORIENTED_EDGE('',*,*,#2676,.T.);
#2676 = EDGE_CURVE('',#2582,#2677,#2679,.T.);
#2677 = VERTEX_POINT('',#2678);
#2678 = CARTESIAN_POINT('',(21.34,9.7,8.45));
#2679 = LINE('',#2680,#2681);
#2680 = CARTESIAN_POINT('',(21.34,9.7,10.8));
#2681 = VECTOR('',#2682,1.);
#2682 = DIRECTION('',(0.,0.,-1.));
#2683 = ORIENTED_EDGE('',*,*,#2684,.T.);
#2684 = EDGE_CURVE('',#2677,#2652,#2685,.T.);
#2685 = LINE('',#2686,#2687);
#2686 = CARTESIAN_POINT('',(21.34,9.7,8.45));
#2687 = VECTOR('',#2688,1.);
#2688 = DIRECTION('',(0.,-1.,0.));
#2689 = ORIENTED_EDGE('',*,*,#2651,.T.);
#2690 = ORIENTED_EDGE('',*,*,#2214,.F.);
#2691 = PLANE('',#2692);
#2692 = AXIS2_PLACEMENT_3D('',#2693,#2694,#2695);
#2693 = CARTESIAN_POINT('',(21.34,4.885171492075,9.712433169613));
#2694 = DIRECTION('',(-1.,-0.,-0.));
#2695 = DIRECTION('',(0.,0.,-1.));
#2696 = ADVANCED_FACE('',(#2697),#2708,.T.);
#2697 = FACE_BOUND('',#2698,.F.);
#2698 = EDGE_LOOP('',(#2699,#2700,#2707));
#2699 = ORIENTED_EDGE('',*,*,#2331,.F.);
#2700 = ORIENTED_EDGE('',*,*,#2701,.T.);
#2701 = EDGE_CURVE('',#2324,#2290,#2702,.T.);
#2702 = CIRCLE('',#2703,0.3);
#2703 = AXIS2_PLACEMENT_3D('',#2704,#2705,#2706);
#2704 = CARTESIAN_POINT('',(21.3,12.2,10.3));
#2705 = DIRECTION('',(1.,0.,6.123233995737E-17));
#2706 = DIRECTION('',(-6.123233995737E-17,-0.,1.));
#2707 = ORIENTED_EDGE('',*,*,#2297,.F.);
#2708 = SPHERICAL_SURFACE('',#2709,0.3);
#2709 = AXIS2_PLACEMENT_3D('',#2710,#2711,#2712);
#2710 = CARTESIAN_POINT('',(21.3,12.2,10.3));
#2711 = DIRECTION('',(0.,-1.,-0.));
#2712 = DIRECTION('',(-1.,-0.,0.));
#2713 = ADVANCED_FACE('',(#2714),#2725,.T.);
#2714 = FACE_BOUND('',#2715,.F.);
#2715 = EDGE_LOOP('',(#2716,#2717,#2724));
#2716 = ORIENTED_EDGE('',*,*,#2363,.F.);
#2717 = ORIENTED_EDGE('',*,*,#2718,.T.);
#2718 = EDGE_CURVE('',#2356,#2315,#2719,.T.);
#2719 = CIRCLE('',#2720,0.3);
#2720 = AXIS2_PLACEMENT_3D('',#2721,#2722,#2723);
#2721 = CARTESIAN_POINT('',(21.3,12.2,0.3));
#2722 = DIRECTION('',(1.,6.123233995737E-17,-0.));
#2723 = DIRECTION('',(-6.123233995737E-17,1.,0.));
#2724 = ORIENTED_EDGE('',*,*,#2314,.F.);
#2725 = SPHERICAL_SURFACE('',#2726,0.3);
#2726 = AXIS2_PLACEMENT_3D('',#2727,#2728,#2729);
#2727 = CARTESIAN_POINT('',(21.3,12.2,0.3));
#2728 = DIRECTION('',(0.,0.,1.));
#2729 = DIRECTION('',(-1.,0.,0.));
#2730 = ADVANCED_FACE('',(#2731),#2756,.T.);
#2731 = FACE_BOUND('',#2732,.T.);
#2732 = EDGE_LOOP('',(#2733,#2734,#2742,#2750));
#2733 = ORIENTED_EDGE('',*,*,#2323,.T.);
#2734 = ORIENTED_EDGE('',*,*,#2735,.T.);
#2735 = EDGE_CURVE('',#2324,#2736,#2738,.T.);
#2736 = VERTEX_POINT('',#2737);
#2737 = CARTESIAN_POINT('',(24.2,12.5,10.3));
#2738 = LINE('',#2739,#2740);
#2739 = CARTESIAN_POINT('',(21.,12.5,10.3));
#2740 = VECTOR('',#2741,1.);
#2741 = DIRECTION('',(1.,0.,-0.));
#2742 = ORIENTED_EDGE('',*,*,#2743,.F.);
#2743 = EDGE_CURVE('',#2744,#2736,#2746,.T.);
#2744 = VERTEX_POINT('',#2745);
#2745 = CARTESIAN_POINT('',(24.2,12.5,0.3));
#2746 = LINE('',#2747,#2748);
#2747 = CARTESIAN_POINT('',(24.2,12.5,0.));
#2748 = VECTOR('',#2749,1.);
#2749 = DIRECTION('',(0.,0.,1.));
#2750 = ORIENTED_EDGE('',*,*,#2751,.F.);
#2751 = EDGE_CURVE('',#2315,#2744,#2752,.T.);
#2752 = LINE('',#2753,#2754);
#2753 = CARTESIAN_POINT('',(21.,12.5,0.3));
#2754 = VECTOR('',#2755,1.);
#2755 = DIRECTION('',(1.,0.,-0.));
#2756 = PLANE('',#2757);
#2757 = AXIS2_PLACEMENT_3D('',#2758,#2759,#2760);
#2758 = CARTESIAN_POINT('',(21.,12.5,0.));
#2759 = DIRECTION('',(-0.,1.,0.));
#2760 = DIRECTION('',(0.,0.,1.));
#2761 = ADVANCED_FACE('',(#2762),#2787,.F.);
#2762 = FACE_BOUND('',#2763,.F.);
#2763 = EDGE_LOOP('',(#2764,#2765,#2773,#2781));
#2764 = ORIENTED_EDGE('',*,*,#2355,.F.);
#2765 = ORIENTED_EDGE('',*,*,#2766,.T.);
#2766 = EDGE_CURVE('',#2347,#2767,#2769,.T.);
#2767 = VERTEX_POINT('',#2768);
#2768 = CARTESIAN_POINT('',(24.2,0.3,0.));
#2769 = LINE('',#2770,#2771);
#2770 = CARTESIAN_POINT('',(21.,0.3,-5.551115123126E-17));
#2771 = VECTOR('',#2772,1.);
#2772 = DIRECTION('',(1.,0.,-0.));
#2773 = ORIENTED_EDGE('',*,*,#2774,.T.);
#2774 = EDGE_CURVE('',#2767,#2775,#2777,.T.);
#2775 = VERTEX_POINT('',#2776);
#2776 = CARTESIAN_POINT('',(24.2,12.2,0.));
#2777 = LINE('',#2778,#2779);
#2778 = CARTESIAN_POINT('',(24.2,0.,-5.551115123126E-17));
#2779 = VECTOR('',#2780,1.);
#2780 = DIRECTION('',(-0.,1.,0.));
#2781 = ORIENTED_EDGE('',*,*,#2782,.F.);
#2782 = EDGE_CURVE('',#2356,#2775,#2783,.T.);
#2783 = LINE('',#2784,#2785);
#2784 = CARTESIAN_POINT('',(21.,12.2,-5.551115123126E-17));
#2785 = VECTOR('',#2786,1.);
#2786 = DIRECTION('',(1.,0.,-0.));
#2787 = PLANE('',#2788);
#2788 = AXIS2_PLACEMENT_3D('',#2789,#2790,#2791);
#2789 = CARTESIAN_POINT('',(21.,0.,0.));
#2790 = DIRECTION('',(0.,0.,1.));
#2791 = DIRECTION('',(1.,0.,-0.));
#2792 = ADVANCED_FACE('',(#2793),#2805,.T.);
#2793 = FACE_BOUND('',#2794,.T.);
#2794 = EDGE_LOOP('',(#2795,#2796,#2797,#2804));
#2795 = ORIENTED_EDGE('',*,*,#2481,.F.);
#2796 = ORIENTED_EDGE('',*,*,#2766,.T.);
#2797 = ORIENTED_EDGE('',*,*,#2798,.T.);
#2798 = EDGE_CURVE('',#2767,#2380,#2799,.T.);
#2799 = CIRCLE('',#2800,0.3);
#2800 = AXIS2_PLACEMENT_3D('',#2801,#2802,#2803);
#2801 = CARTESIAN_POINT('',(24.2,0.3,0.3));
#2802 = DIRECTION('',(-1.,-6.123233995737E-17,0.));
#2803 = DIRECTION('',(6.123233995737E-17,-1.,-0.));
#2804 = ORIENTED_EDGE('',*,*,#2379,.F.);
#2805 = CYLINDRICAL_SURFACE('',#2806,0.3);
#2806 = AXIS2_PLACEMENT_3D('',#2807,#2808,#2809);
#2807 = CARTESIAN_POINT('',(21.,0.3,0.3));
#2808 = DIRECTION('',(1.,0.,-0.));
#2809 = DIRECTION('',(0.,-1.,0.));
#2810 = ADVANCED_FACE('',(#2811),#2836,.F.);
#2811 = FACE_BOUND('',#2812,.F.);
#2812 = EDGE_LOOP('',(#2813,#2814,#2822,#2830));
#2813 = ORIENTED_EDGE('',*,*,#2397,.T.);
#2814 = ORIENTED_EDGE('',*,*,#2815,.T.);
#2815 = EDGE_CURVE('',#2400,#2816,#2818,.T.);
#2816 = VERTEX_POINT('',#2817);
#2817 = CARTESIAN_POINT('',(24.15,0.4,2.1));
#2818 = LINE('',#2819,#2820);
#2819 = CARTESIAN_POINT('',(24.15,-5.E-02,2.1));
#2820 = VECTOR('',#2821,1.);
#2821 = DIRECTION('',(-0.,1.,0.));
#2822 = ORIENTED_EDGE('',*,*,#2823,.T.);
#2823 = EDGE_CURVE('',#2816,#2824,#2826,.T.);
#2824 = VERTEX_POINT('',#2825);
#2825 = CARTESIAN_POINT('',(24.15,0.4,5.6));
#2826 = LINE('',#2827,#2828);
#2827 = CARTESIAN_POINT('',(24.15,0.4,2.1));
#2828 = VECTOR('',#2829,1.);
#2829 = DIRECTION('',(0.,0.,1.));
#2830 = ORIENTED_EDGE('',*,*,#2831,.F.);
#2831 = EDGE_CURVE('',#2398,#2824,#2832,.T.);
#2832 = LINE('',#2833,#2834);
#2833 = CARTESIAN_POINT('',(24.15,-5.E-02,5.6));
#2834 = VECTOR('',#2835,1.);
#2835 = DIRECTION('',(-0.,1.,0.));
#2836 = PLANE('',#2837);
#2837 = AXIS2_PLACEMENT_3D('',#2838,#2839,#2840);
#2838 = CARTESIAN_POINT('',(24.15,-5.E-02,2.1));
#2839 = DIRECTION('',(1.,0.,-0.));
#2840 = DIRECTION('',(0.,0.,1.));
#2841 = ADVANCED_FACE('',(#2842),#2861,.F.);
#2842 = FACE_BOUND('',#2843,.F.);
#2843 = EDGE_LOOP('',(#2844,#2853,#2854,#2855));
#2844 = ORIENTED_EDGE('',*,*,#2845,.F.);
#2845 = EDGE_CURVE('',#2816,#2846,#2848,.T.);
#2846 = VERTEX_POINT('',#2847);
#2847 = CARTESIAN_POINT('',(21.35,0.4,2.1));
#2848 = CIRCLE('',#2849,1.4);
#2849 = AXIS2_PLACEMENT_3D('',#2850,#2851,#2852);
#2850 = CARTESIAN_POINT('',(22.75,0.4,2.1));
#2851 = DIRECTION('',(0.,1.,0.));
#2852 = DIRECTION('',(0.,-0.,1.));
#2853 = ORIENTED_EDGE('',*,*,#2815,.F.);
#2854 = ORIENTED_EDGE('',*,*,#2465,.T.);
#2855 = ORIENTED_EDGE('',*,*,#2856,.T.);
#2856 = EDGE_CURVE('',#2458,#2846,#2857,.T.);
#2857 = LINE('',#2858,#2859);
#2858 = CARTESIAN_POINT('',(21.35,-5.E-02,2.1));
#2859 = VECTOR('',#2860,1.);
#2860 = DIRECTION('',(-0.,1.,0.));
#2861 = CYLINDRICAL_SURFACE('',#2862,1.4);
#2862 = AXIS2_PLACEMENT_3D('',#2863,#2864,#2865);
#2863 = CARTESIAN_POINT('',(22.75,-5.E-02,2.1));
#2864 = DIRECTION('',(0.,1.,0.));
#2865 = DIRECTION('',(0.,-0.,1.));
#2866 = ADVANCED_FACE('',(#2867),#2892,.F.);
#2867 = FACE_BOUND('',#2868,.F.);
#2868 = EDGE_LOOP('',(#2869,#2870,#2878,#2886));
#2869 = ORIENTED_EDGE('',*,*,#2415,.T.);
#2870 = ORIENTED_EDGE('',*,*,#2871,.T.);
#2871 = EDGE_CURVE('',#2408,#2872,#2874,.T.);
#2872 = VERTEX_POINT('',#2873);
#2873 = CARTESIAN_POINT('',(23.7,0.4,5.6));
#2874 = LINE('',#2875,#2876);
#2875 = CARTESIAN_POINT('',(23.7,-5.E-02,5.6));
#2876 = VECTOR('',#2877,1.);
#2877 = DIRECTION('',(-0.,1.,0.));
#2878 = ORIENTED_EDGE('',*,*,#2879,.T.);
#2879 = EDGE_CURVE('',#2872,#2880,#2882,.T.);
#2880 = VERTEX_POINT('',#2881);
#2881 = CARTESIAN_POINT('',(23.7,0.4,7.35));
#2882 = LINE('',#2883,#2884);
#2883 = CARTESIAN_POINT('',(23.7,0.4,5.6));
#2884 = VECTOR('',#2885,1.);
#2885 = DIRECTION('',(0.,0.,1.));
#2886 = ORIENTED_EDGE('',*,*,#2887,.F.);
#2887 = EDGE_CURVE('',#2416,#2880,#2888,.T.);
#2888 = LINE('',#2889,#2890);
#2889 = CARTESIAN_POINT('',(23.7,-5.E-02,7.35));
#2890 = VECTOR('',#2891,1.);
#2891 = DIRECTION('',(-0.,1.,0.));
#2892 = PLANE('',#2893);
#2893 = AXIS2_PLACEMENT_3D('',#2894,#2895,#2896);
#2894 = CARTESIAN_POINT('',(23.7,-5.E-02,5.6));
#2895 = DIRECTION('',(1.,0.,-0.));
#2896 = DIRECTION('',(0.,0.,1.));
#2897 = ADVANCED_FACE('',(#2898),#2916,.T.);
#2898 = FACE_BOUND('',#2899,.T.);
#2899 = EDGE_LOOP('',(#2900,#2901,#2902,#2910));
#2900 = ORIENTED_EDGE('',*,*,#2457,.T.);
#2901 = ORIENTED_EDGE('',*,*,#2856,.T.);
#2902 = ORIENTED_EDGE('',*,*,#2903,.T.);
#2903 = EDGE_CURVE('',#2846,#2904,#2906,.T.);
#2904 = VERTEX_POINT('',#2905);
#2905 = CARTESIAN_POINT('',(21.35,0.4,5.6));
#2906 = LINE('',#2907,#2908);
#2907 = CARTESIAN_POINT('',(21.35,0.4,2.1));
#2908 = VECTOR('',#2909,1.);
#2909 = DIRECTION('',(0.,0.,1.));
#2910 = ORIENTED_EDGE('',*,*,#2911,.F.);
#2911 = EDGE_CURVE('',#2450,#2904,#2912,.T.);
#2912 = LINE('',#2913,#2914);
#2913 = CARTESIAN_POINT('',(21.35,-5.E-02,5.6));
#2914 = VECTOR('',#2915,1.);
#2915 = DIRECTION('',(-0.,1.,0.));
#2916 = PLANE('',#2917);
#2917 = AXIS2_PLACEMENT_3D('',#2918,#2919,#2920);
#2918 = CARTESIAN_POINT('',(21.35,-5.E-02,2.1));
#2919 = DIRECTION('',(1.,0.,-0.));
#2920 = DIRECTION('',(0.,0.,1.));
#2921 = ADVANCED_FACE('',(#2922),#2947,.T.);
#2922 = FACE_BOUND('',#2923,.T.);
#2923 = EDGE_LOOP('',(#2924,#2925,#2933,#2941));
#2924 = ORIENTED_EDGE('',*,*,#2441,.T.);
#2925 = ORIENTED_EDGE('',*,*,#2926,.T.);
#2926 = EDGE_CURVE('',#2442,#2927,#2929,.T.);
#2927 = VERTEX_POINT('',#2928);
#2928 = CARTESIAN_POINT('',(21.8,0.4,5.6));
#2929 = LINE('',#2930,#2931);
#2930 = CARTESIAN_POINT('',(21.8,-5.E-02,5.6));
#2931 = VECTOR('',#2932,1.);
#2932 = DIRECTION('',(-0.,1.,0.));
#2933 = ORIENTED_EDGE('',*,*,#2934,.T.);
#2934 = EDGE_CURVE('',#2927,#2935,#2937,.T.);
#2935 = VERTEX_POINT('',#2936);
#2936 = CARTESIAN_POINT('',(21.8,0.4,7.35));
#2937 = LINE('',#2938,#2939);
#2938 = CARTESIAN_POINT('',(21.8,0.4,5.6));
#2939 = VECTOR('',#2940,1.);
#2940 = DIRECTION('',(0.,0.,1.));
#2941 = ORIENTED_EDGE('',*,*,#2942,.F.);
#2942 = EDGE_CURVE('',#2433,#2935,#2943,.T.);
#2943 = LINE('',#2944,#2945);
#2944 = CARTESIAN_POINT('',(21.8,-5.E-02,7.35));
#2945 = VECTOR('',#2946,1.);
#2946 = DIRECTION('',(-0.,1.,0.));
#2947 = PLANE('',#2948);
#2948 = AXIS2_PLACEMENT_3D('',#2949,#2950,#2951);
#2949 = CARTESIAN_POINT('',(21.8,-5.E-02,5.6));
#2950 = DIRECTION('',(1.,0.,-0.));
#2951 = DIRECTION('',(0.,0.,1.));
#2952 = ADVANCED_FACE('',(#2953),#2964,.T.);
#2953 = FACE_BOUND('',#2954,.F.);
#2954 = EDGE_LOOP('',(#2955,#2962,#2963));
#2955 = ORIENTED_EDGE('',*,*,#2956,.F.);
#2956 = EDGE_CURVE('',#2767,#2498,#2957,.T.);
#2957 = CIRCLE('',#2958,0.3);
#2958 = AXIS2_PLACEMENT_3D('',#2959,#2960,#2961);
#2959 = CARTESIAN_POINT('',(24.2,0.3,0.3));
#2960 = DIRECTION('',(0.,-1.,0.));
#2961 = DIRECTION('',(1.,0.,0.));
#2962 = ORIENTED_EDGE('',*,*,#2798,.T.);
#2963 = ORIENTED_EDGE('',*,*,#2505,.F.);
#2964 = SPHERICAL_SURFACE('',#2965,0.3);
#2965 = AXIS2_PLACEMENT_3D('',#2966,#2967,#2968);
#2966 = CARTESIAN_POINT('',(24.2,0.3,0.3));
#2967 = DIRECTION('',(0.,0.,1.));
#2968 = DIRECTION('',(1.,0.,-0.));
#2969 = ADVANCED_FACE('',(#2970),#2988,.T.);
#2970 = FACE_BOUND('',#2971,.T.);
#2971 = EDGE_LOOP('',(#2972,#2973,#2980,#2981));
#2972 = ORIENTED_EDGE('',*,*,#2531,.F.);
#2973 = ORIENTED_EDGE('',*,*,#2974,.T.);
#2974 = EDGE_CURVE('',#2524,#2744,#2975,.T.);
#2975 = CIRCLE('',#2976,0.3);
#2976 = AXIS2_PLACEMENT_3D('',#2977,#2978,#2979);
#2977 = CARTESIAN_POINT('',(24.2,12.2,0.3));
#2978 = DIRECTION('',(0.,0.,1.));
#2979 = DIRECTION('',(1.,0.,-0.));
#2980 = ORIENTED_EDGE('',*,*,#2743,.T.);
#2981 = ORIENTED_EDGE('',*,*,#2982,.T.);
#2982 = EDGE_CURVE('',#2736,#2532,#2983,.T.);
#2983 = CIRCLE('',#2984,0.3);
#2984 = AXIS2_PLACEMENT_3D('',#2985,#2986,#2987);
#2985 = CARTESIAN_POINT('',(24.2,12.2,10.3));
#2986 = DIRECTION('',(0.,0.,-1.));
#2987 = DIRECTION('',(1.,0.,0.));
#2988 = CYLINDRICAL_SURFACE('',#2989,0.3);
#2989 = AXIS2_PLACEMENT_3D('',#2990,#2991,#2992);
#2990 = CARTESIAN_POINT('',(24.2,12.2,0.));
#2991 = DIRECTION('',(0.,0.,1.));
#2992 = DIRECTION('',(1.,0.,-0.));
#2993 = ADVANCED_FACE('',(#2994),#3006,.T.);
#2994 = FACE_BOUND('',#2995,.T.);
#2995 = EDGE_LOOP('',(#2996,#2997,#2998,#3005));
#2996 = ORIENTED_EDGE('',*,*,#2956,.F.);
#2997 = ORIENTED_EDGE('',*,*,#2774,.T.);
#2998 = ORIENTED_EDGE('',*,*,#2999,.T.);
#2999 = EDGE_CURVE('',#2775,#2524,#3000,.T.);
#3000 = CIRCLE('',#3001,0.3);
#3001 = AXIS2_PLACEMENT_3D('',#3002,#3003,#3004);
#3002 = CARTESIAN_POINT('',(24.2,12.2,0.3));
#3003 = DIRECTION('',(0.,-1.,0.));
#3004 = DIRECTION('',(1.,0.,0.));
#3005 = ORIENTED_EDGE('',*,*,#2523,.F.);
#3006 = CYLINDRICAL_SURFACE('',#3007,0.3);
#3007 = AXIS2_PLACEMENT_3D('',#3008,#3009,#3010);
#3008 = CARTESIAN_POINT('',(24.2,0.,0.3));
#3009 = DIRECTION('',(-0.,1.,0.));
#3010 = DIRECTION('',(1.,0.,-0.));
#3011 = ADVANCED_FACE('',(#3012),#3023,.T.);
#3012 = FACE_BOUND('',#3013,.T.);
#3013 = EDGE_LOOP('',(#3014,#3015,#3022));
#3014 = ORIENTED_EDGE('',*,*,#2982,.F.);
#3015 = ORIENTED_EDGE('',*,*,#3016,.T.);
#3016 = EDGE_CURVE('',#2736,#2556,#3017,.T.);
#3017 = CIRCLE('',#3018,0.3);
#3018 = AXIS2_PLACEMENT_3D('',#3019,#3020,#3021);
#3019 = CARTESIAN_POINT('',(24.2,12.2,10.3));
#3020 = DIRECTION('',(1.,0.,-6.123233995737E-17));
#3021 = DIRECTION('',(6.123233995737E-17,0.,1.));
#3022 = ORIENTED_EDGE('',*,*,#2563,.F.);
#3023 = SPHERICAL_SURFACE('',#3024,0.3);
#3024 = AXIS2_PLACEMENT_3D('',#3025,#3026,#3027);
#3025 = CARTESIAN_POINT('',(24.2,12.2,10.3));
#3026 = DIRECTION('',(0.,-1.,-0.));
#3027 = DIRECTION('',(1.,0.,0.));
#3028 = ADVANCED_FACE('',(#3029),#3035,.T.);
#3029 = FACE_BOUND('',#3030,.T.);
#3030 = EDGE_LOOP('',(#3031,#3032,#3033,#3034));
#3031 = ORIENTED_EDGE('',*,*,#2701,.T.);
#3032 = ORIENTED_EDGE('',*,*,#2605,.T.);
#3033 = ORIENTED_EDGE('',*,*,#3016,.F.);
#3034 = ORIENTED_EDGE('',*,*,#2735,.F.);
#3035 = CYLINDRICAL_SURFACE('',#3036,0.3);
#3036 = AXIS2_PLACEMENT_3D('',#3037,#3038,#3039);
#3037 = CARTESIAN_POINT('',(21.,12.2,10.3));
#3038 = DIRECTION('',(1.,0.,-0.));
#3039 = DIRECTION('',(0.,1.,0.));
#3040 = ADVANCED_FACE('',(#3041),#3052,.F.);
#3041 = FACE_BOUND('',#3042,.F.);
#3042 = EDGE_LOOP('',(#3043,#3044,#3045,#3046));
#3043 = ORIENTED_EDGE('',*,*,#2676,.F.);
#3044 = ORIENTED_EDGE('',*,*,#2589,.F.);
#3045 = ORIENTED_EDGE('',*,*,#2620,.T.);
#3046 = ORIENTED_EDGE('',*,*,#3047,.F.);
#3047 = EDGE_CURVE('',#2677,#2621,#3048,.T.);
#3048 = LINE('',#3049,#3050);
#3049 = CARTESIAN_POINT('',(21.34,9.7,8.45));
#3050 = VECTOR('',#3051,1.);
#3051 = DIRECTION('',(1.,0.,0.));
#3052 = PLANE('',#3053);
#3053 = AXIS2_PLACEMENT_3D('',#3054,#3055,#3056);
#3054 = CARTESIAN_POINT('',(21.34,9.7,10.8));
#3055 = DIRECTION('',(-0.,1.,0.));
#3056 = DIRECTION('',(0.,0.,-1.));
#3057 = ADVANCED_FACE('',(#3058),#3064,.F.);
#3058 = FACE_BOUND('',#3059,.F.);
#3059 = EDGE_LOOP('',(#3060,#3061,#3062,#3063));
#3060 = ORIENTED_EDGE('',*,*,#3047,.T.);
#3061 = ORIENTED_EDGE('',*,*,#2628,.T.);
#3062 = ORIENTED_EDGE('',*,*,#2659,.F.);
#3063 = ORIENTED_EDGE('',*,*,#2684,.F.);
#3064 = PLANE('',#3065);
#3065 = AXIS2_PLACEMENT_3D('',#3066,#3067,#3068);
#3066 = CARTESIAN_POINT('',(21.34,9.7,8.45));
#3067 = DIRECTION('',(0.,0.,-1.));
#3068 = DIRECTION('',(0.,-1.,0.));
#3069 = ADVANCED_FACE('',(#3070),#3082,.T.);
#3070 = FACE_BOUND('',#3071,.F.);
#3071 = EDGE_LOOP('',(#3072,#3073,#3074,#3081));
#3072 = ORIENTED_EDGE('',*,*,#2718,.F.);
#3073 = ORIENTED_EDGE('',*,*,#2782,.T.);
#3074 = ORIENTED_EDGE('',*,*,#3075,.T.);
#3075 = EDGE_CURVE('',#2775,#2744,#3076,.T.);
#3076 = CIRCLE('',#3077,0.3);
#3077 = AXIS2_PLACEMENT_3D('',#3078,#3079,#3080);
#3078 = CARTESIAN_POINT('',(24.2,12.2,0.3));
#3079 = DIRECTION('',(1.,-6.123233995737E-17,0.));
#3080 = DIRECTION('',(6.123233995737E-17,1.,0.));
#3081 = ORIENTED_EDGE('',*,*,#2751,.F.);
#3082 = CYLINDRICAL_SURFACE('',#3083,0.3);
#3083 = AXIS2_PLACEMENT_3D('',#3084,#3085,#3086);
#3084 = CARTESIAN_POINT('',(21.,12.2,0.3));
#3085 = DIRECTION('',(1.,0.,-0.));
#3086 = DIRECTION('',(0.,1.,0.));
#3087 = ADVANCED_FACE('',(#3088),#3093,.T.);
#3088 = FACE_BOUND('',#3089,.T.);
#3089 = EDGE_LOOP('',(#3090,#3091,#3092));
#3090 = ORIENTED_EDGE('',*,*,#2999,.F.);
#3091 = ORIENTED_EDGE('',*,*,#3075,.T.);
#3092 = ORIENTED_EDGE('',*,*,#2974,.F.);
#3093 = SPHERICAL_SURFACE('',#3094,0.3);
#3094 = AXIS2_PLACEMENT_3D('',#3095,#3096,#3097);
#3095 = CARTESIAN_POINT('',(24.2,12.2,0.3));
#3096 = DIRECTION('',(0.,0.,1.));
#3097 = DIRECTION('',(1.,0.,-0.));
#3098 = ADVANCED_FACE('',(#3099),#3142,.T.);
#3099 = FACE_BOUND('',#3100,.T.);
#3100 = EDGE_LOOP('',(#3101,#3109,#3110,#3111,#3112,#3120,#3128,#3136));
#3101 = ORIENTED_EDGE('',*,*,#3102,.T.);
#3102 = EDGE_CURVE('',#3103,#2824,#3105,.T.);
#3103 = VERTEX_POINT('',#3104);
#3104 = CARTESIAN_POINT('',(24.,0.4,5.6));
#3105 = LINE('',#3106,#3107);
#3106 = CARTESIAN_POINT('',(21.35,0.4,5.6));
#3107 = VECTOR('',#3108,1.);
#3108 = DIRECTION('',(1.,0.,-0.));
#3109 = ORIENTED_EDGE('',*,*,#2831,.F.);
#3110 = ORIENTED_EDGE('',*,*,#2407,.F.);
#3111 = ORIENTED_EDGE('',*,*,#2871,.T.);
#3112 = ORIENTED_EDGE('',*,*,#3113,.F.);
#3113 = EDGE_CURVE('',#3114,#2872,#3116,.T.);
#3114 = VERTEX_POINT('',#3115);
#3115 = CARTESIAN_POINT('',(23.55,0.4,5.6));
#3116 = LINE('',#3117,#3118);
#3117 = CARTESIAN_POINT('',(21.35,0.4,5.6));
#3118 = VECTOR('',#3119,1.);
#3119 = DIRECTION('',(1.,0.,-0.));
#3120 = ORIENTED_EDGE('',*,*,#3121,.T.);
#3121 = EDGE_CURVE('',#3114,#3122,#3124,.T.);
#3122 = VERTEX_POINT('',#3123);
#3123 = CARTESIAN_POINT('',(23.55,4.35,5.6));
#3124 = LINE('',#3125,#3126);
#3125 = CARTESIAN_POINT('',(23.55,0.4,5.6));
#3126 = VECTOR('',#3127,1.);
#3127 = DIRECTION('',(-0.,1.,0.));
#3128 = ORIENTED_EDGE('',*,*,#3129,.T.);
#3129 = EDGE_CURVE('',#3122,#3130,#3132,.T.);
#3130 = VERTEX_POINT('',#3131);
#3131 = CARTESIAN_POINT('',(24.,4.35,5.6));
#3132 = LINE('',#3133,#3134);
#3133 = CARTESIAN_POINT('',(21.5,4.35,5.6));
#3134 = VECTOR('',#3135,1.);
#3135 = DIRECTION('',(1.,0.,-0.));
#3136 = ORIENTED_EDGE('',*,*,#3137,.F.);
#3137 = EDGE_CURVE('',#3103,#3130,#3138,.T.);
#3138 = LINE('',#3139,#3140);
#3139 = CARTESIAN_POINT('',(24.,0.4,5.6));
#3140 = VECTOR('',#3141,1.);
#3141 = DIRECTION('',(-0.,1.,0.));
#3142 = PLANE('',#3143);
#3143 = AXIS2_PLACEMENT_3D('',#3144,#3145,#3146);
#3144 = CARTESIAN_POINT('',(23.796212121212,2.121212121212,5.6));
#3145 = DIRECTION('',(-0.,-0.,-1.));
#3146 = DIRECTION('',(-1.,0.,0.));
#3147 = ADVANCED_FACE('',(#3148),#3173,.F.);
#3148 = FACE_BOUND('',#3149,.F.);
#3149 = EDGE_LOOP('',(#3150,#3158,#3159,#3167));
#3150 = ORIENTED_EDGE('',*,*,#3151,.F.);
#3151 = EDGE_CURVE('',#3114,#3152,#3154,.T.);
#3152 = VERTEX_POINT('',#3153);
#3153 = CARTESIAN_POINT('',(23.55,0.4,7.35));
#3154 = LINE('',#3155,#3156);
#3155 = CARTESIAN_POINT('',(23.55,0.4,5.6));
#3156 = VECTOR('',#3157,1.);
#3157 = DIRECTION('',(0.,0.,1.));
#3158 = ORIENTED_EDGE('',*,*,#3121,.T.);
#3159 = ORIENTED_EDGE('',*,*,#3160,.T.);
#3160 = EDGE_CURVE('',#3122,#3161,#3163,.T.);
#3161 = VERTEX_POINT('',#3162);
#3162 = CARTESIAN_POINT('',(23.55,4.35,7.35));
#3163 = LINE('',#3164,#3165);
#3164 = CARTESIAN_POINT('',(23.55,4.35,5.6));
#3165 = VECTOR('',#3166,1.);
#3166 = DIRECTION('',(0.,0.,1.));
#3167 = ORIENTED_EDGE('',*,*,#3168,.F.);
#3168 = EDGE_CURVE('',#3152,#3161,#3169,.T.);
#3169 = LINE('',#3170,#3171);
#3170 = CARTESIAN_POINT('',(23.55,0.4,7.35));
#3171 = VECTOR('',#3172,1.);
#3172 = DIRECTION('',(-0.,1.,0.));
#3173 = PLANE('',#3174);
#3174 = AXIS2_PLACEMENT_3D('',#3175,#3176,#3177);
#3175 = CARTESIAN_POINT('',(23.55,0.4,5.6));
#3176 = DIRECTION('',(1.,0.,-0.));
#3177 = DIRECTION('',(0.,0.,1.));
#3178 = ADVANCED_FACE('',(#3179),#3204,.F.);
#3179 = FACE_BOUND('',#3180,.F.);
#3180 = EDGE_LOOP('',(#3181,#3189,#3197,#3203));
#3181 = ORIENTED_EDGE('',*,*,#3182,.F.);
#3182 = EDGE_CURVE('',#3183,#3103,#3185,.T.);
#3183 = VERTEX_POINT('',#3184);
#3184 = CARTESIAN_POINT('',(24.,0.4,2.1));
#3185 = LINE('',#3186,#3187);
#3186 = CARTESIAN_POINT('',(24.,0.4,2.1));
#3187 = VECTOR('',#3188,1.);
#3188 = DIRECTION('',(0.,0.,1.));
#3189 = ORIENTED_EDGE('',*,*,#3190,.T.);
#3190 = EDGE_CURVE('',#3183,#3191,#3193,.T.);
#3191 = VERTEX_POINT('',#3192);
#3192 = CARTESIAN_POINT('',(24.,4.35,2.1));
#3193 = LINE('',#3194,#3195);
#3194 = CARTESIAN_POINT('',(24.,0.4,2.1));
#3195 = VECTOR('',#3196,1.);
#3196 = DIRECTION('',(-0.,1.,0.));
#3197 = ORIENTED_EDGE('',*,*,#3198,.T.);
#3198 = EDGE_CURVE('',#3191,#3130,#3199,.T.);
#3199 = LINE('',#3200,#3201);
#3200 = CARTESIAN_POINT('',(24.,4.35,2.1));
#3201 = VECTOR('',#3202,1.);
#3202 = DIRECTION('',(0.,0.,1.));
#3203 = ORIENTED_EDGE('',*,*,#3137,.F.);
#3204 = PLANE('',#3205);
#3205 = AXIS2_PLACEMENT_3D('',#3206,#3207,#3208);
#3206 = CARTESIAN_POINT('',(24.,0.4,2.1));
#3207 = DIRECTION('',(1.,0.,-0.));
#3208 = DIRECTION('',(0.,0.,1.));
#3209 = ADVANCED_FACE('',(#3210),#3237,.F.);
#3210 = FACE_BOUND('',#3211,.F.);
#3211 = EDGE_LOOP('',(#3212,#3221,#3222,#3231));
#3212 = ORIENTED_EDGE('',*,*,#3213,.F.);
#3213 = EDGE_CURVE('',#3191,#3214,#3216,.T.);
#3214 = VERTEX_POINT('',#3215);
#3215 = CARTESIAN_POINT('',(21.5,4.35,2.1));
#3216 = CIRCLE('',#3217,1.25);
#3217 = AXIS2_PLACEMENT_3D('',#3218,#3219,#3220);
#3218 = CARTESIAN_POINT('',(22.75,4.35,2.1));
#3219 = DIRECTION('',(0.,1.,0.));
#3220 = DIRECTION('',(0.,-0.,1.));
#3221 = ORIENTED_EDGE('',*,*,#3190,.F.);
#3222 = ORIENTED_EDGE('',*,*,#3223,.T.);
#3223 = EDGE_CURVE('',#3183,#3224,#3226,.T.);
#3224 = VERTEX_POINT('',#3225);
#3225 = CARTESIAN_POINT('',(21.5,0.4,2.1));
#3226 = CIRCLE('',#3227,1.25);
#3227 = AXIS2_PLACEMENT_3D('',#3228,#3229,#3230);
#3228 = CARTESIAN_POINT('',(22.75,0.4,2.1));
#3229 = DIRECTION('',(0.,1.,0.));
#3230 = DIRECTION('',(0.,-0.,1.));
#3231 = ORIENTED_EDGE('',*,*,#3232,.T.);
#3232 = EDGE_CURVE('',#3224,#3214,#3233,.T.);
#3233 = LINE('',#3234,#3235);
#3234 = CARTESIAN_POINT('',(21.5,0.4,2.1));
#3235 = VECTOR('',#3236,1.);
#3236 = DIRECTION('',(-0.,1.,0.));
#3237 = CYLINDRICAL_SURFACE('',#3238,1.25);
#3238 = AXIS2_PLACEMENT_3D('',#3239,#3240,#3241);
#3239 = CARTESIAN_POINT('',(22.75,0.4,2.1));
#3240 = DIRECTION('',(0.,1.,0.));
#3241 = DIRECTION('',(0.,-0.,1.));
#3242 = ADVANCED_FACE('',(#3243),#3268,.T.);
#3243 = FACE_BOUND('',#3244,.T.);
#3244 = EDGE_LOOP('',(#3245,#3253,#3254,#3262));
#3245 = ORIENTED_EDGE('',*,*,#3246,.F.);
#3246 = EDGE_CURVE('',#3224,#3247,#3249,.T.);
#3247 = VERTEX_POINT('',#3248);
#3248 = CARTESIAN_POINT('',(21.5,0.4,5.6));
#3249 = LINE('',#3250,#3251);
#3250 = CARTESIAN_POINT('',(21.5,0.4,2.1));
#3251 = VECTOR('',#3252,1.);
#3252 = DIRECTION('',(0.,0.,1.));
#3253 = ORIENTED_EDGE('',*,*,#3232,.T.);
#3254 = ORIENTED_EDGE('',*,*,#3255,.T.);
#3255 = EDGE_CURVE('',#3214,#3256,#3258,.T.);
#3256 = VERTEX_POINT('',#3257);
#3257 = CARTESIAN_POINT('',(21.5,4.35,5.6));
#3258 = LINE('',#3259,#3260);
#3259 = CARTESIAN_POINT('',(21.5,4.35,2.1));
#3260 = VECTOR('',#3261,1.);
#3261 = DIRECTION('',(0.,0.,1.));
#3262 = ORIENTED_EDGE('',*,*,#3263,.F.);
#3263 = EDGE_CURVE('',#3247,#3256,#3264,.T.);
#3264 = LINE('',#3265,#3266);
#3265 = CARTESIAN_POINT('',(21.5,0.4,5.6));
#3266 = VECTOR('',#3267,1.);
#3267 = DIRECTION('',(-0.,1.,0.));
#3268 = PLANE('',#3269);
#3269 = AXIS2_PLACEMENT_3D('',#3270,#3271,#3272);
#3270 = CARTESIAN_POINT('',(21.5,0.4,2.1));
#3271 = DIRECTION('',(1.,0.,-0.));
#3272 = DIRECTION('',(0.,0.,1.));
#3273 = ADVANCED_FACE('',(#3274),#3308,.T.);
#3274 = FACE_BOUND('',#3275,.T.);
#3275 = EDGE_LOOP('',(#3276,#3282,#3283,#3291,#3299,#3305,#3306,#3307));
#3276 = ORIENTED_EDGE('',*,*,#3277,.T.);
#3277 = EDGE_CURVE('',#2904,#3247,#3278,.T.);
#3278 = LINE('',#3279,#3280);
#3279 = CARTESIAN_POINT('',(21.35,0.4,5.6));
#3280 = VECTOR('',#3281,1.);
#3281 = DIRECTION('',(1.,0.,-0.));
#3282 = ORIENTED_EDGE('',*,*,#3263,.T.);
#3283 = ORIENTED_EDGE('',*,*,#3284,.T.);
#3284 = EDGE_CURVE('',#3256,#3285,#3287,.T.);
#3285 = VERTEX_POINT('',#3286);
#3286 = CARTESIAN_POINT('',(21.95,4.35,5.6));
#3287 = LINE('',#3288,#3289);
#3288 = CARTESIAN_POINT('',(21.5,4.35,5.6));
#3289 = VECTOR('',#3290,1.);
#3290 = DIRECTION('',(1.,0.,-0.));
#3291 = ORIENTED_EDGE('',*,*,#3292,.F.);
#3292 = EDGE_CURVE('',#3293,#3285,#3295,.T.);
#3293 = VERTEX_POINT('',#3294);
#3294 = CARTESIAN_POINT('',(21.95,0.4,5.6));
#3295 = LINE('',#3296,#3297);
#3296 = CARTESIAN_POINT('',(21.95,0.4,5.6));
#3297 = VECTOR('',#3298,1.);
#3298 = DIRECTION('',(-0.,1.,0.));
#3299 = ORIENTED_EDGE('',*,*,#3300,.F.);
#3300 = EDGE_CURVE('',#2927,#3293,#3301,.T.);
#3301 = LINE('',#3302,#3303);
#3302 = CARTESIAN_POINT('',(21.35,0.4,5.6));
#3303 = VECTOR('',#3304,1.);
#3304 = DIRECTION('',(1.,0.,-0.));
#3305 = ORIENTED_EDGE('',*,*,#2926,.F.);
#3306 = ORIENTED_EDGE('',*,*,#2449,.F.);
#3307 = ORIENTED_EDGE('',*,*,#2911,.T.);
#3308 = PLANE('',#3309);
#3309 = AXIS2_PLACEMENT_3D('',#3310,#3311,#3312);
#3310 = CARTESIAN_POINT('',(21.703787878788,2.121212121212,5.6));
#3311 = DIRECTION('',(-0.,-0.,-1.));
#3312 = DIRECTION('',(-1.,0.,0.));
#3313 = ADVANCED_FACE('',(#3314),#3339,.T.);
#3314 = FACE_BOUND('',#3315,.T.);
#3315 = EDGE_LOOP('',(#3316,#3324,#3325,#3333));
#3316 = ORIENTED_EDGE('',*,*,#3317,.F.);
#3317 = EDGE_CURVE('',#3293,#3318,#3320,.T.);
#3318 = VERTEX_POINT('',#3319);
#3319 = CARTESIAN_POINT('',(21.95,0.4,7.35));
#3320 = LINE('',#3321,#3322);
#3321 = CARTESIAN_POINT('',(21.95,0.4,5.6));
#3322 = VECTOR('',#3323,1.);
#3323 = DIRECTION('',(0.,0.,1.));
#3324 = ORIENTED_EDGE('',*,*,#3292,.T.);
#3325 = ORIENTED_EDGE('',*,*,#3326,.T.);
#3326 = EDGE_CURVE('',#3285,#3327,#3329,.T.);
#3327 = VERTEX_POINT('',#3328);
#3328 = CARTESIAN_POINT('',(21.95,4.35,7.35));
#3329 = LINE('',#3330,#3331);
#3330 = CARTESIAN_POINT('',(21.95,4.35,5.6));
#3331 = VECTOR('',#3332,1.);
#3332 = DIRECTION('',(0.,0.,1.));
#3333 = ORIENTED_EDGE('',*,*,#3334,.F.);
#3334 = EDGE_CURVE('',#3318,#3327,#3335,.T.);
#3335 = LINE('',#3336,#3337);
#3336 = CARTESIAN_POINT('',(21.95,0.4,7.35));
#3337 = VECTOR('',#3338,1.);
#3338 = DIRECTION('',(-0.,1.,0.));
#3339 = PLANE('',#3340);
#3340 = AXIS2_PLACEMENT_3D('',#3341,#3342,#3343);
#3341 = CARTESIAN_POINT('',(21.95,0.4,5.6));
#3342 = DIRECTION('',(1.,0.,-0.));
#3343 = DIRECTION('',(0.,0.,1.));
#3344 = ADVANCED_FACE('',(#3345),#3355,.T.);
#3345 = FACE_BOUND('',#3346,.T.);
#3346 = EDGE_LOOP('',(#3347,#3348,#3349,#3350,#3351,#3352,#3353,#3354));
#3347 = ORIENTED_EDGE('',*,*,#2823,.T.);
#3348 = ORIENTED_EDGE('',*,*,#3102,.F.);
#3349 = ORIENTED_EDGE('',*,*,#3182,.F.);
#3350 = ORIENTED_EDGE('',*,*,#3223,.T.);
#3351 = ORIENTED_EDGE('',*,*,#3246,.T.);
#3352 = ORIENTED_EDGE('',*,*,#3277,.F.);
#3353 = ORIENTED_EDGE('',*,*,#2903,.F.);
#3354 = ORIENTED_EDGE('',*,*,#2845,.F.);
#3355 = PLANE('',#3356);
#3356 = AXIS2_PLACEMENT_3D('',#3357,#3358,#3359);
#3357 = CARTESIAN_POINT('',(22.75,0.4,2.974105664285));
#3358 = DIRECTION('',(-0.,-1.,-0.));
#3359 = DIRECTION('',(0.,0.,-1.));
#3360 = ADVANCED_FACE('',(#3361),#3401,.T.);
#3361 = FACE_BOUND('',#3362,.T.);
#3362 = EDGE_LOOP('',(#3363,#3364,#3365,#3374,#3381,#3382,#3383,#3384,
    #3393,#3400));
#3363 = ORIENTED_EDGE('',*,*,#3113,.T.);
#3364 = ORIENTED_EDGE('',*,*,#2879,.T.);
#3365 = ORIENTED_EDGE('',*,*,#3366,.F.);
#3366 = EDGE_CURVE('',#3367,#2880,#3369,.T.);
#3367 = VERTEX_POINT('',#3368);
#3368 = CARTESIAN_POINT('',(22.75,0.4,8.3));
#3369 = CIRCLE('',#3370,0.95);
#3370 = AXIS2_PLACEMENT_3D('',#3371,#3372,#3373);
#3371 = CARTESIAN_POINT('',(22.75,0.4,7.35));
#3372 = DIRECTION('',(0.,1.,0.));
#3373 = DIRECTION('',(0.,-0.,1.));
#3374 = ORIENTED_EDGE('',*,*,#3375,.F.);
#3375 = EDGE_CURVE('',#2935,#3367,#3376,.T.);
#3376 = CIRCLE('',#3377,0.95);
#3377 = AXIS2_PLACEMENT_3D('',#3378,#3379,#3380);
#3378 = CARTESIAN_POINT('',(22.75,0.4,7.35));
#3379 = DIRECTION('',(0.,1.,0.));
#3380 = DIRECTION('',(0.,-0.,1.));
#3381 = ORIENTED_EDGE('',*,*,#2934,.F.);
#3382 = ORIENTED_EDGE('',*,*,#3300,.T.);
#3383 = ORIENTED_EDGE('',*,*,#3317,.T.);
#3384 = ORIENTED_EDGE('',*,*,#3385,.T.);
#3385 = EDGE_CURVE('',#3318,#3386,#3388,.T.);
#3386 = VERTEX_POINT('',#3387);
#3387 = CARTESIAN_POINT('',(22.75,0.4,8.15));
#3388 = CIRCLE('',#3389,0.8);
#3389 = AXIS2_PLACEMENT_3D('',#3390,#3391,#3392);
#3390 = CARTESIAN_POINT('',(22.75,0.4,7.35));
#3391 = DIRECTION('',(0.,1.,0.));
#3392 = DIRECTION('',(0.,-0.,1.));
#3393 = ORIENTED_EDGE('',*,*,#3394,.T.);
#3394 = EDGE_CURVE('',#3386,#3152,#3395,.T.);
#3395 = CIRCLE('',#3396,0.8);
#3396 = AXIS2_PLACEMENT_3D('',#3397,#3398,#3399);
#3397 = CARTESIAN_POINT('',(22.75,0.4,7.35));
#3398 = DIRECTION('',(0.,1.,0.));
#3399 = DIRECTION('',(0.,-0.,1.));
#3400 = ORIENTED_EDGE('',*,*,#3151,.F.);
#3401 = PLANE('',#3402);
#3402 = AXIS2_PLACEMENT_3D('',#3403,#3404,#3405);
#3403 = CARTESIAN_POINT('',(22.75,0.4,7.061813018945));
#3404 = DIRECTION('',(-0.,-1.,-0.));
#3405 = DIRECTION('',(0.,0.,-1.));
#3406 = ADVANCED_FACE('',(#3407),#3432,.T.);
#3407 = FACE_BOUND('',#3408,.T.);
#3408 = EDGE_LOOP('',(#3409,#3410,#3411,#3412,#3421,#3428,#3429,#3430,
    #3431));
#3409 = ORIENTED_EDGE('',*,*,#3198,.T.);
#3410 = ORIENTED_EDGE('',*,*,#3129,.F.);
#3411 = ORIENTED_EDGE('',*,*,#3160,.T.);
#3412 = ORIENTED_EDGE('',*,*,#3413,.F.);
#3413 = EDGE_CURVE('',#3414,#3161,#3416,.T.);
#3414 = VERTEX_POINT('',#3415);
#3415 = CARTESIAN_POINT('',(22.75,4.35,8.15));
#3416 = CIRCLE('',#3417,0.8);
#3417 = AXIS2_PLACEMENT_3D('',#3418,#3419,#3420);
#3418 = CARTESIAN_POINT('',(22.75,4.35,7.35));
#3419 = DIRECTION('',(0.,1.,0.));
#3420 = DIRECTION('',(0.,-0.,1.));
#3421 = ORIENTED_EDGE('',*,*,#3422,.F.);
#3422 = EDGE_CURVE('',#3327,#3414,#3423,.T.);
#3423 = CIRCLE('',#3424,0.8);
#3424 = AXIS2_PLACEMENT_3D('',#3425,#3426,#3427);
#3425 = CARTESIAN_POINT('',(22.75,4.35,7.35));
#3426 = DIRECTION('',(0.,1.,0.));
#3427 = DIRECTION('',(0.,-0.,1.));
#3428 = ORIENTED_EDGE('',*,*,#3326,.F.);
#3429 = ORIENTED_EDGE('',*,*,#3284,.F.);
#3430 = ORIENTED_EDGE('',*,*,#3255,.F.);
#3431 = ORIENTED_EDGE('',*,*,#3213,.F.);
#3432 = PLANE('',#3433);
#3433 = AXIS2_PLACEMENT_3D('',#3434,#3435,#3436);
#3434 = CARTESIAN_POINT('',(22.75,4.35,4.497949762039));
#3435 = DIRECTION('',(-0.,-1.,-0.));
#3436 = DIRECTION('',(0.,0.,-1.));
#3437 = ADVANCED_FACE('',(#3438),#3446,.F.);
#3438 = FACE_BOUND('',#3439,.F.);
#3439 = EDGE_LOOP('',(#3440,#3441,#3442,#3443,#3444,#3445));
#3440 = ORIENTED_EDGE('',*,*,#2942,.F.);
#3441 = ORIENTED_EDGE('',*,*,#2432,.T.);
#3442 = ORIENTED_EDGE('',*,*,#2423,.T.);
#3443 = ORIENTED_EDGE('',*,*,#2887,.T.);
#3444 = ORIENTED_EDGE('',*,*,#3366,.F.);
#3445 = ORIENTED_EDGE('',*,*,#3375,.F.);
#3446 = CYLINDRICAL_SURFACE('',#3447,0.95);
#3447 = AXIS2_PLACEMENT_3D('',#3448,#3449,#3450);
#3448 = CARTESIAN_POINT('',(22.75,-5.E-02,7.35));
#3449 = DIRECTION('',(0.,1.,0.));
#3450 = DIRECTION('',(0.,-0.,1.));
#3451 = ADVANCED_FACE('',(#3452),#3460,.F.);
#3452 = FACE_BOUND('',#3453,.F.);
#3453 = EDGE_LOOP('',(#3454,#3455,#3456,#3457,#3458,#3459));
#3454 = ORIENTED_EDGE('',*,*,#3168,.T.);
#3455 = ORIENTED_EDGE('',*,*,#3413,.F.);
#3456 = ORIENTED_EDGE('',*,*,#3422,.F.);
#3457 = ORIENTED_EDGE('',*,*,#3334,.F.);
#3458 = ORIENTED_EDGE('',*,*,#3385,.T.);
#3459 = ORIENTED_EDGE('',*,*,#3394,.T.);
#3460 = CYLINDRICAL_SURFACE('',#3461,0.8);
#3461 = AXIS2_PLACEMENT_3D('',#3462,#3463,#3464);
#3462 = CARTESIAN_POINT('',(22.75,0.4,7.35));
#3463 = DIRECTION('',(0.,1.,0.));
#3464 = DIRECTION('',(0.,-0.,1.));
#3465 = ( GEOMETRIC_REPRESENTATION_CONTEXT(3)
GLOBAL_UNCERTAINTY_ASSIGNED_CONTEXT((#3469))
GLOBAL_UNIT_ASSIGNED_CONTEXT((#3466,#3467,#3468)) REPRESENTATION_CONTEXT
('Context #1','3D Context with UNIT and UNCERTAINTY') );
#3466 = ( LENGTH_UNIT() NAMED_UNIT(*) SI_UNIT(.MILLI.,.METRE.) );
#3467 = ( NAMED_UNIT(*) PLANE_ANGLE_UNIT() SI_UNIT($,.RADIAN.) );
#3468 = ( NAMED_UNIT(*) SI_UNIT($,.STERADIAN.) SOLID_ANGLE_UNIT() );
#3469 = UNCERTAINTY_MEASURE_WITH_UNIT(LENGTH_MEASURE(1.E-07),#3466,
  'distance_accuracy_value','confusion accuracy');
#3470 = CONTEXT_DEPENDENT_SHAPE_REPRESENTATION(#3471,#3473);
#3471 = ( REPRESENTATION_RELATIONSHIP('','',#2109,#10)
REPRESENTATION_RELATIONSHIP_WITH_TRANSFORMATION(#3472)
SHAPE_REPRESENTATION_RELATIONSHIP() );
#3472 = ITEM_DEFINED_TRANSFORMATION('','',#11,#31);
#3473 = PRODUCT_DEFINITION_SHAPE('Placement','Placement of an item',
  #3474);
#3474 = NEXT_ASSEMBLY_USAGE_OCCURRENCE('5','Housing P2','',#5,#2104,$);
#3475 = PRODUCT_RELATED_PRODUCT_CATEGORY('part',$,(#2106));
#3476 = SHAPE_DEFINITION_REPRESENTATION(#3477,#3483);
#3477 = PRODUCT_DEFINITION_SHAPE('','',#3478);
#3478 = PRODUCT_DEFINITION('design','',#3479,#3482);
#3479 = PRODUCT_DEFINITION_FORMATION('','',#3480);
#3480 = PRODUCT('Actuator P2','Actuator P2','',(#3481));
#3481 = PRODUCT_CONTEXT('',#2,'mechanical');
#3482 = PRODUCT_DEFINITION_CONTEXT('part definition',#2,'design');
#3483 = ADVANCED_BREP_SHAPE_REPRESENTATION('',(#11,#3484),#3702);
#3484 = MANIFOLD_SOLID_BREP('',#3485);
#3485 = CLOSED_SHELL('',(#3486,#3526,#3557,#3588,#3619,#3652,#3674,#3688
    ));
#3486 = ADVANCED_FACE('',(#3487),#3521,.T.);
#3487 = FACE_BOUND('',#3488,.T.);
#3488 = EDGE_LOOP('',(#3489,#3499,#3507,#3515));
#3489 = ORIENTED_EDGE('',*,*,#3490,.T.);
#3490 = EDGE_CURVE('',#3491,#3493,#3495,.T.);
#3491 = VERTEX_POINT('',#3492);
#3492 = CARTESIAN_POINT('',(21.4,-0.35,10.6));
#3493 = VERTEX_POINT('',#3494);
#3494 = CARTESIAN_POINT('',(24.1,-0.35,10.6));
#3495 = LINE('',#3496,#3497);
#3496 = CARTESIAN_POINT('',(21.4,-0.35,10.6));
#3497 = VECTOR('',#3498,1.);
#3498 = DIRECTION('',(1.,0.,0.));
#3499 = ORIENTED_EDGE('',*,*,#3500,.T.);
#3500 = EDGE_CURVE('',#3493,#3501,#3503,.T.);
#3501 = VERTEX_POINT('',#3502);
#3502 = CARTESIAN_POINT('',(24.1,9.45,10.6));
#3503 = LINE('',#3504,#3505);
#3504 = CARTESIAN_POINT('',(24.1,-0.35,10.6));
#3505 = VECTOR('',#3506,1.);
#3506 = DIRECTION('',(0.,1.,0.));
#3507 = ORIENTED_EDGE('',*,*,#3508,.F.);
#3508 = EDGE_CURVE('',#3509,#3501,#3511,.T.);
#3509 = VERTEX_POINT('',#3510);
#3510 = CARTESIAN_POINT('',(21.4,9.45,10.6));
#3511 = LINE('',#3512,#3513);
#3512 = CARTESIAN_POINT('',(21.4,9.45,10.6));
#3513 = VECTOR('',#3514,1.);
#3514 = DIRECTION('',(1.,0.,0.));
#3515 = ORIENTED_EDGE('',*,*,#3516,.F.);
#3516 = EDGE_CURVE('',#3491,#3509,#3517,.T.);
#3517 = LINE('',#3518,#3519);
#3518 = CARTESIAN_POINT('',(21.4,-0.35,10.6));
#3519 = VECTOR('',#3520,1.);
#3520 = DIRECTION('',(0.,1.,0.));
#3521 = PLANE('',#3522);
#3522 = AXIS2_PLACEMENT_3D('',#3523,#3524,#3525);
#3523 = CARTESIAN_POINT('',(21.4,-0.35,10.6));
#3524 = DIRECTION('',(0.,0.,1.));
#3525 = DIRECTION('',(0.,1.,0.));
#3526 = ADVANCED_FACE('',(#3527),#3552,.T.);
#3527 = FACE_BOUND('',#3528,.T.);
#3528 = EDGE_LOOP('',(#3529,#3539,#3545,#3546));
#3529 = ORIENTED_EDGE('',*,*,#3530,.T.);
#3530 = EDGE_CURVE('',#3531,#3533,#3535,.T.);
#3531 = VERTEX_POINT('',#3532);
#3532 = CARTESIAN_POINT('',(21.4,1.25,8.6));
#3533 = VERTEX_POINT('',#3534);
#3534 = CARTESIAN_POINT('',(24.1,1.25,8.6));
#3535 = LINE('',#3536,#3537);
#3536 = CARTESIAN_POINT('',(21.4,1.25,8.6));
#3537 = VECTOR('',#3538,1.);
#3538 = DIRECTION('',(1.,0.,0.));
#3539 = ORIENTED_EDGE('',*,*,#3540,.T.);
#3540 = EDGE_CURVE('',#3533,#3493,#3541,.T.);
#3541 = LINE('',#3542,#3543);
#3542 = CARTESIAN_POINT('',(24.1,1.25,8.6));
#3543 = VECTOR('',#3544,1.);
#3544 = DIRECTION('',(0.,-0.624695047554,0.780868809443));
#3545 = ORIENTED_EDGE('',*,*,#3490,.F.);
#3546 = ORIENTED_EDGE('',*,*,#3547,.F.);
#3547 = EDGE_CURVE('',#3531,#3491,#3548,.T.);
#3548 = LINE('',#3549,#3550);
#3549 = CARTESIAN_POINT('',(21.4,1.25,8.6));
#3550 = VECTOR('',#3551,1.);
#3551 = DIRECTION('',(0.,-0.624695047554,0.780868809443));
#3552 = PLANE('',#3553);
#3553 = AXIS2_PLACEMENT_3D('',#3554,#3555,#3556);
#3554 = CARTESIAN_POINT('',(21.4,1.25,8.6));
#3555 = DIRECTION('',(0.,-0.780868809443,-0.624695047554));
#3556 = DIRECTION('',(0.,-0.624695047554,0.780868809443));
#3557 = ADVANCED_FACE('',(#3558),#3583,.T.);
#3558 = FACE_BOUND('',#3559,.T.);
#3559 = EDGE_LOOP('',(#3560,#3568,#3569,#3577));
#3560 = ORIENTED_EDGE('',*,*,#3561,.F.);
#3561 = EDGE_CURVE('',#3509,#3562,#3564,.T.);
#3562 = VERTEX_POINT('',#3563);
#3563 = CARTESIAN_POINT('',(21.4,9.45,9.565923489271));
#3564 = LINE('',#3565,#3566);
#3565 = CARTESIAN_POINT('',(21.4,9.45,10.6));
#3566 = VECTOR('',#3567,1.);
#3567 = DIRECTION('',(0.,0.,-1.));
#3568 = ORIENTED_EDGE('',*,*,#3508,.T.);
#3569 = ORIENTED_EDGE('',*,*,#3570,.T.);
#3570 = EDGE_CURVE('',#3501,#3571,#3573,.T.);
#3571 = VERTEX_POINT('',#3572);
#3572 = CARTESIAN_POINT('',(24.1,9.45,9.565923489271));
#3573 = LINE('',#3574,#3575);
#3574 = CARTESIAN_POINT('',(24.1,9.45,10.6));
#3575 = VECTOR('',#3576,1.);
#3576 = DIRECTION('',(0.,0.,-1.));
#3577 = ORIENTED_EDGE('',*,*,#3578,.F.);
#3578 = EDGE_CURVE('',#3562,#3571,#3579,.T.);
#3579 = LINE('',#3580,#3581);
#3580 = CARTESIAN_POINT('',(21.4,9.45,9.565923489271));
#3581 = VECTOR('',#3582,1.);
#3582 = DIRECTION('',(1.,0.,0.));
#3583 = PLANE('',#3584);
#3584 = AXIS2_PLACEMENT_3D('',#3585,#3586,#3587);
#3585 = CARTESIAN_POINT('',(21.4,9.45,10.6));
#3586 = DIRECTION('',(-0.,1.,0.));
#3587 = DIRECTION('',(0.,0.,-1.));
#3588 = ADVANCED_FACE('',(#3589),#3614,.T.);
#3589 = FACE_BOUND('',#3590,.T.);
#3590 = EDGE_LOOP('',(#3591,#3601,#3607,#3608));
#3591 = ORIENTED_EDGE('',*,*,#3592,.T.);
#3592 = EDGE_CURVE('',#3593,#3595,#3597,.T.);
#3593 = VERTEX_POINT('',#3594);
#3594 = CARTESIAN_POINT('',(21.4,9.45,8.6));
#3595 = VERTEX_POINT('',#3596);
#3596 = CARTESIAN_POINT('',(24.1,9.45,8.6));
#3597 = LINE('',#3598,#3599);
#3598 = CARTESIAN_POINT('',(21.4,9.45,8.6));
#3599 = VECTOR('',#3600,1.);
#3600 = DIRECTION('',(1.,0.,0.));
#3601 = ORIENTED_EDGE('',*,*,#3602,.T.);
#3602 = EDGE_CURVE('',#3595,#3533,#3603,.T.);
#3603 = LINE('',#3604,#3605);
#3604 = CARTESIAN_POINT('',(24.1,9.45,8.6));
#3605 = VECTOR('',#3606,1.);
#3606 = DIRECTION('',(0.,-1.,0.));
#3607 = ORIENTED_EDGE('',*,*,#3530,.F.);
#3608 = ORIENTED_EDGE('',*,*,#3609,.F.);
#3609 = EDGE_CURVE('',#3593,#3531,#3610,.T.);
#3610 = LINE('',#3611,#3612);
#3611 = CARTESIAN_POINT('',(21.4,9.45,8.6));
#3612 = VECTOR('',#3613,1.);
#3613 = DIRECTION('',(0.,-1.,0.));
#3614 = PLANE('',#3615);
#3615 = AXIS2_PLACEMENT_3D('',#3616,#3617,#3618);
#3616 = CARTESIAN_POINT('',(21.4,9.45,8.6));
#3617 = DIRECTION('',(0.,0.,-1.));
#3618 = DIRECTION('',(0.,-1.,0.));
#3619 = ADVANCED_FACE('',(#3620),#3647,.T.);
#3620 = FACE_BOUND('',#3621,.T.);
#3621 = EDGE_LOOP('',(#3622,#3631,#3639,#3646));
#3622 = ORIENTED_EDGE('',*,*,#3623,.F.);
#3623 = EDGE_CURVE('',#3624,#3571,#3626,.T.);
#3624 = VERTEX_POINT('',#3625);
#3625 = CARTESIAN_POINT('',(24.1,9.45,8.834076510729));
#3626 = CIRCLE('',#3627,0.58);
#3627 = AXIS2_PLACEMENT_3D('',#3628,#3629,#3630);
#3628 = CARTESIAN_POINT('',(24.1,9.,9.2));
#3629 = DIRECTION('',(1.,0.,0.));
#3630 = DIRECTION('',(-0.,0.,1.));
#3631 = ORIENTED_EDGE('',*,*,#3632,.F.);
#3632 = EDGE_CURVE('',#3633,#3624,#3635,.T.);
#3633 = VERTEX_POINT('',#3634);
#3634 = CARTESIAN_POINT('',(21.4,9.45,8.834076510729));
#3635 = LINE('',#3636,#3637);
#3636 = CARTESIAN_POINT('',(21.4,9.45,8.834076510729));
#3637 = VECTOR('',#3638,1.);
#3638 = DIRECTION('',(1.,0.,0.));
#3639 = ORIENTED_EDGE('',*,*,#3640,.T.);
#3640 = EDGE_CURVE('',#3633,#3562,#3641,.T.);
#3641 = CIRCLE('',#3642,0.58);
#3642 = AXIS2_PLACEMENT_3D('',#3643,#3644,#3645);
#3643 = CARTESIAN_POINT('',(21.4,9.,9.2));
#3644 = DIRECTION('',(1.,0.,0.));
#3645 = DIRECTION('',(-0.,0.,1.));
#3646 = ORIENTED_EDGE('',*,*,#3578,.T.);
#3647 = CYLINDRICAL_SURFACE('',#3648,0.58);
#3648 = AXIS2_PLACEMENT_3D('',#3649,#3650,#3651);
#3649 = CARTESIAN_POINT('',(21.4,9.,9.2));
#3650 = DIRECTION('',(1.,0.,0.));
#3651 = DIRECTION('',(-0.,0.,1.));
#3652 = ADVANCED_FACE('',(#3653),#3669,.T.);
#3653 = FACE_BOUND('',#3654,.T.);
#3654 = EDGE_LOOP('',(#3655,#3661,#3662,#3668));
#3655 = ORIENTED_EDGE('',*,*,#3656,.F.);
#3656 = EDGE_CURVE('',#3633,#3593,#3657,.T.);
#3657 = LINE('',#3658,#3659);
#3658 = CARTESIAN_POINT('',(21.4,9.45,10.6));
#3659 = VECTOR('',#3660,1.);
#3660 = DIRECTION('',(0.,0.,-1.));
#3661 = ORIENTED_EDGE('',*,*,#3632,.T.);
#3662 = ORIENTED_EDGE('',*,*,#3663,.T.);
#3663 = EDGE_CURVE('',#3624,#3595,#3664,.T.);
#3664 = LINE('',#3665,#3666);
#3665 = CARTESIAN_POINT('',(24.1,9.45,10.6));
#3666 = VECTOR('',#3667,1.);
#3667 = DIRECTION('',(0.,0.,-1.));
#3668 = ORIENTED_EDGE('',*,*,#3592,.F.);
#3669 = PLANE('',#3670);
#3670 = AXIS2_PLACEMENT_3D('',#3671,#3672,#3673);
#3671 = CARTESIAN_POINT('',(21.4,9.45,10.6));
#3672 = DIRECTION('',(-0.,1.,0.));
#3673 = DIRECTION('',(0.,0.,-1.));
#3674 = ADVANCED_FACE('',(#3675),#3683,.T.);
#3675 = FACE_BOUND('',#3676,.T.);
#3676 = EDGE_LOOP('',(#3677,#3678,#3679,#3680,#3681,#3682));
#3677 = ORIENTED_EDGE('',*,*,#3547,.T.);
#3678 = ORIENTED_EDGE('',*,*,#3516,.T.);
#3679 = ORIENTED_EDGE('',*,*,#3561,.T.);
#3680 = ORIENTED_EDGE('',*,*,#3640,.F.);
#3681 = ORIENTED_EDGE('',*,*,#3656,.T.);
#3682 = ORIENTED_EDGE('',*,*,#3609,.T.);
#3683 = PLANE('',#3684);
#3684 = AXIS2_PLACEMENT_3D('',#3685,#3686,#3687);
#3685 = CARTESIAN_POINT('',(21.4,4.823284092834,9.669808456553));
#3686 = DIRECTION('',(-1.,-0.,-0.));
#3687 = DIRECTION('',(0.,0.,-1.));
#3688 = ADVANCED_FACE('',(#3689),#3697,.T.);
#3689 = FACE_BOUND('',#3690,.T.);
#3690 = EDGE_LOOP('',(#3691,#3692,#3693,#3694,#3695,#3696));
#3691 = ORIENTED_EDGE('',*,*,#3540,.F.);
#3692 = ORIENTED_EDGE('',*,*,#3602,.F.);
#3693 = ORIENTED_EDGE('',*,*,#3663,.F.);
#3694 = ORIENTED_EDGE('',*,*,#3623,.T.);
#3695 = ORIENTED_EDGE('',*,*,#3570,.F.);
#3696 = ORIENTED_EDGE('',*,*,#3500,.F.);
#3697 = PLANE('',#3698);
#3698 = AXIS2_PLACEMENT_3D('',#3699,#3700,#3701);
#3699 = CARTESIAN_POINT('',(24.1,4.823284092834,9.669808456553));
#3700 = DIRECTION('',(1.,0.,0.));
#3701 = DIRECTION('',(-0.,0.,1.));
#3702 = ( GEOMETRIC_REPRESENTATION_CONTEXT(3)
GLOBAL_UNCERTAINTY_ASSIGNED_CONTEXT((#3706))
GLOBAL_UNIT_ASSIGNED_CONTEXT((#3703,#3704,#3705)) REPRESENTATION_CONTEXT
('Context #1','3D Context with UNIT and UNCERTAINTY') );
#3703 = ( LENGTH_UNIT() NAMED_UNIT(*) SI_UNIT(.MILLI.,.METRE.) );
#3704 = ( NAMED_UNIT(*) PLANE_ANGLE_UNIT() SI_UNIT($,.RADIAN.) );
#3705 = ( NAMED_UNIT(*) SI_UNIT($,.STERADIAN.) SOLID_ANGLE_UNIT() );
#3706 = UNCERTAINTY_MEASURE_WITH_UNIT(LENGTH_MEASURE(1.E-07),#3703,
  'distance_accuracy_value','confusion accuracy');
#3707 = CONTEXT_DEPENDENT_SHAPE_REPRESENTATION(#3708,#3710);
#3708 = ( REPRESENTATION_RELATIONSHIP('','',#3483,#10)
REPRESENTATION_RELATIONSHIP_WITH_TRANSFORMATION(#3709)
SHAPE_REPRESENTATION_RELATIONSHIP() );
#3709 = ITEM_DEFINED_TRANSFORMATION('','',#11,#35);
#3710 = PRODUCT_DEFINITION_SHAPE('Placement','Placement of an item',
  #3711);
#3711 = NEXT_ASSEMBLY_USAGE_OCCURRENCE('6','Actuator P2','',#5,#3478,$);
#3712 = PRODUCT_RELATED_PRODUCT_CATEGORY('part',$,(#3480));
#3713 = SHAPE_DEFINITION_REPRESENTATION(#3714,#3720);
#3714 = PRODUCT_DEFINITION_SHAPE('','',#3715);
#3715 = PRODUCT_DEFINITION('design','',#3716,#3719);
#3716 = PRODUCT_DEFINITION_FORMATION('','',#3717);
#3717 = PRODUCT('Terminal Pin P2 A','Terminal Pin P2 A','',(#3718));
#3718 = PRODUCT_CONTEXT('',#2,'mechanical');
#3719 = PRODUCT_DEFINITION_CONTEXT('part definition',#2,'design');
#3720 = ADVANCED_BREP_SHAPE_REPRESENTATION('',(#11,#3721),#3871);
#3721 = MANIFOLD_SOLID_BREP('',#3722);
#3722 = CLOSED_SHELL('',(#3723,#3763,#3803,#3825,#3847,#3859));
#3723 = ADVANCED_FACE('',(#3724),#3758,.F.);
#3724 = FACE_BOUND('',#3725,.F.);
#3725 = EDGE_LOOP('',(#3726,#3736,#3744,#3752));
#3726 = ORIENTED_EDGE('',*,*,#3727,.F.);
#3727 = EDGE_CURVE('',#3728,#3730,#3732,.T.);
#3728 = VERTEX_POINT('',#3729);
#3729 = CARTESIAN_POINT('',(22.85,4.35,-3.5));
#3730 = VERTEX_POINT('',#3731);
#3731 = CARTESIAN_POINT('',(22.85,4.35,0.));
#3732 = LINE('',#3733,#3734);
#3733 = CARTESIAN_POINT('',(22.85,4.35,-3.5));
#3734 = VECTOR('',#3735,1.);
#3735 = DIRECTION('',(0.,0.,1.));
#3736 = ORIENTED_EDGE('',*,*,#3737,.T.);
#3737 = EDGE_CURVE('',#3728,#3738,#3740,.T.);
#3738 = VERTEX_POINT('',#3739);
#3739 = CARTESIAN_POINT('',(22.85,4.85,-3.5));
#3740 = LINE('',#3741,#3742);
#3741 = CARTESIAN_POINT('',(22.85,4.35,-3.5));
#3742 = VECTOR('',#3743,1.);
#3743 = DIRECTION('',(-0.,1.,0.));
#3744 = ORIENTED_EDGE('',*,*,#3745,.T.);
#3745 = EDGE_CURVE('',#3738,#3746,#3748,.T.);
#3746 = VERTEX_POINT('',#3747);
#3747 = CARTESIAN_POINT('',(22.85,4.85,0.));
#3748 = LINE('',#3749,#3750);
#3749 = CARTESIAN_POINT('',(22.85,4.85,-3.5));
#3750 = VECTOR('',#3751,1.);
#3751 = DIRECTION('',(0.,0.,1.));
#3752 = ORIENTED_EDGE('',*,*,#3753,.F.);
#3753 = EDGE_CURVE('',#3730,#3746,#3754,.T.);
#3754 = LINE('',#3755,#3756);
#3755 = CARTESIAN_POINT('',(22.85,4.35,0.));
#3756 = VECTOR('',#3757,1.);
#3757 = DIRECTION('',(-0.,1.,0.));
#3758 = PLANE('',#3759);
#3759 = AXIS2_PLACEMENT_3D('',#3760,#3761,#3762);
#3760 = CARTESIAN_POINT('',(22.85,4.35,-3.5));
#3761 = DIRECTION('',(1.,0.,-0.));
#3762 = DIRECTION('',(0.,0.,1.));
#3763 = ADVANCED_FACE('',(#3764),#3798,.T.);
#3764 = FACE_BOUND('',#3765,.T.);
#3765 = EDGE_LOOP('',(#3766,#3776,#3784,#3792));
#3766 = ORIENTED_EDGE('',*,*,#3767,.F.);
#3767 = EDGE_CURVE('',#3768,#3770,#3772,.T.);
#3768 = VERTEX_POINT('',#3769);
#3769 = CARTESIAN_POINT('',(23.65,4.35,-3.5));
#3770 = VERTEX_POINT('',#3771);
#3771 = CARTESIAN_POINT('',(23.65,4.35,0.));
#3772 = LINE('',#3773,#3774);
#3773 = CARTESIAN_POINT('',(23.65,4.35,-3.5));
#3774 = VECTOR('',#3775,1.);
#3775 = DIRECTION('',(0.,0.,1.));
#3776 = ORIENTED_EDGE('',*,*,#3777,.T.);
#3777 = EDGE_CURVE('',#3768,#3778,#3780,.T.);
#3778 = VERTEX_POINT('',#3779);
#3779 = CARTESIAN_POINT('',(23.65,4.85,-3.5));
#3780 = LINE('',#3781,#3782);
#3781 = CARTESIAN_POINT('',(23.65,4.35,-3.5));
#3782 = VECTOR('',#3783,1.);
#3783 = DIRECTION('',(-0.,1.,0.));
#3784 = ORIENTED_EDGE('',*,*,#3785,.T.);
#3785 = EDGE_CURVE('',#3778,#3786,#3788,.T.);
#3786 = VERTEX_POINT('',#3787);
#3787 = CARTESIAN_POINT('',(23.65,4.85,0.));
#3788 = LINE('',#3789,#3790);
#3789 = CARTESIAN_POINT('',(23.65,4.85,-3.5));
#3790 = VECTOR('',#3791,1.);
#3791 = DIRECTION('',(0.,0.,1.));
#3792 = ORIENTED_EDGE('',*,*,#3793,.F.);
#3793 = EDGE_CURVE('',#3770,#3786,#3794,.T.);
#3794 = LINE('',#3795,#3796);
#3795 = CARTESIAN_POINT('',(23.65,4.35,0.));
#3796 = VECTOR('',#3797,1.);
#3797 = DIRECTION('',(-0.,1.,0.));
#3798 = PLANE('',#3799);
#3799 = AXIS2_PLACEMENT_3D('',#3800,#3801,#3802);
#3800 = CARTESIAN_POINT('',(23.65,4.35,-3.5));
#3801 = DIRECTION('',(1.,0.,-0.));
#3802 = DIRECTION('',(0.,0.,1.));
#3803 = ADVANCED_FACE('',(#3804),#3820,.F.);
#3804 = FACE_BOUND('',#3805,.F.);
#3805 = EDGE_LOOP('',(#3806,#3812,#3813,#3819));
#3806 = ORIENTED_EDGE('',*,*,#3807,.F.);
#3807 = EDGE_CURVE('',#3728,#3768,#3808,.T.);
#3808 = LINE('',#3809,#3810);
#3809 = CARTESIAN_POINT('',(22.85,4.35,-3.5));
#3810 = VECTOR('',#3811,1.);
#3811 = DIRECTION('',(1.,0.,-0.));
#3812 = ORIENTED_EDGE('',*,*,#3727,.T.);
#3813 = ORIENTED_EDGE('',*,*,#3814,.T.);
#3814 = EDGE_CURVE('',#3730,#3770,#3815,.T.);
#3815 = LINE('',#3816,#3817);
#3816 = CARTESIAN_POINT('',(22.85,4.35,0.));
#3817 = VECTOR('',#3818,1.);
#3818 = DIRECTION('',(1.,0.,-0.));
#3819 = ORIENTED_EDGE('',*,*,#3767,.F.);
#3820 = PLANE('',#3821);
#3821 = AXIS2_PLACEMENT_3D('',#3822,#3823,#3824);
#3822 = CARTESIAN_POINT('',(22.85,4.35,-3.5));
#3823 = DIRECTION('',(-0.,1.,0.));
#3824 = DIRECTION('',(0.,0.,1.));
#3825 = ADVANCED_FACE('',(#3826),#3842,.T.);
#3826 = FACE_BOUND('',#3827,.T.);
#3827 = EDGE_LOOP('',(#3828,#3834,#3835,#3841));
#3828 = ORIENTED_EDGE('',*,*,#3829,.F.);
#3829 = EDGE_CURVE('',#3738,#3778,#3830,.T.);
#3830 = LINE('',#3831,#3832);
#3831 = CARTESIAN_POINT('',(22.85,4.85,-3.5));
#3832 = VECTOR('',#3833,1.);
#3833 = DIRECTION('',(1.,0.,-0.));
#3834 = ORIENTED_EDGE('',*,*,#3745,.T.);
#3835 = ORIENTED_EDGE('',*,*,#3836,.T.);
#3836 = EDGE_CURVE('',#3746,#3786,#3837,.T.);
#3837 = LINE('',#3838,#3839);
#3838 = CARTESIAN_POINT('',(22.85,4.85,0.));
#3839 = VECTOR('',#3840,1.);
#3840 = DIRECTION('',(1.,0.,-0.));
#3841 = ORIENTED_EDGE('',*,*,#3785,.F.);
#3842 = PLANE('',#3843);
#3843 = AXIS2_PLACEMENT_3D('',#3844,#3845,#3846);
#3844 = CARTESIAN_POINT('',(22.85,4.85,-3.5));
#3845 = DIRECTION('',(-0.,1.,0.));
#3846 = DIRECTION('',(0.,0.,1.));
#3847 = ADVANCED_FACE('',(#3848),#3854,.F.);
#3848 = FACE_BOUND('',#3849,.F.);
#3849 = EDGE_LOOP('',(#3850,#3851,#3852,#3853));
#3850 = ORIENTED_EDGE('',*,*,#3737,.F.);
#3851 = ORIENTED_EDGE('',*,*,#3807,.T.);
#3852 = ORIENTED_EDGE('',*,*,#3777,.T.);
#3853 = ORIENTED_EDGE('',*,*,#3829,.F.);
#3854 = PLANE('',#3855);
#3855 = AXIS2_PLACEMENT_3D('',#3856,#3857,#3858);
#3856 = CARTESIAN_POINT('',(22.85,4.35,-3.5));
#3857 = DIRECTION('',(0.,0.,1.));
#3858 = DIRECTION('',(1.,0.,-0.));
#3859 = ADVANCED_FACE('',(#3860),#3866,.T.);
#3860 = FACE_BOUND('',#3861,.T.);
#3861 = EDGE_LOOP('',(#3862,#3863,#3864,#3865));
#3862 = ORIENTED_EDGE('',*,*,#3753,.F.);
#3863 = ORIENTED_EDGE('',*,*,#3814,.T.);
#3864 = ORIENTED_EDGE('',*,*,#3793,.T.);
#3865 = ORIENTED_EDGE('',*,*,#3836,.F.);
#3866 = PLANE('',#3867);
#3867 = AXIS2_PLACEMENT_3D('',#3868,#3869,#3870);
#3868 = CARTESIAN_POINT('',(22.85,4.35,0.));
#3869 = DIRECTION('',(0.,0.,1.));
#3870 = DIRECTION('',(1.,0.,-0.));
#3871 = ( GEOMETRIC_REPRESENTATION_CONTEXT(3)
GLOBAL_UNCERTAINTY_ASSIGNED_CONTEXT((#3875))
GLOBAL_UNIT_ASSIGNED_CONTEXT((#3872,#3873,#3874)) REPRESENTATION_CONTEXT
('Context #1','3D Context with UNIT and UNCERTAINTY') );
#3872 = ( LENGTH_UNIT() NAMED_UNIT(*) SI_UNIT(.MILLI.,.METRE.) );
#3873 = ( NAMED_UNIT(*) PLANE_ANGLE_UNIT() SI_UNIT($,.RADIAN.) );
#3874 = ( NAMED_UNIT(*) SI_UNIT($,.STERADIAN.) SOLID_ANGLE_UNIT() );
#3875 = UNCERTAINTY_MEASURE_WITH_UNIT(LENGTH_MEASURE(1.E-07),#3872,
  'distance_accuracy_value','confusion accuracy');
#3876 = CONTEXT_DEPENDENT_SHAPE_REPRESENTATION(#3877,#3879);
#3877 = ( REPRESENTATION_RELATIONSHIP('','',#3720,#10)
REPRESENTATION_RELATIONSHIP_WITH_TRANSFORMATION(#3878)
SHAPE_REPRESENTATION_RELATIONSHIP() );
#3878 = ITEM_DEFINED_TRANSFORMATION('','',#11,#39);
#3879 = PRODUCT_DEFINITION_SHAPE('Placement','Placement of an item',
  #3880);
#3880 = NEXT_ASSEMBLY_USAGE_OCCURRENCE('7','Terminal Pin P2 A','',#5,
  #3715,$);
#3881 = PRODUCT_RELATED_PRODUCT_CATEGORY('part',$,(#3717));
#3882 = SHAPE_DEFINITION_REPRESENTATION(#3883,#3889);
#3883 = PRODUCT_DEFINITION_SHAPE('','',#3884);
#3884 = PRODUCT_DEFINITION('design','',#3885,#3888);
#3885 = PRODUCT_DEFINITION_FORMATION('','',#3886);
#3886 = PRODUCT('Terminal Pin P2 B','Terminal Pin P2 B','',(#3887));
#3887 = PRODUCT_CONTEXT('',#2,'mechanical');
#3888 = PRODUCT_DEFINITION_CONTEXT('part definition',#2,'design');
#3889 = ADVANCED_BREP_SHAPE_REPRESENTATION('',(#11,#3890),#4040);
#3890 = MANIFOLD_SOLID_BREP('',#3891);
#3891 = CLOSED_SHELL('',(#3892,#3932,#3972,#3994,#4016,#4028));
#3892 = ADVANCED_FACE('',(#3893),#3927,.F.);
#3893 = FACE_BOUND('',#3894,.F.);
#3894 = EDGE_LOOP('',(#3895,#3905,#3913,#3921));
#3895 = ORIENTED_EDGE('',*,*,#3896,.F.);
#3896 = EDGE_CURVE('',#3897,#3899,#3901,.T.);
#3897 = VERTEX_POINT('',#3898);
#3898 = CARTESIAN_POINT('',(22.85,9.35,-3.5));
#3899 = VERTEX_POINT('',#3900);
#3900 = CARTESIAN_POINT('',(22.85,9.35,0.));
#3901 = LINE('',#3902,#3903);
#3902 = CARTESIAN_POINT('',(22.85,9.35,-3.5));
#3903 = VECTOR('',#3904,1.);
#3904 = DIRECTION('',(0.,0.,1.));
#3905 = ORIENTED_EDGE('',*,*,#3906,.T.);
#3906 = EDGE_CURVE('',#3897,#3907,#3909,.T.);
#3907 = VERTEX_POINT('',#3908);
#3908 = CARTESIAN_POINT('',(22.85,9.85,-3.5));
#3909 = LINE('',#3910,#3911);
#3910 = CARTESIAN_POINT('',(22.85,9.35,-3.5));
#3911 = VECTOR('',#3912,1.);
#3912 = DIRECTION('',(-0.,1.,0.));
#3913 = ORIENTED_EDGE('',*,*,#3914,.T.);
#3914 = EDGE_CURVE('',#3907,#3915,#3917,.T.);
#3915 = VERTEX_POINT('',#3916);
#3916 = CARTESIAN_POINT('',(22.85,9.85,0.));
#3917 = LINE('',#3918,#3919);
#3918 = CARTESIAN_POINT('',(22.85,9.85,-3.5));
#3919 = VECTOR('',#3920,1.);
#3920 = DIRECTION('',(0.,0.,1.));
#3921 = ORIENTED_EDGE('',*,*,#3922,.F.);
#3922 = EDGE_CURVE('',#3899,#3915,#3923,.T.);
#3923 = LINE('',#3924,#3925);
#3924 = CARTESIAN_POINT('',(22.85,9.35,0.));
#3925 = VECTOR('',#3926,1.);
#3926 = DIRECTION('',(-0.,1.,0.));
#3927 = PLANE('',#3928);
#3928 = AXIS2_PLACEMENT_3D('',#3929,#3930,#3931);
#3929 = CARTESIAN_POINT('',(22.85,9.35,-3.5));
#3930 = DIRECTION('',(1.,0.,-0.));
#3931 = DIRECTION('',(0.,0.,1.));
#3932 = ADVANCED_FACE('',(#3933),#3967,.T.);
#3933 = FACE_BOUND('',#3934,.T.);
#3934 = EDGE_LOOP('',(#3935,#3945,#3953,#3961));
#3935 = ORIENTED_EDGE('',*,*,#3936,.F.);
#3936 = EDGE_CURVE('',#3937,#3939,#3941,.T.);
#3937 = VERTEX_POINT('',#3938);
#3938 = CARTESIAN_POINT('',(23.65,9.35,-3.5));
#3939 = VERTEX_POINT('',#3940);
#3940 = CARTESIAN_POINT('',(23.65,9.35,0.));
#3941 = LINE('',#3942,#3943);
#3942 = CARTESIAN_POINT('',(23.65,9.35,-3.5));
#3943 = VECTOR('',#3944,1.);
#3944 = DIRECTION('',(0.,0.,1.));
#3945 = ORIENTED_EDGE('',*,*,#3946,.T.);
#3946 = EDGE_CURVE('',#3937,#3947,#3949,.T.);
#3947 = VERTEX_POINT('',#3948);
#3948 = CARTESIAN_POINT('',(23.65,9.85,-3.5));
#3949 = LINE('',#3950,#3951);
#3950 = CARTESIAN_POINT('',(23.65,9.35,-3.5));
#3951 = VECTOR('',#3952,1.);
#3952 = DIRECTION('',(-0.,1.,0.));
#3953 = ORIENTED_EDGE('',*,*,#3954,.T.);
#3954 = EDGE_CURVE('',#3947,#3955,#3957,.T.);
#3955 = VERTEX_POINT('',#3956);
#3956 = CARTESIAN_POINT('',(23.65,9.85,0.));
#3957 = LINE('',#3958,#3959);
#3958 = CARTESIAN_POINT('',(23.65,9.85,-3.5));
#3959 = VECTOR('',#3960,1.);
#3960 = DIRECTION('',(0.,0.,1.));
#3961 = ORIENTED_EDGE('',*,*,#3962,.F.);
#3962 = EDGE_CURVE('',#3939,#3955,#3963,.T.);
#3963 = LINE('',#3964,#3965);
#3964 = CARTESIAN_POINT('',(23.65,9.35,0.));
#3965 = VECTOR('',#3966,1.);
#3966 = DIRECTION('',(-0.,1.,0.));
#3967 = PLANE('',#3968);
#3968 = AXIS2_PLACEMENT_3D('',#3969,#3970,#3971);
#3969 = CARTESIAN_POINT('',(23.65,9.35,-3.5));
#3970 = DIRECTION('',(1.,0.,-0.));
#3971 = DIRECTION('',(0.,0.,1.));
#3972 = ADVANCED_FACE('',(#3973),#3989,.F.);
#3973 = FACE_BOUND('',#3974,.F.);
#3974 = EDGE_LOOP('',(#3975,#3981,#3982,#3988));
#3975 = ORIENTED_EDGE('',*,*,#3976,.F.);
#3976 = EDGE_CURVE('',#3897,#3937,#3977,.T.);
#3977 = LINE('',#3978,#3979);
#3978 = CARTESIAN_POINT('',(22.85,9.35,-3.5));
#3979 = VECTOR('',#3980,1.);
#3980 = DIRECTION('',(1.,0.,-0.));
#3981 = ORIENTED_EDGE('',*,*,#3896,.T.);
#3982 = ORIENTED_EDGE('',*,*,#3983,.T.);
#3983 = EDGE_CURVE('',#3899,#3939,#3984,.T.);
#3984 = LINE('',#3985,#3986);
#3985 = CARTESIAN_POINT('',(22.85,9.35,0.));
#3986 = VECTOR('',#3987,1.);
#3987 = DIRECTION('',(1.,0.,-0.));
#3988 = ORIENTED_EDGE('',*,*,#3936,.F.);
#3989 = PLANE('',#3990);
#3990 = AXIS2_PLACEMENT_3D('',#3991,#3992,#3993);
#3991 = CARTESIAN_POINT('',(22.85,9.35,-3.5));
#3992 = DIRECTION('',(-0.,1.,0.));
#3993 = DIRECTION('',(0.,0.,1.));
#3994 = ADVANCED_FACE('',(#3995),#4011,.T.);
#3995 = FACE_BOUND('',#3996,.T.);
#3996 = EDGE_LOOP('',(#3997,#4003,#4004,#4010));
#3997 = ORIENTED_EDGE('',*,*,#3998,.F.);
#3998 = EDGE_CURVE('',#3907,#3947,#3999,.T.);
#3999 = LINE('',#4000,#4001);
#4000 = CARTESIAN_POINT('',(22.85,9.85,-3.5));
#4001 = VECTOR('',#4002,1.);
#4002 = DIRECTION('',(1.,0.,-0.));
#4003 = ORIENTED_EDGE('',*,*,#3914,.T.);
#4004 = ORIENTED_EDGE('',*,*,#4005,.T.);
#4005 = EDGE_CURVE('',#3915,#3955,#4006,.T.);
#4006 = LINE('',#4007,#4008);
#4007 = CARTESIAN_POINT('',(22.85,9.85,0.));
#4008 = VECTOR('',#4009,1.);
#4009 = DIRECTION('',(1.,0.,-0.));
#4010 = ORIENTED_EDGE('',*,*,#3954,.F.);
#4011 = PLANE('',#4012);
#4012 = AXIS2_PLACEMENT_3D('',#4013,#4014,#4015);
#4013 = CARTESIAN_POINT('',(22.85,9.85,-3.5));
#4014 = DIRECTION('',(-0.,1.,0.));
#4015 = DIRECTION('',(0.,0.,1.));
#4016 = ADVANCED_FACE('',(#4017),#4023,.F.);
#4017 = FACE_BOUND('',#4018,.F.);
#4018 = EDGE_LOOP('',(#4019,#4020,#4021,#4022));
#4019 = ORIENTED_EDGE('',*,*,#3906,.F.);
#4020 = ORIENTED_EDGE('',*,*,#3976,.T.);
#4021 = ORIENTED_EDGE('',*,*,#3946,.T.);
#4022 = ORIENTED_EDGE('',*,*,#3998,.F.);
#4023 = PLANE('',#4024);
#4024 = AXIS2_PLACEMENT_3D('',#4025,#4026,#4027);
#4025 = CARTESIAN_POINT('',(22.85,9.35,-3.5));
#4026 = DIRECTION('',(0.,0.,1.));
#4027 = DIRECTION('',(1.,0.,-0.));
#4028 = ADVANCED_FACE('',(#4029),#4035,.T.);
#4029 = FACE_BOUND('',#4030,.T.);
#4030 = EDGE_LOOP('',(#4031,#4032,#4033,#4034));
#4031 = ORIENTED_EDGE('',*,*,#3922,.F.);
#4032 = ORIENTED_EDGE('',*,*,#3983,.T.);
#4033 = ORIENTED_EDGE('',*,*,#3962,.T.);
#4034 = ORIENTED_EDGE('',*,*,#4005,.F.);
#4035 = PLANE('',#4036);
#4036 = AXIS2_PLACEMENT_3D('',#4037,#4038,#4039);
#4037 = CARTESIAN_POINT('',(22.85,9.35,0.));
#4038 = DIRECTION('',(0.,0.,1.));
#4039 = DIRECTION('',(1.,0.,-0.));
#4040 = ( GEOMETRIC_REPRESENTATION_CONTEXT(3)
GLOBAL_UNCERTAINTY_ASSIGNED_CONTEXT((#4044))
GLOBAL_UNIT_ASSIGNED_CONTEXT((#4041,#4042,#4043)) REPRESENTATION_CONTEXT
('Context #1','3D Context with UNIT and UNCERTAINTY') );
#4041 = ( LENGTH_UNIT() NAMED_UNIT(*) SI_UNIT(.MILLI.,.METRE.) );
#4042 = ( NAMED_UNIT(*) PLANE_ANGLE_UNIT() SI_UNIT($,.RADIAN.) );
#4043 = ( NAMED_UNIT(*) SI_UNIT($,.STERADIAN.) SOLID_ANGLE_UNIT() );
#4044 = UNCERTAINTY_MEASURE_WITH_UNIT(LENGTH_MEASURE(1.E-07),#4041,
  'distance_accuracy_value','confusion accuracy');
#4045 = CONTEXT_DEPENDENT_SHAPE_REPRESENTATION(#4046,#4048);
#4046 = ( REPRESENTATION_RELATIONSHIP('','',#3889,#10)
REPRESENTATION_RELATIONSHIP_WITH_TRANSFORMATION(#4047)
SHAPE_REPRESENTATION_RELATIONSHIP() );
#4047 = ITEM_DEFINED_TRANSFORMATION('','',#11,#43);
#4048 = PRODUCT_DEFINITION_SHAPE('Placement','Placement of an item',
  #4049);
#4049 = NEXT_ASSEMBLY_USAGE_OCCURRENCE('8','Terminal Pin P2 B','',#5,
  #3884,$);
#4050 = PRODUCT_RELATED_PRODUCT_CATEGORY('part',$,(#3886));
#4051 = SHAPE_DEFINITION_REPRESENTATION(#4052,#4058);
#4052 = PRODUCT_DEFINITION_SHAPE('','',#4053);
#4053 = PRODUCT_DEFINITION('design','',#4054,#4057);
#4054 = PRODUCT_DEFINITION_FORMATION('','',#4055);
#4055 = PRODUCT('Housing P3','Housing P3','',(#4056));
#4056 = PRODUCT_CONTEXT('',#2,'mechanical');
#4057 = PRODUCT_DEFINITION_CONTEXT('part definition',#2,'design');
#4058 = ADVANCED_BREP_SHAPE_REPRESENTATION('',(#11,#4059),#5414);
#4059 = MANIFOLD_SOLID_BREP('',#4060);
#4060 = CLOSED_SHELL('',(#4061,#4109,#4142,#4233,#4258,#4291,#4324,#4425
    ,#4442,#4467,#4499,#4524,#4564,#4596,#4620,#4645,#4662,#4679,#4710,
    #4741,#4759,#4790,#4815,#4846,#4870,#4901,#4918,#4942,#4960,#4977,
    #4989,#5006,#5018,#5036,#5047,#5096,#5127,#5158,#5191,#5222,#5262,
    #5293,#5309,#5355,#5386,#5400));
#4061 = ADVANCED_FACE('',(#4062),#4104,.F.);
#4062 = FACE_BOUND('',#4063,.F.);
#4063 = EDGE_LOOP('',(#4064,#4074,#4082,#4090,#4098));
#4064 = ORIENTED_EDGE('',*,*,#4065,.F.);
#4065 = EDGE_CURVE('',#4066,#4068,#4070,.T.);
#4066 = VERTEX_POINT('',#4067);
#4067 = CARTESIAN_POINT('',(17.5,0.3,0.3));
#4068 = VERTEX_POINT('',#4069);
#4069 = CARTESIAN_POINT('',(17.5,0.3,9.086363636364));
#4070 = LINE('',#4071,#4072);
#4071 = CARTESIAN_POINT('',(17.5,0.3,0.));
#4072 = VECTOR('',#4073,1.);
#4073 = DIRECTION('',(0.,0.,1.));
#4074 = ORIENTED_EDGE('',*,*,#4075,.T.);
#4075 = EDGE_CURVE('',#4066,#4076,#4078,.T.);
#4076 = VERTEX_POINT('',#4077);
#4077 = CARTESIAN_POINT('',(17.5,12.2,0.3));
#4078 = LINE('',#4079,#4080);
#4079 = CARTESIAN_POINT('',(17.5,0.,0.3));
#4080 = VECTOR('',#4081,1.);
#4081 = DIRECTION('',(-0.,1.,0.));
#4082 = ORIENTED_EDGE('',*,*,#4083,.T.);
#4083 = EDGE_CURVE('',#4076,#4084,#4086,.T.);
#4084 = VERTEX_POINT('',#4085);
#4085 = CARTESIAN_POINT('',(17.5,12.2,10.3));
#4086 = LINE('',#4087,#4088);
#4087 = CARTESIAN_POINT('',(17.5,12.2,0.));
#4088 = VECTOR('',#4089,1.);
#4089 = DIRECTION('',(0.,0.,1.));
#4090 = ORIENTED_EDGE('',*,*,#4091,.F.);
#4091 = EDGE_CURVE('',#4092,#4084,#4094,.T.);
#4092 = VERTEX_POINT('',#4093);
#4093 = CARTESIAN_POINT('',(17.5,1.743243243243,10.3));
#4094 = LINE('',#4095,#4096);
#4095 = CARTESIAN_POINT('',(17.5,0.,10.3));
#4096 = VECTOR('',#4097,1.);
#4097 = DIRECTION('',(-0.,1.,0.));
#4098 = ORIENTED_EDGE('',*,*,#4099,.F.);
#4099 = EDGE_CURVE('',#4068,#4092,#4100,.T.);
#4100 = LINE('',#4101,#4102);
#4101 = CARTESIAN_POINT('',(17.5,-1.125779122542,7.88741301059));
#4102 = VECTOR('',#4103,1.);
#4103 = DIRECTION('',(0.,0.765362085905,0.643599935875));
#4104 = PLANE('',#4105);
#4105 = AXIS2_PLACEMENT_3D('',#4106,#4107,#4108);
#4106 = CARTESIAN_POINT('',(17.5,0.,0.));
#4107 = DIRECTION('',(1.,0.,-0.));
#4108 = DIRECTION('',(0.,0.,1.));
#4109 = ADVANCED_FACE('',(#4110),#4137,.T.);
#4110 = FACE_BOUND('',#4111,.T.);
#4111 = EDGE_LOOP('',(#4112,#4113,#4122,#4130));
#4112 = ORIENTED_EDGE('',*,*,#4065,.F.);
#4113 = ORIENTED_EDGE('',*,*,#4114,.T.);
#4114 = EDGE_CURVE('',#4066,#4115,#4117,.T.);
#4115 = VERTEX_POINT('',#4116);
#4116 = CARTESIAN_POINT('',(17.8,-5.551115123126E-17,0.3));
#4117 = CIRCLE('',#4118,0.3);
#4118 = AXIS2_PLACEMENT_3D('',#4119,#4120,#4121);
#4119 = CARTESIAN_POINT('',(17.8,0.3,0.3));
#4120 = DIRECTION('',(0.,0.,1.));
#4121 = DIRECTION('',(-1.,0.,0.));
#4122 = ORIENTED_EDGE('',*,*,#4123,.T.);
#4123 = EDGE_CURVE('',#4115,#4124,#4126,.T.);
#4124 = VERTEX_POINT('',#4125);
#4125 = CARTESIAN_POINT('',(17.8,-5.551115123126E-17,8.834090909091));
#4126 = LINE('',#4127,#4128);
#4127 = CARTESIAN_POINT('',(17.8,-5.551115123126E-17,0.));
#4128 = VECTOR('',#4129,1.);
#4129 = DIRECTION('',(0.,0.,1.));
#4130 = ORIENTED_EDGE('',*,*,#4131,.T.);
#4131 = EDGE_CURVE('',#4124,#4068,#4132,.T.);
#4132 = ELLIPSE('',#4133,0.391971336867,0.3);
#4133 = AXIS2_PLACEMENT_3D('',#4134,#4135,#4136);
#4134 = CARTESIAN_POINT('',(17.8,0.3,9.086363636364));
#4135 = DIRECTION('',(0.,0.643599935875,-0.765362085905));
#4136 = DIRECTION('',(0.,0.765362085905,0.643599935875));
#4137 = CYLINDRICAL_SURFACE('',#4138,0.3);
#4138 = AXIS2_PLACEMENT_3D('',#4139,#4140,#4141);
#4139 = CARTESIAN_POINT('',(17.8,0.3,0.));
#4140 = DIRECTION('',(0.,0.,1.));
#4141 = DIRECTION('',(-1.,-0.,0.));
#4142 = ADVANCED_FACE('',(#4143),#4228,.F.);
#4143 = FACE_BOUND('',#4144,.F.);
#4144 = EDGE_LOOP('',(#4145,#4154,#4162,#4170,#4178,#4186,#4194,#4203,
    #4211,#4220,#4226,#4227));
#4145 = ORIENTED_EDGE('',*,*,#4146,.T.);
#4146 = EDGE_CURVE('',#4092,#4147,#4149,.T.);
#4147 = VERTEX_POINT('',#4148);
#4148 = CARTESIAN_POINT('',(17.8,2.1,10.6));
#4149 = ELLIPSE('',#4150,0.466128076275,0.3);
#4150 = AXIS2_PLACEMENT_3D('',#4151,#4152,#4153);
#4151 = CARTESIAN_POINT('',(17.8,1.743243243243,10.3));
#4152 = DIRECTION('',(0.,0.643599935875,-0.765362085905));
#4153 = DIRECTION('',(0.,0.765362085905,0.643599935875));
#4154 = ORIENTED_EDGE('',*,*,#4155,.T.);
#4155 = EDGE_CURVE('',#4147,#4156,#4158,.T.);
#4156 = VERTEX_POINT('',#4157);
#4157 = CARTESIAN_POINT('',(17.84,2.1,10.6));
#4158 = LINE('',#4159,#4160);
#4159 = CARTESIAN_POINT('',(17.4,2.1,10.6));
#4160 = VECTOR('',#4161,1.);
#4161 = DIRECTION('',(1.,0.,0.));
#4162 = ORIENTED_EDGE('',*,*,#4163,.T.);
#4163 = EDGE_CURVE('',#4156,#4164,#4166,.T.);
#4164 = VERTEX_POINT('',#4165);
#4165 = CARTESIAN_POINT('',(17.84,0.589585439838,9.329878665319));
#4166 = LINE('',#4167,#4168);
#4167 = CARTESIAN_POINT('',(17.84,2.697145719937,11.102145264493));
#4168 = VECTOR('',#4169,1.);
#4169 = DIRECTION('',(0.,-0.765362085905,-0.643599935875));
#4170 = ORIENTED_EDGE('',*,*,#4171,.T.);
#4171 = EDGE_CURVE('',#4164,#4172,#4174,.T.);
#4172 = VERTEX_POINT('',#4173);
#4173 = CARTESIAN_POINT('',(20.66,0.589585439838,9.329878665319));
#4174 = LINE('',#4175,#4176);
#4175 = CARTESIAN_POINT('',(17.62,0.589585439838,9.329878665319));
#4176 = VECTOR('',#4177,1.);
#4177 = DIRECTION('',(1.,0.,0.));
#4178 = ORIENTED_EDGE('',*,*,#4179,.F.);
#4179 = EDGE_CURVE('',#4180,#4172,#4182,.T.);
#4180 = VERTEX_POINT('',#4181);
#4181 = CARTESIAN_POINT('',(20.66,2.1,10.6));
#4182 = LINE('',#4183,#4184);
#4183 = CARTESIAN_POINT('',(20.66,2.697145719937,11.102145264493));
#4184 = VECTOR('',#4185,1.);
#4185 = DIRECTION('',(0.,-0.765362085905,-0.643599935875));
#4186 = ORIENTED_EDGE('',*,*,#4187,.T.);
#4187 = EDGE_CURVE('',#4180,#4188,#4190,.T.);
#4188 = VERTEX_POINT('',#4189);
#4189 = CARTESIAN_POINT('',(20.7,2.1,10.6));
#4190 = LINE('',#4191,#4192);
#4191 = CARTESIAN_POINT('',(17.4,2.1,10.6));
#4192 = VECTOR('',#4193,1.);
#4193 = DIRECTION('',(1.,0.,0.));
#4194 = ORIENTED_EDGE('',*,*,#4195,.T.);
#4195 = EDGE_CURVE('',#4188,#4196,#4198,.T.);
#4196 = VERTEX_POINT('',#4197);
#4197 = CARTESIAN_POINT('',(21.,1.743243243243,10.3));
#4198 = ELLIPSE('',#4199,0.466128076275,0.3);
#4199 = AXIS2_PLACEMENT_3D('',#4200,#4201,#4202);
#4200 = CARTESIAN_POINT('',(20.7,1.743243243243,10.3));
#4201 = DIRECTION('',(0.,0.643599935875,-0.765362085905));
#4202 = DIRECTION('',(0.,0.765362085905,0.643599935875));
#4203 = ORIENTED_EDGE('',*,*,#4204,.F.);
#4204 = EDGE_CURVE('',#4205,#4196,#4207,.T.);
#4205 = VERTEX_POINT('',#4206);
#4206 = CARTESIAN_POINT('',(21.,0.3,9.086363636364));
#4207 = LINE('',#4208,#4209);
#4208 = CARTESIAN_POINT('',(21.,-1.125779122542,7.88741301059));
#4209 = VECTOR('',#4210,1.);
#4210 = DIRECTION('',(0.,0.765362085905,0.643599935875));
#4211 = ORIENTED_EDGE('',*,*,#4212,.T.);
#4212 = EDGE_CURVE('',#4205,#4213,#4215,.T.);
#4213 = VERTEX_POINT('',#4214);
#4214 = CARTESIAN_POINT('',(20.7,-5.551115123126E-17,8.834090909091));
#4215 = ELLIPSE('',#4216,0.391971336867,0.3);
#4216 = AXIS2_PLACEMENT_3D('',#4217,#4218,#4219);
#4217 = CARTESIAN_POINT('',(20.7,0.3,9.086363636364));
#4218 = DIRECTION('',(0.,0.643599935875,-0.765362085905));
#4219 = DIRECTION('',(0.,0.765362085905,0.643599935875));
#4220 = ORIENTED_EDGE('',*,*,#4221,.T.);
#4221 = EDGE_CURVE('',#4213,#4124,#4222,.T.);
#4222 = LINE('',#4223,#4224);
#4223 = CARTESIAN_POINT('',(17.45,2.22044604925E-16,8.834090909091));
#4224 = VECTOR('',#4225,1.);
#4225 = DIRECTION('',(-1.,0.,-0.));
#4226 = ORIENTED_EDGE('',*,*,#4131,.T.);
#4227 = ORIENTED_EDGE('',*,*,#4099,.T.);
#4228 = PLANE('',#4229);
#4229 = AXIS2_PLACEMENT_3D('',#4230,#4231,#4232);
#4230 = CARTESIAN_POINT('',(17.4,2.1,10.6));
#4231 = DIRECTION('',(0.,0.643599935875,-0.765362085905));
#4232 = DIRECTION('',(0.,-0.765362085905,-0.643599935875));
#4233 = ADVANCED_FACE('',(#4234),#4253,.T.);
#4234 = FACE_BOUND('',#4235,.T.);
#4235 = EDGE_LOOP('',(#4236,#4237,#4245,#4252));
#4236 = ORIENTED_EDGE('',*,*,#4146,.T.);
#4237 = ORIENTED_EDGE('',*,*,#4238,.T.);
#4238 = EDGE_CURVE('',#4147,#4239,#4241,.T.);
#4239 = VERTEX_POINT('',#4240);
#4240 = CARTESIAN_POINT('',(17.8,12.2,10.6));
#4241 = LINE('',#4242,#4243);
#4242 = CARTESIAN_POINT('',(17.8,0.,10.6));
#4243 = VECTOR('',#4244,1.);
#4244 = DIRECTION('',(-0.,1.,0.));
#4245 = ORIENTED_EDGE('',*,*,#4246,.F.);
#4246 = EDGE_CURVE('',#4084,#4239,#4247,.T.);
#4247 = CIRCLE('',#4248,0.3);
#4248 = AXIS2_PLACEMENT_3D('',#4249,#4250,#4251);
#4249 = CARTESIAN_POINT('',(17.8,12.2,10.3));
#4250 = DIRECTION('',(-0.,1.,0.));
#4251 = DIRECTION('',(-1.,-0.,0.));
#4252 = ORIENTED_EDGE('',*,*,#4091,.F.);
#4253 = CYLINDRICAL_SURFACE('',#4254,0.3);
#4254 = AXIS2_PLACEMENT_3D('',#4255,#4256,#4257);
#4255 = CARTESIAN_POINT('',(17.8,0.,10.3));
#4256 = DIRECTION('',(-0.,1.,0.));
#4257 = DIRECTION('',(-1.,-0.,0.));
#4258 = ADVANCED_FACE('',(#4259),#4286,.T.);
#4259 = FACE_BOUND('',#4260,.F.);
#4260 = EDGE_LOOP('',(#4261,#4262,#4271,#4279));
#4261 = ORIENTED_EDGE('',*,*,#4083,.F.);
#4262 = ORIENTED_EDGE('',*,*,#4263,.T.);
#4263 = EDGE_CURVE('',#4076,#4264,#4266,.T.);
#4264 = VERTEX_POINT('',#4265);
#4265 = CARTESIAN_POINT('',(17.8,12.5,0.3));
#4266 = CIRCLE('',#4267,0.3);
#4267 = AXIS2_PLACEMENT_3D('',#4268,#4269,#4270);
#4268 = CARTESIAN_POINT('',(17.8,12.2,0.3));
#4269 = DIRECTION('',(-0.,0.,-1.));
#4270 = DIRECTION('',(-1.,0.,0.));
#4271 = ORIENTED_EDGE('',*,*,#4272,.T.);
#4272 = EDGE_CURVE('',#4264,#4273,#4275,.T.);
#4273 = VERTEX_POINT('',#4274);
#4274 = CARTESIAN_POINT('',(17.8,12.5,10.3));
#4275 = LINE('',#4276,#4277);
#4276 = CARTESIAN_POINT('',(17.8,12.5,0.));
#4277 = VECTOR('',#4278,1.);
#4278 = DIRECTION('',(0.,0.,1.));
#4279 = ORIENTED_EDGE('',*,*,#4280,.T.);
#4280 = EDGE_CURVE('',#4273,#4084,#4281,.T.);
#4281 = CIRCLE('',#4282,0.3);
#4282 = AXIS2_PLACEMENT_3D('',#4283,#4284,#4285);
#4283 = CARTESIAN_POINT('',(17.8,12.2,10.3));
#4284 = DIRECTION('',(0.,0.,1.));
#4285 = DIRECTION('',(-1.,-0.,0.));
#4286 = CYLINDRICAL_SURFACE('',#4287,0.3);
#4287 = AXIS2_PLACEMENT_3D('',#4288,#4289,#4290);
#4288 = CARTESIAN_POINT('',(17.8,12.2,0.));
#4289 = DIRECTION('',(0.,0.,1.));
#4290 = DIRECTION('',(-1.,-0.,0.));
#4291 = ADVANCED_FACE('',(#4292),#4319,.T.);
#4292 = FACE_BOUND('',#4293,.F.);
#4293 = EDGE_LOOP('',(#4294,#4303,#4311,#4318));
#4294 = ORIENTED_EDGE('',*,*,#4295,.F.);
#4295 = EDGE_CURVE('',#4296,#4066,#4298,.T.);
#4296 = VERTEX_POINT('',#4297);
#4297 = CARTESIAN_POINT('',(17.8,0.3,0.));
#4298 = CIRCLE('',#4299,0.3);
#4299 = AXIS2_PLACEMENT_3D('',#4300,#4301,#4302);
#4300 = CARTESIAN_POINT('',(17.8,0.3,0.3));
#4301 = DIRECTION('',(0.,1.,-0.));
#4302 = DIRECTION('',(-1.,0.,0.));
#4303 = ORIENTED_EDGE('',*,*,#4304,.T.);
#4304 = EDGE_CURVE('',#4296,#4305,#4307,.T.);
#4305 = VERTEX_POINT('',#4306);
#4306 = CARTESIAN_POINT('',(17.8,12.2,0.));
#4307 = LINE('',#4308,#4309);
#4308 = CARTESIAN_POINT('',(17.8,0.,-5.551115123126E-17));
#4309 = VECTOR('',#4310,1.);
#4310 = DIRECTION('',(-0.,1.,0.));
#4311 = ORIENTED_EDGE('',*,*,#4312,.T.);
#4312 = EDGE_CURVE('',#4305,#4076,#4313,.T.);
#4313 = CIRCLE('',#4314,0.3);
#4314 = AXIS2_PLACEMENT_3D('',#4315,#4316,#4317);
#4315 = CARTESIAN_POINT('',(17.8,12.2,0.3));
#4316 = DIRECTION('',(0.,1.,-0.));
#4317 = DIRECTION('',(-1.,0.,0.));
#4318 = ORIENTED_EDGE('',*,*,#4075,.F.);
#4319 = CYLINDRICAL_SURFACE('',#4320,0.3);
#4320 = AXIS2_PLACEMENT_3D('',#4321,#4322,#4323);
#4321 = CARTESIAN_POINT('',(17.8,0.,0.3));
#4322 = DIRECTION('',(-0.,1.,0.));
#4323 = DIRECTION('',(-1.,-0.,0.));
#4324 = ADVANCED_FACE('',(#4325,#4343),#4420,.F.);
#4325 = FACE_BOUND('',#4326,.F.);
#4326 = EDGE_LOOP('',(#4327,#4335,#4336,#4337));
#4327 = ORIENTED_EDGE('',*,*,#4328,.F.);
#4328 = EDGE_CURVE('',#4115,#4329,#4331,.T.);
#4329 = VERTEX_POINT('',#4330);
#4330 = CARTESIAN_POINT('',(20.7,-5.551115123126E-17,0.3));
#4331 = LINE('',#4332,#4333);
#4332 = CARTESIAN_POINT('',(17.5,-5.551115123126E-17,0.3));
#4333 = VECTOR('',#4334,1.);
#4334 = DIRECTION('',(1.,0.,-0.));
#4335 = ORIENTED_EDGE('',*,*,#4123,.T.);
#4336 = ORIENTED_EDGE('',*,*,#4221,.F.);
#4337 = ORIENTED_EDGE('',*,*,#4338,.F.);
#4338 = EDGE_CURVE('',#4329,#4213,#4339,.T.);
#4339 = LINE('',#4340,#4341);
#4340 = CARTESIAN_POINT('',(20.7,-5.551115123126E-17,0.));
#4341 = VECTOR('',#4342,1.);
#4342 = DIRECTION('',(0.,0.,1.));
#4343 = FACE_BOUND('',#4344,.F.);
#4344 = EDGE_LOOP('',(#4345,#4355,#4363,#4371,#4380,#4389,#4397,#4405,
    #4413));
#4345 = ORIENTED_EDGE('',*,*,#4346,.F.);
#4346 = EDGE_CURVE('',#4347,#4349,#4351,.T.);
#4347 = VERTEX_POINT('',#4348);
#4348 = CARTESIAN_POINT('',(20.65,0.,5.6));
#4349 = VERTEX_POINT('',#4350);
#4350 = CARTESIAN_POINT('',(20.65,0.,2.1));
#4351 = LINE('',#4352,#4353);
#4352 = CARTESIAN_POINT('',(20.65,0.,1.05));
#4353 = VECTOR('',#4354,1.);
#4354 = DIRECTION('',(-0.,0.,-1.));
#4355 = ORIENTED_EDGE('',*,*,#4356,.F.);
#4356 = EDGE_CURVE('',#4357,#4347,#4359,.T.);
#4357 = VERTEX_POINT('',#4358);
#4358 = CARTESIAN_POINT('',(20.2,0.,5.6));
#4359 = LINE('',#4360,#4361);
#4360 = CARTESIAN_POINT('',(17.675,0.,5.6));
#4361 = VECTOR('',#4362,1.);
#4362 = DIRECTION('',(1.,0.,-0.));
#4363 = ORIENTED_EDGE('',*,*,#4364,.F.);
#4364 = EDGE_CURVE('',#4365,#4357,#4367,.T.);
#4365 = VERTEX_POINT('',#4366);
#4366 = CARTESIAN_POINT('',(20.2,0.,7.35));
#4367 = LINE('',#4368,#4369);
#4368 = CARTESIAN_POINT('',(20.2,0.,2.8));
#4369 = VECTOR('',#4370,1.);
#4370 = DIRECTION('',(-0.,0.,-1.));
#4371 = ORIENTED_EDGE('',*,*,#4372,.F.);
#4372 = EDGE_CURVE('',#4373,#4365,#4375,.T.);
#4373 = VERTEX_POINT('',#4374);
#4374 = CARTESIAN_POINT('',(19.25,0.,8.3));
#4375 = CIRCLE('',#4376,0.95);
#4376 = AXIS2_PLACEMENT_3D('',#4377,#4378,#4379);
#4377 = CARTESIAN_POINT('',(19.25,0.,7.35));
#4378 = DIRECTION('',(0.,1.,0.));
#4379 = DIRECTION('',(0.,-0.,1.));
#4380 = ORIENTED_EDGE('',*,*,#4381,.F.);
#4381 = EDGE_CURVE('',#4382,#4373,#4384,.T.);
#4382 = VERTEX_POINT('',#4383);
#4383 = CARTESIAN_POINT('',(18.3,0.,7.35));
#4384 = CIRCLE('',#4385,0.95);
#4385 = AXIS2_PLACEMENT_3D('',#4386,#4387,#4388);
#4386 = CARTESIAN_POINT('',(19.25,0.,7.35));
#4387 = DIRECTION('',(0.,1.,0.));
#4388 = DIRECTION('',(0.,-0.,1.));
#4389 = ORIENTED_EDGE('',*,*,#4390,.T.);
#4390 = EDGE_CURVE('',#4382,#4391,#4393,.T.);
#4391 = VERTEX_POINT('',#4392);
#4392 = CARTESIAN_POINT('',(18.3,0.,5.6));
#4393 = LINE('',#4394,#4395);
#4394 = CARTESIAN_POINT('',(18.3,0.,2.8));
#4395 = VECTOR('',#4396,1.);
#4396 = DIRECTION('',(-0.,0.,-1.));
#4397 = ORIENTED_EDGE('',*,*,#4398,.F.);
#4398 = EDGE_CURVE('',#4399,#4391,#4401,.T.);
#4399 = VERTEX_POINT('',#4400);
#4400 = CARTESIAN_POINT('',(17.85,0.,5.6));
#4401 = LINE('',#4402,#4403);
#4402 = CARTESIAN_POINT('',(17.675,0.,5.6));
#4403 = VECTOR('',#4404,1.);
#4404 = DIRECTION('',(1.,0.,-0.));
#4405 = ORIENTED_EDGE('',*,*,#4406,.T.);
#4406 = EDGE_CURVE('',#4399,#4407,#4409,.T.);
#4407 = VERTEX_POINT('',#4408);
#4408 = CARTESIAN_POINT('',(17.85,0.,2.1));
#4409 = LINE('',#4410,#4411);
#4410 = CARTESIAN_POINT('',(17.85,0.,1.05));
#4411 = VECTOR('',#4412,1.);
#4412 = DIRECTION('',(-0.,0.,-1.));
#4413 = ORIENTED_EDGE('',*,*,#4414,.F.);
#4414 = EDGE_CURVE('',#4349,#4407,#4415,.T.);
#4415 = CIRCLE('',#4416,1.4);
#4416 = AXIS2_PLACEMENT_3D('',#4417,#4418,#4419);
#4417 = CARTESIAN_POINT('',(19.25,0.,2.1));
#4418 = DIRECTION('',(0.,1.,0.));
#4419 = DIRECTION('',(0.,-0.,1.));
#4420 = PLANE('',#4421);
#4421 = AXIS2_PLACEMENT_3D('',#4422,#4423,#4424);
#4422 = CARTESIAN_POINT('',(17.5,0.,0.));
#4423 = DIRECTION('',(-0.,1.,0.));
#4424 = DIRECTION('',(0.,0.,1.));
#4425 = ADVANCED_FACE('',(#4426),#4437,.T.);
#4426 = FACE_BOUND('',#4427,.T.);
#4427 = EDGE_LOOP('',(#4428,#4429,#4436));
#4428 = ORIENTED_EDGE('',*,*,#4295,.F.);
#4429 = ORIENTED_EDGE('',*,*,#4430,.T.);
#4430 = EDGE_CURVE('',#4296,#4115,#4431,.T.);
#4431 = CIRCLE('',#4432,0.3);
#4432 = AXIS2_PLACEMENT_3D('',#4433,#4434,#4435);
#4433 = CARTESIAN_POINT('',(17.8,0.3,0.3));
#4434 = DIRECTION('',(-1.,6.123233995737E-17,0.));
#4435 = DIRECTION('',(-6.123233995737E-17,-1.,0.));
#4436 = ORIENTED_EDGE('',*,*,#4114,.F.);
#4437 = SPHERICAL_SURFACE('',#4438,0.3);
#4438 = AXIS2_PLACEMENT_3D('',#4439,#4440,#4441);
#4439 = CARTESIAN_POINT('',(17.8,0.3,0.3));
#4440 = DIRECTION('',(0.,0.,1.));
#4441 = DIRECTION('',(-1.,0.,0.));
#4442 = ADVANCED_FACE('',(#4443),#4462,.T.);
#4443 = FACE_BOUND('',#4444,.F.);
#4444 = EDGE_LOOP('',(#4445,#4453,#4460,#4461));
#4445 = ORIENTED_EDGE('',*,*,#4446,.F.);
#4446 = EDGE_CURVE('',#4447,#4205,#4449,.T.);
#4447 = VERTEX_POINT('',#4448);
#4448 = CARTESIAN_POINT('',(21.,0.3,0.3));
#4449 = LINE('',#4450,#4451);
#4450 = CARTESIAN_POINT('',(21.,0.3,0.));
#4451 = VECTOR('',#4452,1.);
#4452 = DIRECTION('',(0.,0.,1.));
#4453 = ORIENTED_EDGE('',*,*,#4454,.T.);
#4454 = EDGE_CURVE('',#4447,#4329,#4455,.T.);
#4455 = CIRCLE('',#4456,0.3);
#4456 = AXIS2_PLACEMENT_3D('',#4457,#4458,#4459);
#4457 = CARTESIAN_POINT('',(20.7,0.3,0.3));
#4458 = DIRECTION('',(0.,-0.,-1.));
#4459 = DIRECTION('',(1.,0.,-0.));
#4460 = ORIENTED_EDGE('',*,*,#4338,.T.);
#4461 = ORIENTED_EDGE('',*,*,#4212,.F.);
#4462 = CYLINDRICAL_SURFACE('',#4463,0.3);
#4463 = AXIS2_PLACEMENT_3D('',#4464,#4465,#4466);
#4464 = CARTESIAN_POINT('',(20.7,0.3,0.));
#4465 = DIRECTION('',(0.,0.,1.));
#4466 = DIRECTION('',(1.,0.,-0.));
#4467 = ADVANCED_FACE('',(#4468),#4494,.T.);
#4468 = FACE_BOUND('',#4469,.T.);
#4469 = EDGE_LOOP('',(#4470,#4471,#4479,#4487,#4493));
#4470 = ORIENTED_EDGE('',*,*,#4446,.F.);
#4471 = ORIENTED_EDGE('',*,*,#4472,.T.);
#4472 = EDGE_CURVE('',#4447,#4473,#4475,.T.);
#4473 = VERTEX_POINT('',#4474);
#4474 = CARTESIAN_POINT('',(21.,12.2,0.3));
#4475 = LINE('',#4476,#4477);
#4476 = CARTESIAN_POINT('',(21.,0.,0.3));
#4477 = VECTOR('',#4478,1.);
#4478 = DIRECTION('',(-0.,1.,0.));
#4479 = ORIENTED_EDGE('',*,*,#4480,.T.);
#4480 = EDGE_CURVE('',#4473,#4481,#4483,.T.);
#4481 = VERTEX_POINT('',#4482);
#4482 = CARTESIAN_POINT('',(21.,12.2,10.3));
#4483 = LINE('',#4484,#4485);
#4484 = CARTESIAN_POINT('',(21.,12.2,0.));
#4485 = VECTOR('',#4486,1.);
#4486 = DIRECTION('',(0.,0.,1.));
#4487 = ORIENTED_EDGE('',*,*,#4488,.F.);
#4488 = EDGE_CURVE('',#4196,#4481,#4489,.T.);
#4489 = LINE('',#4490,#4491);
#4490 = CARTESIAN_POINT('',(21.,0.,10.3));
#4491 = VECTOR('',#4492,1.);
#4492 = DIRECTION('',(-0.,1.,0.));
#4493 = ORIENTED_EDGE('',*,*,#4204,.F.);
#4494 = PLANE('',#4495);
#4495 = AXIS2_PLACEMENT_3D('',#4496,#4497,#4498);
#4496 = CARTESIAN_POINT('',(21.,0.,0.));
#4497 = DIRECTION('',(1.,0.,-0.));
#4498 = DIRECTION('',(0.,0.,1.));
#4499 = ADVANCED_FACE('',(#4500),#4519,.T.);
#4500 = FACE_BOUND('',#4501,.F.);
#4501 = EDGE_LOOP('',(#4502,#4503,#4511,#4518));
#4502 = ORIENTED_EDGE('',*,*,#4195,.F.);
#4503 = ORIENTED_EDGE('',*,*,#4504,.T.);
#4504 = EDGE_CURVE('',#4188,#4505,#4507,.T.);
#4505 = VERTEX_POINT('',#4506);
#4506 = CARTESIAN_POINT('',(20.7,12.2,10.6));
#4507 = LINE('',#4508,#4509);
#4508 = CARTESIAN_POINT('',(20.7,0.,10.6));
#4509 = VECTOR('',#4510,1.);
#4510 = DIRECTION('',(-0.,1.,0.));
#4511 = ORIENTED_EDGE('',*,*,#4512,.F.);
#4512 = EDGE_CURVE('',#4481,#4505,#4513,.T.);
#4513 = CIRCLE('',#4514,0.3);
#4514 = AXIS2_PLACEMENT_3D('',#4515,#4516,#4517);
#4515 = CARTESIAN_POINT('',(20.7,12.2,10.3));
#4516 = DIRECTION('',(0.,-1.,-0.));
#4517 = DIRECTION('',(1.,0.,0.));
#4518 = ORIENTED_EDGE('',*,*,#4488,.F.);
#4519 = CYLINDRICAL_SURFACE('',#4520,0.3);
#4520 = AXIS2_PLACEMENT_3D('',#4521,#4522,#4523);
#4521 = CARTESIAN_POINT('',(20.7,0.,10.3));
#4522 = DIRECTION('',(-0.,1.,0.));
#4523 = DIRECTION('',(1.,0.,-0.));
#4524 = ADVANCED_FACE('',(#4525),#4559,.T.);
#4525 = FACE_BOUND('',#4526,.T.);
#4526 = EDGE_LOOP('',(#4527,#4528,#4529,#4537,#4545,#4551,#4552,#4553));
#4527 = ORIENTED_EDGE('',*,*,#4238,.F.);
#4528 = ORIENTED_EDGE('',*,*,#4155,.T.);
#4529 = ORIENTED_EDGE('',*,*,#4530,.F.);
#4530 = EDGE_CURVE('',#4531,#4156,#4533,.T.);
#4531 = VERTEX_POINT('',#4532);
#4532 = CARTESIAN_POINT('',(17.84,9.7,10.6));
#4533 = LINE('',#4534,#4535);
#4534 = CARTESIAN_POINT('',(17.84,2.442585746037,10.6));
#4535 = VECTOR('',#4536,1.);
#4536 = DIRECTION('',(0.,-1.,0.));
#4537 = ORIENTED_EDGE('',*,*,#4538,.F.);
#4538 = EDGE_CURVE('',#4539,#4531,#4541,.T.);
#4539 = VERTEX_POINT('',#4540);
#4540 = CARTESIAN_POINT('',(20.66,9.7,10.6));
#4541 = LINE('',#4542,#4543);
#4542 = CARTESIAN_POINT('',(17.67,9.7,10.6));
#4543 = VECTOR('',#4544,1.);
#4544 = DIRECTION('',(-1.,-0.,0.));
#4545 = ORIENTED_EDGE('',*,*,#4546,.T.);
#4546 = EDGE_CURVE('',#4539,#4180,#4547,.T.);
#4547 = LINE('',#4548,#4549);
#4548 = CARTESIAN_POINT('',(20.66,2.442585746037,10.6));
#4549 = VECTOR('',#4550,1.);
#4550 = DIRECTION('',(0.,-1.,0.));
#4551 = ORIENTED_EDGE('',*,*,#4187,.T.);
#4552 = ORIENTED_EDGE('',*,*,#4504,.T.);
#4553 = ORIENTED_EDGE('',*,*,#4554,.F.);
#4554 = EDGE_CURVE('',#4239,#4505,#4555,.T.);
#4555 = LINE('',#4556,#4557);
#4556 = CARTESIAN_POINT('',(17.5,12.2,10.6));
#4557 = VECTOR('',#4558,1.);
#4558 = DIRECTION('',(1.,0.,-0.));
#4559 = PLANE('',#4560);
#4560 = AXIS2_PLACEMENT_3D('',#4561,#4562,#4563);
#4561 = CARTESIAN_POINT('',(17.5,0.,10.6));
#4562 = DIRECTION('',(0.,0.,1.));
#4563 = DIRECTION('',(1.,0.,-0.));
#4564 = ADVANCED_FACE('',(#4565),#4591,.T.);
#4565 = FACE_BOUND('',#4566,.T.);
#4566 = EDGE_LOOP('',(#4567,#4568,#4576,#4584,#4590));
#4567 = ORIENTED_EDGE('',*,*,#4546,.F.);
#4568 = ORIENTED_EDGE('',*,*,#4569,.T.);
#4569 = EDGE_CURVE('',#4539,#4570,#4572,.T.);
#4570 = VERTEX_POINT('',#4571);
#4571 = CARTESIAN_POINT('',(20.66,9.7,8.45));
#4572 = LINE('',#4573,#4574);
#4573 = CARTESIAN_POINT('',(20.66,9.7,10.8));
#4574 = VECTOR('',#4575,1.);
#4575 = DIRECTION('',(0.,0.,-1.));
#4576 = ORIENTED_EDGE('',*,*,#4577,.T.);
#4577 = EDGE_CURVE('',#4570,#4578,#4580,.T.);
#4578 = VERTEX_POINT('',#4579);
#4579 = CARTESIAN_POINT('',(20.66,1.4,8.45));
#4580 = LINE('',#4581,#4582);
#4581 = CARTESIAN_POINT('',(20.66,9.7,8.45));
#4582 = VECTOR('',#4583,1.);
#4583 = DIRECTION('',(0.,-1.,0.));
#4584 = ORIENTED_EDGE('',*,*,#4585,.T.);
#4585 = EDGE_CURVE('',#4578,#4172,#4586,.T.);
#4586 = LINE('',#4587,#4588);
#4587 = CARTESIAN_POINT('',(20.66,1.4,8.45));
#4588 = VECTOR('',#4589,1.);
#4589 = DIRECTION('',(0.,-0.677475754752,0.735545105159));
#4590 = ORIENTED_EDGE('',*,*,#4179,.F.);
#4591 = PLANE('',#4592);
#4592 = AXIS2_PLACEMENT_3D('',#4593,#4594,#4595);
#4593 = CARTESIAN_POINT('',(20.66,4.885171492075,9.712433169613));
#4594 = DIRECTION('',(-1.,-0.,-0.));
#4595 = DIRECTION('',(0.,0.,-1.));
#4596 = ADVANCED_FACE('',(#4597),#4615,.F.);
#4597 = FACE_BOUND('',#4598,.F.);
#4598 = EDGE_LOOP('',(#4599,#4607,#4613,#4614));
#4599 = ORIENTED_EDGE('',*,*,#4600,.F.);
#4600 = EDGE_CURVE('',#4601,#4164,#4603,.T.);
#4601 = VERTEX_POINT('',#4602);
#4602 = CARTESIAN_POINT('',(17.84,1.4,8.45));
#4603 = LINE('',#4604,#4605);
#4604 = CARTESIAN_POINT('',(17.84,1.4,8.45));
#4605 = VECTOR('',#4606,1.);
#4606 = DIRECTION('',(0.,-0.677475754752,0.735545105159));
#4607 = ORIENTED_EDGE('',*,*,#4608,.T.);
#4608 = EDGE_CURVE('',#4601,#4578,#4609,.T.);
#4609 = LINE('',#4610,#4611);
#4610 = CARTESIAN_POINT('',(17.84,1.4,8.45));
#4611 = VECTOR('',#4612,1.);
#4612 = DIRECTION('',(1.,0.,0.));
#4613 = ORIENTED_EDGE('',*,*,#4585,.T.);
#4614 = ORIENTED_EDGE('',*,*,#4171,.F.);
#4615 = PLANE('',#4616);
#4616 = AXIS2_PLACEMENT_3D('',#4617,#4618,#4619);
#4617 = CARTESIAN_POINT('',(17.84,1.4,8.45));
#4618 = DIRECTION('',(0.,-0.735545105159,-0.677475754752));
#4619 = DIRECTION('',(0.,-0.677475754752,0.735545105159));
#4620 = ADVANCED_FACE('',(#4621),#4640,.F.);
#4621 = FACE_BOUND('',#4622,.F.);
#4622 = EDGE_LOOP('',(#4623,#4624,#4632,#4638,#4639));
#4623 = ORIENTED_EDGE('',*,*,#4530,.F.);
#4624 = ORIENTED_EDGE('',*,*,#4625,.T.);
#4625 = EDGE_CURVE('',#4531,#4626,#4628,.T.);
#4626 = VERTEX_POINT('',#4627);
#4627 = CARTESIAN_POINT('',(17.84,9.7,8.45));
#4628 = LINE('',#4629,#4630);
#4629 = CARTESIAN_POINT('',(17.84,9.7,10.8));
#4630 = VECTOR('',#4631,1.);
#4631 = DIRECTION('',(0.,0.,-1.));
#4632 = ORIENTED_EDGE('',*,*,#4633,.T.);
#4633 = EDGE_CURVE('',#4626,#4601,#4634,.T.);
#4634 = LINE('',#4635,#4636);
#4635 = CARTESIAN_POINT('',(17.84,9.7,8.45));
#4636 = VECTOR('',#4637,1.);
#4637 = DIRECTION('',(0.,-1.,0.));
#4638 = ORIENTED_EDGE('',*,*,#4600,.T.);
#4639 = ORIENTED_EDGE('',*,*,#4163,.F.);
#4640 = PLANE('',#4641);
#4641 = AXIS2_PLACEMENT_3D('',#4642,#4643,#4644);
#4642 = CARTESIAN_POINT('',(17.84,4.885171492075,9.712433169613));
#4643 = DIRECTION('',(-1.,-0.,-0.));
#4644 = DIRECTION('',(0.,0.,-1.));
#4645 = ADVANCED_FACE('',(#4646),#4657,.T.);
#4646 = FACE_BOUND('',#4647,.F.);
#4647 = EDGE_LOOP('',(#4648,#4649,#4656));
#4648 = ORIENTED_EDGE('',*,*,#4280,.F.);
#4649 = ORIENTED_EDGE('',*,*,#4650,.T.);
#4650 = EDGE_CURVE('',#4273,#4239,#4651,.T.);
#4651 = CIRCLE('',#4652,0.3);
#4652 = AXIS2_PLACEMENT_3D('',#4653,#4654,#4655);
#4653 = CARTESIAN_POINT('',(17.8,12.2,10.3));
#4654 = DIRECTION('',(1.,0.,6.123233995737E-17));
#4655 = DIRECTION('',(-6.123233995737E-17,-0.,1.));
#4656 = ORIENTED_EDGE('',*,*,#4246,.F.);
#4657 = SPHERICAL_SURFACE('',#4658,0.3);
#4658 = AXIS2_PLACEMENT_3D('',#4659,#4660,#4661);
#4659 = CARTESIAN_POINT('',(17.8,12.2,10.3));
#4660 = DIRECTION('',(0.,-1.,-0.));
#4661 = DIRECTION('',(-1.,-0.,0.));
#4662 = ADVANCED_FACE('',(#4663),#4674,.T.);
#4663 = FACE_BOUND('',#4664,.F.);
#4664 = EDGE_LOOP('',(#4665,#4666,#4673));
#4665 = ORIENTED_EDGE('',*,*,#4312,.F.);
#4666 = ORIENTED_EDGE('',*,*,#4667,.T.);
#4667 = EDGE_CURVE('',#4305,#4264,#4668,.T.);
#4668 = CIRCLE('',#4669,0.3);
#4669 = AXIS2_PLACEMENT_3D('',#4670,#4671,#4672);
#4670 = CARTESIAN_POINT('',(17.8,12.2,0.3));
#4671 = DIRECTION('',(1.,6.123233995737E-17,-0.));
#4672 = DIRECTION('',(-6.123233995737E-17,1.,0.));
#4673 = ORIENTED_EDGE('',*,*,#4263,.F.);
#4674 = SPHERICAL_SURFACE('',#4675,0.3);
#4675 = AXIS2_PLACEMENT_3D('',#4676,#4677,#4678);
#4676 = CARTESIAN_POINT('',(17.8,12.2,0.3));
#4677 = DIRECTION('',(0.,0.,1.));
#4678 = DIRECTION('',(-1.,0.,0.));
#4679 = ADVANCED_FACE('',(#4680),#4705,.T.);
#4680 = FACE_BOUND('',#4681,.T.);
#4681 = EDGE_LOOP('',(#4682,#4683,#4691,#4699));
#4682 = ORIENTED_EDGE('',*,*,#4272,.T.);
#4683 = ORIENTED_EDGE('',*,*,#4684,.T.);
#4684 = EDGE_CURVE('',#4273,#4685,#4687,.T.);
#4685 = VERTEX_POINT('',#4686);
#4686 = CARTESIAN_POINT('',(20.7,12.5,10.3));
#4687 = LINE('',#4688,#4689);
#4688 = CARTESIAN_POINT('',(17.5,12.5,10.3));
#4689 = VECTOR('',#4690,1.);
#4690 = DIRECTION('',(1.,0.,-0.));
#4691 = ORIENTED_EDGE('',*,*,#4692,.F.);
#4692 = EDGE_CURVE('',#4693,#4685,#4695,.T.);
#4693 = VERTEX_POINT('',#4694);
#4694 = CARTESIAN_POINT('',(20.7,12.5,0.3));
#4695 = LINE('',#4696,#4697);
#4696 = CARTESIAN_POINT('',(20.7,12.5,0.));
#4697 = VECTOR('',#4698,1.);
#4698 = DIRECTION('',(0.,0.,1.));
#4699 = ORIENTED_EDGE('',*,*,#4700,.F.);
#4700 = EDGE_CURVE('',#4264,#4693,#4701,.T.);
#4701 = LINE('',#4702,#4703);
#4702 = CARTESIAN_POINT('',(17.5,12.5,0.3));
#4703 = VECTOR('',#4704,1.);
#4704 = DIRECTION('',(1.,0.,-0.));
#4705 = PLANE('',#4706);
#4706 = AXIS2_PLACEMENT_3D('',#4707,#4708,#4709);
#4707 = CARTESIAN_POINT('',(17.5,12.5,0.));
#4708 = DIRECTION('',(-0.,1.,0.));
#4709 = DIRECTION('',(0.,0.,1.));
#4710 = ADVANCED_FACE('',(#4711),#4736,.F.);
#4711 = FACE_BOUND('',#4712,.F.);
#4712 = EDGE_LOOP('',(#4713,#4714,#4722,#4730));
#4713 = ORIENTED_EDGE('',*,*,#4304,.F.);
#4714 = ORIENTED_EDGE('',*,*,#4715,.T.);
#4715 = EDGE_CURVE('',#4296,#4716,#4718,.T.);
#4716 = VERTEX_POINT('',#4717);
#4717 = CARTESIAN_POINT('',(20.7,0.3,0.));
#4718 = LINE('',#4719,#4720);
#4719 = CARTESIAN_POINT('',(17.5,0.3,-5.551115123126E-17));
#4720 = VECTOR('',#4721,1.);
#4721 = DIRECTION('',(1.,0.,-0.));
#4722 = ORIENTED_EDGE('',*,*,#4723,.T.);
#4723 = EDGE_CURVE('',#4716,#4724,#4726,.T.);
#4724 = VERTEX_POINT('',#4725);
#4725 = CARTESIAN_POINT('',(20.7,12.2,0.));
#4726 = LINE('',#4727,#4728);
#4727 = CARTESIAN_POINT('',(20.7,0.,-5.551115123126E-17));
#4728 = VECTOR('',#4729,1.);
#4729 = DIRECTION('',(-0.,1.,0.));
#4730 = ORIENTED_EDGE('',*,*,#4731,.F.);
#4731 = EDGE_CURVE('',#4305,#4724,#4732,.T.);
#4732 = LINE('',#4733,#4734);
#4733 = CARTESIAN_POINT('',(17.5,12.2,-5.551115123126E-17));
#4734 = VECTOR('',#4735,1.);
#4735 = DIRECTION('',(1.,0.,-0.));
#4736 = PLANE('',#4737);
#4737 = AXIS2_PLACEMENT_3D('',#4738,#4739,#4740);
#4738 = CARTESIAN_POINT('',(17.5,0.,0.));
#4739 = DIRECTION('',(0.,0.,1.));
#4740 = DIRECTION('',(1.,0.,-0.));
#4741 = ADVANCED_FACE('',(#4742),#4754,.T.);
#4742 = FACE_BOUND('',#4743,.T.);
#4743 = EDGE_LOOP('',(#4744,#4745,#4746,#4753));
#4744 = ORIENTED_EDGE('',*,*,#4430,.F.);
#4745 = ORIENTED_EDGE('',*,*,#4715,.T.);
#4746 = ORIENTED_EDGE('',*,*,#4747,.T.);
#4747 = EDGE_CURVE('',#4716,#4329,#4748,.T.);
#4748 = CIRCLE('',#4749,0.3);
#4749 = AXIS2_PLACEMENT_3D('',#4750,#4751,#4752);
#4750 = CARTESIAN_POINT('',(20.7,0.3,0.3));
#4751 = DIRECTION('',(-1.,-6.123233995737E-17,0.));
#4752 = DIRECTION('',(6.123233995737E-17,-1.,-0.));
#4753 = ORIENTED_EDGE('',*,*,#4328,.F.);
#4754 = CYLINDRICAL_SURFACE('',#4755,0.3);
#4755 = AXIS2_PLACEMENT_3D('',#4756,#4757,#4758);
#4756 = CARTESIAN_POINT('',(17.5,0.3,0.3));
#4757 = DIRECTION('',(1.,0.,-0.));
#4758 = DIRECTION('',(0.,-1.,0.));
#4759 = ADVANCED_FACE('',(#4760),#4785,.F.);
#4760 = FACE_BOUND('',#4761,.F.);
#4761 = EDGE_LOOP('',(#4762,#4763,#4771,#4779));
#4762 = ORIENTED_EDGE('',*,*,#4346,.T.);
#4763 = ORIENTED_EDGE('',*,*,#4764,.T.);
#4764 = EDGE_CURVE('',#4349,#4765,#4767,.T.);
#4765 = VERTEX_POINT('',#4766);
#4766 = CARTESIAN_POINT('',(20.65,0.4,2.1));
#4767 = LINE('',#4768,#4769);
#4768 = CARTESIAN_POINT('',(20.65,-5.E-02,2.1));
#4769 = VECTOR('',#4770,1.);
#4770 = DIRECTION('',(-0.,1.,0.));
#4771 = ORIENTED_EDGE('',*,*,#4772,.T.);
#4772 = EDGE_CURVE('',#4765,#4773,#4775,.T.);
#4773 = VERTEX_POINT('',#4774);
#4774 = CARTESIAN_POINT('',(20.65,0.4,5.6));
#4775 = LINE('',#4776,#4777);
#4776 = CARTESIAN_POINT('',(20.65,0.4,2.1));
#4777 = VECTOR('',#4778,1.);
#4778 = DIRECTION('',(0.,0.,1.));
#4779 = ORIENTED_EDGE('',*,*,#4780,.F.);
#4780 = EDGE_CURVE('',#4347,#4773,#4781,.T.);
#4781 = LINE('',#4782,#4783);
#4782 = CARTESIAN_POINT('',(20.65,-5.E-02,5.6));
#4783 = VECTOR('',#4784,1.);
#4784 = DIRECTION('',(-0.,1.,0.));
#4785 = PLANE('',#4786);
#4786 = AXIS2_PLACEMENT_3D('',#4787,#4788,#4789);
#4787 = CARTESIAN_POINT('',(20.65,-5.E-02,2.1));
#4788 = DIRECTION('',(1.,0.,-0.));
#4789 = DIRECTION('',(0.,0.,1.));
#4790 = ADVANCED_FACE('',(#4791),#4810,.F.);
#4791 = FACE_BOUND('',#4792,.F.);
#4792 = EDGE_LOOP('',(#4793,#4802,#4803,#4804));
#4793 = ORIENTED_EDGE('',*,*,#4794,.F.);
#4794 = EDGE_CURVE('',#4765,#4795,#4797,.T.);
#4795 = VERTEX_POINT('',#4796);
#4796 = CARTESIAN_POINT('',(17.85,0.4,2.1));
#4797 = CIRCLE('',#4798,1.4);
#4798 = AXIS2_PLACEMENT_3D('',#4799,#4800,#4801);
#4799 = CARTESIAN_POINT('',(19.25,0.4,2.1));
#4800 = DIRECTION('',(0.,1.,0.));
#4801 = DIRECTION('',(0.,-0.,1.));
#4802 = ORIENTED_EDGE('',*,*,#4764,.F.);
#4803 = ORIENTED_EDGE('',*,*,#4414,.T.);
#4804 = ORIENTED_EDGE('',*,*,#4805,.T.);
#4805 = EDGE_CURVE('',#4407,#4795,#4806,.T.);
#4806 = LINE('',#4807,#4808);
#4807 = CARTESIAN_POINT('',(17.85,-5.E-02,2.1));
#4808 = VECTOR('',#4809,1.);
#4809 = DIRECTION('',(-0.,1.,0.));
#4810 = CYLINDRICAL_SURFACE('',#4811,1.4);
#4811 = AXIS2_PLACEMENT_3D('',#4812,#4813,#4814);
#4812 = CARTESIAN_POINT('',(19.25,-5.E-02,2.1));
#4813 = DIRECTION('',(0.,1.,0.));
#4814 = DIRECTION('',(0.,-0.,1.));
#4815 = ADVANCED_FACE('',(#4816),#4841,.F.);
#4816 = FACE_BOUND('',#4817,.F.);
#4817 = EDGE_LOOP('',(#4818,#4819,#4827,#4835));
#4818 = ORIENTED_EDGE('',*,*,#4364,.T.);
#4819 = ORIENTED_EDGE('',*,*,#4820,.T.);
#4820 = EDGE_CURVE('',#4357,#4821,#4823,.T.);
#4821 = VERTEX_POINT('',#4822);
#4822 = CARTESIAN_POINT('',(20.2,0.4,5.6));
#4823 = LINE('',#4824,#4825);
#4824 = CARTESIAN_POINT('',(20.2,-5.E-02,5.6));
#4825 = VECTOR('',#4826,1.);
#4826 = DIRECTION('',(-0.,1.,0.));
#4827 = ORIENTED_EDGE('',*,*,#4828,.T.);
#4828 = EDGE_CURVE('',#4821,#4829,#4831,.T.);
#4829 = VERTEX_POINT('',#4830);
#4830 = CARTESIAN_POINT('',(20.2,0.4,7.35));
#4831 = LINE('',#4832,#4833);
#4832 = CARTESIAN_POINT('',(20.2,0.4,5.6));
#4833 = VECTOR('',#4834,1.);
#4834 = DIRECTION('',(0.,0.,1.));
#4835 = ORIENTED_EDGE('',*,*,#4836,.F.);
#4836 = EDGE_CURVE('',#4365,#4829,#4837,.T.);
#4837 = LINE('',#4838,#4839);
#4838 = CARTESIAN_POINT('',(20.2,-5.E-02,7.35));
#4839 = VECTOR('',#4840,1.);
#4840 = DIRECTION('',(-0.,1.,0.));
#4841 = PLANE('',#4842);
#4842 = AXIS2_PLACEMENT_3D('',#4843,#4844,#4845);
#4843 = CARTESIAN_POINT('',(20.2,-5.E-02,5.6));
#4844 = DIRECTION('',(1.,0.,-0.));
#4845 = DIRECTION('',(0.,0.,1.));
#4846 = ADVANCED_FACE('',(#4847),#4865,.T.);
#4847 = FACE_BOUND('',#4848,.T.);
#4848 = EDGE_LOOP('',(#4849,#4850,#4851,#4859));
#4849 = ORIENTED_EDGE('',*,*,#4406,.T.);
#4850 = ORIENTED_EDGE('',*,*,#4805,.T.);
#4851 = ORIENTED_EDGE('',*,*,#4852,.T.);
#4852 = EDGE_CURVE('',#4795,#4853,#4855,.T.);
#4853 = VERTEX_POINT('',#4854);
#4854 = CARTESIAN_POINT('',(17.85,0.4,5.6));
#4855 = LINE('',#4856,#4857);
#4856 = CARTESIAN_POINT('',(17.85,0.4,2.1));
#4857 = VECTOR('',#4858,1.);
#4858 = DIRECTION('',(0.,0.,1.));
#4859 = ORIENTED_EDGE('',*,*,#4860,.F.);
#4860 = EDGE_CURVE('',#4399,#4853,#4861,.T.);
#4861 = LINE('',#4862,#4863);
#4862 = CARTESIAN_POINT('',(17.85,-5.E-02,5.6));
#4863 = VECTOR('',#4864,1.);
#4864 = DIRECTION('',(-0.,1.,0.));
#4865 = PLANE('',#4866);
#4866 = AXIS2_PLACEMENT_3D('',#4867,#4868,#4869);
#4867 = CARTESIAN_POINT('',(17.85,-5.E-02,2.1));
#4868 = DIRECTION('',(1.,0.,-0.));
#4869 = DIRECTION('',(0.,0.,1.));
#4870 = ADVANCED_FACE('',(#4871),#4896,.T.);
#4871 = FACE_BOUND('',#4872,.T.);
#4872 = EDGE_LOOP('',(#4873,#4874,#4882,#4890));
#4873 = ORIENTED_EDGE('',*,*,#4390,.T.);
#4874 = ORIENTED_EDGE('',*,*,#4875,.T.);
#4875 = EDGE_CURVE('',#4391,#4876,#4878,.T.);
#4876 = VERTEX_POINT('',#4877);
#4877 = CARTESIAN_POINT('',(18.3,0.4,5.6));
#4878 = LINE('',#4879,#4880);
#4879 = CARTESIAN_POINT('',(18.3,-5.E-02,5.6));
#4880 = VECTOR('',#4881,1.);
#4881 = DIRECTION('',(-0.,1.,0.));
#4882 = ORIENTED_EDGE('',*,*,#4883,.T.);
#4883 = EDGE_CURVE('',#4876,#4884,#4886,.T.);
#4884 = VERTEX_POINT('',#4885);
#4885 = CARTESIAN_POINT('',(18.3,0.4,7.35));
#4886 = LINE('',#4887,#4888);
#4887 = CARTESIAN_POINT('',(18.3,0.4,5.6));
#4888 = VECTOR('',#4889,1.);
#4889 = DIRECTION('',(0.,0.,1.));
#4890 = ORIENTED_EDGE('',*,*,#4891,.F.);
#4891 = EDGE_CURVE('',#4382,#4884,#4892,.T.);
#4892 = LINE('',#4893,#4894);
#4893 = CARTESIAN_POINT('',(18.3,-5.E-02,7.35));
#4894 = VECTOR('',#4895,1.);
#4895 = DIRECTION('',(-0.,1.,0.));
#4896 = PLANE('',#4897);
#4897 = AXIS2_PLACEMENT_3D('',#4898,#4899,#4900);
#4898 = CARTESIAN_POINT('',(18.3,-5.E-02,5.6));
#4899 = DIRECTION('',(1.,0.,-0.));
#4900 = DIRECTION('',(0.,0.,1.));
#4901 = ADVANCED_FACE('',(#4902),#4913,.T.);
#4902 = FACE_BOUND('',#4903,.F.);
#4903 = EDGE_LOOP('',(#4904,#4911,#4912));
#4904 = ORIENTED_EDGE('',*,*,#4905,.F.);
#4905 = EDGE_CURVE('',#4716,#4447,#4906,.T.);
#4906 = CIRCLE('',#4907,0.3);
#4907 = AXIS2_PLACEMENT_3D('',#4908,#4909,#4910);
#4908 = CARTESIAN_POINT('',(20.7,0.3,0.3));
#4909 = DIRECTION('',(0.,-1.,0.));
#4910 = DIRECTION('',(1.,0.,0.));
#4911 = ORIENTED_EDGE('',*,*,#4747,.T.);
#4912 = ORIENTED_EDGE('',*,*,#4454,.F.);
#4913 = SPHERICAL_SURFACE('',#4914,0.3);
#4914 = AXIS2_PLACEMENT_3D('',#4915,#4916,#4917);
#4915 = CARTESIAN_POINT('',(20.7,0.3,0.3));
#4916 = DIRECTION('',(0.,0.,1.));
#4917 = DIRECTION('',(1.,0.,-0.));
#4918 = ADVANCED_FACE('',(#4919),#4937,.T.);
#4919 = FACE_BOUND('',#4920,.T.);
#4920 = EDGE_LOOP('',(#4921,#4922,#4929,#4930));
#4921 = ORIENTED_EDGE('',*,*,#4480,.F.);
#4922 = ORIENTED_EDGE('',*,*,#4923,.T.);
#4923 = EDGE_CURVE('',#4473,#4693,#4924,.T.);
#4924 = CIRCLE('',#4925,0.3);
#4925 = AXIS2_PLACEMENT_3D('',#4926,#4927,#4928);
#4926 = CARTESIAN_POINT('',(20.7,12.2,0.3));
#4927 = DIRECTION('',(0.,0.,1.));
#4928 = DIRECTION('',(1.,0.,-0.));
#4929 = ORIENTED_EDGE('',*,*,#4692,.T.);
#4930 = ORIENTED_EDGE('',*,*,#4931,.T.);
#4931 = EDGE_CURVE('',#4685,#4481,#4932,.T.);
#4932 = CIRCLE('',#4933,0.3);
#4933 = AXIS2_PLACEMENT_3D('',#4934,#4935,#4936);
#4934 = CARTESIAN_POINT('',(20.7,12.2,10.3));
#4935 = DIRECTION('',(0.,0.,-1.));
#4936 = DIRECTION('',(1.,0.,0.));
#4937 = CYLINDRICAL_SURFACE('',#4938,0.3);
#4938 = AXIS2_PLACEMENT_3D('',#4939,#4940,#4941);
#4939 = CARTESIAN_POINT('',(20.7,12.2,0.));
#4940 = DIRECTION('',(0.,0.,1.));
#4941 = DIRECTION('',(1.,0.,-0.));
#4942 = ADVANCED_FACE('',(#4943),#4955,.T.);
#4943 = FACE_BOUND('',#4944,.T.);
#4944 = EDGE_LOOP('',(#4945,#4946,#4947,#4954));
#4945 = ORIENTED_EDGE('',*,*,#4905,.F.);
#4946 = ORIENTED_EDGE('',*,*,#4723,.T.);
#4947 = ORIENTED_EDGE('',*,*,#4948,.T.);
#4948 = EDGE_CURVE('',#4724,#4473,#4949,.T.);
#4949 = CIRCLE('',#4950,0.3);
#4950 = AXIS2_PLACEMENT_3D('',#4951,#4952,#4953);
#4951 = CARTESIAN_POINT('',(20.7,12.2,0.3));
#4952 = DIRECTION('',(0.,-1.,0.));
#4953 = DIRECTION('',(1.,0.,0.));
#4954 = ORIENTED_EDGE('',*,*,#4472,.F.);
#4955 = CYLINDRICAL_SURFACE('',#4956,0.3);
#4956 = AXIS2_PLACEMENT_3D('',#4957,#4958,#4959);
#4957 = CARTESIAN_POINT('',(20.7,0.,0.3));
#4958 = DIRECTION('',(-0.,1.,0.));
#4959 = DIRECTION('',(1.,0.,-0.));
#4960 = ADVANCED_FACE('',(#4961),#4972,.T.);
#4961 = FACE_BOUND('',#4962,.T.);
#4962 = EDGE_LOOP('',(#4963,#4964,#4971));
#4963 = ORIENTED_EDGE('',*,*,#4931,.F.);
#4964 = ORIENTED_EDGE('',*,*,#4965,.T.);
#4965 = EDGE_CURVE('',#4685,#4505,#4966,.T.);
#4966 = CIRCLE('',#4967,0.3);
#4967 = AXIS2_PLACEMENT_3D('',#4968,#4969,#4970);
#4968 = CARTESIAN_POINT('',(20.7,12.2,10.3));
#4969 = DIRECTION('',(1.,0.,-6.123233995737E-17));
#4970 = DIRECTION('',(6.123233995737E-17,0.,1.));
#4971 = ORIENTED_EDGE('',*,*,#4512,.F.);
#4972 = SPHERICAL_SURFACE('',#4973,0.3);
#4973 = AXIS2_PLACEMENT_3D('',#4974,#4975,#4976);
#4974 = CARTESIAN_POINT('',(20.7,12.2,10.3));
#4975 = DIRECTION('',(0.,-1.,-0.));
#4976 = DIRECTION('',(1.,0.,0.));
#4977 = ADVANCED_FACE('',(#4978),#4984,.T.);
#4978 = FACE_BOUND('',#4979,.T.);
#4979 = EDGE_LOOP('',(#4980,#4981,#4982,#4983));
#4980 = ORIENTED_EDGE('',*,*,#4650,.T.);
#4981 = ORIENTED_EDGE('',*,*,#4554,.T.);
#4982 = ORIENTED_EDGE('',*,*,#4965,.F.);
#4983 = ORIENTED_EDGE('',*,*,#4684,.F.);
#4984 = CYLINDRICAL_SURFACE('',#4985,0.3);
#4985 = AXIS2_PLACEMENT_3D('',#4986,#4987,#4988);
#4986 = CARTESIAN_POINT('',(17.5,12.2,10.3));
#4987 = DIRECTION('',(1.,0.,-0.));
#4988 = DIRECTION('',(0.,1.,0.));
#4989 = ADVANCED_FACE('',(#4990),#5001,.F.);
#4990 = FACE_BOUND('',#4991,.F.);
#4991 = EDGE_LOOP('',(#4992,#4993,#4994,#4995));
#4992 = ORIENTED_EDGE('',*,*,#4625,.F.);
#4993 = ORIENTED_EDGE('',*,*,#4538,.F.);
#4994 = ORIENTED_EDGE('',*,*,#4569,.T.);
#4995 = ORIENTED_EDGE('',*,*,#4996,.F.);
#4996 = EDGE_CURVE('',#4626,#4570,#4997,.T.);
#4997 = LINE('',#4998,#4999);
#4998 = CARTESIAN_POINT('',(17.84,9.7,8.45));
#4999 = VECTOR('',#5000,1.);
#5000 = DIRECTION('',(1.,0.,0.));
#5001 = PLANE('',#5002);
#5002 = AXIS2_PLACEMENT_3D('',#5003,#5004,#5005);
#5003 = CARTESIAN_POINT('',(17.84,9.7,10.8));
#5004 = DIRECTION('',(-0.,1.,0.));
#5005 = DIRECTION('',(0.,0.,-1.));
#5006 = ADVANCED_FACE('',(#5007),#5013,.F.);
#5007 = FACE_BOUND('',#5008,.F.);
#5008 = EDGE_LOOP('',(#5009,#5010,#5011,#5012));
#5009 = ORIENTED_EDGE('',*,*,#4996,.T.);
#5010 = ORIENTED_EDGE('',*,*,#4577,.T.);
#5011 = ORIENTED_EDGE('',*,*,#4608,.F.);
#5012 = ORIENTED_EDGE('',*,*,#4633,.F.);
#5013 = PLANE('',#5014);
#5014 = AXIS2_PLACEMENT_3D('',#5015,#5016,#5017);
#5015 = CARTESIAN_POINT('',(17.84,9.7,8.45));
#5016 = DIRECTION('',(0.,0.,-1.));
#5017 = DIRECTION('',(0.,-1.,0.));
#5018 = ADVANCED_FACE('',(#5019),#5031,.T.);
#5019 = FACE_BOUND('',#5020,.F.);
#5020 = EDGE_LOOP('',(#5021,#5022,#5023,#5030));
#5021 = ORIENTED_EDGE('',*,*,#4667,.F.);
#5022 = ORIENTED_EDGE('',*,*,#4731,.T.);
#5023 = ORIENTED_EDGE('',*,*,#5024,.T.);
#5024 = EDGE_CURVE('',#4724,#4693,#5025,.T.);
#5025 = CIRCLE('',#5026,0.3);
#5026 = AXIS2_PLACEMENT_3D('',#5027,#5028,#5029);
#5027 = CARTESIAN_POINT('',(20.7,12.2,0.3));
#5028 = DIRECTION('',(1.,-6.123233995737E-17,0.));
#5029 = DIRECTION('',(6.123233995737E-17,1.,0.));
#5030 = ORIENTED_EDGE('',*,*,#4700,.F.);
#5031 = CYLINDRICAL_SURFACE('',#5032,0.3);
#5032 = AXIS2_PLACEMENT_3D('',#5033,#5034,#5035);
#5033 = CARTESIAN_POINT('',(17.5,12.2,0.3));
#5034 = DIRECTION('',(1.,0.,-0.));
#5035 = DIRECTION('',(0.,1.,0.));
#5036 = ADVANCED_FACE('',(#5037),#5042,.T.);
#5037 = FACE_BOUND('',#5038,.T.);
#5038 = EDGE_LOOP('',(#5039,#5040,#5041));
#5039 = ORIENTED_EDGE('',*,*,#4948,.F.);
#5040 = ORIENTED_EDGE('',*,*,#5024,.T.);
#5041 = ORIENTED_EDGE('',*,*,#4923,.F.);
#5042 = SPHERICAL_SURFACE('',#5043,0.3);
#5043 = AXIS2_PLACEMENT_3D('',#5044,#5045,#5046);
#5044 = CARTESIAN_POINT('',(20.7,12.2,0.3));
#5045 = DIRECTION('',(0.,0.,1.));
#5046 = DIRECTION('',(1.,0.,-0.));
#5047 = ADVANCED_FACE('',(#5048),#5091,.T.);
#5048 = FACE_BOUND('',#5049,.T.);
#5049 = EDGE_LOOP('',(#5050,#5058,#5059,#5060,#5061,#5069,#5077,#5085));
#5050 = ORIENTED_EDGE('',*,*,#5051,.T.);
#5051 = EDGE_CURVE('',#5052,#4773,#5054,.T.);
#5052 = VERTEX_POINT('',#5053);
#5053 = CARTESIAN_POINT('',(20.5,0.4,5.6));
#5054 = LINE('',#5055,#5056);
#5055 = CARTESIAN_POINT('',(17.85,0.4,5.6));
#5056 = VECTOR('',#5057,1.);
#5057 = DIRECTION('',(1.,0.,-0.));
#5058 = ORIENTED_EDGE('',*,*,#4780,.F.);
#5059 = ORIENTED_EDGE('',*,*,#4356,.F.);
#5060 = ORIENTED_EDGE('',*,*,#4820,.T.);
#5061 = ORIENTED_EDGE('',*,*,#5062,.F.);
#5062 = EDGE_CURVE('',#5063,#4821,#5065,.T.);
#5063 = VERTEX_POINT('',#5064);
#5064 = CARTESIAN_POINT('',(20.05,0.4,5.6));
#5065 = LINE('',#5066,#5067);
#5066 = CARTESIAN_POINT('',(17.85,0.4,5.6));
#5067 = VECTOR('',#5068,1.);
#5068 = DIRECTION('',(1.,0.,-0.));
#5069 = ORIENTED_EDGE('',*,*,#5070,.T.);
#5070 = EDGE_CURVE('',#5063,#5071,#5073,.T.);
#5071 = VERTEX_POINT('',#5072);
#5072 = CARTESIAN_POINT('',(20.05,4.35,5.6));
#5073 = LINE('',#5074,#5075);
#5074 = CARTESIAN_POINT('',(20.05,0.4,5.6));
#5075 = VECTOR('',#5076,1.);
#5076 = DIRECTION('',(-0.,1.,0.));
#5077 = ORIENTED_EDGE('',*,*,#5078,.T.);
#5078 = EDGE_CURVE('',#5071,#5079,#5081,.T.);
#5079 = VERTEX_POINT('',#5080);
#5080 = CARTESIAN_POINT('',(20.5,4.35,5.6));
#5081 = LINE('',#5082,#5083);
#5082 = CARTESIAN_POINT('',(18.,4.35,5.6));
#5083 = VECTOR('',#5084,1.);
#5084 = DIRECTION('',(1.,0.,-0.));
#5085 = ORIENTED_EDGE('',*,*,#5086,.F.);
#5086 = EDGE_CURVE('',#5052,#5079,#5087,.T.);
#5087 = LINE('',#5088,#5089);
#5088 = CARTESIAN_POINT('',(20.5,0.4,5.6));
#5089 = VECTOR('',#5090,1.);
#5090 = DIRECTION('',(-0.,1.,0.));
#5091 = PLANE('',#5092);
#5092 = AXIS2_PLACEMENT_3D('',#5093,#5094,#5095);
#5093 = CARTESIAN_POINT('',(20.296212121212,2.121212121212,5.6));
#5094 = DIRECTION('',(-0.,-0.,-1.));
#5095 = DIRECTION('',(-1.,0.,0.));
#5096 = ADVANCED_FACE('',(#5097),#5122,.F.);
#5097 = FACE_BOUND('',#5098,.F.);
#5098 = EDGE_LOOP('',(#5099,#5107,#5108,#5116));
#5099 = ORIENTED_EDGE('',*,*,#5100,.F.);
#5100 = EDGE_CURVE('',#5063,#5101,#5103,.T.);
#5101 = VERTEX_POINT('',#5102);
#5102 = CARTESIAN_POINT('',(20.05,0.4,7.35));
#5103 = LINE('',#5104,#5105);
#5104 = CARTESIAN_POINT('',(20.05,0.4,5.6));
#5105 = VECTOR('',#5106,1.);
#5106 = DIRECTION('',(0.,0.,1.));
#5107 = ORIENTED_EDGE('',*,*,#5070,.T.);
#5108 = ORIENTED_EDGE('',*,*,#5109,.T.);
#5109 = EDGE_CURVE('',#5071,#5110,#5112,.T.);
#5110 = VERTEX_POINT('',#5111);
#5111 = CARTESIAN_POINT('',(20.05,4.35,7.35));
#5112 = LINE('',#5113,#5114);
#5113 = CARTESIAN_POINT('',(20.05,4.35,5.6));
#5114 = VECTOR('',#5115,1.);
#5115 = DIRECTION('',(0.,0.,1.));
#5116 = ORIENTED_EDGE('',*,*,#5117,.F.);
#5117 = EDGE_CURVE('',#5101,#5110,#5118,.T.);
#5118 = LINE('',#5119,#5120);
#5119 = CARTESIAN_POINT('',(20.05,0.4,7.35));
#5120 = VECTOR('',#5121,1.);
#5121 = DIRECTION('',(-0.,1.,0.));
#5122 = PLANE('',#5123);
#5123 = AXIS2_PLACEMENT_3D('',#5124,#5125,#5126);
#5124 = CARTESIAN_POINT('',(20.05,0.4,5.6));
#5125 = DIRECTION('',(1.,0.,-0.));
#5126 = DIRECTION('',(0.,0.,1.));
#5127 = ADVANCED_FACE('',(#5128),#5153,.F.);
#5128 = FACE_BOUND('',#5129,.F.);
#5129 = EDGE_LOOP('',(#5130,#5138,#5146,#5152));
#5130 = ORIENTED_EDGE('',*,*,#5131,.F.);
#5131 = EDGE_CURVE('',#5132,#5052,#5134,.T.);
#5132 = VERTEX_POINT('',#5133);
#5133 = CARTESIAN_POINT('',(20.5,0.4,2.1));
#5134 = LINE('',#5135,#5136);
#5135 = CARTESIAN_POINT('',(20.5,0.4,2.1));
#5136 = VECTOR('',#5137,1.);
#5137 = DIRECTION('',(0.,0.,1.));
#5138 = ORIENTED_EDGE('',*,*,#5139,.T.);
#5139 = EDGE_CURVE('',#5132,#5140,#5142,.T.);
#5140 = VERTEX_POINT('',#5141);
#5141 = CARTESIAN_POINT('',(20.5,4.35,2.1));
#5142 = LINE('',#5143,#5144);
#5143 = CARTESIAN_POINT('',(20.5,0.4,2.1));
#5144 = VECTOR('',#5145,1.);
#5145 = DIRECTION('',(-0.,1.,0.));
#5146 = ORIENTED_EDGE('',*,*,#5147,.T.);
#5147 = EDGE_CURVE('',#5140,#5079,#5148,.T.);
#5148 = LINE('',#5149,#5150);
#5149 = CARTESIAN_POINT('',(20.5,4.35,2.1));
#5150 = VECTOR('',#5151,1.);
#5151 = DIRECTION('',(0.,0.,1.));
#5152 = ORIENTED_EDGE('',*,*,#5086,.F.);
#5153 = PLANE('',#5154);
#5154 = AXIS2_PLACEMENT_3D('',#5155,#5156,#5157);
#5155 = CARTESIAN_POINT('',(20.5,0.4,2.1));
#5156 = DIRECTION('',(1.,0.,-0.));
#5157 = DIRECTION('',(0.,0.,1.));
#5158 = ADVANCED_FACE('',(#5159),#5186,.F.);
#5159 = FACE_BOUND('',#5160,.F.);
#5160 = EDGE_LOOP('',(#5161,#5170,#5171,#5180));
#5161 = ORIENTED_EDGE('',*,*,#5162,.F.);
#5162 = EDGE_CURVE('',#5140,#5163,#5165,.T.);
#5163 = VERTEX_POINT('',#5164);
#5164 = CARTESIAN_POINT('',(18.,4.35,2.1));
#5165 = CIRCLE('',#5166,1.25);
#5166 = AXIS2_PLACEMENT_3D('',#5167,#5168,#5169);
#5167 = CARTESIAN_POINT('',(19.25,4.35,2.1));
#5168 = DIRECTION('',(0.,1.,0.));
#5169 = DIRECTION('',(0.,-0.,1.));
#5170 = ORIENTED_EDGE('',*,*,#5139,.F.);
#5171 = ORIENTED_EDGE('',*,*,#5172,.T.);
#5172 = EDGE_CURVE('',#5132,#5173,#5175,.T.);
#5173 = VERTEX_POINT('',#5174);
#5174 = CARTESIAN_POINT('',(18.,0.4,2.1));
#5175 = CIRCLE('',#5176,1.25);
#5176 = AXIS2_PLACEMENT_3D('',#5177,#5178,#5179);
#5177 = CARTESIAN_POINT('',(19.25,0.4,2.1));
#5178 = DIRECTION('',(0.,1.,0.));
#5179 = DIRECTION('',(0.,-0.,1.));
#5180 = ORIENTED_EDGE('',*,*,#5181,.T.);
#5181 = EDGE_CURVE('',#5173,#5163,#5182,.T.);
#5182 = LINE('',#5183,#5184);
#5183 = CARTESIAN_POINT('',(18.,0.4,2.1));
#5184 = VECTOR('',#5185,1.);
#5185 = DIRECTION('',(-0.,1.,0.));
#5186 = CYLINDRICAL_SURFACE('',#5187,1.25);
#5187 = AXIS2_PLACEMENT_3D('',#5188,#5189,#5190);
#5188 = CARTESIAN_POINT('',(19.25,0.4,2.1));
#5189 = DIRECTION('',(0.,1.,0.));
#5190 = DIRECTION('',(0.,-0.,1.));
#5191 = ADVANCED_FACE('',(#5192),#5217,.T.);
#5192 = FACE_BOUND('',#5193,.T.);
#5193 = EDGE_LOOP('',(#5194,#5202,#5203,#5211));
#5194 = ORIENTED_EDGE('',*,*,#5195,.F.);
#5195 = EDGE_CURVE('',#5173,#5196,#5198,.T.);
#5196 = VERTEX_POINT('',#5197);
#5197 = CARTESIAN_POINT('',(18.,0.4,5.6));
#5198 = LINE('',#5199,#5200);
#5199 = CARTESIAN_POINT('',(18.,0.4,2.1));
#5200 = VECTOR('',#5201,1.);
#5201 = DIRECTION('',(0.,0.,1.));
#5202 = ORIENTED_EDGE('',*,*,#5181,.T.);
#5203 = ORIENTED_EDGE('',*,*,#5204,.T.);
#5204 = EDGE_CURVE('',#5163,#5205,#5207,.T.);
#5205 = VERTEX_POINT('',#5206);
#5206 = CARTESIAN_POINT('',(18.,4.35,5.6));
#5207 = LINE('',#5208,#5209);
#5208 = CARTESIAN_POINT('',(18.,4.35,2.1));
#5209 = VECTOR('',#5210,1.);
#5210 = DIRECTION('',(0.,0.,1.));
#5211 = ORIENTED_EDGE('',*,*,#5212,.F.);
#5212 = EDGE_CURVE('',#5196,#5205,#5213,.T.);
#5213 = LINE('',#5214,#5215);
#5214 = CARTESIAN_POINT('',(18.,0.4,5.6));
#5215 = VECTOR('',#5216,1.);
#5216 = DIRECTION('',(-0.,1.,0.));
#5217 = PLANE('',#5218);
#5218 = AXIS2_PLACEMENT_3D('',#5219,#5220,#5221);
#5219 = CARTESIAN_POINT('',(18.,0.4,2.1));
#5220 = DIRECTION('',(1.,0.,-0.));
#5221 = DIRECTION('',(0.,0.,1.));
#5222 = ADVANCED_FACE('',(#5223),#5257,.T.);
#5223 = FACE_BOUND('',#5224,.T.);
#5224 = EDGE_LOOP('',(#5225,#5231,#5232,#5240,#5248,#5254,#5255,#5256));
#5225 = ORIENTED_EDGE('',*,*,#5226,.T.);
#5226 = EDGE_CURVE('',#4853,#5196,#5227,.T.);
#5227 = LINE('',#5228,#5229);
#5228 = CARTESIAN_POINT('',(17.85,0.4,5.6));
#5229 = VECTOR('',#5230,1.);
#5230 = DIRECTION('',(1.,0.,-0.));
#5231 = ORIENTED_EDGE('',*,*,#5212,.T.);
#5232 = ORIENTED_EDGE('',*,*,#5233,.T.);
#5233 = EDGE_CURVE('',#5205,#5234,#5236,.T.);
#5234 = VERTEX_POINT('',#5235);
#5235 = CARTESIAN_POINT('',(18.45,4.35,5.6));
#5236 = LINE('',#5237,#5238);
#5237 = CARTESIAN_POINT('',(18.,4.35,5.6));
#5238 = VECTOR('',#5239,1.);
#5239 = DIRECTION('',(1.,0.,-0.));
#5240 = ORIENTED_EDGE('',*,*,#5241,.F.);
#5241 = EDGE_CURVE('',#5242,#5234,#5244,.T.);
#5242 = VERTEX_POINT('',#5243);
#5243 = CARTESIAN_POINT('',(18.45,0.4,5.6));
#5244 = LINE('',#5245,#5246);
#5245 = CARTESIAN_POINT('',(18.45,0.4,5.6));
#5246 = VECTOR('',#5247,1.);
#5247 = DIRECTION('',(-0.,1.,0.));
#5248 = ORIENTED_EDGE('',*,*,#5249,.F.);
#5249 = EDGE_CURVE('',#4876,#5242,#5250,.T.);
#5250 = LINE('',#5251,#5252);
#5251 = CARTESIAN_POINT('',(17.85,0.4,5.6));
#5252 = VECTOR('',#5253,1.);
#5253 = DIRECTION('',(1.,0.,-0.));
#5254 = ORIENTED_EDGE('',*,*,#4875,.F.);
#5255 = ORIENTED_EDGE('',*,*,#4398,.F.);
#5256 = ORIENTED_EDGE('',*,*,#4860,.T.);
#5257 = PLANE('',#5258);
#5258 = AXIS2_PLACEMENT_3D('',#5259,#5260,#5261);
#5259 = CARTESIAN_POINT('',(18.203787878788,2.121212121212,5.6));
#5260 = DIRECTION('',(-0.,-0.,-1.));
#5261 = DIRECTION('',(-1.,0.,0.));
#5262 = ADVANCED_FACE('',(#5263),#5288,.T.);
#5263 = FACE_BOUND('',#5264,.T.);
#5264 = EDGE_LOOP('',(#5265,#5273,#5274,#5282));
#5265 = ORIENTED_EDGE('',*,*,#5266,.F.);
#5266 = EDGE_CURVE('',#5242,#5267,#5269,.T.);
#5267 = VERTEX_POINT('',#5268);
#5268 = CARTESIAN_POINT('',(18.45,0.4,7.35));
#5269 = LINE('',#5270,#5271);
#5270 = CARTESIAN_POINT('',(18.45,0.4,5.6));
#5271 = VECTOR('',#5272,1.);
#5272 = DIRECTION('',(0.,0.,1.));
#5273 = ORIENTED_EDGE('',*,*,#5241,.T.);
#5274 = ORIENTED_EDGE('',*,*,#5275,.T.);
#5275 = EDGE_CURVE('',#5234,#5276,#5278,.T.);
#5276 = VERTEX_POINT('',#5277);
#5277 = CARTESIAN_POINT('',(18.45,4.35,7.35));
#5278 = LINE('',#5279,#5280);
#5279 = CARTESIAN_POINT('',(18.45,4.35,5.6));
#5280 = VECTOR('',#5281,1.);
#5281 = DIRECTION('',(0.,0.,1.));
#5282 = ORIENTED_EDGE('',*,*,#5283,.F.);
#5283 = EDGE_CURVE('',#5267,#5276,#5284,.T.);
#5284 = LINE('',#5285,#5286);
#5285 = CARTESIAN_POINT('',(18.45,0.4,7.35));
#5286 = VECTOR('',#5287,1.);
#5287 = DIRECTION('',(-0.,1.,0.));
#5288 = PLANE('',#5289);
#5289 = AXIS2_PLACEMENT_3D('',#5290,#5291,#5292);
#5290 = CARTESIAN_POINT('',(18.45,0.4,5.6));
#5291 = DIRECTION('',(1.,0.,-0.));
#5292 = DIRECTION('',(0.,0.,1.));
#5293 = ADVANCED_FACE('',(#5294),#5304,.T.);
#5294 = FACE_BOUND('',#5295,.T.);
#5295 = EDGE_LOOP('',(#5296,#5297,#5298,#5299,#5300,#5301,#5302,#5303));
#5296 = ORIENTED_EDGE('',*,*,#4772,.T.);
#5297 = ORIENTED_EDGE('',*,*,#5051,.F.);
#5298 = ORIENTED_EDGE('',*,*,#5131,.F.);
#5299 = ORIENTED_EDGE('',*,*,#5172,.T.);
#5300 = ORIENTED_EDGE('',*,*,#5195,.T.);
#5301 = ORIENTED_EDGE('',*,*,#5226,.F.);
#5302 = ORIENTED_EDGE('',*,*,#4852,.F.);
#5303 = ORIENTED_EDGE('',*,*,#4794,.F.);
#5304 = PLANE('',#5305);
#5305 = AXIS2_PLACEMENT_3D('',#5306,#5307,#5308);
#5306 = CARTESIAN_POINT('',(19.25,0.4,2.974105664285));
#5307 = DIRECTION('',(-0.,-1.,-0.));
#5308 = DIRECTION('',(0.,0.,-1.));
#5309 = ADVANCED_FACE('',(#5310),#5350,.T.);
#5310 = FACE_BOUND('',#5311,.T.);
#5311 = EDGE_LOOP('',(#5312,#5313,#5314,#5323,#5330,#5331,#5332,#5333,
    #5342,#5349));
#5312 = ORIENTED_EDGE('',*,*,#5062,.T.);
#5313 = ORIENTED_EDGE('',*,*,#4828,.T.);
#5314 = ORIENTED_EDGE('',*,*,#5315,.F.);
#5315 = EDGE_CURVE('',#5316,#4829,#5318,.T.);
#5316 = VERTEX_POINT('',#5317);
#5317 = CARTESIAN_POINT('',(19.25,0.4,8.3));
#5318 = CIRCLE('',#5319,0.95);
#5319 = AXIS2_PLACEMENT_3D('',#5320,#5321,#5322);
#5320 = CARTESIAN_POINT('',(19.25,0.4,7.35));
#5321 = DIRECTION('',(0.,1.,0.));
#5322 = DIRECTION('',(0.,-0.,1.));
#5323 = ORIENTED_EDGE('',*,*,#5324,.F.);
#5324 = EDGE_CURVE('',#4884,#5316,#5325,.T.);
#5325 = CIRCLE('',#5326,0.95);
#5326 = AXIS2_PLACEMENT_3D('',#5327,#5328,#5329);
#5327 = CARTESIAN_POINT('',(19.25,0.4,7.35));
#5328 = DIRECTION('',(0.,1.,0.));
#5329 = DIRECTION('',(0.,-0.,1.));
#5330 = ORIENTED_EDGE('',*,*,#4883,.F.);
#5331 = ORIENTED_EDGE('',*,*,#5249,.T.);
#5332 = ORIENTED_EDGE('',*,*,#5266,.T.);
#5333 = ORIENTED_EDGE('',*,*,#5334,.T.);
#5334 = EDGE_CURVE('',#5267,#5335,#5337,.T.);
#5335 = VERTEX_POINT('',#5336);
#5336 = CARTESIAN_POINT('',(19.25,0.4,8.15));
#5337 = CIRCLE('',#5338,0.8);
#5338 = AXIS2_PLACEMENT_3D('',#5339,#5340,#5341);
#5339 = CARTESIAN_POINT('',(19.25,0.4,7.35));
#5340 = DIRECTION('',(0.,1.,0.));
#5341 = DIRECTION('',(0.,-0.,1.));
#5342 = ORIENTED_EDGE('',*,*,#5343,.T.);
#5343 = EDGE_CURVE('',#5335,#5101,#5344,.T.);
#5344 = CIRCLE('',#5345,0.8);
#5345 = AXIS2_PLACEMENT_3D('',#5346,#5347,#5348);
#5346 = CARTESIAN_POINT('',(19.25,0.4,7.35));
#5347 = DIRECTION('',(0.,1.,0.));
#5348 = DIRECTION('',(0.,-0.,1.));
#5349 = ORIENTED_EDGE('',*,*,#5100,.F.);
#5350 = PLANE('',#5351);
#5351 = AXIS2_PLACEMENT_3D('',#5352,#5353,#5354);
#5352 = CARTESIAN_POINT('',(19.25,0.4,7.061813018945));
#5353 = DIRECTION('',(-0.,-1.,-0.));
#5354 = DIRECTION('',(0.,0.,-1.));
#5355 = ADVANCED_FACE('',(#5356),#5381,.T.);
#5356 = FACE_BOUND('',#5357,.T.);
#5357 = EDGE_LOOP('',(#5358,#5359,#5360,#5361,#5370,#5377,#5378,#5379,
    #5380));
#5358 = ORIENTED_EDGE('',*,*,#5147,.T.);
#5359 = ORIENTED_EDGE('',*,*,#5078,.F.);
#5360 = ORIENTED_EDGE('',*,*,#5109,.T.);
#5361 = ORIENTED_EDGE('',*,*,#5362,.F.);
#5362 = EDGE_CURVE('',#5363,#5110,#5365,.T.);
#5363 = VERTEX_POINT('',#5364);
#5364 = CARTESIAN_POINT('',(19.25,4.35,8.15));
#5365 = CIRCLE('',#5366,0.8);
#5366 = AXIS2_PLACEMENT_3D('',#5367,#5368,#5369);
#5367 = CARTESIAN_POINT('',(19.25,4.35,7.35));
#5368 = DIRECTION('',(0.,1.,0.));
#5369 = DIRECTION('',(0.,-0.,1.));
#5370 = ORIENTED_EDGE('',*,*,#5371,.F.);
#5371 = EDGE_CURVE('',#5276,#5363,#5372,.T.);
#5372 = CIRCLE('',#5373,0.8);
#5373 = AXIS2_PLACEMENT_3D('',#5374,#5375,#5376);
#5374 = CARTESIAN_POINT('',(19.25,4.35,7.35));
#5375 = DIRECTION('',(0.,1.,0.));
#5376 = DIRECTION('',(0.,-0.,1.));
#5377 = ORIENTED_EDGE('',*,*,#5275,.F.);
#5378 = ORIENTED_EDGE('',*,*,#5233,.F.);
#5379 = ORIENTED_EDGE('',*,*,#5204,.F.);
#5380 = ORIENTED_EDGE('',*,*,#5162,.F.);
#5381 = PLANE('',#5382);
#5382 = AXIS2_PLACEMENT_3D('',#5383,#5384,#5385);
#5383 = CARTESIAN_POINT('',(19.25,4.35,4.497949762039));
#5384 = DIRECTION('',(-0.,-1.,-0.));
#5385 = DIRECTION('',(0.,0.,-1.));
#5386 = ADVANCED_FACE('',(#5387),#5395,.F.);
#5387 = FACE_BOUND('',#5388,.F.);
#5388 = EDGE_LOOP('',(#5389,#5390,#5391,#5392,#5393,#5394));
#5389 = ORIENTED_EDGE('',*,*,#4891,.F.);
#5390 = ORIENTED_EDGE('',*,*,#4381,.T.);
#5391 = ORIENTED_EDGE('',*,*,#4372,.T.);
#5392 = ORIENTED_EDGE('',*,*,#4836,.T.);
#5393 = ORIENTED_EDGE('',*,*,#5315,.F.);
#5394 = ORIENTED_EDGE('',*,*,#5324,.F.);
#5395 = CYLINDRICAL_SURFACE('',#5396,0.95);
#5396 = AXIS2_PLACEMENT_3D('',#5397,#5398,#5399);
#5397 = CARTESIAN_POINT('',(19.25,-5.E-02,7.35));
#5398 = DIRECTION('',(0.,1.,0.));
#5399 = DIRECTION('',(0.,-0.,1.));
#5400 = ADVANCED_FACE('',(#5401),#5409,.F.);
#5401 = FACE_BOUND('',#5402,.F.);
#5402 = EDGE_LOOP('',(#5403,#5404,#5405,#5406,#5407,#5408));
#5403 = ORIENTED_EDGE('',*,*,#5117,.T.);
#5404 = ORIENTED_EDGE('',*,*,#5362,.F.);
#5405 = ORIENTED_EDGE('',*,*,#5371,.F.);
#5406 = ORIENTED_EDGE('',*,*,#5283,.F.);
#5407 = ORIENTED_EDGE('',*,*,#5334,.T.);
#5408 = ORIENTED_EDGE('',*,*,#5343,.T.);
#5409 = CYLINDRICAL_SURFACE('',#5410,0.8);
#5410 = AXIS2_PLACEMENT_3D('',#5411,#5412,#5413);
#5411 = CARTESIAN_POINT('',(19.25,0.4,7.35));
#5412 = DIRECTION('',(0.,1.,0.));
#5413 = DIRECTION('',(0.,-0.,1.));
#5414 = ( GEOMETRIC_REPRESENTATION_CONTEXT(3)
GLOBAL_UNCERTAINTY_ASSIGNED_CONTEXT((#5418))
GLOBAL_UNIT_ASSIGNED_CONTEXT((#5415,#5416,#5417)) REPRESENTATION_CONTEXT
('Context #1','3D Context with UNIT and UNCERTAINTY') );
#5415 = ( LENGTH_UNIT() NAMED_UNIT(*) SI_UNIT(.MILLI.,.METRE.) );
#5416 = ( NAMED_UNIT(*) PLANE_ANGLE_UNIT() SI_UNIT($,.RADIAN.) );
#5417 = ( NAMED_UNIT(*) SI_UNIT($,.STERADIAN.) SOLID_ANGLE_UNIT() );
#5418 = UNCERTAINTY_MEASURE_WITH_UNIT(LENGTH_MEASURE(1.E-07),#5415,
  'distance_accuracy_value','confusion accuracy');
#5419 = CONTEXT_DEPENDENT_SHAPE_REPRESENTATION(#5420,#5422);
#5420 = ( REPRESENTATION_RELATIONSHIP('','',#4058,#10)
REPRESENTATION_RELATIONSHIP_WITH_TRANSFORMATION(#5421)
SHAPE_REPRESENTATION_RELATIONSHIP() );
#5421 = ITEM_DEFINED_TRANSFORMATION('','',#11,#47);
#5422 = PRODUCT_DEFINITION_SHAPE('Placement','Placement of an item',
  #5423);
#5423 = NEXT_ASSEMBLY_USAGE_OCCURRENCE('9','Housing P3','',#5,#4053,$);
#5424 = PRODUCT_RELATED_PRODUCT_CATEGORY('part',$,(#4055));
#5425 = SHAPE_DEFINITION_REPRESENTATION(#5426,#5432);
#5426 = PRODUCT_DEFINITION_SHAPE('','',#5427);
#5427 = PRODUCT_DEFINITION('design','',#5428,#5431);
#5428 = PRODUCT_DEFINITION_FORMATION('','',#5429);
#5429 = PRODUCT('Actuator P3','Actuator P3','',(#5430));
#5430 = PRODUCT_CONTEXT('',#2,'mechanical');
#5431 = PRODUCT_DEFINITION_CONTEXT('part definition',#2,'design');
#5432 = ADVANCED_BREP_SHAPE_REPRESENTATION('',(#11,#5433),#5651);
#5433 = MANIFOLD_SOLID_BREP('',#5434);
#5434 = CLOSED_SHELL('',(#5435,#5475,#5506,#5537,#5568,#5601,#5623,#5637
    ));
#5435 = ADVANCED_FACE('',(#5436),#5470,.T.);
#5436 = FACE_BOUND('',#5437,.T.);
#5437 = EDGE_LOOP('',(#5438,#5448,#5456,#5464));
#5438 = ORIENTED_EDGE('',*,*,#5439,.T.);
#5439 = EDGE_CURVE('',#5440,#5442,#5444,.T.);
#5440 = VERTEX_POINT('',#5441);
#5441 = CARTESIAN_POINT('',(17.9,-0.35,10.6));
#5442 = VERTEX_POINT('',#5443);
#5443 = CARTESIAN_POINT('',(20.6,-0.35,10.6));
#5444 = LINE('',#5445,#5446);
#5445 = CARTESIAN_POINT('',(17.9,-0.35,10.6));
#5446 = VECTOR('',#5447,1.);
#5447 = DIRECTION('',(1.,0.,0.));
#5448 = ORIENTED_EDGE('',*,*,#5449,.T.);
#5449 = EDGE_CURVE('',#5442,#5450,#5452,.T.);
#5450 = VERTEX_POINT('',#5451);
#5451 = CARTESIAN_POINT('',(20.6,9.45,10.6));
#5452 = LINE('',#5453,#5454);
#5453 = CARTESIAN_POINT('',(20.6,-0.35,10.6));
#5454 = VECTOR('',#5455,1.);
#5455 = DIRECTION('',(0.,1.,0.));
#5456 = ORIENTED_EDGE('',*,*,#5457,.F.);
#5457 = EDGE_CURVE('',#5458,#5450,#5460,.T.);
#5458 = VERTEX_POINT('',#5459);
#5459 = CARTESIAN_POINT('',(17.9,9.45,10.6));
#5460 = LINE('',#5461,#5462);
#5461 = CARTESIAN_POINT('',(17.9,9.45,10.6));
#5462 = VECTOR('',#5463,1.);
#5463 = DIRECTION('',(1.,0.,0.));
#5464 = ORIENTED_EDGE('',*,*,#5465,.F.);
#5465 = EDGE_CURVE('',#5440,#5458,#5466,.T.);
#5466 = LINE('',#5467,#5468);
#5467 = CARTESIAN_POINT('',(17.9,-0.35,10.6));
#5468 = VECTOR('',#5469,1.);
#5469 = DIRECTION('',(0.,1.,0.));
#5470 = PLANE('',#5471);
#5471 = AXIS2_PLACEMENT_3D('',#5472,#5473,#5474);
#5472 = CARTESIAN_POINT('',(17.9,-0.35,10.6));
#5473 = DIRECTION('',(0.,0.,1.));
#5474 = DIRECTION('',(0.,1.,0.));
#5475 = ADVANCED_FACE('',(#5476),#5501,.T.);
#5476 = FACE_BOUND('',#5477,.T.);
#5477 = EDGE_LOOP('',(#5478,#5488,#5494,#5495));
#5478 = ORIENTED_EDGE('',*,*,#5479,.T.);
#5479 = EDGE_CURVE('',#5480,#5482,#5484,.T.);
#5480 = VERTEX_POINT('',#5481);
#5481 = CARTESIAN_POINT('',(17.9,1.25,8.6));
#5482 = VERTEX_POINT('',#5483);
#5483 = CARTESIAN_POINT('',(20.6,1.25,8.6));
#5484 = LINE('',#5485,#5486);
#5485 = CARTESIAN_POINT('',(17.9,1.25,8.6));
#5486 = VECTOR('',#5487,1.);
#5487 = DIRECTION('',(1.,0.,0.));
#5488 = ORIENTED_EDGE('',*,*,#5489,.T.);
#5489 = EDGE_CURVE('',#5482,#5442,#5490,.T.);
#5490 = LINE('',#5491,#5492);
#5491 = CARTESIAN_POINT('',(20.6,1.25,8.6));
#5492 = VECTOR('',#5493,1.);
#5493 = DIRECTION('',(0.,-0.624695047554,0.780868809443));
#5494 = ORIENTED_EDGE('',*,*,#5439,.F.);
#5495 = ORIENTED_EDGE('',*,*,#5496,.F.);
#5496 = EDGE_CURVE('',#5480,#5440,#5497,.T.);
#5497 = LINE('',#5498,#5499);
#5498 = CARTESIAN_POINT('',(17.9,1.25,8.6));
#5499 = VECTOR('',#5500,1.);
#5500 = DIRECTION('',(0.,-0.624695047554,0.780868809443));
#5501 = PLANE('',#5502);
#5502 = AXIS2_PLACEMENT_3D('',#5503,#5504,#5505);
#5503 = CARTESIAN_POINT('',(17.9,1.25,8.6));
#5504 = DIRECTION('',(0.,-0.780868809443,-0.624695047554));
#5505 = DIRECTION('',(0.,-0.624695047554,0.780868809443));
#5506 = ADVANCED_FACE('',(#5507),#5532,.T.);
#5507 = FACE_BOUND('',#5508,.T.);
#5508 = EDGE_LOOP('',(#5509,#5517,#5518,#5526));
#5509 = ORIENTED_EDGE('',*,*,#5510,.F.);
#5510 = EDGE_CURVE('',#5458,#5511,#5513,.T.);
#5511 = VERTEX_POINT('',#5512);
#5512 = CARTESIAN_POINT('',(17.9,9.45,9.565923489271));
#5513 = LINE('',#5514,#5515);
#5514 = CARTESIAN_POINT('',(17.9,9.45,10.6));
#5515 = VECTOR('',#5516,1.);
#5516 = DIRECTION('',(0.,0.,-1.));
#5517 = ORIENTED_EDGE('',*,*,#5457,.T.);
#5518 = ORIENTED_EDGE('',*,*,#5519,.T.);
#5519 = EDGE_CURVE('',#5450,#5520,#5522,.T.);
#5520 = VERTEX_POINT('',#5521);
#5521 = CARTESIAN_POINT('',(20.6,9.45,9.565923489271));
#5522 = LINE('',#5523,#5524);
#5523 = CARTESIAN_POINT('',(20.6,9.45,10.6));
#5524 = VECTOR('',#5525,1.);
#5525 = DIRECTION('',(0.,0.,-1.));
#5526 = ORIENTED_EDGE('',*,*,#5527,.F.);
#5527 = EDGE_CURVE('',#5511,#5520,#5528,.T.);
#5528 = LINE('',#5529,#5530);
#5529 = CARTESIAN_POINT('',(17.9,9.45,9.565923489271));
#5530 = VECTOR('',#5531,1.);
#5531 = DIRECTION('',(1.,0.,0.));
#5532 = PLANE('',#5533);
#5533 = AXIS2_PLACEMENT_3D('',#5534,#5535,#5536);
#5534 = CARTESIAN_POINT('',(17.9,9.45,10.6));
#5535 = DIRECTION('',(-0.,1.,0.));
#5536 = DIRECTION('',(0.,0.,-1.));
#5537 = ADVANCED_FACE('',(#5538),#5563,.T.);
#5538 = FACE_BOUND('',#5539,.T.);
#5539 = EDGE_LOOP('',(#5540,#5550,#5556,#5557));
#5540 = ORIENTED_EDGE('',*,*,#5541,.T.);
#5541 = EDGE_CURVE('',#5542,#5544,#5546,.T.);
#5542 = VERTEX_POINT('',#5543);
#5543 = CARTESIAN_POINT('',(17.9,9.45,8.6));
#5544 = VERTEX_POINT('',#5545);
#5545 = CARTESIAN_POINT('',(20.6,9.45,8.6));
#5546 = LINE('',#5547,#5548);
#5547 = CARTESIAN_POINT('',(17.9,9.45,8.6));
#5548 = VECTOR('',#5549,1.);
#5549 = DIRECTION('',(1.,0.,0.));
#5550 = ORIENTED_EDGE('',*,*,#5551,.T.);
#5551 = EDGE_CURVE('',#5544,#5482,#5552,.T.);
#5552 = LINE('',#5553,#5554);
#5553 = CARTESIAN_POINT('',(20.6,9.45,8.6));
#5554 = VECTOR('',#5555,1.);
#5555 = DIRECTION('',(0.,-1.,0.));
#5556 = ORIENTED_EDGE('',*,*,#5479,.F.);
#5557 = ORIENTED_EDGE('',*,*,#5558,.F.);
#5558 = EDGE_CURVE('',#5542,#5480,#5559,.T.);
#5559 = LINE('',#5560,#5561);
#5560 = CARTESIAN_POINT('',(17.9,9.45,8.6));
#5561 = VECTOR('',#5562,1.);
#5562 = DIRECTION('',(0.,-1.,0.));
#5563 = PLANE('',#5564);
#5564 = AXIS2_PLACEMENT_3D('',#5565,#5566,#5567);
#5565 = CARTESIAN_POINT('',(17.9,9.45,8.6));
#5566 = DIRECTION('',(0.,0.,-1.));
#5567 = DIRECTION('',(0.,-1.,0.));
#5568 = ADVANCED_FACE('',(#5569),#5596,.T.);
#5569 = FACE_BOUND('',#5570,.T.);
#5570 = EDGE_LOOP('',(#5571,#5580,#5588,#5595));
#5571 = ORIENTED_EDGE('',*,*,#5572,.F.);
#5572 = EDGE_CURVE('',#5573,#5520,#5575,.T.);
#5573 = VERTEX_POINT('',#5574);
#5574 = CARTESIAN_POINT('',(20.6,9.45,8.834076510729));
#5575 = CIRCLE('',#5576,0.58);
#5576 = AXIS2_PLACEMENT_3D('',#5577,#5578,#5579);
#5577 = CARTESIAN_POINT('',(20.6,9.,9.2));
#5578 = DIRECTION('',(1.,0.,0.));
#5579 = DIRECTION('',(-0.,0.,1.));
#5580 = ORIENTED_EDGE('',*,*,#5581,.F.);
#5581 = EDGE_CURVE('',#5582,#5573,#5584,.T.);
#5582 = VERTEX_POINT('',#5583);
#5583 = CARTESIAN_POINT('',(17.9,9.45,8.834076510729));
#5584 = LINE('',#5585,#5586);
#5585 = CARTESIAN_POINT('',(17.9,9.45,8.834076510729));
#5586 = VECTOR('',#5587,1.);
#5587 = DIRECTION('',(1.,0.,0.));
#5588 = ORIENTED_EDGE('',*,*,#5589,.T.);
#5589 = EDGE_CURVE('',#5582,#5511,#5590,.T.);
#5590 = CIRCLE('',#5591,0.58);
#5591 = AXIS2_PLACEMENT_3D('',#5592,#5593,#5594);
#5592 = CARTESIAN_POINT('',(17.9,9.,9.2));
#5593 = DIRECTION('',(1.,0.,0.));
#5594 = DIRECTION('',(-0.,0.,1.));
#5595 = ORIENTED_EDGE('',*,*,#5527,.T.);
#5596 = CYLINDRICAL_SURFACE('',#5597,0.58);
#5597 = AXIS2_PLACEMENT_3D('',#5598,#5599,#5600);
#5598 = CARTESIAN_POINT('',(17.9,9.,9.2));
#5599 = DIRECTION('',(1.,0.,0.));
#5600 = DIRECTION('',(-0.,0.,1.));
#5601 = ADVANCED_FACE('',(#5602),#5618,.T.);
#5602 = FACE_BOUND('',#5603,.T.);
#5603 = EDGE_LOOP('',(#5604,#5610,#5611,#5617));
#5604 = ORIENTED_EDGE('',*,*,#5605,.F.);
#5605 = EDGE_CURVE('',#5582,#5542,#5606,.T.);
#5606 = LINE('',#5607,#5608);
#5607 = CARTESIAN_POINT('',(17.9,9.45,10.6));
#5608 = VECTOR('',#5609,1.);
#5609 = DIRECTION('',(0.,0.,-1.));
#5610 = ORIENTED_EDGE('',*,*,#5581,.T.);
#5611 = ORIENTED_EDGE('',*,*,#5612,.T.);
#5612 = EDGE_CURVE('',#5573,#5544,#5613,.T.);
#5613 = LINE('',#5614,#5615);
#5614 = CARTESIAN_POINT('',(20.6,9.45,10.6));
#5615 = VECTOR('',#5616,1.);
#5616 = DIRECTION('',(0.,0.,-1.));
#5617 = ORIENTED_EDGE('',*,*,#5541,.F.);
#5618 = PLANE('',#5619);
#5619 = AXIS2_PLACEMENT_3D('',#5620,#5621,#5622);
#5620 = CARTESIAN_POINT('',(17.9,9.45,10.6));
#5621 = DIRECTION('',(-0.,1.,0.));
#5622 = DIRECTION('',(0.,0.,-1.));
#5623 = ADVANCED_FACE('',(#5624),#5632,.T.);
#5624 = FACE_BOUND('',#5625,.T.);
#5625 = EDGE_LOOP('',(#5626,#5627,#5628,#5629,#5630,#5631));
#5626 = ORIENTED_EDGE('',*,*,#5496,.T.);
#5627 = ORIENTED_EDGE('',*,*,#5465,.T.);
#5628 = ORIENTED_EDGE('',*,*,#5510,.T.);
#5629 = ORIENTED_EDGE('',*,*,#5589,.F.);
#5630 = ORIENTED_EDGE('',*,*,#5605,.T.);
#5631 = ORIENTED_EDGE('',*,*,#5558,.T.);
#5632 = PLANE('',#5633);
#5633 = AXIS2_PLACEMENT_3D('',#5634,#5635,#5636);
#5634 = CARTESIAN_POINT('',(17.9,4.823284092834,9.669808456553));
#5635 = DIRECTION('',(-1.,-0.,-0.));
#5636 = DIRECTION('',(0.,0.,-1.));
#5637 = ADVANCED_FACE('',(#5638),#5646,.T.);
#5638 = FACE_BOUND('',#5639,.T.);
#5639 = EDGE_LOOP('',(#5640,#5641,#5642,#5643,#5644,#5645));
#5640 = ORIENTED_EDGE('',*,*,#5489,.F.);
#5641 = ORIENTED_EDGE('',*,*,#5551,.F.);
#5642 = ORIENTED_EDGE('',*,*,#5612,.F.);
#5643 = ORIENTED_EDGE('',*,*,#5572,.T.);
#5644 = ORIENTED_EDGE('',*,*,#5519,.F.);
#5645 = ORIENTED_EDGE('',*,*,#5449,.F.);
#5646 = PLANE('',#5647);
#5647 = AXIS2_PLACEMENT_3D('',#5648,#5649,#5650);
#5648 = CARTESIAN_POINT('',(20.6,4.823284092834,9.669808456553));
#5649 = DIRECTION('',(1.,0.,0.));
#5650 = DIRECTION('',(-0.,0.,1.));
#5651 = ( GEOMETRIC_REPRESENTATION_CONTEXT(3)
GLOBAL_UNCERTAINTY_ASSIGNED_CONTEXT((#5655))
GLOBAL_UNIT_ASSIGNED_CONTEXT((#5652,#5653,#5654)) REPRESENTATION_CONTEXT
('Context #1','3D Context with UNIT and UNCERTAINTY') );
#5652 = ( LENGTH_UNIT() NAMED_UNIT(*) SI_UNIT(.MILLI.,.METRE.) );
#5653 = ( NAMED_UNIT(*) PLANE_ANGLE_UNIT() SI_UNIT($,.RADIAN.) );
#5654 = ( NAMED_UNIT(*) SI_UNIT($,.STERADIAN.) SOLID_ANGLE_UNIT() );
#5655 = UNCERTAINTY_MEASURE_WITH_UNIT(LENGTH_MEASURE(1.E-07),#5652,
  'distance_accuracy_value','confusion accuracy');
#5656 = CONTEXT_DEPENDENT_SHAPE_REPRESENTATION(#5657,#5659);
#5657 = ( REPRESENTATION_RELATIONSHIP('','',#5432,#10)
REPRESENTATION_RELATIONSHIP_WITH_TRANSFORMATION(#5658)
SHAPE_REPRESENTATION_RELATIONSHIP() );
#5658 = ITEM_DEFINED_TRANSFORMATION('','',#11,#51);
#5659 = PRODUCT_DEFINITION_SHAPE('Placement','Placement of an item',
  #5660);
#5660 = NEXT_ASSEMBLY_USAGE_OCCURRENCE('10','Actuator P3','',#5,#5427,$
  );
#5661 = PRODUCT_RELATED_PRODUCT_CATEGORY('part',$,(#5429));
#5662 = SHAPE_DEFINITION_REPRESENTATION(#5663,#5669);
#5663 = PRODUCT_DEFINITION_SHAPE('','',#5664);
#5664 = PRODUCT_DEFINITION('design','',#5665,#5668);
#5665 = PRODUCT_DEFINITION_FORMATION('','',#5666);
#5666 = PRODUCT('Terminal Pin P3 A','Terminal Pin P3 A','',(#5667));
#5667 = PRODUCT_CONTEXT('',#2,'mechanical');
#5668 = PRODUCT_DEFINITION_CONTEXT('part definition',#2,'design');
#5669 = ADVANCED_BREP_SHAPE_REPRESENTATION('',(#11,#5670),#5820);
#5670 = MANIFOLD_SOLID_BREP('',#5671);
#5671 = CLOSED_SHELL('',(#5672,#5712,#5752,#5774,#5796,#5808));
#5672 = ADVANCED_FACE('',(#5673),#5707,.F.);
#5673 = FACE_BOUND('',#5674,.F.);
#5674 = EDGE_LOOP('',(#5675,#5685,#5693,#5701));
#5675 = ORIENTED_EDGE('',*,*,#5676,.F.);
#5676 = EDGE_CURVE('',#5677,#5679,#5681,.T.);
#5677 = VERTEX_POINT('',#5678);
#5678 = CARTESIAN_POINT('',(19.35,4.35,-3.5));
#5679 = VERTEX_POINT('',#5680);
#5680 = CARTESIAN_POINT('',(19.35,4.35,0.));
#5681 = LINE('',#5682,#5683);
#5682 = CARTESIAN_POINT('',(19.35,4.35,-3.5));
#5683 = VECTOR('',#5684,1.);
#5684 = DIRECTION('',(0.,0.,1.));
#5685 = ORIENTED_EDGE('',*,*,#5686,.T.);
#5686 = EDGE_CURVE('',#5677,#5687,#5689,.T.);
#5687 = VERTEX_POINT('',#5688);
#5688 = CARTESIAN_POINT('',(19.35,4.85,-3.5));
#5689 = LINE('',#5690,#5691);
#5690 = CARTESIAN_POINT('',(19.35,4.35,-3.5));
#5691 = VECTOR('',#5692,1.);
#5692 = DIRECTION('',(-0.,1.,0.));
#5693 = ORIENTED_EDGE('',*,*,#5694,.T.);
#5694 = EDGE_CURVE('',#5687,#5695,#5697,.T.);
#5695 = VERTEX_POINT('',#5696);
#5696 = CARTESIAN_POINT('',(19.35,4.85,0.));
#5697 = LINE('',#5698,#5699);
#5698 = CARTESIAN_POINT('',(19.35,4.85,-3.5));
#5699 = VECTOR('',#5700,1.);
#5700 = DIRECTION('',(0.,0.,1.));
#5701 = ORIENTED_EDGE('',*,*,#5702,.F.);
#5702 = EDGE_CURVE('',#5679,#5695,#5703,.T.);
#5703 = LINE('',#5704,#5705);
#5704 = CARTESIAN_POINT('',(19.35,4.35,0.));
#5705 = VECTOR('',#5706,1.);
#5706 = DIRECTION('',(-0.,1.,0.));
#5707 = PLANE('',#5708);
#5708 = AXIS2_PLACEMENT_3D('',#5709,#5710,#5711);
#5709 = CARTESIAN_POINT('',(19.35,4.35,-3.5));
#5710 = DIRECTION('',(1.,0.,-0.));
#5711 = DIRECTION('',(0.,0.,1.));
#5712 = ADVANCED_FACE('',(#5713),#5747,.T.);
#5713 = FACE_BOUND('',#5714,.T.);
#5714 = EDGE_LOOP('',(#5715,#5725,#5733,#5741));
#5715 = ORIENTED_EDGE('',*,*,#5716,.F.);
#5716 = EDGE_CURVE('',#5717,#5719,#5721,.T.);
#5717 = VERTEX_POINT('',#5718);
#5718 = CARTESIAN_POINT('',(20.15,4.35,-3.5));
#5719 = VERTEX_POINT('',#5720);
#5720 = CARTESIAN_POINT('',(20.15,4.35,0.));
#5721 = LINE('',#5722,#5723);
#5722 = CARTESIAN_POINT('',(20.15,4.35,-3.5));
#5723 = VECTOR('',#5724,1.);
#5724 = DIRECTION('',(0.,0.,1.));
#5725 = ORIENTED_EDGE('',*,*,#5726,.T.);
#5726 = EDGE_CURVE('',#5717,#5727,#5729,.T.);
#5727 = VERTEX_POINT('',#5728);
#5728 = CARTESIAN_POINT('',(20.15,4.85,-3.5));
#5729 = LINE('',#5730,#5731);
#5730 = CARTESIAN_POINT('',(20.15,4.35,-3.5));
#5731 = VECTOR('',#5732,1.);
#5732 = DIRECTION('',(-0.,1.,0.));
#5733 = ORIENTED_EDGE('',*,*,#5734,.T.);
#5734 = EDGE_CURVE('',#5727,#5735,#5737,.T.);
#5735 = VERTEX_POINT('',#5736);
#5736 = CARTESIAN_POINT('',(20.15,4.85,0.));
#5737 = LINE('',#5738,#5739);
#5738 = CARTESIAN_POINT('',(20.15,4.85,-3.5));
#5739 = VECTOR('',#5740,1.);
#5740 = DIRECTION('',(0.,0.,1.));
#5741 = ORIENTED_EDGE('',*,*,#5742,.F.);
#5742 = EDGE_CURVE('',#5719,#5735,#5743,.T.);
#5743 = LINE('',#5744,#5745);
#5744 = CARTESIAN_POINT('',(20.15,4.35,0.));
#5745 = VECTOR('',#5746,1.);
#5746 = DIRECTION('',(-0.,1.,0.));
#5747 = PLANE('',#5748);
#5748 = AXIS2_PLACEMENT_3D('',#5749,#5750,#5751);
#5749 = CARTESIAN_POINT('',(20.15,4.35,-3.5));
#5750 = DIRECTION('',(1.,0.,-0.));
#5751 = DIRECTION('',(0.,0.,1.));
#5752 = ADVANCED_FACE('',(#5753),#5769,.F.);
#5753 = FACE_BOUND('',#5754,.F.);
#5754 = EDGE_LOOP('',(#5755,#5761,#5762,#5768));
#5755 = ORIENTED_EDGE('',*,*,#5756,.F.);
#5756 = EDGE_CURVE('',#5677,#5717,#5757,.T.);
#5757 = LINE('',#5758,#5759);
#5758 = CARTESIAN_POINT('',(19.35,4.35,-3.5));
#5759 = VECTOR('',#5760,1.);
#5760 = DIRECTION('',(1.,0.,-0.));
#5761 = ORIENTED_EDGE('',*,*,#5676,.T.);
#5762 = ORIENTED_EDGE('',*,*,#5763,.T.);
#5763 = EDGE_CURVE('',#5679,#5719,#5764,.T.);
#5764 = LINE('',#5765,#5766);
#5765 = CARTESIAN_POINT('',(19.35,4.35,0.));
#5766 = VECTOR('',#5767,1.);
#5767 = DIRECTION('',(1.,0.,-0.));
#5768 = ORIENTED_EDGE('',*,*,#5716,.F.);
#5769 = PLANE('',#5770);
#5770 = AXIS2_PLACEMENT_3D('',#5771,#5772,#5773);
#5771 = CARTESIAN_POINT('',(19.35,4.35,-3.5));
#5772 = DIRECTION('',(-0.,1.,0.));
#5773 = DIRECTION('',(0.,0.,1.));
#5774 = ADVANCED_FACE('',(#5775),#5791,.T.);
#5775 = FACE_BOUND('',#5776,.T.);
#5776 = EDGE_LOOP('',(#5777,#5783,#5784,#5790));
#5777 = ORIENTED_EDGE('',*,*,#5778,.F.);
#5778 = EDGE_CURVE('',#5687,#5727,#5779,.T.);
#5779 = LINE('',#5780,#5781);
#5780 = CARTESIAN_POINT('',(19.35,4.85,-3.5));
#5781 = VECTOR('',#5782,1.);
#5782 = DIRECTION('',(1.,0.,-0.));
#5783 = ORIENTED_EDGE('',*,*,#5694,.T.);
#5784 = ORIENTED_EDGE('',*,*,#5785,.T.);
#5785 = EDGE_CURVE('',#5695,#5735,#5786,.T.);
#5786 = LINE('',#5787,#5788);
#5787 = CARTESIAN_POINT('',(19.35,4.85,0.));
#5788 = VECTOR('',#5789,1.);
#5789 = DIRECTION('',(1.,0.,-0.));
#5790 = ORIENTED_EDGE('',*,*,#5734,.F.);
#5791 = PLANE('',#5792);
#5792 = AXIS2_PLACEMENT_3D('',#5793,#5794,#5795);
#5793 = CARTESIAN_POINT('',(19.35,4.85,-3.5));
#5794 = DIRECTION('',(-0.,1.,0.));
#5795 = DIRECTION('',(0.,0.,1.));
#5796 = ADVANCED_FACE('',(#5797),#5803,.F.);
#5797 = FACE_BOUND('',#5798,.F.);
#5798 = EDGE_LOOP('',(#5799,#5800,#5801,#5802));
#5799 = ORIENTED_EDGE('',*,*,#5686,.F.);
#5800 = ORIENTED_EDGE('',*,*,#5756,.T.);
#5801 = ORIENTED_EDGE('',*,*,#5726,.T.);
#5802 = ORIENTED_EDGE('',*,*,#5778,.F.);
#5803 = PLANE('',#5804);
#5804 = AXIS2_PLACEMENT_3D('',#5805,#5806,#5807);
#5805 = CARTESIAN_POINT('',(19.35,4.35,-3.5));
#5806 = DIRECTION('',(0.,0.,1.));
#5807 = DIRECTION('',(1.,0.,-0.));
#5808 = ADVANCED_FACE('',(#5809),#5815,.T.);
#5809 = FACE_BOUND('',#5810,.T.);
#5810 = EDGE_LOOP('',(#5811,#5812,#5813,#5814));
#5811 = ORIENTED_EDGE('',*,*,#5702,.F.);
#5812 = ORIENTED_EDGE('',*,*,#5763,.T.);
#5813 = ORIENTED_EDGE('',*,*,#5742,.T.);
#5814 = ORIENTED_EDGE('',*,*,#5785,.F.);
#5815 = PLANE('',#5816);
#5816 = AXIS2_PLACEMENT_3D('',#5817,#5818,#5819);
#5817 = CARTESIAN_POINT('',(19.35,4.35,0.));
#5818 = DIRECTION('',(0.,0.,1.));
#5819 = DIRECTION('',(1.,0.,-0.));
#5820 = ( GEOMETRIC_REPRESENTATION_CONTEXT(3)
GLOBAL_UNCERTAINTY_ASSIGNED_CONTEXT((#5824))
GLOBAL_UNIT_ASSIGNED_CONTEXT((#5821,#5822,#5823)) REPRESENTATION_CONTEXT
('Context #1','3D Context with UNIT and UNCERTAINTY') );
#5821 = ( LENGTH_UNIT() NAMED_UNIT(*) SI_UNIT(.MILLI.,.METRE.) );
#5822 = ( NAMED_UNIT(*) PLANE_ANGLE_UNIT() SI_UNIT($,.RADIAN.) );
#5823 = ( NAMED_UNIT(*) SI_UNIT($,.STERADIAN.) SOLID_ANGLE_UNIT() );
#5824 = UNCERTAINTY_MEASURE_WITH_UNIT(LENGTH_MEASURE(1.E-07),#5821,
  'distance_accuracy_value','confusion accuracy');
#5825 = CONTEXT_DEPENDENT_SHAPE_REPRESENTATION(#5826,#5828);
#5826 = ( REPRESENTATION_RELATIONSHIP('','',#5669,#10)
REPRESENTATION_RELATIONSHIP_WITH_TRANSFORMATION(#5827)
SHAPE_REPRESENTATION_RELATIONSHIP() );
#5827 = ITEM_DEFINED_TRANSFORMATION('','',#11,#55);
#5828 = PRODUCT_DEFINITION_SHAPE('Placement','Placement of an item',
  #5829);
#5829 = NEXT_ASSEMBLY_USAGE_OCCURRENCE('11','Terminal Pin P3 A','',#5,
  #5664,$);
#5830 = PRODUCT_RELATED_PRODUCT_CATEGORY('part',$,(#5666));
#5831 = SHAPE_DEFINITION_REPRESENTATION(#5832,#5838);
#5832 = PRODUCT_DEFINITION_SHAPE('','',#5833);
#5833 = PRODUCT_DEFINITION('design','',#5834,#5837);
#5834 = PRODUCT_DEFINITION_FORMATION('','',#5835);
#5835 = PRODUCT('Terminal Pin P3 B','Terminal Pin P3 B','',(#5836));
#5836 = PRODUCT_CONTEXT('',#2,'mechanical');
#5837 = PRODUCT_DEFINITION_CONTEXT('part definition',#2,'design');
#5838 = ADVANCED_BREP_SHAPE_REPRESENTATION('',(#11,#5839),#5989);
#5839 = MANIFOLD_SOLID_BREP('',#5840);
#5840 = CLOSED_SHELL('',(#5841,#5881,#5921,#5943,#5965,#5977));
#5841 = ADVANCED_FACE('',(#5842),#5876,.F.);
#5842 = FACE_BOUND('',#5843,.F.);
#5843 = EDGE_LOOP('',(#5844,#5854,#5862,#5870));
#5844 = ORIENTED_EDGE('',*,*,#5845,.F.);
#5845 = EDGE_CURVE('',#5846,#5848,#5850,.T.);
#5846 = VERTEX_POINT('',#5847);
#5847 = CARTESIAN_POINT('',(19.35,9.35,-3.5));
#5848 = VERTEX_POINT('',#5849);
#5849 = CARTESIAN_POINT('',(19.35,9.35,0.));
#5850 = LINE('',#5851,#5852);
#5851 = CARTESIAN_POINT('',(19.35,9.35,-3.5));
#5852 = VECTOR('',#5853,1.);
#5853 = DIRECTION('',(0.,0.,1.));
#5854 = ORIENTED_EDGE('',*,*,#5855,.T.);
#5855 = EDGE_CURVE('',#5846,#5856,#5858,.T.);
#5856 = VERTEX_POINT('',#5857);
#5857 = CARTESIAN_POINT('',(19.35,9.85,-3.5));
#5858 = LINE('',#5859,#5860);
#5859 = CARTESIAN_POINT('',(19.35,9.35,-3.5));
#5860 = VECTOR('',#5861,1.);
#5861 = DIRECTION('',(-0.,1.,0.));
#5862 = ORIENTED_EDGE('',*,*,#5863,.T.);
#5863 = EDGE_CURVE('',#5856,#5864,#5866,.T.);
#5864 = VERTEX_POINT('',#5865);
#5865 = CARTESIAN_POINT('',(19.35,9.85,0.));
#5866 = LINE('',#5867,#5868);
#5867 = CARTESIAN_POINT('',(19.35,9.85,-3.5));
#5868 = VECTOR('',#5869,1.);
#5869 = DIRECTION('',(0.,0.,1.));
#5870 = ORIENTED_EDGE('',*,*,#5871,.F.);
#5871 = EDGE_CURVE('',#5848,#5864,#5872,.T.);
#5872 = LINE('',#5873,#5874);
#5873 = CARTESIAN_POINT('',(19.35,9.35,0.));
#5874 = VECTOR('',#5875,1.);
#5875 = DIRECTION('',(-0.,1.,0.));
#5876 = PLANE('',#5877);
#5877 = AXIS2_PLACEMENT_3D('',#5878,#5879,#5880);
#5878 = CARTESIAN_POINT('',(19.35,9.35,-3.5));
#5879 = DIRECTION('',(1.,0.,-0.));
#5880 = DIRECTION('',(0.,0.,1.));
#5881 = ADVANCED_FACE('',(#5882),#5916,.T.);
#5882 = FACE_BOUND('',#5883,.T.);
#5883 = EDGE_LOOP('',(#5884,#5894,#5902,#5910));
#5884 = ORIENTED_EDGE('',*,*,#5885,.F.);
#5885 = EDGE_CURVE('',#5886,#5888,#5890,.T.);
#5886 = VERTEX_POINT('',#5887);
#5887 = CARTESIAN_POINT('',(20.15,9.35,-3.5));
#5888 = VERTEX_POINT('',#5889);
#5889 = CARTESIAN_POINT('',(20.15,9.35,0.));
#5890 = LINE('',#5891,#5892);
#5891 = CARTESIAN_POINT('',(20.15,9.35,-3.5));
#5892 = VECTOR('',#5893,1.);
#5893 = DIRECTION('',(0.,0.,1.));
#5894 = ORIENTED_EDGE('',*,*,#5895,.T.);
#5895 = EDGE_CURVE('',#5886,#5896,#5898,.T.);
#5896 = VERTEX_POINT('',#5897);
#5897 = CARTESIAN_POINT('',(20.15,9.85,-3.5));
#5898 = LINE('',#5899,#5900);
#5899 = CARTESIAN_POINT('',(20.15,9.35,-3.5));
#5900 = VECTOR('',#5901,1.);
#5901 = DIRECTION('',(-0.,1.,0.));
#5902 = ORIENTED_EDGE('',*,*,#5903,.T.);
#5903 = EDGE_CURVE('',#5896,#5904,#5906,.T.);
#5904 = VERTEX_POINT('',#5905);
#5905 = CARTESIAN_POINT('',(20.15,9.85,0.));
#5906 = LINE('',#5907,#5908);
#5907 = CARTESIAN_POINT('',(20.15,9.85,-3.5));
#5908 = VECTOR('',#5909,1.);
#5909 = DIRECTION('',(0.,0.,1.));
#5910 = ORIENTED_EDGE('',*,*,#5911,.F.);
#5911 = EDGE_CURVE('',#5888,#5904,#5912,.T.);
#5912 = LINE('',#5913,#5914);
#5913 = CARTESIAN_POINT('',(20.15,9.35,0.));
#5914 = VECTOR('',#5915,1.);
#5915 = DIRECTION('',(-0.,1.,0.));
#5916 = PLANE('',#5917);
#5917 = AXIS2_PLACEMENT_3D('',#5918,#5919,#5920);
#5918 = CARTESIAN_POINT('',(20.15,9.35,-3.5));
#5919 = DIRECTION('',(1.,0.,-0.));
#5920 = DIRECTION('',(0.,0.,1.));
#5921 = ADVANCED_FACE('',(#5922),#5938,.F.);
#5922 = FACE_BOUND('',#5923,.F.);
#5923 = EDGE_LOOP('',(#5924,#5930,#5931,#5937));
#5924 = ORIENTED_EDGE('',*,*,#5925,.F.);
#5925 = EDGE_CURVE('',#5846,#5886,#5926,.T.);
#5926 = LINE('',#5927,#5928);
#5927 = CARTESIAN_POINT('',(19.35,9.35,-3.5));
#5928 = VECTOR('',#5929,1.);
#5929 = DIRECTION('',(1.,0.,-0.));
#5930 = ORIENTED_EDGE('',*,*,#5845,.T.);
#5931 = ORIENTED_EDGE('',*,*,#5932,.T.);
#5932 = EDGE_CURVE('',#5848,#5888,#5933,.T.);
#5933 = LINE('',#5934,#5935);
#5934 = CARTESIAN_POINT('',(19.35,9.35,0.));
#5935 = VECTOR('',#5936,1.);
#5936 = DIRECTION('',(1.,0.,-0.));
#5937 = ORIENTED_EDGE('',*,*,#5885,.F.);
#5938 = PLANE('',#5939);
#5939 = AXIS2_PLACEMENT_3D('',#5940,#5941,#5942);
#5940 = CARTESIAN_POINT('',(19.35,9.35,-3.5));
#5941 = DIRECTION('',(-0.,1.,0.));
#5942 = DIRECTION('',(0.,0.,1.));
#5943 = ADVANCED_FACE('',(#5944),#5960,.T.);
#5944 = FACE_BOUND('',#5945,.T.);
#5945 = EDGE_LOOP('',(#5946,#5952,#5953,#5959));
#5946 = ORIENTED_EDGE('',*,*,#5947,.F.);
#5947 = EDGE_CURVE('',#5856,#5896,#5948,.T.);
#5948 = LINE('',#5949,#5950);
#5949 = CARTESIAN_POINT('',(19.35,9.85,-3.5));
#5950 = VECTOR('',#5951,1.);
#5951 = DIRECTION('',(1.,0.,-0.));
#5952 = ORIENTED_EDGE('',*,*,#5863,.T.);
#5953 = ORIENTED_EDGE('',*,*,#5954,.T.);
#5954 = EDGE_CURVE('',#5864,#5904,#5955,.T.);
#5955 = LINE('',#5956,#5957);
#5956 = CARTESIAN_POINT('',(19.35,9.85,0.));
#5957 = VECTOR('',#5958,1.);
#5958 = DIRECTION('',(1.,0.,-0.));
#5959 = ORIENTED_EDGE('',*,*,#5903,.F.);
#5960 = PLANE('',#5961);
#5961 = AXIS2_PLACEMENT_3D('',#5962,#5963,#5964);
#5962 = CARTESIAN_POINT('',(19.35,9.85,-3.5));
#5963 = DIRECTION('',(-0.,1.,0.));
#5964 = DIRECTION('',(0.,0.,1.));
#5965 = ADVANCED_FACE('',(#5966),#5972,.F.);
#5966 = FACE_BOUND('',#5967,.F.);
#5967 = EDGE_LOOP('',(#5968,#5969,#5970,#5971));
#5968 = ORIENTED_EDGE('',*,*,#5855,.F.);
#5969 = ORIENTED_EDGE('',*,*,#5925,.T.);
#5970 = ORIENTED_EDGE('',*,*,#5895,.T.);
#5971 = ORIENTED_EDGE('',*,*,#5947,.F.);
#5972 = PLANE('',#5973);
#5973 = AXIS2_PLACEMENT_3D('',#5974,#5975,#5976);
#5974 = CARTESIAN_POINT('',(19.35,9.35,-3.5));
#5975 = DIRECTION('',(0.,0.,1.));
#5976 = DIRECTION('',(1.,0.,-0.));
#5977 = ADVANCED_FACE('',(#5978),#5984,.T.);
#5978 = FACE_BOUND('',#5979,.T.);
#5979 = EDGE_LOOP('',(#5980,#5981,#5982,#5983));
#5980 = ORIENTED_EDGE('',*,*,#5871,.F.);
#5981 = ORIENTED_EDGE('',*,*,#5932,.T.);
#5982 = ORIENTED_EDGE('',*,*,#5911,.T.);
#5983 = ORIENTED_EDGE('',*,*,#5954,.F.);
#5984 = PLANE('',#5985);
#5985 = AXIS2_PLACEMENT_3D('',#5986,#5987,#5988);
#5986 = CARTESIAN_POINT('',(19.35,9.35,0.));
#5987 = DIRECTION('',(0.,0.,1.));
#5988 = DIRECTION('',(1.,0.,-0.));
#5989 = ( GEOMETRIC_REPRESENTATION_CONTEXT(3)
GLOBAL_UNCERTAINTY_ASSIGNED_CONTEXT((#5993))
GLOBAL_UNIT_ASSIGNED_CONTEXT((#5990,#5991,#5992)) REPRESENTATION_CONTEXT
('Context #1','3D Context with UNIT and UNCERTAINTY') );
#5990 = ( LENGTH_UNIT() NAMED_UNIT(*) SI_UNIT(.MILLI.,.METRE.) );
#5991 = ( NAMED_UNIT(*) PLANE_ANGLE_UNIT() SI_UNIT($,.RADIAN.) );
#5992 = ( NAMED_UNIT(*) SI_UNIT($,.STERADIAN.) SOLID_ANGLE_UNIT() );
#5993 = UNCERTAINTY_MEASURE_WITH_UNIT(LENGTH_MEASURE(1.E-07),#5990,
  'distance_accuracy_value','confusion accuracy');
#5994 = CONTEXT_DEPENDENT_SHAPE_REPRESENTATION(#5995,#5997);
#5995 = ( REPRESENTATION_RELATIONSHIP('','',#5838,#10)
REPRESENTATION_RELATIONSHIP_WITH_TRANSFORMATION(#5996)
SHAPE_REPRESENTATION_RELATIONSHIP() );
#5996 = ITEM_DEFINED_TRANSFORMATION('','',#11,#59);
#5997 = PRODUCT_DEFINITION_SHAPE('Placement','Placement of an item',
  #5998);
#5998 = NEXT_ASSEMBLY_USAGE_OCCURRENCE('12','Terminal Pin P3 B','',#5,
  #5833,$);
#5999 = PRODUCT_RELATED_PRODUCT_CATEGORY('part',$,(#5835));
#6000 = SHAPE_DEFINITION_REPRESENTATION(#6001,#6007);
#6001 = PRODUCT_DEFINITION_SHAPE('','',#6002);
#6002 = PRODUCT_DEFINITION('design','',#6003,#6006);
#6003 = PRODUCT_DEFINITION_FORMATION('','',#6004);
#6004 = PRODUCT('Housing P4','Housing P4','',(#6005));
#6005 = PRODUCT_CONTEXT('',#2,'mechanical');
#6006 = PRODUCT_DEFINITION_CONTEXT('part definition',#2,'design');
#6007 = ADVANCED_BREP_SHAPE_REPRESENTATION('',(#11,#6008),#7363);
#6008 = MANIFOLD_SOLID_BREP('',#6009);
#6009 = CLOSED_SHELL('',(#6010,#6058,#6091,#6182,#6207,#6240,#6273,#6374
    ,#6391,#6416,#6448,#6473,#6513,#6545,#6569,#6594,#6611,#6628,#6659,
    #6690,#6708,#6739,#6764,#6795,#6819,#6850,#6867,#6891,#6909,#6926,
    #6938,#6955,#6967,#6985,#6996,#7045,#7076,#7107,#7140,#7171,#7211,
    #7242,#7258,#7304,#7335,#7349));
#6010 = ADVANCED_FACE('',(#6011),#6053,.F.);
#6011 = FACE_BOUND('',#6012,.F.);
#6012 = EDGE_LOOP('',(#6013,#6023,#6031,#6039,#6047));
#6013 = ORIENTED_EDGE('',*,*,#6014,.F.);
#6014 = EDGE_CURVE('',#6015,#6017,#6019,.T.);
#6015 = VERTEX_POINT('',#6016);
#6016 = CARTESIAN_POINT('',(14.,0.3,0.3));
#6017 = VERTEX_POINT('',#6018);
#6018 = CARTESIAN_POINT('',(14.,0.3,9.086363636364));
#6019 = LINE('',#6020,#6021);
#6020 = CARTESIAN_POINT('',(14.,0.3,0.));
#6021 = VECTOR('',#6022,1.);
#6022 = DIRECTION('',(0.,0.,1.));
#6023 = ORIENTED_EDGE('',*,*,#6024,.T.);
#6024 = EDGE_CURVE('',#6015,#6025,#6027,.T.);
#6025 = VERTEX_POINT('',#6026);
#6026 = CARTESIAN_POINT('',(14.,12.2,0.3));
#6027 = LINE('',#6028,#6029);
#6028 = CARTESIAN_POINT('',(14.,0.,0.3));
#6029 = VECTOR('',#6030,1.);
#6030 = DIRECTION('',(-0.,1.,0.));
#6031 = ORIENTED_EDGE('',*,*,#6032,.T.);
#6032 = EDGE_CURVE('',#6025,#6033,#6035,.T.);
#6033 = VERTEX_POINT('',#6034);
#6034 = CARTESIAN_POINT('',(14.,12.2,10.3));
#6035 = LINE('',#6036,#6037);
#6036 = CARTESIAN_POINT('',(14.,12.2,0.));
#6037 = VECTOR('',#6038,1.);
#6038 = DIRECTION('',(0.,0.,1.));
#6039 = ORIENTED_EDGE('',*,*,#6040,.F.);
#6040 = EDGE_CURVE('',#6041,#6033,#6043,.T.);
#6041 = VERTEX_POINT('',#6042);
#6042 = CARTESIAN_POINT('',(14.,1.743243243243,10.3));
#6043 = LINE('',#6044,#6045);
#6044 = CARTESIAN_POINT('',(14.,0.,10.3));
#6045 = VECTOR('',#6046,1.);
#6046 = DIRECTION('',(-0.,1.,0.));
#6047 = ORIENTED_EDGE('',*,*,#6048,.F.);
#6048 = EDGE_CURVE('',#6017,#6041,#6049,.T.);
#6049 = LINE('',#6050,#6051);
#6050 = CARTESIAN_POINT('',(14.,-1.125779122542,7.88741301059));
#6051 = VECTOR('',#6052,1.);
#6052 = DIRECTION('',(0.,0.765362085905,0.643599935875));
#6053 = PLANE('',#6054);
#6054 = AXIS2_PLACEMENT_3D('',#6055,#6056,#6057);
#6055 = CARTESIAN_POINT('',(14.,0.,0.));
#6056 = DIRECTION('',(1.,0.,-0.));
#6057 = DIRECTION('',(0.,0.,1.));
#6058 = ADVANCED_FACE('',(#6059),#6086,.T.);
#6059 = FACE_BOUND('',#6060,.T.);
#6060 = EDGE_LOOP('',(#6061,#6062,#6071,#6079));
#6061 = ORIENTED_EDGE('',*,*,#6014,.F.);
#6062 = ORIENTED_EDGE('',*,*,#6063,.T.);
#6063 = EDGE_CURVE('',#6015,#6064,#6066,.T.);
#6064 = VERTEX_POINT('',#6065);
#6065 = CARTESIAN_POINT('',(14.3,-5.551115123126E-17,0.3));
#6066 = CIRCLE('',#6067,0.3);
#6067 = AXIS2_PLACEMENT_3D('',#6068,#6069,#6070);
#6068 = CARTESIAN_POINT('',(14.3,0.3,0.3));
#6069 = DIRECTION('',(0.,0.,1.));
#6070 = DIRECTION('',(-1.,0.,0.));
#6071 = ORIENTED_EDGE('',*,*,#6072,.T.);
#6072 = EDGE_CURVE('',#6064,#6073,#6075,.T.);
#6073 = VERTEX_POINT('',#6074);
#6074 = CARTESIAN_POINT('',(14.3,-5.551115123126E-17,8.834090909091));
#6075 = LINE('',#6076,#6077);
#6076 = CARTESIAN_POINT('',(14.3,-5.551115123126E-17,0.));
#6077 = VECTOR('',#6078,1.);
#6078 = DIRECTION('',(0.,0.,1.));
#6079 = ORIENTED_EDGE('',*,*,#6080,.T.);
#6080 = EDGE_CURVE('',#6073,#6017,#6081,.T.);
#6081 = ELLIPSE('',#6082,0.391971336867,0.3);
#6082 = AXIS2_PLACEMENT_3D('',#6083,#6084,#6085);
#6083 = CARTESIAN_POINT('',(14.3,0.3,9.086363636364));
#6084 = DIRECTION('',(0.,0.643599935875,-0.765362085905));
#6085 = DIRECTION('',(0.,0.765362085905,0.643599935875));
#6086 = CYLINDRICAL_SURFACE('',#6087,0.3);
#6087 = AXIS2_PLACEMENT_3D('',#6088,#6089,#6090);
#6088 = CARTESIAN_POINT('',(14.3,0.3,0.));
#6089 = DIRECTION('',(0.,0.,1.));
#6090 = DIRECTION('',(-1.,-0.,0.));
#6091 = ADVANCED_FACE('',(#6092),#6177,.F.);
#6092 = FACE_BOUND('',#6093,.F.);
#6093 = EDGE_LOOP('',(#6094,#6103,#6111,#6119,#6127,#6135,#6143,#6152,
    #6160,#6169,#6175,#6176));
#6094 = ORIENTED_EDGE('',*,*,#6095,.T.);
#6095 = EDGE_CURVE('',#6041,#6096,#6098,.T.);
#6096 = VERTEX_POINT('',#6097);
#6097 = CARTESIAN_POINT('',(14.3,2.1,10.6));
#6098 = ELLIPSE('',#6099,0.466128076275,0.3);
#6099 = AXIS2_PLACEMENT_3D('',#6100,#6101,#6102);
#6100 = CARTESIAN_POINT('',(14.3,1.743243243243,10.3));
#6101 = DIRECTION('',(0.,0.643599935875,-0.765362085905));
#6102 = DIRECTION('',(0.,0.765362085905,0.643599935875));
#6103 = ORIENTED_EDGE('',*,*,#6104,.T.);
#6104 = EDGE_CURVE('',#6096,#6105,#6107,.T.);
#6105 = VERTEX_POINT('',#6106);
#6106 = CARTESIAN_POINT('',(14.34,2.1,10.6));
#6107 = LINE('',#6108,#6109);
#6108 = CARTESIAN_POINT('',(13.9,2.1,10.6));
#6109 = VECTOR('',#6110,1.);
#6110 = DIRECTION('',(1.,0.,0.));
#6111 = ORIENTED_EDGE('',*,*,#6112,.T.);
#6112 = EDGE_CURVE('',#6105,#6113,#6115,.T.);
#6113 = VERTEX_POINT('',#6114);
#6114 = CARTESIAN_POINT('',(14.34,0.589585439838,9.329878665319));
#6115 = LINE('',#6116,#6117);
#6116 = CARTESIAN_POINT('',(14.34,2.697145719937,11.102145264493));
#6117 = VECTOR('',#6118,1.);
#6118 = DIRECTION('',(0.,-0.765362085905,-0.643599935875));
#6119 = ORIENTED_EDGE('',*,*,#6120,.T.);
#6120 = EDGE_CURVE('',#6113,#6121,#6123,.T.);
#6121 = VERTEX_POINT('',#6122);
#6122 = CARTESIAN_POINT('',(17.16,0.589585439838,9.329878665319));
#6123 = LINE('',#6124,#6125);
#6124 = CARTESIAN_POINT('',(14.12,0.589585439838,9.329878665319));
#6125 = VECTOR('',#6126,1.);
#6126 = DIRECTION('',(1.,0.,0.));
#6127 = ORIENTED_EDGE('',*,*,#6128,.F.);
#6128 = EDGE_CURVE('',#6129,#6121,#6131,.T.);
#6129 = VERTEX_POINT('',#6130);
#6130 = CARTESIAN_POINT('',(17.16,2.1,10.6));
#6131 = LINE('',#6132,#6133);
#6132 = CARTESIAN_POINT('',(17.16,2.697145719937,11.102145264493));
#6133 = VECTOR('',#6134,1.);
#6134 = DIRECTION('',(0.,-0.765362085905,-0.643599935875));
#6135 = ORIENTED_EDGE('',*,*,#6136,.T.);
#6136 = EDGE_CURVE('',#6129,#6137,#6139,.T.);
#6137 = VERTEX_POINT('',#6138);
#6138 = CARTESIAN_POINT('',(17.2,2.1,10.6));
#6139 = LINE('',#6140,#6141);
#6140 = CARTESIAN_POINT('',(13.9,2.1,10.6));
#6141 = VECTOR('',#6142,1.);
#6142 = DIRECTION('',(1.,0.,0.));
#6143 = ORIENTED_EDGE('',*,*,#6144,.T.);
#6144 = EDGE_CURVE('',#6137,#6145,#6147,.T.);
#6145 = VERTEX_POINT('',#6146);
#6146 = CARTESIAN_POINT('',(17.5,1.743243243243,10.3));
#6147 = ELLIPSE('',#6148,0.466128076275,0.3);
#6148 = AXIS2_PLACEMENT_3D('',#6149,#6150,#6151);
#6149 = CARTESIAN_POINT('',(17.2,1.743243243243,10.3));
#6150 = DIRECTION('',(0.,0.643599935875,-0.765362085905));
#6151 = DIRECTION('',(0.,0.765362085905,0.643599935875));
#6152 = ORIENTED_EDGE('',*,*,#6153,.F.);
#6153 = EDGE_CURVE('',#6154,#6145,#6156,.T.);
#6154 = VERTEX_POINT('',#6155);
#6155 = CARTESIAN_POINT('',(17.5,0.3,9.086363636364));
#6156 = LINE('',#6157,#6158);
#6157 = CARTESIAN_POINT('',(17.5,-1.125779122542,7.88741301059));
#6158 = VECTOR('',#6159,1.);
#6159 = DIRECTION('',(0.,0.765362085905,0.643599935875));
#6160 = ORIENTED_EDGE('',*,*,#6161,.T.);
#6161 = EDGE_CURVE('',#6154,#6162,#6164,.T.);
#6162 = VERTEX_POINT('',#6163);
#6163 = CARTESIAN_POINT('',(17.2,-5.551115123126E-17,8.834090909091));
#6164 = ELLIPSE('',#6165,0.391971336867,0.3);
#6165 = AXIS2_PLACEMENT_3D('',#6166,#6167,#6168);
#6166 = CARTESIAN_POINT('',(17.2,0.3,9.086363636364));
#6167 = DIRECTION('',(0.,0.643599935875,-0.765362085905));
#6168 = DIRECTION('',(0.,0.765362085905,0.643599935875));
#6169 = ORIENTED_EDGE('',*,*,#6170,.T.);
#6170 = EDGE_CURVE('',#6162,#6073,#6171,.T.);
#6171 = LINE('',#6172,#6173);
#6172 = CARTESIAN_POINT('',(13.95,2.22044604925E-16,8.834090909091));
#6173 = VECTOR('',#6174,1.);
#6174 = DIRECTION('',(-1.,0.,-0.));
#6175 = ORIENTED_EDGE('',*,*,#6080,.T.);
#6176 = ORIENTED_EDGE('',*,*,#6048,.T.);
#6177 = PLANE('',#6178);
#6178 = AXIS2_PLACEMENT_3D('',#6179,#6180,#6181);
#6179 = CARTESIAN_POINT('',(13.9,2.1,10.6));
#6180 = DIRECTION('',(0.,0.643599935875,-0.765362085905));
#6181 = DIRECTION('',(0.,-0.765362085905,-0.643599935875));
#6182 = ADVANCED_FACE('',(#6183),#6202,.T.);
#6183 = FACE_BOUND('',#6184,.T.);
#6184 = EDGE_LOOP('',(#6185,#6186,#6194,#6201));
#6185 = ORIENTED_EDGE('',*,*,#6095,.T.);
#6186 = ORIENTED_EDGE('',*,*,#6187,.T.);
#6187 = EDGE_CURVE('',#6096,#6188,#6190,.T.);
#6188 = VERTEX_POINT('',#6189);
#6189 = CARTESIAN_POINT('',(14.3,12.2,10.6));
#6190 = LINE('',#6191,#6192);
#6191 = CARTESIAN_POINT('',(14.3,0.,10.6));
#6192 = VECTOR('',#6193,1.);
#6193 = DIRECTION('',(-0.,1.,0.));
#6194 = ORIENTED_EDGE('',*,*,#6195,.F.);
#6195 = EDGE_CURVE('',#6033,#6188,#6196,.T.);
#6196 = CIRCLE('',#6197,0.3);
#6197 = AXIS2_PLACEMENT_3D('',#6198,#6199,#6200);
#6198 = CARTESIAN_POINT('',(14.3,12.2,10.3));
#6199 = DIRECTION('',(-0.,1.,0.));
#6200 = DIRECTION('',(-1.,-0.,0.));
#6201 = ORIENTED_EDGE('',*,*,#6040,.F.);
#6202 = CYLINDRICAL_SURFACE('',#6203,0.3);
#6203 = AXIS2_PLACEMENT_3D('',#6204,#6205,#6206);
#6204 = CARTESIAN_POINT('',(14.3,0.,10.3));
#6205 = DIRECTION('',(-0.,1.,0.));
#6206 = DIRECTION('',(-1.,-0.,0.));
#6207 = ADVANCED_FACE('',(#6208),#6235,.T.);
#6208 = FACE_BOUND('',#6209,.F.);
#6209 = EDGE_LOOP('',(#6210,#6211,#6220,#6228));
#6210 = ORIENTED_EDGE('',*,*,#6032,.F.);
#6211 = ORIENTED_EDGE('',*,*,#6212,.T.);
#6212 = EDGE_CURVE('',#6025,#6213,#6215,.T.);
#6213 = VERTEX_POINT('',#6214);
#6214 = CARTESIAN_POINT('',(14.3,12.5,0.3));
#6215 = CIRCLE('',#6216,0.3);
#6216 = AXIS2_PLACEMENT_3D('',#6217,#6218,#6219);
#6217 = CARTESIAN_POINT('',(14.3,12.2,0.3));
#6218 = DIRECTION('',(-0.,0.,-1.));
#6219 = DIRECTION('',(-1.,0.,0.));
#6220 = ORIENTED_EDGE('',*,*,#6221,.T.);
#6221 = EDGE_CURVE('',#6213,#6222,#6224,.T.);
#6222 = VERTEX_POINT('',#6223);
#6223 = CARTESIAN_POINT('',(14.3,12.5,10.3));
#6224 = LINE('',#6225,#6226);
#6225 = CARTESIAN_POINT('',(14.3,12.5,0.));
#6226 = VECTOR('',#6227,1.);
#6227 = DIRECTION('',(0.,0.,1.));
#6228 = ORIENTED_EDGE('',*,*,#6229,.T.);
#6229 = EDGE_CURVE('',#6222,#6033,#6230,.T.);
#6230 = CIRCLE('',#6231,0.3);
#6231 = AXIS2_PLACEMENT_3D('',#6232,#6233,#6234);
#6232 = CARTESIAN_POINT('',(14.3,12.2,10.3));
#6233 = DIRECTION('',(0.,0.,1.));
#6234 = DIRECTION('',(-1.,-0.,0.));
#6235 = CYLINDRICAL_SURFACE('',#6236,0.3);
#6236 = AXIS2_PLACEMENT_3D('',#6237,#6238,#6239);
#6237 = CARTESIAN_POINT('',(14.3,12.2,0.));
#6238 = DIRECTION('',(0.,0.,1.));
#6239 = DIRECTION('',(-1.,-0.,0.));
#6240 = ADVANCED_FACE('',(#6241),#6268,.T.);
#6241 = FACE_BOUND('',#6242,.F.);
#6242 = EDGE_LOOP('',(#6243,#6252,#6260,#6267));
#6243 = ORIENTED_EDGE('',*,*,#6244,.F.);
#6244 = EDGE_CURVE('',#6245,#6015,#6247,.T.);
#6245 = VERTEX_POINT('',#6246);
#6246 = CARTESIAN_POINT('',(14.3,0.3,0.));
#6247 = CIRCLE('',#6248,0.3);
#6248 = AXIS2_PLACEMENT_3D('',#6249,#6250,#6251);
#6249 = CARTESIAN_POINT('',(14.3,0.3,0.3));
#6250 = DIRECTION('',(0.,1.,-0.));
#6251 = DIRECTION('',(-1.,0.,0.));
#6252 = ORIENTED_EDGE('',*,*,#6253,.T.);
#6253 = EDGE_CURVE('',#6245,#6254,#6256,.T.);
#6254 = VERTEX_POINT('',#6255);
#6255 = CARTESIAN_POINT('',(14.3,12.2,0.));
#6256 = LINE('',#6257,#6258);
#6257 = CARTESIAN_POINT('',(14.3,0.,-5.551115123126E-17));
#6258 = VECTOR('',#6259,1.);
#6259 = DIRECTION('',(-0.,1.,0.));
#6260 = ORIENTED_EDGE('',*,*,#6261,.T.);
#6261 = EDGE_CURVE('',#6254,#6025,#6262,.T.);
#6262 = CIRCLE('',#6263,0.3);
#6263 = AXIS2_PLACEMENT_3D('',#6264,#6265,#6266);
#6264 = CARTESIAN_POINT('',(14.3,12.2,0.3));
#6265 = DIRECTION('',(0.,1.,-0.));
#6266 = DIRECTION('',(-1.,0.,0.));
#6267 = ORIENTED_EDGE('',*,*,#6024,.F.);
#6268 = CYLINDRICAL_SURFACE('',#6269,0.3);
#6269 = AXIS2_PLACEMENT_3D('',#6270,#6271,#6272);
#6270 = CARTESIAN_POINT('',(14.3,0.,0.3));
#6271 = DIRECTION('',(-0.,1.,0.));
#6272 = DIRECTION('',(-1.,-0.,0.));
#6273 = ADVANCED_FACE('',(#6274,#6292),#6369,.F.);
#6274 = FACE_BOUND('',#6275,.F.);
#6275 = EDGE_LOOP('',(#6276,#6284,#6285,#6286));
#6276 = ORIENTED_EDGE('',*,*,#6277,.F.);
#6277 = EDGE_CURVE('',#6064,#6278,#6280,.T.);
#6278 = VERTEX_POINT('',#6279);
#6279 = CARTESIAN_POINT('',(17.2,-5.551115123126E-17,0.3));
#6280 = LINE('',#6281,#6282);
#6281 = CARTESIAN_POINT('',(14.,-5.551115123126E-17,0.3));
#6282 = VECTOR('',#6283,1.);
#6283 = DIRECTION('',(1.,0.,-0.));
#6284 = ORIENTED_EDGE('',*,*,#6072,.T.);
#6285 = ORIENTED_EDGE('',*,*,#6170,.F.);
#6286 = ORIENTED_EDGE('',*,*,#6287,.F.);
#6287 = EDGE_CURVE('',#6278,#6162,#6288,.T.);
#6288 = LINE('',#6289,#6290);
#6289 = CARTESIAN_POINT('',(17.2,-5.551115123126E-17,0.));
#6290 = VECTOR('',#6291,1.);
#6291 = DIRECTION('',(0.,0.,1.));
#6292 = FACE_BOUND('',#6293,.F.);
#6293 = EDGE_LOOP('',(#6294,#6304,#6312,#6320,#6329,#6338,#6346,#6354,
    #6362));
#6294 = ORIENTED_EDGE('',*,*,#6295,.F.);
#6295 = EDGE_CURVE('',#6296,#6298,#6300,.T.);
#6296 = VERTEX_POINT('',#6297);
#6297 = CARTESIAN_POINT('',(17.15,0.,5.6));
#6298 = VERTEX_POINT('',#6299);
#6299 = CARTESIAN_POINT('',(17.15,0.,2.1));
#6300 = LINE('',#6301,#6302);
#6301 = CARTESIAN_POINT('',(17.15,0.,1.05));
#6302 = VECTOR('',#6303,1.);
#6303 = DIRECTION('',(-0.,0.,-1.));
#6304 = ORIENTED_EDGE('',*,*,#6305,.F.);
#6305 = EDGE_CURVE('',#6306,#6296,#6308,.T.);
#6306 = VERTEX_POINT('',#6307);
#6307 = CARTESIAN_POINT('',(16.7,0.,5.6));
#6308 = LINE('',#6309,#6310);
#6309 = CARTESIAN_POINT('',(14.175,0.,5.6));
#6310 = VECTOR('',#6311,1.);
#6311 = DIRECTION('',(1.,0.,-0.));
#6312 = ORIENTED_EDGE('',*,*,#6313,.F.);
#6313 = EDGE_CURVE('',#6314,#6306,#6316,.T.);
#6314 = VERTEX_POINT('',#6315);
#6315 = CARTESIAN_POINT('',(16.7,0.,7.35));
#6316 = LINE('',#6317,#6318);
#6317 = CARTESIAN_POINT('',(16.7,0.,2.8));
#6318 = VECTOR('',#6319,1.);
#6319 = DIRECTION('',(-0.,0.,-1.));
#6320 = ORIENTED_EDGE('',*,*,#6321,.F.);
#6321 = EDGE_CURVE('',#6322,#6314,#6324,.T.);
#6322 = VERTEX_POINT('',#6323);
#6323 = CARTESIAN_POINT('',(15.75,0.,8.3));
#6324 = CIRCLE('',#6325,0.95);
#6325 = AXIS2_PLACEMENT_3D('',#6326,#6327,#6328);
#6326 = CARTESIAN_POINT('',(15.75,0.,7.35));
#6327 = DIRECTION('',(0.,1.,0.));
#6328 = DIRECTION('',(0.,-0.,1.));
#6329 = ORIENTED_EDGE('',*,*,#6330,.F.);
#6330 = EDGE_CURVE('',#6331,#6322,#6333,.T.);
#6331 = VERTEX_POINT('',#6332);
#6332 = CARTESIAN_POINT('',(14.8,0.,7.35));
#6333 = CIRCLE('',#6334,0.95);
#6334 = AXIS2_PLACEMENT_3D('',#6335,#6336,#6337);
#6335 = CARTESIAN_POINT('',(15.75,0.,7.35));
#6336 = DIRECTION('',(0.,1.,0.));
#6337 = DIRECTION('',(0.,-0.,1.));
#6338 = ORIENTED_EDGE('',*,*,#6339,.T.);
#6339 = EDGE_CURVE('',#6331,#6340,#6342,.T.);
#6340 = VERTEX_POINT('',#6341);
#6341 = CARTESIAN_POINT('',(14.8,0.,5.6));
#6342 = LINE('',#6343,#6344);
#6343 = CARTESIAN_POINT('',(14.8,0.,2.8));
#6344 = VECTOR('',#6345,1.);
#6345 = DIRECTION('',(-0.,0.,-1.));
#6346 = ORIENTED_EDGE('',*,*,#6347,.F.);
#6347 = EDGE_CURVE('',#6348,#6340,#6350,.T.);
#6348 = VERTEX_POINT('',#6349);
#6349 = CARTESIAN_POINT('',(14.35,0.,5.6));
#6350 = LINE('',#6351,#6352);
#6351 = CARTESIAN_POINT('',(14.175,0.,5.6));
#6352 = VECTOR('',#6353,1.);
#6353 = DIRECTION('',(1.,0.,-0.));
#6354 = ORIENTED_EDGE('',*,*,#6355,.T.);
#6355 = EDGE_CURVE('',#6348,#6356,#6358,.T.);
#6356 = VERTEX_POINT('',#6357);
#6357 = CARTESIAN_POINT('',(14.35,0.,2.1));
#6358 = LINE('',#6359,#6360);
#6359 = CARTESIAN_POINT('',(14.35,0.,1.05));
#6360 = VECTOR('',#6361,1.);
#6361 = DIRECTION('',(-0.,0.,-1.));
#6362 = ORIENTED_EDGE('',*,*,#6363,.F.);
#6363 = EDGE_CURVE('',#6298,#6356,#6364,.T.);
#6364 = CIRCLE('',#6365,1.4);
#6365 = AXIS2_PLACEMENT_3D('',#6366,#6367,#6368);
#6366 = CARTESIAN_POINT('',(15.75,0.,2.1));
#6367 = DIRECTION('',(0.,1.,0.));
#6368 = DIRECTION('',(0.,-0.,1.));
#6369 = PLANE('',#6370);
#6370 = AXIS2_PLACEMENT_3D('',#6371,#6372,#6373);
#6371 = CARTESIAN_POINT('',(14.,0.,0.));
#6372 = DIRECTION('',(-0.,1.,0.));
#6373 = DIRECTION('',(0.,0.,1.));
#6374 = ADVANCED_FACE('',(#6375),#6386,.T.);
#6375 = FACE_BOUND('',#6376,.T.);
#6376 = EDGE_LOOP('',(#6377,#6378,#6385));
#6377 = ORIENTED_EDGE('',*,*,#6244,.F.);
#6378 = ORIENTED_EDGE('',*,*,#6379,.T.);
#6379 = EDGE_CURVE('',#6245,#6064,#6380,.T.);
#6380 = CIRCLE('',#6381,0.3);
#6381 = AXIS2_PLACEMENT_3D('',#6382,#6383,#6384);
#6382 = CARTESIAN_POINT('',(14.3,0.3,0.3));
#6383 = DIRECTION('',(-1.,6.123233995737E-17,0.));
#6384 = DIRECTION('',(-6.123233995737E-17,-1.,0.));
#6385 = ORIENTED_EDGE('',*,*,#6063,.F.);
#6386 = SPHERICAL_SURFACE('',#6387,0.3);
#6387 = AXIS2_PLACEMENT_3D('',#6388,#6389,#6390);
#6388 = CARTESIAN_POINT('',(14.3,0.3,0.3));
#6389 = DIRECTION('',(0.,0.,1.));
#6390 = DIRECTION('',(-1.,0.,0.));
#6391 = ADVANCED_FACE('',(#6392),#6411,.T.);
#6392 = FACE_BOUND('',#6393,.F.);
#6393 = EDGE_LOOP('',(#6394,#6402,#6409,#6410));
#6394 = ORIENTED_EDGE('',*,*,#6395,.F.);
#6395 = EDGE_CURVE('',#6396,#6154,#6398,.T.);
#6396 = VERTEX_POINT('',#6397);
#6397 = CARTESIAN_POINT('',(17.5,0.3,0.3));
#6398 = LINE('',#6399,#6400);
#6399 = CARTESIAN_POINT('',(17.5,0.3,0.));
#6400 = VECTOR('',#6401,1.);
#6401 = DIRECTION('',(0.,0.,1.));
#6402 = ORIENTED_EDGE('',*,*,#6403,.T.);
#6403 = EDGE_CURVE('',#6396,#6278,#6404,.T.);
#6404 = CIRCLE('',#6405,0.3);
#6405 = AXIS2_PLACEMENT_3D('',#6406,#6407,#6408);
#6406 = CARTESIAN_POINT('',(17.2,0.3,0.3));
#6407 = DIRECTION('',(0.,-0.,-1.));
#6408 = DIRECTION('',(1.,0.,-0.));
#6409 = ORIENTED_EDGE('',*,*,#6287,.T.);
#6410 = ORIENTED_EDGE('',*,*,#6161,.F.);
#6411 = CYLINDRICAL_SURFACE('',#6412,0.3);
#6412 = AXIS2_PLACEMENT_3D('',#6413,#6414,#6415);
#6413 = CARTESIAN_POINT('',(17.2,0.3,0.));
#6414 = DIRECTION('',(0.,0.,1.));
#6415 = DIRECTION('',(1.,0.,-0.));
#6416 = ADVANCED_FACE('',(#6417),#6443,.T.);
#6417 = FACE_BOUND('',#6418,.T.);
#6418 = EDGE_LOOP('',(#6419,#6420,#6428,#6436,#6442));
#6419 = ORIENTED_EDGE('',*,*,#6395,.F.);
#6420 = ORIENTED_EDGE('',*,*,#6421,.T.);
#6421 = EDGE_CURVE('',#6396,#6422,#6424,.T.);
#6422 = VERTEX_POINT('',#6423);
#6423 = CARTESIAN_POINT('',(17.5,12.2,0.3));
#6424 = LINE('',#6425,#6426);
#6425 = CARTESIAN_POINT('',(17.5,0.,0.3));
#6426 = VECTOR('',#6427,1.);
#6427 = DIRECTION('',(-0.,1.,0.));
#6428 = ORIENTED_EDGE('',*,*,#6429,.T.);
#6429 = EDGE_CURVE('',#6422,#6430,#6432,.T.);
#6430 = VERTEX_POINT('',#6431);
#6431 = CARTESIAN_POINT('',(17.5,12.2,10.3));
#6432 = LINE('',#6433,#6434);
#6433 = CARTESIAN_POINT('',(17.5,12.2,0.));
#6434 = VECTOR('',#6435,1.);
#6435 = DIRECTION('',(0.,0.,1.));
#6436 = ORIENTED_EDGE('',*,*,#6437,.F.);
#6437 = EDGE_CURVE('',#6145,#6430,#6438,.T.);
#6438 = LINE('',#6439,#6440);
#6439 = CARTESIAN_POINT('',(17.5,0.,10.3));
#6440 = VECTOR('',#6441,1.);
#6441 = DIRECTION('',(-0.,1.,0.));
#6442 = ORIENTED_EDGE('',*,*,#6153,.F.);
#6443 = PLANE('',#6444);
#6444 = AXIS2_PLACEMENT_3D('',#6445,#6446,#6447);
#6445 = CARTESIAN_POINT('',(17.5,0.,0.));
#6446 = DIRECTION('',(1.,0.,-0.));
#6447 = DIRECTION('',(0.,0.,1.));
#6448 = ADVANCED_FACE('',(#6449),#6468,.T.);
#6449 = FACE_BOUND('',#6450,.F.);
#6450 = EDGE_LOOP('',(#6451,#6452,#6460,#6467));
#6451 = ORIENTED_EDGE('',*,*,#6144,.F.);
#6452 = ORIENTED_EDGE('',*,*,#6453,.T.);
#6453 = EDGE_CURVE('',#6137,#6454,#6456,.T.);
#6454 = VERTEX_POINT('',#6455);
#6455 = CARTESIAN_POINT('',(17.2,12.2,10.6));
#6456 = LINE('',#6457,#6458);
#6457 = CARTESIAN_POINT('',(17.2,0.,10.6));
#6458 = VECTOR('',#6459,1.);
#6459 = DIRECTION('',(-0.,1.,0.));
#6460 = ORIENTED_EDGE('',*,*,#6461,.F.);
#6461 = EDGE_CURVE('',#6430,#6454,#6462,.T.);
#6462 = CIRCLE('',#6463,0.3);
#6463 = AXIS2_PLACEMENT_3D('',#6464,#6465,#6466);
#6464 = CARTESIAN_POINT('',(17.2,12.2,10.3));
#6465 = DIRECTION('',(0.,-1.,-0.));
#6466 = DIRECTION('',(1.,0.,0.));
#6467 = ORIENTED_EDGE('',*,*,#6437,.F.);
#6468 = CYLINDRICAL_SURFACE('',#6469,0.3);
#6469 = AXIS2_PLACEMENT_3D('',#6470,#6471,#6472);
#6470 = CARTESIAN_POINT('',(17.2,0.,10.3));
#6471 = DIRECTION('',(-0.,1.,0.));
#6472 = DIRECTION('',(1.,0.,-0.));
#6473 = ADVANCED_FACE('',(#6474),#6508,.T.);
#6474 = FACE_BOUND('',#6475,.T.);
#6475 = EDGE_LOOP('',(#6476,#6477,#6478,#6486,#6494,#6500,#6501,#6502));
#6476 = ORIENTED_EDGE('',*,*,#6187,.F.);
#6477 = ORIENTED_EDGE('',*,*,#6104,.T.);
#6478 = ORIENTED_EDGE('',*,*,#6479,.F.);
#6479 = EDGE_CURVE('',#6480,#6105,#6482,.T.);
#6480 = VERTEX_POINT('',#6481);
#6481 = CARTESIAN_POINT('',(14.34,9.7,10.6));
#6482 = LINE('',#6483,#6484);
#6483 = CARTESIAN_POINT('',(14.34,2.442585746037,10.6));
#6484 = VECTOR('',#6485,1.);
#6485 = DIRECTION('',(0.,-1.,0.));
#6486 = ORIENTED_EDGE('',*,*,#6487,.F.);
#6487 = EDGE_CURVE('',#6488,#6480,#6490,.T.);
#6488 = VERTEX_POINT('',#6489);
#6489 = CARTESIAN_POINT('',(17.16,9.7,10.6));
#6490 = LINE('',#6491,#6492);
#6491 = CARTESIAN_POINT('',(14.17,9.7,10.6));
#6492 = VECTOR('',#6493,1.);
#6493 = DIRECTION('',(-1.,-0.,0.));
#6494 = ORIENTED_EDGE('',*,*,#6495,.T.);
#6495 = EDGE_CURVE('',#6488,#6129,#6496,.T.);
#6496 = LINE('',#6497,#6498);
#6497 = CARTESIAN_POINT('',(17.16,2.442585746037,10.6));
#6498 = VECTOR('',#6499,1.);
#6499 = DIRECTION('',(0.,-1.,0.));
#6500 = ORIENTED_EDGE('',*,*,#6136,.T.);
#6501 = ORIENTED_EDGE('',*,*,#6453,.T.);
#6502 = ORIENTED_EDGE('',*,*,#6503,.F.);
#6503 = EDGE_CURVE('',#6188,#6454,#6504,.T.);
#6504 = LINE('',#6505,#6506);
#6505 = CARTESIAN_POINT('',(14.,12.2,10.6));
#6506 = VECTOR('',#6507,1.);
#6507 = DIRECTION('',(1.,0.,-0.));
#6508 = PLANE('',#6509);
#6509 = AXIS2_PLACEMENT_3D('',#6510,#6511,#6512);
#6510 = CARTESIAN_POINT('',(14.,0.,10.6));
#6511 = DIRECTION('',(0.,0.,1.));
#6512 = DIRECTION('',(1.,0.,-0.));
#6513 = ADVANCED_FACE('',(#6514),#6540,.T.);
#6514 = FACE_BOUND('',#6515,.T.);
#6515 = EDGE_LOOP('',(#6516,#6517,#6525,#6533,#6539));
#6516 = ORIENTED_EDGE('',*,*,#6495,.F.);
#6517 = ORIENTED_EDGE('',*,*,#6518,.T.);
#6518 = EDGE_CURVE('',#6488,#6519,#6521,.T.);
#6519 = VERTEX_POINT('',#6520);
#6520 = CARTESIAN_POINT('',(17.16,9.7,8.45));
#6521 = LINE('',#6522,#6523);
#6522 = CARTESIAN_POINT('',(17.16,9.7,10.8));
#6523 = VECTOR('',#6524,1.);
#6524 = DIRECTION('',(0.,0.,-1.));
#6525 = ORIENTED_EDGE('',*,*,#6526,.T.);
#6526 = EDGE_CURVE('',#6519,#6527,#6529,.T.);
#6527 = VERTEX_POINT('',#6528);
#6528 = CARTESIAN_POINT('',(17.16,1.4,8.45));
#6529 = LINE('',#6530,#6531);
#6530 = CARTESIAN_POINT('',(17.16,9.7,8.45));
#6531 = VECTOR('',#6532,1.);
#6532 = DIRECTION('',(0.,-1.,0.));
#6533 = ORIENTED_EDGE('',*,*,#6534,.T.);
#6534 = EDGE_CURVE('',#6527,#6121,#6535,.T.);
#6535 = LINE('',#6536,#6537);
#6536 = CARTESIAN_POINT('',(17.16,1.4,8.45));
#6537 = VECTOR('',#6538,1.);
#6538 = DIRECTION('',(0.,-0.677475754752,0.735545105159));
#6539 = ORIENTED_EDGE('',*,*,#6128,.F.);
#6540 = PLANE('',#6541);
#6541 = AXIS2_PLACEMENT_3D('',#6542,#6543,#6544);
#6542 = CARTESIAN_POINT('',(17.16,4.885171492075,9.712433169613));
#6543 = DIRECTION('',(-1.,-0.,-0.));
#6544 = DIRECTION('',(0.,0.,-1.));
#6545 = ADVANCED_FACE('',(#6546),#6564,.F.);
#6546 = FACE_BOUND('',#6547,.F.);
#6547 = EDGE_LOOP('',(#6548,#6556,#6562,#6563));
#6548 = ORIENTED_EDGE('',*,*,#6549,.F.);
#6549 = EDGE_CURVE('',#6550,#6113,#6552,.T.);
#6550 = VERTEX_POINT('',#6551);
#6551 = CARTESIAN_POINT('',(14.34,1.4,8.45));
#6552 = LINE('',#6553,#6554);
#6553 = CARTESIAN_POINT('',(14.34,1.4,8.45));
#6554 = VECTOR('',#6555,1.);
#6555 = DIRECTION('',(0.,-0.677475754752,0.735545105159));
#6556 = ORIENTED_EDGE('',*,*,#6557,.T.);
#6557 = EDGE_CURVE('',#6550,#6527,#6558,.T.);
#6558 = LINE('',#6559,#6560);
#6559 = CARTESIAN_POINT('',(14.34,1.4,8.45));
#6560 = VECTOR('',#6561,1.);
#6561 = DIRECTION('',(1.,0.,0.));
#6562 = ORIENTED_EDGE('',*,*,#6534,.T.);
#6563 = ORIENTED_EDGE('',*,*,#6120,.F.);
#6564 = PLANE('',#6565);
#6565 = AXIS2_PLACEMENT_3D('',#6566,#6567,#6568);
#6566 = CARTESIAN_POINT('',(14.34,1.4,8.45));
#6567 = DIRECTION('',(0.,-0.735545105159,-0.677475754752));
#6568 = DIRECTION('',(0.,-0.677475754752,0.735545105159));
#6569 = ADVANCED_FACE('',(#6570),#6589,.F.);
#6570 = FACE_BOUND('',#6571,.F.);
#6571 = EDGE_LOOP('',(#6572,#6573,#6581,#6587,#6588));
#6572 = ORIENTED_EDGE('',*,*,#6479,.F.);
#6573 = ORIENTED_EDGE('',*,*,#6574,.T.);
#6574 = EDGE_CURVE('',#6480,#6575,#6577,.T.);
#6575 = VERTEX_POINT('',#6576);
#6576 = CARTESIAN_POINT('',(14.34,9.7,8.45));
#6577 = LINE('',#6578,#6579);
#6578 = CARTESIAN_POINT('',(14.34,9.7,10.8));
#6579 = VECTOR('',#6580,1.);
#6580 = DIRECTION('',(0.,0.,-1.));
#6581 = ORIENTED_EDGE('',*,*,#6582,.T.);
#6582 = EDGE_CURVE('',#6575,#6550,#6583,.T.);
#6583 = LINE('',#6584,#6585);
#6584 = CARTESIAN_POINT('',(14.34,9.7,8.45));
#6585 = VECTOR('',#6586,1.);
#6586 = DIRECTION('',(0.,-1.,0.));
#6587 = ORIENTED_EDGE('',*,*,#6549,.T.);
#6588 = ORIENTED_EDGE('',*,*,#6112,.F.);
#6589 = PLANE('',#6590);
#6590 = AXIS2_PLACEMENT_3D('',#6591,#6592,#6593);
#6591 = CARTESIAN_POINT('',(14.34,4.885171492075,9.712433169613));
#6592 = DIRECTION('',(-1.,-0.,-0.));
#6593 = DIRECTION('',(0.,0.,-1.));
#6594 = ADVANCED_FACE('',(#6595),#6606,.T.);
#6595 = FACE_BOUND('',#6596,.F.);
#6596 = EDGE_LOOP('',(#6597,#6598,#6605));
#6597 = ORIENTED_EDGE('',*,*,#6229,.F.);
#6598 = ORIENTED_EDGE('',*,*,#6599,.T.);
#6599 = EDGE_CURVE('',#6222,#6188,#6600,.T.);
#6600 = CIRCLE('',#6601,0.3);
#6601 = AXIS2_PLACEMENT_3D('',#6602,#6603,#6604);
#6602 = CARTESIAN_POINT('',(14.3,12.2,10.3));
#6603 = DIRECTION('',(1.,0.,6.123233995737E-17));
#6604 = DIRECTION('',(-6.123233995737E-17,-0.,1.));
#6605 = ORIENTED_EDGE('',*,*,#6195,.F.);
#6606 = SPHERICAL_SURFACE('',#6607,0.3);
#6607 = AXIS2_PLACEMENT_3D('',#6608,#6609,#6610);
#6608 = CARTESIAN_POINT('',(14.3,12.2,10.3));
#6609 = DIRECTION('',(0.,-1.,-0.));
#6610 = DIRECTION('',(-1.,-0.,0.));
#6611 = ADVANCED_FACE('',(#6612),#6623,.T.);
#6612 = FACE_BOUND('',#6613,.F.);
#6613 = EDGE_LOOP('',(#6614,#6615,#6622));
#6614 = ORIENTED_EDGE('',*,*,#6261,.F.);
#6615 = ORIENTED_EDGE('',*,*,#6616,.T.);
#6616 = EDGE_CURVE('',#6254,#6213,#6617,.T.);
#6617 = CIRCLE('',#6618,0.3);
#6618 = AXIS2_PLACEMENT_3D('',#6619,#6620,#6621);
#6619 = CARTESIAN_POINT('',(14.3,12.2,0.3));
#6620 = DIRECTION('',(1.,6.123233995737E-17,-0.));
#6621 = DIRECTION('',(-6.123233995737E-17,1.,0.));
#6622 = ORIENTED_EDGE('',*,*,#6212,.F.);
#6623 = SPHERICAL_SURFACE('',#6624,0.3);
#6624 = AXIS2_PLACEMENT_3D('',#6625,#6626,#6627);
#6625 = CARTESIAN_POINT('',(14.3,12.2,0.3));
#6626 = DIRECTION('',(0.,0.,1.));
#6627 = DIRECTION('',(-1.,0.,0.));
#6628 = ADVANCED_FACE('',(#6629),#6654,.T.);
#6629 = FACE_BOUND('',#6630,.T.);
#6630 = EDGE_LOOP('',(#6631,#6632,#6640,#6648));
#6631 = ORIENTED_EDGE('',*,*,#6221,.T.);
#6632 = ORIENTED_EDGE('',*,*,#6633,.T.);
#6633 = EDGE_CURVE('',#6222,#6634,#6636,.T.);
#6634 = VERTEX_POINT('',#6635);
#6635 = CARTESIAN_POINT('',(17.2,12.5,10.3));
#6636 = LINE('',#6637,#6638);
#6637 = CARTESIAN_POINT('',(14.,12.5,10.3));
#6638 = VECTOR('',#6639,1.);
#6639 = DIRECTION('',(1.,0.,-0.));
#6640 = ORIENTED_EDGE('',*,*,#6641,.F.);
#6641 = EDGE_CURVE('',#6642,#6634,#6644,.T.);
#6642 = VERTEX_POINT('',#6643);
#6643 = CARTESIAN_POINT('',(17.2,12.5,0.3));
#6644 = LINE('',#6645,#6646);
#6645 = CARTESIAN_POINT('',(17.2,12.5,0.));
#6646 = VECTOR('',#6647,1.);
#6647 = DIRECTION('',(0.,0.,1.));
#6648 = ORIENTED_EDGE('',*,*,#6649,.F.);
#6649 = EDGE_CURVE('',#6213,#6642,#6650,.T.);
#6650 = LINE('',#6651,#6652);
#6651 = CARTESIAN_POINT('',(14.,12.5,0.3));
#6652 = VECTOR('',#6653,1.);
#6653 = DIRECTION('',(1.,0.,-0.));
#6654 = PLANE('',#6655);
#6655 = AXIS2_PLACEMENT_3D('',#6656,#6657,#6658);
#6656 = CARTESIAN_POINT('',(14.,12.5,0.));
#6657 = DIRECTION('',(-0.,1.,0.));
#6658 = DIRECTION('',(0.,0.,1.));
#6659 = ADVANCED_FACE('',(#6660),#6685,.F.);
#6660 = FACE_BOUND('',#6661,.F.);
#6661 = EDGE_LOOP('',(#6662,#6663,#6671,#6679));
#6662 = ORIENTED_EDGE('',*,*,#6253,.F.);
#6663 = ORIENTED_EDGE('',*,*,#6664,.T.);
#6664 = EDGE_CURVE('',#6245,#6665,#6667,.T.);
#6665 = VERTEX_POINT('',#6666);
#6666 = CARTESIAN_POINT('',(17.2,0.3,0.));
#6667 = LINE('',#6668,#6669);
#6668 = CARTESIAN_POINT('',(14.,0.3,-5.551115123126E-17));
#6669 = VECTOR('',#6670,1.);
#6670 = DIRECTION('',(1.,0.,-0.));
#6671 = ORIENTED_EDGE('',*,*,#6672,.T.);
#6672 = EDGE_CURVE('',#6665,#6673,#6675,.T.);
#6673 = VERTEX_POINT('',#6674);
#6674 = CARTESIAN_POINT('',(17.2,12.2,0.));
#6675 = LINE('',#6676,#6677);
#6676 = CARTESIAN_POINT('',(17.2,0.,-5.551115123126E-17));
#6677 = VECTOR('',#6678,1.);
#6678 = DIRECTION('',(-0.,1.,0.));
#6679 = ORIENTED_EDGE('',*,*,#6680,.F.);
#6680 = EDGE_CURVE('',#6254,#6673,#6681,.T.);
#6681 = LINE('',#6682,#6683);
#6682 = CARTESIAN_POINT('',(14.,12.2,-5.551115123126E-17));
#6683 = VECTOR('',#6684,1.);
#6684 = DIRECTION('',(1.,0.,-0.));
#6685 = PLANE('',#6686);
#6686 = AXIS2_PLACEMENT_3D('',#6687,#6688,#6689);
#6687 = CARTESIAN_POINT('',(14.,0.,0.));
#6688 = DIRECTION('',(0.,0.,1.));
#6689 = DIRECTION('',(1.,0.,-0.));
#6690 = ADVANCED_FACE('',(#6691),#6703,.T.);
#6691 = FACE_BOUND('',#6692,.T.);
#6692 = EDGE_LOOP('',(#6693,#6694,#6695,#6702));
#6693 = ORIENTED_EDGE('',*,*,#6379,.F.);
#6694 = ORIENTED_EDGE('',*,*,#6664,.T.);
#6695 = ORIENTED_EDGE('',*,*,#6696,.T.);
#6696 = EDGE_CURVE('',#6665,#6278,#6697,.T.);
#6697 = CIRCLE('',#6698,0.3);
#6698 = AXIS2_PLACEMENT_3D('',#6699,#6700,#6701);
#6699 = CARTESIAN_POINT('',(17.2,0.3,0.3));
#6700 = DIRECTION('',(-1.,-6.123233995737E-17,0.));
#6701 = DIRECTION('',(6.123233995737E-17,-1.,-0.));
#6702 = ORIENTED_EDGE('',*,*,#6277,.F.);
#6703 = CYLINDRICAL_SURFACE('',#6704,0.3);
#6704 = AXIS2_PLACEMENT_3D('',#6705,#6706,#6707);
#6705 = CARTESIAN_POINT('',(14.,0.3,0.3));
#6706 = DIRECTION('',(1.,0.,-0.));
#6707 = DIRECTION('',(0.,-1.,0.));
#6708 = ADVANCED_FACE('',(#6709),#6734,.F.);
#6709 = FACE_BOUND('',#6710,.F.);
#6710 = EDGE_LOOP('',(#6711,#6712,#6720,#6728));
#6711 = ORIENTED_EDGE('',*,*,#6295,.T.);
#6712 = ORIENTED_EDGE('',*,*,#6713,.T.);
#6713 = EDGE_CURVE('',#6298,#6714,#6716,.T.);
#6714 = VERTEX_POINT('',#6715);
#6715 = CARTESIAN_POINT('',(17.15,0.4,2.1));
#6716 = LINE('',#6717,#6718);
#6717 = CARTESIAN_POINT('',(17.15,-5.E-02,2.1));
#6718 = VECTOR('',#6719,1.);
#6719 = DIRECTION('',(-0.,1.,0.));
#6720 = ORIENTED_EDGE('',*,*,#6721,.T.);
#6721 = EDGE_CURVE('',#6714,#6722,#6724,.T.);
#6722 = VERTEX_POINT('',#6723);
#6723 = CARTESIAN_POINT('',(17.15,0.4,5.6));
#6724 = LINE('',#6725,#6726);
#6725 = CARTESIAN_POINT('',(17.15,0.4,2.1));
#6726 = VECTOR('',#6727,1.);
#6727 = DIRECTION('',(0.,0.,1.));
#6728 = ORIENTED_EDGE('',*,*,#6729,.F.);
#6729 = EDGE_CURVE('',#6296,#6722,#6730,.T.);
#6730 = LINE('',#6731,#6732);
#6731 = CARTESIAN_POINT('',(17.15,-5.E-02,5.6));
#6732 = VECTOR('',#6733,1.);
#6733 = DIRECTION('',(-0.,1.,0.));
#6734 = PLANE('',#6735);
#6735 = AXIS2_PLACEMENT_3D('',#6736,#6737,#6738);
#6736 = CARTESIAN_POINT('',(17.15,-5.E-02,2.1));
#6737 = DIRECTION('',(1.,0.,-0.));
#6738 = DIRECTION('',(0.,0.,1.));
#6739 = ADVANCED_FACE('',(#6740),#6759,.F.);
#6740 = FACE_BOUND('',#6741,.F.);
#6741 = EDGE_LOOP('',(#6742,#6751,#6752,#6753));
#6742 = ORIENTED_EDGE('',*,*,#6743,.F.);
#6743 = EDGE_CURVE('',#6714,#6744,#6746,.T.);
#6744 = VERTEX_POINT('',#6745);
#6745 = CARTESIAN_POINT('',(14.35,0.4,2.1));
#6746 = CIRCLE('',#6747,1.4);
#6747 = AXIS2_PLACEMENT_3D('',#6748,#6749,#6750);
#6748 = CARTESIAN_POINT('',(15.75,0.4,2.1));
#6749 = DIRECTION('',(0.,1.,0.));
#6750 = DIRECTION('',(0.,-0.,1.));
#6751 = ORIENTED_EDGE('',*,*,#6713,.F.);
#6752 = ORIENTED_EDGE('',*,*,#6363,.T.);
#6753 = ORIENTED_EDGE('',*,*,#6754,.T.);
#6754 = EDGE_CURVE('',#6356,#6744,#6755,.T.);
#6755 = LINE('',#6756,#6757);
#6756 = CARTESIAN_POINT('',(14.35,-5.E-02,2.1));
#6757 = VECTOR('',#6758,1.);
#6758 = DIRECTION('',(-0.,1.,0.));
#6759 = CYLINDRICAL_SURFACE('',#6760,1.4);
#6760 = AXIS2_PLACEMENT_3D('',#6761,#6762,#6763);
#6761 = CARTESIAN_POINT('',(15.75,-5.E-02,2.1));
#6762 = DIRECTION('',(0.,1.,0.));
#6763 = DIRECTION('',(0.,-0.,1.));
#6764 = ADVANCED_FACE('',(#6765),#6790,.F.);
#6765 = FACE_BOUND('',#6766,.F.);
#6766 = EDGE_LOOP('',(#6767,#6768,#6776,#6784));
#6767 = ORIENTED_EDGE('',*,*,#6313,.T.);
#6768 = ORIENTED_EDGE('',*,*,#6769,.T.);
#6769 = EDGE_CURVE('',#6306,#6770,#6772,.T.);
#6770 = VERTEX_POINT('',#6771);
#6771 = CARTESIAN_POINT('',(16.7,0.4,5.6));
#6772 = LINE('',#6773,#6774);
#6773 = CARTESIAN_POINT('',(16.7,-5.E-02,5.6));
#6774 = VECTOR('',#6775,1.);
#6775 = DIRECTION('',(-0.,1.,0.));
#6776 = ORIENTED_EDGE('',*,*,#6777,.T.);
#6777 = EDGE_CURVE('',#6770,#6778,#6780,.T.);
#6778 = VERTEX_POINT('',#6779);
#6779 = CARTESIAN_POINT('',(16.7,0.4,7.35));
#6780 = LINE('',#6781,#6782);
#6781 = CARTESIAN_POINT('',(16.7,0.4,5.6));
#6782 = VECTOR('',#6783,1.);
#6783 = DIRECTION('',(0.,0.,1.));
#6784 = ORIENTED_EDGE('',*,*,#6785,.F.);
#6785 = EDGE_CURVE('',#6314,#6778,#6786,.T.);
#6786 = LINE('',#6787,#6788);
#6787 = CARTESIAN_POINT('',(16.7,-5.E-02,7.35));
#6788 = VECTOR('',#6789,1.);
#6789 = DIRECTION('',(-0.,1.,0.));
#6790 = PLANE('',#6791);
#6791 = AXIS2_PLACEMENT_3D('',#6792,#6793,#6794);
#6792 = CARTESIAN_POINT('',(16.7,-5.E-02,5.6));
#6793 = DIRECTION('',(1.,0.,-0.));
#6794 = DIRECTION('',(0.,0.,1.));
#6795 = ADVANCED_FACE('',(#6796),#6814,.T.);
#6796 = FACE_BOUND('',#6797,.T.);
#6797 = EDGE_LOOP('',(#6798,#6799,#6800,#6808));
#6798 = ORIENTED_EDGE('',*,*,#6355,.T.);
#6799 = ORIENTED_EDGE('',*,*,#6754,.T.);
#6800 = ORIENTED_EDGE('',*,*,#6801,.T.);
#6801 = EDGE_CURVE('',#6744,#6802,#6804,.T.);
#6802 = VERTEX_POINT('',#6803);
#6803 = CARTESIAN_POINT('',(14.35,0.4,5.6));
#6804 = LINE('',#6805,#6806);
#6805 = CARTESIAN_POINT('',(14.35,0.4,2.1));
#6806 = VECTOR('',#6807,1.);
#6807 = DIRECTION('',(0.,0.,1.));
#6808 = ORIENTED_EDGE('',*,*,#6809,.F.);
#6809 = EDGE_CURVE('',#6348,#6802,#6810,.T.);
#6810 = LINE('',#6811,#6812);
#6811 = CARTESIAN_POINT('',(14.35,-5.E-02,5.6));
#6812 = VECTOR('',#6813,1.);
#6813 = DIRECTION('',(-0.,1.,0.));
#6814 = PLANE('',#6815);
#6815 = AXIS2_PLACEMENT_3D('',#6816,#6817,#6818);
#6816 = CARTESIAN_POINT('',(14.35,-5.E-02,2.1));
#6817 = DIRECTION('',(1.,0.,-0.));
#6818 = DIRECTION('',(0.,0.,1.));
#6819 = ADVANCED_FACE('',(#6820),#6845,.T.);
#6820 = FACE_BOUND('',#6821,.T.);
#6821 = EDGE_LOOP('',(#6822,#6823,#6831,#6839));
#6822 = ORIENTED_EDGE('',*,*,#6339,.T.);
#6823 = ORIENTED_EDGE('',*,*,#6824,.T.);
#6824 = EDGE_CURVE('',#6340,#6825,#6827,.T.);
#6825 = VERTEX_POINT('',#6826);
#6826 = CARTESIAN_POINT('',(14.8,0.4,5.6));
#6827 = LINE('',#6828,#6829);
#6828 = CARTESIAN_POINT('',(14.8,-5.E-02,5.6));
#6829 = VECTOR('',#6830,1.);
#6830 = DIRECTION('',(-0.,1.,0.));
#6831 = ORIENTED_EDGE('',*,*,#6832,.T.);
#6832 = EDGE_CURVE('',#6825,#6833,#6835,.T.);
#6833 = VERTEX_POINT('',#6834);
#6834 = CARTESIAN_POINT('',(14.8,0.4,7.35));
#6835 = LINE('',#6836,#6837);
#6836 = CARTESIAN_POINT('',(14.8,0.4,5.6));
#6837 = VECTOR('',#6838,1.);
#6838 = DIRECTION('',(0.,0.,1.));
#6839 = ORIENTED_EDGE('',*,*,#6840,.F.);
#6840 = EDGE_CURVE('',#6331,#6833,#6841,.T.);
#6841 = LINE('',#6842,#6843);
#6842 = CARTESIAN_POINT('',(14.8,-5.E-02,7.35));
#6843 = VECTOR('',#6844,1.);
#6844 = DIRECTION('',(-0.,1.,0.));
#6845 = PLANE('',#6846);
#6846 = AXIS2_PLACEMENT_3D('',#6847,#6848,#6849);
#6847 = CARTESIAN_POINT('',(14.8,-5.E-02,5.6));
#6848 = DIRECTION('',(1.,0.,-0.));
#6849 = DIRECTION('',(0.,0.,1.));
#6850 = ADVANCED_FACE('',(#6851),#6862,.T.);
#6851 = FACE_BOUND('',#6852,.F.);
#6852 = EDGE_LOOP('',(#6853,#6860,#6861));
#6853 = ORIENTED_EDGE('',*,*,#6854,.F.);
#6854 = EDGE_CURVE('',#6665,#6396,#6855,.T.);
#6855 = CIRCLE('',#6856,0.3);
#6856 = AXIS2_PLACEMENT_3D('',#6857,#6858,#6859);
#6857 = CARTESIAN_POINT('',(17.2,0.3,0.3));
#6858 = DIRECTION('',(0.,-1.,0.));
#6859 = DIRECTION('',(1.,0.,0.));
#6860 = ORIENTED_EDGE('',*,*,#6696,.T.);
#6861 = ORIENTED_EDGE('',*,*,#6403,.F.);
#6862 = SPHERICAL_SURFACE('',#6863,0.3);
#6863 = AXIS2_PLACEMENT_3D('',#6864,#6865,#6866);
#6864 = CARTESIAN_POINT('',(17.2,0.3,0.3));
#6865 = DIRECTION('',(0.,0.,1.));
#6866 = DIRECTION('',(1.,0.,-0.));
#6867 = ADVANCED_FACE('',(#6868),#6886,.T.);
#6868 = FACE_BOUND('',#6869,.T.);
#6869 = EDGE_LOOP('',(#6870,#6871,#6878,#6879));
#6870 = ORIENTED_EDGE('',*,*,#6429,.F.);
#6871 = ORIENTED_EDGE('',*,*,#6872,.T.);
#6872 = EDGE_CURVE('',#6422,#6642,#6873,.T.);
#6873 = CIRCLE('',#6874,0.3);
#6874 = AXIS2_PLACEMENT_3D('',#6875,#6876,#6877);
#6875 = CARTESIAN_POINT('',(17.2,12.2,0.3));
#6876 = DIRECTION('',(0.,0.,1.));
#6877 = DIRECTION('',(1.,0.,-0.));
#6878 = ORIENTED_EDGE('',*,*,#6641,.T.);
#6879 = ORIENTED_EDGE('',*,*,#6880,.T.);
#6880 = EDGE_CURVE('',#6634,#6430,#6881,.T.);
#6881 = CIRCLE('',#6882,0.3);
#6882 = AXIS2_PLACEMENT_3D('',#6883,#6884,#6885);
#6883 = CARTESIAN_POINT('',(17.2,12.2,10.3));
#6884 = DIRECTION('',(0.,0.,-1.));
#6885 = DIRECTION('',(1.,0.,0.));
#6886 = CYLINDRICAL_SURFACE('',#6887,0.3);
#6887 = AXIS2_PLACEMENT_3D('',#6888,#6889,#6890);
#6888 = CARTESIAN_POINT('',(17.2,12.2,0.));
#6889 = DIRECTION('',(0.,0.,1.));
#6890 = DIRECTION('',(1.,0.,-0.));
#6891 = ADVANCED_FACE('',(#6892),#6904,.T.);
#6892 = FACE_BOUND('',#6893,.T.);
#6893 = EDGE_LOOP('',(#6894,#6895,#6896,#6903));
#6894 = ORIENTED_EDGE('',*,*,#6854,.F.);
#6895 = ORIENTED_EDGE('',*,*,#6672,.T.);
#6896 = ORIENTED_EDGE('',*,*,#6897,.T.);
#6897 = EDGE_CURVE('',#6673,#6422,#6898,.T.);
#6898 = CIRCLE('',#6899,0.3);
#6899 = AXIS2_PLACEMENT_3D('',#6900,#6901,#6902);
#6900 = CARTESIAN_POINT('',(17.2,12.2,0.3));
#6901 = DIRECTION('',(0.,-1.,0.));
#6902 = DIRECTION('',(1.,0.,0.));
#6903 = ORIENTED_EDGE('',*,*,#6421,.F.);
#6904 = CYLINDRICAL_SURFACE('',#6905,0.3);
#6905 = AXIS2_PLACEMENT_3D('',#6906,#6907,#6908);
#6906 = CARTESIAN_POINT('',(17.2,0.,0.3));
#6907 = DIRECTION('',(-0.,1.,0.));
#6908 = DIRECTION('',(1.,0.,-0.));
#6909 = ADVANCED_FACE('',(#6910),#6921,.T.);
#6910 = FACE_BOUND('',#6911,.T.);
#6911 = EDGE_LOOP('',(#6912,#6913,#6920));
#6912 = ORIENTED_EDGE('',*,*,#6880,.F.);
#6913 = ORIENTED_EDGE('',*,*,#6914,.T.);
#6914 = EDGE_CURVE('',#6634,#6454,#6915,.T.);
#6915 = CIRCLE('',#6916,0.3);
#6916 = AXIS2_PLACEMENT_3D('',#6917,#6918,#6919);
#6917 = CARTESIAN_POINT('',(17.2,12.2,10.3));
#6918 = DIRECTION('',(1.,0.,-6.123233995737E-17));
#6919 = DIRECTION('',(6.123233995737E-17,0.,1.));
#6920 = ORIENTED_EDGE('',*,*,#6461,.F.);
#6921 = SPHERICAL_SURFACE('',#6922,0.3);
#6922 = AXIS2_PLACEMENT_3D('',#6923,#6924,#6925);
#6923 = CARTESIAN_POINT('',(17.2,12.2,10.3));
#6924 = DIRECTION('',(0.,-1.,-0.));
#6925 = DIRECTION('',(1.,0.,0.));
#6926 = ADVANCED_FACE('',(#6927),#6933,.T.);
#6927 = FACE_BOUND('',#6928,.T.);
#6928 = EDGE_LOOP('',(#6929,#6930,#6931,#6932));
#6929 = ORIENTED_EDGE('',*,*,#6599,.T.);
#6930 = ORIENTED_EDGE('',*,*,#6503,.T.);
#6931 = ORIENTED_EDGE('',*,*,#6914,.F.);
#6932 = ORIENTED_EDGE('',*,*,#6633,.F.);
#6933 = CYLINDRICAL_SURFACE('',#6934,0.3);
#6934 = AXIS2_PLACEMENT_3D('',#6935,#6936,#6937);
#6935 = CARTESIAN_POINT('',(14.,12.2,10.3));
#6936 = DIRECTION('',(1.,0.,-0.));
#6937 = DIRECTION('',(0.,1.,0.));
#6938 = ADVANCED_FACE('',(#6939),#6950,.F.);
#6939 = FACE_BOUND('',#6940,.F.);
#6940 = EDGE_LOOP('',(#6941,#6942,#6943,#6944));
#6941 = ORIENTED_EDGE('',*,*,#6574,.F.);
#6942 = ORIENTED_EDGE('',*,*,#6487,.F.);
#6943 = ORIENTED_EDGE('',*,*,#6518,.T.);
#6944 = ORIENTED_EDGE('',*,*,#6945,.F.);
#6945 = EDGE_CURVE('',#6575,#6519,#6946,.T.);
#6946 = LINE('',#6947,#6948);
#6947 = CARTESIAN_POINT('',(14.34,9.7,8.45));
#6948 = VECTOR('',#6949,1.);
#6949 = DIRECTION('',(1.,0.,0.));
#6950 = PLANE('',#6951);
#6951 = AXIS2_PLACEMENT_3D('',#6952,#6953,#6954);
#6952 = CARTESIAN_POINT('',(14.34,9.7,10.8));
#6953 = DIRECTION('',(-0.,1.,0.));
#6954 = DIRECTION('',(0.,0.,-1.));
#6955 = ADVANCED_FACE('',(#6956),#6962,.F.);
#6956 = FACE_BOUND('',#6957,.F.);
#6957 = EDGE_LOOP('',(#6958,#6959,#6960,#6961));
#6958 = ORIENTED_EDGE('',*,*,#6945,.T.);
#6959 = ORIENTED_EDGE('',*,*,#6526,.T.);
#6960 = ORIENTED_EDGE('',*,*,#6557,.F.);
#6961 = ORIENTED_EDGE('',*,*,#6582,.F.);
#6962 = PLANE('',#6963);
#6963 = AXIS2_PLACEMENT_3D('',#6964,#6965,#6966);
#6964 = CARTESIAN_POINT('',(14.34,9.7,8.45));
#6965 = DIRECTION('',(0.,0.,-1.));
#6966 = DIRECTION('',(0.,-1.,0.));
#6967 = ADVANCED_FACE('',(#6968),#6980,.T.);
#6968 = FACE_BOUND('',#6969,.F.);
#6969 = EDGE_LOOP('',(#6970,#6971,#6972,#6979));
#6970 = ORIENTED_EDGE('',*,*,#6616,.F.);
#6971 = ORIENTED_EDGE('',*,*,#6680,.T.);
#6972 = ORIENTED_EDGE('',*,*,#6973,.T.);
#6973 = EDGE_CURVE('',#6673,#6642,#6974,.T.);
#6974 = CIRCLE('',#6975,0.3);
#6975 = AXIS2_PLACEMENT_3D('',#6976,#6977,#6978);
#6976 = CARTESIAN_POINT('',(17.2,12.2,0.3));
#6977 = DIRECTION('',(1.,-6.123233995737E-17,0.));
#6978 = DIRECTION('',(6.123233995737E-17,1.,0.));
#6979 = ORIENTED_EDGE('',*,*,#6649,.F.);
#6980 = CYLINDRICAL_SURFACE('',#6981,0.3);
#6981 = AXIS2_PLACEMENT_3D('',#6982,#6983,#6984);
#6982 = CARTESIAN_POINT('',(14.,12.2,0.3));
#6983 = DIRECTION('',(1.,0.,-0.));
#6984 = DIRECTION('',(0.,1.,0.));
#6985 = ADVANCED_FACE('',(#6986),#6991,.T.);
#6986 = FACE_BOUND('',#6987,.T.);
#6987 = EDGE_LOOP('',(#6988,#6989,#6990));
#6988 = ORIENTED_EDGE('',*,*,#6897,.F.);
#6989 = ORIENTED_EDGE('',*,*,#6973,.T.);
#6990 = ORIENTED_EDGE('',*,*,#6872,.F.);
#6991 = SPHERICAL_SURFACE('',#6992,0.3);
#6992 = AXIS2_PLACEMENT_3D('',#6993,#6994,#6995);
#6993 = CARTESIAN_POINT('',(17.2,12.2,0.3));
#6994 = DIRECTION('',(0.,0.,1.));
#6995 = DIRECTION('',(1.,0.,-0.));
#6996 = ADVANCED_FACE('',(#6997),#7040,.T.);
#6997 = FACE_BOUND('',#6998,.T.);
#6998 = EDGE_LOOP('',(#6999,#7007,#7008,#7009,#7010,#7018,#7026,#7034));
#6999 = ORIENTED_EDGE('',*,*,#7000,.T.);
#7000 = EDGE_CURVE('',#7001,#6722,#7003,.T.);
#7001 = VERTEX_POINT('',#7002);
#7002 = CARTESIAN_POINT('',(17.,0.4,5.6));
#7003 = LINE('',#7004,#7005);
#7004 = CARTESIAN_POINT('',(14.35,0.4,5.6));
#7005 = VECTOR('',#7006,1.);
#7006 = DIRECTION('',(1.,0.,-0.));
#7007 = ORIENTED_EDGE('',*,*,#6729,.F.);
#7008 = ORIENTED_EDGE('',*,*,#6305,.F.);
#7009 = ORIENTED_EDGE('',*,*,#6769,.T.);
#7010 = ORIENTED_EDGE('',*,*,#7011,.F.);
#7011 = EDGE_CURVE('',#7012,#6770,#7014,.T.);
#7012 = VERTEX_POINT('',#7013);
#7013 = CARTESIAN_POINT('',(16.55,0.4,5.6));
#7014 = LINE('',#7015,#7016);
#7015 = CARTESIAN_POINT('',(14.35,0.4,5.6));
#7016 = VECTOR('',#7017,1.);
#7017 = DIRECTION('',(1.,0.,-0.));
#7018 = ORIENTED_EDGE('',*,*,#7019,.T.);
#7019 = EDGE_CURVE('',#7012,#7020,#7022,.T.);
#7020 = VERTEX_POINT('',#7021);
#7021 = CARTESIAN_POINT('',(16.55,4.35,5.6));
#7022 = LINE('',#7023,#7024);
#7023 = CARTESIAN_POINT('',(16.55,0.4,5.6));
#7024 = VECTOR('',#7025,1.);
#7025 = DIRECTION('',(-0.,1.,0.));
#7026 = ORIENTED_EDGE('',*,*,#7027,.T.);
#7027 = EDGE_CURVE('',#7020,#7028,#7030,.T.);
#7028 = VERTEX_POINT('',#7029);
#7029 = CARTESIAN_POINT('',(17.,4.35,5.6));
#7030 = LINE('',#7031,#7032);
#7031 = CARTESIAN_POINT('',(14.5,4.35,5.6));
#7032 = VECTOR('',#7033,1.);
#7033 = DIRECTION('',(1.,0.,-0.));
#7034 = ORIENTED_EDGE('',*,*,#7035,.F.);
#7035 = EDGE_CURVE('',#7001,#7028,#7036,.T.);
#7036 = LINE('',#7037,#7038);
#7037 = CARTESIAN_POINT('',(17.,0.4,5.6));
#7038 = VECTOR('',#7039,1.);
#7039 = DIRECTION('',(-0.,1.,0.));
#7040 = PLANE('',#7041);
#7041 = AXIS2_PLACEMENT_3D('',#7042,#7043,#7044);
#7042 = CARTESIAN_POINT('',(16.796212121212,2.121212121212,5.6));
#7043 = DIRECTION('',(-0.,-0.,-1.));
#7044 = DIRECTION('',(-1.,0.,0.));
#7045 = ADVANCED_FACE('',(#7046),#7071,.F.);
#7046 = FACE_BOUND('',#7047,.F.);
#7047 = EDGE_LOOP('',(#7048,#7056,#7057,#7065));
#7048 = ORIENTED_EDGE('',*,*,#7049,.F.);
#7049 = EDGE_CURVE('',#7012,#7050,#7052,.T.);
#7050 = VERTEX_POINT('',#7051);
#7051 = CARTESIAN_POINT('',(16.55,0.4,7.35));
#7052 = LINE('',#7053,#7054);
#7053 = CARTESIAN_POINT('',(16.55,0.4,5.6));
#7054 = VECTOR('',#7055,1.);
#7055 = DIRECTION('',(0.,0.,1.));
#7056 = ORIENTED_EDGE('',*,*,#7019,.T.);
#7057 = ORIENTED_EDGE('',*,*,#7058,.T.);
#7058 = EDGE_CURVE('',#7020,#7059,#7061,.T.);
#7059 = VERTEX_POINT('',#7060);
#7060 = CARTESIAN_POINT('',(16.55,4.35,7.35));
#7061 = LINE('',#7062,#7063);
#7062 = CARTESIAN_POINT('',(16.55,4.35,5.6));
#7063 = VECTOR('',#7064,1.);
#7064 = DIRECTION('',(0.,0.,1.));
#7065 = ORIENTED_EDGE('',*,*,#7066,.F.);
#7066 = EDGE_CURVE('',#7050,#7059,#7067,.T.);
#7067 = LINE('',#7068,#7069);
#7068 = CARTESIAN_POINT('',(16.55,0.4,7.35));
#7069 = VECTOR('',#7070,1.);
#7070 = DIRECTION('',(-0.,1.,0.));
#7071 = PLANE('',#7072);
#7072 = AXIS2_PLACEMENT_3D('',#7073,#7074,#7075);
#7073 = CARTESIAN_POINT('',(16.55,0.4,5.6));
#7074 = DIRECTION('',(1.,0.,-0.));
#7075 = DIRECTION('',(0.,0.,1.));
#7076 = ADVANCED_FACE('',(#7077),#7102,.F.);
#7077 = FACE_BOUND('',#7078,.F.);
#7078 = EDGE_LOOP('',(#7079,#7087,#7095,#7101));
#7079 = ORIENTED_EDGE('',*,*,#7080,.F.);
#7080 = EDGE_CURVE('',#7081,#7001,#7083,.T.);
#7081 = VERTEX_POINT('',#7082);
#7082 = CARTESIAN_POINT('',(17.,0.4,2.1));
#7083 = LINE('',#7084,#7085);
#7084 = CARTESIAN_POINT('',(17.,0.4,2.1));
#7085 = VECTOR('',#7086,1.);
#7086 = DIRECTION('',(0.,0.,1.));
#7087 = ORIENTED_EDGE('',*,*,#7088,.T.);
#7088 = EDGE_CURVE('',#7081,#7089,#7091,.T.);
#7089 = VERTEX_POINT('',#7090);
#7090 = CARTESIAN_POINT('',(17.,4.35,2.1));
#7091 = LINE('',#7092,#7093);
#7092 = CARTESIAN_POINT('',(17.,0.4,2.1));
#7093 = VECTOR('',#7094,1.);
#7094 = DIRECTION('',(-0.,1.,0.));
#7095 = ORIENTED_EDGE('',*,*,#7096,.T.);
#7096 = EDGE_CURVE('',#7089,#7028,#7097,.T.);
#7097 = LINE('',#7098,#7099);
#7098 = CARTESIAN_POINT('',(17.,4.35,2.1));
#7099 = VECTOR('',#7100,1.);
#7100 = DIRECTION('',(0.,0.,1.));
#7101 = ORIENTED_EDGE('',*,*,#7035,.F.);
#7102 = PLANE('',#7103);
#7103 = AXIS2_PLACEMENT_3D('',#7104,#7105,#7106);
#7104 = CARTESIAN_POINT('',(17.,0.4,2.1));
#7105 = DIRECTION('',(1.,0.,-0.));
#7106 = DIRECTION('',(0.,0.,1.));
#7107 = ADVANCED_FACE('',(#7108),#7135,.F.);
#7108 = FACE_BOUND('',#7109,.F.);
#7109 = EDGE_LOOP('',(#7110,#7119,#7120,#7129));
#7110 = ORIENTED_EDGE('',*,*,#7111,.F.);
#7111 = EDGE_CURVE('',#7089,#7112,#7114,.T.);
#7112 = VERTEX_POINT('',#7113);
#7113 = CARTESIAN_POINT('',(14.5,4.35,2.1));
#7114 = CIRCLE('',#7115,1.25);
#7115 = AXIS2_PLACEMENT_3D('',#7116,#7117,#7118);
#7116 = CARTESIAN_POINT('',(15.75,4.35,2.1));
#7117 = DIRECTION('',(0.,1.,0.));
#7118 = DIRECTION('',(0.,-0.,1.));
#7119 = ORIENTED_EDGE('',*,*,#7088,.F.);
#7120 = ORIENTED_EDGE('',*,*,#7121,.T.);
#7121 = EDGE_CURVE('',#7081,#7122,#7124,.T.);
#7122 = VERTEX_POINT('',#7123);
#7123 = CARTESIAN_POINT('',(14.5,0.4,2.1));
#7124 = CIRCLE('',#7125,1.25);
#7125 = AXIS2_PLACEMENT_3D('',#7126,#7127,#7128);
#7126 = CARTESIAN_POINT('',(15.75,0.4,2.1));
#7127 = DIRECTION('',(0.,1.,0.));
#7128 = DIRECTION('',(0.,-0.,1.));
#7129 = ORIENTED_EDGE('',*,*,#7130,.T.);
#7130 = EDGE_CURVE('',#7122,#7112,#7131,.T.);
#7131 = LINE('',#7132,#7133);
#7132 = CARTESIAN_POINT('',(14.5,0.4,2.1));
#7133 = VECTOR('',#7134,1.);
#7134 = DIRECTION('',(-0.,1.,0.));
#7135 = CYLINDRICAL_SURFACE('',#7136,1.25);
#7136 = AXIS2_PLACEMENT_3D('',#7137,#7138,#7139);
#7137 = CARTESIAN_POINT('',(15.75,0.4,2.1));
#7138 = DIRECTION('',(0.,1.,0.));
#7139 = DIRECTION('',(0.,-0.,1.));
#7140 = ADVANCED_FACE('',(#7141),#7166,.T.);
#7141 = FACE_BOUND('',#7142,.T.);
#7142 = EDGE_LOOP('',(#7143,#7151,#7152,#7160));
#7143 = ORIENTED_EDGE('',*,*,#7144,.F.);
#7144 = EDGE_CURVE('',#7122,#7145,#7147,.T.);
#7145 = VERTEX_POINT('',#7146);
#7146 = CARTESIAN_POINT('',(14.5,0.4,5.6));
#7147 = LINE('',#7148,#7149);
#7148 = CARTESIAN_POINT('',(14.5,0.4,2.1));
#7149 = VECTOR('',#7150,1.);
#7150 = DIRECTION('',(0.,0.,1.));
#7151 = ORIENTED_EDGE('',*,*,#7130,.T.);
#7152 = ORIENTED_EDGE('',*,*,#7153,.T.);
#7153 = EDGE_CURVE('',#7112,#7154,#7156,.T.);
#7154 = VERTEX_POINT('',#7155);
#7155 = CARTESIAN_POINT('',(14.5,4.35,5.6));
#7156 = LINE('',#7157,#7158);
#7157 = CARTESIAN_POINT('',(14.5,4.35,2.1));
#7158 = VECTOR('',#7159,1.);
#7159 = DIRECTION('',(0.,0.,1.));
#7160 = ORIENTED_EDGE('',*,*,#7161,.F.);
#7161 = EDGE_CURVE('',#7145,#7154,#7162,.T.);
#7162 = LINE('',#7163,#7164);
#7163 = CARTESIAN_POINT('',(14.5,0.4,5.6));
#7164 = VECTOR('',#7165,1.);
#7165 = DIRECTION('',(-0.,1.,0.));
#7166 = PLANE('',#7167);
#7167 = AXIS2_PLACEMENT_3D('',#7168,#7169,#7170);
#7168 = CARTESIAN_POINT('',(14.5,0.4,2.1));
#7169 = DIRECTION('',(1.,0.,-0.));
#7170 = DIRECTION('',(0.,0.,1.));
#7171 = ADVANCED_FACE('',(#7172),#7206,.T.);
#7172 = FACE_BOUND('',#7173,.T.);
#7173 = EDGE_LOOP('',(#7174,#7180,#7181,#7189,#7197,#7203,#7204,#7205));
#7174 = ORIENTED_EDGE('',*,*,#7175,.T.);
#7175 = EDGE_CURVE('',#6802,#7145,#7176,.T.);
#7176 = LINE('',#7177,#7178);
#7177 = CARTESIAN_POINT('',(14.35,0.4,5.6));
#7178 = VECTOR('',#7179,1.);
#7179 = DIRECTION('',(1.,0.,-0.));
#7180 = ORIENTED_EDGE('',*,*,#7161,.T.);
#7181 = ORIENTED_EDGE('',*,*,#7182,.T.);
#7182 = EDGE_CURVE('',#7154,#7183,#7185,.T.);
#7183 = VERTEX_POINT('',#7184);
#7184 = CARTESIAN_POINT('',(14.95,4.35,5.6));
#7185 = LINE('',#7186,#7187);
#7186 = CARTESIAN_POINT('',(14.5,4.35,5.6));
#7187 = VECTOR('',#7188,1.);
#7188 = DIRECTION('',(1.,0.,-0.));
#7189 = ORIENTED_EDGE('',*,*,#7190,.F.);
#7190 = EDGE_CURVE('',#7191,#7183,#7193,.T.);
#7191 = VERTEX_POINT('',#7192);
#7192 = CARTESIAN_POINT('',(14.95,0.4,5.6));
#7193 = LINE('',#7194,#7195);
#7194 = CARTESIAN_POINT('',(14.95,0.4,5.6));
#7195 = VECTOR('',#7196,1.);
#7196 = DIRECTION('',(-0.,1.,0.));
#7197 = ORIENTED_EDGE('',*,*,#7198,.F.);
#7198 = EDGE_CURVE('',#6825,#7191,#7199,.T.);
#7199 = LINE('',#7200,#7201);
#7200 = CARTESIAN_POINT('',(14.35,0.4,5.6));
#7201 = VECTOR('',#7202,1.);
#7202 = DIRECTION('',(1.,0.,-0.));
#7203 = ORIENTED_EDGE('',*,*,#6824,.F.);
#7204 = ORIENTED_EDGE('',*,*,#6347,.F.);
#7205 = ORIENTED_EDGE('',*,*,#6809,.T.);
#7206 = PLANE('',#7207);
#7207 = AXIS2_PLACEMENT_3D('',#7208,#7209,#7210);
#7208 = CARTESIAN_POINT('',(14.703787878788,2.121212121212,5.6));
#7209 = DIRECTION('',(-0.,-0.,-1.));
#7210 = DIRECTION('',(-1.,0.,0.));
#7211 = ADVANCED_FACE('',(#7212),#7237,.T.);
#7212 = FACE_BOUND('',#7213,.T.);
#7213 = EDGE_LOOP('',(#7214,#7222,#7223,#7231));
#7214 = ORIENTED_EDGE('',*,*,#7215,.F.);
#7215 = EDGE_CURVE('',#7191,#7216,#7218,.T.);
#7216 = VERTEX_POINT('',#7217);
#7217 = CARTESIAN_POINT('',(14.95,0.4,7.35));
#7218 = LINE('',#7219,#7220);
#7219 = CARTESIAN_POINT('',(14.95,0.4,5.6));
#7220 = VECTOR('',#7221,1.);
#7221 = DIRECTION('',(0.,0.,1.));
#7222 = ORIENTED_EDGE('',*,*,#7190,.T.);
#7223 = ORIENTED_EDGE('',*,*,#7224,.T.);
#7224 = EDGE_CURVE('',#7183,#7225,#7227,.T.);
#7225 = VERTEX_POINT('',#7226);
#7226 = CARTESIAN_POINT('',(14.95,4.35,7.35));
#7227 = LINE('',#7228,#7229);
#7228 = CARTESIAN_POINT('',(14.95,4.35,5.6));
#7229 = VECTOR('',#7230,1.);
#7230 = DIRECTION('',(0.,0.,1.));
#7231 = ORIENTED_EDGE('',*,*,#7232,.F.);
#7232 = EDGE_CURVE('',#7216,#7225,#7233,.T.);
#7233 = LINE('',#7234,#7235);
#7234 = CARTESIAN_POINT('',(14.95,0.4,7.35));
#7235 = VECTOR('',#7236,1.);
#7236 = DIRECTION('',(-0.,1.,0.));
#7237 = PLANE('',#7238);
#7238 = AXIS2_PLACEMENT_3D('',#7239,#7240,#7241);
#7239 = CARTESIAN_POINT('',(14.95,0.4,5.6));
#7240 = DIRECTION('',(1.,0.,-0.));
#7241 = DIRECTION('',(0.,0.,1.));
#7242 = ADVANCED_FACE('',(#7243),#7253,.T.);
#7243 = FACE_BOUND('',#7244,.T.);
#7244 = EDGE_LOOP('',(#7245,#7246,#7247,#7248,#7249,#7250,#7251,#7252));
#7245 = ORIENTED_EDGE('',*,*,#6721,.T.);
#7246 = ORIENTED_EDGE('',*,*,#7000,.F.);
#7247 = ORIENTED_EDGE('',*,*,#7080,.F.);
#7248 = ORIENTED_EDGE('',*,*,#7121,.T.);
#7249 = ORIENTED_EDGE('',*,*,#7144,.T.);
#7250 = ORIENTED_EDGE('',*,*,#7175,.F.);
#7251 = ORIENTED_EDGE('',*,*,#6801,.F.);
#7252 = ORIENTED_EDGE('',*,*,#6743,.F.);
#7253 = PLANE('',#7254);
#7254 = AXIS2_PLACEMENT_3D('',#7255,#7256,#7257);
#7255 = CARTESIAN_POINT('',(15.75,0.4,2.974105664285));
#7256 = DIRECTION('',(-0.,-1.,-0.));
#7257 = DIRECTION('',(0.,0.,-1.));
#7258 = ADVANCED_FACE('',(#7259),#7299,.T.);
#7259 = FACE_BOUND('',#7260,.T.);
#7260 = EDGE_LOOP('',(#7261,#7262,#7263,#7272,#7279,#7280,#7281,#7282,
    #7291,#7298));
#7261 = ORIENTED_EDGE('',*,*,#7011,.T.);
#7262 = ORIENTED_EDGE('',*,*,#6777,.T.);
#7263 = ORIENTED_EDGE('',*,*,#7264,.F.);
#7264 = EDGE_CURVE('',#7265,#6778,#7267,.T.);
#7265 = VERTEX_POINT('',#7266);
#7266 = CARTESIAN_POINT('',(15.75,0.4,8.3));
#7267 = CIRCLE('',#7268,0.95);
#7268 = AXIS2_PLACEMENT_3D('',#7269,#7270,#7271);
#7269 = CARTESIAN_POINT('',(15.75,0.4,7.35));
#7270 = DIRECTION('',(0.,1.,0.));
#7271 = DIRECTION('',(0.,-0.,1.));
#7272 = ORIENTED_EDGE('',*,*,#7273,.F.);
#7273 = EDGE_CURVE('',#6833,#7265,#7274,.T.);
#7274 = CIRCLE('',#7275,0.95);
#7275 = AXIS2_PLACEMENT_3D('',#7276,#7277,#7278);
#7276 = CARTESIAN_POINT('',(15.75,0.4,7.35));
#7277 = DIRECTION('',(0.,1.,0.));
#7278 = DIRECTION('',(0.,-0.,1.));
#7279 = ORIENTED_EDGE('',*,*,#6832,.F.);
#7280 = ORIENTED_EDGE('',*,*,#7198,.T.);
#7281 = ORIENTED_EDGE('',*,*,#7215,.T.);
#7282 = ORIENTED_EDGE('',*,*,#7283,.T.);
#7283 = EDGE_CURVE('',#7216,#7284,#7286,.T.);
#7284 = VERTEX_POINT('',#7285);
#7285 = CARTESIAN_POINT('',(15.75,0.4,8.15));
#7286 = CIRCLE('',#7287,0.8);
#7287 = AXIS2_PLACEMENT_3D('',#7288,#7289,#7290);
#7288 = CARTESIAN_POINT('',(15.75,0.4,7.35));
#7289 = DIRECTION('',(0.,1.,0.));
#7290 = DIRECTION('',(0.,-0.,1.));
#7291 = ORIENTED_EDGE('',*,*,#7292,.T.);
#7292 = EDGE_CURVE('',#7284,#7050,#7293,.T.);
#7293 = CIRCLE('',#7294,0.8);
#7294 = AXIS2_PLACEMENT_3D('',#7295,#7296,#7297);
#7295 = CARTESIAN_POINT('',(15.75,0.4,7.35));
#7296 = DIRECTION('',(0.,1.,0.));
#7297 = DIRECTION('',(0.,-0.,1.));
#7298 = ORIENTED_EDGE('',*,*,#7049,.F.);
#7299 = PLANE('',#7300);
#7300 = AXIS2_PLACEMENT_3D('',#7301,#7302,#7303);
#7301 = CARTESIAN_POINT('',(15.75,0.4,7.061813018945));
#7302 = DIRECTION('',(-0.,-1.,-0.));
#7303 = DIRECTION('',(0.,0.,-1.));
#7304 = ADVANCED_FACE('',(#7305),#7330,.T.);
#7305 = FACE_BOUND('',#7306,.T.);
#7306 = EDGE_LOOP('',(#7307,#7308,#7309,#7310,#7319,#7326,#7327,#7328,
    #7329));
#7307 = ORIENTED_EDGE('',*,*,#7096,.T.);
#7308 = ORIENTED_EDGE('',*,*,#7027,.F.);
#7309 = ORIENTED_EDGE('',*,*,#7058,.T.);
#7310 = ORIENTED_EDGE('',*,*,#7311,.F.);
#7311 = EDGE_CURVE('',#7312,#7059,#7314,.T.);
#7312 = VERTEX_POINT('',#7313);
#7313 = CARTESIAN_POINT('',(15.75,4.35,8.15));
#7314 = CIRCLE('',#7315,0.8);
#7315 = AXIS2_PLACEMENT_3D('',#7316,#7317,#7318);
#7316 = CARTESIAN_POINT('',(15.75,4.35,7.35));
#7317 = DIRECTION('',(0.,1.,0.));
#7318 = DIRECTION('',(0.,-0.,1.));
#7319 = ORIENTED_EDGE('',*,*,#7320,.F.);
#7320 = EDGE_CURVE('',#7225,#7312,#7321,.T.);
#7321 = CIRCLE('',#7322,0.8);
#7322 = AXIS2_PLACEMENT_3D('',#7323,#7324,#7325);
#7323 = CARTESIAN_POINT('',(15.75,4.35,7.35));
#7324 = DIRECTION('',(0.,1.,0.));
#7325 = DIRECTION('',(0.,-0.,1.));
#7326 = ORIENTED_EDGE('',*,*,#7224,.F.);
#7327 = ORIENTED_EDGE('',*,*,#7182,.F.);
#7328 = ORIENTED_EDGE('',*,*,#7153,.F.);
#7329 = ORIENTED_EDGE('',*,*,#7111,.F.);
#7330 = PLANE('',#7331);
#7331 = AXIS2_PLACEMENT_3D('',#7332,#7333,#7334);
#7332 = CARTESIAN_POINT('',(15.75,4.35,4.497949762039));
#7333 = DIRECTION('',(-0.,-1.,-0.));
#7334 = DIRECTION('',(0.,0.,-1.));
#7335 = ADVANCED_FACE('',(#7336),#7344,.F.);
#7336 = FACE_BOUND('',#7337,.F.);
#7337 = EDGE_LOOP('',(#7338,#7339,#7340,#7341,#7342,#7343));
#7338 = ORIENTED_EDGE('',*,*,#6840,.F.);
#7339 = ORIENTED_EDGE('',*,*,#6330,.T.);
#7340 = ORIENTED_EDGE('',*,*,#6321,.T.);
#7341 = ORIENTED_EDGE('',*,*,#6785,.T.);
#7342 = ORIENTED_EDGE('',*,*,#7264,.F.);
#7343 = ORIENTED_EDGE('',*,*,#7273,.F.);
#7344 = CYLINDRICAL_SURFACE('',#7345,0.95);
#7345 = AXIS2_PLACEMENT_3D('',#7346,#7347,#7348);
#7346 = CARTESIAN_POINT('',(15.75,-5.E-02,7.35));
#7347 = DIRECTION('',(0.,1.,0.));
#7348 = DIRECTION('',(0.,-0.,1.));
#7349 = ADVANCED_FACE('',(#7350),#7358,.F.);
#7350 = FACE_BOUND('',#7351,.F.);
#7351 = EDGE_LOOP('',(#7352,#7353,#7354,#7355,#7356,#7357));
#7352 = ORIENTED_EDGE('',*,*,#7066,.T.);
#7353 = ORIENTED_EDGE('',*,*,#7311,.F.);
#7354 = ORIENTED_EDGE('',*,*,#7320,.F.);
#7355 = ORIENTED_EDGE('',*,*,#7232,.F.);
#7356 = ORIENTED_EDGE('',*,*,#7283,.T.);
#7357 = ORIENTED_EDGE('',*,*,#7292,.T.);
#7358 = CYLINDRICAL_SURFACE('',#7359,0.8);
#7359 = AXIS2_PLACEMENT_3D('',#7360,#7361,#7362);
#7360 = CARTESIAN_POINT('',(15.75,0.4,7.35));
#7361 = DIRECTION('',(0.,1.,0.));
#7362 = DIRECTION('',(0.,-0.,1.));
#7363 = ( GEOMETRIC_REPRESENTATION_CONTEXT(3)
GLOBAL_UNCERTAINTY_ASSIGNED_CONTEXT((#7367))
GLOBAL_UNIT_ASSIGNED_CONTEXT((#7364,#7365,#7366)) REPRESENTATION_CONTEXT
('Context #1','3D Context with UNIT and UNCERTAINTY') );
#7364 = ( LENGTH_UNIT() NAMED_UNIT(*) SI_UNIT(.MILLI.,.METRE.) );
#7365 = ( NAMED_UNIT(*) PLANE_ANGLE_UNIT() SI_UNIT($,.RADIAN.) );
#7366 = ( NAMED_UNIT(*) SI_UNIT($,.STERADIAN.) SOLID_ANGLE_UNIT() );
#7367 = UNCERTAINTY_MEASURE_WITH_UNIT(LENGTH_MEASURE(1.E-07),#7364,
  'distance_accuracy_value','confusion accuracy');
#7368 = CONTEXT_DEPENDENT_SHAPE_REPRESENTATION(#7369,#7371);
#7369 = ( REPRESENTATION_RELATIONSHIP('','',#6007,#10)
REPRESENTATION_RELATIONSHIP_WITH_TRANSFORMATION(#7370)
SHAPE_REPRESENTATION_RELATIONSHIP() );
#7370 = ITEM_DEFINED_TRANSFORMATION('','',#11,#63);
#7371 = PRODUCT_DEFINITION_SHAPE('Placement','Placement of an item',
  #7372);
#7372 = NEXT_ASSEMBLY_USAGE_OCCURRENCE('13','Housing P4','',#5,#6002,$);
#7373 = PRODUCT_RELATED_PRODUCT_CATEGORY('part',$,(#6004));
#7374 = SHAPE_DEFINITION_REPRESENTATION(#7375,#7381);
#7375 = PRODUCT_DEFINITION_SHAPE('','',#7376);
#7376 = PRODUCT_DEFINITION('design','',#7377,#7380);
#7377 = PRODUCT_DEFINITION_FORMATION('','',#7378);
#7378 = PRODUCT('Actuator P4','Actuator P4','',(#7379));
#7379 = PRODUCT_CONTEXT('',#2,'mechanical');
#7380 = PRODUCT_DEFINITION_CONTEXT('part definition',#2,'design');
#7381 = ADVANCED_BREP_SHAPE_REPRESENTATION('',(#11,#7382),#7600);
#7382 = MANIFOLD_SOLID_BREP('',#7383);
#7383 = CLOSED_SHELL('',(#7384,#7424,#7455,#7486,#7517,#7550,#7572,#7586
    ));
#7384 = ADVANCED_FACE('',(#7385),#7419,.T.);
#7385 = FACE_BOUND('',#7386,.T.);
#7386 = EDGE_LOOP('',(#7387,#7397,#7405,#7413));
#7387 = ORIENTED_EDGE('',*,*,#7388,.T.);
#7388 = EDGE_CURVE('',#7389,#7391,#7393,.T.);
#7389 = VERTEX_POINT('',#7390);
#7390 = CARTESIAN_POINT('',(14.4,-0.35,10.6));
#7391 = VERTEX_POINT('',#7392);
#7392 = CARTESIAN_POINT('',(17.1,-0.35,10.6));
#7393 = LINE('',#7394,#7395);
#7394 = CARTESIAN_POINT('',(14.4,-0.35,10.6));
#7395 = VECTOR('',#7396,1.);
#7396 = DIRECTION('',(1.,0.,0.));
#7397 = ORIENTED_EDGE('',*,*,#7398,.T.);
#7398 = EDGE_CURVE('',#7391,#7399,#7401,.T.);
#7399 = VERTEX_POINT('',#7400);
#7400 = CARTESIAN_POINT('',(17.1,9.45,10.6));
#7401 = LINE('',#7402,#7403);
#7402 = CARTESIAN_POINT('',(17.1,-0.35,10.6));
#7403 = VECTOR('',#7404,1.);
#7404 = DIRECTION('',(0.,1.,0.));
#7405 = ORIENTED_EDGE('',*,*,#7406,.F.);
#7406 = EDGE_CURVE('',#7407,#7399,#7409,.T.);
#7407 = VERTEX_POINT('',#7408);
#7408 = CARTESIAN_POINT('',(14.4,9.45,10.6));
#7409 = LINE('',#7410,#7411);
#7410 = CARTESIAN_POINT('',(14.4,9.45,10.6));
#7411 = VECTOR('',#7412,1.);
#7412 = DIRECTION('',(1.,0.,0.));
#7413 = ORIENTED_EDGE('',*,*,#7414,.F.);
#7414 = EDGE_CURVE('',#7389,#7407,#7415,.T.);
#7415 = LINE('',#7416,#7417);
#7416 = CARTESIAN_POINT('',(14.4,-0.35,10.6));
#7417 = VECTOR('',#7418,1.);
#7418 = DIRECTION('',(0.,1.,0.));
#7419 = PLANE('',#7420);
#7420 = AXIS2_PLACEMENT_3D('',#7421,#7422,#7423);
#7421 = CARTESIAN_POINT('',(14.4,-0.35,10.6));
#7422 = DIRECTION('',(0.,0.,1.));
#7423 = DIRECTION('',(0.,1.,0.));
#7424 = ADVANCED_FACE('',(#7425),#7450,.T.);
#7425 = FACE_BOUND('',#7426,.T.);
#7426 = EDGE_LOOP('',(#7427,#7437,#7443,#7444));
#7427 = ORIENTED_EDGE('',*,*,#7428,.T.);
#7428 = EDGE_CURVE('',#7429,#7431,#7433,.T.);
#7429 = VERTEX_POINT('',#7430);
#7430 = CARTESIAN_POINT('',(14.4,1.25,8.6));
#7431 = VERTEX_POINT('',#7432);
#7432 = CARTESIAN_POINT('',(17.1,1.25,8.6));
#7433 = LINE('',#7434,#7435);
#7434 = CARTESIAN_POINT('',(14.4,1.25,8.6));
#7435 = VECTOR('',#7436,1.);
#7436 = DIRECTION('',(1.,0.,0.));
#7437 = ORIENTED_EDGE('',*,*,#7438,.T.);
#7438 = EDGE_CURVE('',#7431,#7391,#7439,.T.);
#7439 = LINE('',#7440,#7441);
#7440 = CARTESIAN_POINT('',(17.1,1.25,8.6));
#7441 = VECTOR('',#7442,1.);
#7442 = DIRECTION('',(0.,-0.624695047554,0.780868809443));
#7443 = ORIENTED_EDGE('',*,*,#7388,.F.);
#7444 = ORIENTED_EDGE('',*,*,#7445,.F.);
#7445 = EDGE_CURVE('',#7429,#7389,#7446,.T.);
#7446 = LINE('',#7447,#7448);
#7447 = CARTESIAN_POINT('',(14.4,1.25,8.6));
#7448 = VECTOR('',#7449,1.);
#7449 = DIRECTION('',(0.,-0.624695047554,0.780868809443));
#7450 = PLANE('',#7451);
#7451 = AXIS2_PLACEMENT_3D('',#7452,#7453,#7454);
#7452 = CARTESIAN_POINT('',(14.4,1.25,8.6));
#7453 = DIRECTION('',(0.,-0.780868809443,-0.624695047554));
#7454 = DIRECTION('',(0.,-0.624695047554,0.780868809443));
#7455 = ADVANCED_FACE('',(#7456),#7481,.T.);
#7456 = FACE_BOUND('',#7457,.T.);
#7457 = EDGE_LOOP('',(#7458,#7466,#7467,#7475));
#7458 = ORIENTED_EDGE('',*,*,#7459,.F.);
#7459 = EDGE_CURVE('',#7407,#7460,#7462,.T.);
#7460 = VERTEX_POINT('',#7461);
#7461 = CARTESIAN_POINT('',(14.4,9.45,9.565923489271));
#7462 = LINE('',#7463,#7464);
#7463 = CARTESIAN_POINT('',(14.4,9.45,10.6));
#7464 = VECTOR('',#7465,1.);
#7465 = DIRECTION('',(0.,0.,-1.));
#7466 = ORIENTED_EDGE('',*,*,#7406,.T.);
#7467 = ORIENTED_EDGE('',*,*,#7468,.T.);
#7468 = EDGE_CURVE('',#7399,#7469,#7471,.T.);
#7469 = VERTEX_POINT('',#7470);
#7470 = CARTESIAN_POINT('',(17.1,9.45,9.565923489271));
#7471 = LINE('',#7472,#7473);
#7472 = CARTESIAN_POINT('',(17.1,9.45,10.6));
#7473 = VECTOR('',#7474,1.);
#7474 = DIRECTION('',(0.,0.,-1.));
#7475 = ORIENTED_EDGE('',*,*,#7476,.F.);
#7476 = EDGE_CURVE('',#7460,#7469,#7477,.T.);
#7477 = LINE('',#7478,#7479);
#7478 = CARTESIAN_POINT('',(14.4,9.45,9.565923489271));
#7479 = VECTOR('',#7480,1.);
#7480 = DIRECTION('',(1.,0.,0.));
#7481 = PLANE('',#7482);
#7482 = AXIS2_PLACEMENT_3D('',#7483,#7484,#7485);
#7483 = CARTESIAN_POINT('',(14.4,9.45,10.6));
#7484 = DIRECTION('',(-0.,1.,0.));
#7485 = DIRECTION('',(0.,0.,-1.));
#7486 = ADVANCED_FACE('',(#7487),#7512,.T.);
#7487 = FACE_BOUND('',#7488,.T.);
#7488 = EDGE_LOOP('',(#7489,#7499,#7505,#7506));
#7489 = ORIENTED_EDGE('',*,*,#7490,.T.);
#7490 = EDGE_CURVE('',#7491,#7493,#7495,.T.);
#7491 = VERTEX_POINT('',#7492);
#7492 = CARTESIAN_POINT('',(14.4,9.45,8.6));
#7493 = VERTEX_POINT('',#7494);
#7494 = CARTESIAN_POINT('',(17.1,9.45,8.6));
#7495 = LINE('',#7496,#7497);
#7496 = CARTESIAN_POINT('',(14.4,9.45,8.6));
#7497 = VECTOR('',#7498,1.);
#7498 = DIRECTION('',(1.,0.,0.));
#7499 = ORIENTED_EDGE('',*,*,#7500,.T.);
#7500 = EDGE_CURVE('',#7493,#7431,#7501,.T.);
#7501 = LINE('',#7502,#7503);
#7502 = CARTESIAN_POINT('',(17.1,9.45,8.6));
#7503 = VECTOR('',#7504,1.);
#7504 = DIRECTION('',(0.,-1.,0.));
#7505 = ORIENTED_EDGE('',*,*,#7428,.F.);
#7506 = ORIENTED_EDGE('',*,*,#7507,.F.);
#7507 = EDGE_CURVE('',#7491,#7429,#7508,.T.);
#7508 = LINE('',#7509,#7510);
#7509 = CARTESIAN_POINT('',(14.4,9.45,8.6));
#7510 = VECTOR('',#7511,1.);
#7511 = DIRECTION('',(0.,-1.,0.));
#7512 = PLANE('',#7513);
#7513 = AXIS2_PLACEMENT_3D('',#7514,#7515,#7516);
#7514 = CARTESIAN_POINT('',(14.4,9.45,8.6));
#7515 = DIRECTION('',(0.,0.,-1.));
#7516 = DIRECTION('',(0.,-1.,0.));
#7517 = ADVANCED_FACE('',(#7518),#7545,.T.);
#7518 = FACE_BOUND('',#7519,.T.);
#7519 = EDGE_LOOP('',(#7520,#7529,#7537,#7544));
#7520 = ORIENTED_EDGE('',*,*,#7521,.F.);
#7521 = EDGE_CURVE('',#7522,#7469,#7524,.T.);
#7522 = VERTEX_POINT('',#7523);
#7523 = CARTESIAN_POINT('',(17.1,9.45,8.834076510729));
#7524 = CIRCLE('',#7525,0.58);
#7525 = AXIS2_PLACEMENT_3D('',#7526,#7527,#7528);
#7526 = CARTESIAN_POINT('',(17.1,9.,9.2));
#7527 = DIRECTION('',(1.,0.,0.));
#7528 = DIRECTION('',(-0.,0.,1.));
#7529 = ORIENTED_EDGE('',*,*,#7530,.F.);
#7530 = EDGE_CURVE('',#7531,#7522,#7533,.T.);
#7531 = VERTEX_POINT('',#7532);
#7532 = CARTESIAN_POINT('',(14.4,9.45,8.834076510729));
#7533 = LINE('',#7534,#7535);
#7534 = CARTESIAN_POINT('',(14.4,9.45,8.834076510729));
#7535 = VECTOR('',#7536,1.);
#7536 = DIRECTION('',(1.,0.,0.));
#7537 = ORIENTED_EDGE('',*,*,#7538,.T.);
#7538 = EDGE_CURVE('',#7531,#7460,#7539,.T.);
#7539 = CIRCLE('',#7540,0.58);
#7540 = AXIS2_PLACEMENT_3D('',#7541,#7542,#7543);
#7541 = CARTESIAN_POINT('',(14.4,9.,9.2));
#7542 = DIRECTION('',(1.,0.,0.));
#7543 = DIRECTION('',(-0.,0.,1.));
#7544 = ORIENTED_EDGE('',*,*,#7476,.T.);
#7545 = CYLINDRICAL_SURFACE('',#7546,0.58);
#7546 = AXIS2_PLACEMENT_3D('',#7547,#7548,#7549);
#7547 = CARTESIAN_POINT('',(14.4,9.,9.2));
#7548 = DIRECTION('',(1.,0.,0.));
#7549 = DIRECTION('',(-0.,0.,1.));
#7550 = ADVANCED_FACE('',(#7551),#7567,.T.);
#7551 = FACE_BOUND('',#7552,.T.);
#7552 = EDGE_LOOP('',(#7553,#7559,#7560,#7566));
#7553 = ORIENTED_EDGE('',*,*,#7554,.F.);
#7554 = EDGE_CURVE('',#7531,#7491,#7555,.T.);
#7555 = LINE('',#7556,#7557);
#7556 = CARTESIAN_POINT('',(14.4,9.45,10.6));
#7557 = VECTOR('',#7558,1.);
#7558 = DIRECTION('',(0.,0.,-1.));
#7559 = ORIENTED_EDGE('',*,*,#7530,.T.);
#7560 = ORIENTED_EDGE('',*,*,#7561,.T.);
#7561 = EDGE_CURVE('',#7522,#7493,#7562,.T.);
#7562 = LINE('',#7563,#7564);
#7563 = CARTESIAN_POINT('',(17.1,9.45,10.6));
#7564 = VECTOR('',#7565,1.);
#7565 = DIRECTION('',(0.,0.,-1.));
#7566 = ORIENTED_EDGE('',*,*,#7490,.F.);
#7567 = PLANE('',#7568);
#7568 = AXIS2_PLACEMENT_3D('',#7569,#7570,#7571);
#7569 = CARTESIAN_POINT('',(14.4,9.45,10.6));
#7570 = DIRECTION('',(-0.,1.,0.));
#7571 = DIRECTION('',(0.,0.,-1.));
#7572 = ADVANCED_FACE('',(#7573),#7581,.T.);
#7573 = FACE_BOUND('',#7574,.T.);
#7574 = EDGE_LOOP('',(#7575,#7576,#7577,#7578,#7579,#7580));
#7575 = ORIENTED_EDGE('',*,*,#7445,.T.);
#7576 = ORIENTED_EDGE('',*,*,#7414,.T.);
#7577 = ORIENTED_EDGE('',*,*,#7459,.T.);
#7578 = ORIENTED_EDGE('',*,*,#7538,.F.);
#7579 = ORIENTED_EDGE('',*,*,#7554,.T.);
#7580 = ORIENTED_EDGE('',*,*,#7507,.T.);
#7581 = PLANE('',#7582);
#7582 = AXIS2_PLACEMENT_3D('',#7583,#7584,#7585);
#7583 = CARTESIAN_POINT('',(14.4,4.823284092834,9.669808456553));
#7584 = DIRECTION('',(-1.,-0.,-0.));
#7585 = DIRECTION('',(0.,0.,-1.));
#7586 = ADVANCED_FACE('',(#7587),#7595,.T.);
#7587 = FACE_BOUND('',#7588,.T.);
#7588 = EDGE_LOOP('',(#7589,#7590,#7591,#7592,#7593,#7594));
#7589 = ORIENTED_EDGE('',*,*,#7438,.F.);
#7590 = ORIENTED_EDGE('',*,*,#7500,.F.);
#7591 = ORIENTED_EDGE('',*,*,#7561,.F.);
#7592 = ORIENTED_EDGE('',*,*,#7521,.T.);
#7593 = ORIENTED_EDGE('',*,*,#7468,.F.);
#7594 = ORIENTED_EDGE('',*,*,#7398,.F.);
#7595 = PLANE('',#7596);
#7596 = AXIS2_PLACEMENT_3D('',#7597,#7598,#7599);
#7597 = CARTESIAN_POINT('',(17.1,4.823284092834,9.669808456553));
#7598 = DIRECTION('',(1.,0.,0.));
#7599 = DIRECTION('',(-0.,0.,1.));
#7600 = ( GEOMETRIC_REPRESENTATION_CONTEXT(3)
GLOBAL_UNCERTAINTY_ASSIGNED_CONTEXT((#7604))
GLOBAL_UNIT_ASSIGNED_CONTEXT((#7601,#7602,#7603)) REPRESENTATION_CONTEXT
('Context #1','3D Context with UNIT and UNCERTAINTY') );
#7601 = ( LENGTH_UNIT() NAMED_UNIT(*) SI_UNIT(.MILLI.,.METRE.) );
#7602 = ( NAMED_UNIT(*) PLANE_ANGLE_UNIT() SI_UNIT($,.RADIAN.) );
#7603 = ( NAMED_UNIT(*) SI_UNIT($,.STERADIAN.) SOLID_ANGLE_UNIT() );
#7604 = UNCERTAINTY_MEASURE_WITH_UNIT(LENGTH_MEASURE(1.E-07),#7601,
  'distance_accuracy_value','confusion accuracy');
#7605 = CONTEXT_DEPENDENT_SHAPE_REPRESENTATION(#7606,#7608);
#7606 = ( REPRESENTATION_RELATIONSHIP('','',#7381,#10)
REPRESENTATION_RELATIONSHIP_WITH_TRANSFORMATION(#7607)
SHAPE_REPRESENTATION_RELATIONSHIP() );
#7607 = ITEM_DEFINED_TRANSFORMATION('','',#11,#67);
#7608 = PRODUCT_DEFINITION_SHAPE('Placement','Placement of an item',
  #7609);
#7609 = NEXT_ASSEMBLY_USAGE_OCCURRENCE('14','Actuator P4','',#5,#7376,$
  );
#7610 = PRODUCT_RELATED_PRODUCT_CATEGORY('part',$,(#7378));
#7611 = SHAPE_DEFINITION_REPRESENTATION(#7612,#7618);
#7612 = PRODUCT_DEFINITION_SHAPE('','',#7613);
#7613 = PRODUCT_DEFINITION('design','',#7614,#7617);
#7614 = PRODUCT_DEFINITION_FORMATION('','',#7615);
#7615 = PRODUCT('Terminal Pin P4 A','Terminal Pin P4 A','',(#7616));
#7616 = PRODUCT_CONTEXT('',#2,'mechanical');
#7617 = PRODUCT_DEFINITION_CONTEXT('part definition',#2,'design');
#7618 = ADVANCED_BREP_SHAPE_REPRESENTATION('',(#11,#7619),#7769);
#7619 = MANIFOLD_SOLID_BREP('',#7620);
#7620 = CLOSED_SHELL('',(#7621,#7661,#7701,#7723,#7745,#7757));
#7621 = ADVANCED_FACE('',(#7622),#7656,.F.);
#7622 = FACE_BOUND('',#7623,.F.);
#7623 = EDGE_LOOP('',(#7624,#7634,#7642,#7650));
#7624 = ORIENTED_EDGE('',*,*,#7625,.F.);
#7625 = EDGE_CURVE('',#7626,#7628,#7630,.T.);
#7626 = VERTEX_POINT('',#7627);
#7627 = CARTESIAN_POINT('',(15.85,4.35,-3.5));
#7628 = VERTEX_POINT('',#7629);
#7629 = CARTESIAN_POINT('',(15.85,4.35,0.));
#7630 = LINE('',#7631,#7632);
#7631 = CARTESIAN_POINT('',(15.85,4.35,-3.5));
#7632 = VECTOR('',#7633,1.);
#7633 = DIRECTION('',(0.,0.,1.));
#7634 = ORIENTED_EDGE('',*,*,#7635,.T.);
#7635 = EDGE_CURVE('',#7626,#7636,#7638,.T.);
#7636 = VERTEX_POINT('',#7637);
#7637 = CARTESIAN_POINT('',(15.85,4.85,-3.5));
#7638 = LINE('',#7639,#7640);
#7639 = CARTESIAN_POINT('',(15.85,4.35,-3.5));
#7640 = VECTOR('',#7641,1.);
#7641 = DIRECTION('',(-0.,1.,0.));
#7642 = ORIENTED_EDGE('',*,*,#7643,.T.);
#7643 = EDGE_CURVE('',#7636,#7644,#7646,.T.);
#7644 = VERTEX_POINT('',#7645);
#7645 = CARTESIAN_POINT('',(15.85,4.85,0.));
#7646 = LINE('',#7647,#7648);
#7647 = CARTESIAN_POINT('',(15.85,4.85,-3.5));
#7648 = VECTOR('',#7649,1.);
#7649 = DIRECTION('',(0.,0.,1.));
#7650 = ORIENTED_EDGE('',*,*,#7651,.F.);
#7651 = EDGE_CURVE('',#7628,#7644,#7652,.T.);
#7652 = LINE('',#7653,#7654);
#7653 = CARTESIAN_POINT('',(15.85,4.35,0.));
#7654 = VECTOR('',#7655,1.);
#7655 = DIRECTION('',(-0.,1.,0.));
#7656 = PLANE('',#7657);
#7657 = AXIS2_PLACEMENT_3D('',#7658,#7659,#7660);
#7658 = CARTESIAN_POINT('',(15.85,4.35,-3.5));
#7659 = DIRECTION('',(1.,0.,-0.));
#7660 = DIRECTION('',(0.,0.,1.));
#7661 = ADVANCED_FACE('',(#7662),#7696,.T.);
#7662 = FACE_BOUND('',#7663,.T.);
#7663 = EDGE_LOOP('',(#7664,#7674,#7682,#7690));
#7664 = ORIENTED_EDGE('',*,*,#7665,.F.);
#7665 = EDGE_CURVE('',#7666,#7668,#7670,.T.);
#7666 = VERTEX_POINT('',#7667);
#7667 = CARTESIAN_POINT('',(16.65,4.35,-3.5));
#7668 = VERTEX_POINT('',#7669);
#7669 = CARTESIAN_POINT('',(16.65,4.35,0.));
#7670 = LINE('',#7671,#7672);
#7671 = CARTESIAN_POINT('',(16.65,4.35,-3.5));
#7672 = VECTOR('',#7673,1.);
#7673 = DIRECTION('',(0.,0.,1.));
#7674 = ORIENTED_EDGE('',*,*,#7675,.T.);
#7675 = EDGE_CURVE('',#7666,#7676,#7678,.T.);
#7676 = VERTEX_POINT('',#7677);
#7677 = CARTESIAN_POINT('',(16.65,4.85,-3.5));
#7678 = LINE('',#7679,#7680);
#7679 = CARTESIAN_POINT('',(16.65,4.35,-3.5));
#7680 = VECTOR('',#7681,1.);
#7681 = DIRECTION('',(-0.,1.,0.));
#7682 = ORIENTED_EDGE('',*,*,#7683,.T.);
#7683 = EDGE_CURVE('',#7676,#7684,#7686,.T.);
#7684 = VERTEX_POINT('',#7685);
#7685 = CARTESIAN_POINT('',(16.65,4.85,0.));
#7686 = LINE('',#7687,#7688);
#7687 = CARTESIAN_POINT('',(16.65,4.85,-3.5));
#7688 = VECTOR('',#7689,1.);
#7689 = DIRECTION('',(0.,0.,1.));
#7690 = ORIENTED_EDGE('',*,*,#7691,.F.);
#7691 = EDGE_CURVE('',#7668,#7684,#7692,.T.);
#7692 = LINE('',#7693,#7694);
#7693 = CARTESIAN_POINT('',(16.65,4.35,0.));
#7694 = VECTOR('',#7695,1.);
#7695 = DIRECTION('',(-0.,1.,0.));
#7696 = PLANE('',#7697);
#7697 = AXIS2_PLACEMENT_3D('',#7698,#7699,#7700);
#7698 = CARTESIAN_POINT('',(16.65,4.35,-3.5));
#7699 = DIRECTION('',(1.,0.,-0.));
#7700 = DIRECTION('',(0.,0.,1.));
#7701 = ADVANCED_FACE('',(#7702),#7718,.F.);
#7702 = FACE_BOUND('',#7703,.F.);
#7703 = EDGE_LOOP('',(#7704,#7710,#7711,#7717));
#7704 = ORIENTED_EDGE('',*,*,#7705,.F.);
#7705 = EDGE_CURVE('',#7626,#7666,#7706,.T.);
#7706 = LINE('',#7707,#7708);
#7707 = CARTESIAN_POINT('',(15.85,4.35,-3.5));
#7708 = VECTOR('',#7709,1.);
#7709 = DIRECTION('',(1.,0.,-0.));
#7710 = ORIENTED_EDGE('',*,*,#7625,.T.);
#7711 = ORIENTED_EDGE('',*,*,#7712,.T.);
#7712 = EDGE_CURVE('',#7628,#7668,#7713,.T.);
#7713 = LINE('',#7714,#7715);
#7714 = CARTESIAN_POINT('',(15.85,4.35,0.));
#7715 = VECTOR('',#7716,1.);
#7716 = DIRECTION('',(1.,0.,-0.));
#7717 = ORIENTED_EDGE('',*,*,#7665,.F.);
#7718 = PLANE('',#7719);
#7719 = AXIS2_PLACEMENT_3D('',#7720,#7721,#7722);
#7720 = CARTESIAN_POINT('',(15.85,4.35,-3.5));
#7721 = DIRECTION('',(-0.,1.,0.));
#7722 = DIRECTION('',(0.,0.,1.));
#7723 = ADVANCED_FACE('',(#7724),#7740,.T.);
#7724 = FACE_BOUND('',#7725,.T.);
#7725 = EDGE_LOOP('',(#7726,#7732,#7733,#7739));
#7726 = ORIENTED_EDGE('',*,*,#7727,.F.);
#7727 = EDGE_CURVE('',#7636,#7676,#7728,.T.);
#7728 = LINE('',#7729,#7730);
#7729 = CARTESIAN_POINT('',(15.85,4.85,-3.5));
#7730 = VECTOR('',#7731,1.);
#7731 = DIRECTION('',(1.,0.,-0.));
#7732 = ORIENTED_EDGE('',*,*,#7643,.T.);
#7733 = ORIENTED_EDGE('',*,*,#7734,.T.);
#7734 = EDGE_CURVE('',#7644,#7684,#7735,.T.);
#7735 = LINE('',#7736,#7737);
#7736 = CARTESIAN_POINT('',(15.85,4.85,0.));
#7737 = VECTOR('',#7738,1.);
#7738 = DIRECTION('',(1.,0.,-0.));
#7739 = ORIENTED_EDGE('',*,*,#7683,.F.);
#7740 = PLANE('',#7741);
#7741 = AXIS2_PLACEMENT_3D('',#7742,#7743,#7744);
#7742 = CARTESIAN_POINT('',(15.85,4.85,-3.5));
#7743 = DIRECTION('',(-0.,1.,0.));
#7744 = DIRECTION('',(0.,0.,1.));
#7745 = ADVANCED_FACE('',(#7746),#7752,.F.);
#7746 = FACE_BOUND('',#7747,.F.);
#7747 = EDGE_LOOP('',(#7748,#7749,#7750,#7751));
#7748 = ORIENTED_EDGE('',*,*,#7635,.F.);
#7749 = ORIENTED_EDGE('',*,*,#7705,.T.);
#7750 = ORIENTED_EDGE('',*,*,#7675,.T.);
#7751 = ORIENTED_EDGE('',*,*,#7727,.F.);
#7752 = PLANE('',#7753);
#7753 = AXIS2_PLACEMENT_3D('',#7754,#7755,#7756);
#7754 = CARTESIAN_POINT('',(15.85,4.35,-3.5));
#7755 = DIRECTION('',(0.,0.,1.));
#7756 = DIRECTION('',(1.,0.,-0.));
#7757 = ADVANCED_FACE('',(#7758),#7764,.T.);
#7758 = FACE_BOUND('',#7759,.T.);
#7759 = EDGE_LOOP('',(#7760,#7761,#7762,#7763));
#7760 = ORIENTED_EDGE('',*,*,#7651,.F.);
#7761 = ORIENTED_EDGE('',*,*,#7712,.T.);
#7762 = ORIENTED_EDGE('',*,*,#7691,.T.);
#7763 = ORIENTED_EDGE('',*,*,#7734,.F.);
#7764 = PLANE('',#7765);
#7765 = AXIS2_PLACEMENT_3D('',#7766,#7767,#7768);
#7766 = CARTESIAN_POINT('',(15.85,4.35,0.));
#7767 = DIRECTION('',(0.,0.,1.));
#7768 = DIRECTION('',(1.,0.,-0.));
#7769 = ( GEOMETRIC_REPRESENTATION_CONTEXT(3)
GLOBAL_UNCERTAINTY_ASSIGNED_CONTEXT((#7773))
GLOBAL_UNIT_ASSIGNED_CONTEXT((#7770,#7771,#7772)) REPRESENTATION_CONTEXT
('Context #1','3D Context with UNIT and UNCERTAINTY') );
#7770 = ( LENGTH_UNIT() NAMED_UNIT(*) SI_UNIT(.MILLI.,.METRE.) );
#7771 = ( NAMED_UNIT(*) PLANE_ANGLE_UNIT() SI_UNIT($,.RADIAN.) );
#7772 = ( NAMED_UNIT(*) SI_UNIT($,.STERADIAN.) SOLID_ANGLE_UNIT() );
#7773 = UNCERTAINTY_MEASURE_WITH_UNIT(LENGTH_MEASURE(1.E-07),#7770,
  'distance_accuracy_value','confusion accuracy');
#7774 = CONTEXT_DEPENDENT_SHAPE_REPRESENTATION(#7775,#7777);
#7775 = ( REPRESENTATION_RELATIONSHIP('','',#7618,#10)
REPRESENTATION_RELATIONSHIP_WITH_TRANSFORMATION(#7776)
SHAPE_REPRESENTATION_RELATIONSHIP() );
#7776 = ITEM_DEFINED_TRANSFORMATION('','',#11,#71);
#7777 = PRODUCT_DEFINITION_SHAPE('Placement','Placement of an item',
  #7778);
#7778 = NEXT_ASSEMBLY_USAGE_OCCURRENCE('15','Terminal Pin P4 A','',#5,
  #7613,$);
#7779 = PRODUCT_RELATED_PRODUCT_CATEGORY('part',$,(#7615));
#7780 = SHAPE_DEFINITION_REPRESENTATION(#7781,#7787);
#7781 = PRODUCT_DEFINITION_SHAPE('','',#7782);
#7782 = PRODUCT_DEFINITION('design','',#7783,#7786);
#7783 = PRODUCT_DEFINITION_FORMATION('','',#7784);
#7784 = PRODUCT('Terminal Pin P4 B','Terminal Pin P4 B','',(#7785));
#7785 = PRODUCT_CONTEXT('',#2,'mechanical');
#7786 = PRODUCT_DEFINITION_CONTEXT('part definition',#2,'design');
#7787 = ADVANCED_BREP_SHAPE_REPRESENTATION('',(#11,#7788),#7938);
#7788 = MANIFOLD_SOLID_BREP('',#7789);
#7789 = CLOSED_SHELL('',(#7790,#7830,#7870,#7892,#7914,#7926));
#7790 = ADVANCED_FACE('',(#7791),#7825,.F.);
#7791 = FACE_BOUND('',#7792,.F.);
#7792 = EDGE_LOOP('',(#7793,#7803,#7811,#7819));
#7793 = ORIENTED_EDGE('',*,*,#7794,.F.);
#7794 = EDGE_CURVE('',#7795,#7797,#7799,.T.);
#7795 = VERTEX_POINT('',#7796);
#7796 = CARTESIAN_POINT('',(15.85,9.35,-3.5));
#7797 = VERTEX_POINT('',#7798);
#7798 = CARTESIAN_POINT('',(15.85,9.35,0.));
#7799 = LINE('',#7800,#7801);
#7800 = CARTESIAN_POINT('',(15.85,9.35,-3.5));
#7801 = VECTOR('',#7802,1.);
#7802 = DIRECTION('',(0.,0.,1.));
#7803 = ORIENTED_EDGE('',*,*,#7804,.T.);
#7804 = EDGE_CURVE('',#7795,#7805,#7807,.T.);
#7805 = VERTEX_POINT('',#7806);
#7806 = CARTESIAN_POINT('',(15.85,9.85,-3.5));
#7807 = LINE('',#7808,#7809);
#7808 = CARTESIAN_POINT('',(15.85,9.35,-3.5));
#7809 = VECTOR('',#7810,1.);
#7810 = DIRECTION('',(-0.,1.,0.));
#7811 = ORIENTED_EDGE('',*,*,#7812,.T.);
#7812 = EDGE_CURVE('',#7805,#7813,#7815,.T.);
#7813 = VERTEX_POINT('',#7814);
#7814 = CARTESIAN_POINT('',(15.85,9.85,0.));
#7815 = LINE('',#7816,#7817);
#7816 = CARTESIAN_POINT('',(15.85,9.85,-3.5));
#7817 = VECTOR('',#7818,1.);
#7818 = DIRECTION('',(0.,0.,1.));
#7819 = ORIENTED_EDGE('',*,*,#7820,.F.);
#7820 = EDGE_CURVE('',#7797,#7813,#7821,.T.);
#7821 = LINE('',#7822,#7823);
#7822 = CARTESIAN_POINT('',(15.85,9.35,0.));
#7823 = VECTOR('',#7824,1.);
#7824 = DIRECTION('',(-0.,1.,0.));
#7825 = PLANE('',#7826);
#7826 = AXIS2_PLACEMENT_3D('',#7827,#7828,#7829);
#7827 = CARTESIAN_POINT('',(15.85,9.35,-3.5));
#7828 = DIRECTION('',(1.,0.,-0.));
#7829 = DIRECTION('',(0.,0.,1.));
#7830 = ADVANCED_FACE('',(#7831),#7865,.T.);
#7831 = FACE_BOUND('',#7832,.T.);
#7832 = EDGE_LOOP('',(#7833,#7843,#7851,#7859));
#7833 = ORIENTED_EDGE('',*,*,#7834,.F.);
#7834 = EDGE_CURVE('',#7835,#7837,#7839,.T.);
#7835 = VERTEX_POINT('',#7836);
#7836 = CARTESIAN_POINT('',(16.65,9.35,-3.5));
#7837 = VERTEX_POINT('',#7838);
#7838 = CARTESIAN_POINT('',(16.65,9.35,0.));
#7839 = LINE('',#7840,#7841);
#7840 = CARTESIAN_POINT('',(16.65,9.35,-3.5));
#7841 = VECTOR('',#7842,1.);
#7842 = DIRECTION('',(0.,0.,1.));
#7843 = ORIENTED_EDGE('',*,*,#7844,.T.);
#7844 = EDGE_CURVE('',#7835,#7845,#7847,.T.);
#7845 = VERTEX_POINT('',#7846);
#7846 = CARTESIAN_POINT('',(16.65,9.85,-3.5));
#7847 = LINE('',#7848,#7849);
#7848 = CARTESIAN_POINT('',(16.65,9.35,-3.5));
#7849 = VECTOR('',#7850,1.);
#7850 = DIRECTION('',(-0.,1.,0.));
#7851 = ORIENTED_EDGE('',*,*,#7852,.T.);
#7852 = EDGE_CURVE('',#7845,#7853,#7855,.T.);
#7853 = VERTEX_POINT('',#7854);
#7854 = CARTESIAN_POINT('',(16.65,9.85,0.));
#7855 = LINE('',#7856,#7857);
#7856 = CARTESIAN_POINT('',(16.65,9.85,-3.5));
#7857 = VECTOR('',#7858,1.);
#7858 = DIRECTION('',(0.,0.,1.));
#7859 = ORIENTED_EDGE('',*,*,#7860,.F.);
#7860 = EDGE_CURVE('',#7837,#7853,#7861,.T.);
#7861 = LINE('',#7862,#7863);
#7862 = CARTESIAN_POINT('',(16.65,9.35,0.));
#7863 = VECTOR('',#7864,1.);
#7864 = DIRECTION('',(-0.,1.,0.));
#7865 = PLANE('',#7866);
#7866 = AXIS2_PLACEMENT_3D('',#7867,#7868,#7869);
#7867 = CARTESIAN_POINT('',(16.65,9.35,-3.5));
#7868 = DIRECTION('',(1.,0.,-0.));
#7869 = DIRECTION('',(0.,0.,1.));
#7870 = ADVANCED_FACE('',(#7871),#7887,.F.);
#7871 = FACE_BOUND('',#7872,.F.);
#7872 = EDGE_LOOP('',(#7873,#7879,#7880,#7886));
#7873 = ORIENTED_EDGE('',*,*,#7874,.F.);
#7874 = EDGE_CURVE('',#7795,#7835,#7875,.T.);
#7875 = LINE('',#7876,#7877);
#7876 = CARTESIAN_POINT('',(15.85,9.35,-3.5));
#7877 = VECTOR('',#7878,1.);
#7878 = DIRECTION('',(1.,0.,-0.));
#7879 = ORIENTED_EDGE('',*,*,#7794,.T.);
#7880 = ORIENTED_EDGE('',*,*,#7881,.T.);
#7881 = EDGE_CURVE('',#7797,#7837,#7882,.T.);
#7882 = LINE('',#7883,#7884);
#7883 = CARTESIAN_POINT('',(15.85,9.35,0.));
#7884 = VECTOR('',#7885,1.);
#7885 = DIRECTION('',(1.,0.,-0.));
#7886 = ORIENTED_EDGE('',*,*,#7834,.F.);
#7887 = PLANE('',#7888);
#7888 = AXIS2_PLACEMENT_3D('',#7889,#7890,#7891);
#7889 = CARTESIAN_POINT('',(15.85,9.35,-3.5));
#7890 = DIRECTION('',(-0.,1.,0.));
#7891 = DIRECTION('',(0.,0.,1.));
#7892 = ADVANCED_FACE('',(#7893),#7909,.T.);
#7893 = FACE_BOUND('',#7894,.T.);
#7894 = EDGE_LOOP('',(#7895,#7901,#7902,#7908));
#7895 = ORIENTED_EDGE('',*,*,#7896,.F.);
#7896 = EDGE_CURVE('',#7805,#7845,#7897,.T.);
#7897 = LINE('',#7898,#7899);
#7898 = CARTESIAN_POINT('',(15.85,9.85,-3.5));
#7899 = VECTOR('',#7900,1.);
#7900 = DIRECTION('',(1.,0.,-0.));
#7901 = ORIENTED_EDGE('',*,*,#7812,.T.);
#7902 = ORIENTED_EDGE('',*,*,#7903,.T.);
#7903 = EDGE_CURVE('',#7813,#7853,#7904,.T.);
#7904 = LINE('',#7905,#7906);
#7905 = CARTESIAN_POINT('',(15.85,9.85,0.));
#7906 = VECTOR('',#7907,1.);
#7907 = DIRECTION('',(1.,0.,-0.));
#7908 = ORIENTED_EDGE('',*,*,#7852,.F.);
#7909 = PLANE('',#7910);
#7910 = AXIS2_PLACEMENT_3D('',#7911,#7912,#7913);
#7911 = CARTESIAN_POINT('',(15.85,9.85,-3.5));
#7912 = DIRECTION('',(-0.,1.,0.));
#7913 = DIRECTION('',(0.,0.,1.));
#7914 = ADVANCED_FACE('',(#7915),#7921,.F.);
#7915 = FACE_BOUND('',#7916,.F.);
#7916 = EDGE_LOOP('',(#7917,#7918,#7919,#7920));
#7917 = ORIENTED_EDGE('',*,*,#7804,.F.);
#7918 = ORIENTED_EDGE('',*,*,#7874,.T.);
#7919 = ORIENTED_EDGE('',*,*,#7844,.T.);
#7920 = ORIENTED_EDGE('',*,*,#7896,.F.);
#7921 = PLANE('',#7922);
#7922 = AXIS2_PLACEMENT_3D('',#7923,#7924,#7925);
#7923 = CARTESIAN_POINT('',(15.85,9.35,-3.5));
#7924 = DIRECTION('',(0.,0.,1.));
#7925 = DIRECTION('',(1.,0.,-0.));
#7926 = ADVANCED_FACE('',(#7927),#7933,.T.);
#7927 = FACE_BOUND('',#7928,.T.);
#7928 = EDGE_LOOP('',(#7929,#7930,#7931,#7932));
#7929 = ORIENTED_EDGE('',*,*,#7820,.F.);
#7930 = ORIENTED_EDGE('',*,*,#7881,.T.);
#7931 = ORIENTED_EDGE('',*,*,#7860,.T.);
#7932 = ORIENTED_EDGE('',*,*,#7903,.F.);
#7933 = PLANE('',#7934);
#7934 = AXIS2_PLACEMENT_3D('',#7935,#7936,#7937);
#7935 = CARTESIAN_POINT('',(15.85,9.35,0.));
#7936 = DIRECTION('',(0.,0.,1.));
#7937 = DIRECTION('',(1.,0.,-0.));
#7938 = ( GEOMETRIC_REPRESENTATION_CONTEXT(3)
GLOBAL_UNCERTAINTY_ASSIGNED_CONTEXT((#7942))
GLOBAL_UNIT_ASSIGNED_CONTEXT((#7939,#7940,#7941)) REPRESENTATION_CONTEXT
('Context #1','3D Context with UNIT and UNCERTAINTY') );
#7939 = ( LENGTH_UNIT() NAMED_UNIT(*) SI_UNIT(.MILLI.,.METRE.) );
#7940 = ( NAMED_UNIT(*) PLANE_ANGLE_UNIT() SI_UNIT($,.RADIAN.) );
#7941 = ( NAMED_UNIT(*) SI_UNIT($,.STERADIAN.) SOLID_ANGLE_UNIT() );
#7942 = UNCERTAINTY_MEASURE_WITH_UNIT(LENGTH_MEASURE(1.E-07),#7939,
  'distance_accuracy_value','confusion accuracy');
#7943 = CONTEXT_DEPENDENT_SHAPE_REPRESENTATION(#7944,#7946);
#7944 = ( REPRESENTATION_RELATIONSHIP('','',#7787,#10)
REPRESENTATION_RELATIONSHIP_WITH_TRANSFORMATION(#7945)
SHAPE_REPRESENTATION_RELATIONSHIP() );
#7945 = ITEM_DEFINED_TRANSFORMATION('','',#11,#75);
#7946 = PRODUCT_DEFINITION_SHAPE('Placement','Placement of an item',
  #7947);
#7947 = NEXT_ASSEMBLY_USAGE_OCCURRENCE('16','Terminal Pin P4 B','',#5,
  #7782,$);
#7948 = PRODUCT_RELATED_PRODUCT_CATEGORY('part',$,(#7784));
#7949 = SHAPE_DEFINITION_REPRESENTATION(#7950,#7956);
#7950 = PRODUCT_DEFINITION_SHAPE('','',#7951);
#7951 = PRODUCT_DEFINITION('design','',#7952,#7955);
#7952 = PRODUCT_DEFINITION_FORMATION('','',#7953);
#7953 = PRODUCT('Housing P5','Housing P5','',(#7954));
#7954 = PRODUCT_CONTEXT('',#2,'mechanical');
#7955 = PRODUCT_DEFINITION_CONTEXT('part definition',#2,'design');
#7956 = ADVANCED_BREP_SHAPE_REPRESENTATION('',(#11,#7957),#9312);
#7957 = MANIFOLD_SOLID_BREP('',#7958);
#7958 = CLOSED_SHELL('',(#7959,#8007,#8040,#8131,#8156,#8189,#8222,#8323
    ,#8340,#8365,#8397,#8422,#8462,#8494,#8518,#8543,#8560,#8577,#8608,
    #8639,#8657,#8688,#8713,#8744,#8768,#8799,#8816,#8840,#8858,#8875,
    #8887,#8904,#8916,#8934,#8945,#8994,#9025,#9056,#9089,#9120,#9160,
    #9191,#9207,#9253,#9284,#9298));
#7959 = ADVANCED_FACE('',(#7960),#8002,.F.);
#7960 = FACE_BOUND('',#7961,.F.);
#7961 = EDGE_LOOP('',(#7962,#7972,#7980,#7988,#7996));
#7962 = ORIENTED_EDGE('',*,*,#7963,.F.);
#7963 = EDGE_CURVE('',#7964,#7966,#7968,.T.);
#7964 = VERTEX_POINT('',#7965);
#7965 = CARTESIAN_POINT('',(10.5,0.3,0.3));
#7966 = VERTEX_POINT('',#7967);
#7967 = CARTESIAN_POINT('',(10.5,0.3,9.086363636364));
#7968 = LINE('',#7969,#7970);
#7969 = CARTESIAN_POINT('',(10.5,0.3,0.));
#7970 = VECTOR('',#7971,1.);
#7971 = DIRECTION('',(0.,0.,1.));
#7972 = ORIENTED_EDGE('',*,*,#7973,.T.);
#7973 = EDGE_CURVE('',#7964,#7974,#7976,.T.);
#7974 = VERTEX_POINT('',#7975);
#7975 = CARTESIAN_POINT('',(10.5,12.2,0.3));
#7976 = LINE('',#7977,#7978);
#7977 = CARTESIAN_POINT('',(10.5,0.,0.3));
#7978 = VECTOR('',#7979,1.);
#7979 = DIRECTION('',(-0.,1.,0.));
#7980 = ORIENTED_EDGE('',*,*,#7981,.T.);
#7981 = EDGE_CURVE('',#7974,#7982,#7984,.T.);
#7982 = VERTEX_POINT('',#7983);
#7983 = CARTESIAN_POINT('',(10.5,12.2,10.3));
#7984 = LINE('',#7985,#7986);
#7985 = CARTESIAN_POINT('',(10.5,12.2,0.));
#7986 = VECTOR('',#7987,1.);
#7987 = DIRECTION('',(0.,0.,1.));
#7988 = ORIENTED_EDGE('',*,*,#7989,.F.);
#7989 = EDGE_CURVE('',#7990,#7982,#7992,.T.);
#7990 = VERTEX_POINT('',#7991);
#7991 = CARTESIAN_POINT('',(10.5,1.743243243243,10.3));
#7992 = LINE('',#7993,#7994);
#7993 = CARTESIAN_POINT('',(10.5,0.,10.3));
#7994 = VECTOR('',#7995,1.);
#7995 = DIRECTION('',(-0.,1.,0.));
#7996 = ORIENTED_EDGE('',*,*,#7997,.F.);
#7997 = EDGE_CURVE('',#7966,#7990,#7998,.T.);
#7998 = LINE('',#7999,#8000);
#7999 = CARTESIAN_POINT('',(10.5,-1.125779122542,7.88741301059));
#8000 = VECTOR('',#8001,1.);
#8001 = DIRECTION('',(0.,0.765362085905,0.643599935875));
#8002 = PLANE('',#8003);
#8003 = AXIS2_PLACEMENT_3D('',#8004,#8005,#8006);
#8004 = CARTESIAN_POINT('',(10.5,0.,0.));
#8005 = DIRECTION('',(1.,0.,-0.));
#8006 = DIRECTION('',(0.,0.,1.));
#8007 = ADVANCED_FACE('',(#8008),#8035,.T.);
#8008 = FACE_BOUND('',#8009,.T.);
#8009 = EDGE_LOOP('',(#8010,#8011,#8020,#8028));
#8010 = ORIENTED_EDGE('',*,*,#7963,.F.);
#8011 = ORIENTED_EDGE('',*,*,#8012,.T.);
#8012 = EDGE_CURVE('',#7964,#8013,#8015,.T.);
#8013 = VERTEX_POINT('',#8014);
#8014 = CARTESIAN_POINT('',(10.8,-5.551115123126E-17,0.3));
#8015 = CIRCLE('',#8016,0.3);
#8016 = AXIS2_PLACEMENT_3D('',#8017,#8018,#8019);
#8017 = CARTESIAN_POINT('',(10.8,0.3,0.3));
#8018 = DIRECTION('',(0.,0.,1.));
#8019 = DIRECTION('',(-1.,0.,0.));
#8020 = ORIENTED_EDGE('',*,*,#8021,.T.);
#8021 = EDGE_CURVE('',#8013,#8022,#8024,.T.);
#8022 = VERTEX_POINT('',#8023);
#8023 = CARTESIAN_POINT('',(10.8,-5.551115123126E-17,8.834090909091));
#8024 = LINE('',#8025,#8026);
#8025 = CARTESIAN_POINT('',(10.8,-5.551115123126E-17,0.));
#8026 = VECTOR('',#8027,1.);
#8027 = DIRECTION('',(0.,0.,1.));
#8028 = ORIENTED_EDGE('',*,*,#8029,.T.);
#8029 = EDGE_CURVE('',#8022,#7966,#8030,.T.);
#8030 = ELLIPSE('',#8031,0.391971336867,0.3);
#8031 = AXIS2_PLACEMENT_3D('',#8032,#8033,#8034);
#8032 = CARTESIAN_POINT('',(10.8,0.3,9.086363636364));
#8033 = DIRECTION('',(0.,0.643599935875,-0.765362085905));
#8034 = DIRECTION('',(0.,0.765362085905,0.643599935875));
#8035 = CYLINDRICAL_SURFACE('',#8036,0.3);
#8036 = AXIS2_PLACEMENT_3D('',#8037,#8038,#8039);
#8037 = CARTESIAN_POINT('',(10.8,0.3,0.));
#8038 = DIRECTION('',(0.,0.,1.));
#8039 = DIRECTION('',(-1.,-0.,0.));
#8040 = ADVANCED_FACE('',(#8041),#8126,.F.);
#8041 = FACE_BOUND('',#8042,.F.);
#8042 = EDGE_LOOP('',(#8043,#8052,#8060,#8068,#8076,#8084,#8092,#8101,
    #8109,#8118,#8124,#8125));
#8043 = ORIENTED_EDGE('',*,*,#8044,.T.);
#8044 = EDGE_CURVE('',#7990,#8045,#8047,.T.);
#8045 = VERTEX_POINT('',#8046);
#8046 = CARTESIAN_POINT('',(10.8,2.1,10.6));
#8047 = ELLIPSE('',#8048,0.466128076275,0.3);
#8048 = AXIS2_PLACEMENT_3D('',#8049,#8050,#8051);
#8049 = CARTESIAN_POINT('',(10.8,1.743243243243,10.3));
#8050 = DIRECTION('',(0.,0.643599935875,-0.765362085905));
#8051 = DIRECTION('',(0.,0.765362085905,0.643599935875));
#8052 = ORIENTED_EDGE('',*,*,#8053,.T.);
#8053 = EDGE_CURVE('',#8045,#8054,#8056,.T.);
#8054 = VERTEX_POINT('',#8055);
#8055 = CARTESIAN_POINT('',(10.84,2.1,10.6));
#8056 = LINE('',#8057,#8058);
#8057 = CARTESIAN_POINT('',(10.4,2.1,10.6));
#8058 = VECTOR('',#8059,1.);
#8059 = DIRECTION('',(1.,0.,0.));
#8060 = ORIENTED_EDGE('',*,*,#8061,.T.);
#8061 = EDGE_CURVE('',#8054,#8062,#8064,.T.);
#8062 = VERTEX_POINT('',#8063);
#8063 = CARTESIAN_POINT('',(10.84,0.589585439838,9.329878665319));
#8064 = LINE('',#8065,#8066);
#8065 = CARTESIAN_POINT('',(10.84,2.697145719937,11.102145264493));
#8066 = VECTOR('',#8067,1.);
#8067 = DIRECTION('',(0.,-0.765362085905,-0.643599935875));
#8068 = ORIENTED_EDGE('',*,*,#8069,.T.);
#8069 = EDGE_CURVE('',#8062,#8070,#8072,.T.);
#8070 = VERTEX_POINT('',#8071);
#8071 = CARTESIAN_POINT('',(13.66,0.589585439838,9.329878665319));
#8072 = LINE('',#8073,#8074);
#8073 = CARTESIAN_POINT('',(10.62,0.589585439838,9.329878665319));
#8074 = VECTOR('',#8075,1.);
#8075 = DIRECTION('',(1.,0.,0.));
#8076 = ORIENTED_EDGE('',*,*,#8077,.F.);
#8077 = EDGE_CURVE('',#8078,#8070,#8080,.T.);
#8078 = VERTEX_POINT('',#8079);
#8079 = CARTESIAN_POINT('',(13.66,2.1,10.6));
#8080 = LINE('',#8081,#8082);
#8081 = CARTESIAN_POINT('',(13.66,2.697145719937,11.102145264493));
#8082 = VECTOR('',#8083,1.);
#8083 = DIRECTION('',(0.,-0.765362085905,-0.643599935875));
#8084 = ORIENTED_EDGE('',*,*,#8085,.T.);
#8085 = EDGE_CURVE('',#8078,#8086,#8088,.T.);
#8086 = VERTEX_POINT('',#8087);
#8087 = CARTESIAN_POINT('',(13.7,2.1,10.6));
#8088 = LINE('',#8089,#8090);
#8089 = CARTESIAN_POINT('',(10.4,2.1,10.6));
#8090 = VECTOR('',#8091,1.);
#8091 = DIRECTION('',(1.,0.,0.));
#8092 = ORIENTED_EDGE('',*,*,#8093,.T.);
#8093 = EDGE_CURVE('',#8086,#8094,#8096,.T.);
#8094 = VERTEX_POINT('',#8095);
#8095 = CARTESIAN_POINT('',(14.,1.743243243243,10.3));
#8096 = ELLIPSE('',#8097,0.466128076275,0.3);
#8097 = AXIS2_PLACEMENT_3D('',#8098,#8099,#8100);
#8098 = CARTESIAN_POINT('',(13.7,1.743243243243,10.3));
#8099 = DIRECTION('',(0.,0.643599935875,-0.765362085905));
#8100 = DIRECTION('',(0.,0.765362085905,0.643599935875));
#8101 = ORIENTED_EDGE('',*,*,#8102,.F.);
#8102 = EDGE_CURVE('',#8103,#8094,#8105,.T.);
#8103 = VERTEX_POINT('',#8104);
#8104 = CARTESIAN_POINT('',(14.,0.3,9.086363636364));
#8105 = LINE('',#8106,#8107);
#8106 = CARTESIAN_POINT('',(14.,-1.125779122542,7.88741301059));
#8107 = VECTOR('',#8108,1.);
#8108 = DIRECTION('',(0.,0.765362085905,0.643599935875));
#8109 = ORIENTED_EDGE('',*,*,#8110,.T.);
#8110 = EDGE_CURVE('',#8103,#8111,#8113,.T.);
#8111 = VERTEX_POINT('',#8112);
#8112 = CARTESIAN_POINT('',(13.7,-5.551115123126E-17,8.834090909091));
#8113 = ELLIPSE('',#8114,0.391971336867,0.3);
#8114 = AXIS2_PLACEMENT_3D('',#8115,#8116,#8117);
#8115 = CARTESIAN_POINT('',(13.7,0.3,9.086363636364));
#8116 = DIRECTION('',(0.,0.643599935875,-0.765362085905));
#8117 = DIRECTION('',(0.,0.765362085905,0.643599935875));
#8118 = ORIENTED_EDGE('',*,*,#8119,.T.);
#8119 = EDGE_CURVE('',#8111,#8022,#8120,.T.);
#8120 = LINE('',#8121,#8122);
#8121 = CARTESIAN_POINT('',(10.45,2.22044604925E-16,8.834090909091));
#8122 = VECTOR('',#8123,1.);
#8123 = DIRECTION('',(-1.,0.,-0.));
#8124 = ORIENTED_EDGE('',*,*,#8029,.T.);
#8125 = ORIENTED_EDGE('',*,*,#7997,.T.);
#8126 = PLANE('',#8127);
#8127 = AXIS2_PLACEMENT_3D('',#8128,#8129,#8130);
#8128 = CARTESIAN_POINT('',(10.4,2.1,10.6));
#8129 = DIRECTION('',(0.,0.643599935875,-0.765362085905));
#8130 = DIRECTION('',(0.,-0.765362085905,-0.643599935875));
#8131 = ADVANCED_FACE('',(#8132),#8151,.T.);
#8132 = FACE_BOUND('',#8133,.T.);
#8133 = EDGE_LOOP('',(#8134,#8135,#8143,#8150));
#8134 = ORIENTED_EDGE('',*,*,#8044,.T.);
#8135 = ORIENTED_EDGE('',*,*,#8136,.T.);
#8136 = EDGE_CURVE('',#8045,#8137,#8139,.T.);
#8137 = VERTEX_POINT('',#8138);
#8138 = CARTESIAN_POINT('',(10.8,12.2,10.6));
#8139 = LINE('',#8140,#8141);
#8140 = CARTESIAN_POINT('',(10.8,0.,10.6));
#8141 = VECTOR('',#8142,1.);
#8142 = DIRECTION('',(-0.,1.,0.));
#8143 = ORIENTED_EDGE('',*,*,#8144,.F.);
#8144 = EDGE_CURVE('',#7982,#8137,#8145,.T.);
#8145 = CIRCLE('',#8146,0.3);
#8146 = AXIS2_PLACEMENT_3D('',#8147,#8148,#8149);
#8147 = CARTESIAN_POINT('',(10.8,12.2,10.3));
#8148 = DIRECTION('',(-0.,1.,0.));
#8149 = DIRECTION('',(-1.,-0.,0.));
#8150 = ORIENTED_EDGE('',*,*,#7989,.F.);
#8151 = CYLINDRICAL_SURFACE('',#8152,0.3);
#8152 = AXIS2_PLACEMENT_3D('',#8153,#8154,#8155);
#8153 = CARTESIAN_POINT('',(10.8,0.,10.3));
#8154 = DIRECTION('',(-0.,1.,0.));
#8155 = DIRECTION('',(-1.,-0.,0.));
#8156 = ADVANCED_FACE('',(#8157),#8184,.T.);
#8157 = FACE_BOUND('',#8158,.F.);
#8158 = EDGE_LOOP('',(#8159,#8160,#8169,#8177));
#8159 = ORIENTED_EDGE('',*,*,#7981,.F.);
#8160 = ORIENTED_EDGE('',*,*,#8161,.T.);
#8161 = EDGE_CURVE('',#7974,#8162,#8164,.T.);
#8162 = VERTEX_POINT('',#8163);
#8163 = CARTESIAN_POINT('',(10.8,12.5,0.3));
#8164 = CIRCLE('',#8165,0.3);
#8165 = AXIS2_PLACEMENT_3D('',#8166,#8167,#8168);
#8166 = CARTESIAN_POINT('',(10.8,12.2,0.3));
#8167 = DIRECTION('',(-0.,0.,-1.));
#8168 = DIRECTION('',(-1.,0.,0.));
#8169 = ORIENTED_EDGE('',*,*,#8170,.T.);
#8170 = EDGE_CURVE('',#8162,#8171,#8173,.T.);
#8171 = VERTEX_POINT('',#8172);
#8172 = CARTESIAN_POINT('',(10.8,12.5,10.3));
#8173 = LINE('',#8174,#8175);
#8174 = CARTESIAN_POINT('',(10.8,12.5,0.));
#8175 = VECTOR('',#8176,1.);
#8176 = DIRECTION('',(0.,0.,1.));
#8177 = ORIENTED_EDGE('',*,*,#8178,.T.);
#8178 = EDGE_CURVE('',#8171,#7982,#8179,.T.);
#8179 = CIRCLE('',#8180,0.3);
#8180 = AXIS2_PLACEMENT_3D('',#8181,#8182,#8183);
#8181 = CARTESIAN_POINT('',(10.8,12.2,10.3));
#8182 = DIRECTION('',(0.,0.,1.));
#8183 = DIRECTION('',(-1.,-0.,0.));
#8184 = CYLINDRICAL_SURFACE('',#8185,0.3);
#8185 = AXIS2_PLACEMENT_3D('',#8186,#8187,#8188);
#8186 = CARTESIAN_POINT('',(10.8,12.2,0.));
#8187 = DIRECTION('',(0.,0.,1.));
#8188 = DIRECTION('',(-1.,-0.,0.));
#8189 = ADVANCED_FACE('',(#8190),#8217,.T.);
#8190 = FACE_BOUND('',#8191,.F.);
#8191 = EDGE_LOOP('',(#8192,#8201,#8209,#8216));
#8192 = ORIENTED_EDGE('',*,*,#8193,.F.);
#8193 = EDGE_CURVE('',#8194,#7964,#8196,.T.);
#8194 = VERTEX_POINT('',#8195);
#8195 = CARTESIAN_POINT('',(10.8,0.3,0.));
#8196 = CIRCLE('',#8197,0.3);
#8197 = AXIS2_PLACEMENT_3D('',#8198,#8199,#8200);
#8198 = CARTESIAN_POINT('',(10.8,0.3,0.3));
#8199 = DIRECTION('',(0.,1.,-0.));
#8200 = DIRECTION('',(-1.,0.,0.));
#8201 = ORIENTED_EDGE('',*,*,#8202,.T.);
#8202 = EDGE_CURVE('',#8194,#8203,#8205,.T.);
#8203 = VERTEX_POINT('',#8204);
#8204 = CARTESIAN_POINT('',(10.8,12.2,0.));
#8205 = LINE('',#8206,#8207);
#8206 = CARTESIAN_POINT('',(10.8,0.,-5.551115123126E-17));
#8207 = VECTOR('',#8208,1.);
#8208 = DIRECTION('',(-0.,1.,0.));
#8209 = ORIENTED_EDGE('',*,*,#8210,.T.);
#8210 = EDGE_CURVE('',#8203,#7974,#8211,.T.);
#8211 = CIRCLE('',#8212,0.3);
#8212 = AXIS2_PLACEMENT_3D('',#8213,#8214,#8215);
#8213 = CARTESIAN_POINT('',(10.8,12.2,0.3));
#8214 = DIRECTION('',(0.,1.,-0.));
#8215 = DIRECTION('',(-1.,0.,0.));
#8216 = ORIENTED_EDGE('',*,*,#7973,.F.);
#8217 = CYLINDRICAL_SURFACE('',#8218,0.3);
#8218 = AXIS2_PLACEMENT_3D('',#8219,#8220,#8221);
#8219 = CARTESIAN_POINT('',(10.8,0.,0.3));
#8220 = DIRECTION('',(-0.,1.,0.));
#8221 = DIRECTION('',(-1.,-0.,0.));
#8222 = ADVANCED_FACE('',(#8223,#8241),#8318,.F.);
#8223 = FACE_BOUND('',#8224,.F.);
#8224 = EDGE_LOOP('',(#8225,#8233,#8234,#8235));
#8225 = ORIENTED_EDGE('',*,*,#8226,.F.);
#8226 = EDGE_CURVE('',#8013,#8227,#8229,.T.);
#8227 = VERTEX_POINT('',#8228);
#8228 = CARTESIAN_POINT('',(13.7,-5.551115123126E-17,0.3));
#8229 = LINE('',#8230,#8231);
#8230 = CARTESIAN_POINT('',(10.5,-5.551115123126E-17,0.3));
#8231 = VECTOR('',#8232,1.);
#8232 = DIRECTION('',(1.,0.,-0.));
#8233 = ORIENTED_EDGE('',*,*,#8021,.T.);
#8234 = ORIENTED_EDGE('',*,*,#8119,.F.);
#8235 = ORIENTED_EDGE('',*,*,#8236,.F.);
#8236 = EDGE_CURVE('',#8227,#8111,#8237,.T.);
#8237 = LINE('',#8238,#8239);
#8238 = CARTESIAN_POINT('',(13.7,-5.551115123126E-17,0.));
#8239 = VECTOR('',#8240,1.);
#8240 = DIRECTION('',(0.,0.,1.));
#8241 = FACE_BOUND('',#8242,.F.);
#8242 = EDGE_LOOP('',(#8243,#8253,#8261,#8269,#8278,#8287,#8295,#8303,
    #8311));
#8243 = ORIENTED_EDGE('',*,*,#8244,.F.);
#8244 = EDGE_CURVE('',#8245,#8247,#8249,.T.);
#8245 = VERTEX_POINT('',#8246);
#8246 = CARTESIAN_POINT('',(13.65,0.,5.6));
#8247 = VERTEX_POINT('',#8248);
#8248 = CARTESIAN_POINT('',(13.65,0.,2.1));
#8249 = LINE('',#8250,#8251);
#8250 = CARTESIAN_POINT('',(13.65,0.,1.05));
#8251 = VECTOR('',#8252,1.);
#8252 = DIRECTION('',(-0.,0.,-1.));
#8253 = ORIENTED_EDGE('',*,*,#8254,.F.);
#8254 = EDGE_CURVE('',#8255,#8245,#8257,.T.);
#8255 = VERTEX_POINT('',#8256);
#8256 = CARTESIAN_POINT('',(13.2,0.,5.6));
#8257 = LINE('',#8258,#8259);
#8258 = CARTESIAN_POINT('',(10.675,0.,5.6));
#8259 = VECTOR('',#8260,1.);
#8260 = DIRECTION('',(1.,0.,-0.));
#8261 = ORIENTED_EDGE('',*,*,#8262,.F.);
#8262 = EDGE_CURVE('',#8263,#8255,#8265,.T.);
#8263 = VERTEX_POINT('',#8264);
#8264 = CARTESIAN_POINT('',(13.2,0.,7.35));
#8265 = LINE('',#8266,#8267);
#8266 = CARTESIAN_POINT('',(13.2,0.,2.8));
#8267 = VECTOR('',#8268,1.);
#8268 = DIRECTION('',(-0.,0.,-1.));
#8269 = ORIENTED_EDGE('',*,*,#8270,.F.);
#8270 = EDGE_CURVE('',#8271,#8263,#8273,.T.);
#8271 = VERTEX_POINT('',#8272);
#8272 = CARTESIAN_POINT('',(12.25,0.,8.3));
#8273 = CIRCLE('',#8274,0.95);
#8274 = AXIS2_PLACEMENT_3D('',#8275,#8276,#8277);
#8275 = CARTESIAN_POINT('',(12.25,0.,7.35));
#8276 = DIRECTION('',(0.,1.,0.));
#8277 = DIRECTION('',(0.,-0.,1.));
#8278 = ORIENTED_EDGE('',*,*,#8279,.F.);
#8279 = EDGE_CURVE('',#8280,#8271,#8282,.T.);
#8280 = VERTEX_POINT('',#8281);
#8281 = CARTESIAN_POINT('',(11.3,0.,7.35));
#8282 = CIRCLE('',#8283,0.95);
#8283 = AXIS2_PLACEMENT_3D('',#8284,#8285,#8286);
#8284 = CARTESIAN_POINT('',(12.25,0.,7.35));
#8285 = DIRECTION('',(0.,1.,0.));
#8286 = DIRECTION('',(0.,-0.,1.));
#8287 = ORIENTED_EDGE('',*,*,#8288,.T.);
#8288 = EDGE_CURVE('',#8280,#8289,#8291,.T.);
#8289 = VERTEX_POINT('',#8290);
#8290 = CARTESIAN_POINT('',(11.3,0.,5.6));
#8291 = LINE('',#8292,#8293);
#8292 = CARTESIAN_POINT('',(11.3,0.,2.8));
#8293 = VECTOR('',#8294,1.);
#8294 = DIRECTION('',(-0.,0.,-1.));
#8295 = ORIENTED_EDGE('',*,*,#8296,.F.);
#8296 = EDGE_CURVE('',#8297,#8289,#8299,.T.);
#8297 = VERTEX_POINT('',#8298);
#8298 = CARTESIAN_POINT('',(10.85,0.,5.6));
#8299 = LINE('',#8300,#8301);
#8300 = CARTESIAN_POINT('',(10.675,0.,5.6));
#8301 = VECTOR('',#8302,1.);
#8302 = DIRECTION('',(1.,0.,-0.));
#8303 = ORIENTED_EDGE('',*,*,#8304,.T.);
#8304 = EDGE_CURVE('',#8297,#8305,#8307,.T.);
#8305 = VERTEX_POINT('',#8306);
#8306 = CARTESIAN_POINT('',(10.85,0.,2.1));
#8307 = LINE('',#8308,#8309);
#8308 = CARTESIAN_POINT('',(10.85,0.,1.05));
#8309 = VECTOR('',#8310,1.);
#8310 = DIRECTION('',(-0.,0.,-1.));
#8311 = ORIENTED_EDGE('',*,*,#8312,.F.);
#8312 = EDGE_CURVE('',#8247,#8305,#8313,.T.);
#8313 = CIRCLE('',#8314,1.4);
#8314 = AXIS2_PLACEMENT_3D('',#8315,#8316,#8317);
#8315 = CARTESIAN_POINT('',(12.25,0.,2.1));
#8316 = DIRECTION('',(0.,1.,0.));
#8317 = DIRECTION('',(0.,-0.,1.));
#8318 = PLANE('',#8319);
#8319 = AXIS2_PLACEMENT_3D('',#8320,#8321,#8322);
#8320 = CARTESIAN_POINT('',(10.5,0.,0.));
#8321 = DIRECTION('',(-0.,1.,0.));
#8322 = DIRECTION('',(0.,0.,1.));
#8323 = ADVANCED_FACE('',(#8324),#8335,.T.);
#8324 = FACE_BOUND('',#8325,.T.);
#8325 = EDGE_LOOP('',(#8326,#8327,#8334));
#8326 = ORIENTED_EDGE('',*,*,#8193,.F.);
#8327 = ORIENTED_EDGE('',*,*,#8328,.T.);
#8328 = EDGE_CURVE('',#8194,#8013,#8329,.T.);
#8329 = CIRCLE('',#8330,0.3);
#8330 = AXIS2_PLACEMENT_3D('',#8331,#8332,#8333);
#8331 = CARTESIAN_POINT('',(10.8,0.3,0.3));
#8332 = DIRECTION('',(-1.,6.123233995737E-17,0.));
#8333 = DIRECTION('',(-6.123233995737E-17,-1.,0.));
#8334 = ORIENTED_EDGE('',*,*,#8012,.F.);
#8335 = SPHERICAL_SURFACE('',#8336,0.3);
#8336 = AXIS2_PLACEMENT_3D('',#8337,#8338,#8339);
#8337 = CARTESIAN_POINT('',(10.8,0.3,0.3));
#8338 = DIRECTION('',(0.,0.,1.));
#8339 = DIRECTION('',(-1.,0.,0.));
#8340 = ADVANCED_FACE('',(#8341),#8360,.T.);
#8341 = FACE_BOUND('',#8342,.F.);
#8342 = EDGE_LOOP('',(#8343,#8351,#8358,#8359));
#8343 = ORIENTED_EDGE('',*,*,#8344,.F.);
#8344 = EDGE_CURVE('',#8345,#8103,#8347,.T.);
#8345 = VERTEX_POINT('',#8346);
#8346 = CARTESIAN_POINT('',(14.,0.3,0.3));
#8347 = LINE('',#8348,#8349);
#8348 = CARTESIAN_POINT('',(14.,0.3,0.));
#8349 = VECTOR('',#8350,1.);
#8350 = DIRECTION('',(0.,0.,1.));
#8351 = ORIENTED_EDGE('',*,*,#8352,.T.);
#8352 = EDGE_CURVE('',#8345,#8227,#8353,.T.);
#8353 = CIRCLE('',#8354,0.3);
#8354 = AXIS2_PLACEMENT_3D('',#8355,#8356,#8357);
#8355 = CARTESIAN_POINT('',(13.7,0.3,0.3));
#8356 = DIRECTION('',(0.,-0.,-1.));
#8357 = DIRECTION('',(1.,0.,-0.));
#8358 = ORIENTED_EDGE('',*,*,#8236,.T.);
#8359 = ORIENTED_EDGE('',*,*,#8110,.F.);
#8360 = CYLINDRICAL_SURFACE('',#8361,0.3);
#8361 = AXIS2_PLACEMENT_3D('',#8362,#8363,#8364);
#8362 = CARTESIAN_POINT('',(13.7,0.3,0.));
#8363 = DIRECTION('',(0.,0.,1.));
#8364 = DIRECTION('',(1.,0.,-0.));
#8365 = ADVANCED_FACE('',(#8366),#8392,.T.);
#8366 = FACE_BOUND('',#8367,.T.);
#8367 = EDGE_LOOP('',(#8368,#8369,#8377,#8385,#8391));
#8368 = ORIENTED_EDGE('',*,*,#8344,.F.);
#8369 = ORIENTED_EDGE('',*,*,#8370,.T.);
#8370 = EDGE_CURVE('',#8345,#8371,#8373,.T.);
#8371 = VERTEX_POINT('',#8372);
#8372 = CARTESIAN_POINT('',(14.,12.2,0.3));
#8373 = LINE('',#8374,#8375);
#8374 = CARTESIAN_POINT('',(14.,0.,0.3));
#8375 = VECTOR('',#8376,1.);
#8376 = DIRECTION('',(-0.,1.,0.));
#8377 = ORIENTED_EDGE('',*,*,#8378,.T.);
#8378 = EDGE_CURVE('',#8371,#8379,#8381,.T.);
#8379 = VERTEX_POINT('',#8380);
#8380 = CARTESIAN_POINT('',(14.,12.2,10.3));
#8381 = LINE('',#8382,#8383);
#8382 = CARTESIAN_POINT('',(14.,12.2,0.));
#8383 = VECTOR('',#8384,1.);
#8384 = DIRECTION('',(0.,0.,1.));
#8385 = ORIENTED_EDGE('',*,*,#8386,.F.);
#8386 = EDGE_CURVE('',#8094,#8379,#8387,.T.);
#8387 = LINE('',#8388,#8389);
#8388 = CARTESIAN_POINT('',(14.,0.,10.3));
#8389 = VECTOR('',#8390,1.);
#8390 = DIRECTION('',(-0.,1.,0.));
#8391 = ORIENTED_EDGE('',*,*,#8102,.F.);
#8392 = PLANE('',#8393);
#8393 = AXIS2_PLACEMENT_3D('',#8394,#8395,#8396);
#8394 = CARTESIAN_POINT('',(14.,0.,0.));
#8395 = DIRECTION('',(1.,0.,-0.));
#8396 = DIRECTION('',(0.,0.,1.));
#8397 = ADVANCED_FACE('',(#8398),#8417,.T.);
#8398 = FACE_BOUND('',#8399,.F.);
#8399 = EDGE_LOOP('',(#8400,#8401,#8409,#8416));
#8400 = ORIENTED_EDGE('',*,*,#8093,.F.);
#8401 = ORIENTED_EDGE('',*,*,#8402,.T.);
#8402 = EDGE_CURVE('',#8086,#8403,#8405,.T.);
#8403 = VERTEX_POINT('',#8404);
#8404 = CARTESIAN_POINT('',(13.7,12.2,10.6));
#8405 = LINE('',#8406,#8407);
#8406 = CARTESIAN_POINT('',(13.7,0.,10.6));
#8407 = VECTOR('',#8408,1.);
#8408 = DIRECTION('',(-0.,1.,0.));
#8409 = ORIENTED_EDGE('',*,*,#8410,.F.);
#8410 = EDGE_CURVE('',#8379,#8403,#8411,.T.);
#8411 = CIRCLE('',#8412,0.3);
#8412 = AXIS2_PLACEMENT_3D('',#8413,#8414,#8415);
#8413 = CARTESIAN_POINT('',(13.7,12.2,10.3));
#8414 = DIRECTION('',(0.,-1.,-0.));
#8415 = DIRECTION('',(1.,0.,0.));
#8416 = ORIENTED_EDGE('',*,*,#8386,.F.);
#8417 = CYLINDRICAL_SURFACE('',#8418,0.3);
#8418 = AXIS2_PLACEMENT_3D('',#8419,#8420,#8421);
#8419 = CARTESIAN_POINT('',(13.7,0.,10.3));
#8420 = DIRECTION('',(-0.,1.,0.));
#8421 = DIRECTION('',(1.,0.,-0.));
#8422 = ADVANCED_FACE('',(#8423),#8457,.T.);
#8423 = FACE_BOUND('',#8424,.T.);
#8424 = EDGE_LOOP('',(#8425,#8426,#8427,#8435,#8443,#8449,#8450,#8451));
#8425 = ORIENTED_EDGE('',*,*,#8136,.F.);
#8426 = ORIENTED_EDGE('',*,*,#8053,.T.);
#8427 = ORIENTED_EDGE('',*,*,#8428,.F.);
#8428 = EDGE_CURVE('',#8429,#8054,#8431,.T.);
#8429 = VERTEX_POINT('',#8430);
#8430 = CARTESIAN_POINT('',(10.84,9.7,10.6));
#8431 = LINE('',#8432,#8433);
#8432 = CARTESIAN_POINT('',(10.84,2.442585746037,10.6));
#8433 = VECTOR('',#8434,1.);
#8434 = DIRECTION('',(0.,-1.,0.));
#8435 = ORIENTED_EDGE('',*,*,#8436,.F.);
#8436 = EDGE_CURVE('',#8437,#8429,#8439,.T.);
#8437 = VERTEX_POINT('',#8438);
#8438 = CARTESIAN_POINT('',(13.66,9.7,10.6));
#8439 = LINE('',#8440,#8441);
#8440 = CARTESIAN_POINT('',(10.67,9.7,10.6));
#8441 = VECTOR('',#8442,1.);
#8442 = DIRECTION('',(-1.,-0.,0.));
#8443 = ORIENTED_EDGE('',*,*,#8444,.T.);
#8444 = EDGE_CURVE('',#8437,#8078,#8445,.T.);
#8445 = LINE('',#8446,#8447);
#8446 = CARTESIAN_POINT('',(13.66,2.442585746037,10.6));
#8447 = VECTOR('',#8448,1.);
#8448 = DIRECTION('',(0.,-1.,0.));
#8449 = ORIENTED_EDGE('',*,*,#8085,.T.);
#8450 = ORIENTED_EDGE('',*,*,#8402,.T.);
#8451 = ORIENTED_EDGE('',*,*,#8452,.F.);
#8452 = EDGE_CURVE('',#8137,#8403,#8453,.T.);
#8453 = LINE('',#8454,#8455);
#8454 = CARTESIAN_POINT('',(10.5,12.2,10.6));
#8455 = VECTOR('',#8456,1.);
#8456 = DIRECTION('',(1.,0.,-0.));
#8457 = PLANE('',#8458);
#8458 = AXIS2_PLACEMENT_3D('',#8459,#8460,#8461);
#8459 = CARTESIAN_POINT('',(10.5,0.,10.6));
#8460 = DIRECTION('',(0.,0.,1.));
#8461 = DIRECTION('',(1.,0.,-0.));
#8462 = ADVANCED_FACE('',(#8463),#8489,.T.);
#8463 = FACE_BOUND('',#8464,.T.);
#8464 = EDGE_LOOP('',(#8465,#8466,#8474,#8482,#8488));
#8465 = ORIENTED_EDGE('',*,*,#8444,.F.);
#8466 = ORIENTED_EDGE('',*,*,#8467,.T.);
#8467 = EDGE_CURVE('',#8437,#8468,#8470,.T.);
#8468 = VERTEX_POINT('',#8469);
#8469 = CARTESIAN_POINT('',(13.66,9.7,8.45));
#8470 = LINE('',#8471,#8472);
#8471 = CARTESIAN_POINT('',(13.66,9.7,10.8));
#8472 = VECTOR('',#8473,1.);
#8473 = DIRECTION('',(0.,0.,-1.));
#8474 = ORIENTED_EDGE('',*,*,#8475,.T.);
#8475 = EDGE_CURVE('',#8468,#8476,#8478,.T.);
#8476 = VERTEX_POINT('',#8477);
#8477 = CARTESIAN_POINT('',(13.66,1.4,8.45));
#8478 = LINE('',#8479,#8480);
#8479 = CARTESIAN_POINT('',(13.66,9.7,8.45));
#8480 = VECTOR('',#8481,1.);
#8481 = DIRECTION('',(0.,-1.,0.));
#8482 = ORIENTED_EDGE('',*,*,#8483,.T.);
#8483 = EDGE_CURVE('',#8476,#8070,#8484,.T.);
#8484 = LINE('',#8485,#8486);
#8485 = CARTESIAN_POINT('',(13.66,1.4,8.45));
#8486 = VECTOR('',#8487,1.);
#8487 = DIRECTION('',(0.,-0.677475754752,0.735545105159));
#8488 = ORIENTED_EDGE('',*,*,#8077,.F.);
#8489 = PLANE('',#8490);
#8490 = AXIS2_PLACEMENT_3D('',#8491,#8492,#8493);
#8491 = CARTESIAN_POINT('',(13.66,4.885171492075,9.712433169613));
#8492 = DIRECTION('',(-1.,-0.,-0.));
#8493 = DIRECTION('',(0.,0.,-1.));
#8494 = ADVANCED_FACE('',(#8495),#8513,.F.);
#8495 = FACE_BOUND('',#8496,.F.);
#8496 = EDGE_LOOP('',(#8497,#8505,#8511,#8512));
#8497 = ORIENTED_EDGE('',*,*,#8498,.F.);
#8498 = EDGE_CURVE('',#8499,#8062,#8501,.T.);
#8499 = VERTEX_POINT('',#8500);
#8500 = CARTESIAN_POINT('',(10.84,1.4,8.45));
#8501 = LINE('',#8502,#8503);
#8502 = CARTESIAN_POINT('',(10.84,1.4,8.45));
#8503 = VECTOR('',#8504,1.);
#8504 = DIRECTION('',(0.,-0.677475754752,0.735545105159));
#8505 = ORIENTED_EDGE('',*,*,#8506,.T.);
#8506 = EDGE_CURVE('',#8499,#8476,#8507,.T.);
#8507 = LINE('',#8508,#8509);
#8508 = CARTESIAN_POINT('',(10.84,1.4,8.45));
#8509 = VECTOR('',#8510,1.);
#8510 = DIRECTION('',(1.,0.,0.));
#8511 = ORIENTED_EDGE('',*,*,#8483,.T.);
#8512 = ORIENTED_EDGE('',*,*,#8069,.F.);
#8513 = PLANE('',#8514);
#8514 = AXIS2_PLACEMENT_3D('',#8515,#8516,#8517);
#8515 = CARTESIAN_POINT('',(10.84,1.4,8.45));
#8516 = DIRECTION('',(0.,-0.735545105159,-0.677475754752));
#8517 = DIRECTION('',(0.,-0.677475754752,0.735545105159));
#8518 = ADVANCED_FACE('',(#8519),#8538,.F.);
#8519 = FACE_BOUND('',#8520,.F.);
#8520 = EDGE_LOOP('',(#8521,#8522,#8530,#8536,#8537));
#8521 = ORIENTED_EDGE('',*,*,#8428,.F.);
#8522 = ORIENTED_EDGE('',*,*,#8523,.T.);
#8523 = EDGE_CURVE('',#8429,#8524,#8526,.T.);
#8524 = VERTEX_POINT('',#8525);
#8525 = CARTESIAN_POINT('',(10.84,9.7,8.45));
#8526 = LINE('',#8527,#8528);
#8527 = CARTESIAN_POINT('',(10.84,9.7,10.8));
#8528 = VECTOR('',#8529,1.);
#8529 = DIRECTION('',(0.,0.,-1.));
#8530 = ORIENTED_EDGE('',*,*,#8531,.T.);
#8531 = EDGE_CURVE('',#8524,#8499,#8532,.T.);
#8532 = LINE('',#8533,#8534);
#8533 = CARTESIAN_POINT('',(10.84,9.7,8.45));
#8534 = VECTOR('',#8535,1.);
#8535 = DIRECTION('',(0.,-1.,0.));
#8536 = ORIENTED_EDGE('',*,*,#8498,.T.);
#8537 = ORIENTED_EDGE('',*,*,#8061,.F.);
#8538 = PLANE('',#8539);
#8539 = AXIS2_PLACEMENT_3D('',#8540,#8541,#8542);
#8540 = CARTESIAN_POINT('',(10.84,4.885171492075,9.712433169613));
#8541 = DIRECTION('',(-1.,-0.,-0.));
#8542 = DIRECTION('',(0.,0.,-1.));
#8543 = ADVANCED_FACE('',(#8544),#8555,.T.);
#8544 = FACE_BOUND('',#8545,.F.);
#8545 = EDGE_LOOP('',(#8546,#8547,#8554));
#8546 = ORIENTED_EDGE('',*,*,#8178,.F.);
#8547 = ORIENTED_EDGE('',*,*,#8548,.T.);
#8548 = EDGE_CURVE('',#8171,#8137,#8549,.T.);
#8549 = CIRCLE('',#8550,0.3);
#8550 = AXIS2_PLACEMENT_3D('',#8551,#8552,#8553);
#8551 = CARTESIAN_POINT('',(10.8,12.2,10.3));
#8552 = DIRECTION('',(1.,0.,6.123233995737E-17));
#8553 = DIRECTION('',(-6.123233995737E-17,-0.,1.));
#8554 = ORIENTED_EDGE('',*,*,#8144,.F.);
#8555 = SPHERICAL_SURFACE('',#8556,0.3);
#8556 = AXIS2_PLACEMENT_3D('',#8557,#8558,#8559);
#8557 = CARTESIAN_POINT('',(10.8,12.2,10.3));
#8558 = DIRECTION('',(0.,-1.,-0.));
#8559 = DIRECTION('',(-1.,-0.,0.));
#8560 = ADVANCED_FACE('',(#8561),#8572,.T.);
#8561 = FACE_BOUND('',#8562,.F.);
#8562 = EDGE_LOOP('',(#8563,#8564,#8571));
#8563 = ORIENTED_EDGE('',*,*,#8210,.F.);
#8564 = ORIENTED_EDGE('',*,*,#8565,.T.);
#8565 = EDGE_CURVE('',#8203,#8162,#8566,.T.);
#8566 = CIRCLE('',#8567,0.3);
#8567 = AXIS2_PLACEMENT_3D('',#8568,#8569,#8570);
#8568 = CARTESIAN_POINT('',(10.8,12.2,0.3));
#8569 = DIRECTION('',(1.,6.123233995737E-17,-0.));
#8570 = DIRECTION('',(-6.123233995737E-17,1.,0.));
#8571 = ORIENTED_EDGE('',*,*,#8161,.F.);
#8572 = SPHERICAL_SURFACE('',#8573,0.3);
#8573 = AXIS2_PLACEMENT_3D('',#8574,#8575,#8576);
#8574 = CARTESIAN_POINT('',(10.8,12.2,0.3));
#8575 = DIRECTION('',(0.,0.,1.));
#8576 = DIRECTION('',(-1.,0.,0.));
#8577 = ADVANCED_FACE('',(#8578),#8603,.T.);
#8578 = FACE_BOUND('',#8579,.T.);
#8579 = EDGE_LOOP('',(#8580,#8581,#8589,#8597));
#8580 = ORIENTED_EDGE('',*,*,#8170,.T.);
#8581 = ORIENTED_EDGE('',*,*,#8582,.T.);
#8582 = EDGE_CURVE('',#8171,#8583,#8585,.T.);
#8583 = VERTEX_POINT('',#8584);
#8584 = CARTESIAN_POINT('',(13.7,12.5,10.3));
#8585 = LINE('',#8586,#8587);
#8586 = CARTESIAN_POINT('',(10.5,12.5,10.3));
#8587 = VECTOR('',#8588,1.);
#8588 = DIRECTION('',(1.,0.,-0.));
#8589 = ORIENTED_EDGE('',*,*,#8590,.F.);
#8590 = EDGE_CURVE('',#8591,#8583,#8593,.T.);
#8591 = VERTEX_POINT('',#8592);
#8592 = CARTESIAN_POINT('',(13.7,12.5,0.3));
#8593 = LINE('',#8594,#8595);
#8594 = CARTESIAN_POINT('',(13.7,12.5,0.));
#8595 = VECTOR('',#8596,1.);
#8596 = DIRECTION('',(0.,0.,1.));
#8597 = ORIENTED_EDGE('',*,*,#8598,.F.);
#8598 = EDGE_CURVE('',#8162,#8591,#8599,.T.);
#8599 = LINE('',#8600,#8601);
#8600 = CARTESIAN_POINT('',(10.5,12.5,0.3));
#8601 = VECTOR('',#8602,1.);
#8602 = DIRECTION('',(1.,0.,-0.));
#8603 = PLANE('',#8604);
#8604 = AXIS2_PLACEMENT_3D('',#8605,#8606,#8607);
#8605 = CARTESIAN_POINT('',(10.5,12.5,0.));
#8606 = DIRECTION('',(-0.,1.,0.));
#8607 = DIRECTION('',(0.,0.,1.));
#8608 = ADVANCED_FACE('',(#8609),#8634,.F.);
#8609 = FACE_BOUND('',#8610,.F.);
#8610 = EDGE_LOOP('',(#8611,#8612,#8620,#8628));
#8611 = ORIENTED_EDGE('',*,*,#8202,.F.);
#8612 = ORIENTED_EDGE('',*,*,#8613,.T.);
#8613 = EDGE_CURVE('',#8194,#8614,#8616,.T.);
#8614 = VERTEX_POINT('',#8615);
#8615 = CARTESIAN_POINT('',(13.7,0.3,0.));
#8616 = LINE('',#8617,#8618);
#8617 = CARTESIAN_POINT('',(10.5,0.3,-5.551115123126E-17));
#8618 = VECTOR('',#8619,1.);
#8619 = DIRECTION('',(1.,0.,-0.));
#8620 = ORIENTED_EDGE('',*,*,#8621,.T.);
#8621 = EDGE_CURVE('',#8614,#8622,#8624,.T.);
#8622 = VERTEX_POINT('',#8623);
#8623 = CARTESIAN_POINT('',(13.7,12.2,0.));
#8624 = LINE('',#8625,#8626);
#8625 = CARTESIAN_POINT('',(13.7,0.,-5.551115123126E-17));
#8626 = VECTOR('',#8627,1.);
#8627 = DIRECTION('',(-0.,1.,0.));
#8628 = ORIENTED_EDGE('',*,*,#8629,.F.);
#8629 = EDGE_CURVE('',#8203,#8622,#8630,.T.);
#8630 = LINE('',#8631,#8632);
#8631 = CARTESIAN_POINT('',(10.5,12.2,-5.551115123126E-17));
#8632 = VECTOR('',#8633,1.);
#8633 = DIRECTION('',(1.,0.,-0.));
#8634 = PLANE('',#8635);
#8635 = AXIS2_PLACEMENT_3D('',#8636,#8637,#8638);
#8636 = CARTESIAN_POINT('',(10.5,0.,0.));
#8637 = DIRECTION('',(0.,0.,1.));
#8638 = DIRECTION('',(1.,0.,-0.));
#8639 = ADVANCED_FACE('',(#8640),#8652,.T.);
#8640 = FACE_BOUND('',#8641,.T.);
#8641 = EDGE_LOOP('',(#8642,#8643,#8644,#8651));
#8642 = ORIENTED_EDGE('',*,*,#8328,.F.);
#8643 = ORIENTED_EDGE('',*,*,#8613,.T.);
#8644 = ORIENTED_EDGE('',*,*,#8645,.T.);
#8645 = EDGE_CURVE('',#8614,#8227,#8646,.T.);
#8646 = CIRCLE('',#8647,0.3);
#8647 = AXIS2_PLACEMENT_3D('',#8648,#8649,#8650);
#8648 = CARTESIAN_POINT('',(13.7,0.3,0.3));
#8649 = DIRECTION('',(-1.,-6.123233995737E-17,0.));
#8650 = DIRECTION('',(6.123233995737E-17,-1.,-0.));
#8651 = ORIENTED_EDGE('',*,*,#8226,.F.);
#8652 = CYLINDRICAL_SURFACE('',#8653,0.3);
#8653 = AXIS2_PLACEMENT_3D('',#8654,#8655,#8656);
#8654 = CARTESIAN_POINT('',(10.5,0.3,0.3));
#8655 = DIRECTION('',(1.,0.,-0.));
#8656 = DIRECTION('',(0.,-1.,0.));
#8657 = ADVANCED_FACE('',(#8658),#8683,.F.);
#8658 = FACE_BOUND('',#8659,.F.);
#8659 = EDGE_LOOP('',(#8660,#8661,#8669,#8677));
#8660 = ORIENTED_EDGE('',*,*,#8244,.T.);
#8661 = ORIENTED_EDGE('',*,*,#8662,.T.);
#8662 = EDGE_CURVE('',#8247,#8663,#8665,.T.);
#8663 = VERTEX_POINT('',#8664);
#8664 = CARTESIAN_POINT('',(13.65,0.4,2.1));
#8665 = LINE('',#8666,#8667);
#8666 = CARTESIAN_POINT('',(13.65,-5.E-02,2.1));
#8667 = VECTOR('',#8668,1.);
#8668 = DIRECTION('',(-0.,1.,0.));
#8669 = ORIENTED_EDGE('',*,*,#8670,.T.);
#8670 = EDGE_CURVE('',#8663,#8671,#8673,.T.);
#8671 = VERTEX_POINT('',#8672);
#8672 = CARTESIAN_POINT('',(13.65,0.4,5.6));
#8673 = LINE('',#8674,#8675);
#8674 = CARTESIAN_POINT('',(13.65,0.4,2.1));
#8675 = VECTOR('',#8676,1.);
#8676 = DIRECTION('',(0.,0.,1.));
#8677 = ORIENTED_EDGE('',*,*,#8678,.F.);
#8678 = EDGE_CURVE('',#8245,#8671,#8679,.T.);
#8679 = LINE('',#8680,#8681);
#8680 = CARTESIAN_POINT('',(13.65,-5.E-02,5.6));
#8681 = VECTOR('',#8682,1.);
#8682 = DIRECTION('',(-0.,1.,0.));
#8683 = PLANE('',#8684);
#8684 = AXIS2_PLACEMENT_3D('',#8685,#8686,#8687);
#8685 = CARTESIAN_POINT('',(13.65,-5.E-02,2.1));
#8686 = DIRECTION('',(1.,0.,-0.));
#8687 = DIRECTION('',(0.,0.,1.));
#8688 = ADVANCED_FACE('',(#8689),#8708,.F.);
#8689 = FACE_BOUND('',#8690,.F.);
#8690 = EDGE_LOOP('',(#8691,#8700,#8701,#8702));
#8691 = ORIENTED_EDGE('',*,*,#8692,.F.);
#8692 = EDGE_CURVE('',#8663,#8693,#8695,.T.);
#8693 = VERTEX_POINT('',#8694);
#8694 = CARTESIAN_POINT('',(10.85,0.4,2.1));
#8695 = CIRCLE('',#8696,1.4);
#8696 = AXIS2_PLACEMENT_3D('',#8697,#8698,#8699);
#8697 = CARTESIAN_POINT('',(12.25,0.4,2.1));
#8698 = DIRECTION('',(0.,1.,0.));
#8699 = DIRECTION('',(0.,-0.,1.));
#8700 = ORIENTED_EDGE('',*,*,#8662,.F.);
#8701 = ORIENTED_EDGE('',*,*,#8312,.T.);
#8702 = ORIENTED_EDGE('',*,*,#8703,.T.);
#8703 = EDGE_CURVE('',#8305,#8693,#8704,.T.);
#8704 = LINE('',#8705,#8706);
#8705 = CARTESIAN_POINT('',(10.85,-5.E-02,2.1));
#8706 = VECTOR('',#8707,1.);
#8707 = DIRECTION('',(-0.,1.,0.));
#8708 = CYLINDRICAL_SURFACE('',#8709,1.4);
#8709 = AXIS2_PLACEMENT_3D('',#8710,#8711,#8712);
#8710 = CARTESIAN_POINT('',(12.25,-5.E-02,2.1));
#8711 = DIRECTION('',(0.,1.,0.));
#8712 = DIRECTION('',(0.,-0.,1.));
#8713 = ADVANCED_FACE('',(#8714),#8739,.F.);
#8714 = FACE_BOUND('',#8715,.F.);
#8715 = EDGE_LOOP('',(#8716,#8717,#8725,#8733));
#8716 = ORIENTED_EDGE('',*,*,#8262,.T.);
#8717 = ORIENTED_EDGE('',*,*,#8718,.T.);
#8718 = EDGE_CURVE('',#8255,#8719,#8721,.T.);
#8719 = VERTEX_POINT('',#8720);
#8720 = CARTESIAN_POINT('',(13.2,0.4,5.6));
#8721 = LINE('',#8722,#8723);
#8722 = CARTESIAN_POINT('',(13.2,-5.E-02,5.6));
#8723 = VECTOR('',#8724,1.);
#8724 = DIRECTION('',(-0.,1.,0.));
#8725 = ORIENTED_EDGE('',*,*,#8726,.T.);
#8726 = EDGE_CURVE('',#8719,#8727,#8729,.T.);
#8727 = VERTEX_POINT('',#8728);
#8728 = CARTESIAN_POINT('',(13.2,0.4,7.35));
#8729 = LINE('',#8730,#8731);
#8730 = CARTESIAN_POINT('',(13.2,0.4,5.6));
#8731 = VECTOR('',#8732,1.);
#8732 = DIRECTION('',(0.,0.,1.));
#8733 = ORIENTED_EDGE('',*,*,#8734,.F.);
#8734 = EDGE_CURVE('',#8263,#8727,#8735,.T.);
#8735 = LINE('',#8736,#8737);
#8736 = CARTESIAN_POINT('',(13.2,-5.E-02,7.35));
#8737 = VECTOR('',#8738,1.);
#8738 = DIRECTION('',(-0.,1.,0.));
#8739 = PLANE('',#8740);
#8740 = AXIS2_PLACEMENT_3D('',#8741,#8742,#8743);
#8741 = CARTESIAN_POINT('',(13.2,-5.E-02,5.6));
#8742 = DIRECTION('',(1.,0.,-0.));
#8743 = DIRECTION('',(0.,0.,1.));
#8744 = ADVANCED_FACE('',(#8745),#8763,.T.);
#8745 = FACE_BOUND('',#8746,.T.);
#8746 = EDGE_LOOP('',(#8747,#8748,#8749,#8757));
#8747 = ORIENTED_EDGE('',*,*,#8304,.T.);
#8748 = ORIENTED_EDGE('',*,*,#8703,.T.);
#8749 = ORIENTED_EDGE('',*,*,#8750,.T.);
#8750 = EDGE_CURVE('',#8693,#8751,#8753,.T.);
#8751 = VERTEX_POINT('',#8752);
#8752 = CARTESIAN_POINT('',(10.85,0.4,5.6));
#8753 = LINE('',#8754,#8755);
#8754 = CARTESIAN_POINT('',(10.85,0.4,2.1));
#8755 = VECTOR('',#8756,1.);
#8756 = DIRECTION('',(0.,0.,1.));
#8757 = ORIENTED_EDGE('',*,*,#8758,.F.);
#8758 = EDGE_CURVE('',#8297,#8751,#8759,.T.);
#8759 = LINE('',#8760,#8761);
#8760 = CARTESIAN_POINT('',(10.85,-5.E-02,5.6));
#8761 = VECTOR('',#8762,1.);
#8762 = DIRECTION('',(-0.,1.,0.));
#8763 = PLANE('',#8764);
#8764 = AXIS2_PLACEMENT_3D('',#8765,#8766,#8767);
#8765 = CARTESIAN_POINT('',(10.85,-5.E-02,2.1));
#8766 = DIRECTION('',(1.,0.,-0.));
#8767 = DIRECTION('',(0.,0.,1.));
#8768 = ADVANCED_FACE('',(#8769),#8794,.T.);
#8769 = FACE_BOUND('',#8770,.T.);
#8770 = EDGE_LOOP('',(#8771,#8772,#8780,#8788));
#8771 = ORIENTED_EDGE('',*,*,#8288,.T.);
#8772 = ORIENTED_EDGE('',*,*,#8773,.T.);
#8773 = EDGE_CURVE('',#8289,#8774,#8776,.T.);
#8774 = VERTEX_POINT('',#8775);
#8775 = CARTESIAN_POINT('',(11.3,0.4,5.6));
#8776 = LINE('',#8777,#8778);
#8777 = CARTESIAN_POINT('',(11.3,-5.E-02,5.6));
#8778 = VECTOR('',#8779,1.);
#8779 = DIRECTION('',(-0.,1.,0.));
#8780 = ORIENTED_EDGE('',*,*,#8781,.T.);
#8781 = EDGE_CURVE('',#8774,#8782,#8784,.T.);
#8782 = VERTEX_POINT('',#8783);
#8783 = CARTESIAN_POINT('',(11.3,0.4,7.35));
#8784 = LINE('',#8785,#8786);
#8785 = CARTESIAN_POINT('',(11.3,0.4,5.6));
#8786 = VECTOR('',#8787,1.);
#8787 = DIRECTION('',(0.,0.,1.));
#8788 = ORIENTED_EDGE('',*,*,#8789,.F.);
#8789 = EDGE_CURVE('',#8280,#8782,#8790,.T.);
#8790 = LINE('',#8791,#8792);
#8791 = CARTESIAN_POINT('',(11.3,-5.E-02,7.35));
#8792 = VECTOR('',#8793,1.);
#8793 = DIRECTION('',(-0.,1.,0.));
#8794 = PLANE('',#8795);
#8795 = AXIS2_PLACEMENT_3D('',#8796,#8797,#8798);
#8796 = CARTESIAN_POINT('',(11.3,-5.E-02,5.6));
#8797 = DIRECTION('',(1.,0.,-0.));
#8798 = DIRECTION('',(0.,0.,1.));
#8799 = ADVANCED_FACE('',(#8800),#8811,.T.);
#8800 = FACE_BOUND('',#8801,.F.);
#8801 = EDGE_LOOP('',(#8802,#8809,#8810));
#8802 = ORIENTED_EDGE('',*,*,#8803,.F.);
#8803 = EDGE_CURVE('',#8614,#8345,#8804,.T.);
#8804 = CIRCLE('',#8805,0.3);
#8805 = AXIS2_PLACEMENT_3D('',#8806,#8807,#8808);
#8806 = CARTESIAN_POINT('',(13.7,0.3,0.3));
#8807 = DIRECTION('',(0.,-1.,0.));
#8808 = DIRECTION('',(1.,0.,0.));
#8809 = ORIENTED_EDGE('',*,*,#8645,.T.);
#8810 = ORIENTED_EDGE('',*,*,#8352,.F.);
#8811 = SPHERICAL_SURFACE('',#8812,0.3);
#8812 = AXIS2_PLACEMENT_3D('',#8813,#8814,#8815);
#8813 = CARTESIAN_POINT('',(13.7,0.3,0.3));
#8814 = DIRECTION('',(0.,0.,1.));
#8815 = DIRECTION('',(1.,0.,-0.));
#8816 = ADVANCED_FACE('',(#8817),#8835,.T.);
#8817 = FACE_BOUND('',#8818,.T.);
#8818 = EDGE_LOOP('',(#8819,#8820,#8827,#8828));
#8819 = ORIENTED_EDGE('',*,*,#8378,.F.);
#8820 = ORIENTED_EDGE('',*,*,#8821,.T.);
#8821 = EDGE_CURVE('',#8371,#8591,#8822,.T.);
#8822 = CIRCLE('',#8823,0.3);
#8823 = AXIS2_PLACEMENT_3D('',#8824,#8825,#8826);
#8824 = CARTESIAN_POINT('',(13.7,12.2,0.3));
#8825 = DIRECTION('',(0.,0.,1.));
#8826 = DIRECTION('',(1.,0.,-0.));
#8827 = ORIENTED_EDGE('',*,*,#8590,.T.);
#8828 = ORIENTED_EDGE('',*,*,#8829,.T.);
#8829 = EDGE_CURVE('',#8583,#8379,#8830,.T.);
#8830 = CIRCLE('',#8831,0.3);
#8831 = AXIS2_PLACEMENT_3D('',#8832,#8833,#8834);
#8832 = CARTESIAN_POINT('',(13.7,12.2,10.3));
#8833 = DIRECTION('',(0.,0.,-1.));
#8834 = DIRECTION('',(1.,0.,0.));
#8835 = CYLINDRICAL_SURFACE('',#8836,0.3);
#8836 = AXIS2_PLACEMENT_3D('',#8837,#8838,#8839);
#8837 = CARTESIAN_POINT('',(13.7,12.2,0.));
#8838 = DIRECTION('',(0.,0.,1.));
#8839 = DIRECTION('',(1.,0.,-0.));
#8840 = ADVANCED_FACE('',(#8841),#8853,.T.);
#8841 = FACE_BOUND('',#8842,.T.);
#8842 = EDGE_LOOP('',(#8843,#8844,#8845,#8852));
#8843 = ORIENTED_EDGE('',*,*,#8803,.F.);
#8844 = ORIENTED_EDGE('',*,*,#8621,.T.);
#8845 = ORIENTED_EDGE('',*,*,#8846,.T.);
#8846 = EDGE_CURVE('',#8622,#8371,#8847,.T.);
#8847 = CIRCLE('',#8848,0.3);
#8848 = AXIS2_PLACEMENT_3D('',#8849,#8850,#8851);
#8849 = CARTESIAN_POINT('',(13.7,12.2,0.3));
#8850 = DIRECTION('',(0.,-1.,0.));
#8851 = DIRECTION('',(1.,0.,0.));
#8852 = ORIENTED_EDGE('',*,*,#8370,.F.);
#8853 = CYLINDRICAL_SURFACE('',#8854,0.3);
#8854 = AXIS2_PLACEMENT_3D('',#8855,#8856,#8857);
#8855 = CARTESIAN_POINT('',(13.7,0.,0.3));
#8856 = DIRECTION('',(-0.,1.,0.));
#8857 = DIRECTION('',(1.,0.,-0.));
#8858 = ADVANCED_FACE('',(#8859),#8870,.T.);
#8859 = FACE_BOUND('',#8860,.T.);
#8860 = EDGE_LOOP('',(#8861,#8862,#8869));
#8861 = ORIENTED_EDGE('',*,*,#8829,.F.);
#8862 = ORIENTED_EDGE('',*,*,#8863,.T.);
#8863 = EDGE_CURVE('',#8583,#8403,#8864,.T.);
#8864 = CIRCLE('',#8865,0.3);
#8865 = AXIS2_PLACEMENT_3D('',#8866,#8867,#8868);
#8866 = CARTESIAN_POINT('',(13.7,12.2,10.3));
#8867 = DIRECTION('',(1.,0.,-6.123233995737E-17));
#8868 = DIRECTION('',(6.123233995737E-17,0.,1.));
#8869 = ORIENTED_EDGE('',*,*,#8410,.F.);
#8870 = SPHERICAL_SURFACE('',#8871,0.3);
#8871 = AXIS2_PLACEMENT_3D('',#8872,#8873,#8874);
#8872 = CARTESIAN_POINT('',(13.7,12.2,10.3));
#8873 = DIRECTION('',(0.,-1.,-0.));
#8874 = DIRECTION('',(1.,0.,0.));
#8875 = ADVANCED_FACE('',(#8876),#8882,.T.);
#8876 = FACE_BOUND('',#8877,.T.);
#8877 = EDGE_LOOP('',(#8878,#8879,#8880,#8881));
#8878 = ORIENTED_EDGE('',*,*,#8548,.T.);
#8879 = ORIENTED_EDGE('',*,*,#8452,.T.);
#8880 = ORIENTED_EDGE('',*,*,#8863,.F.);
#8881 = ORIENTED_EDGE('',*,*,#8582,.F.);
#8882 = CYLINDRICAL_SURFACE('',#8883,0.3);
#8883 = AXIS2_PLACEMENT_3D('',#8884,#8885,#8886);
#8884 = CARTESIAN_POINT('',(10.5,12.2,10.3));
#8885 = DIRECTION('',(1.,0.,-0.));
#8886 = DIRECTION('',(0.,1.,0.));
#8887 = ADVANCED_FACE('',(#8888),#8899,.F.);
#8888 = FACE_BOUND('',#8889,.F.);
#8889 = EDGE_LOOP('',(#8890,#8891,#8892,#8893));
#8890 = ORIENTED_EDGE('',*,*,#8523,.F.);
#8891 = ORIENTED_EDGE('',*,*,#8436,.F.);
#8892 = ORIENTED_EDGE('',*,*,#8467,.T.);
#8893 = ORIENTED_EDGE('',*,*,#8894,.F.);
#8894 = EDGE_CURVE('',#8524,#8468,#8895,.T.);
#8895 = LINE('',#8896,#8897);
#8896 = CARTESIAN_POINT('',(10.84,9.7,8.45));
#8897 = VECTOR('',#8898,1.);
#8898 = DIRECTION('',(1.,0.,0.));
#8899 = PLANE('',#8900);
#8900 = AXIS2_PLACEMENT_3D('',#8901,#8902,#8903);
#8901 = CARTESIAN_POINT('',(10.84,9.7,10.8));
#8902 = DIRECTION('',(-0.,1.,0.));
#8903 = DIRECTION('',(0.,0.,-1.));
#8904 = ADVANCED_FACE('',(#8905),#8911,.F.);
#8905 = FACE_BOUND('',#8906,.F.);
#8906 = EDGE_LOOP('',(#8907,#8908,#8909,#8910));
#8907 = ORIENTED_EDGE('',*,*,#8894,.T.);
#8908 = ORIENTED_EDGE('',*,*,#8475,.T.);
#8909 = ORIENTED_EDGE('',*,*,#8506,.F.);
#8910 = ORIENTED_EDGE('',*,*,#8531,.F.);
#8911 = PLANE('',#8912);
#8912 = AXIS2_PLACEMENT_3D('',#8913,#8914,#8915);
#8913 = CARTESIAN_POINT('',(10.84,9.7,8.45));
#8914 = DIRECTION('',(0.,0.,-1.));
#8915 = DIRECTION('',(0.,-1.,0.));
#8916 = ADVANCED_FACE('',(#8917),#8929,.T.);
#8917 = FACE_BOUND('',#8918,.F.);
#8918 = EDGE_LOOP('',(#8919,#8920,#8921,#8928));
#8919 = ORIENTED_EDGE('',*,*,#8565,.F.);
#8920 = ORIENTED_EDGE('',*,*,#8629,.T.);
#8921 = ORIENTED_EDGE('',*,*,#8922,.T.);
#8922 = EDGE_CURVE('',#8622,#8591,#8923,.T.);
#8923 = CIRCLE('',#8924,0.3);
#8924 = AXIS2_PLACEMENT_3D('',#8925,#8926,#8927);
#8925 = CARTESIAN_POINT('',(13.7,12.2,0.3));
#8926 = DIRECTION('',(1.,-6.123233995737E-17,0.));
#8927 = DIRECTION('',(6.123233995737E-17,1.,0.));
#8928 = ORIENTED_EDGE('',*,*,#8598,.F.);
#8929 = CYLINDRICAL_SURFACE('',#8930,0.3);
#8930 = AXIS2_PLACEMENT_3D('',#8931,#8932,#8933);
#8931 = CARTESIAN_POINT('',(10.5,12.2,0.3));
#8932 = DIRECTION('',(1.,0.,-0.));
#8933 = DIRECTION('',(0.,1.,0.));
#8934 = ADVANCED_FACE('',(#8935),#8940,.T.);
#8935 = FACE_BOUND('',#8936,.T.);
#8936 = EDGE_LOOP('',(#8937,#8938,#8939));
#8937 = ORIENTED_EDGE('',*,*,#8846,.F.);
#8938 = ORIENTED_EDGE('',*,*,#8922,.T.);
#8939 = ORIENTED_EDGE('',*,*,#8821,.F.);
#8940 = SPHERICAL_SURFACE('',#8941,0.3);
#8941 = AXIS2_PLACEMENT_3D('',#8942,#8943,#8944);
#8942 = CARTESIAN_POINT('',(13.7,12.2,0.3));
#8943 = DIRECTION('',(0.,0.,1.));
#8944 = DIRECTION('',(1.,0.,-0.));
#8945 = ADVANCED_FACE('',(#8946),#8989,.T.);
#8946 = FACE_BOUND('',#8947,.T.);
#8947 = EDGE_LOOP('',(#8948,#8956,#8957,#8958,#8959,#8967,#8975,#8983));
#8948 = ORIENTED_EDGE('',*,*,#8949,.T.);
#8949 = EDGE_CURVE('',#8950,#8671,#8952,.T.);
#8950 = VERTEX_POINT('',#8951);
#8951 = CARTESIAN_POINT('',(13.5,0.4,5.6));
#8952 = LINE('',#8953,#8954);
#8953 = CARTESIAN_POINT('',(10.85,0.4,5.6));
#8954 = VECTOR('',#8955,1.);
#8955 = DIRECTION('',(1.,0.,-0.));
#8956 = ORIENTED_EDGE('',*,*,#8678,.F.);
#8957 = ORIENTED_EDGE('',*,*,#8254,.F.);
#8958 = ORIENTED_EDGE('',*,*,#8718,.T.);
#8959 = ORIENTED_EDGE('',*,*,#8960,.F.);
#8960 = EDGE_CURVE('',#8961,#8719,#8963,.T.);
#8961 = VERTEX_POINT('',#8962);
#8962 = CARTESIAN_POINT('',(13.05,0.4,5.6));
#8963 = LINE('',#8964,#8965);
#8964 = CARTESIAN_POINT('',(10.85,0.4,5.6));
#8965 = VECTOR('',#8966,1.);
#8966 = DIRECTION('',(1.,0.,-0.));
#8967 = ORIENTED_EDGE('',*,*,#8968,.T.);
#8968 = EDGE_CURVE('',#8961,#8969,#8971,.T.);
#8969 = VERTEX_POINT('',#8970);
#8970 = CARTESIAN_POINT('',(13.05,4.35,5.6));
#8971 = LINE('',#8972,#8973);
#8972 = CARTESIAN_POINT('',(13.05,0.4,5.6));
#8973 = VECTOR('',#8974,1.);
#8974 = DIRECTION('',(-0.,1.,0.));
#8975 = ORIENTED_EDGE('',*,*,#8976,.T.);
#8976 = EDGE_CURVE('',#8969,#8977,#8979,.T.);
#8977 = VERTEX_POINT('',#8978);
#8978 = CARTESIAN_POINT('',(13.5,4.35,5.6));
#8979 = LINE('',#8980,#8981);
#8980 = CARTESIAN_POINT('',(11.,4.35,5.6));
#8981 = VECTOR('',#8982,1.);
#8982 = DIRECTION('',(1.,0.,-0.));
#8983 = ORIENTED_EDGE('',*,*,#8984,.F.);
#8984 = EDGE_CURVE('',#8950,#8977,#8985,.T.);
#8985 = LINE('',#8986,#8987);
#8986 = CARTESIAN_POINT('',(13.5,0.4,5.6));
#8987 = VECTOR('',#8988,1.);
#8988 = DIRECTION('',(-0.,1.,0.));
#8989 = PLANE('',#8990);
#8990 = AXIS2_PLACEMENT_3D('',#8991,#8992,#8993);
#8991 = CARTESIAN_POINT('',(13.296212121212,2.121212121212,5.6));
#8992 = DIRECTION('',(-0.,-0.,-1.));
#8993 = DIRECTION('',(-1.,0.,0.));
#8994 = ADVANCED_FACE('',(#8995),#9020,.F.);
#8995 = FACE_BOUND('',#8996,.F.);
#8996 = EDGE_LOOP('',(#8997,#9005,#9006,#9014));
#8997 = ORIENTED_EDGE('',*,*,#8998,.F.);
#8998 = EDGE_CURVE('',#8961,#8999,#9001,.T.);
#8999 = VERTEX_POINT('',#9000);
#9000 = CARTESIAN_POINT('',(13.05,0.4,7.35));
#9001 = LINE('',#9002,#9003);
#9002 = CARTESIAN_POINT('',(13.05,0.4,5.6));
#9003 = VECTOR('',#9004,1.);
#9004 = DIRECTION('',(0.,0.,1.));
#9005 = ORIENTED_EDGE('',*,*,#8968,.T.);
#9006 = ORIENTED_EDGE('',*,*,#9007,.T.);
#9007 = EDGE_CURVE('',#8969,#9008,#9010,.T.);
#9008 = VERTEX_POINT('',#9009);
#9009 = CARTESIAN_POINT('',(13.05,4.35,7.35));
#9010 = LINE('',#9011,#9012);
#9011 = CARTESIAN_POINT('',(13.05,4.35,5.6));
#9012 = VECTOR('',#9013,1.);
#9013 = DIRECTION('',(0.,0.,1.));
#9014 = ORIENTED_EDGE('',*,*,#9015,.F.);
#9015 = EDGE_CURVE('',#8999,#9008,#9016,.T.);
#9016 = LINE('',#9017,#9018);
#9017 = CARTESIAN_POINT('',(13.05,0.4,7.35));
#9018 = VECTOR('',#9019,1.);
#9019 = DIRECTION('',(-0.,1.,0.));
#9020 = PLANE('',#9021);
#9021 = AXIS2_PLACEMENT_3D('',#9022,#9023,#9024);
#9022 = CARTESIAN_POINT('',(13.05,0.4,5.6));
#9023 = DIRECTION('',(1.,0.,-0.));
#9024 = DIRECTION('',(0.,0.,1.));
#9025 = ADVANCED_FACE('',(#9026),#9051,.F.);
#9026 = FACE_BOUND('',#9027,.F.);
#9027 = EDGE_LOOP('',(#9028,#9036,#9044,#9050));
#9028 = ORIENTED_EDGE('',*,*,#9029,.F.);
#9029 = EDGE_CURVE('',#9030,#8950,#9032,.T.);
#9030 = VERTEX_POINT('',#9031);
#9031 = CARTESIAN_POINT('',(13.5,0.4,2.1));
#9032 = LINE('',#9033,#9034);
#9033 = CARTESIAN_POINT('',(13.5,0.4,2.1));
#9034 = VECTOR('',#9035,1.);
#9035 = DIRECTION('',(0.,0.,1.));
#9036 = ORIENTED_EDGE('',*,*,#9037,.T.);
#9037 = EDGE_CURVE('',#9030,#9038,#9040,.T.);
#9038 = VERTEX_POINT('',#9039);
#9039 = CARTESIAN_POINT('',(13.5,4.35,2.1));
#9040 = LINE('',#9041,#9042);
#9041 = CARTESIAN_POINT('',(13.5,0.4,2.1));
#9042 = VECTOR('',#9043,1.);
#9043 = DIRECTION('',(-0.,1.,0.));
#9044 = ORIENTED_EDGE('',*,*,#9045,.T.);
#9045 = EDGE_CURVE('',#9038,#8977,#9046,.T.);
#9046 = LINE('',#9047,#9048);
#9047 = CARTESIAN_POINT('',(13.5,4.35,2.1));
#9048 = VECTOR('',#9049,1.);
#9049 = DIRECTION('',(0.,0.,1.));
#9050 = ORIENTED_EDGE('',*,*,#8984,.F.);
#9051 = PLANE('',#9052);
#9052 = AXIS2_PLACEMENT_3D('',#9053,#9054,#9055);
#9053 = CARTESIAN_POINT('',(13.5,0.4,2.1));
#9054 = DIRECTION('',(1.,0.,-0.));
#9055 = DIRECTION('',(0.,0.,1.));
#9056 = ADVANCED_FACE('',(#9057),#9084,.F.);
#9057 = FACE_BOUND('',#9058,.F.);
#9058 = EDGE_LOOP('',(#9059,#9068,#9069,#9078));
#9059 = ORIENTED_EDGE('',*,*,#9060,.F.);
#9060 = EDGE_CURVE('',#9038,#9061,#9063,.T.);
#9061 = VERTEX_POINT('',#9062);
#9062 = CARTESIAN_POINT('',(11.,4.35,2.1));
#9063 = CIRCLE('',#9064,1.25);
#9064 = AXIS2_PLACEMENT_3D('',#9065,#9066,#9067);
#9065 = CARTESIAN_POINT('',(12.25,4.35,2.1));
#9066 = DIRECTION('',(0.,1.,0.));
#9067 = DIRECTION('',(0.,-0.,1.));
#9068 = ORIENTED_EDGE('',*,*,#9037,.F.);
#9069 = ORIENTED_EDGE('',*,*,#9070,.T.);
#9070 = EDGE_CURVE('',#9030,#9071,#9073,.T.);
#9071 = VERTEX_POINT('',#9072);
#9072 = CARTESIAN_POINT('',(11.,0.4,2.1));
#9073 = CIRCLE('',#9074,1.25);
#9074 = AXIS2_PLACEMENT_3D('',#9075,#9076,#9077);
#9075 = CARTESIAN_POINT('',(12.25,0.4,2.1));
#9076 = DIRECTION('',(0.,1.,0.));
#9077 = DIRECTION('',(0.,-0.,1.));
#9078 = ORIENTED_EDGE('',*,*,#9079,.T.);
#9079 = EDGE_CURVE('',#9071,#9061,#9080,.T.);
#9080 = LINE('',#9081,#9082);
#9081 = CARTESIAN_POINT('',(11.,0.4,2.1));
#9082 = VECTOR('',#9083,1.);
#9083 = DIRECTION('',(-0.,1.,0.));
#9084 = CYLINDRICAL_SURFACE('',#9085,1.25);
#9085 = AXIS2_PLACEMENT_3D('',#9086,#9087,#9088);
#9086 = CARTESIAN_POINT('',(12.25,0.4,2.1));
#9087 = DIRECTION('',(0.,1.,0.));
#9088 = DIRECTION('',(0.,-0.,1.));
#9089 = ADVANCED_FACE('',(#9090),#9115,.T.);
#9090 = FACE_BOUND('',#9091,.T.);
#9091 = EDGE_LOOP('',(#9092,#9100,#9101,#9109));
#9092 = ORIENTED_EDGE('',*,*,#9093,.F.);
#9093 = EDGE_CURVE('',#9071,#9094,#9096,.T.);
#9094 = VERTEX_POINT('',#9095);
#9095 = CARTESIAN_POINT('',(11.,0.4,5.6));
#9096 = LINE('',#9097,#9098);
#9097 = CARTESIAN_POINT('',(11.,0.4,2.1));
#9098 = VECTOR('',#9099,1.);
#9099 = DIRECTION('',(0.,0.,1.));
#9100 = ORIENTED_EDGE('',*,*,#9079,.T.);
#9101 = ORIENTED_EDGE('',*,*,#9102,.T.);
#9102 = EDGE_CURVE('',#9061,#9103,#9105,.T.);
#9103 = VERTEX_POINT('',#9104);
#9104 = CARTESIAN_POINT('',(11.,4.35,5.6));
#9105 = LINE('',#9106,#9107);
#9106 = CARTESIAN_POINT('',(11.,4.35,2.1));
#9107 = VECTOR('',#9108,1.);
#9108 = DIRECTION('',(0.,0.,1.));
#9109 = ORIENTED_EDGE('',*,*,#9110,.F.);
#9110 = EDGE_CURVE('',#9094,#9103,#9111,.T.);
#9111 = LINE('',#9112,#9113);
#9112 = CARTESIAN_POINT('',(11.,0.4,5.6));
#9113 = VECTOR('',#9114,1.);
#9114 = DIRECTION('',(-0.,1.,0.));
#9115 = PLANE('',#9116);
#9116 = AXIS2_PLACEMENT_3D('',#9117,#9118,#9119);
#9117 = CARTESIAN_POINT('',(11.,0.4,2.1));
#9118 = DIRECTION('',(1.,0.,-0.));
#9119 = DIRECTION('',(0.,0.,1.));
#9120 = ADVANCED_FACE('',(#9121),#9155,.T.);
#9121 = FACE_BOUND('',#9122,.T.);
#9122 = EDGE_LOOP('',(#9123,#9129,#9130,#9138,#9146,#9152,#9153,#9154));
#9123 = ORIENTED_EDGE('',*,*,#9124,.T.);
#9124 = EDGE_CURVE('',#8751,#9094,#9125,.T.);
#9125 = LINE('',#9126,#9127);
#9126 = CARTESIAN_POINT('',(10.85,0.4,5.6));
#9127 = VECTOR('',#9128,1.);
#9128 = DIRECTION('',(1.,0.,-0.));
#9129 = ORIENTED_EDGE('',*,*,#9110,.T.);
#9130 = ORIENTED_EDGE('',*,*,#9131,.T.);
#9131 = EDGE_CURVE('',#9103,#9132,#9134,.T.);
#9132 = VERTEX_POINT('',#9133);
#9133 = CARTESIAN_POINT('',(11.45,4.35,5.6));
#9134 = LINE('',#9135,#9136);
#9135 = CARTESIAN_POINT('',(11.,4.35,5.6));
#9136 = VECTOR('',#9137,1.);
#9137 = DIRECTION('',(1.,0.,-0.));
#9138 = ORIENTED_EDGE('',*,*,#9139,.F.);
#9139 = EDGE_CURVE('',#9140,#9132,#9142,.T.);
#9140 = VERTEX_POINT('',#9141);
#9141 = CARTESIAN_POINT('',(11.45,0.4,5.6));
#9142 = LINE('',#9143,#9144);
#9143 = CARTESIAN_POINT('',(11.45,0.4,5.6));
#9144 = VECTOR('',#9145,1.);
#9145 = DIRECTION('',(-0.,1.,0.));
#9146 = ORIENTED_EDGE('',*,*,#9147,.F.);
#9147 = EDGE_CURVE('',#8774,#9140,#9148,.T.);
#9148 = LINE('',#9149,#9150);
#9149 = CARTESIAN_POINT('',(10.85,0.4,5.6));
#9150 = VECTOR('',#9151,1.);
#9151 = DIRECTION('',(1.,0.,-0.));
#9152 = ORIENTED_EDGE('',*,*,#8773,.F.);
#9153 = ORIENTED_EDGE('',*,*,#8296,.F.);
#9154 = ORIENTED_EDGE('',*,*,#8758,.T.);
#9155 = PLANE('',#9156);
#9156 = AXIS2_PLACEMENT_3D('',#9157,#9158,#9159);
#9157 = CARTESIAN_POINT('',(11.203787878788,2.121212121212,5.6));
#9158 = DIRECTION('',(-0.,-0.,-1.));
#9159 = DIRECTION('',(-1.,0.,0.));
#9160 = ADVANCED_FACE('',(#9161),#9186,.T.);
#9161 = FACE_BOUND('',#9162,.T.);
#9162 = EDGE_LOOP('',(#9163,#9171,#9172,#9180));
#9163 = ORIENTED_EDGE('',*,*,#9164,.F.);
#9164 = EDGE_CURVE('',#9140,#9165,#9167,.T.);
#9165 = VERTEX_POINT('',#9166);
#9166 = CARTESIAN_POINT('',(11.45,0.4,7.35));
#9167 = LINE('',#9168,#9169);
#9168 = CARTESIAN_POINT('',(11.45,0.4,5.6));
#9169 = VECTOR('',#9170,1.);
#9170 = DIRECTION('',(0.,0.,1.));
#9171 = ORIENTED_EDGE('',*,*,#9139,.T.);
#9172 = ORIENTED_EDGE('',*,*,#9173,.T.);
#9173 = EDGE_CURVE('',#9132,#9174,#9176,.T.);
#9174 = VERTEX_POINT('',#9175);
#9175 = CARTESIAN_POINT('',(11.45,4.35,7.35));
#9176 = LINE('',#9177,#9178);
#9177 = CARTESIAN_POINT('',(11.45,4.35,5.6));
#9178 = VECTOR('',#9179,1.);
#9179 = DIRECTION('',(0.,0.,1.));
#9180 = ORIENTED_EDGE('',*,*,#9181,.F.);
#9181 = EDGE_CURVE('',#9165,#9174,#9182,.T.);
#9182 = LINE('',#9183,#9184);
#9183 = CARTESIAN_POINT('',(11.45,0.4,7.35));
#9184 = VECTOR('',#9185,1.);
#9185 = DIRECTION('',(-0.,1.,0.));
#9186 = PLANE('',#9187);
#9187 = AXIS2_PLACEMENT_3D('',#9188,#9189,#9190);
#9188 = CARTESIAN_POINT('',(11.45,0.4,5.6));
#9189 = DIRECTION('',(1.,0.,-0.));
#9190 = DIRECTION('',(0.,0.,1.));
#9191 = ADVANCED_FACE('',(#9192),#9202,.T.);
#9192 = FACE_BOUND('',#9193,.T.);
#9193 = EDGE_LOOP('',(#9194,#9195,#9196,#9197,#9198,#9199,#9200,#9201));
#9194 = ORIENTED_EDGE('',*,*,#8670,.T.);
#9195 = ORIENTED_EDGE('',*,*,#8949,.F.);
#9196 = ORIENTED_EDGE('',*,*,#9029,.F.);
#9197 = ORIENTED_EDGE('',*,*,#9070,.T.);
#9198 = ORIENTED_EDGE('',*,*,#9093,.T.);
#9199 = ORIENTED_EDGE('',*,*,#9124,.F.);
#9200 = ORIENTED_EDGE('',*,*,#8750,.F.);
#9201 = ORIENTED_EDGE('',*,*,#8692,.F.);
#9202 = PLANE('',#9203);
#9203 = AXIS2_PLACEMENT_3D('',#9204,#9205,#9206);
#9204 = CARTESIAN_POINT('',(12.25,0.4,2.974105664285));
#9205 = DIRECTION('',(-0.,-1.,-0.));
#9206 = DIRECTION('',(0.,0.,-1.));
#9207 = ADVANCED_FACE('',(#9208),#9248,.T.);
#9208 = FACE_BOUND('',#9209,.T.);
#9209 = EDGE_LOOP('',(#9210,#9211,#9212,#9221,#9228,#9229,#9230,#9231,
    #9240,#9247));
#9210 = ORIENTED_EDGE('',*,*,#8960,.T.);
#9211 = ORIENTED_EDGE('',*,*,#8726,.T.);
#9212 = ORIENTED_EDGE('',*,*,#9213,.F.);
#9213 = EDGE_CURVE('',#9214,#8727,#9216,.T.);
#9214 = VERTEX_POINT('',#9215);
#9215 = CARTESIAN_POINT('',(12.25,0.4,8.3));
#9216 = CIRCLE('',#9217,0.95);
#9217 = AXIS2_PLACEMENT_3D('',#9218,#9219,#9220);
#9218 = CARTESIAN_POINT('',(12.25,0.4,7.35));
#9219 = DIRECTION('',(0.,1.,0.));
#9220 = DIRECTION('',(0.,-0.,1.));
#9221 = ORIENTED_EDGE('',*,*,#9222,.F.);
#9222 = EDGE_CURVE('',#8782,#9214,#9223,.T.);
#9223 = CIRCLE('',#9224,0.95);
#9224 = AXIS2_PLACEMENT_3D('',#9225,#9226,#9227);
#9225 = CARTESIAN_POINT('',(12.25,0.4,7.35));
#9226 = DIRECTION('',(0.,1.,0.));
#9227 = DIRECTION('',(0.,-0.,1.));
#9228 = ORIENTED_EDGE('',*,*,#8781,.F.);
#9229 = ORIENTED_EDGE('',*,*,#9147,.T.);
#9230 = ORIENTED_EDGE('',*,*,#9164,.T.);
#9231 = ORIENTED_EDGE('',*,*,#9232,.T.);
#9232 = EDGE_CURVE('',#9165,#9233,#9235,.T.);
#9233 = VERTEX_POINT('',#9234);
#9234 = CARTESIAN_POINT('',(12.25,0.4,8.15));
#9235 = CIRCLE('',#9236,0.8);
#9236 = AXIS2_PLACEMENT_3D('',#9237,#9238,#9239);
#9237 = CARTESIAN_POINT('',(12.25,0.4,7.35));
#9238 = DIRECTION('',(0.,1.,0.));
#9239 = DIRECTION('',(0.,-0.,1.));
#9240 = ORIENTED_EDGE('',*,*,#9241,.T.);
#9241 = EDGE_CURVE('',#9233,#8999,#9242,.T.);
#9242 = CIRCLE('',#9243,0.8);
#9243 = AXIS2_PLACEMENT_3D('',#9244,#9245,#9246);
#9244 = CARTESIAN_POINT('',(12.25,0.4,7.35));
#9245 = DIRECTION('',(0.,1.,0.));
#9246 = DIRECTION('',(0.,-0.,1.));
#9247 = ORIENTED_EDGE('',*,*,#8998,.F.);
#9248 = PLANE('',#9249);
#9249 = AXIS2_PLACEMENT_3D('',#9250,#9251,#9252);
#9250 = CARTESIAN_POINT('',(12.25,0.4,7.061813018945));
#9251 = DIRECTION('',(-0.,-1.,-0.));
#9252 = DIRECTION('',(0.,0.,-1.));
#9253 = ADVANCED_FACE('',(#9254),#9279,.T.);
#9254 = FACE_BOUND('',#9255,.T.);
#9255 = EDGE_LOOP('',(#9256,#9257,#9258,#9259,#9268,#9275,#9276,#9277,
    #9278));
#9256 = ORIENTED_EDGE('',*,*,#9045,.T.);
#9257 = ORIENTED_EDGE('',*,*,#8976,.F.);
#9258 = ORIENTED_EDGE('',*,*,#9007,.T.);
#9259 = ORIENTED_EDGE('',*,*,#9260,.F.);
#9260 = EDGE_CURVE('',#9261,#9008,#9263,.T.);
#9261 = VERTEX_POINT('',#9262);
#9262 = CARTESIAN_POINT('',(12.25,4.35,8.15));
#9263 = CIRCLE('',#9264,0.8);
#9264 = AXIS2_PLACEMENT_3D('',#9265,#9266,#9267);
#9265 = CARTESIAN_POINT('',(12.25,4.35,7.35));
#9266 = DIRECTION('',(0.,1.,0.));
#9267 = DIRECTION('',(0.,-0.,1.));
#9268 = ORIENTED_EDGE('',*,*,#9269,.F.);
#9269 = EDGE_CURVE('',#9174,#9261,#9270,.T.);
#9270 = CIRCLE('',#9271,0.8);
#9271 = AXIS2_PLACEMENT_3D('',#9272,#9273,#9274);
#9272 = CARTESIAN_POINT('',(12.25,4.35,7.35));
#9273 = DIRECTION('',(0.,1.,0.));
#9274 = DIRECTION('',(0.,-0.,1.));
#9275 = ORIENTED_EDGE('',*,*,#9173,.F.);
#9276 = ORIENTED_EDGE('',*,*,#9131,.F.);
#9277 = ORIENTED_EDGE('',*,*,#9102,.F.);
#9278 = ORIENTED_EDGE('',*,*,#9060,.F.);
#9279 = PLANE('',#9280);
#9280 = AXIS2_PLACEMENT_3D('',#9281,#9282,#9283);
#9281 = CARTESIAN_POINT('',(12.25,4.35,4.497949762039));
#9282 = DIRECTION('',(-0.,-1.,-0.));
#9283 = DIRECTION('',(0.,0.,-1.));
#9284 = ADVANCED_FACE('',(#9285),#9293,.F.);
#9285 = FACE_BOUND('',#9286,.F.);
#9286 = EDGE_LOOP('',(#9287,#9288,#9289,#9290,#9291,#9292));
#9287 = ORIENTED_EDGE('',*,*,#8789,.F.);
#9288 = ORIENTED_EDGE('',*,*,#8279,.T.);
#9289 = ORIENTED_EDGE('',*,*,#8270,.T.);
#9290 = ORIENTED_EDGE('',*,*,#8734,.T.);
#9291 = ORIENTED_EDGE('',*,*,#9213,.F.);
#9292 = ORIENTED_EDGE('',*,*,#9222,.F.);
#9293 = CYLINDRICAL_SURFACE('',#9294,0.95);
#9294 = AXIS2_PLACEMENT_3D('',#9295,#9296,#9297);
#9295 = CARTESIAN_POINT('',(12.25,-5.E-02,7.35));
#9296 = DIRECTION('',(0.,1.,0.));
#9297 = DIRECTION('',(0.,-0.,1.));
#9298 = ADVANCED_FACE('',(#9299),#9307,.F.);
#9299 = FACE_BOUND('',#9300,.F.);
#9300 = EDGE_LOOP('',(#9301,#9302,#9303,#9304,#9305,#9306));
#9301 = ORIENTED_EDGE('',*,*,#9015,.T.);
#9302 = ORIENTED_EDGE('',*,*,#9260,.F.);
#9303 = ORIENTED_EDGE('',*,*,#9269,.F.);
#9304 = ORIENTED_EDGE('',*,*,#9181,.F.);
#9305 = ORIENTED_EDGE('',*,*,#9232,.T.);
#9306 = ORIENTED_EDGE('',*,*,#9241,.T.);
#9307 = CYLINDRICAL_SURFACE('',#9308,0.8);
#9308 = AXIS2_PLACEMENT_3D('',#9309,#9310,#9311);
#9309 = CARTESIAN_POINT('',(12.25,0.4,7.35));
#9310 = DIRECTION('',(0.,1.,0.));
#9311 = DIRECTION('',(0.,-0.,1.));
#9312 = ( GEOMETRIC_REPRESENTATION_CONTEXT(3)
GLOBAL_UNCERTAINTY_ASSIGNED_CONTEXT((#9316))
GLOBAL_UNIT_ASSIGNED_CONTEXT((#9313,#9314,#9315)) REPRESENTATION_CONTEXT
('Context #1','3D Context with UNIT and UNCERTAINTY') );
#9313 = ( LENGTH_UNIT() NAMED_UNIT(*) SI_UNIT(.MILLI.,.METRE.) );
#9314 = ( NAMED_UNIT(*) PLANE_ANGLE_UNIT() SI_UNIT($,.RADIAN.) );
#9315 = ( NAMED_UNIT(*) SI_UNIT($,.STERADIAN.) SOLID_ANGLE_UNIT() );
#9316 = UNCERTAINTY_MEASURE_WITH_UNIT(LENGTH_MEASURE(1.E-07),#9313,
  'distance_accuracy_value','confusion accuracy');
#9317 = CONTEXT_DEPENDENT_SHAPE_REPRESENTATION(#9318,#9320);
#9318 = ( REPRESENTATION_RELATIONSHIP('','',#7956,#10)
REPRESENTATION_RELATIONSHIP_WITH_TRANSFORMATION(#9319)
SHAPE_REPRESENTATION_RELATIONSHIP() );
#9319 = ITEM_DEFINED_TRANSFORMATION('','',#11,#79);
#9320 = PRODUCT_DEFINITION_SHAPE('Placement','Placement of an item',
  #9321);
#9321 = NEXT_ASSEMBLY_USAGE_OCCURRENCE('17','Housing P5','',#5,#7951,$);
#9322 = PRODUCT_RELATED_PRODUCT_CATEGORY('part',$,(#7953));
#9323 = SHAPE_DEFINITION_REPRESENTATION(#9324,#9330);
#9324 = PRODUCT_DEFINITION_SHAPE('','',#9325);
#9325 = PRODUCT_DEFINITION('design','',#9326,#9329);
#9326 = PRODUCT_DEFINITION_FORMATION('','',#9327);
#9327 = PRODUCT('Actuator P5','Actuator P5','',(#9328));
#9328 = PRODUCT_CONTEXT('',#2,'mechanical');
#9329 = PRODUCT_DEFINITION_CONTEXT('part definition',#2,'design');
#9330 = ADVANCED_BREP_SHAPE_REPRESENTATION('',(#11,#9331),#9549);
#9331 = MANIFOLD_SOLID_BREP('',#9332);
#9332 = CLOSED_SHELL('',(#9333,#9373,#9404,#9435,#9466,#9499,#9521,#9535
    ));
#9333 = ADVANCED_FACE('',(#9334),#9368,.T.);
#9334 = FACE_BOUND('',#9335,.T.);
#9335 = EDGE_LOOP('',(#9336,#9346,#9354,#9362));
#9336 = ORIENTED_EDGE('',*,*,#9337,.T.);
#9337 = EDGE_CURVE('',#9338,#9340,#9342,.T.);
#9338 = VERTEX_POINT('',#9339);
#9339 = CARTESIAN_POINT('',(10.9,-0.35,10.6));
#9340 = VERTEX_POINT('',#9341);
#9341 = CARTESIAN_POINT('',(13.6,-0.35,10.6));
#9342 = LINE('',#9343,#9344);
#9343 = CARTESIAN_POINT('',(10.9,-0.35,10.6));
#9344 = VECTOR('',#9345,1.);
#9345 = DIRECTION('',(1.,0.,0.));
#9346 = ORIENTED_EDGE('',*,*,#9347,.T.);
#9347 = EDGE_CURVE('',#9340,#9348,#9350,.T.);
#9348 = VERTEX_POINT('',#9349);
#9349 = CARTESIAN_POINT('',(13.6,9.45,10.6));
#9350 = LINE('',#9351,#9352);
#9351 = CARTESIAN_POINT('',(13.6,-0.35,10.6));
#9352 = VECTOR('',#9353,1.);
#9353 = DIRECTION('',(0.,1.,0.));
#9354 = ORIENTED_EDGE('',*,*,#9355,.F.);
#9355 = EDGE_CURVE('',#9356,#9348,#9358,.T.);
#9356 = VERTEX_POINT('',#9357);
#9357 = CARTESIAN_POINT('',(10.9,9.45,10.6));
#9358 = LINE('',#9359,#9360);
#9359 = CARTESIAN_POINT('',(10.9,9.45,10.6));
#9360 = VECTOR('',#9361,1.);
#9361 = DIRECTION('',(1.,0.,0.));
#9362 = ORIENTED_EDGE('',*,*,#9363,.F.);
#9363 = EDGE_CURVE('',#9338,#9356,#9364,.T.);
#9364 = LINE('',#9365,#9366);
#9365 = CARTESIAN_POINT('',(10.9,-0.35,10.6));
#9366 = VECTOR('',#9367,1.);
#9367 = DIRECTION('',(0.,1.,0.));
#9368 = PLANE('',#9369);
#9369 = AXIS2_PLACEMENT_3D('',#9370,#9371,#9372);
#9370 = CARTESIAN_POINT('',(10.9,-0.35,10.6));
#9371 = DIRECTION('',(0.,0.,1.));
#9372 = DIRECTION('',(0.,1.,0.));
#9373 = ADVANCED_FACE('',(#9374),#9399,.T.);
#9374 = FACE_BOUND('',#9375,.T.);
#9375 = EDGE_LOOP('',(#9376,#9386,#9392,#9393));
#9376 = ORIENTED_EDGE('',*,*,#9377,.T.);
#9377 = EDGE_CURVE('',#9378,#9380,#9382,.T.);
#9378 = VERTEX_POINT('',#9379);
#9379 = CARTESIAN_POINT('',(10.9,1.25,8.6));
#9380 = VERTEX_POINT('',#9381);
#9381 = CARTESIAN_POINT('',(13.6,1.25,8.6));
#9382 = LINE('',#9383,#9384);
#9383 = CARTESIAN_POINT('',(10.9,1.25,8.6));
#9384 = VECTOR('',#9385,1.);
#9385 = DIRECTION('',(1.,0.,0.));
#9386 = ORIENTED_EDGE('',*,*,#9387,.T.);
#9387 = EDGE_CURVE('',#9380,#9340,#9388,.T.);
#9388 = LINE('',#9389,#9390);
#9389 = CARTESIAN_POINT('',(13.6,1.25,8.6));
#9390 = VECTOR('',#9391,1.);
#9391 = DIRECTION('',(0.,-0.624695047554,0.780868809443));
#9392 = ORIENTED_EDGE('',*,*,#9337,.F.);
#9393 = ORIENTED_EDGE('',*,*,#9394,.F.);
#9394 = EDGE_CURVE('',#9378,#9338,#9395,.T.);
#9395 = LINE('',#9396,#9397);
#9396 = CARTESIAN_POINT('',(10.9,1.25,8.6));
#9397 = VECTOR('',#9398,1.);
#9398 = DIRECTION('',(0.,-0.624695047554,0.780868809443));
#9399 = PLANE('',#9400);
#9400 = AXIS2_PLACEMENT_3D('',#9401,#9402,#9403);
#9401 = CARTESIAN_POINT('',(10.9,1.25,8.6));
#9402 = DIRECTION('',(0.,-0.780868809443,-0.624695047554));
#9403 = DIRECTION('',(0.,-0.624695047554,0.780868809443));
#9404 = ADVANCED_FACE('',(#9405),#9430,.T.);
#9405 = FACE_BOUND('',#9406,.T.);
#9406 = EDGE_LOOP('',(#9407,#9415,#9416,#9424));
#9407 = ORIENTED_EDGE('',*,*,#9408,.F.);
#9408 = EDGE_CURVE('',#9356,#9409,#9411,.T.);
#9409 = VERTEX_POINT('',#9410);
#9410 = CARTESIAN_POINT('',(10.9,9.45,9.565923489271));
#9411 = LINE('',#9412,#9413);
#9412 = CARTESIAN_POINT('',(10.9,9.45,10.6));
#9413 = VECTOR('',#9414,1.);
#9414 = DIRECTION('',(0.,0.,-1.));
#9415 = ORIENTED_EDGE('',*,*,#9355,.T.);
#9416 = ORIENTED_EDGE('',*,*,#9417,.T.);
#9417 = EDGE_CURVE('',#9348,#9418,#9420,.T.);
#9418 = VERTEX_POINT('',#9419);
#9419 = CARTESIAN_POINT('',(13.6,9.45,9.565923489271));
#9420 = LINE('',#9421,#9422);
#9421 = CARTESIAN_POINT('',(13.6,9.45,10.6));
#9422 = VECTOR('',#9423,1.);
#9423 = DIRECTION('',(0.,0.,-1.));
#9424 = ORIENTED_EDGE('',*,*,#9425,.F.);
#9425 = EDGE_CURVE('',#9409,#9418,#9426,.T.);
#9426 = LINE('',#9427,#9428);
#9427 = CARTESIAN_POINT('',(10.9,9.45,9.565923489271));
#9428 = VECTOR('',#9429,1.);
#9429 = DIRECTION('',(1.,0.,0.));
#9430 = PLANE('',#9431);
#9431 = AXIS2_PLACEMENT_3D('',#9432,#9433,#9434);
#9432 = CARTESIAN_POINT('',(10.9,9.45,10.6));
#9433 = DIRECTION('',(-0.,1.,0.));
#9434 = DIRECTION('',(0.,0.,-1.));
#9435 = ADVANCED_FACE('',(#9436),#9461,.T.);
#9436 = FACE_BOUND('',#9437,.T.);
#9437 = EDGE_LOOP('',(#9438,#9448,#9454,#9455));
#9438 = ORIENTED_EDGE('',*,*,#9439,.T.);
#9439 = EDGE_CURVE('',#9440,#9442,#9444,.T.);
#9440 = VERTEX_POINT('',#9441);
#9441 = CARTESIAN_POINT('',(10.9,9.45,8.6));
#9442 = VERTEX_POINT('',#9443);
#9443 = CARTESIAN_POINT('',(13.6,9.45,8.6));
#9444 = LINE('',#9445,#9446);
#9445 = CARTESIAN_POINT('',(10.9,9.45,8.6));
#9446 = VECTOR('',#9447,1.);
#9447 = DIRECTION('',(1.,0.,0.));
#9448 = ORIENTED_EDGE('',*,*,#9449,.T.);
#9449 = EDGE_CURVE('',#9442,#9380,#9450,.T.);
#9450 = LINE('',#9451,#9452);
#9451 = CARTESIAN_POINT('',(13.6,9.45,8.6));
#9452 = VECTOR('',#9453,1.);
#9453 = DIRECTION('',(0.,-1.,0.));
#9454 = ORIENTED_EDGE('',*,*,#9377,.F.);
#9455 = ORIENTED_EDGE('',*,*,#9456,.F.);
#9456 = EDGE_CURVE('',#9440,#9378,#9457,.T.);
#9457 = LINE('',#9458,#9459);
#9458 = CARTESIAN_POINT('',(10.9,9.45,8.6));
#9459 = VECTOR('',#9460,1.);
#9460 = DIRECTION('',(0.,-1.,0.));
#9461 = PLANE('',#9462);
#9462 = AXIS2_PLACEMENT_3D('',#9463,#9464,#9465);
#9463 = CARTESIAN_POINT('',(10.9,9.45,8.6));
#9464 = DIRECTION('',(0.,0.,-1.));
#9465 = DIRECTION('',(0.,-1.,0.));
#9466 = ADVANCED_FACE('',(#9467),#9494,.T.);
#9467 = FACE_BOUND('',#9468,.T.);
#9468 = EDGE_LOOP('',(#9469,#9478,#9486,#9493));
#9469 = ORIENTED_EDGE('',*,*,#9470,.F.);
#9470 = EDGE_CURVE('',#9471,#9418,#9473,.T.);
#9471 = VERTEX_POINT('',#9472);
#9472 = CARTESIAN_POINT('',(13.6,9.45,8.834076510729));
#9473 = CIRCLE('',#9474,0.58);
#9474 = AXIS2_PLACEMENT_3D('',#9475,#9476,#9477);
#9475 = CARTESIAN_POINT('',(13.6,9.,9.2));
#9476 = DIRECTION('',(1.,0.,0.));
#9477 = DIRECTION('',(-0.,0.,1.));
#9478 = ORIENTED_EDGE('',*,*,#9479,.F.);
#9479 = EDGE_CURVE('',#9480,#9471,#9482,.T.);
#9480 = VERTEX_POINT('',#9481);
#9481 = CARTESIAN_POINT('',(10.9,9.45,8.834076510729));
#9482 = LINE('',#9483,#9484);
#9483 = CARTESIAN_POINT('',(10.9,9.45,8.834076510729));
#9484 = VECTOR('',#9485,1.);
#9485 = DIRECTION('',(1.,0.,0.));
#9486 = ORIENTED_EDGE('',*,*,#9487,.T.);
#9487 = EDGE_CURVE('',#9480,#9409,#9488,.T.);
#9488 = CIRCLE('',#9489,0.58);
#9489 = AXIS2_PLACEMENT_3D('',#9490,#9491,#9492);
#9490 = CARTESIAN_POINT('',(10.9,9.,9.2));
#9491 = DIRECTION('',(1.,0.,0.));
#9492 = DIRECTION('',(-0.,0.,1.));
#9493 = ORIENTED_EDGE('',*,*,#9425,.T.);
#9494 = CYLINDRICAL_SURFACE('',#9495,0.58);
#9495 = AXIS2_PLACEMENT_3D('',#9496,#9497,#9498);
#9496 = CARTESIAN_POINT('',(10.9,9.,9.2));
#9497 = DIRECTION('',(1.,0.,0.));
#9498 = DIRECTION('',(-0.,0.,1.));
#9499 = ADVANCED_FACE('',(#9500),#9516,.T.);
#9500 = FACE_BOUND('',#9501,.T.);
#9501 = EDGE_LOOP('',(#9502,#9508,#9509,#9515));
#9502 = ORIENTED_EDGE('',*,*,#9503,.F.);
#9503 = EDGE_CURVE('',#9480,#9440,#9504,.T.);
#9504 = LINE('',#9505,#9506);
#9505 = CARTESIAN_POINT('',(10.9,9.45,10.6));
#9506 = VECTOR('',#9507,1.);
#9507 = DIRECTION('',(0.,0.,-1.));
#9508 = ORIENTED_EDGE('',*,*,#9479,.T.);
#9509 = ORIENTED_EDGE('',*,*,#9510,.T.);
#9510 = EDGE_CURVE('',#9471,#9442,#9511,.T.);
#9511 = LINE('',#9512,#9513);
#9512 = CARTESIAN_POINT('',(13.6,9.45,10.6));
#9513 = VECTOR('',#9514,1.);
#9514 = DIRECTION('',(0.,0.,-1.));
#9515 = ORIENTED_EDGE('',*,*,#9439,.F.);
#9516 = PLANE('',#9517);
#9517 = AXIS2_PLACEMENT_3D('',#9518,#9519,#9520);
#9518 = CARTESIAN_POINT('',(10.9,9.45,10.6));
#9519 = DIRECTION('',(-0.,1.,0.));
#9520 = DIRECTION('',(0.,0.,-1.));
#9521 = ADVANCED_FACE('',(#9522),#9530,.T.);
#9522 = FACE_BOUND('',#9523,.T.);
#9523 = EDGE_LOOP('',(#9524,#9525,#9526,#9527,#9528,#9529));
#9524 = ORIENTED_EDGE('',*,*,#9394,.T.);
#9525 = ORIENTED_EDGE('',*,*,#9363,.T.);
#9526 = ORIENTED_EDGE('',*,*,#9408,.T.);
#9527 = ORIENTED_EDGE('',*,*,#9487,.F.);
#9528 = ORIENTED_EDGE('',*,*,#9503,.T.);
#9529 = ORIENTED_EDGE('',*,*,#9456,.T.);
#9530 = PLANE('',#9531);
#9531 = AXIS2_PLACEMENT_3D('',#9532,#9533,#9534);
#9532 = CARTESIAN_POINT('',(10.9,4.823284092834,9.669808456553));
#9533 = DIRECTION('',(-1.,-0.,-0.));
#9534 = DIRECTION('',(0.,0.,-1.));
#9535 = ADVANCED_FACE('',(#9536),#9544,.T.);
#9536 = FACE_BOUND('',#9537,.T.);
#9537 = EDGE_LOOP('',(#9538,#9539,#9540,#9541,#9542,#9543));
#9538 = ORIENTED_EDGE('',*,*,#9387,.F.);
#9539 = ORIENTED_EDGE('',*,*,#9449,.F.);
#9540 = ORIENTED_EDGE('',*,*,#9510,.F.);
#9541 = ORIENTED_EDGE('',*,*,#9470,.T.);
#9542 = ORIENTED_EDGE('',*,*,#9417,.F.);
#9543 = ORIENTED_EDGE('',*,*,#9347,.F.);
#9544 = PLANE('',#9545);
#9545 = AXIS2_PLACEMENT_3D('',#9546,#9547,#9548);
#9546 = CARTESIAN_POINT('',(13.6,4.823284092834,9.669808456553));
#9547 = DIRECTION('',(1.,0.,0.));
#9548 = DIRECTION('',(-0.,0.,1.));
#9549 = ( GEOMETRIC_REPRESENTATION_CONTEXT(3)
GLOBAL_UNCERTAINTY_ASSIGNED_CONTEXT((#9553))
GLOBAL_UNIT_ASSIGNED_CONTEXT((#9550,#9551,#9552)) REPRESENTATION_CONTEXT
('Context #1','3D Context with UNIT and UNCERTAINTY') );
#9550 = ( LENGTH_UNIT() NAMED_UNIT(*) SI_UNIT(.MILLI.,.METRE.) );
#9551 = ( NAMED_UNIT(*) PLANE_ANGLE_UNIT() SI_UNIT($,.RADIAN.) );
#9552 = ( NAMED_UNIT(*) SI_UNIT($,.STERADIAN.) SOLID_ANGLE_UNIT() );
#9553 = UNCERTAINTY_MEASURE_WITH_UNIT(LENGTH_MEASURE(1.E-07),#9550,
  'distance_accuracy_value','confusion accuracy');
#9554 = CONTEXT_DEPENDENT_SHAPE_REPRESENTATION(#9555,#9557);
#9555 = ( REPRESENTATION_RELATIONSHIP('','',#9330,#10)
REPRESENTATION_RELATIONSHIP_WITH_TRANSFORMATION(#9556)
SHAPE_REPRESENTATION_RELATIONSHIP() );
#9556 = ITEM_DEFINED_TRANSFORMATION('','',#11,#83);
#9557 = PRODUCT_DEFINITION_SHAPE('Placement','Placement of an item',
  #9558);
#9558 = NEXT_ASSEMBLY_USAGE_OCCURRENCE('18','Actuator P5','',#5,#9325,$
  );
#9559 = PRODUCT_RELATED_PRODUCT_CATEGORY('part',$,(#9327));
#9560 = SHAPE_DEFINITION_REPRESENTATION(#9561,#9567);
#9561 = PRODUCT_DEFINITION_SHAPE('','',#9562);
#9562 = PRODUCT_DEFINITION('design','',#9563,#9566);
#9563 = PRODUCT_DEFINITION_FORMATION('','',#9564);
#9564 = PRODUCT('Terminal Pin P5 A','Terminal Pin P5 A','',(#9565));
#9565 = PRODUCT_CONTEXT('',#2,'mechanical');
#9566 = PRODUCT_DEFINITION_CONTEXT('part definition',#2,'design');
#9567 = ADVANCED_BREP_SHAPE_REPRESENTATION('',(#11,#9568),#9718);
#9568 = MANIFOLD_SOLID_BREP('',#9569);
#9569 = CLOSED_SHELL('',(#9570,#9610,#9650,#9672,#9694,#9706));
#9570 = ADVANCED_FACE('',(#9571),#9605,.F.);
#9571 = FACE_BOUND('',#9572,.F.);
#9572 = EDGE_LOOP('',(#9573,#9583,#9591,#9599));
#9573 = ORIENTED_EDGE('',*,*,#9574,.F.);
#9574 = EDGE_CURVE('',#9575,#9577,#9579,.T.);
#9575 = VERTEX_POINT('',#9576);
#9576 = CARTESIAN_POINT('',(12.35,4.35,-3.5));
#9577 = VERTEX_POINT('',#9578);
#9578 = CARTESIAN_POINT('',(12.35,4.35,0.));
#9579 = LINE('',#9580,#9581);
#9580 = CARTESIAN_POINT('',(12.35,4.35,-3.5));
#9581 = VECTOR('',#9582,1.);
#9582 = DIRECTION('',(0.,0.,1.));
#9583 = ORIENTED_EDGE('',*,*,#9584,.T.);
#9584 = EDGE_CURVE('',#9575,#9585,#9587,.T.);
#9585 = VERTEX_POINT('',#9586);
#9586 = CARTESIAN_POINT('',(12.35,4.85,-3.5));
#9587 = LINE('',#9588,#9589);
#9588 = CARTESIAN_POINT('',(12.35,4.35,-3.5));
#9589 = VECTOR('',#9590,1.);
#9590 = DIRECTION('',(-0.,1.,0.));
#9591 = ORIENTED_EDGE('',*,*,#9592,.T.);
#9592 = EDGE_CURVE('',#9585,#9593,#9595,.T.);
#9593 = VERTEX_POINT('',#9594);
#9594 = CARTESIAN_POINT('',(12.35,4.85,0.));
#9595 = LINE('',#9596,#9597);
#9596 = CARTESIAN_POINT('',(12.35,4.85,-3.5));
#9597 = VECTOR('',#9598,1.);
#9598 = DIRECTION('',(0.,0.,1.));
#9599 = ORIENTED_EDGE('',*,*,#9600,.F.);
#9600 = EDGE_CURVE('',#9577,#9593,#9601,.T.);
#9601 = LINE('',#9602,#9603);
#9602 = CARTESIAN_POINT('',(12.35,4.35,0.));
#9603 = VECTOR('',#9604,1.);
#9604 = DIRECTION('',(-0.,1.,0.));
#9605 = PLANE('',#9606);
#9606 = AXIS2_PLACEMENT_3D('',#9607,#9608,#9609);
#9607 = CARTESIAN_POINT('',(12.35,4.35,-3.5));
#9608 = DIRECTION('',(1.,0.,-0.));
#9609 = DIRECTION('',(0.,0.,1.));
#9610 = ADVANCED_FACE('',(#9611),#9645,.T.);
#9611 = FACE_BOUND('',#9612,.T.);
#9612 = EDGE_LOOP('',(#9613,#9623,#9631,#9639));
#9613 = ORIENTED_EDGE('',*,*,#9614,.F.);
#9614 = EDGE_CURVE('',#9615,#9617,#9619,.T.);
#9615 = VERTEX_POINT('',#9616);
#9616 = CARTESIAN_POINT('',(13.15,4.35,-3.5));
#9617 = VERTEX_POINT('',#9618);
#9618 = CARTESIAN_POINT('',(13.15,4.35,0.));
#9619 = LINE('',#9620,#9621);
#9620 = CARTESIAN_POINT('',(13.15,4.35,-3.5));
#9621 = VECTOR('',#9622,1.);
#9622 = DIRECTION('',(0.,0.,1.));
#9623 = ORIENTED_EDGE('',*,*,#9624,.T.);
#9624 = EDGE_CURVE('',#9615,#9625,#9627,.T.);
#9625 = VERTEX_POINT('',#9626);
#9626 = CARTESIAN_POINT('',(13.15,4.85,-3.5));
#9627 = LINE('',#9628,#9629);
#9628 = CARTESIAN_POINT('',(13.15,4.35,-3.5));
#9629 = VECTOR('',#9630,1.);
#9630 = DIRECTION('',(-0.,1.,0.));
#9631 = ORIENTED_EDGE('',*,*,#9632,.T.);
#9632 = EDGE_CURVE('',#9625,#9633,#9635,.T.);
#9633 = VERTEX_POINT('',#9634);
#9634 = CARTESIAN_POINT('',(13.15,4.85,0.));
#9635 = LINE('',#9636,#9637);
#9636 = CARTESIAN_POINT('',(13.15,4.85,-3.5));
#9637 = VECTOR('',#9638,1.);
#9638 = DIRECTION('',(0.,0.,1.));
#9639 = ORIENTED_EDGE('',*,*,#9640,.F.);
#9640 = EDGE_CURVE('',#9617,#9633,#9641,.T.);
#9641 = LINE('',#9642,#9643);
#9642 = CARTESIAN_POINT('',(13.15,4.35,0.));
#9643 = VECTOR('',#9644,1.);
#9644 = DIRECTION('',(-0.,1.,0.));
#9645 = PLANE('',#9646);
#9646 = AXIS2_PLACEMENT_3D('',#9647,#9648,#9649);
#9647 = CARTESIAN_POINT('',(13.15,4.35,-3.5));
#9648 = DIRECTION('',(1.,0.,-0.));
#9649 = DIRECTION('',(0.,0.,1.));
#9650 = ADVANCED_FACE('',(#9651),#9667,.F.);
#9651 = FACE_BOUND('',#9652,.F.);
#9652 = EDGE_LOOP('',(#9653,#9659,#9660,#9666));
#9653 = ORIENTED_EDGE('',*,*,#9654,.F.);
#9654 = EDGE_CURVE('',#9575,#9615,#9655,.T.);
#9655 = LINE('',#9656,#9657);
#9656 = CARTESIAN_POINT('',(12.35,4.35,-3.5));
#9657 = VECTOR('',#9658,1.);
#9658 = DIRECTION('',(1.,0.,-0.));
#9659 = ORIENTED_EDGE('',*,*,#9574,.T.);
#9660 = ORIENTED_EDGE('',*,*,#9661,.T.);
#9661 = EDGE_CURVE('',#9577,#9617,#9662,.T.);
#9662 = LINE('',#9663,#9664);
#9663 = CARTESIAN_POINT('',(12.35,4.35,0.));
#9664 = VECTOR('',#9665,1.);
#9665 = DIRECTION('',(1.,0.,-0.));
#9666 = ORIENTED_EDGE('',*,*,#9614,.F.);
#9667 = PLANE('',#9668);
#9668 = AXIS2_PLACEMENT_3D('',#9669,#9670,#9671);
#9669 = CARTESIAN_POINT('',(12.35,4.35,-3.5));
#9670 = DIRECTION('',(-0.,1.,0.));
#9671 = DIRECTION('',(0.,0.,1.));
#9672 = ADVANCED_FACE('',(#9673),#9689,.T.);
#9673 = FACE_BOUND('',#9674,.T.);
#9674 = EDGE_LOOP('',(#9675,#9681,#9682,#9688));
#9675 = ORIENTED_EDGE('',*,*,#9676,.F.);
#9676 = EDGE_CURVE('',#9585,#9625,#9677,.T.);
#9677 = LINE('',#9678,#9679);
#9678 = CARTESIAN_POINT('',(12.35,4.85,-3.5));
#9679 = VECTOR('',#9680,1.);
#9680 = DIRECTION('',(1.,0.,-0.));
#9681 = ORIENTED_EDGE('',*,*,#9592,.T.);
#9682 = ORIENTED_EDGE('',*,*,#9683,.T.);
#9683 = EDGE_CURVE('',#9593,#9633,#9684,.T.);
#9684 = LINE('',#9685,#9686);
#9685 = CARTESIAN_POINT('',(12.35,4.85,0.));
#9686 = VECTOR('',#9687,1.);
#9687 = DIRECTION('',(1.,0.,-0.));
#9688 = ORIENTED_EDGE('',*,*,#9632,.F.);
#9689 = PLANE('',#9690);
#9690 = AXIS2_PLACEMENT_3D('',#9691,#9692,#9693);
#9691 = CARTESIAN_POINT('',(12.35,4.85,-3.5));
#9692 = DIRECTION('',(-0.,1.,0.));
#9693 = DIRECTION('',(0.,0.,1.));
#9694 = ADVANCED_FACE('',(#9695),#9701,.F.);
#9695 = FACE_BOUND('',#9696,.F.);
#9696 = EDGE_LOOP('',(#9697,#9698,#9699,#9700));
#9697 = ORIENTED_EDGE('',*,*,#9584,.F.);
#9698 = ORIENTED_EDGE('',*,*,#9654,.T.);
#9699 = ORIENTED_EDGE('',*,*,#9624,.T.);
#9700 = ORIENTED_EDGE('',*,*,#9676,.F.);
#9701 = PLANE('',#9702);
#9702 = AXIS2_PLACEMENT_3D('',#9703,#9704,#9705);
#9703 = CARTESIAN_POINT('',(12.35,4.35,-3.5));
#9704 = DIRECTION('',(0.,0.,1.));
#9705 = DIRECTION('',(1.,0.,-0.));
#9706 = ADVANCED_FACE('',(#9707),#9713,.T.);
#9707 = FACE_BOUND('',#9708,.T.);
#9708 = EDGE_LOOP('',(#9709,#9710,#9711,#9712));
#9709 = ORIENTED_EDGE('',*,*,#9600,.F.);
#9710 = ORIENTED_EDGE('',*,*,#9661,.T.);
#9711 = ORIENTED_EDGE('',*,*,#9640,.T.);
#9712 = ORIENTED_EDGE('',*,*,#9683,.F.);
#9713 = PLANE('',#9714);
#9714 = AXIS2_PLACEMENT_3D('',#9715,#9716,#9717);
#9715 = CARTESIAN_POINT('',(12.35,4.35,0.));
#9716 = DIRECTION('',(0.,0.,1.));
#9717 = DIRECTION('',(1.,0.,-0.));
#9718 = ( GEOMETRIC_REPRESENTATION_CONTEXT(3)
GLOBAL_UNCERTAINTY_ASSIGNED_CONTEXT((#9722))
GLOBAL_UNIT_ASSIGNED_CONTEXT((#9719,#9720,#9721)) REPRESENTATION_CONTEXT
('Context #1','3D Context with UNIT and UNCERTAINTY') );
#9719 = ( LENGTH_UNIT() NAMED_UNIT(*) SI_UNIT(.MILLI.,.METRE.) );
#9720 = ( NAMED_UNIT(*) PLANE_ANGLE_UNIT() SI_UNIT($,.RADIAN.) );
#9721 = ( NAMED_UNIT(*) SI_UNIT($,.STERADIAN.) SOLID_ANGLE_UNIT() );
#9722 = UNCERTAINTY_MEASURE_WITH_UNIT(LENGTH_MEASURE(1.E-07),#9719,
  'distance_accuracy_value','confusion accuracy');
#9723 = CONTEXT_DEPENDENT_SHAPE_REPRESENTATION(#9724,#9726);
#9724 = ( REPRESENTATION_RELATIONSHIP('','',#9567,#10)
REPRESENTATION_RELATIONSHIP_WITH_TRANSFORMATION(#9725)
SHAPE_REPRESENTATION_RELATIONSHIP() );
#9725 = ITEM_DEFINED_TRANSFORMATION('','',#11,#87);
#9726 = PRODUCT_DEFINITION_SHAPE('Placement','Placement of an item',
  #9727);
#9727 = NEXT_ASSEMBLY_USAGE_OCCURRENCE('19','Terminal Pin P5 A','',#5,
  #9562,$);
#9728 = PRODUCT_RELATED_PRODUCT_CATEGORY('part',$,(#9564));
#9729 = SHAPE_DEFINITION_REPRESENTATION(#9730,#9736);
#9730 = PRODUCT_DEFINITION_SHAPE('','',#9731);
#9731 = PRODUCT_DEFINITION('design','',#9732,#9735);
#9732 = PRODUCT_DEFINITION_FORMATION('','',#9733);
#9733 = PRODUCT('Terminal Pin P5 B','Terminal Pin P5 B','',(#9734));
#9734 = PRODUCT_CONTEXT('',#2,'mechanical');
#9735 = PRODUCT_DEFINITION_CONTEXT('part definition',#2,'design');
#9736 = ADVANCED_BREP_SHAPE_REPRESENTATION('',(#11,#9737),#9887);
#9737 = MANIFOLD_SOLID_BREP('',#9738);
#9738 = CLOSED_SHELL('',(#9739,#9779,#9819,#9841,#9863,#9875));
#9739 = ADVANCED_FACE('',(#9740),#9774,.F.);
#9740 = FACE_BOUND('',#9741,.F.);
#9741 = EDGE_LOOP('',(#9742,#9752,#9760,#9768));
#9742 = ORIENTED_EDGE('',*,*,#9743,.F.);
#9743 = EDGE_CURVE('',#9744,#9746,#9748,.T.);
#9744 = VERTEX_POINT('',#9745);
#9745 = CARTESIAN_POINT('',(12.35,9.35,-3.5));
#9746 = VERTEX_POINT('',#9747);
#9747 = CARTESIAN_POINT('',(12.35,9.35,0.));
#9748 = LINE('',#9749,#9750);
#9749 = CARTESIAN_POINT('',(12.35,9.35,-3.5));
#9750 = VECTOR('',#9751,1.);
#9751 = DIRECTION('',(0.,0.,1.));
#9752 = ORIENTED_EDGE('',*,*,#9753,.T.);
#9753 = EDGE_CURVE('',#9744,#9754,#9756,.T.);
#9754 = VERTEX_POINT('',#9755);
#9755 = CARTESIAN_POINT('',(12.35,9.85,-3.5));
#9756 = LINE('',#9757,#9758);
#9757 = CARTESIAN_POINT('',(12.35,9.35,-3.5));
#9758 = VECTOR('',#9759,1.);
#9759 = DIRECTION('',(-0.,1.,0.));
#9760 = ORIENTED_EDGE('',*,*,#9761,.T.);
#9761 = EDGE_CURVE('',#9754,#9762,#9764,.T.);
#9762 = VERTEX_POINT('',#9763);
#9763 = CARTESIAN_POINT('',(12.35,9.85,0.));
#9764 = LINE('',#9765,#9766);
#9765 = CARTESIAN_POINT('',(12.35,9.85,-3.5));
#9766 = VECTOR('',#9767,1.);
#9767 = DIRECTION('',(0.,0.,1.));
#9768 = ORIENTED_EDGE('',*,*,#9769,.F.);
#9769 = EDGE_CURVE('',#9746,#9762,#9770,.T.);
#9770 = LINE('',#9771,#9772);
#9771 = CARTESIAN_POINT('',(12.35,9.35,0.));
#9772 = VECTOR('',#9773,1.);
#9773 = DIRECTION('',(-0.,1.,0.));
#9774 = PLANE('',#9775);
#9775 = AXIS2_PLACEMENT_3D('',#9776,#9777,#9778);
#9776 = CARTESIAN_POINT('',(12.35,9.35,-3.5));
#9777 = DIRECTION('',(1.,0.,-0.));
#9778 = DIRECTION('',(0.,0.,1.));
#9779 = ADVANCED_FACE('',(#9780),#9814,.T.);
#9780 = FACE_BOUND('',#9781,.T.);
#9781 = EDGE_LOOP('',(#9782,#9792,#9800,#9808));
#9782 = ORIENTED_EDGE('',*,*,#9783,.F.);
#9783 = EDGE_CURVE('',#9784,#9786,#9788,.T.);
#9784 = VERTEX_POINT('',#9785);
#9785 = CARTESIAN_POINT('',(13.15,9.35,-3.5));
#9786 = VERTEX_POINT('',#9787);
#9787 = CARTESIAN_POINT('',(13.15,9.35,0.));
#9788 = LINE('',#9789,#9790);
#9789 = CARTESIAN_POINT('',(13.15,9.35,-3.5));
#9790 = VECTOR('',#9791,1.);
#9791 = DIRECTION('',(0.,0.,1.));
#9792 = ORIENTED_EDGE('',*,*,#9793,.T.);
#9793 = EDGE_CURVE('',#9784,#9794,#9796,.T.);
#9794 = VERTEX_POINT('',#9795);
#9795 = CARTESIAN_POINT('',(13.15,9.85,-3.5));
#9796 = LINE('',#9797,#9798);
#9797 = CARTESIAN_POINT('',(13.15,9.35,-3.5));
#9798 = VECTOR('',#9799,1.);
#9799 = DIRECTION('',(-0.,1.,0.));
#9800 = ORIENTED_EDGE('',*,*,#9801,.T.);
#9801 = EDGE_CURVE('',#9794,#9802,#9804,.T.);
#9802 = VERTEX_POINT('',#9803);
#9803 = CARTESIAN_POINT('',(13.15,9.85,0.));
#9804 = LINE('',#9805,#9806);
#9805 = CARTESIAN_POINT('',(13.15,9.85,-3.5));
#9806 = VECTOR('',#9807,1.);
#9807 = DIRECTION('',(0.,0.,1.));
#9808 = ORIENTED_EDGE('',*,*,#9809,.F.);
#9809 = EDGE_CURVE('',#9786,#9802,#9810,.T.);
#9810 = LINE('',#9811,#9812);
#9811 = CARTESIAN_POINT('',(13.15,9.35,0.));
#9812 = VECTOR('',#9813,1.);
#9813 = DIRECTION('',(-0.,1.,0.));
#9814 = PLANE('',#9815);
#9815 = AXIS2_PLACEMENT_3D('',#9816,#9817,#9818);
#9816 = CARTESIAN_POINT('',(13.15,9.35,-3.5));
#9817 = DIRECTION('',(1.,0.,-0.));
#9818 = DIRECTION('',(0.,0.,1.));
#9819 = ADVANCED_FACE('',(#9820),#9836,.F.);
#9820 = FACE_BOUND('',#9821,.F.);
#9821 = EDGE_LOOP('',(#9822,#9828,#9829,#9835));
#9822 = ORIENTED_EDGE('',*,*,#9823,.F.);
#9823 = EDGE_CURVE('',#9744,#9784,#9824,.T.);
#9824 = LINE('',#9825,#9826);
#9825 = CARTESIAN_POINT('',(12.35,9.35,-3.5));
#9826 = VECTOR('',#9827,1.);
#9827 = DIRECTION('',(1.,0.,-0.));
#9828 = ORIENTED_EDGE('',*,*,#9743,.T.);
#9829 = ORIENTED_EDGE('',*,*,#9830,.T.);
#9830 = EDGE_CURVE('',#9746,#9786,#9831,.T.);
#9831 = LINE('',#9832,#9833);
#9832 = CARTESIAN_POINT('',(12.35,9.35,0.));
#9833 = VECTOR('',#9834,1.);
#9834 = DIRECTION('',(1.,0.,-0.));
#9835 = ORIENTED_EDGE('',*,*,#9783,.F.);
#9836 = PLANE('',#9837);
#9837 = AXIS2_PLACEMENT_3D('',#9838,#9839,#9840);
#9838 = CARTESIAN_POINT('',(12.35,9.35,-3.5));
#9839 = DIRECTION('',(-0.,1.,0.));
#9840 = DIRECTION('',(0.,0.,1.));
#9841 = ADVANCED_FACE('',(#9842),#9858,.T.);
#9842 = FACE_BOUND('',#9843,.T.);
#9843 = EDGE_LOOP('',(#9844,#9850,#9851,#9857));
#9844 = ORIENTED_EDGE('',*,*,#9845,.F.);
#9845 = EDGE_CURVE('',#9754,#9794,#9846,.T.);
#9846 = LINE('',#9847,#9848);
#9847 = CARTESIAN_POINT('',(12.35,9.85,-3.5));
#9848 = VECTOR('',#9849,1.);
#9849 = DIRECTION('',(1.,0.,-0.));
#9850 = ORIENTED_EDGE('',*,*,#9761,.T.);
#9851 = ORIENTED_EDGE('',*,*,#9852,.T.);
#9852 = EDGE_CURVE('',#9762,#9802,#9853,.T.);
#9853 = LINE('',#9854,#9855);
#9854 = CARTESIAN_POINT('',(12.35,9.85,0.));
#9855 = VECTOR('',#9856,1.);
#9856 = DIRECTION('',(1.,0.,-0.));
#9857 = ORIENTED_EDGE('',*,*,#9801,.F.);
#9858 = PLANE('',#9859);
#9859 = AXIS2_PLACEMENT_3D('',#9860,#9861,#9862);
#9860 = CARTESIAN_POINT('',(12.35,9.85,-3.5));
#9861 = DIRECTION('',(-0.,1.,0.));
#9862 = DIRECTION('',(0.,0.,1.));
#9863 = ADVANCED_FACE('',(#9864),#9870,.F.);
#9864 = FACE_BOUND('',#9865,.F.);
#9865 = EDGE_LOOP('',(#9866,#9867,#9868,#9869));
#9866 = ORIENTED_EDGE('',*,*,#9753,.F.);
#9867 = ORIENTED_EDGE('',*,*,#9823,.T.);
#9868 = ORIENTED_EDGE('',*,*,#9793,.T.);
#9869 = ORIENTED_EDGE('',*,*,#9845,.F.);
#9870 = PLANE('',#9871);
#9871 = AXIS2_PLACEMENT_3D('',#9872,#9873,#9874);
#9872 = CARTESIAN_POINT('',(12.35,9.35,-3.5));
#9873 = DIRECTION('',(0.,0.,1.));
#9874 = DIRECTION('',(1.,0.,-0.));
#9875 = ADVANCED_FACE('',(#9876),#9882,.T.);
#9876 = FACE_BOUND('',#9877,.T.);
#9877 = EDGE_LOOP('',(#9878,#9879,#9880,#9881));
#9878 = ORIENTED_EDGE('',*,*,#9769,.F.);
#9879 = ORIENTED_EDGE('',*,*,#9830,.T.);
#9880 = ORIENTED_EDGE('',*,*,#9809,.T.);
#9881 = ORIENTED_EDGE('',*,*,#9852,.F.);
#9882 = PLANE('',#9883);
#9883 = AXIS2_PLACEMENT_3D('',#9884,#9885,#9886);
#9884 = CARTESIAN_POINT('',(12.35,9.35,0.));
#9885 = DIRECTION('',(0.,0.,1.));
#9886 = DIRECTION('',(1.,0.,-0.));
#9887 = ( GEOMETRIC_REPRESENTATION_CONTEXT(3)
GLOBAL_UNCERTAINTY_ASSIGNED_CONTEXT((#9891))
GLOBAL_UNIT_ASSIGNED_CONTEXT((#9888,#9889,#9890)) REPRESENTATION_CONTEXT
('Context #1','3D Context with UNIT and UNCERTAINTY') );
#9888 = ( LENGTH_UNIT() NAMED_UNIT(*) SI_UNIT(.MILLI.,.METRE.) );
#9889 = ( NAMED_UNIT(*) PLANE_ANGLE_UNIT() SI_UNIT($,.RADIAN.) );
#9890 = ( NAMED_UNIT(*) SI_UNIT($,.STERADIAN.) SOLID_ANGLE_UNIT() );
#9891 = UNCERTAINTY_MEASURE_WITH_UNIT(LENGTH_MEASURE(1.E-07),#9888,
  'distance_accuracy_value','confusion accuracy');
#9892 = CONTEXT_DEPENDENT_SHAPE_REPRESENTATION(#9893,#9895);
#9893 = ( REPRESENTATION_RELATIONSHIP('','',#9736,#10)
REPRESENTATION_RELATIONSHIP_WITH_TRANSFORMATION(#9894)
SHAPE_REPRESENTATION_RELATIONSHIP() );
#9894 = ITEM_DEFINED_TRANSFORMATION('','',#11,#91);
#9895 = PRODUCT_DEFINITION_SHAPE('Placement','Placement of an item',
  #9896);
#9896 = NEXT_ASSEMBLY_USAGE_OCCURRENCE('20','Terminal Pin P5 B','',#5,
  #9731,$);
#9897 = PRODUCT_RELATED_PRODUCT_CATEGORY('part',$,(#9733));
#9898 = SHAPE_DEFINITION_REPRESENTATION(#9899,#9905);
#9899 = PRODUCT_DEFINITION_SHAPE('','',#9900);
#9900 = PRODUCT_DEFINITION('design','',#9901,#9904);
#9901 = PRODUCT_DEFINITION_FORMATION('','',#9902);
#9902 = PRODUCT('Housing P6','Housing P6','',(#9903));
#9903 = PRODUCT_CONTEXT('',#2,'mechanical');
#9904 = PRODUCT_DEFINITION_CONTEXT('part definition',#2,'design');
#9905 = ADVANCED_BREP_SHAPE_REPRESENTATION('',(#11,#9906),#11261);
#9906 = MANIFOLD_SOLID_BREP('',#9907);
#9907 = CLOSED_SHELL('',(#9908,#9956,#9989,#10080,#10105,#10138,#10171,
    #10272,#10289,#10314,#10346,#10371,#10411,#10443,#10467,#10492,
    #10509,#10526,#10557,#10588,#10606,#10637,#10662,#10693,#10717,
    #10748,#10765,#10789,#10807,#10824,#10836,#10853,#10865,#10883,
    #10894,#10943,#10974,#11005,#11038,#11069,#11109,#11140,#11156,
    #11202,#11233,#11247));
#9908 = ADVANCED_FACE('',(#9909),#9951,.F.);
#9909 = FACE_BOUND('',#9910,.F.);
#9910 = EDGE_LOOP('',(#9911,#9921,#9929,#9937,#9945));
#9911 = ORIENTED_EDGE('',*,*,#9912,.F.);
#9912 = EDGE_CURVE('',#9913,#9915,#9917,.T.);
#9913 = VERTEX_POINT('',#9914);
#9914 = CARTESIAN_POINT('',(7.,0.3,0.3));
#9915 = VERTEX_POINT('',#9916);
#9916 = CARTESIAN_POINT('',(7.,0.3,9.086363636364));
#9917 = LINE('',#9918,#9919);
#9918 = CARTESIAN_POINT('',(7.,0.3,0.));
#9919 = VECTOR('',#9920,1.);
#9920 = DIRECTION('',(0.,0.,1.));
#9921 = ORIENTED_EDGE('',*,*,#9922,.T.);
#9922 = EDGE_CURVE('',#9913,#9923,#9925,.T.);
#9923 = VERTEX_POINT('',#9924);
#9924 = CARTESIAN_POINT('',(7.,12.2,0.3));
#9925 = LINE('',#9926,#9927);
#9926 = CARTESIAN_POINT('',(7.,0.,0.3));
#9927 = VECTOR('',#9928,1.);
#9928 = DIRECTION('',(-0.,1.,0.));
#9929 = ORIENTED_EDGE('',*,*,#9930,.T.);
#9930 = EDGE_CURVE('',#9923,#9931,#9933,.T.);
#9931 = VERTEX_POINT('',#9932);
#9932 = CARTESIAN_POINT('',(7.,12.2,10.3));
#9933 = LINE('',#9934,#9935);
#9934 = CARTESIAN_POINT('',(7.,12.2,0.));
#9935 = VECTOR('',#9936,1.);
#9936 = DIRECTION('',(0.,0.,1.));
#9937 = ORIENTED_EDGE('',*,*,#9938,.F.);
#9938 = EDGE_CURVE('',#9939,#9931,#9941,.T.);
#9939 = VERTEX_POINT('',#9940);
#9940 = CARTESIAN_POINT('',(7.,1.743243243243,10.3));
#9941 = LINE('',#9942,#9943);
#9942 = CARTESIAN_POINT('',(7.,0.,10.3));
#9943 = VECTOR('',#9944,1.);
#9944 = DIRECTION('',(-0.,1.,0.));
#9945 = ORIENTED_EDGE('',*,*,#9946,.F.);
#9946 = EDGE_CURVE('',#9915,#9939,#9947,.T.);
#9947 = LINE('',#9948,#9949);
#9948 = CARTESIAN_POINT('',(7.,-1.125779122542,7.88741301059));
#9949 = VECTOR('',#9950,1.);
#9950 = DIRECTION('',(0.,0.765362085905,0.643599935875));
#9951 = PLANE('',#9952);
#9952 = AXIS2_PLACEMENT_3D('',#9953,#9954,#9955);
#9953 = CARTESIAN_POINT('',(7.,0.,0.));
#9954 = DIRECTION('',(1.,0.,-0.));
#9955 = DIRECTION('',(0.,0.,1.));
#9956 = ADVANCED_FACE('',(#9957),#9984,.T.);
#9957 = FACE_BOUND('',#9958,.T.);
#9958 = EDGE_LOOP('',(#9959,#9960,#9969,#9977));
#9959 = ORIENTED_EDGE('',*,*,#9912,.F.);
#9960 = ORIENTED_EDGE('',*,*,#9961,.T.);
#9961 = EDGE_CURVE('',#9913,#9962,#9964,.T.);
#9962 = VERTEX_POINT('',#9963);
#9963 = CARTESIAN_POINT('',(7.3,-5.551115123126E-17,0.3));
#9964 = CIRCLE('',#9965,0.3);
#9965 = AXIS2_PLACEMENT_3D('',#9966,#9967,#9968);
#9966 = CARTESIAN_POINT('',(7.3,0.3,0.3));
#9967 = DIRECTION('',(0.,0.,1.));
#9968 = DIRECTION('',(-1.,0.,0.));
#9969 = ORIENTED_EDGE('',*,*,#9970,.T.);
#9970 = EDGE_CURVE('',#9962,#9971,#9973,.T.);
#9971 = VERTEX_POINT('',#9972);
#9972 = CARTESIAN_POINT('',(7.3,-5.551115123126E-17,8.834090909091));
#9973 = LINE('',#9974,#9975);
#9974 = CARTESIAN_POINT('',(7.3,-5.551115123126E-17,0.));
#9975 = VECTOR('',#9976,1.);
#9976 = DIRECTION('',(0.,0.,1.));
#9977 = ORIENTED_EDGE('',*,*,#9978,.T.);
#9978 = EDGE_CURVE('',#9971,#9915,#9979,.T.);
#9979 = ELLIPSE('',#9980,0.391971336867,0.3);
#9980 = AXIS2_PLACEMENT_3D('',#9981,#9982,#9983);
#9981 = CARTESIAN_POINT('',(7.3,0.3,9.086363636364));
#9982 = DIRECTION('',(0.,0.643599935875,-0.765362085905));
#9983 = DIRECTION('',(0.,0.765362085905,0.643599935875));
#9984 = CYLINDRICAL_SURFACE('',#9985,0.3);
#9985 = AXIS2_PLACEMENT_3D('',#9986,#9987,#9988);
#9986 = CARTESIAN_POINT('',(7.3,0.3,0.));
#9987 = DIRECTION('',(0.,0.,1.));
#9988 = DIRECTION('',(-1.,-0.,0.));
#9989 = ADVANCED_FACE('',(#9990),#10075,.F.);
#9990 = FACE_BOUND('',#9991,.F.);
#9991 = EDGE_LOOP('',(#9992,#10001,#10009,#10017,#10025,#10033,#10041,
    #10050,#10058,#10067,#10073,#10074));
#9992 = ORIENTED_EDGE('',*,*,#9993,.T.);
#9993 = EDGE_CURVE('',#9939,#9994,#9996,.T.);
#9994 = VERTEX_POINT('',#9995);
#9995 = CARTESIAN_POINT('',(7.3,2.1,10.6));
#9996 = ELLIPSE('',#9997,0.466128076275,0.3);
#9997 = AXIS2_PLACEMENT_3D('',#9998,#9999,#10000);
#9998 = CARTESIAN_POINT('',(7.3,1.743243243243,10.3));
#9999 = DIRECTION('',(0.,0.643599935875,-0.765362085905));
#10000 = DIRECTION('',(0.,0.765362085905,0.643599935875));
#10001 = ORIENTED_EDGE('',*,*,#10002,.T.);
#10002 = EDGE_CURVE('',#9994,#10003,#10005,.T.);
#10003 = VERTEX_POINT('',#10004);
#10004 = CARTESIAN_POINT('',(7.34,2.1,10.6));
#10005 = LINE('',#10006,#10007);
#10006 = CARTESIAN_POINT('',(6.9,2.1,10.6));
#10007 = VECTOR('',#10008,1.);
#10008 = DIRECTION('',(1.,0.,0.));
#10009 = ORIENTED_EDGE('',*,*,#10010,.T.);
#10010 = EDGE_CURVE('',#10003,#10011,#10013,.T.);
#10011 = VERTEX_POINT('',#10012);
#10012 = CARTESIAN_POINT('',(7.34,0.589585439838,9.329878665319));
#10013 = LINE('',#10014,#10015);
#10014 = CARTESIAN_POINT('',(7.34,2.697145719937,11.102145264493));
#10015 = VECTOR('',#10016,1.);
#10016 = DIRECTION('',(0.,-0.765362085905,-0.643599935875));
#10017 = ORIENTED_EDGE('',*,*,#10018,.T.);
#10018 = EDGE_CURVE('',#10011,#10019,#10021,.T.);
#10019 = VERTEX_POINT('',#10020);
#10020 = CARTESIAN_POINT('',(10.16,0.589585439838,9.329878665319));
#10021 = LINE('',#10022,#10023);
#10022 = CARTESIAN_POINT('',(7.12,0.589585439838,9.329878665319));
#10023 = VECTOR('',#10024,1.);
#10024 = DIRECTION('',(1.,0.,0.));
#10025 = ORIENTED_EDGE('',*,*,#10026,.F.);
#10026 = EDGE_CURVE('',#10027,#10019,#10029,.T.);
#10027 = VERTEX_POINT('',#10028);
#10028 = CARTESIAN_POINT('',(10.16,2.1,10.6));
#10029 = LINE('',#10030,#10031);
#10030 = CARTESIAN_POINT('',(10.16,2.697145719937,11.102145264493));
#10031 = VECTOR('',#10032,1.);
#10032 = DIRECTION('',(0.,-0.765362085905,-0.643599935875));
#10033 = ORIENTED_EDGE('',*,*,#10034,.T.);
#10034 = EDGE_CURVE('',#10027,#10035,#10037,.T.);
#10035 = VERTEX_POINT('',#10036);
#10036 = CARTESIAN_POINT('',(10.2,2.1,10.6));
#10037 = LINE('',#10038,#10039);
#10038 = CARTESIAN_POINT('',(6.9,2.1,10.6));
#10039 = VECTOR('',#10040,1.);
#10040 = DIRECTION('',(1.,0.,0.));
#10041 = ORIENTED_EDGE('',*,*,#10042,.T.);
#10042 = EDGE_CURVE('',#10035,#10043,#10045,.T.);
#10043 = VERTEX_POINT('',#10044);
#10044 = CARTESIAN_POINT('',(10.5,1.743243243243,10.3));
#10045 = ELLIPSE('',#10046,0.466128076275,0.3);
#10046 = AXIS2_PLACEMENT_3D('',#10047,#10048,#10049);
#10047 = CARTESIAN_POINT('',(10.2,1.743243243243,10.3));
#10048 = DIRECTION('',(0.,0.643599935875,-0.765362085905));
#10049 = DIRECTION('',(0.,0.765362085905,0.643599935875));
#10050 = ORIENTED_EDGE('',*,*,#10051,.F.);
#10051 = EDGE_CURVE('',#10052,#10043,#10054,.T.);
#10052 = VERTEX_POINT('',#10053);
#10053 = CARTESIAN_POINT('',(10.5,0.3,9.086363636364));
#10054 = LINE('',#10055,#10056);
#10055 = CARTESIAN_POINT('',(10.5,-1.125779122542,7.88741301059));
#10056 = VECTOR('',#10057,1.);
#10057 = DIRECTION('',(0.,0.765362085905,0.643599935875));
#10058 = ORIENTED_EDGE('',*,*,#10059,.T.);
#10059 = EDGE_CURVE('',#10052,#10060,#10062,.T.);
#10060 = VERTEX_POINT('',#10061);
#10061 = CARTESIAN_POINT('',(10.2,-5.551115123126E-17,8.834090909091));
#10062 = ELLIPSE('',#10063,0.391971336867,0.3);
#10063 = AXIS2_PLACEMENT_3D('',#10064,#10065,#10066);
#10064 = CARTESIAN_POINT('',(10.2,0.3,9.086363636364));
#10065 = DIRECTION('',(0.,0.643599935875,-0.765362085905));
#10066 = DIRECTION('',(0.,0.765362085905,0.643599935875));
#10067 = ORIENTED_EDGE('',*,*,#10068,.T.);
#10068 = EDGE_CURVE('',#10060,#9971,#10069,.T.);
#10069 = LINE('',#10070,#10071);
#10070 = CARTESIAN_POINT('',(6.95,2.22044604925E-16,8.834090909091));
#10071 = VECTOR('',#10072,1.);
#10072 = DIRECTION('',(-1.,0.,-0.));
#10073 = ORIENTED_EDGE('',*,*,#9978,.T.);
#10074 = ORIENTED_EDGE('',*,*,#9946,.T.);
#10075 = PLANE('',#10076);
#10076 = AXIS2_PLACEMENT_3D('',#10077,#10078,#10079);
#10077 = CARTESIAN_POINT('',(6.9,2.1,10.6));
#10078 = DIRECTION('',(0.,0.643599935875,-0.765362085905));
#10079 = DIRECTION('',(0.,-0.765362085905,-0.643599935875));
#10080 = ADVANCED_FACE('',(#10081),#10100,.T.);
#10081 = FACE_BOUND('',#10082,.T.);
#10082 = EDGE_LOOP('',(#10083,#10084,#10092,#10099));
#10083 = ORIENTED_EDGE('',*,*,#9993,.T.);
#10084 = ORIENTED_EDGE('',*,*,#10085,.T.);
#10085 = EDGE_CURVE('',#9994,#10086,#10088,.T.);
#10086 = VERTEX_POINT('',#10087);
#10087 = CARTESIAN_POINT('',(7.3,12.2,10.6));
#10088 = LINE('',#10089,#10090);
#10089 = CARTESIAN_POINT('',(7.3,0.,10.6));
#10090 = VECTOR('',#10091,1.);
#10091 = DIRECTION('',(-0.,1.,0.));
#10092 = ORIENTED_EDGE('',*,*,#10093,.F.);
#10093 = EDGE_CURVE('',#9931,#10086,#10094,.T.);
#10094 = CIRCLE('',#10095,0.3);
#10095 = AXIS2_PLACEMENT_3D('',#10096,#10097,#10098);
#10096 = CARTESIAN_POINT('',(7.3,12.2,10.3));
#10097 = DIRECTION('',(-0.,1.,0.));
#10098 = DIRECTION('',(-1.,-0.,0.));
#10099 = ORIENTED_EDGE('',*,*,#9938,.F.);
#10100 = CYLINDRICAL_SURFACE('',#10101,0.3);
#10101 = AXIS2_PLACEMENT_3D('',#10102,#10103,#10104);
#10102 = CARTESIAN_POINT('',(7.3,0.,10.3));
#10103 = DIRECTION('',(-0.,1.,0.));
#10104 = DIRECTION('',(-1.,-0.,0.));
#10105 = ADVANCED_FACE('',(#10106),#10133,.T.);
#10106 = FACE_BOUND('',#10107,.F.);
#10107 = EDGE_LOOP('',(#10108,#10109,#10118,#10126));
#10108 = ORIENTED_EDGE('',*,*,#9930,.F.);
#10109 = ORIENTED_EDGE('',*,*,#10110,.T.);
#10110 = EDGE_CURVE('',#9923,#10111,#10113,.T.);
#10111 = VERTEX_POINT('',#10112);
#10112 = CARTESIAN_POINT('',(7.3,12.5,0.3));
#10113 = CIRCLE('',#10114,0.3);
#10114 = AXIS2_PLACEMENT_3D('',#10115,#10116,#10117);
#10115 = CARTESIAN_POINT('',(7.3,12.2,0.3));
#10116 = DIRECTION('',(-0.,0.,-1.));
#10117 = DIRECTION('',(-1.,0.,0.));
#10118 = ORIENTED_EDGE('',*,*,#10119,.T.);
#10119 = EDGE_CURVE('',#10111,#10120,#10122,.T.);
#10120 = VERTEX_POINT('',#10121);
#10121 = CARTESIAN_POINT('',(7.3,12.5,10.3));
#10122 = LINE('',#10123,#10124);
#10123 = CARTESIAN_POINT('',(7.3,12.5,0.));
#10124 = VECTOR('',#10125,1.);
#10125 = DIRECTION('',(0.,0.,1.));
#10126 = ORIENTED_EDGE('',*,*,#10127,.T.);
#10127 = EDGE_CURVE('',#10120,#9931,#10128,.T.);
#10128 = CIRCLE('',#10129,0.3);
#10129 = AXIS2_PLACEMENT_3D('',#10130,#10131,#10132);
#10130 = CARTESIAN_POINT('',(7.3,12.2,10.3));
#10131 = DIRECTION('',(0.,0.,1.));
#10132 = DIRECTION('',(-1.,-0.,0.));
#10133 = CYLINDRICAL_SURFACE('',#10134,0.3);
#10134 = AXIS2_PLACEMENT_3D('',#10135,#10136,#10137);
#10135 = CARTESIAN_POINT('',(7.3,12.2,0.));
#10136 = DIRECTION('',(0.,0.,1.));
#10137 = DIRECTION('',(-1.,-0.,0.));
#10138 = ADVANCED_FACE('',(#10139),#10166,.T.);
#10139 = FACE_BOUND('',#10140,.F.);
#10140 = EDGE_LOOP('',(#10141,#10150,#10158,#10165));
#10141 = ORIENTED_EDGE('',*,*,#10142,.F.);
#10142 = EDGE_CURVE('',#10143,#9913,#10145,.T.);
#10143 = VERTEX_POINT('',#10144);
#10144 = CARTESIAN_POINT('',(7.3,0.3,0.));
#10145 = CIRCLE('',#10146,0.3);
#10146 = AXIS2_PLACEMENT_3D('',#10147,#10148,#10149);
#10147 = CARTESIAN_POINT('',(7.3,0.3,0.3));
#10148 = DIRECTION('',(0.,1.,-0.));
#10149 = DIRECTION('',(-1.,0.,0.));
#10150 = ORIENTED_EDGE('',*,*,#10151,.T.);
#10151 = EDGE_CURVE('',#10143,#10152,#10154,.T.);
#10152 = VERTEX_POINT('',#10153);
#10153 = CARTESIAN_POINT('',(7.3,12.2,0.));
#10154 = LINE('',#10155,#10156);
#10155 = CARTESIAN_POINT('',(7.3,0.,-5.551115123126E-17));
#10156 = VECTOR('',#10157,1.);
#10157 = DIRECTION('',(-0.,1.,0.));
#10158 = ORIENTED_EDGE('',*,*,#10159,.T.);
#10159 = EDGE_CURVE('',#10152,#9923,#10160,.T.);
#10160 = CIRCLE('',#10161,0.3);
#10161 = AXIS2_PLACEMENT_3D('',#10162,#10163,#10164);
#10162 = CARTESIAN_POINT('',(7.3,12.2,0.3));
#10163 = DIRECTION('',(0.,1.,-0.));
#10164 = DIRECTION('',(-1.,0.,0.));
#10165 = ORIENTED_EDGE('',*,*,#9922,.F.);
#10166 = CYLINDRICAL_SURFACE('',#10167,0.3);
#10167 = AXIS2_PLACEMENT_3D('',#10168,#10169,#10170);
#10168 = CARTESIAN_POINT('',(7.3,0.,0.3));
#10169 = DIRECTION('',(-0.,1.,0.));
#10170 = DIRECTION('',(-1.,-0.,0.));
#10171 = ADVANCED_FACE('',(#10172,#10190),#10267,.F.);
#10172 = FACE_BOUND('',#10173,.F.);
#10173 = EDGE_LOOP('',(#10174,#10182,#10183,#10184));
#10174 = ORIENTED_EDGE('',*,*,#10175,.F.);
#10175 = EDGE_CURVE('',#9962,#10176,#10178,.T.);
#10176 = VERTEX_POINT('',#10177);
#10177 = CARTESIAN_POINT('',(10.2,-5.551115123126E-17,0.3));
#10178 = LINE('',#10179,#10180);
#10179 = CARTESIAN_POINT('',(7.,-5.551115123126E-17,0.3));
#10180 = VECTOR('',#10181,1.);
#10181 = DIRECTION('',(1.,0.,-0.));
#10182 = ORIENTED_EDGE('',*,*,#9970,.T.);
#10183 = ORIENTED_EDGE('',*,*,#10068,.F.);
#10184 = ORIENTED_EDGE('',*,*,#10185,.F.);
#10185 = EDGE_CURVE('',#10176,#10060,#10186,.T.);
#10186 = LINE('',#10187,#10188);
#10187 = CARTESIAN_POINT('',(10.2,-5.551115123126E-17,0.));
#10188 = VECTOR('',#10189,1.);
#10189 = DIRECTION('',(0.,0.,1.));
#10190 = FACE_BOUND('',#10191,.F.);
#10191 = EDGE_LOOP('',(#10192,#10202,#10210,#10218,#10227,#10236,#10244,
    #10252,#10260));
#10192 = ORIENTED_EDGE('',*,*,#10193,.F.);
#10193 = EDGE_CURVE('',#10194,#10196,#10198,.T.);
#10194 = VERTEX_POINT('',#10195);
#10195 = CARTESIAN_POINT('',(10.15,0.,5.6));
#10196 = VERTEX_POINT('',#10197);
#10197 = CARTESIAN_POINT('',(10.15,0.,2.1));
#10198 = LINE('',#10199,#10200);
#10199 = CARTESIAN_POINT('',(10.15,0.,1.05));
#10200 = VECTOR('',#10201,1.);
#10201 = DIRECTION('',(-0.,0.,-1.));
#10202 = ORIENTED_EDGE('',*,*,#10203,.F.);
#10203 = EDGE_CURVE('',#10204,#10194,#10206,.T.);
#10204 = VERTEX_POINT('',#10205);
#10205 = CARTESIAN_POINT('',(9.7,0.,5.6));
#10206 = LINE('',#10207,#10208);
#10207 = CARTESIAN_POINT('',(7.175,0.,5.6));
#10208 = VECTOR('',#10209,1.);
#10209 = DIRECTION('',(1.,0.,-0.));
#10210 = ORIENTED_EDGE('',*,*,#10211,.F.);
#10211 = EDGE_CURVE('',#10212,#10204,#10214,.T.);
#10212 = VERTEX_POINT('',#10213);
#10213 = CARTESIAN_POINT('',(9.7,0.,7.35));
#10214 = LINE('',#10215,#10216);
#10215 = CARTESIAN_POINT('',(9.7,0.,2.8));
#10216 = VECTOR('',#10217,1.);
#10217 = DIRECTION('',(-0.,0.,-1.));
#10218 = ORIENTED_EDGE('',*,*,#10219,.F.);
#10219 = EDGE_CURVE('',#10220,#10212,#10222,.T.);
#10220 = VERTEX_POINT('',#10221);
#10221 = CARTESIAN_POINT('',(8.75,0.,8.3));
#10222 = CIRCLE('',#10223,0.95);
#10223 = AXIS2_PLACEMENT_3D('',#10224,#10225,#10226);
#10224 = CARTESIAN_POINT('',(8.75,0.,7.35));
#10225 = DIRECTION('',(0.,1.,0.));
#10226 = DIRECTION('',(0.,-0.,1.));
#10227 = ORIENTED_EDGE('',*,*,#10228,.F.);
#10228 = EDGE_CURVE('',#10229,#10220,#10231,.T.);
#10229 = VERTEX_POINT('',#10230);
#10230 = CARTESIAN_POINT('',(7.8,0.,7.35));
#10231 = CIRCLE('',#10232,0.95);
#10232 = AXIS2_PLACEMENT_3D('',#10233,#10234,#10235);
#10233 = CARTESIAN_POINT('',(8.75,0.,7.35));
#10234 = DIRECTION('',(0.,1.,0.));
#10235 = DIRECTION('',(0.,-0.,1.));
#10236 = ORIENTED_EDGE('',*,*,#10237,.T.);
#10237 = EDGE_CURVE('',#10229,#10238,#10240,.T.);
#10238 = VERTEX_POINT('',#10239);
#10239 = CARTESIAN_POINT('',(7.8,0.,5.6));
#10240 = LINE('',#10241,#10242);
#10241 = CARTESIAN_POINT('',(7.8,0.,2.8));
#10242 = VECTOR('',#10243,1.);
#10243 = DIRECTION('',(-0.,0.,-1.));
#10244 = ORIENTED_EDGE('',*,*,#10245,.F.);
#10245 = EDGE_CURVE('',#10246,#10238,#10248,.T.);
#10246 = VERTEX_POINT('',#10247);
#10247 = CARTESIAN_POINT('',(7.35,0.,5.6));
#10248 = LINE('',#10249,#10250);
#10249 = CARTESIAN_POINT('',(7.175,0.,5.6));
#10250 = VECTOR('',#10251,1.);
#10251 = DIRECTION('',(1.,0.,-0.));
#10252 = ORIENTED_EDGE('',*,*,#10253,.T.);
#10253 = EDGE_CURVE('',#10246,#10254,#10256,.T.);
#10254 = VERTEX_POINT('',#10255);
#10255 = CARTESIAN_POINT('',(7.35,0.,2.1));
#10256 = LINE('',#10257,#10258);
#10257 = CARTESIAN_POINT('',(7.35,0.,1.05));
#10258 = VECTOR('',#10259,1.);
#10259 = DIRECTION('',(-0.,0.,-1.));
#10260 = ORIENTED_EDGE('',*,*,#10261,.F.);
#10261 = EDGE_CURVE('',#10196,#10254,#10262,.T.);
#10262 = CIRCLE('',#10263,1.4);
#10263 = AXIS2_PLACEMENT_3D('',#10264,#10265,#10266);
#10264 = CARTESIAN_POINT('',(8.75,0.,2.1));
#10265 = DIRECTION('',(0.,1.,0.));
#10266 = DIRECTION('',(0.,-0.,1.));
#10267 = PLANE('',#10268);
#10268 = AXIS2_PLACEMENT_3D('',#10269,#10270,#10271);
#10269 = CARTESIAN_POINT('',(7.,0.,0.));
#10270 = DIRECTION('',(-0.,1.,0.));
#10271 = DIRECTION('',(0.,0.,1.));
#10272 = ADVANCED_FACE('',(#10273),#10284,.T.);
#10273 = FACE_BOUND('',#10274,.T.);
#10274 = EDGE_LOOP('',(#10275,#10276,#10283));
#10275 = ORIENTED_EDGE('',*,*,#10142,.F.);
#10276 = ORIENTED_EDGE('',*,*,#10277,.T.);
#10277 = EDGE_CURVE('',#10143,#9962,#10278,.T.);
#10278 = CIRCLE('',#10279,0.3);
#10279 = AXIS2_PLACEMENT_3D('',#10280,#10281,#10282);
#10280 = CARTESIAN_POINT('',(7.3,0.3,0.3));
#10281 = DIRECTION('',(-1.,6.123233995737E-17,0.));
#10282 = DIRECTION('',(-6.123233995737E-17,-1.,0.));
#10283 = ORIENTED_EDGE('',*,*,#9961,.F.);
#10284 = SPHERICAL_SURFACE('',#10285,0.3);
#10285 = AXIS2_PLACEMENT_3D('',#10286,#10287,#10288);
#10286 = CARTESIAN_POINT('',(7.3,0.3,0.3));
#10287 = DIRECTION('',(0.,0.,1.));
#10288 = DIRECTION('',(-1.,0.,0.));
#10289 = ADVANCED_FACE('',(#10290),#10309,.T.);
#10290 = FACE_BOUND('',#10291,.F.);
#10291 = EDGE_LOOP('',(#10292,#10300,#10307,#10308));
#10292 = ORIENTED_EDGE('',*,*,#10293,.F.);
#10293 = EDGE_CURVE('',#10294,#10052,#10296,.T.);
#10294 = VERTEX_POINT('',#10295);
#10295 = CARTESIAN_POINT('',(10.5,0.3,0.3));
#10296 = LINE('',#10297,#10298);
#10297 = CARTESIAN_POINT('',(10.5,0.3,0.));
#10298 = VECTOR('',#10299,1.);
#10299 = DIRECTION('',(0.,0.,1.));
#10300 = ORIENTED_EDGE('',*,*,#10301,.T.);
#10301 = EDGE_CURVE('',#10294,#10176,#10302,.T.);
#10302 = CIRCLE('',#10303,0.3);
#10303 = AXIS2_PLACEMENT_3D('',#10304,#10305,#10306);
#10304 = CARTESIAN_POINT('',(10.2,0.3,0.3));
#10305 = DIRECTION('',(0.,-0.,-1.));
#10306 = DIRECTION('',(1.,0.,-0.));
#10307 = ORIENTED_EDGE('',*,*,#10185,.T.);
#10308 = ORIENTED_EDGE('',*,*,#10059,.F.);
#10309 = CYLINDRICAL_SURFACE('',#10310,0.3);
#10310 = AXIS2_PLACEMENT_3D('',#10311,#10312,#10313);
#10311 = CARTESIAN_POINT('',(10.2,0.3,0.));
#10312 = DIRECTION('',(0.,0.,1.));
#10313 = DIRECTION('',(1.,0.,-0.));
#10314 = ADVANCED_FACE('',(#10315),#10341,.T.);
#10315 = FACE_BOUND('',#10316,.T.);
#10316 = EDGE_LOOP('',(#10317,#10318,#10326,#10334,#10340));
#10317 = ORIENTED_EDGE('',*,*,#10293,.F.);
#10318 = ORIENTED_EDGE('',*,*,#10319,.T.);
#10319 = EDGE_CURVE('',#10294,#10320,#10322,.T.);
#10320 = VERTEX_POINT('',#10321);
#10321 = CARTESIAN_POINT('',(10.5,12.2,0.3));
#10322 = LINE('',#10323,#10324);
#10323 = CARTESIAN_POINT('',(10.5,0.,0.3));
#10324 = VECTOR('',#10325,1.);
#10325 = DIRECTION('',(-0.,1.,0.));
#10326 = ORIENTED_EDGE('',*,*,#10327,.T.);
#10327 = EDGE_CURVE('',#10320,#10328,#10330,.T.);
#10328 = VERTEX_POINT('',#10329);
#10329 = CARTESIAN_POINT('',(10.5,12.2,10.3));
#10330 = LINE('',#10331,#10332);
#10331 = CARTESIAN_POINT('',(10.5,12.2,0.));
#10332 = VECTOR('',#10333,1.);
#10333 = DIRECTION('',(0.,0.,1.));
#10334 = ORIENTED_EDGE('',*,*,#10335,.F.);
#10335 = EDGE_CURVE('',#10043,#10328,#10336,.T.);
#10336 = LINE('',#10337,#10338);
#10337 = CARTESIAN_POINT('',(10.5,0.,10.3));
#10338 = VECTOR('',#10339,1.);
#10339 = DIRECTION('',(-0.,1.,0.));
#10340 = ORIENTED_EDGE('',*,*,#10051,.F.);
#10341 = PLANE('',#10342);
#10342 = AXIS2_PLACEMENT_3D('',#10343,#10344,#10345);
#10343 = CARTESIAN_POINT('',(10.5,0.,0.));
#10344 = DIRECTION('',(1.,0.,-0.));
#10345 = DIRECTION('',(0.,0.,1.));
#10346 = ADVANCED_FACE('',(#10347),#10366,.T.);
#10347 = FACE_BOUND('',#10348,.F.);
#10348 = EDGE_LOOP('',(#10349,#10350,#10358,#10365));
#10349 = ORIENTED_EDGE('',*,*,#10042,.F.);
#10350 = ORIENTED_EDGE('',*,*,#10351,.T.);
#10351 = EDGE_CURVE('',#10035,#10352,#10354,.T.);
#10352 = VERTEX_POINT('',#10353);
#10353 = CARTESIAN_POINT('',(10.2,12.2,10.6));
#10354 = LINE('',#10355,#10356);
#10355 = CARTESIAN_POINT('',(10.2,0.,10.6));
#10356 = VECTOR('',#10357,1.);
#10357 = DIRECTION('',(-0.,1.,0.));
#10358 = ORIENTED_EDGE('',*,*,#10359,.F.);
#10359 = EDGE_CURVE('',#10328,#10352,#10360,.T.);
#10360 = CIRCLE('',#10361,0.3);
#10361 = AXIS2_PLACEMENT_3D('',#10362,#10363,#10364);
#10362 = CARTESIAN_POINT('',(10.2,12.2,10.3));
#10363 = DIRECTION('',(0.,-1.,-0.));
#10364 = DIRECTION('',(1.,0.,0.));
#10365 = ORIENTED_EDGE('',*,*,#10335,.F.);
#10366 = CYLINDRICAL_SURFACE('',#10367,0.3);
#10367 = AXIS2_PLACEMENT_3D('',#10368,#10369,#10370);
#10368 = CARTESIAN_POINT('',(10.2,0.,10.3));
#10369 = DIRECTION('',(-0.,1.,0.));
#10370 = DIRECTION('',(1.,0.,-0.));
#10371 = ADVANCED_FACE('',(#10372),#10406,.T.);
#10372 = FACE_BOUND('',#10373,.T.);
#10373 = EDGE_LOOP('',(#10374,#10375,#10376,#10384,#10392,#10398,#10399,
    #10400));
#10374 = ORIENTED_EDGE('',*,*,#10085,.F.);
#10375 = ORIENTED_EDGE('',*,*,#10002,.T.);
#10376 = ORIENTED_EDGE('',*,*,#10377,.F.);
#10377 = EDGE_CURVE('',#10378,#10003,#10380,.T.);
#10378 = VERTEX_POINT('',#10379);
#10379 = CARTESIAN_POINT('',(7.34,9.7,10.6));
#10380 = LINE('',#10381,#10382);
#10381 = CARTESIAN_POINT('',(7.34,2.442585746037,10.6));
#10382 = VECTOR('',#10383,1.);
#10383 = DIRECTION('',(0.,-1.,0.));
#10384 = ORIENTED_EDGE('',*,*,#10385,.F.);
#10385 = EDGE_CURVE('',#10386,#10378,#10388,.T.);
#10386 = VERTEX_POINT('',#10387);
#10387 = CARTESIAN_POINT('',(10.16,9.7,10.6));
#10388 = LINE('',#10389,#10390);
#10389 = CARTESIAN_POINT('',(7.17,9.7,10.6));
#10390 = VECTOR('',#10391,1.);
#10391 = DIRECTION('',(-1.,-0.,0.));
#10392 = ORIENTED_EDGE('',*,*,#10393,.T.);
#10393 = EDGE_CURVE('',#10386,#10027,#10394,.T.);
#10394 = LINE('',#10395,#10396);
#10395 = CARTESIAN_POINT('',(10.16,2.442585746037,10.6));
#10396 = VECTOR('',#10397,1.);
#10397 = DIRECTION('',(0.,-1.,0.));
#10398 = ORIENTED_EDGE('',*,*,#10034,.T.);
#10399 = ORIENTED_EDGE('',*,*,#10351,.T.);
#10400 = ORIENTED_EDGE('',*,*,#10401,.F.);
#10401 = EDGE_CURVE('',#10086,#10352,#10402,.T.);
#10402 = LINE('',#10403,#10404);
#10403 = CARTESIAN_POINT('',(7.,12.2,10.6));
#10404 = VECTOR('',#10405,1.);
#10405 = DIRECTION('',(1.,0.,-0.));
#10406 = PLANE('',#10407);
#10407 = AXIS2_PLACEMENT_3D('',#10408,#10409,#10410);
#10408 = CARTESIAN_POINT('',(7.,0.,10.6));
#10409 = DIRECTION('',(0.,0.,1.));
#10410 = DIRECTION('',(1.,0.,-0.));
#10411 = ADVANCED_FACE('',(#10412),#10438,.T.);
#10412 = FACE_BOUND('',#10413,.T.);
#10413 = EDGE_LOOP('',(#10414,#10415,#10423,#10431,#10437));
#10414 = ORIENTED_EDGE('',*,*,#10393,.F.);
#10415 = ORIENTED_EDGE('',*,*,#10416,.T.);
#10416 = EDGE_CURVE('',#10386,#10417,#10419,.T.);
#10417 = VERTEX_POINT('',#10418);
#10418 = CARTESIAN_POINT('',(10.16,9.7,8.45));
#10419 = LINE('',#10420,#10421);
#10420 = CARTESIAN_POINT('',(10.16,9.7,10.8));
#10421 = VECTOR('',#10422,1.);
#10422 = DIRECTION('',(0.,0.,-1.));
#10423 = ORIENTED_EDGE('',*,*,#10424,.T.);
#10424 = EDGE_CURVE('',#10417,#10425,#10427,.T.);
#10425 = VERTEX_POINT('',#10426);
#10426 = CARTESIAN_POINT('',(10.16,1.4,8.45));
#10427 = LINE('',#10428,#10429);
#10428 = CARTESIAN_POINT('',(10.16,9.7,8.45));
#10429 = VECTOR('',#10430,1.);
#10430 = DIRECTION('',(0.,-1.,0.));
#10431 = ORIENTED_EDGE('',*,*,#10432,.T.);
#10432 = EDGE_CURVE('',#10425,#10019,#10433,.T.);
#10433 = LINE('',#10434,#10435);
#10434 = CARTESIAN_POINT('',(10.16,1.4,8.45));
#10435 = VECTOR('',#10436,1.);
#10436 = DIRECTION('',(0.,-0.677475754752,0.735545105159));
#10437 = ORIENTED_EDGE('',*,*,#10026,.F.);
#10438 = PLANE('',#10439);
#10439 = AXIS2_PLACEMENT_3D('',#10440,#10441,#10442);
#10440 = CARTESIAN_POINT('',(10.16,4.885171492075,9.712433169613));
#10441 = DIRECTION('',(-1.,-0.,-0.));
#10442 = DIRECTION('',(0.,0.,-1.));
#10443 = ADVANCED_FACE('',(#10444),#10462,.F.);
#10444 = FACE_BOUND('',#10445,.F.);
#10445 = EDGE_LOOP('',(#10446,#10454,#10460,#10461));
#10446 = ORIENTED_EDGE('',*,*,#10447,.F.);
#10447 = EDGE_CURVE('',#10448,#10011,#10450,.T.);
#10448 = VERTEX_POINT('',#10449);
#10449 = CARTESIAN_POINT('',(7.34,1.4,8.45));
#10450 = LINE('',#10451,#10452);
#10451 = CARTESIAN_POINT('',(7.34,1.4,8.45));
#10452 = VECTOR('',#10453,1.);
#10453 = DIRECTION('',(0.,-0.677475754752,0.735545105159));
#10454 = ORIENTED_EDGE('',*,*,#10455,.T.);
#10455 = EDGE_CURVE('',#10448,#10425,#10456,.T.);
#10456 = LINE('',#10457,#10458);
#10457 = CARTESIAN_POINT('',(7.34,1.4,8.45));
#10458 = VECTOR('',#10459,1.);
#10459 = DIRECTION('',(1.,0.,0.));
#10460 = ORIENTED_EDGE('',*,*,#10432,.T.);
#10461 = ORIENTED_EDGE('',*,*,#10018,.F.);
#10462 = PLANE('',#10463);
#10463 = AXIS2_PLACEMENT_3D('',#10464,#10465,#10466);
#10464 = CARTESIAN_POINT('',(7.34,1.4,8.45));
#10465 = DIRECTION('',(0.,-0.735545105159,-0.677475754752));
#10466 = DIRECTION('',(0.,-0.677475754752,0.735545105159));
#10467 = ADVANCED_FACE('',(#10468),#10487,.F.);
#10468 = FACE_BOUND('',#10469,.F.);
#10469 = EDGE_LOOP('',(#10470,#10471,#10479,#10485,#10486));
#10470 = ORIENTED_EDGE('',*,*,#10377,.F.);
#10471 = ORIENTED_EDGE('',*,*,#10472,.T.);
#10472 = EDGE_CURVE('',#10378,#10473,#10475,.T.);
#10473 = VERTEX_POINT('',#10474);
#10474 = CARTESIAN_POINT('',(7.34,9.7,8.45));
#10475 = LINE('',#10476,#10477);
#10476 = CARTESIAN_POINT('',(7.34,9.7,10.8));
#10477 = VECTOR('',#10478,1.);
#10478 = DIRECTION('',(0.,0.,-1.));
#10479 = ORIENTED_EDGE('',*,*,#10480,.T.);
#10480 = EDGE_CURVE('',#10473,#10448,#10481,.T.);
#10481 = LINE('',#10482,#10483);
#10482 = CARTESIAN_POINT('',(7.34,9.7,8.45));
#10483 = VECTOR('',#10484,1.);
#10484 = DIRECTION('',(0.,-1.,0.));
#10485 = ORIENTED_EDGE('',*,*,#10447,.T.);
#10486 = ORIENTED_EDGE('',*,*,#10010,.F.);
#10487 = PLANE('',#10488);
#10488 = AXIS2_PLACEMENT_3D('',#10489,#10490,#10491);
#10489 = CARTESIAN_POINT('',(7.34,4.885171492075,9.712433169613));
#10490 = DIRECTION('',(-1.,-0.,-0.));
#10491 = DIRECTION('',(0.,0.,-1.));
#10492 = ADVANCED_FACE('',(#10493),#10504,.T.);
#10493 = FACE_BOUND('',#10494,.F.);
#10494 = EDGE_LOOP('',(#10495,#10496,#10503));
#10495 = ORIENTED_EDGE('',*,*,#10127,.F.);
#10496 = ORIENTED_EDGE('',*,*,#10497,.T.);
#10497 = EDGE_CURVE('',#10120,#10086,#10498,.T.);
#10498 = CIRCLE('',#10499,0.3);
#10499 = AXIS2_PLACEMENT_3D('',#10500,#10501,#10502);
#10500 = CARTESIAN_POINT('',(7.3,12.2,10.3));
#10501 = DIRECTION('',(1.,0.,6.123233995737E-17));
#10502 = DIRECTION('',(-6.123233995737E-17,-0.,1.));
#10503 = ORIENTED_EDGE('',*,*,#10093,.F.);
#10504 = SPHERICAL_SURFACE('',#10505,0.3);
#10505 = AXIS2_PLACEMENT_3D('',#10506,#10507,#10508);
#10506 = CARTESIAN_POINT('',(7.3,12.2,10.3));
#10507 = DIRECTION('',(0.,-1.,-0.));
#10508 = DIRECTION('',(-1.,-0.,0.));
#10509 = ADVANCED_FACE('',(#10510),#10521,.T.);
#10510 = FACE_BOUND('',#10511,.F.);
#10511 = EDGE_LOOP('',(#10512,#10513,#10520));
#10512 = ORIENTED_EDGE('',*,*,#10159,.F.);
#10513 = ORIENTED_EDGE('',*,*,#10514,.T.);
#10514 = EDGE_CURVE('',#10152,#10111,#10515,.T.);
#10515 = CIRCLE('',#10516,0.3);
#10516 = AXIS2_PLACEMENT_3D('',#10517,#10518,#10519);
#10517 = CARTESIAN_POINT('',(7.3,12.2,0.3));
#10518 = DIRECTION('',(1.,6.123233995737E-17,-0.));
#10519 = DIRECTION('',(-6.123233995737E-17,1.,0.));
#10520 = ORIENTED_EDGE('',*,*,#10110,.F.);
#10521 = SPHERICAL_SURFACE('',#10522,0.3);
#10522 = AXIS2_PLACEMENT_3D('',#10523,#10524,#10525);
#10523 = CARTESIAN_POINT('',(7.3,12.2,0.3));
#10524 = DIRECTION('',(0.,0.,1.));
#10525 = DIRECTION('',(-1.,0.,0.));
#10526 = ADVANCED_FACE('',(#10527),#10552,.T.);
#10527 = FACE_BOUND('',#10528,.T.);
#10528 = EDGE_LOOP('',(#10529,#10530,#10538,#10546));
#10529 = ORIENTED_EDGE('',*,*,#10119,.T.);
#10530 = ORIENTED_EDGE('',*,*,#10531,.T.);
#10531 = EDGE_CURVE('',#10120,#10532,#10534,.T.);
#10532 = VERTEX_POINT('',#10533);
#10533 = CARTESIAN_POINT('',(10.2,12.5,10.3));
#10534 = LINE('',#10535,#10536);
#10535 = CARTESIAN_POINT('',(7.,12.5,10.3));
#10536 = VECTOR('',#10537,1.);
#10537 = DIRECTION('',(1.,0.,-0.));
#10538 = ORIENTED_EDGE('',*,*,#10539,.F.);
#10539 = EDGE_CURVE('',#10540,#10532,#10542,.T.);
#10540 = VERTEX_POINT('',#10541);
#10541 = CARTESIAN_POINT('',(10.2,12.5,0.3));
#10542 = LINE('',#10543,#10544);
#10543 = CARTESIAN_POINT('',(10.2,12.5,0.));
#10544 = VECTOR('',#10545,1.);
#10545 = DIRECTION('',(0.,0.,1.));
#10546 = ORIENTED_EDGE('',*,*,#10547,.F.);
#10547 = EDGE_CURVE('',#10111,#10540,#10548,.T.);
#10548 = LINE('',#10549,#10550);
#10549 = CARTESIAN_POINT('',(7.,12.5,0.3));
#10550 = VECTOR('',#10551,1.);
#10551 = DIRECTION('',(1.,0.,-0.));
#10552 = PLANE('',#10553);
#10553 = AXIS2_PLACEMENT_3D('',#10554,#10555,#10556);
#10554 = CARTESIAN_POINT('',(7.,12.5,0.));
#10555 = DIRECTION('',(-0.,1.,0.));
#10556 = DIRECTION('',(0.,0.,1.));
#10557 = ADVANCED_FACE('',(#10558),#10583,.F.);
#10558 = FACE_BOUND('',#10559,.F.);
#10559 = EDGE_LOOP('',(#10560,#10561,#10569,#10577));
#10560 = ORIENTED_EDGE('',*,*,#10151,.F.);
#10561 = ORIENTED_EDGE('',*,*,#10562,.T.);
#10562 = EDGE_CURVE('',#10143,#10563,#10565,.T.);
#10563 = VERTEX_POINT('',#10564);
#10564 = CARTESIAN_POINT('',(10.2,0.3,0.));
#10565 = LINE('',#10566,#10567);
#10566 = CARTESIAN_POINT('',(7.,0.3,-5.551115123126E-17));
#10567 = VECTOR('',#10568,1.);
#10568 = DIRECTION('',(1.,0.,-0.));
#10569 = ORIENTED_EDGE('',*,*,#10570,.T.);
#10570 = EDGE_CURVE('',#10563,#10571,#10573,.T.);
#10571 = VERTEX_POINT('',#10572);
#10572 = CARTESIAN_POINT('',(10.2,12.2,0.));
#10573 = LINE('',#10574,#10575);
#10574 = CARTESIAN_POINT('',(10.2,0.,-5.551115123126E-17));
#10575 = VECTOR('',#10576,1.);
#10576 = DIRECTION('',(-0.,1.,0.));
#10577 = ORIENTED_EDGE('',*,*,#10578,.F.);
#10578 = EDGE_CURVE('',#10152,#10571,#10579,.T.);
#10579 = LINE('',#10580,#10581);
#10580 = CARTESIAN_POINT('',(7.,12.2,-5.551115123126E-17));
#10581 = VECTOR('',#10582,1.);
#10582 = DIRECTION('',(1.,0.,-0.));
#10583 = PLANE('',#10584);
#10584 = AXIS2_PLACEMENT_3D('',#10585,#10586,#10587);
#10585 = CARTESIAN_POINT('',(7.,0.,0.));
#10586 = DIRECTION('',(0.,0.,1.));
#10587 = DIRECTION('',(1.,0.,-0.));
#10588 = ADVANCED_FACE('',(#10589),#10601,.T.);
#10589 = FACE_BOUND('',#10590,.T.);
#10590 = EDGE_LOOP('',(#10591,#10592,#10593,#10600));
#10591 = ORIENTED_EDGE('',*,*,#10277,.F.);
#10592 = ORIENTED_EDGE('',*,*,#10562,.T.);
#10593 = ORIENTED_EDGE('',*,*,#10594,.T.);
#10594 = EDGE_CURVE('',#10563,#10176,#10595,.T.);
#10595 = CIRCLE('',#10596,0.3);
#10596 = AXIS2_PLACEMENT_3D('',#10597,#10598,#10599);
#10597 = CARTESIAN_POINT('',(10.2,0.3,0.3));
#10598 = DIRECTION('',(-1.,-6.123233995737E-17,0.));
#10599 = DIRECTION('',(6.123233995737E-17,-1.,-0.));
#10600 = ORIENTED_EDGE('',*,*,#10175,.F.);
#10601 = CYLINDRICAL_SURFACE('',#10602,0.3);
#10602 = AXIS2_PLACEMENT_3D('',#10603,#10604,#10605);
#10603 = CARTESIAN_POINT('',(7.,0.3,0.3));
#10604 = DIRECTION('',(1.,0.,-0.));
#10605 = DIRECTION('',(0.,-1.,0.));
#10606 = ADVANCED_FACE('',(#10607),#10632,.F.);
#10607 = FACE_BOUND('',#10608,.F.);
#10608 = EDGE_LOOP('',(#10609,#10610,#10618,#10626));
#10609 = ORIENTED_EDGE('',*,*,#10193,.T.);
#10610 = ORIENTED_EDGE('',*,*,#10611,.T.);
#10611 = EDGE_CURVE('',#10196,#10612,#10614,.T.);
#10612 = VERTEX_POINT('',#10613);
#10613 = CARTESIAN_POINT('',(10.15,0.4,2.1));
#10614 = LINE('',#10615,#10616);
#10615 = CARTESIAN_POINT('',(10.15,-5.E-02,2.1));
#10616 = VECTOR('',#10617,1.);
#10617 = DIRECTION('',(-0.,1.,0.));
#10618 = ORIENTED_EDGE('',*,*,#10619,.T.);
#10619 = EDGE_CURVE('',#10612,#10620,#10622,.T.);
#10620 = VERTEX_POINT('',#10621);
#10621 = CARTESIAN_POINT('',(10.15,0.4,5.6));
#10622 = LINE('',#10623,#10624);
#10623 = CARTESIAN_POINT('',(10.15,0.4,2.1));
#10624 = VECTOR('',#10625,1.);
#10625 = DIRECTION('',(0.,0.,1.));
#10626 = ORIENTED_EDGE('',*,*,#10627,.F.);
#10627 = EDGE_CURVE('',#10194,#10620,#10628,.T.);
#10628 = LINE('',#10629,#10630);
#10629 = CARTESIAN_POINT('',(10.15,-5.E-02,5.6));
#10630 = VECTOR('',#10631,1.);
#10631 = DIRECTION('',(-0.,1.,0.));
#10632 = PLANE('',#10633);
#10633 = AXIS2_PLACEMENT_3D('',#10634,#10635,#10636);
#10634 = CARTESIAN_POINT('',(10.15,-5.E-02,2.1));
#10635 = DIRECTION('',(1.,0.,-0.));
#10636 = DIRECTION('',(0.,0.,1.));
#10637 = ADVANCED_FACE('',(#10638),#10657,.F.);
#10638 = FACE_BOUND('',#10639,.F.);
#10639 = EDGE_LOOP('',(#10640,#10649,#10650,#10651));
#10640 = ORIENTED_EDGE('',*,*,#10641,.F.);
#10641 = EDGE_CURVE('',#10612,#10642,#10644,.T.);
#10642 = VERTEX_POINT('',#10643);
#10643 = CARTESIAN_POINT('',(7.35,0.4,2.1));
#10644 = CIRCLE('',#10645,1.4);
#10645 = AXIS2_PLACEMENT_3D('',#10646,#10647,#10648);
#10646 = CARTESIAN_POINT('',(8.75,0.4,2.1));
#10647 = DIRECTION('',(0.,1.,0.));
#10648 = DIRECTION('',(0.,-0.,1.));
#10649 = ORIENTED_EDGE('',*,*,#10611,.F.);
#10650 = ORIENTED_EDGE('',*,*,#10261,.T.);
#10651 = ORIENTED_EDGE('',*,*,#10652,.T.);
#10652 = EDGE_CURVE('',#10254,#10642,#10653,.T.);
#10653 = LINE('',#10654,#10655);
#10654 = CARTESIAN_POINT('',(7.35,-5.E-02,2.1));
#10655 = VECTOR('',#10656,1.);
#10656 = DIRECTION('',(-0.,1.,0.));
#10657 = CYLINDRICAL_SURFACE('',#10658,1.4);
#10658 = AXIS2_PLACEMENT_3D('',#10659,#10660,#10661);
#10659 = CARTESIAN_POINT('',(8.75,-5.E-02,2.1));
#10660 = DIRECTION('',(0.,1.,0.));
#10661 = DIRECTION('',(0.,-0.,1.));
#10662 = ADVANCED_FACE('',(#10663),#10688,.F.);
#10663 = FACE_BOUND('',#10664,.F.);
#10664 = EDGE_LOOP('',(#10665,#10666,#10674,#10682));
#10665 = ORIENTED_EDGE('',*,*,#10211,.T.);
#10666 = ORIENTED_EDGE('',*,*,#10667,.T.);
#10667 = EDGE_CURVE('',#10204,#10668,#10670,.T.);
#10668 = VERTEX_POINT('',#10669);
#10669 = CARTESIAN_POINT('',(9.7,0.4,5.6));
#10670 = LINE('',#10671,#10672);
#10671 = CARTESIAN_POINT('',(9.7,-5.E-02,5.6));
#10672 = VECTOR('',#10673,1.);
#10673 = DIRECTION('',(-0.,1.,0.));
#10674 = ORIENTED_EDGE('',*,*,#10675,.T.);
#10675 = EDGE_CURVE('',#10668,#10676,#10678,.T.);
#10676 = VERTEX_POINT('',#10677);
#10677 = CARTESIAN_POINT('',(9.7,0.4,7.35));
#10678 = LINE('',#10679,#10680);
#10679 = CARTESIAN_POINT('',(9.7,0.4,5.6));
#10680 = VECTOR('',#10681,1.);
#10681 = DIRECTION('',(0.,0.,1.));
#10682 = ORIENTED_EDGE('',*,*,#10683,.F.);
#10683 = EDGE_CURVE('',#10212,#10676,#10684,.T.);
#10684 = LINE('',#10685,#10686);
#10685 = CARTESIAN_POINT('',(9.7,-5.E-02,7.35));
#10686 = VECTOR('',#10687,1.);
#10687 = DIRECTION('',(-0.,1.,0.));
#10688 = PLANE('',#10689);
#10689 = AXIS2_PLACEMENT_3D('',#10690,#10691,#10692);
#10690 = CARTESIAN_POINT('',(9.7,-5.E-02,5.6));
#10691 = DIRECTION('',(1.,0.,-0.));
#10692 = DIRECTION('',(0.,0.,1.));
#10693 = ADVANCED_FACE('',(#10694),#10712,.T.);
#10694 = FACE_BOUND('',#10695,.T.);
#10695 = EDGE_LOOP('',(#10696,#10697,#10698,#10706));
#10696 = ORIENTED_EDGE('',*,*,#10253,.T.);
#10697 = ORIENTED_EDGE('',*,*,#10652,.T.);
#10698 = ORIENTED_EDGE('',*,*,#10699,.T.);
#10699 = EDGE_CURVE('',#10642,#10700,#10702,.T.);
#10700 = VERTEX_POINT('',#10701);
#10701 = CARTESIAN_POINT('',(7.35,0.4,5.6));
#10702 = LINE('',#10703,#10704);
#10703 = CARTESIAN_POINT('',(7.35,0.4,2.1));
#10704 = VECTOR('',#10705,1.);
#10705 = DIRECTION('',(0.,0.,1.));
#10706 = ORIENTED_EDGE('',*,*,#10707,.F.);
#10707 = EDGE_CURVE('',#10246,#10700,#10708,.T.);
#10708 = LINE('',#10709,#10710);
#10709 = CARTESIAN_POINT('',(7.35,-5.E-02,5.6));
#10710 = VECTOR('',#10711,1.);
#10711 = DIRECTION('',(-0.,1.,0.));
#10712 = PLANE('',#10713);
#10713 = AXIS2_PLACEMENT_3D('',#10714,#10715,#10716);
#10714 = CARTESIAN_POINT('',(7.35,-5.E-02,2.1));
#10715 = DIRECTION('',(1.,0.,-0.));
#10716 = DIRECTION('',(0.,0.,1.));
#10717 = ADVANCED_FACE('',(#10718),#10743,.T.);
#10718 = FACE_BOUND('',#10719,.T.);
#10719 = EDGE_LOOP('',(#10720,#10721,#10729,#10737));
#10720 = ORIENTED_EDGE('',*,*,#10237,.T.);
#10721 = ORIENTED_EDGE('',*,*,#10722,.T.);
#10722 = EDGE_CURVE('',#10238,#10723,#10725,.T.);
#10723 = VERTEX_POINT('',#10724);
#10724 = CARTESIAN_POINT('',(7.8,0.4,5.6));
#10725 = LINE('',#10726,#10727);
#10726 = CARTESIAN_POINT('',(7.8,-5.E-02,5.6));
#10727 = VECTOR('',#10728,1.);
#10728 = DIRECTION('',(-0.,1.,0.));
#10729 = ORIENTED_EDGE('',*,*,#10730,.T.);
#10730 = EDGE_CURVE('',#10723,#10731,#10733,.T.);
#10731 = VERTEX_POINT('',#10732);
#10732 = CARTESIAN_POINT('',(7.8,0.4,7.35));
#10733 = LINE('',#10734,#10735);
#10734 = CARTESIAN_POINT('',(7.8,0.4,5.6));
#10735 = VECTOR('',#10736,1.);
#10736 = DIRECTION('',(0.,0.,1.));
#10737 = ORIENTED_EDGE('',*,*,#10738,.F.);
#10738 = EDGE_CURVE('',#10229,#10731,#10739,.T.);
#10739 = LINE('',#10740,#10741);
#10740 = CARTESIAN_POINT('',(7.8,-5.E-02,7.35));
#10741 = VECTOR('',#10742,1.);
#10742 = DIRECTION('',(-0.,1.,0.));
#10743 = PLANE('',#10744);
#10744 = AXIS2_PLACEMENT_3D('',#10745,#10746,#10747);
#10745 = CARTESIAN_POINT('',(7.8,-5.E-02,5.6));
#10746 = DIRECTION('',(1.,0.,-0.));
#10747 = DIRECTION('',(0.,0.,1.));
#10748 = ADVANCED_FACE('',(#10749),#10760,.T.);
#10749 = FACE_BOUND('',#10750,.F.);
#10750 = EDGE_LOOP('',(#10751,#10758,#10759));
#10751 = ORIENTED_EDGE('',*,*,#10752,.F.);
#10752 = EDGE_CURVE('',#10563,#10294,#10753,.T.);
#10753 = CIRCLE('',#10754,0.3);
#10754 = AXIS2_PLACEMENT_3D('',#10755,#10756,#10757);
#10755 = CARTESIAN_POINT('',(10.2,0.3,0.3));
#10756 = DIRECTION('',(0.,-1.,0.));
#10757 = DIRECTION('',(1.,0.,0.));
#10758 = ORIENTED_EDGE('',*,*,#10594,.T.);
#10759 = ORIENTED_EDGE('',*,*,#10301,.F.);
#10760 = SPHERICAL_SURFACE('',#10761,0.3);
#10761 = AXIS2_PLACEMENT_3D('',#10762,#10763,#10764);
#10762 = CARTESIAN_POINT('',(10.2,0.3,0.3));
#10763 = DIRECTION('',(0.,0.,1.));
#10764 = DIRECTION('',(1.,0.,-0.));
#10765 = ADVANCED_FACE('',(#10766),#10784,.T.);
#10766 = FACE_BOUND('',#10767,.T.);
#10767 = EDGE_LOOP('',(#10768,#10769,#10776,#10777));
#10768 = ORIENTED_EDGE('',*,*,#10327,.F.);
#10769 = ORIENTED_EDGE('',*,*,#10770,.T.);
#10770 = EDGE_CURVE('',#10320,#10540,#10771,.T.);
#10771 = CIRCLE('',#10772,0.3);
#10772 = AXIS2_PLACEMENT_3D('',#10773,#10774,#10775);
#10773 = CARTESIAN_POINT('',(10.2,12.2,0.3));
#10774 = DIRECTION('',(0.,0.,1.));
#10775 = DIRECTION('',(1.,0.,-0.));
#10776 = ORIENTED_EDGE('',*,*,#10539,.T.);
#10777 = ORIENTED_EDGE('',*,*,#10778,.T.);
#10778 = EDGE_CURVE('',#10532,#10328,#10779,.T.);
#10779 = CIRCLE('',#10780,0.3);
#10780 = AXIS2_PLACEMENT_3D('',#10781,#10782,#10783);
#10781 = CARTESIAN_POINT('',(10.2,12.2,10.3));
#10782 = DIRECTION('',(0.,0.,-1.));
#10783 = DIRECTION('',(1.,0.,0.));
#10784 = CYLINDRICAL_SURFACE('',#10785,0.3);
#10785 = AXIS2_PLACEMENT_3D('',#10786,#10787,#10788);
#10786 = CARTESIAN_POINT('',(10.2,12.2,0.));
#10787 = DIRECTION('',(0.,0.,1.));
#10788 = DIRECTION('',(1.,0.,-0.));
#10789 = ADVANCED_FACE('',(#10790),#10802,.T.);
#10790 = FACE_BOUND('',#10791,.T.);
#10791 = EDGE_LOOP('',(#10792,#10793,#10794,#10801));
#10792 = ORIENTED_EDGE('',*,*,#10752,.F.);
#10793 = ORIENTED_EDGE('',*,*,#10570,.T.);
#10794 = ORIENTED_EDGE('',*,*,#10795,.T.);
#10795 = EDGE_CURVE('',#10571,#10320,#10796,.T.);
#10796 = CIRCLE('',#10797,0.3);
#10797 = AXIS2_PLACEMENT_3D('',#10798,#10799,#10800);
#10798 = CARTESIAN_POINT('',(10.2,12.2,0.3));
#10799 = DIRECTION('',(0.,-1.,0.));
#10800 = DIRECTION('',(1.,0.,0.));
#10801 = ORIENTED_EDGE('',*,*,#10319,.F.);
#10802 = CYLINDRICAL_SURFACE('',#10803,0.3);
#10803 = AXIS2_PLACEMENT_3D('',#10804,#10805,#10806);
#10804 = CARTESIAN_POINT('',(10.2,0.,0.3));
#10805 = DIRECTION('',(-0.,1.,0.));
#10806 = DIRECTION('',(1.,0.,-0.));
#10807 = ADVANCED_FACE('',(#10808),#10819,.T.);
#10808 = FACE_BOUND('',#10809,.T.);
#10809 = EDGE_LOOP('',(#10810,#10811,#10818));
#10810 = ORIENTED_EDGE('',*,*,#10778,.F.);
#10811 = ORIENTED_EDGE('',*,*,#10812,.T.);
#10812 = EDGE_CURVE('',#10532,#10352,#10813,.T.);
#10813 = CIRCLE('',#10814,0.3);
#10814 = AXIS2_PLACEMENT_3D('',#10815,#10816,#10817);
#10815 = CARTESIAN_POINT('',(10.2,12.2,10.3));
#10816 = DIRECTION('',(1.,0.,-6.123233995737E-17));
#10817 = DIRECTION('',(6.123233995737E-17,0.,1.));
#10818 = ORIENTED_EDGE('',*,*,#10359,.F.);
#10819 = SPHERICAL_SURFACE('',#10820,0.3);
#10820 = AXIS2_PLACEMENT_3D('',#10821,#10822,#10823);
#10821 = CARTESIAN_POINT('',(10.2,12.2,10.3));
#10822 = DIRECTION('',(0.,-1.,-0.));
#10823 = DIRECTION('',(1.,0.,0.));
#10824 = ADVANCED_FACE('',(#10825),#10831,.T.);
#10825 = FACE_BOUND('',#10826,.T.);
#10826 = EDGE_LOOP('',(#10827,#10828,#10829,#10830));
#10827 = ORIENTED_EDGE('',*,*,#10497,.T.);
#10828 = ORIENTED_EDGE('',*,*,#10401,.T.);
#10829 = ORIENTED_EDGE('',*,*,#10812,.F.);
#10830 = ORIENTED_EDGE('',*,*,#10531,.F.);
#10831 = CYLINDRICAL_SURFACE('',#10832,0.3);
#10832 = AXIS2_PLACEMENT_3D('',#10833,#10834,#10835);
#10833 = CARTESIAN_POINT('',(7.,12.2,10.3));
#10834 = DIRECTION('',(1.,0.,-0.));
#10835 = DIRECTION('',(0.,1.,0.));
#10836 = ADVANCED_FACE('',(#10837),#10848,.F.);
#10837 = FACE_BOUND('',#10838,.F.);
#10838 = EDGE_LOOP('',(#10839,#10840,#10841,#10842));
#10839 = ORIENTED_EDGE('',*,*,#10472,.F.);
#10840 = ORIENTED_EDGE('',*,*,#10385,.F.);
#10841 = ORIENTED_EDGE('',*,*,#10416,.T.);
#10842 = ORIENTED_EDGE('',*,*,#10843,.F.);
#10843 = EDGE_CURVE('',#10473,#10417,#10844,.T.);
#10844 = LINE('',#10845,#10846);
#10845 = CARTESIAN_POINT('',(7.34,9.7,8.45));
#10846 = VECTOR('',#10847,1.);
#10847 = DIRECTION('',(1.,0.,0.));
#10848 = PLANE('',#10849);
#10849 = AXIS2_PLACEMENT_3D('',#10850,#10851,#10852);
#10850 = CARTESIAN_POINT('',(7.34,9.7,10.8));
#10851 = DIRECTION('',(-0.,1.,0.));
#10852 = DIRECTION('',(0.,0.,-1.));
#10853 = ADVANCED_FACE('',(#10854),#10860,.F.);
#10854 = FACE_BOUND('',#10855,.F.);
#10855 = EDGE_LOOP('',(#10856,#10857,#10858,#10859));
#10856 = ORIENTED_EDGE('',*,*,#10843,.T.);
#10857 = ORIENTED_EDGE('',*,*,#10424,.T.);
#10858 = ORIENTED_EDGE('',*,*,#10455,.F.);
#10859 = ORIENTED_EDGE('',*,*,#10480,.F.);
#10860 = PLANE('',#10861);
#10861 = AXIS2_PLACEMENT_3D('',#10862,#10863,#10864);
#10862 = CARTESIAN_POINT('',(7.34,9.7,8.45));
#10863 = DIRECTION('',(0.,0.,-1.));
#10864 = DIRECTION('',(0.,-1.,0.));
#10865 = ADVANCED_FACE('',(#10866),#10878,.T.);
#10866 = FACE_BOUND('',#10867,.F.);
#10867 = EDGE_LOOP('',(#10868,#10869,#10870,#10877));
#10868 = ORIENTED_EDGE('',*,*,#10514,.F.);
#10869 = ORIENTED_EDGE('',*,*,#10578,.T.);
#10870 = ORIENTED_EDGE('',*,*,#10871,.T.);
#10871 = EDGE_CURVE('',#10571,#10540,#10872,.T.);
#10872 = CIRCLE('',#10873,0.3);
#10873 = AXIS2_PLACEMENT_3D('',#10874,#10875,#10876);
#10874 = CARTESIAN_POINT('',(10.2,12.2,0.3));
#10875 = DIRECTION('',(1.,-6.123233995737E-17,0.));
#10876 = DIRECTION('',(6.123233995737E-17,1.,0.));
#10877 = ORIENTED_EDGE('',*,*,#10547,.F.);
#10878 = CYLINDRICAL_SURFACE('',#10879,0.3);
#10879 = AXIS2_PLACEMENT_3D('',#10880,#10881,#10882);
#10880 = CARTESIAN_POINT('',(7.,12.2,0.3));
#10881 = DIRECTION('',(1.,0.,-0.));
#10882 = DIRECTION('',(0.,1.,0.));
#10883 = ADVANCED_FACE('',(#10884),#10889,.T.);
#10884 = FACE_BOUND('',#10885,.T.);
#10885 = EDGE_LOOP('',(#10886,#10887,#10888));
#10886 = ORIENTED_EDGE('',*,*,#10795,.F.);
#10887 = ORIENTED_EDGE('',*,*,#10871,.T.);
#10888 = ORIENTED_EDGE('',*,*,#10770,.F.);
#10889 = SPHERICAL_SURFACE('',#10890,0.3);
#10890 = AXIS2_PLACEMENT_3D('',#10891,#10892,#10893);
#10891 = CARTESIAN_POINT('',(10.2,12.2,0.3));
#10892 = DIRECTION('',(0.,0.,1.));
#10893 = DIRECTION('',(1.,0.,-0.));
#10894 = ADVANCED_FACE('',(#10895),#10938,.T.);
#10895 = FACE_BOUND('',#10896,.T.);
#10896 = EDGE_LOOP('',(#10897,#10905,#10906,#10907,#10908,#10916,#10924,
    #10932));
#10897 = ORIENTED_EDGE('',*,*,#10898,.T.);
#10898 = EDGE_CURVE('',#10899,#10620,#10901,.T.);
#10899 = VERTEX_POINT('',#10900);
#10900 = CARTESIAN_POINT('',(10.,0.4,5.6));
#10901 = LINE('',#10902,#10903);
#10902 = CARTESIAN_POINT('',(7.35,0.4,5.6));
#10903 = VECTOR('',#10904,1.);
#10904 = DIRECTION('',(1.,0.,-0.));
#10905 = ORIENTED_EDGE('',*,*,#10627,.F.);
#10906 = ORIENTED_EDGE('',*,*,#10203,.F.);
#10907 = ORIENTED_EDGE('',*,*,#10667,.T.);
#10908 = ORIENTED_EDGE('',*,*,#10909,.F.);
#10909 = EDGE_CURVE('',#10910,#10668,#10912,.T.);
#10910 = VERTEX_POINT('',#10911);
#10911 = CARTESIAN_POINT('',(9.55,0.4,5.6));
#10912 = LINE('',#10913,#10914);
#10913 = CARTESIAN_POINT('',(7.35,0.4,5.6));
#10914 = VECTOR('',#10915,1.);
#10915 = DIRECTION('',(1.,0.,-0.));
#10916 = ORIENTED_EDGE('',*,*,#10917,.T.);
#10917 = EDGE_CURVE('',#10910,#10918,#10920,.T.);
#10918 = VERTEX_POINT('',#10919);
#10919 = CARTESIAN_POINT('',(9.55,4.35,5.6));
#10920 = LINE('',#10921,#10922);
#10921 = CARTESIAN_POINT('',(9.55,0.4,5.6));
#10922 = VECTOR('',#10923,1.);
#10923 = DIRECTION('',(-0.,1.,0.));
#10924 = ORIENTED_EDGE('',*,*,#10925,.T.);
#10925 = EDGE_CURVE('',#10918,#10926,#10928,.T.);
#10926 = VERTEX_POINT('',#10927);
#10927 = CARTESIAN_POINT('',(10.,4.35,5.6));
#10928 = LINE('',#10929,#10930);
#10929 = CARTESIAN_POINT('',(7.5,4.35,5.6));
#10930 = VECTOR('',#10931,1.);
#10931 = DIRECTION('',(1.,0.,-0.));
#10932 = ORIENTED_EDGE('',*,*,#10933,.F.);
#10933 = EDGE_CURVE('',#10899,#10926,#10934,.T.);
#10934 = LINE('',#10935,#10936);
#10935 = CARTESIAN_POINT('',(10.,0.4,5.6));
#10936 = VECTOR('',#10937,1.);
#10937 = DIRECTION('',(-0.,1.,0.));
#10938 = PLANE('',#10939);
#10939 = AXIS2_PLACEMENT_3D('',#10940,#10941,#10942);
#10940 = CARTESIAN_POINT('',(9.796212121212,2.121212121212,5.6));
#10941 = DIRECTION('',(-0.,-0.,-1.));
#10942 = DIRECTION('',(-1.,0.,0.));
#10943 = ADVANCED_FACE('',(#10944),#10969,.F.);
#10944 = FACE_BOUND('',#10945,.F.);
#10945 = EDGE_LOOP('',(#10946,#10954,#10955,#10963));
#10946 = ORIENTED_EDGE('',*,*,#10947,.F.);
#10947 = EDGE_CURVE('',#10910,#10948,#10950,.T.);
#10948 = VERTEX_POINT('',#10949);
#10949 = CARTESIAN_POINT('',(9.55,0.4,7.35));
#10950 = LINE('',#10951,#10952);
#10951 = CARTESIAN_POINT('',(9.55,0.4,5.6));
#10952 = VECTOR('',#10953,1.);
#10953 = DIRECTION('',(0.,0.,1.));
#10954 = ORIENTED_EDGE('',*,*,#10917,.T.);
#10955 = ORIENTED_EDGE('',*,*,#10956,.T.);
#10956 = EDGE_CURVE('',#10918,#10957,#10959,.T.);
#10957 = VERTEX_POINT('',#10958);
#10958 = CARTESIAN_POINT('',(9.55,4.35,7.35));
#10959 = LINE('',#10960,#10961);
#10960 = CARTESIAN_POINT('',(9.55,4.35,5.6));
#10961 = VECTOR('',#10962,1.);
#10962 = DIRECTION('',(0.,0.,1.));
#10963 = ORIENTED_EDGE('',*,*,#10964,.F.);
#10964 = EDGE_CURVE('',#10948,#10957,#10965,.T.);
#10965 = LINE('',#10966,#10967);
#10966 = CARTESIAN_POINT('',(9.55,0.4,7.35));
#10967 = VECTOR('',#10968,1.);
#10968 = DIRECTION('',(-0.,1.,0.));
#10969 = PLANE('',#10970);
#10970 = AXIS2_PLACEMENT_3D('',#10971,#10972,#10973);
#10971 = CARTESIAN_POINT('',(9.55,0.4,5.6));
#10972 = DIRECTION('',(1.,0.,-0.));
#10973 = DIRECTION('',(0.,0.,1.));
#10974 = ADVANCED_FACE('',(#10975),#11000,.F.);
#10975 = FACE_BOUND('',#10976,.F.);
#10976 = EDGE_LOOP('',(#10977,#10985,#10993,#10999));
#10977 = ORIENTED_EDGE('',*,*,#10978,.F.);
#10978 = EDGE_CURVE('',#10979,#10899,#10981,.T.);
#10979 = VERTEX_POINT('',#10980);
#10980 = CARTESIAN_POINT('',(10.,0.4,2.1));
#10981 = LINE('',#10982,#10983);
#10982 = CARTESIAN_POINT('',(10.,0.4,2.1));
#10983 = VECTOR('',#10984,1.);
#10984 = DIRECTION('',(0.,0.,1.));
#10985 = ORIENTED_EDGE('',*,*,#10986,.T.);
#10986 = EDGE_CURVE('',#10979,#10987,#10989,.T.);
#10987 = VERTEX_POINT('',#10988);
#10988 = CARTESIAN_POINT('',(10.,4.35,2.1));
#10989 = LINE('',#10990,#10991);
#10990 = CARTESIAN_POINT('',(10.,0.4,2.1));
#10991 = VECTOR('',#10992,1.);
#10992 = DIRECTION('',(-0.,1.,0.));
#10993 = ORIENTED_EDGE('',*,*,#10994,.T.);
#10994 = EDGE_CURVE('',#10987,#10926,#10995,.T.);
#10995 = LINE('',#10996,#10997);
#10996 = CARTESIAN_POINT('',(10.,4.35,2.1));
#10997 = VECTOR('',#10998,1.);
#10998 = DIRECTION('',(0.,0.,1.));
#10999 = ORIENTED_EDGE('',*,*,#10933,.F.);
#11000 = PLANE('',#11001);
#11001 = AXIS2_PLACEMENT_3D('',#11002,#11003,#11004);
#11002 = CARTESIAN_POINT('',(10.,0.4,2.1));
#11003 = DIRECTION('',(1.,0.,-0.));
#11004 = DIRECTION('',(0.,0.,1.));
#11005 = ADVANCED_FACE('',(#11006),#11033,.F.);
#11006 = FACE_BOUND('',#11007,.F.);
#11007 = EDGE_LOOP('',(#11008,#11017,#11018,#11027));
#11008 = ORIENTED_EDGE('',*,*,#11009,.F.);
#11009 = EDGE_CURVE('',#10987,#11010,#11012,.T.);
#11010 = VERTEX_POINT('',#11011);
#11011 = CARTESIAN_POINT('',(7.5,4.35,2.1));
#11012 = CIRCLE('',#11013,1.25);
#11013 = AXIS2_PLACEMENT_3D('',#11014,#11015,#11016);
#11014 = CARTESIAN_POINT('',(8.75,4.35,2.1));
#11015 = DIRECTION('',(0.,1.,0.));
#11016 = DIRECTION('',(0.,-0.,1.));
#11017 = ORIENTED_EDGE('',*,*,#10986,.F.);
#11018 = ORIENTED_EDGE('',*,*,#11019,.T.);
#11019 = EDGE_CURVE('',#10979,#11020,#11022,.T.);
#11020 = VERTEX_POINT('',#11021);
#11021 = CARTESIAN_POINT('',(7.5,0.4,2.1));
#11022 = CIRCLE('',#11023,1.25);
#11023 = AXIS2_PLACEMENT_3D('',#11024,#11025,#11026);
#11024 = CARTESIAN_POINT('',(8.75,0.4,2.1));
#11025 = DIRECTION('',(0.,1.,0.));
#11026 = DIRECTION('',(0.,-0.,1.));
#11027 = ORIENTED_EDGE('',*,*,#11028,.T.);
#11028 = EDGE_CURVE('',#11020,#11010,#11029,.T.);
#11029 = LINE('',#11030,#11031);
#11030 = CARTESIAN_POINT('',(7.5,0.4,2.1));
#11031 = VECTOR('',#11032,1.);
#11032 = DIRECTION('',(-0.,1.,0.));
#11033 = CYLINDRICAL_SURFACE('',#11034,1.25);
#11034 = AXIS2_PLACEMENT_3D('',#11035,#11036,#11037);
#11035 = CARTESIAN_POINT('',(8.75,0.4,2.1));
#11036 = DIRECTION('',(0.,1.,0.));
#11037 = DIRECTION('',(0.,-0.,1.));
#11038 = ADVANCED_FACE('',(#11039),#11064,.T.);
#11039 = FACE_BOUND('',#11040,.T.);
#11040 = EDGE_LOOP('',(#11041,#11049,#11050,#11058));
#11041 = ORIENTED_EDGE('',*,*,#11042,.F.);
#11042 = EDGE_CURVE('',#11020,#11043,#11045,.T.);
#11043 = VERTEX_POINT('',#11044);
#11044 = CARTESIAN_POINT('',(7.5,0.4,5.6));
#11045 = LINE('',#11046,#11047);
#11046 = CARTESIAN_POINT('',(7.5,0.4,2.1));
#11047 = VECTOR('',#11048,1.);
#11048 = DIRECTION('',(0.,0.,1.));
#11049 = ORIENTED_EDGE('',*,*,#11028,.T.);
#11050 = ORIENTED_EDGE('',*,*,#11051,.T.);
#11051 = EDGE_CURVE('',#11010,#11052,#11054,.T.);
#11052 = VERTEX_POINT('',#11053);
#11053 = CARTESIAN_POINT('',(7.5,4.35,5.6));
#11054 = LINE('',#11055,#11056);
#11055 = CARTESIAN_POINT('',(7.5,4.35,2.1));
#11056 = VECTOR('',#11057,1.);
#11057 = DIRECTION('',(0.,0.,1.));
#11058 = ORIENTED_EDGE('',*,*,#11059,.F.);
#11059 = EDGE_CURVE('',#11043,#11052,#11060,.T.);
#11060 = LINE('',#11061,#11062);
#11061 = CARTESIAN_POINT('',(7.5,0.4,5.6));
#11062 = VECTOR('',#11063,1.);
#11063 = DIRECTION('',(-0.,1.,0.));
#11064 = PLANE('',#11065);
#11065 = AXIS2_PLACEMENT_3D('',#11066,#11067,#11068);
#11066 = CARTESIAN_POINT('',(7.5,0.4,2.1));
#11067 = DIRECTION('',(1.,0.,-0.));
#11068 = DIRECTION('',(0.,0.,1.));
#11069 = ADVANCED_FACE('',(#11070),#11104,.T.);
#11070 = FACE_BOUND('',#11071,.T.);
#11071 = EDGE_LOOP('',(#11072,#11078,#11079,#11087,#11095,#11101,#11102,
    #11103));
#11072 = ORIENTED_EDGE('',*,*,#11073,.T.);
#11073 = EDGE_CURVE('',#10700,#11043,#11074,.T.);
#11074 = LINE('',#11075,#11076);
#11075 = CARTESIAN_POINT('',(7.35,0.4,5.6));
#11076 = VECTOR('',#11077,1.);
#11077 = DIRECTION('',(1.,0.,-0.));
#11078 = ORIENTED_EDGE('',*,*,#11059,.T.);
#11079 = ORIENTED_EDGE('',*,*,#11080,.T.);
#11080 = EDGE_CURVE('',#11052,#11081,#11083,.T.);
#11081 = VERTEX_POINT('',#11082);
#11082 = CARTESIAN_POINT('',(7.95,4.35,5.6));
#11083 = LINE('',#11084,#11085);
#11084 = CARTESIAN_POINT('',(7.5,4.35,5.6));
#11085 = VECTOR('',#11086,1.);
#11086 = DIRECTION('',(1.,0.,-0.));
#11087 = ORIENTED_EDGE('',*,*,#11088,.F.);
#11088 = EDGE_CURVE('',#11089,#11081,#11091,.T.);
#11089 = VERTEX_POINT('',#11090);
#11090 = CARTESIAN_POINT('',(7.95,0.4,5.6));
#11091 = LINE('',#11092,#11093);
#11092 = CARTESIAN_POINT('',(7.95,0.4,5.6));
#11093 = VECTOR('',#11094,1.);
#11094 = DIRECTION('',(-0.,1.,0.));
#11095 = ORIENTED_EDGE('',*,*,#11096,.F.);
#11096 = EDGE_CURVE('',#10723,#11089,#11097,.T.);
#11097 = LINE('',#11098,#11099);
#11098 = CARTESIAN_POINT('',(7.35,0.4,5.6));
#11099 = VECTOR('',#11100,1.);
#11100 = DIRECTION('',(1.,0.,-0.));
#11101 = ORIENTED_EDGE('',*,*,#10722,.F.);
#11102 = ORIENTED_EDGE('',*,*,#10245,.F.);
#11103 = ORIENTED_EDGE('',*,*,#10707,.T.);
#11104 = PLANE('',#11105);
#11105 = AXIS2_PLACEMENT_3D('',#11106,#11107,#11108);
#11106 = CARTESIAN_POINT('',(7.703787878788,2.121212121212,5.6));
#11107 = DIRECTION('',(-0.,-0.,-1.));
#11108 = DIRECTION('',(-1.,0.,0.));
#11109 = ADVANCED_FACE('',(#11110),#11135,.T.);
#11110 = FACE_BOUND('',#11111,.T.);
#11111 = EDGE_LOOP('',(#11112,#11120,#11121,#11129));
#11112 = ORIENTED_EDGE('',*,*,#11113,.F.);
#11113 = EDGE_CURVE('',#11089,#11114,#11116,.T.);
#11114 = VERTEX_POINT('',#11115);
#11115 = CARTESIAN_POINT('',(7.95,0.4,7.35));
#11116 = LINE('',#11117,#11118);
#11117 = CARTESIAN_POINT('',(7.95,0.4,5.6));
#11118 = VECTOR('',#11119,1.);
#11119 = DIRECTION('',(0.,0.,1.));
#11120 = ORIENTED_EDGE('',*,*,#11088,.T.);
#11121 = ORIENTED_EDGE('',*,*,#11122,.T.);
#11122 = EDGE_CURVE('',#11081,#11123,#11125,.T.);
#11123 = VERTEX_POINT('',#11124);
#11124 = CARTESIAN_POINT('',(7.95,4.35,7.35));
#11125 = LINE('',#11126,#11127);
#11126 = CARTESIAN_POINT('',(7.95,4.35,5.6));
#11127 = VECTOR('',#11128,1.);
#11128 = DIRECTION('',(0.,0.,1.));
#11129 = ORIENTED_EDGE('',*,*,#11130,.F.);
#11130 = EDGE_CURVE('',#11114,#11123,#11131,.T.);
#11131 = LINE('',#11132,#11133);
#11132 = CARTESIAN_POINT('',(7.95,0.4,7.35));
#11133 = VECTOR('',#11134,1.);
#11134 = DIRECTION('',(-0.,1.,0.));
#11135 = PLANE('',#11136);
#11136 = AXIS2_PLACEMENT_3D('',#11137,#11138,#11139);
#11137 = CARTESIAN_POINT('',(7.95,0.4,5.6));
#11138 = DIRECTION('',(1.,0.,-0.));
#11139 = DIRECTION('',(0.,0.,1.));
#11140 = ADVANCED_FACE('',(#11141),#11151,.T.);
#11141 = FACE_BOUND('',#11142,.T.);
#11142 = EDGE_LOOP('',(#11143,#11144,#11145,#11146,#11147,#11148,#11149,
    #11150));
#11143 = ORIENTED_EDGE('',*,*,#10619,.T.);
#11144 = ORIENTED_EDGE('',*,*,#10898,.F.);
#11145 = ORIENTED_EDGE('',*,*,#10978,.F.);
#11146 = ORIENTED_EDGE('',*,*,#11019,.T.);
#11147 = ORIENTED_EDGE('',*,*,#11042,.T.);
#11148 = ORIENTED_EDGE('',*,*,#11073,.F.);
#11149 = ORIENTED_EDGE('',*,*,#10699,.F.);
#11150 = ORIENTED_EDGE('',*,*,#10641,.F.);
#11151 = PLANE('',#11152);
#11152 = AXIS2_PLACEMENT_3D('',#11153,#11154,#11155);
#11153 = CARTESIAN_POINT('',(8.75,0.4,2.974105664285));
#11154 = DIRECTION('',(-0.,-1.,-0.));
#11155 = DIRECTION('',(0.,0.,-1.));
#11156 = ADVANCED_FACE('',(#11157),#11197,.T.);
#11157 = FACE_BOUND('',#11158,.T.);
#11158 = EDGE_LOOP('',(#11159,#11160,#11161,#11170,#11177,#11178,#11179,
    #11180,#11189,#11196));
#11159 = ORIENTED_EDGE('',*,*,#10909,.T.);
#11160 = ORIENTED_EDGE('',*,*,#10675,.T.);
#11161 = ORIENTED_EDGE('',*,*,#11162,.F.);
#11162 = EDGE_CURVE('',#11163,#10676,#11165,.T.);
#11163 = VERTEX_POINT('',#11164);
#11164 = CARTESIAN_POINT('',(8.75,0.4,8.3));
#11165 = CIRCLE('',#11166,0.95);
#11166 = AXIS2_PLACEMENT_3D('',#11167,#11168,#11169);
#11167 = CARTESIAN_POINT('',(8.75,0.4,7.35));
#11168 = DIRECTION('',(0.,1.,0.));
#11169 = DIRECTION('',(0.,-0.,1.));
#11170 = ORIENTED_EDGE('',*,*,#11171,.F.);
#11171 = EDGE_CURVE('',#10731,#11163,#11172,.T.);
#11172 = CIRCLE('',#11173,0.95);
#11173 = AXIS2_PLACEMENT_3D('',#11174,#11175,#11176);
#11174 = CARTESIAN_POINT('',(8.75,0.4,7.35));
#11175 = DIRECTION('',(0.,1.,0.));
#11176 = DIRECTION('',(0.,-0.,1.));
#11177 = ORIENTED_EDGE('',*,*,#10730,.F.);
#11178 = ORIENTED_EDGE('',*,*,#11096,.T.);
#11179 = ORIENTED_EDGE('',*,*,#11113,.T.);
#11180 = ORIENTED_EDGE('',*,*,#11181,.T.);
#11181 = EDGE_CURVE('',#11114,#11182,#11184,.T.);
#11182 = VERTEX_POINT('',#11183);
#11183 = CARTESIAN_POINT('',(8.75,0.4,8.15));
#11184 = CIRCLE('',#11185,0.8);
#11185 = AXIS2_PLACEMENT_3D('',#11186,#11187,#11188);
#11186 = CARTESIAN_POINT('',(8.75,0.4,7.35));
#11187 = DIRECTION('',(0.,1.,0.));
#11188 = DIRECTION('',(0.,-0.,1.));
#11189 = ORIENTED_EDGE('',*,*,#11190,.T.);
#11190 = EDGE_CURVE('',#11182,#10948,#11191,.T.);
#11191 = CIRCLE('',#11192,0.8);
#11192 = AXIS2_PLACEMENT_3D('',#11193,#11194,#11195);
#11193 = CARTESIAN_POINT('',(8.75,0.4,7.35));
#11194 = DIRECTION('',(0.,1.,0.));
#11195 = DIRECTION('',(0.,-0.,1.));
#11196 = ORIENTED_EDGE('',*,*,#10947,.F.);
#11197 = PLANE('',#11198);
#11198 = AXIS2_PLACEMENT_3D('',#11199,#11200,#11201);
#11199 = CARTESIAN_POINT('',(8.75,0.4,7.061813018945));
#11200 = DIRECTION('',(-0.,-1.,-0.));
#11201 = DIRECTION('',(0.,0.,-1.));
#11202 = ADVANCED_FACE('',(#11203),#11228,.T.);
#11203 = FACE_BOUND('',#11204,.T.);
#11204 = EDGE_LOOP('',(#11205,#11206,#11207,#11208,#11217,#11224,#11225,
    #11226,#11227));
#11205 = ORIENTED_EDGE('',*,*,#10994,.T.);
#11206 = ORIENTED_EDGE('',*,*,#10925,.F.);
#11207 = ORIENTED_EDGE('',*,*,#10956,.T.);
#11208 = ORIENTED_EDGE('',*,*,#11209,.F.);
#11209 = EDGE_CURVE('',#11210,#10957,#11212,.T.);
#11210 = VERTEX_POINT('',#11211);
#11211 = CARTESIAN_POINT('',(8.75,4.35,8.15));
#11212 = CIRCLE('',#11213,0.8);
#11213 = AXIS2_PLACEMENT_3D('',#11214,#11215,#11216);
#11214 = CARTESIAN_POINT('',(8.75,4.35,7.35));
#11215 = DIRECTION('',(0.,1.,0.));
#11216 = DIRECTION('',(0.,-0.,1.));
#11217 = ORIENTED_EDGE('',*,*,#11218,.F.);
#11218 = EDGE_CURVE('',#11123,#11210,#11219,.T.);
#11219 = CIRCLE('',#11220,0.8);
#11220 = AXIS2_PLACEMENT_3D('',#11221,#11222,#11223);
#11221 = CARTESIAN_POINT('',(8.75,4.35,7.35));
#11222 = DIRECTION('',(0.,1.,0.));
#11223 = DIRECTION('',(0.,-0.,1.));
#11224 = ORIENTED_EDGE('',*,*,#11122,.F.);
#11225 = ORIENTED_EDGE('',*,*,#11080,.F.);
#11226 = ORIENTED_EDGE('',*,*,#11051,.F.);
#11227 = ORIENTED_EDGE('',*,*,#11009,.F.);
#11228 = PLANE('',#11229);
#11229 = AXIS2_PLACEMENT_3D('',#11230,#11231,#11232);
#11230 = CARTESIAN_POINT('',(8.75,4.35,4.497949762039));
#11231 = DIRECTION('',(-0.,-1.,-0.));
#11232 = DIRECTION('',(0.,0.,-1.));
#11233 = ADVANCED_FACE('',(#11234),#11242,.F.);
#11234 = FACE_BOUND('',#11235,.F.);
#11235 = EDGE_LOOP('',(#11236,#11237,#11238,#11239,#11240,#11241));
#11236 = ORIENTED_EDGE('',*,*,#10738,.F.);
#11237 = ORIENTED_EDGE('',*,*,#10228,.T.);
#11238 = ORIENTED_EDGE('',*,*,#10219,.T.);
#11239 = ORIENTED_EDGE('',*,*,#10683,.T.);
#11240 = ORIENTED_EDGE('',*,*,#11162,.F.);
#11241 = ORIENTED_EDGE('',*,*,#11171,.F.);
#11242 = CYLINDRICAL_SURFACE('',#11243,0.95);
#11243 = AXIS2_PLACEMENT_3D('',#11244,#11245,#11246);
#11244 = CARTESIAN_POINT('',(8.75,-5.E-02,7.35));
#11245 = DIRECTION('',(0.,1.,0.));
#11246 = DIRECTION('',(0.,-0.,1.));
#11247 = ADVANCED_FACE('',(#11248),#11256,.F.);
#11248 = FACE_BOUND('',#11249,.F.);
#11249 = EDGE_LOOP('',(#11250,#11251,#11252,#11253,#11254,#11255));
#11250 = ORIENTED_EDGE('',*,*,#10964,.T.);
#11251 = ORIENTED_EDGE('',*,*,#11209,.F.);
#11252 = ORIENTED_EDGE('',*,*,#11218,.F.);
#11253 = ORIENTED_EDGE('',*,*,#11130,.F.);
#11254 = ORIENTED_EDGE('',*,*,#11181,.T.);
#11255 = ORIENTED_EDGE('',*,*,#11190,.T.);
#11256 = CYLINDRICAL_SURFACE('',#11257,0.8);
#11257 = AXIS2_PLACEMENT_3D('',#11258,#11259,#11260);
#11258 = CARTESIAN_POINT('',(8.75,0.4,7.35));
#11259 = DIRECTION('',(0.,1.,0.));
#11260 = DIRECTION('',(0.,-0.,1.));
#11261 = ( GEOMETRIC_REPRESENTATION_CONTEXT(3)
GLOBAL_UNCERTAINTY_ASSIGNED_CONTEXT((#11265))
GLOBAL_UNIT_ASSIGNED_CONTEXT((#11262,#11263,#11264))
REPRESENTATION_CONTEXT('Context #1',
  '3D Context with UNIT and UNCERTAINTY') );
#11262 = ( LENGTH_UNIT() NAMED_UNIT(*) SI_UNIT(.MILLI.,.METRE.) );
#11263 = ( NAMED_UNIT(*) PLANE_ANGLE_UNIT() SI_UNIT($,.RADIAN.) );
#11264 = ( NAMED_UNIT(*) SI_UNIT($,.STERADIAN.) SOLID_ANGLE_UNIT() );
#11265 = UNCERTAINTY_MEASURE_WITH_UNIT(LENGTH_MEASURE(1.E-07),#11262,
  'distance_accuracy_value','confusion accuracy');
#11266 = CONTEXT_DEPENDENT_SHAPE_REPRESENTATION(#11267,#11269);
#11267 = ( REPRESENTATION_RELATIONSHIP('','',#9905,#10)
REPRESENTATION_RELATIONSHIP_WITH_TRANSFORMATION(#11268)
SHAPE_REPRESENTATION_RELATIONSHIP() );
#11268 = ITEM_DEFINED_TRANSFORMATION('','',#11,#95);
#11269 = PRODUCT_DEFINITION_SHAPE('Placement','Placement of an item',
  #11270);
#11270 = NEXT_ASSEMBLY_USAGE_OCCURRENCE('21','Housing P6','',#5,#9900,$
  );
#11271 = PRODUCT_RELATED_PRODUCT_CATEGORY('part',$,(#9902));
#11272 = SHAPE_DEFINITION_REPRESENTATION(#11273,#11279);
#11273 = PRODUCT_DEFINITION_SHAPE('','',#11274);
#11274 = PRODUCT_DEFINITION('design','',#11275,#11278);
#11275 = PRODUCT_DEFINITION_FORMATION('','',#11276);
#11276 = PRODUCT('Actuator P6','Actuator P6','',(#11277));
#11277 = PRODUCT_CONTEXT('',#2,'mechanical');
#11278 = PRODUCT_DEFINITION_CONTEXT('part definition',#2,'design');
#11279 = ADVANCED_BREP_SHAPE_REPRESENTATION('',(#11,#11280),#11498);
#11280 = MANIFOLD_SOLID_BREP('',#11281);
#11281 = CLOSED_SHELL('',(#11282,#11322,#11353,#11384,#11415,#11448,
    #11470,#11484));
#11282 = ADVANCED_FACE('',(#11283),#11317,.T.);
#11283 = FACE_BOUND('',#11284,.T.);
#11284 = EDGE_LOOP('',(#11285,#11295,#11303,#11311));
#11285 = ORIENTED_EDGE('',*,*,#11286,.T.);
#11286 = EDGE_CURVE('',#11287,#11289,#11291,.T.);
#11287 = VERTEX_POINT('',#11288);
#11288 = CARTESIAN_POINT('',(7.4,-0.35,10.6));
#11289 = VERTEX_POINT('',#11290);
#11290 = CARTESIAN_POINT('',(10.1,-0.35,10.6));
#11291 = LINE('',#11292,#11293);
#11292 = CARTESIAN_POINT('',(7.4,-0.35,10.6));
#11293 = VECTOR('',#11294,1.);
#11294 = DIRECTION('',(1.,0.,0.));
#11295 = ORIENTED_EDGE('',*,*,#11296,.T.);
#11296 = EDGE_CURVE('',#11289,#11297,#11299,.T.);
#11297 = VERTEX_POINT('',#11298);
#11298 = CARTESIAN_POINT('',(10.1,9.45,10.6));
#11299 = LINE('',#11300,#11301);
#11300 = CARTESIAN_POINT('',(10.1,-0.35,10.6));
#11301 = VECTOR('',#11302,1.);
#11302 = DIRECTION('',(0.,1.,0.));
#11303 = ORIENTED_EDGE('',*,*,#11304,.F.);
#11304 = EDGE_CURVE('',#11305,#11297,#11307,.T.);
#11305 = VERTEX_POINT('',#11306);
#11306 = CARTESIAN_POINT('',(7.4,9.45,10.6));
#11307 = LINE('',#11308,#11309);
#11308 = CARTESIAN_POINT('',(7.4,9.45,10.6));
#11309 = VECTOR('',#11310,1.);
#11310 = DIRECTION('',(1.,0.,0.));
#11311 = ORIENTED_EDGE('',*,*,#11312,.F.);
#11312 = EDGE_CURVE('',#11287,#11305,#11313,.T.);
#11313 = LINE('',#11314,#11315);
#11314 = CARTESIAN_POINT('',(7.4,-0.35,10.6));
#11315 = VECTOR('',#11316,1.);
#11316 = DIRECTION('',(0.,1.,0.));
#11317 = PLANE('',#11318);
#11318 = AXIS2_PLACEMENT_3D('',#11319,#11320,#11321);
#11319 = CARTESIAN_POINT('',(7.4,-0.35,10.6));
#11320 = DIRECTION('',(0.,0.,1.));
#11321 = DIRECTION('',(0.,1.,0.));
#11322 = ADVANCED_FACE('',(#11323),#11348,.T.);
#11323 = FACE_BOUND('',#11324,.T.);
#11324 = EDGE_LOOP('',(#11325,#11335,#11341,#11342));
#11325 = ORIENTED_EDGE('',*,*,#11326,.T.);
#11326 = EDGE_CURVE('',#11327,#11329,#11331,.T.);
#11327 = VERTEX_POINT('',#11328);
#11328 = CARTESIAN_POINT('',(7.4,1.25,8.6));
#11329 = VERTEX_POINT('',#11330);
#11330 = CARTESIAN_POINT('',(10.1,1.25,8.6));
#11331 = LINE('',#11332,#11333);
#11332 = CARTESIAN_POINT('',(7.4,1.25,8.6));
#11333 = VECTOR('',#11334,1.);
#11334 = DIRECTION('',(1.,0.,0.));
#11335 = ORIENTED_EDGE('',*,*,#11336,.T.);
#11336 = EDGE_CURVE('',#11329,#11289,#11337,.T.);
#11337 = LINE('',#11338,#11339);
#11338 = CARTESIAN_POINT('',(10.1,1.25,8.6));
#11339 = VECTOR('',#11340,1.);
#11340 = DIRECTION('',(0.,-0.624695047554,0.780868809443));
#11341 = ORIENTED_EDGE('',*,*,#11286,.F.);
#11342 = ORIENTED_EDGE('',*,*,#11343,.F.);
#11343 = EDGE_CURVE('',#11327,#11287,#11344,.T.);
#11344 = LINE('',#11345,#11346);
#11345 = CARTESIAN_POINT('',(7.4,1.25,8.6));
#11346 = VECTOR('',#11347,1.);
#11347 = DIRECTION('',(0.,-0.624695047554,0.780868809443));
#11348 = PLANE('',#11349);
#11349 = AXIS2_PLACEMENT_3D('',#11350,#11351,#11352);
#11350 = CARTESIAN_POINT('',(7.4,1.25,8.6));
#11351 = DIRECTION('',(0.,-0.780868809443,-0.624695047554));
#11352 = DIRECTION('',(0.,-0.624695047554,0.780868809443));
#11353 = ADVANCED_FACE('',(#11354),#11379,.T.);
#11354 = FACE_BOUND('',#11355,.T.);
#11355 = EDGE_LOOP('',(#11356,#11364,#11365,#11373));
#11356 = ORIENTED_EDGE('',*,*,#11357,.F.);
#11357 = EDGE_CURVE('',#11305,#11358,#11360,.T.);
#11358 = VERTEX_POINT('',#11359);
#11359 = CARTESIAN_POINT('',(7.4,9.45,9.565923489271));
#11360 = LINE('',#11361,#11362);
#11361 = CARTESIAN_POINT('',(7.4,9.45,10.6));
#11362 = VECTOR('',#11363,1.);
#11363 = DIRECTION('',(0.,0.,-1.));
#11364 = ORIENTED_EDGE('',*,*,#11304,.T.);
#11365 = ORIENTED_EDGE('',*,*,#11366,.T.);
#11366 = EDGE_CURVE('',#11297,#11367,#11369,.T.);
#11367 = VERTEX_POINT('',#11368);
#11368 = CARTESIAN_POINT('',(10.1,9.45,9.565923489271));
#11369 = LINE('',#11370,#11371);
#11370 = CARTESIAN_POINT('',(10.1,9.45,10.6));
#11371 = VECTOR('',#11372,1.);
#11372 = DIRECTION('',(0.,0.,-1.));
#11373 = ORIENTED_EDGE('',*,*,#11374,.F.);
#11374 = EDGE_CURVE('',#11358,#11367,#11375,.T.);
#11375 = LINE('',#11376,#11377);
#11376 = CARTESIAN_POINT('',(7.4,9.45,9.565923489271));
#11377 = VECTOR('',#11378,1.);
#11378 = DIRECTION('',(1.,0.,0.));
#11379 = PLANE('',#11380);
#11380 = AXIS2_PLACEMENT_3D('',#11381,#11382,#11383);
#11381 = CARTESIAN_POINT('',(7.4,9.45,10.6));
#11382 = DIRECTION('',(-0.,1.,0.));
#11383 = DIRECTION('',(0.,0.,-1.));
#11384 = ADVANCED_FACE('',(#11385),#11410,.T.);
#11385 = FACE_BOUND('',#11386,.T.);
#11386 = EDGE_LOOP('',(#11387,#11397,#11403,#11404));
#11387 = ORIENTED_EDGE('',*,*,#11388,.T.);
#11388 = EDGE_CURVE('',#11389,#11391,#11393,.T.);
#11389 = VERTEX_POINT('',#11390);
#11390 = CARTESIAN_POINT('',(7.4,9.45,8.6));
#11391 = VERTEX_POINT('',#11392);
#11392 = CARTESIAN_POINT('',(10.1,9.45,8.6));
#11393 = LINE('',#11394,#11395);
#11394 = CARTESIAN_POINT('',(7.4,9.45,8.6));
#11395 = VECTOR('',#11396,1.);
#11396 = DIRECTION('',(1.,0.,0.));
#11397 = ORIENTED_EDGE('',*,*,#11398,.T.);
#11398 = EDGE_CURVE('',#11391,#11329,#11399,.T.);
#11399 = LINE('',#11400,#11401);
#11400 = CARTESIAN_POINT('',(10.1,9.45,8.6));
#11401 = VECTOR('',#11402,1.);
#11402 = DIRECTION('',(0.,-1.,0.));
#11403 = ORIENTED_EDGE('',*,*,#11326,.F.);
#11404 = ORIENTED_EDGE('',*,*,#11405,.F.);
#11405 = EDGE_CURVE('',#11389,#11327,#11406,.T.);
#11406 = LINE('',#11407,#11408);
#11407 = CARTESIAN_POINT('',(7.4,9.45,8.6));
#11408 = VECTOR('',#11409,1.);
#11409 = DIRECTION('',(0.,-1.,0.));
#11410 = PLANE('',#11411);
#11411 = AXIS2_PLACEMENT_3D('',#11412,#11413,#11414);
#11412 = CARTESIAN_POINT('',(7.4,9.45,8.6));
#11413 = DIRECTION('',(0.,0.,-1.));
#11414 = DIRECTION('',(0.,-1.,0.));
#11415 = ADVANCED_FACE('',(#11416),#11443,.T.);
#11416 = FACE_BOUND('',#11417,.T.);
#11417 = EDGE_LOOP('',(#11418,#11427,#11435,#11442));
#11418 = ORIENTED_EDGE('',*,*,#11419,.F.);
#11419 = EDGE_CURVE('',#11420,#11367,#11422,.T.);
#11420 = VERTEX_POINT('',#11421);
#11421 = CARTESIAN_POINT('',(10.1,9.45,8.834076510729));
#11422 = CIRCLE('',#11423,0.58);
#11423 = AXIS2_PLACEMENT_3D('',#11424,#11425,#11426);
#11424 = CARTESIAN_POINT('',(10.1,9.,9.2));
#11425 = DIRECTION('',(1.,0.,0.));
#11426 = DIRECTION('',(-0.,0.,1.));
#11427 = ORIENTED_EDGE('',*,*,#11428,.F.);
#11428 = EDGE_CURVE('',#11429,#11420,#11431,.T.);
#11429 = VERTEX_POINT('',#11430);
#11430 = CARTESIAN_POINT('',(7.4,9.45,8.834076510729));
#11431 = LINE('',#11432,#11433);
#11432 = CARTESIAN_POINT('',(7.4,9.45,8.834076510729));
#11433 = VECTOR('',#11434,1.);
#11434 = DIRECTION('',(1.,0.,0.));
#11435 = ORIENTED_EDGE('',*,*,#11436,.T.);
#11436 = EDGE_CURVE('',#11429,#11358,#11437,.T.);
#11437 = CIRCLE('',#11438,0.58);
#11438 = AXIS2_PLACEMENT_3D('',#11439,#11440,#11441);
#11439 = CARTESIAN_POINT('',(7.4,9.,9.2));
#11440 = DIRECTION('',(1.,0.,0.));
#11441 = DIRECTION('',(-0.,0.,1.));
#11442 = ORIENTED_EDGE('',*,*,#11374,.T.);
#11443 = CYLINDRICAL_SURFACE('',#11444,0.58);
#11444 = AXIS2_PLACEMENT_3D('',#11445,#11446,#11447);
#11445 = CARTESIAN_POINT('',(7.4,9.,9.2));
#11446 = DIRECTION('',(1.,0.,0.));
#11447 = DIRECTION('',(-0.,0.,1.));
#11448 = ADVANCED_FACE('',(#11449),#11465,.T.);
#11449 = FACE_BOUND('',#11450,.T.);
#11450 = EDGE_LOOP('',(#11451,#11457,#11458,#11464));
#11451 = ORIENTED_EDGE('',*,*,#11452,.F.);
#11452 = EDGE_CURVE('',#11429,#11389,#11453,.T.);
#11453 = LINE('',#11454,#11455);
#11454 = CARTESIAN_POINT('',(7.4,9.45,10.6));
#11455 = VECTOR('',#11456,1.);
#11456 = DIRECTION('',(0.,0.,-1.));
#11457 = ORIENTED_EDGE('',*,*,#11428,.T.);
#11458 = ORIENTED_EDGE('',*,*,#11459,.T.);
#11459 = EDGE_CURVE('',#11420,#11391,#11460,.T.);
#11460 = LINE('',#11461,#11462);
#11461 = CARTESIAN_POINT('',(10.1,9.45,10.6));
#11462 = VECTOR('',#11463,1.);
#11463 = DIRECTION('',(0.,0.,-1.));
#11464 = ORIENTED_EDGE('',*,*,#11388,.F.);
#11465 = PLANE('',#11466);
#11466 = AXIS2_PLACEMENT_3D('',#11467,#11468,#11469);
#11467 = CARTESIAN_POINT('',(7.4,9.45,10.6));
#11468 = DIRECTION('',(-0.,1.,0.));
#11469 = DIRECTION('',(0.,0.,-1.));
#11470 = ADVANCED_FACE('',(#11471),#11479,.T.);
#11471 = FACE_BOUND('',#11472,.T.);
#11472 = EDGE_LOOP('',(#11473,#11474,#11475,#11476,#11477,#11478));
#11473 = ORIENTED_EDGE('',*,*,#11343,.T.);
#11474 = ORIENTED_EDGE('',*,*,#11312,.T.);
#11475 = ORIENTED_EDGE('',*,*,#11357,.T.);
#11476 = ORIENTED_EDGE('',*,*,#11436,.F.);
#11477 = ORIENTED_EDGE('',*,*,#11452,.T.);
#11478 = ORIENTED_EDGE('',*,*,#11405,.T.);
#11479 = PLANE('',#11480);
#11480 = AXIS2_PLACEMENT_3D('',#11481,#11482,#11483);
#11481 = CARTESIAN_POINT('',(7.4,4.823284092834,9.669808456553));
#11482 = DIRECTION('',(-1.,-0.,-0.));
#11483 = DIRECTION('',(0.,0.,-1.));
#11484 = ADVANCED_FACE('',(#11485),#11493,.T.);
#11485 = FACE_BOUND('',#11486,.T.);
#11486 = EDGE_LOOP('',(#11487,#11488,#11489,#11490,#11491,#11492));
#11487 = ORIENTED_EDGE('',*,*,#11336,.F.);
#11488 = ORIENTED_EDGE('',*,*,#11398,.F.);
#11489 = ORIENTED_EDGE('',*,*,#11459,.F.);
#11490 = ORIENTED_EDGE('',*,*,#11419,.T.);
#11491 = ORIENTED_EDGE('',*,*,#11366,.F.);
#11492 = ORIENTED_EDGE('',*,*,#11296,.F.);
#11493 = PLANE('',#11494);
#11494 = AXIS2_PLACEMENT_3D('',#11495,#11496,#11497);
#11495 = CARTESIAN_POINT('',(10.1,4.823284092834,9.669808456553));
#11496 = DIRECTION('',(1.,0.,0.));
#11497 = DIRECTION('',(-0.,0.,1.));
#11498 = ( GEOMETRIC_REPRESENTATION_CONTEXT(3)
GLOBAL_UNCERTAINTY_ASSIGNED_CONTEXT((#11502))
GLOBAL_UNIT_ASSIGNED_CONTEXT((#11499,#11500,#11501))
REPRESENTATION_CONTEXT('Context #1',
  '3D Context with UNIT and UNCERTAINTY') );
#11499 = ( LENGTH_UNIT() NAMED_UNIT(*) SI_UNIT(.MILLI.,.METRE.) );
#11500 = ( NAMED_UNIT(*) PLANE_ANGLE_UNIT() SI_UNIT($,.RADIAN.) );
#11501 = ( NAMED_UNIT(*) SI_UNIT($,.STERADIAN.) SOLID_ANGLE_UNIT() );
#11502 = UNCERTAINTY_MEASURE_WITH_UNIT(LENGTH_MEASURE(1.E-07),#11499,
  'distance_accuracy_value','confusion accuracy');
#11503 = CONTEXT_DEPENDENT_SHAPE_REPRESENTATION(#11504,#11506);
#11504 = ( REPRESENTATION_RELATIONSHIP('','',#11279,#10)
REPRESENTATION_RELATIONSHIP_WITH_TRANSFORMATION(#11505)
SHAPE_REPRESENTATION_RELATIONSHIP() );
#11505 = ITEM_DEFINED_TRANSFORMATION('','',#11,#99);
#11506 = PRODUCT_DEFINITION_SHAPE('Placement','Placement of an item',
  #11507);
#11507 = NEXT_ASSEMBLY_USAGE_OCCURRENCE('22','Actuator P6','',#5,#11274,
  $);
#11508 = PRODUCT_RELATED_PRODUCT_CATEGORY('part',$,(#11276));
#11509 = SHAPE_DEFINITION_REPRESENTATION(#11510,#11516);
#11510 = PRODUCT_DEFINITION_SHAPE('','',#11511);
#11511 = PRODUCT_DEFINITION('design','',#11512,#11515);
#11512 = PRODUCT_DEFINITION_FORMATION('','',#11513);
#11513 = PRODUCT('Terminal Pin P6 A','Terminal Pin P6 A','',(#11514));
#11514 = PRODUCT_CONTEXT('',#2,'mechanical');
#11515 = PRODUCT_DEFINITION_CONTEXT('part definition',#2,'design');
#11516 = ADVANCED_BREP_SHAPE_REPRESENTATION('',(#11,#11517),#11667);
#11517 = MANIFOLD_SOLID_BREP('',#11518);
#11518 = CLOSED_SHELL('',(#11519,#11559,#11599,#11621,#11643,#11655));
#11519 = ADVANCED_FACE('',(#11520),#11554,.F.);
#11520 = FACE_BOUND('',#11521,.F.);
#11521 = EDGE_LOOP('',(#11522,#11532,#11540,#11548));
#11522 = ORIENTED_EDGE('',*,*,#11523,.F.);
#11523 = EDGE_CURVE('',#11524,#11526,#11528,.T.);
#11524 = VERTEX_POINT('',#11525);
#11525 = CARTESIAN_POINT('',(8.85,4.35,-3.5));
#11526 = VERTEX_POINT('',#11527);
#11527 = CARTESIAN_POINT('',(8.85,4.35,0.));
#11528 = LINE('',#11529,#11530);
#11529 = CARTESIAN_POINT('',(8.85,4.35,-3.5));
#11530 = VECTOR('',#11531,1.);
#11531 = DIRECTION('',(0.,0.,1.));
#11532 = ORIENTED_EDGE('',*,*,#11533,.T.);
#11533 = EDGE_CURVE('',#11524,#11534,#11536,.T.);
#11534 = VERTEX_POINT('',#11535);
#11535 = CARTESIAN_POINT('',(8.85,4.85,-3.5));
#11536 = LINE('',#11537,#11538);
#11537 = CARTESIAN_POINT('',(8.85,4.35,-3.5));
#11538 = VECTOR('',#11539,1.);
#11539 = DIRECTION('',(-0.,1.,0.));
#11540 = ORIENTED_EDGE('',*,*,#11541,.T.);
#11541 = EDGE_CURVE('',#11534,#11542,#11544,.T.);
#11542 = VERTEX_POINT('',#11543);
#11543 = CARTESIAN_POINT('',(8.85,4.85,0.));
#11544 = LINE('',#11545,#11546);
#11545 = CARTESIAN_POINT('',(8.85,4.85,-3.5));
#11546 = VECTOR('',#11547,1.);
#11547 = DIRECTION('',(0.,0.,1.));
#11548 = ORIENTED_EDGE('',*,*,#11549,.F.);
#11549 = EDGE_CURVE('',#11526,#11542,#11550,.T.);
#11550 = LINE('',#11551,#11552);
#11551 = CARTESIAN_POINT('',(8.85,4.35,0.));
#11552 = VECTOR('',#11553,1.);
#11553 = DIRECTION('',(-0.,1.,0.));
#11554 = PLANE('',#11555);
#11555 = AXIS2_PLACEMENT_3D('',#11556,#11557,#11558);
#11556 = CARTESIAN_POINT('',(8.85,4.35,-3.5));
#11557 = DIRECTION('',(1.,0.,-0.));
#11558 = DIRECTION('',(0.,0.,1.));
#11559 = ADVANCED_FACE('',(#11560),#11594,.T.);
#11560 = FACE_BOUND('',#11561,.T.);
#11561 = EDGE_LOOP('',(#11562,#11572,#11580,#11588));
#11562 = ORIENTED_EDGE('',*,*,#11563,.F.);
#11563 = EDGE_CURVE('',#11564,#11566,#11568,.T.);
#11564 = VERTEX_POINT('',#11565);
#11565 = CARTESIAN_POINT('',(9.65,4.35,-3.5));
#11566 = VERTEX_POINT('',#11567);
#11567 = CARTESIAN_POINT('',(9.65,4.35,0.));
#11568 = LINE('',#11569,#11570);
#11569 = CARTESIAN_POINT('',(9.65,4.35,-3.5));
#11570 = VECTOR('',#11571,1.);
#11571 = DIRECTION('',(0.,0.,1.));
#11572 = ORIENTED_EDGE('',*,*,#11573,.T.);
#11573 = EDGE_CURVE('',#11564,#11574,#11576,.T.);
#11574 = VERTEX_POINT('',#11575);
#11575 = CARTESIAN_POINT('',(9.65,4.85,-3.5));
#11576 = LINE('',#11577,#11578);
#11577 = CARTESIAN_POINT('',(9.65,4.35,-3.5));
#11578 = VECTOR('',#11579,1.);
#11579 = DIRECTION('',(-0.,1.,0.));
#11580 = ORIENTED_EDGE('',*,*,#11581,.T.);
#11581 = EDGE_CURVE('',#11574,#11582,#11584,.T.);
#11582 = VERTEX_POINT('',#11583);
#11583 = CARTESIAN_POINT('',(9.65,4.85,0.));
#11584 = LINE('',#11585,#11586);
#11585 = CARTESIAN_POINT('',(9.65,4.85,-3.5));
#11586 = VECTOR('',#11587,1.);
#11587 = DIRECTION('',(0.,0.,1.));
#11588 = ORIENTED_EDGE('',*,*,#11589,.F.);
#11589 = EDGE_CURVE('',#11566,#11582,#11590,.T.);
#11590 = LINE('',#11591,#11592);
#11591 = CARTESIAN_POINT('',(9.65,4.35,0.));
#11592 = VECTOR('',#11593,1.);
#11593 = DIRECTION('',(-0.,1.,0.));
#11594 = PLANE('',#11595);
#11595 = AXIS2_PLACEMENT_3D('',#11596,#11597,#11598);
#11596 = CARTESIAN_POINT('',(9.65,4.35,-3.5));
#11597 = DIRECTION('',(1.,0.,-0.));
#11598 = DIRECTION('',(0.,0.,1.));
#11599 = ADVANCED_FACE('',(#11600),#11616,.F.);
#11600 = FACE_BOUND('',#11601,.F.);
#11601 = EDGE_LOOP('',(#11602,#11608,#11609,#11615));
#11602 = ORIENTED_EDGE('',*,*,#11603,.F.);
#11603 = EDGE_CURVE('',#11524,#11564,#11604,.T.);
#11604 = LINE('',#11605,#11606);
#11605 = CARTESIAN_POINT('',(8.85,4.35,-3.5));
#11606 = VECTOR('',#11607,1.);
#11607 = DIRECTION('',(1.,0.,-0.));
#11608 = ORIENTED_EDGE('',*,*,#11523,.T.);
#11609 = ORIENTED_EDGE('',*,*,#11610,.T.);
#11610 = EDGE_CURVE('',#11526,#11566,#11611,.T.);
#11611 = LINE('',#11612,#11613);
#11612 = CARTESIAN_POINT('',(8.85,4.35,0.));
#11613 = VECTOR('',#11614,1.);
#11614 = DIRECTION('',(1.,0.,-0.));
#11615 = ORIENTED_EDGE('',*,*,#11563,.F.);
#11616 = PLANE('',#11617);
#11617 = AXIS2_PLACEMENT_3D('',#11618,#11619,#11620);
#11618 = CARTESIAN_POINT('',(8.85,4.35,-3.5));
#11619 = DIRECTION('',(-0.,1.,0.));
#11620 = DIRECTION('',(0.,0.,1.));
#11621 = ADVANCED_FACE('',(#11622),#11638,.T.);
#11622 = FACE_BOUND('',#11623,.T.);
#11623 = EDGE_LOOP('',(#11624,#11630,#11631,#11637));
#11624 = ORIENTED_EDGE('',*,*,#11625,.F.);
#11625 = EDGE_CURVE('',#11534,#11574,#11626,.T.);
#11626 = LINE('',#11627,#11628);
#11627 = CARTESIAN_POINT('',(8.85,4.85,-3.5));
#11628 = VECTOR('',#11629,1.);
#11629 = DIRECTION('',(1.,0.,-0.));
#11630 = ORIENTED_EDGE('',*,*,#11541,.T.);
#11631 = ORIENTED_EDGE('',*,*,#11632,.T.);
#11632 = EDGE_CURVE('',#11542,#11582,#11633,.T.);
#11633 = LINE('',#11634,#11635);
#11634 = CARTESIAN_POINT('',(8.85,4.85,0.));
#11635 = VECTOR('',#11636,1.);
#11636 = DIRECTION('',(1.,0.,-0.));
#11637 = ORIENTED_EDGE('',*,*,#11581,.F.);
#11638 = PLANE('',#11639);
#11639 = AXIS2_PLACEMENT_3D('',#11640,#11641,#11642);
#11640 = CARTESIAN_POINT('',(8.85,4.85,-3.5));
#11641 = DIRECTION('',(-0.,1.,0.));
#11642 = DIRECTION('',(0.,0.,1.));
#11643 = ADVANCED_FACE('',(#11644),#11650,.F.);
#11644 = FACE_BOUND('',#11645,.F.);
#11645 = EDGE_LOOP('',(#11646,#11647,#11648,#11649));
#11646 = ORIENTED_EDGE('',*,*,#11533,.F.);
#11647 = ORIENTED_EDGE('',*,*,#11603,.T.);
#11648 = ORIENTED_EDGE('',*,*,#11573,.T.);
#11649 = ORIENTED_EDGE('',*,*,#11625,.F.);
#11650 = PLANE('',#11651);
#11651 = AXIS2_PLACEMENT_3D('',#11652,#11653,#11654);
#11652 = CARTESIAN_POINT('',(8.85,4.35,-3.5));
#11653 = DIRECTION('',(0.,0.,1.));
#11654 = DIRECTION('',(1.,0.,-0.));
#11655 = ADVANCED_FACE('',(#11656),#11662,.T.);
#11656 = FACE_BOUND('',#11657,.T.);
#11657 = EDGE_LOOP('',(#11658,#11659,#11660,#11661));
#11658 = ORIENTED_EDGE('',*,*,#11549,.F.);
#11659 = ORIENTED_EDGE('',*,*,#11610,.T.);
#11660 = ORIENTED_EDGE('',*,*,#11589,.T.);
#11661 = ORIENTED_EDGE('',*,*,#11632,.F.);
#11662 = PLANE('',#11663);
#11663 = AXIS2_PLACEMENT_3D('',#11664,#11665,#11666);
#11664 = CARTESIAN_POINT('',(8.85,4.35,0.));
#11665 = DIRECTION('',(0.,0.,1.));
#11666 = DIRECTION('',(1.,0.,-0.));
#11667 = ( GEOMETRIC_REPRESENTATION_CONTEXT(3)
GLOBAL_UNCERTAINTY_ASSIGNED_CONTEXT((#11671))
GLOBAL_UNIT_ASSIGNED_CONTEXT((#11668,#11669,#11670))
REPRESENTATION_CONTEXT('Context #1',
  '3D Context with UNIT and UNCERTAINTY') );
#11668 = ( LENGTH_UNIT() NAMED_UNIT(*) SI_UNIT(.MILLI.,.METRE.) );
#11669 = ( NAMED_UNIT(*) PLANE_ANGLE_UNIT() SI_UNIT($,.RADIAN.) );
#11670 = ( NAMED_UNIT(*) SI_UNIT($,.STERADIAN.) SOLID_ANGLE_UNIT() );
#11671 = UNCERTAINTY_MEASURE_WITH_UNIT(LENGTH_MEASURE(1.E-07),#11668,
  'distance_accuracy_value','confusion accuracy');
#11672 = CONTEXT_DEPENDENT_SHAPE_REPRESENTATION(#11673,#11675);
#11673 = ( REPRESENTATION_RELATIONSHIP('','',#11516,#10)
REPRESENTATION_RELATIONSHIP_WITH_TRANSFORMATION(#11674)
SHAPE_REPRESENTATION_RELATIONSHIP() );
#11674 = ITEM_DEFINED_TRANSFORMATION('','',#11,#103);
#11675 = PRODUCT_DEFINITION_SHAPE('Placement','Placement of an item',
  #11676);
#11676 = NEXT_ASSEMBLY_USAGE_OCCURRENCE('23','Terminal Pin P6 A','',#5,
  #11511,$);
#11677 = PRODUCT_RELATED_PRODUCT_CATEGORY('part',$,(#11513));
#11678 = SHAPE_DEFINITION_REPRESENTATION(#11679,#11685);
#11679 = PRODUCT_DEFINITION_SHAPE('','',#11680);
#11680 = PRODUCT_DEFINITION('design','',#11681,#11684);
#11681 = PRODUCT_DEFINITION_FORMATION('','',#11682);
#11682 = PRODUCT('Terminal Pin P6 B','Terminal Pin P6 B','',(#11683));
#11683 = PRODUCT_CONTEXT('',#2,'mechanical');
#11684 = PRODUCT_DEFINITION_CONTEXT('part definition',#2,'design');
#11685 = ADVANCED_BREP_SHAPE_REPRESENTATION('',(#11,#11686),#11836);
#11686 = MANIFOLD_SOLID_BREP('',#11687);
#11687 = CLOSED_SHELL('',(#11688,#11728,#11768,#11790,#11812,#11824));
#11688 = ADVANCED_FACE('',(#11689),#11723,.F.);
#11689 = FACE_BOUND('',#11690,.F.);
#11690 = EDGE_LOOP('',(#11691,#11701,#11709,#11717));
#11691 = ORIENTED_EDGE('',*,*,#11692,.F.);
#11692 = EDGE_CURVE('',#11693,#11695,#11697,.T.);
#11693 = VERTEX_POINT('',#11694);
#11694 = CARTESIAN_POINT('',(8.85,9.35,-3.5));
#11695 = VERTEX_POINT('',#11696);
#11696 = CARTESIAN_POINT('',(8.85,9.35,0.));
#11697 = LINE('',#11698,#11699);
#11698 = CARTESIAN_POINT('',(8.85,9.35,-3.5));
#11699 = VECTOR('',#11700,1.);
#11700 = DIRECTION('',(0.,0.,1.));
#11701 = ORIENTED_EDGE('',*,*,#11702,.T.);
#11702 = EDGE_CURVE('',#11693,#11703,#11705,.T.);
#11703 = VERTEX_POINT('',#11704);
#11704 = CARTESIAN_POINT('',(8.85,9.85,-3.5));
#11705 = LINE('',#11706,#11707);
#11706 = CARTESIAN_POINT('',(8.85,9.35,-3.5));
#11707 = VECTOR('',#11708,1.);
#11708 = DIRECTION('',(-0.,1.,0.));
#11709 = ORIENTED_EDGE('',*,*,#11710,.T.);
#11710 = EDGE_CURVE('',#11703,#11711,#11713,.T.);
#11711 = VERTEX_POINT('',#11712);
#11712 = CARTESIAN_POINT('',(8.85,9.85,0.));
#11713 = LINE('',#11714,#11715);
#11714 = CARTESIAN_POINT('',(8.85,9.85,-3.5));
#11715 = VECTOR('',#11716,1.);
#11716 = DIRECTION('',(0.,0.,1.));
#11717 = ORIENTED_EDGE('',*,*,#11718,.F.);
#11718 = EDGE_CURVE('',#11695,#11711,#11719,.T.);
#11719 = LINE('',#11720,#11721);
#11720 = CARTESIAN_POINT('',(8.85,9.35,0.));
#11721 = VECTOR('',#11722,1.);
#11722 = DIRECTION('',(-0.,1.,0.));
#11723 = PLANE('',#11724);
#11724 = AXIS2_PLACEMENT_3D('',#11725,#11726,#11727);
#11725 = CARTESIAN_POINT('',(8.85,9.35,-3.5));
#11726 = DIRECTION('',(1.,0.,-0.));
#11727 = DIRECTION('',(0.,0.,1.));
#11728 = ADVANCED_FACE('',(#11729),#11763,.T.);
#11729 = FACE_BOUND('',#11730,.T.);
#11730 = EDGE_LOOP('',(#11731,#11741,#11749,#11757));
#11731 = ORIENTED_EDGE('',*,*,#11732,.F.);
#11732 = EDGE_CURVE('',#11733,#11735,#11737,.T.);
#11733 = VERTEX_POINT('',#11734);
#11734 = CARTESIAN_POINT('',(9.65,9.35,-3.5));
#11735 = VERTEX_POINT('',#11736);
#11736 = CARTESIAN_POINT('',(9.65,9.35,0.));
#11737 = LINE('',#11738,#11739);
#11738 = CARTESIAN_POINT('',(9.65,9.35,-3.5));
#11739 = VECTOR('',#11740,1.);
#11740 = DIRECTION('',(0.,0.,1.));
#11741 = ORIENTED_EDGE('',*,*,#11742,.T.);
#11742 = EDGE_CURVE('',#11733,#11743,#11745,.T.);
#11743 = VERTEX_POINT('',#11744);
#11744 = CARTESIAN_POINT('',(9.65,9.85,-3.5));
#11745 = LINE('',#11746,#11747);
#11746 = CARTESIAN_POINT('',(9.65,9.35,-3.5));
#11747 = VECTOR('',#11748,1.);
#11748 = DIRECTION('',(-0.,1.,0.));
#11749 = ORIENTED_EDGE('',*,*,#11750,.T.);
#11750 = EDGE_CURVE('',#11743,#11751,#11753,.T.);
#11751 = VERTEX_POINT('',#11752);
#11752 = CARTESIAN_POINT('',(9.65,9.85,0.));
#11753 = LINE('',#11754,#11755);
#11754 = CARTESIAN_POINT('',(9.65,9.85,-3.5));
#11755 = VECTOR('',#11756,1.);
#11756 = DIRECTION('',(0.,0.,1.));
#11757 = ORIENTED_EDGE('',*,*,#11758,.F.);
#11758 = EDGE_CURVE('',#11735,#11751,#11759,.T.);
#11759 = LINE('',#11760,#11761);
#11760 = CARTESIAN_POINT('',(9.65,9.35,0.));
#11761 = VECTOR('',#11762,1.);
#11762 = DIRECTION('',(-0.,1.,0.));
#11763 = PLANE('',#11764);
#11764 = AXIS2_PLACEMENT_3D('',#11765,#11766,#11767);
#11765 = CARTESIAN_POINT('',(9.65,9.35,-3.5));
#11766 = DIRECTION('',(1.,0.,-0.));
#11767 = DIRECTION('',(0.,0.,1.));
#11768 = ADVANCED_FACE('',(#11769),#11785,.F.);
#11769 = FACE_BOUND('',#11770,.F.);
#11770 = EDGE_LOOP('',(#11771,#11777,#11778,#11784));
#11771 = ORIENTED_EDGE('',*,*,#11772,.F.);
#11772 = EDGE_CURVE('',#11693,#11733,#11773,.T.);
#11773 = LINE('',#11774,#11775);
#11774 = CARTESIAN_POINT('',(8.85,9.35,-3.5));
#11775 = VECTOR('',#11776,1.);
#11776 = DIRECTION('',(1.,0.,-0.));
#11777 = ORIENTED_EDGE('',*,*,#11692,.T.);
#11778 = ORIENTED_EDGE('',*,*,#11779,.T.);
#11779 = EDGE_CURVE('',#11695,#11735,#11780,.T.);
#11780 = LINE('',#11781,#11782);
#11781 = CARTESIAN_POINT('',(8.85,9.35,0.));
#11782 = VECTOR('',#11783,1.);
#11783 = DIRECTION('',(1.,0.,-0.));
#11784 = ORIENTED_EDGE('',*,*,#11732,.F.);
#11785 = PLANE('',#11786);
#11786 = AXIS2_PLACEMENT_3D('',#11787,#11788,#11789);
#11787 = CARTESIAN_POINT('',(8.85,9.35,-3.5));
#11788 = DIRECTION('',(-0.,1.,0.));
#11789 = DIRECTION('',(0.,0.,1.));
#11790 = ADVANCED_FACE('',(#11791),#11807,.T.);
#11791 = FACE_BOUND('',#11792,.T.);
#11792 = EDGE_LOOP('',(#11793,#11799,#11800,#11806));
#11793 = ORIENTED_EDGE('',*,*,#11794,.F.);
#11794 = EDGE_CURVE('',#11703,#11743,#11795,.T.);
#11795 = LINE('',#11796,#11797);
#11796 = CARTESIAN_POINT('',(8.85,9.85,-3.5));
#11797 = VECTOR('',#11798,1.);
#11798 = DIRECTION('',(1.,0.,-0.));
#11799 = ORIENTED_EDGE('',*,*,#11710,.T.);
#11800 = ORIENTED_EDGE('',*,*,#11801,.T.);
#11801 = EDGE_CURVE('',#11711,#11751,#11802,.T.);
#11802 = LINE('',#11803,#11804);
#11803 = CARTESIAN_POINT('',(8.85,9.85,0.));
#11804 = VECTOR('',#11805,1.);
#11805 = DIRECTION('',(1.,0.,-0.));
#11806 = ORIENTED_EDGE('',*,*,#11750,.F.);
#11807 = PLANE('',#11808);
#11808 = AXIS2_PLACEMENT_3D('',#11809,#11810,#11811);
#11809 = CARTESIAN_POINT('',(8.85,9.85,-3.5));
#11810 = DIRECTION('',(-0.,1.,0.));
#11811 = DIRECTION('',(0.,0.,1.));
#11812 = ADVANCED_FACE('',(#11813),#11819,.F.);
#11813 = FACE_BOUND('',#11814,.F.);
#11814 = EDGE_LOOP('',(#11815,#11816,#11817,#11818));
#11815 = ORIENTED_EDGE('',*,*,#11702,.F.);
#11816 = ORIENTED_EDGE('',*,*,#11772,.T.);
#11817 = ORIENTED_EDGE('',*,*,#11742,.T.);
#11818 = ORIENTED_EDGE('',*,*,#11794,.F.);
#11819 = PLANE('',#11820);
#11820 = AXIS2_PLACEMENT_3D('',#11821,#11822,#11823);
#11821 = CARTESIAN_POINT('',(8.85,9.35,-3.5));
#11822 = DIRECTION('',(0.,0.,1.));
#11823 = DIRECTION('',(1.,0.,-0.));
#11824 = ADVANCED_FACE('',(#11825),#11831,.T.);
#11825 = FACE_BOUND('',#11826,.T.);
#11826 = EDGE_LOOP('',(#11827,#11828,#11829,#11830));
#11827 = ORIENTED_EDGE('',*,*,#11718,.F.);
#11828 = ORIENTED_EDGE('',*,*,#11779,.T.);
#11829 = ORIENTED_EDGE('',*,*,#11758,.T.);
#11830 = ORIENTED_EDGE('',*,*,#11801,.F.);
#11831 = PLANE('',#11832);
#11832 = AXIS2_PLACEMENT_3D('',#11833,#11834,#11835);
#11833 = CARTESIAN_POINT('',(8.85,9.35,0.));
#11834 = DIRECTION('',(0.,0.,1.));
#11835 = DIRECTION('',(1.,0.,-0.));
#11836 = ( GEOMETRIC_REPRESENTATION_CONTEXT(3)
GLOBAL_UNCERTAINTY_ASSIGNED_CONTEXT((#11840))
GLOBAL_UNIT_ASSIGNED_CONTEXT((#11837,#11838,#11839))
REPRESENTATION_CONTEXT('Context #1',
  '3D Context with UNIT and UNCERTAINTY') );
#11837 = ( LENGTH_UNIT() NAMED_UNIT(*) SI_UNIT(.MILLI.,.METRE.) );
#11838 = ( NAMED_UNIT(*) PLANE_ANGLE_UNIT() SI_UNIT($,.RADIAN.) );
#11839 = ( NAMED_UNIT(*) SI_UNIT($,.STERADIAN.) SOLID_ANGLE_UNIT() );
#11840 = UNCERTAINTY_MEASURE_WITH_UNIT(LENGTH_MEASURE(1.E-07),#11837,
  'distance_accuracy_value','confusion accuracy');
#11841 = CONTEXT_DEPENDENT_SHAPE_REPRESENTATION(#11842,#11844);
#11842 = ( REPRESENTATION_RELATIONSHIP('','',#11685,#10)
REPRESENTATION_RELATIONSHIP_WITH_TRANSFORMATION(#11843)
SHAPE_REPRESENTATION_RELATIONSHIP() );
#11843 = ITEM_DEFINED_TRANSFORMATION('','',#11,#107);
#11844 = PRODUCT_DEFINITION_SHAPE('Placement','Placement of an item',
  #11845);
#11845 = NEXT_ASSEMBLY_USAGE_OCCURRENCE('24','Terminal Pin P6 B','',#5,
  #11680,$);
#11846 = PRODUCT_RELATED_PRODUCT_CATEGORY('part',$,(#11682));
#11847 = SHAPE_DEFINITION_REPRESENTATION(#11848,#11854);
#11848 = PRODUCT_DEFINITION_SHAPE('','',#11849);
#11849 = PRODUCT_DEFINITION('design','',#11850,#11853);
#11850 = PRODUCT_DEFINITION_FORMATION('','',#11851);
#11851 = PRODUCT('Housing P7','Housing P7','',(#11852));
#11852 = PRODUCT_CONTEXT('',#2,'mechanical');
#11853 = PRODUCT_DEFINITION_CONTEXT('part definition',#2,'design');
#11854 = ADVANCED_BREP_SHAPE_REPRESENTATION('',(#11,#11855),#13210);
#11855 = MANIFOLD_SOLID_BREP('',#11856);
#11856 = CLOSED_SHELL('',(#11857,#11905,#11938,#12029,#12054,#12087,
    #12120,#12221,#12238,#12263,#12295,#12320,#12360,#12392,#12416,
    #12441,#12458,#12475,#12506,#12537,#12555,#12586,#12611,#12642,
    #12666,#12697,#12714,#12738,#12756,#12773,#12785,#12802,#12814,
    #12832,#12843,#12892,#12923,#12954,#12987,#13018,#13058,#13089,
    #13105,#13151,#13182,#13196));
#11857 = ADVANCED_FACE('',(#11858),#11900,.F.);
#11858 = FACE_BOUND('',#11859,.F.);
#11859 = EDGE_LOOP('',(#11860,#11870,#11878,#11886,#11894));
#11860 = ORIENTED_EDGE('',*,*,#11861,.F.);
#11861 = EDGE_CURVE('',#11862,#11864,#11866,.T.);
#11862 = VERTEX_POINT('',#11863);
#11863 = CARTESIAN_POINT('',(3.5,0.3,0.3));
#11864 = VERTEX_POINT('',#11865);
#11865 = CARTESIAN_POINT('',(3.5,0.3,9.086363636364));
#11866 = LINE('',#11867,#11868);
#11867 = CARTESIAN_POINT('',(3.5,0.3,0.));
#11868 = VECTOR('',#11869,1.);
#11869 = DIRECTION('',(0.,0.,1.));
#11870 = ORIENTED_EDGE('',*,*,#11871,.T.);
#11871 = EDGE_CURVE('',#11862,#11872,#11874,.T.);
#11872 = VERTEX_POINT('',#11873);
#11873 = CARTESIAN_POINT('',(3.5,12.2,0.3));
#11874 = LINE('',#11875,#11876);
#11875 = CARTESIAN_POINT('',(3.5,0.,0.3));
#11876 = VECTOR('',#11877,1.);
#11877 = DIRECTION('',(-0.,1.,0.));
#11878 = ORIENTED_EDGE('',*,*,#11879,.T.);
#11879 = EDGE_CURVE('',#11872,#11880,#11882,.T.);
#11880 = VERTEX_POINT('',#11881);
#11881 = CARTESIAN_POINT('',(3.5,12.2,10.3));
#11882 = LINE('',#11883,#11884);
#11883 = CARTESIAN_POINT('',(3.5,12.2,0.));
#11884 = VECTOR('',#11885,1.);
#11885 = DIRECTION('',(0.,0.,1.));
#11886 = ORIENTED_EDGE('',*,*,#11887,.F.);
#11887 = EDGE_CURVE('',#11888,#11880,#11890,.T.);
#11888 = VERTEX_POINT('',#11889);
#11889 = CARTESIAN_POINT('',(3.5,1.743243243243,10.3));
#11890 = LINE('',#11891,#11892);
#11891 = CARTESIAN_POINT('',(3.5,0.,10.3));
#11892 = VECTOR('',#11893,1.);
#11893 = DIRECTION('',(-0.,1.,0.));
#11894 = ORIENTED_EDGE('',*,*,#11895,.F.);
#11895 = EDGE_CURVE('',#11864,#11888,#11896,.T.);
#11896 = LINE('',#11897,#11898);
#11897 = CARTESIAN_POINT('',(3.5,-1.125779122542,7.88741301059));
#11898 = VECTOR('',#11899,1.);
#11899 = DIRECTION('',(0.,0.765362085905,0.643599935875));
#11900 = PLANE('',#11901);
#11901 = AXIS2_PLACEMENT_3D('',#11902,#11903,#11904);
#11902 = CARTESIAN_POINT('',(3.5,0.,0.));
#11903 = DIRECTION('',(1.,0.,-0.));
#11904 = DIRECTION('',(0.,0.,1.));
#11905 = ADVANCED_FACE('',(#11906),#11933,.T.);
#11906 = FACE_BOUND('',#11907,.T.);
#11907 = EDGE_LOOP('',(#11908,#11909,#11918,#11926));
#11908 = ORIENTED_EDGE('',*,*,#11861,.F.);
#11909 = ORIENTED_EDGE('',*,*,#11910,.T.);
#11910 = EDGE_CURVE('',#11862,#11911,#11913,.T.);
#11911 = VERTEX_POINT('',#11912);
#11912 = CARTESIAN_POINT('',(3.8,-5.551115123126E-17,0.3));
#11913 = CIRCLE('',#11914,0.3);
#11914 = AXIS2_PLACEMENT_3D('',#11915,#11916,#11917);
#11915 = CARTESIAN_POINT('',(3.8,0.3,0.3));
#11916 = DIRECTION('',(0.,0.,1.));
#11917 = DIRECTION('',(-1.,0.,0.));
#11918 = ORIENTED_EDGE('',*,*,#11919,.T.);
#11919 = EDGE_CURVE('',#11911,#11920,#11922,.T.);
#11920 = VERTEX_POINT('',#11921);
#11921 = CARTESIAN_POINT('',(3.8,-5.551115123126E-17,8.834090909091));
#11922 = LINE('',#11923,#11924);
#11923 = CARTESIAN_POINT('',(3.8,-5.551115123126E-17,0.));
#11924 = VECTOR('',#11925,1.);
#11925 = DIRECTION('',(0.,0.,1.));
#11926 = ORIENTED_EDGE('',*,*,#11927,.T.);
#11927 = EDGE_CURVE('',#11920,#11864,#11928,.T.);
#11928 = ELLIPSE('',#11929,0.391971336867,0.3);
#11929 = AXIS2_PLACEMENT_3D('',#11930,#11931,#11932);
#11930 = CARTESIAN_POINT('',(3.8,0.3,9.086363636364));
#11931 = DIRECTION('',(0.,0.643599935875,-0.765362085905));
#11932 = DIRECTION('',(0.,0.765362085905,0.643599935875));
#11933 = CYLINDRICAL_SURFACE('',#11934,0.3);
#11934 = AXIS2_PLACEMENT_3D('',#11935,#11936,#11937);
#11935 = CARTESIAN_POINT('',(3.8,0.3,0.));
#11936 = DIRECTION('',(0.,0.,1.));
#11937 = DIRECTION('',(-1.,-0.,0.));
#11938 = ADVANCED_FACE('',(#11939),#12024,.F.);
#11939 = FACE_BOUND('',#11940,.F.);
#11940 = EDGE_LOOP('',(#11941,#11950,#11958,#11966,#11974,#11982,#11990,
    #11999,#12007,#12016,#12022,#12023));
#11941 = ORIENTED_EDGE('',*,*,#11942,.T.);
#11942 = EDGE_CURVE('',#11888,#11943,#11945,.T.);
#11943 = VERTEX_POINT('',#11944);
#11944 = CARTESIAN_POINT('',(3.8,2.1,10.6));
#11945 = ELLIPSE('',#11946,0.466128076275,0.3);
#11946 = AXIS2_PLACEMENT_3D('',#11947,#11948,#11949);
#11947 = CARTESIAN_POINT('',(3.8,1.743243243243,10.3));
#11948 = DIRECTION('',(0.,0.643599935875,-0.765362085905));
#11949 = DIRECTION('',(0.,0.765362085905,0.643599935875));
#11950 = ORIENTED_EDGE('',*,*,#11951,.T.);
#11951 = EDGE_CURVE('',#11943,#11952,#11954,.T.);
#11952 = VERTEX_POINT('',#11953);
#11953 = CARTESIAN_POINT('',(3.84,2.1,10.6));
#11954 = LINE('',#11955,#11956);
#11955 = CARTESIAN_POINT('',(3.4,2.1,10.6));
#11956 = VECTOR('',#11957,1.);
#11957 = DIRECTION('',(1.,0.,0.));
#11958 = ORIENTED_EDGE('',*,*,#11959,.T.);
#11959 = EDGE_CURVE('',#11952,#11960,#11962,.T.);
#11960 = VERTEX_POINT('',#11961);
#11961 = CARTESIAN_POINT('',(3.84,0.589585439838,9.329878665319));
#11962 = LINE('',#11963,#11964);
#11963 = CARTESIAN_POINT('',(3.84,2.697145719937,11.102145264493));
#11964 = VECTOR('',#11965,1.);
#11965 = DIRECTION('',(0.,-0.765362085905,-0.643599935875));
#11966 = ORIENTED_EDGE('',*,*,#11967,.T.);
#11967 = EDGE_CURVE('',#11960,#11968,#11970,.T.);
#11968 = VERTEX_POINT('',#11969);
#11969 = CARTESIAN_POINT('',(6.66,0.589585439838,9.329878665319));
#11970 = LINE('',#11971,#11972);
#11971 = CARTESIAN_POINT('',(3.62,0.589585439838,9.329878665319));
#11972 = VECTOR('',#11973,1.);
#11973 = DIRECTION('',(1.,0.,0.));
#11974 = ORIENTED_EDGE('',*,*,#11975,.F.);
#11975 = EDGE_CURVE('',#11976,#11968,#11978,.T.);
#11976 = VERTEX_POINT('',#11977);
#11977 = CARTESIAN_POINT('',(6.66,2.1,10.6));
#11978 = LINE('',#11979,#11980);
#11979 = CARTESIAN_POINT('',(6.66,2.697145719937,11.102145264493));
#11980 = VECTOR('',#11981,1.);
#11981 = DIRECTION('',(0.,-0.765362085905,-0.643599935875));
#11982 = ORIENTED_EDGE('',*,*,#11983,.T.);
#11983 = EDGE_CURVE('',#11976,#11984,#11986,.T.);
#11984 = VERTEX_POINT('',#11985);
#11985 = CARTESIAN_POINT('',(6.7,2.1,10.6));
#11986 = LINE('',#11987,#11988);
#11987 = CARTESIAN_POINT('',(3.4,2.1,10.6));
#11988 = VECTOR('',#11989,1.);
#11989 = DIRECTION('',(1.,0.,0.));
#11990 = ORIENTED_EDGE('',*,*,#11991,.T.);
#11991 = EDGE_CURVE('',#11984,#11992,#11994,.T.);
#11992 = VERTEX_POINT('',#11993);
#11993 = CARTESIAN_POINT('',(7.,1.743243243243,10.3));
#11994 = ELLIPSE('',#11995,0.466128076275,0.3);
#11995 = AXIS2_PLACEMENT_3D('',#11996,#11997,#11998);
#11996 = CARTESIAN_POINT('',(6.7,1.743243243243,10.3));
#11997 = DIRECTION('',(0.,0.643599935875,-0.765362085905));
#11998 = DIRECTION('',(0.,0.765362085905,0.643599935875));
#11999 = ORIENTED_EDGE('',*,*,#12000,.F.);
#12000 = EDGE_CURVE('',#12001,#11992,#12003,.T.);
#12001 = VERTEX_POINT('',#12002);
#12002 = CARTESIAN_POINT('',(7.,0.3,9.086363636364));
#12003 = LINE('',#12004,#12005);
#12004 = CARTESIAN_POINT('',(7.,-1.125779122542,7.88741301059));
#12005 = VECTOR('',#12006,1.);
#12006 = DIRECTION('',(0.,0.765362085905,0.643599935875));
#12007 = ORIENTED_EDGE('',*,*,#12008,.T.);
#12008 = EDGE_CURVE('',#12001,#12009,#12011,.T.);
#12009 = VERTEX_POINT('',#12010);
#12010 = CARTESIAN_POINT('',(6.7,-5.551115123126E-17,8.834090909091));
#12011 = ELLIPSE('',#12012,0.391971336867,0.3);
#12012 = AXIS2_PLACEMENT_3D('',#12013,#12014,#12015);
#12013 = CARTESIAN_POINT('',(6.7,0.3,9.086363636364));
#12014 = DIRECTION('',(0.,0.643599935875,-0.765362085905));
#12015 = DIRECTION('',(0.,0.765362085905,0.643599935875));
#12016 = ORIENTED_EDGE('',*,*,#12017,.T.);
#12017 = EDGE_CURVE('',#12009,#11920,#12018,.T.);
#12018 = LINE('',#12019,#12020);
#12019 = CARTESIAN_POINT('',(3.45,2.22044604925E-16,8.834090909091));
#12020 = VECTOR('',#12021,1.);
#12021 = DIRECTION('',(-1.,0.,-0.));
#12022 = ORIENTED_EDGE('',*,*,#11927,.T.);
#12023 = ORIENTED_EDGE('',*,*,#11895,.T.);
#12024 = PLANE('',#12025);
#12025 = AXIS2_PLACEMENT_3D('',#12026,#12027,#12028);
#12026 = CARTESIAN_POINT('',(3.4,2.1,10.6));
#12027 = DIRECTION('',(0.,0.643599935875,-0.765362085905));
#12028 = DIRECTION('',(0.,-0.765362085905,-0.643599935875));
#12029 = ADVANCED_FACE('',(#12030),#12049,.T.);
#12030 = FACE_BOUND('',#12031,.T.);
#12031 = EDGE_LOOP('',(#12032,#12033,#12041,#12048));
#12032 = ORIENTED_EDGE('',*,*,#11942,.T.);
#12033 = ORIENTED_EDGE('',*,*,#12034,.T.);
#12034 = EDGE_CURVE('',#11943,#12035,#12037,.T.);
#12035 = VERTEX_POINT('',#12036);
#12036 = CARTESIAN_POINT('',(3.8,12.2,10.6));
#12037 = LINE('',#12038,#12039);
#12038 = CARTESIAN_POINT('',(3.8,0.,10.6));
#12039 = VECTOR('',#12040,1.);
#12040 = DIRECTION('',(-0.,1.,0.));
#12041 = ORIENTED_EDGE('',*,*,#12042,.F.);
#12042 = EDGE_CURVE('',#11880,#12035,#12043,.T.);
#12043 = CIRCLE('',#12044,0.3);
#12044 = AXIS2_PLACEMENT_3D('',#12045,#12046,#12047);
#12045 = CARTESIAN_POINT('',(3.8,12.2,10.3));
#12046 = DIRECTION('',(-0.,1.,0.));
#12047 = DIRECTION('',(-1.,-0.,0.));
#12048 = ORIENTED_EDGE('',*,*,#11887,.F.);
#12049 = CYLINDRICAL_SURFACE('',#12050,0.3);
#12050 = AXIS2_PLACEMENT_3D('',#12051,#12052,#12053);
#12051 = CARTESIAN_POINT('',(3.8,0.,10.3));
#12052 = DIRECTION('',(-0.,1.,0.));
#12053 = DIRECTION('',(-1.,-0.,0.));
#12054 = ADVANCED_FACE('',(#12055),#12082,.T.);
#12055 = FACE_BOUND('',#12056,.F.);
#12056 = EDGE_LOOP('',(#12057,#12058,#12067,#12075));
#12057 = ORIENTED_EDGE('',*,*,#11879,.F.);
#12058 = ORIENTED_EDGE('',*,*,#12059,.T.);
#12059 = EDGE_CURVE('',#11872,#12060,#12062,.T.);
#12060 = VERTEX_POINT('',#12061);
#12061 = CARTESIAN_POINT('',(3.8,12.5,0.3));
#12062 = CIRCLE('',#12063,0.3);
#12063 = AXIS2_PLACEMENT_3D('',#12064,#12065,#12066);
#12064 = CARTESIAN_POINT('',(3.8,12.2,0.3));
#12065 = DIRECTION('',(-0.,0.,-1.));
#12066 = DIRECTION('',(-1.,0.,0.));
#12067 = ORIENTED_EDGE('',*,*,#12068,.T.);
#12068 = EDGE_CURVE('',#12060,#12069,#12071,.T.);
#12069 = VERTEX_POINT('',#12070);
#12070 = CARTESIAN_POINT('',(3.8,12.5,10.3));
#12071 = LINE('',#12072,#12073);
#12072 = CARTESIAN_POINT('',(3.8,12.5,0.));
#12073 = VECTOR('',#12074,1.);
#12074 = DIRECTION('',(0.,0.,1.));
#12075 = ORIENTED_EDGE('',*,*,#12076,.T.);
#12076 = EDGE_CURVE('',#12069,#11880,#12077,.T.);
#12077 = CIRCLE('',#12078,0.3);
#12078 = AXIS2_PLACEMENT_3D('',#12079,#12080,#12081);
#12079 = CARTESIAN_POINT('',(3.8,12.2,10.3));
#12080 = DIRECTION('',(0.,0.,1.));
#12081 = DIRECTION('',(-1.,-0.,0.));
#12082 = CYLINDRICAL_SURFACE('',#12083,0.3);
#12083 = AXIS2_PLACEMENT_3D('',#12084,#12085,#12086);
#12084 = CARTESIAN_POINT('',(3.8,12.2,0.));
#12085 = DIRECTION('',(0.,0.,1.));
#12086 = DIRECTION('',(-1.,-0.,0.));
#12087 = ADVANCED_FACE('',(#12088),#12115,.T.);
#12088 = FACE_BOUND('',#12089,.F.);
#12089 = EDGE_LOOP('',(#12090,#12099,#12107,#12114));
#12090 = ORIENTED_EDGE('',*,*,#12091,.F.);
#12091 = EDGE_CURVE('',#12092,#11862,#12094,.T.);
#12092 = VERTEX_POINT('',#12093);
#12093 = CARTESIAN_POINT('',(3.8,0.3,0.));
#12094 = CIRCLE('',#12095,0.3);
#12095 = AXIS2_PLACEMENT_3D('',#12096,#12097,#12098);
#12096 = CARTESIAN_POINT('',(3.8,0.3,0.3));
#12097 = DIRECTION('',(0.,1.,-0.));
#12098 = DIRECTION('',(-1.,0.,0.));
#12099 = ORIENTED_EDGE('',*,*,#12100,.T.);
#12100 = EDGE_CURVE('',#12092,#12101,#12103,.T.);
#12101 = VERTEX_POINT('',#12102);
#12102 = CARTESIAN_POINT('',(3.8,12.2,0.));
#12103 = LINE('',#12104,#12105);
#12104 = CARTESIAN_POINT('',(3.8,0.,-5.551115123126E-17));
#12105 = VECTOR('',#12106,1.);
#12106 = DIRECTION('',(-0.,1.,0.));
#12107 = ORIENTED_EDGE('',*,*,#12108,.T.);
#12108 = EDGE_CURVE('',#12101,#11872,#12109,.T.);
#12109 = CIRCLE('',#12110,0.3);
#12110 = AXIS2_PLACEMENT_3D('',#12111,#12112,#12113);
#12111 = CARTESIAN_POINT('',(3.8,12.2,0.3));
#12112 = DIRECTION('',(0.,1.,-0.));
#12113 = DIRECTION('',(-1.,0.,0.));
#12114 = ORIENTED_EDGE('',*,*,#11871,.F.);
#12115 = CYLINDRICAL_SURFACE('',#12116,0.3);
#12116 = AXIS2_PLACEMENT_3D('',#12117,#12118,#12119);
#12117 = CARTESIAN_POINT('',(3.8,0.,0.3));
#12118 = DIRECTION('',(-0.,1.,0.));
#12119 = DIRECTION('',(-1.,-0.,0.));
#12120 = ADVANCED_FACE('',(#12121,#12139),#12216,.F.);
#12121 = FACE_BOUND('',#12122,.F.);
#12122 = EDGE_LOOP('',(#12123,#12131,#12132,#12133));
#12123 = ORIENTED_EDGE('',*,*,#12124,.F.);
#12124 = EDGE_CURVE('',#11911,#12125,#12127,.T.);
#12125 = VERTEX_POINT('',#12126);
#12126 = CARTESIAN_POINT('',(6.7,-5.551115123126E-17,0.3));
#12127 = LINE('',#12128,#12129);
#12128 = CARTESIAN_POINT('',(3.5,-5.551115123126E-17,0.3));
#12129 = VECTOR('',#12130,1.);
#12130 = DIRECTION('',(1.,0.,-0.));
#12131 = ORIENTED_EDGE('',*,*,#11919,.T.);
#12132 = ORIENTED_EDGE('',*,*,#12017,.F.);
#12133 = ORIENTED_EDGE('',*,*,#12134,.F.);
#12134 = EDGE_CURVE('',#12125,#12009,#12135,.T.);
#12135 = LINE('',#12136,#12137);
#12136 = CARTESIAN_POINT('',(6.7,-5.551115123126E-17,0.));
#12137 = VECTOR('',#12138,1.);
#12138 = DIRECTION('',(0.,0.,1.));
#12139 = FACE_BOUND('',#12140,.F.);
#12140 = EDGE_LOOP('',(#12141,#12151,#12159,#12167,#12176,#12185,#12193,
    #12201,#12209));
#12141 = ORIENTED_EDGE('',*,*,#12142,.F.);
#12142 = EDGE_CURVE('',#12143,#12145,#12147,.T.);
#12143 = VERTEX_POINT('',#12144);
#12144 = CARTESIAN_POINT('',(6.65,0.,5.6));
#12145 = VERTEX_POINT('',#12146);
#12146 = CARTESIAN_POINT('',(6.65,0.,2.1));
#12147 = LINE('',#12148,#12149);
#12148 = CARTESIAN_POINT('',(6.65,0.,1.05));
#12149 = VECTOR('',#12150,1.);
#12150 = DIRECTION('',(-0.,0.,-1.));
#12151 = ORIENTED_EDGE('',*,*,#12152,.F.);
#12152 = EDGE_CURVE('',#12153,#12143,#12155,.T.);
#12153 = VERTEX_POINT('',#12154);
#12154 = CARTESIAN_POINT('',(6.2,0.,5.6));
#12155 = LINE('',#12156,#12157);
#12156 = CARTESIAN_POINT('',(3.675,0.,5.6));
#12157 = VECTOR('',#12158,1.);
#12158 = DIRECTION('',(1.,0.,-0.));
#12159 = ORIENTED_EDGE('',*,*,#12160,.F.);
#12160 = EDGE_CURVE('',#12161,#12153,#12163,.T.);
#12161 = VERTEX_POINT('',#12162);
#12162 = CARTESIAN_POINT('',(6.2,0.,7.35));
#12163 = LINE('',#12164,#12165);
#12164 = CARTESIAN_POINT('',(6.2,0.,2.8));
#12165 = VECTOR('',#12166,1.);
#12166 = DIRECTION('',(-0.,0.,-1.));
#12167 = ORIENTED_EDGE('',*,*,#12168,.F.);
#12168 = EDGE_CURVE('',#12169,#12161,#12171,.T.);
#12169 = VERTEX_POINT('',#12170);
#12170 = CARTESIAN_POINT('',(5.25,0.,8.3));
#12171 = CIRCLE('',#12172,0.95);
#12172 = AXIS2_PLACEMENT_3D('',#12173,#12174,#12175);
#12173 = CARTESIAN_POINT('',(5.25,0.,7.35));
#12174 = DIRECTION('',(0.,1.,0.));
#12175 = DIRECTION('',(0.,-0.,1.));
#12176 = ORIENTED_EDGE('',*,*,#12177,.F.);
#12177 = EDGE_CURVE('',#12178,#12169,#12180,.T.);
#12178 = VERTEX_POINT('',#12179);
#12179 = CARTESIAN_POINT('',(4.3,0.,7.35));
#12180 = CIRCLE('',#12181,0.95);
#12181 = AXIS2_PLACEMENT_3D('',#12182,#12183,#12184);
#12182 = CARTESIAN_POINT('',(5.25,0.,7.35));
#12183 = DIRECTION('',(0.,1.,0.));
#12184 = DIRECTION('',(0.,-0.,1.));
#12185 = ORIENTED_EDGE('',*,*,#12186,.T.);
#12186 = EDGE_CURVE('',#12178,#12187,#12189,.T.);
#12187 = VERTEX_POINT('',#12188);
#12188 = CARTESIAN_POINT('',(4.3,0.,5.6));
#12189 = LINE('',#12190,#12191);
#12190 = CARTESIAN_POINT('',(4.3,0.,2.8));
#12191 = VECTOR('',#12192,1.);
#12192 = DIRECTION('',(-0.,0.,-1.));
#12193 = ORIENTED_EDGE('',*,*,#12194,.F.);
#12194 = EDGE_CURVE('',#12195,#12187,#12197,.T.);
#12195 = VERTEX_POINT('',#12196);
#12196 = CARTESIAN_POINT('',(3.85,0.,5.6));
#12197 = LINE('',#12198,#12199);
#12198 = CARTESIAN_POINT('',(3.675,0.,5.6));
#12199 = VECTOR('',#12200,1.);
#12200 = DIRECTION('',(1.,0.,-0.));
#12201 = ORIENTED_EDGE('',*,*,#12202,.T.);
#12202 = EDGE_CURVE('',#12195,#12203,#12205,.T.);
#12203 = VERTEX_POINT('',#12204);
#12204 = CARTESIAN_POINT('',(3.85,0.,2.1));
#12205 = LINE('',#12206,#12207);
#12206 = CARTESIAN_POINT('',(3.85,0.,1.05));
#12207 = VECTOR('',#12208,1.);
#12208 = DIRECTION('',(-0.,0.,-1.));
#12209 = ORIENTED_EDGE('',*,*,#12210,.F.);
#12210 = EDGE_CURVE('',#12145,#12203,#12211,.T.);
#12211 = CIRCLE('',#12212,1.4);
#12212 = AXIS2_PLACEMENT_3D('',#12213,#12214,#12215);
#12213 = CARTESIAN_POINT('',(5.25,0.,2.1));
#12214 = DIRECTION('',(0.,1.,0.));
#12215 = DIRECTION('',(0.,-0.,1.));
#12216 = PLANE('',#12217);
#12217 = AXIS2_PLACEMENT_3D('',#12218,#12219,#12220);
#12218 = CARTESIAN_POINT('',(3.5,0.,0.));
#12219 = DIRECTION('',(-0.,1.,0.));
#12220 = DIRECTION('',(0.,0.,1.));
#12221 = ADVANCED_FACE('',(#12222),#12233,.T.);
#12222 = FACE_BOUND('',#12223,.T.);
#12223 = EDGE_LOOP('',(#12224,#12225,#12232));
#12224 = ORIENTED_EDGE('',*,*,#12091,.F.);
#12225 = ORIENTED_EDGE('',*,*,#12226,.T.);
#12226 = EDGE_CURVE('',#12092,#11911,#12227,.T.);
#12227 = CIRCLE('',#12228,0.3);
#12228 = AXIS2_PLACEMENT_3D('',#12229,#12230,#12231);
#12229 = CARTESIAN_POINT('',(3.8,0.3,0.3));
#12230 = DIRECTION('',(-1.,6.123233995737E-17,0.));
#12231 = DIRECTION('',(-6.123233995737E-17,-1.,0.));
#12232 = ORIENTED_EDGE('',*,*,#11910,.F.);
#12233 = SPHERICAL_SURFACE('',#12234,0.3);
#12234 = AXIS2_PLACEMENT_3D('',#12235,#12236,#12237);
#12235 = CARTESIAN_POINT('',(3.8,0.3,0.3));
#12236 = DIRECTION('',(0.,0.,1.));
#12237 = DIRECTION('',(-1.,0.,0.));
#12238 = ADVANCED_FACE('',(#12239),#12258,.T.);
#12239 = FACE_BOUND('',#12240,.F.);
#12240 = EDGE_LOOP('',(#12241,#12249,#12256,#12257));
#12241 = ORIENTED_EDGE('',*,*,#12242,.F.);
#12242 = EDGE_CURVE('',#12243,#12001,#12245,.T.);
#12243 = VERTEX_POINT('',#12244);
#12244 = CARTESIAN_POINT('',(7.,0.3,0.3));
#12245 = LINE('',#12246,#12247);
#12246 = CARTESIAN_POINT('',(7.,0.3,0.));
#12247 = VECTOR('',#12248,1.);
#12248 = DIRECTION('',(0.,0.,1.));
#12249 = ORIENTED_EDGE('',*,*,#12250,.T.);
#12250 = EDGE_CURVE('',#12243,#12125,#12251,.T.);
#12251 = CIRCLE('',#12252,0.3);
#12252 = AXIS2_PLACEMENT_3D('',#12253,#12254,#12255);
#12253 = CARTESIAN_POINT('',(6.7,0.3,0.3));
#12254 = DIRECTION('',(0.,-0.,-1.));
#12255 = DIRECTION('',(1.,0.,-0.));
#12256 = ORIENTED_EDGE('',*,*,#12134,.T.);
#12257 = ORIENTED_EDGE('',*,*,#12008,.F.);
#12258 = CYLINDRICAL_SURFACE('',#12259,0.3);
#12259 = AXIS2_PLACEMENT_3D('',#12260,#12261,#12262);
#12260 = CARTESIAN_POINT('',(6.7,0.3,0.));
#12261 = DIRECTION('',(0.,0.,1.));
#12262 = DIRECTION('',(1.,0.,-0.));
#12263 = ADVANCED_FACE('',(#12264),#12290,.T.);
#12264 = FACE_BOUND('',#12265,.T.);
#12265 = EDGE_LOOP('',(#12266,#12267,#12275,#12283,#12289));
#12266 = ORIENTED_EDGE('',*,*,#12242,.F.);
#12267 = ORIENTED_EDGE('',*,*,#12268,.T.);
#12268 = EDGE_CURVE('',#12243,#12269,#12271,.T.);
#12269 = VERTEX_POINT('',#12270);
#12270 = CARTESIAN_POINT('',(7.,12.2,0.3));
#12271 = LINE('',#12272,#12273);
#12272 = CARTESIAN_POINT('',(7.,0.,0.3));
#12273 = VECTOR('',#12274,1.);
#12274 = DIRECTION('',(-0.,1.,0.));
#12275 = ORIENTED_EDGE('',*,*,#12276,.T.);
#12276 = EDGE_CURVE('',#12269,#12277,#12279,.T.);
#12277 = VERTEX_POINT('',#12278);
#12278 = CARTESIAN_POINT('',(7.,12.2,10.3));
#12279 = LINE('',#12280,#12281);
#12280 = CARTESIAN_POINT('',(7.,12.2,0.));
#12281 = VECTOR('',#12282,1.);
#12282 = DIRECTION('',(0.,0.,1.));
#12283 = ORIENTED_EDGE('',*,*,#12284,.F.);
#12284 = EDGE_CURVE('',#11992,#12277,#12285,.T.);
#12285 = LINE('',#12286,#12287);
#12286 = CARTESIAN_POINT('',(7.,0.,10.3));
#12287 = VECTOR('',#12288,1.);
#12288 = DIRECTION('',(-0.,1.,0.));
#12289 = ORIENTED_EDGE('',*,*,#12000,.F.);
#12290 = PLANE('',#12291);
#12291 = AXIS2_PLACEMENT_3D('',#12292,#12293,#12294);
#12292 = CARTESIAN_POINT('',(7.,0.,0.));
#12293 = DIRECTION('',(1.,0.,-0.));
#12294 = DIRECTION('',(0.,0.,1.));
#12295 = ADVANCED_FACE('',(#12296),#12315,.T.);
#12296 = FACE_BOUND('',#12297,.F.);
#12297 = EDGE_LOOP('',(#12298,#12299,#12307,#12314));
#12298 = ORIENTED_EDGE('',*,*,#11991,.F.);
#12299 = ORIENTED_EDGE('',*,*,#12300,.T.);
#12300 = EDGE_CURVE('',#11984,#12301,#12303,.T.);
#12301 = VERTEX_POINT('',#12302);
#12302 = CARTESIAN_POINT('',(6.7,12.2,10.6));
#12303 = LINE('',#12304,#12305);
#12304 = CARTESIAN_POINT('',(6.7,0.,10.6));
#12305 = VECTOR('',#12306,1.);
#12306 = DIRECTION('',(-0.,1.,0.));
#12307 = ORIENTED_EDGE('',*,*,#12308,.F.);
#12308 = EDGE_CURVE('',#12277,#12301,#12309,.T.);
#12309 = CIRCLE('',#12310,0.3);
#12310 = AXIS2_PLACEMENT_3D('',#12311,#12312,#12313);
#12311 = CARTESIAN_POINT('',(6.7,12.2,10.3));
#12312 = DIRECTION('',(0.,-1.,-0.));
#12313 = DIRECTION('',(1.,0.,0.));
#12314 = ORIENTED_EDGE('',*,*,#12284,.F.);
#12315 = CYLINDRICAL_SURFACE('',#12316,0.3);
#12316 = AXIS2_PLACEMENT_3D('',#12317,#12318,#12319);
#12317 = CARTESIAN_POINT('',(6.7,0.,10.3));
#12318 = DIRECTION('',(-0.,1.,0.));
#12319 = DIRECTION('',(1.,0.,-0.));
#12320 = ADVANCED_FACE('',(#12321),#12355,.T.);
#12321 = FACE_BOUND('',#12322,.T.);
#12322 = EDGE_LOOP('',(#12323,#12324,#12325,#12333,#12341,#12347,#12348,
    #12349));
#12323 = ORIENTED_EDGE('',*,*,#12034,.F.);
#12324 = ORIENTED_EDGE('',*,*,#11951,.T.);
#12325 = ORIENTED_EDGE('',*,*,#12326,.F.);
#12326 = EDGE_CURVE('',#12327,#11952,#12329,.T.);
#12327 = VERTEX_POINT('',#12328);
#12328 = CARTESIAN_POINT('',(3.84,9.7,10.6));
#12329 = LINE('',#12330,#12331);
#12330 = CARTESIAN_POINT('',(3.84,2.442585746037,10.6));
#12331 = VECTOR('',#12332,1.);
#12332 = DIRECTION('',(0.,-1.,0.));
#12333 = ORIENTED_EDGE('',*,*,#12334,.F.);
#12334 = EDGE_CURVE('',#12335,#12327,#12337,.T.);
#12335 = VERTEX_POINT('',#12336);
#12336 = CARTESIAN_POINT('',(6.66,9.7,10.6));
#12337 = LINE('',#12338,#12339);
#12338 = CARTESIAN_POINT('',(3.67,9.7,10.6));
#12339 = VECTOR('',#12340,1.);
#12340 = DIRECTION('',(-1.,-0.,0.));
#12341 = ORIENTED_EDGE('',*,*,#12342,.T.);
#12342 = EDGE_CURVE('',#12335,#11976,#12343,.T.);
#12343 = LINE('',#12344,#12345);
#12344 = CARTESIAN_POINT('',(6.66,2.442585746037,10.6));
#12345 = VECTOR('',#12346,1.);
#12346 = DIRECTION('',(0.,-1.,0.));
#12347 = ORIENTED_EDGE('',*,*,#11983,.T.);
#12348 = ORIENTED_EDGE('',*,*,#12300,.T.);
#12349 = ORIENTED_EDGE('',*,*,#12350,.F.);
#12350 = EDGE_CURVE('',#12035,#12301,#12351,.T.);
#12351 = LINE('',#12352,#12353);
#12352 = CARTESIAN_POINT('',(3.5,12.2,10.6));
#12353 = VECTOR('',#12354,1.);
#12354 = DIRECTION('',(1.,0.,-0.));
#12355 = PLANE('',#12356);
#12356 = AXIS2_PLACEMENT_3D('',#12357,#12358,#12359);
#12357 = CARTESIAN_POINT('',(3.5,0.,10.6));
#12358 = DIRECTION('',(0.,0.,1.));
#12359 = DIRECTION('',(1.,0.,-0.));
#12360 = ADVANCED_FACE('',(#12361),#12387,.T.);
#12361 = FACE_BOUND('',#12362,.T.);
#12362 = EDGE_LOOP('',(#12363,#12364,#12372,#12380,#12386));
#12363 = ORIENTED_EDGE('',*,*,#12342,.F.);
#12364 = ORIENTED_EDGE('',*,*,#12365,.T.);
#12365 = EDGE_CURVE('',#12335,#12366,#12368,.T.);
#12366 = VERTEX_POINT('',#12367);
#12367 = CARTESIAN_POINT('',(6.66,9.7,8.45));
#12368 = LINE('',#12369,#12370);
#12369 = CARTESIAN_POINT('',(6.66,9.7,10.8));
#12370 = VECTOR('',#12371,1.);
#12371 = DIRECTION('',(0.,0.,-1.));
#12372 = ORIENTED_EDGE('',*,*,#12373,.T.);
#12373 = EDGE_CURVE('',#12366,#12374,#12376,.T.);
#12374 = VERTEX_POINT('',#12375);
#12375 = CARTESIAN_POINT('',(6.66,1.4,8.45));
#12376 = LINE('',#12377,#12378);
#12377 = CARTESIAN_POINT('',(6.66,9.7,8.45));
#12378 = VECTOR('',#12379,1.);
#12379 = DIRECTION('',(0.,-1.,0.));
#12380 = ORIENTED_EDGE('',*,*,#12381,.T.);
#12381 = EDGE_CURVE('',#12374,#11968,#12382,.T.);
#12382 = LINE('',#12383,#12384);
#12383 = CARTESIAN_POINT('',(6.66,1.4,8.45));
#12384 = VECTOR('',#12385,1.);
#12385 = DIRECTION('',(0.,-0.677475754752,0.735545105159));
#12386 = ORIENTED_EDGE('',*,*,#11975,.F.);
#12387 = PLANE('',#12388);
#12388 = AXIS2_PLACEMENT_3D('',#12389,#12390,#12391);
#12389 = CARTESIAN_POINT('',(6.66,4.885171492075,9.712433169613));
#12390 = DIRECTION('',(-1.,-0.,-0.));
#12391 = DIRECTION('',(0.,0.,-1.));
#12392 = ADVANCED_FACE('',(#12393),#12411,.F.);
#12393 = FACE_BOUND('',#12394,.F.);
#12394 = EDGE_LOOP('',(#12395,#12403,#12409,#12410));
#12395 = ORIENTED_EDGE('',*,*,#12396,.F.);
#12396 = EDGE_CURVE('',#12397,#11960,#12399,.T.);
#12397 = VERTEX_POINT('',#12398);
#12398 = CARTESIAN_POINT('',(3.84,1.4,8.45));
#12399 = LINE('',#12400,#12401);
#12400 = CARTESIAN_POINT('',(3.84,1.4,8.45));
#12401 = VECTOR('',#12402,1.);
#12402 = DIRECTION('',(0.,-0.677475754752,0.735545105159));
#12403 = ORIENTED_EDGE('',*,*,#12404,.T.);
#12404 = EDGE_CURVE('',#12397,#12374,#12405,.T.);
#12405 = LINE('',#12406,#12407);
#12406 = CARTESIAN_POINT('',(3.84,1.4,8.45));
#12407 = VECTOR('',#12408,1.);
#12408 = DIRECTION('',(1.,0.,0.));
#12409 = ORIENTED_EDGE('',*,*,#12381,.T.);
#12410 = ORIENTED_EDGE('',*,*,#11967,.F.);
#12411 = PLANE('',#12412);
#12412 = AXIS2_PLACEMENT_3D('',#12413,#12414,#12415);
#12413 = CARTESIAN_POINT('',(3.84,1.4,8.45));
#12414 = DIRECTION('',(0.,-0.735545105159,-0.677475754752));
#12415 = DIRECTION('',(0.,-0.677475754752,0.735545105159));
#12416 = ADVANCED_FACE('',(#12417),#12436,.F.);
#12417 = FACE_BOUND('',#12418,.F.);
#12418 = EDGE_LOOP('',(#12419,#12420,#12428,#12434,#12435));
#12419 = ORIENTED_EDGE('',*,*,#12326,.F.);
#12420 = ORIENTED_EDGE('',*,*,#12421,.T.);
#12421 = EDGE_CURVE('',#12327,#12422,#12424,.T.);
#12422 = VERTEX_POINT('',#12423);
#12423 = CARTESIAN_POINT('',(3.84,9.7,8.45));
#12424 = LINE('',#12425,#12426);
#12425 = CARTESIAN_POINT('',(3.84,9.7,10.8));
#12426 = VECTOR('',#12427,1.);
#12427 = DIRECTION('',(0.,0.,-1.));
#12428 = ORIENTED_EDGE('',*,*,#12429,.T.);
#12429 = EDGE_CURVE('',#12422,#12397,#12430,.T.);
#12430 = LINE('',#12431,#12432);
#12431 = CARTESIAN_POINT('',(3.84,9.7,8.45));
#12432 = VECTOR('',#12433,1.);
#12433 = DIRECTION('',(0.,-1.,0.));
#12434 = ORIENTED_EDGE('',*,*,#12396,.T.);
#12435 = ORIENTED_EDGE('',*,*,#11959,.F.);
#12436 = PLANE('',#12437);
#12437 = AXIS2_PLACEMENT_3D('',#12438,#12439,#12440);
#12438 = CARTESIAN_POINT('',(3.84,4.885171492075,9.712433169613));
#12439 = DIRECTION('',(-1.,-0.,-0.));
#12440 = DIRECTION('',(0.,0.,-1.));
#12441 = ADVANCED_FACE('',(#12442),#12453,.T.);
#12442 = FACE_BOUND('',#12443,.F.);
#12443 = EDGE_LOOP('',(#12444,#12445,#12452));
#12444 = ORIENTED_EDGE('',*,*,#12076,.F.);
#12445 = ORIENTED_EDGE('',*,*,#12446,.T.);
#12446 = EDGE_CURVE('',#12069,#12035,#12447,.T.);
#12447 = CIRCLE('',#12448,0.3);
#12448 = AXIS2_PLACEMENT_3D('',#12449,#12450,#12451);
#12449 = CARTESIAN_POINT('',(3.8,12.2,10.3));
#12450 = DIRECTION('',(1.,0.,6.123233995737E-17));
#12451 = DIRECTION('',(-6.123233995737E-17,-0.,1.));
#12452 = ORIENTED_EDGE('',*,*,#12042,.F.);
#12453 = SPHERICAL_SURFACE('',#12454,0.3);
#12454 = AXIS2_PLACEMENT_3D('',#12455,#12456,#12457);
#12455 = CARTESIAN_POINT('',(3.8,12.2,10.3));
#12456 = DIRECTION('',(0.,-1.,-0.));
#12457 = DIRECTION('',(-1.,-0.,0.));
#12458 = ADVANCED_FACE('',(#12459),#12470,.T.);
#12459 = FACE_BOUND('',#12460,.F.);
#12460 = EDGE_LOOP('',(#12461,#12462,#12469));
#12461 = ORIENTED_EDGE('',*,*,#12108,.F.);
#12462 = ORIENTED_EDGE('',*,*,#12463,.T.);
#12463 = EDGE_CURVE('',#12101,#12060,#12464,.T.);
#12464 = CIRCLE('',#12465,0.3);
#12465 = AXIS2_PLACEMENT_3D('',#12466,#12467,#12468);
#12466 = CARTESIAN_POINT('',(3.8,12.2,0.3));
#12467 = DIRECTION('',(1.,6.123233995737E-17,-0.));
#12468 = DIRECTION('',(-6.123233995737E-17,1.,0.));
#12469 = ORIENTED_EDGE('',*,*,#12059,.F.);
#12470 = SPHERICAL_SURFACE('',#12471,0.3);
#12471 = AXIS2_PLACEMENT_3D('',#12472,#12473,#12474);
#12472 = CARTESIAN_POINT('',(3.8,12.2,0.3));
#12473 = DIRECTION('',(0.,0.,1.));
#12474 = DIRECTION('',(-1.,0.,0.));
#12475 = ADVANCED_FACE('',(#12476),#12501,.T.);
#12476 = FACE_BOUND('',#12477,.T.);
#12477 = EDGE_LOOP('',(#12478,#12479,#12487,#12495));
#12478 = ORIENTED_EDGE('',*,*,#12068,.T.);
#12479 = ORIENTED_EDGE('',*,*,#12480,.T.);
#12480 = EDGE_CURVE('',#12069,#12481,#12483,.T.);
#12481 = VERTEX_POINT('',#12482);
#12482 = CARTESIAN_POINT('',(6.7,12.5,10.3));
#12483 = LINE('',#12484,#12485);
#12484 = CARTESIAN_POINT('',(3.5,12.5,10.3));
#12485 = VECTOR('',#12486,1.);
#12486 = DIRECTION('',(1.,0.,-0.));
#12487 = ORIENTED_EDGE('',*,*,#12488,.F.);
#12488 = EDGE_CURVE('',#12489,#12481,#12491,.T.);
#12489 = VERTEX_POINT('',#12490);
#12490 = CARTESIAN_POINT('',(6.7,12.5,0.3));
#12491 = LINE('',#12492,#12493);
#12492 = CARTESIAN_POINT('',(6.7,12.5,0.));
#12493 = VECTOR('',#12494,1.);
#12494 = DIRECTION('',(0.,0.,1.));
#12495 = ORIENTED_EDGE('',*,*,#12496,.F.);
#12496 = EDGE_CURVE('',#12060,#12489,#12497,.T.);
#12497 = LINE('',#12498,#12499);
#12498 = CARTESIAN_POINT('',(3.5,12.5,0.3));
#12499 = VECTOR('',#12500,1.);
#12500 = DIRECTION('',(1.,0.,-0.));
#12501 = PLANE('',#12502);
#12502 = AXIS2_PLACEMENT_3D('',#12503,#12504,#12505);
#12503 = CARTESIAN_POINT('',(3.5,12.5,0.));
#12504 = DIRECTION('',(-0.,1.,0.));
#12505 = DIRECTION('',(0.,0.,1.));
#12506 = ADVANCED_FACE('',(#12507),#12532,.F.);
#12507 = FACE_BOUND('',#12508,.F.);
#12508 = EDGE_LOOP('',(#12509,#12510,#12518,#12526));
#12509 = ORIENTED_EDGE('',*,*,#12100,.F.);
#12510 = ORIENTED_EDGE('',*,*,#12511,.T.);
#12511 = EDGE_CURVE('',#12092,#12512,#12514,.T.);
#12512 = VERTEX_POINT('',#12513);
#12513 = CARTESIAN_POINT('',(6.7,0.3,0.));
#12514 = LINE('',#12515,#12516);
#12515 = CARTESIAN_POINT('',(3.5,0.3,-5.551115123126E-17));
#12516 = VECTOR('',#12517,1.);
#12517 = DIRECTION('',(1.,0.,-0.));
#12518 = ORIENTED_EDGE('',*,*,#12519,.T.);
#12519 = EDGE_CURVE('',#12512,#12520,#12522,.T.);
#12520 = VERTEX_POINT('',#12521);
#12521 = CARTESIAN_POINT('',(6.7,12.2,0.));
#12522 = LINE('',#12523,#12524);
#12523 = CARTESIAN_POINT('',(6.7,0.,-5.551115123126E-17));
#12524 = VECTOR('',#12525,1.);
#12525 = DIRECTION('',(-0.,1.,0.));
#12526 = ORIENTED_EDGE('',*,*,#12527,.F.);
#12527 = EDGE_CURVE('',#12101,#12520,#12528,.T.);
#12528 = LINE('',#12529,#12530);
#12529 = CARTESIAN_POINT('',(3.5,12.2,-5.551115123126E-17));
#12530 = VECTOR('',#12531,1.);
#12531 = DIRECTION('',(1.,0.,-0.));
#12532 = PLANE('',#12533);
#12533 = AXIS2_PLACEMENT_3D('',#12534,#12535,#12536);
#12534 = CARTESIAN_POINT('',(3.5,0.,0.));
#12535 = DIRECTION('',(0.,0.,1.));
#12536 = DIRECTION('',(1.,0.,-0.));
#12537 = ADVANCED_FACE('',(#12538),#12550,.T.);
#12538 = FACE_BOUND('',#12539,.T.);
#12539 = EDGE_LOOP('',(#12540,#12541,#12542,#12549));
#12540 = ORIENTED_EDGE('',*,*,#12226,.F.);
#12541 = ORIENTED_EDGE('',*,*,#12511,.T.);
#12542 = ORIENTED_EDGE('',*,*,#12543,.T.);
#12543 = EDGE_CURVE('',#12512,#12125,#12544,.T.);
#12544 = CIRCLE('',#12545,0.3);
#12545 = AXIS2_PLACEMENT_3D('',#12546,#12547,#12548);
#12546 = CARTESIAN_POINT('',(6.7,0.3,0.3));
#12547 = DIRECTION('',(-1.,-6.123233995737E-17,0.));
#12548 = DIRECTION('',(6.123233995737E-17,-1.,-0.));
#12549 = ORIENTED_EDGE('',*,*,#12124,.F.);
#12550 = CYLINDRICAL_SURFACE('',#12551,0.3);
#12551 = AXIS2_PLACEMENT_3D('',#12552,#12553,#12554);
#12552 = CARTESIAN_POINT('',(3.5,0.3,0.3));
#12553 = DIRECTION('',(1.,0.,-0.));
#12554 = DIRECTION('',(0.,-1.,0.));
#12555 = ADVANCED_FACE('',(#12556),#12581,.F.);
#12556 = FACE_BOUND('',#12557,.F.);
#12557 = EDGE_LOOP('',(#12558,#12559,#12567,#12575));
#12558 = ORIENTED_EDGE('',*,*,#12142,.T.);
#12559 = ORIENTED_EDGE('',*,*,#12560,.T.);
#12560 = EDGE_CURVE('',#12145,#12561,#12563,.T.);
#12561 = VERTEX_POINT('',#12562);
#12562 = CARTESIAN_POINT('',(6.65,0.4,2.1));
#12563 = LINE('',#12564,#12565);
#12564 = CARTESIAN_POINT('',(6.65,-5.E-02,2.1));
#12565 = VECTOR('',#12566,1.);
#12566 = DIRECTION('',(-0.,1.,0.));
#12567 = ORIENTED_EDGE('',*,*,#12568,.T.);
#12568 = EDGE_CURVE('',#12561,#12569,#12571,.T.);
#12569 = VERTEX_POINT('',#12570);
#12570 = CARTESIAN_POINT('',(6.65,0.4,5.6));
#12571 = LINE('',#12572,#12573);
#12572 = CARTESIAN_POINT('',(6.65,0.4,2.1));
#12573 = VECTOR('',#12574,1.);
#12574 = DIRECTION('',(0.,0.,1.));
#12575 = ORIENTED_EDGE('',*,*,#12576,.F.);
#12576 = EDGE_CURVE('',#12143,#12569,#12577,.T.);
#12577 = LINE('',#12578,#12579);
#12578 = CARTESIAN_POINT('',(6.65,-5.E-02,5.6));
#12579 = VECTOR('',#12580,1.);
#12580 = DIRECTION('',(-0.,1.,0.));
#12581 = PLANE('',#12582);
#12582 = AXIS2_PLACEMENT_3D('',#12583,#12584,#12585);
#12583 = CARTESIAN_POINT('',(6.65,-5.E-02,2.1));
#12584 = DIRECTION('',(1.,0.,-0.));
#12585 = DIRECTION('',(0.,0.,1.));
#12586 = ADVANCED_FACE('',(#12587),#12606,.F.);
#12587 = FACE_BOUND('',#12588,.F.);
#12588 = EDGE_LOOP('',(#12589,#12598,#12599,#12600));
#12589 = ORIENTED_EDGE('',*,*,#12590,.F.);
#12590 = EDGE_CURVE('',#12561,#12591,#12593,.T.);
#12591 = VERTEX_POINT('',#12592);
#12592 = CARTESIAN_POINT('',(3.85,0.4,2.1));
#12593 = CIRCLE('',#12594,1.4);
#12594 = AXIS2_PLACEMENT_3D('',#12595,#12596,#12597);
#12595 = CARTESIAN_POINT('',(5.25,0.4,2.1));
#12596 = DIRECTION('',(0.,1.,0.));
#12597 = DIRECTION('',(0.,-0.,1.));
#12598 = ORIENTED_EDGE('',*,*,#12560,.F.);
#12599 = ORIENTED_EDGE('',*,*,#12210,.T.);
#12600 = ORIENTED_EDGE('',*,*,#12601,.T.);
#12601 = EDGE_CURVE('',#12203,#12591,#12602,.T.);
#12602 = LINE('',#12603,#12604);
#12603 = CARTESIAN_POINT('',(3.85,-5.E-02,2.1));
#12604 = VECTOR('',#12605,1.);
#12605 = DIRECTION('',(-0.,1.,0.));
#12606 = CYLINDRICAL_SURFACE('',#12607,1.4);
#12607 = AXIS2_PLACEMENT_3D('',#12608,#12609,#12610);
#12608 = CARTESIAN_POINT('',(5.25,-5.E-02,2.1));
#12609 = DIRECTION('',(0.,1.,0.));
#12610 = DIRECTION('',(0.,-0.,1.));
#12611 = ADVANCED_FACE('',(#12612),#12637,.F.);
#12612 = FACE_BOUND('',#12613,.F.);
#12613 = EDGE_LOOP('',(#12614,#12615,#12623,#12631));
#12614 = ORIENTED_EDGE('',*,*,#12160,.T.);
#12615 = ORIENTED_EDGE('',*,*,#12616,.T.);
#12616 = EDGE_CURVE('',#12153,#12617,#12619,.T.);
#12617 = VERTEX_POINT('',#12618);
#12618 = CARTESIAN_POINT('',(6.2,0.4,5.6));
#12619 = LINE('',#12620,#12621);
#12620 = CARTESIAN_POINT('',(6.2,-5.E-02,5.6));
#12621 = VECTOR('',#12622,1.);
#12622 = DIRECTION('',(-0.,1.,0.));
#12623 = ORIENTED_EDGE('',*,*,#12624,.T.);
#12624 = EDGE_CURVE('',#12617,#12625,#12627,.T.);
#12625 = VERTEX_POINT('',#12626);
#12626 = CARTESIAN_POINT('',(6.2,0.4,7.35));
#12627 = LINE('',#12628,#12629);
#12628 = CARTESIAN_POINT('',(6.2,0.4,5.6));
#12629 = VECTOR('',#12630,1.);
#12630 = DIRECTION('',(0.,0.,1.));
#12631 = ORIENTED_EDGE('',*,*,#12632,.F.);
#12632 = EDGE_CURVE('',#12161,#12625,#12633,.T.);
#12633 = LINE('',#12634,#12635);
#12634 = CARTESIAN_POINT('',(6.2,-5.E-02,7.35));
#12635 = VECTOR('',#12636,1.);
#12636 = DIRECTION('',(-0.,1.,0.));
#12637 = PLANE('',#12638);
#12638 = AXIS2_PLACEMENT_3D('',#12639,#12640,#12641);
#12639 = CARTESIAN_POINT('',(6.2,-5.E-02,5.6));
#12640 = DIRECTION('',(1.,0.,-0.));
#12641 = DIRECTION('',(0.,0.,1.));
#12642 = ADVANCED_FACE('',(#12643),#12661,.T.);
#12643 = FACE_BOUND('',#12644,.T.);
#12644 = EDGE_LOOP('',(#12645,#12646,#12647,#12655));
#12645 = ORIENTED_EDGE('',*,*,#12202,.T.);
#12646 = ORIENTED_EDGE('',*,*,#12601,.T.);
#12647 = ORIENTED_EDGE('',*,*,#12648,.T.);
#12648 = EDGE_CURVE('',#12591,#12649,#12651,.T.);
#12649 = VERTEX_POINT('',#12650);
#12650 = CARTESIAN_POINT('',(3.85,0.4,5.6));
#12651 = LINE('',#12652,#12653);
#12652 = CARTESIAN_POINT('',(3.85,0.4,2.1));
#12653 = VECTOR('',#12654,1.);
#12654 = DIRECTION('',(0.,0.,1.));
#12655 = ORIENTED_EDGE('',*,*,#12656,.F.);
#12656 = EDGE_CURVE('',#12195,#12649,#12657,.T.);
#12657 = LINE('',#12658,#12659);
#12658 = CARTESIAN_POINT('',(3.85,-5.E-02,5.6));
#12659 = VECTOR('',#12660,1.);
#12660 = DIRECTION('',(-0.,1.,0.));
#12661 = PLANE('',#12662);
#12662 = AXIS2_PLACEMENT_3D('',#12663,#12664,#12665);
#12663 = CARTESIAN_POINT('',(3.85,-5.E-02,2.1));
#12664 = DIRECTION('',(1.,0.,-0.));
#12665 = DIRECTION('',(0.,0.,1.));
#12666 = ADVANCED_FACE('',(#12667),#12692,.T.);
#12667 = FACE_BOUND('',#12668,.T.);
#12668 = EDGE_LOOP('',(#12669,#12670,#12678,#12686));
#12669 = ORIENTED_EDGE('',*,*,#12186,.T.);
#12670 = ORIENTED_EDGE('',*,*,#12671,.T.);
#12671 = EDGE_CURVE('',#12187,#12672,#12674,.T.);
#12672 = VERTEX_POINT('',#12673);
#12673 = CARTESIAN_POINT('',(4.3,0.4,5.6));
#12674 = LINE('',#12675,#12676);
#12675 = CARTESIAN_POINT('',(4.3,-5.E-02,5.6));
#12676 = VECTOR('',#12677,1.);
#12677 = DIRECTION('',(-0.,1.,0.));
#12678 = ORIENTED_EDGE('',*,*,#12679,.T.);
#12679 = EDGE_CURVE('',#12672,#12680,#12682,.T.);
#12680 = VERTEX_POINT('',#12681);
#12681 = CARTESIAN_POINT('',(4.3,0.4,7.35));
#12682 = LINE('',#12683,#12684);
#12683 = CARTESIAN_POINT('',(4.3,0.4,5.6));
#12684 = VECTOR('',#12685,1.);
#12685 = DIRECTION('',(0.,0.,1.));
#12686 = ORIENTED_EDGE('',*,*,#12687,.F.);
#12687 = EDGE_CURVE('',#12178,#12680,#12688,.T.);
#12688 = LINE('',#12689,#12690);
#12689 = CARTESIAN_POINT('',(4.3,-5.E-02,7.35));
#12690 = VECTOR('',#12691,1.);
#12691 = DIRECTION('',(-0.,1.,0.));
#12692 = PLANE('',#12693);
#12693 = AXIS2_PLACEMENT_3D('',#12694,#12695,#12696);
#12694 = CARTESIAN_POINT('',(4.3,-5.E-02,5.6));
#12695 = DIRECTION('',(1.,0.,-0.));
#12696 = DIRECTION('',(0.,0.,1.));
#12697 = ADVANCED_FACE('',(#12698),#12709,.T.);
#12698 = FACE_BOUND('',#12699,.F.);
#12699 = EDGE_LOOP('',(#12700,#12707,#12708));
#12700 = ORIENTED_EDGE('',*,*,#12701,.F.);
#12701 = EDGE_CURVE('',#12512,#12243,#12702,.T.);
#12702 = CIRCLE('',#12703,0.3);
#12703 = AXIS2_PLACEMENT_3D('',#12704,#12705,#12706);
#12704 = CARTESIAN_POINT('',(6.7,0.3,0.3));
#12705 = DIRECTION('',(0.,-1.,0.));
#12706 = DIRECTION('',(1.,0.,0.));
#12707 = ORIENTED_EDGE('',*,*,#12543,.T.);
#12708 = ORIENTED_EDGE('',*,*,#12250,.F.);
#12709 = SPHERICAL_SURFACE('',#12710,0.3);
#12710 = AXIS2_PLACEMENT_3D('',#12711,#12712,#12713);
#12711 = CARTESIAN_POINT('',(6.7,0.3,0.3));
#12712 = DIRECTION('',(0.,0.,1.));
#12713 = DIRECTION('',(1.,0.,-0.));
#12714 = ADVANCED_FACE('',(#12715),#12733,.T.);
#12715 = FACE_BOUND('',#12716,.T.);
#12716 = EDGE_LOOP('',(#12717,#12718,#12725,#12726));
#12717 = ORIENTED_EDGE('',*,*,#12276,.F.);
#12718 = ORIENTED_EDGE('',*,*,#12719,.T.);
#12719 = EDGE_CURVE('',#12269,#12489,#12720,.T.);
#12720 = CIRCLE('',#12721,0.3);
#12721 = AXIS2_PLACEMENT_3D('',#12722,#12723,#12724);
#12722 = CARTESIAN_POINT('',(6.7,12.2,0.3));
#12723 = DIRECTION('',(0.,0.,1.));
#12724 = DIRECTION('',(1.,0.,-0.));
#12725 = ORIENTED_EDGE('',*,*,#12488,.T.);
#12726 = ORIENTED_EDGE('',*,*,#12727,.T.);
#12727 = EDGE_CURVE('',#12481,#12277,#12728,.T.);
#12728 = CIRCLE('',#12729,0.3);
#12729 = AXIS2_PLACEMENT_3D('',#12730,#12731,#12732);
#12730 = CARTESIAN_POINT('',(6.7,12.2,10.3));
#12731 = DIRECTION('',(0.,0.,-1.));
#12732 = DIRECTION('',(1.,0.,0.));
#12733 = CYLINDRICAL_SURFACE('',#12734,0.3);
#12734 = AXIS2_PLACEMENT_3D('',#12735,#12736,#12737);
#12735 = CARTESIAN_POINT('',(6.7,12.2,0.));
#12736 = DIRECTION('',(0.,0.,1.));
#12737 = DIRECTION('',(1.,0.,-0.));
#12738 = ADVANCED_FACE('',(#12739),#12751,.T.);
#12739 = FACE_BOUND('',#12740,.T.);
#12740 = EDGE_LOOP('',(#12741,#12742,#12743,#12750));
#12741 = ORIENTED_EDGE('',*,*,#12701,.F.);
#12742 = ORIENTED_EDGE('',*,*,#12519,.T.);
#12743 = ORIENTED_EDGE('',*,*,#12744,.T.);
#12744 = EDGE_CURVE('',#12520,#12269,#12745,.T.);
#12745 = CIRCLE('',#12746,0.3);
#12746 = AXIS2_PLACEMENT_3D('',#12747,#12748,#12749);
#12747 = CARTESIAN_POINT('',(6.7,12.2,0.3));
#12748 = DIRECTION('',(0.,-1.,0.));
#12749 = DIRECTION('',(1.,0.,0.));
#12750 = ORIENTED_EDGE('',*,*,#12268,.F.);
#12751 = CYLINDRICAL_SURFACE('',#12752,0.3);
#12752 = AXIS2_PLACEMENT_3D('',#12753,#12754,#12755);
#12753 = CARTESIAN_POINT('',(6.7,0.,0.3));
#12754 = DIRECTION('',(-0.,1.,0.));
#12755 = DIRECTION('',(1.,0.,-0.));
#12756 = ADVANCED_FACE('',(#12757),#12768,.T.);
#12757 = FACE_BOUND('',#12758,.T.);
#12758 = EDGE_LOOP('',(#12759,#12760,#12767));
#12759 = ORIENTED_EDGE('',*,*,#12727,.F.);
#12760 = ORIENTED_EDGE('',*,*,#12761,.T.);
#12761 = EDGE_CURVE('',#12481,#12301,#12762,.T.);
#12762 = CIRCLE('',#12763,0.3);
#12763 = AXIS2_PLACEMENT_3D('',#12764,#12765,#12766);
#12764 = CARTESIAN_POINT('',(6.7,12.2,10.3));
#12765 = DIRECTION('',(1.,0.,-6.123233995737E-17));
#12766 = DIRECTION('',(6.123233995737E-17,0.,1.));
#12767 = ORIENTED_EDGE('',*,*,#12308,.F.);
#12768 = SPHERICAL_SURFACE('',#12769,0.3);
#12769 = AXIS2_PLACEMENT_3D('',#12770,#12771,#12772);
#12770 = CARTESIAN_POINT('',(6.7,12.2,10.3));
#12771 = DIRECTION('',(0.,-1.,-0.));
#12772 = DIRECTION('',(1.,0.,0.));
#12773 = ADVANCED_FACE('',(#12774),#12780,.T.);
#12774 = FACE_BOUND('',#12775,.T.);
#12775 = EDGE_LOOP('',(#12776,#12777,#12778,#12779));
#12776 = ORIENTED_EDGE('',*,*,#12446,.T.);
#12777 = ORIENTED_EDGE('',*,*,#12350,.T.);
#12778 = ORIENTED_EDGE('',*,*,#12761,.F.);
#12779 = ORIENTED_EDGE('',*,*,#12480,.F.);
#12780 = CYLINDRICAL_SURFACE('',#12781,0.3);
#12781 = AXIS2_PLACEMENT_3D('',#12782,#12783,#12784);
#12782 = CARTESIAN_POINT('',(3.5,12.2,10.3));
#12783 = DIRECTION('',(1.,0.,-0.));
#12784 = DIRECTION('',(0.,1.,0.));
#12785 = ADVANCED_FACE('',(#12786),#12797,.F.);
#12786 = FACE_BOUND('',#12787,.F.);
#12787 = EDGE_LOOP('',(#12788,#12789,#12790,#12791));
#12788 = ORIENTED_EDGE('',*,*,#12421,.F.);
#12789 = ORIENTED_EDGE('',*,*,#12334,.F.);
#12790 = ORIENTED_EDGE('',*,*,#12365,.T.);
#12791 = ORIENTED_EDGE('',*,*,#12792,.F.);
#12792 = EDGE_CURVE('',#12422,#12366,#12793,.T.);
#12793 = LINE('',#12794,#12795);
#12794 = CARTESIAN_POINT('',(3.84,9.7,8.45));
#12795 = VECTOR('',#12796,1.);
#12796 = DIRECTION('',(1.,0.,0.));
#12797 = PLANE('',#12798);
#12798 = AXIS2_PLACEMENT_3D('',#12799,#12800,#12801);
#12799 = CARTESIAN_POINT('',(3.84,9.7,10.8));
#12800 = DIRECTION('',(-0.,1.,0.));
#12801 = DIRECTION('',(0.,0.,-1.));
#12802 = ADVANCED_FACE('',(#12803),#12809,.F.);
#12803 = FACE_BOUND('',#12804,.F.);
#12804 = EDGE_LOOP('',(#12805,#12806,#12807,#12808));
#12805 = ORIENTED_EDGE('',*,*,#12792,.T.);
#12806 = ORIENTED_EDGE('',*,*,#12373,.T.);
#12807 = ORIENTED_EDGE('',*,*,#12404,.F.);
#12808 = ORIENTED_EDGE('',*,*,#12429,.F.);
#12809 = PLANE('',#12810);
#12810 = AXIS2_PLACEMENT_3D('',#12811,#12812,#12813);
#12811 = CARTESIAN_POINT('',(3.84,9.7,8.45));
#12812 = DIRECTION('',(0.,0.,-1.));
#12813 = DIRECTION('',(0.,-1.,0.));
#12814 = ADVANCED_FACE('',(#12815),#12827,.T.);
#12815 = FACE_BOUND('',#12816,.F.);
#12816 = EDGE_LOOP('',(#12817,#12818,#12819,#12826));
#12817 = ORIENTED_EDGE('',*,*,#12463,.F.);
#12818 = ORIENTED_EDGE('',*,*,#12527,.T.);
#12819 = ORIENTED_EDGE('',*,*,#12820,.T.);
#12820 = EDGE_CURVE('',#12520,#12489,#12821,.T.);
#12821 = CIRCLE('',#12822,0.3);
#12822 = AXIS2_PLACEMENT_3D('',#12823,#12824,#12825);
#12823 = CARTESIAN_POINT('',(6.7,12.2,0.3));
#12824 = DIRECTION('',(1.,-6.123233995737E-17,0.));
#12825 = DIRECTION('',(6.123233995737E-17,1.,0.));
#12826 = ORIENTED_EDGE('',*,*,#12496,.F.);
#12827 = CYLINDRICAL_SURFACE('',#12828,0.3);
#12828 = AXIS2_PLACEMENT_3D('',#12829,#12830,#12831);
#12829 = CARTESIAN_POINT('',(3.5,12.2,0.3));
#12830 = DIRECTION('',(1.,0.,-0.));
#12831 = DIRECTION('',(0.,1.,0.));
#12832 = ADVANCED_FACE('',(#12833),#12838,.T.);
#12833 = FACE_BOUND('',#12834,.T.);
#12834 = EDGE_LOOP('',(#12835,#12836,#12837));
#12835 = ORIENTED_EDGE('',*,*,#12744,.F.);
#12836 = ORIENTED_EDGE('',*,*,#12820,.T.);
#12837 = ORIENTED_EDGE('',*,*,#12719,.F.);
#12838 = SPHERICAL_SURFACE('',#12839,0.3);
#12839 = AXIS2_PLACEMENT_3D('',#12840,#12841,#12842);
#12840 = CARTESIAN_POINT('',(6.7,12.2,0.3));
#12841 = DIRECTION('',(0.,0.,1.));
#12842 = DIRECTION('',(1.,0.,-0.));
#12843 = ADVANCED_FACE('',(#12844),#12887,.T.);
#12844 = FACE_BOUND('',#12845,.T.);
#12845 = EDGE_LOOP('',(#12846,#12854,#12855,#12856,#12857,#12865,#12873,
    #12881));
#12846 = ORIENTED_EDGE('',*,*,#12847,.T.);
#12847 = EDGE_CURVE('',#12848,#12569,#12850,.T.);
#12848 = VERTEX_POINT('',#12849);
#12849 = CARTESIAN_POINT('',(6.5,0.4,5.6));
#12850 = LINE('',#12851,#12852);
#12851 = CARTESIAN_POINT('',(3.85,0.4,5.6));
#12852 = VECTOR('',#12853,1.);
#12853 = DIRECTION('',(1.,0.,-0.));
#12854 = ORIENTED_EDGE('',*,*,#12576,.F.);
#12855 = ORIENTED_EDGE('',*,*,#12152,.F.);
#12856 = ORIENTED_EDGE('',*,*,#12616,.T.);
#12857 = ORIENTED_EDGE('',*,*,#12858,.F.);
#12858 = EDGE_CURVE('',#12859,#12617,#12861,.T.);
#12859 = VERTEX_POINT('',#12860);
#12860 = CARTESIAN_POINT('',(6.05,0.4,5.6));
#12861 = LINE('',#12862,#12863);
#12862 = CARTESIAN_POINT('',(3.85,0.4,5.6));
#12863 = VECTOR('',#12864,1.);
#12864 = DIRECTION('',(1.,0.,-0.));
#12865 = ORIENTED_EDGE('',*,*,#12866,.T.);
#12866 = EDGE_CURVE('',#12859,#12867,#12869,.T.);
#12867 = VERTEX_POINT('',#12868);
#12868 = CARTESIAN_POINT('',(6.05,4.35,5.6));
#12869 = LINE('',#12870,#12871);
#12870 = CARTESIAN_POINT('',(6.05,0.4,5.6));
#12871 = VECTOR('',#12872,1.);
#12872 = DIRECTION('',(-0.,1.,0.));
#12873 = ORIENTED_EDGE('',*,*,#12874,.T.);
#12874 = EDGE_CURVE('',#12867,#12875,#12877,.T.);
#12875 = VERTEX_POINT('',#12876);
#12876 = CARTESIAN_POINT('',(6.5,4.35,5.6));
#12877 = LINE('',#12878,#12879);
#12878 = CARTESIAN_POINT('',(4.,4.35,5.6));
#12879 = VECTOR('',#12880,1.);
#12880 = DIRECTION('',(1.,0.,-0.));
#12881 = ORIENTED_EDGE('',*,*,#12882,.F.);
#12882 = EDGE_CURVE('',#12848,#12875,#12883,.T.);
#12883 = LINE('',#12884,#12885);
#12884 = CARTESIAN_POINT('',(6.5,0.4,5.6));
#12885 = VECTOR('',#12886,1.);
#12886 = DIRECTION('',(-0.,1.,0.));
#12887 = PLANE('',#12888);
#12888 = AXIS2_PLACEMENT_3D('',#12889,#12890,#12891);
#12889 = CARTESIAN_POINT('',(6.296212121212,2.121212121212,5.6));
#12890 = DIRECTION('',(-0.,-0.,-1.));
#12891 = DIRECTION('',(-1.,0.,0.));
#12892 = ADVANCED_FACE('',(#12893),#12918,.F.);
#12893 = FACE_BOUND('',#12894,.F.);
#12894 = EDGE_LOOP('',(#12895,#12903,#12904,#12912));
#12895 = ORIENTED_EDGE('',*,*,#12896,.F.);
#12896 = EDGE_CURVE('',#12859,#12897,#12899,.T.);
#12897 = VERTEX_POINT('',#12898);
#12898 = CARTESIAN_POINT('',(6.05,0.4,7.35));
#12899 = LINE('',#12900,#12901);
#12900 = CARTESIAN_POINT('',(6.05,0.4,5.6));
#12901 = VECTOR('',#12902,1.);
#12902 = DIRECTION('',(0.,0.,1.));
#12903 = ORIENTED_EDGE('',*,*,#12866,.T.);
#12904 = ORIENTED_EDGE('',*,*,#12905,.T.);
#12905 = EDGE_CURVE('',#12867,#12906,#12908,.T.);
#12906 = VERTEX_POINT('',#12907);
#12907 = CARTESIAN_POINT('',(6.05,4.35,7.35));
#12908 = LINE('',#12909,#12910);
#12909 = CARTESIAN_POINT('',(6.05,4.35,5.6));
#12910 = VECTOR('',#12911,1.);
#12911 = DIRECTION('',(0.,0.,1.));
#12912 = ORIENTED_EDGE('',*,*,#12913,.F.);
#12913 = EDGE_CURVE('',#12897,#12906,#12914,.T.);
#12914 = LINE('',#12915,#12916);
#12915 = CARTESIAN_POINT('',(6.05,0.4,7.35));
#12916 = VECTOR('',#12917,1.);
#12917 = DIRECTION('',(-0.,1.,0.));
#12918 = PLANE('',#12919);
#12919 = AXIS2_PLACEMENT_3D('',#12920,#12921,#12922);
#12920 = CARTESIAN_POINT('',(6.05,0.4,5.6));
#12921 = DIRECTION('',(1.,0.,-0.));
#12922 = DIRECTION('',(0.,0.,1.));
#12923 = ADVANCED_FACE('',(#12924),#12949,.F.);
#12924 = FACE_BOUND('',#12925,.F.);
#12925 = EDGE_LOOP('',(#12926,#12934,#12942,#12948));
#12926 = ORIENTED_EDGE('',*,*,#12927,.F.);
#12927 = EDGE_CURVE('',#12928,#12848,#12930,.T.);
#12928 = VERTEX_POINT('',#12929);
#12929 = CARTESIAN_POINT('',(6.5,0.4,2.1));
#12930 = LINE('',#12931,#12932);
#12931 = CARTESIAN_POINT('',(6.5,0.4,2.1));
#12932 = VECTOR('',#12933,1.);
#12933 = DIRECTION('',(0.,0.,1.));
#12934 = ORIENTED_EDGE('',*,*,#12935,.T.);
#12935 = EDGE_CURVE('',#12928,#12936,#12938,.T.);
#12936 = VERTEX_POINT('',#12937);
#12937 = CARTESIAN_POINT('',(6.5,4.35,2.1));
#12938 = LINE('',#12939,#12940);
#12939 = CARTESIAN_POINT('',(6.5,0.4,2.1));
#12940 = VECTOR('',#12941,1.);
#12941 = DIRECTION('',(-0.,1.,0.));
#12942 = ORIENTED_EDGE('',*,*,#12943,.T.);
#12943 = EDGE_CURVE('',#12936,#12875,#12944,.T.);
#12944 = LINE('',#12945,#12946);
#12945 = CARTESIAN_POINT('',(6.5,4.35,2.1));
#12946 = VECTOR('',#12947,1.);
#12947 = DIRECTION('',(0.,0.,1.));
#12948 = ORIENTED_EDGE('',*,*,#12882,.F.);
#12949 = PLANE('',#12950);
#12950 = AXIS2_PLACEMENT_3D('',#12951,#12952,#12953);
#12951 = CARTESIAN_POINT('',(6.5,0.4,2.1));
#12952 = DIRECTION('',(1.,0.,-0.));
#12953 = DIRECTION('',(0.,0.,1.));
#12954 = ADVANCED_FACE('',(#12955),#12982,.F.);
#12955 = FACE_BOUND('',#12956,.F.);
#12956 = EDGE_LOOP('',(#12957,#12966,#12967,#12976));
#12957 = ORIENTED_EDGE('',*,*,#12958,.F.);
#12958 = EDGE_CURVE('',#12936,#12959,#12961,.T.);
#12959 = VERTEX_POINT('',#12960);
#12960 = CARTESIAN_POINT('',(4.,4.35,2.1));
#12961 = CIRCLE('',#12962,1.25);
#12962 = AXIS2_PLACEMENT_3D('',#12963,#12964,#12965);
#12963 = CARTESIAN_POINT('',(5.25,4.35,2.1));
#12964 = DIRECTION('',(0.,1.,0.));
#12965 = DIRECTION('',(0.,-0.,1.));
#12966 = ORIENTED_EDGE('',*,*,#12935,.F.);
#12967 = ORIENTED_EDGE('',*,*,#12968,.T.);
#12968 = EDGE_CURVE('',#12928,#12969,#12971,.T.);
#12969 = VERTEX_POINT('',#12970);
#12970 = CARTESIAN_POINT('',(4.,0.4,2.1));
#12971 = CIRCLE('',#12972,1.25);
#12972 = AXIS2_PLACEMENT_3D('',#12973,#12974,#12975);
#12973 = CARTESIAN_POINT('',(5.25,0.4,2.1));
#12974 = DIRECTION('',(0.,1.,0.));
#12975 = DIRECTION('',(0.,-0.,1.));
#12976 = ORIENTED_EDGE('',*,*,#12977,.T.);
#12977 = EDGE_CURVE('',#12969,#12959,#12978,.T.);
#12978 = LINE('',#12979,#12980);
#12979 = CARTESIAN_POINT('',(4.,0.4,2.1));
#12980 = VECTOR('',#12981,1.);
#12981 = DIRECTION('',(-0.,1.,0.));
#12982 = CYLINDRICAL_SURFACE('',#12983,1.25);
#12983 = AXIS2_PLACEMENT_3D('',#12984,#12985,#12986);
#12984 = CARTESIAN_POINT('',(5.25,0.4,2.1));
#12985 = DIRECTION('',(0.,1.,0.));
#12986 = DIRECTION('',(0.,-0.,1.));
#12987 = ADVANCED_FACE('',(#12988),#13013,.T.);
#12988 = FACE_BOUND('',#12989,.T.);
#12989 = EDGE_LOOP('',(#12990,#12998,#12999,#13007));
#12990 = ORIENTED_EDGE('',*,*,#12991,.F.);
#12991 = EDGE_CURVE('',#12969,#12992,#12994,.T.);
#12992 = VERTEX_POINT('',#12993);
#12993 = CARTESIAN_POINT('',(4.,0.4,5.6));
#12994 = LINE('',#12995,#12996);
#12995 = CARTESIAN_POINT('',(4.,0.4,2.1));
#12996 = VECTOR('',#12997,1.);
#12997 = DIRECTION('',(0.,0.,1.));
#12998 = ORIENTED_EDGE('',*,*,#12977,.T.);
#12999 = ORIENTED_EDGE('',*,*,#13000,.T.);
#13000 = EDGE_CURVE('',#12959,#13001,#13003,.T.);
#13001 = VERTEX_POINT('',#13002);
#13002 = CARTESIAN_POINT('',(4.,4.35,5.6));
#13003 = LINE('',#13004,#13005);
#13004 = CARTESIAN_POINT('',(4.,4.35,2.1));
#13005 = VECTOR('',#13006,1.);
#13006 = DIRECTION('',(0.,0.,1.));
#13007 = ORIENTED_EDGE('',*,*,#13008,.F.);
#13008 = EDGE_CURVE('',#12992,#13001,#13009,.T.);
#13009 = LINE('',#13010,#13011);
#13010 = CARTESIAN_POINT('',(4.,0.4,5.6));
#13011 = VECTOR('',#13012,1.);
#13012 = DIRECTION('',(-0.,1.,0.));
#13013 = PLANE('',#13014);
#13014 = AXIS2_PLACEMENT_3D('',#13015,#13016,#13017);
#13015 = CARTESIAN_POINT('',(4.,0.4,2.1));
#13016 = DIRECTION('',(1.,0.,-0.));
#13017 = DIRECTION('',(0.,0.,1.));
#13018 = ADVANCED_FACE('',(#13019),#13053,.T.);
#13019 = FACE_BOUND('',#13020,.T.);
#13020 = EDGE_LOOP('',(#13021,#13027,#13028,#13036,#13044,#13050,#13051,
    #13052));
#13021 = ORIENTED_EDGE('',*,*,#13022,.T.);
#13022 = EDGE_CURVE('',#12649,#12992,#13023,.T.);
#13023 = LINE('',#13024,#13025);
#13024 = CARTESIAN_POINT('',(3.85,0.4,5.6));
#13025 = VECTOR('',#13026,1.);
#13026 = DIRECTION('',(1.,0.,-0.));
#13027 = ORIENTED_EDGE('',*,*,#13008,.T.);
#13028 = ORIENTED_EDGE('',*,*,#13029,.T.);
#13029 = EDGE_CURVE('',#13001,#13030,#13032,.T.);
#13030 = VERTEX_POINT('',#13031);
#13031 = CARTESIAN_POINT('',(4.45,4.35,5.6));
#13032 = LINE('',#13033,#13034);
#13033 = CARTESIAN_POINT('',(4.,4.35,5.6));
#13034 = VECTOR('',#13035,1.);
#13035 = DIRECTION('',(1.,0.,-0.));
#13036 = ORIENTED_EDGE('',*,*,#13037,.F.);
#13037 = EDGE_CURVE('',#13038,#13030,#13040,.T.);
#13038 = VERTEX_POINT('',#13039);
#13039 = CARTESIAN_POINT('',(4.45,0.4,5.6));
#13040 = LINE('',#13041,#13042);
#13041 = CARTESIAN_POINT('',(4.45,0.4,5.6));
#13042 = VECTOR('',#13043,1.);
#13043 = DIRECTION('',(-0.,1.,0.));
#13044 = ORIENTED_EDGE('',*,*,#13045,.F.);
#13045 = EDGE_CURVE('',#12672,#13038,#13046,.T.);
#13046 = LINE('',#13047,#13048);
#13047 = CARTESIAN_POINT('',(3.85,0.4,5.6));
#13048 = VECTOR('',#13049,1.);
#13049 = DIRECTION('',(1.,0.,-0.));
#13050 = ORIENTED_EDGE('',*,*,#12671,.F.);
#13051 = ORIENTED_EDGE('',*,*,#12194,.F.);
#13052 = ORIENTED_EDGE('',*,*,#12656,.T.);
#13053 = PLANE('',#13054);
#13054 = AXIS2_PLACEMENT_3D('',#13055,#13056,#13057);
#13055 = CARTESIAN_POINT('',(4.203787878788,2.121212121212,5.6));
#13056 = DIRECTION('',(-0.,-0.,-1.));
#13057 = DIRECTION('',(-1.,0.,0.));
#13058 = ADVANCED_FACE('',(#13059),#13084,.T.);
#13059 = FACE_BOUND('',#13060,.T.);
#13060 = EDGE_LOOP('',(#13061,#13069,#13070,#13078));
#13061 = ORIENTED_EDGE('',*,*,#13062,.F.);
#13062 = EDGE_CURVE('',#13038,#13063,#13065,.T.);
#13063 = VERTEX_POINT('',#13064);
#13064 = CARTESIAN_POINT('',(4.45,0.4,7.35));
#13065 = LINE('',#13066,#13067);
#13066 = CARTESIAN_POINT('',(4.45,0.4,5.6));
#13067 = VECTOR('',#13068,1.);
#13068 = DIRECTION('',(0.,0.,1.));
#13069 = ORIENTED_EDGE('',*,*,#13037,.T.);
#13070 = ORIENTED_EDGE('',*,*,#13071,.T.);
#13071 = EDGE_CURVE('',#13030,#13072,#13074,.T.);
#13072 = VERTEX_POINT('',#13073);
#13073 = CARTESIAN_POINT('',(4.45,4.35,7.35));
#13074 = LINE('',#13075,#13076);
#13075 = CARTESIAN_POINT('',(4.45,4.35,5.6));
#13076 = VECTOR('',#13077,1.);
#13077 = DIRECTION('',(0.,0.,1.));
#13078 = ORIENTED_EDGE('',*,*,#13079,.F.);
#13079 = EDGE_CURVE('',#13063,#13072,#13080,.T.);
#13080 = LINE('',#13081,#13082);
#13081 = CARTESIAN_POINT('',(4.45,0.4,7.35));
#13082 = VECTOR('',#13083,1.);
#13083 = DIRECTION('',(-0.,1.,0.));
#13084 = PLANE('',#13085);
#13085 = AXIS2_PLACEMENT_3D('',#13086,#13087,#13088);
#13086 = CARTESIAN_POINT('',(4.45,0.4,5.6));
#13087 = DIRECTION('',(1.,0.,-0.));
#13088 = DIRECTION('',(0.,0.,1.));
#13089 = ADVANCED_FACE('',(#13090),#13100,.T.);
#13090 = FACE_BOUND('',#13091,.T.);
#13091 = EDGE_LOOP('',(#13092,#13093,#13094,#13095,#13096,#13097,#13098,
    #13099));
#13092 = ORIENTED_EDGE('',*,*,#12568,.T.);
#13093 = ORIENTED_EDGE('',*,*,#12847,.F.);
#13094 = ORIENTED_EDGE('',*,*,#12927,.F.);
#13095 = ORIENTED_EDGE('',*,*,#12968,.T.);
#13096 = ORIENTED_EDGE('',*,*,#12991,.T.);
#13097 = ORIENTED_EDGE('',*,*,#13022,.F.);
#13098 = ORIENTED_EDGE('',*,*,#12648,.F.);
#13099 = ORIENTED_EDGE('',*,*,#12590,.F.);
#13100 = PLANE('',#13101);
#13101 = AXIS2_PLACEMENT_3D('',#13102,#13103,#13104);
#13102 = CARTESIAN_POINT('',(5.25,0.4,2.974105664285));
#13103 = DIRECTION('',(-0.,-1.,-0.));
#13104 = DIRECTION('',(0.,0.,-1.));
#13105 = ADVANCED_FACE('',(#13106),#13146,.T.);
#13106 = FACE_BOUND('',#13107,.T.);
#13107 = EDGE_LOOP('',(#13108,#13109,#13110,#13119,#13126,#13127,#13128,
    #13129,#13138,#13145));
#13108 = ORIENTED_EDGE('',*,*,#12858,.T.);
#13109 = ORIENTED_EDGE('',*,*,#12624,.T.);
#13110 = ORIENTED_EDGE('',*,*,#13111,.F.);
#13111 = EDGE_CURVE('',#13112,#12625,#13114,.T.);
#13112 = VERTEX_POINT('',#13113);
#13113 = CARTESIAN_POINT('',(5.25,0.4,8.3));
#13114 = CIRCLE('',#13115,0.95);
#13115 = AXIS2_PLACEMENT_3D('',#13116,#13117,#13118);
#13116 = CARTESIAN_POINT('',(5.25,0.4,7.35));
#13117 = DIRECTION('',(0.,1.,0.));
#13118 = DIRECTION('',(0.,-0.,1.));
#13119 = ORIENTED_EDGE('',*,*,#13120,.F.);
#13120 = EDGE_CURVE('',#12680,#13112,#13121,.T.);
#13121 = CIRCLE('',#13122,0.95);
#13122 = AXIS2_PLACEMENT_3D('',#13123,#13124,#13125);
#13123 = CARTESIAN_POINT('',(5.25,0.4,7.35));
#13124 = DIRECTION('',(0.,1.,0.));
#13125 = DIRECTION('',(0.,-0.,1.));
#13126 = ORIENTED_EDGE('',*,*,#12679,.F.);
#13127 = ORIENTED_EDGE('',*,*,#13045,.T.);
#13128 = ORIENTED_EDGE('',*,*,#13062,.T.);
#13129 = ORIENTED_EDGE('',*,*,#13130,.T.);
#13130 = EDGE_CURVE('',#13063,#13131,#13133,.T.);
#13131 = VERTEX_POINT('',#13132);
#13132 = CARTESIAN_POINT('',(5.25,0.4,8.15));
#13133 = CIRCLE('',#13134,0.8);
#13134 = AXIS2_PLACEMENT_3D('',#13135,#13136,#13137);
#13135 = CARTESIAN_POINT('',(5.25,0.4,7.35));
#13136 = DIRECTION('',(0.,1.,0.));
#13137 = DIRECTION('',(0.,-0.,1.));
#13138 = ORIENTED_EDGE('',*,*,#13139,.T.);
#13139 = EDGE_CURVE('',#13131,#12897,#13140,.T.);
#13140 = CIRCLE('',#13141,0.8);
#13141 = AXIS2_PLACEMENT_3D('',#13142,#13143,#13144);
#13142 = CARTESIAN_POINT('',(5.25,0.4,7.35));
#13143 = DIRECTION('',(0.,1.,0.));
#13144 = DIRECTION('',(0.,-0.,1.));
#13145 = ORIENTED_EDGE('',*,*,#12896,.F.);
#13146 = PLANE('',#13147);
#13147 = AXIS2_PLACEMENT_3D('',#13148,#13149,#13150);
#13148 = CARTESIAN_POINT('',(5.25,0.4,7.061813018945));
#13149 = DIRECTION('',(-0.,-1.,-0.));
#13150 = DIRECTION('',(0.,0.,-1.));
#13151 = ADVANCED_FACE('',(#13152),#13177,.T.);
#13152 = FACE_BOUND('',#13153,.T.);
#13153 = EDGE_LOOP('',(#13154,#13155,#13156,#13157,#13166,#13173,#13174,
    #13175,#13176));
#13154 = ORIENTED_EDGE('',*,*,#12943,.T.);
#13155 = ORIENTED_EDGE('',*,*,#12874,.F.);
#13156 = ORIENTED_EDGE('',*,*,#12905,.T.);
#13157 = ORIENTED_EDGE('',*,*,#13158,.F.);
#13158 = EDGE_CURVE('',#13159,#12906,#13161,.T.);
#13159 = VERTEX_POINT('',#13160);
#13160 = CARTESIAN_POINT('',(5.25,4.35,8.15));
#13161 = CIRCLE('',#13162,0.8);
#13162 = AXIS2_PLACEMENT_3D('',#13163,#13164,#13165);
#13163 = CARTESIAN_POINT('',(5.25,4.35,7.35));
#13164 = DIRECTION('',(0.,1.,0.));
#13165 = DIRECTION('',(0.,-0.,1.));
#13166 = ORIENTED_EDGE('',*,*,#13167,.F.);
#13167 = EDGE_CURVE('',#13072,#13159,#13168,.T.);
#13168 = CIRCLE('',#13169,0.8);
#13169 = AXIS2_PLACEMENT_3D('',#13170,#13171,#13172);
#13170 = CARTESIAN_POINT('',(5.25,4.35,7.35));
#13171 = DIRECTION('',(0.,1.,0.));
#13172 = DIRECTION('',(0.,-0.,1.));
#13173 = ORIENTED_EDGE('',*,*,#13071,.F.);
#13174 = ORIENTED_EDGE('',*,*,#13029,.F.);
#13175 = ORIENTED_EDGE('',*,*,#13000,.F.);
#13176 = ORIENTED_EDGE('',*,*,#12958,.F.);
#13177 = PLANE('',#13178);
#13178 = AXIS2_PLACEMENT_3D('',#13179,#13180,#13181);
#13179 = CARTESIAN_POINT('',(5.25,4.35,4.497949762039));
#13180 = DIRECTION('',(-0.,-1.,-0.));
#13181 = DIRECTION('',(0.,0.,-1.));
#13182 = ADVANCED_FACE('',(#13183),#13191,.F.);
#13183 = FACE_BOUND('',#13184,.F.);
#13184 = EDGE_LOOP('',(#13185,#13186,#13187,#13188,#13189,#13190));
#13185 = ORIENTED_EDGE('',*,*,#12687,.F.);
#13186 = ORIENTED_EDGE('',*,*,#12177,.T.);
#13187 = ORIENTED_EDGE('',*,*,#12168,.T.);
#13188 = ORIENTED_EDGE('',*,*,#12632,.T.);
#13189 = ORIENTED_EDGE('',*,*,#13111,.F.);
#13190 = ORIENTED_EDGE('',*,*,#13120,.F.);
#13191 = CYLINDRICAL_SURFACE('',#13192,0.95);
#13192 = AXIS2_PLACEMENT_3D('',#13193,#13194,#13195);
#13193 = CARTESIAN_POINT('',(5.25,-5.E-02,7.35));
#13194 = DIRECTION('',(0.,1.,0.));
#13195 = DIRECTION('',(0.,-0.,1.));
#13196 = ADVANCED_FACE('',(#13197),#13205,.F.);
#13197 = FACE_BOUND('',#13198,.F.);
#13198 = EDGE_LOOP('',(#13199,#13200,#13201,#13202,#13203,#13204));
#13199 = ORIENTED_EDGE('',*,*,#12913,.T.);
#13200 = ORIENTED_EDGE('',*,*,#13158,.F.);
#13201 = ORIENTED_EDGE('',*,*,#13167,.F.);
#13202 = ORIENTED_EDGE('',*,*,#13079,.F.);
#13203 = ORIENTED_EDGE('',*,*,#13130,.T.);
#13204 = ORIENTED_EDGE('',*,*,#13139,.T.);
#13205 = CYLINDRICAL_SURFACE('',#13206,0.8);
#13206 = AXIS2_PLACEMENT_3D('',#13207,#13208,#13209);
#13207 = CARTESIAN_POINT('',(5.25,0.4,7.35));
#13208 = DIRECTION('',(0.,1.,0.));
#13209 = DIRECTION('',(0.,-0.,1.));
#13210 = ( GEOMETRIC_REPRESENTATION_CONTEXT(3)
GLOBAL_UNCERTAINTY_ASSIGNED_CONTEXT((#13214))
GLOBAL_UNIT_ASSIGNED_CONTEXT((#13211,#13212,#13213))
REPRESENTATION_CONTEXT('Context #1',
  '3D Context with UNIT and UNCERTAINTY') );
#13211 = ( LENGTH_UNIT() NAMED_UNIT(*) SI_UNIT(.MILLI.,.METRE.) );
#13212 = ( NAMED_UNIT(*) PLANE_ANGLE_UNIT() SI_UNIT($,.RADIAN.) );
#13213 = ( NAMED_UNIT(*) SI_UNIT($,.STERADIAN.) SOLID_ANGLE_UNIT() );
#13214 = UNCERTAINTY_MEASURE_WITH_UNIT(LENGTH_MEASURE(1.E-07),#13211,
  'distance_accuracy_value','confusion accuracy');
#13215 = CONTEXT_DEPENDENT_SHAPE_REPRESENTATION(#13216,#13218);
#13216 = ( REPRESENTATION_RELATIONSHIP('','',#11854,#10)
REPRESENTATION_RELATIONSHIP_WITH_TRANSFORMATION(#13217)
SHAPE_REPRESENTATION_RELATIONSHIP() );
#13217 = ITEM_DEFINED_TRANSFORMATION('','',#11,#111);
#13218 = PRODUCT_DEFINITION_SHAPE('Placement','Placement of an item',
  #13219);
#13219 = NEXT_ASSEMBLY_USAGE_OCCURRENCE('25','Housing P7','',#5,#11849,$
  );
#13220 = PRODUCT_RELATED_PRODUCT_CATEGORY('part',$,(#11851));
#13221 = SHAPE_DEFINITION_REPRESENTATION(#13222,#13228);
#13222 = PRODUCT_DEFINITION_SHAPE('','',#13223);
#13223 = PRODUCT_DEFINITION('design','',#13224,#13227);
#13224 = PRODUCT_DEFINITION_FORMATION('','',#13225);
#13225 = PRODUCT('Actuator P7','Actuator P7','',(#13226));
#13226 = PRODUCT_CONTEXT('',#2,'mechanical');
#13227 = PRODUCT_DEFINITION_CONTEXT('part definition',#2,'design');
#13228 = ADVANCED_BREP_SHAPE_REPRESENTATION('',(#11,#13229),#13447);
#13229 = MANIFOLD_SOLID_BREP('',#13230);
#13230 = CLOSED_SHELL('',(#13231,#13271,#13302,#13333,#13364,#13397,
    #13419,#13433));
#13231 = ADVANCED_FACE('',(#13232),#13266,.T.);
#13232 = FACE_BOUND('',#13233,.T.);
#13233 = EDGE_LOOP('',(#13234,#13244,#13252,#13260));
#13234 = ORIENTED_EDGE('',*,*,#13235,.T.);
#13235 = EDGE_CURVE('',#13236,#13238,#13240,.T.);
#13236 = VERTEX_POINT('',#13237);
#13237 = CARTESIAN_POINT('',(3.9,-0.35,10.6));
#13238 = VERTEX_POINT('',#13239);
#13239 = CARTESIAN_POINT('',(6.6,-0.35,10.6));
#13240 = LINE('',#13241,#13242);
#13241 = CARTESIAN_POINT('',(3.9,-0.35,10.6));
#13242 = VECTOR('',#13243,1.);
#13243 = DIRECTION('',(1.,0.,0.));
#13244 = ORIENTED_EDGE('',*,*,#13245,.T.);
#13245 = EDGE_CURVE('',#13238,#13246,#13248,.T.);
#13246 = VERTEX_POINT('',#13247);
#13247 = CARTESIAN_POINT('',(6.6,9.45,10.6));
#13248 = LINE('',#13249,#13250);
#13249 = CARTESIAN_POINT('',(6.6,-0.35,10.6));
#13250 = VECTOR('',#13251,1.);
#13251 = DIRECTION('',(0.,1.,0.));
#13252 = ORIENTED_EDGE('',*,*,#13253,.F.);
#13253 = EDGE_CURVE('',#13254,#13246,#13256,.T.);
#13254 = VERTEX_POINT('',#13255);
#13255 = CARTESIAN_POINT('',(3.9,9.45,10.6));
#13256 = LINE('',#13257,#13258);
#13257 = CARTESIAN_POINT('',(3.9,9.45,10.6));
#13258 = VECTOR('',#13259,1.);
#13259 = DIRECTION('',(1.,0.,0.));
#13260 = ORIENTED_EDGE('',*,*,#13261,.F.);
#13261 = EDGE_CURVE('',#13236,#13254,#13262,.T.);
#13262 = LINE('',#13263,#13264);
#13263 = CARTESIAN_POINT('',(3.9,-0.35,10.6));
#13264 = VECTOR('',#13265,1.);
#13265 = DIRECTION('',(0.,1.,0.));
#13266 = PLANE('',#13267);
#13267 = AXIS2_PLACEMENT_3D('',#13268,#13269,#13270);
#13268 = CARTESIAN_POINT('',(3.9,-0.35,10.6));
#13269 = DIRECTION('',(0.,0.,1.));
#13270 = DIRECTION('',(0.,1.,0.));
#13271 = ADVANCED_FACE('',(#13272),#13297,.T.);
#13272 = FACE_BOUND('',#13273,.T.);
#13273 = EDGE_LOOP('',(#13274,#13284,#13290,#13291));
#13274 = ORIENTED_EDGE('',*,*,#13275,.T.);
#13275 = EDGE_CURVE('',#13276,#13278,#13280,.T.);
#13276 = VERTEX_POINT('',#13277);
#13277 = CARTESIAN_POINT('',(3.9,1.25,8.6));
#13278 = VERTEX_POINT('',#13279);
#13279 = CARTESIAN_POINT('',(6.6,1.25,8.6));
#13280 = LINE('',#13281,#13282);
#13281 = CARTESIAN_POINT('',(3.9,1.25,8.6));
#13282 = VECTOR('',#13283,1.);
#13283 = DIRECTION('',(1.,0.,0.));
#13284 = ORIENTED_EDGE('',*,*,#13285,.T.);
#13285 = EDGE_CURVE('',#13278,#13238,#13286,.T.);
#13286 = LINE('',#13287,#13288);
#13287 = CARTESIAN_POINT('',(6.6,1.25,8.6));
#13288 = VECTOR('',#13289,1.);
#13289 = DIRECTION('',(0.,-0.624695047554,0.780868809443));
#13290 = ORIENTED_EDGE('',*,*,#13235,.F.);
#13291 = ORIENTED_EDGE('',*,*,#13292,.F.);
#13292 = EDGE_CURVE('',#13276,#13236,#13293,.T.);
#13293 = LINE('',#13294,#13295);
#13294 = CARTESIAN_POINT('',(3.9,1.25,8.6));
#13295 = VECTOR('',#13296,1.);
#13296 = DIRECTION('',(0.,-0.624695047554,0.780868809443));
#13297 = PLANE('',#13298);
#13298 = AXIS2_PLACEMENT_3D('',#13299,#13300,#13301);
#13299 = CARTESIAN_POINT('',(3.9,1.25,8.6));
#13300 = DIRECTION('',(0.,-0.780868809443,-0.624695047554));
#13301 = DIRECTION('',(0.,-0.624695047554,0.780868809443));
#13302 = ADVANCED_FACE('',(#13303),#13328,.T.);
#13303 = FACE_BOUND('',#13304,.T.);
#13304 = EDGE_LOOP('',(#13305,#13313,#13314,#13322));
#13305 = ORIENTED_EDGE('',*,*,#13306,.F.);
#13306 = EDGE_CURVE('',#13254,#13307,#13309,.T.);
#13307 = VERTEX_POINT('',#13308);
#13308 = CARTESIAN_POINT('',(3.9,9.45,9.565923489271));
#13309 = LINE('',#13310,#13311);
#13310 = CARTESIAN_POINT('',(3.9,9.45,10.6));
#13311 = VECTOR('',#13312,1.);
#13312 = DIRECTION('',(0.,0.,-1.));
#13313 = ORIENTED_EDGE('',*,*,#13253,.T.);
#13314 = ORIENTED_EDGE('',*,*,#13315,.T.);
#13315 = EDGE_CURVE('',#13246,#13316,#13318,.T.);
#13316 = VERTEX_POINT('',#13317);
#13317 = CARTESIAN_POINT('',(6.6,9.45,9.565923489271));
#13318 = LINE('',#13319,#13320);
#13319 = CARTESIAN_POINT('',(6.6,9.45,10.6));
#13320 = VECTOR('',#13321,1.);
#13321 = DIRECTION('',(0.,0.,-1.));
#13322 = ORIENTED_EDGE('',*,*,#13323,.F.);
#13323 = EDGE_CURVE('',#13307,#13316,#13324,.T.);
#13324 = LINE('',#13325,#13326);
#13325 = CARTESIAN_POINT('',(3.9,9.45,9.565923489271));
#13326 = VECTOR('',#13327,1.);
#13327 = DIRECTION('',(1.,0.,0.));
#13328 = PLANE('',#13329);
#13329 = AXIS2_PLACEMENT_3D('',#13330,#13331,#13332);
#13330 = CARTESIAN_POINT('',(3.9,9.45,10.6));
#13331 = DIRECTION('',(-0.,1.,0.));
#13332 = DIRECTION('',(0.,0.,-1.));
#13333 = ADVANCED_FACE('',(#13334),#13359,.T.);
#13334 = FACE_BOUND('',#13335,.T.);
#13335 = EDGE_LOOP('',(#13336,#13346,#13352,#13353));
#13336 = ORIENTED_EDGE('',*,*,#13337,.T.);
#13337 = EDGE_CURVE('',#13338,#13340,#13342,.T.);
#13338 = VERTEX_POINT('',#13339);
#13339 = CARTESIAN_POINT('',(3.9,9.45,8.6));
#13340 = VERTEX_POINT('',#13341);
#13341 = CARTESIAN_POINT('',(6.6,9.45,8.6));
#13342 = LINE('',#13343,#13344);
#13343 = CARTESIAN_POINT('',(3.9,9.45,8.6));
#13344 = VECTOR('',#13345,1.);
#13345 = DIRECTION('',(1.,0.,0.));
#13346 = ORIENTED_EDGE('',*,*,#13347,.T.);
#13347 = EDGE_CURVE('',#13340,#13278,#13348,.T.);
#13348 = LINE('',#13349,#13350);
#13349 = CARTESIAN_POINT('',(6.6,9.45,8.6));
#13350 = VECTOR('',#13351,1.);
#13351 = DIRECTION('',(0.,-1.,0.));
#13352 = ORIENTED_EDGE('',*,*,#13275,.F.);
#13353 = ORIENTED_EDGE('',*,*,#13354,.F.);
#13354 = EDGE_CURVE('',#13338,#13276,#13355,.T.);
#13355 = LINE('',#13356,#13357);
#13356 = CARTESIAN_POINT('',(3.9,9.45,8.6));
#13357 = VECTOR('',#13358,1.);
#13358 = DIRECTION('',(0.,-1.,0.));
#13359 = PLANE('',#13360);
#13360 = AXIS2_PLACEMENT_3D('',#13361,#13362,#13363);
#13361 = CARTESIAN_POINT('',(3.9,9.45,8.6));
#13362 = DIRECTION('',(0.,0.,-1.));
#13363 = DIRECTION('',(0.,-1.,0.));
#13364 = ADVANCED_FACE('',(#13365),#13392,.T.);
#13365 = FACE_BOUND('',#13366,.T.);
#13366 = EDGE_LOOP('',(#13367,#13376,#13384,#13391));
#13367 = ORIENTED_EDGE('',*,*,#13368,.F.);
#13368 = EDGE_CURVE('',#13369,#13316,#13371,.T.);
#13369 = VERTEX_POINT('',#13370);
#13370 = CARTESIAN_POINT('',(6.6,9.45,8.834076510729));
#13371 = CIRCLE('',#13372,0.58);
#13372 = AXIS2_PLACEMENT_3D('',#13373,#13374,#13375);
#13373 = CARTESIAN_POINT('',(6.6,9.,9.2));
#13374 = DIRECTION('',(1.,0.,0.));
#13375 = DIRECTION('',(-0.,0.,1.));
#13376 = ORIENTED_EDGE('',*,*,#13377,.F.);
#13377 = EDGE_CURVE('',#13378,#13369,#13380,.T.);
#13378 = VERTEX_POINT('',#13379);
#13379 = CARTESIAN_POINT('',(3.9,9.45,8.834076510729));
#13380 = LINE('',#13381,#13382);
#13381 = CARTESIAN_POINT('',(3.9,9.45,8.834076510729));
#13382 = VECTOR('',#13383,1.);
#13383 = DIRECTION('',(1.,0.,0.));
#13384 = ORIENTED_EDGE('',*,*,#13385,.T.);
#13385 = EDGE_CURVE('',#13378,#13307,#13386,.T.);
#13386 = CIRCLE('',#13387,0.58);
#13387 = AXIS2_PLACEMENT_3D('',#13388,#13389,#13390);
#13388 = CARTESIAN_POINT('',(3.9,9.,9.2));
#13389 = DIRECTION('',(1.,0.,0.));
#13390 = DIRECTION('',(-0.,0.,1.));
#13391 = ORIENTED_EDGE('',*,*,#13323,.T.);
#13392 = CYLINDRICAL_SURFACE('',#13393,0.58);
#13393 = AXIS2_PLACEMENT_3D('',#13394,#13395,#13396);
#13394 = CARTESIAN_POINT('',(3.9,9.,9.2));
#13395 = DIRECTION('',(1.,0.,0.));
#13396 = DIRECTION('',(-0.,0.,1.));
#13397 = ADVANCED_FACE('',(#13398),#13414,.T.);
#13398 = FACE_BOUND('',#13399,.T.);
#13399 = EDGE_LOOP('',(#13400,#13406,#13407,#13413));
#13400 = ORIENTED_EDGE('',*,*,#13401,.F.);
#13401 = EDGE_CURVE('',#13378,#13338,#13402,.T.);
#13402 = LINE('',#13403,#13404);
#13403 = CARTESIAN_POINT('',(3.9,9.45,10.6));
#13404 = VECTOR('',#13405,1.);
#13405 = DIRECTION('',(0.,0.,-1.));
#13406 = ORIENTED_EDGE('',*,*,#13377,.T.);
#13407 = ORIENTED_EDGE('',*,*,#13408,.T.);
#13408 = EDGE_CURVE('',#13369,#13340,#13409,.T.);
#13409 = LINE('',#13410,#13411);
#13410 = CARTESIAN_POINT('',(6.6,9.45,10.6));
#13411 = VECTOR('',#13412,1.);
#13412 = DIRECTION('',(0.,0.,-1.));
#13413 = ORIENTED_EDGE('',*,*,#13337,.F.);
#13414 = PLANE('',#13415);
#13415 = AXIS2_PLACEMENT_3D('',#13416,#13417,#13418);
#13416 = CARTESIAN_POINT('',(3.9,9.45,10.6));
#13417 = DIRECTION('',(-0.,1.,0.));
#13418 = DIRECTION('',(0.,0.,-1.));
#13419 = ADVANCED_FACE('',(#13420),#13428,.T.);
#13420 = FACE_BOUND('',#13421,.T.);
#13421 = EDGE_LOOP('',(#13422,#13423,#13424,#13425,#13426,#13427));
#13422 = ORIENTED_EDGE('',*,*,#13292,.T.);
#13423 = ORIENTED_EDGE('',*,*,#13261,.T.);
#13424 = ORIENTED_EDGE('',*,*,#13306,.T.);
#13425 = ORIENTED_EDGE('',*,*,#13385,.F.);
#13426 = ORIENTED_EDGE('',*,*,#13401,.T.);
#13427 = ORIENTED_EDGE('',*,*,#13354,.T.);
#13428 = PLANE('',#13429);
#13429 = AXIS2_PLACEMENT_3D('',#13430,#13431,#13432);
#13430 = CARTESIAN_POINT('',(3.9,4.823284092834,9.669808456553));
#13431 = DIRECTION('',(-1.,-0.,-0.));
#13432 = DIRECTION('',(0.,0.,-1.));
#13433 = ADVANCED_FACE('',(#13434),#13442,.T.);
#13434 = FACE_BOUND('',#13435,.T.);
#13435 = EDGE_LOOP('',(#13436,#13437,#13438,#13439,#13440,#13441));
#13436 = ORIENTED_EDGE('',*,*,#13285,.F.);
#13437 = ORIENTED_EDGE('',*,*,#13347,.F.);
#13438 = ORIENTED_EDGE('',*,*,#13408,.F.);
#13439 = ORIENTED_EDGE('',*,*,#13368,.T.);
#13440 = ORIENTED_EDGE('',*,*,#13315,.F.);
#13441 = ORIENTED_EDGE('',*,*,#13245,.F.);
#13442 = PLANE('',#13443);
#13443 = AXIS2_PLACEMENT_3D('',#13444,#13445,#13446);
#13444 = CARTESIAN_POINT('',(6.6,4.823284092834,9.669808456553));
#13445 = DIRECTION('',(1.,0.,0.));
#13446 = DIRECTION('',(-0.,0.,1.));
#13447 = ( GEOMETRIC_REPRESENTATION_CONTEXT(3)
GLOBAL_UNCERTAINTY_ASSIGNED_CONTEXT((#13451))
GLOBAL_UNIT_ASSIGNED_CONTEXT((#13448,#13449,#13450))
REPRESENTATION_CONTEXT('Context #1',
  '3D Context with UNIT and UNCERTAINTY') );
#13448 = ( LENGTH_UNIT() NAMED_UNIT(*) SI_UNIT(.MILLI.,.METRE.) );
#13449 = ( NAMED_UNIT(*) PLANE_ANGLE_UNIT() SI_UNIT($,.RADIAN.) );
#13450 = ( NAMED_UNIT(*) SI_UNIT($,.STERADIAN.) SOLID_ANGLE_UNIT() );
#13451 = UNCERTAINTY_MEASURE_WITH_UNIT(LENGTH_MEASURE(1.E-07),#13448,
  'distance_accuracy_value','confusion accuracy');
#13452 = CONTEXT_DEPENDENT_SHAPE_REPRESENTATION(#13453,#13455);
#13453 = ( REPRESENTATION_RELATIONSHIP('','',#13228,#10)
REPRESENTATION_RELATIONSHIP_WITH_TRANSFORMATION(#13454)
SHAPE_REPRESENTATION_RELATIONSHIP() );
#13454 = ITEM_DEFINED_TRANSFORMATION('','',#11,#115);
#13455 = PRODUCT_DEFINITION_SHAPE('Placement','Placement of an item',
  #13456);
#13456 = NEXT_ASSEMBLY_USAGE_OCCURRENCE('26','Actuator P7','',#5,#13223,
  $);
#13457 = PRODUCT_RELATED_PRODUCT_CATEGORY('part',$,(#13225));
#13458 = SHAPE_DEFINITION_REPRESENTATION(#13459,#13465);
#13459 = PRODUCT_DEFINITION_SHAPE('','',#13460);
#13460 = PRODUCT_DEFINITION('design','',#13461,#13464);
#13461 = PRODUCT_DEFINITION_FORMATION('','',#13462);
#13462 = PRODUCT('Terminal Pin P7 A','Terminal Pin P7 A','',(#13463));
#13463 = PRODUCT_CONTEXT('',#2,'mechanical');
#13464 = PRODUCT_DEFINITION_CONTEXT('part definition',#2,'design');
#13465 = ADVANCED_BREP_SHAPE_REPRESENTATION('',(#11,#13466),#13616);
#13466 = MANIFOLD_SOLID_BREP('',#13467);
#13467 = CLOSED_SHELL('',(#13468,#13508,#13548,#13570,#13592,#13604));
#13468 = ADVANCED_FACE('',(#13469),#13503,.F.);
#13469 = FACE_BOUND('',#13470,.F.);
#13470 = EDGE_LOOP('',(#13471,#13481,#13489,#13497));
#13471 = ORIENTED_EDGE('',*,*,#13472,.F.);
#13472 = EDGE_CURVE('',#13473,#13475,#13477,.T.);
#13473 = VERTEX_POINT('',#13474);
#13474 = CARTESIAN_POINT('',(5.35,4.35,-3.5));
#13475 = VERTEX_POINT('',#13476);
#13476 = CARTESIAN_POINT('',(5.35,4.35,0.));
#13477 = LINE('',#13478,#13479);
#13478 = CARTESIAN_POINT('',(5.35,4.35,-3.5));
#13479 = VECTOR('',#13480,1.);
#13480 = DIRECTION('',(0.,0.,1.));
#13481 = ORIENTED_EDGE('',*,*,#13482,.T.);
#13482 = EDGE_CURVE('',#13473,#13483,#13485,.T.);
#13483 = VERTEX_POINT('',#13484);
#13484 = CARTESIAN_POINT('',(5.35,4.85,-3.5));
#13485 = LINE('',#13486,#13487);
#13486 = CARTESIAN_POINT('',(5.35,4.35,-3.5));
#13487 = VECTOR('',#13488,1.);
#13488 = DIRECTION('',(-0.,1.,0.));
#13489 = ORIENTED_EDGE('',*,*,#13490,.T.);
#13490 = EDGE_CURVE('',#13483,#13491,#13493,.T.);
#13491 = VERTEX_POINT('',#13492);
#13492 = CARTESIAN_POINT('',(5.35,4.85,0.));
#13493 = LINE('',#13494,#13495);
#13494 = CARTESIAN_POINT('',(5.35,4.85,-3.5));
#13495 = VECTOR('',#13496,1.);
#13496 = DIRECTION('',(0.,0.,1.));
#13497 = ORIENTED_EDGE('',*,*,#13498,.F.);
#13498 = EDGE_CURVE('',#13475,#13491,#13499,.T.);
#13499 = LINE('',#13500,#13501);
#13500 = CARTESIAN_POINT('',(5.35,4.35,0.));
#13501 = VECTOR('',#13502,1.);
#13502 = DIRECTION('',(-0.,1.,0.));
#13503 = PLANE('',#13504);
#13504 = AXIS2_PLACEMENT_3D('',#13505,#13506,#13507);
#13505 = CARTESIAN_POINT('',(5.35,4.35,-3.5));
#13506 = DIRECTION('',(1.,0.,-0.));
#13507 = DIRECTION('',(0.,0.,1.));
#13508 = ADVANCED_FACE('',(#13509),#13543,.T.);
#13509 = FACE_BOUND('',#13510,.T.);
#13510 = EDGE_LOOP('',(#13511,#13521,#13529,#13537));
#13511 = ORIENTED_EDGE('',*,*,#13512,.F.);
#13512 = EDGE_CURVE('',#13513,#13515,#13517,.T.);
#13513 = VERTEX_POINT('',#13514);
#13514 = CARTESIAN_POINT('',(6.15,4.35,-3.5));
#13515 = VERTEX_POINT('',#13516);
#13516 = CARTESIAN_POINT('',(6.15,4.35,0.));
#13517 = LINE('',#13518,#13519);
#13518 = CARTESIAN_POINT('',(6.15,4.35,-3.5));
#13519 = VECTOR('',#13520,1.);
#13520 = DIRECTION('',(0.,0.,1.));
#13521 = ORIENTED_EDGE('',*,*,#13522,.T.);
#13522 = EDGE_CURVE('',#13513,#13523,#13525,.T.);
#13523 = VERTEX_POINT('',#13524);
#13524 = CARTESIAN_POINT('',(6.15,4.85,-3.5));
#13525 = LINE('',#13526,#13527);
#13526 = CARTESIAN_POINT('',(6.15,4.35,-3.5));
#13527 = VECTOR('',#13528,1.);
#13528 = DIRECTION('',(-0.,1.,0.));
#13529 = ORIENTED_EDGE('',*,*,#13530,.T.);
#13530 = EDGE_CURVE('',#13523,#13531,#13533,.T.);
#13531 = VERTEX_POINT('',#13532);
#13532 = CARTESIAN_POINT('',(6.15,4.85,0.));
#13533 = LINE('',#13534,#13535);
#13534 = CARTESIAN_POINT('',(6.15,4.85,-3.5));
#13535 = VECTOR('',#13536,1.);
#13536 = DIRECTION('',(0.,0.,1.));
#13537 = ORIENTED_EDGE('',*,*,#13538,.F.);
#13538 = EDGE_CURVE('',#13515,#13531,#13539,.T.);
#13539 = LINE('',#13540,#13541);
#13540 = CARTESIAN_POINT('',(6.15,4.35,0.));
#13541 = VECTOR('',#13542,1.);
#13542 = DIRECTION('',(-0.,1.,0.));
#13543 = PLANE('',#13544);
#13544 = AXIS2_PLACEMENT_3D('',#13545,#13546,#13547);
#13545 = CARTESIAN_POINT('',(6.15,4.35,-3.5));
#13546 = DIRECTION('',(1.,0.,-0.));
#13547 = DIRECTION('',(0.,0.,1.));
#13548 = ADVANCED_FACE('',(#13549),#13565,.F.);
#13549 = FACE_BOUND('',#13550,.F.);
#13550 = EDGE_LOOP('',(#13551,#13557,#13558,#13564));
#13551 = ORIENTED_EDGE('',*,*,#13552,.F.);
#13552 = EDGE_CURVE('',#13473,#13513,#13553,.T.);
#13553 = LINE('',#13554,#13555);
#13554 = CARTESIAN_POINT('',(5.35,4.35,-3.5));
#13555 = VECTOR('',#13556,1.);
#13556 = DIRECTION('',(1.,0.,-0.));
#13557 = ORIENTED_EDGE('',*,*,#13472,.T.);
#13558 = ORIENTED_EDGE('',*,*,#13559,.T.);
#13559 = EDGE_CURVE('',#13475,#13515,#13560,.T.);
#13560 = LINE('',#13561,#13562);
#13561 = CARTESIAN_POINT('',(5.35,4.35,0.));
#13562 = VECTOR('',#13563,1.);
#13563 = DIRECTION('',(1.,0.,-0.));
#13564 = ORIENTED_EDGE('',*,*,#13512,.F.);
#13565 = PLANE('',#13566);
#13566 = AXIS2_PLACEMENT_3D('',#13567,#13568,#13569);
#13567 = CARTESIAN_POINT('',(5.35,4.35,-3.5));
#13568 = DIRECTION('',(-0.,1.,0.));
#13569 = DIRECTION('',(0.,0.,1.));
#13570 = ADVANCED_FACE('',(#13571),#13587,.T.);
#13571 = FACE_BOUND('',#13572,.T.);
#13572 = EDGE_LOOP('',(#13573,#13579,#13580,#13586));
#13573 = ORIENTED_EDGE('',*,*,#13574,.F.);
#13574 = EDGE_CURVE('',#13483,#13523,#13575,.T.);
#13575 = LINE('',#13576,#13577);
#13576 = CARTESIAN_POINT('',(5.35,4.85,-3.5));
#13577 = VECTOR('',#13578,1.);
#13578 = DIRECTION('',(1.,0.,-0.));
#13579 = ORIENTED_EDGE('',*,*,#13490,.T.);
#13580 = ORIENTED_EDGE('',*,*,#13581,.T.);
#13581 = EDGE_CURVE('',#13491,#13531,#13582,.T.);
#13582 = LINE('',#13583,#13584);
#13583 = CARTESIAN_POINT('',(5.35,4.85,0.));
#13584 = VECTOR('',#13585,1.);
#13585 = DIRECTION('',(1.,0.,-0.));
#13586 = ORIENTED_EDGE('',*,*,#13530,.F.);
#13587 = PLANE('',#13588);
#13588 = AXIS2_PLACEMENT_3D('',#13589,#13590,#13591);
#13589 = CARTESIAN_POINT('',(5.35,4.85,-3.5));
#13590 = DIRECTION('',(-0.,1.,0.));
#13591 = DIRECTION('',(0.,0.,1.));
#13592 = ADVANCED_FACE('',(#13593),#13599,.F.);
#13593 = FACE_BOUND('',#13594,.F.);
#13594 = EDGE_LOOP('',(#13595,#13596,#13597,#13598));
#13595 = ORIENTED_EDGE('',*,*,#13482,.F.);
#13596 = ORIENTED_EDGE('',*,*,#13552,.T.);
#13597 = ORIENTED_EDGE('',*,*,#13522,.T.);
#13598 = ORIENTED_EDGE('',*,*,#13574,.F.);
#13599 = PLANE('',#13600);
#13600 = AXIS2_PLACEMENT_3D('',#13601,#13602,#13603);
#13601 = CARTESIAN_POINT('',(5.35,4.35,-3.5));
#13602 = DIRECTION('',(0.,0.,1.));
#13603 = DIRECTION('',(1.,0.,-0.));
#13604 = ADVANCED_FACE('',(#13605),#13611,.T.);
#13605 = FACE_BOUND('',#13606,.T.);
#13606 = EDGE_LOOP('',(#13607,#13608,#13609,#13610));
#13607 = ORIENTED_EDGE('',*,*,#13498,.F.);
#13608 = ORIENTED_EDGE('',*,*,#13559,.T.);
#13609 = ORIENTED_EDGE('',*,*,#13538,.T.);
#13610 = ORIENTED_EDGE('',*,*,#13581,.F.);
#13611 = PLANE('',#13612);
#13612 = AXIS2_PLACEMENT_3D('',#13613,#13614,#13615);
#13613 = CARTESIAN_POINT('',(5.35,4.35,0.));
#13614 = DIRECTION('',(0.,0.,1.));
#13615 = DIRECTION('',(1.,0.,-0.));
#13616 = ( GEOMETRIC_REPRESENTATION_CONTEXT(3)
GLOBAL_UNCERTAINTY_ASSIGNED_CONTEXT((#13620))
GLOBAL_UNIT_ASSIGNED_CONTEXT((#13617,#13618,#13619))
REPRESENTATION_CONTEXT('Context #1',
  '3D Context with UNIT and UNCERTAINTY') );
#13617 = ( LENGTH_UNIT() NAMED_UNIT(*) SI_UNIT(.MILLI.,.METRE.) );
#13618 = ( NAMED_UNIT(*) PLANE_ANGLE_UNIT() SI_UNIT($,.RADIAN.) );
#13619 = ( NAMED_UNIT(*) SI_UNIT($,.STERADIAN.) SOLID_ANGLE_UNIT() );
#13620 = UNCERTAINTY_MEASURE_WITH_UNIT(LENGTH_MEASURE(1.E-07),#13617,
  'distance_accuracy_value','confusion accuracy');
#13621 = CONTEXT_DEPENDENT_SHAPE_REPRESENTATION(#13622,#13624);
#13622 = ( REPRESENTATION_RELATIONSHIP('','',#13465,#10)
REPRESENTATION_RELATIONSHIP_WITH_TRANSFORMATION(#13623)
SHAPE_REPRESENTATION_RELATIONSHIP() );
#13623 = ITEM_DEFINED_TRANSFORMATION('','',#11,#119);
#13624 = PRODUCT_DEFINITION_SHAPE('Placement','Placement of an item',
  #13625);
#13625 = NEXT_ASSEMBLY_USAGE_OCCURRENCE('27','Terminal Pin P7 A','',#5,
  #13460,$);
#13626 = PRODUCT_RELATED_PRODUCT_CATEGORY('part',$,(#13462));
#13627 = SHAPE_DEFINITION_REPRESENTATION(#13628,#13634);
#13628 = PRODUCT_DEFINITION_SHAPE('','',#13629);
#13629 = PRODUCT_DEFINITION('design','',#13630,#13633);
#13630 = PRODUCT_DEFINITION_FORMATION('','',#13631);
#13631 = PRODUCT('Terminal Pin P7 B','Terminal Pin P7 B','',(#13632));
#13632 = PRODUCT_CONTEXT('',#2,'mechanical');
#13633 = PRODUCT_DEFINITION_CONTEXT('part definition',#2,'design');
#13634 = ADVANCED_BREP_SHAPE_REPRESENTATION('',(#11,#13635),#13785);
#13635 = MANIFOLD_SOLID_BREP('',#13636);
#13636 = CLOSED_SHELL('',(#13637,#13677,#13717,#13739,#13761,#13773));
#13637 = ADVANCED_FACE('',(#13638),#13672,.F.);
#13638 = FACE_BOUND('',#13639,.F.);
#13639 = EDGE_LOOP('',(#13640,#13650,#13658,#13666));
#13640 = ORIENTED_EDGE('',*,*,#13641,.F.);
#13641 = EDGE_CURVE('',#13642,#13644,#13646,.T.);
#13642 = VERTEX_POINT('',#13643);
#13643 = CARTESIAN_POINT('',(5.35,9.35,-3.5));
#13644 = VERTEX_POINT('',#13645);
#13645 = CARTESIAN_POINT('',(5.35,9.35,0.));
#13646 = LINE('',#13647,#13648);
#13647 = CARTESIAN_POINT('',(5.35,9.35,-3.5));
#13648 = VECTOR('',#13649,1.);
#13649 = DIRECTION('',(0.,0.,1.));
#13650 = ORIENTED_EDGE('',*,*,#13651,.T.);
#13651 = EDGE_CURVE('',#13642,#13652,#13654,.T.);
#13652 = VERTEX_POINT('',#13653);
#13653 = CARTESIAN_POINT('',(5.35,9.85,-3.5));
#13654 = LINE('',#13655,#13656);
#13655 = CARTESIAN_POINT('',(5.35,9.35,-3.5));
#13656 = VECTOR('',#13657,1.);
#13657 = DIRECTION('',(-0.,1.,0.));
#13658 = ORIENTED_EDGE('',*,*,#13659,.T.);
#13659 = EDGE_CURVE('',#13652,#13660,#13662,.T.);
#13660 = VERTEX_POINT('',#13661);
#13661 = CARTESIAN_POINT('',(5.35,9.85,0.));
#13662 = LINE('',#13663,#13664);
#13663 = CARTESIAN_POINT('',(5.35,9.85,-3.5));
#13664 = VECTOR('',#13665,1.);
#13665 = DIRECTION('',(0.,0.,1.));
#13666 = ORIENTED_EDGE('',*,*,#13667,.F.);
#13667 = EDGE_CURVE('',#13644,#13660,#13668,.T.);
#13668 = LINE('',#13669,#13670);
#13669 = CARTESIAN_POINT('',(5.35,9.35,0.));
#13670 = VECTOR('',#13671,1.);
#13671 = DIRECTION('',(-0.,1.,0.));
#13672 = PLANE('',#13673);
#13673 = AXIS2_PLACEMENT_3D('',#13674,#13675,#13676);
#13674 = CARTESIAN_POINT('',(5.35,9.35,-3.5));
#13675 = DIRECTION('',(1.,0.,-0.));
#13676 = DIRECTION('',(0.,0.,1.));
#13677 = ADVANCED_FACE('',(#13678),#13712,.T.);
#13678 = FACE_BOUND('',#13679,.T.);
#13679 = EDGE_LOOP('',(#13680,#13690,#13698,#13706));
#13680 = ORIENTED_EDGE('',*,*,#13681,.F.);
#13681 = EDGE_CURVE('',#13682,#13684,#13686,.T.);
#13682 = VERTEX_POINT('',#13683);
#13683 = CARTESIAN_POINT('',(6.15,9.35,-3.5));
#13684 = VERTEX_POINT('',#13685);
#13685 = CARTESIAN_POINT('',(6.15,9.35,0.));
#13686 = LINE('',#13687,#13688);
#13687 = CARTESIAN_POINT('',(6.15,9.35,-3.5));
#13688 = VECTOR('',#13689,1.);
#13689 = DIRECTION('',(0.,0.,1.));
#13690 = ORIENTED_EDGE('',*,*,#13691,.T.);
#13691 = EDGE_CURVE('',#13682,#13692,#13694,.T.);
#13692 = VERTEX_POINT('',#13693);
#13693 = CARTESIAN_POINT('',(6.15,9.85,-3.5));
#13694 = LINE('',#13695,#13696);
#13695 = CARTESIAN_POINT('',(6.15,9.35,-3.5));
#13696 = VECTOR('',#13697,1.);
#13697 = DIRECTION('',(-0.,1.,0.));
#13698 = ORIENTED_EDGE('',*,*,#13699,.T.);
#13699 = EDGE_CURVE('',#13692,#13700,#13702,.T.);
#13700 = VERTEX_POINT('',#13701);
#13701 = CARTESIAN_POINT('',(6.15,9.85,0.));
#13702 = LINE('',#13703,#13704);
#13703 = CARTESIAN_POINT('',(6.15,9.85,-3.5));
#13704 = VECTOR('',#13705,1.);
#13705 = DIRECTION('',(0.,0.,1.));
#13706 = ORIENTED_EDGE('',*,*,#13707,.F.);
#13707 = EDGE_CURVE('',#13684,#13700,#13708,.T.);
#13708 = LINE('',#13709,#13710);
#13709 = CARTESIAN_POINT('',(6.15,9.35,0.));
#13710 = VECTOR('',#13711,1.);
#13711 = DIRECTION('',(-0.,1.,0.));
#13712 = PLANE('',#13713);
#13713 = AXIS2_PLACEMENT_3D('',#13714,#13715,#13716);
#13714 = CARTESIAN_POINT('',(6.15,9.35,-3.5));
#13715 = DIRECTION('',(1.,0.,-0.));
#13716 = DIRECTION('',(0.,0.,1.));
#13717 = ADVANCED_FACE('',(#13718),#13734,.F.);
#13718 = FACE_BOUND('',#13719,.F.);
#13719 = EDGE_LOOP('',(#13720,#13726,#13727,#13733));
#13720 = ORIENTED_EDGE('',*,*,#13721,.F.);
#13721 = EDGE_CURVE('',#13642,#13682,#13722,.T.);
#13722 = LINE('',#13723,#13724);
#13723 = CARTESIAN_POINT('',(5.35,9.35,-3.5));
#13724 = VECTOR('',#13725,1.);
#13725 = DIRECTION('',(1.,0.,-0.));
#13726 = ORIENTED_EDGE('',*,*,#13641,.T.);
#13727 = ORIENTED_EDGE('',*,*,#13728,.T.);
#13728 = EDGE_CURVE('',#13644,#13684,#13729,.T.);
#13729 = LINE('',#13730,#13731);
#13730 = CARTESIAN_POINT('',(5.35,9.35,0.));
#13731 = VECTOR('',#13732,1.);
#13732 = DIRECTION('',(1.,0.,-0.));
#13733 = ORIENTED_EDGE('',*,*,#13681,.F.);
#13734 = PLANE('',#13735);
#13735 = AXIS2_PLACEMENT_3D('',#13736,#13737,#13738);
#13736 = CARTESIAN_POINT('',(5.35,9.35,-3.5));
#13737 = DIRECTION('',(-0.,1.,0.));
#13738 = DIRECTION('',(0.,0.,1.));
#13739 = ADVANCED_FACE('',(#13740),#13756,.T.);
#13740 = FACE_BOUND('',#13741,.T.);
#13741 = EDGE_LOOP('',(#13742,#13748,#13749,#13755));
#13742 = ORIENTED_EDGE('',*,*,#13743,.F.);
#13743 = EDGE_CURVE('',#13652,#13692,#13744,.T.);
#13744 = LINE('',#13745,#13746);
#13745 = CARTESIAN_POINT('',(5.35,9.85,-3.5));
#13746 = VECTOR('',#13747,1.);
#13747 = DIRECTION('',(1.,0.,-0.));
#13748 = ORIENTED_EDGE('',*,*,#13659,.T.);
#13749 = ORIENTED_EDGE('',*,*,#13750,.T.);
#13750 = EDGE_CURVE('',#13660,#13700,#13751,.T.);
#13751 = LINE('',#13752,#13753);
#13752 = CARTESIAN_POINT('',(5.35,9.85,0.));
#13753 = VECTOR('',#13754,1.);
#13754 = DIRECTION('',(1.,0.,-0.));
#13755 = ORIENTED_EDGE('',*,*,#13699,.F.);
#13756 = PLANE('',#13757);
#13757 = AXIS2_PLACEMENT_3D('',#13758,#13759,#13760);
#13758 = CARTESIAN_POINT('',(5.35,9.85,-3.5));
#13759 = DIRECTION('',(-0.,1.,0.));
#13760 = DIRECTION('',(0.,0.,1.));
#13761 = ADVANCED_FACE('',(#13762),#13768,.F.);
#13762 = FACE_BOUND('',#13763,.F.);
#13763 = EDGE_LOOP('',(#13764,#13765,#13766,#13767));
#13764 = ORIENTED_EDGE('',*,*,#13651,.F.);
#13765 = ORIENTED_EDGE('',*,*,#13721,.T.);
#13766 = ORIENTED_EDGE('',*,*,#13691,.T.);
#13767 = ORIENTED_EDGE('',*,*,#13743,.F.);
#13768 = PLANE('',#13769);
#13769 = AXIS2_PLACEMENT_3D('',#13770,#13771,#13772);
#13770 = CARTESIAN_POINT('',(5.35,9.35,-3.5));
#13771 = DIRECTION('',(0.,0.,1.));
#13772 = DIRECTION('',(1.,0.,-0.));
#13773 = ADVANCED_FACE('',(#13774),#13780,.T.);
#13774 = FACE_BOUND('',#13775,.T.);
#13775 = EDGE_LOOP('',(#13776,#13777,#13778,#13779));
#13776 = ORIENTED_EDGE('',*,*,#13667,.F.);
#13777 = ORIENTED_EDGE('',*,*,#13728,.T.);
#13778 = ORIENTED_EDGE('',*,*,#13707,.T.);
#13779 = ORIENTED_EDGE('',*,*,#13750,.F.);
#13780 = PLANE('',#13781);
#13781 = AXIS2_PLACEMENT_3D('',#13782,#13783,#13784);
#13782 = CARTESIAN_POINT('',(5.35,9.35,0.));
#13783 = DIRECTION('',(0.,0.,1.));
#13784 = DIRECTION('',(1.,0.,-0.));
#13785 = ( GEOMETRIC_REPRESENTATION_CONTEXT(3)
GLOBAL_UNCERTAINTY_ASSIGNED_CONTEXT((#13789))
GLOBAL_UNIT_ASSIGNED_CONTEXT((#13786,#13787,#13788))
REPRESENTATION_CONTEXT('Context #1',
  '3D Context with UNIT and UNCERTAINTY') );
#13786 = ( LENGTH_UNIT() NAMED_UNIT(*) SI_UNIT(.MILLI.,.METRE.) );
#13787 = ( NAMED_UNIT(*) PLANE_ANGLE_UNIT() SI_UNIT($,.RADIAN.) );
#13788 = ( NAMED_UNIT(*) SI_UNIT($,.STERADIAN.) SOLID_ANGLE_UNIT() );
#13789 = UNCERTAINTY_MEASURE_WITH_UNIT(LENGTH_MEASURE(1.E-07),#13786,
  'distance_accuracy_value','confusion accuracy');
#13790 = CONTEXT_DEPENDENT_SHAPE_REPRESENTATION(#13791,#13793);
#13791 = ( REPRESENTATION_RELATIONSHIP('','',#13634,#10)
REPRESENTATION_RELATIONSHIP_WITH_TRANSFORMATION(#13792)
SHAPE_REPRESENTATION_RELATIONSHIP() );
#13792 = ITEM_DEFINED_TRANSFORMATION('','',#11,#123);
#13793 = PRODUCT_DEFINITION_SHAPE('Placement','Placement of an item',
  #13794);
#13794 = NEXT_ASSEMBLY_USAGE_OCCURRENCE('28','Terminal Pin P7 B','',#5,
  #13629,$);
#13795 = PRODUCT_RELATED_PRODUCT_CATEGORY('part',$,(#13631));
#13796 = SHAPE_DEFINITION_REPRESENTATION(#13797,#13803);
#13797 = PRODUCT_DEFINITION_SHAPE('','',#13798);
#13798 = PRODUCT_DEFINITION('design','',#13799,#13802);
#13799 = PRODUCT_DEFINITION_FORMATION('','',#13800);
#13800 = PRODUCT('Housing P8','Housing P8','',(#13801));
#13801 = PRODUCT_CONTEXT('',#2,'mechanical');
#13802 = PRODUCT_DEFINITION_CONTEXT('part definition',#2,'design');
#13803 = ADVANCED_BREP_SHAPE_REPRESENTATION('',(#11,#13804),#15429);
#13804 = MANIFOLD_SOLID_BREP('',#13805);
#13805 = CLOSED_SHELL('',(#13806,#13920,#13953,#13986,#14077,#14110,
    #14135,#14160,#14185,#14210,#14235,#14260,#14285,#14386,#14403,
    #14434,#14451,#14476,#14508,#14533,#14573,#14605,#14629,#14654,
    #14671,#14702,#14711,#14720,#14729,#14738,#14747,#14756,#14774,
    #14805,#14830,#14861,#14885,#14916,#14934,#14958,#14969,#14993,
    #15010,#15022,#15039,#15051,#15062,#15111,#15142,#15173,#15206,
    #15237,#15277,#15308,#15324,#15370,#15401,#15415));
#13806 = ADVANCED_FACE('',(#13807,#13849,#13860,#13871,#13882,#13893,
    #13904),#13915,.F.);
#13807 = FACE_BOUND('',#13808,.F.);
#13808 = EDGE_LOOP('',(#13809,#13819,#13827,#13835,#13843));
#13809 = ORIENTED_EDGE('',*,*,#13810,.F.);
#13810 = EDGE_CURVE('',#13811,#13813,#13815,.T.);
#13811 = VERTEX_POINT('',#13812);
#13812 = CARTESIAN_POINT('',(-5.551115123126E-17,0.3,0.3));
#13813 = VERTEX_POINT('',#13814);
#13814 = CARTESIAN_POINT('',(-5.551115123126E-17,0.3,9.086363636364));
#13815 = LINE('',#13816,#13817);
#13816 = CARTESIAN_POINT('',(-5.551115123126E-17,0.3,0.));
#13817 = VECTOR('',#13818,1.);
#13818 = DIRECTION('',(0.,0.,1.));
#13819 = ORIENTED_EDGE('',*,*,#13820,.T.);
#13820 = EDGE_CURVE('',#13811,#13821,#13823,.T.);
#13821 = VERTEX_POINT('',#13822);
#13822 = CARTESIAN_POINT('',(-5.551115123126E-17,12.2,0.3));
#13823 = LINE('',#13824,#13825);
#13824 = CARTESIAN_POINT('',(-5.551115123126E-17,0.,0.3));
#13825 = VECTOR('',#13826,1.);
#13826 = DIRECTION('',(-0.,1.,0.));
#13827 = ORIENTED_EDGE('',*,*,#13828,.T.);
#13828 = EDGE_CURVE('',#13821,#13829,#13831,.T.);
#13829 = VERTEX_POINT('',#13830);
#13830 = CARTESIAN_POINT('',(-5.551115123126E-17,12.2,10.3));
#13831 = LINE('',#13832,#13833);
#13832 = CARTESIAN_POINT('',(-5.551115123126E-17,12.2,0.));
#13833 = VECTOR('',#13834,1.);
#13834 = DIRECTION('',(0.,0.,1.));
#13835 = ORIENTED_EDGE('',*,*,#13836,.F.);
#13836 = EDGE_CURVE('',#13837,#13829,#13839,.T.);
#13837 = VERTEX_POINT('',#13838);
#13838 = CARTESIAN_POINT('',(-5.551115123126E-17,1.743243243243,10.3));
#13839 = LINE('',#13840,#13841);
#13840 = CARTESIAN_POINT('',(-5.551115123126E-17,0.,10.3));
#13841 = VECTOR('',#13842,1.);
#13842 = DIRECTION('',(-0.,1.,0.));
#13843 = ORIENTED_EDGE('',*,*,#13844,.F.);
#13844 = EDGE_CURVE('',#13813,#13837,#13845,.T.);
#13845 = LINE('',#13846,#13847);
#13846 = CARTESIAN_POINT('',(0.,-1.125779122542,7.88741301059));
#13847 = VECTOR('',#13848,1.);
#13848 = DIRECTION('',(0.,0.765362085905,0.643599935875));
#13849 = FACE_BOUND('',#13850,.F.);
#13850 = EDGE_LOOP('',(#13851));
#13851 = ORIENTED_EDGE('',*,*,#13852,.F.);
#13852 = EDGE_CURVE('',#13853,#13853,#13855,.T.);
#13853 = VERTEX_POINT('',#13854);
#13854 = CARTESIAN_POINT('',(0.,10.65,3.52));
#13855 = CIRCLE('',#13856,0.42);
#13856 = AXIS2_PLACEMENT_3D('',#13857,#13858,#13859);
#13857 = CARTESIAN_POINT('',(0.,10.65,3.1));
#13858 = DIRECTION('',(1.,0.,0.));
#13859 = DIRECTION('',(-0.,0.,1.));
#13860 = FACE_BOUND('',#13861,.F.);
#13861 = EDGE_LOOP('',(#13862));
#13862 = ORIENTED_EDGE('',*,*,#13863,.F.);
#13863 = EDGE_CURVE('',#13864,#13864,#13866,.T.);
#13864 = VERTEX_POINT('',#13865);
#13865 = CARTESIAN_POINT('',(0.,6.25,1.87));
#13866 = CIRCLE('',#13867,0.42);
#13867 = AXIS2_PLACEMENT_3D('',#13868,#13869,#13870);
#13868 = CARTESIAN_POINT('',(0.,6.25,1.45));
#13869 = DIRECTION('',(1.,0.,0.));
#13870 = DIRECTION('',(-0.,0.,1.));
#13871 = FACE_BOUND('',#13872,.F.);
#13872 = EDGE_LOOP('',(#13873));
#13873 = ORIENTED_EDGE('',*,*,#13874,.F.);
#13874 = EDGE_CURVE('',#13875,#13875,#13877,.T.);
#13875 = VERTEX_POINT('',#13876);
#13876 = CARTESIAN_POINT('',(0.,10.65,8.57));
#13877 = CIRCLE('',#13878,0.42);
#13878 = AXIS2_PLACEMENT_3D('',#13879,#13880,#13881);
#13879 = CARTESIAN_POINT('',(0.,10.65,8.15));
#13880 = DIRECTION('',(1.,0.,0.));
#13881 = DIRECTION('',(-0.,0.,1.));
#13882 = FACE_BOUND('',#13883,.F.);
#13883 = EDGE_LOOP('',(#13884));
#13884 = ORIENTED_EDGE('',*,*,#13885,.F.);
#13885 = EDGE_CURVE('',#13886,#13886,#13888,.T.);
#13886 = VERTEX_POINT('',#13887);
#13887 = CARTESIAN_POINT('',(0.,1.65,1.87));
#13888 = CIRCLE('',#13889,0.42);
#13889 = AXIS2_PLACEMENT_3D('',#13890,#13891,#13892);
#13890 = CARTESIAN_POINT('',(0.,1.65,1.45));
#13891 = DIRECTION('',(1.,0.,0.));
#13892 = DIRECTION('',(-0.,0.,1.));
#13893 = FACE_BOUND('',#13894,.F.);
#13894 = EDGE_LOOP('',(#13895));
#13895 = ORIENTED_EDGE('',*,*,#13896,.F.);
#13896 = EDGE_CURVE('',#13897,#13897,#13899,.T.);
#13897 = VERTEX_POINT('',#13898);
#13898 = CARTESIAN_POINT('',(0.,4.65,7.54));
#13899 = CIRCLE('',#13900,0.34);
#13900 = AXIS2_PLACEMENT_3D('',#13901,#13902,#13903);
#13901 = CARTESIAN_POINT('',(0.,4.65,7.2));
#13902 = DIRECTION('',(1.,0.,0.));
#13903 = DIRECTION('',(-0.,0.,1.));
#13904 = FACE_BOUND('',#13905,.F.);
#13905 = EDGE_LOOP('',(#13906));
#13906 = ORIENTED_EDGE('',*,*,#13907,.F.);
#13907 = EDGE_CURVE('',#13908,#13908,#13910,.T.);
#13908 = VERTEX_POINT('',#13909);
#13909 = CARTESIAN_POINT('',(0.,1.65,8.57));
#13910 = CIRCLE('',#13911,0.42);
#13911 = AXIS2_PLACEMENT_3D('',#13912,#13913,#13914);
#13912 = CARTESIAN_POINT('',(0.,1.65,8.15));
#13913 = DIRECTION('',(1.,0.,0.));
#13914 = DIRECTION('',(-0.,0.,1.));
#13915 = PLANE('',#13916);
#13916 = AXIS2_PLACEMENT_3D('',#13917,#13918,#13919);
#13917 = CARTESIAN_POINT('',(0.,0.,0.));
#13918 = DIRECTION('',(1.,0.,-0.));
#13919 = DIRECTION('',(0.,0.,1.));
#13920 = ADVANCED_FACE('',(#13921),#13948,.T.);
#13921 = FACE_BOUND('',#13922,.T.);
#13922 = EDGE_LOOP('',(#13923,#13924,#13933,#13941));
#13923 = ORIENTED_EDGE('',*,*,#13810,.F.);
#13924 = ORIENTED_EDGE('',*,*,#13925,.T.);
#13925 = EDGE_CURVE('',#13811,#13926,#13928,.T.);
#13926 = VERTEX_POINT('',#13927);
#13927 = CARTESIAN_POINT('',(0.3,-5.551115123126E-17,0.3));
#13928 = CIRCLE('',#13929,0.3);
#13929 = AXIS2_PLACEMENT_3D('',#13930,#13931,#13932);
#13930 = CARTESIAN_POINT('',(0.3,0.3,0.3));
#13931 = DIRECTION('',(0.,0.,1.));
#13932 = DIRECTION('',(-1.,0.,0.));
#13933 = ORIENTED_EDGE('',*,*,#13934,.T.);
#13934 = EDGE_CURVE('',#13926,#13935,#13937,.T.);
#13935 = VERTEX_POINT('',#13936);
#13936 = CARTESIAN_POINT('',(0.3,-5.551115123126E-17,8.834090909091));
#13937 = LINE('',#13938,#13939);
#13938 = CARTESIAN_POINT('',(0.3,-5.551115123126E-17,0.));
#13939 = VECTOR('',#13940,1.);
#13940 = DIRECTION('',(0.,0.,1.));
#13941 = ORIENTED_EDGE('',*,*,#13942,.T.);
#13942 = EDGE_CURVE('',#13935,#13813,#13943,.T.);
#13943 = ELLIPSE('',#13944,0.391971336867,0.3);
#13944 = AXIS2_PLACEMENT_3D('',#13945,#13946,#13947);
#13945 = CARTESIAN_POINT('',(0.3,0.3,9.086363636364));
#13946 = DIRECTION('',(0.,0.643599935875,-0.765362085905));
#13947 = DIRECTION('',(0.,0.765362085905,0.643599935875));
#13948 = CYLINDRICAL_SURFACE('',#13949,0.3);
#13949 = AXIS2_PLACEMENT_3D('',#13950,#13951,#13952);
#13950 = CARTESIAN_POINT('',(0.3,0.3,0.));
#13951 = DIRECTION('',(0.,0.,1.));
#13952 = DIRECTION('',(-1.,-0.,0.));
#13953 = ADVANCED_FACE('',(#13954),#13981,.T.);
#13954 = FACE_BOUND('',#13955,.F.);
#13955 = EDGE_LOOP('',(#13956,#13965,#13973,#13980));
#13956 = ORIENTED_EDGE('',*,*,#13957,.F.);
#13957 = EDGE_CURVE('',#13958,#13811,#13960,.T.);
#13958 = VERTEX_POINT('',#13959);
#13959 = CARTESIAN_POINT('',(0.3,0.3,0.));
#13960 = CIRCLE('',#13961,0.3);
#13961 = AXIS2_PLACEMENT_3D('',#13962,#13963,#13964);
#13962 = CARTESIAN_POINT('',(0.3,0.3,0.3));
#13963 = DIRECTION('',(0.,1.,-0.));
#13964 = DIRECTION('',(-1.,0.,0.));
#13965 = ORIENTED_EDGE('',*,*,#13966,.T.);
#13966 = EDGE_CURVE('',#13958,#13967,#13969,.T.);
#13967 = VERTEX_POINT('',#13968);
#13968 = CARTESIAN_POINT('',(0.3,12.2,0.));
#13969 = LINE('',#13970,#13971);
#13970 = CARTESIAN_POINT('',(0.3,0.,-5.551115123126E-17));
#13971 = VECTOR('',#13972,1.);
#13972 = DIRECTION('',(-0.,1.,0.));
#13973 = ORIENTED_EDGE('',*,*,#13974,.T.);
#13974 = EDGE_CURVE('',#13967,#13821,#13975,.T.);
#13975 = CIRCLE('',#13976,0.3);
#13976 = AXIS2_PLACEMENT_3D('',#13977,#13978,#13979);
#13977 = CARTESIAN_POINT('',(0.3,12.2,0.3));
#13978 = DIRECTION('',(0.,1.,-0.));
#13979 = DIRECTION('',(-1.,0.,0.));
#13980 = ORIENTED_EDGE('',*,*,#13820,.F.);
#13981 = CYLINDRICAL_SURFACE('',#13982,0.3);
#13982 = AXIS2_PLACEMENT_3D('',#13983,#13984,#13985);
#13983 = CARTESIAN_POINT('',(0.3,0.,0.3));
#13984 = DIRECTION('',(-0.,1.,0.));
#13985 = DIRECTION('',(-1.,-0.,0.));
#13986 = ADVANCED_FACE('',(#13987),#14072,.F.);
#13987 = FACE_BOUND('',#13988,.F.);
#13988 = EDGE_LOOP('',(#13989,#13998,#14006,#14014,#14022,#14030,#14038,
    #14047,#14055,#14064,#14070,#14071));
#13989 = ORIENTED_EDGE('',*,*,#13990,.T.);
#13990 = EDGE_CURVE('',#13837,#13991,#13993,.T.);
#13991 = VERTEX_POINT('',#13992);
#13992 = CARTESIAN_POINT('',(0.3,2.1,10.6));
#13993 = ELLIPSE('',#13994,0.466128076275,0.3);
#13994 = AXIS2_PLACEMENT_3D('',#13995,#13996,#13997);
#13995 = CARTESIAN_POINT('',(0.3,1.743243243243,10.3));
#13996 = DIRECTION('',(0.,0.643599935875,-0.765362085905));
#13997 = DIRECTION('',(0.,0.765362085905,0.643599935875));
#13998 = ORIENTED_EDGE('',*,*,#13999,.T.);
#13999 = EDGE_CURVE('',#13991,#14000,#14002,.T.);
#14000 = VERTEX_POINT('',#14001);
#14001 = CARTESIAN_POINT('',(0.34,2.1,10.6));
#14002 = LINE('',#14003,#14004);
#14003 = CARTESIAN_POINT('',(-0.1,2.1,10.6));
#14004 = VECTOR('',#14005,1.);
#14005 = DIRECTION('',(1.,0.,0.));
#14006 = ORIENTED_EDGE('',*,*,#14007,.T.);
#14007 = EDGE_CURVE('',#14000,#14008,#14010,.T.);
#14008 = VERTEX_POINT('',#14009);
#14009 = CARTESIAN_POINT('',(0.34,0.589585439838,9.329878665319));
#14010 = LINE('',#14011,#14012);
#14011 = CARTESIAN_POINT('',(0.34,2.697145719937,11.102145264493));
#14012 = VECTOR('',#14013,1.);
#14013 = DIRECTION('',(0.,-0.765362085905,-0.643599935875));
#14014 = ORIENTED_EDGE('',*,*,#14015,.T.);
#14015 = EDGE_CURVE('',#14008,#14016,#14018,.T.);
#14016 = VERTEX_POINT('',#14017);
#14017 = CARTESIAN_POINT('',(3.16,0.589585439838,9.329878665319));
#14018 = LINE('',#14019,#14020);
#14019 = CARTESIAN_POINT('',(0.12,0.589585439838,9.329878665319));
#14020 = VECTOR('',#14021,1.);
#14021 = DIRECTION('',(1.,0.,0.));
#14022 = ORIENTED_EDGE('',*,*,#14023,.F.);
#14023 = EDGE_CURVE('',#14024,#14016,#14026,.T.);
#14024 = VERTEX_POINT('',#14025);
#14025 = CARTESIAN_POINT('',(3.16,2.1,10.6));
#14026 = LINE('',#14027,#14028);
#14027 = CARTESIAN_POINT('',(3.16,2.697145719937,11.102145264493));
#14028 = VECTOR('',#14029,1.);
#14029 = DIRECTION('',(0.,-0.765362085905,-0.643599935875));
#14030 = ORIENTED_EDGE('',*,*,#14031,.T.);
#14031 = EDGE_CURVE('',#14024,#14032,#14034,.T.);
#14032 = VERTEX_POINT('',#14033);
#14033 = CARTESIAN_POINT('',(3.2,2.1,10.6));
#14034 = LINE('',#14035,#14036);
#14035 = CARTESIAN_POINT('',(-0.1,2.1,10.6));
#14036 = VECTOR('',#14037,1.);
#14037 = DIRECTION('',(1.,0.,0.));
#14038 = ORIENTED_EDGE('',*,*,#14039,.T.);
#14039 = EDGE_CURVE('',#14032,#14040,#14042,.T.);
#14040 = VERTEX_POINT('',#14041);
#14041 = CARTESIAN_POINT('',(3.5,1.743243243243,10.3));
#14042 = ELLIPSE('',#14043,0.466128076275,0.3);
#14043 = AXIS2_PLACEMENT_3D('',#14044,#14045,#14046);
#14044 = CARTESIAN_POINT('',(3.2,1.743243243243,10.3));
#14045 = DIRECTION('',(0.,0.643599935875,-0.765362085905));
#14046 = DIRECTION('',(0.,0.765362085905,0.643599935875));
#14047 = ORIENTED_EDGE('',*,*,#14048,.F.);
#14048 = EDGE_CURVE('',#14049,#14040,#14051,.T.);
#14049 = VERTEX_POINT('',#14050);
#14050 = CARTESIAN_POINT('',(3.5,0.3,9.086363636364));
#14051 = LINE('',#14052,#14053);
#14052 = CARTESIAN_POINT('',(3.5,-1.125779122542,7.88741301059));
#14053 = VECTOR('',#14054,1.);
#14054 = DIRECTION('',(0.,0.765362085905,0.643599935875));
#14055 = ORIENTED_EDGE('',*,*,#14056,.T.);
#14056 = EDGE_CURVE('',#14049,#14057,#14059,.T.);
#14057 = VERTEX_POINT('',#14058);
#14058 = CARTESIAN_POINT('',(3.2,-5.551115123126E-17,8.834090909091));
#14059 = ELLIPSE('',#14060,0.391971336867,0.3);
#14060 = AXIS2_PLACEMENT_3D('',#14061,#14062,#14063);
#14061 = CARTESIAN_POINT('',(3.2,0.3,9.086363636364));
#14062 = DIRECTION('',(0.,0.643599935875,-0.765362085905));
#14063 = DIRECTION('',(0.,0.765362085905,0.643599935875));
#14064 = ORIENTED_EDGE('',*,*,#14065,.T.);
#14065 = EDGE_CURVE('',#14057,#13935,#14066,.T.);
#14066 = LINE('',#14067,#14068);
#14067 = CARTESIAN_POINT('',(-5.E-02,2.22044604925E-16,8.834090909091));
#14068 = VECTOR('',#14069,1.);
#14069 = DIRECTION('',(-1.,0.,-0.));
#14070 = ORIENTED_EDGE('',*,*,#13942,.T.);
#14071 = ORIENTED_EDGE('',*,*,#13844,.T.);
#14072 = PLANE('',#14073);
#14073 = AXIS2_PLACEMENT_3D('',#14074,#14075,#14076);
#14074 = CARTESIAN_POINT('',(-0.1,2.1,10.6));
#14075 = DIRECTION('',(0.,0.643599935875,-0.765362085905));
#14076 = DIRECTION('',(0.,-0.765362085905,-0.643599935875));
#14077 = ADVANCED_FACE('',(#14078),#14105,.T.);
#14078 = FACE_BOUND('',#14079,.F.);
#14079 = EDGE_LOOP('',(#14080,#14081,#14090,#14098));
#14080 = ORIENTED_EDGE('',*,*,#13828,.F.);
#14081 = ORIENTED_EDGE('',*,*,#14082,.T.);
#14082 = EDGE_CURVE('',#13821,#14083,#14085,.T.);
#14083 = VERTEX_POINT('',#14084);
#14084 = CARTESIAN_POINT('',(0.3,12.5,0.3));
#14085 = CIRCLE('',#14086,0.3);
#14086 = AXIS2_PLACEMENT_3D('',#14087,#14088,#14089);
#14087 = CARTESIAN_POINT('',(0.3,12.2,0.3));
#14088 = DIRECTION('',(-0.,0.,-1.));
#14089 = DIRECTION('',(-1.,0.,0.));
#14090 = ORIENTED_EDGE('',*,*,#14091,.T.);
#14091 = EDGE_CURVE('',#14083,#14092,#14094,.T.);
#14092 = VERTEX_POINT('',#14093);
#14093 = CARTESIAN_POINT('',(0.3,12.5,10.3));
#14094 = LINE('',#14095,#14096);
#14095 = CARTESIAN_POINT('',(0.3,12.5,0.));
#14096 = VECTOR('',#14097,1.);
#14097 = DIRECTION('',(0.,0.,1.));
#14098 = ORIENTED_EDGE('',*,*,#14099,.T.);
#14099 = EDGE_CURVE('',#14092,#13829,#14100,.T.);
#14100 = CIRCLE('',#14101,0.3);
#14101 = AXIS2_PLACEMENT_3D('',#14102,#14103,#14104);
#14102 = CARTESIAN_POINT('',(0.3,12.2,10.3));
#14103 = DIRECTION('',(0.,0.,1.));
#14104 = DIRECTION('',(-1.,-0.,0.));
#14105 = CYLINDRICAL_SURFACE('',#14106,0.3);
#14106 = AXIS2_PLACEMENT_3D('',#14107,#14108,#14109);
#14107 = CARTESIAN_POINT('',(0.3,12.2,0.));
#14108 = DIRECTION('',(0.,0.,1.));
#14109 = DIRECTION('',(-1.,-0.,0.));
#14110 = ADVANCED_FACE('',(#14111),#14130,.T.);
#14111 = FACE_BOUND('',#14112,.T.);
#14112 = EDGE_LOOP('',(#14113,#14114,#14122,#14129));
#14113 = ORIENTED_EDGE('',*,*,#13990,.T.);
#14114 = ORIENTED_EDGE('',*,*,#14115,.T.);
#14115 = EDGE_CURVE('',#13991,#14116,#14118,.T.);
#14116 = VERTEX_POINT('',#14117);
#14117 = CARTESIAN_POINT('',(0.3,12.2,10.6));
#14118 = LINE('',#14119,#14120);
#14119 = CARTESIAN_POINT('',(0.3,0.,10.6));
#14120 = VECTOR('',#14121,1.);
#14121 = DIRECTION('',(-0.,1.,0.));
#14122 = ORIENTED_EDGE('',*,*,#14123,.F.);
#14123 = EDGE_CURVE('',#13829,#14116,#14124,.T.);
#14124 = CIRCLE('',#14125,0.3);
#14125 = AXIS2_PLACEMENT_3D('',#14126,#14127,#14128);
#14126 = CARTESIAN_POINT('',(0.3,12.2,10.3));
#14127 = DIRECTION('',(-0.,1.,0.));
#14128 = DIRECTION('',(-1.,-0.,0.));
#14129 = ORIENTED_EDGE('',*,*,#13836,.F.);
#14130 = CYLINDRICAL_SURFACE('',#14131,0.3);
#14131 = AXIS2_PLACEMENT_3D('',#14132,#14133,#14134);
#14132 = CARTESIAN_POINT('',(0.3,0.,10.3));
#14133 = DIRECTION('',(-0.,1.,0.));
#14134 = DIRECTION('',(-1.,-0.,0.));
#14135 = ADVANCED_FACE('',(#14136),#14155,.F.);
#14136 = FACE_BOUND('',#14137,.F.);
#14137 = EDGE_LOOP('',(#14138,#14146,#14153,#14154));
#14138 = ORIENTED_EDGE('',*,*,#14139,.T.);
#14139 = EDGE_CURVE('',#13853,#14140,#14142,.T.);
#14140 = VERTEX_POINT('',#14141);
#14141 = CARTESIAN_POINT('',(0.27,10.65,3.52));
#14142 = LINE('',#14143,#14144);
#14143 = CARTESIAN_POINT('',(-5.E-02,10.65,3.52));
#14144 = VECTOR('',#14145,1.);
#14145 = DIRECTION('',(1.,0.,0.));
#14146 = ORIENTED_EDGE('',*,*,#14147,.F.);
#14147 = EDGE_CURVE('',#14140,#14140,#14148,.T.);
#14148 = CIRCLE('',#14149,0.42);
#14149 = AXIS2_PLACEMENT_3D('',#14150,#14151,#14152);
#14150 = CARTESIAN_POINT('',(0.27,10.65,3.1));
#14151 = DIRECTION('',(1.,0.,0.));
#14152 = DIRECTION('',(-0.,0.,1.));
#14153 = ORIENTED_EDGE('',*,*,#14139,.F.);
#14154 = ORIENTED_EDGE('',*,*,#13852,.T.);
#14155 = CYLINDRICAL_SURFACE('',#14156,0.42);
#14156 = AXIS2_PLACEMENT_3D('',#14157,#14158,#14159);
#14157 = CARTESIAN_POINT('',(-5.E-02,10.65,3.1));
#14158 = DIRECTION('',(1.,0.,0.));
#14159 = DIRECTION('',(-0.,0.,1.));
#14160 = ADVANCED_FACE('',(#14161),#14180,.F.);
#14161 = FACE_BOUND('',#14162,.F.);
#14162 = EDGE_LOOP('',(#14163,#14171,#14178,#14179));
#14163 = ORIENTED_EDGE('',*,*,#14164,.T.);
#14164 = EDGE_CURVE('',#13864,#14165,#14167,.T.);
#14165 = VERTEX_POINT('',#14166);
#14166 = CARTESIAN_POINT('',(0.27,6.25,1.87));
#14167 = LINE('',#14168,#14169);
#14168 = CARTESIAN_POINT('',(-5.E-02,6.25,1.87));
#14169 = VECTOR('',#14170,1.);
#14170 = DIRECTION('',(1.,0.,0.));
#14171 = ORIENTED_EDGE('',*,*,#14172,.F.);
#14172 = EDGE_CURVE('',#14165,#14165,#14173,.T.);
#14173 = CIRCLE('',#14174,0.42);
#14174 = AXIS2_PLACEMENT_3D('',#14175,#14176,#14177);
#14175 = CARTESIAN_POINT('',(0.27,6.25,1.45));
#14176 = DIRECTION('',(1.,0.,0.));
#14177 = DIRECTION('',(-0.,0.,1.));
#14178 = ORIENTED_EDGE('',*,*,#14164,.F.);
#14179 = ORIENTED_EDGE('',*,*,#13863,.T.);
#14180 = CYLINDRICAL_SURFACE('',#14181,0.42);
#14181 = AXIS2_PLACEMENT_3D('',#14182,#14183,#14184);
#14182 = CARTESIAN_POINT('',(-5.E-02,6.25,1.45));
#14183 = DIRECTION('',(1.,0.,0.));
#14184 = DIRECTION('',(-0.,0.,1.));
#14185 = ADVANCED_FACE('',(#14186),#14205,.F.);
#14186 = FACE_BOUND('',#14187,.F.);
#14187 = EDGE_LOOP('',(#14188,#14196,#14203,#14204));
#14188 = ORIENTED_EDGE('',*,*,#14189,.T.);
#14189 = EDGE_CURVE('',#13875,#14190,#14192,.T.);
#14190 = VERTEX_POINT('',#14191);
#14191 = CARTESIAN_POINT('',(0.27,10.65,8.57));
#14192 = LINE('',#14193,#14194);
#14193 = CARTESIAN_POINT('',(-5.E-02,10.65,8.57));
#14194 = VECTOR('',#14195,1.);
#14195 = DIRECTION('',(1.,0.,0.));
#14196 = ORIENTED_EDGE('',*,*,#14197,.F.);
#14197 = EDGE_CURVE('',#14190,#14190,#14198,.T.);
#14198 = CIRCLE('',#14199,0.42);
#14199 = AXIS2_PLACEMENT_3D('',#14200,#14201,#14202);
#14200 = CARTESIAN_POINT('',(0.27,10.65,8.15));
#14201 = DIRECTION('',(1.,0.,0.));
#14202 = DIRECTION('',(-0.,0.,1.));
#14203 = ORIENTED_EDGE('',*,*,#14189,.F.);
#14204 = ORIENTED_EDGE('',*,*,#13874,.T.);
#14205 = CYLINDRICAL_SURFACE('',#14206,0.42);
#14206 = AXIS2_PLACEMENT_3D('',#14207,#14208,#14209);
#14207 = CARTESIAN_POINT('',(-5.E-02,10.65,8.15));
#14208 = DIRECTION('',(1.,0.,0.));
#14209 = DIRECTION('',(-0.,0.,1.));
#14210 = ADVANCED_FACE('',(#14211),#14230,.F.);
#14211 = FACE_BOUND('',#14212,.F.);
#14212 = EDGE_LOOP('',(#14213,#14221,#14228,#14229));
#14213 = ORIENTED_EDGE('',*,*,#14214,.T.);
#14214 = EDGE_CURVE('',#13886,#14215,#14217,.T.);
#14215 = VERTEX_POINT('',#14216);
#14216 = CARTESIAN_POINT('',(0.27,1.65,1.87));
#14217 = LINE('',#14218,#14219);
#14218 = CARTESIAN_POINT('',(-5.E-02,1.65,1.87));
#14219 = VECTOR('',#14220,1.);
#14220 = DIRECTION('',(1.,0.,0.));
#14221 = ORIENTED_EDGE('',*,*,#14222,.F.);
#14222 = EDGE_CURVE('',#14215,#14215,#14223,.T.);
#14223 = CIRCLE('',#14224,0.42);
#14224 = AXIS2_PLACEMENT_3D('',#14225,#14226,#14227);
#14225 = CARTESIAN_POINT('',(0.27,1.65,1.45));
#14226 = DIRECTION('',(1.,0.,0.));
#14227 = DIRECTION('',(-0.,0.,1.));
#14228 = ORIENTED_EDGE('',*,*,#14214,.F.);
#14229 = ORIENTED_EDGE('',*,*,#13885,.T.);
#14230 = CYLINDRICAL_SURFACE('',#14231,0.42);
#14231 = AXIS2_PLACEMENT_3D('',#14232,#14233,#14234);
#14232 = CARTESIAN_POINT('',(-5.E-02,1.65,1.45));
#14233 = DIRECTION('',(1.,0.,0.));
#14234 = DIRECTION('',(-0.,0.,1.));
#14235 = ADVANCED_FACE('',(#14236),#14255,.F.);
#14236 = FACE_BOUND('',#14237,.F.);
#14237 = EDGE_LOOP('',(#14238,#14246,#14253,#14254));
#14238 = ORIENTED_EDGE('',*,*,#14239,.T.);
#14239 = EDGE_CURVE('',#13897,#14240,#14242,.T.);
#14240 = VERTEX_POINT('',#14241);
#14241 = CARTESIAN_POINT('',(0.27,4.65,7.54));
#14242 = LINE('',#14243,#14244);
#14243 = CARTESIAN_POINT('',(-5.E-02,4.65,7.54));
#14244 = VECTOR('',#14245,1.);
#14245 = DIRECTION('',(1.,0.,0.));
#14246 = ORIENTED_EDGE('',*,*,#14247,.F.);
#14247 = EDGE_CURVE('',#14240,#14240,#14248,.T.);
#14248 = CIRCLE('',#14249,0.34);
#14249 = AXIS2_PLACEMENT_3D('',#14250,#14251,#14252);
#14250 = CARTESIAN_POINT('',(0.27,4.65,7.2));
#14251 = DIRECTION('',(1.,0.,0.));
#14252 = DIRECTION('',(-0.,0.,1.));
#14253 = ORIENTED_EDGE('',*,*,#14239,.F.);
#14254 = ORIENTED_EDGE('',*,*,#13896,.T.);
#14255 = CYLINDRICAL_SURFACE('',#14256,0.34);
#14256 = AXIS2_PLACEMENT_3D('',#14257,#14258,#14259);
#14257 = CARTESIAN_POINT('',(-5.E-02,4.65,7.2));
#14258 = DIRECTION('',(1.,0.,0.));
#14259 = DIRECTION('',(-0.,0.,1.));
#14260 = ADVANCED_FACE('',(#14261),#14280,.F.);
#14261 = FACE_BOUND('',#14262,.F.);
#14262 = EDGE_LOOP('',(#14263,#14271,#14278,#14279));
#14263 = ORIENTED_EDGE('',*,*,#14264,.T.);
#14264 = EDGE_CURVE('',#13908,#14265,#14267,.T.);
#14265 = VERTEX_POINT('',#14266);
#14266 = CARTESIAN_POINT('',(0.27,1.65,8.57));
#14267 = LINE('',#14268,#14269);
#14268 = CARTESIAN_POINT('',(-5.E-02,1.65,8.57));
#14269 = VECTOR('',#14270,1.);
#14270 = DIRECTION('',(1.,0.,0.));
#14271 = ORIENTED_EDGE('',*,*,#14272,.F.);
#14272 = EDGE_CURVE('',#14265,#14265,#14273,.T.);
#14273 = CIRCLE('',#14274,0.42);
#14274 = AXIS2_PLACEMENT_3D('',#14275,#14276,#14277);
#14275 = CARTESIAN_POINT('',(0.27,1.65,8.15));
#14276 = DIRECTION('',(1.,0.,0.));
#14277 = DIRECTION('',(-0.,0.,1.));
#14278 = ORIENTED_EDGE('',*,*,#14264,.F.);
#14279 = ORIENTED_EDGE('',*,*,#13907,.T.);
#14280 = CYLINDRICAL_SURFACE('',#14281,0.42);
#14281 = AXIS2_PLACEMENT_3D('',#14282,#14283,#14284);
#14282 = CARTESIAN_POINT('',(-5.E-02,1.65,8.15));
#14283 = DIRECTION('',(1.,0.,0.));
#14284 = DIRECTION('',(-0.,0.,1.));
#14285 = ADVANCED_FACE('',(#14286,#14304),#14381,.F.);
#14286 = FACE_BOUND('',#14287,.F.);
#14287 = EDGE_LOOP('',(#14288,#14296,#14297,#14298));
#14288 = ORIENTED_EDGE('',*,*,#14289,.F.);
#14289 = EDGE_CURVE('',#13926,#14290,#14292,.T.);
#14290 = VERTEX_POINT('',#14291);
#14291 = CARTESIAN_POINT('',(3.2,-5.551115123126E-17,0.3));
#14292 = LINE('',#14293,#14294);
#14293 = CARTESIAN_POINT('',(0.,-5.551115123126E-17,0.3));
#14294 = VECTOR('',#14295,1.);
#14295 = DIRECTION('',(1.,0.,-0.));
#14296 = ORIENTED_EDGE('',*,*,#13934,.T.);
#14297 = ORIENTED_EDGE('',*,*,#14065,.F.);
#14298 = ORIENTED_EDGE('',*,*,#14299,.F.);
#14299 = EDGE_CURVE('',#14290,#14057,#14300,.T.);
#14300 = LINE('',#14301,#14302);
#14301 = CARTESIAN_POINT('',(3.2,-5.551115123126E-17,0.));
#14302 = VECTOR('',#14303,1.);
#14303 = DIRECTION('',(0.,0.,1.));
#14304 = FACE_BOUND('',#14305,.F.);
#14305 = EDGE_LOOP('',(#14306,#14316,#14324,#14332,#14341,#14350,#14358,
    #14366,#14374));
#14306 = ORIENTED_EDGE('',*,*,#14307,.F.);
#14307 = EDGE_CURVE('',#14308,#14310,#14312,.T.);
#14308 = VERTEX_POINT('',#14309);
#14309 = CARTESIAN_POINT('',(3.15,0.,5.6));
#14310 = VERTEX_POINT('',#14311);
#14311 = CARTESIAN_POINT('',(3.15,0.,2.1));
#14312 = LINE('',#14313,#14314);
#14313 = CARTESIAN_POINT('',(3.15,0.,1.05));
#14314 = VECTOR('',#14315,1.);
#14315 = DIRECTION('',(-0.,0.,-1.));
#14316 = ORIENTED_EDGE('',*,*,#14317,.F.);
#14317 = EDGE_CURVE('',#14318,#14308,#14320,.T.);
#14318 = VERTEX_POINT('',#14319);
#14319 = CARTESIAN_POINT('',(2.7,0.,5.6));
#14320 = LINE('',#14321,#14322);
#14321 = CARTESIAN_POINT('',(0.175,0.,5.6));
#14322 = VECTOR('',#14323,1.);
#14323 = DIRECTION('',(1.,0.,-0.));
#14324 = ORIENTED_EDGE('',*,*,#14325,.F.);
#14325 = EDGE_CURVE('',#14326,#14318,#14328,.T.);
#14326 = VERTEX_POINT('',#14327);
#14327 = CARTESIAN_POINT('',(2.7,0.,7.35));
#14328 = LINE('',#14329,#14330);
#14329 = CARTESIAN_POINT('',(2.7,0.,2.8));
#14330 = VECTOR('',#14331,1.);
#14331 = DIRECTION('',(-0.,0.,-1.));
#14332 = ORIENTED_EDGE('',*,*,#14333,.F.);
#14333 = EDGE_CURVE('',#14334,#14326,#14336,.T.);
#14334 = VERTEX_POINT('',#14335);
#14335 = CARTESIAN_POINT('',(1.75,0.,8.3));
#14336 = CIRCLE('',#14337,0.95);
#14337 = AXIS2_PLACEMENT_3D('',#14338,#14339,#14340);
#14338 = CARTESIAN_POINT('',(1.75,0.,7.35));
#14339 = DIRECTION('',(0.,1.,0.));
#14340 = DIRECTION('',(0.,-0.,1.));
#14341 = ORIENTED_EDGE('',*,*,#14342,.F.);
#14342 = EDGE_CURVE('',#14343,#14334,#14345,.T.);
#14343 = VERTEX_POINT('',#14344);
#14344 = CARTESIAN_POINT('',(0.8,0.,7.35));
#14345 = CIRCLE('',#14346,0.95);
#14346 = AXIS2_PLACEMENT_3D('',#14347,#14348,#14349);
#14347 = CARTESIAN_POINT('',(1.75,0.,7.35));
#14348 = DIRECTION('',(0.,1.,0.));
#14349 = DIRECTION('',(0.,-0.,1.));
#14350 = ORIENTED_EDGE('',*,*,#14351,.T.);
#14351 = EDGE_CURVE('',#14343,#14352,#14354,.T.);
#14352 = VERTEX_POINT('',#14353);
#14353 = CARTESIAN_POINT('',(0.8,0.,5.6));
#14354 = LINE('',#14355,#14356);
#14355 = CARTESIAN_POINT('',(0.8,0.,2.8));
#14356 = VECTOR('',#14357,1.);
#14357 = DIRECTION('',(-0.,0.,-1.));
#14358 = ORIENTED_EDGE('',*,*,#14359,.F.);
#14359 = EDGE_CURVE('',#14360,#14352,#14362,.T.);
#14360 = VERTEX_POINT('',#14361);
#14361 = CARTESIAN_POINT('',(0.35,0.,5.6));
#14362 = LINE('',#14363,#14364);
#14363 = CARTESIAN_POINT('',(0.175,0.,5.6));
#14364 = VECTOR('',#14365,1.);
#14365 = DIRECTION('',(1.,0.,-0.));
#14366 = ORIENTED_EDGE('',*,*,#14367,.T.);
#14367 = EDGE_CURVE('',#14360,#14368,#14370,.T.);
#14368 = VERTEX_POINT('',#14369);
#14369 = CARTESIAN_POINT('',(0.35,0.,2.1));
#14370 = LINE('',#14371,#14372);
#14371 = CARTESIAN_POINT('',(0.35,0.,1.05));
#14372 = VECTOR('',#14373,1.);
#14373 = DIRECTION('',(-0.,0.,-1.));
#14374 = ORIENTED_EDGE('',*,*,#14375,.F.);
#14375 = EDGE_CURVE('',#14310,#14368,#14376,.T.);
#14376 = CIRCLE('',#14377,1.4);
#14377 = AXIS2_PLACEMENT_3D('',#14378,#14379,#14380);
#14378 = CARTESIAN_POINT('',(1.75,0.,2.1));
#14379 = DIRECTION('',(0.,1.,0.));
#14380 = DIRECTION('',(0.,-0.,1.));
#14381 = PLANE('',#14382);
#14382 = AXIS2_PLACEMENT_3D('',#14383,#14384,#14385);
#14383 = CARTESIAN_POINT('',(0.,0.,0.));
#14384 = DIRECTION('',(-0.,1.,0.));
#14385 = DIRECTION('',(0.,0.,1.));
#14386 = ADVANCED_FACE('',(#14387),#14398,.T.);
#14387 = FACE_BOUND('',#14388,.T.);
#14388 = EDGE_LOOP('',(#14389,#14390,#14397));
#14389 = ORIENTED_EDGE('',*,*,#13957,.F.);
#14390 = ORIENTED_EDGE('',*,*,#14391,.T.);
#14391 = EDGE_CURVE('',#13958,#13926,#14392,.T.);
#14392 = CIRCLE('',#14393,0.3);
#14393 = AXIS2_PLACEMENT_3D('',#14394,#14395,#14396);
#14394 = CARTESIAN_POINT('',(0.3,0.3,0.3));
#14395 = DIRECTION('',(-1.,6.123233995737E-17,0.));
#14396 = DIRECTION('',(-6.123233995737E-17,-1.,0.));
#14397 = ORIENTED_EDGE('',*,*,#13925,.F.);
#14398 = SPHERICAL_SURFACE('',#14399,0.3);
#14399 = AXIS2_PLACEMENT_3D('',#14400,#14401,#14402);
#14400 = CARTESIAN_POINT('',(0.3,0.3,0.3));
#14401 = DIRECTION('',(0.,0.,1.));
#14402 = DIRECTION('',(-1.,0.,0.));
#14403 = ADVANCED_FACE('',(#14404),#14429,.F.);
#14404 = FACE_BOUND('',#14405,.F.);
#14405 = EDGE_LOOP('',(#14406,#14407,#14415,#14423));
#14406 = ORIENTED_EDGE('',*,*,#13966,.F.);
#14407 = ORIENTED_EDGE('',*,*,#14408,.T.);
#14408 = EDGE_CURVE('',#13958,#14409,#14411,.T.);
#14409 = VERTEX_POINT('',#14410);
#14410 = CARTESIAN_POINT('',(3.2,0.3,0.));
#14411 = LINE('',#14412,#14413);
#14412 = CARTESIAN_POINT('',(0.,0.3,-5.551115123126E-17));
#14413 = VECTOR('',#14414,1.);
#14414 = DIRECTION('',(1.,0.,-0.));
#14415 = ORIENTED_EDGE('',*,*,#14416,.T.);
#14416 = EDGE_CURVE('',#14409,#14417,#14419,.T.);
#14417 = VERTEX_POINT('',#14418);
#14418 = CARTESIAN_POINT('',(3.2,12.2,0.));
#14419 = LINE('',#14420,#14421);
#14420 = CARTESIAN_POINT('',(3.2,0.,-5.551115123126E-17));
#14421 = VECTOR('',#14422,1.);
#14422 = DIRECTION('',(-0.,1.,0.));
#14423 = ORIENTED_EDGE('',*,*,#14424,.F.);
#14424 = EDGE_CURVE('',#13967,#14417,#14425,.T.);
#14425 = LINE('',#14426,#14427);
#14426 = CARTESIAN_POINT('',(0.,12.2,-5.551115123126E-17));
#14427 = VECTOR('',#14428,1.);
#14428 = DIRECTION('',(1.,0.,-0.));
#14429 = PLANE('',#14430);
#14430 = AXIS2_PLACEMENT_3D('',#14431,#14432,#14433);
#14431 = CARTESIAN_POINT('',(0.,0.,0.));
#14432 = DIRECTION('',(0.,0.,1.));
#14433 = DIRECTION('',(1.,0.,-0.));
#14434 = ADVANCED_FACE('',(#14435),#14446,.T.);
#14435 = FACE_BOUND('',#14436,.F.);
#14436 = EDGE_LOOP('',(#14437,#14438,#14445));
#14437 = ORIENTED_EDGE('',*,*,#13974,.F.);
#14438 = ORIENTED_EDGE('',*,*,#14439,.T.);
#14439 = EDGE_CURVE('',#13967,#14083,#14440,.T.);
#14440 = CIRCLE('',#14441,0.3);
#14441 = AXIS2_PLACEMENT_3D('',#14442,#14443,#14444);
#14442 = CARTESIAN_POINT('',(0.3,12.2,0.3));
#14443 = DIRECTION('',(1.,6.123233995737E-17,-0.));
#14444 = DIRECTION('',(-6.123233995737E-17,1.,0.));
#14445 = ORIENTED_EDGE('',*,*,#14082,.F.);
#14446 = SPHERICAL_SURFACE('',#14447,0.3);
#14447 = AXIS2_PLACEMENT_3D('',#14448,#14449,#14450);
#14448 = CARTESIAN_POINT('',(0.3,12.2,0.3));
#14449 = DIRECTION('',(0.,0.,1.));
#14450 = DIRECTION('',(-1.,0.,0.));
#14451 = ADVANCED_FACE('',(#14452),#14471,.T.);
#14452 = FACE_BOUND('',#14453,.F.);
#14453 = EDGE_LOOP('',(#14454,#14462,#14469,#14470));
#14454 = ORIENTED_EDGE('',*,*,#14455,.F.);
#14455 = EDGE_CURVE('',#14456,#14049,#14458,.T.);
#14456 = VERTEX_POINT('',#14457);
#14457 = CARTESIAN_POINT('',(3.5,0.3,0.3));
#14458 = LINE('',#14459,#14460);
#14459 = CARTESIAN_POINT('',(3.5,0.3,0.));
#14460 = VECTOR('',#14461,1.);
#14461 = DIRECTION('',(0.,0.,1.));
#14462 = ORIENTED_EDGE('',*,*,#14463,.T.);
#14463 = EDGE_CURVE('',#14456,#14290,#14464,.T.);
#14464 = CIRCLE('',#14465,0.3);
#14465 = AXIS2_PLACEMENT_3D('',#14466,#14467,#14468);
#14466 = CARTESIAN_POINT('',(3.2,0.3,0.3));
#14467 = DIRECTION('',(0.,-0.,-1.));
#14468 = DIRECTION('',(1.,0.,-0.));
#14469 = ORIENTED_EDGE('',*,*,#14299,.T.);
#14470 = ORIENTED_EDGE('',*,*,#14056,.F.);
#14471 = CYLINDRICAL_SURFACE('',#14472,0.3);
#14472 = AXIS2_PLACEMENT_3D('',#14473,#14474,#14475);
#14473 = CARTESIAN_POINT('',(3.2,0.3,0.));
#14474 = DIRECTION('',(0.,0.,1.));
#14475 = DIRECTION('',(1.,0.,-0.));
#14476 = ADVANCED_FACE('',(#14477),#14503,.T.);
#14477 = FACE_BOUND('',#14478,.T.);
#14478 = EDGE_LOOP('',(#14479,#14480,#14488,#14496,#14502));
#14479 = ORIENTED_EDGE('',*,*,#14455,.F.);
#14480 = ORIENTED_EDGE('',*,*,#14481,.T.);
#14481 = EDGE_CURVE('',#14456,#14482,#14484,.T.);
#14482 = VERTEX_POINT('',#14483);
#14483 = CARTESIAN_POINT('',(3.5,12.2,0.3));
#14484 = LINE('',#14485,#14486);
#14485 = CARTESIAN_POINT('',(3.5,0.,0.3));
#14486 = VECTOR('',#14487,1.);
#14487 = DIRECTION('',(-0.,1.,0.));
#14488 = ORIENTED_EDGE('',*,*,#14489,.T.);
#14489 = EDGE_CURVE('',#14482,#14490,#14492,.T.);
#14490 = VERTEX_POINT('',#14491);
#14491 = CARTESIAN_POINT('',(3.5,12.2,10.3));
#14492 = LINE('',#14493,#14494);
#14493 = CARTESIAN_POINT('',(3.5,12.2,0.));
#14494 = VECTOR('',#14495,1.);
#14495 = DIRECTION('',(0.,0.,1.));
#14496 = ORIENTED_EDGE('',*,*,#14497,.F.);
#14497 = EDGE_CURVE('',#14040,#14490,#14498,.T.);
#14498 = LINE('',#14499,#14500);
#14499 = CARTESIAN_POINT('',(3.5,0.,10.3));
#14500 = VECTOR('',#14501,1.);
#14501 = DIRECTION('',(-0.,1.,0.));
#14502 = ORIENTED_EDGE('',*,*,#14048,.F.);
#14503 = PLANE('',#14504);
#14504 = AXIS2_PLACEMENT_3D('',#14505,#14506,#14507);
#14505 = CARTESIAN_POINT('',(3.5,0.,0.));
#14506 = DIRECTION('',(1.,0.,-0.));
#14507 = DIRECTION('',(0.,0.,1.));
#14508 = ADVANCED_FACE('',(#14509),#14528,.T.);
#14509 = FACE_BOUND('',#14510,.F.);
#14510 = EDGE_LOOP('',(#14511,#14512,#14520,#14527));
#14511 = ORIENTED_EDGE('',*,*,#14039,.F.);
#14512 = ORIENTED_EDGE('',*,*,#14513,.T.);
#14513 = EDGE_CURVE('',#14032,#14514,#14516,.T.);
#14514 = VERTEX_POINT('',#14515);
#14515 = CARTESIAN_POINT('',(3.2,12.2,10.6));
#14516 = LINE('',#14517,#14518);
#14517 = CARTESIAN_POINT('',(3.2,0.,10.6));
#14518 = VECTOR('',#14519,1.);
#14519 = DIRECTION('',(-0.,1.,0.));
#14520 = ORIENTED_EDGE('',*,*,#14521,.F.);
#14521 = EDGE_CURVE('',#14490,#14514,#14522,.T.);
#14522 = CIRCLE('',#14523,0.3);
#14523 = AXIS2_PLACEMENT_3D('',#14524,#14525,#14526);
#14524 = CARTESIAN_POINT('',(3.2,12.2,10.3));
#14525 = DIRECTION('',(0.,-1.,-0.));
#14526 = DIRECTION('',(1.,0.,0.));
#14527 = ORIENTED_EDGE('',*,*,#14497,.F.);
#14528 = CYLINDRICAL_SURFACE('',#14529,0.3);
#14529 = AXIS2_PLACEMENT_3D('',#14530,#14531,#14532);
#14530 = CARTESIAN_POINT('',(3.2,0.,10.3));
#14531 = DIRECTION('',(-0.,1.,0.));
#14532 = DIRECTION('',(1.,0.,-0.));
#14533 = ADVANCED_FACE('',(#14534),#14568,.T.);
#14534 = FACE_BOUND('',#14535,.T.);
#14535 = EDGE_LOOP('',(#14536,#14537,#14538,#14546,#14554,#14560,#14561,
    #14562));
#14536 = ORIENTED_EDGE('',*,*,#14115,.F.);
#14537 = ORIENTED_EDGE('',*,*,#13999,.T.);
#14538 = ORIENTED_EDGE('',*,*,#14539,.F.);
#14539 = EDGE_CURVE('',#14540,#14000,#14542,.T.);
#14540 = VERTEX_POINT('',#14541);
#14541 = CARTESIAN_POINT('',(0.34,9.7,10.6));
#14542 = LINE('',#14543,#14544);
#14543 = CARTESIAN_POINT('',(0.34,2.442585746037,10.6));
#14544 = VECTOR('',#14545,1.);
#14545 = DIRECTION('',(0.,-1.,0.));
#14546 = ORIENTED_EDGE('',*,*,#14547,.F.);
#14547 = EDGE_CURVE('',#14548,#14540,#14550,.T.);
#14548 = VERTEX_POINT('',#14549);
#14549 = CARTESIAN_POINT('',(3.16,9.7,10.6));
#14550 = LINE('',#14551,#14552);
#14551 = CARTESIAN_POINT('',(0.17,9.7,10.6));
#14552 = VECTOR('',#14553,1.);
#14553 = DIRECTION('',(-1.,-0.,0.));
#14554 = ORIENTED_EDGE('',*,*,#14555,.T.);
#14555 = EDGE_CURVE('',#14548,#14024,#14556,.T.);
#14556 = LINE('',#14557,#14558);
#14557 = CARTESIAN_POINT('',(3.16,2.442585746037,10.6));
#14558 = VECTOR('',#14559,1.);
#14559 = DIRECTION('',(0.,-1.,0.));
#14560 = ORIENTED_EDGE('',*,*,#14031,.T.);
#14561 = ORIENTED_EDGE('',*,*,#14513,.T.);
#14562 = ORIENTED_EDGE('',*,*,#14563,.F.);
#14563 = EDGE_CURVE('',#14116,#14514,#14564,.T.);
#14564 = LINE('',#14565,#14566);
#14565 = CARTESIAN_POINT('',(0.,12.2,10.6));
#14566 = VECTOR('',#14567,1.);
#14567 = DIRECTION('',(1.,0.,-0.));
#14568 = PLANE('',#14569);
#14569 = AXIS2_PLACEMENT_3D('',#14570,#14571,#14572);
#14570 = CARTESIAN_POINT('',(0.,0.,10.6));
#14571 = DIRECTION('',(0.,0.,1.));
#14572 = DIRECTION('',(1.,0.,-0.));
#14573 = ADVANCED_FACE('',(#14574),#14600,.T.);
#14574 = FACE_BOUND('',#14575,.T.);
#14575 = EDGE_LOOP('',(#14576,#14577,#14585,#14593,#14599));
#14576 = ORIENTED_EDGE('',*,*,#14555,.F.);
#14577 = ORIENTED_EDGE('',*,*,#14578,.T.);
#14578 = EDGE_CURVE('',#14548,#14579,#14581,.T.);
#14579 = VERTEX_POINT('',#14580);
#14580 = CARTESIAN_POINT('',(3.16,9.7,8.45));
#14581 = LINE('',#14582,#14583);
#14582 = CARTESIAN_POINT('',(3.16,9.7,10.8));
#14583 = VECTOR('',#14584,1.);
#14584 = DIRECTION('',(0.,0.,-1.));
#14585 = ORIENTED_EDGE('',*,*,#14586,.T.);
#14586 = EDGE_CURVE('',#14579,#14587,#14589,.T.);
#14587 = VERTEX_POINT('',#14588);
#14588 = CARTESIAN_POINT('',(3.16,1.4,8.45));
#14589 = LINE('',#14590,#14591);
#14590 = CARTESIAN_POINT('',(3.16,9.7,8.45));
#14591 = VECTOR('',#14592,1.);
#14592 = DIRECTION('',(0.,-1.,0.));
#14593 = ORIENTED_EDGE('',*,*,#14594,.T.);
#14594 = EDGE_CURVE('',#14587,#14016,#14595,.T.);
#14595 = LINE('',#14596,#14597);
#14596 = CARTESIAN_POINT('',(3.16,1.4,8.45));
#14597 = VECTOR('',#14598,1.);
#14598 = DIRECTION('',(0.,-0.677475754752,0.735545105159));
#14599 = ORIENTED_EDGE('',*,*,#14023,.F.);
#14600 = PLANE('',#14601);
#14601 = AXIS2_PLACEMENT_3D('',#14602,#14603,#14604);
#14602 = CARTESIAN_POINT('',(3.16,4.885171492075,9.712433169613));
#14603 = DIRECTION('',(-1.,-0.,-0.));
#14604 = DIRECTION('',(0.,0.,-1.));
#14605 = ADVANCED_FACE('',(#14606),#14624,.F.);
#14606 = FACE_BOUND('',#14607,.F.);
#14607 = EDGE_LOOP('',(#14608,#14616,#14622,#14623));
#14608 = ORIENTED_EDGE('',*,*,#14609,.F.);
#14609 = EDGE_CURVE('',#14610,#14008,#14612,.T.);
#14610 = VERTEX_POINT('',#14611);
#14611 = CARTESIAN_POINT('',(0.34,1.4,8.45));
#14612 = LINE('',#14613,#14614);
#14613 = CARTESIAN_POINT('',(0.34,1.4,8.45));
#14614 = VECTOR('',#14615,1.);
#14615 = DIRECTION('',(0.,-0.677475754752,0.735545105159));
#14616 = ORIENTED_EDGE('',*,*,#14617,.T.);
#14617 = EDGE_CURVE('',#14610,#14587,#14618,.T.);
#14618 = LINE('',#14619,#14620);
#14619 = CARTESIAN_POINT('',(0.34,1.4,8.45));
#14620 = VECTOR('',#14621,1.);
#14621 = DIRECTION('',(1.,0.,0.));
#14622 = ORIENTED_EDGE('',*,*,#14594,.T.);
#14623 = ORIENTED_EDGE('',*,*,#14015,.F.);
#14624 = PLANE('',#14625);
#14625 = AXIS2_PLACEMENT_3D('',#14626,#14627,#14628);
#14626 = CARTESIAN_POINT('',(0.34,1.4,8.45));
#14627 = DIRECTION('',(0.,-0.735545105159,-0.677475754752));
#14628 = DIRECTION('',(0.,-0.677475754752,0.735545105159));
#14629 = ADVANCED_FACE('',(#14630),#14649,.F.);
#14630 = FACE_BOUND('',#14631,.F.);
#14631 = EDGE_LOOP('',(#14632,#14633,#14641,#14647,#14648));
#14632 = ORIENTED_EDGE('',*,*,#14539,.F.);
#14633 = ORIENTED_EDGE('',*,*,#14634,.T.);
#14634 = EDGE_CURVE('',#14540,#14635,#14637,.T.);
#14635 = VERTEX_POINT('',#14636);
#14636 = CARTESIAN_POINT('',(0.34,9.7,8.45));
#14637 = LINE('',#14638,#14639);
#14638 = CARTESIAN_POINT('',(0.34,9.7,10.8));
#14639 = VECTOR('',#14640,1.);
#14640 = DIRECTION('',(0.,0.,-1.));
#14641 = ORIENTED_EDGE('',*,*,#14642,.T.);
#14642 = EDGE_CURVE('',#14635,#14610,#14643,.T.);
#14643 = LINE('',#14644,#14645);
#14644 = CARTESIAN_POINT('',(0.34,9.7,8.45));
#14645 = VECTOR('',#14646,1.);
#14646 = DIRECTION('',(0.,-1.,0.));
#14647 = ORIENTED_EDGE('',*,*,#14609,.T.);
#14648 = ORIENTED_EDGE('',*,*,#14007,.F.);
#14649 = PLANE('',#14650);
#14650 = AXIS2_PLACEMENT_3D('',#14651,#14652,#14653);
#14651 = CARTESIAN_POINT('',(0.34,4.885171492075,9.712433169613));
#14652 = DIRECTION('',(-1.,-0.,-0.));
#14653 = DIRECTION('',(0.,0.,-1.));
#14654 = ADVANCED_FACE('',(#14655),#14666,.T.);
#14655 = FACE_BOUND('',#14656,.F.);
#14656 = EDGE_LOOP('',(#14657,#14658,#14665));
#14657 = ORIENTED_EDGE('',*,*,#14099,.F.);
#14658 = ORIENTED_EDGE('',*,*,#14659,.T.);
#14659 = EDGE_CURVE('',#14092,#14116,#14660,.T.);
#14660 = CIRCLE('',#14661,0.3);
#14661 = AXIS2_PLACEMENT_3D('',#14662,#14663,#14664);
#14662 = CARTESIAN_POINT('',(0.3,12.2,10.3));
#14663 = DIRECTION('',(1.,0.,6.123233995737E-17));
#14664 = DIRECTION('',(-6.123233995737E-17,-0.,1.));
#14665 = ORIENTED_EDGE('',*,*,#14123,.F.);
#14666 = SPHERICAL_SURFACE('',#14667,0.3);
#14667 = AXIS2_PLACEMENT_3D('',#14668,#14669,#14670);
#14668 = CARTESIAN_POINT('',(0.3,12.2,10.3));
#14669 = DIRECTION('',(0.,-1.,-0.));
#14670 = DIRECTION('',(-1.,-0.,0.));
#14671 = ADVANCED_FACE('',(#14672),#14697,.T.);
#14672 = FACE_BOUND('',#14673,.T.);
#14673 = EDGE_LOOP('',(#14674,#14675,#14683,#14691));
#14674 = ORIENTED_EDGE('',*,*,#14091,.T.);
#14675 = ORIENTED_EDGE('',*,*,#14676,.T.);
#14676 = EDGE_CURVE('',#14092,#14677,#14679,.T.);
#14677 = VERTEX_POINT('',#14678);
#14678 = CARTESIAN_POINT('',(3.2,12.5,10.3));
#14679 = LINE('',#14680,#14681);
#14680 = CARTESIAN_POINT('',(0.,12.5,10.3));
#14681 = VECTOR('',#14682,1.);
#14682 = DIRECTION('',(1.,0.,-0.));
#14683 = ORIENTED_EDGE('',*,*,#14684,.F.);
#14684 = EDGE_CURVE('',#14685,#14677,#14687,.T.);
#14685 = VERTEX_POINT('',#14686);
#14686 = CARTESIAN_POINT('',(3.2,12.5,0.3));
#14687 = LINE('',#14688,#14689);
#14688 = CARTESIAN_POINT('',(3.2,12.5,0.));
#14689 = VECTOR('',#14690,1.);
#14690 = DIRECTION('',(0.,0.,1.));
#14691 = ORIENTED_EDGE('',*,*,#14692,.F.);
#14692 = EDGE_CURVE('',#14083,#14685,#14693,.T.);
#14693 = LINE('',#14694,#14695);
#14694 = CARTESIAN_POINT('',(0.,12.5,0.3));
#14695 = VECTOR('',#14696,1.);
#14696 = DIRECTION('',(1.,0.,-0.));
#14697 = PLANE('',#14698);
#14698 = AXIS2_PLACEMENT_3D('',#14699,#14700,#14701);
#14699 = CARTESIAN_POINT('',(0.,12.5,0.));
#14700 = DIRECTION('',(-0.,1.,0.));
#14701 = DIRECTION('',(0.,0.,1.));
#14702 = ADVANCED_FACE('',(#14703),#14706,.F.);
#14703 = FACE_BOUND('',#14704,.F.);
#14704 = EDGE_LOOP('',(#14705));
#14705 = ORIENTED_EDGE('',*,*,#14147,.T.);
#14706 = PLANE('',#14707);
#14707 = AXIS2_PLACEMENT_3D('',#14708,#14709,#14710);
#14708 = CARTESIAN_POINT('',(0.27,10.65,3.1));
#14709 = DIRECTION('',(1.,0.,0.));
#14710 = DIRECTION('',(-0.,0.,1.));
#14711 = ADVANCED_FACE('',(#14712),#14715,.F.);
#14712 = FACE_BOUND('',#14713,.F.);
#14713 = EDGE_LOOP('',(#14714));
#14714 = ORIENTED_EDGE('',*,*,#14172,.T.);
#14715 = PLANE('',#14716);
#14716 = AXIS2_PLACEMENT_3D('',#14717,#14718,#14719);
#14717 = CARTESIAN_POINT('',(0.27,6.25,1.45));
#14718 = DIRECTION('',(1.,0.,0.));
#14719 = DIRECTION('',(-0.,0.,1.));
#14720 = ADVANCED_FACE('',(#14721),#14724,.F.);
#14721 = FACE_BOUND('',#14722,.F.);
#14722 = EDGE_LOOP('',(#14723));
#14723 = ORIENTED_EDGE('',*,*,#14197,.T.);
#14724 = PLANE('',#14725);
#14725 = AXIS2_PLACEMENT_3D('',#14726,#14727,#14728);
#14726 = CARTESIAN_POINT('',(0.27,10.65,8.15));
#14727 = DIRECTION('',(1.,0.,0.));
#14728 = DIRECTION('',(-0.,0.,1.));
#14729 = ADVANCED_FACE('',(#14730),#14733,.F.);
#14730 = FACE_BOUND('',#14731,.F.);
#14731 = EDGE_LOOP('',(#14732));
#14732 = ORIENTED_EDGE('',*,*,#14222,.T.);
#14733 = PLANE('',#14734);
#14734 = AXIS2_PLACEMENT_3D('',#14735,#14736,#14737);
#14735 = CARTESIAN_POINT('',(0.27,1.65,1.45));
#14736 = DIRECTION('',(1.,0.,0.));
#14737 = DIRECTION('',(-0.,0.,1.));
#14738 = ADVANCED_FACE('',(#14739),#14742,.F.);
#14739 = FACE_BOUND('',#14740,.F.);
#14740 = EDGE_LOOP('',(#14741));
#14741 = ORIENTED_EDGE('',*,*,#14247,.T.);
#14742 = PLANE('',#14743);
#14743 = AXIS2_PLACEMENT_3D('',#14744,#14745,#14746);
#14744 = CARTESIAN_POINT('',(0.27,4.65,7.2));
#14745 = DIRECTION('',(1.,0.,0.));
#14746 = DIRECTION('',(-0.,0.,1.));
#14747 = ADVANCED_FACE('',(#14748),#14751,.F.);
#14748 = FACE_BOUND('',#14749,.F.);
#14749 = EDGE_LOOP('',(#14750));
#14750 = ORIENTED_EDGE('',*,*,#14272,.T.);
#14751 = PLANE('',#14752);
#14752 = AXIS2_PLACEMENT_3D('',#14753,#14754,#14755);
#14753 = CARTESIAN_POINT('',(0.27,1.65,8.15));
#14754 = DIRECTION('',(1.,0.,0.));
#14755 = DIRECTION('',(-0.,0.,1.));
#14756 = ADVANCED_FACE('',(#14757),#14769,.T.);
#14757 = FACE_BOUND('',#14758,.T.);
#14758 = EDGE_LOOP('',(#14759,#14760,#14761,#14768));
#14759 = ORIENTED_EDGE('',*,*,#14391,.F.);
#14760 = ORIENTED_EDGE('',*,*,#14408,.T.);
#14761 = ORIENTED_EDGE('',*,*,#14762,.T.);
#14762 = EDGE_CURVE('',#14409,#14290,#14763,.T.);
#14763 = CIRCLE('',#14764,0.3);
#14764 = AXIS2_PLACEMENT_3D('',#14765,#14766,#14767);
#14765 = CARTESIAN_POINT('',(3.2,0.3,0.3));
#14766 = DIRECTION('',(-1.,-6.123233995737E-17,0.));
#14767 = DIRECTION('',(6.123233995737E-17,-1.,-0.));
#14768 = ORIENTED_EDGE('',*,*,#14289,.F.);
#14769 = CYLINDRICAL_SURFACE('',#14770,0.3);
#14770 = AXIS2_PLACEMENT_3D('',#14771,#14772,#14773);
#14771 = CARTESIAN_POINT('',(0.,0.3,0.3));
#14772 = DIRECTION('',(1.,0.,-0.));
#14773 = DIRECTION('',(0.,-1.,0.));
#14774 = ADVANCED_FACE('',(#14775),#14800,.F.);
#14775 = FACE_BOUND('',#14776,.F.);
#14776 = EDGE_LOOP('',(#14777,#14778,#14786,#14794));
#14777 = ORIENTED_EDGE('',*,*,#14307,.T.);
#14778 = ORIENTED_EDGE('',*,*,#14779,.T.);
#14779 = EDGE_CURVE('',#14310,#14780,#14782,.T.);
#14780 = VERTEX_POINT('',#14781);
#14781 = CARTESIAN_POINT('',(3.15,0.4,2.1));
#14782 = LINE('',#14783,#14784);
#14783 = CARTESIAN_POINT('',(3.15,-5.E-02,2.1));
#14784 = VECTOR('',#14785,1.);
#14785 = DIRECTION('',(-0.,1.,0.));
#14786 = ORIENTED_EDGE('',*,*,#14787,.T.);
#14787 = EDGE_CURVE('',#14780,#14788,#14790,.T.);
#14788 = VERTEX_POINT('',#14789);
#14789 = CARTESIAN_POINT('',(3.15,0.4,5.6));
#14790 = LINE('',#14791,#14792);
#14791 = CARTESIAN_POINT('',(3.15,0.4,2.1));
#14792 = VECTOR('',#14793,1.);
#14793 = DIRECTION('',(0.,0.,1.));
#14794 = ORIENTED_EDGE('',*,*,#14795,.F.);
#14795 = EDGE_CURVE('',#14308,#14788,#14796,.T.);
#14796 = LINE('',#14797,#14798);
#14797 = CARTESIAN_POINT('',(3.15,-5.E-02,5.6));
#14798 = VECTOR('',#14799,1.);
#14799 = DIRECTION('',(-0.,1.,0.));
#14800 = PLANE('',#14801);
#14801 = AXIS2_PLACEMENT_3D('',#14802,#14803,#14804);
#14802 = CARTESIAN_POINT('',(3.15,-5.E-02,2.1));
#14803 = DIRECTION('',(1.,0.,-0.));
#14804 = DIRECTION('',(0.,0.,1.));
#14805 = ADVANCED_FACE('',(#14806),#14825,.F.);
#14806 = FACE_BOUND('',#14807,.F.);
#14807 = EDGE_LOOP('',(#14808,#14817,#14818,#14819));
#14808 = ORIENTED_EDGE('',*,*,#14809,.F.);
#14809 = EDGE_CURVE('',#14780,#14810,#14812,.T.);
#14810 = VERTEX_POINT('',#14811);
#14811 = CARTESIAN_POINT('',(0.35,0.4,2.1));
#14812 = CIRCLE('',#14813,1.4);
#14813 = AXIS2_PLACEMENT_3D('',#14814,#14815,#14816);
#14814 = CARTESIAN_POINT('',(1.75,0.4,2.1));
#14815 = DIRECTION('',(0.,1.,0.));
#14816 = DIRECTION('',(0.,-0.,1.));
#14817 = ORIENTED_EDGE('',*,*,#14779,.F.);
#14818 = ORIENTED_EDGE('',*,*,#14375,.T.);
#14819 = ORIENTED_EDGE('',*,*,#14820,.T.);
#14820 = EDGE_CURVE('',#14368,#14810,#14821,.T.);
#14821 = LINE('',#14822,#14823);
#14822 = CARTESIAN_POINT('',(0.35,-5.E-02,2.1));
#14823 = VECTOR('',#14824,1.);
#14824 = DIRECTION('',(-0.,1.,0.));
#14825 = CYLINDRICAL_SURFACE('',#14826,1.4);
#14826 = AXIS2_PLACEMENT_3D('',#14827,#14828,#14829);
#14827 = CARTESIAN_POINT('',(1.75,-5.E-02,2.1));
#14828 = DIRECTION('',(0.,1.,0.));
#14829 = DIRECTION('',(0.,-0.,1.));
#14830 = ADVANCED_FACE('',(#14831),#14856,.F.);
#14831 = FACE_BOUND('',#14832,.F.);
#14832 = EDGE_LOOP('',(#14833,#14834,#14842,#14850));
#14833 = ORIENTED_EDGE('',*,*,#14325,.T.);
#14834 = ORIENTED_EDGE('',*,*,#14835,.T.);
#14835 = EDGE_CURVE('',#14318,#14836,#14838,.T.);
#14836 = VERTEX_POINT('',#14837);
#14837 = CARTESIAN_POINT('',(2.7,0.4,5.6));
#14838 = LINE('',#14839,#14840);
#14839 = CARTESIAN_POINT('',(2.7,-5.E-02,5.6));
#14840 = VECTOR('',#14841,1.);
#14841 = DIRECTION('',(-0.,1.,0.));
#14842 = ORIENTED_EDGE('',*,*,#14843,.T.);
#14843 = EDGE_CURVE('',#14836,#14844,#14846,.T.);
#14844 = VERTEX_POINT('',#14845);
#14845 = CARTESIAN_POINT('',(2.7,0.4,7.35));
#14846 = LINE('',#14847,#14848);
#14847 = CARTESIAN_POINT('',(2.7,0.4,5.6));
#14848 = VECTOR('',#14849,1.);
#14849 = DIRECTION('',(0.,0.,1.));
#14850 = ORIENTED_EDGE('',*,*,#14851,.F.);
#14851 = EDGE_CURVE('',#14326,#14844,#14852,.T.);
#14852 = LINE('',#14853,#14854);
#14853 = CARTESIAN_POINT('',(2.7,-5.E-02,7.35));
#14854 = VECTOR('',#14855,1.);
#14855 = DIRECTION('',(-0.,1.,0.));
#14856 = PLANE('',#14857);
#14857 = AXIS2_PLACEMENT_3D('',#14858,#14859,#14860);
#14858 = CARTESIAN_POINT('',(2.7,-5.E-02,5.6));
#14859 = DIRECTION('',(1.,0.,-0.));
#14860 = DIRECTION('',(0.,0.,1.));
#14861 = ADVANCED_FACE('',(#14862),#14880,.T.);
#14862 = FACE_BOUND('',#14863,.T.);
#14863 = EDGE_LOOP('',(#14864,#14865,#14866,#14874));
#14864 = ORIENTED_EDGE('',*,*,#14367,.T.);
#14865 = ORIENTED_EDGE('',*,*,#14820,.T.);
#14866 = ORIENTED_EDGE('',*,*,#14867,.T.);
#14867 = EDGE_CURVE('',#14810,#14868,#14870,.T.);
#14868 = VERTEX_POINT('',#14869);
#14869 = CARTESIAN_POINT('',(0.35,0.4,5.6));
#14870 = LINE('',#14871,#14872);
#14871 = CARTESIAN_POINT('',(0.35,0.4,2.1));
#14872 = VECTOR('',#14873,1.);
#14873 = DIRECTION('',(0.,0.,1.));
#14874 = ORIENTED_EDGE('',*,*,#14875,.F.);
#14875 = EDGE_CURVE('',#14360,#14868,#14876,.T.);
#14876 = LINE('',#14877,#14878);
#14877 = CARTESIAN_POINT('',(0.35,-5.E-02,5.6));
#14878 = VECTOR('',#14879,1.);
#14879 = DIRECTION('',(-0.,1.,0.));
#14880 = PLANE('',#14881);
#14881 = AXIS2_PLACEMENT_3D('',#14882,#14883,#14884);
#14882 = CARTESIAN_POINT('',(0.35,-5.E-02,2.1));
#14883 = DIRECTION('',(1.,0.,-0.));
#14884 = DIRECTION('',(0.,0.,1.));
#14885 = ADVANCED_FACE('',(#14886),#14911,.T.);
#14886 = FACE_BOUND('',#14887,.T.);
#14887 = EDGE_LOOP('',(#14888,#14889,#14897,#14905));
#14888 = ORIENTED_EDGE('',*,*,#14351,.T.);
#14889 = ORIENTED_EDGE('',*,*,#14890,.T.);
#14890 = EDGE_CURVE('',#14352,#14891,#14893,.T.);
#14891 = VERTEX_POINT('',#14892);
#14892 = CARTESIAN_POINT('',(0.8,0.4,5.6));
#14893 = LINE('',#14894,#14895);
#14894 = CARTESIAN_POINT('',(0.8,-5.E-02,5.6));
#14895 = VECTOR('',#14896,1.);
#14896 = DIRECTION('',(-0.,1.,0.));
#14897 = ORIENTED_EDGE('',*,*,#14898,.T.);
#14898 = EDGE_CURVE('',#14891,#14899,#14901,.T.);
#14899 = VERTEX_POINT('',#14900);
#14900 = CARTESIAN_POINT('',(0.8,0.4,7.35));
#14901 = LINE('',#14902,#14903);
#14902 = CARTESIAN_POINT('',(0.8,0.4,5.6));
#14903 = VECTOR('',#14904,1.);
#14904 = DIRECTION('',(0.,0.,1.));
#14905 = ORIENTED_EDGE('',*,*,#14906,.F.);
#14906 = EDGE_CURVE('',#14343,#14899,#14907,.T.);
#14907 = LINE('',#14908,#14909);
#14908 = CARTESIAN_POINT('',(0.8,-5.E-02,7.35));
#14909 = VECTOR('',#14910,1.);
#14910 = DIRECTION('',(-0.,1.,0.));
#14911 = PLANE('',#14912);
#14912 = AXIS2_PLACEMENT_3D('',#14913,#14914,#14915);
#14913 = CARTESIAN_POINT('',(0.8,-5.E-02,5.6));
#14914 = DIRECTION('',(1.,0.,-0.));
#14915 = DIRECTION('',(0.,0.,1.));
#14916 = ADVANCED_FACE('',(#14917),#14929,.T.);
#14917 = FACE_BOUND('',#14918,.F.);
#14918 = EDGE_LOOP('',(#14919,#14920,#14921,#14928));
#14919 = ORIENTED_EDGE('',*,*,#14439,.F.);
#14920 = ORIENTED_EDGE('',*,*,#14424,.T.);
#14921 = ORIENTED_EDGE('',*,*,#14922,.T.);
#14922 = EDGE_CURVE('',#14417,#14685,#14923,.T.);
#14923 = CIRCLE('',#14924,0.3);
#14924 = AXIS2_PLACEMENT_3D('',#14925,#14926,#14927);
#14925 = CARTESIAN_POINT('',(3.2,12.2,0.3));
#14926 = DIRECTION('',(1.,-6.123233995737E-17,0.));
#14927 = DIRECTION('',(6.123233995737E-17,1.,0.));
#14928 = ORIENTED_EDGE('',*,*,#14692,.F.);
#14929 = CYLINDRICAL_SURFACE('',#14930,0.3);
#14930 = AXIS2_PLACEMENT_3D('',#14931,#14932,#14933);
#14931 = CARTESIAN_POINT('',(0.,12.2,0.3));
#14932 = DIRECTION('',(1.,0.,-0.));
#14933 = DIRECTION('',(0.,1.,0.));
#14934 = ADVANCED_FACE('',(#14935),#14953,.T.);
#14935 = FACE_BOUND('',#14936,.T.);
#14936 = EDGE_LOOP('',(#14937,#14944,#14945,#14952));
#14937 = ORIENTED_EDGE('',*,*,#14938,.F.);
#14938 = EDGE_CURVE('',#14409,#14456,#14939,.T.);
#14939 = CIRCLE('',#14940,0.3);
#14940 = AXIS2_PLACEMENT_3D('',#14941,#14942,#14943);
#14941 = CARTESIAN_POINT('',(3.2,0.3,0.3));
#14942 = DIRECTION('',(0.,-1.,0.));
#14943 = DIRECTION('',(1.,0.,0.));
#14944 = ORIENTED_EDGE('',*,*,#14416,.T.);
#14945 = ORIENTED_EDGE('',*,*,#14946,.T.);
#14946 = EDGE_CURVE('',#14417,#14482,#14947,.T.);
#14947 = CIRCLE('',#14948,0.3);
#14948 = AXIS2_PLACEMENT_3D('',#14949,#14950,#14951);
#14949 = CARTESIAN_POINT('',(3.2,12.2,0.3));
#14950 = DIRECTION('',(0.,-1.,0.));
#14951 = DIRECTION('',(1.,0.,0.));
#14952 = ORIENTED_EDGE('',*,*,#14481,.F.);
#14953 = CYLINDRICAL_SURFACE('',#14954,0.3);
#14954 = AXIS2_PLACEMENT_3D('',#14955,#14956,#14957);
#14955 = CARTESIAN_POINT('',(3.2,0.,0.3));
#14956 = DIRECTION('',(-0.,1.,0.));
#14957 = DIRECTION('',(1.,0.,-0.));
#14958 = ADVANCED_FACE('',(#14959),#14964,.T.);
#14959 = FACE_BOUND('',#14960,.F.);
#14960 = EDGE_LOOP('',(#14961,#14962,#14963));
#14961 = ORIENTED_EDGE('',*,*,#14938,.F.);
#14962 = ORIENTED_EDGE('',*,*,#14762,.T.);
#14963 = ORIENTED_EDGE('',*,*,#14463,.F.);
#14964 = SPHERICAL_SURFACE('',#14965,0.3);
#14965 = AXIS2_PLACEMENT_3D('',#14966,#14967,#14968);
#14966 = CARTESIAN_POINT('',(3.2,0.3,0.3));
#14967 = DIRECTION('',(0.,0.,1.));
#14968 = DIRECTION('',(1.,0.,-0.));
#14969 = ADVANCED_FACE('',(#14970),#14988,.T.);
#14970 = FACE_BOUND('',#14971,.T.);
#14971 = EDGE_LOOP('',(#14972,#14973,#14980,#14981));
#14972 = ORIENTED_EDGE('',*,*,#14489,.F.);
#14973 = ORIENTED_EDGE('',*,*,#14974,.T.);
#14974 = EDGE_CURVE('',#14482,#14685,#14975,.T.);
#14975 = CIRCLE('',#14976,0.3);
#14976 = AXIS2_PLACEMENT_3D('',#14977,#14978,#14979);
#14977 = CARTESIAN_POINT('',(3.2,12.2,0.3));
#14978 = DIRECTION('',(0.,0.,1.));
#14979 = DIRECTION('',(1.,0.,-0.));
#14980 = ORIENTED_EDGE('',*,*,#14684,.T.);
#14981 = ORIENTED_EDGE('',*,*,#14982,.T.);
#14982 = EDGE_CURVE('',#14677,#14490,#14983,.T.);
#14983 = CIRCLE('',#14984,0.3);
#14984 = AXIS2_PLACEMENT_3D('',#14985,#14986,#14987);
#14985 = CARTESIAN_POINT('',(3.2,12.2,10.3));
#14986 = DIRECTION('',(0.,0.,-1.));
#14987 = DIRECTION('',(1.,0.,0.));
#14988 = CYLINDRICAL_SURFACE('',#14989,0.3);
#14989 = AXIS2_PLACEMENT_3D('',#14990,#14991,#14992);
#14990 = CARTESIAN_POINT('',(3.2,12.2,0.));
#14991 = DIRECTION('',(0.,0.,1.));
#14992 = DIRECTION('',(1.,0.,-0.));
#14993 = ADVANCED_FACE('',(#14994),#15005,.T.);
#14994 = FACE_BOUND('',#14995,.T.);
#14995 = EDGE_LOOP('',(#14996,#14997,#15004));
#14996 = ORIENTED_EDGE('',*,*,#14982,.F.);
#14997 = ORIENTED_EDGE('',*,*,#14998,.T.);
#14998 = EDGE_CURVE('',#14677,#14514,#14999,.T.);
#14999 = CIRCLE('',#15000,0.3);
#15000 = AXIS2_PLACEMENT_3D('',#15001,#15002,#15003);
#15001 = CARTESIAN_POINT('',(3.2,12.2,10.3));
#15002 = DIRECTION('',(1.,0.,-6.123233995737E-17));
#15003 = DIRECTION('',(6.123233995737E-17,0.,1.));
#15004 = ORIENTED_EDGE('',*,*,#14521,.F.);
#15005 = SPHERICAL_SURFACE('',#15006,0.3);
#15006 = AXIS2_PLACEMENT_3D('',#15007,#15008,#15009);
#15007 = CARTESIAN_POINT('',(3.2,12.2,10.3));
#15008 = DIRECTION('',(0.,-1.,-0.));
#15009 = DIRECTION('',(1.,0.,0.));
#15010 = ADVANCED_FACE('',(#15011),#15017,.T.);
#15011 = FACE_BOUND('',#15012,.T.);
#15012 = EDGE_LOOP('',(#15013,#15014,#15015,#15016));
#15013 = ORIENTED_EDGE('',*,*,#14659,.T.);
#15014 = ORIENTED_EDGE('',*,*,#14563,.T.);
#15015 = ORIENTED_EDGE('',*,*,#14998,.F.);
#15016 = ORIENTED_EDGE('',*,*,#14676,.F.);
#15017 = CYLINDRICAL_SURFACE('',#15018,0.3);
#15018 = AXIS2_PLACEMENT_3D('',#15019,#15020,#15021);
#15019 = CARTESIAN_POINT('',(0.,12.2,10.3));
#15020 = DIRECTION('',(1.,0.,-0.));
#15021 = DIRECTION('',(0.,1.,0.));
#15022 = ADVANCED_FACE('',(#15023),#15034,.F.);
#15023 = FACE_BOUND('',#15024,.F.);
#15024 = EDGE_LOOP('',(#15025,#15026,#15027,#15028));
#15025 = ORIENTED_EDGE('',*,*,#14634,.F.);
#15026 = ORIENTED_EDGE('',*,*,#14547,.F.);
#15027 = ORIENTED_EDGE('',*,*,#14578,.T.);
#15028 = ORIENTED_EDGE('',*,*,#15029,.F.);
#15029 = EDGE_CURVE('',#14635,#14579,#15030,.T.);
#15030 = LINE('',#15031,#15032);
#15031 = CARTESIAN_POINT('',(0.34,9.7,8.45));
#15032 = VECTOR('',#15033,1.);
#15033 = DIRECTION('',(1.,0.,0.));
#15034 = PLANE('',#15035);
#15035 = AXIS2_PLACEMENT_3D('',#15036,#15037,#15038);
#15036 = CARTESIAN_POINT('',(0.34,9.7,10.8));
#15037 = DIRECTION('',(-0.,1.,0.));
#15038 = DIRECTION('',(0.,0.,-1.));
#15039 = ADVANCED_FACE('',(#15040),#15046,.F.);
#15040 = FACE_BOUND('',#15041,.F.);
#15041 = EDGE_LOOP('',(#15042,#15043,#15044,#15045));
#15042 = ORIENTED_EDGE('',*,*,#15029,.T.);
#15043 = ORIENTED_EDGE('',*,*,#14586,.T.);
#15044 = ORIENTED_EDGE('',*,*,#14617,.F.);
#15045 = ORIENTED_EDGE('',*,*,#14642,.F.);
#15046 = PLANE('',#15047);
#15047 = AXIS2_PLACEMENT_3D('',#15048,#15049,#15050);
#15048 = CARTESIAN_POINT('',(0.34,9.7,8.45));
#15049 = DIRECTION('',(0.,0.,-1.));
#15050 = DIRECTION('',(0.,-1.,0.));
#15051 = ADVANCED_FACE('',(#15052),#15057,.T.);
#15052 = FACE_BOUND('',#15053,.T.);
#15053 = EDGE_LOOP('',(#15054,#15055,#15056));
#15054 = ORIENTED_EDGE('',*,*,#14946,.F.);
#15055 = ORIENTED_EDGE('',*,*,#14922,.T.);
#15056 = ORIENTED_EDGE('',*,*,#14974,.F.);
#15057 = SPHERICAL_SURFACE('',#15058,0.3);
#15058 = AXIS2_PLACEMENT_3D('',#15059,#15060,#15061);
#15059 = CARTESIAN_POINT('',(3.2,12.2,0.3));
#15060 = DIRECTION('',(0.,0.,1.));
#15061 = DIRECTION('',(1.,0.,-0.));
#15062 = ADVANCED_FACE('',(#15063),#15106,.T.);
#15063 = FACE_BOUND('',#15064,.T.);
#15064 = EDGE_LOOP('',(#15065,#15073,#15074,#15075,#15076,#15084,#15092,
    #15100));
#15065 = ORIENTED_EDGE('',*,*,#15066,.T.);
#15066 = EDGE_CURVE('',#15067,#14788,#15069,.T.);
#15067 = VERTEX_POINT('',#15068);
#15068 = CARTESIAN_POINT('',(3.,0.4,5.6));
#15069 = LINE('',#15070,#15071);
#15070 = CARTESIAN_POINT('',(0.35,0.4,5.6));
#15071 = VECTOR('',#15072,1.);
#15072 = DIRECTION('',(1.,0.,-0.));
#15073 = ORIENTED_EDGE('',*,*,#14795,.F.);
#15074 = ORIENTED_EDGE('',*,*,#14317,.F.);
#15075 = ORIENTED_EDGE('',*,*,#14835,.T.);
#15076 = ORIENTED_EDGE('',*,*,#15077,.F.);
#15077 = EDGE_CURVE('',#15078,#14836,#15080,.T.);
#15078 = VERTEX_POINT('',#15079);
#15079 = CARTESIAN_POINT('',(2.55,0.4,5.6));
#15080 = LINE('',#15081,#15082);
#15081 = CARTESIAN_POINT('',(0.35,0.4,5.6));
#15082 = VECTOR('',#15083,1.);
#15083 = DIRECTION('',(1.,0.,-0.));
#15084 = ORIENTED_EDGE('',*,*,#15085,.T.);
#15085 = EDGE_CURVE('',#15078,#15086,#15088,.T.);
#15086 = VERTEX_POINT('',#15087);
#15087 = CARTESIAN_POINT('',(2.55,4.35,5.6));
#15088 = LINE('',#15089,#15090);
#15089 = CARTESIAN_POINT('',(2.55,0.4,5.6));
#15090 = VECTOR('',#15091,1.);
#15091 = DIRECTION('',(-0.,1.,0.));
#15092 = ORIENTED_EDGE('',*,*,#15093,.T.);
#15093 = EDGE_CURVE('',#15086,#15094,#15096,.T.);
#15094 = VERTEX_POINT('',#15095);
#15095 = CARTESIAN_POINT('',(3.,4.35,5.6));
#15096 = LINE('',#15097,#15098);
#15097 = CARTESIAN_POINT('',(0.5,4.35,5.6));
#15098 = VECTOR('',#15099,1.);
#15099 = DIRECTION('',(1.,0.,-0.));
#15100 = ORIENTED_EDGE('',*,*,#15101,.F.);
#15101 = EDGE_CURVE('',#15067,#15094,#15102,.T.);
#15102 = LINE('',#15103,#15104);
#15103 = CARTESIAN_POINT('',(3.,0.4,5.6));
#15104 = VECTOR('',#15105,1.);
#15105 = DIRECTION('',(-0.,1.,0.));
#15106 = PLANE('',#15107);
#15107 = AXIS2_PLACEMENT_3D('',#15108,#15109,#15110);
#15108 = CARTESIAN_POINT('',(2.796212121212,2.121212121212,5.6));
#15109 = DIRECTION('',(-0.,-0.,-1.));
#15110 = DIRECTION('',(-1.,0.,0.));
#15111 = ADVANCED_FACE('',(#15112),#15137,.F.);
#15112 = FACE_BOUND('',#15113,.F.);
#15113 = EDGE_LOOP('',(#15114,#15122,#15123,#15131));
#15114 = ORIENTED_EDGE('',*,*,#15115,.F.);
#15115 = EDGE_CURVE('',#15078,#15116,#15118,.T.);
#15116 = VERTEX_POINT('',#15117);
#15117 = CARTESIAN_POINT('',(2.55,0.4,7.35));
#15118 = LINE('',#15119,#15120);
#15119 = CARTESIAN_POINT('',(2.55,0.4,5.6));
#15120 = VECTOR('',#15121,1.);
#15121 = DIRECTION('',(0.,0.,1.));
#15122 = ORIENTED_EDGE('',*,*,#15085,.T.);
#15123 = ORIENTED_EDGE('',*,*,#15124,.T.);
#15124 = EDGE_CURVE('',#15086,#15125,#15127,.T.);
#15125 = VERTEX_POINT('',#15126);
#15126 = CARTESIAN_POINT('',(2.55,4.35,7.35));
#15127 = LINE('',#15128,#15129);
#15128 = CARTESIAN_POINT('',(2.55,4.35,5.6));
#15129 = VECTOR('',#15130,1.);
#15130 = DIRECTION('',(0.,0.,1.));
#15131 = ORIENTED_EDGE('',*,*,#15132,.F.);
#15132 = EDGE_CURVE('',#15116,#15125,#15133,.T.);
#15133 = LINE('',#15134,#15135);
#15134 = CARTESIAN_POINT('',(2.55,0.4,7.35));
#15135 = VECTOR('',#15136,1.);
#15136 = DIRECTION('',(-0.,1.,0.));
#15137 = PLANE('',#15138);
#15138 = AXIS2_PLACEMENT_3D('',#15139,#15140,#15141);
#15139 = CARTESIAN_POINT('',(2.55,0.4,5.6));
#15140 = DIRECTION('',(1.,0.,-0.));
#15141 = DIRECTION('',(0.,0.,1.));
#15142 = ADVANCED_FACE('',(#15143),#15168,.F.);
#15143 = FACE_BOUND('',#15144,.F.);
#15144 = EDGE_LOOP('',(#15145,#15153,#15161,#15167));
#15145 = ORIENTED_EDGE('',*,*,#15146,.F.);
#15146 = EDGE_CURVE('',#15147,#15067,#15149,.T.);
#15147 = VERTEX_POINT('',#15148);
#15148 = CARTESIAN_POINT('',(3.,0.4,2.1));
#15149 = LINE('',#15150,#15151);
#15150 = CARTESIAN_POINT('',(3.,0.4,2.1));
#15151 = VECTOR('',#15152,1.);
#15152 = DIRECTION('',(0.,0.,1.));
#15153 = ORIENTED_EDGE('',*,*,#15154,.T.);
#15154 = EDGE_CURVE('',#15147,#15155,#15157,.T.);
#15155 = VERTEX_POINT('',#15156);
#15156 = CARTESIAN_POINT('',(3.,4.35,2.1));
#15157 = LINE('',#15158,#15159);
#15158 = CARTESIAN_POINT('',(3.,0.4,2.1));
#15159 = VECTOR('',#15160,1.);
#15160 = DIRECTION('',(-0.,1.,0.));
#15161 = ORIENTED_EDGE('',*,*,#15162,.T.);
#15162 = EDGE_CURVE('',#15155,#15094,#15163,.T.);
#15163 = LINE('',#15164,#15165);
#15164 = CARTESIAN_POINT('',(3.,4.35,2.1));
#15165 = VECTOR('',#15166,1.);
#15166 = DIRECTION('',(0.,0.,1.));
#15167 = ORIENTED_EDGE('',*,*,#15101,.F.);
#15168 = PLANE('',#15169);
#15169 = AXIS2_PLACEMENT_3D('',#15170,#15171,#15172);
#15170 = CARTESIAN_POINT('',(3.,0.4,2.1));
#15171 = DIRECTION('',(1.,0.,-0.));
#15172 = DIRECTION('',(0.,0.,1.));
#15173 = ADVANCED_FACE('',(#15174),#15201,.F.);
#15174 = FACE_BOUND('',#15175,.F.);
#15175 = EDGE_LOOP('',(#15176,#15185,#15186,#15195));
#15176 = ORIENTED_EDGE('',*,*,#15177,.F.);
#15177 = EDGE_CURVE('',#15155,#15178,#15180,.T.);
#15178 = VERTEX_POINT('',#15179);
#15179 = CARTESIAN_POINT('',(0.5,4.35,2.1));
#15180 = CIRCLE('',#15181,1.25);
#15181 = AXIS2_PLACEMENT_3D('',#15182,#15183,#15184);
#15182 = CARTESIAN_POINT('',(1.75,4.35,2.1));
#15183 = DIRECTION('',(0.,1.,0.));
#15184 = DIRECTION('',(0.,-0.,1.));
#15185 = ORIENTED_EDGE('',*,*,#15154,.F.);
#15186 = ORIENTED_EDGE('',*,*,#15187,.T.);
#15187 = EDGE_CURVE('',#15147,#15188,#15190,.T.);
#15188 = VERTEX_POINT('',#15189);
#15189 = CARTESIAN_POINT('',(0.5,0.4,2.1));
#15190 = CIRCLE('',#15191,1.25);
#15191 = AXIS2_PLACEMENT_3D('',#15192,#15193,#15194);
#15192 = CARTESIAN_POINT('',(1.75,0.4,2.1));
#15193 = DIRECTION('',(0.,1.,0.));
#15194 = DIRECTION('',(0.,-0.,1.));
#15195 = ORIENTED_EDGE('',*,*,#15196,.T.);
#15196 = EDGE_CURVE('',#15188,#15178,#15197,.T.);
#15197 = LINE('',#15198,#15199);
#15198 = CARTESIAN_POINT('',(0.5,0.4,2.1));
#15199 = VECTOR('',#15200,1.);
#15200 = DIRECTION('',(-0.,1.,0.));
#15201 = CYLINDRICAL_SURFACE('',#15202,1.25);
#15202 = AXIS2_PLACEMENT_3D('',#15203,#15204,#15205);
#15203 = CARTESIAN_POINT('',(1.75,0.4,2.1));
#15204 = DIRECTION('',(0.,1.,0.));
#15205 = DIRECTION('',(0.,-0.,1.));
#15206 = ADVANCED_FACE('',(#15207),#15232,.T.);
#15207 = FACE_BOUND('',#15208,.T.);
#15208 = EDGE_LOOP('',(#15209,#15217,#15218,#15226));
#15209 = ORIENTED_EDGE('',*,*,#15210,.F.);
#15210 = EDGE_CURVE('',#15188,#15211,#15213,.T.);
#15211 = VERTEX_POINT('',#15212);
#15212 = CARTESIAN_POINT('',(0.5,0.4,5.6));
#15213 = LINE('',#15214,#15215);
#15214 = CARTESIAN_POINT('',(0.5,0.4,2.1));
#15215 = VECTOR('',#15216,1.);
#15216 = DIRECTION('',(0.,0.,1.));
#15217 = ORIENTED_EDGE('',*,*,#15196,.T.);
#15218 = ORIENTED_EDGE('',*,*,#15219,.T.);
#15219 = EDGE_CURVE('',#15178,#15220,#15222,.T.);
#15220 = VERTEX_POINT('',#15221);
#15221 = CARTESIAN_POINT('',(0.5,4.35,5.6));
#15222 = LINE('',#15223,#15224);
#15223 = CARTESIAN_POINT('',(0.5,4.35,2.1));
#15224 = VECTOR('',#15225,1.);
#15225 = DIRECTION('',(0.,0.,1.));
#15226 = ORIENTED_EDGE('',*,*,#15227,.F.);
#15227 = EDGE_CURVE('',#15211,#15220,#15228,.T.);
#15228 = LINE('',#15229,#15230);
#15229 = CARTESIAN_POINT('',(0.5,0.4,5.6));
#15230 = VECTOR('',#15231,1.);
#15231 = DIRECTION('',(-0.,1.,0.));
#15232 = PLANE('',#15233);
#15233 = AXIS2_PLACEMENT_3D('',#15234,#15235,#15236);
#15234 = CARTESIAN_POINT('',(0.5,0.4,2.1));
#15235 = DIRECTION('',(1.,0.,-0.));
#15236 = DIRECTION('',(0.,0.,1.));
#15237 = ADVANCED_FACE('',(#15238),#15272,.T.);
#15238 = FACE_BOUND('',#15239,.T.);
#15239 = EDGE_LOOP('',(#15240,#15246,#15247,#15255,#15263,#15269,#15270,
    #15271));
#15240 = ORIENTED_EDGE('',*,*,#15241,.T.);
#15241 = EDGE_CURVE('',#14868,#15211,#15242,.T.);
#15242 = LINE('',#15243,#15244);
#15243 = CARTESIAN_POINT('',(0.35,0.4,5.6));
#15244 = VECTOR('',#15245,1.);
#15245 = DIRECTION('',(1.,0.,-0.));
#15246 = ORIENTED_EDGE('',*,*,#15227,.T.);
#15247 = ORIENTED_EDGE('',*,*,#15248,.T.);
#15248 = EDGE_CURVE('',#15220,#15249,#15251,.T.);
#15249 = VERTEX_POINT('',#15250);
#15250 = CARTESIAN_POINT('',(0.95,4.35,5.6));
#15251 = LINE('',#15252,#15253);
#15252 = CARTESIAN_POINT('',(0.5,4.35,5.6));
#15253 = VECTOR('',#15254,1.);
#15254 = DIRECTION('',(1.,0.,-0.));
#15255 = ORIENTED_EDGE('',*,*,#15256,.F.);
#15256 = EDGE_CURVE('',#15257,#15249,#15259,.T.);
#15257 = VERTEX_POINT('',#15258);
#15258 = CARTESIAN_POINT('',(0.95,0.4,5.6));
#15259 = LINE('',#15260,#15261);
#15260 = CARTESIAN_POINT('',(0.95,0.4,5.6));
#15261 = VECTOR('',#15262,1.);
#15262 = DIRECTION('',(-0.,1.,0.));
#15263 = ORIENTED_EDGE('',*,*,#15264,.F.);
#15264 = EDGE_CURVE('',#14891,#15257,#15265,.T.);
#15265 = LINE('',#15266,#15267);
#15266 = CARTESIAN_POINT('',(0.35,0.4,5.6));
#15267 = VECTOR('',#15268,1.);
#15268 = DIRECTION('',(1.,0.,-0.));
#15269 = ORIENTED_EDGE('',*,*,#14890,.F.);
#15270 = ORIENTED_EDGE('',*,*,#14359,.F.);
#15271 = ORIENTED_EDGE('',*,*,#14875,.T.);
#15272 = PLANE('',#15273);
#15273 = AXIS2_PLACEMENT_3D('',#15274,#15275,#15276);
#15274 = CARTESIAN_POINT('',(0.703787878788,2.121212121212,5.6));
#15275 = DIRECTION('',(-0.,-0.,-1.));
#15276 = DIRECTION('',(-1.,0.,0.));
#15277 = ADVANCED_FACE('',(#15278),#15303,.T.);
#15278 = FACE_BOUND('',#15279,.T.);
#15279 = EDGE_LOOP('',(#15280,#15288,#15289,#15297));
#15280 = ORIENTED_EDGE('',*,*,#15281,.F.);
#15281 = EDGE_CURVE('',#15257,#15282,#15284,.T.);
#15282 = VERTEX_POINT('',#15283);
#15283 = CARTESIAN_POINT('',(0.95,0.4,7.35));
#15284 = LINE('',#15285,#15286);
#15285 = CARTESIAN_POINT('',(0.95,0.4,5.6));
#15286 = VECTOR('',#15287,1.);
#15287 = DIRECTION('',(0.,0.,1.));
#15288 = ORIENTED_EDGE('',*,*,#15256,.T.);
#15289 = ORIENTED_EDGE('',*,*,#15290,.T.);
#15290 = EDGE_CURVE('',#15249,#15291,#15293,.T.);
#15291 = VERTEX_POINT('',#15292);
#15292 = CARTESIAN_POINT('',(0.95,4.35,7.35));
#15293 = LINE('',#15294,#15295);
#15294 = CARTESIAN_POINT('',(0.95,4.35,5.6));
#15295 = VECTOR('',#15296,1.);
#15296 = DIRECTION('',(0.,0.,1.));
#15297 = ORIENTED_EDGE('',*,*,#15298,.F.);
#15298 = EDGE_CURVE('',#15282,#15291,#15299,.T.);
#15299 = LINE('',#15300,#15301);
#15300 = CARTESIAN_POINT('',(0.95,0.4,7.35));
#15301 = VECTOR('',#15302,1.);
#15302 = DIRECTION('',(-0.,1.,0.));
#15303 = PLANE('',#15304);
#15304 = AXIS2_PLACEMENT_3D('',#15305,#15306,#15307);
#15305 = CARTESIAN_POINT('',(0.95,0.4,5.6));
#15306 = DIRECTION('',(1.,0.,-0.));
#15307 = DIRECTION('',(0.,0.,1.));
#15308 = ADVANCED_FACE('',(#15309),#15319,.T.);
#15309 = FACE_BOUND('',#15310,.T.);
#15310 = EDGE_LOOP('',(#15311,#15312,#15313,#15314,#15315,#15316,#15317,
    #15318));
#15311 = ORIENTED_EDGE('',*,*,#14787,.T.);
#15312 = ORIENTED_EDGE('',*,*,#15066,.F.);
#15313 = ORIENTED_EDGE('',*,*,#15146,.F.);
#15314 = ORIENTED_EDGE('',*,*,#15187,.T.);
#15315 = ORIENTED_EDGE('',*,*,#15210,.T.);
#15316 = ORIENTED_EDGE('',*,*,#15241,.F.);
#15317 = ORIENTED_EDGE('',*,*,#14867,.F.);
#15318 = ORIENTED_EDGE('',*,*,#14809,.F.);
#15319 = PLANE('',#15320);
#15320 = AXIS2_PLACEMENT_3D('',#15321,#15322,#15323);
#15321 = CARTESIAN_POINT('',(1.75,0.4,2.974105664285));
#15322 = DIRECTION('',(-0.,-1.,-0.));
#15323 = DIRECTION('',(0.,0.,-1.));
#15324 = ADVANCED_FACE('',(#15325),#15365,.T.);
#15325 = FACE_BOUND('',#15326,.T.);
#15326 = EDGE_LOOP('',(#15327,#15328,#15329,#15338,#15345,#15346,#15347,
    #15348,#15357,#15364));
#15327 = ORIENTED_EDGE('',*,*,#15077,.T.);
#15328 = ORIENTED_EDGE('',*,*,#14843,.T.);
#15329 = ORIENTED_EDGE('',*,*,#15330,.F.);
#15330 = EDGE_CURVE('',#15331,#14844,#15333,.T.);
#15331 = VERTEX_POINT('',#15332);
#15332 = CARTESIAN_POINT('',(1.75,0.4,8.3));
#15333 = CIRCLE('',#15334,0.95);
#15334 = AXIS2_PLACEMENT_3D('',#15335,#15336,#15337);
#15335 = CARTESIAN_POINT('',(1.75,0.4,7.35));
#15336 = DIRECTION('',(0.,1.,0.));
#15337 = DIRECTION('',(0.,-0.,1.));
#15338 = ORIENTED_EDGE('',*,*,#15339,.F.);
#15339 = EDGE_CURVE('',#14899,#15331,#15340,.T.);
#15340 = CIRCLE('',#15341,0.95);
#15341 = AXIS2_PLACEMENT_3D('',#15342,#15343,#15344);
#15342 = CARTESIAN_POINT('',(1.75,0.4,7.35));
#15343 = DIRECTION('',(0.,1.,0.));
#15344 = DIRECTION('',(0.,-0.,1.));
#15345 = ORIENTED_EDGE('',*,*,#14898,.F.);
#15346 = ORIENTED_EDGE('',*,*,#15264,.T.);
#15347 = ORIENTED_EDGE('',*,*,#15281,.T.);
#15348 = ORIENTED_EDGE('',*,*,#15349,.T.);
#15349 = EDGE_CURVE('',#15282,#15350,#15352,.T.);
#15350 = VERTEX_POINT('',#15351);
#15351 = CARTESIAN_POINT('',(1.75,0.4,8.15));
#15352 = CIRCLE('',#15353,0.8);
#15353 = AXIS2_PLACEMENT_3D('',#15354,#15355,#15356);
#15354 = CARTESIAN_POINT('',(1.75,0.4,7.35));
#15355 = DIRECTION('',(0.,1.,0.));
#15356 = DIRECTION('',(0.,-0.,1.));
#15357 = ORIENTED_EDGE('',*,*,#15358,.T.);
#15358 = EDGE_CURVE('',#15350,#15116,#15359,.T.);
#15359 = CIRCLE('',#15360,0.8);
#15360 = AXIS2_PLACEMENT_3D('',#15361,#15362,#15363);
#15361 = CARTESIAN_POINT('',(1.75,0.4,7.35));
#15362 = DIRECTION('',(0.,1.,0.));
#15363 = DIRECTION('',(0.,-0.,1.));
#15364 = ORIENTED_EDGE('',*,*,#15115,.F.);
#15365 = PLANE('',#15366);
#15366 = AXIS2_PLACEMENT_3D('',#15367,#15368,#15369);
#15367 = CARTESIAN_POINT('',(1.75,0.4,7.061813018945));
#15368 = DIRECTION('',(-0.,-1.,-0.));
#15369 = DIRECTION('',(0.,0.,-1.));
#15370 = ADVANCED_FACE('',(#15371),#15396,.T.);
#15371 = FACE_BOUND('',#15372,.T.);
#15372 = EDGE_LOOP('',(#15373,#15374,#15375,#15376,#15385,#15392,#15393,
    #15394,#15395));
#15373 = ORIENTED_EDGE('',*,*,#15162,.T.);
#15374 = ORIENTED_EDGE('',*,*,#15093,.F.);
#15375 = ORIENTED_EDGE('',*,*,#15124,.T.);
#15376 = ORIENTED_EDGE('',*,*,#15377,.F.);
#15377 = EDGE_CURVE('',#15378,#15125,#15380,.T.);
#15378 = VERTEX_POINT('',#15379);
#15379 = CARTESIAN_POINT('',(1.75,4.35,8.15));
#15380 = CIRCLE('',#15381,0.8);
#15381 = AXIS2_PLACEMENT_3D('',#15382,#15383,#15384);
#15382 = CARTESIAN_POINT('',(1.75,4.35,7.35));
#15383 = DIRECTION('',(0.,1.,0.));
#15384 = DIRECTION('',(0.,-0.,1.));
#15385 = ORIENTED_EDGE('',*,*,#15386,.F.);
#15386 = EDGE_CURVE('',#15291,#15378,#15387,.T.);
#15387 = CIRCLE('',#15388,0.8);
#15388 = AXIS2_PLACEMENT_3D('',#15389,#15390,#15391);
#15389 = CARTESIAN_POINT('',(1.75,4.35,7.35));
#15390 = DIRECTION('',(0.,1.,0.));
#15391 = DIRECTION('',(0.,-0.,1.));
#15392 = ORIENTED_EDGE('',*,*,#15290,.F.);
#15393 = ORIENTED_EDGE('',*,*,#15248,.F.);
#15394 = ORIENTED_EDGE('',*,*,#15219,.F.);
#15395 = ORIENTED_EDGE('',*,*,#15177,.F.);
#15396 = PLANE('',#15397);
#15397 = AXIS2_PLACEMENT_3D('',#15398,#15399,#15400);
#15398 = CARTESIAN_POINT('',(1.75,4.35,4.497949762039));
#15399 = DIRECTION('',(-0.,-1.,-0.));
#15400 = DIRECTION('',(0.,0.,-1.));
#15401 = ADVANCED_FACE('',(#15402),#15410,.F.);
#15402 = FACE_BOUND('',#15403,.F.);
#15403 = EDGE_LOOP('',(#15404,#15405,#15406,#15407,#15408,#15409));
#15404 = ORIENTED_EDGE('',*,*,#14906,.F.);
#15405 = ORIENTED_EDGE('',*,*,#14342,.T.);
#15406 = ORIENTED_EDGE('',*,*,#14333,.T.);
#15407 = ORIENTED_EDGE('',*,*,#14851,.T.);
#15408 = ORIENTED_EDGE('',*,*,#15330,.F.);
#15409 = ORIENTED_EDGE('',*,*,#15339,.F.);
#15410 = CYLINDRICAL_SURFACE('',#15411,0.95);
#15411 = AXIS2_PLACEMENT_3D('',#15412,#15413,#15414);
#15412 = CARTESIAN_POINT('',(1.75,-5.E-02,7.35));
#15413 = DIRECTION('',(0.,1.,0.));
#15414 = DIRECTION('',(0.,-0.,1.));
#15415 = ADVANCED_FACE('',(#15416),#15424,.F.);
#15416 = FACE_BOUND('',#15417,.F.);
#15417 = EDGE_LOOP('',(#15418,#15419,#15420,#15421,#15422,#15423));
#15418 = ORIENTED_EDGE('',*,*,#15132,.T.);
#15419 = ORIENTED_EDGE('',*,*,#15377,.F.);
#15420 = ORIENTED_EDGE('',*,*,#15386,.F.);
#15421 = ORIENTED_EDGE('',*,*,#15298,.F.);
#15422 = ORIENTED_EDGE('',*,*,#15349,.T.);
#15423 = ORIENTED_EDGE('',*,*,#15358,.T.);
#15424 = CYLINDRICAL_SURFACE('',#15425,0.8);
#15425 = AXIS2_PLACEMENT_3D('',#15426,#15427,#15428);
#15426 = CARTESIAN_POINT('',(1.75,0.4,7.35));
#15427 = DIRECTION('',(0.,1.,0.));
#15428 = DIRECTION('',(0.,-0.,1.));
#15429 = ( GEOMETRIC_REPRESENTATION_CONTEXT(3)
GLOBAL_UNCERTAINTY_ASSIGNED_CONTEXT((#15433))
GLOBAL_UNIT_ASSIGNED_CONTEXT((#15430,#15431,#15432))
REPRESENTATION_CONTEXT('Context #1',
  '3D Context with UNIT and UNCERTAINTY') );
#15430 = ( LENGTH_UNIT() NAMED_UNIT(*) SI_UNIT(.MILLI.,.METRE.) );
#15431 = ( NAMED_UNIT(*) PLANE_ANGLE_UNIT() SI_UNIT($,.RADIAN.) );
#15432 = ( NAMED_UNIT(*) SI_UNIT($,.STERADIAN.) SOLID_ANGLE_UNIT() );
#15433 = UNCERTAINTY_MEASURE_WITH_UNIT(LENGTH_MEASURE(1.E-07),#15430,
  'distance_accuracy_value','confusion accuracy');
#15434 = CONTEXT_DEPENDENT_SHAPE_REPRESENTATION(#15435,#15437);
#15435 = ( REPRESENTATION_RELATIONSHIP('','',#13803,#10)
REPRESENTATION_RELATIONSHIP_WITH_TRANSFORMATION(#15436)
SHAPE_REPRESENTATION_RELATIONSHIP() );
#15436 = ITEM_DEFINED_TRANSFORMATION('','',#11,#127);
#15437 = PRODUCT_DEFINITION_SHAPE('Placement','Placement of an item',
  #15438);
#15438 = NEXT_ASSEMBLY_USAGE_OCCURRENCE('29','Housing P8','',#5,#13798,$
  );
#15439 = PRODUCT_RELATED_PRODUCT_CATEGORY('part',$,(#13800));
#15440 = SHAPE_DEFINITION_REPRESENTATION(#15441,#15447);
#15441 = PRODUCT_DEFINITION_SHAPE('','',#15442);
#15442 = PRODUCT_DEFINITION('design','',#15443,#15446);
#15443 = PRODUCT_DEFINITION_FORMATION('','',#15444);
#15444 = PRODUCT('Actuator P8','Actuator P8','',(#15445));
#15445 = PRODUCT_CONTEXT('',#2,'mechanical');
#15446 = PRODUCT_DEFINITION_CONTEXT('part definition',#2,'design');
#15447 = ADVANCED_BREP_SHAPE_REPRESENTATION('',(#11,#15448),#15666);
#15448 = MANIFOLD_SOLID_BREP('',#15449);
#15449 = CLOSED_SHELL('',(#15450,#15490,#15521,#15552,#15583,#15616,
    #15638,#15652));
#15450 = ADVANCED_FACE('',(#15451),#15485,.T.);
#15451 = FACE_BOUND('',#15452,.T.);
#15452 = EDGE_LOOP('',(#15453,#15463,#15471,#15479));
#15453 = ORIENTED_EDGE('',*,*,#15454,.T.);
#15454 = EDGE_CURVE('',#15455,#15457,#15459,.T.);
#15455 = VERTEX_POINT('',#15456);
#15456 = CARTESIAN_POINT('',(0.4,-0.35,10.6));
#15457 = VERTEX_POINT('',#15458);
#15458 = CARTESIAN_POINT('',(3.1,-0.35,10.6));
#15459 = LINE('',#15460,#15461);
#15460 = CARTESIAN_POINT('',(0.4,-0.35,10.6));
#15461 = VECTOR('',#15462,1.);
#15462 = DIRECTION('',(1.,0.,0.));
#15463 = ORIENTED_EDGE('',*,*,#15464,.T.);
#15464 = EDGE_CURVE('',#15457,#15465,#15467,.T.);
#15465 = VERTEX_POINT('',#15466);
#15466 = CARTESIAN_POINT('',(3.1,9.45,10.6));
#15467 = LINE('',#15468,#15469);
#15468 = CARTESIAN_POINT('',(3.1,-0.35,10.6));
#15469 = VECTOR('',#15470,1.);
#15470 = DIRECTION('',(0.,1.,0.));
#15471 = ORIENTED_EDGE('',*,*,#15472,.F.);
#15472 = EDGE_CURVE('',#15473,#15465,#15475,.T.);
#15473 = VERTEX_POINT('',#15474);
#15474 = CARTESIAN_POINT('',(0.4,9.45,10.6));
#15475 = LINE('',#15476,#15477);
#15476 = CARTESIAN_POINT('',(0.4,9.45,10.6));
#15477 = VECTOR('',#15478,1.);
#15478 = DIRECTION('',(1.,0.,0.));
#15479 = ORIENTED_EDGE('',*,*,#15480,.F.);
#15480 = EDGE_CURVE('',#15455,#15473,#15481,.T.);
#15481 = LINE('',#15482,#15483);
#15482 = CARTESIAN_POINT('',(0.4,-0.35,10.6));
#15483 = VECTOR('',#15484,1.);
#15484 = DIRECTION('',(0.,1.,0.));
#15485 = PLANE('',#15486);
#15486 = AXIS2_PLACEMENT_3D('',#15487,#15488,#15489);
#15487 = CARTESIAN_POINT('',(0.4,-0.35,10.6));
#15488 = DIRECTION('',(0.,0.,1.));
#15489 = DIRECTION('',(0.,1.,0.));
#15490 = ADVANCED_FACE('',(#15491),#15516,.T.);
#15491 = FACE_BOUND('',#15492,.T.);
#15492 = EDGE_LOOP('',(#15493,#15503,#15509,#15510));
#15493 = ORIENTED_EDGE('',*,*,#15494,.T.);
#15494 = EDGE_CURVE('',#15495,#15497,#15499,.T.);
#15495 = VERTEX_POINT('',#15496);
#15496 = CARTESIAN_POINT('',(0.4,1.25,8.6));
#15497 = VERTEX_POINT('',#15498);
#15498 = CARTESIAN_POINT('',(3.1,1.25,8.6));
#15499 = LINE('',#15500,#15501);
#15500 = CARTESIAN_POINT('',(0.4,1.25,8.6));
#15501 = VECTOR('',#15502,1.);
#15502 = DIRECTION('',(1.,0.,0.));
#15503 = ORIENTED_EDGE('',*,*,#15504,.T.);
#15504 = EDGE_CURVE('',#15497,#15457,#15505,.T.);
#15505 = LINE('',#15506,#15507);
#15506 = CARTESIAN_POINT('',(3.1,1.25,8.6));
#15507 = VECTOR('',#15508,1.);
#15508 = DIRECTION('',(0.,-0.624695047554,0.780868809443));
#15509 = ORIENTED_EDGE('',*,*,#15454,.F.);
#15510 = ORIENTED_EDGE('',*,*,#15511,.F.);
#15511 = EDGE_CURVE('',#15495,#15455,#15512,.T.);
#15512 = LINE('',#15513,#15514);
#15513 = CARTESIAN_POINT('',(0.4,1.25,8.6));
#15514 = VECTOR('',#15515,1.);
#15515 = DIRECTION('',(0.,-0.624695047554,0.780868809443));
#15516 = PLANE('',#15517);
#15517 = AXIS2_PLACEMENT_3D('',#15518,#15519,#15520);
#15518 = CARTESIAN_POINT('',(0.4,1.25,8.6));
#15519 = DIRECTION('',(0.,-0.780868809443,-0.624695047554));
#15520 = DIRECTION('',(0.,-0.624695047554,0.780868809443));
#15521 = ADVANCED_FACE('',(#15522),#15547,.T.);
#15522 = FACE_BOUND('',#15523,.T.);
#15523 = EDGE_LOOP('',(#15524,#15532,#15533,#15541));
#15524 = ORIENTED_EDGE('',*,*,#15525,.F.);
#15525 = EDGE_CURVE('',#15473,#15526,#15528,.T.);
#15526 = VERTEX_POINT('',#15527);
#15527 = CARTESIAN_POINT('',(0.4,9.45,9.565923489271));
#15528 = LINE('',#15529,#15530);
#15529 = CARTESIAN_POINT('',(0.4,9.45,10.6));
#15530 = VECTOR('',#15531,1.);
#15531 = DIRECTION('',(0.,0.,-1.));
#15532 = ORIENTED_EDGE('',*,*,#15472,.T.);
#15533 = ORIENTED_EDGE('',*,*,#15534,.T.);
#15534 = EDGE_CURVE('',#15465,#15535,#15537,.T.);
#15535 = VERTEX_POINT('',#15536);
#15536 = CARTESIAN_POINT('',(3.1,9.45,9.565923489271));
#15537 = LINE('',#15538,#15539);
#15538 = CARTESIAN_POINT('',(3.1,9.45,10.6));
#15539 = VECTOR('',#15540,1.);
#15540 = DIRECTION('',(0.,0.,-1.));
#15541 = ORIENTED_EDGE('',*,*,#15542,.F.);
#15542 = EDGE_CURVE('',#15526,#15535,#15543,.T.);
#15543 = LINE('',#15544,#15545);
#15544 = CARTESIAN_POINT('',(0.4,9.45,9.565923489271));
#15545 = VECTOR('',#15546,1.);
#15546 = DIRECTION('',(1.,0.,0.));
#15547 = PLANE('',#15548);
#15548 = AXIS2_PLACEMENT_3D('',#15549,#15550,#15551);
#15549 = CARTESIAN_POINT('',(0.4,9.45,10.6));
#15550 = DIRECTION('',(-0.,1.,0.));
#15551 = DIRECTION('',(0.,0.,-1.));
#15552 = ADVANCED_FACE('',(#15553),#15578,.T.);
#15553 = FACE_BOUND('',#15554,.T.);
#15554 = EDGE_LOOP('',(#15555,#15565,#15571,#15572));
#15555 = ORIENTED_EDGE('',*,*,#15556,.T.);
#15556 = EDGE_CURVE('',#15557,#15559,#15561,.T.);
#15557 = VERTEX_POINT('',#15558);
#15558 = CARTESIAN_POINT('',(0.4,9.45,8.6));
#15559 = VERTEX_POINT('',#15560);
#15560 = CARTESIAN_POINT('',(3.1,9.45,8.6));
#15561 = LINE('',#15562,#15563);
#15562 = CARTESIAN_POINT('',(0.4,9.45,8.6));
#15563 = VECTOR('',#15564,1.);
#15564 = DIRECTION('',(1.,0.,0.));
#15565 = ORIENTED_EDGE('',*,*,#15566,.T.);
#15566 = EDGE_CURVE('',#15559,#15497,#15567,.T.);
#15567 = LINE('',#15568,#15569);
#15568 = CARTESIAN_POINT('',(3.1,9.45,8.6));
#15569 = VECTOR('',#15570,1.);
#15570 = DIRECTION('',(0.,-1.,0.));
#15571 = ORIENTED_EDGE('',*,*,#15494,.F.);
#15572 = ORIENTED_EDGE('',*,*,#15573,.F.);
#15573 = EDGE_CURVE('',#15557,#15495,#15574,.T.);
#15574 = LINE('',#15575,#15576);
#15575 = CARTESIAN_POINT('',(0.4,9.45,8.6));
#15576 = VECTOR('',#15577,1.);
#15577 = DIRECTION('',(0.,-1.,0.));
#15578 = PLANE('',#15579);
#15579 = AXIS2_PLACEMENT_3D('',#15580,#15581,#15582);
#15580 = CARTESIAN_POINT('',(0.4,9.45,8.6));
#15581 = DIRECTION('',(0.,0.,-1.));
#15582 = DIRECTION('',(0.,-1.,0.));
#15583 = ADVANCED_FACE('',(#15584),#15611,.T.);
#15584 = FACE_BOUND('',#15585,.T.);
#15585 = EDGE_LOOP('',(#15586,#15595,#15603,#15610));
#15586 = ORIENTED_EDGE('',*,*,#15587,.F.);
#15587 = EDGE_CURVE('',#15588,#15535,#15590,.T.);
#15588 = VERTEX_POINT('',#15589);
#15589 = CARTESIAN_POINT('',(3.1,9.45,8.834076510729));
#15590 = CIRCLE('',#15591,0.58);
#15591 = AXIS2_PLACEMENT_3D('',#15592,#15593,#15594);
#15592 = CARTESIAN_POINT('',(3.1,9.,9.2));
#15593 = DIRECTION('',(1.,0.,0.));
#15594 = DIRECTION('',(-0.,0.,1.));
#15595 = ORIENTED_EDGE('',*,*,#15596,.F.);
#15596 = EDGE_CURVE('',#15597,#15588,#15599,.T.);
#15597 = VERTEX_POINT('',#15598);
#15598 = CARTESIAN_POINT('',(0.4,9.45,8.834076510729));
#15599 = LINE('',#15600,#15601);
#15600 = CARTESIAN_POINT('',(0.4,9.45,8.834076510729));
#15601 = VECTOR('',#15602,1.);
#15602 = DIRECTION('',(1.,0.,0.));
#15603 = ORIENTED_EDGE('',*,*,#15604,.T.);
#15604 = EDGE_CURVE('',#15597,#15526,#15605,.T.);
#15605 = CIRCLE('',#15606,0.58);
#15606 = AXIS2_PLACEMENT_3D('',#15607,#15608,#15609);
#15607 = CARTESIAN_POINT('',(0.4,9.,9.2));
#15608 = DIRECTION('',(1.,0.,0.));
#15609 = DIRECTION('',(-0.,0.,1.));
#15610 = ORIENTED_EDGE('',*,*,#15542,.T.);
#15611 = CYLINDRICAL_SURFACE('',#15612,0.58);
#15612 = AXIS2_PLACEMENT_3D('',#15613,#15614,#15615);
#15613 = CARTESIAN_POINT('',(0.4,9.,9.2));
#15614 = DIRECTION('',(1.,0.,0.));
#15615 = DIRECTION('',(-0.,0.,1.));
#15616 = ADVANCED_FACE('',(#15617),#15633,.T.);
#15617 = FACE_BOUND('',#15618,.T.);
#15618 = EDGE_LOOP('',(#15619,#15625,#15626,#15632));
#15619 = ORIENTED_EDGE('',*,*,#15620,.F.);
#15620 = EDGE_CURVE('',#15597,#15557,#15621,.T.);
#15621 = LINE('',#15622,#15623);
#15622 = CARTESIAN_POINT('',(0.4,9.45,10.6));
#15623 = VECTOR('',#15624,1.);
#15624 = DIRECTION('',(0.,0.,-1.));
#15625 = ORIENTED_EDGE('',*,*,#15596,.T.);
#15626 = ORIENTED_EDGE('',*,*,#15627,.T.);
#15627 = EDGE_CURVE('',#15588,#15559,#15628,.T.);
#15628 = LINE('',#15629,#15630);
#15629 = CARTESIAN_POINT('',(3.1,9.45,10.6));
#15630 = VECTOR('',#15631,1.);
#15631 = DIRECTION('',(0.,0.,-1.));
#15632 = ORIENTED_EDGE('',*,*,#15556,.F.);
#15633 = PLANE('',#15634);
#15634 = AXIS2_PLACEMENT_3D('',#15635,#15636,#15637);
#15635 = CARTESIAN_POINT('',(0.4,9.45,10.6));
#15636 = DIRECTION('',(-0.,1.,0.));
#15637 = DIRECTION('',(0.,0.,-1.));
#15638 = ADVANCED_FACE('',(#15639),#15647,.T.);
#15639 = FACE_BOUND('',#15640,.T.);
#15640 = EDGE_LOOP('',(#15641,#15642,#15643,#15644,#15645,#15646));
#15641 = ORIENTED_EDGE('',*,*,#15511,.T.);
#15642 = ORIENTED_EDGE('',*,*,#15480,.T.);
#15643 = ORIENTED_EDGE('',*,*,#15525,.T.);
#15644 = ORIENTED_EDGE('',*,*,#15604,.F.);
#15645 = ORIENTED_EDGE('',*,*,#15620,.T.);
#15646 = ORIENTED_EDGE('',*,*,#15573,.T.);
#15647 = PLANE('',#15648);
#15648 = AXIS2_PLACEMENT_3D('',#15649,#15650,#15651);
#15649 = CARTESIAN_POINT('',(0.4,4.823284092834,9.669808456553));
#15650 = DIRECTION('',(-1.,-0.,-0.));
#15651 = DIRECTION('',(0.,0.,-1.));
#15652 = ADVANCED_FACE('',(#15653),#15661,.T.);
#15653 = FACE_BOUND('',#15654,.T.);
#15654 = EDGE_LOOP('',(#15655,#15656,#15657,#15658,#15659,#15660));
#15655 = ORIENTED_EDGE('',*,*,#15504,.F.);
#15656 = ORIENTED_EDGE('',*,*,#15566,.F.);
#15657 = ORIENTED_EDGE('',*,*,#15627,.F.);
#15658 = ORIENTED_EDGE('',*,*,#15587,.T.);
#15659 = ORIENTED_EDGE('',*,*,#15534,.F.);
#15660 = ORIENTED_EDGE('',*,*,#15464,.F.);
#15661 = PLANE('',#15662);
#15662 = AXIS2_PLACEMENT_3D('',#15663,#15664,#15665);
#15663 = CARTESIAN_POINT('',(3.1,4.823284092834,9.669808456553));
#15664 = DIRECTION('',(1.,0.,0.));
#15665 = DIRECTION('',(-0.,0.,1.));
#15666 = ( GEOMETRIC_REPRESENTATION_CONTEXT(3)
GLOBAL_UNCERTAINTY_ASSIGNED_CONTEXT((#15670))
GLOBAL_UNIT_ASSIGNED_CONTEXT((#15667,#15668,#15669))
REPRESENTATION_CONTEXT('Context #1',
  '3D Context with UNIT and UNCERTAINTY') );
#15667 = ( LENGTH_UNIT() NAMED_UNIT(*) SI_UNIT(.MILLI.,.METRE.) );
#15668 = ( NAMED_UNIT(*) PLANE_ANGLE_UNIT() SI_UNIT($,.RADIAN.) );
#15669 = ( NAMED_UNIT(*) SI_UNIT($,.STERADIAN.) SOLID_ANGLE_UNIT() );
#15670 = UNCERTAINTY_MEASURE_WITH_UNIT(LENGTH_MEASURE(1.E-07),#15667,
  'distance_accuracy_value','confusion accuracy');
#15671 = CONTEXT_DEPENDENT_SHAPE_REPRESENTATION(#15672,#15674);
#15672 = ( REPRESENTATION_RELATIONSHIP('','',#15447,#10)
REPRESENTATION_RELATIONSHIP_WITH_TRANSFORMATION(#15673)
SHAPE_REPRESENTATION_RELATIONSHIP() );
#15673 = ITEM_DEFINED_TRANSFORMATION('','',#11,#131);
#15674 = PRODUCT_DEFINITION_SHAPE('Placement','Placement of an item',
  #15675);
#15675 = NEXT_ASSEMBLY_USAGE_OCCURRENCE('30','Actuator P8','',#5,#15442,
  $);
#15676 = PRODUCT_RELATED_PRODUCT_CATEGORY('part',$,(#15444));
#15677 = SHAPE_DEFINITION_REPRESENTATION(#15678,#15684);
#15678 = PRODUCT_DEFINITION_SHAPE('','',#15679);
#15679 = PRODUCT_DEFINITION('design','',#15680,#15683);
#15680 = PRODUCT_DEFINITION_FORMATION('','',#15681);
#15681 = PRODUCT('Terminal Pin P8 A','Terminal Pin P8 A','',(#15682));
#15682 = PRODUCT_CONTEXT('',#2,'mechanical');
#15683 = PRODUCT_DEFINITION_CONTEXT('part definition',#2,'design');
#15684 = ADVANCED_BREP_SHAPE_REPRESENTATION('',(#11,#15685),#15835);
#15685 = MANIFOLD_SOLID_BREP('',#15686);
#15686 = CLOSED_SHELL('',(#15687,#15727,#15767,#15789,#15811,#15823));
#15687 = ADVANCED_FACE('',(#15688),#15722,.F.);
#15688 = FACE_BOUND('',#15689,.F.);
#15689 = EDGE_LOOP('',(#15690,#15700,#15708,#15716));
#15690 = ORIENTED_EDGE('',*,*,#15691,.F.);
#15691 = EDGE_CURVE('',#15692,#15694,#15696,.T.);
#15692 = VERTEX_POINT('',#15693);
#15693 = CARTESIAN_POINT('',(1.85,4.35,-3.5));
#15694 = VERTEX_POINT('',#15695);
#15695 = CARTESIAN_POINT('',(1.85,4.35,0.));
#15696 = LINE('',#15697,#15698);
#15697 = CARTESIAN_POINT('',(1.85,4.35,-3.5));
#15698 = VECTOR('',#15699,1.);
#15699 = DIRECTION('',(0.,0.,1.));
#15700 = ORIENTED_EDGE('',*,*,#15701,.T.);
#15701 = EDGE_CURVE('',#15692,#15702,#15704,.T.);
#15702 = VERTEX_POINT('',#15703);
#15703 = CARTESIAN_POINT('',(1.85,4.85,-3.5));
#15704 = LINE('',#15705,#15706);
#15705 = CARTESIAN_POINT('',(1.85,4.35,-3.5));
#15706 = VECTOR('',#15707,1.);
#15707 = DIRECTION('',(-0.,1.,0.));
#15708 = ORIENTED_EDGE('',*,*,#15709,.T.);
#15709 = EDGE_CURVE('',#15702,#15710,#15712,.T.);
#15710 = VERTEX_POINT('',#15711);
#15711 = CARTESIAN_POINT('',(1.85,4.85,0.));
#15712 = LINE('',#15713,#15714);
#15713 = CARTESIAN_POINT('',(1.85,4.85,-3.5));
#15714 = VECTOR('',#15715,1.);
#15715 = DIRECTION('',(0.,0.,1.));
#15716 = ORIENTED_EDGE('',*,*,#15717,.F.);
#15717 = EDGE_CURVE('',#15694,#15710,#15718,.T.);
#15718 = LINE('',#15719,#15720);
#15719 = CARTESIAN_POINT('',(1.85,4.35,0.));
#15720 = VECTOR('',#15721,1.);
#15721 = DIRECTION('',(-0.,1.,0.));
#15722 = PLANE('',#15723);
#15723 = AXIS2_PLACEMENT_3D('',#15724,#15725,#15726);
#15724 = CARTESIAN_POINT('',(1.85,4.35,-3.5));
#15725 = DIRECTION('',(1.,0.,-0.));
#15726 = DIRECTION('',(0.,0.,1.));
#15727 = ADVANCED_FACE('',(#15728),#15762,.T.);
#15728 = FACE_BOUND('',#15729,.T.);
#15729 = EDGE_LOOP('',(#15730,#15740,#15748,#15756));
#15730 = ORIENTED_EDGE('',*,*,#15731,.F.);
#15731 = EDGE_CURVE('',#15732,#15734,#15736,.T.);
#15732 = VERTEX_POINT('',#15733);
#15733 = CARTESIAN_POINT('',(2.65,4.35,-3.5));
#15734 = VERTEX_POINT('',#15735);
#15735 = CARTESIAN_POINT('',(2.65,4.35,0.));
#15736 = LINE('',#15737,#15738);
#15737 = CARTESIAN_POINT('',(2.65,4.35,-3.5));
#15738 = VECTOR('',#15739,1.);
#15739 = DIRECTION('',(0.,0.,1.));
#15740 = ORIENTED_EDGE('',*,*,#15741,.T.);
#15741 = EDGE_CURVE('',#15732,#15742,#15744,.T.);
#15742 = VERTEX_POINT('',#15743);
#15743 = CARTESIAN_POINT('',(2.65,4.85,-3.5));
#15744 = LINE('',#15745,#15746);
#15745 = CARTESIAN_POINT('',(2.65,4.35,-3.5));
#15746 = VECTOR('',#15747,1.);
#15747 = DIRECTION('',(-0.,1.,0.));
#15748 = ORIENTED_EDGE('',*,*,#15749,.T.);
#15749 = EDGE_CURVE('',#15742,#15750,#15752,.T.);
#15750 = VERTEX_POINT('',#15751);
#15751 = CARTESIAN_POINT('',(2.65,4.85,0.));
#15752 = LINE('',#15753,#15754);
#15753 = CARTESIAN_POINT('',(2.65,4.85,-3.5));
#15754 = VECTOR('',#15755,1.);
#15755 = DIRECTION('',(0.,0.,1.));
#15756 = ORIENTED_EDGE('',*,*,#15757,.F.);
#15757 = EDGE_CURVE('',#15734,#15750,#15758,.T.);
#15758 = LINE('',#15759,#15760);
#15759 = CARTESIAN_POINT('',(2.65,4.35,0.));
#15760 = VECTOR('',#15761,1.);
#15761 = DIRECTION('',(-0.,1.,0.));
#15762 = PLANE('',#15763);
#15763 = AXIS2_PLACEMENT_3D('',#15764,#15765,#15766);
#15764 = CARTESIAN_POINT('',(2.65,4.35,-3.5));
#15765 = DIRECTION('',(1.,0.,-0.));
#15766 = DIRECTION('',(0.,0.,1.));
#15767 = ADVANCED_FACE('',(#15768),#15784,.F.);
#15768 = FACE_BOUND('',#15769,.F.);
#15769 = EDGE_LOOP('',(#15770,#15776,#15777,#15783));
#15770 = ORIENTED_EDGE('',*,*,#15771,.F.);
#15771 = EDGE_CURVE('',#15692,#15732,#15772,.T.);
#15772 = LINE('',#15773,#15774);
#15773 = CARTESIAN_POINT('',(1.85,4.35,-3.5));
#15774 = VECTOR('',#15775,1.);
#15775 = DIRECTION('',(1.,0.,-0.));
#15776 = ORIENTED_EDGE('',*,*,#15691,.T.);
#15777 = ORIENTED_EDGE('',*,*,#15778,.T.);
#15778 = EDGE_CURVE('',#15694,#15734,#15779,.T.);
#15779 = LINE('',#15780,#15781);
#15780 = CARTESIAN_POINT('',(1.85,4.35,0.));
#15781 = VECTOR('',#15782,1.);
#15782 = DIRECTION('',(1.,0.,-0.));
#15783 = ORIENTED_EDGE('',*,*,#15731,.F.);
#15784 = PLANE('',#15785);
#15785 = AXIS2_PLACEMENT_3D('',#15786,#15787,#15788);
#15786 = CARTESIAN_POINT('',(1.85,4.35,-3.5));
#15787 = DIRECTION('',(-0.,1.,0.));
#15788 = DIRECTION('',(0.,0.,1.));
#15789 = ADVANCED_FACE('',(#15790),#15806,.T.);
#15790 = FACE_BOUND('',#15791,.T.);
#15791 = EDGE_LOOP('',(#15792,#15798,#15799,#15805));
#15792 = ORIENTED_EDGE('',*,*,#15793,.F.);
#15793 = EDGE_CURVE('',#15702,#15742,#15794,.T.);
#15794 = LINE('',#15795,#15796);
#15795 = CARTESIAN_POINT('',(1.85,4.85,-3.5));
#15796 = VECTOR('',#15797,1.);
#15797 = DIRECTION('',(1.,0.,-0.));
#15798 = ORIENTED_EDGE('',*,*,#15709,.T.);
#15799 = ORIENTED_EDGE('',*,*,#15800,.T.);
#15800 = EDGE_CURVE('',#15710,#15750,#15801,.T.);
#15801 = LINE('',#15802,#15803);
#15802 = CARTESIAN_POINT('',(1.85,4.85,0.));
#15803 = VECTOR('',#15804,1.);
#15804 = DIRECTION('',(1.,0.,-0.));
#15805 = ORIENTED_EDGE('',*,*,#15749,.F.);
#15806 = PLANE('',#15807);
#15807 = AXIS2_PLACEMENT_3D('',#15808,#15809,#15810);
#15808 = CARTESIAN_POINT('',(1.85,4.85,-3.5));
#15809 = DIRECTION('',(-0.,1.,0.));
#15810 = DIRECTION('',(0.,0.,1.));
#15811 = ADVANCED_FACE('',(#15812),#15818,.F.);
#15812 = FACE_BOUND('',#15813,.F.);
#15813 = EDGE_LOOP('',(#15814,#15815,#15816,#15817));
#15814 = ORIENTED_EDGE('',*,*,#15701,.F.);
#15815 = ORIENTED_EDGE('',*,*,#15771,.T.);
#15816 = ORIENTED_EDGE('',*,*,#15741,.T.);
#15817 = ORIENTED_EDGE('',*,*,#15793,.F.);
#15818 = PLANE('',#15819);
#15819 = AXIS2_PLACEMENT_3D('',#15820,#15821,#15822);
#15820 = CARTESIAN_POINT('',(1.85,4.35,-3.5));
#15821 = DIRECTION('',(0.,0.,1.));
#15822 = DIRECTION('',(1.,0.,-0.));
#15823 = ADVANCED_FACE('',(#15824),#15830,.T.);
#15824 = FACE_BOUND('',#15825,.T.);
#15825 = EDGE_LOOP('',(#15826,#15827,#15828,#15829));
#15826 = ORIENTED_EDGE('',*,*,#15717,.F.);
#15827 = ORIENTED_EDGE('',*,*,#15778,.T.);
#15828 = ORIENTED_EDGE('',*,*,#15757,.T.);
#15829 = ORIENTED_EDGE('',*,*,#15800,.F.);
#15830 = PLANE('',#15831);
#15831 = AXIS2_PLACEMENT_3D('',#15832,#15833,#15834);
#15832 = CARTESIAN_POINT('',(1.85,4.35,0.));
#15833 = DIRECTION('',(0.,0.,1.));
#15834 = DIRECTION('',(1.,0.,-0.));
#15835 = ( GEOMETRIC_REPRESENTATION_CONTEXT(3)
GLOBAL_UNCERTAINTY_ASSIGNED_CONTEXT((#15839))
GLOBAL_UNIT_ASSIGNED_CONTEXT((#15836,#15837,#15838))
REPRESENTATION_CONTEXT('Context #1',
  '3D Context with UNIT and UNCERTAINTY') );
#15836 = ( LENGTH_UNIT() NAMED_UNIT(*) SI_UNIT(.MILLI.,.METRE.) );
#15837 = ( NAMED_UNIT(*) PLANE_ANGLE_UNIT() SI_UNIT($,.RADIAN.) );
#15838 = ( NAMED_UNIT(*) SI_UNIT($,.STERADIAN.) SOLID_ANGLE_UNIT() );
#15839 = UNCERTAINTY_MEASURE_WITH_UNIT(LENGTH_MEASURE(1.E-07),#15836,
  'distance_accuracy_value','confusion accuracy');
#15840 = CONTEXT_DEPENDENT_SHAPE_REPRESENTATION(#15841,#15843);
#15841 = ( REPRESENTATION_RELATIONSHIP('','',#15684,#10)
REPRESENTATION_RELATIONSHIP_WITH_TRANSFORMATION(#15842)
SHAPE_REPRESENTATION_RELATIONSHIP() );
#15842 = ITEM_DEFINED_TRANSFORMATION('','',#11,#135);
#15843 = PRODUCT_DEFINITION_SHAPE('Placement','Placement of an item',
  #15844);
#15844 = NEXT_ASSEMBLY_USAGE_OCCURRENCE('31','Terminal Pin P8 A','',#5,
  #15679,$);
#15845 = PRODUCT_RELATED_PRODUCT_CATEGORY('part',$,(#15681));
#15846 = SHAPE_DEFINITION_REPRESENTATION(#15847,#15853);
#15847 = PRODUCT_DEFINITION_SHAPE('','',#15848);
#15848 = PRODUCT_DEFINITION('design','',#15849,#15852);
#15849 = PRODUCT_DEFINITION_FORMATION('','',#15850);
#15850 = PRODUCT('Terminal Pin P8 B','Terminal Pin P8 B','',(#15851));
#15851 = PRODUCT_CONTEXT('',#2,'mechanical');
#15852 = PRODUCT_DEFINITION_CONTEXT('part definition',#2,'design');
#15853 = ADVANCED_BREP_SHAPE_REPRESENTATION('',(#11,#15854),#16004);
#15854 = MANIFOLD_SOLID_BREP('',#15855);
#15855 = CLOSED_SHELL('',(#15856,#15896,#15936,#15958,#15980,#15992));
#15856 = ADVANCED_FACE('',(#15857),#15891,.F.);
#15857 = FACE_BOUND('',#15858,.F.);
#15858 = EDGE_LOOP('',(#15859,#15869,#15877,#15885));
#15859 = ORIENTED_EDGE('',*,*,#15860,.F.);
#15860 = EDGE_CURVE('',#15861,#15863,#15865,.T.);
#15861 = VERTEX_POINT('',#15862);
#15862 = CARTESIAN_POINT('',(1.85,9.35,-3.5));
#15863 = VERTEX_POINT('',#15864);
#15864 = CARTESIAN_POINT('',(1.85,9.35,0.));
#15865 = LINE('',#15866,#15867);
#15866 = CARTESIAN_POINT('',(1.85,9.35,-3.5));
#15867 = VECTOR('',#15868,1.);
#15868 = DIRECTION('',(0.,0.,1.));
#15869 = ORIENTED_EDGE('',*,*,#15870,.T.);
#15870 = EDGE_CURVE('',#15861,#15871,#15873,.T.);
#15871 = VERTEX_POINT('',#15872);
#15872 = CARTESIAN_POINT('',(1.85,9.85,-3.5));
#15873 = LINE('',#15874,#15875);
#15874 = CARTESIAN_POINT('',(1.85,9.35,-3.5));
#15875 = VECTOR('',#15876,1.);
#15876 = DIRECTION('',(-0.,1.,0.));
#15877 = ORIENTED_EDGE('',*,*,#15878,.T.);
#15878 = EDGE_CURVE('',#15871,#15879,#15881,.T.);
#15879 = VERTEX_POINT('',#15880);
#15880 = CARTESIAN_POINT('',(1.85,9.85,0.));
#15881 = LINE('',#15882,#15883);
#15882 = CARTESIAN_POINT('',(1.85,9.85,-3.5));
#15883 = VECTOR('',#15884,1.);
#15884 = DIRECTION('',(0.,0.,1.));
#15885 = ORIENTED_EDGE('',*,*,#15886,.F.);
#15886 = EDGE_CURVE('',#15863,#15879,#15887,.T.);
#15887 = LINE('',#15888,#15889);
#15888 = CARTESIAN_POINT('',(1.85,9.35,0.));
#15889 = VECTOR('',#15890,1.);
#15890 = DIRECTION('',(-0.,1.,0.));
#15891 = PLANE('',#15892);
#15892 = AXIS2_PLACEMENT_3D('',#15893,#15894,#15895);
#15893 = CARTESIAN_POINT('',(1.85,9.35,-3.5));
#15894 = DIRECTION('',(1.,0.,-0.));
#15895 = DIRECTION('',(0.,0.,1.));
#15896 = ADVANCED_FACE('',(#15897),#15931,.T.);
#15897 = FACE_BOUND('',#15898,.T.);
#15898 = EDGE_LOOP('',(#15899,#15909,#15917,#15925));
#15899 = ORIENTED_EDGE('',*,*,#15900,.F.);
#15900 = EDGE_CURVE('',#15901,#15903,#15905,.T.);
#15901 = VERTEX_POINT('',#15902);
#15902 = CARTESIAN_POINT('',(2.65,9.35,-3.5));
#15903 = VERTEX_POINT('',#15904);
#15904 = CARTESIAN_POINT('',(2.65,9.35,0.));
#15905 = LINE('',#15906,#15907);
#15906 = CARTESIAN_POINT('',(2.65,9.35,-3.5));
#15907 = VECTOR('',#15908,1.);
#15908 = DIRECTION('',(0.,0.,1.));
#15909 = ORIENTED_EDGE('',*,*,#15910,.T.);
#15910 = EDGE_CURVE('',#15901,#15911,#15913,.T.);
#15911 = VERTEX_POINT('',#15912);
#15912 = CARTESIAN_POINT('',(2.65,9.85,-3.5));
#15913 = LINE('',#15914,#15915);
#15914 = CARTESIAN_POINT('',(2.65,9.35,-3.5));
#15915 = VECTOR('',#15916,1.);
#15916 = DIRECTION('',(-0.,1.,0.));
#15917 = ORIENTED_EDGE('',*,*,#15918,.T.);
#15918 = EDGE_CURVE('',#15911,#15919,#15921,.T.);
#15919 = VERTEX_POINT('',#15920);
#15920 = CARTESIAN_POINT('',(2.65,9.85,0.));
#15921 = LINE('',#15922,#15923);
#15922 = CARTESIAN_POINT('',(2.65,9.85,-3.5));
#15923 = VECTOR('',#15924,1.);
#15924 = DIRECTION('',(0.,0.,1.));
#15925 = ORIENTED_EDGE('',*,*,#15926,.F.);
#15926 = EDGE_CURVE('',#15903,#15919,#15927,.T.);
#15927 = LINE('',#15928,#15929);
#15928 = CARTESIAN_POINT('',(2.65,9.35,0.));
#15929 = VECTOR('',#15930,1.);
#15930 = DIRECTION('',(-0.,1.,0.));
#15931 = PLANE('',#15932);
#15932 = AXIS2_PLACEMENT_3D('',#15933,#15934,#15935);
#15933 = CARTESIAN_POINT('',(2.65,9.35,-3.5));
#15934 = DIRECTION('',(1.,0.,-0.));
#15935 = DIRECTION('',(0.,0.,1.));
#15936 = ADVANCED_FACE('',(#15937),#15953,.F.);
#15937 = FACE_BOUND('',#15938,.F.);
#15938 = EDGE_LOOP('',(#15939,#15945,#15946,#15952));
#15939 = ORIENTED_EDGE('',*,*,#15940,.F.);
#15940 = EDGE_CURVE('',#15861,#15901,#15941,.T.);
#15941 = LINE('',#15942,#15943);
#15942 = CARTESIAN_POINT('',(1.85,9.35,-3.5));
#15943 = VECTOR('',#15944,1.);
#15944 = DIRECTION('',(1.,0.,-0.));
#15945 = ORIENTED_EDGE('',*,*,#15860,.T.);
#15946 = ORIENTED_EDGE('',*,*,#15947,.T.);
#15947 = EDGE_CURVE('',#15863,#15903,#15948,.T.);
#15948 = LINE('',#15949,#15950);
#15949 = CARTESIAN_POINT('',(1.85,9.35,0.));
#15950 = VECTOR('',#15951,1.);
#15951 = DIRECTION('',(1.,0.,-0.));
#15952 = ORIENTED_EDGE('',*,*,#15900,.F.);
#15953 = PLANE('',#15954);
#15954 = AXIS2_PLACEMENT_3D('',#15955,#15956,#15957);
#15955 = CARTESIAN_POINT('',(1.85,9.35,-3.5));
#15956 = DIRECTION('',(-0.,1.,0.));
#15957 = DIRECTION('',(0.,0.,1.));
#15958 = ADVANCED_FACE('',(#15959),#15975,.T.);
#15959 = FACE_BOUND('',#15960,.T.);
#15960 = EDGE_LOOP('',(#15961,#15967,#15968,#15974));
#15961 = ORIENTED_EDGE('',*,*,#15962,.F.);
#15962 = EDGE_CURVE('',#15871,#15911,#15963,.T.);
#15963 = LINE('',#15964,#15965);
#15964 = CARTESIAN_POINT('',(1.85,9.85,-3.5));
#15965 = VECTOR('',#15966,1.);
#15966 = DIRECTION('',(1.,0.,-0.));
#15967 = ORIENTED_EDGE('',*,*,#15878,.T.);
#15968 = ORIENTED_EDGE('',*,*,#15969,.T.);
#15969 = EDGE_CURVE('',#15879,#15919,#15970,.T.);
#15970 = LINE('',#15971,#15972);
#15971 = CARTESIAN_POINT('',(1.85,9.85,0.));
#15972 = VECTOR('',#15973,1.);
#15973 = DIRECTION('',(1.,0.,-0.));
#15974 = ORIENTED_EDGE('',*,*,#15918,.F.);
#15975 = PLANE('',#15976);
#15976 = AXIS2_PLACEMENT_3D('',#15977,#15978,#15979);
#15977 = CARTESIAN_POINT('',(1.85,9.85,-3.5));
#15978 = DIRECTION('',(-0.,1.,0.));
#15979 = DIRECTION('',(0.,0.,1.));
#15980 = ADVANCED_FACE('',(#15981),#15987,.F.);
#15981 = FACE_BOUND('',#15982,.F.);
#15982 = EDGE_LOOP('',(#15983,#15984,#15985,#15986));
#15983 = ORIENTED_EDGE('',*,*,#15870,.F.);
#15984 = ORIENTED_EDGE('',*,*,#15940,.T.);
#15985 = ORIENTED_EDGE('',*,*,#15910,.T.);
#15986 = ORIENTED_EDGE('',*,*,#15962,.F.);
#15987 = PLANE('',#15988);
#15988 = AXIS2_PLACEMENT_3D('',#15989,#15990,#15991);
#15989 = CARTESIAN_POINT('',(1.85,9.35,-3.5));
#15990 = DIRECTION('',(0.,0.,1.));
#15991 = DIRECTION('',(1.,0.,-0.));
#15992 = ADVANCED_FACE('',(#15993),#15999,.T.);
#15993 = FACE_BOUND('',#15994,.T.);
#15994 = EDGE_LOOP('',(#15995,#15996,#15997,#15998));
#15995 = ORIENTED_EDGE('',*,*,#15886,.F.);
#15996 = ORIENTED_EDGE('',*,*,#15947,.T.);
#15997 = ORIENTED_EDGE('',*,*,#15926,.T.);
#15998 = ORIENTED_EDGE('',*,*,#15969,.F.);
#15999 = PLANE('',#16000);
#16000 = AXIS2_PLACEMENT_3D('',#16001,#16002,#16003);
#16001 = CARTESIAN_POINT('',(1.85,9.35,0.));
#16002 = DIRECTION('',(0.,0.,1.));
#16003 = DIRECTION('',(1.,0.,-0.));
#16004 = ( GEOMETRIC_REPRESENTATION_CONTEXT(3)
GLOBAL_UNCERTAINTY_ASSIGNED_CONTEXT((#16008))
GLOBAL_UNIT_ASSIGNED_CONTEXT((#16005,#16006,#16007))
REPRESENTATION_CONTEXT('Context #1',
  '3D Context with UNIT and UNCERTAINTY') );
#16005 = ( LENGTH_UNIT() NAMED_UNIT(*) SI_UNIT(.MILLI.,.METRE.) );
#16006 = ( NAMED_UNIT(*) PLANE_ANGLE_UNIT() SI_UNIT($,.RADIAN.) );
#16007 = ( NAMED_UNIT(*) SI_UNIT($,.STERADIAN.) SOLID_ANGLE_UNIT() );
#16008 = UNCERTAINTY_MEASURE_WITH_UNIT(LENGTH_MEASURE(1.E-07),#16005,
  'distance_accuracy_value','confusion accuracy');
#16009 = CONTEXT_DEPENDENT_SHAPE_REPRESENTATION(#16010,#16012);
#16010 = ( REPRESENTATION_RELATIONSHIP('','',#15853,#10)
REPRESENTATION_RELATIONSHIP_WITH_TRANSFORMATION(#16011)
SHAPE_REPRESENTATION_RELATIONSHIP() );
#16011 = ITEM_DEFINED_TRANSFORMATION('','',#11,#139);
#16012 = PRODUCT_DEFINITION_SHAPE('Placement','Placement of an item',
  #16013);
#16013 = NEXT_ASSEMBLY_USAGE_OCCURRENCE('32','Terminal Pin P8 B','',#5,
  #15848,$);
#16014 = PRODUCT_RELATED_PRODUCT_CATEGORY('part',$,(#15850));
#16015 = SHAPE_DEFINITION_REPRESENTATION(#16016,#16022);
#16016 = PRODUCT_DEFINITION_SHAPE('','',#16017);
#16017 = PRODUCT_DEFINITION('design','',#16018,#16021);
#16018 = PRODUCT_DEFINITION_FORMATION('','',#16019);
#16019 = PRODUCT('1.5 mm Side Cover','1.5 mm Side Cover','',(#16020));
#16020 = PRODUCT_CONTEXT('',#2,'mechanical');
#16021 = PRODUCT_DEFINITION_CONTEXT('part definition',#2,'design');
#16022 = ADVANCED_BREP_SHAPE_REPRESENTATION('',(#11,#16023),#16897);
#16023 = MANIFOLD_SOLID_BREP('',#16024);
#16024 = CLOSED_SHELL('',(#16025,#16073,#16106,#16165,#16190,#16223,
    #16256,#16280,#16297,#16322,#16420,#16445,#16462,#16479,#16496,
    #16527,#16558,#16576,#16593,#16611,#16635,#16660,#16685,#16710,
    #16735,#16760,#16785,#16802,#16814,#16832,#16843,#16852,#16861,
    #16870,#16879,#16888));
#16025 = ADVANCED_FACE('',(#16026),#16068,.F.);
#16026 = FACE_BOUND('',#16027,.F.);
#16027 = EDGE_LOOP('',(#16028,#16038,#16046,#16054,#16062));
#16028 = ORIENTED_EDGE('',*,*,#16029,.F.);
#16029 = EDGE_CURVE('',#16030,#16032,#16034,.T.);
#16030 = VERTEX_POINT('',#16031);
#16031 = CARTESIAN_POINT('',(28.,0.3,0.3));
#16032 = VERTEX_POINT('',#16033);
#16033 = CARTESIAN_POINT('',(28.,0.3,9.086363636364));
#16034 = LINE('',#16035,#16036);
#16035 = CARTESIAN_POINT('',(28.,0.3,0.));
#16036 = VECTOR('',#16037,1.);
#16037 = DIRECTION('',(0.,0.,1.));
#16038 = ORIENTED_EDGE('',*,*,#16039,.T.);
#16039 = EDGE_CURVE('',#16030,#16040,#16042,.T.);
#16040 = VERTEX_POINT('',#16041);
#16041 = CARTESIAN_POINT('',(28.,12.2,0.3));
#16042 = LINE('',#16043,#16044);
#16043 = CARTESIAN_POINT('',(28.,0.,0.3));
#16044 = VECTOR('',#16045,1.);
#16045 = DIRECTION('',(-0.,1.,0.));
#16046 = ORIENTED_EDGE('',*,*,#16047,.T.);
#16047 = EDGE_CURVE('',#16040,#16048,#16050,.T.);
#16048 = VERTEX_POINT('',#16049);
#16049 = CARTESIAN_POINT('',(28.,12.2,10.3));
#16050 = LINE('',#16051,#16052);
#16051 = CARTESIAN_POINT('',(28.,12.2,0.));
#16052 = VECTOR('',#16053,1.);
#16053 = DIRECTION('',(0.,0.,1.));
#16054 = ORIENTED_EDGE('',*,*,#16055,.F.);
#16055 = EDGE_CURVE('',#16056,#16048,#16058,.T.);
#16056 = VERTEX_POINT('',#16057);
#16057 = CARTESIAN_POINT('',(28.,1.743243243243,10.3));
#16058 = LINE('',#16059,#16060);
#16059 = CARTESIAN_POINT('',(28.,0.,10.3));
#16060 = VECTOR('',#16061,1.);
#16061 = DIRECTION('',(-0.,1.,0.));
#16062 = ORIENTED_EDGE('',*,*,#16063,.F.);
#16063 = EDGE_CURVE('',#16032,#16056,#16064,.T.);
#16064 = LINE('',#16065,#16066);
#16065 = CARTESIAN_POINT('',(28.,-1.125779122542,7.88741301059));
#16066 = VECTOR('',#16067,1.);
#16067 = DIRECTION('',(0.,0.765362085905,0.643599935875));
#16068 = PLANE('',#16069);
#16069 = AXIS2_PLACEMENT_3D('',#16070,#16071,#16072);
#16070 = CARTESIAN_POINT('',(28.,0.,0.));
#16071 = DIRECTION('',(1.,0.,-0.));
#16072 = DIRECTION('',(0.,0.,1.));
#16073 = ADVANCED_FACE('',(#16074),#16101,.T.);
#16074 = FACE_BOUND('',#16075,.T.);
#16075 = EDGE_LOOP('',(#16076,#16077,#16086,#16094));
#16076 = ORIENTED_EDGE('',*,*,#16029,.F.);
#16077 = ORIENTED_EDGE('',*,*,#16078,.T.);
#16078 = EDGE_CURVE('',#16030,#16079,#16081,.T.);
#16079 = VERTEX_POINT('',#16080);
#16080 = CARTESIAN_POINT('',(28.3,-5.551115123126E-17,0.3));
#16081 = CIRCLE('',#16082,0.3);
#16082 = AXIS2_PLACEMENT_3D('',#16083,#16084,#16085);
#16083 = CARTESIAN_POINT('',(28.3,0.3,0.3));
#16084 = DIRECTION('',(0.,0.,1.));
#16085 = DIRECTION('',(-1.,0.,0.));
#16086 = ORIENTED_EDGE('',*,*,#16087,.T.);
#16087 = EDGE_CURVE('',#16079,#16088,#16090,.T.);
#16088 = VERTEX_POINT('',#16089);
#16089 = CARTESIAN_POINT('',(28.3,-5.551115123126E-17,8.834090909091));
#16090 = LINE('',#16091,#16092);
#16091 = CARTESIAN_POINT('',(28.3,-5.551115123126E-17,0.));
#16092 = VECTOR('',#16093,1.);
#16093 = DIRECTION('',(0.,0.,1.));
#16094 = ORIENTED_EDGE('',*,*,#16095,.T.);
#16095 = EDGE_CURVE('',#16088,#16032,#16096,.T.);
#16096 = ELLIPSE('',#16097,0.391971336867,0.3);
#16097 = AXIS2_PLACEMENT_3D('',#16098,#16099,#16100);
#16098 = CARTESIAN_POINT('',(28.3,0.3,9.086363636364));
#16099 = DIRECTION('',(0.,0.643599935875,-0.765362085905));
#16100 = DIRECTION('',(0.,0.765362085905,0.643599935875));
#16101 = CYLINDRICAL_SURFACE('',#16102,0.3);
#16102 = AXIS2_PLACEMENT_3D('',#16103,#16104,#16105);
#16103 = CARTESIAN_POINT('',(28.3,0.3,0.));
#16104 = DIRECTION('',(0.,0.,1.));
#16105 = DIRECTION('',(-1.,-0.,0.));
#16106 = ADVANCED_FACE('',(#16107),#16160,.F.);
#16107 = FACE_BOUND('',#16108,.F.);
#16108 = EDGE_LOOP('',(#16109,#16118,#16126,#16135,#16143,#16152,#16158,
    #16159));
#16109 = ORIENTED_EDGE('',*,*,#16110,.T.);
#16110 = EDGE_CURVE('',#16056,#16111,#16113,.T.);
#16111 = VERTEX_POINT('',#16112);
#16112 = CARTESIAN_POINT('',(28.3,2.1,10.6));
#16113 = ELLIPSE('',#16114,0.466128076275,0.3);
#16114 = AXIS2_PLACEMENT_3D('',#16115,#16116,#16117);
#16115 = CARTESIAN_POINT('',(28.3,1.743243243243,10.3));
#16116 = DIRECTION('',(0.,0.643599935875,-0.765362085905));
#16117 = DIRECTION('',(0.,0.765362085905,0.643599935875));
#16118 = ORIENTED_EDGE('',*,*,#16119,.T.);
#16119 = EDGE_CURVE('',#16111,#16120,#16122,.T.);
#16120 = VERTEX_POINT('',#16121);
#16121 = CARTESIAN_POINT('',(29.2,2.1,10.6));
#16122 = LINE('',#16123,#16124);
#16123 = CARTESIAN_POINT('',(27.9,2.1,10.6));
#16124 = VECTOR('',#16125,1.);
#16125 = DIRECTION('',(1.,0.,0.));
#16126 = ORIENTED_EDGE('',*,*,#16127,.T.);
#16127 = EDGE_CURVE('',#16120,#16128,#16130,.T.);
#16128 = VERTEX_POINT('',#16129);
#16129 = CARTESIAN_POINT('',(29.5,1.743243243243,10.3));
#16130 = ELLIPSE('',#16131,0.466128076275,0.3);
#16131 = AXIS2_PLACEMENT_3D('',#16132,#16133,#16134);
#16132 = CARTESIAN_POINT('',(29.2,1.743243243243,10.3));
#16133 = DIRECTION('',(0.,0.643599935875,-0.765362085905));
#16134 = DIRECTION('',(0.,0.765362085905,0.643599935875));
#16135 = ORIENTED_EDGE('',*,*,#16136,.F.);
#16136 = EDGE_CURVE('',#16137,#16128,#16139,.T.);
#16137 = VERTEX_POINT('',#16138);
#16138 = CARTESIAN_POINT('',(29.5,0.3,9.086363636364));
#16139 = LINE('',#16140,#16141);
#16140 = CARTESIAN_POINT('',(29.5,-1.125779122542,7.88741301059));
#16141 = VECTOR('',#16142,1.);
#16142 = DIRECTION('',(0.,0.765362085905,0.643599935875));
#16143 = ORIENTED_EDGE('',*,*,#16144,.T.);
#16144 = EDGE_CURVE('',#16137,#16145,#16147,.T.);
#16145 = VERTEX_POINT('',#16146);
#16146 = CARTESIAN_POINT('',(29.2,-5.551115123126E-17,8.834090909091));
#16147 = ELLIPSE('',#16148,0.391971336867,0.3);
#16148 = AXIS2_PLACEMENT_3D('',#16149,#16150,#16151);
#16149 = CARTESIAN_POINT('',(29.2,0.3,9.086363636364));
#16150 = DIRECTION('',(0.,0.643599935875,-0.765362085905));
#16151 = DIRECTION('',(0.,0.765362085905,0.643599935875));
#16152 = ORIENTED_EDGE('',*,*,#16153,.T.);
#16153 = EDGE_CURVE('',#16145,#16088,#16154,.T.);
#16154 = LINE('',#16155,#16156);
#16155 = CARTESIAN_POINT('',(27.95,2.22044604925E-16,8.834090909091));
#16156 = VECTOR('',#16157,1.);
#16157 = DIRECTION('',(-1.,0.,-0.));
#16158 = ORIENTED_EDGE('',*,*,#16095,.T.);
#16159 = ORIENTED_EDGE('',*,*,#16063,.T.);
#16160 = PLANE('',#16161);
#16161 = AXIS2_PLACEMENT_3D('',#16162,#16163,#16164);
#16162 = CARTESIAN_POINT('',(27.9,2.1,10.6));
#16163 = DIRECTION('',(0.,0.643599935875,-0.765362085905));
#16164 = DIRECTION('',(0.,-0.765362085905,-0.643599935875));
#16165 = ADVANCED_FACE('',(#16166),#16185,.T.);
#16166 = FACE_BOUND('',#16167,.T.);
#16167 = EDGE_LOOP('',(#16168,#16169,#16177,#16184));
#16168 = ORIENTED_EDGE('',*,*,#16110,.T.);
#16169 = ORIENTED_EDGE('',*,*,#16170,.T.);
#16170 = EDGE_CURVE('',#16111,#16171,#16173,.T.);
#16171 = VERTEX_POINT('',#16172);
#16172 = CARTESIAN_POINT('',(28.3,12.2,10.6));
#16173 = LINE('',#16174,#16175);
#16174 = CARTESIAN_POINT('',(28.3,0.,10.6));
#16175 = VECTOR('',#16176,1.);
#16176 = DIRECTION('',(-0.,1.,0.));
#16177 = ORIENTED_EDGE('',*,*,#16178,.F.);
#16178 = EDGE_CURVE('',#16048,#16171,#16179,.T.);
#16179 = CIRCLE('',#16180,0.3);
#16180 = AXIS2_PLACEMENT_3D('',#16181,#16182,#16183);
#16181 = CARTESIAN_POINT('',(28.3,12.2,10.3));
#16182 = DIRECTION('',(-0.,1.,0.));
#16183 = DIRECTION('',(-1.,-0.,0.));
#16184 = ORIENTED_EDGE('',*,*,#16055,.F.);
#16185 = CYLINDRICAL_SURFACE('',#16186,0.3);
#16186 = AXIS2_PLACEMENT_3D('',#16187,#16188,#16189);
#16187 = CARTESIAN_POINT('',(28.3,0.,10.3));
#16188 = DIRECTION('',(-0.,1.,0.));
#16189 = DIRECTION('',(-1.,-0.,0.));
#16190 = ADVANCED_FACE('',(#16191),#16218,.T.);
#16191 = FACE_BOUND('',#16192,.F.);
#16192 = EDGE_LOOP('',(#16193,#16194,#16203,#16211));
#16193 = ORIENTED_EDGE('',*,*,#16047,.F.);
#16194 = ORIENTED_EDGE('',*,*,#16195,.T.);
#16195 = EDGE_CURVE('',#16040,#16196,#16198,.T.);
#16196 = VERTEX_POINT('',#16197);
#16197 = CARTESIAN_POINT('',(28.3,12.5,0.3));
#16198 = CIRCLE('',#16199,0.3);
#16199 = AXIS2_PLACEMENT_3D('',#16200,#16201,#16202);
#16200 = CARTESIAN_POINT('',(28.3,12.2,0.3));
#16201 = DIRECTION('',(-0.,0.,-1.));
#16202 = DIRECTION('',(-1.,0.,0.));
#16203 = ORIENTED_EDGE('',*,*,#16204,.T.);
#16204 = EDGE_CURVE('',#16196,#16205,#16207,.T.);
#16205 = VERTEX_POINT('',#16206);
#16206 = CARTESIAN_POINT('',(28.3,12.5,10.3));
#16207 = LINE('',#16208,#16209);
#16208 = CARTESIAN_POINT('',(28.3,12.5,0.));
#16209 = VECTOR('',#16210,1.);
#16210 = DIRECTION('',(0.,0.,1.));
#16211 = ORIENTED_EDGE('',*,*,#16212,.T.);
#16212 = EDGE_CURVE('',#16205,#16048,#16213,.T.);
#16213 = CIRCLE('',#16214,0.3);
#16214 = AXIS2_PLACEMENT_3D('',#16215,#16216,#16217);
#16215 = CARTESIAN_POINT('',(28.3,12.2,10.3));
#16216 = DIRECTION('',(0.,0.,1.));
#16217 = DIRECTION('',(-1.,-0.,0.));
#16218 = CYLINDRICAL_SURFACE('',#16219,0.3);
#16219 = AXIS2_PLACEMENT_3D('',#16220,#16221,#16222);
#16220 = CARTESIAN_POINT('',(28.3,12.2,0.));
#16221 = DIRECTION('',(0.,0.,1.));
#16222 = DIRECTION('',(-1.,-0.,0.));
#16223 = ADVANCED_FACE('',(#16224),#16251,.T.);
#16224 = FACE_BOUND('',#16225,.F.);
#16225 = EDGE_LOOP('',(#16226,#16235,#16243,#16250));
#16226 = ORIENTED_EDGE('',*,*,#16227,.F.);
#16227 = EDGE_CURVE('',#16228,#16030,#16230,.T.);
#16228 = VERTEX_POINT('',#16229);
#16229 = CARTESIAN_POINT('',(28.3,0.3,0.));
#16230 = CIRCLE('',#16231,0.3);
#16231 = AXIS2_PLACEMENT_3D('',#16232,#16233,#16234);
#16232 = CARTESIAN_POINT('',(28.3,0.3,0.3));
#16233 = DIRECTION('',(0.,1.,-0.));
#16234 = DIRECTION('',(-1.,0.,0.));
#16235 = ORIENTED_EDGE('',*,*,#16236,.T.);
#16236 = EDGE_CURVE('',#16228,#16237,#16239,.T.);
#16237 = VERTEX_POINT('',#16238);
#16238 = CARTESIAN_POINT('',(28.3,12.2,0.));
#16239 = LINE('',#16240,#16241);
#16240 = CARTESIAN_POINT('',(28.3,0.,-5.551115123126E-17));
#16241 = VECTOR('',#16242,1.);
#16242 = DIRECTION('',(-0.,1.,0.));
#16243 = ORIENTED_EDGE('',*,*,#16244,.T.);
#16244 = EDGE_CURVE('',#16237,#16040,#16245,.T.);
#16245 = CIRCLE('',#16246,0.3);
#16246 = AXIS2_PLACEMENT_3D('',#16247,#16248,#16249);
#16247 = CARTESIAN_POINT('',(28.3,12.2,0.3));
#16248 = DIRECTION('',(0.,1.,-0.));
#16249 = DIRECTION('',(-1.,0.,0.));
#16250 = ORIENTED_EDGE('',*,*,#16039,.F.);
#16251 = CYLINDRICAL_SURFACE('',#16252,0.3);
#16252 = AXIS2_PLACEMENT_3D('',#16253,#16254,#16255);
#16253 = CARTESIAN_POINT('',(28.3,0.,0.3));
#16254 = DIRECTION('',(-0.,1.,0.));
#16255 = DIRECTION('',(-1.,-0.,0.));
#16256 = ADVANCED_FACE('',(#16257),#16275,.F.);
#16257 = FACE_BOUND('',#16258,.F.);
#16258 = EDGE_LOOP('',(#16259,#16267,#16268,#16269));
#16259 = ORIENTED_EDGE('',*,*,#16260,.F.);
#16260 = EDGE_CURVE('',#16079,#16261,#16263,.T.);
#16261 = VERTEX_POINT('',#16262);
#16262 = CARTESIAN_POINT('',(29.2,-5.551115123126E-17,0.3));
#16263 = LINE('',#16264,#16265);
#16264 = CARTESIAN_POINT('',(28.,-5.551115123126E-17,0.3));
#16265 = VECTOR('',#16266,1.);
#16266 = DIRECTION('',(1.,0.,-0.));
#16267 = ORIENTED_EDGE('',*,*,#16087,.T.);
#16268 = ORIENTED_EDGE('',*,*,#16153,.F.);
#16269 = ORIENTED_EDGE('',*,*,#16270,.F.);
#16270 = EDGE_CURVE('',#16261,#16145,#16271,.T.);
#16271 = LINE('',#16272,#16273);
#16272 = CARTESIAN_POINT('',(29.2,-5.551115123126E-17,0.));
#16273 = VECTOR('',#16274,1.);
#16274 = DIRECTION('',(0.,0.,1.));
#16275 = PLANE('',#16276);
#16276 = AXIS2_PLACEMENT_3D('',#16277,#16278,#16279);
#16277 = CARTESIAN_POINT('',(28.,0.,0.));
#16278 = DIRECTION('',(-0.,1.,0.));
#16279 = DIRECTION('',(0.,0.,1.));
#16280 = ADVANCED_FACE('',(#16281),#16292,.T.);
#16281 = FACE_BOUND('',#16282,.T.);
#16282 = EDGE_LOOP('',(#16283,#16284,#16291));
#16283 = ORIENTED_EDGE('',*,*,#16227,.F.);
#16284 = ORIENTED_EDGE('',*,*,#16285,.T.);
#16285 = EDGE_CURVE('',#16228,#16079,#16286,.T.);
#16286 = CIRCLE('',#16287,0.3);
#16287 = AXIS2_PLACEMENT_3D('',#16288,#16289,#16290);
#16288 = CARTESIAN_POINT('',(28.3,0.3,0.3));
#16289 = DIRECTION('',(-1.,6.123233995737E-17,0.));
#16290 = DIRECTION('',(-6.123233995737E-17,-1.,0.));
#16291 = ORIENTED_EDGE('',*,*,#16078,.F.);
#16292 = SPHERICAL_SURFACE('',#16293,0.3);
#16293 = AXIS2_PLACEMENT_3D('',#16294,#16295,#16296);
#16294 = CARTESIAN_POINT('',(28.3,0.3,0.3));
#16295 = DIRECTION('',(0.,0.,1.));
#16296 = DIRECTION('',(-1.,0.,0.));
#16297 = ADVANCED_FACE('',(#16298),#16317,.T.);
#16298 = FACE_BOUND('',#16299,.F.);
#16299 = EDGE_LOOP('',(#16300,#16308,#16315,#16316));
#16300 = ORIENTED_EDGE('',*,*,#16301,.F.);
#16301 = EDGE_CURVE('',#16302,#16137,#16304,.T.);
#16302 = VERTEX_POINT('',#16303);
#16303 = CARTESIAN_POINT('',(29.5,0.3,0.3));
#16304 = LINE('',#16305,#16306);
#16305 = CARTESIAN_POINT('',(29.5,0.3,0.));
#16306 = VECTOR('',#16307,1.);
#16307 = DIRECTION('',(0.,0.,1.));
#16308 = ORIENTED_EDGE('',*,*,#16309,.T.);
#16309 = EDGE_CURVE('',#16302,#16261,#16310,.T.);
#16310 = CIRCLE('',#16311,0.3);
#16311 = AXIS2_PLACEMENT_3D('',#16312,#16313,#16314);
#16312 = CARTESIAN_POINT('',(29.2,0.3,0.3));
#16313 = DIRECTION('',(0.,-0.,-1.));
#16314 = DIRECTION('',(1.,0.,-0.));
#16315 = ORIENTED_EDGE('',*,*,#16270,.T.);
#16316 = ORIENTED_EDGE('',*,*,#16144,.F.);
#16317 = CYLINDRICAL_SURFACE('',#16318,0.3);
#16318 = AXIS2_PLACEMENT_3D('',#16319,#16320,#16321);
#16319 = CARTESIAN_POINT('',(29.2,0.3,0.));
#16320 = DIRECTION('',(0.,0.,1.));
#16321 = DIRECTION('',(1.,0.,-0.));
#16322 = ADVANCED_FACE('',(#16323,#16349,#16360,#16371,#16382,#16393,
    #16404),#16415,.T.);
#16323 = FACE_BOUND('',#16324,.T.);
#16324 = EDGE_LOOP('',(#16325,#16326,#16334,#16342,#16348));
#16325 = ORIENTED_EDGE('',*,*,#16301,.F.);
#16326 = ORIENTED_EDGE('',*,*,#16327,.T.);
#16327 = EDGE_CURVE('',#16302,#16328,#16330,.T.);
#16328 = VERTEX_POINT('',#16329);
#16329 = CARTESIAN_POINT('',(29.5,12.2,0.3));
#16330 = LINE('',#16331,#16332);
#16331 = CARTESIAN_POINT('',(29.5,0.,0.3));
#16332 = VECTOR('',#16333,1.);
#16333 = DIRECTION('',(-0.,1.,0.));
#16334 = ORIENTED_EDGE('',*,*,#16335,.T.);
#16335 = EDGE_CURVE('',#16328,#16336,#16338,.T.);
#16336 = VERTEX_POINT('',#16337);
#16337 = CARTESIAN_POINT('',(29.5,12.2,10.3));
#16338 = LINE('',#16339,#16340);
#16339 = CARTESIAN_POINT('',(29.5,12.2,0.));
#16340 = VECTOR('',#16341,1.);
#16341 = DIRECTION('',(0.,0.,1.));
#16342 = ORIENTED_EDGE('',*,*,#16343,.F.);
#16343 = EDGE_CURVE('',#16128,#16336,#16344,.T.);
#16344 = LINE('',#16345,#16346);
#16345 = CARTESIAN_POINT('',(29.5,0.,10.3));
#16346 = VECTOR('',#16347,1.);
#16347 = DIRECTION('',(-0.,1.,0.));
#16348 = ORIENTED_EDGE('',*,*,#16136,.F.);
#16349 = FACE_BOUND('',#16350,.T.);
#16350 = EDGE_LOOP('',(#16351));
#16351 = ORIENTED_EDGE('',*,*,#16352,.T.);
#16352 = EDGE_CURVE('',#16353,#16353,#16355,.T.);
#16353 = VERTEX_POINT('',#16354);
#16354 = CARTESIAN_POINT('',(29.5,10.65,2.68));
#16355 = CIRCLE('',#16356,0.42);
#16356 = AXIS2_PLACEMENT_3D('',#16357,#16358,#16359);
#16357 = CARTESIAN_POINT('',(29.5,10.65,3.1));
#16358 = DIRECTION('',(-1.,0.,0.));
#16359 = DIRECTION('',(0.,0.,-1.));
#16360 = FACE_BOUND('',#16361,.T.);
#16361 = EDGE_LOOP('',(#16362));
#16362 = ORIENTED_EDGE('',*,*,#16363,.T.);
#16363 = EDGE_CURVE('',#16364,#16364,#16366,.T.);
#16364 = VERTEX_POINT('',#16365);
#16365 = CARTESIAN_POINT('',(29.5,6.25,1.03));
#16366 = CIRCLE('',#16367,0.42);
#16367 = AXIS2_PLACEMENT_3D('',#16368,#16369,#16370);
#16368 = CARTESIAN_POINT('',(29.5,6.25,1.45));
#16369 = DIRECTION('',(-1.,0.,0.));
#16370 = DIRECTION('',(0.,0.,-1.));
#16371 = FACE_BOUND('',#16372,.T.);
#16372 = EDGE_LOOP('',(#16373));
#16373 = ORIENTED_EDGE('',*,*,#16374,.T.);
#16374 = EDGE_CURVE('',#16375,#16375,#16377,.T.);
#16375 = VERTEX_POINT('',#16376);
#16376 = CARTESIAN_POINT('',(29.5,10.65,7.73));
#16377 = CIRCLE('',#16378,0.42);
#16378 = AXIS2_PLACEMENT_3D('',#16379,#16380,#16381);
#16379 = CARTESIAN_POINT('',(29.5,10.65,8.15));
#16380 = DIRECTION('',(-1.,0.,0.));
#16381 = DIRECTION('',(0.,0.,-1.));
#16382 = FACE_BOUND('',#16383,.T.);
#16383 = EDGE_LOOP('',(#16384));
#16384 = ORIENTED_EDGE('',*,*,#16385,.T.);
#16385 = EDGE_CURVE('',#16386,#16386,#16388,.T.);
#16386 = VERTEX_POINT('',#16387);
#16387 = CARTESIAN_POINT('',(29.5,1.65,1.03));
#16388 = CIRCLE('',#16389,0.42);
#16389 = AXIS2_PLACEMENT_3D('',#16390,#16391,#16392);
#16390 = CARTESIAN_POINT('',(29.5,1.65,1.45));
#16391 = DIRECTION('',(-1.,0.,0.));
#16392 = DIRECTION('',(0.,0.,-1.));
#16393 = FACE_BOUND('',#16394,.T.);
#16394 = EDGE_LOOP('',(#16395));
#16395 = ORIENTED_EDGE('',*,*,#16396,.T.);
#16396 = EDGE_CURVE('',#16397,#16397,#16399,.T.);
#16397 = VERTEX_POINT('',#16398);
#16398 = CARTESIAN_POINT('',(29.5,4.65,6.86));
#16399 = CIRCLE('',#16400,0.34);
#16400 = AXIS2_PLACEMENT_3D('',#16401,#16402,#16403);
#16401 = CARTESIAN_POINT('',(29.5,4.65,7.2));
#16402 = DIRECTION('',(-1.,0.,0.));
#16403 = DIRECTION('',(0.,0.,-1.));
#16404 = FACE_BOUND('',#16405,.T.);
#16405 = EDGE_LOOP('',(#16406));
#16406 = ORIENTED_EDGE('',*,*,#16407,.T.);
#16407 = EDGE_CURVE('',#16408,#16408,#16410,.T.);
#16408 = VERTEX_POINT('',#16409);
#16409 = CARTESIAN_POINT('',(29.5,1.65,7.73));
#16410 = CIRCLE('',#16411,0.42);
#16411 = AXIS2_PLACEMENT_3D('',#16412,#16413,#16414);
#16412 = CARTESIAN_POINT('',(29.5,1.65,8.15));
#16413 = DIRECTION('',(-1.,0.,0.));
#16414 = DIRECTION('',(0.,0.,-1.));
#16415 = PLANE('',#16416);
#16416 = AXIS2_PLACEMENT_3D('',#16417,#16418,#16419);
#16417 = CARTESIAN_POINT('',(29.5,0.,0.));
#16418 = DIRECTION('',(1.,0.,-0.));
#16419 = DIRECTION('',(0.,0.,1.));
#16420 = ADVANCED_FACE('',(#16421),#16440,.T.);
#16421 = FACE_BOUND('',#16422,.F.);
#16422 = EDGE_LOOP('',(#16423,#16424,#16432,#16439));
#16423 = ORIENTED_EDGE('',*,*,#16127,.F.);
#16424 = ORIENTED_EDGE('',*,*,#16425,.T.);
#16425 = EDGE_CURVE('',#16120,#16426,#16428,.T.);
#16426 = VERTEX_POINT('',#16427);
#16427 = CARTESIAN_POINT('',(29.2,12.2,10.6));
#16428 = LINE('',#16429,#16430);
#16429 = CARTESIAN_POINT('',(29.2,0.,10.6));
#16430 = VECTOR('',#16431,1.);
#16431 = DIRECTION('',(-0.,1.,0.));
#16432 = ORIENTED_EDGE('',*,*,#16433,.F.);
#16433 = EDGE_CURVE('',#16336,#16426,#16434,.T.);
#16434 = CIRCLE('',#16435,0.3);
#16435 = AXIS2_PLACEMENT_3D('',#16436,#16437,#16438);
#16436 = CARTESIAN_POINT('',(29.2,12.2,10.3));
#16437 = DIRECTION('',(0.,-1.,-0.));
#16438 = DIRECTION('',(1.,0.,0.));
#16439 = ORIENTED_EDGE('',*,*,#16343,.F.);
#16440 = CYLINDRICAL_SURFACE('',#16441,0.3);
#16441 = AXIS2_PLACEMENT_3D('',#16442,#16443,#16444);
#16442 = CARTESIAN_POINT('',(29.2,0.,10.3));
#16443 = DIRECTION('',(-0.,1.,0.));
#16444 = DIRECTION('',(1.,0.,-0.));
#16445 = ADVANCED_FACE('',(#16446),#16457,.T.);
#16446 = FACE_BOUND('',#16447,.T.);
#16447 = EDGE_LOOP('',(#16448,#16449,#16450,#16451));
#16448 = ORIENTED_EDGE('',*,*,#16170,.F.);
#16449 = ORIENTED_EDGE('',*,*,#16119,.T.);
#16450 = ORIENTED_EDGE('',*,*,#16425,.T.);
#16451 = ORIENTED_EDGE('',*,*,#16452,.F.);
#16452 = EDGE_CURVE('',#16171,#16426,#16453,.T.);
#16453 = LINE('',#16454,#16455);
#16454 = CARTESIAN_POINT('',(28.,12.2,10.6));
#16455 = VECTOR('',#16456,1.);
#16456 = DIRECTION('',(1.,0.,-0.));
#16457 = PLANE('',#16458);
#16458 = AXIS2_PLACEMENT_3D('',#16459,#16460,#16461);
#16459 = CARTESIAN_POINT('',(28.,0.,10.6));
#16460 = DIRECTION('',(0.,0.,1.));
#16461 = DIRECTION('',(1.,0.,-0.));
#16462 = ADVANCED_FACE('',(#16463),#16474,.T.);
#16463 = FACE_BOUND('',#16464,.F.);
#16464 = EDGE_LOOP('',(#16465,#16466,#16473));
#16465 = ORIENTED_EDGE('',*,*,#16212,.F.);
#16466 = ORIENTED_EDGE('',*,*,#16467,.T.);
#16467 = EDGE_CURVE('',#16205,#16171,#16468,.T.);
#16468 = CIRCLE('',#16469,0.3);
#16469 = AXIS2_PLACEMENT_3D('',#16470,#16471,#16472);
#16470 = CARTESIAN_POINT('',(28.3,12.2,10.3));
#16471 = DIRECTION('',(1.,0.,6.123233995737E-17));
#16472 = DIRECTION('',(-6.123233995737E-17,-0.,1.));
#16473 = ORIENTED_EDGE('',*,*,#16178,.F.);
#16474 = SPHERICAL_SURFACE('',#16475,0.3);
#16475 = AXIS2_PLACEMENT_3D('',#16476,#16477,#16478);
#16476 = CARTESIAN_POINT('',(28.3,12.2,10.3));
#16477 = DIRECTION('',(0.,-1.,-0.));
#16478 = DIRECTION('',(-1.,-0.,0.));
#16479 = ADVANCED_FACE('',(#16480),#16491,.T.);
#16480 = FACE_BOUND('',#16481,.F.);
#16481 = EDGE_LOOP('',(#16482,#16483,#16490));
#16482 = ORIENTED_EDGE('',*,*,#16244,.F.);
#16483 = ORIENTED_EDGE('',*,*,#16484,.T.);
#16484 = EDGE_CURVE('',#16237,#16196,#16485,.T.);
#16485 = CIRCLE('',#16486,0.3);
#16486 = AXIS2_PLACEMENT_3D('',#16487,#16488,#16489);
#16487 = CARTESIAN_POINT('',(28.3,12.2,0.3));
#16488 = DIRECTION('',(1.,6.123233995737E-17,-0.));
#16489 = DIRECTION('',(-6.123233995737E-17,1.,0.));
#16490 = ORIENTED_EDGE('',*,*,#16195,.F.);
#16491 = SPHERICAL_SURFACE('',#16492,0.3);
#16492 = AXIS2_PLACEMENT_3D('',#16493,#16494,#16495);
#16493 = CARTESIAN_POINT('',(28.3,12.2,0.3));
#16494 = DIRECTION('',(0.,0.,1.));
#16495 = DIRECTION('',(-1.,0.,0.));
#16496 = ADVANCED_FACE('',(#16497),#16522,.T.);
#16497 = FACE_BOUND('',#16498,.T.);
#16498 = EDGE_LOOP('',(#16499,#16500,#16508,#16516));
#16499 = ORIENTED_EDGE('',*,*,#16204,.T.);
#16500 = ORIENTED_EDGE('',*,*,#16501,.T.);
#16501 = EDGE_CURVE('',#16205,#16502,#16504,.T.);
#16502 = VERTEX_POINT('',#16503);
#16503 = CARTESIAN_POINT('',(29.2,12.5,10.3));
#16504 = LINE('',#16505,#16506);
#16505 = CARTESIAN_POINT('',(28.,12.5,10.3));
#16506 = VECTOR('',#16507,1.);
#16507 = DIRECTION('',(1.,0.,-0.));
#16508 = ORIENTED_EDGE('',*,*,#16509,.F.);
#16509 = EDGE_CURVE('',#16510,#16502,#16512,.T.);
#16510 = VERTEX_POINT('',#16511);
#16511 = CARTESIAN_POINT('',(29.2,12.5,0.3));
#16512 = LINE('',#16513,#16514);
#16513 = CARTESIAN_POINT('',(29.2,12.5,0.));
#16514 = VECTOR('',#16515,1.);
#16515 = DIRECTION('',(0.,0.,1.));
#16516 = ORIENTED_EDGE('',*,*,#16517,.F.);
#16517 = EDGE_CURVE('',#16196,#16510,#16518,.T.);
#16518 = LINE('',#16519,#16520);
#16519 = CARTESIAN_POINT('',(28.,12.5,0.3));
#16520 = VECTOR('',#16521,1.);
#16521 = DIRECTION('',(1.,0.,-0.));
#16522 = PLANE('',#16523);
#16523 = AXIS2_PLACEMENT_3D('',#16524,#16525,#16526);
#16524 = CARTESIAN_POINT('',(28.,12.5,0.));
#16525 = DIRECTION('',(-0.,1.,0.));
#16526 = DIRECTION('',(0.,0.,1.));
#16527 = ADVANCED_FACE('',(#16528),#16553,.F.);
#16528 = FACE_BOUND('',#16529,.F.);
#16529 = EDGE_LOOP('',(#16530,#16531,#16539,#16547));
#16530 = ORIENTED_EDGE('',*,*,#16236,.F.);
#16531 = ORIENTED_EDGE('',*,*,#16532,.T.);
#16532 = EDGE_CURVE('',#16228,#16533,#16535,.T.);
#16533 = VERTEX_POINT('',#16534);
#16534 = CARTESIAN_POINT('',(29.2,0.3,0.));
#16535 = LINE('',#16536,#16537);
#16536 = CARTESIAN_POINT('',(28.,0.3,-5.551115123126E-17));
#16537 = VECTOR('',#16538,1.);
#16538 = DIRECTION('',(1.,0.,-0.));
#16539 = ORIENTED_EDGE('',*,*,#16540,.T.);
#16540 = EDGE_CURVE('',#16533,#16541,#16543,.T.);
#16541 = VERTEX_POINT('',#16542);
#16542 = CARTESIAN_POINT('',(29.2,12.2,0.));
#16543 = LINE('',#16544,#16545);
#16544 = CARTESIAN_POINT('',(29.2,0.,-5.551115123126E-17));
#16545 = VECTOR('',#16546,1.);
#16546 = DIRECTION('',(-0.,1.,0.));
#16547 = ORIENTED_EDGE('',*,*,#16548,.F.);
#16548 = EDGE_CURVE('',#16237,#16541,#16549,.T.);
#16549 = LINE('',#16550,#16551);
#16550 = CARTESIAN_POINT('',(28.,12.2,-5.551115123126E-17));
#16551 = VECTOR('',#16552,1.);
#16552 = DIRECTION('',(1.,0.,-0.));
#16553 = PLANE('',#16554);
#16554 = AXIS2_PLACEMENT_3D('',#16555,#16556,#16557);
#16555 = CARTESIAN_POINT('',(28.,0.,0.));
#16556 = DIRECTION('',(0.,0.,1.));
#16557 = DIRECTION('',(1.,0.,-0.));
#16558 = ADVANCED_FACE('',(#16559),#16571,.T.);
#16559 = FACE_BOUND('',#16560,.T.);
#16560 = EDGE_LOOP('',(#16561,#16562,#16563,#16570));
#16561 = ORIENTED_EDGE('',*,*,#16285,.F.);
#16562 = ORIENTED_EDGE('',*,*,#16532,.T.);
#16563 = ORIENTED_EDGE('',*,*,#16564,.T.);
#16564 = EDGE_CURVE('',#16533,#16261,#16565,.T.);
#16565 = CIRCLE('',#16566,0.3);
#16566 = AXIS2_PLACEMENT_3D('',#16567,#16568,#16569);
#16567 = CARTESIAN_POINT('',(29.2,0.3,0.3));
#16568 = DIRECTION('',(-1.,-6.123233995737E-17,0.));
#16569 = DIRECTION('',(6.123233995737E-17,-1.,-0.));
#16570 = ORIENTED_EDGE('',*,*,#16260,.F.);
#16571 = CYLINDRICAL_SURFACE('',#16572,0.3);
#16572 = AXIS2_PLACEMENT_3D('',#16573,#16574,#16575);
#16573 = CARTESIAN_POINT('',(28.,0.3,0.3));
#16574 = DIRECTION('',(1.,0.,-0.));
#16575 = DIRECTION('',(0.,-1.,0.));
#16576 = ADVANCED_FACE('',(#16577),#16588,.T.);
#16577 = FACE_BOUND('',#16578,.F.);
#16578 = EDGE_LOOP('',(#16579,#16586,#16587));
#16579 = ORIENTED_EDGE('',*,*,#16580,.F.);
#16580 = EDGE_CURVE('',#16533,#16302,#16581,.T.);
#16581 = CIRCLE('',#16582,0.3);
#16582 = AXIS2_PLACEMENT_3D('',#16583,#16584,#16585);
#16583 = CARTESIAN_POINT('',(29.2,0.3,0.3));
#16584 = DIRECTION('',(0.,-1.,0.));
#16585 = DIRECTION('',(1.,0.,0.));
#16586 = ORIENTED_EDGE('',*,*,#16564,.T.);
#16587 = ORIENTED_EDGE('',*,*,#16309,.F.);
#16588 = SPHERICAL_SURFACE('',#16589,0.3);
#16589 = AXIS2_PLACEMENT_3D('',#16590,#16591,#16592);
#16590 = CARTESIAN_POINT('',(29.2,0.3,0.3));
#16591 = DIRECTION('',(0.,0.,1.));
#16592 = DIRECTION('',(1.,0.,-0.));
#16593 = ADVANCED_FACE('',(#16594),#16606,.T.);
#16594 = FACE_BOUND('',#16595,.T.);
#16595 = EDGE_LOOP('',(#16596,#16597,#16598,#16605));
#16596 = ORIENTED_EDGE('',*,*,#16580,.F.);
#16597 = ORIENTED_EDGE('',*,*,#16540,.T.);
#16598 = ORIENTED_EDGE('',*,*,#16599,.T.);
#16599 = EDGE_CURVE('',#16541,#16328,#16600,.T.);
#16600 = CIRCLE('',#16601,0.3);
#16601 = AXIS2_PLACEMENT_3D('',#16602,#16603,#16604);
#16602 = CARTESIAN_POINT('',(29.2,12.2,0.3));
#16603 = DIRECTION('',(0.,-1.,0.));
#16604 = DIRECTION('',(1.,0.,0.));
#16605 = ORIENTED_EDGE('',*,*,#16327,.F.);
#16606 = CYLINDRICAL_SURFACE('',#16607,0.3);
#16607 = AXIS2_PLACEMENT_3D('',#16608,#16609,#16610);
#16608 = CARTESIAN_POINT('',(29.2,0.,0.3));
#16609 = DIRECTION('',(-0.,1.,0.));
#16610 = DIRECTION('',(1.,0.,-0.));
#16611 = ADVANCED_FACE('',(#16612),#16630,.T.);
#16612 = FACE_BOUND('',#16613,.T.);
#16613 = EDGE_LOOP('',(#16614,#16615,#16622,#16623));
#16614 = ORIENTED_EDGE('',*,*,#16335,.F.);
#16615 = ORIENTED_EDGE('',*,*,#16616,.T.);
#16616 = EDGE_CURVE('',#16328,#16510,#16617,.T.);
#16617 = CIRCLE('',#16618,0.3);
#16618 = AXIS2_PLACEMENT_3D('',#16619,#16620,#16621);
#16619 = CARTESIAN_POINT('',(29.2,12.2,0.3));
#16620 = DIRECTION('',(0.,0.,1.));
#16621 = DIRECTION('',(1.,0.,-0.));
#16622 = ORIENTED_EDGE('',*,*,#16509,.T.);
#16623 = ORIENTED_EDGE('',*,*,#16624,.T.);
#16624 = EDGE_CURVE('',#16502,#16336,#16625,.T.);
#16625 = CIRCLE('',#16626,0.3);
#16626 = AXIS2_PLACEMENT_3D('',#16627,#16628,#16629);
#16627 = CARTESIAN_POINT('',(29.2,12.2,10.3));
#16628 = DIRECTION('',(0.,0.,-1.));
#16629 = DIRECTION('',(1.,0.,0.));
#16630 = CYLINDRICAL_SURFACE('',#16631,0.3);
#16631 = AXIS2_PLACEMENT_3D('',#16632,#16633,#16634);
#16632 = CARTESIAN_POINT('',(29.2,12.2,0.));
#16633 = DIRECTION('',(0.,0.,1.));
#16634 = DIRECTION('',(1.,0.,-0.));
#16635 = ADVANCED_FACE('',(#16636),#16655,.F.);
#16636 = FACE_BOUND('',#16637,.F.);
#16637 = EDGE_LOOP('',(#16638,#16646,#16653,#16654));
#16638 = ORIENTED_EDGE('',*,*,#16639,.T.);
#16639 = EDGE_CURVE('',#16353,#16640,#16642,.T.);
#16640 = VERTEX_POINT('',#16641);
#16641 = CARTESIAN_POINT('',(29.23,10.65,2.68));
#16642 = LINE('',#16643,#16644);
#16643 = CARTESIAN_POINT('',(29.55,10.65,2.68));
#16644 = VECTOR('',#16645,1.);
#16645 = DIRECTION('',(-1.,0.,0.));
#16646 = ORIENTED_EDGE('',*,*,#16647,.F.);
#16647 = EDGE_CURVE('',#16640,#16640,#16648,.T.);
#16648 = CIRCLE('',#16649,0.42);
#16649 = AXIS2_PLACEMENT_3D('',#16650,#16651,#16652);
#16650 = CARTESIAN_POINT('',(29.23,10.65,3.1));
#16651 = DIRECTION('',(-1.,0.,0.));
#16652 = DIRECTION('',(0.,0.,-1.));
#16653 = ORIENTED_EDGE('',*,*,#16639,.F.);
#16654 = ORIENTED_EDGE('',*,*,#16352,.T.);
#16655 = CYLINDRICAL_SURFACE('',#16656,0.42);
#16656 = AXIS2_PLACEMENT_3D('',#16657,#16658,#16659);
#16657 = CARTESIAN_POINT('',(29.55,10.65,3.1));
#16658 = DIRECTION('',(-1.,0.,0.));
#16659 = DIRECTION('',(0.,0.,-1.));
#16660 = ADVANCED_FACE('',(#16661),#16680,.F.);
#16661 = FACE_BOUND('',#16662,.F.);
#16662 = EDGE_LOOP('',(#16663,#16671,#16678,#16679));
#16663 = ORIENTED_EDGE('',*,*,#16664,.T.);
#16664 = EDGE_CURVE('',#16364,#16665,#16667,.T.);
#16665 = VERTEX_POINT('',#16666);
#16666 = CARTESIAN_POINT('',(29.23,6.25,1.03));
#16667 = LINE('',#16668,#16669);
#16668 = CARTESIAN_POINT('',(29.55,6.25,1.03));
#16669 = VECTOR('',#16670,1.);
#16670 = DIRECTION('',(-1.,0.,0.));
#16671 = ORIENTED_EDGE('',*,*,#16672,.F.);
#16672 = EDGE_CURVE('',#16665,#16665,#16673,.T.);
#16673 = CIRCLE('',#16674,0.42);
#16674 = AXIS2_PLACEMENT_3D('',#16675,#16676,#16677);
#16675 = CARTESIAN_POINT('',(29.23,6.25,1.45));
#16676 = DIRECTION('',(-1.,0.,0.));
#16677 = DIRECTION('',(0.,0.,-1.));
#16678 = ORIENTED_EDGE('',*,*,#16664,.F.);
#16679 = ORIENTED_EDGE('',*,*,#16363,.T.);
#16680 = CYLINDRICAL_SURFACE('',#16681,0.42);
#16681 = AXIS2_PLACEMENT_3D('',#16682,#16683,#16684);
#16682 = CARTESIAN_POINT('',(29.55,6.25,1.45));
#16683 = DIRECTION('',(-1.,0.,0.));
#16684 = DIRECTION('',(0.,0.,-1.));
#16685 = ADVANCED_FACE('',(#16686),#16705,.F.);
#16686 = FACE_BOUND('',#16687,.F.);
#16687 = EDGE_LOOP('',(#16688,#16696,#16703,#16704));
#16688 = ORIENTED_EDGE('',*,*,#16689,.T.);
#16689 = EDGE_CURVE('',#16375,#16690,#16692,.T.);
#16690 = VERTEX_POINT('',#16691);
#16691 = CARTESIAN_POINT('',(29.23,10.65,7.73));
#16692 = LINE('',#16693,#16694);
#16693 = CARTESIAN_POINT('',(29.55,10.65,7.73));
#16694 = VECTOR('',#16695,1.);
#16695 = DIRECTION('',(-1.,0.,0.));
#16696 = ORIENTED_EDGE('',*,*,#16697,.F.);
#16697 = EDGE_CURVE('',#16690,#16690,#16698,.T.);
#16698 = CIRCLE('',#16699,0.42);
#16699 = AXIS2_PLACEMENT_3D('',#16700,#16701,#16702);
#16700 = CARTESIAN_POINT('',(29.23,10.65,8.15));
#16701 = DIRECTION('',(-1.,0.,0.));
#16702 = DIRECTION('',(0.,0.,-1.));
#16703 = ORIENTED_EDGE('',*,*,#16689,.F.);
#16704 = ORIENTED_EDGE('',*,*,#16374,.T.);
#16705 = CYLINDRICAL_SURFACE('',#16706,0.42);
#16706 = AXIS2_PLACEMENT_3D('',#16707,#16708,#16709);
#16707 = CARTESIAN_POINT('',(29.55,10.65,8.15));
#16708 = DIRECTION('',(-1.,0.,0.));
#16709 = DIRECTION('',(0.,0.,-1.));
#16710 = ADVANCED_FACE('',(#16711),#16730,.F.);
#16711 = FACE_BOUND('',#16712,.F.);
#16712 = EDGE_LOOP('',(#16713,#16721,#16728,#16729));
#16713 = ORIENTED_EDGE('',*,*,#16714,.T.);
#16714 = EDGE_CURVE('',#16386,#16715,#16717,.T.);
#16715 = VERTEX_POINT('',#16716);
#16716 = CARTESIAN_POINT('',(29.23,1.65,1.03));
#16717 = LINE('',#16718,#16719);
#16718 = CARTESIAN_POINT('',(29.55,1.65,1.03));
#16719 = VECTOR('',#16720,1.);
#16720 = DIRECTION('',(-1.,0.,0.));
#16721 = ORIENTED_EDGE('',*,*,#16722,.F.);
#16722 = EDGE_CURVE('',#16715,#16715,#16723,.T.);
#16723 = CIRCLE('',#16724,0.42);
#16724 = AXIS2_PLACEMENT_3D('',#16725,#16726,#16727);
#16725 = CARTESIAN_POINT('',(29.23,1.65,1.45));
#16726 = DIRECTION('',(-1.,0.,0.));
#16727 = DIRECTION('',(0.,0.,-1.));
#16728 = ORIENTED_EDGE('',*,*,#16714,.F.);
#16729 = ORIENTED_EDGE('',*,*,#16385,.T.);
#16730 = CYLINDRICAL_SURFACE('',#16731,0.42);
#16731 = AXIS2_PLACEMENT_3D('',#16732,#16733,#16734);
#16732 = CARTESIAN_POINT('',(29.55,1.65,1.45));
#16733 = DIRECTION('',(-1.,0.,0.));
#16734 = DIRECTION('',(0.,0.,-1.));
#16735 = ADVANCED_FACE('',(#16736),#16755,.F.);
#16736 = FACE_BOUND('',#16737,.F.);
#16737 = EDGE_LOOP('',(#16738,#16746,#16753,#16754));
#16738 = ORIENTED_EDGE('',*,*,#16739,.T.);
#16739 = EDGE_CURVE('',#16397,#16740,#16742,.T.);
#16740 = VERTEX_POINT('',#16741);
#16741 = CARTESIAN_POINT('',(29.23,4.65,6.86));
#16742 = LINE('',#16743,#16744);
#16743 = CARTESIAN_POINT('',(29.55,4.65,6.86));
#16744 = VECTOR('',#16745,1.);
#16745 = DIRECTION('',(-1.,0.,0.));
#16746 = ORIENTED_EDGE('',*,*,#16747,.F.);
#16747 = EDGE_CURVE('',#16740,#16740,#16748,.T.);
#16748 = CIRCLE('',#16749,0.34);
#16749 = AXIS2_PLACEMENT_3D('',#16750,#16751,#16752);
#16750 = CARTESIAN_POINT('',(29.23,4.65,7.2));
#16751 = DIRECTION('',(-1.,0.,0.));
#16752 = DIRECTION('',(0.,0.,-1.));
#16753 = ORIENTED_EDGE('',*,*,#16739,.F.);
#16754 = ORIENTED_EDGE('',*,*,#16396,.T.);
#16755 = CYLINDRICAL_SURFACE('',#16756,0.34);
#16756 = AXIS2_PLACEMENT_3D('',#16757,#16758,#16759);
#16757 = CARTESIAN_POINT('',(29.55,4.65,7.2));
#16758 = DIRECTION('',(-1.,0.,0.));
#16759 = DIRECTION('',(0.,0.,-1.));
#16760 = ADVANCED_FACE('',(#16761),#16780,.F.);
#16761 = FACE_BOUND('',#16762,.F.);
#16762 = EDGE_LOOP('',(#16763,#16771,#16778,#16779));
#16763 = ORIENTED_EDGE('',*,*,#16764,.T.);
#16764 = EDGE_CURVE('',#16408,#16765,#16767,.T.);
#16765 = VERTEX_POINT('',#16766);
#16766 = CARTESIAN_POINT('',(29.23,1.65,7.73));
#16767 = LINE('',#16768,#16769);
#16768 = CARTESIAN_POINT('',(29.55,1.65,7.73));
#16769 = VECTOR('',#16770,1.);
#16770 = DIRECTION('',(-1.,0.,0.));
#16771 = ORIENTED_EDGE('',*,*,#16772,.F.);
#16772 = EDGE_CURVE('',#16765,#16765,#16773,.T.);
#16773 = CIRCLE('',#16774,0.42);
#16774 = AXIS2_PLACEMENT_3D('',#16775,#16776,#16777);
#16775 = CARTESIAN_POINT('',(29.23,1.65,8.15));
#16776 = DIRECTION('',(-1.,0.,0.));
#16777 = DIRECTION('',(0.,0.,-1.));
#16778 = ORIENTED_EDGE('',*,*,#16764,.F.);
#16779 = ORIENTED_EDGE('',*,*,#16407,.T.);
#16780 = CYLINDRICAL_SURFACE('',#16781,0.42);
#16781 = AXIS2_PLACEMENT_3D('',#16782,#16783,#16784);
#16782 = CARTESIAN_POINT('',(29.55,1.65,8.15));
#16783 = DIRECTION('',(-1.,0.,0.));
#16784 = DIRECTION('',(0.,0.,-1.));
#16785 = ADVANCED_FACE('',(#16786),#16797,.T.);
#16786 = FACE_BOUND('',#16787,.T.);
#16787 = EDGE_LOOP('',(#16788,#16789,#16796));
#16788 = ORIENTED_EDGE('',*,*,#16624,.F.);
#16789 = ORIENTED_EDGE('',*,*,#16790,.T.);
#16790 = EDGE_CURVE('',#16502,#16426,#16791,.T.);
#16791 = CIRCLE('',#16792,0.3);
#16792 = AXIS2_PLACEMENT_3D('',#16793,#16794,#16795);
#16793 = CARTESIAN_POINT('',(29.2,12.2,10.3));
#16794 = DIRECTION('',(1.,0.,-6.123233995737E-17));
#16795 = DIRECTION('',(6.123233995737E-17,0.,1.));
#16796 = ORIENTED_EDGE('',*,*,#16433,.F.);
#16797 = SPHERICAL_SURFACE('',#16798,0.3);
#16798 = AXIS2_PLACEMENT_3D('',#16799,#16800,#16801);
#16799 = CARTESIAN_POINT('',(29.2,12.2,10.3));
#16800 = DIRECTION('',(0.,-1.,-0.));
#16801 = DIRECTION('',(1.,0.,0.));
#16802 = ADVANCED_FACE('',(#16803),#16809,.T.);
#16803 = FACE_BOUND('',#16804,.T.);
#16804 = EDGE_LOOP('',(#16805,#16806,#16807,#16808));
#16805 = ORIENTED_EDGE('',*,*,#16467,.T.);
#16806 = ORIENTED_EDGE('',*,*,#16452,.T.);
#16807 = ORIENTED_EDGE('',*,*,#16790,.F.);
#16808 = ORIENTED_EDGE('',*,*,#16501,.F.);
#16809 = CYLINDRICAL_SURFACE('',#16810,0.3);
#16810 = AXIS2_PLACEMENT_3D('',#16811,#16812,#16813);
#16811 = CARTESIAN_POINT('',(28.,12.2,10.3));
#16812 = DIRECTION('',(1.,0.,-0.));
#16813 = DIRECTION('',(0.,1.,0.));
#16814 = ADVANCED_FACE('',(#16815),#16827,.T.);
#16815 = FACE_BOUND('',#16816,.F.);
#16816 = EDGE_LOOP('',(#16817,#16818,#16819,#16826));
#16817 = ORIENTED_EDGE('',*,*,#16484,.F.);
#16818 = ORIENTED_EDGE('',*,*,#16548,.T.);
#16819 = ORIENTED_EDGE('',*,*,#16820,.T.);
#16820 = EDGE_CURVE('',#16541,#16510,#16821,.T.);
#16821 = CIRCLE('',#16822,0.3);
#16822 = AXIS2_PLACEMENT_3D('',#16823,#16824,#16825);
#16823 = CARTESIAN_POINT('',(29.2,12.2,0.3));
#16824 = DIRECTION('',(1.,-6.123233995737E-17,0.));
#16825 = DIRECTION('',(6.123233995737E-17,1.,0.));
#16826 = ORIENTED_EDGE('',*,*,#16517,.F.);
#16827 = CYLINDRICAL_SURFACE('',#16828,0.3);
#16828 = AXIS2_PLACEMENT_3D('',#16829,#16830,#16831);
#16829 = CARTESIAN_POINT('',(28.,12.2,0.3));
#16830 = DIRECTION('',(1.,0.,-0.));
#16831 = DIRECTION('',(0.,1.,0.));
#16832 = ADVANCED_FACE('',(#16833),#16838,.T.);
#16833 = FACE_BOUND('',#16834,.T.);
#16834 = EDGE_LOOP('',(#16835,#16836,#16837));
#16835 = ORIENTED_EDGE('',*,*,#16599,.F.);
#16836 = ORIENTED_EDGE('',*,*,#16820,.T.);
#16837 = ORIENTED_EDGE('',*,*,#16616,.F.);
#16838 = SPHERICAL_SURFACE('',#16839,0.3);
#16839 = AXIS2_PLACEMENT_3D('',#16840,#16841,#16842);
#16840 = CARTESIAN_POINT('',(29.2,12.2,0.3));
#16841 = DIRECTION('',(0.,0.,1.));
#16842 = DIRECTION('',(1.,0.,-0.));
#16843 = ADVANCED_FACE('',(#16844),#16847,.F.);
#16844 = FACE_BOUND('',#16845,.F.);
#16845 = EDGE_LOOP('',(#16846));
#16846 = ORIENTED_EDGE('',*,*,#16647,.T.);
#16847 = PLANE('',#16848);
#16848 = AXIS2_PLACEMENT_3D('',#16849,#16850,#16851);
#16849 = CARTESIAN_POINT('',(29.23,10.65,3.1));
#16850 = DIRECTION('',(-1.,0.,0.));
#16851 = DIRECTION('',(0.,0.,-1.));
#16852 = ADVANCED_FACE('',(#16853),#16856,.F.);
#16853 = FACE_BOUND('',#16854,.F.);
#16854 = EDGE_LOOP('',(#16855));
#16855 = ORIENTED_EDGE('',*,*,#16672,.T.);
#16856 = PLANE('',#16857);
#16857 = AXIS2_PLACEMENT_3D('',#16858,#16859,#16860);
#16858 = CARTESIAN_POINT('',(29.23,6.25,1.45));
#16859 = DIRECTION('',(-1.,0.,0.));
#16860 = DIRECTION('',(0.,0.,-1.));
#16861 = ADVANCED_FACE('',(#16862),#16865,.F.);
#16862 = FACE_BOUND('',#16863,.F.);
#16863 = EDGE_LOOP('',(#16864));
#16864 = ORIENTED_EDGE('',*,*,#16697,.T.);
#16865 = PLANE('',#16866);
#16866 = AXIS2_PLACEMENT_3D('',#16867,#16868,#16869);
#16867 = CARTESIAN_POINT('',(29.23,10.65,8.15));
#16868 = DIRECTION('',(-1.,0.,0.));
#16869 = DIRECTION('',(0.,0.,-1.));
#16870 = ADVANCED_FACE('',(#16871),#16874,.F.);
#16871 = FACE_BOUND('',#16872,.F.);
#16872 = EDGE_LOOP('',(#16873));
#16873 = ORIENTED_EDGE('',*,*,#16722,.T.);
#16874 = PLANE('',#16875);
#16875 = AXIS2_PLACEMENT_3D('',#16876,#16877,#16878);
#16876 = CARTESIAN_POINT('',(29.23,1.65,1.45));
#16877 = DIRECTION('',(-1.,0.,0.));
#16878 = DIRECTION('',(0.,0.,-1.));
#16879 = ADVANCED_FACE('',(#16880),#16883,.F.);
#16880 = FACE_BOUND('',#16881,.F.);
#16881 = EDGE_LOOP('',(#16882));
#16882 = ORIENTED_EDGE('',*,*,#16747,.T.);
#16883 = PLANE('',#16884);
#16884 = AXIS2_PLACEMENT_3D('',#16885,#16886,#16887);
#16885 = CARTESIAN_POINT('',(29.23,4.65,7.2));
#16886 = DIRECTION('',(-1.,0.,0.));
#16887 = DIRECTION('',(0.,0.,-1.));
#16888 = ADVANCED_FACE('',(#16889),#16892,.F.);
#16889 = FACE_BOUND('',#16890,.F.);
#16890 = EDGE_LOOP('',(#16891));
#16891 = ORIENTED_EDGE('',*,*,#16772,.T.);
#16892 = PLANE('',#16893);
#16893 = AXIS2_PLACEMENT_3D('',#16894,#16895,#16896);
#16894 = CARTESIAN_POINT('',(29.23,1.65,8.15));
#16895 = DIRECTION('',(-1.,0.,0.));
#16896 = DIRECTION('',(0.,0.,-1.));
#16897 = ( GEOMETRIC_REPRESENTATION_CONTEXT(3)
GLOBAL_UNCERTAINTY_ASSIGNED_CONTEXT((#16901))
GLOBAL_UNIT_ASSIGNED_CONTEXT((#16898,#16899,#16900))
REPRESENTATION_CONTEXT('Context #1',
  '3D Context with UNIT and UNCERTAINTY') );
#16898 = ( LENGTH_UNIT() NAMED_UNIT(*) SI_UNIT(.MILLI.,.METRE.) );
#16899 = ( NAMED_UNIT(*) PLANE_ANGLE_UNIT() SI_UNIT($,.RADIAN.) );
#16900 = ( NAMED_UNIT(*) SI_UNIT($,.STERADIAN.) SOLID_ANGLE_UNIT() );
#16901 = UNCERTAINTY_MEASURE_WITH_UNIT(LENGTH_MEASURE(1.E-07),#16898,
  'distance_accuracy_value','confusion accuracy');
#16902 = CONTEXT_DEPENDENT_SHAPE_REPRESENTATION(#16903,#16905);
#16903 = ( REPRESENTATION_RELATIONSHIP('','',#16022,#10)
REPRESENTATION_RELATIONSHIP_WITH_TRANSFORMATION(#16904)
SHAPE_REPRESENTATION_RELATIONSHIP() );
#16904 = ITEM_DEFINED_TRANSFORMATION('','',#11,#143);
#16905 = PRODUCT_DEFINITION_SHAPE('Placement','Placement of an item',
  #16906);
#16906 = NEXT_ASSEMBLY_USAGE_OCCURRENCE('33','1.5 mm Side Cover','',#5,
  #16017,$);
#16907 = PRODUCT_RELATED_PRODUCT_CATEGORY('part',$,(#16019));
#16908 = MECHANICAL_DESIGN_GEOMETRIC_PRESENTATION_REPRESENTATION('',(
    #16909),#9887);
#16909 = STYLED_ITEM('color',(#16910),#9737);
#16910 = PRESENTATION_STYLE_ASSIGNMENT((#16911,#16917));
#16911 = SURFACE_STYLE_USAGE(.BOTH.,#16912);
#16912 = SURFACE_SIDE_STYLE('',(#16913));
#16913 = SURFACE_STYLE_FILL_AREA(#16914);
#16914 = FILL_AREA_STYLE('',(#16915));
#16915 = FILL_AREA_STYLE_COLOUR('',#16916);
#16916 = COLOUR_RGB('',0.752941202324,0.752941202324,0.752941202324);
#16917 = CURVE_STYLE('',#16918,POSITIVE_LENGTH_MEASURE(0.1),#16919);
#16918 = DRAUGHTING_PRE_DEFINED_CURVE_FONT('continuous');
#16919 = COLOUR_RGB('',0.414117625119,0.414117625119,0.414117625119);
#16920 = MECHANICAL_DESIGN_GEOMETRIC_PRESENTATION_REPRESENTATION('',(
    #16921),#3465);
#16921 = STYLED_ITEM('color',(#16922),#2110);
#16922 = PRESENTATION_STYLE_ASSIGNMENT((#16923,#16929));
#16923 = SURFACE_STYLE_USAGE(.BOTH.,#16924);
#16924 = SURFACE_SIDE_STYLE('',(#16925));
#16925 = SURFACE_STYLE_FILL_AREA(#16926);
#16926 = FILL_AREA_STYLE('',(#16927));
#16927 = FILL_AREA_STYLE_COLOUR('',#16928);
#16928 = COLOUR_RGB('',0.125490201081,0.125490201081,0.125490201081);
#16929 = CURVE_STYLE('',#16930,POSITIVE_LENGTH_MEASURE(0.1),#16931);
#16930 = DRAUGHTING_PRE_DEFINED_CURVE_FONT('continuous');
#16931 = COLOUR_RGB('',6.90196081359E-02,6.90196081359E-02,
  6.90196081359E-02);
#16932 = MECHANICAL_DESIGN_GEOMETRIC_PRESENTATION_REPRESENTATION('',(
    #16933),#15429);
#16933 = STYLED_ITEM('color',(#16934),#13804);
#16934 = PRESENTATION_STYLE_ASSIGNMENT((#16935,#16940));
#16935 = SURFACE_STYLE_USAGE(.BOTH.,#16936);
#16936 = SURFACE_SIDE_STYLE('',(#16937));
#16937 = SURFACE_STYLE_FILL_AREA(#16938);
#16938 = FILL_AREA_STYLE('',(#16939));
#16939 = FILL_AREA_STYLE_COLOUR('',#16928);
#16940 = CURVE_STYLE('',#16941,POSITIVE_LENGTH_MEASURE(0.1),#16931);
#16941 = DRAUGHTING_PRE_DEFINED_CURVE_FONT('continuous');
#16942 = MECHANICAL_DESIGN_GEOMETRIC_PRESENTATION_REPRESENTATION('',(
    #16943),#7769);
#16943 = STYLED_ITEM('color',(#16944),#7619);
#16944 = PRESENTATION_STYLE_ASSIGNMENT((#16945,#16950));
#16945 = SURFACE_STYLE_USAGE(.BOTH.,#16946);
#16946 = SURFACE_SIDE_STYLE('',(#16947));
#16947 = SURFACE_STYLE_FILL_AREA(#16948);
#16948 = FILL_AREA_STYLE('',(#16949));
#16949 = FILL_AREA_STYLE_COLOUR('',#16916);
#16950 = CURVE_STYLE('',#16951,POSITIVE_LENGTH_MEASURE(0.1),#16919);
#16951 = DRAUGHTING_PRE_DEFINED_CURVE_FONT('continuous');
#16952 = MECHANICAL_DESIGN_GEOMETRIC_PRESENTATION_REPRESENTATION('',(
    #16953),#7938);
#16953 = STYLED_ITEM('color',(#16954),#7788);
#16954 = PRESENTATION_STYLE_ASSIGNMENT((#16955,#16960));
#16955 = SURFACE_STYLE_USAGE(.BOTH.,#16956);
#16956 = SURFACE_SIDE_STYLE('',(#16957));
#16957 = SURFACE_STYLE_FILL_AREA(#16958);
#16958 = FILL_AREA_STYLE('',(#16959));
#16959 = FILL_AREA_STYLE_COLOUR('',#16916);
#16960 = CURVE_STYLE('',#16961,POSITIVE_LENGTH_MEASURE(0.1),#16919);
#16961 = DRAUGHTING_PRE_DEFINED_CURVE_FONT('continuous');
#16962 = MECHANICAL_DESIGN_GEOMETRIC_PRESENTATION_REPRESENTATION('',(
    #16963),#11498);
#16963 = STYLED_ITEM('color',(#16964),#11280);
#16964 = PRESENTATION_STYLE_ASSIGNMENT((#16965,#16970));
#16965 = SURFACE_STYLE_USAGE(.BOTH.,#16966);
#16966 = SURFACE_SIDE_STYLE('',(#16967));
#16967 = SURFACE_STYLE_FILL_AREA(#16968);
#16968 = FILL_AREA_STYLE('',(#16969));
#16969 = FILL_AREA_STYLE_COLOUR('',#16928);
#16970 = CURVE_STYLE('',#16971,POSITIVE_LENGTH_MEASURE(0.1),#16931);
#16971 = DRAUGHTING_PRE_DEFINED_CURVE_FONT('continuous');
#16972 = MECHANICAL_DESIGN_GEOMETRIC_PRESENTATION_REPRESENTATION('',(
    #16973),#13210);
#16973 = STYLED_ITEM('color',(#16974),#11855);
#16974 = PRESENTATION_STYLE_ASSIGNMENT((#16975,#16980));
#16975 = SURFACE_STYLE_USAGE(.BOTH.,#16976);
#16976 = SURFACE_SIDE_STYLE('',(#16977));
#16977 = SURFACE_STYLE_FILL_AREA(#16978);
#16978 = FILL_AREA_STYLE('',(#16979));
#16979 = FILL_AREA_STYLE_COLOUR('',#16928);
#16980 = CURVE_STYLE('',#16981,POSITIVE_LENGTH_MEASURE(0.1),#16931);
#16981 = DRAUGHTING_PRE_DEFINED_CURVE_FONT('continuous');
#16982 = MECHANICAL_DESIGN_GEOMETRIC_PRESENTATION_REPRESENTATION('',(
    #16983),#7600);
#16983 = STYLED_ITEM('color',(#16984),#7382);
#16984 = PRESENTATION_STYLE_ASSIGNMENT((#16985,#16990));
#16985 = SURFACE_STYLE_USAGE(.BOTH.,#16986);
#16986 = SURFACE_SIDE_STYLE('',(#16987));
#16987 = SURFACE_STYLE_FILL_AREA(#16988);
#16988 = FILL_AREA_STYLE('',(#16989));
#16989 = FILL_AREA_STYLE_COLOUR('',#16928);
#16990 = CURVE_STYLE('',#16991,POSITIVE_LENGTH_MEASURE(0.1),#16931);
#16991 = DRAUGHTING_PRE_DEFINED_CURVE_FONT('continuous');
#16992 = MECHANICAL_DESIGN_GEOMETRIC_PRESENTATION_REPRESENTATION('',(
    #16993),#16897);
#16993 = STYLED_ITEM('color',(#16994),#16023);
#16994 = PRESENTATION_STYLE_ASSIGNMENT((#16995,#17000));
#16995 = SURFACE_STYLE_USAGE(.BOTH.,#16996);
#16996 = SURFACE_SIDE_STYLE('',(#16997));
#16997 = SURFACE_STYLE_FILL_AREA(#16998);
#16998 = FILL_AREA_STYLE('',(#16999));
#16999 = FILL_AREA_STYLE_COLOUR('',#16928);
#17000 = CURVE_STYLE('',#17001,POSITIVE_LENGTH_MEASURE(0.1),#16931);
#17001 = DRAUGHTING_PRE_DEFINED_CURVE_FONT('continuous');
#17002 = MECHANICAL_DESIGN_GEOMETRIC_PRESENTATION_REPRESENTATION('',(
    #17003),#1516);
#17003 = STYLED_ITEM('color',(#17004),#161);
#17004 = PRESENTATION_STYLE_ASSIGNMENT((#17005,#17010));
#17005 = SURFACE_STYLE_USAGE(.BOTH.,#17006);
#17006 = SURFACE_SIDE_STYLE('',(#17007));
#17007 = SURFACE_STYLE_FILL_AREA(#17008);
#17008 = FILL_AREA_STYLE('',(#17009));
#17009 = FILL_AREA_STYLE_COLOUR('',#16928);
#17010 = CURVE_STYLE('',#17011,POSITIVE_LENGTH_MEASURE(0.1),#16931);
#17011 = DRAUGHTING_PRE_DEFINED_CURVE_FONT('continuous');
#17012 = MECHANICAL_DESIGN_GEOMETRIC_PRESENTATION_REPRESENTATION('',(
    #17013),#7363);
#17013 = STYLED_ITEM('color',(#17014),#6008);
#17014 = PRESENTATION_STYLE_ASSIGNMENT((#17015,#17020));
#17015 = SURFACE_STYLE_USAGE(.BOTH.,#17016);
#17016 = SURFACE_SIDE_STYLE('',(#17017));
#17017 = SURFACE_STYLE_FILL_AREA(#17018);
#17018 = FILL_AREA_STYLE('',(#17019));
#17019 = FILL_AREA_STYLE_COLOUR('',#16928);
#17020 = CURVE_STYLE('',#17021,POSITIVE_LENGTH_MEASURE(0.1),#16931);
#17021 = DRAUGHTING_PRE_DEFINED_CURVE_FONT('continuous');
#17022 = MECHANICAL_DESIGN_GEOMETRIC_PRESENTATION_REPRESENTATION('',(
    #17023),#9312);
#17023 = STYLED_ITEM('color',(#17024),#7957);
#17024 = PRESENTATION_STYLE_ASSIGNMENT((#17025,#17030));
#17025 = SURFACE_STYLE_USAGE(.BOTH.,#17026);
#17026 = SURFACE_SIDE_STYLE('',(#17027));
#17027 = SURFACE_STYLE_FILL_AREA(#17028);
#17028 = FILL_AREA_STYLE('',(#17029));
#17029 = FILL_AREA_STYLE_COLOUR('',#16928);
#17030 = CURVE_STYLE('',#17031,POSITIVE_LENGTH_MEASURE(0.1),#16931);
#17031 = DRAUGHTING_PRE_DEFINED_CURVE_FONT('continuous');
#17032 = MECHANICAL_DESIGN_GEOMETRIC_PRESENTATION_REPRESENTATION('',(
    #17033),#13785);
#17033 = STYLED_ITEM('color',(#17034),#13635);
#17034 = PRESENTATION_STYLE_ASSIGNMENT((#17035,#17040));
#17035 = SURFACE_STYLE_USAGE(.BOTH.,#17036);
#17036 = SURFACE_SIDE_STYLE('',(#17037));
#17037 = SURFACE_STYLE_FILL_AREA(#17038);
#17038 = FILL_AREA_STYLE('',(#17039));
#17039 = FILL_AREA_STYLE_COLOUR('',#16916);
#17040 = CURVE_STYLE('',#17041,POSITIVE_LENGTH_MEASURE(0.1),#16919);
#17041 = DRAUGHTING_PRE_DEFINED_CURVE_FONT('continuous');
#17042 = MECHANICAL_DESIGN_GEOMETRIC_PRESENTATION_REPRESENTATION('',(
    #17043),#5820);
#17043 = STYLED_ITEM('color',(#17044),#5670);
#17044 = PRESENTATION_STYLE_ASSIGNMENT((#17045,#17050));
#17045 = SURFACE_STYLE_USAGE(.BOTH.,#17046);
#17046 = SURFACE_SIDE_STYLE('',(#17047));
#17047 = SURFACE_STYLE_FILL_AREA(#17048);
#17048 = FILL_AREA_STYLE('',(#17049));
#17049 = FILL_AREA_STYLE_COLOUR('',#16916);
#17050 = CURVE_STYLE('',#17051,POSITIVE_LENGTH_MEASURE(0.1),#16919);
#17051 = DRAUGHTING_PRE_DEFINED_CURVE_FONT('continuous');
#17052 = MECHANICAL_DESIGN_GEOMETRIC_PRESENTATION_REPRESENTATION('',(
    #17053),#5651);
#17053 = STYLED_ITEM('color',(#17054),#5433);
#17054 = PRESENTATION_STYLE_ASSIGNMENT((#17055,#17060));
#17055 = SURFACE_STYLE_USAGE(.BOTH.,#17056);
#17056 = SURFACE_SIDE_STYLE('',(#17057));
#17057 = SURFACE_STYLE_FILL_AREA(#17058);
#17058 = FILL_AREA_STYLE('',(#17059));
#17059 = FILL_AREA_STYLE_COLOUR('',#16928);
#17060 = CURVE_STYLE('',#17061,POSITIVE_LENGTH_MEASURE(0.1),#16931);
#17061 = DRAUGHTING_PRE_DEFINED_CURVE_FONT('continuous');
#17062 = MECHANICAL_DESIGN_GEOMETRIC_PRESENTATION_REPRESENTATION('',(
    #17063),#1753);
#17063 = STYLED_ITEM('color',(#17064),#1535);
#17064 = PRESENTATION_STYLE_ASSIGNMENT((#17065,#17070));
#17065 = SURFACE_STYLE_USAGE(.BOTH.,#17066);
#17066 = SURFACE_SIDE_STYLE('',(#17067));
#17067 = SURFACE_STYLE_FILL_AREA(#17068);
#17068 = FILL_AREA_STYLE('',(#17069));
#17069 = FILL_AREA_STYLE_COLOUR('',#16928);
#17070 = CURVE_STYLE('',#17071,POSITIVE_LENGTH_MEASURE(0.1),#16931);
#17071 = DRAUGHTING_PRE_DEFINED_CURVE_FONT('continuous');
#17072 = MECHANICAL_DESIGN_GEOMETRIC_PRESENTATION_REPRESENTATION('',(
    #17073),#3702);
#17073 = STYLED_ITEM('color',(#17074),#3484);
#17074 = PRESENTATION_STYLE_ASSIGNMENT((#17075,#17080));
#17075 = SURFACE_STYLE_USAGE(.BOTH.,#17076);
#17076 = SURFACE_SIDE_STYLE('',(#17077));
#17077 = SURFACE_STYLE_FILL_AREA(#17078);
#17078 = FILL_AREA_STYLE('',(#17079));
#17079 = FILL_AREA_STYLE_COLOUR('',#16928);
#17080 = CURVE_STYLE('',#17081,POSITIVE_LENGTH_MEASURE(0.1),#16931);
#17081 = DRAUGHTING_PRE_DEFINED_CURVE_FONT('continuous');
#17082 = MECHANICAL_DESIGN_GEOMETRIC_PRESENTATION_REPRESENTATION('',(
    #17083),#11667);
#17083 = STYLED_ITEM('color',(#17084),#11517);
#17084 = PRESENTATION_STYLE_ASSIGNMENT((#17085,#17090));
#17085 = SURFACE_STYLE_USAGE(.BOTH.,#17086);
#17086 = SURFACE_SIDE_STYLE('',(#17087));
#17087 = SURFACE_STYLE_FILL_AREA(#17088);
#17088 = FILL_AREA_STYLE('',(#17089));
#17089 = FILL_AREA_STYLE_COLOUR('',#16916);
#17090 = CURVE_STYLE('',#17091,POSITIVE_LENGTH_MEASURE(0.1),#16919);
#17091 = DRAUGHTING_PRE_DEFINED_CURVE_FONT('continuous');
#17092 = MECHANICAL_DESIGN_GEOMETRIC_PRESENTATION_REPRESENTATION('',(
    #17093),#15835);
#17093 = STYLED_ITEM('color',(#17094),#15685);
#17094 = PRESENTATION_STYLE_ASSIGNMENT((#17095,#17100));
#17095 = SURFACE_STYLE_USAGE(.BOTH.,#17096);
#17096 = SURFACE_SIDE_STYLE('',(#17097));
#17097 = SURFACE_STYLE_FILL_AREA(#17098);
#17098 = FILL_AREA_STYLE('',(#17099));
#17099 = FILL_AREA_STYLE_COLOUR('',#16916);
#17100 = CURVE_STYLE('',#17101,POSITIVE_LENGTH_MEASURE(0.1),#16919);
#17101 = DRAUGHTING_PRE_DEFINED_CURVE_FONT('continuous');
#17102 = MECHANICAL_DESIGN_GEOMETRIC_PRESENTATION_REPRESENTATION('',(
    #17103),#1922);
#17103 = STYLED_ITEM('color',(#17104),#1772);
#17104 = PRESENTATION_STYLE_ASSIGNMENT((#17105,#17110));
#17105 = SURFACE_STYLE_USAGE(.BOTH.,#17106);
#17106 = SURFACE_SIDE_STYLE('',(#17107));
#17107 = SURFACE_STYLE_FILL_AREA(#17108);
#17108 = FILL_AREA_STYLE('',(#17109));
#17109 = FILL_AREA_STYLE_COLOUR('',#16916);
#17110 = CURVE_STYLE('',#17111,POSITIVE_LENGTH_MEASURE(0.1),#16919);
#17111 = DRAUGHTING_PRE_DEFINED_CURVE_FONT('continuous');
#17112 = MECHANICAL_DESIGN_GEOMETRIC_PRESENTATION_REPRESENTATION('',(
    #17113),#11261);
#17113 = STYLED_ITEM('color',(#17114),#9906);
#17114 = PRESENTATION_STYLE_ASSIGNMENT((#17115,#17120));
#17115 = SURFACE_STYLE_USAGE(.BOTH.,#17116);
#17116 = SURFACE_SIDE_STYLE('',(#17117));
#17117 = SURFACE_STYLE_FILL_AREA(#17118);
#17118 = FILL_AREA_STYLE('',(#17119));
#17119 = FILL_AREA_STYLE_COLOUR('',#16928);
#17120 = CURVE_STYLE('',#17121,POSITIVE_LENGTH_MEASURE(0.1),#16931);
#17121 = DRAUGHTING_PRE_DEFINED_CURVE_FONT('continuous');
#17122 = MECHANICAL_DESIGN_GEOMETRIC_PRESENTATION_REPRESENTATION('',(
    #17123),#13616);
#17123 = STYLED_ITEM('color',(#17124),#13466);
#17124 = PRESENTATION_STYLE_ASSIGNMENT((#17125,#17130));
#17125 = SURFACE_STYLE_USAGE(.BOTH.,#17126);
#17126 = SURFACE_SIDE_STYLE('',(#17127));
#17127 = SURFACE_STYLE_FILL_AREA(#17128);
#17128 = FILL_AREA_STYLE('',(#17129));
#17129 = FILL_AREA_STYLE_COLOUR('',#16916);
#17130 = CURVE_STYLE('',#17131,POSITIVE_LENGTH_MEASURE(0.1),#16919);
#17131 = DRAUGHTING_PRE_DEFINED_CURVE_FONT('continuous');
#17132 = MECHANICAL_DESIGN_GEOMETRIC_PRESENTATION_REPRESENTATION('',(
    #17133),#16004);
#17133 = STYLED_ITEM('color',(#17134),#15854);
#17134 = PRESENTATION_STYLE_ASSIGNMENT((#17135,#17140));
#17135 = SURFACE_STYLE_USAGE(.BOTH.,#17136);
#17136 = SURFACE_SIDE_STYLE('',(#17137));
#17137 = SURFACE_STYLE_FILL_AREA(#17138);
#17138 = FILL_AREA_STYLE('',(#17139));
#17139 = FILL_AREA_STYLE_COLOUR('',#16916);
#17140 = CURVE_STYLE('',#17141,POSITIVE_LENGTH_MEASURE(0.1),#16919);
#17141 = DRAUGHTING_PRE_DEFINED_CURVE_FONT('continuous');
#17142 = MECHANICAL_DESIGN_GEOMETRIC_PRESENTATION_REPRESENTATION('',(
    #17143),#5989);
#17143 = STYLED_ITEM('color',(#17144),#5839);
#17144 = PRESENTATION_STYLE_ASSIGNMENT((#17145,#17150));
#17145 = SURFACE_STYLE_USAGE(.BOTH.,#17146);
#17146 = SURFACE_SIDE_STYLE('',(#17147));
#17147 = SURFACE_STYLE_FILL_AREA(#17148);
#17148 = FILL_AREA_STYLE('',(#17149));
#17149 = FILL_AREA_STYLE_COLOUR('',#16916);
#17150 = CURVE_STYLE('',#17151,POSITIVE_LENGTH_MEASURE(0.1),#16919);
#17151 = DRAUGHTING_PRE_DEFINED_CURVE_FONT('continuous');
#17152 = MECHANICAL_DESIGN_GEOMETRIC_PRESENTATION_REPRESENTATION('',(
    #17153),#11836);
#17153 = STYLED_ITEM('color',(#17154),#11686);
#17154 = PRESENTATION_STYLE_ASSIGNMENT((#17155,#17160));
#17155 = SURFACE_STYLE_USAGE(.BOTH.,#17156);
#17156 = SURFACE_SIDE_STYLE('',(#17157));
#17157 = SURFACE_STYLE_FILL_AREA(#17158);
#17158 = FILL_AREA_STYLE('',(#17159));
#17159 = FILL_AREA_STYLE_COLOUR('',#16916);
#17160 = CURVE_STYLE('',#17161,POSITIVE_LENGTH_MEASURE(0.1),#16919);
#17161 = DRAUGHTING_PRE_DEFINED_CURVE_FONT('continuous');
#17162 = MECHANICAL_DESIGN_GEOMETRIC_PRESENTATION_REPRESENTATION('',(
    #17163),#2091);
#17163 = STYLED_ITEM('color',(#17164),#1941);
#17164 = PRESENTATION_STYLE_ASSIGNMENT((#17165,#17170));
#17165 = SURFACE_STYLE_USAGE(.BOTH.,#17166);
#17166 = SURFACE_SIDE_STYLE('',(#17167));
#17167 = SURFACE_STYLE_FILL_AREA(#17168);
#17168 = FILL_AREA_STYLE('',(#17169));
#17169 = FILL_AREA_STYLE_COLOUR('',#16916);
#17170 = CURVE_STYLE('',#17171,POSITIVE_LENGTH_MEASURE(0.1),#16919);
#17171 = DRAUGHTING_PRE_DEFINED_CURVE_FONT('continuous');
#17172 = MECHANICAL_DESIGN_GEOMETRIC_PRESENTATION_REPRESENTATION('',(
    #17173),#13447);
#17173 = STYLED_ITEM('color',(#17174),#13229);
#17174 = PRESENTATION_STYLE_ASSIGNMENT((#17175,#17180));
#17175 = SURFACE_STYLE_USAGE(.BOTH.,#17176);
#17176 = SURFACE_SIDE_STYLE('',(#17177));
#17177 = SURFACE_STYLE_FILL_AREA(#17178);
#17178 = FILL_AREA_STYLE('',(#17179));
#17179 = FILL_AREA_STYLE_COLOUR('',#16928);
#17180 = CURVE_STYLE('',#17181,POSITIVE_LENGTH_MEASURE(0.1),#16931);
#17181 = DRAUGHTING_PRE_DEFINED_CURVE_FONT('continuous');
#17182 = MECHANICAL_DESIGN_GEOMETRIC_PRESENTATION_REPRESENTATION('',(
    #17183),#3871);
#17183 = STYLED_ITEM('color',(#17184),#3721);
#17184 = PRESENTATION_STYLE_ASSIGNMENT((#17185,#17190));
#17185 = SURFACE_STYLE_USAGE(.BOTH.,#17186);
#17186 = SURFACE_SIDE_STYLE('',(#17187));
#17187 = SURFACE_STYLE_FILL_AREA(#17188);
#17188 = FILL_AREA_STYLE('',(#17189));
#17189 = FILL_AREA_STYLE_COLOUR('',#16916);
#17190 = CURVE_STYLE('',#17191,POSITIVE_LENGTH_MEASURE(0.1),#16919);
#17191 = DRAUGHTING_PRE_DEFINED_CURVE_FONT('continuous');
#17192 = MECHANICAL_DESIGN_GEOMETRIC_PRESENTATION_REPRESENTATION('',(
    #17193),#15666);
#17193 = STYLED_ITEM('color',(#17194),#15448);
#17194 = PRESENTATION_STYLE_ASSIGNMENT((#17195,#17200));
#17195 = SURFACE_STYLE_USAGE(.BOTH.,#17196);
#17196 = SURFACE_SIDE_STYLE('',(#17197));
#17197 = SURFACE_STYLE_FILL_AREA(#17198);
#17198 = FILL_AREA_STYLE('',(#17199));
#17199 = FILL_AREA_STYLE_COLOUR('',#16928);
#17200 = CURVE_STYLE('',#17201,POSITIVE_LENGTH_MEASURE(0.1),#16931);
#17201 = DRAUGHTING_PRE_DEFINED_CURVE_FONT('continuous');
#17202 = MECHANICAL_DESIGN_GEOMETRIC_PRESENTATION_REPRESENTATION('',(
    #17203),#9549);
#17203 = STYLED_ITEM('color',(#17204),#9331);
#17204 = PRESENTATION_STYLE_ASSIGNMENT((#17205,#17210));
#17205 = SURFACE_STYLE_USAGE(.BOTH.,#17206);
#17206 = SURFACE_SIDE_STYLE('',(#17207));
#17207 = SURFACE_STYLE_FILL_AREA(#17208);
#17208 = FILL_AREA_STYLE('',(#17209));
#17209 = FILL_AREA_STYLE_COLOUR('',#16928);
#17210 = CURVE_STYLE('',#17211,POSITIVE_LENGTH_MEASURE(0.1),#16931);
#17211 = DRAUGHTING_PRE_DEFINED_CURVE_FONT('continuous');
#17212 = MECHANICAL_DESIGN_GEOMETRIC_PRESENTATION_REPRESENTATION('',(
    #17213),#4040);
#17213 = STYLED_ITEM('color',(#17214),#3890);
#17214 = PRESENTATION_STYLE_ASSIGNMENT((#17215,#17220));
#17215 = SURFACE_STYLE_USAGE(.BOTH.,#17216);
#17216 = SURFACE_SIDE_STYLE('',(#17217));
#17217 = SURFACE_STYLE_FILL_AREA(#17218);
#17218 = FILL_AREA_STYLE('',(#17219));
#17219 = FILL_AREA_STYLE_COLOUR('',#16916);
#17220 = CURVE_STYLE('',#17221,POSITIVE_LENGTH_MEASURE(0.1),#16919);
#17221 = DRAUGHTING_PRE_DEFINED_CURVE_FONT('continuous');
#17222 = MECHANICAL_DESIGN_GEOMETRIC_PRESENTATION_REPRESENTATION('',(
    #17223),#9718);
#17223 = STYLED_ITEM('color',(#17224),#9568);
#17224 = PRESENTATION_STYLE_ASSIGNMENT((#17225,#17230));
#17225 = SURFACE_STYLE_USAGE(.BOTH.,#17226);
#17226 = SURFACE_SIDE_STYLE('',(#17227));
#17227 = SURFACE_STYLE_FILL_AREA(#17228);
#17228 = FILL_AREA_STYLE('',(#17229));
#17229 = FILL_AREA_STYLE_COLOUR('',#16916);
#17230 = CURVE_STYLE('',#17231,POSITIVE_LENGTH_MEASURE(0.1),#16919);
#17231 = DRAUGHTING_PRE_DEFINED_CURVE_FONT('continuous');
#17232 = MECHANICAL_DESIGN_GEOMETRIC_PRESENTATION_REPRESENTATION('',(
    #17233),#5414);
#17233 = STYLED_ITEM('color',(#17234),#4059);
#17234 = PRESENTATION_STYLE_ASSIGNMENT((#17235,#17240));
#17235 = SURFACE_STYLE_USAGE(.BOTH.,#17236);
#17236 = SURFACE_SIDE_STYLE('',(#17237));
#17237 = SURFACE_STYLE_FILL_AREA(#17238);
#17238 = FILL_AREA_STYLE('',(#17239));
#17239 = FILL_AREA_STYLE_COLOUR('',#16928);
#17240 = CURVE_STYLE('',#17241,POSITIVE_LENGTH_MEASURE(0.1),#16931);
#17241 = DRAUGHTING_PRE_DEFINED_CURVE_FONT('continuous');
ENDSEC;
END-ISO-10303-21;
