ISO-10303-21;
HEADER;
FILE_DESCRIPTION(('FreeCAD Model'),'2;1');
FILE_NAME('Open CASCADE Shape Model','2026-07-12T13:46:25',(''),(''),
  'Open CASCADE STEP processor 7.8','FreeCAD','Unknown');
FILE_SCHEMA(('AUTOMOTIVE_DESIGN { 1 0 10303 214 1 1 1 1 }'));
ENDSEC;
DATA;
#1 = APPLICATION_PROTOCOL_DEFINITION('international standard',
  'automotive_design',2000,#2);
#2 = APPLICATION_CONTEXT(
  'core data for automotive mechanical design processes');
#3 = SHAPE_DEFINITION_REPRESENTATION(#4,#10);
#4 = PRODUCT_DEFINITION_SHAPE('','',#5);
#5 = PRODUCT_DEFINITION('design','',#6,#9);
#6 = PRODUCT_DEFINITION_FORMATION('','',#7);
#7 = PRODUCT('DA803_350_3P_black_blue_green',
  'DA803_350_3P_black_blue_green','',(#8));
#8 = PRODUCT_CONTEXT('',#2,'mechanical');
#9 = PRODUCT_DEFINITION_CONTEXT('part definition',#2,'design');
#10 = SHAPE_REPRESENTATION('',(#11,#15,#19,#23,#27,#31,#35,#39,#43,#47,
    #51,#55,#59,#63),#67);
#11 = AXIS2_PLACEMENT_3D('',#12,#13,#14);
#12 = CARTESIAN_POINT('',(0.,0.,0.));
#13 = DIRECTION('',(0.,0.,1.));
#14 = DIRECTION('',(1.,0.,-0.));
#15 = AXIS2_PLACEMENT_3D('',#16,#17,#18);
#16 = CARTESIAN_POINT('',(0.,0.,0.));
#17 = DIRECTION('',(0.,0.,1.));
#18 = DIRECTION('',(1.,0.,0.));
#19 = AXIS2_PLACEMENT_3D('',#20,#21,#22);
#20 = CARTESIAN_POINT('',(0.,0.,0.));
#21 = DIRECTION('',(0.,0.,1.));
#22 = DIRECTION('',(1.,0.,0.));
#23 = AXIS2_PLACEMENT_3D('',#24,#25,#26);
#24 = CARTESIAN_POINT('',(0.,0.,0.));
#25 = DIRECTION('',(0.,0.,1.));
#26 = DIRECTION('',(1.,0.,0.));
#27 = AXIS2_PLACEMENT_3D('',#28,#29,#30);
#28 = CARTESIAN_POINT('',(0.,0.,0.));
#29 = DIRECTION('',(0.,0.,1.));
#30 = DIRECTION('',(1.,0.,0.));
#31 = AXIS2_PLACEMENT_3D('',#32,#33,#34);
#32 = CARTESIAN_POINT('',(0.,0.,0.));
#33 = DIRECTION('',(0.,0.,1.));
#34 = DIRECTION('',(1.,0.,0.));
#35 = AXIS2_PLACEMENT_3D('',#36,#37,#38);
#36 = CARTESIAN_POINT('',(0.,0.,0.));
#37 = DIRECTION('',(0.,0.,1.));
#38 = DIRECTION('',(1.,0.,0.));
#39 = AXIS2_PLACEMENT_3D('',#40,#41,#42);
#40 = CARTESIAN_POINT('',(0.,0.,0.));
#41 = DIRECTION('',(0.,0.,1.));
#42 = DIRECTION('',(1.,0.,0.));
#43 = AXIS2_PLACEMENT_3D('',#44,#45,#46);
#44 = CARTESIAN_POINT('',(0.,0.,0.));
#45 = DIRECTION('',(0.,0.,1.));
#46 = DIRECTION('',(1.,0.,0.));
#47 = AXIS2_PLACEMENT_3D('',#48,#49,#50);
#48 = CARTESIAN_POINT('',(0.,0.,0.));
#49 = DIRECTION('',(0.,0.,1.));
#50 = DIRECTION('',(1.,0.,0.));
#51 = AXIS2_PLACEMENT_3D('',#52,#53,#54);
#52 = CARTESIAN_POINT('',(0.,0.,0.));
#53 = DIRECTION('',(0.,0.,1.));
#54 = DIRECTION('',(1.,0.,0.));
#55 = AXIS2_PLACEMENT_3D('',#56,#57,#58);
#56 = CARTESIAN_POINT('',(0.,0.,0.));
#57 = DIRECTION('',(0.,0.,1.));
#58 = DIRECTION('',(1.,0.,0.));
#59 = AXIS2_PLACEMENT_3D('',#60,#61,#62);
#60 = CARTESIAN_POINT('',(0.,0.,0.));
#61 = DIRECTION('',(0.,0.,1.));
#62 = DIRECTION('',(1.,0.,0.));
#63 = AXIS2_PLACEMENT_3D('',#64,#65,#66);
#64 = CARTESIAN_POINT('',(0.,0.,0.));
#65 = DIRECTION('',(0.,0.,1.));
#66 = DIRECTION('',(1.,0.,0.));
#67 = ( GEOMETRIC_REPRESENTATION_CONTEXT(3) 
GLOBAL_UNCERTAINTY_ASSIGNED_CONTEXT((#71)) GLOBAL_UNIT_ASSIGNED_CONTEXT(
(#68,#69,#70)) REPRESENTATION_CONTEXT('Context #1',
  '3D Context with UNIT and UNCERTAINTY') );
#68 = ( LENGTH_UNIT() NAMED_UNIT(*) SI_UNIT(.MILLI.,.METRE.) );
#69 = ( NAMED_UNIT(*) PLANE_ANGLE_UNIT() SI_UNIT($,.RADIAN.) );
#70 = ( NAMED_UNIT(*) SI_UNIT($,.STERADIAN.) SOLID_ANGLE_UNIT() );
#71 = UNCERTAINTY_MEASURE_WITH_UNIT(LENGTH_MEASURE(1.E-07),#68,
  'distance_accuracy_value','confusion accuracy');
#72 = PRODUCT_RELATED_PRODUCT_CATEGORY('part',$,(#7));
#73 = SHAPE_DEFINITION_REPRESENTATION(#74,#80);
#74 = PRODUCT_DEFINITION_SHAPE('','',#75);
#75 = PRODUCT_DEFINITION('design','',#76,#79);
#76 = PRODUCT_DEFINITION_FORMATION('','',#77);
#77 = PRODUCT('Housing P1','Housing P1','',(#78));
#78 = PRODUCT_CONTEXT('',#2,'mechanical');
#79 = PRODUCT_DEFINITION_CONTEXT('part definition',#2,'design');
#80 = ADVANCED_BREP_SHAPE_REPRESENTATION('',(#11,#81),#1174);
#81 = MANIFOLD_SOLID_BREP('',#82);
#82 = CLOSED_SHELL('',(#83,#175,#208,#241,#332,#365,#390,#415,#440,#465,
    #490,#549,#566,#597,#614,#639,#671,#696,#736,#768,#792,#817,#834,
    #865,#874,#883,#892,#901,#919,#950,#974,#999,#1016,#1034,#1058,#1069
    ,#1093,#1110,#1122,#1139,#1151,#1162));
#83 = ADVANCED_FACE('',(#84,#126,#137,#148,#159),#170,.F.);
#84 = FACE_BOUND('',#85,.F.);
#85 = EDGE_LOOP('',(#86,#96,#104,#112,#120));
#86 = ORIENTED_EDGE('',*,*,#87,.F.);
#87 = EDGE_CURVE('',#88,#90,#92,.T.);
#88 = VERTEX_POINT('',#89);
#89 = CARTESIAN_POINT('',(-2.775557561563E-17,0.18,0.18));
#90 = VERTEX_POINT('',#91);
#91 = CARTESIAN_POINT('',(-2.775557561563E-17,0.18,8.985454545455));
#92 = LINE('',#93,#94);
#93 = CARTESIAN_POINT('',(-2.775557561563E-17,0.18,0.));
#94 = VECTOR('',#95,1.);
#95 = DIRECTION('',(0.,0.,1.));
#96 = ORIENTED_EDGE('',*,*,#97,.T.);
#97 = EDGE_CURVE('',#88,#98,#100,.T.);
#98 = VERTEX_POINT('',#99);
#99 = CARTESIAN_POINT('',(-2.775557561563E-17,12.32,0.18));
#100 = LINE('',#101,#102);
#101 = CARTESIAN_POINT('',(-2.775557561563E-17,0.,0.18));
#102 = VECTOR('',#103,1.);
#103 = DIRECTION('',(-0.,1.,0.));
#104 = ORIENTED_EDGE('',*,*,#105,.T.);
#105 = EDGE_CURVE('',#98,#106,#108,.T.);
#106 = VERTEX_POINT('',#107);
#107 = CARTESIAN_POINT('',(-2.775557561563E-17,12.32,10.42));
#108 = LINE('',#109,#110);
#109 = CARTESIAN_POINT('',(-2.775557561563E-17,12.32,0.));
#110 = VECTOR('',#111,1.);
#111 = DIRECTION('',(0.,0.,1.));
#112 = ORIENTED_EDGE('',*,*,#113,.F.);
#113 = EDGE_CURVE('',#114,#106,#116,.T.);
#114 = VERTEX_POINT('',#115);
#115 = CARTESIAN_POINT('',(-2.775557561563E-17,1.885945945946,10.42));
#116 = LINE('',#117,#118);
#117 = CARTESIAN_POINT('',(-2.775557561563E-17,0.,10.42));
#118 = VECTOR('',#119,1.);
#119 = DIRECTION('',(-0.,1.,0.));
#120 = ORIENTED_EDGE('',*,*,#121,.F.);
#121 = EDGE_CURVE('',#90,#114,#122,.T.);
#122 = LINE('',#123,#124);
#123 = CARTESIAN_POINT('',(0.,-1.125779122542,7.88741301059));
#124 = VECTOR('',#125,1.);
#125 = DIRECTION('',(0.,0.765362085905,0.643599935875));
#126 = FACE_BOUND('',#127,.F.);
#127 = EDGE_LOOP('',(#128));
#128 = ORIENTED_EDGE('',*,*,#129,.F.);
#129 = EDGE_CURVE('',#130,#130,#132,.T.);
#130 = VERTEX_POINT('',#131);
#131 = CARTESIAN_POINT('',(0.,7.3,3.48));
#132 = CIRCLE('',#133,0.48);
#133 = AXIS2_PLACEMENT_3D('',#134,#135,#136);
#134 = CARTESIAN_POINT('',(0.,7.3,3.));
#135 = DIRECTION('',(1.,0.,0.));
#136 = DIRECTION('',(-0.,0.,1.));
#137 = FACE_BOUND('',#138,.F.);
#138 = EDGE_LOOP('',(#139));
#139 = ORIENTED_EDGE('',*,*,#140,.F.);
#140 = EDGE_CURVE('',#141,#141,#143,.T.);
#141 = VERTEX_POINT('',#142);
#142 = CARTESIAN_POINT('',(0.,9.6,7.58));
#143 = CIRCLE('',#144,0.48);
#144 = AXIS2_PLACEMENT_3D('',#145,#146,#147);
#145 = CARTESIAN_POINT('',(0.,9.6,7.1));
#146 = DIRECTION('',(1.,0.,0.));
#147 = DIRECTION('',(-0.,0.,1.));
#148 = FACE_BOUND('',#149,.F.);
#149 = EDGE_LOOP('',(#150));
#150 = ORIENTED_EDGE('',*,*,#151,.F.);
#151 = EDGE_CURVE('',#152,#152,#154,.T.);
#152 = VERTEX_POINT('',#153);
#153 = CARTESIAN_POINT('',(0.,2.4,3.48));
#154 = CIRCLE('',#155,0.48);
#155 = AXIS2_PLACEMENT_3D('',#156,#157,#158);
#156 = CARTESIAN_POINT('',(0.,2.4,3.));
#157 = DIRECTION('',(1.,0.,0.));
#158 = DIRECTION('',(-0.,0.,1.));
#159 = FACE_BOUND('',#160,.F.);
#160 = EDGE_LOOP('',(#161));
#161 = ORIENTED_EDGE('',*,*,#162,.F.);
#162 = EDGE_CURVE('',#163,#163,#165,.T.);
#163 = VERTEX_POINT('',#164);
#164 = CARTESIAN_POINT('',(0.,4.7,7.58));
#165 = CIRCLE('',#166,0.48);
#166 = AXIS2_PLACEMENT_3D('',#167,#168,#169);
#167 = CARTESIAN_POINT('',(0.,4.7,7.1));
#168 = DIRECTION('',(1.,0.,0.));
#169 = DIRECTION('',(-0.,0.,1.));
#170 = PLANE('',#171);
#171 = AXIS2_PLACEMENT_3D('',#172,#173,#174);
#172 = CARTESIAN_POINT('',(0.,0.,0.));
#173 = DIRECTION('',(1.,0.,-0.));
#174 = DIRECTION('',(0.,0.,1.));
#175 = ADVANCED_FACE('',(#176),#203,.T.);
#176 = FACE_BOUND('',#177,.T.);
#177 = EDGE_LOOP('',(#178,#179,#188,#196));
#178 = ORIENTED_EDGE('',*,*,#87,.F.);
#179 = ORIENTED_EDGE('',*,*,#180,.T.);
#180 = EDGE_CURVE('',#88,#181,#183,.T.);
#181 = VERTEX_POINT('',#182);
#182 = CARTESIAN_POINT('',(0.18,-2.775557561563E-17,0.18));
#183 = CIRCLE('',#184,0.18);
#184 = AXIS2_PLACEMENT_3D('',#185,#186,#187);
#185 = CARTESIAN_POINT('',(0.18,0.18,0.18));
#186 = DIRECTION('',(0.,0.,1.));
#187 = DIRECTION('',(-1.,0.,0.));
#188 = ORIENTED_EDGE('',*,*,#189,.T.);
#189 = EDGE_CURVE('',#181,#190,#192,.T.);
#190 = VERTEX_POINT('',#191);
#191 = CARTESIAN_POINT('',(0.18,-2.775557561563E-17,8.834090909091));
#192 = LINE('',#193,#194);
#193 = CARTESIAN_POINT('',(0.18,-2.775557561563E-17,0.));
#194 = VECTOR('',#195,1.);
#195 = DIRECTION('',(0.,0.,1.));
#196 = ORIENTED_EDGE('',*,*,#197,.T.);
#197 = EDGE_CURVE('',#190,#90,#198,.T.);
#198 = ELLIPSE('',#199,0.23518280212,0.18);
#199 = AXIS2_PLACEMENT_3D('',#200,#201,#202);
#200 = CARTESIAN_POINT('',(0.18,0.18,8.985454545455));
#201 = DIRECTION('',(0.,0.643599935875,-0.765362085905));
#202 = DIRECTION('',(0.,0.765362085905,0.643599935875));
#203 = CYLINDRICAL_SURFACE('',#204,0.18);
#204 = AXIS2_PLACEMENT_3D('',#205,#206,#207);
#205 = CARTESIAN_POINT('',(0.18,0.18,0.));
#206 = DIRECTION('',(0.,0.,1.));
#207 = DIRECTION('',(-1.,-0.,0.));
#208 = ADVANCED_FACE('',(#209),#236,.T.);
#209 = FACE_BOUND('',#210,.F.);
#210 = EDGE_LOOP('',(#211,#220,#228,#235));
#211 = ORIENTED_EDGE('',*,*,#212,.F.);
#212 = EDGE_CURVE('',#213,#88,#215,.T.);
#213 = VERTEX_POINT('',#214);
#214 = CARTESIAN_POINT('',(0.18,0.18,0.));
#215 = CIRCLE('',#216,0.18);
#216 = AXIS2_PLACEMENT_3D('',#217,#218,#219);
#217 = CARTESIAN_POINT('',(0.18,0.18,0.18));
#218 = DIRECTION('',(0.,1.,-0.));
#219 = DIRECTION('',(-1.,0.,0.));
#220 = ORIENTED_EDGE('',*,*,#221,.T.);
#221 = EDGE_CURVE('',#213,#222,#224,.T.);
#222 = VERTEX_POINT('',#223);
#223 = CARTESIAN_POINT('',(0.18,12.32,0.));
#224 = LINE('',#225,#226);
#225 = CARTESIAN_POINT('',(0.18,0.,-2.775557561563E-17));
#226 = VECTOR('',#227,1.);
#227 = DIRECTION('',(-0.,1.,0.));
#228 = ORIENTED_EDGE('',*,*,#229,.T.);
#229 = EDGE_CURVE('',#222,#98,#230,.T.);
#230 = CIRCLE('',#231,0.18);
#231 = AXIS2_PLACEMENT_3D('',#232,#233,#234);
#232 = CARTESIAN_POINT('',(0.18,12.32,0.18));
#233 = DIRECTION('',(0.,1.,-0.));
#234 = DIRECTION('',(-1.,0.,0.));
#235 = ORIENTED_EDGE('',*,*,#97,.F.);
#236 = CYLINDRICAL_SURFACE('',#237,0.18);
#237 = AXIS2_PLACEMENT_3D('',#238,#239,#240);
#238 = CARTESIAN_POINT('',(0.18,0.,0.18));
#239 = DIRECTION('',(-0.,1.,0.));
#240 = DIRECTION('',(-1.,-0.,0.));
#241 = ADVANCED_FACE('',(#242),#327,.F.);
#242 = FACE_BOUND('',#243,.F.);
#243 = EDGE_LOOP('',(#244,#253,#261,#269,#277,#285,#293,#302,#310,#319,
    #325,#326));
#244 = ORIENTED_EDGE('',*,*,#245,.T.);
#245 = EDGE_CURVE('',#114,#246,#248,.T.);
#246 = VERTEX_POINT('',#247);
#247 = CARTESIAN_POINT('',(0.18,2.1,10.6));
#248 = ELLIPSE('',#249,0.279676845765,0.18);
#249 = AXIS2_PLACEMENT_3D('',#250,#251,#252);
#250 = CARTESIAN_POINT('',(0.18,1.885945945946,10.42));
#251 = DIRECTION('',(0.,0.643599935875,-0.765362085905));
#252 = DIRECTION('',(0.,0.765362085905,0.643599935875));
#253 = ORIENTED_EDGE('',*,*,#254,.T.);
#254 = EDGE_CURVE('',#246,#255,#257,.T.);
#255 = VERTEX_POINT('',#256);
#256 = CARTESIAN_POINT('',(0.34,2.1,10.6));
#257 = LINE('',#258,#259);
#258 = CARTESIAN_POINT('',(-0.1,2.1,10.6));
#259 = VECTOR('',#260,1.);
#260 = DIRECTION('',(1.,0.,0.));
#261 = ORIENTED_EDGE('',*,*,#262,.F.);
#262 = EDGE_CURVE('',#263,#255,#265,.T.);
#263 = VERTEX_POINT('',#264);
#264 = CARTESIAN_POINT('',(0.34,0.75,9.464772727273));
#265 = LINE('',#266,#267);
#266 = CARTESIAN_POINT('',(0.34,1.216937972769,9.857425113464));
#267 = VECTOR('',#268,1.);
#268 = DIRECTION('',(0.,0.765362085905,0.643599935875));
#269 = ORIENTED_EDGE('',*,*,#270,.F.);
#270 = EDGE_CURVE('',#271,#263,#273,.T.);
#271 = VERTEX_POINT('',#272);
#272 = CARTESIAN_POINT('',(3.16,0.75,9.464772727273));
#273 = LINE('',#274,#275);
#274 = CARTESIAN_POINT('',(0.12,0.75,9.464772727273));
#275 = VECTOR('',#276,1.);
#276 = DIRECTION('',(-1.,0.,-0.));
#277 = ORIENTED_EDGE('',*,*,#278,.T.);
#278 = EDGE_CURVE('',#271,#279,#281,.T.);
#279 = VERTEX_POINT('',#280);
#280 = CARTESIAN_POINT('',(3.16,2.1,10.6));
#281 = LINE('',#282,#283);
#282 = CARTESIAN_POINT('',(3.16,1.216937972769,9.857425113464));
#283 = VECTOR('',#284,1.);
#284 = DIRECTION('',(0.,0.765362085905,0.643599935875));
#285 = ORIENTED_EDGE('',*,*,#286,.T.);
#286 = EDGE_CURVE('',#279,#287,#289,.T.);
#287 = VERTEX_POINT('',#288);
#288 = CARTESIAN_POINT('',(3.32,2.1,10.6));
#289 = LINE('',#290,#291);
#290 = CARTESIAN_POINT('',(-0.1,2.1,10.6));
#291 = VECTOR('',#292,1.);
#292 = DIRECTION('',(1.,0.,0.));
#293 = ORIENTED_EDGE('',*,*,#294,.T.);
#294 = EDGE_CURVE('',#287,#295,#297,.T.);
#295 = VERTEX_POINT('',#296);
#296 = CARTESIAN_POINT('',(3.5,1.885945945946,10.42));
#297 = ELLIPSE('',#298,0.279676845765,0.18);
#298 = AXIS2_PLACEMENT_3D('',#299,#300,#301);
#299 = CARTESIAN_POINT('',(3.32,1.885945945946,10.42));
#300 = DIRECTION('',(0.,0.643599935875,-0.765362085905));
#301 = DIRECTION('',(0.,0.765362085905,0.643599935875));
#302 = ORIENTED_EDGE('',*,*,#303,.F.);
#303 = EDGE_CURVE('',#304,#295,#306,.T.);
#304 = VERTEX_POINT('',#305);
#305 = CARTESIAN_POINT('',(3.5,0.18,8.985454545455));
#306 = LINE('',#307,#308);
#307 = CARTESIAN_POINT('',(3.5,-1.125779122542,7.88741301059));
#308 = VECTOR('',#309,1.);
#309 = DIRECTION('',(0.,0.765362085905,0.643599935875));
#310 = ORIENTED_EDGE('',*,*,#311,.T.);
#311 = EDGE_CURVE('',#304,#312,#314,.T.);
#312 = VERTEX_POINT('',#313);
#313 = CARTESIAN_POINT('',(3.32,-2.775557561563E-17,8.834090909091));
#314 = ELLIPSE('',#315,0.23518280212,0.18);
#315 = AXIS2_PLACEMENT_3D('',#316,#317,#318);
#316 = CARTESIAN_POINT('',(3.32,0.18,8.985454545455));
#317 = DIRECTION('',(0.,0.643599935875,-0.765362085905));
#318 = DIRECTION('',(0.,0.765362085905,0.643599935875));
#319 = ORIENTED_EDGE('',*,*,#320,.T.);
#320 = EDGE_CURVE('',#312,#190,#321,.T.);
#321 = LINE('',#322,#323);
#322 = CARTESIAN_POINT('',(-5.E-02,2.22044604925E-16,8.834090909091));
#323 = VECTOR('',#324,1.);
#324 = DIRECTION('',(-1.,0.,-0.));
#325 = ORIENTED_EDGE('',*,*,#197,.T.);
#326 = ORIENTED_EDGE('',*,*,#121,.T.);
#327 = PLANE('',#328);
#328 = AXIS2_PLACEMENT_3D('',#329,#330,#331);
#329 = CARTESIAN_POINT('',(-0.1,2.1,10.6));
#330 = DIRECTION('',(0.,0.643599935875,-0.765362085905));
#331 = DIRECTION('',(0.,-0.765362085905,-0.643599935875));
#332 = ADVANCED_FACE('',(#333),#360,.T.);
#333 = FACE_BOUND('',#334,.F.);
#334 = EDGE_LOOP('',(#335,#336,#345,#353));
#335 = ORIENTED_EDGE('',*,*,#105,.F.);
#336 = ORIENTED_EDGE('',*,*,#337,.T.);
#337 = EDGE_CURVE('',#98,#338,#340,.T.);
#338 = VERTEX_POINT('',#339);
#339 = CARTESIAN_POINT('',(0.18,12.5,0.18));
#340 = CIRCLE('',#341,0.18);
#341 = AXIS2_PLACEMENT_3D('',#342,#343,#344);
#342 = CARTESIAN_POINT('',(0.18,12.32,0.18));
#343 = DIRECTION('',(-0.,0.,-1.));
#344 = DIRECTION('',(-1.,0.,0.));
#345 = ORIENTED_EDGE('',*,*,#346,.T.);
#346 = EDGE_CURVE('',#338,#347,#349,.T.);
#347 = VERTEX_POINT('',#348);
#348 = CARTESIAN_POINT('',(0.18,12.5,10.42));
#349 = LINE('',#350,#351);
#350 = CARTESIAN_POINT('',(0.18,12.5,0.));
#351 = VECTOR('',#352,1.);
#352 = DIRECTION('',(0.,0.,1.));
#353 = ORIENTED_EDGE('',*,*,#354,.T.);
#354 = EDGE_CURVE('',#347,#106,#355,.T.);
#355 = CIRCLE('',#356,0.18);
#356 = AXIS2_PLACEMENT_3D('',#357,#358,#359);
#357 = CARTESIAN_POINT('',(0.18,12.32,10.42));
#358 = DIRECTION('',(0.,0.,1.));
#359 = DIRECTION('',(-1.,-0.,0.));
#360 = CYLINDRICAL_SURFACE('',#361,0.18);
#361 = AXIS2_PLACEMENT_3D('',#362,#363,#364);
#362 = CARTESIAN_POINT('',(0.18,12.32,0.));
#363 = DIRECTION('',(0.,0.,1.));
#364 = DIRECTION('',(-1.,-0.,0.));
#365 = ADVANCED_FACE('',(#366),#385,.T.);
#366 = FACE_BOUND('',#367,.T.);
#367 = EDGE_LOOP('',(#368,#369,#377,#384));
#368 = ORIENTED_EDGE('',*,*,#245,.T.);
#369 = ORIENTED_EDGE('',*,*,#370,.T.);
#370 = EDGE_CURVE('',#246,#371,#373,.T.);
#371 = VERTEX_POINT('',#372);
#372 = CARTESIAN_POINT('',(0.18,12.32,10.6));
#373 = LINE('',#374,#375);
#374 = CARTESIAN_POINT('',(0.18,0.,10.6));
#375 = VECTOR('',#376,1.);
#376 = DIRECTION('',(-0.,1.,0.));
#377 = ORIENTED_EDGE('',*,*,#378,.F.);
#378 = EDGE_CURVE('',#106,#371,#379,.T.);
#379 = CIRCLE('',#380,0.18);
#380 = AXIS2_PLACEMENT_3D('',#381,#382,#383);
#381 = CARTESIAN_POINT('',(0.18,12.32,10.42));
#382 = DIRECTION('',(-0.,1.,0.));
#383 = DIRECTION('',(-1.,-0.,0.));
#384 = ORIENTED_EDGE('',*,*,#113,.F.);
#385 = CYLINDRICAL_SURFACE('',#386,0.18);
#386 = AXIS2_PLACEMENT_3D('',#387,#388,#389);
#387 = CARTESIAN_POINT('',(0.18,0.,10.42));
#388 = DIRECTION('',(-0.,1.,0.));
#389 = DIRECTION('',(-1.,-0.,0.));
#390 = ADVANCED_FACE('',(#391),#410,.F.);
#391 = FACE_BOUND('',#392,.F.);
#392 = EDGE_LOOP('',(#393,#401,#408,#409));
#393 = ORIENTED_EDGE('',*,*,#394,.T.);
#394 = EDGE_CURVE('',#130,#395,#397,.T.);
#395 = VERTEX_POINT('',#396);
#396 = CARTESIAN_POINT('',(0.27,7.3,3.48));
#397 = LINE('',#398,#399);
#398 = CARTESIAN_POINT('',(-5.E-02,7.3,3.48));
#399 = VECTOR('',#400,1.);
#400 = DIRECTION('',(1.,0.,0.));
#401 = ORIENTED_EDGE('',*,*,#402,.F.);
#402 = EDGE_CURVE('',#395,#395,#403,.T.);
#403 = CIRCLE('',#404,0.48);
#404 = AXIS2_PLACEMENT_3D('',#405,#406,#407);
#405 = CARTESIAN_POINT('',(0.27,7.3,3.));
#406 = DIRECTION('',(1.,0.,0.));
#407 = DIRECTION('',(-0.,0.,1.));
#408 = ORIENTED_EDGE('',*,*,#394,.F.);
#409 = ORIENTED_EDGE('',*,*,#129,.T.);
#410 = CYLINDRICAL_SURFACE('',#411,0.48);
#411 = AXIS2_PLACEMENT_3D('',#412,#413,#414);
#412 = CARTESIAN_POINT('',(-5.E-02,7.3,3.));
#413 = DIRECTION('',(1.,0.,0.));
#414 = DIRECTION('',(-0.,0.,1.));
#415 = ADVANCED_FACE('',(#416),#435,.F.);
#416 = FACE_BOUND('',#417,.F.);
#417 = EDGE_LOOP('',(#418,#426,#433,#434));
#418 = ORIENTED_EDGE('',*,*,#419,.T.);
#419 = EDGE_CURVE('',#141,#420,#422,.T.);
#420 = VERTEX_POINT('',#421);
#421 = CARTESIAN_POINT('',(0.27,9.6,7.58));
#422 = LINE('',#423,#424);
#423 = CARTESIAN_POINT('',(-5.E-02,9.6,7.58));
#424 = VECTOR('',#425,1.);
#425 = DIRECTION('',(1.,0.,0.));
#426 = ORIENTED_EDGE('',*,*,#427,.F.);
#427 = EDGE_CURVE('',#420,#420,#428,.T.);
#428 = CIRCLE('',#429,0.48);
#429 = AXIS2_PLACEMENT_3D('',#430,#431,#432);
#430 = CARTESIAN_POINT('',(0.27,9.6,7.1));
#431 = DIRECTION('',(1.,0.,0.));
#432 = DIRECTION('',(-0.,0.,1.));
#433 = ORIENTED_EDGE('',*,*,#419,.F.);
#434 = ORIENTED_EDGE('',*,*,#140,.T.);
#435 = CYLINDRICAL_SURFACE('',#436,0.48);
#436 = AXIS2_PLACEMENT_3D('',#437,#438,#439);
#437 = CARTESIAN_POINT('',(-5.E-02,9.6,7.1));
#438 = DIRECTION('',(1.,0.,0.));
#439 = DIRECTION('',(-0.,0.,1.));
#440 = ADVANCED_FACE('',(#441),#460,.F.);
#441 = FACE_BOUND('',#442,.F.);
#442 = EDGE_LOOP('',(#443,#451,#458,#459));
#443 = ORIENTED_EDGE('',*,*,#444,.T.);
#444 = EDGE_CURVE('',#152,#445,#447,.T.);
#445 = VERTEX_POINT('',#446);
#446 = CARTESIAN_POINT('',(0.27,2.4,3.48));
#447 = LINE('',#448,#449);
#448 = CARTESIAN_POINT('',(-5.E-02,2.4,3.48));
#449 = VECTOR('',#450,1.);
#450 = DIRECTION('',(1.,0.,0.));
#451 = ORIENTED_EDGE('',*,*,#452,.F.);
#452 = EDGE_CURVE('',#445,#445,#453,.T.);
#453 = CIRCLE('',#454,0.48);
#454 = AXIS2_PLACEMENT_3D('',#455,#456,#457);
#455 = CARTESIAN_POINT('',(0.27,2.4,3.));
#456 = DIRECTION('',(1.,0.,0.));
#457 = DIRECTION('',(-0.,0.,1.));
#458 = ORIENTED_EDGE('',*,*,#444,.F.);
#459 = ORIENTED_EDGE('',*,*,#151,.T.);
#460 = CYLINDRICAL_SURFACE('',#461,0.48);
#461 = AXIS2_PLACEMENT_3D('',#462,#463,#464);
#462 = CARTESIAN_POINT('',(-5.E-02,2.4,3.));
#463 = DIRECTION('',(1.,0.,0.));
#464 = DIRECTION('',(-0.,0.,1.));
#465 = ADVANCED_FACE('',(#466),#485,.F.);
#466 = FACE_BOUND('',#467,.F.);
#467 = EDGE_LOOP('',(#468,#476,#483,#484));
#468 = ORIENTED_EDGE('',*,*,#469,.T.);
#469 = EDGE_CURVE('',#163,#470,#472,.T.);
#470 = VERTEX_POINT('',#471);
#471 = CARTESIAN_POINT('',(0.27,4.7,7.58));
#472 = LINE('',#473,#474);
#473 = CARTESIAN_POINT('',(-5.E-02,4.7,7.58));
#474 = VECTOR('',#475,1.);
#475 = DIRECTION('',(1.,0.,0.));
#476 = ORIENTED_EDGE('',*,*,#477,.F.);
#477 = EDGE_CURVE('',#470,#470,#478,.T.);
#478 = CIRCLE('',#479,0.48);
#479 = AXIS2_PLACEMENT_3D('',#480,#481,#482);
#480 = CARTESIAN_POINT('',(0.27,4.7,7.1));
#481 = DIRECTION('',(1.,0.,0.));
#482 = DIRECTION('',(-0.,0.,1.));
#483 = ORIENTED_EDGE('',*,*,#469,.F.);
#484 = ORIENTED_EDGE('',*,*,#162,.T.);
#485 = CYLINDRICAL_SURFACE('',#486,0.48);
#486 = AXIS2_PLACEMENT_3D('',#487,#488,#489);
#487 = CARTESIAN_POINT('',(-5.E-02,4.7,7.1));
#488 = DIRECTION('',(1.,0.,0.));
#489 = DIRECTION('',(-0.,0.,1.));
#490 = ADVANCED_FACE('',(#491,#509),#544,.F.);
#491 = FACE_BOUND('',#492,.F.);
#492 = EDGE_LOOP('',(#493,#501,#502,#503));
#493 = ORIENTED_EDGE('',*,*,#494,.F.);
#494 = EDGE_CURVE('',#181,#495,#497,.T.);
#495 = VERTEX_POINT('',#496);
#496 = CARTESIAN_POINT('',(3.32,-2.775557561563E-17,0.18));
#497 = LINE('',#498,#499);
#498 = CARTESIAN_POINT('',(0.,-2.775557561563E-17,0.18));
#499 = VECTOR('',#500,1.);
#500 = DIRECTION('',(1.,0.,-0.));
#501 = ORIENTED_EDGE('',*,*,#189,.T.);
#502 = ORIENTED_EDGE('',*,*,#320,.F.);
#503 = ORIENTED_EDGE('',*,*,#504,.F.);
#504 = EDGE_CURVE('',#495,#312,#505,.T.);
#505 = LINE('',#506,#507);
#506 = CARTESIAN_POINT('',(3.32,-2.775557561563E-17,0.));
#507 = VECTOR('',#508,1.);
#508 = DIRECTION('',(0.,0.,1.));
#509 = FACE_BOUND('',#510,.F.);
#510 = EDGE_LOOP('',(#511,#521,#529,#537));
#511 = ORIENTED_EDGE('',*,*,#512,.F.);
#512 = EDGE_CURVE('',#513,#515,#517,.T.);
#513 = VERTEX_POINT('',#514);
#514 = CARTESIAN_POINT('',(2.85,0.,8.1));
#515 = VERTEX_POINT('',#516);
#516 = CARTESIAN_POINT('',(2.85,0.,4.782623792125));
#517 = LINE('',#518,#519);
#518 = CARTESIAN_POINT('',(2.85,0.,2.));
#519 = VECTOR('',#520,1.);
#520 = DIRECTION('',(-0.,0.,-1.));
#521 = ORIENTED_EDGE('',*,*,#522,.F.);
#522 = EDGE_CURVE('',#523,#513,#525,.T.);
#523 = VERTEX_POINT('',#524);
#524 = CARTESIAN_POINT('',(0.65,0.,8.1));
#525 = LINE('',#526,#527);
#526 = CARTESIAN_POINT('',(0.325,0.,8.1));
#527 = VECTOR('',#528,1.);
#528 = DIRECTION('',(1.,0.,-0.));
#529 = ORIENTED_EDGE('',*,*,#530,.T.);
#530 = EDGE_CURVE('',#523,#531,#533,.T.);
#531 = VERTEX_POINT('',#532);
#532 = CARTESIAN_POINT('',(0.65,0.,4.782623792125));
#533 = LINE('',#534,#535);
#534 = CARTESIAN_POINT('',(0.65,0.,2.));
#535 = VECTOR('',#536,1.);
#536 = DIRECTION('',(-0.,0.,-1.));
#537 = ORIENTED_EDGE('',*,*,#538,.F.);
#538 = EDGE_CURVE('',#515,#531,#539,.T.);
#539 = CIRCLE('',#540,1.35);
#540 = AXIS2_PLACEMENT_3D('',#541,#542,#543);
#541 = CARTESIAN_POINT('',(1.75,0.,4.));
#542 = DIRECTION('',(0.,1.,0.));
#543 = DIRECTION('',(0.,-0.,1.));
#544 = PLANE('',#545);
#545 = AXIS2_PLACEMENT_3D('',#546,#547,#548);
#546 = CARTESIAN_POINT('',(0.,0.,0.));
#547 = DIRECTION('',(-0.,1.,0.));
#548 = DIRECTION('',(0.,0.,1.));
#549 = ADVANCED_FACE('',(#550),#561,.T.);
#550 = FACE_BOUND('',#551,.T.);
#551 = EDGE_LOOP('',(#552,#553,#560));
#552 = ORIENTED_EDGE('',*,*,#212,.F.);
#553 = ORIENTED_EDGE('',*,*,#554,.T.);
#554 = EDGE_CURVE('',#213,#181,#555,.T.);
#555 = CIRCLE('',#556,0.18);
#556 = AXIS2_PLACEMENT_3D('',#557,#558,#559);
#557 = CARTESIAN_POINT('',(0.18,0.18,0.18));
#558 = DIRECTION('',(-1.,6.123233995737E-17,0.));
#559 = DIRECTION('',(-6.123233995737E-17,-1.,0.));
#560 = ORIENTED_EDGE('',*,*,#180,.F.);
#561 = SPHERICAL_SURFACE('',#562,0.18);
#562 = AXIS2_PLACEMENT_3D('',#563,#564,#565);
#563 = CARTESIAN_POINT('',(0.18,0.18,0.18));
#564 = DIRECTION('',(0.,0.,1.));
#565 = DIRECTION('',(-1.,0.,0.));
#566 = ADVANCED_FACE('',(#567),#592,.F.);
#567 = FACE_BOUND('',#568,.F.);
#568 = EDGE_LOOP('',(#569,#570,#578,#586));
#569 = ORIENTED_EDGE('',*,*,#221,.F.);
#570 = ORIENTED_EDGE('',*,*,#571,.T.);
#571 = EDGE_CURVE('',#213,#572,#574,.T.);
#572 = VERTEX_POINT('',#573);
#573 = CARTESIAN_POINT('',(3.32,0.18,0.));
#574 = LINE('',#575,#576);
#575 = CARTESIAN_POINT('',(0.,0.18,-2.775557561563E-17));
#576 = VECTOR('',#577,1.);
#577 = DIRECTION('',(1.,0.,-0.));
#578 = ORIENTED_EDGE('',*,*,#579,.T.);
#579 = EDGE_CURVE('',#572,#580,#582,.T.);
#580 = VERTEX_POINT('',#581);
#581 = CARTESIAN_POINT('',(3.32,12.32,0.));
#582 = LINE('',#583,#584);
#583 = CARTESIAN_POINT('',(3.32,0.,-2.775557561563E-17));
#584 = VECTOR('',#585,1.);
#585 = DIRECTION('',(-0.,1.,0.));
#586 = ORIENTED_EDGE('',*,*,#587,.F.);
#587 = EDGE_CURVE('',#222,#580,#588,.T.);
#588 = LINE('',#589,#590);
#589 = CARTESIAN_POINT('',(0.,12.32,-2.775557561563E-17));
#590 = VECTOR('',#591,1.);
#591 = DIRECTION('',(1.,0.,-0.));
#592 = PLANE('',#593);
#593 = AXIS2_PLACEMENT_3D('',#594,#595,#596);
#594 = CARTESIAN_POINT('',(0.,0.,0.));
#595 = DIRECTION('',(0.,0.,1.));
#596 = DIRECTION('',(1.,0.,-0.));
#597 = ADVANCED_FACE('',(#598),#609,.T.);
#598 = FACE_BOUND('',#599,.F.);
#599 = EDGE_LOOP('',(#600,#601,#608));
#600 = ORIENTED_EDGE('',*,*,#229,.F.);
#601 = ORIENTED_EDGE('',*,*,#602,.T.);
#602 = EDGE_CURVE('',#222,#338,#603,.T.);
#603 = CIRCLE('',#604,0.18);
#604 = AXIS2_PLACEMENT_3D('',#605,#606,#607);
#605 = CARTESIAN_POINT('',(0.18,12.32,0.18));
#606 = DIRECTION('',(1.,6.123233995737E-17,-0.));
#607 = DIRECTION('',(-6.123233995737E-17,1.,0.));
#608 = ORIENTED_EDGE('',*,*,#337,.F.);
#609 = SPHERICAL_SURFACE('',#610,0.18);
#610 = AXIS2_PLACEMENT_3D('',#611,#612,#613);
#611 = CARTESIAN_POINT('',(0.18,12.32,0.18));
#612 = DIRECTION('',(0.,0.,1.));
#613 = DIRECTION('',(-1.,0.,0.));
#614 = ADVANCED_FACE('',(#615),#634,.T.);
#615 = FACE_BOUND('',#616,.F.);
#616 = EDGE_LOOP('',(#617,#625,#632,#633));
#617 = ORIENTED_EDGE('',*,*,#618,.F.);
#618 = EDGE_CURVE('',#619,#304,#621,.T.);
#619 = VERTEX_POINT('',#620);
#620 = CARTESIAN_POINT('',(3.5,0.18,0.18));
#621 = LINE('',#622,#623);
#622 = CARTESIAN_POINT('',(3.5,0.18,0.));
#623 = VECTOR('',#624,1.);
#624 = DIRECTION('',(0.,0.,1.));
#625 = ORIENTED_EDGE('',*,*,#626,.T.);
#626 = EDGE_CURVE('',#619,#495,#627,.T.);
#627 = CIRCLE('',#628,0.18);
#628 = AXIS2_PLACEMENT_3D('',#629,#630,#631);
#629 = CARTESIAN_POINT('',(3.32,0.18,0.18));
#630 = DIRECTION('',(0.,-0.,-1.));
#631 = DIRECTION('',(1.,0.,-0.));
#632 = ORIENTED_EDGE('',*,*,#504,.T.);
#633 = ORIENTED_EDGE('',*,*,#311,.F.);
#634 = CYLINDRICAL_SURFACE('',#635,0.18);
#635 = AXIS2_PLACEMENT_3D('',#636,#637,#638);
#636 = CARTESIAN_POINT('',(3.32,0.18,0.));
#637 = DIRECTION('',(0.,0.,1.));
#638 = DIRECTION('',(1.,0.,-0.));
#639 = ADVANCED_FACE('',(#640),#666,.T.);
#640 = FACE_BOUND('',#641,.T.);
#641 = EDGE_LOOP('',(#642,#643,#651,#659,#665));
#642 = ORIENTED_EDGE('',*,*,#618,.F.);
#643 = ORIENTED_EDGE('',*,*,#644,.T.);
#644 = EDGE_CURVE('',#619,#645,#647,.T.);
#645 = VERTEX_POINT('',#646);
#646 = CARTESIAN_POINT('',(3.5,12.32,0.18));
#647 = LINE('',#648,#649);
#648 = CARTESIAN_POINT('',(3.5,0.,0.18));
#649 = VECTOR('',#650,1.);
#650 = DIRECTION('',(-0.,1.,0.));
#651 = ORIENTED_EDGE('',*,*,#652,.T.);
#652 = EDGE_CURVE('',#645,#653,#655,.T.);
#653 = VERTEX_POINT('',#654);
#654 = CARTESIAN_POINT('',(3.5,12.32,10.42));
#655 = LINE('',#656,#657);
#656 = CARTESIAN_POINT('',(3.5,12.32,0.));
#657 = VECTOR('',#658,1.);
#658 = DIRECTION('',(0.,0.,1.));
#659 = ORIENTED_EDGE('',*,*,#660,.F.);
#660 = EDGE_CURVE('',#295,#653,#661,.T.);
#661 = LINE('',#662,#663);
#662 = CARTESIAN_POINT('',(3.5,0.,10.42));
#663 = VECTOR('',#664,1.);
#664 = DIRECTION('',(-0.,1.,0.));
#665 = ORIENTED_EDGE('',*,*,#303,.F.);
#666 = PLANE('',#667);
#667 = AXIS2_PLACEMENT_3D('',#668,#669,#670);
#668 = CARTESIAN_POINT('',(3.5,0.,0.));
#669 = DIRECTION('',(1.,0.,-0.));
#670 = DIRECTION('',(0.,0.,1.));
#671 = ADVANCED_FACE('',(#672),#691,.T.);
#672 = FACE_BOUND('',#673,.F.);
#673 = EDGE_LOOP('',(#674,#675,#683,#690));
#674 = ORIENTED_EDGE('',*,*,#294,.F.);
#675 = ORIENTED_EDGE('',*,*,#676,.T.);
#676 = EDGE_CURVE('',#287,#677,#679,.T.);
#677 = VERTEX_POINT('',#678);
#678 = CARTESIAN_POINT('',(3.32,12.32,10.6));
#679 = LINE('',#680,#681);
#680 = CARTESIAN_POINT('',(3.32,0.,10.6));
#681 = VECTOR('',#682,1.);
#682 = DIRECTION('',(-0.,1.,0.));
#683 = ORIENTED_EDGE('',*,*,#684,.F.);
#684 = EDGE_CURVE('',#653,#677,#685,.T.);
#685 = CIRCLE('',#686,0.18);
#686 = AXIS2_PLACEMENT_3D('',#687,#688,#689);
#687 = CARTESIAN_POINT('',(3.32,12.32,10.42));
#688 = DIRECTION('',(0.,-1.,-0.));
#689 = DIRECTION('',(1.,0.,0.));
#690 = ORIENTED_EDGE('',*,*,#660,.F.);
#691 = CYLINDRICAL_SURFACE('',#692,0.18);
#692 = AXIS2_PLACEMENT_3D('',#693,#694,#695);
#693 = CARTESIAN_POINT('',(3.32,0.,10.42));
#694 = DIRECTION('',(-0.,1.,0.));
#695 = DIRECTION('',(1.,0.,-0.));
#696 = ADVANCED_FACE('',(#697),#731,.T.);
#697 = FACE_BOUND('',#698,.T.);
#698 = EDGE_LOOP('',(#699,#700,#701,#709,#717,#723,#724,#725));
#699 = ORIENTED_EDGE('',*,*,#370,.F.);
#700 = ORIENTED_EDGE('',*,*,#254,.T.);
#701 = ORIENTED_EDGE('',*,*,#702,.T.);
#702 = EDGE_CURVE('',#255,#703,#705,.T.);
#703 = VERTEX_POINT('',#704);
#704 = CARTESIAN_POINT('',(0.34,9.5,10.6));
#705 = LINE('',#706,#707);
#706 = CARTESIAN_POINT('',(0.34,0.375,10.6));
#707 = VECTOR('',#708,1.);
#708 = DIRECTION('',(-0.,1.,0.));
#709 = ORIENTED_EDGE('',*,*,#710,.F.);
#710 = EDGE_CURVE('',#711,#703,#713,.T.);
#711 = VERTEX_POINT('',#712);
#712 = CARTESIAN_POINT('',(3.16,9.5,10.6));
#713 = LINE('',#714,#715);
#714 = CARTESIAN_POINT('',(0.17,9.5,10.6));
#715 = VECTOR('',#716,1.);
#716 = DIRECTION('',(-1.,-0.,0.));
#717 = ORIENTED_EDGE('',*,*,#718,.F.);
#718 = EDGE_CURVE('',#279,#711,#719,.T.);
#719 = LINE('',#720,#721);
#720 = CARTESIAN_POINT('',(3.16,0.375,10.6));
#721 = VECTOR('',#722,1.);
#722 = DIRECTION('',(-0.,1.,0.));
#723 = ORIENTED_EDGE('',*,*,#286,.T.);
#724 = ORIENTED_EDGE('',*,*,#676,.T.);
#725 = ORIENTED_EDGE('',*,*,#726,.F.);
#726 = EDGE_CURVE('',#371,#677,#727,.T.);
#727 = LINE('',#728,#729);
#728 = CARTESIAN_POINT('',(0.,12.32,10.6));
#729 = VECTOR('',#730,1.);
#730 = DIRECTION('',(1.,0.,-0.));
#731 = PLANE('',#732);
#732 = AXIS2_PLACEMENT_3D('',#733,#734,#735);
#733 = CARTESIAN_POINT('',(0.,0.,10.6));
#734 = DIRECTION('',(0.,0.,1.));
#735 = DIRECTION('',(1.,0.,-0.));
#736 = ADVANCED_FACE('',(#737),#763,.F.);
#737 = FACE_BOUND('',#738,.F.);
#738 = EDGE_LOOP('',(#739,#747,#755,#761,#762));
#739 = ORIENTED_EDGE('',*,*,#740,.F.);
#740 = EDGE_CURVE('',#741,#271,#743,.T.);
#741 = VERTEX_POINT('',#742);
#742 = CARTESIAN_POINT('',(3.16,0.75,8.62));
#743 = LINE('',#744,#745);
#744 = CARTESIAN_POINT('',(3.16,0.75,8.62));
#745 = VECTOR('',#746,1.);
#746 = DIRECTION('',(0.,0.,1.));
#747 = ORIENTED_EDGE('',*,*,#748,.T.);
#748 = EDGE_CURVE('',#741,#749,#751,.T.);
#749 = VERTEX_POINT('',#750);
#750 = CARTESIAN_POINT('',(3.16,9.5,8.62));
#751 = LINE('',#752,#753);
#752 = CARTESIAN_POINT('',(3.16,0.75,8.62));
#753 = VECTOR('',#754,1.);
#754 = DIRECTION('',(-0.,1.,0.));
#755 = ORIENTED_EDGE('',*,*,#756,.T.);
#756 = EDGE_CURVE('',#749,#711,#757,.T.);
#757 = LINE('',#758,#759);
#758 = CARTESIAN_POINT('',(3.16,9.5,8.62));
#759 = VECTOR('',#760,1.);
#760 = DIRECTION('',(0.,0.,1.));
#761 = ORIENTED_EDGE('',*,*,#718,.F.);
#762 = ORIENTED_EDGE('',*,*,#278,.F.);
#763 = PLANE('',#764);
#764 = AXIS2_PLACEMENT_3D('',#765,#766,#767);
#765 = CARTESIAN_POINT('',(3.16,0.75,8.62));
#766 = DIRECTION('',(1.,0.,-0.));
#767 = DIRECTION('',(0.,0.,1.));
#768 = ADVANCED_FACE('',(#769),#787,.T.);
#769 = FACE_BOUND('',#770,.T.);
#770 = EDGE_LOOP('',(#771,#772,#780,#786));
#771 = ORIENTED_EDGE('',*,*,#740,.F.);
#772 = ORIENTED_EDGE('',*,*,#773,.F.);
#773 = EDGE_CURVE('',#774,#741,#776,.T.);
#774 = VERTEX_POINT('',#775);
#775 = CARTESIAN_POINT('',(0.34,0.75,8.62));
#776 = LINE('',#777,#778);
#777 = CARTESIAN_POINT('',(0.34,0.75,8.62));
#778 = VECTOR('',#779,1.);
#779 = DIRECTION('',(1.,0.,-0.));
#780 = ORIENTED_EDGE('',*,*,#781,.T.);
#781 = EDGE_CURVE('',#774,#263,#782,.T.);
#782 = LINE('',#783,#784);
#783 = CARTESIAN_POINT('',(0.34,0.75,8.62));
#784 = VECTOR('',#785,1.);
#785 = DIRECTION('',(0.,0.,1.));
#786 = ORIENTED_EDGE('',*,*,#270,.F.);
#787 = PLANE('',#788);
#788 = AXIS2_PLACEMENT_3D('',#789,#790,#791);
#789 = CARTESIAN_POINT('',(0.34,0.75,8.62));
#790 = DIRECTION('',(-0.,1.,0.));
#791 = DIRECTION('',(0.,0.,1.));
#792 = ADVANCED_FACE('',(#793),#812,.T.);
#793 = FACE_BOUND('',#794,.T.);
#794 = EDGE_LOOP('',(#795,#796,#804,#810,#811));
#795 = ORIENTED_EDGE('',*,*,#781,.F.);
#796 = ORIENTED_EDGE('',*,*,#797,.T.);
#797 = EDGE_CURVE('',#774,#798,#800,.T.);
#798 = VERTEX_POINT('',#799);
#799 = CARTESIAN_POINT('',(0.34,9.5,8.62));
#800 = LINE('',#801,#802);
#801 = CARTESIAN_POINT('',(0.34,0.75,8.62));
#802 = VECTOR('',#803,1.);
#803 = DIRECTION('',(-0.,1.,0.));
#804 = ORIENTED_EDGE('',*,*,#805,.T.);
#805 = EDGE_CURVE('',#798,#703,#806,.T.);
#806 = LINE('',#807,#808);
#807 = CARTESIAN_POINT('',(0.34,9.5,8.62));
#808 = VECTOR('',#809,1.);
#809 = DIRECTION('',(0.,0.,1.));
#810 = ORIENTED_EDGE('',*,*,#702,.F.);
#811 = ORIENTED_EDGE('',*,*,#262,.F.);
#812 = PLANE('',#813);
#813 = AXIS2_PLACEMENT_3D('',#814,#815,#816);
#814 = CARTESIAN_POINT('',(0.34,0.75,8.62));
#815 = DIRECTION('',(1.,0.,-0.));
#816 = DIRECTION('',(0.,0.,1.));
#817 = ADVANCED_FACE('',(#818),#829,.T.);
#818 = FACE_BOUND('',#819,.F.);
#819 = EDGE_LOOP('',(#820,#821,#828));
#820 = ORIENTED_EDGE('',*,*,#354,.F.);
#821 = ORIENTED_EDGE('',*,*,#822,.T.);
#822 = EDGE_CURVE('',#347,#371,#823,.T.);
#823 = CIRCLE('',#824,0.18);
#824 = AXIS2_PLACEMENT_3D('',#825,#826,#827);
#825 = CARTESIAN_POINT('',(0.18,12.32,10.42));
#826 = DIRECTION('',(1.,0.,6.123233995737E-17));
#827 = DIRECTION('',(-6.123233995737E-17,-0.,1.));
#828 = ORIENTED_EDGE('',*,*,#378,.F.);
#829 = SPHERICAL_SURFACE('',#830,0.18);
#830 = AXIS2_PLACEMENT_3D('',#831,#832,#833);
#831 = CARTESIAN_POINT('',(0.18,12.32,10.42));
#832 = DIRECTION('',(0.,-1.,-0.));
#833 = DIRECTION('',(-1.,-0.,0.));
#834 = ADVANCED_FACE('',(#835),#860,.T.);
#835 = FACE_BOUND('',#836,.T.);
#836 = EDGE_LOOP('',(#837,#838,#846,#854));
#837 = ORIENTED_EDGE('',*,*,#346,.T.);
#838 = ORIENTED_EDGE('',*,*,#839,.T.);
#839 = EDGE_CURVE('',#347,#840,#842,.T.);
#840 = VERTEX_POINT('',#841);
#841 = CARTESIAN_POINT('',(3.32,12.5,10.42));
#842 = LINE('',#843,#844);
#843 = CARTESIAN_POINT('',(0.,12.5,10.42));
#844 = VECTOR('',#845,1.);
#845 = DIRECTION('',(1.,0.,-0.));
#846 = ORIENTED_EDGE('',*,*,#847,.F.);
#847 = EDGE_CURVE('',#848,#840,#850,.T.);
#848 = VERTEX_POINT('',#849);
#849 = CARTESIAN_POINT('',(3.32,12.5,0.18));
#850 = LINE('',#851,#852);
#851 = CARTESIAN_POINT('',(3.32,12.5,0.));
#852 = VECTOR('',#853,1.);
#853 = DIRECTION('',(0.,0.,1.));
#854 = ORIENTED_EDGE('',*,*,#855,.F.);
#855 = EDGE_CURVE('',#338,#848,#856,.T.);
#856 = LINE('',#857,#858);
#857 = CARTESIAN_POINT('',(0.,12.5,0.18));
#858 = VECTOR('',#859,1.);
#859 = DIRECTION('',(1.,0.,-0.));
#860 = PLANE('',#861);
#861 = AXIS2_PLACEMENT_3D('',#862,#863,#864);
#862 = CARTESIAN_POINT('',(0.,12.5,0.));
#863 = DIRECTION('',(-0.,1.,0.));
#864 = DIRECTION('',(0.,0.,1.));
#865 = ADVANCED_FACE('',(#866),#869,.F.);
#866 = FACE_BOUND('',#867,.F.);
#867 = EDGE_LOOP('',(#868));
#868 = ORIENTED_EDGE('',*,*,#402,.T.);
#869 = PLANE('',#870);
#870 = AXIS2_PLACEMENT_3D('',#871,#872,#873);
#871 = CARTESIAN_POINT('',(0.27,7.3,3.));
#872 = DIRECTION('',(1.,0.,0.));
#873 = DIRECTION('',(-0.,0.,1.));
#874 = ADVANCED_FACE('',(#875),#878,.F.);
#875 = FACE_BOUND('',#876,.F.);
#876 = EDGE_LOOP('',(#877));
#877 = ORIENTED_EDGE('',*,*,#427,.T.);
#878 = PLANE('',#879);
#879 = AXIS2_PLACEMENT_3D('',#880,#881,#882);
#880 = CARTESIAN_POINT('',(0.27,9.6,7.1));
#881 = DIRECTION('',(1.,0.,0.));
#882 = DIRECTION('',(-0.,0.,1.));
#883 = ADVANCED_FACE('',(#884),#887,.F.);
#884 = FACE_BOUND('',#885,.F.);
#885 = EDGE_LOOP('',(#886));
#886 = ORIENTED_EDGE('',*,*,#452,.T.);
#887 = PLANE('',#888);
#888 = AXIS2_PLACEMENT_3D('',#889,#890,#891);
#889 = CARTESIAN_POINT('',(0.27,2.4,3.));
#890 = DIRECTION('',(1.,0.,0.));
#891 = DIRECTION('',(-0.,0.,1.));
#892 = ADVANCED_FACE('',(#893),#896,.F.);
#893 = FACE_BOUND('',#894,.F.);
#894 = EDGE_LOOP('',(#895));
#895 = ORIENTED_EDGE('',*,*,#477,.T.);
#896 = PLANE('',#897);
#897 = AXIS2_PLACEMENT_3D('',#898,#899,#900);
#898 = CARTESIAN_POINT('',(0.27,4.7,7.1));
#899 = DIRECTION('',(1.,0.,0.));
#900 = DIRECTION('',(-0.,0.,1.));
#901 = ADVANCED_FACE('',(#902),#914,.T.);
#902 = FACE_BOUND('',#903,.T.);
#903 = EDGE_LOOP('',(#904,#905,#906,#913));
#904 = ORIENTED_EDGE('',*,*,#554,.F.);
#905 = ORIENTED_EDGE('',*,*,#571,.T.);
#906 = ORIENTED_EDGE('',*,*,#907,.T.);
#907 = EDGE_CURVE('',#572,#495,#908,.T.);
#908 = CIRCLE('',#909,0.18);
#909 = AXIS2_PLACEMENT_3D('',#910,#911,#912);
#910 = CARTESIAN_POINT('',(3.32,0.18,0.18));
#911 = DIRECTION('',(-1.,-6.123233995737E-17,0.));
#912 = DIRECTION('',(6.123233995737E-17,-1.,-0.));
#913 = ORIENTED_EDGE('',*,*,#494,.F.);
#914 = CYLINDRICAL_SURFACE('',#915,0.18);
#915 = AXIS2_PLACEMENT_3D('',#916,#917,#918);
#916 = CARTESIAN_POINT('',(0.,0.18,0.18));
#917 = DIRECTION('',(1.,0.,-0.));
#918 = DIRECTION('',(0.,-1.,0.));
#919 = ADVANCED_FACE('',(#920),#945,.F.);
#920 = FACE_BOUND('',#921,.F.);
#921 = EDGE_LOOP('',(#922,#923,#931,#939));
#922 = ORIENTED_EDGE('',*,*,#512,.T.);
#923 = ORIENTED_EDGE('',*,*,#924,.T.);
#924 = EDGE_CURVE('',#515,#925,#927,.T.);
#925 = VERTEX_POINT('',#926);
#926 = CARTESIAN_POINT('',(2.85,4.3,4.782623792125));
#927 = LINE('',#928,#929);
#928 = CARTESIAN_POINT('',(2.85,-5.E-02,4.782623792125));
#929 = VECTOR('',#930,1.);
#930 = DIRECTION('',(0.,1.,0.));
#931 = ORIENTED_EDGE('',*,*,#932,.T.);
#932 = EDGE_CURVE('',#925,#933,#935,.T.);
#933 = VERTEX_POINT('',#934);
#934 = CARTESIAN_POINT('',(2.85,4.3,8.1));
#935 = LINE('',#936,#937);
#936 = CARTESIAN_POINT('',(2.85,4.3,4.));
#937 = VECTOR('',#938,1.);
#938 = DIRECTION('',(0.,0.,1.));
#939 = ORIENTED_EDGE('',*,*,#940,.F.);
#940 = EDGE_CURVE('',#513,#933,#941,.T.);
#941 = LINE('',#942,#943);
#942 = CARTESIAN_POINT('',(2.85,-5.E-02,8.1));
#943 = VECTOR('',#944,1.);
#944 = DIRECTION('',(-0.,1.,0.));
#945 = PLANE('',#946);
#946 = AXIS2_PLACEMENT_3D('',#947,#948,#949);
#947 = CARTESIAN_POINT('',(2.85,-5.E-02,4.));
#948 = DIRECTION('',(1.,0.,-0.));
#949 = DIRECTION('',(0.,0.,1.));
#950 = ADVANCED_FACE('',(#951),#969,.F.);
#951 = FACE_BOUND('',#952,.F.);
#952 = EDGE_LOOP('',(#953,#961,#962,#963));
#953 = ORIENTED_EDGE('',*,*,#954,.F.);
#954 = EDGE_CURVE('',#523,#955,#957,.T.);
#955 = VERTEX_POINT('',#956);
#956 = CARTESIAN_POINT('',(0.65,4.3,8.1));
#957 = LINE('',#958,#959);
#958 = CARTESIAN_POINT('',(0.65,-5.E-02,8.1));
#959 = VECTOR('',#960,1.);
#960 = DIRECTION('',(-0.,1.,0.));
#961 = ORIENTED_EDGE('',*,*,#522,.T.);
#962 = ORIENTED_EDGE('',*,*,#940,.T.);
#963 = ORIENTED_EDGE('',*,*,#964,.F.);
#964 = EDGE_CURVE('',#955,#933,#965,.T.);
#965 = LINE('',#966,#967);
#966 = CARTESIAN_POINT('',(0.65,4.3,8.1));
#967 = VECTOR('',#968,1.);
#968 = DIRECTION('',(1.,0.,-0.));
#969 = PLANE('',#970);
#970 = AXIS2_PLACEMENT_3D('',#971,#972,#973);
#971 = CARTESIAN_POINT('',(0.65,-5.E-02,8.1));
#972 = DIRECTION('',(0.,0.,1.));
#973 = DIRECTION('',(1.,0.,-0.));
#974 = ADVANCED_FACE('',(#975),#994,.F.);
#975 = FACE_BOUND('',#976,.F.);
#976 = EDGE_LOOP('',(#977,#986,#987,#988));
#977 = ORIENTED_EDGE('',*,*,#978,.F.);
#978 = EDGE_CURVE('',#925,#979,#981,.T.);
#979 = VERTEX_POINT('',#980);
#980 = CARTESIAN_POINT('',(0.65,4.3,4.782623792125));
#981 = CIRCLE('',#982,1.35);
#982 = AXIS2_PLACEMENT_3D('',#983,#984,#985);
#983 = CARTESIAN_POINT('',(1.75,4.3,4.));
#984 = DIRECTION('',(0.,1.,0.));
#985 = DIRECTION('',(0.,-0.,1.));
#986 = ORIENTED_EDGE('',*,*,#924,.F.);
#987 = ORIENTED_EDGE('',*,*,#538,.T.);
#988 = ORIENTED_EDGE('',*,*,#989,.T.);
#989 = EDGE_CURVE('',#531,#979,#990,.T.);
#990 = LINE('',#991,#992);
#991 = CARTESIAN_POINT('',(0.65,-5.E-02,4.782623792125));
#992 = VECTOR('',#993,1.);
#993 = DIRECTION('',(0.,1.,0.));
#994 = CYLINDRICAL_SURFACE('',#995,1.35);
#995 = AXIS2_PLACEMENT_3D('',#996,#997,#998);
#996 = CARTESIAN_POINT('',(1.75,-5.E-02,4.));
#997 = DIRECTION('',(0.,1.,0.));
#998 = DIRECTION('',(0.,-0.,1.));
#999 = ADVANCED_FACE('',(#1000),#1011,.T.);
#1000 = FACE_BOUND('',#1001,.T.);
#1001 = EDGE_LOOP('',(#1002,#1003,#1004,#1010));
#1002 = ORIENTED_EDGE('',*,*,#530,.T.);
#1003 = ORIENTED_EDGE('',*,*,#989,.T.);
#1004 = ORIENTED_EDGE('',*,*,#1005,.T.);
#1005 = EDGE_CURVE('',#979,#955,#1006,.T.);
#1006 = LINE('',#1007,#1008);
#1007 = CARTESIAN_POINT('',(0.65,4.3,4.));
#1008 = VECTOR('',#1009,1.);
#1009 = DIRECTION('',(0.,0.,1.));
#1010 = ORIENTED_EDGE('',*,*,#954,.F.);
#1011 = PLANE('',#1012);
#1012 = AXIS2_PLACEMENT_3D('',#1013,#1014,#1015);
#1013 = CARTESIAN_POINT('',(0.65,-5.E-02,4.));
#1014 = DIRECTION('',(1.,0.,-0.));
#1015 = DIRECTION('',(0.,0.,1.));
#1016 = ADVANCED_FACE('',(#1017),#1029,.T.);
#1017 = FACE_BOUND('',#1018,.F.);
#1018 = EDGE_LOOP('',(#1019,#1020,#1021,#1028));
#1019 = ORIENTED_EDGE('',*,*,#602,.F.);
#1020 = ORIENTED_EDGE('',*,*,#587,.T.);
#1021 = ORIENTED_EDGE('',*,*,#1022,.T.);
#1022 = EDGE_CURVE('',#580,#848,#1023,.T.);
#1023 = CIRCLE('',#1024,0.18);
#1024 = AXIS2_PLACEMENT_3D('',#1025,#1026,#1027);
#1025 = CARTESIAN_POINT('',(3.32,12.32,0.18));
#1026 = DIRECTION('',(1.,-6.123233995737E-17,0.));
#1027 = DIRECTION('',(6.123233995737E-17,1.,0.));
#1028 = ORIENTED_EDGE('',*,*,#855,.F.);
#1029 = CYLINDRICAL_SURFACE('',#1030,0.18);
#1030 = AXIS2_PLACEMENT_3D('',#1031,#1032,#1033);
#1031 = CARTESIAN_POINT('',(0.,12.32,0.18));
#1032 = DIRECTION('',(1.,0.,-0.));
#1033 = DIRECTION('',(0.,1.,0.));
#1034 = ADVANCED_FACE('',(#1035),#1053,.T.);
#1035 = FACE_BOUND('',#1036,.T.);
#1036 = EDGE_LOOP('',(#1037,#1044,#1045,#1052));
#1037 = ORIENTED_EDGE('',*,*,#1038,.F.);
#1038 = EDGE_CURVE('',#572,#619,#1039,.T.);
#1039 = CIRCLE('',#1040,0.18);
#1040 = AXIS2_PLACEMENT_3D('',#1041,#1042,#1043);
#1041 = CARTESIAN_POINT('',(3.32,0.18,0.18));
#1042 = DIRECTION('',(0.,-1.,0.));
#1043 = DIRECTION('',(1.,0.,0.));
#1044 = ORIENTED_EDGE('',*,*,#579,.T.);
#1045 = ORIENTED_EDGE('',*,*,#1046,.T.);
#1046 = EDGE_CURVE('',#580,#645,#1047,.T.);
#1047 = CIRCLE('',#1048,0.18);
#1048 = AXIS2_PLACEMENT_3D('',#1049,#1050,#1051);
#1049 = CARTESIAN_POINT('',(3.32,12.32,0.18));
#1050 = DIRECTION('',(0.,-1.,0.));
#1051 = DIRECTION('',(1.,0.,0.));
#1052 = ORIENTED_EDGE('',*,*,#644,.F.);
#1053 = CYLINDRICAL_SURFACE('',#1054,0.18);
#1054 = AXIS2_PLACEMENT_3D('',#1055,#1056,#1057);
#1055 = CARTESIAN_POINT('',(3.32,0.,0.18));
#1056 = DIRECTION('',(-0.,1.,0.));
#1057 = DIRECTION('',(1.,0.,-0.));
#1058 = ADVANCED_FACE('',(#1059),#1064,.T.);
#1059 = FACE_BOUND('',#1060,.F.);
#1060 = EDGE_LOOP('',(#1061,#1062,#1063));
#1061 = ORIENTED_EDGE('',*,*,#1038,.F.);
#1062 = ORIENTED_EDGE('',*,*,#907,.T.);
#1063 = ORIENTED_EDGE('',*,*,#626,.F.);
#1064 = SPHERICAL_SURFACE('',#1065,0.18);
#1065 = AXIS2_PLACEMENT_3D('',#1066,#1067,#1068);
#1066 = CARTESIAN_POINT('',(3.32,0.18,0.18));
#1067 = DIRECTION('',(0.,0.,1.));
#1068 = DIRECTION('',(1.,0.,-0.));
#1069 = ADVANCED_FACE('',(#1070),#1088,.T.);
#1070 = FACE_BOUND('',#1071,.T.);
#1071 = EDGE_LOOP('',(#1072,#1073,#1080,#1081));
#1072 = ORIENTED_EDGE('',*,*,#652,.F.);
#1073 = ORIENTED_EDGE('',*,*,#1074,.T.);
#1074 = EDGE_CURVE('',#645,#848,#1075,.T.);
#1075 = CIRCLE('',#1076,0.18);
#1076 = AXIS2_PLACEMENT_3D('',#1077,#1078,#1079);
#1077 = CARTESIAN_POINT('',(3.32,12.32,0.18));
#1078 = DIRECTION('',(0.,0.,1.));
#1079 = DIRECTION('',(1.,0.,-0.));
#1080 = ORIENTED_EDGE('',*,*,#847,.T.);
#1081 = ORIENTED_EDGE('',*,*,#1082,.T.);
#1082 = EDGE_CURVE('',#840,#653,#1083,.T.);
#1083 = CIRCLE('',#1084,0.18);
#1084 = AXIS2_PLACEMENT_3D('',#1085,#1086,#1087);
#1085 = CARTESIAN_POINT('',(3.32,12.32,10.42));
#1086 = DIRECTION('',(0.,0.,-1.));
#1087 = DIRECTION('',(1.,0.,0.));
#1088 = CYLINDRICAL_SURFACE('',#1089,0.18);
#1089 = AXIS2_PLACEMENT_3D('',#1090,#1091,#1092);
#1090 = CARTESIAN_POINT('',(3.32,12.32,0.));
#1091 = DIRECTION('',(0.,0.,1.));
#1092 = DIRECTION('',(1.,0.,-0.));
#1093 = ADVANCED_FACE('',(#1094),#1105,.T.);
#1094 = FACE_BOUND('',#1095,.T.);
#1095 = EDGE_LOOP('',(#1096,#1097,#1104));
#1096 = ORIENTED_EDGE('',*,*,#1082,.F.);
#1097 = ORIENTED_EDGE('',*,*,#1098,.T.);
#1098 = EDGE_CURVE('',#840,#677,#1099,.T.);
#1099 = CIRCLE('',#1100,0.18);
#1100 = AXIS2_PLACEMENT_3D('',#1101,#1102,#1103);
#1101 = CARTESIAN_POINT('',(3.32,12.32,10.42));
#1102 = DIRECTION('',(1.,0.,-6.123233995737E-17));
#1103 = DIRECTION('',(6.123233995737E-17,0.,1.));
#1104 = ORIENTED_EDGE('',*,*,#684,.F.);
#1105 = SPHERICAL_SURFACE('',#1106,0.18);
#1106 = AXIS2_PLACEMENT_3D('',#1107,#1108,#1109);
#1107 = CARTESIAN_POINT('',(3.32,12.32,10.42));
#1108 = DIRECTION('',(0.,-1.,-0.));
#1109 = DIRECTION('',(1.,0.,0.));
#1110 = ADVANCED_FACE('',(#1111),#1117,.T.);
#1111 = FACE_BOUND('',#1112,.T.);
#1112 = EDGE_LOOP('',(#1113,#1114,#1115,#1116));
#1113 = ORIENTED_EDGE('',*,*,#822,.T.);
#1114 = ORIENTED_EDGE('',*,*,#726,.T.);
#1115 = ORIENTED_EDGE('',*,*,#1098,.F.);
#1116 = ORIENTED_EDGE('',*,*,#839,.F.);
#1117 = CYLINDRICAL_SURFACE('',#1118,0.18);
#1118 = AXIS2_PLACEMENT_3D('',#1119,#1120,#1121);
#1119 = CARTESIAN_POINT('',(0.,12.32,10.42));
#1120 = DIRECTION('',(1.,0.,-0.));
#1121 = DIRECTION('',(0.,1.,0.));
#1122 = ADVANCED_FACE('',(#1123),#1134,.F.);
#1123 = FACE_BOUND('',#1124,.F.);
#1124 = EDGE_LOOP('',(#1125,#1126,#1132,#1133));
#1125 = ORIENTED_EDGE('',*,*,#756,.F.);
#1126 = ORIENTED_EDGE('',*,*,#1127,.F.);
#1127 = EDGE_CURVE('',#798,#749,#1128,.T.);
#1128 = LINE('',#1129,#1130);
#1129 = CARTESIAN_POINT('',(0.34,9.5,8.62));
#1130 = VECTOR('',#1131,1.);
#1131 = DIRECTION('',(1.,0.,-0.));
#1132 = ORIENTED_EDGE('',*,*,#805,.T.);
#1133 = ORIENTED_EDGE('',*,*,#710,.F.);
#1134 = PLANE('',#1135);
#1135 = AXIS2_PLACEMENT_3D('',#1136,#1137,#1138);
#1136 = CARTESIAN_POINT('',(0.34,9.5,8.62));
#1137 = DIRECTION('',(-0.,1.,0.));
#1138 = DIRECTION('',(0.,0.,1.));
#1139 = ADVANCED_FACE('',(#1140),#1146,.T.);
#1140 = FACE_BOUND('',#1141,.T.);
#1141 = EDGE_LOOP('',(#1142,#1143,#1144,#1145));
#1142 = ORIENTED_EDGE('',*,*,#797,.F.);
#1143 = ORIENTED_EDGE('',*,*,#773,.T.);
#1144 = ORIENTED_EDGE('',*,*,#748,.T.);
#1145 = ORIENTED_EDGE('',*,*,#1127,.F.);
#1146 = PLANE('',#1147);
#1147 = AXIS2_PLACEMENT_3D('',#1148,#1149,#1150);
#1148 = CARTESIAN_POINT('',(0.34,0.75,8.62));
#1149 = DIRECTION('',(0.,0.,1.));
#1150 = DIRECTION('',(1.,0.,-0.));
#1151 = ADVANCED_FACE('',(#1152),#1157,.T.);
#1152 = FACE_BOUND('',#1153,.T.);
#1153 = EDGE_LOOP('',(#1154,#1155,#1156));
#1154 = ORIENTED_EDGE('',*,*,#1046,.F.);
#1155 = ORIENTED_EDGE('',*,*,#1022,.T.);
#1156 = ORIENTED_EDGE('',*,*,#1074,.F.);
#1157 = SPHERICAL_SURFACE('',#1158,0.18);
#1158 = AXIS2_PLACEMENT_3D('',#1159,#1160,#1161);
#1159 = CARTESIAN_POINT('',(3.32,12.32,0.18));
#1160 = DIRECTION('',(0.,0.,1.));
#1161 = DIRECTION('',(1.,0.,-0.));
#1162 = ADVANCED_FACE('',(#1163),#1169,.T.);
#1163 = FACE_BOUND('',#1164,.T.);
#1164 = EDGE_LOOP('',(#1165,#1166,#1167,#1168));
#1165 = ORIENTED_EDGE('',*,*,#932,.T.);
#1166 = ORIENTED_EDGE('',*,*,#964,.F.);
#1167 = ORIENTED_EDGE('',*,*,#1005,.F.);
#1168 = ORIENTED_EDGE('',*,*,#978,.F.);
#1169 = PLANE('',#1170);
#1170 = AXIS2_PLACEMENT_3D('',#1171,#1172,#1173);
#1171 = CARTESIAN_POINT('',(1.75,4.3,5.616030404352));
#1172 = DIRECTION('',(-0.,-1.,-0.));
#1173 = DIRECTION('',(0.,0.,-1.));
#1174 = ( GEOMETRIC_REPRESENTATION_CONTEXT(3) 
GLOBAL_UNCERTAINTY_ASSIGNED_CONTEXT((#1178)) 
GLOBAL_UNIT_ASSIGNED_CONTEXT((#1175,#1176,#1177)) REPRESENTATION_CONTEXT
('Context #1','3D Context with UNIT and UNCERTAINTY') );
#1175 = ( LENGTH_UNIT() NAMED_UNIT(*) SI_UNIT(.MILLI.,.METRE.) );
#1176 = ( NAMED_UNIT(*) PLANE_ANGLE_UNIT() SI_UNIT($,.RADIAN.) );
#1177 = ( NAMED_UNIT(*) SI_UNIT($,.STERADIAN.) SOLID_ANGLE_UNIT() );
#1178 = UNCERTAINTY_MEASURE_WITH_UNIT(LENGTH_MEASURE(1.E-07),#1175,
  'distance_accuracy_value','confusion accuracy');
#1179 = CONTEXT_DEPENDENT_SHAPE_REPRESENTATION(#1180,#1182);
#1180 = ( REPRESENTATION_RELATIONSHIP('','',#80,#10) 
REPRESENTATION_RELATIONSHIP_WITH_TRANSFORMATION(#1181) 
SHAPE_REPRESENTATION_RELATIONSHIP() );
#1181 = ITEM_DEFINED_TRANSFORMATION('','',#11,#15);
#1182 = PRODUCT_DEFINITION_SHAPE('Placement','Placement of an item',
  #1183);
#1183 = NEXT_ASSEMBLY_USAGE_OCCURRENCE('1','Housing P1','',#5,#75,$);
#1184 = PRODUCT_RELATED_PRODUCT_CATEGORY('part',$,(#77));
#1185 = SHAPE_DEFINITION_REPRESENTATION(#1186,#1192);
#1186 = PRODUCT_DEFINITION_SHAPE('','',#1187);
#1187 = PRODUCT_DEFINITION('design','',#1188,#1191);
#1188 = PRODUCT_DEFINITION_FORMATION('','',#1189);
#1189 = PRODUCT('Actuator P1','Actuator P1','',(#1190));
#1190 = PRODUCT_CONTEXT('',#2,'mechanical');
#1191 = PRODUCT_DEFINITION_CONTEXT('part definition',#2,'design');
#1192 = ADVANCED_BREP_SHAPE_REPRESENTATION('',(#11,#1193),#1411);
#1193 = MANIFOLD_SOLID_BREP('',#1194);
#1194 = CLOSED_SHELL('',(#1195,#1235,#1266,#1297,#1328,#1361,#1383,#1397
    ));
#1195 = ADVANCED_FACE('',(#1196),#1230,.T.);
#1196 = FACE_BOUND('',#1197,.T.);
#1197 = EDGE_LOOP('',(#1198,#1208,#1216,#1224));
#1198 = ORIENTED_EDGE('',*,*,#1199,.T.);
#1199 = EDGE_CURVE('',#1200,#1202,#1204,.T.);
#1200 = VERTEX_POINT('',#1201);
#1201 = CARTESIAN_POINT('',(0.4,0.1,10.92));
#1202 = VERTEX_POINT('',#1203);
#1203 = CARTESIAN_POINT('',(3.1,0.1,10.92));
#1204 = LINE('',#1205,#1206);
#1205 = CARTESIAN_POINT('',(0.4,0.1,10.92));
#1206 = VECTOR('',#1207,1.);
#1207 = DIRECTION('',(1.,0.,0.));
#1208 = ORIENTED_EDGE('',*,*,#1209,.T.);
#1209 = EDGE_CURVE('',#1202,#1210,#1212,.T.);
#1210 = VERTEX_POINT('',#1211);
#1211 = CARTESIAN_POINT('',(3.1,9.45,10.92));
#1212 = LINE('',#1213,#1214);
#1213 = CARTESIAN_POINT('',(3.1,0.1,10.92));
#1214 = VECTOR('',#1215,1.);
#1215 = DIRECTION('',(0.,1.,0.));
#1216 = ORIENTED_EDGE('',*,*,#1217,.F.);
#1217 = EDGE_CURVE('',#1218,#1210,#1220,.T.);
#1218 = VERTEX_POINT('',#1219);
#1219 = CARTESIAN_POINT('',(0.4,9.45,10.92));
#1220 = LINE('',#1221,#1222);
#1221 = CARTESIAN_POINT('',(0.4,9.45,10.92));
#1222 = VECTOR('',#1223,1.);
#1223 = DIRECTION('',(1.,0.,0.));
#1224 = ORIENTED_EDGE('',*,*,#1225,.F.);
#1225 = EDGE_CURVE('',#1200,#1218,#1226,.T.);
#1226 = LINE('',#1227,#1228);
#1227 = CARTESIAN_POINT('',(0.4,0.1,10.92));
#1228 = VECTOR('',#1229,1.);
#1229 = DIRECTION('',(0.,1.,0.));
#1230 = PLANE('',#1231);
#1231 = AXIS2_PLACEMENT_3D('',#1232,#1233,#1234);
#1232 = CARTESIAN_POINT('',(0.4,0.1,10.92));
#1233 = DIRECTION('',(0.,0.,1.));
#1234 = DIRECTION('',(0.,1.,0.));
#1235 = ADVANCED_FACE('',(#1236),#1261,.T.);
#1236 = FACE_BOUND('',#1237,.T.);
#1237 = EDGE_LOOP('',(#1238,#1248,#1254,#1255));
#1238 = ORIENTED_EDGE('',*,*,#1239,.T.);
#1239 = EDGE_CURVE('',#1240,#1242,#1244,.T.);
#1240 = VERTEX_POINT('',#1241);
#1241 = CARTESIAN_POINT('',(0.4,1.85,8.92));
#1242 = VERTEX_POINT('',#1243);
#1243 = CARTESIAN_POINT('',(3.1,1.85,8.92));
#1244 = LINE('',#1245,#1246);
#1245 = CARTESIAN_POINT('',(0.4,1.85,8.92));
#1246 = VECTOR('',#1247,1.);
#1247 = DIRECTION('',(1.,0.,0.));
#1248 = ORIENTED_EDGE('',*,*,#1249,.T.);
#1249 = EDGE_CURVE('',#1242,#1202,#1250,.T.);
#1250 = LINE('',#1251,#1252);
#1251 = CARTESIAN_POINT('',(3.1,1.85,8.92));
#1252 = VECTOR('',#1253,1.);
#1253 = DIRECTION('',(0.,-0.658504607869,0.752576694707));
#1254 = ORIENTED_EDGE('',*,*,#1199,.F.);
#1255 = ORIENTED_EDGE('',*,*,#1256,.F.);
#1256 = EDGE_CURVE('',#1240,#1200,#1257,.T.);
#1257 = LINE('',#1258,#1259);
#1258 = CARTESIAN_POINT('',(0.4,1.85,8.92));
#1259 = VECTOR('',#1260,1.);
#1260 = DIRECTION('',(0.,-0.658504607869,0.752576694707));
#1261 = PLANE('',#1262);
#1262 = AXIS2_PLACEMENT_3D('',#1263,#1264,#1265);
#1263 = CARTESIAN_POINT('',(0.4,1.85,8.92));
#1264 = DIRECTION('',(0.,-0.752576694707,-0.658504607869));
#1265 = DIRECTION('',(0.,-0.658504607869,0.752576694707));
#1266 = ADVANCED_FACE('',(#1267),#1292,.T.);
#1267 = FACE_BOUND('',#1268,.T.);
#1268 = EDGE_LOOP('',(#1269,#1277,#1278,#1286));
#1269 = ORIENTED_EDGE('',*,*,#1270,.F.);
#1270 = EDGE_CURVE('',#1218,#1271,#1273,.T.);
#1271 = VERTEX_POINT('',#1272);
#1272 = CARTESIAN_POINT('',(0.4,9.45,10.8));
#1273 = LINE('',#1274,#1275);
#1274 = CARTESIAN_POINT('',(0.4,9.45,10.92));
#1275 = VECTOR('',#1276,1.);
#1276 = DIRECTION('',(0.,0.,-1.));
#1277 = ORIENTED_EDGE('',*,*,#1217,.T.);
#1278 = ORIENTED_EDGE('',*,*,#1279,.T.);
#1279 = EDGE_CURVE('',#1210,#1280,#1282,.T.);
#1280 = VERTEX_POINT('',#1281);
#1281 = CARTESIAN_POINT('',(3.1,9.45,10.8));
#1282 = LINE('',#1283,#1284);
#1283 = CARTESIAN_POINT('',(3.1,9.45,10.92));
#1284 = VECTOR('',#1285,1.);
#1285 = DIRECTION('',(0.,0.,-1.));
#1286 = ORIENTED_EDGE('',*,*,#1287,.F.);
#1287 = EDGE_CURVE('',#1271,#1280,#1288,.T.);
#1288 = LINE('',#1289,#1290);
#1289 = CARTESIAN_POINT('',(0.4,9.45,10.8));
#1290 = VECTOR('',#1291,1.);
#1291 = DIRECTION('',(1.,0.,0.));
#1292 = PLANE('',#1293);
#1293 = AXIS2_PLACEMENT_3D('',#1294,#1295,#1296);
#1294 = CARTESIAN_POINT('',(0.4,9.45,10.92));
#1295 = DIRECTION('',(-0.,1.,0.));
#1296 = DIRECTION('',(0.,0.,-1.));
#1297 = ADVANCED_FACE('',(#1298),#1323,.T.);
#1298 = FACE_BOUND('',#1299,.T.);
#1299 = EDGE_LOOP('',(#1300,#1310,#1316,#1317));
#1300 = ORIENTED_EDGE('',*,*,#1301,.T.);
#1301 = EDGE_CURVE('',#1302,#1304,#1306,.T.);
#1302 = VERTEX_POINT('',#1303);
#1303 = CARTESIAN_POINT('',(0.4,9.45,8.92));
#1304 = VERTEX_POINT('',#1305);
#1305 = CARTESIAN_POINT('',(3.1,9.45,8.92));
#1306 = LINE('',#1307,#1308);
#1307 = CARTESIAN_POINT('',(0.4,9.45,8.92));
#1308 = VECTOR('',#1309,1.);
#1309 = DIRECTION('',(1.,0.,0.));
#1310 = ORIENTED_EDGE('',*,*,#1311,.T.);
#1311 = EDGE_CURVE('',#1304,#1242,#1312,.T.);
#1312 = LINE('',#1313,#1314);
#1313 = CARTESIAN_POINT('',(3.1,9.45,8.92));
#1314 = VECTOR('',#1315,1.);
#1315 = DIRECTION('',(0.,-1.,0.));
#1316 = ORIENTED_EDGE('',*,*,#1239,.F.);
#1317 = ORIENTED_EDGE('',*,*,#1318,.F.);
#1318 = EDGE_CURVE('',#1302,#1240,#1319,.T.);
#1319 = LINE('',#1320,#1321);
#1320 = CARTESIAN_POINT('',(0.4,9.45,8.92));
#1321 = VECTOR('',#1322,1.);
#1322 = DIRECTION('',(0.,-1.,0.));
#1323 = PLANE('',#1324);
#1324 = AXIS2_PLACEMENT_3D('',#1325,#1326,#1327);
#1325 = CARTESIAN_POINT('',(0.4,9.45,8.92));
#1326 = DIRECTION('',(0.,0.,-1.));
#1327 = DIRECTION('',(0.,-1.,0.));
#1328 = ADVANCED_FACE('',(#1329),#1356,.T.);
#1329 = FACE_BOUND('',#1330,.T.);
#1330 = EDGE_LOOP('',(#1331,#1332,#1341,#1349));
#1331 = ORIENTED_EDGE('',*,*,#1287,.T.);
#1332 = ORIENTED_EDGE('',*,*,#1333,.F.);
#1333 = EDGE_CURVE('',#1334,#1280,#1336,.T.);
#1334 = VERTEX_POINT('',#1335);
#1335 = CARTESIAN_POINT('',(3.1,9.45,9.64));
#1336 = CIRCLE('',#1337,0.58);
#1337 = AXIS2_PLACEMENT_3D('',#1338,#1339,#1340);
#1338 = CARTESIAN_POINT('',(3.1,9.45,10.22));
#1339 = DIRECTION('',(1.,0.,0.));
#1340 = DIRECTION('',(-0.,0.,1.));
#1341 = ORIENTED_EDGE('',*,*,#1342,.F.);
#1342 = EDGE_CURVE('',#1343,#1334,#1345,.T.);
#1343 = VERTEX_POINT('',#1344);
#1344 = CARTESIAN_POINT('',(0.4,9.45,9.64));
#1345 = LINE('',#1346,#1347);
#1346 = CARTESIAN_POINT('',(0.4,9.45,9.64));
#1347 = VECTOR('',#1348,1.);
#1348 = DIRECTION('',(1.,0.,0.));
#1349 = ORIENTED_EDGE('',*,*,#1350,.T.);
#1350 = EDGE_CURVE('',#1343,#1271,#1351,.T.);
#1351 = CIRCLE('',#1352,0.58);
#1352 = AXIS2_PLACEMENT_3D('',#1353,#1354,#1355);
#1353 = CARTESIAN_POINT('',(0.4,9.45,10.22));
#1354 = DIRECTION('',(1.,0.,0.));
#1355 = DIRECTION('',(-0.,0.,1.));
#1356 = CYLINDRICAL_SURFACE('',#1357,0.58);
#1357 = AXIS2_PLACEMENT_3D('',#1358,#1359,#1360);
#1358 = CARTESIAN_POINT('',(0.4,9.45,10.22));
#1359 = DIRECTION('',(1.,0.,0.));
#1360 = DIRECTION('',(-0.,0.,1.));
#1361 = ADVANCED_FACE('',(#1362),#1378,.T.);
#1362 = FACE_BOUND('',#1363,.T.);
#1363 = EDGE_LOOP('',(#1364,#1370,#1371,#1377));
#1364 = ORIENTED_EDGE('',*,*,#1365,.F.);
#1365 = EDGE_CURVE('',#1343,#1302,#1366,.T.);
#1366 = LINE('',#1367,#1368);
#1367 = CARTESIAN_POINT('',(0.4,9.45,10.92));
#1368 = VECTOR('',#1369,1.);
#1369 = DIRECTION('',(0.,0.,-1.));
#1370 = ORIENTED_EDGE('',*,*,#1342,.T.);
#1371 = ORIENTED_EDGE('',*,*,#1372,.T.);
#1372 = EDGE_CURVE('',#1334,#1304,#1373,.T.);
#1373 = LINE('',#1374,#1375);
#1374 = CARTESIAN_POINT('',(3.1,9.45,10.92));
#1375 = VECTOR('',#1376,1.);
#1376 = DIRECTION('',(0.,0.,-1.));
#1377 = ORIENTED_EDGE('',*,*,#1301,.F.);
#1378 = PLANE('',#1379);
#1379 = AXIS2_PLACEMENT_3D('',#1380,#1381,#1382);
#1380 = CARTESIAN_POINT('',(0.4,9.45,10.92));
#1381 = DIRECTION('',(-0.,1.,0.));
#1382 = DIRECTION('',(0.,0.,-1.));
#1383 = ADVANCED_FACE('',(#1384),#1392,.T.);
#1384 = FACE_BOUND('',#1385,.T.);
#1385 = EDGE_LOOP('',(#1386,#1387,#1388,#1389,#1390,#1391));
#1386 = ORIENTED_EDGE('',*,*,#1256,.T.);
#1387 = ORIENTED_EDGE('',*,*,#1225,.T.);
#1388 = ORIENTED_EDGE('',*,*,#1270,.T.);
#1389 = ORIENTED_EDGE('',*,*,#1350,.F.);
#1390 = ORIENTED_EDGE('',*,*,#1365,.T.);
#1391 = ORIENTED_EDGE('',*,*,#1318,.T.);
#1392 = PLANE('',#1393);
#1393 = AXIS2_PLACEMENT_3D('',#1394,#1395,#1396);
#1394 = CARTESIAN_POINT('',(0.4,5.189445442781,10.006715350488));
#1395 = DIRECTION('',(-1.,-0.,-0.));
#1396 = DIRECTION('',(0.,0.,-1.));
#1397 = ADVANCED_FACE('',(#1398),#1406,.T.);
#1398 = FACE_BOUND('',#1399,.T.);
#1399 = EDGE_LOOP('',(#1400,#1401,#1402,#1403,#1404,#1405));
#1400 = ORIENTED_EDGE('',*,*,#1249,.F.);
#1401 = ORIENTED_EDGE('',*,*,#1311,.F.);
#1402 = ORIENTED_EDGE('',*,*,#1372,.F.);
#1403 = ORIENTED_EDGE('',*,*,#1333,.T.);
#1404 = ORIENTED_EDGE('',*,*,#1279,.F.);
#1405 = ORIENTED_EDGE('',*,*,#1209,.F.);
#1406 = PLANE('',#1407);
#1407 = AXIS2_PLACEMENT_3D('',#1408,#1409,#1410);
#1408 = CARTESIAN_POINT('',(3.1,5.189445442781,10.006715350488));
#1409 = DIRECTION('',(1.,0.,0.));
#1410 = DIRECTION('',(-0.,0.,1.));
#1411 = ( GEOMETRIC_REPRESENTATION_CONTEXT(3) 
GLOBAL_UNCERTAINTY_ASSIGNED_CONTEXT((#1415)) 
GLOBAL_UNIT_ASSIGNED_CONTEXT((#1412,#1413,#1414)) REPRESENTATION_CONTEXT
('Context #1','3D Context with UNIT and UNCERTAINTY') );
#1412 = ( LENGTH_UNIT() NAMED_UNIT(*) SI_UNIT(.MILLI.,.METRE.) );
#1413 = ( NAMED_UNIT(*) PLANE_ANGLE_UNIT() SI_UNIT($,.RADIAN.) );
#1414 = ( NAMED_UNIT(*) SI_UNIT($,.STERADIAN.) SOLID_ANGLE_UNIT() );
#1415 = UNCERTAINTY_MEASURE_WITH_UNIT(LENGTH_MEASURE(1.E-07),#1412,
  'distance_accuracy_value','confusion accuracy');
#1416 = CONTEXT_DEPENDENT_SHAPE_REPRESENTATION(#1417,#1419);
#1417 = ( REPRESENTATION_RELATIONSHIP('','',#1192,#10) 
REPRESENTATION_RELATIONSHIP_WITH_TRANSFORMATION(#1418) 
SHAPE_REPRESENTATION_RELATIONSHIP() );
#1418 = ITEM_DEFINED_TRANSFORMATION('','',#11,#19);
#1419 = PRODUCT_DEFINITION_SHAPE('Placement','Placement of an item',
  #1420);
#1420 = NEXT_ASSEMBLY_USAGE_OCCURRENCE('2','Actuator P1','',#5,#1187,$);
#1421 = PRODUCT_RELATED_PRODUCT_CATEGORY('part',$,(#1189));
#1422 = SHAPE_DEFINITION_REPRESENTATION(#1423,#1429);
#1423 = PRODUCT_DEFINITION_SHAPE('','',#1424);
#1424 = PRODUCT_DEFINITION('design','',#1425,#1428);
#1425 = PRODUCT_DEFINITION_FORMATION('','',#1426);
#1426 = PRODUCT('Terminal Pin P1 A','Terminal Pin P1 A','',(#1427));
#1427 = PRODUCT_CONTEXT('',#2,'mechanical');
#1428 = PRODUCT_DEFINITION_CONTEXT('part definition',#2,'design');
#1429 = ADVANCED_BREP_SHAPE_REPRESENTATION('',(#11,#1430),#1580);
#1430 = MANIFOLD_SOLID_BREP('',#1431);
#1431 = CLOSED_SHELL('',(#1432,#1472,#1512,#1534,#1556,#1568));
#1432 = ADVANCED_FACE('',(#1433),#1467,.F.);
#1433 = FACE_BOUND('',#1434,.F.);
#1434 = EDGE_LOOP('',(#1435,#1445,#1453,#1461));
#1435 = ORIENTED_EDGE('',*,*,#1436,.F.);
#1436 = EDGE_CURVE('',#1437,#1439,#1441,.T.);
#1437 = VERTEX_POINT('',#1438);
#1438 = CARTESIAN_POINT('',(1.85,4.35,-3.5));
#1439 = VERTEX_POINT('',#1440);
#1440 = CARTESIAN_POINT('',(1.85,4.35,0.));
#1441 = LINE('',#1442,#1443);
#1442 = CARTESIAN_POINT('',(1.85,4.35,-3.5));
#1443 = VECTOR('',#1444,1.);
#1444 = DIRECTION('',(0.,0.,1.));
#1445 = ORIENTED_EDGE('',*,*,#1446,.T.);
#1446 = EDGE_CURVE('',#1437,#1447,#1449,.T.);
#1447 = VERTEX_POINT('',#1448);
#1448 = CARTESIAN_POINT('',(1.85,4.85,-3.5));
#1449 = LINE('',#1450,#1451);
#1450 = CARTESIAN_POINT('',(1.85,4.35,-3.5));
#1451 = VECTOR('',#1452,1.);
#1452 = DIRECTION('',(-0.,1.,0.));
#1453 = ORIENTED_EDGE('',*,*,#1454,.T.);
#1454 = EDGE_CURVE('',#1447,#1455,#1457,.T.);
#1455 = VERTEX_POINT('',#1456);
#1456 = CARTESIAN_POINT('',(1.85,4.85,0.));
#1457 = LINE('',#1458,#1459);
#1458 = CARTESIAN_POINT('',(1.85,4.85,-3.5));
#1459 = VECTOR('',#1460,1.);
#1460 = DIRECTION('',(0.,0.,1.));
#1461 = ORIENTED_EDGE('',*,*,#1462,.F.);
#1462 = EDGE_CURVE('',#1439,#1455,#1463,.T.);
#1463 = LINE('',#1464,#1465);
#1464 = CARTESIAN_POINT('',(1.85,4.35,0.));
#1465 = VECTOR('',#1466,1.);
#1466 = DIRECTION('',(-0.,1.,0.));
#1467 = PLANE('',#1468);
#1468 = AXIS2_PLACEMENT_3D('',#1469,#1470,#1471);
#1469 = CARTESIAN_POINT('',(1.85,4.35,-3.5));
#1470 = DIRECTION('',(1.,0.,-0.));
#1471 = DIRECTION('',(0.,0.,1.));
#1472 = ADVANCED_FACE('',(#1473),#1507,.T.);
#1473 = FACE_BOUND('',#1474,.T.);
#1474 = EDGE_LOOP('',(#1475,#1485,#1493,#1501));
#1475 = ORIENTED_EDGE('',*,*,#1476,.F.);
#1476 = EDGE_CURVE('',#1477,#1479,#1481,.T.);
#1477 = VERTEX_POINT('',#1478);
#1478 = CARTESIAN_POINT('',(2.65,4.35,-3.5));
#1479 = VERTEX_POINT('',#1480);
#1480 = CARTESIAN_POINT('',(2.65,4.35,0.));
#1481 = LINE('',#1482,#1483);
#1482 = CARTESIAN_POINT('',(2.65,4.35,-3.5));
#1483 = VECTOR('',#1484,1.);
#1484 = DIRECTION('',(0.,0.,1.));
#1485 = ORIENTED_EDGE('',*,*,#1486,.T.);
#1486 = EDGE_CURVE('',#1477,#1487,#1489,.T.);
#1487 = VERTEX_POINT('',#1488);
#1488 = CARTESIAN_POINT('',(2.65,4.85,-3.5));
#1489 = LINE('',#1490,#1491);
#1490 = CARTESIAN_POINT('',(2.65,4.35,-3.5));
#1491 = VECTOR('',#1492,1.);
#1492 = DIRECTION('',(-0.,1.,0.));
#1493 = ORIENTED_EDGE('',*,*,#1494,.T.);
#1494 = EDGE_CURVE('',#1487,#1495,#1497,.T.);
#1495 = VERTEX_POINT('',#1496);
#1496 = CARTESIAN_POINT('',(2.65,4.85,0.));
#1497 = LINE('',#1498,#1499);
#1498 = CARTESIAN_POINT('',(2.65,4.85,-3.5));
#1499 = VECTOR('',#1500,1.);
#1500 = DIRECTION('',(0.,0.,1.));
#1501 = ORIENTED_EDGE('',*,*,#1502,.F.);
#1502 = EDGE_CURVE('',#1479,#1495,#1503,.T.);
#1503 = LINE('',#1504,#1505);
#1504 = CARTESIAN_POINT('',(2.65,4.35,0.));
#1505 = VECTOR('',#1506,1.);
#1506 = DIRECTION('',(-0.,1.,0.));
#1507 = PLANE('',#1508);
#1508 = AXIS2_PLACEMENT_3D('',#1509,#1510,#1511);
#1509 = CARTESIAN_POINT('',(2.65,4.35,-3.5));
#1510 = DIRECTION('',(1.,0.,-0.));
#1511 = DIRECTION('',(0.,0.,1.));
#1512 = ADVANCED_FACE('',(#1513),#1529,.F.);
#1513 = FACE_BOUND('',#1514,.F.);
#1514 = EDGE_LOOP('',(#1515,#1521,#1522,#1528));
#1515 = ORIENTED_EDGE('',*,*,#1516,.F.);
#1516 = EDGE_CURVE('',#1437,#1477,#1517,.T.);
#1517 = LINE('',#1518,#1519);
#1518 = CARTESIAN_POINT('',(1.85,4.35,-3.5));
#1519 = VECTOR('',#1520,1.);
#1520 = DIRECTION('',(1.,0.,-0.));
#1521 = ORIENTED_EDGE('',*,*,#1436,.T.);
#1522 = ORIENTED_EDGE('',*,*,#1523,.T.);
#1523 = EDGE_CURVE('',#1439,#1479,#1524,.T.);
#1524 = LINE('',#1525,#1526);
#1525 = CARTESIAN_POINT('',(1.85,4.35,0.));
#1526 = VECTOR('',#1527,1.);
#1527 = DIRECTION('',(1.,0.,-0.));
#1528 = ORIENTED_EDGE('',*,*,#1476,.F.);
#1529 = PLANE('',#1530);
#1530 = AXIS2_PLACEMENT_3D('',#1531,#1532,#1533);
#1531 = CARTESIAN_POINT('',(1.85,4.35,-3.5));
#1532 = DIRECTION('',(-0.,1.,0.));
#1533 = DIRECTION('',(0.,0.,1.));
#1534 = ADVANCED_FACE('',(#1535),#1551,.T.);
#1535 = FACE_BOUND('',#1536,.T.);
#1536 = EDGE_LOOP('',(#1537,#1543,#1544,#1550));
#1537 = ORIENTED_EDGE('',*,*,#1538,.F.);
#1538 = EDGE_CURVE('',#1447,#1487,#1539,.T.);
#1539 = LINE('',#1540,#1541);
#1540 = CARTESIAN_POINT('',(1.85,4.85,-3.5));
#1541 = VECTOR('',#1542,1.);
#1542 = DIRECTION('',(1.,0.,-0.));
#1543 = ORIENTED_EDGE('',*,*,#1454,.T.);
#1544 = ORIENTED_EDGE('',*,*,#1545,.T.);
#1545 = EDGE_CURVE('',#1455,#1495,#1546,.T.);
#1546 = LINE('',#1547,#1548);
#1547 = CARTESIAN_POINT('',(1.85,4.85,0.));
#1548 = VECTOR('',#1549,1.);
#1549 = DIRECTION('',(1.,0.,-0.));
#1550 = ORIENTED_EDGE('',*,*,#1494,.F.);
#1551 = PLANE('',#1552);
#1552 = AXIS2_PLACEMENT_3D('',#1553,#1554,#1555);
#1553 = CARTESIAN_POINT('',(1.85,4.85,-3.5));
#1554 = DIRECTION('',(-0.,1.,0.));
#1555 = DIRECTION('',(0.,0.,1.));
#1556 = ADVANCED_FACE('',(#1557),#1563,.F.);
#1557 = FACE_BOUND('',#1558,.F.);
#1558 = EDGE_LOOP('',(#1559,#1560,#1561,#1562));
#1559 = ORIENTED_EDGE('',*,*,#1446,.F.);
#1560 = ORIENTED_EDGE('',*,*,#1516,.T.);
#1561 = ORIENTED_EDGE('',*,*,#1486,.T.);
#1562 = ORIENTED_EDGE('',*,*,#1538,.F.);
#1563 = PLANE('',#1564);
#1564 = AXIS2_PLACEMENT_3D('',#1565,#1566,#1567);
#1565 = CARTESIAN_POINT('',(1.85,4.35,-3.5));
#1566 = DIRECTION('',(0.,0.,1.));
#1567 = DIRECTION('',(1.,0.,-0.));
#1568 = ADVANCED_FACE('',(#1569),#1575,.T.);
#1569 = FACE_BOUND('',#1570,.T.);
#1570 = EDGE_LOOP('',(#1571,#1572,#1573,#1574));
#1571 = ORIENTED_EDGE('',*,*,#1462,.F.);
#1572 = ORIENTED_EDGE('',*,*,#1523,.T.);
#1573 = ORIENTED_EDGE('',*,*,#1502,.T.);
#1574 = ORIENTED_EDGE('',*,*,#1545,.F.);
#1575 = PLANE('',#1576);
#1576 = AXIS2_PLACEMENT_3D('',#1577,#1578,#1579);
#1577 = CARTESIAN_POINT('',(1.85,4.35,0.));
#1578 = DIRECTION('',(0.,0.,1.));
#1579 = DIRECTION('',(1.,0.,-0.));
#1580 = ( GEOMETRIC_REPRESENTATION_CONTEXT(3) 
GLOBAL_UNCERTAINTY_ASSIGNED_CONTEXT((#1584)) 
GLOBAL_UNIT_ASSIGNED_CONTEXT((#1581,#1582,#1583)) REPRESENTATION_CONTEXT
('Context #1','3D Context with UNIT and UNCERTAINTY') );
#1581 = ( LENGTH_UNIT() NAMED_UNIT(*) SI_UNIT(.MILLI.,.METRE.) );
#1582 = ( NAMED_UNIT(*) PLANE_ANGLE_UNIT() SI_UNIT($,.RADIAN.) );
#1583 = ( NAMED_UNIT(*) SI_UNIT($,.STERADIAN.) SOLID_ANGLE_UNIT() );
#1584 = UNCERTAINTY_MEASURE_WITH_UNIT(LENGTH_MEASURE(1.E-07),#1581,
  'distance_accuracy_value','confusion accuracy');
#1585 = CONTEXT_DEPENDENT_SHAPE_REPRESENTATION(#1586,#1588);
#1586 = ( REPRESENTATION_RELATIONSHIP('','',#1429,#10) 
REPRESENTATION_RELATIONSHIP_WITH_TRANSFORMATION(#1587) 
SHAPE_REPRESENTATION_RELATIONSHIP() );
#1587 = ITEM_DEFINED_TRANSFORMATION('','',#11,#23);
#1588 = PRODUCT_DEFINITION_SHAPE('Placement','Placement of an item',
  #1589);
#1589 = NEXT_ASSEMBLY_USAGE_OCCURRENCE('3','Terminal Pin P1 A','',#5,
  #1424,$);
#1590 = PRODUCT_RELATED_PRODUCT_CATEGORY('part',$,(#1426));
#1591 = SHAPE_DEFINITION_REPRESENTATION(#1592,#1598);
#1592 = PRODUCT_DEFINITION_SHAPE('','',#1593);
#1593 = PRODUCT_DEFINITION('design','',#1594,#1597);
#1594 = PRODUCT_DEFINITION_FORMATION('','',#1595);
#1595 = PRODUCT('Terminal Pin P1 B','Terminal Pin P1 B','',(#1596));
#1596 = PRODUCT_CONTEXT('',#2,'mechanical');
#1597 = PRODUCT_DEFINITION_CONTEXT('part definition',#2,'design');
#1598 = ADVANCED_BREP_SHAPE_REPRESENTATION('',(#11,#1599),#1749);
#1599 = MANIFOLD_SOLID_BREP('',#1600);
#1600 = CLOSED_SHELL('',(#1601,#1641,#1681,#1703,#1725,#1737));
#1601 = ADVANCED_FACE('',(#1602),#1636,.F.);
#1602 = FACE_BOUND('',#1603,.F.);
#1603 = EDGE_LOOP('',(#1604,#1614,#1622,#1630));
#1604 = ORIENTED_EDGE('',*,*,#1605,.F.);
#1605 = EDGE_CURVE('',#1606,#1608,#1610,.T.);
#1606 = VERTEX_POINT('',#1607);
#1607 = CARTESIAN_POINT('',(1.85,9.35,-3.5));
#1608 = VERTEX_POINT('',#1609);
#1609 = CARTESIAN_POINT('',(1.85,9.35,0.));
#1610 = LINE('',#1611,#1612);
#1611 = CARTESIAN_POINT('',(1.85,9.35,-3.5));
#1612 = VECTOR('',#1613,1.);
#1613 = DIRECTION('',(0.,0.,1.));
#1614 = ORIENTED_EDGE('',*,*,#1615,.T.);
#1615 = EDGE_CURVE('',#1606,#1616,#1618,.T.);
#1616 = VERTEX_POINT('',#1617);
#1617 = CARTESIAN_POINT('',(1.85,9.85,-3.5));
#1618 = LINE('',#1619,#1620);
#1619 = CARTESIAN_POINT('',(1.85,9.35,-3.5));
#1620 = VECTOR('',#1621,1.);
#1621 = DIRECTION('',(-0.,1.,0.));
#1622 = ORIENTED_EDGE('',*,*,#1623,.T.);
#1623 = EDGE_CURVE('',#1616,#1624,#1626,.T.);
#1624 = VERTEX_POINT('',#1625);
#1625 = CARTESIAN_POINT('',(1.85,9.85,0.));
#1626 = LINE('',#1627,#1628);
#1627 = CARTESIAN_POINT('',(1.85,9.85,-3.5));
#1628 = VECTOR('',#1629,1.);
#1629 = DIRECTION('',(0.,0.,1.));
#1630 = ORIENTED_EDGE('',*,*,#1631,.F.);
#1631 = EDGE_CURVE('',#1608,#1624,#1632,.T.);
#1632 = LINE('',#1633,#1634);
#1633 = CARTESIAN_POINT('',(1.85,9.35,0.));
#1634 = VECTOR('',#1635,1.);
#1635 = DIRECTION('',(-0.,1.,0.));
#1636 = PLANE('',#1637);
#1637 = AXIS2_PLACEMENT_3D('',#1638,#1639,#1640);
#1638 = CARTESIAN_POINT('',(1.85,9.35,-3.5));
#1639 = DIRECTION('',(1.,0.,-0.));
#1640 = DIRECTION('',(0.,0.,1.));
#1641 = ADVANCED_FACE('',(#1642),#1676,.T.);
#1642 = FACE_BOUND('',#1643,.T.);
#1643 = EDGE_LOOP('',(#1644,#1654,#1662,#1670));
#1644 = ORIENTED_EDGE('',*,*,#1645,.F.);
#1645 = EDGE_CURVE('',#1646,#1648,#1650,.T.);
#1646 = VERTEX_POINT('',#1647);
#1647 = CARTESIAN_POINT('',(2.65,9.35,-3.5));
#1648 = VERTEX_POINT('',#1649);
#1649 = CARTESIAN_POINT('',(2.65,9.35,0.));
#1650 = LINE('',#1651,#1652);
#1651 = CARTESIAN_POINT('',(2.65,9.35,-3.5));
#1652 = VECTOR('',#1653,1.);
#1653 = DIRECTION('',(0.,0.,1.));
#1654 = ORIENTED_EDGE('',*,*,#1655,.T.);
#1655 = EDGE_CURVE('',#1646,#1656,#1658,.T.);
#1656 = VERTEX_POINT('',#1657);
#1657 = CARTESIAN_POINT('',(2.65,9.85,-3.5));
#1658 = LINE('',#1659,#1660);
#1659 = CARTESIAN_POINT('',(2.65,9.35,-3.5));
#1660 = VECTOR('',#1661,1.);
#1661 = DIRECTION('',(-0.,1.,0.));
#1662 = ORIENTED_EDGE('',*,*,#1663,.T.);
#1663 = EDGE_CURVE('',#1656,#1664,#1666,.T.);
#1664 = VERTEX_POINT('',#1665);
#1665 = CARTESIAN_POINT('',(2.65,9.85,0.));
#1666 = LINE('',#1667,#1668);
#1667 = CARTESIAN_POINT('',(2.65,9.85,-3.5));
#1668 = VECTOR('',#1669,1.);
#1669 = DIRECTION('',(0.,0.,1.));
#1670 = ORIENTED_EDGE('',*,*,#1671,.F.);
#1671 = EDGE_CURVE('',#1648,#1664,#1672,.T.);
#1672 = LINE('',#1673,#1674);
#1673 = CARTESIAN_POINT('',(2.65,9.35,0.));
#1674 = VECTOR('',#1675,1.);
#1675 = DIRECTION('',(-0.,1.,0.));
#1676 = PLANE('',#1677);
#1677 = AXIS2_PLACEMENT_3D('',#1678,#1679,#1680);
#1678 = CARTESIAN_POINT('',(2.65,9.35,-3.5));
#1679 = DIRECTION('',(1.,0.,-0.));
#1680 = DIRECTION('',(0.,0.,1.));
#1681 = ADVANCED_FACE('',(#1682),#1698,.F.);
#1682 = FACE_BOUND('',#1683,.F.);
#1683 = EDGE_LOOP('',(#1684,#1690,#1691,#1697));
#1684 = ORIENTED_EDGE('',*,*,#1685,.F.);
#1685 = EDGE_CURVE('',#1606,#1646,#1686,.T.);
#1686 = LINE('',#1687,#1688);
#1687 = CARTESIAN_POINT('',(1.85,9.35,-3.5));
#1688 = VECTOR('',#1689,1.);
#1689 = DIRECTION('',(1.,0.,-0.));
#1690 = ORIENTED_EDGE('',*,*,#1605,.T.);
#1691 = ORIENTED_EDGE('',*,*,#1692,.T.);
#1692 = EDGE_CURVE('',#1608,#1648,#1693,.T.);
#1693 = LINE('',#1694,#1695);
#1694 = CARTESIAN_POINT('',(1.85,9.35,0.));
#1695 = VECTOR('',#1696,1.);
#1696 = DIRECTION('',(1.,0.,-0.));
#1697 = ORIENTED_EDGE('',*,*,#1645,.F.);
#1698 = PLANE('',#1699);
#1699 = AXIS2_PLACEMENT_3D('',#1700,#1701,#1702);
#1700 = CARTESIAN_POINT('',(1.85,9.35,-3.5));
#1701 = DIRECTION('',(-0.,1.,0.));
#1702 = DIRECTION('',(0.,0.,1.));
#1703 = ADVANCED_FACE('',(#1704),#1720,.T.);
#1704 = FACE_BOUND('',#1705,.T.);
#1705 = EDGE_LOOP('',(#1706,#1712,#1713,#1719));
#1706 = ORIENTED_EDGE('',*,*,#1707,.F.);
#1707 = EDGE_CURVE('',#1616,#1656,#1708,.T.);
#1708 = LINE('',#1709,#1710);
#1709 = CARTESIAN_POINT('',(1.85,9.85,-3.5));
#1710 = VECTOR('',#1711,1.);
#1711 = DIRECTION('',(1.,0.,-0.));
#1712 = ORIENTED_EDGE('',*,*,#1623,.T.);
#1713 = ORIENTED_EDGE('',*,*,#1714,.T.);
#1714 = EDGE_CURVE('',#1624,#1664,#1715,.T.);
#1715 = LINE('',#1716,#1717);
#1716 = CARTESIAN_POINT('',(1.85,9.85,0.));
#1717 = VECTOR('',#1718,1.);
#1718 = DIRECTION('',(1.,0.,-0.));
#1719 = ORIENTED_EDGE('',*,*,#1663,.F.);
#1720 = PLANE('',#1721);
#1721 = AXIS2_PLACEMENT_3D('',#1722,#1723,#1724);
#1722 = CARTESIAN_POINT('',(1.85,9.85,-3.5));
#1723 = DIRECTION('',(-0.,1.,0.));
#1724 = DIRECTION('',(0.,0.,1.));
#1725 = ADVANCED_FACE('',(#1726),#1732,.F.);
#1726 = FACE_BOUND('',#1727,.F.);
#1727 = EDGE_LOOP('',(#1728,#1729,#1730,#1731));
#1728 = ORIENTED_EDGE('',*,*,#1615,.F.);
#1729 = ORIENTED_EDGE('',*,*,#1685,.T.);
#1730 = ORIENTED_EDGE('',*,*,#1655,.T.);
#1731 = ORIENTED_EDGE('',*,*,#1707,.F.);
#1732 = PLANE('',#1733);
#1733 = AXIS2_PLACEMENT_3D('',#1734,#1735,#1736);
#1734 = CARTESIAN_POINT('',(1.85,9.35,-3.5));
#1735 = DIRECTION('',(0.,0.,1.));
#1736 = DIRECTION('',(1.,0.,-0.));
#1737 = ADVANCED_FACE('',(#1738),#1744,.T.);
#1738 = FACE_BOUND('',#1739,.T.);
#1739 = EDGE_LOOP('',(#1740,#1741,#1742,#1743));
#1740 = ORIENTED_EDGE('',*,*,#1631,.F.);
#1741 = ORIENTED_EDGE('',*,*,#1692,.T.);
#1742 = ORIENTED_EDGE('',*,*,#1671,.T.);
#1743 = ORIENTED_EDGE('',*,*,#1714,.F.);
#1744 = PLANE('',#1745);
#1745 = AXIS2_PLACEMENT_3D('',#1746,#1747,#1748);
#1746 = CARTESIAN_POINT('',(1.85,9.35,0.));
#1747 = DIRECTION('',(0.,0.,1.));
#1748 = DIRECTION('',(1.,0.,-0.));
#1749 = ( GEOMETRIC_REPRESENTATION_CONTEXT(3) 
GLOBAL_UNCERTAINTY_ASSIGNED_CONTEXT((#1753)) 
GLOBAL_UNIT_ASSIGNED_CONTEXT((#1750,#1751,#1752)) REPRESENTATION_CONTEXT
('Context #1','3D Context with UNIT and UNCERTAINTY') );
#1750 = ( LENGTH_UNIT() NAMED_UNIT(*) SI_UNIT(.MILLI.,.METRE.) );
#1751 = ( NAMED_UNIT(*) PLANE_ANGLE_UNIT() SI_UNIT($,.RADIAN.) );
#1752 = ( NAMED_UNIT(*) SI_UNIT($,.STERADIAN.) SOLID_ANGLE_UNIT() );
#1753 = UNCERTAINTY_MEASURE_WITH_UNIT(LENGTH_MEASURE(1.E-07),#1750,
  'distance_accuracy_value','confusion accuracy');
#1754 = CONTEXT_DEPENDENT_SHAPE_REPRESENTATION(#1755,#1757);
#1755 = ( REPRESENTATION_RELATIONSHIP('','',#1598,#10) 
REPRESENTATION_RELATIONSHIP_WITH_TRANSFORMATION(#1756) 
SHAPE_REPRESENTATION_RELATIONSHIP() );
#1756 = ITEM_DEFINED_TRANSFORMATION('','',#11,#27);
#1757 = PRODUCT_DEFINITION_SHAPE('Placement','Placement of an item',
  #1758);
#1758 = NEXT_ASSEMBLY_USAGE_OCCURRENCE('4','Terminal Pin P1 B','',#5,
  #1593,$);
#1759 = PRODUCT_RELATED_PRODUCT_CATEGORY('part',$,(#1595));
#1760 = SHAPE_DEFINITION_REPRESENTATION(#1761,#1767);
#1761 = PRODUCT_DEFINITION_SHAPE('','',#1762);
#1762 = PRODUCT_DEFINITION('design','',#1763,#1766);
#1763 = PRODUCT_DEFINITION_FORMATION('','',#1764);
#1764 = PRODUCT('Housing P2','Housing P2','',(#1765));
#1765 = PRODUCT_CONTEXT('',#2,'mechanical');
#1766 = PRODUCT_DEFINITION_CONTEXT('part definition',#2,'design');
#1767 = ADVANCED_BREP_SHAPE_REPRESENTATION('',(#11,#1768),#2681);
#1768 = MANIFOLD_SOLID_BREP('',#1769);
#1769 = CLOSED_SHELL('',(#1770,#1818,#1851,#1942,#1967,#2000,#2033,#2092
    ,#2109,#2134,#2166,#2191,#2231,#2263,#2287,#2312,#2329,#2346,#2377,
    #2408,#2426,#2457,#2481,#2506,#2523,#2540,#2564,#2582,#2599,#2611,
    #2628,#2640,#2658,#2669));
#1770 = ADVANCED_FACE('',(#1771),#1813,.F.);
#1771 = FACE_BOUND('',#1772,.F.);
#1772 = EDGE_LOOP('',(#1773,#1783,#1791,#1799,#1807));
#1773 = ORIENTED_EDGE('',*,*,#1774,.F.);
#1774 = EDGE_CURVE('',#1775,#1777,#1779,.T.);
#1775 = VERTEX_POINT('',#1776);
#1776 = CARTESIAN_POINT('',(3.5,0.18,0.18));
#1777 = VERTEX_POINT('',#1778);
#1778 = CARTESIAN_POINT('',(3.5,0.18,8.985454545455));
#1779 = LINE('',#1780,#1781);
#1780 = CARTESIAN_POINT('',(3.5,0.18,0.));
#1781 = VECTOR('',#1782,1.);
#1782 = DIRECTION('',(0.,0.,1.));
#1783 = ORIENTED_EDGE('',*,*,#1784,.T.);
#1784 = EDGE_CURVE('',#1775,#1785,#1787,.T.);
#1785 = VERTEX_POINT('',#1786);
#1786 = CARTESIAN_POINT('',(3.5,12.32,0.18));
#1787 = LINE('',#1788,#1789);
#1788 = CARTESIAN_POINT('',(3.5,0.,0.18));
#1789 = VECTOR('',#1790,1.);
#1790 = DIRECTION('',(-0.,1.,0.));
#1791 = ORIENTED_EDGE('',*,*,#1792,.T.);
#1792 = EDGE_CURVE('',#1785,#1793,#1795,.T.);
#1793 = VERTEX_POINT('',#1794);
#1794 = CARTESIAN_POINT('',(3.5,12.32,10.42));
#1795 = LINE('',#1796,#1797);
#1796 = CARTESIAN_POINT('',(3.5,12.32,0.));
#1797 = VECTOR('',#1798,1.);
#1798 = DIRECTION('',(0.,0.,1.));
#1799 = ORIENTED_EDGE('',*,*,#1800,.F.);
#1800 = EDGE_CURVE('',#1801,#1793,#1803,.T.);
#1801 = VERTEX_POINT('',#1802);
#1802 = CARTESIAN_POINT('',(3.5,1.885945945946,10.42));
#1803 = LINE('',#1804,#1805);
#1804 = CARTESIAN_POINT('',(3.5,0.,10.42));
#1805 = VECTOR('',#1806,1.);
#1806 = DIRECTION('',(-0.,1.,0.));
#1807 = ORIENTED_EDGE('',*,*,#1808,.F.);
#1808 = EDGE_CURVE('',#1777,#1801,#1809,.T.);
#1809 = LINE('',#1810,#1811);
#1810 = CARTESIAN_POINT('',(3.5,-1.125779122542,7.88741301059));
#1811 = VECTOR('',#1812,1.);
#1812 = DIRECTION('',(0.,0.765362085905,0.643599935875));
#1813 = PLANE('',#1814);
#1814 = AXIS2_PLACEMENT_3D('',#1815,#1816,#1817);
#1815 = CARTESIAN_POINT('',(3.5,0.,0.));
#1816 = DIRECTION('',(1.,0.,-0.));
#1817 = DIRECTION('',(0.,0.,1.));
#1818 = ADVANCED_FACE('',(#1819),#1846,.T.);
#1819 = FACE_BOUND('',#1820,.T.);
#1820 = EDGE_LOOP('',(#1821,#1822,#1831,#1839));
#1821 = ORIENTED_EDGE('',*,*,#1774,.F.);
#1822 = ORIENTED_EDGE('',*,*,#1823,.T.);
#1823 = EDGE_CURVE('',#1775,#1824,#1826,.T.);
#1824 = VERTEX_POINT('',#1825);
#1825 = CARTESIAN_POINT('',(3.68,-2.775557561563E-17,0.18));
#1826 = CIRCLE('',#1827,0.18);
#1827 = AXIS2_PLACEMENT_3D('',#1828,#1829,#1830);
#1828 = CARTESIAN_POINT('',(3.68,0.18,0.18));
#1829 = DIRECTION('',(0.,0.,1.));
#1830 = DIRECTION('',(-1.,0.,0.));
#1831 = ORIENTED_EDGE('',*,*,#1832,.T.);
#1832 = EDGE_CURVE('',#1824,#1833,#1835,.T.);
#1833 = VERTEX_POINT('',#1834);
#1834 = CARTESIAN_POINT('',(3.68,-2.775557561563E-17,8.834090909091));
#1835 = LINE('',#1836,#1837);
#1836 = CARTESIAN_POINT('',(3.68,-2.775557561563E-17,0.));
#1837 = VECTOR('',#1838,1.);
#1838 = DIRECTION('',(0.,0.,1.));
#1839 = ORIENTED_EDGE('',*,*,#1840,.T.);
#1840 = EDGE_CURVE('',#1833,#1777,#1841,.T.);
#1841 = ELLIPSE('',#1842,0.23518280212,0.18);
#1842 = AXIS2_PLACEMENT_3D('',#1843,#1844,#1845);
#1843 = CARTESIAN_POINT('',(3.68,0.18,8.985454545455));
#1844 = DIRECTION('',(0.,0.643599935875,-0.765362085905));
#1845 = DIRECTION('',(0.,0.765362085905,0.643599935875));
#1846 = CYLINDRICAL_SURFACE('',#1847,0.18);
#1847 = AXIS2_PLACEMENT_3D('',#1848,#1849,#1850);
#1848 = CARTESIAN_POINT('',(3.68,0.18,0.));
#1849 = DIRECTION('',(0.,0.,1.));
#1850 = DIRECTION('',(-1.,-0.,0.));
#1851 = ADVANCED_FACE('',(#1852),#1937,.F.);
#1852 = FACE_BOUND('',#1853,.F.);
#1853 = EDGE_LOOP('',(#1854,#1863,#1871,#1879,#1887,#1895,#1903,#1912,
    #1920,#1929,#1935,#1936));
#1854 = ORIENTED_EDGE('',*,*,#1855,.T.);
#1855 = EDGE_CURVE('',#1801,#1856,#1858,.T.);
#1856 = VERTEX_POINT('',#1857);
#1857 = CARTESIAN_POINT('',(3.68,2.1,10.6));
#1858 = ELLIPSE('',#1859,0.279676845765,0.18);
#1859 = AXIS2_PLACEMENT_3D('',#1860,#1861,#1862);
#1860 = CARTESIAN_POINT('',(3.68,1.885945945946,10.42));
#1861 = DIRECTION('',(0.,0.643599935875,-0.765362085905));
#1862 = DIRECTION('',(0.,0.765362085905,0.643599935875));
#1863 = ORIENTED_EDGE('',*,*,#1864,.T.);
#1864 = EDGE_CURVE('',#1856,#1865,#1867,.T.);
#1865 = VERTEX_POINT('',#1866);
#1866 = CARTESIAN_POINT('',(3.84,2.1,10.6));
#1867 = LINE('',#1868,#1869);
#1868 = CARTESIAN_POINT('',(3.4,2.1,10.6));
#1869 = VECTOR('',#1870,1.);
#1870 = DIRECTION('',(1.,0.,0.));
#1871 = ORIENTED_EDGE('',*,*,#1872,.F.);
#1872 = EDGE_CURVE('',#1873,#1865,#1875,.T.);
#1873 = VERTEX_POINT('',#1874);
#1874 = CARTESIAN_POINT('',(3.84,0.75,9.464772727273));
#1875 = LINE('',#1876,#1877);
#1876 = CARTESIAN_POINT('',(3.84,1.216937972769,9.857425113464));
#1877 = VECTOR('',#1878,1.);
#1878 = DIRECTION('',(0.,0.765362085905,0.643599935875));
#1879 = ORIENTED_EDGE('',*,*,#1880,.F.);
#1880 = EDGE_CURVE('',#1881,#1873,#1883,.T.);
#1881 = VERTEX_POINT('',#1882);
#1882 = CARTESIAN_POINT('',(6.66,0.75,9.464772727273));
#1883 = LINE('',#1884,#1885);
#1884 = CARTESIAN_POINT('',(3.62,0.75,9.464772727273));
#1885 = VECTOR('',#1886,1.);
#1886 = DIRECTION('',(-1.,0.,-0.));
#1887 = ORIENTED_EDGE('',*,*,#1888,.T.);
#1888 = EDGE_CURVE('',#1881,#1889,#1891,.T.);
#1889 = VERTEX_POINT('',#1890);
#1890 = CARTESIAN_POINT('',(6.66,2.1,10.6));
#1891 = LINE('',#1892,#1893);
#1892 = CARTESIAN_POINT('',(6.66,1.216937972769,9.857425113464));
#1893 = VECTOR('',#1894,1.);
#1894 = DIRECTION('',(0.,0.765362085905,0.643599935875));
#1895 = ORIENTED_EDGE('',*,*,#1896,.T.);
#1896 = EDGE_CURVE('',#1889,#1897,#1899,.T.);
#1897 = VERTEX_POINT('',#1898);
#1898 = CARTESIAN_POINT('',(6.82,2.1,10.6));
#1899 = LINE('',#1900,#1901);
#1900 = CARTESIAN_POINT('',(3.4,2.1,10.6));
#1901 = VECTOR('',#1902,1.);
#1902 = DIRECTION('',(1.,0.,0.));
#1903 = ORIENTED_EDGE('',*,*,#1904,.T.);
#1904 = EDGE_CURVE('',#1897,#1905,#1907,.T.);
#1905 = VERTEX_POINT('',#1906);
#1906 = CARTESIAN_POINT('',(7.,1.885945945946,10.42));
#1907 = ELLIPSE('',#1908,0.279676845765,0.18);
#1908 = AXIS2_PLACEMENT_3D('',#1909,#1910,#1911);
#1909 = CARTESIAN_POINT('',(6.82,1.885945945946,10.42));
#1910 = DIRECTION('',(0.,0.643599935875,-0.765362085905));
#1911 = DIRECTION('',(0.,0.765362085905,0.643599935875));
#1912 = ORIENTED_EDGE('',*,*,#1913,.F.);
#1913 = EDGE_CURVE('',#1914,#1905,#1916,.T.);
#1914 = VERTEX_POINT('',#1915);
#1915 = CARTESIAN_POINT('',(7.,0.18,8.985454545455));
#1916 = LINE('',#1917,#1918);
#1917 = CARTESIAN_POINT('',(7.,-1.125779122542,7.88741301059));
#1918 = VECTOR('',#1919,1.);
#1919 = DIRECTION('',(0.,0.765362085905,0.643599935875));
#1920 = ORIENTED_EDGE('',*,*,#1921,.T.);
#1921 = EDGE_CURVE('',#1914,#1922,#1924,.T.);
#1922 = VERTEX_POINT('',#1923);
#1923 = CARTESIAN_POINT('',(6.82,-2.775557561563E-17,8.834090909091));
#1924 = ELLIPSE('',#1925,0.23518280212,0.18);
#1925 = AXIS2_PLACEMENT_3D('',#1926,#1927,#1928);
#1926 = CARTESIAN_POINT('',(6.82,0.18,8.985454545455));
#1927 = DIRECTION('',(0.,0.643599935875,-0.765362085905));
#1928 = DIRECTION('',(0.,0.765362085905,0.643599935875));
#1929 = ORIENTED_EDGE('',*,*,#1930,.T.);
#1930 = EDGE_CURVE('',#1922,#1833,#1931,.T.);
#1931 = LINE('',#1932,#1933);
#1932 = CARTESIAN_POINT('',(3.45,2.22044604925E-16,8.834090909091));
#1933 = VECTOR('',#1934,1.);
#1934 = DIRECTION('',(-1.,0.,-0.));
#1935 = ORIENTED_EDGE('',*,*,#1840,.T.);
#1936 = ORIENTED_EDGE('',*,*,#1808,.T.);
#1937 = PLANE('',#1938);
#1938 = AXIS2_PLACEMENT_3D('',#1939,#1940,#1941);
#1939 = CARTESIAN_POINT('',(3.4,2.1,10.6));
#1940 = DIRECTION('',(0.,0.643599935875,-0.765362085905));
#1941 = DIRECTION('',(0.,-0.765362085905,-0.643599935875));
#1942 = ADVANCED_FACE('',(#1943),#1962,.T.);
#1943 = FACE_BOUND('',#1944,.T.);
#1944 = EDGE_LOOP('',(#1945,#1946,#1954,#1961));
#1945 = ORIENTED_EDGE('',*,*,#1855,.T.);
#1946 = ORIENTED_EDGE('',*,*,#1947,.T.);
#1947 = EDGE_CURVE('',#1856,#1948,#1950,.T.);
#1948 = VERTEX_POINT('',#1949);
#1949 = CARTESIAN_POINT('',(3.68,12.32,10.6));
#1950 = LINE('',#1951,#1952);
#1951 = CARTESIAN_POINT('',(3.68,0.,10.6));
#1952 = VECTOR('',#1953,1.);
#1953 = DIRECTION('',(-0.,1.,0.));
#1954 = ORIENTED_EDGE('',*,*,#1955,.F.);
#1955 = EDGE_CURVE('',#1793,#1948,#1956,.T.);
#1956 = CIRCLE('',#1957,0.18);
#1957 = AXIS2_PLACEMENT_3D('',#1958,#1959,#1960);
#1958 = CARTESIAN_POINT('',(3.68,12.32,10.42));
#1959 = DIRECTION('',(-0.,1.,0.));
#1960 = DIRECTION('',(-1.,-0.,0.));
#1961 = ORIENTED_EDGE('',*,*,#1800,.F.);
#1962 = CYLINDRICAL_SURFACE('',#1963,0.18);
#1963 = AXIS2_PLACEMENT_3D('',#1964,#1965,#1966);
#1964 = CARTESIAN_POINT('',(3.68,0.,10.42));
#1965 = DIRECTION('',(-0.,1.,0.));
#1966 = DIRECTION('',(-1.,-0.,0.));
#1967 = ADVANCED_FACE('',(#1968),#1995,.T.);
#1968 = FACE_BOUND('',#1969,.F.);
#1969 = EDGE_LOOP('',(#1970,#1971,#1980,#1988));
#1970 = ORIENTED_EDGE('',*,*,#1792,.F.);
#1971 = ORIENTED_EDGE('',*,*,#1972,.T.);
#1972 = EDGE_CURVE('',#1785,#1973,#1975,.T.);
#1973 = VERTEX_POINT('',#1974);
#1974 = CARTESIAN_POINT('',(3.68,12.5,0.18));
#1975 = CIRCLE('',#1976,0.18);
#1976 = AXIS2_PLACEMENT_3D('',#1977,#1978,#1979);
#1977 = CARTESIAN_POINT('',(3.68,12.32,0.18));
#1978 = DIRECTION('',(-0.,0.,-1.));
#1979 = DIRECTION('',(-1.,0.,0.));
#1980 = ORIENTED_EDGE('',*,*,#1981,.T.);
#1981 = EDGE_CURVE('',#1973,#1982,#1984,.T.);
#1982 = VERTEX_POINT('',#1983);
#1983 = CARTESIAN_POINT('',(3.68,12.5,10.42));
#1984 = LINE('',#1985,#1986);
#1985 = CARTESIAN_POINT('',(3.68,12.5,0.));
#1986 = VECTOR('',#1987,1.);
#1987 = DIRECTION('',(0.,0.,1.));
#1988 = ORIENTED_EDGE('',*,*,#1989,.T.);
#1989 = EDGE_CURVE('',#1982,#1793,#1990,.T.);
#1990 = CIRCLE('',#1991,0.18);
#1991 = AXIS2_PLACEMENT_3D('',#1992,#1993,#1994);
#1992 = CARTESIAN_POINT('',(3.68,12.32,10.42));
#1993 = DIRECTION('',(0.,0.,1.));
#1994 = DIRECTION('',(-1.,-0.,0.));
#1995 = CYLINDRICAL_SURFACE('',#1996,0.18);
#1996 = AXIS2_PLACEMENT_3D('',#1997,#1998,#1999);
#1997 = CARTESIAN_POINT('',(3.68,12.32,0.));
#1998 = DIRECTION('',(0.,0.,1.));
#1999 = DIRECTION('',(-1.,-0.,0.));
#2000 = ADVANCED_FACE('',(#2001),#2028,.T.);
#2001 = FACE_BOUND('',#2002,.F.);
#2002 = EDGE_LOOP('',(#2003,#2012,#2020,#2027));
#2003 = ORIENTED_EDGE('',*,*,#2004,.F.);
#2004 = EDGE_CURVE('',#2005,#1775,#2007,.T.);
#2005 = VERTEX_POINT('',#2006);
#2006 = CARTESIAN_POINT('',(3.68,0.18,0.));
#2007 = CIRCLE('',#2008,0.18);
#2008 = AXIS2_PLACEMENT_3D('',#2009,#2010,#2011);
#2009 = CARTESIAN_POINT('',(3.68,0.18,0.18));
#2010 = DIRECTION('',(0.,1.,-0.));
#2011 = DIRECTION('',(-1.,0.,0.));
#2012 = ORIENTED_EDGE('',*,*,#2013,.T.);
#2013 = EDGE_CURVE('',#2005,#2014,#2016,.T.);
#2014 = VERTEX_POINT('',#2015);
#2015 = CARTESIAN_POINT('',(3.68,12.32,0.));
#2016 = LINE('',#2017,#2018);
#2017 = CARTESIAN_POINT('',(3.68,0.,-2.775557561563E-17));
#2018 = VECTOR('',#2019,1.);
#2019 = DIRECTION('',(-0.,1.,0.));
#2020 = ORIENTED_EDGE('',*,*,#2021,.T.);
#2021 = EDGE_CURVE('',#2014,#1785,#2022,.T.);
#2022 = CIRCLE('',#2023,0.18);
#2023 = AXIS2_PLACEMENT_3D('',#2024,#2025,#2026);
#2024 = CARTESIAN_POINT('',(3.68,12.32,0.18));
#2025 = DIRECTION('',(0.,1.,-0.));
#2026 = DIRECTION('',(-1.,0.,0.));
#2027 = ORIENTED_EDGE('',*,*,#1784,.F.);
#2028 = CYLINDRICAL_SURFACE('',#2029,0.18);
#2029 = AXIS2_PLACEMENT_3D('',#2030,#2031,#2032);
#2030 = CARTESIAN_POINT('',(3.68,0.,0.18));
#2031 = DIRECTION('',(-0.,1.,0.));
#2032 = DIRECTION('',(-1.,-0.,0.));
#2033 = ADVANCED_FACE('',(#2034,#2052),#2087,.F.);
#2034 = FACE_BOUND('',#2035,.F.);
#2035 = EDGE_LOOP('',(#2036,#2044,#2045,#2046));
#2036 = ORIENTED_EDGE('',*,*,#2037,.F.);
#2037 = EDGE_CURVE('',#1824,#2038,#2040,.T.);
#2038 = VERTEX_POINT('',#2039);
#2039 = CARTESIAN_POINT('',(6.82,-2.775557561563E-17,0.18));
#2040 = LINE('',#2041,#2042);
#2041 = CARTESIAN_POINT('',(3.5,-2.775557561563E-17,0.18));
#2042 = VECTOR('',#2043,1.);
#2043 = DIRECTION('',(1.,0.,-0.));
#2044 = ORIENTED_EDGE('',*,*,#1832,.T.);
#2045 = ORIENTED_EDGE('',*,*,#1930,.F.);
#2046 = ORIENTED_EDGE('',*,*,#2047,.F.);
#2047 = EDGE_CURVE('',#2038,#1922,#2048,.T.);
#2048 = LINE('',#2049,#2050);
#2049 = CARTESIAN_POINT('',(6.82,-2.775557561563E-17,0.));
#2050 = VECTOR('',#2051,1.);
#2051 = DIRECTION('',(0.,0.,1.));
#2052 = FACE_BOUND('',#2053,.F.);
#2053 = EDGE_LOOP('',(#2054,#2064,#2072,#2080));
#2054 = ORIENTED_EDGE('',*,*,#2055,.F.);
#2055 = EDGE_CURVE('',#2056,#2058,#2060,.T.);
#2056 = VERTEX_POINT('',#2057);
#2057 = CARTESIAN_POINT('',(6.35,0.,8.1));
#2058 = VERTEX_POINT('',#2059);
#2059 = CARTESIAN_POINT('',(6.35,0.,4.782623792125));
#2060 = LINE('',#2061,#2062);
#2061 = CARTESIAN_POINT('',(6.35,0.,2.));
#2062 = VECTOR('',#2063,1.);
#2063 = DIRECTION('',(-0.,0.,-1.));
#2064 = ORIENTED_EDGE('',*,*,#2065,.F.);
#2065 = EDGE_CURVE('',#2066,#2056,#2068,.T.);
#2066 = VERTEX_POINT('',#2067);
#2067 = CARTESIAN_POINT('',(4.15,0.,8.1));
#2068 = LINE('',#2069,#2070);
#2069 = CARTESIAN_POINT('',(3.825,0.,8.1));
#2070 = VECTOR('',#2071,1.);
#2071 = DIRECTION('',(1.,0.,-0.));
#2072 = ORIENTED_EDGE('',*,*,#2073,.T.);
#2073 = EDGE_CURVE('',#2066,#2074,#2076,.T.);
#2074 = VERTEX_POINT('',#2075);
#2075 = CARTESIAN_POINT('',(4.15,0.,4.782623792125));
#2076 = LINE('',#2077,#2078);
#2077 = CARTESIAN_POINT('',(4.15,0.,2.));
#2078 = VECTOR('',#2079,1.);
#2079 = DIRECTION('',(-0.,0.,-1.));
#2080 = ORIENTED_EDGE('',*,*,#2081,.F.);
#2081 = EDGE_CURVE('',#2058,#2074,#2082,.T.);
#2082 = CIRCLE('',#2083,1.35);
#2083 = AXIS2_PLACEMENT_3D('',#2084,#2085,#2086);
#2084 = CARTESIAN_POINT('',(5.25,0.,4.));
#2085 = DIRECTION('',(0.,1.,0.));
#2086 = DIRECTION('',(0.,-0.,1.));
#2087 = PLANE('',#2088);
#2088 = AXIS2_PLACEMENT_3D('',#2089,#2090,#2091);
#2089 = CARTESIAN_POINT('',(3.5,0.,0.));
#2090 = DIRECTION('',(-0.,1.,0.));
#2091 = DIRECTION('',(0.,0.,1.));
#2092 = ADVANCED_FACE('',(#2093),#2104,.T.);
#2093 = FACE_BOUND('',#2094,.T.);
#2094 = EDGE_LOOP('',(#2095,#2096,#2103));
#2095 = ORIENTED_EDGE('',*,*,#2004,.F.);
#2096 = ORIENTED_EDGE('',*,*,#2097,.T.);
#2097 = EDGE_CURVE('',#2005,#1824,#2098,.T.);
#2098 = CIRCLE('',#2099,0.18);
#2099 = AXIS2_PLACEMENT_3D('',#2100,#2101,#2102);
#2100 = CARTESIAN_POINT('',(3.68,0.18,0.18));
#2101 = DIRECTION('',(-1.,6.123233995737E-17,0.));
#2102 = DIRECTION('',(-6.123233995737E-17,-1.,0.));
#2103 = ORIENTED_EDGE('',*,*,#1823,.F.);
#2104 = SPHERICAL_SURFACE('',#2105,0.18);
#2105 = AXIS2_PLACEMENT_3D('',#2106,#2107,#2108);
#2106 = CARTESIAN_POINT('',(3.68,0.18,0.18));
#2107 = DIRECTION('',(0.,0.,1.));
#2108 = DIRECTION('',(-1.,0.,0.));
#2109 = ADVANCED_FACE('',(#2110),#2129,.T.);
#2110 = FACE_BOUND('',#2111,.F.);
#2111 = EDGE_LOOP('',(#2112,#2120,#2127,#2128));
#2112 = ORIENTED_EDGE('',*,*,#2113,.F.);
#2113 = EDGE_CURVE('',#2114,#1914,#2116,.T.);
#2114 = VERTEX_POINT('',#2115);
#2115 = CARTESIAN_POINT('',(7.,0.18,0.18));
#2116 = LINE('',#2117,#2118);
#2117 = CARTESIAN_POINT('',(7.,0.18,0.));
#2118 = VECTOR('',#2119,1.);
#2119 = DIRECTION('',(0.,0.,1.));
#2120 = ORIENTED_EDGE('',*,*,#2121,.T.);
#2121 = EDGE_CURVE('',#2114,#2038,#2122,.T.);
#2122 = CIRCLE('',#2123,0.18);
#2123 = AXIS2_PLACEMENT_3D('',#2124,#2125,#2126);
#2124 = CARTESIAN_POINT('',(6.82,0.18,0.18));
#2125 = DIRECTION('',(0.,-0.,-1.));
#2126 = DIRECTION('',(1.,0.,-0.));
#2127 = ORIENTED_EDGE('',*,*,#2047,.T.);
#2128 = ORIENTED_EDGE('',*,*,#1921,.F.);
#2129 = CYLINDRICAL_SURFACE('',#2130,0.18);
#2130 = AXIS2_PLACEMENT_3D('',#2131,#2132,#2133);
#2131 = CARTESIAN_POINT('',(6.82,0.18,0.));
#2132 = DIRECTION('',(0.,0.,1.));
#2133 = DIRECTION('',(1.,0.,-0.));
#2134 = ADVANCED_FACE('',(#2135),#2161,.T.);
#2135 = FACE_BOUND('',#2136,.T.);
#2136 = EDGE_LOOP('',(#2137,#2138,#2146,#2154,#2160));
#2137 = ORIENTED_EDGE('',*,*,#2113,.F.);
#2138 = ORIENTED_EDGE('',*,*,#2139,.T.);
#2139 = EDGE_CURVE('',#2114,#2140,#2142,.T.);
#2140 = VERTEX_POINT('',#2141);
#2141 = CARTESIAN_POINT('',(7.,12.32,0.18));
#2142 = LINE('',#2143,#2144);
#2143 = CARTESIAN_POINT('',(7.,0.,0.18));
#2144 = VECTOR('',#2145,1.);
#2145 = DIRECTION('',(-0.,1.,0.));
#2146 = ORIENTED_EDGE('',*,*,#2147,.T.);
#2147 = EDGE_CURVE('',#2140,#2148,#2150,.T.);
#2148 = VERTEX_POINT('',#2149);
#2149 = CARTESIAN_POINT('',(7.,12.32,10.42));
#2150 = LINE('',#2151,#2152);
#2151 = CARTESIAN_POINT('',(7.,12.32,0.));
#2152 = VECTOR('',#2153,1.);
#2153 = DIRECTION('',(0.,0.,1.));
#2154 = ORIENTED_EDGE('',*,*,#2155,.F.);
#2155 = EDGE_CURVE('',#1905,#2148,#2156,.T.);
#2156 = LINE('',#2157,#2158);
#2157 = CARTESIAN_POINT('',(7.,0.,10.42));
#2158 = VECTOR('',#2159,1.);
#2159 = DIRECTION('',(-0.,1.,0.));
#2160 = ORIENTED_EDGE('',*,*,#1913,.F.);
#2161 = PLANE('',#2162);
#2162 = AXIS2_PLACEMENT_3D('',#2163,#2164,#2165);
#2163 = CARTESIAN_POINT('',(7.,0.,0.));
#2164 = DIRECTION('',(1.,0.,-0.));
#2165 = DIRECTION('',(0.,0.,1.));
#2166 = ADVANCED_FACE('',(#2167),#2186,.T.);
#2167 = FACE_BOUND('',#2168,.F.);
#2168 = EDGE_LOOP('',(#2169,#2170,#2178,#2185));
#2169 = ORIENTED_EDGE('',*,*,#1904,.F.);
#2170 = ORIENTED_EDGE('',*,*,#2171,.T.);
#2171 = EDGE_CURVE('',#1897,#2172,#2174,.T.);
#2172 = VERTEX_POINT('',#2173);
#2173 = CARTESIAN_POINT('',(6.82,12.32,10.6));
#2174 = LINE('',#2175,#2176);
#2175 = CARTESIAN_POINT('',(6.82,0.,10.6));
#2176 = VECTOR('',#2177,1.);
#2177 = DIRECTION('',(-0.,1.,0.));
#2178 = ORIENTED_EDGE('',*,*,#2179,.F.);
#2179 = EDGE_CURVE('',#2148,#2172,#2180,.T.);
#2180 = CIRCLE('',#2181,0.18);
#2181 = AXIS2_PLACEMENT_3D('',#2182,#2183,#2184);
#2182 = CARTESIAN_POINT('',(6.82,12.32,10.42));
#2183 = DIRECTION('',(0.,-1.,-0.));
#2184 = DIRECTION('',(1.,0.,0.));
#2185 = ORIENTED_EDGE('',*,*,#2155,.F.);
#2186 = CYLINDRICAL_SURFACE('',#2187,0.18);
#2187 = AXIS2_PLACEMENT_3D('',#2188,#2189,#2190);
#2188 = CARTESIAN_POINT('',(6.82,0.,10.42));
#2189 = DIRECTION('',(-0.,1.,0.));
#2190 = DIRECTION('',(1.,0.,-0.));
#2191 = ADVANCED_FACE('',(#2192),#2226,.T.);
#2192 = FACE_BOUND('',#2193,.T.);
#2193 = EDGE_LOOP('',(#2194,#2195,#2196,#2204,#2212,#2218,#2219,#2220));
#2194 = ORIENTED_EDGE('',*,*,#1947,.F.);
#2195 = ORIENTED_EDGE('',*,*,#1864,.T.);
#2196 = ORIENTED_EDGE('',*,*,#2197,.T.);
#2197 = EDGE_CURVE('',#1865,#2198,#2200,.T.);
#2198 = VERTEX_POINT('',#2199);
#2199 = CARTESIAN_POINT('',(3.84,9.5,10.6));
#2200 = LINE('',#2201,#2202);
#2201 = CARTESIAN_POINT('',(3.84,0.375,10.6));
#2202 = VECTOR('',#2203,1.);
#2203 = DIRECTION('',(-0.,1.,0.));
#2204 = ORIENTED_EDGE('',*,*,#2205,.F.);
#2205 = EDGE_CURVE('',#2206,#2198,#2208,.T.);
#2206 = VERTEX_POINT('',#2207);
#2207 = CARTESIAN_POINT('',(6.66,9.5,10.6));
#2208 = LINE('',#2209,#2210);
#2209 = CARTESIAN_POINT('',(3.67,9.5,10.6));
#2210 = VECTOR('',#2211,1.);
#2211 = DIRECTION('',(-1.,-0.,0.));
#2212 = ORIENTED_EDGE('',*,*,#2213,.F.);
#2213 = EDGE_CURVE('',#1889,#2206,#2214,.T.);
#2214 = LINE('',#2215,#2216);
#2215 = CARTESIAN_POINT('',(6.66,0.375,10.6));
#2216 = VECTOR('',#2217,1.);
#2217 = DIRECTION('',(-0.,1.,0.));
#2218 = ORIENTED_EDGE('',*,*,#1896,.T.);
#2219 = ORIENTED_EDGE('',*,*,#2171,.T.);
#2220 = ORIENTED_EDGE('',*,*,#2221,.F.);
#2221 = EDGE_CURVE('',#1948,#2172,#2222,.T.);
#2222 = LINE('',#2223,#2224);
#2223 = CARTESIAN_POINT('',(3.5,12.32,10.6));
#2224 = VECTOR('',#2225,1.);
#2225 = DIRECTION('',(1.,0.,-0.));
#2226 = PLANE('',#2227);
#2227 = AXIS2_PLACEMENT_3D('',#2228,#2229,#2230);
#2228 = CARTESIAN_POINT('',(3.5,0.,10.6));
#2229 = DIRECTION('',(0.,0.,1.));
#2230 = DIRECTION('',(1.,0.,-0.));
#2231 = ADVANCED_FACE('',(#2232),#2258,.F.);
#2232 = FACE_BOUND('',#2233,.F.);
#2233 = EDGE_LOOP('',(#2234,#2242,#2250,#2256,#2257));
#2234 = ORIENTED_EDGE('',*,*,#2235,.F.);
#2235 = EDGE_CURVE('',#2236,#1881,#2238,.T.);
#2236 = VERTEX_POINT('',#2237);
#2237 = CARTESIAN_POINT('',(6.66,0.75,8.62));
#2238 = LINE('',#2239,#2240);
#2239 = CARTESIAN_POINT('',(6.66,0.75,8.62));
#2240 = VECTOR('',#2241,1.);
#2241 = DIRECTION('',(0.,0.,1.));
#2242 = ORIENTED_EDGE('',*,*,#2243,.T.);
#2243 = EDGE_CURVE('',#2236,#2244,#2246,.T.);
#2244 = VERTEX_POINT('',#2245);
#2245 = CARTESIAN_POINT('',(6.66,9.5,8.62));
#2246 = LINE('',#2247,#2248);
#2247 = CARTESIAN_POINT('',(6.66,0.75,8.62));
#2248 = VECTOR('',#2249,1.);
#2249 = DIRECTION('',(-0.,1.,0.));
#2250 = ORIENTED_EDGE('',*,*,#2251,.T.);
#2251 = EDGE_CURVE('',#2244,#2206,#2252,.T.);
#2252 = LINE('',#2253,#2254);
#2253 = CARTESIAN_POINT('',(6.66,9.5,8.62));
#2254 = VECTOR('',#2255,1.);
#2255 = DIRECTION('',(0.,0.,1.));
#2256 = ORIENTED_EDGE('',*,*,#2213,.F.);
#2257 = ORIENTED_EDGE('',*,*,#1888,.F.);
#2258 = PLANE('',#2259);
#2259 = AXIS2_PLACEMENT_3D('',#2260,#2261,#2262);
#2260 = CARTESIAN_POINT('',(6.66,0.75,8.62));
#2261 = DIRECTION('',(1.,0.,-0.));
#2262 = DIRECTION('',(0.,0.,1.));
#2263 = ADVANCED_FACE('',(#2264),#2282,.T.);
#2264 = FACE_BOUND('',#2265,.T.);
#2265 = EDGE_LOOP('',(#2266,#2267,#2275,#2281));
#2266 = ORIENTED_EDGE('',*,*,#2235,.F.);
#2267 = ORIENTED_EDGE('',*,*,#2268,.F.);
#2268 = EDGE_CURVE('',#2269,#2236,#2271,.T.);
#2269 = VERTEX_POINT('',#2270);
#2270 = CARTESIAN_POINT('',(3.84,0.75,8.62));
#2271 = LINE('',#2272,#2273);
#2272 = CARTESIAN_POINT('',(3.84,0.75,8.62));
#2273 = VECTOR('',#2274,1.);
#2274 = DIRECTION('',(1.,0.,-0.));
#2275 = ORIENTED_EDGE('',*,*,#2276,.T.);
#2276 = EDGE_CURVE('',#2269,#1873,#2277,.T.);
#2277 = LINE('',#2278,#2279);
#2278 = CARTESIAN_POINT('',(3.84,0.75,8.62));
#2279 = VECTOR('',#2280,1.);
#2280 = DIRECTION('',(0.,0.,1.));
#2281 = ORIENTED_EDGE('',*,*,#1880,.F.);
#2282 = PLANE('',#2283);
#2283 = AXIS2_PLACEMENT_3D('',#2284,#2285,#2286);
#2284 = CARTESIAN_POINT('',(3.84,0.75,8.62));
#2285 = DIRECTION('',(-0.,1.,0.));
#2286 = DIRECTION('',(0.,0.,1.));
#2287 = ADVANCED_FACE('',(#2288),#2307,.T.);
#2288 = FACE_BOUND('',#2289,.T.);
#2289 = EDGE_LOOP('',(#2290,#2291,#2299,#2305,#2306));
#2290 = ORIENTED_EDGE('',*,*,#2276,.F.);
#2291 = ORIENTED_EDGE('',*,*,#2292,.T.);
#2292 = EDGE_CURVE('',#2269,#2293,#2295,.T.);
#2293 = VERTEX_POINT('',#2294);
#2294 = CARTESIAN_POINT('',(3.84,9.5,8.62));
#2295 = LINE('',#2296,#2297);
#2296 = CARTESIAN_POINT('',(3.84,0.75,8.62));
#2297 = VECTOR('',#2298,1.);
#2298 = DIRECTION('',(-0.,1.,0.));
#2299 = ORIENTED_EDGE('',*,*,#2300,.T.);
#2300 = EDGE_CURVE('',#2293,#2198,#2301,.T.);
#2301 = LINE('',#2302,#2303);
#2302 = CARTESIAN_POINT('',(3.84,9.5,8.62));
#2303 = VECTOR('',#2304,1.);
#2304 = DIRECTION('',(0.,0.,1.));
#2305 = ORIENTED_EDGE('',*,*,#2197,.F.);
#2306 = ORIENTED_EDGE('',*,*,#1872,.F.);
#2307 = PLANE('',#2308);
#2308 = AXIS2_PLACEMENT_3D('',#2309,#2310,#2311);
#2309 = CARTESIAN_POINT('',(3.84,0.75,8.62));
#2310 = DIRECTION('',(1.,0.,-0.));
#2311 = DIRECTION('',(0.,0.,1.));
#2312 = ADVANCED_FACE('',(#2313),#2324,.T.);
#2313 = FACE_BOUND('',#2314,.F.);
#2314 = EDGE_LOOP('',(#2315,#2316,#2323));
#2315 = ORIENTED_EDGE('',*,*,#1989,.F.);
#2316 = ORIENTED_EDGE('',*,*,#2317,.T.);
#2317 = EDGE_CURVE('',#1982,#1948,#2318,.T.);
#2318 = CIRCLE('',#2319,0.18);
#2319 = AXIS2_PLACEMENT_3D('',#2320,#2321,#2322);
#2320 = CARTESIAN_POINT('',(3.68,12.32,10.42));
#2321 = DIRECTION('',(1.,0.,6.123233995737E-17));
#2322 = DIRECTION('',(-6.123233995737E-17,-0.,1.));
#2323 = ORIENTED_EDGE('',*,*,#1955,.F.);
#2324 = SPHERICAL_SURFACE('',#2325,0.18);
#2325 = AXIS2_PLACEMENT_3D('',#2326,#2327,#2328);
#2326 = CARTESIAN_POINT('',(3.68,12.32,10.42));
#2327 = DIRECTION('',(0.,-1.,-0.));
#2328 = DIRECTION('',(-1.,-0.,0.));
#2329 = ADVANCED_FACE('',(#2330),#2341,.T.);
#2330 = FACE_BOUND('',#2331,.F.);
#2331 = EDGE_LOOP('',(#2332,#2333,#2340));
#2332 = ORIENTED_EDGE('',*,*,#2021,.F.);
#2333 = ORIENTED_EDGE('',*,*,#2334,.T.);
#2334 = EDGE_CURVE('',#2014,#1973,#2335,.T.);
#2335 = CIRCLE('',#2336,0.18);
#2336 = AXIS2_PLACEMENT_3D('',#2337,#2338,#2339);
#2337 = CARTESIAN_POINT('',(3.68,12.32,0.18));
#2338 = DIRECTION('',(1.,6.123233995737E-17,-0.));
#2339 = DIRECTION('',(-6.123233995737E-17,1.,0.));
#2340 = ORIENTED_EDGE('',*,*,#1972,.F.);
#2341 = SPHERICAL_SURFACE('',#2342,0.18);
#2342 = AXIS2_PLACEMENT_3D('',#2343,#2344,#2345);
#2343 = CARTESIAN_POINT('',(3.68,12.32,0.18));
#2344 = DIRECTION('',(0.,0.,1.));
#2345 = DIRECTION('',(-1.,0.,0.));
#2346 = ADVANCED_FACE('',(#2347),#2372,.T.);
#2347 = FACE_BOUND('',#2348,.T.);
#2348 = EDGE_LOOP('',(#2349,#2350,#2358,#2366));
#2349 = ORIENTED_EDGE('',*,*,#1981,.T.);
#2350 = ORIENTED_EDGE('',*,*,#2351,.T.);
#2351 = EDGE_CURVE('',#1982,#2352,#2354,.T.);
#2352 = VERTEX_POINT('',#2353);
#2353 = CARTESIAN_POINT('',(6.82,12.5,10.42));
#2354 = LINE('',#2355,#2356);
#2355 = CARTESIAN_POINT('',(3.5,12.5,10.42));
#2356 = VECTOR('',#2357,1.);
#2357 = DIRECTION('',(1.,0.,-0.));
#2358 = ORIENTED_EDGE('',*,*,#2359,.F.);
#2359 = EDGE_CURVE('',#2360,#2352,#2362,.T.);
#2360 = VERTEX_POINT('',#2361);
#2361 = CARTESIAN_POINT('',(6.82,12.5,0.18));
#2362 = LINE('',#2363,#2364);
#2363 = CARTESIAN_POINT('',(6.82,12.5,0.));
#2364 = VECTOR('',#2365,1.);
#2365 = DIRECTION('',(0.,0.,1.));
#2366 = ORIENTED_EDGE('',*,*,#2367,.F.);
#2367 = EDGE_CURVE('',#1973,#2360,#2368,.T.);
#2368 = LINE('',#2369,#2370);
#2369 = CARTESIAN_POINT('',(3.5,12.5,0.18));
#2370 = VECTOR('',#2371,1.);
#2371 = DIRECTION('',(1.,0.,-0.));
#2372 = PLANE('',#2373);
#2373 = AXIS2_PLACEMENT_3D('',#2374,#2375,#2376);
#2374 = CARTESIAN_POINT('',(3.5,12.5,0.));
#2375 = DIRECTION('',(-0.,1.,0.));
#2376 = DIRECTION('',(0.,0.,1.));
#2377 = ADVANCED_FACE('',(#2378),#2403,.F.);
#2378 = FACE_BOUND('',#2379,.F.);
#2379 = EDGE_LOOP('',(#2380,#2381,#2389,#2397));
#2380 = ORIENTED_EDGE('',*,*,#2013,.F.);
#2381 = ORIENTED_EDGE('',*,*,#2382,.T.);
#2382 = EDGE_CURVE('',#2005,#2383,#2385,.T.);
#2383 = VERTEX_POINT('',#2384);
#2384 = CARTESIAN_POINT('',(6.82,0.18,0.));
#2385 = LINE('',#2386,#2387);
#2386 = CARTESIAN_POINT('',(3.5,0.18,-2.775557561563E-17));
#2387 = VECTOR('',#2388,1.);
#2388 = DIRECTION('',(1.,0.,-0.));
#2389 = ORIENTED_EDGE('',*,*,#2390,.T.);
#2390 = EDGE_CURVE('',#2383,#2391,#2393,.T.);
#2391 = VERTEX_POINT('',#2392);
#2392 = CARTESIAN_POINT('',(6.82,12.32,0.));
#2393 = LINE('',#2394,#2395);
#2394 = CARTESIAN_POINT('',(6.82,0.,-2.775557561563E-17));
#2395 = VECTOR('',#2396,1.);
#2396 = DIRECTION('',(-0.,1.,0.));
#2397 = ORIENTED_EDGE('',*,*,#2398,.F.);
#2398 = EDGE_CURVE('',#2014,#2391,#2399,.T.);
#2399 = LINE('',#2400,#2401);
#2400 = CARTESIAN_POINT('',(3.5,12.32,-2.775557561563E-17));
#2401 = VECTOR('',#2402,1.);
#2402 = DIRECTION('',(1.,0.,-0.));
#2403 = PLANE('',#2404);
#2404 = AXIS2_PLACEMENT_3D('',#2405,#2406,#2407);
#2405 = CARTESIAN_POINT('',(3.5,0.,0.));
#2406 = DIRECTION('',(0.,0.,1.));
#2407 = DIRECTION('',(1.,0.,-0.));
#2408 = ADVANCED_FACE('',(#2409),#2421,.T.);
#2409 = FACE_BOUND('',#2410,.T.);
#2410 = EDGE_LOOP('',(#2411,#2412,#2413,#2420));
#2411 = ORIENTED_EDGE('',*,*,#2097,.F.);
#2412 = ORIENTED_EDGE('',*,*,#2382,.T.);
#2413 = ORIENTED_EDGE('',*,*,#2414,.T.);
#2414 = EDGE_CURVE('',#2383,#2038,#2415,.T.);
#2415 = CIRCLE('',#2416,0.18);
#2416 = AXIS2_PLACEMENT_3D('',#2417,#2418,#2419);
#2417 = CARTESIAN_POINT('',(6.82,0.18,0.18));
#2418 = DIRECTION('',(-1.,-6.123233995737E-17,0.));
#2419 = DIRECTION('',(6.123233995737E-17,-1.,-0.));
#2420 = ORIENTED_EDGE('',*,*,#2037,.F.);
#2421 = CYLINDRICAL_SURFACE('',#2422,0.18);
#2422 = AXIS2_PLACEMENT_3D('',#2423,#2424,#2425);
#2423 = CARTESIAN_POINT('',(3.5,0.18,0.18));
#2424 = DIRECTION('',(1.,0.,-0.));
#2425 = DIRECTION('',(0.,-1.,0.));
#2426 = ADVANCED_FACE('',(#2427),#2452,.F.);
#2427 = FACE_BOUND('',#2428,.F.);
#2428 = EDGE_LOOP('',(#2429,#2430,#2438,#2446));
#2429 = ORIENTED_EDGE('',*,*,#2055,.T.);
#2430 = ORIENTED_EDGE('',*,*,#2431,.T.);
#2431 = EDGE_CURVE('',#2058,#2432,#2434,.T.);
#2432 = VERTEX_POINT('',#2433);
#2433 = CARTESIAN_POINT('',(6.35,4.3,4.782623792125));
#2434 = LINE('',#2435,#2436);
#2435 = CARTESIAN_POINT('',(6.35,-5.E-02,4.782623792125));
#2436 = VECTOR('',#2437,1.);
#2437 = DIRECTION('',(0.,1.,0.));
#2438 = ORIENTED_EDGE('',*,*,#2439,.T.);
#2439 = EDGE_CURVE('',#2432,#2440,#2442,.T.);
#2440 = VERTEX_POINT('',#2441);
#2441 = CARTESIAN_POINT('',(6.35,4.3,8.1));
#2442 = LINE('',#2443,#2444);
#2443 = CARTESIAN_POINT('',(6.35,4.3,4.));
#2444 = VECTOR('',#2445,1.);
#2445 = DIRECTION('',(0.,0.,1.));
#2446 = ORIENTED_EDGE('',*,*,#2447,.F.);
#2447 = EDGE_CURVE('',#2056,#2440,#2448,.T.);
#2448 = LINE('',#2449,#2450);
#2449 = CARTESIAN_POINT('',(6.35,-5.E-02,8.1));
#2450 = VECTOR('',#2451,1.);
#2451 = DIRECTION('',(-0.,1.,0.));
#2452 = PLANE('',#2453);
#2453 = AXIS2_PLACEMENT_3D('',#2454,#2455,#2456);
#2454 = CARTESIAN_POINT('',(6.35,-5.E-02,4.));
#2455 = DIRECTION('',(1.,0.,-0.));
#2456 = DIRECTION('',(0.,0.,1.));
#2457 = ADVANCED_FACE('',(#2458),#2476,.F.);
#2458 = FACE_BOUND('',#2459,.F.);
#2459 = EDGE_LOOP('',(#2460,#2468,#2469,#2470));
#2460 = ORIENTED_EDGE('',*,*,#2461,.F.);
#2461 = EDGE_CURVE('',#2066,#2462,#2464,.T.);
#2462 = VERTEX_POINT('',#2463);
#2463 = CARTESIAN_POINT('',(4.15,4.3,8.1));
#2464 = LINE('',#2465,#2466);
#2465 = CARTESIAN_POINT('',(4.15,-5.E-02,8.1));
#2466 = VECTOR('',#2467,1.);
#2467 = DIRECTION('',(-0.,1.,0.));
#2468 = ORIENTED_EDGE('',*,*,#2065,.T.);
#2469 = ORIENTED_EDGE('',*,*,#2447,.T.);
#2470 = ORIENTED_EDGE('',*,*,#2471,.F.);
#2471 = EDGE_CURVE('',#2462,#2440,#2472,.T.);
#2472 = LINE('',#2473,#2474);
#2473 = CARTESIAN_POINT('',(4.15,4.3,8.1));
#2474 = VECTOR('',#2475,1.);
#2475 = DIRECTION('',(1.,0.,-0.));
#2476 = PLANE('',#2477);
#2477 = AXIS2_PLACEMENT_3D('',#2478,#2479,#2480);
#2478 = CARTESIAN_POINT('',(4.15,-5.E-02,8.1));
#2479 = DIRECTION('',(0.,0.,1.));
#2480 = DIRECTION('',(1.,0.,-0.));
#2481 = ADVANCED_FACE('',(#2482),#2501,.F.);
#2482 = FACE_BOUND('',#2483,.F.);
#2483 = EDGE_LOOP('',(#2484,#2493,#2494,#2495));
#2484 = ORIENTED_EDGE('',*,*,#2485,.F.);
#2485 = EDGE_CURVE('',#2432,#2486,#2488,.T.);
#2486 = VERTEX_POINT('',#2487);
#2487 = CARTESIAN_POINT('',(4.15,4.3,4.782623792125));
#2488 = CIRCLE('',#2489,1.35);
#2489 = AXIS2_PLACEMENT_3D('',#2490,#2491,#2492);
#2490 = CARTESIAN_POINT('',(5.25,4.3,4.));
#2491 = DIRECTION('',(0.,1.,0.));
#2492 = DIRECTION('',(0.,-0.,1.));
#2493 = ORIENTED_EDGE('',*,*,#2431,.F.);
#2494 = ORIENTED_EDGE('',*,*,#2081,.T.);
#2495 = ORIENTED_EDGE('',*,*,#2496,.T.);
#2496 = EDGE_CURVE('',#2074,#2486,#2497,.T.);
#2497 = LINE('',#2498,#2499);
#2498 = CARTESIAN_POINT('',(4.15,-5.E-02,4.782623792125));
#2499 = VECTOR('',#2500,1.);
#2500 = DIRECTION('',(0.,1.,0.));
#2501 = CYLINDRICAL_SURFACE('',#2502,1.35);
#2502 = AXIS2_PLACEMENT_3D('',#2503,#2504,#2505);
#2503 = CARTESIAN_POINT('',(5.25,-5.E-02,4.));
#2504 = DIRECTION('',(0.,1.,0.));
#2505 = DIRECTION('',(0.,-0.,1.));
#2506 = ADVANCED_FACE('',(#2507),#2518,.T.);
#2507 = FACE_BOUND('',#2508,.T.);
#2508 = EDGE_LOOP('',(#2509,#2510,#2511,#2517));
#2509 = ORIENTED_EDGE('',*,*,#2073,.T.);
#2510 = ORIENTED_EDGE('',*,*,#2496,.T.);
#2511 = ORIENTED_EDGE('',*,*,#2512,.T.);
#2512 = EDGE_CURVE('',#2486,#2462,#2513,.T.);
#2513 = LINE('',#2514,#2515);
#2514 = CARTESIAN_POINT('',(4.15,4.3,4.));
#2515 = VECTOR('',#2516,1.);
#2516 = DIRECTION('',(0.,0.,1.));
#2517 = ORIENTED_EDGE('',*,*,#2461,.F.);
#2518 = PLANE('',#2519);
#2519 = AXIS2_PLACEMENT_3D('',#2520,#2521,#2522);
#2520 = CARTESIAN_POINT('',(4.15,-5.E-02,4.));
#2521 = DIRECTION('',(1.,0.,-0.));
#2522 = DIRECTION('',(0.,0.,1.));
#2523 = ADVANCED_FACE('',(#2524),#2535,.T.);
#2524 = FACE_BOUND('',#2525,.F.);
#2525 = EDGE_LOOP('',(#2526,#2533,#2534));
#2526 = ORIENTED_EDGE('',*,*,#2527,.F.);
#2527 = EDGE_CURVE('',#2383,#2114,#2528,.T.);
#2528 = CIRCLE('',#2529,0.18);
#2529 = AXIS2_PLACEMENT_3D('',#2530,#2531,#2532);
#2530 = CARTESIAN_POINT('',(6.82,0.18,0.18));
#2531 = DIRECTION('',(0.,-1.,0.));
#2532 = DIRECTION('',(1.,0.,0.));
#2533 = ORIENTED_EDGE('',*,*,#2414,.T.);
#2534 = ORIENTED_EDGE('',*,*,#2121,.F.);
#2535 = SPHERICAL_SURFACE('',#2536,0.18);
#2536 = AXIS2_PLACEMENT_3D('',#2537,#2538,#2539);
#2537 = CARTESIAN_POINT('',(6.82,0.18,0.18));
#2538 = DIRECTION('',(0.,0.,1.));
#2539 = DIRECTION('',(1.,0.,-0.));
#2540 = ADVANCED_FACE('',(#2541),#2559,.T.);
#2541 = FACE_BOUND('',#2542,.T.);
#2542 = EDGE_LOOP('',(#2543,#2544,#2551,#2552));
#2543 = ORIENTED_EDGE('',*,*,#2147,.F.);
#2544 = ORIENTED_EDGE('',*,*,#2545,.T.);
#2545 = EDGE_CURVE('',#2140,#2360,#2546,.T.);
#2546 = CIRCLE('',#2547,0.18);
#2547 = AXIS2_PLACEMENT_3D('',#2548,#2549,#2550);
#2548 = CARTESIAN_POINT('',(6.82,12.32,0.18));
#2549 = DIRECTION('',(0.,0.,1.));
#2550 = DIRECTION('',(1.,0.,-0.));
#2551 = ORIENTED_EDGE('',*,*,#2359,.T.);
#2552 = ORIENTED_EDGE('',*,*,#2553,.T.);
#2553 = EDGE_CURVE('',#2352,#2148,#2554,.T.);
#2554 = CIRCLE('',#2555,0.18);
#2555 = AXIS2_PLACEMENT_3D('',#2556,#2557,#2558);
#2556 = CARTESIAN_POINT('',(6.82,12.32,10.42));
#2557 = DIRECTION('',(0.,0.,-1.));
#2558 = DIRECTION('',(1.,0.,0.));
#2559 = CYLINDRICAL_SURFACE('',#2560,0.18);
#2560 = AXIS2_PLACEMENT_3D('',#2561,#2562,#2563);
#2561 = CARTESIAN_POINT('',(6.82,12.32,0.));
#2562 = DIRECTION('',(0.,0.,1.));
#2563 = DIRECTION('',(1.,0.,-0.));
#2564 = ADVANCED_FACE('',(#2565),#2577,.T.);
#2565 = FACE_BOUND('',#2566,.T.);
#2566 = EDGE_LOOP('',(#2567,#2568,#2569,#2576));
#2567 = ORIENTED_EDGE('',*,*,#2527,.F.);
#2568 = ORIENTED_EDGE('',*,*,#2390,.T.);
#2569 = ORIENTED_EDGE('',*,*,#2570,.T.);
#2570 = EDGE_CURVE('',#2391,#2140,#2571,.T.);
#2571 = CIRCLE('',#2572,0.18);
#2572 = AXIS2_PLACEMENT_3D('',#2573,#2574,#2575);
#2573 = CARTESIAN_POINT('',(6.82,12.32,0.18));
#2574 = DIRECTION('',(0.,-1.,0.));
#2575 = DIRECTION('',(1.,0.,0.));
#2576 = ORIENTED_EDGE('',*,*,#2139,.F.);
#2577 = CYLINDRICAL_SURFACE('',#2578,0.18);
#2578 = AXIS2_PLACEMENT_3D('',#2579,#2580,#2581);
#2579 = CARTESIAN_POINT('',(6.82,0.,0.18));
#2580 = DIRECTION('',(-0.,1.,0.));
#2581 = DIRECTION('',(1.,0.,-0.));
#2582 = ADVANCED_FACE('',(#2583),#2594,.T.);
#2583 = FACE_BOUND('',#2584,.T.);
#2584 = EDGE_LOOP('',(#2585,#2586,#2593));
#2585 = ORIENTED_EDGE('',*,*,#2553,.F.);
#2586 = ORIENTED_EDGE('',*,*,#2587,.T.);
#2587 = EDGE_CURVE('',#2352,#2172,#2588,.T.);
#2588 = CIRCLE('',#2589,0.18);
#2589 = AXIS2_PLACEMENT_3D('',#2590,#2591,#2592);
#2590 = CARTESIAN_POINT('',(6.82,12.32,10.42));
#2591 = DIRECTION('',(1.,0.,-6.123233995737E-17));
#2592 = DIRECTION('',(6.123233995737E-17,0.,1.));
#2593 = ORIENTED_EDGE('',*,*,#2179,.F.);
#2594 = SPHERICAL_SURFACE('',#2595,0.18);
#2595 = AXIS2_PLACEMENT_3D('',#2596,#2597,#2598);
#2596 = CARTESIAN_POINT('',(6.82,12.32,10.42));
#2597 = DIRECTION('',(0.,-1.,-0.));
#2598 = DIRECTION('',(1.,0.,0.));
#2599 = ADVANCED_FACE('',(#2600),#2606,.T.);
#2600 = FACE_BOUND('',#2601,.T.);
#2601 = EDGE_LOOP('',(#2602,#2603,#2604,#2605));
#2602 = ORIENTED_EDGE('',*,*,#2317,.T.);
#2603 = ORIENTED_EDGE('',*,*,#2221,.T.);
#2604 = ORIENTED_EDGE('',*,*,#2587,.F.);
#2605 = ORIENTED_EDGE('',*,*,#2351,.F.);
#2606 = CYLINDRICAL_SURFACE('',#2607,0.18);
#2607 = AXIS2_PLACEMENT_3D('',#2608,#2609,#2610);
#2608 = CARTESIAN_POINT('',(3.5,12.32,10.42));
#2609 = DIRECTION('',(1.,0.,-0.));
#2610 = DIRECTION('',(0.,1.,0.));
#2611 = ADVANCED_FACE('',(#2612),#2623,.F.);
#2612 = FACE_BOUND('',#2613,.F.);
#2613 = EDGE_LOOP('',(#2614,#2615,#2621,#2622));
#2614 = ORIENTED_EDGE('',*,*,#2251,.F.);
#2615 = ORIENTED_EDGE('',*,*,#2616,.F.);
#2616 = EDGE_CURVE('',#2293,#2244,#2617,.T.);
#2617 = LINE('',#2618,#2619);
#2618 = CARTESIAN_POINT('',(3.84,9.5,8.62));
#2619 = VECTOR('',#2620,1.);
#2620 = DIRECTION('',(1.,0.,-0.));
#2621 = ORIENTED_EDGE('',*,*,#2300,.T.);
#2622 = ORIENTED_EDGE('',*,*,#2205,.F.);
#2623 = PLANE('',#2624);
#2624 = AXIS2_PLACEMENT_3D('',#2625,#2626,#2627);
#2625 = CARTESIAN_POINT('',(3.84,9.5,8.62));
#2626 = DIRECTION('',(-0.,1.,0.));
#2627 = DIRECTION('',(0.,0.,1.));
#2628 = ADVANCED_FACE('',(#2629),#2635,.T.);
#2629 = FACE_BOUND('',#2630,.T.);
#2630 = EDGE_LOOP('',(#2631,#2632,#2633,#2634));
#2631 = ORIENTED_EDGE('',*,*,#2292,.F.);
#2632 = ORIENTED_EDGE('',*,*,#2268,.T.);
#2633 = ORIENTED_EDGE('',*,*,#2243,.T.);
#2634 = ORIENTED_EDGE('',*,*,#2616,.F.);
#2635 = PLANE('',#2636);
#2636 = AXIS2_PLACEMENT_3D('',#2637,#2638,#2639);
#2637 = CARTESIAN_POINT('',(3.84,0.75,8.62));
#2638 = DIRECTION('',(0.,0.,1.));
#2639 = DIRECTION('',(1.,0.,-0.));
#2640 = ADVANCED_FACE('',(#2641),#2653,.T.);
#2641 = FACE_BOUND('',#2642,.F.);
#2642 = EDGE_LOOP('',(#2643,#2644,#2645,#2652));
#2643 = ORIENTED_EDGE('',*,*,#2334,.F.);
#2644 = ORIENTED_EDGE('',*,*,#2398,.T.);
#2645 = ORIENTED_EDGE('',*,*,#2646,.T.);
#2646 = EDGE_CURVE('',#2391,#2360,#2647,.T.);
#2647 = CIRCLE('',#2648,0.18);
#2648 = AXIS2_PLACEMENT_3D('',#2649,#2650,#2651);
#2649 = CARTESIAN_POINT('',(6.82,12.32,0.18));
#2650 = DIRECTION('',(1.,-6.123233995737E-17,0.));
#2651 = DIRECTION('',(6.123233995737E-17,1.,0.));
#2652 = ORIENTED_EDGE('',*,*,#2367,.F.);
#2653 = CYLINDRICAL_SURFACE('',#2654,0.18);
#2654 = AXIS2_PLACEMENT_3D('',#2655,#2656,#2657);
#2655 = CARTESIAN_POINT('',(3.5,12.32,0.18));
#2656 = DIRECTION('',(1.,0.,-0.));
#2657 = DIRECTION('',(0.,1.,0.));
#2658 = ADVANCED_FACE('',(#2659),#2664,.T.);
#2659 = FACE_BOUND('',#2660,.T.);
#2660 = EDGE_LOOP('',(#2661,#2662,#2663));
#2661 = ORIENTED_EDGE('',*,*,#2570,.F.);
#2662 = ORIENTED_EDGE('',*,*,#2646,.T.);
#2663 = ORIENTED_EDGE('',*,*,#2545,.F.);
#2664 = SPHERICAL_SURFACE('',#2665,0.18);
#2665 = AXIS2_PLACEMENT_3D('',#2666,#2667,#2668);
#2666 = CARTESIAN_POINT('',(6.82,12.32,0.18));
#2667 = DIRECTION('',(0.,0.,1.));
#2668 = DIRECTION('',(1.,0.,-0.));
#2669 = ADVANCED_FACE('',(#2670),#2676,.T.);
#2670 = FACE_BOUND('',#2671,.T.);
#2671 = EDGE_LOOP('',(#2672,#2673,#2674,#2675));
#2672 = ORIENTED_EDGE('',*,*,#2439,.T.);
#2673 = ORIENTED_EDGE('',*,*,#2471,.F.);
#2674 = ORIENTED_EDGE('',*,*,#2512,.F.);
#2675 = ORIENTED_EDGE('',*,*,#2485,.F.);
#2676 = PLANE('',#2677);
#2677 = AXIS2_PLACEMENT_3D('',#2678,#2679,#2680);
#2678 = CARTESIAN_POINT('',(5.25,4.3,5.616030404352));
#2679 = DIRECTION('',(-0.,-1.,-0.));
#2680 = DIRECTION('',(0.,0.,-1.));
#2681 = ( GEOMETRIC_REPRESENTATION_CONTEXT(3) 
GLOBAL_UNCERTAINTY_ASSIGNED_CONTEXT((#2685)) 
GLOBAL_UNIT_ASSIGNED_CONTEXT((#2682,#2683,#2684)) REPRESENTATION_CONTEXT
('Context #1','3D Context with UNIT and UNCERTAINTY') );
#2682 = ( LENGTH_UNIT() NAMED_UNIT(*) SI_UNIT(.MILLI.,.METRE.) );
#2683 = ( NAMED_UNIT(*) PLANE_ANGLE_UNIT() SI_UNIT($,.RADIAN.) );
#2684 = ( NAMED_UNIT(*) SI_UNIT($,.STERADIAN.) SOLID_ANGLE_UNIT() );
#2685 = UNCERTAINTY_MEASURE_WITH_UNIT(LENGTH_MEASURE(1.E-07),#2682,
  'distance_accuracy_value','confusion accuracy');
#2686 = CONTEXT_DEPENDENT_SHAPE_REPRESENTATION(#2687,#2689);
#2687 = ( REPRESENTATION_RELATIONSHIP('','',#1767,#10) 
REPRESENTATION_RELATIONSHIP_WITH_TRANSFORMATION(#2688) 
SHAPE_REPRESENTATION_RELATIONSHIP() );
#2688 = ITEM_DEFINED_TRANSFORMATION('','',#11,#31);
#2689 = PRODUCT_DEFINITION_SHAPE('Placement','Placement of an item',
  #2690);
#2690 = NEXT_ASSEMBLY_USAGE_OCCURRENCE('5','Housing P2','',#5,#1762,$);
#2691 = PRODUCT_RELATED_PRODUCT_CATEGORY('part',$,(#1764));
#2692 = SHAPE_DEFINITION_REPRESENTATION(#2693,#2699);
#2693 = PRODUCT_DEFINITION_SHAPE('','',#2694);
#2694 = PRODUCT_DEFINITION('design','',#2695,#2698);
#2695 = PRODUCT_DEFINITION_FORMATION('','',#2696);
#2696 = PRODUCT('Actuator P2','Actuator P2','',(#2697));
#2697 = PRODUCT_CONTEXT('',#2,'mechanical');
#2698 = PRODUCT_DEFINITION_CONTEXT('part definition',#2,'design');
#2699 = ADVANCED_BREP_SHAPE_REPRESENTATION('',(#11,#2700),#2918);
#2700 = MANIFOLD_SOLID_BREP('',#2701);
#2701 = CLOSED_SHELL('',(#2702,#2742,#2773,#2804,#2835,#2868,#2890,#2904
    ));
#2702 = ADVANCED_FACE('',(#2703),#2737,.T.);
#2703 = FACE_BOUND('',#2704,.T.);
#2704 = EDGE_LOOP('',(#2705,#2715,#2723,#2731));
#2705 = ORIENTED_EDGE('',*,*,#2706,.T.);
#2706 = EDGE_CURVE('',#2707,#2709,#2711,.T.);
#2707 = VERTEX_POINT('',#2708);
#2708 = CARTESIAN_POINT('',(3.9,0.1,10.92));
#2709 = VERTEX_POINT('',#2710);
#2710 = CARTESIAN_POINT('',(6.6,0.1,10.92));
#2711 = LINE('',#2712,#2713);
#2712 = CARTESIAN_POINT('',(3.9,0.1,10.92));
#2713 = VECTOR('',#2714,1.);
#2714 = DIRECTION('',(1.,0.,0.));
#2715 = ORIENTED_EDGE('',*,*,#2716,.T.);
#2716 = EDGE_CURVE('',#2709,#2717,#2719,.T.);
#2717 = VERTEX_POINT('',#2718);
#2718 = CARTESIAN_POINT('',(6.6,9.45,10.92));
#2719 = LINE('',#2720,#2721);
#2720 = CARTESIAN_POINT('',(6.6,0.1,10.92));
#2721 = VECTOR('',#2722,1.);
#2722 = DIRECTION('',(0.,1.,0.));
#2723 = ORIENTED_EDGE('',*,*,#2724,.F.);
#2724 = EDGE_CURVE('',#2725,#2717,#2727,.T.);
#2725 = VERTEX_POINT('',#2726);
#2726 = CARTESIAN_POINT('',(3.9,9.45,10.92));
#2727 = LINE('',#2728,#2729);
#2728 = CARTESIAN_POINT('',(3.9,9.45,10.92));
#2729 = VECTOR('',#2730,1.);
#2730 = DIRECTION('',(1.,0.,0.));
#2731 = ORIENTED_EDGE('',*,*,#2732,.F.);
#2732 = EDGE_CURVE('',#2707,#2725,#2733,.T.);
#2733 = LINE('',#2734,#2735);
#2734 = CARTESIAN_POINT('',(3.9,0.1,10.92));
#2735 = VECTOR('',#2736,1.);
#2736 = DIRECTION('',(0.,1.,0.));
#2737 = PLANE('',#2738);
#2738 = AXIS2_PLACEMENT_3D('',#2739,#2740,#2741);
#2739 = CARTESIAN_POINT('',(3.9,0.1,10.92));
#2740 = DIRECTION('',(0.,0.,1.));
#2741 = DIRECTION('',(0.,1.,0.));
#2742 = ADVANCED_FACE('',(#2743),#2768,.T.);
#2743 = FACE_BOUND('',#2744,.T.);
#2744 = EDGE_LOOP('',(#2745,#2755,#2761,#2762));
#2745 = ORIENTED_EDGE('',*,*,#2746,.T.);
#2746 = EDGE_CURVE('',#2747,#2749,#2751,.T.);
#2747 = VERTEX_POINT('',#2748);
#2748 = CARTESIAN_POINT('',(3.9,1.85,8.92));
#2749 = VERTEX_POINT('',#2750);
#2750 = CARTESIAN_POINT('',(6.6,1.85,8.92));
#2751 = LINE('',#2752,#2753);
#2752 = CARTESIAN_POINT('',(3.9,1.85,8.92));
#2753 = VECTOR('',#2754,1.);
#2754 = DIRECTION('',(1.,0.,0.));
#2755 = ORIENTED_EDGE('',*,*,#2756,.T.);
#2756 = EDGE_CURVE('',#2749,#2709,#2757,.T.);
#2757 = LINE('',#2758,#2759);
#2758 = CARTESIAN_POINT('',(6.6,1.85,8.92));
#2759 = VECTOR('',#2760,1.);
#2760 = DIRECTION('',(0.,-0.658504607869,0.752576694707));
#2761 = ORIENTED_EDGE('',*,*,#2706,.F.);
#2762 = ORIENTED_EDGE('',*,*,#2763,.F.);
#2763 = EDGE_CURVE('',#2747,#2707,#2764,.T.);
#2764 = LINE('',#2765,#2766);
#2765 = CARTESIAN_POINT('',(3.9,1.85,8.92));
#2766 = VECTOR('',#2767,1.);
#2767 = DIRECTION('',(0.,-0.658504607869,0.752576694707));
#2768 = PLANE('',#2769);
#2769 = AXIS2_PLACEMENT_3D('',#2770,#2771,#2772);
#2770 = CARTESIAN_POINT('',(3.9,1.85,8.92));
#2771 = DIRECTION('',(0.,-0.752576694707,-0.658504607869));
#2772 = DIRECTION('',(0.,-0.658504607869,0.752576694707));
#2773 = ADVANCED_FACE('',(#2774),#2799,.T.);
#2774 = FACE_BOUND('',#2775,.T.);
#2775 = EDGE_LOOP('',(#2776,#2784,#2785,#2793));
#2776 = ORIENTED_EDGE('',*,*,#2777,.F.);
#2777 = EDGE_CURVE('',#2725,#2778,#2780,.T.);
#2778 = VERTEX_POINT('',#2779);
#2779 = CARTESIAN_POINT('',(3.9,9.45,10.8));
#2780 = LINE('',#2781,#2782);
#2781 = CARTESIAN_POINT('',(3.9,9.45,10.92));
#2782 = VECTOR('',#2783,1.);
#2783 = DIRECTION('',(0.,0.,-1.));
#2784 = ORIENTED_EDGE('',*,*,#2724,.T.);
#2785 = ORIENTED_EDGE('',*,*,#2786,.T.);
#2786 = EDGE_CURVE('',#2717,#2787,#2789,.T.);
#2787 = VERTEX_POINT('',#2788);
#2788 = CARTESIAN_POINT('',(6.6,9.45,10.8));
#2789 = LINE('',#2790,#2791);
#2790 = CARTESIAN_POINT('',(6.6,9.45,10.92));
#2791 = VECTOR('',#2792,1.);
#2792 = DIRECTION('',(0.,0.,-1.));
#2793 = ORIENTED_EDGE('',*,*,#2794,.F.);
#2794 = EDGE_CURVE('',#2778,#2787,#2795,.T.);
#2795 = LINE('',#2796,#2797);
#2796 = CARTESIAN_POINT('',(3.9,9.45,10.8));
#2797 = VECTOR('',#2798,1.);
#2798 = DIRECTION('',(1.,0.,0.));
#2799 = PLANE('',#2800);
#2800 = AXIS2_PLACEMENT_3D('',#2801,#2802,#2803);
#2801 = CARTESIAN_POINT('',(3.9,9.45,10.92));
#2802 = DIRECTION('',(-0.,1.,0.));
#2803 = DIRECTION('',(0.,0.,-1.));
#2804 = ADVANCED_FACE('',(#2805),#2830,.T.);
#2805 = FACE_BOUND('',#2806,.T.);
#2806 = EDGE_LOOP('',(#2807,#2817,#2823,#2824));
#2807 = ORIENTED_EDGE('',*,*,#2808,.T.);
#2808 = EDGE_CURVE('',#2809,#2811,#2813,.T.);
#2809 = VERTEX_POINT('',#2810);
#2810 = CARTESIAN_POINT('',(3.9,9.45,8.92));
#2811 = VERTEX_POINT('',#2812);
#2812 = CARTESIAN_POINT('',(6.6,9.45,8.92));
#2813 = LINE('',#2814,#2815);
#2814 = CARTESIAN_POINT('',(3.9,9.45,8.92));
#2815 = VECTOR('',#2816,1.);
#2816 = DIRECTION('',(1.,0.,0.));
#2817 = ORIENTED_EDGE('',*,*,#2818,.T.);
#2818 = EDGE_CURVE('',#2811,#2749,#2819,.T.);
#2819 = LINE('',#2820,#2821);
#2820 = CARTESIAN_POINT('',(6.6,9.45,8.92));
#2821 = VECTOR('',#2822,1.);
#2822 = DIRECTION('',(0.,-1.,0.));
#2823 = ORIENTED_EDGE('',*,*,#2746,.F.);
#2824 = ORIENTED_EDGE('',*,*,#2825,.F.);
#2825 = EDGE_CURVE('',#2809,#2747,#2826,.T.);
#2826 = LINE('',#2827,#2828);
#2827 = CARTESIAN_POINT('',(3.9,9.45,8.92));
#2828 = VECTOR('',#2829,1.);
#2829 = DIRECTION('',(0.,-1.,0.));
#2830 = PLANE('',#2831);
#2831 = AXIS2_PLACEMENT_3D('',#2832,#2833,#2834);
#2832 = CARTESIAN_POINT('',(3.9,9.45,8.92));
#2833 = DIRECTION('',(0.,0.,-1.));
#2834 = DIRECTION('',(0.,-1.,0.));
#2835 = ADVANCED_FACE('',(#2836),#2863,.T.);
#2836 = FACE_BOUND('',#2837,.T.);
#2837 = EDGE_LOOP('',(#2838,#2839,#2848,#2856));
#2838 = ORIENTED_EDGE('',*,*,#2794,.T.);
#2839 = ORIENTED_EDGE('',*,*,#2840,.F.);
#2840 = EDGE_CURVE('',#2841,#2787,#2843,.T.);
#2841 = VERTEX_POINT('',#2842);
#2842 = CARTESIAN_POINT('',(6.6,9.45,9.64));
#2843 = CIRCLE('',#2844,0.58);
#2844 = AXIS2_PLACEMENT_3D('',#2845,#2846,#2847);
#2845 = CARTESIAN_POINT('',(6.6,9.45,10.22));
#2846 = DIRECTION('',(1.,0.,0.));
#2847 = DIRECTION('',(-0.,0.,1.));
#2848 = ORIENTED_EDGE('',*,*,#2849,.F.);
#2849 = EDGE_CURVE('',#2850,#2841,#2852,.T.);
#2850 = VERTEX_POINT('',#2851);
#2851 = CARTESIAN_POINT('',(3.9,9.45,9.64));
#2852 = LINE('',#2853,#2854);
#2853 = CARTESIAN_POINT('',(3.9,9.45,9.64));
#2854 = VECTOR('',#2855,1.);
#2855 = DIRECTION('',(1.,0.,0.));
#2856 = ORIENTED_EDGE('',*,*,#2857,.T.);
#2857 = EDGE_CURVE('',#2850,#2778,#2858,.T.);
#2858 = CIRCLE('',#2859,0.58);
#2859 = AXIS2_PLACEMENT_3D('',#2860,#2861,#2862);
#2860 = CARTESIAN_POINT('',(3.9,9.45,10.22));
#2861 = DIRECTION('',(1.,0.,0.));
#2862 = DIRECTION('',(-0.,0.,1.));
#2863 = CYLINDRICAL_SURFACE('',#2864,0.58);
#2864 = AXIS2_PLACEMENT_3D('',#2865,#2866,#2867);
#2865 = CARTESIAN_POINT('',(3.9,9.45,10.22));
#2866 = DIRECTION('',(1.,0.,0.));
#2867 = DIRECTION('',(-0.,0.,1.));
#2868 = ADVANCED_FACE('',(#2869),#2885,.T.);
#2869 = FACE_BOUND('',#2870,.T.);
#2870 = EDGE_LOOP('',(#2871,#2877,#2878,#2884));
#2871 = ORIENTED_EDGE('',*,*,#2872,.F.);
#2872 = EDGE_CURVE('',#2850,#2809,#2873,.T.);
#2873 = LINE('',#2874,#2875);
#2874 = CARTESIAN_POINT('',(3.9,9.45,10.92));
#2875 = VECTOR('',#2876,1.);
#2876 = DIRECTION('',(0.,0.,-1.));
#2877 = ORIENTED_EDGE('',*,*,#2849,.T.);
#2878 = ORIENTED_EDGE('',*,*,#2879,.T.);
#2879 = EDGE_CURVE('',#2841,#2811,#2880,.T.);
#2880 = LINE('',#2881,#2882);
#2881 = CARTESIAN_POINT('',(6.6,9.45,10.92));
#2882 = VECTOR('',#2883,1.);
#2883 = DIRECTION('',(0.,0.,-1.));
#2884 = ORIENTED_EDGE('',*,*,#2808,.F.);
#2885 = PLANE('',#2886);
#2886 = AXIS2_PLACEMENT_3D('',#2887,#2888,#2889);
#2887 = CARTESIAN_POINT('',(3.9,9.45,10.92));
#2888 = DIRECTION('',(-0.,1.,0.));
#2889 = DIRECTION('',(0.,0.,-1.));
#2890 = ADVANCED_FACE('',(#2891),#2899,.T.);
#2891 = FACE_BOUND('',#2892,.T.);
#2892 = EDGE_LOOP('',(#2893,#2894,#2895,#2896,#2897,#2898));
#2893 = ORIENTED_EDGE('',*,*,#2763,.T.);
#2894 = ORIENTED_EDGE('',*,*,#2732,.T.);
#2895 = ORIENTED_EDGE('',*,*,#2777,.T.);
#2896 = ORIENTED_EDGE('',*,*,#2857,.F.);
#2897 = ORIENTED_EDGE('',*,*,#2872,.T.);
#2898 = ORIENTED_EDGE('',*,*,#2825,.T.);
#2899 = PLANE('',#2900);
#2900 = AXIS2_PLACEMENT_3D('',#2901,#2902,#2903);
#2901 = CARTESIAN_POINT('',(3.9,5.189445442781,10.006715350488));
#2902 = DIRECTION('',(-1.,-0.,-0.));
#2903 = DIRECTION('',(0.,0.,-1.));
#2904 = ADVANCED_FACE('',(#2905),#2913,.T.);
#2905 = FACE_BOUND('',#2906,.T.);
#2906 = EDGE_LOOP('',(#2907,#2908,#2909,#2910,#2911,#2912));
#2907 = ORIENTED_EDGE('',*,*,#2756,.F.);
#2908 = ORIENTED_EDGE('',*,*,#2818,.F.);
#2909 = ORIENTED_EDGE('',*,*,#2879,.F.);
#2910 = ORIENTED_EDGE('',*,*,#2840,.T.);
#2911 = ORIENTED_EDGE('',*,*,#2786,.F.);
#2912 = ORIENTED_EDGE('',*,*,#2716,.F.);
#2913 = PLANE('',#2914);
#2914 = AXIS2_PLACEMENT_3D('',#2915,#2916,#2917);
#2915 = CARTESIAN_POINT('',(6.6,5.189445442781,10.006715350488));
#2916 = DIRECTION('',(1.,0.,0.));
#2917 = DIRECTION('',(-0.,0.,1.));
#2918 = ( GEOMETRIC_REPRESENTATION_CONTEXT(3) 
GLOBAL_UNCERTAINTY_ASSIGNED_CONTEXT((#2922)) 
GLOBAL_UNIT_ASSIGNED_CONTEXT((#2919,#2920,#2921)) REPRESENTATION_CONTEXT
('Context #1','3D Context with UNIT and UNCERTAINTY') );
#2919 = ( LENGTH_UNIT() NAMED_UNIT(*) SI_UNIT(.MILLI.,.METRE.) );
#2920 = ( NAMED_UNIT(*) PLANE_ANGLE_UNIT() SI_UNIT($,.RADIAN.) );
#2921 = ( NAMED_UNIT(*) SI_UNIT($,.STERADIAN.) SOLID_ANGLE_UNIT() );
#2922 = UNCERTAINTY_MEASURE_WITH_UNIT(LENGTH_MEASURE(1.E-07),#2919,
  'distance_accuracy_value','confusion accuracy');
#2923 = CONTEXT_DEPENDENT_SHAPE_REPRESENTATION(#2924,#2926);
#2924 = ( REPRESENTATION_RELATIONSHIP('','',#2699,#10) 
REPRESENTATION_RELATIONSHIP_WITH_TRANSFORMATION(#2925) 
SHAPE_REPRESENTATION_RELATIONSHIP() );
#2925 = ITEM_DEFINED_TRANSFORMATION('','',#11,#35);
#2926 = PRODUCT_DEFINITION_SHAPE('Placement','Placement of an item',
  #2927);
#2927 = NEXT_ASSEMBLY_USAGE_OCCURRENCE('6','Actuator P2','',#5,#2694,$);
#2928 = PRODUCT_RELATED_PRODUCT_CATEGORY('part',$,(#2696));
#2929 = SHAPE_DEFINITION_REPRESENTATION(#2930,#2936);
#2930 = PRODUCT_DEFINITION_SHAPE('','',#2931);
#2931 = PRODUCT_DEFINITION('design','',#2932,#2935);
#2932 = PRODUCT_DEFINITION_FORMATION('','',#2933);
#2933 = PRODUCT('Terminal Pin P2 A','Terminal Pin P2 A','',(#2934));
#2934 = PRODUCT_CONTEXT('',#2,'mechanical');
#2935 = PRODUCT_DEFINITION_CONTEXT('part definition',#2,'design');
#2936 = ADVANCED_BREP_SHAPE_REPRESENTATION('',(#11,#2937),#3087);
#2937 = MANIFOLD_SOLID_BREP('',#2938);
#2938 = CLOSED_SHELL('',(#2939,#2979,#3019,#3041,#3063,#3075));
#2939 = ADVANCED_FACE('',(#2940),#2974,.F.);
#2940 = FACE_BOUND('',#2941,.F.);
#2941 = EDGE_LOOP('',(#2942,#2952,#2960,#2968));
#2942 = ORIENTED_EDGE('',*,*,#2943,.F.);
#2943 = EDGE_CURVE('',#2944,#2946,#2948,.T.);
#2944 = VERTEX_POINT('',#2945);
#2945 = CARTESIAN_POINT('',(5.35,4.35,-3.5));
#2946 = VERTEX_POINT('',#2947);
#2947 = CARTESIAN_POINT('',(5.35,4.35,0.));
#2948 = LINE('',#2949,#2950);
#2949 = CARTESIAN_POINT('',(5.35,4.35,-3.5));
#2950 = VECTOR('',#2951,1.);
#2951 = DIRECTION('',(0.,0.,1.));
#2952 = ORIENTED_EDGE('',*,*,#2953,.T.);
#2953 = EDGE_CURVE('',#2944,#2954,#2956,.T.);
#2954 = VERTEX_POINT('',#2955);
#2955 = CARTESIAN_POINT('',(5.35,4.85,-3.5));
#2956 = LINE('',#2957,#2958);
#2957 = CARTESIAN_POINT('',(5.35,4.35,-3.5));
#2958 = VECTOR('',#2959,1.);
#2959 = DIRECTION('',(-0.,1.,0.));
#2960 = ORIENTED_EDGE('',*,*,#2961,.T.);
#2961 = EDGE_CURVE('',#2954,#2962,#2964,.T.);
#2962 = VERTEX_POINT('',#2963);
#2963 = CARTESIAN_POINT('',(5.35,4.85,0.));
#2964 = LINE('',#2965,#2966);
#2965 = CARTESIAN_POINT('',(5.35,4.85,-3.5));
#2966 = VECTOR('',#2967,1.);
#2967 = DIRECTION('',(0.,0.,1.));
#2968 = ORIENTED_EDGE('',*,*,#2969,.F.);
#2969 = EDGE_CURVE('',#2946,#2962,#2970,.T.);
#2970 = LINE('',#2971,#2972);
#2971 = CARTESIAN_POINT('',(5.35,4.35,0.));
#2972 = VECTOR('',#2973,1.);
#2973 = DIRECTION('',(-0.,1.,0.));
#2974 = PLANE('',#2975);
#2975 = AXIS2_PLACEMENT_3D('',#2976,#2977,#2978);
#2976 = CARTESIAN_POINT('',(5.35,4.35,-3.5));
#2977 = DIRECTION('',(1.,0.,-0.));
#2978 = DIRECTION('',(0.,0.,1.));
#2979 = ADVANCED_FACE('',(#2980),#3014,.T.);
#2980 = FACE_BOUND('',#2981,.T.);
#2981 = EDGE_LOOP('',(#2982,#2992,#3000,#3008));
#2982 = ORIENTED_EDGE('',*,*,#2983,.F.);
#2983 = EDGE_CURVE('',#2984,#2986,#2988,.T.);
#2984 = VERTEX_POINT('',#2985);
#2985 = CARTESIAN_POINT('',(6.15,4.35,-3.5));
#2986 = VERTEX_POINT('',#2987);
#2987 = CARTESIAN_POINT('',(6.15,4.35,0.));
#2988 = LINE('',#2989,#2990);
#2989 = CARTESIAN_POINT('',(6.15,4.35,-3.5));
#2990 = VECTOR('',#2991,1.);
#2991 = DIRECTION('',(0.,0.,1.));
#2992 = ORIENTED_EDGE('',*,*,#2993,.T.);
#2993 = EDGE_CURVE('',#2984,#2994,#2996,.T.);
#2994 = VERTEX_POINT('',#2995);
#2995 = CARTESIAN_POINT('',(6.15,4.85,-3.5));
#2996 = LINE('',#2997,#2998);
#2997 = CARTESIAN_POINT('',(6.15,4.35,-3.5));
#2998 = VECTOR('',#2999,1.);
#2999 = DIRECTION('',(-0.,1.,0.));
#3000 = ORIENTED_EDGE('',*,*,#3001,.T.);
#3001 = EDGE_CURVE('',#2994,#3002,#3004,.T.);
#3002 = VERTEX_POINT('',#3003);
#3003 = CARTESIAN_POINT('',(6.15,4.85,0.));
#3004 = LINE('',#3005,#3006);
#3005 = CARTESIAN_POINT('',(6.15,4.85,-3.5));
#3006 = VECTOR('',#3007,1.);
#3007 = DIRECTION('',(0.,0.,1.));
#3008 = ORIENTED_EDGE('',*,*,#3009,.F.);
#3009 = EDGE_CURVE('',#2986,#3002,#3010,.T.);
#3010 = LINE('',#3011,#3012);
#3011 = CARTESIAN_POINT('',(6.15,4.35,0.));
#3012 = VECTOR('',#3013,1.);
#3013 = DIRECTION('',(-0.,1.,0.));
#3014 = PLANE('',#3015);
#3015 = AXIS2_PLACEMENT_3D('',#3016,#3017,#3018);
#3016 = CARTESIAN_POINT('',(6.15,4.35,-3.5));
#3017 = DIRECTION('',(1.,0.,-0.));
#3018 = DIRECTION('',(0.,0.,1.));
#3019 = ADVANCED_FACE('',(#3020),#3036,.F.);
#3020 = FACE_BOUND('',#3021,.F.);
#3021 = EDGE_LOOP('',(#3022,#3028,#3029,#3035));
#3022 = ORIENTED_EDGE('',*,*,#3023,.F.);
#3023 = EDGE_CURVE('',#2944,#2984,#3024,.T.);
#3024 = LINE('',#3025,#3026);
#3025 = CARTESIAN_POINT('',(5.35,4.35,-3.5));
#3026 = VECTOR('',#3027,1.);
#3027 = DIRECTION('',(1.,0.,-0.));
#3028 = ORIENTED_EDGE('',*,*,#2943,.T.);
#3029 = ORIENTED_EDGE('',*,*,#3030,.T.);
#3030 = EDGE_CURVE('',#2946,#2986,#3031,.T.);
#3031 = LINE('',#3032,#3033);
#3032 = CARTESIAN_POINT('',(5.35,4.35,0.));
#3033 = VECTOR('',#3034,1.);
#3034 = DIRECTION('',(1.,0.,-0.));
#3035 = ORIENTED_EDGE('',*,*,#2983,.F.);
#3036 = PLANE('',#3037);
#3037 = AXIS2_PLACEMENT_3D('',#3038,#3039,#3040);
#3038 = CARTESIAN_POINT('',(5.35,4.35,-3.5));
#3039 = DIRECTION('',(-0.,1.,0.));
#3040 = DIRECTION('',(0.,0.,1.));
#3041 = ADVANCED_FACE('',(#3042),#3058,.T.);
#3042 = FACE_BOUND('',#3043,.T.);
#3043 = EDGE_LOOP('',(#3044,#3050,#3051,#3057));
#3044 = ORIENTED_EDGE('',*,*,#3045,.F.);
#3045 = EDGE_CURVE('',#2954,#2994,#3046,.T.);
#3046 = LINE('',#3047,#3048);
#3047 = CARTESIAN_POINT('',(5.35,4.85,-3.5));
#3048 = VECTOR('',#3049,1.);
#3049 = DIRECTION('',(1.,0.,-0.));
#3050 = ORIENTED_EDGE('',*,*,#2961,.T.);
#3051 = ORIENTED_EDGE('',*,*,#3052,.T.);
#3052 = EDGE_CURVE('',#2962,#3002,#3053,.T.);
#3053 = LINE('',#3054,#3055);
#3054 = CARTESIAN_POINT('',(5.35,4.85,0.));
#3055 = VECTOR('',#3056,1.);
#3056 = DIRECTION('',(1.,0.,-0.));
#3057 = ORIENTED_EDGE('',*,*,#3001,.F.);
#3058 = PLANE('',#3059);
#3059 = AXIS2_PLACEMENT_3D('',#3060,#3061,#3062);
#3060 = CARTESIAN_POINT('',(5.35,4.85,-3.5));
#3061 = DIRECTION('',(-0.,1.,0.));
#3062 = DIRECTION('',(0.,0.,1.));
#3063 = ADVANCED_FACE('',(#3064),#3070,.F.);
#3064 = FACE_BOUND('',#3065,.F.);
#3065 = EDGE_LOOP('',(#3066,#3067,#3068,#3069));
#3066 = ORIENTED_EDGE('',*,*,#2953,.F.);
#3067 = ORIENTED_EDGE('',*,*,#3023,.T.);
#3068 = ORIENTED_EDGE('',*,*,#2993,.T.);
#3069 = ORIENTED_EDGE('',*,*,#3045,.F.);
#3070 = PLANE('',#3071);
#3071 = AXIS2_PLACEMENT_3D('',#3072,#3073,#3074);
#3072 = CARTESIAN_POINT('',(5.35,4.35,-3.5));
#3073 = DIRECTION('',(0.,0.,1.));
#3074 = DIRECTION('',(1.,0.,-0.));
#3075 = ADVANCED_FACE('',(#3076),#3082,.T.);
#3076 = FACE_BOUND('',#3077,.T.);
#3077 = EDGE_LOOP('',(#3078,#3079,#3080,#3081));
#3078 = ORIENTED_EDGE('',*,*,#2969,.F.);
#3079 = ORIENTED_EDGE('',*,*,#3030,.T.);
#3080 = ORIENTED_EDGE('',*,*,#3009,.T.);
#3081 = ORIENTED_EDGE('',*,*,#3052,.F.);
#3082 = PLANE('',#3083);
#3083 = AXIS2_PLACEMENT_3D('',#3084,#3085,#3086);
#3084 = CARTESIAN_POINT('',(5.35,4.35,0.));
#3085 = DIRECTION('',(0.,0.,1.));
#3086 = DIRECTION('',(1.,0.,-0.));
#3087 = ( GEOMETRIC_REPRESENTATION_CONTEXT(3) 
GLOBAL_UNCERTAINTY_ASSIGNED_CONTEXT((#3091)) 
GLOBAL_UNIT_ASSIGNED_CONTEXT((#3088,#3089,#3090)) REPRESENTATION_CONTEXT
('Context #1','3D Context with UNIT and UNCERTAINTY') );
#3088 = ( LENGTH_UNIT() NAMED_UNIT(*) SI_UNIT(.MILLI.,.METRE.) );
#3089 = ( NAMED_UNIT(*) PLANE_ANGLE_UNIT() SI_UNIT($,.RADIAN.) );
#3090 = ( NAMED_UNIT(*) SI_UNIT($,.STERADIAN.) SOLID_ANGLE_UNIT() );
#3091 = UNCERTAINTY_MEASURE_WITH_UNIT(LENGTH_MEASURE(1.E-07),#3088,
  'distance_accuracy_value','confusion accuracy');
#3092 = CONTEXT_DEPENDENT_SHAPE_REPRESENTATION(#3093,#3095);
#3093 = ( REPRESENTATION_RELATIONSHIP('','',#2936,#10) 
REPRESENTATION_RELATIONSHIP_WITH_TRANSFORMATION(#3094) 
SHAPE_REPRESENTATION_RELATIONSHIP() );
#3094 = ITEM_DEFINED_TRANSFORMATION('','',#11,#39);
#3095 = PRODUCT_DEFINITION_SHAPE('Placement','Placement of an item',
  #3096);
#3096 = NEXT_ASSEMBLY_USAGE_OCCURRENCE('7','Terminal Pin P2 A','',#5,
  #2931,$);
#3097 = PRODUCT_RELATED_PRODUCT_CATEGORY('part',$,(#2933));
#3098 = SHAPE_DEFINITION_REPRESENTATION(#3099,#3105);
#3099 = PRODUCT_DEFINITION_SHAPE('','',#3100);
#3100 = PRODUCT_DEFINITION('design','',#3101,#3104);
#3101 = PRODUCT_DEFINITION_FORMATION('','',#3102);
#3102 = PRODUCT('Terminal Pin P2 B','Terminal Pin P2 B','',(#3103));
#3103 = PRODUCT_CONTEXT('',#2,'mechanical');
#3104 = PRODUCT_DEFINITION_CONTEXT('part definition',#2,'design');
#3105 = ADVANCED_BREP_SHAPE_REPRESENTATION('',(#11,#3106),#3256);
#3106 = MANIFOLD_SOLID_BREP('',#3107);
#3107 = CLOSED_SHELL('',(#3108,#3148,#3188,#3210,#3232,#3244));
#3108 = ADVANCED_FACE('',(#3109),#3143,.F.);
#3109 = FACE_BOUND('',#3110,.F.);
#3110 = EDGE_LOOP('',(#3111,#3121,#3129,#3137));
#3111 = ORIENTED_EDGE('',*,*,#3112,.F.);
#3112 = EDGE_CURVE('',#3113,#3115,#3117,.T.);
#3113 = VERTEX_POINT('',#3114);
#3114 = CARTESIAN_POINT('',(5.35,9.35,-3.5));
#3115 = VERTEX_POINT('',#3116);
#3116 = CARTESIAN_POINT('',(5.35,9.35,0.));
#3117 = LINE('',#3118,#3119);
#3118 = CARTESIAN_POINT('',(5.35,9.35,-3.5));
#3119 = VECTOR('',#3120,1.);
#3120 = DIRECTION('',(0.,0.,1.));
#3121 = ORIENTED_EDGE('',*,*,#3122,.T.);
#3122 = EDGE_CURVE('',#3113,#3123,#3125,.T.);
#3123 = VERTEX_POINT('',#3124);
#3124 = CARTESIAN_POINT('',(5.35,9.85,-3.5));
#3125 = LINE('',#3126,#3127);
#3126 = CARTESIAN_POINT('',(5.35,9.35,-3.5));
#3127 = VECTOR('',#3128,1.);
#3128 = DIRECTION('',(-0.,1.,0.));
#3129 = ORIENTED_EDGE('',*,*,#3130,.T.);
#3130 = EDGE_CURVE('',#3123,#3131,#3133,.T.);
#3131 = VERTEX_POINT('',#3132);
#3132 = CARTESIAN_POINT('',(5.35,9.85,0.));
#3133 = LINE('',#3134,#3135);
#3134 = CARTESIAN_POINT('',(5.35,9.85,-3.5));
#3135 = VECTOR('',#3136,1.);
#3136 = DIRECTION('',(0.,0.,1.));
#3137 = ORIENTED_EDGE('',*,*,#3138,.F.);
#3138 = EDGE_CURVE('',#3115,#3131,#3139,.T.);
#3139 = LINE('',#3140,#3141);
#3140 = CARTESIAN_POINT('',(5.35,9.35,0.));
#3141 = VECTOR('',#3142,1.);
#3142 = DIRECTION('',(-0.,1.,0.));
#3143 = PLANE('',#3144);
#3144 = AXIS2_PLACEMENT_3D('',#3145,#3146,#3147);
#3145 = CARTESIAN_POINT('',(5.35,9.35,-3.5));
#3146 = DIRECTION('',(1.,0.,-0.));
#3147 = DIRECTION('',(0.,0.,1.));
#3148 = ADVANCED_FACE('',(#3149),#3183,.T.);
#3149 = FACE_BOUND('',#3150,.T.);
#3150 = EDGE_LOOP('',(#3151,#3161,#3169,#3177));
#3151 = ORIENTED_EDGE('',*,*,#3152,.F.);
#3152 = EDGE_CURVE('',#3153,#3155,#3157,.T.);
#3153 = VERTEX_POINT('',#3154);
#3154 = CARTESIAN_POINT('',(6.15,9.35,-3.5));
#3155 = VERTEX_POINT('',#3156);
#3156 = CARTESIAN_POINT('',(6.15,9.35,0.));
#3157 = LINE('',#3158,#3159);
#3158 = CARTESIAN_POINT('',(6.15,9.35,-3.5));
#3159 = VECTOR('',#3160,1.);
#3160 = DIRECTION('',(0.,0.,1.));
#3161 = ORIENTED_EDGE('',*,*,#3162,.T.);
#3162 = EDGE_CURVE('',#3153,#3163,#3165,.T.);
#3163 = VERTEX_POINT('',#3164);
#3164 = CARTESIAN_POINT('',(6.15,9.85,-3.5));
#3165 = LINE('',#3166,#3167);
#3166 = CARTESIAN_POINT('',(6.15,9.35,-3.5));
#3167 = VECTOR('',#3168,1.);
#3168 = DIRECTION('',(-0.,1.,0.));
#3169 = ORIENTED_EDGE('',*,*,#3170,.T.);
#3170 = EDGE_CURVE('',#3163,#3171,#3173,.T.);
#3171 = VERTEX_POINT('',#3172);
#3172 = CARTESIAN_POINT('',(6.15,9.85,0.));
#3173 = LINE('',#3174,#3175);
#3174 = CARTESIAN_POINT('',(6.15,9.85,-3.5));
#3175 = VECTOR('',#3176,1.);
#3176 = DIRECTION('',(0.,0.,1.));
#3177 = ORIENTED_EDGE('',*,*,#3178,.F.);
#3178 = EDGE_CURVE('',#3155,#3171,#3179,.T.);
#3179 = LINE('',#3180,#3181);
#3180 = CARTESIAN_POINT('',(6.15,9.35,0.));
#3181 = VECTOR('',#3182,1.);
#3182 = DIRECTION('',(-0.,1.,0.));
#3183 = PLANE('',#3184);
#3184 = AXIS2_PLACEMENT_3D('',#3185,#3186,#3187);
#3185 = CARTESIAN_POINT('',(6.15,9.35,-3.5));
#3186 = DIRECTION('',(1.,0.,-0.));
#3187 = DIRECTION('',(0.,0.,1.));
#3188 = ADVANCED_FACE('',(#3189),#3205,.F.);
#3189 = FACE_BOUND('',#3190,.F.);
#3190 = EDGE_LOOP('',(#3191,#3197,#3198,#3204));
#3191 = ORIENTED_EDGE('',*,*,#3192,.F.);
#3192 = EDGE_CURVE('',#3113,#3153,#3193,.T.);
#3193 = LINE('',#3194,#3195);
#3194 = CARTESIAN_POINT('',(5.35,9.35,-3.5));
#3195 = VECTOR('',#3196,1.);
#3196 = DIRECTION('',(1.,0.,-0.));
#3197 = ORIENTED_EDGE('',*,*,#3112,.T.);
#3198 = ORIENTED_EDGE('',*,*,#3199,.T.);
#3199 = EDGE_CURVE('',#3115,#3155,#3200,.T.);
#3200 = LINE('',#3201,#3202);
#3201 = CARTESIAN_POINT('',(5.35,9.35,0.));
#3202 = VECTOR('',#3203,1.);
#3203 = DIRECTION('',(1.,0.,-0.));
#3204 = ORIENTED_EDGE('',*,*,#3152,.F.);
#3205 = PLANE('',#3206);
#3206 = AXIS2_PLACEMENT_3D('',#3207,#3208,#3209);
#3207 = CARTESIAN_POINT('',(5.35,9.35,-3.5));
#3208 = DIRECTION('',(-0.,1.,0.));
#3209 = DIRECTION('',(0.,0.,1.));
#3210 = ADVANCED_FACE('',(#3211),#3227,.T.);
#3211 = FACE_BOUND('',#3212,.T.);
#3212 = EDGE_LOOP('',(#3213,#3219,#3220,#3226));
#3213 = ORIENTED_EDGE('',*,*,#3214,.F.);
#3214 = EDGE_CURVE('',#3123,#3163,#3215,.T.);
#3215 = LINE('',#3216,#3217);
#3216 = CARTESIAN_POINT('',(5.35,9.85,-3.5));
#3217 = VECTOR('',#3218,1.);
#3218 = DIRECTION('',(1.,0.,-0.));
#3219 = ORIENTED_EDGE('',*,*,#3130,.T.);
#3220 = ORIENTED_EDGE('',*,*,#3221,.T.);
#3221 = EDGE_CURVE('',#3131,#3171,#3222,.T.);
#3222 = LINE('',#3223,#3224);
#3223 = CARTESIAN_POINT('',(5.35,9.85,0.));
#3224 = VECTOR('',#3225,1.);
#3225 = DIRECTION('',(1.,0.,-0.));
#3226 = ORIENTED_EDGE('',*,*,#3170,.F.);
#3227 = PLANE('',#3228);
#3228 = AXIS2_PLACEMENT_3D('',#3229,#3230,#3231);
#3229 = CARTESIAN_POINT('',(5.35,9.85,-3.5));
#3230 = DIRECTION('',(-0.,1.,0.));
#3231 = DIRECTION('',(0.,0.,1.));
#3232 = ADVANCED_FACE('',(#3233),#3239,.F.);
#3233 = FACE_BOUND('',#3234,.F.);
#3234 = EDGE_LOOP('',(#3235,#3236,#3237,#3238));
#3235 = ORIENTED_EDGE('',*,*,#3122,.F.);
#3236 = ORIENTED_EDGE('',*,*,#3192,.T.);
#3237 = ORIENTED_EDGE('',*,*,#3162,.T.);
#3238 = ORIENTED_EDGE('',*,*,#3214,.F.);
#3239 = PLANE('',#3240);
#3240 = AXIS2_PLACEMENT_3D('',#3241,#3242,#3243);
#3241 = CARTESIAN_POINT('',(5.35,9.35,-3.5));
#3242 = DIRECTION('',(0.,0.,1.));
#3243 = DIRECTION('',(1.,0.,-0.));
#3244 = ADVANCED_FACE('',(#3245),#3251,.T.);
#3245 = FACE_BOUND('',#3246,.T.);
#3246 = EDGE_LOOP('',(#3247,#3248,#3249,#3250));
#3247 = ORIENTED_EDGE('',*,*,#3138,.F.);
#3248 = ORIENTED_EDGE('',*,*,#3199,.T.);
#3249 = ORIENTED_EDGE('',*,*,#3178,.T.);
#3250 = ORIENTED_EDGE('',*,*,#3221,.F.);
#3251 = PLANE('',#3252);
#3252 = AXIS2_PLACEMENT_3D('',#3253,#3254,#3255);
#3253 = CARTESIAN_POINT('',(5.35,9.35,0.));
#3254 = DIRECTION('',(0.,0.,1.));
#3255 = DIRECTION('',(1.,0.,-0.));
#3256 = ( GEOMETRIC_REPRESENTATION_CONTEXT(3) 
GLOBAL_UNCERTAINTY_ASSIGNED_CONTEXT((#3260)) 
GLOBAL_UNIT_ASSIGNED_CONTEXT((#3257,#3258,#3259)) REPRESENTATION_CONTEXT
('Context #1','3D Context with UNIT and UNCERTAINTY') );
#3257 = ( LENGTH_UNIT() NAMED_UNIT(*) SI_UNIT(.MILLI.,.METRE.) );
#3258 = ( NAMED_UNIT(*) PLANE_ANGLE_UNIT() SI_UNIT($,.RADIAN.) );
#3259 = ( NAMED_UNIT(*) SI_UNIT($,.STERADIAN.) SOLID_ANGLE_UNIT() );
#3260 = UNCERTAINTY_MEASURE_WITH_UNIT(LENGTH_MEASURE(1.E-07),#3257,
  'distance_accuracy_value','confusion accuracy');
#3261 = CONTEXT_DEPENDENT_SHAPE_REPRESENTATION(#3262,#3264);
#3262 = ( REPRESENTATION_RELATIONSHIP('','',#3105,#10) 
REPRESENTATION_RELATIONSHIP_WITH_TRANSFORMATION(#3263) 
SHAPE_REPRESENTATION_RELATIONSHIP() );
#3263 = ITEM_DEFINED_TRANSFORMATION('','',#11,#43);
#3264 = PRODUCT_DEFINITION_SHAPE('Placement','Placement of an item',
  #3265);
#3265 = NEXT_ASSEMBLY_USAGE_OCCURRENCE('8','Terminal Pin P2 B','',#5,
  #3100,$);
#3266 = PRODUCT_RELATED_PRODUCT_CATEGORY('part',$,(#3102));
#3267 = SHAPE_DEFINITION_REPRESENTATION(#3268,#3274);
#3268 = PRODUCT_DEFINITION_SHAPE('','',#3269);
#3269 = PRODUCT_DEFINITION('design','',#3270,#3273);
#3270 = PRODUCT_DEFINITION_FORMATION('','',#3271);
#3271 = PRODUCT('Housing P3','Housing P3','',(#3272));
#3272 = PRODUCT_CONTEXT('',#2,'mechanical');
#3273 = PRODUCT_DEFINITION_CONTEXT('part definition',#2,'design');
#3274 = ADVANCED_BREP_SHAPE_REPRESENTATION('',(#11,#3275),#4188);
#3275 = MANIFOLD_SOLID_BREP('',#3276);
#3276 = CLOSED_SHELL('',(#3277,#3325,#3358,#3449,#3474,#3507,#3540,#3599
    ,#3616,#3641,#3673,#3698,#3738,#3770,#3794,#3819,#3836,#3853,#3884,
    #3915,#3933,#3964,#3988,#4013,#4030,#4047,#4071,#4089,#4106,#4118,
    #4135,#4147,#4165,#4176));
#3277 = ADVANCED_FACE('',(#3278),#3320,.F.);
#3278 = FACE_BOUND('',#3279,.F.);
#3279 = EDGE_LOOP('',(#3280,#3290,#3298,#3306,#3314));
#3280 = ORIENTED_EDGE('',*,*,#3281,.F.);
#3281 = EDGE_CURVE('',#3282,#3284,#3286,.T.);
#3282 = VERTEX_POINT('',#3283);
#3283 = CARTESIAN_POINT('',(7.,0.18,0.18));
#3284 = VERTEX_POINT('',#3285);
#3285 = CARTESIAN_POINT('',(7.,0.18,8.985454545455));
#3286 = LINE('',#3287,#3288);
#3287 = CARTESIAN_POINT('',(7.,0.18,0.));
#3288 = VECTOR('',#3289,1.);
#3289 = DIRECTION('',(0.,0.,1.));
#3290 = ORIENTED_EDGE('',*,*,#3291,.T.);
#3291 = EDGE_CURVE('',#3282,#3292,#3294,.T.);
#3292 = VERTEX_POINT('',#3293);
#3293 = CARTESIAN_POINT('',(7.,12.32,0.18));
#3294 = LINE('',#3295,#3296);
#3295 = CARTESIAN_POINT('',(7.,0.,0.18));
#3296 = VECTOR('',#3297,1.);
#3297 = DIRECTION('',(-0.,1.,0.));
#3298 = ORIENTED_EDGE('',*,*,#3299,.T.);
#3299 = EDGE_CURVE('',#3292,#3300,#3302,.T.);
#3300 = VERTEX_POINT('',#3301);
#3301 = CARTESIAN_POINT('',(7.,12.32,10.42));
#3302 = LINE('',#3303,#3304);
#3303 = CARTESIAN_POINT('',(7.,12.32,0.));
#3304 = VECTOR('',#3305,1.);
#3305 = DIRECTION('',(0.,0.,1.));
#3306 = ORIENTED_EDGE('',*,*,#3307,.F.);
#3307 = EDGE_CURVE('',#3308,#3300,#3310,.T.);
#3308 = VERTEX_POINT('',#3309);
#3309 = CARTESIAN_POINT('',(7.,1.885945945946,10.42));
#3310 = LINE('',#3311,#3312);
#3311 = CARTESIAN_POINT('',(7.,0.,10.42));
#3312 = VECTOR('',#3313,1.);
#3313 = DIRECTION('',(-0.,1.,0.));
#3314 = ORIENTED_EDGE('',*,*,#3315,.F.);
#3315 = EDGE_CURVE('',#3284,#3308,#3316,.T.);
#3316 = LINE('',#3317,#3318);
#3317 = CARTESIAN_POINT('',(7.,-1.125779122542,7.88741301059));
#3318 = VECTOR('',#3319,1.);
#3319 = DIRECTION('',(0.,0.765362085905,0.643599935875));
#3320 = PLANE('',#3321);
#3321 = AXIS2_PLACEMENT_3D('',#3322,#3323,#3324);
#3322 = CARTESIAN_POINT('',(7.,0.,0.));
#3323 = DIRECTION('',(1.,0.,-0.));
#3324 = DIRECTION('',(0.,0.,1.));
#3325 = ADVANCED_FACE('',(#3326),#3353,.T.);
#3326 = FACE_BOUND('',#3327,.T.);
#3327 = EDGE_LOOP('',(#3328,#3329,#3338,#3346));
#3328 = ORIENTED_EDGE('',*,*,#3281,.F.);
#3329 = ORIENTED_EDGE('',*,*,#3330,.T.);
#3330 = EDGE_CURVE('',#3282,#3331,#3333,.T.);
#3331 = VERTEX_POINT('',#3332);
#3332 = CARTESIAN_POINT('',(7.18,-2.775557561563E-17,0.18));
#3333 = CIRCLE('',#3334,0.18);
#3334 = AXIS2_PLACEMENT_3D('',#3335,#3336,#3337);
#3335 = CARTESIAN_POINT('',(7.18,0.18,0.18));
#3336 = DIRECTION('',(0.,0.,1.));
#3337 = DIRECTION('',(-1.,0.,0.));
#3338 = ORIENTED_EDGE('',*,*,#3339,.T.);
#3339 = EDGE_CURVE('',#3331,#3340,#3342,.T.);
#3340 = VERTEX_POINT('',#3341);
#3341 = CARTESIAN_POINT('',(7.18,-2.775557561563E-17,8.834090909091));
#3342 = LINE('',#3343,#3344);
#3343 = CARTESIAN_POINT('',(7.18,-2.775557561563E-17,0.));
#3344 = VECTOR('',#3345,1.);
#3345 = DIRECTION('',(0.,0.,1.));
#3346 = ORIENTED_EDGE('',*,*,#3347,.T.);
#3347 = EDGE_CURVE('',#3340,#3284,#3348,.T.);
#3348 = ELLIPSE('',#3349,0.23518280212,0.18);
#3349 = AXIS2_PLACEMENT_3D('',#3350,#3351,#3352);
#3350 = CARTESIAN_POINT('',(7.18,0.18,8.985454545455));
#3351 = DIRECTION('',(0.,0.643599935875,-0.765362085905));
#3352 = DIRECTION('',(0.,0.765362085905,0.643599935875));
#3353 = CYLINDRICAL_SURFACE('',#3354,0.18);
#3354 = AXIS2_PLACEMENT_3D('',#3355,#3356,#3357);
#3355 = CARTESIAN_POINT('',(7.18,0.18,0.));
#3356 = DIRECTION('',(0.,0.,1.));
#3357 = DIRECTION('',(-1.,-0.,0.));
#3358 = ADVANCED_FACE('',(#3359),#3444,.F.);
#3359 = FACE_BOUND('',#3360,.F.);
#3360 = EDGE_LOOP('',(#3361,#3370,#3378,#3386,#3394,#3402,#3410,#3419,
    #3427,#3436,#3442,#3443));
#3361 = ORIENTED_EDGE('',*,*,#3362,.T.);
#3362 = EDGE_CURVE('',#3308,#3363,#3365,.T.);
#3363 = VERTEX_POINT('',#3364);
#3364 = CARTESIAN_POINT('',(7.18,2.1,10.6));
#3365 = ELLIPSE('',#3366,0.279676845765,0.18);
#3366 = AXIS2_PLACEMENT_3D('',#3367,#3368,#3369);
#3367 = CARTESIAN_POINT('',(7.18,1.885945945946,10.42));
#3368 = DIRECTION('',(0.,0.643599935875,-0.765362085905));
#3369 = DIRECTION('',(0.,0.765362085905,0.643599935875));
#3370 = ORIENTED_EDGE('',*,*,#3371,.T.);
#3371 = EDGE_CURVE('',#3363,#3372,#3374,.T.);
#3372 = VERTEX_POINT('',#3373);
#3373 = CARTESIAN_POINT('',(7.34,2.1,10.6));
#3374 = LINE('',#3375,#3376);
#3375 = CARTESIAN_POINT('',(6.9,2.1,10.6));
#3376 = VECTOR('',#3377,1.);
#3377 = DIRECTION('',(1.,0.,0.));
#3378 = ORIENTED_EDGE('',*,*,#3379,.F.);
#3379 = EDGE_CURVE('',#3380,#3372,#3382,.T.);
#3380 = VERTEX_POINT('',#3381);
#3381 = CARTESIAN_POINT('',(7.34,0.75,9.464772727273));
#3382 = LINE('',#3383,#3384);
#3383 = CARTESIAN_POINT('',(7.34,1.216937972769,9.857425113464));
#3384 = VECTOR('',#3385,1.);
#3385 = DIRECTION('',(0.,0.765362085905,0.643599935875));
#3386 = ORIENTED_EDGE('',*,*,#3387,.F.);
#3387 = EDGE_CURVE('',#3388,#3380,#3390,.T.);
#3388 = VERTEX_POINT('',#3389);
#3389 = CARTESIAN_POINT('',(10.16,0.75,9.464772727273));
#3390 = LINE('',#3391,#3392);
#3391 = CARTESIAN_POINT('',(7.12,0.75,9.464772727273));
#3392 = VECTOR('',#3393,1.);
#3393 = DIRECTION('',(-1.,0.,-0.));
#3394 = ORIENTED_EDGE('',*,*,#3395,.T.);
#3395 = EDGE_CURVE('',#3388,#3396,#3398,.T.);
#3396 = VERTEX_POINT('',#3397);
#3397 = CARTESIAN_POINT('',(10.16,2.1,10.6));
#3398 = LINE('',#3399,#3400);
#3399 = CARTESIAN_POINT('',(10.16,1.216937972769,9.857425113464));
#3400 = VECTOR('',#3401,1.);
#3401 = DIRECTION('',(0.,0.765362085905,0.643599935875));
#3402 = ORIENTED_EDGE('',*,*,#3403,.T.);
#3403 = EDGE_CURVE('',#3396,#3404,#3406,.T.);
#3404 = VERTEX_POINT('',#3405);
#3405 = CARTESIAN_POINT('',(10.32,2.1,10.6));
#3406 = LINE('',#3407,#3408);
#3407 = CARTESIAN_POINT('',(6.9,2.1,10.6));
#3408 = VECTOR('',#3409,1.);
#3409 = DIRECTION('',(1.,0.,0.));
#3410 = ORIENTED_EDGE('',*,*,#3411,.T.);
#3411 = EDGE_CURVE('',#3404,#3412,#3414,.T.);
#3412 = VERTEX_POINT('',#3413);
#3413 = CARTESIAN_POINT('',(10.5,1.885945945946,10.42));
#3414 = ELLIPSE('',#3415,0.279676845765,0.18);
#3415 = AXIS2_PLACEMENT_3D('',#3416,#3417,#3418);
#3416 = CARTESIAN_POINT('',(10.32,1.885945945946,10.42));
#3417 = DIRECTION('',(0.,0.643599935875,-0.765362085905));
#3418 = DIRECTION('',(0.,0.765362085905,0.643599935875));
#3419 = ORIENTED_EDGE('',*,*,#3420,.F.);
#3420 = EDGE_CURVE('',#3421,#3412,#3423,.T.);
#3421 = VERTEX_POINT('',#3422);
#3422 = CARTESIAN_POINT('',(10.5,0.18,8.985454545455));
#3423 = LINE('',#3424,#3425);
#3424 = CARTESIAN_POINT('',(10.5,-1.125779122542,7.88741301059));
#3425 = VECTOR('',#3426,1.);
#3426 = DIRECTION('',(0.,0.765362085905,0.643599935875));
#3427 = ORIENTED_EDGE('',*,*,#3428,.T.);
#3428 = EDGE_CURVE('',#3421,#3429,#3431,.T.);
#3429 = VERTEX_POINT('',#3430);
#3430 = CARTESIAN_POINT('',(10.32,-2.775557561563E-17,8.834090909091));
#3431 = ELLIPSE('',#3432,0.23518280212,0.18);
#3432 = AXIS2_PLACEMENT_3D('',#3433,#3434,#3435);
#3433 = CARTESIAN_POINT('',(10.32,0.18,8.985454545455));
#3434 = DIRECTION('',(0.,0.643599935875,-0.765362085905));
#3435 = DIRECTION('',(0.,0.765362085905,0.643599935875));
#3436 = ORIENTED_EDGE('',*,*,#3437,.T.);
#3437 = EDGE_CURVE('',#3429,#3340,#3438,.T.);
#3438 = LINE('',#3439,#3440);
#3439 = CARTESIAN_POINT('',(6.95,2.22044604925E-16,8.834090909091));
#3440 = VECTOR('',#3441,1.);
#3441 = DIRECTION('',(-1.,0.,-0.));
#3442 = ORIENTED_EDGE('',*,*,#3347,.T.);
#3443 = ORIENTED_EDGE('',*,*,#3315,.T.);
#3444 = PLANE('',#3445);
#3445 = AXIS2_PLACEMENT_3D('',#3446,#3447,#3448);
#3446 = CARTESIAN_POINT('',(6.9,2.1,10.6));
#3447 = DIRECTION('',(0.,0.643599935875,-0.765362085905));
#3448 = DIRECTION('',(0.,-0.765362085905,-0.643599935875));
#3449 = ADVANCED_FACE('',(#3450),#3469,.T.);
#3450 = FACE_BOUND('',#3451,.T.);
#3451 = EDGE_LOOP('',(#3452,#3453,#3461,#3468));
#3452 = ORIENTED_EDGE('',*,*,#3362,.T.);
#3453 = ORIENTED_EDGE('',*,*,#3454,.T.);
#3454 = EDGE_CURVE('',#3363,#3455,#3457,.T.);
#3455 = VERTEX_POINT('',#3456);
#3456 = CARTESIAN_POINT('',(7.18,12.32,10.6));
#3457 = LINE('',#3458,#3459);
#3458 = CARTESIAN_POINT('',(7.18,0.,10.6));
#3459 = VECTOR('',#3460,1.);
#3460 = DIRECTION('',(-0.,1.,0.));
#3461 = ORIENTED_EDGE('',*,*,#3462,.F.);
#3462 = EDGE_CURVE('',#3300,#3455,#3463,.T.);
#3463 = CIRCLE('',#3464,0.18);
#3464 = AXIS2_PLACEMENT_3D('',#3465,#3466,#3467);
#3465 = CARTESIAN_POINT('',(7.18,12.32,10.42));
#3466 = DIRECTION('',(-0.,1.,0.));
#3467 = DIRECTION('',(-1.,-0.,0.));
#3468 = ORIENTED_EDGE('',*,*,#3307,.F.);
#3469 = CYLINDRICAL_SURFACE('',#3470,0.18);
#3470 = AXIS2_PLACEMENT_3D('',#3471,#3472,#3473);
#3471 = CARTESIAN_POINT('',(7.18,0.,10.42));
#3472 = DIRECTION('',(-0.,1.,0.));
#3473 = DIRECTION('',(-1.,-0.,0.));
#3474 = ADVANCED_FACE('',(#3475),#3502,.T.);
#3475 = FACE_BOUND('',#3476,.F.);
#3476 = EDGE_LOOP('',(#3477,#3478,#3487,#3495));
#3477 = ORIENTED_EDGE('',*,*,#3299,.F.);
#3478 = ORIENTED_EDGE('',*,*,#3479,.T.);
#3479 = EDGE_CURVE('',#3292,#3480,#3482,.T.);
#3480 = VERTEX_POINT('',#3481);
#3481 = CARTESIAN_POINT('',(7.18,12.5,0.18));
#3482 = CIRCLE('',#3483,0.18);
#3483 = AXIS2_PLACEMENT_3D('',#3484,#3485,#3486);
#3484 = CARTESIAN_POINT('',(7.18,12.32,0.18));
#3485 = DIRECTION('',(-0.,0.,-1.));
#3486 = DIRECTION('',(-1.,0.,0.));
#3487 = ORIENTED_EDGE('',*,*,#3488,.T.);
#3488 = EDGE_CURVE('',#3480,#3489,#3491,.T.);
#3489 = VERTEX_POINT('',#3490);
#3490 = CARTESIAN_POINT('',(7.18,12.5,10.42));
#3491 = LINE('',#3492,#3493);
#3492 = CARTESIAN_POINT('',(7.18,12.5,0.));
#3493 = VECTOR('',#3494,1.);
#3494 = DIRECTION('',(0.,0.,1.));
#3495 = ORIENTED_EDGE('',*,*,#3496,.T.);
#3496 = EDGE_CURVE('',#3489,#3300,#3497,.T.);
#3497 = CIRCLE('',#3498,0.18);
#3498 = AXIS2_PLACEMENT_3D('',#3499,#3500,#3501);
#3499 = CARTESIAN_POINT('',(7.18,12.32,10.42));
#3500 = DIRECTION('',(0.,0.,1.));
#3501 = DIRECTION('',(-1.,-0.,0.));
#3502 = CYLINDRICAL_SURFACE('',#3503,0.18);
#3503 = AXIS2_PLACEMENT_3D('',#3504,#3505,#3506);
#3504 = CARTESIAN_POINT('',(7.18,12.32,0.));
#3505 = DIRECTION('',(0.,0.,1.));
#3506 = DIRECTION('',(-1.,-0.,0.));
#3507 = ADVANCED_FACE('',(#3508),#3535,.T.);
#3508 = FACE_BOUND('',#3509,.F.);
#3509 = EDGE_LOOP('',(#3510,#3519,#3527,#3534));
#3510 = ORIENTED_EDGE('',*,*,#3511,.F.);
#3511 = EDGE_CURVE('',#3512,#3282,#3514,.T.);
#3512 = VERTEX_POINT('',#3513);
#3513 = CARTESIAN_POINT('',(7.18,0.18,0.));
#3514 = CIRCLE('',#3515,0.18);
#3515 = AXIS2_PLACEMENT_3D('',#3516,#3517,#3518);
#3516 = CARTESIAN_POINT('',(7.18,0.18,0.18));
#3517 = DIRECTION('',(0.,1.,-0.));
#3518 = DIRECTION('',(-1.,0.,0.));
#3519 = ORIENTED_EDGE('',*,*,#3520,.T.);
#3520 = EDGE_CURVE('',#3512,#3521,#3523,.T.);
#3521 = VERTEX_POINT('',#3522);
#3522 = CARTESIAN_POINT('',(7.18,12.32,0.));
#3523 = LINE('',#3524,#3525);
#3524 = CARTESIAN_POINT('',(7.18,0.,-2.775557561563E-17));
#3525 = VECTOR('',#3526,1.);
#3526 = DIRECTION('',(-0.,1.,0.));
#3527 = ORIENTED_EDGE('',*,*,#3528,.T.);
#3528 = EDGE_CURVE('',#3521,#3292,#3529,.T.);
#3529 = CIRCLE('',#3530,0.18);
#3530 = AXIS2_PLACEMENT_3D('',#3531,#3532,#3533);
#3531 = CARTESIAN_POINT('',(7.18,12.32,0.18));
#3532 = DIRECTION('',(0.,1.,-0.));
#3533 = DIRECTION('',(-1.,0.,0.));
#3534 = ORIENTED_EDGE('',*,*,#3291,.F.);
#3535 = CYLINDRICAL_SURFACE('',#3536,0.18);
#3536 = AXIS2_PLACEMENT_3D('',#3537,#3538,#3539);
#3537 = CARTESIAN_POINT('',(7.18,0.,0.18));
#3538 = DIRECTION('',(-0.,1.,0.));
#3539 = DIRECTION('',(-1.,-0.,0.));
#3540 = ADVANCED_FACE('',(#3541,#3559),#3594,.F.);
#3541 = FACE_BOUND('',#3542,.F.);
#3542 = EDGE_LOOP('',(#3543,#3551,#3552,#3553));
#3543 = ORIENTED_EDGE('',*,*,#3544,.F.);
#3544 = EDGE_CURVE('',#3331,#3545,#3547,.T.);
#3545 = VERTEX_POINT('',#3546);
#3546 = CARTESIAN_POINT('',(10.32,-2.775557561563E-17,0.18));
#3547 = LINE('',#3548,#3549);
#3548 = CARTESIAN_POINT('',(7.,-2.775557561563E-17,0.18));
#3549 = VECTOR('',#3550,1.);
#3550 = DIRECTION('',(1.,0.,-0.));
#3551 = ORIENTED_EDGE('',*,*,#3339,.T.);
#3552 = ORIENTED_EDGE('',*,*,#3437,.F.);
#3553 = ORIENTED_EDGE('',*,*,#3554,.F.);
#3554 = EDGE_CURVE('',#3545,#3429,#3555,.T.);
#3555 = LINE('',#3556,#3557);
#3556 = CARTESIAN_POINT('',(10.32,-2.775557561563E-17,0.));
#3557 = VECTOR('',#3558,1.);
#3558 = DIRECTION('',(0.,0.,1.));
#3559 = FACE_BOUND('',#3560,.F.);
#3560 = EDGE_LOOP('',(#3561,#3571,#3579,#3587));
#3561 = ORIENTED_EDGE('',*,*,#3562,.F.);
#3562 = EDGE_CURVE('',#3563,#3565,#3567,.T.);
#3563 = VERTEX_POINT('',#3564);
#3564 = CARTESIAN_POINT('',(9.85,0.,8.1));
#3565 = VERTEX_POINT('',#3566);
#3566 = CARTESIAN_POINT('',(9.85,0.,4.782623792125));
#3567 = LINE('',#3568,#3569);
#3568 = CARTESIAN_POINT('',(9.85,0.,2.));
#3569 = VECTOR('',#3570,1.);
#3570 = DIRECTION('',(-0.,0.,-1.));
#3571 = ORIENTED_EDGE('',*,*,#3572,.F.);
#3572 = EDGE_CURVE('',#3573,#3563,#3575,.T.);
#3573 = VERTEX_POINT('',#3574);
#3574 = CARTESIAN_POINT('',(7.65,0.,8.1));
#3575 = LINE('',#3576,#3577);
#3576 = CARTESIAN_POINT('',(7.325,0.,8.1));
#3577 = VECTOR('',#3578,1.);
#3578 = DIRECTION('',(1.,0.,-0.));
#3579 = ORIENTED_EDGE('',*,*,#3580,.T.);
#3580 = EDGE_CURVE('',#3573,#3581,#3583,.T.);
#3581 = VERTEX_POINT('',#3582);
#3582 = CARTESIAN_POINT('',(7.65,0.,4.782623792125));
#3583 = LINE('',#3584,#3585);
#3584 = CARTESIAN_POINT('',(7.65,0.,2.));
#3585 = VECTOR('',#3586,1.);
#3586 = DIRECTION('',(-0.,0.,-1.));
#3587 = ORIENTED_EDGE('',*,*,#3588,.F.);
#3588 = EDGE_CURVE('',#3565,#3581,#3589,.T.);
#3589 = CIRCLE('',#3590,1.35);
#3590 = AXIS2_PLACEMENT_3D('',#3591,#3592,#3593);
#3591 = CARTESIAN_POINT('',(8.75,0.,4.));
#3592 = DIRECTION('',(0.,1.,0.));
#3593 = DIRECTION('',(0.,-0.,1.));
#3594 = PLANE('',#3595);
#3595 = AXIS2_PLACEMENT_3D('',#3596,#3597,#3598);
#3596 = CARTESIAN_POINT('',(7.,0.,0.));
#3597 = DIRECTION('',(-0.,1.,0.));
#3598 = DIRECTION('',(0.,0.,1.));
#3599 = ADVANCED_FACE('',(#3600),#3611,.T.);
#3600 = FACE_BOUND('',#3601,.T.);
#3601 = EDGE_LOOP('',(#3602,#3603,#3610));
#3602 = ORIENTED_EDGE('',*,*,#3511,.F.);
#3603 = ORIENTED_EDGE('',*,*,#3604,.T.);
#3604 = EDGE_CURVE('',#3512,#3331,#3605,.T.);
#3605 = CIRCLE('',#3606,0.18);
#3606 = AXIS2_PLACEMENT_3D('',#3607,#3608,#3609);
#3607 = CARTESIAN_POINT('',(7.18,0.18,0.18));
#3608 = DIRECTION('',(-1.,6.123233995737E-17,0.));
#3609 = DIRECTION('',(-6.123233995737E-17,-1.,0.));
#3610 = ORIENTED_EDGE('',*,*,#3330,.F.);
#3611 = SPHERICAL_SURFACE('',#3612,0.18);
#3612 = AXIS2_PLACEMENT_3D('',#3613,#3614,#3615);
#3613 = CARTESIAN_POINT('',(7.18,0.18,0.18));
#3614 = DIRECTION('',(0.,0.,1.));
#3615 = DIRECTION('',(-1.,0.,0.));
#3616 = ADVANCED_FACE('',(#3617),#3636,.T.);
#3617 = FACE_BOUND('',#3618,.F.);
#3618 = EDGE_LOOP('',(#3619,#3627,#3634,#3635));
#3619 = ORIENTED_EDGE('',*,*,#3620,.F.);
#3620 = EDGE_CURVE('',#3621,#3421,#3623,.T.);
#3621 = VERTEX_POINT('',#3622);
#3622 = CARTESIAN_POINT('',(10.5,0.18,0.18));
#3623 = LINE('',#3624,#3625);
#3624 = CARTESIAN_POINT('',(10.5,0.18,0.));
#3625 = VECTOR('',#3626,1.);
#3626 = DIRECTION('',(0.,0.,1.));
#3627 = ORIENTED_EDGE('',*,*,#3628,.T.);
#3628 = EDGE_CURVE('',#3621,#3545,#3629,.T.);
#3629 = CIRCLE('',#3630,0.18);
#3630 = AXIS2_PLACEMENT_3D('',#3631,#3632,#3633);
#3631 = CARTESIAN_POINT('',(10.32,0.18,0.18));
#3632 = DIRECTION('',(0.,-0.,-1.));
#3633 = DIRECTION('',(1.,0.,-0.));
#3634 = ORIENTED_EDGE('',*,*,#3554,.T.);
#3635 = ORIENTED_EDGE('',*,*,#3428,.F.);
#3636 = CYLINDRICAL_SURFACE('',#3637,0.18);
#3637 = AXIS2_PLACEMENT_3D('',#3638,#3639,#3640);
#3638 = CARTESIAN_POINT('',(10.32,0.18,0.));
#3639 = DIRECTION('',(0.,0.,1.));
#3640 = DIRECTION('',(1.,0.,-0.));
#3641 = ADVANCED_FACE('',(#3642),#3668,.T.);
#3642 = FACE_BOUND('',#3643,.T.);
#3643 = EDGE_LOOP('',(#3644,#3645,#3653,#3661,#3667));
#3644 = ORIENTED_EDGE('',*,*,#3620,.F.);
#3645 = ORIENTED_EDGE('',*,*,#3646,.T.);
#3646 = EDGE_CURVE('',#3621,#3647,#3649,.T.);
#3647 = VERTEX_POINT('',#3648);
#3648 = CARTESIAN_POINT('',(10.5,12.32,0.18));
#3649 = LINE('',#3650,#3651);
#3650 = CARTESIAN_POINT('',(10.5,0.,0.18));
#3651 = VECTOR('',#3652,1.);
#3652 = DIRECTION('',(-0.,1.,0.));
#3653 = ORIENTED_EDGE('',*,*,#3654,.T.);
#3654 = EDGE_CURVE('',#3647,#3655,#3657,.T.);
#3655 = VERTEX_POINT('',#3656);
#3656 = CARTESIAN_POINT('',(10.5,12.32,10.42));
#3657 = LINE('',#3658,#3659);
#3658 = CARTESIAN_POINT('',(10.5,12.32,0.));
#3659 = VECTOR('',#3660,1.);
#3660 = DIRECTION('',(0.,0.,1.));
#3661 = ORIENTED_EDGE('',*,*,#3662,.F.);
#3662 = EDGE_CURVE('',#3412,#3655,#3663,.T.);
#3663 = LINE('',#3664,#3665);
#3664 = CARTESIAN_POINT('',(10.5,0.,10.42));
#3665 = VECTOR('',#3666,1.);
#3666 = DIRECTION('',(-0.,1.,0.));
#3667 = ORIENTED_EDGE('',*,*,#3420,.F.);
#3668 = PLANE('',#3669);
#3669 = AXIS2_PLACEMENT_3D('',#3670,#3671,#3672);
#3670 = CARTESIAN_POINT('',(10.5,0.,0.));
#3671 = DIRECTION('',(1.,0.,-0.));
#3672 = DIRECTION('',(0.,0.,1.));
#3673 = ADVANCED_FACE('',(#3674),#3693,.T.);
#3674 = FACE_BOUND('',#3675,.F.);
#3675 = EDGE_LOOP('',(#3676,#3677,#3685,#3692));
#3676 = ORIENTED_EDGE('',*,*,#3411,.F.);
#3677 = ORIENTED_EDGE('',*,*,#3678,.T.);
#3678 = EDGE_CURVE('',#3404,#3679,#3681,.T.);
#3679 = VERTEX_POINT('',#3680);
#3680 = CARTESIAN_POINT('',(10.32,12.32,10.6));
#3681 = LINE('',#3682,#3683);
#3682 = CARTESIAN_POINT('',(10.32,0.,10.6));
#3683 = VECTOR('',#3684,1.);
#3684 = DIRECTION('',(-0.,1.,0.));
#3685 = ORIENTED_EDGE('',*,*,#3686,.F.);
#3686 = EDGE_CURVE('',#3655,#3679,#3687,.T.);
#3687 = CIRCLE('',#3688,0.18);
#3688 = AXIS2_PLACEMENT_3D('',#3689,#3690,#3691);
#3689 = CARTESIAN_POINT('',(10.32,12.32,10.42));
#3690 = DIRECTION('',(0.,-1.,-0.));
#3691 = DIRECTION('',(1.,0.,0.));
#3692 = ORIENTED_EDGE('',*,*,#3662,.F.);
#3693 = CYLINDRICAL_SURFACE('',#3694,0.18);
#3694 = AXIS2_PLACEMENT_3D('',#3695,#3696,#3697);
#3695 = CARTESIAN_POINT('',(10.32,0.,10.42));
#3696 = DIRECTION('',(-0.,1.,0.));
#3697 = DIRECTION('',(1.,0.,-0.));
#3698 = ADVANCED_FACE('',(#3699),#3733,.T.);
#3699 = FACE_BOUND('',#3700,.T.);
#3700 = EDGE_LOOP('',(#3701,#3702,#3703,#3711,#3719,#3725,#3726,#3727));
#3701 = ORIENTED_EDGE('',*,*,#3454,.F.);
#3702 = ORIENTED_EDGE('',*,*,#3371,.T.);
#3703 = ORIENTED_EDGE('',*,*,#3704,.T.);
#3704 = EDGE_CURVE('',#3372,#3705,#3707,.T.);
#3705 = VERTEX_POINT('',#3706);
#3706 = CARTESIAN_POINT('',(7.34,9.5,10.6));
#3707 = LINE('',#3708,#3709);
#3708 = CARTESIAN_POINT('',(7.34,0.375,10.6));
#3709 = VECTOR('',#3710,1.);
#3710 = DIRECTION('',(-0.,1.,0.));
#3711 = ORIENTED_EDGE('',*,*,#3712,.F.);
#3712 = EDGE_CURVE('',#3713,#3705,#3715,.T.);
#3713 = VERTEX_POINT('',#3714);
#3714 = CARTESIAN_POINT('',(10.16,9.5,10.6));
#3715 = LINE('',#3716,#3717);
#3716 = CARTESIAN_POINT('',(7.17,9.5,10.6));
#3717 = VECTOR('',#3718,1.);
#3718 = DIRECTION('',(-1.,-0.,0.));
#3719 = ORIENTED_EDGE('',*,*,#3720,.F.);
#3720 = EDGE_CURVE('',#3396,#3713,#3721,.T.);
#3721 = LINE('',#3722,#3723);
#3722 = CARTESIAN_POINT('',(10.16,0.375,10.6));
#3723 = VECTOR('',#3724,1.);
#3724 = DIRECTION('',(-0.,1.,0.));
#3725 = ORIENTED_EDGE('',*,*,#3403,.T.);
#3726 = ORIENTED_EDGE('',*,*,#3678,.T.);
#3727 = ORIENTED_EDGE('',*,*,#3728,.F.);
#3728 = EDGE_CURVE('',#3455,#3679,#3729,.T.);
#3729 = LINE('',#3730,#3731);
#3730 = CARTESIAN_POINT('',(7.,12.32,10.6));
#3731 = VECTOR('',#3732,1.);
#3732 = DIRECTION('',(1.,0.,-0.));
#3733 = PLANE('',#3734);
#3734 = AXIS2_PLACEMENT_3D('',#3735,#3736,#3737);
#3735 = CARTESIAN_POINT('',(7.,0.,10.6));
#3736 = DIRECTION('',(0.,0.,1.));
#3737 = DIRECTION('',(1.,0.,-0.));
#3738 = ADVANCED_FACE('',(#3739),#3765,.F.);
#3739 = FACE_BOUND('',#3740,.F.);
#3740 = EDGE_LOOP('',(#3741,#3749,#3757,#3763,#3764));
#3741 = ORIENTED_EDGE('',*,*,#3742,.F.);
#3742 = EDGE_CURVE('',#3743,#3388,#3745,.T.);
#3743 = VERTEX_POINT('',#3744);
#3744 = CARTESIAN_POINT('',(10.16,0.75,8.62));
#3745 = LINE('',#3746,#3747);
#3746 = CARTESIAN_POINT('',(10.16,0.75,8.62));
#3747 = VECTOR('',#3748,1.);
#3748 = DIRECTION('',(0.,0.,1.));
#3749 = ORIENTED_EDGE('',*,*,#3750,.T.);
#3750 = EDGE_CURVE('',#3743,#3751,#3753,.T.);
#3751 = VERTEX_POINT('',#3752);
#3752 = CARTESIAN_POINT('',(10.16,9.5,8.62));
#3753 = LINE('',#3754,#3755);
#3754 = CARTESIAN_POINT('',(10.16,0.75,8.62));
#3755 = VECTOR('',#3756,1.);
#3756 = DIRECTION('',(-0.,1.,0.));
#3757 = ORIENTED_EDGE('',*,*,#3758,.T.);
#3758 = EDGE_CURVE('',#3751,#3713,#3759,.T.);
#3759 = LINE('',#3760,#3761);
#3760 = CARTESIAN_POINT('',(10.16,9.5,8.62));
#3761 = VECTOR('',#3762,1.);
#3762 = DIRECTION('',(0.,0.,1.));
#3763 = ORIENTED_EDGE('',*,*,#3720,.F.);
#3764 = ORIENTED_EDGE('',*,*,#3395,.F.);
#3765 = PLANE('',#3766);
#3766 = AXIS2_PLACEMENT_3D('',#3767,#3768,#3769);
#3767 = CARTESIAN_POINT('',(10.16,0.75,8.62));
#3768 = DIRECTION('',(1.,0.,-0.));
#3769 = DIRECTION('',(0.,0.,1.));
#3770 = ADVANCED_FACE('',(#3771),#3789,.T.);
#3771 = FACE_BOUND('',#3772,.T.);
#3772 = EDGE_LOOP('',(#3773,#3774,#3782,#3788));
#3773 = ORIENTED_EDGE('',*,*,#3742,.F.);
#3774 = ORIENTED_EDGE('',*,*,#3775,.F.);
#3775 = EDGE_CURVE('',#3776,#3743,#3778,.T.);
#3776 = VERTEX_POINT('',#3777);
#3777 = CARTESIAN_POINT('',(7.34,0.75,8.62));
#3778 = LINE('',#3779,#3780);
#3779 = CARTESIAN_POINT('',(7.34,0.75,8.62));
#3780 = VECTOR('',#3781,1.);
#3781 = DIRECTION('',(1.,0.,-0.));
#3782 = ORIENTED_EDGE('',*,*,#3783,.T.);
#3783 = EDGE_CURVE('',#3776,#3380,#3784,.T.);
#3784 = LINE('',#3785,#3786);
#3785 = CARTESIAN_POINT('',(7.34,0.75,8.62));
#3786 = VECTOR('',#3787,1.);
#3787 = DIRECTION('',(0.,0.,1.));
#3788 = ORIENTED_EDGE('',*,*,#3387,.F.);
#3789 = PLANE('',#3790);
#3790 = AXIS2_PLACEMENT_3D('',#3791,#3792,#3793);
#3791 = CARTESIAN_POINT('',(7.34,0.75,8.62));
#3792 = DIRECTION('',(-0.,1.,0.));
#3793 = DIRECTION('',(0.,0.,1.));
#3794 = ADVANCED_FACE('',(#3795),#3814,.T.);
#3795 = FACE_BOUND('',#3796,.T.);
#3796 = EDGE_LOOP('',(#3797,#3798,#3806,#3812,#3813));
#3797 = ORIENTED_EDGE('',*,*,#3783,.F.);
#3798 = ORIENTED_EDGE('',*,*,#3799,.T.);
#3799 = EDGE_CURVE('',#3776,#3800,#3802,.T.);
#3800 = VERTEX_POINT('',#3801);
#3801 = CARTESIAN_POINT('',(7.34,9.5,8.62));
#3802 = LINE('',#3803,#3804);
#3803 = CARTESIAN_POINT('',(7.34,0.75,8.62));
#3804 = VECTOR('',#3805,1.);
#3805 = DIRECTION('',(-0.,1.,0.));
#3806 = ORIENTED_EDGE('',*,*,#3807,.T.);
#3807 = EDGE_CURVE('',#3800,#3705,#3808,.T.);
#3808 = LINE('',#3809,#3810);
#3809 = CARTESIAN_POINT('',(7.34,9.5,8.62));
#3810 = VECTOR('',#3811,1.);
#3811 = DIRECTION('',(0.,0.,1.));
#3812 = ORIENTED_EDGE('',*,*,#3704,.F.);
#3813 = ORIENTED_EDGE('',*,*,#3379,.F.);
#3814 = PLANE('',#3815);
#3815 = AXIS2_PLACEMENT_3D('',#3816,#3817,#3818);
#3816 = CARTESIAN_POINT('',(7.34,0.75,8.62));
#3817 = DIRECTION('',(1.,0.,-0.));
#3818 = DIRECTION('',(0.,0.,1.));
#3819 = ADVANCED_FACE('',(#3820),#3831,.T.);
#3820 = FACE_BOUND('',#3821,.F.);
#3821 = EDGE_LOOP('',(#3822,#3823,#3830));
#3822 = ORIENTED_EDGE('',*,*,#3496,.F.);
#3823 = ORIENTED_EDGE('',*,*,#3824,.T.);
#3824 = EDGE_CURVE('',#3489,#3455,#3825,.T.);
#3825 = CIRCLE('',#3826,0.18);
#3826 = AXIS2_PLACEMENT_3D('',#3827,#3828,#3829);
#3827 = CARTESIAN_POINT('',(7.18,12.32,10.42));
#3828 = DIRECTION('',(1.,0.,6.123233995737E-17));
#3829 = DIRECTION('',(-6.123233995737E-17,-0.,1.));
#3830 = ORIENTED_EDGE('',*,*,#3462,.F.);
#3831 = SPHERICAL_SURFACE('',#3832,0.18);
#3832 = AXIS2_PLACEMENT_3D('',#3833,#3834,#3835);
#3833 = CARTESIAN_POINT('',(7.18,12.32,10.42));
#3834 = DIRECTION('',(0.,-1.,-0.));
#3835 = DIRECTION('',(-1.,-0.,0.));
#3836 = ADVANCED_FACE('',(#3837),#3848,.T.);
#3837 = FACE_BOUND('',#3838,.F.);
#3838 = EDGE_LOOP('',(#3839,#3840,#3847));
#3839 = ORIENTED_EDGE('',*,*,#3528,.F.);
#3840 = ORIENTED_EDGE('',*,*,#3841,.T.);
#3841 = EDGE_CURVE('',#3521,#3480,#3842,.T.);
#3842 = CIRCLE('',#3843,0.18);
#3843 = AXIS2_PLACEMENT_3D('',#3844,#3845,#3846);
#3844 = CARTESIAN_POINT('',(7.18,12.32,0.18));
#3845 = DIRECTION('',(1.,6.123233995737E-17,-0.));
#3846 = DIRECTION('',(-6.123233995737E-17,1.,0.));
#3847 = ORIENTED_EDGE('',*,*,#3479,.F.);
#3848 = SPHERICAL_SURFACE('',#3849,0.18);
#3849 = AXIS2_PLACEMENT_3D('',#3850,#3851,#3852);
#3850 = CARTESIAN_POINT('',(7.18,12.32,0.18));
#3851 = DIRECTION('',(0.,0.,1.));
#3852 = DIRECTION('',(-1.,0.,0.));
#3853 = ADVANCED_FACE('',(#3854),#3879,.T.);
#3854 = FACE_BOUND('',#3855,.T.);
#3855 = EDGE_LOOP('',(#3856,#3857,#3865,#3873));
#3856 = ORIENTED_EDGE('',*,*,#3488,.T.);
#3857 = ORIENTED_EDGE('',*,*,#3858,.T.);
#3858 = EDGE_CURVE('',#3489,#3859,#3861,.T.);
#3859 = VERTEX_POINT('',#3860);
#3860 = CARTESIAN_POINT('',(10.32,12.5,10.42));
#3861 = LINE('',#3862,#3863);
#3862 = CARTESIAN_POINT('',(7.,12.5,10.42));
#3863 = VECTOR('',#3864,1.);
#3864 = DIRECTION('',(1.,0.,-0.));
#3865 = ORIENTED_EDGE('',*,*,#3866,.F.);
#3866 = EDGE_CURVE('',#3867,#3859,#3869,.T.);
#3867 = VERTEX_POINT('',#3868);
#3868 = CARTESIAN_POINT('',(10.32,12.5,0.18));
#3869 = LINE('',#3870,#3871);
#3870 = CARTESIAN_POINT('',(10.32,12.5,0.));
#3871 = VECTOR('',#3872,1.);
#3872 = DIRECTION('',(0.,0.,1.));
#3873 = ORIENTED_EDGE('',*,*,#3874,.F.);
#3874 = EDGE_CURVE('',#3480,#3867,#3875,.T.);
#3875 = LINE('',#3876,#3877);
#3876 = CARTESIAN_POINT('',(7.,12.5,0.18));
#3877 = VECTOR('',#3878,1.);
#3878 = DIRECTION('',(1.,0.,-0.));
#3879 = PLANE('',#3880);
#3880 = AXIS2_PLACEMENT_3D('',#3881,#3882,#3883);
#3881 = CARTESIAN_POINT('',(7.,12.5,0.));
#3882 = DIRECTION('',(-0.,1.,0.));
#3883 = DIRECTION('',(0.,0.,1.));
#3884 = ADVANCED_FACE('',(#3885),#3910,.F.);
#3885 = FACE_BOUND('',#3886,.F.);
#3886 = EDGE_LOOP('',(#3887,#3888,#3896,#3904));
#3887 = ORIENTED_EDGE('',*,*,#3520,.F.);
#3888 = ORIENTED_EDGE('',*,*,#3889,.T.);
#3889 = EDGE_CURVE('',#3512,#3890,#3892,.T.);
#3890 = VERTEX_POINT('',#3891);
#3891 = CARTESIAN_POINT('',(10.32,0.18,0.));
#3892 = LINE('',#3893,#3894);
#3893 = CARTESIAN_POINT('',(7.,0.18,-2.775557561563E-17));
#3894 = VECTOR('',#3895,1.);
#3895 = DIRECTION('',(1.,0.,-0.));
#3896 = ORIENTED_EDGE('',*,*,#3897,.T.);
#3897 = EDGE_CURVE('',#3890,#3898,#3900,.T.);
#3898 = VERTEX_POINT('',#3899);
#3899 = CARTESIAN_POINT('',(10.32,12.32,0.));
#3900 = LINE('',#3901,#3902);
#3901 = CARTESIAN_POINT('',(10.32,0.,-2.775557561563E-17));
#3902 = VECTOR('',#3903,1.);
#3903 = DIRECTION('',(-0.,1.,0.));
#3904 = ORIENTED_EDGE('',*,*,#3905,.F.);
#3905 = EDGE_CURVE('',#3521,#3898,#3906,.T.);
#3906 = LINE('',#3907,#3908);
#3907 = CARTESIAN_POINT('',(7.,12.32,-2.775557561563E-17));
#3908 = VECTOR('',#3909,1.);
#3909 = DIRECTION('',(1.,0.,-0.));
#3910 = PLANE('',#3911);
#3911 = AXIS2_PLACEMENT_3D('',#3912,#3913,#3914);
#3912 = CARTESIAN_POINT('',(7.,0.,0.));
#3913 = DIRECTION('',(0.,0.,1.));
#3914 = DIRECTION('',(1.,0.,-0.));
#3915 = ADVANCED_FACE('',(#3916),#3928,.T.);
#3916 = FACE_BOUND('',#3917,.T.);
#3917 = EDGE_LOOP('',(#3918,#3919,#3920,#3927));
#3918 = ORIENTED_EDGE('',*,*,#3604,.F.);
#3919 = ORIENTED_EDGE('',*,*,#3889,.T.);
#3920 = ORIENTED_EDGE('',*,*,#3921,.T.);
#3921 = EDGE_CURVE('',#3890,#3545,#3922,.T.);
#3922 = CIRCLE('',#3923,0.18);
#3923 = AXIS2_PLACEMENT_3D('',#3924,#3925,#3926);
#3924 = CARTESIAN_POINT('',(10.32,0.18,0.18));
#3925 = DIRECTION('',(-1.,-6.123233995737E-17,0.));
#3926 = DIRECTION('',(6.123233995737E-17,-1.,-0.));
#3927 = ORIENTED_EDGE('',*,*,#3544,.F.);
#3928 = CYLINDRICAL_SURFACE('',#3929,0.18);
#3929 = AXIS2_PLACEMENT_3D('',#3930,#3931,#3932);
#3930 = CARTESIAN_POINT('',(7.,0.18,0.18));
#3931 = DIRECTION('',(1.,0.,-0.));
#3932 = DIRECTION('',(0.,-1.,0.));
#3933 = ADVANCED_FACE('',(#3934),#3959,.F.);
#3934 = FACE_BOUND('',#3935,.F.);
#3935 = EDGE_LOOP('',(#3936,#3937,#3945,#3953));
#3936 = ORIENTED_EDGE('',*,*,#3562,.T.);
#3937 = ORIENTED_EDGE('',*,*,#3938,.T.);
#3938 = EDGE_CURVE('',#3565,#3939,#3941,.T.);
#3939 = VERTEX_POINT('',#3940);
#3940 = CARTESIAN_POINT('',(9.85,4.3,4.782623792125));
#3941 = LINE('',#3942,#3943);
#3942 = CARTESIAN_POINT('',(9.85,-5.E-02,4.782623792125));
#3943 = VECTOR('',#3944,1.);
#3944 = DIRECTION('',(0.,1.,0.));
#3945 = ORIENTED_EDGE('',*,*,#3946,.T.);
#3946 = EDGE_CURVE('',#3939,#3947,#3949,.T.);
#3947 = VERTEX_POINT('',#3948);
#3948 = CARTESIAN_POINT('',(9.85,4.3,8.1));
#3949 = LINE('',#3950,#3951);
#3950 = CARTESIAN_POINT('',(9.85,4.3,4.));
#3951 = VECTOR('',#3952,1.);
#3952 = DIRECTION('',(0.,0.,1.));
#3953 = ORIENTED_EDGE('',*,*,#3954,.F.);
#3954 = EDGE_CURVE('',#3563,#3947,#3955,.T.);
#3955 = LINE('',#3956,#3957);
#3956 = CARTESIAN_POINT('',(9.85,-5.E-02,8.1));
#3957 = VECTOR('',#3958,1.);
#3958 = DIRECTION('',(-0.,1.,0.));
#3959 = PLANE('',#3960);
#3960 = AXIS2_PLACEMENT_3D('',#3961,#3962,#3963);
#3961 = CARTESIAN_POINT('',(9.85,-5.E-02,4.));
#3962 = DIRECTION('',(1.,0.,-0.));
#3963 = DIRECTION('',(0.,0.,1.));
#3964 = ADVANCED_FACE('',(#3965),#3983,.F.);
#3965 = FACE_BOUND('',#3966,.F.);
#3966 = EDGE_LOOP('',(#3967,#3975,#3976,#3977));
#3967 = ORIENTED_EDGE('',*,*,#3968,.F.);
#3968 = EDGE_CURVE('',#3573,#3969,#3971,.T.);
#3969 = VERTEX_POINT('',#3970);
#3970 = CARTESIAN_POINT('',(7.65,4.3,8.1));
#3971 = LINE('',#3972,#3973);
#3972 = CARTESIAN_POINT('',(7.65,-5.E-02,8.1));
#3973 = VECTOR('',#3974,1.);
#3974 = DIRECTION('',(-0.,1.,0.));
#3975 = ORIENTED_EDGE('',*,*,#3572,.T.);
#3976 = ORIENTED_EDGE('',*,*,#3954,.T.);
#3977 = ORIENTED_EDGE('',*,*,#3978,.F.);
#3978 = EDGE_CURVE('',#3969,#3947,#3979,.T.);
#3979 = LINE('',#3980,#3981);
#3980 = CARTESIAN_POINT('',(7.65,4.3,8.1));
#3981 = VECTOR('',#3982,1.);
#3982 = DIRECTION('',(1.,0.,-0.));
#3983 = PLANE('',#3984);
#3984 = AXIS2_PLACEMENT_3D('',#3985,#3986,#3987);
#3985 = CARTESIAN_POINT('',(7.65,-5.E-02,8.1));
#3986 = DIRECTION('',(0.,0.,1.));
#3987 = DIRECTION('',(1.,0.,-0.));
#3988 = ADVANCED_FACE('',(#3989),#4008,.F.);
#3989 = FACE_BOUND('',#3990,.F.);
#3990 = EDGE_LOOP('',(#3991,#4000,#4001,#4002));
#3991 = ORIENTED_EDGE('',*,*,#3992,.F.);
#3992 = EDGE_CURVE('',#3939,#3993,#3995,.T.);
#3993 = VERTEX_POINT('',#3994);
#3994 = CARTESIAN_POINT('',(7.65,4.3,4.782623792125));
#3995 = CIRCLE('',#3996,1.35);
#3996 = AXIS2_PLACEMENT_3D('',#3997,#3998,#3999);
#3997 = CARTESIAN_POINT('',(8.75,4.3,4.));
#3998 = DIRECTION('',(0.,1.,0.));
#3999 = DIRECTION('',(0.,-0.,1.));
#4000 = ORIENTED_EDGE('',*,*,#3938,.F.);
#4001 = ORIENTED_EDGE('',*,*,#3588,.T.);
#4002 = ORIENTED_EDGE('',*,*,#4003,.T.);
#4003 = EDGE_CURVE('',#3581,#3993,#4004,.T.);
#4004 = LINE('',#4005,#4006);
#4005 = CARTESIAN_POINT('',(7.65,-5.E-02,4.782623792125));
#4006 = VECTOR('',#4007,1.);
#4007 = DIRECTION('',(0.,1.,0.));
#4008 = CYLINDRICAL_SURFACE('',#4009,1.35);
#4009 = AXIS2_PLACEMENT_3D('',#4010,#4011,#4012);
#4010 = CARTESIAN_POINT('',(8.75,-5.E-02,4.));
#4011 = DIRECTION('',(0.,1.,0.));
#4012 = DIRECTION('',(0.,-0.,1.));
#4013 = ADVANCED_FACE('',(#4014),#4025,.T.);
#4014 = FACE_BOUND('',#4015,.T.);
#4015 = EDGE_LOOP('',(#4016,#4017,#4018,#4024));
#4016 = ORIENTED_EDGE('',*,*,#3580,.T.);
#4017 = ORIENTED_EDGE('',*,*,#4003,.T.);
#4018 = ORIENTED_EDGE('',*,*,#4019,.T.);
#4019 = EDGE_CURVE('',#3993,#3969,#4020,.T.);
#4020 = LINE('',#4021,#4022);
#4021 = CARTESIAN_POINT('',(7.65,4.3,4.));
#4022 = VECTOR('',#4023,1.);
#4023 = DIRECTION('',(0.,0.,1.));
#4024 = ORIENTED_EDGE('',*,*,#3968,.F.);
#4025 = PLANE('',#4026);
#4026 = AXIS2_PLACEMENT_3D('',#4027,#4028,#4029);
#4027 = CARTESIAN_POINT('',(7.65,-5.E-02,4.));
#4028 = DIRECTION('',(1.,0.,-0.));
#4029 = DIRECTION('',(0.,0.,1.));
#4030 = ADVANCED_FACE('',(#4031),#4042,.T.);
#4031 = FACE_BOUND('',#4032,.F.);
#4032 = EDGE_LOOP('',(#4033,#4040,#4041));
#4033 = ORIENTED_EDGE('',*,*,#4034,.F.);
#4034 = EDGE_CURVE('',#3890,#3621,#4035,.T.);
#4035 = CIRCLE('',#4036,0.18);
#4036 = AXIS2_PLACEMENT_3D('',#4037,#4038,#4039);
#4037 = CARTESIAN_POINT('',(10.32,0.18,0.18));
#4038 = DIRECTION('',(0.,-1.,0.));
#4039 = DIRECTION('',(1.,0.,0.));
#4040 = ORIENTED_EDGE('',*,*,#3921,.T.);
#4041 = ORIENTED_EDGE('',*,*,#3628,.F.);
#4042 = SPHERICAL_SURFACE('',#4043,0.18);
#4043 = AXIS2_PLACEMENT_3D('',#4044,#4045,#4046);
#4044 = CARTESIAN_POINT('',(10.32,0.18,0.18));
#4045 = DIRECTION('',(0.,0.,1.));
#4046 = DIRECTION('',(1.,0.,-0.));
#4047 = ADVANCED_FACE('',(#4048),#4066,.T.);
#4048 = FACE_BOUND('',#4049,.T.);
#4049 = EDGE_LOOP('',(#4050,#4051,#4058,#4059));
#4050 = ORIENTED_EDGE('',*,*,#3654,.F.);
#4051 = ORIENTED_EDGE('',*,*,#4052,.T.);
#4052 = EDGE_CURVE('',#3647,#3867,#4053,.T.);
#4053 = CIRCLE('',#4054,0.18);
#4054 = AXIS2_PLACEMENT_3D('',#4055,#4056,#4057);
#4055 = CARTESIAN_POINT('',(10.32,12.32,0.18));
#4056 = DIRECTION('',(0.,0.,1.));
#4057 = DIRECTION('',(1.,0.,-0.));
#4058 = ORIENTED_EDGE('',*,*,#3866,.T.);
#4059 = ORIENTED_EDGE('',*,*,#4060,.T.);
#4060 = EDGE_CURVE('',#3859,#3655,#4061,.T.);
#4061 = CIRCLE('',#4062,0.18);
#4062 = AXIS2_PLACEMENT_3D('',#4063,#4064,#4065);
#4063 = CARTESIAN_POINT('',(10.32,12.32,10.42));
#4064 = DIRECTION('',(0.,0.,-1.));
#4065 = DIRECTION('',(1.,0.,0.));
#4066 = CYLINDRICAL_SURFACE('',#4067,0.18);
#4067 = AXIS2_PLACEMENT_3D('',#4068,#4069,#4070);
#4068 = CARTESIAN_POINT('',(10.32,12.32,0.));
#4069 = DIRECTION('',(0.,0.,1.));
#4070 = DIRECTION('',(1.,0.,-0.));
#4071 = ADVANCED_FACE('',(#4072),#4084,.T.);
#4072 = FACE_BOUND('',#4073,.T.);
#4073 = EDGE_LOOP('',(#4074,#4075,#4076,#4083));
#4074 = ORIENTED_EDGE('',*,*,#4034,.F.);
#4075 = ORIENTED_EDGE('',*,*,#3897,.T.);
#4076 = ORIENTED_EDGE('',*,*,#4077,.T.);
#4077 = EDGE_CURVE('',#3898,#3647,#4078,.T.);
#4078 = CIRCLE('',#4079,0.18);
#4079 = AXIS2_PLACEMENT_3D('',#4080,#4081,#4082);
#4080 = CARTESIAN_POINT('',(10.32,12.32,0.18));
#4081 = DIRECTION('',(0.,-1.,0.));
#4082 = DIRECTION('',(1.,0.,0.));
#4083 = ORIENTED_EDGE('',*,*,#3646,.F.);
#4084 = CYLINDRICAL_SURFACE('',#4085,0.18);
#4085 = AXIS2_PLACEMENT_3D('',#4086,#4087,#4088);
#4086 = CARTESIAN_POINT('',(10.32,0.,0.18));
#4087 = DIRECTION('',(-0.,1.,0.));
#4088 = DIRECTION('',(1.,0.,-0.));
#4089 = ADVANCED_FACE('',(#4090),#4101,.T.);
#4090 = FACE_BOUND('',#4091,.T.);
#4091 = EDGE_LOOP('',(#4092,#4093,#4100));
#4092 = ORIENTED_EDGE('',*,*,#4060,.F.);
#4093 = ORIENTED_EDGE('',*,*,#4094,.T.);
#4094 = EDGE_CURVE('',#3859,#3679,#4095,.T.);
#4095 = CIRCLE('',#4096,0.18);
#4096 = AXIS2_PLACEMENT_3D('',#4097,#4098,#4099);
#4097 = CARTESIAN_POINT('',(10.32,12.32,10.42));
#4098 = DIRECTION('',(1.,0.,-6.123233995737E-17));
#4099 = DIRECTION('',(6.123233995737E-17,0.,1.));
#4100 = ORIENTED_EDGE('',*,*,#3686,.F.);
#4101 = SPHERICAL_SURFACE('',#4102,0.18);
#4102 = AXIS2_PLACEMENT_3D('',#4103,#4104,#4105);
#4103 = CARTESIAN_POINT('',(10.32,12.32,10.42));
#4104 = DIRECTION('',(0.,-1.,-0.));
#4105 = DIRECTION('',(1.,0.,0.));
#4106 = ADVANCED_FACE('',(#4107),#4113,.T.);
#4107 = FACE_BOUND('',#4108,.T.);
#4108 = EDGE_LOOP('',(#4109,#4110,#4111,#4112));
#4109 = ORIENTED_EDGE('',*,*,#3824,.T.);
#4110 = ORIENTED_EDGE('',*,*,#3728,.T.);
#4111 = ORIENTED_EDGE('',*,*,#4094,.F.);
#4112 = ORIENTED_EDGE('',*,*,#3858,.F.);
#4113 = CYLINDRICAL_SURFACE('',#4114,0.18);
#4114 = AXIS2_PLACEMENT_3D('',#4115,#4116,#4117);
#4115 = CARTESIAN_POINT('',(7.,12.32,10.42));
#4116 = DIRECTION('',(1.,0.,-0.));
#4117 = DIRECTION('',(0.,1.,0.));
#4118 = ADVANCED_FACE('',(#4119),#4130,.F.);
#4119 = FACE_BOUND('',#4120,.F.);
#4120 = EDGE_LOOP('',(#4121,#4122,#4128,#4129));
#4121 = ORIENTED_EDGE('',*,*,#3758,.F.);
#4122 = ORIENTED_EDGE('',*,*,#4123,.F.);
#4123 = EDGE_CURVE('',#3800,#3751,#4124,.T.);
#4124 = LINE('',#4125,#4126);
#4125 = CARTESIAN_POINT('',(7.34,9.5,8.62));
#4126 = VECTOR('',#4127,1.);
#4127 = DIRECTION('',(1.,0.,-0.));
#4128 = ORIENTED_EDGE('',*,*,#3807,.T.);
#4129 = ORIENTED_EDGE('',*,*,#3712,.F.);
#4130 = PLANE('',#4131);
#4131 = AXIS2_PLACEMENT_3D('',#4132,#4133,#4134);
#4132 = CARTESIAN_POINT('',(7.34,9.5,8.62));
#4133 = DIRECTION('',(-0.,1.,0.));
#4134 = DIRECTION('',(0.,0.,1.));
#4135 = ADVANCED_FACE('',(#4136),#4142,.T.);
#4136 = FACE_BOUND('',#4137,.T.);
#4137 = EDGE_LOOP('',(#4138,#4139,#4140,#4141));
#4138 = ORIENTED_EDGE('',*,*,#3799,.F.);
#4139 = ORIENTED_EDGE('',*,*,#3775,.T.);
#4140 = ORIENTED_EDGE('',*,*,#3750,.T.);
#4141 = ORIENTED_EDGE('',*,*,#4123,.F.);
#4142 = PLANE('',#4143);
#4143 = AXIS2_PLACEMENT_3D('',#4144,#4145,#4146);
#4144 = CARTESIAN_POINT('',(7.34,0.75,8.62));
#4145 = DIRECTION('',(0.,0.,1.));
#4146 = DIRECTION('',(1.,0.,-0.));
#4147 = ADVANCED_FACE('',(#4148),#4160,.T.);
#4148 = FACE_BOUND('',#4149,.F.);
#4149 = EDGE_LOOP('',(#4150,#4151,#4152,#4159));
#4150 = ORIENTED_EDGE('',*,*,#3841,.F.);
#4151 = ORIENTED_EDGE('',*,*,#3905,.T.);
#4152 = ORIENTED_EDGE('',*,*,#4153,.T.);
#4153 = EDGE_CURVE('',#3898,#3867,#4154,.T.);
#4154 = CIRCLE('',#4155,0.18);
#4155 = AXIS2_PLACEMENT_3D('',#4156,#4157,#4158);
#4156 = CARTESIAN_POINT('',(10.32,12.32,0.18));
#4157 = DIRECTION('',(1.,-6.123233995737E-17,0.));
#4158 = DIRECTION('',(6.123233995737E-17,1.,0.));
#4159 = ORIENTED_EDGE('',*,*,#3874,.F.);
#4160 = CYLINDRICAL_SURFACE('',#4161,0.18);
#4161 = AXIS2_PLACEMENT_3D('',#4162,#4163,#4164);
#4162 = CARTESIAN_POINT('',(7.,12.32,0.18));
#4163 = DIRECTION('',(1.,0.,-0.));
#4164 = DIRECTION('',(0.,1.,0.));
#4165 = ADVANCED_FACE('',(#4166),#4171,.T.);
#4166 = FACE_BOUND('',#4167,.T.);
#4167 = EDGE_LOOP('',(#4168,#4169,#4170));
#4168 = ORIENTED_EDGE('',*,*,#4077,.F.);
#4169 = ORIENTED_EDGE('',*,*,#4153,.T.);
#4170 = ORIENTED_EDGE('',*,*,#4052,.F.);
#4171 = SPHERICAL_SURFACE('',#4172,0.18);
#4172 = AXIS2_PLACEMENT_3D('',#4173,#4174,#4175);
#4173 = CARTESIAN_POINT('',(10.32,12.32,0.18));
#4174 = DIRECTION('',(0.,0.,1.));
#4175 = DIRECTION('',(1.,0.,-0.));
#4176 = ADVANCED_FACE('',(#4177),#4183,.T.);
#4177 = FACE_BOUND('',#4178,.T.);
#4178 = EDGE_LOOP('',(#4179,#4180,#4181,#4182));
#4179 = ORIENTED_EDGE('',*,*,#3946,.T.);
#4180 = ORIENTED_EDGE('',*,*,#3978,.F.);
#4181 = ORIENTED_EDGE('',*,*,#4019,.F.);
#4182 = ORIENTED_EDGE('',*,*,#3992,.F.);
#4183 = PLANE('',#4184);
#4184 = AXIS2_PLACEMENT_3D('',#4185,#4186,#4187);
#4185 = CARTESIAN_POINT('',(8.75,4.3,5.616030404352));
#4186 = DIRECTION('',(-0.,-1.,-0.));
#4187 = DIRECTION('',(0.,0.,-1.));
#4188 = ( GEOMETRIC_REPRESENTATION_CONTEXT(3) 
GLOBAL_UNCERTAINTY_ASSIGNED_CONTEXT((#4192)) 
GLOBAL_UNIT_ASSIGNED_CONTEXT((#4189,#4190,#4191)) REPRESENTATION_CONTEXT
('Context #1','3D Context with UNIT and UNCERTAINTY') );
#4189 = ( LENGTH_UNIT() NAMED_UNIT(*) SI_UNIT(.MILLI.,.METRE.) );
#4190 = ( NAMED_UNIT(*) PLANE_ANGLE_UNIT() SI_UNIT($,.RADIAN.) );
#4191 = ( NAMED_UNIT(*) SI_UNIT($,.STERADIAN.) SOLID_ANGLE_UNIT() );
#4192 = UNCERTAINTY_MEASURE_WITH_UNIT(LENGTH_MEASURE(1.E-07),#4189,
  'distance_accuracy_value','confusion accuracy');
#4193 = CONTEXT_DEPENDENT_SHAPE_REPRESENTATION(#4194,#4196);
#4194 = ( REPRESENTATION_RELATIONSHIP('','',#3274,#10) 
REPRESENTATION_RELATIONSHIP_WITH_TRANSFORMATION(#4195) 
SHAPE_REPRESENTATION_RELATIONSHIP() );
#4195 = ITEM_DEFINED_TRANSFORMATION('','',#11,#47);
#4196 = PRODUCT_DEFINITION_SHAPE('Placement','Placement of an item',
  #4197);
#4197 = NEXT_ASSEMBLY_USAGE_OCCURRENCE('9','Housing P3','',#5,#3269,$);
#4198 = PRODUCT_RELATED_PRODUCT_CATEGORY('part',$,(#3271));
#4199 = SHAPE_DEFINITION_REPRESENTATION(#4200,#4206);
#4200 = PRODUCT_DEFINITION_SHAPE('','',#4201);
#4201 = PRODUCT_DEFINITION('design','',#4202,#4205);
#4202 = PRODUCT_DEFINITION_FORMATION('','',#4203);
#4203 = PRODUCT('Actuator P3','Actuator P3','',(#4204));
#4204 = PRODUCT_CONTEXT('',#2,'mechanical');
#4205 = PRODUCT_DEFINITION_CONTEXT('part definition',#2,'design');
#4206 = ADVANCED_BREP_SHAPE_REPRESENTATION('',(#11,#4207),#4425);
#4207 = MANIFOLD_SOLID_BREP('',#4208);
#4208 = CLOSED_SHELL('',(#4209,#4249,#4280,#4311,#4342,#4375,#4397,#4411
    ));
#4209 = ADVANCED_FACE('',(#4210),#4244,.T.);
#4210 = FACE_BOUND('',#4211,.T.);
#4211 = EDGE_LOOP('',(#4212,#4222,#4230,#4238));
#4212 = ORIENTED_EDGE('',*,*,#4213,.T.);
#4213 = EDGE_CURVE('',#4214,#4216,#4218,.T.);
#4214 = VERTEX_POINT('',#4215);
#4215 = CARTESIAN_POINT('',(7.4,0.1,10.92));
#4216 = VERTEX_POINT('',#4217);
#4217 = CARTESIAN_POINT('',(10.1,0.1,10.92));
#4218 = LINE('',#4219,#4220);
#4219 = CARTESIAN_POINT('',(7.4,0.1,10.92));
#4220 = VECTOR('',#4221,1.);
#4221 = DIRECTION('',(1.,0.,0.));
#4222 = ORIENTED_EDGE('',*,*,#4223,.T.);
#4223 = EDGE_CURVE('',#4216,#4224,#4226,.T.);
#4224 = VERTEX_POINT('',#4225);
#4225 = CARTESIAN_POINT('',(10.1,9.45,10.92));
#4226 = LINE('',#4227,#4228);
#4227 = CARTESIAN_POINT('',(10.1,0.1,10.92));
#4228 = VECTOR('',#4229,1.);
#4229 = DIRECTION('',(0.,1.,0.));
#4230 = ORIENTED_EDGE('',*,*,#4231,.F.);
#4231 = EDGE_CURVE('',#4232,#4224,#4234,.T.);
#4232 = VERTEX_POINT('',#4233);
#4233 = CARTESIAN_POINT('',(7.4,9.45,10.92));
#4234 = LINE('',#4235,#4236);
#4235 = CARTESIAN_POINT('',(7.4,9.45,10.92));
#4236 = VECTOR('',#4237,1.);
#4237 = DIRECTION('',(1.,0.,0.));
#4238 = ORIENTED_EDGE('',*,*,#4239,.F.);
#4239 = EDGE_CURVE('',#4214,#4232,#4240,.T.);
#4240 = LINE('',#4241,#4242);
#4241 = CARTESIAN_POINT('',(7.4,0.1,10.92));
#4242 = VECTOR('',#4243,1.);
#4243 = DIRECTION('',(0.,1.,0.));
#4244 = PLANE('',#4245);
#4245 = AXIS2_PLACEMENT_3D('',#4246,#4247,#4248);
#4246 = CARTESIAN_POINT('',(7.4,0.1,10.92));
#4247 = DIRECTION('',(0.,0.,1.));
#4248 = DIRECTION('',(0.,1.,0.));
#4249 = ADVANCED_FACE('',(#4250),#4275,.T.);
#4250 = FACE_BOUND('',#4251,.T.);
#4251 = EDGE_LOOP('',(#4252,#4262,#4268,#4269));
#4252 = ORIENTED_EDGE('',*,*,#4253,.T.);
#4253 = EDGE_CURVE('',#4254,#4256,#4258,.T.);
#4254 = VERTEX_POINT('',#4255);
#4255 = CARTESIAN_POINT('',(7.4,1.85,8.92));
#4256 = VERTEX_POINT('',#4257);
#4257 = CARTESIAN_POINT('',(10.1,1.85,8.92));
#4258 = LINE('',#4259,#4260);
#4259 = CARTESIAN_POINT('',(7.4,1.85,8.92));
#4260 = VECTOR('',#4261,1.);
#4261 = DIRECTION('',(1.,0.,0.));
#4262 = ORIENTED_EDGE('',*,*,#4263,.T.);
#4263 = EDGE_CURVE('',#4256,#4216,#4264,.T.);
#4264 = LINE('',#4265,#4266);
#4265 = CARTESIAN_POINT('',(10.1,1.85,8.92));
#4266 = VECTOR('',#4267,1.);
#4267 = DIRECTION('',(0.,-0.658504607869,0.752576694707));
#4268 = ORIENTED_EDGE('',*,*,#4213,.F.);
#4269 = ORIENTED_EDGE('',*,*,#4270,.F.);
#4270 = EDGE_CURVE('',#4254,#4214,#4271,.T.);
#4271 = LINE('',#4272,#4273);
#4272 = CARTESIAN_POINT('',(7.4,1.85,8.92));
#4273 = VECTOR('',#4274,1.);
#4274 = DIRECTION('',(0.,-0.658504607869,0.752576694707));
#4275 = PLANE('',#4276);
#4276 = AXIS2_PLACEMENT_3D('',#4277,#4278,#4279);
#4277 = CARTESIAN_POINT('',(7.4,1.85,8.92));
#4278 = DIRECTION('',(0.,-0.752576694707,-0.658504607869));
#4279 = DIRECTION('',(0.,-0.658504607869,0.752576694707));
#4280 = ADVANCED_FACE('',(#4281),#4306,.T.);
#4281 = FACE_BOUND('',#4282,.T.);
#4282 = EDGE_LOOP('',(#4283,#4291,#4292,#4300));
#4283 = ORIENTED_EDGE('',*,*,#4284,.F.);
#4284 = EDGE_CURVE('',#4232,#4285,#4287,.T.);
#4285 = VERTEX_POINT('',#4286);
#4286 = CARTESIAN_POINT('',(7.4,9.45,10.8));
#4287 = LINE('',#4288,#4289);
#4288 = CARTESIAN_POINT('',(7.4,9.45,10.92));
#4289 = VECTOR('',#4290,1.);
#4290 = DIRECTION('',(0.,0.,-1.));
#4291 = ORIENTED_EDGE('',*,*,#4231,.T.);
#4292 = ORIENTED_EDGE('',*,*,#4293,.T.);
#4293 = EDGE_CURVE('',#4224,#4294,#4296,.T.);
#4294 = VERTEX_POINT('',#4295);
#4295 = CARTESIAN_POINT('',(10.1,9.45,10.8));
#4296 = LINE('',#4297,#4298);
#4297 = CARTESIAN_POINT('',(10.1,9.45,10.92));
#4298 = VECTOR('',#4299,1.);
#4299 = DIRECTION('',(0.,0.,-1.));
#4300 = ORIENTED_EDGE('',*,*,#4301,.F.);
#4301 = EDGE_CURVE('',#4285,#4294,#4302,.T.);
#4302 = LINE('',#4303,#4304);
#4303 = CARTESIAN_POINT('',(7.4,9.45,10.8));
#4304 = VECTOR('',#4305,1.);
#4305 = DIRECTION('',(1.,0.,0.));
#4306 = PLANE('',#4307);
#4307 = AXIS2_PLACEMENT_3D('',#4308,#4309,#4310);
#4308 = CARTESIAN_POINT('',(7.4,9.45,10.92));
#4309 = DIRECTION('',(-0.,1.,0.));
#4310 = DIRECTION('',(0.,0.,-1.));
#4311 = ADVANCED_FACE('',(#4312),#4337,.T.);
#4312 = FACE_BOUND('',#4313,.T.);
#4313 = EDGE_LOOP('',(#4314,#4324,#4330,#4331));
#4314 = ORIENTED_EDGE('',*,*,#4315,.T.);
#4315 = EDGE_CURVE('',#4316,#4318,#4320,.T.);
#4316 = VERTEX_POINT('',#4317);
#4317 = CARTESIAN_POINT('',(7.4,9.45,8.92));
#4318 = VERTEX_POINT('',#4319);
#4319 = CARTESIAN_POINT('',(10.1,9.45,8.92));
#4320 = LINE('',#4321,#4322);
#4321 = CARTESIAN_POINT('',(7.4,9.45,8.92));
#4322 = VECTOR('',#4323,1.);
#4323 = DIRECTION('',(1.,0.,0.));
#4324 = ORIENTED_EDGE('',*,*,#4325,.T.);
#4325 = EDGE_CURVE('',#4318,#4256,#4326,.T.);
#4326 = LINE('',#4327,#4328);
#4327 = CARTESIAN_POINT('',(10.1,9.45,8.92));
#4328 = VECTOR('',#4329,1.);
#4329 = DIRECTION('',(0.,-1.,0.));
#4330 = ORIENTED_EDGE('',*,*,#4253,.F.);
#4331 = ORIENTED_EDGE('',*,*,#4332,.F.);
#4332 = EDGE_CURVE('',#4316,#4254,#4333,.T.);
#4333 = LINE('',#4334,#4335);
#4334 = CARTESIAN_POINT('',(7.4,9.45,8.92));
#4335 = VECTOR('',#4336,1.);
#4336 = DIRECTION('',(0.,-1.,0.));
#4337 = PLANE('',#4338);
#4338 = AXIS2_PLACEMENT_3D('',#4339,#4340,#4341);
#4339 = CARTESIAN_POINT('',(7.4,9.45,8.92));
#4340 = DIRECTION('',(0.,0.,-1.));
#4341 = DIRECTION('',(0.,-1.,0.));
#4342 = ADVANCED_FACE('',(#4343),#4370,.T.);
#4343 = FACE_BOUND('',#4344,.T.);
#4344 = EDGE_LOOP('',(#4345,#4346,#4355,#4363));
#4345 = ORIENTED_EDGE('',*,*,#4301,.T.);
#4346 = ORIENTED_EDGE('',*,*,#4347,.F.);
#4347 = EDGE_CURVE('',#4348,#4294,#4350,.T.);
#4348 = VERTEX_POINT('',#4349);
#4349 = CARTESIAN_POINT('',(10.1,9.45,9.64));
#4350 = CIRCLE('',#4351,0.58);
#4351 = AXIS2_PLACEMENT_3D('',#4352,#4353,#4354);
#4352 = CARTESIAN_POINT('',(10.1,9.45,10.22));
#4353 = DIRECTION('',(1.,0.,0.));
#4354 = DIRECTION('',(-0.,0.,1.));
#4355 = ORIENTED_EDGE('',*,*,#4356,.F.);
#4356 = EDGE_CURVE('',#4357,#4348,#4359,.T.);
#4357 = VERTEX_POINT('',#4358);
#4358 = CARTESIAN_POINT('',(7.4,9.45,9.64));
#4359 = LINE('',#4360,#4361);
#4360 = CARTESIAN_POINT('',(7.4,9.45,9.64));
#4361 = VECTOR('',#4362,1.);
#4362 = DIRECTION('',(1.,0.,0.));
#4363 = ORIENTED_EDGE('',*,*,#4364,.T.);
#4364 = EDGE_CURVE('',#4357,#4285,#4365,.T.);
#4365 = CIRCLE('',#4366,0.58);
#4366 = AXIS2_PLACEMENT_3D('',#4367,#4368,#4369);
#4367 = CARTESIAN_POINT('',(7.4,9.45,10.22));
#4368 = DIRECTION('',(1.,0.,0.));
#4369 = DIRECTION('',(-0.,0.,1.));
#4370 = CYLINDRICAL_SURFACE('',#4371,0.58);
#4371 = AXIS2_PLACEMENT_3D('',#4372,#4373,#4374);
#4372 = CARTESIAN_POINT('',(7.4,9.45,10.22));
#4373 = DIRECTION('',(1.,0.,0.));
#4374 = DIRECTION('',(-0.,0.,1.));
#4375 = ADVANCED_FACE('',(#4376),#4392,.T.);
#4376 = FACE_BOUND('',#4377,.T.);
#4377 = EDGE_LOOP('',(#4378,#4384,#4385,#4391));
#4378 = ORIENTED_EDGE('',*,*,#4379,.F.);
#4379 = EDGE_CURVE('',#4357,#4316,#4380,.T.);
#4380 = LINE('',#4381,#4382);
#4381 = CARTESIAN_POINT('',(7.4,9.45,10.92));
#4382 = VECTOR('',#4383,1.);
#4383 = DIRECTION('',(0.,0.,-1.));
#4384 = ORIENTED_EDGE('',*,*,#4356,.T.);
#4385 = ORIENTED_EDGE('',*,*,#4386,.T.);
#4386 = EDGE_CURVE('',#4348,#4318,#4387,.T.);
#4387 = LINE('',#4388,#4389);
#4388 = CARTESIAN_POINT('',(10.1,9.45,10.92));
#4389 = VECTOR('',#4390,1.);
#4390 = DIRECTION('',(0.,0.,-1.));
#4391 = ORIENTED_EDGE('',*,*,#4315,.F.);
#4392 = PLANE('',#4393);
#4393 = AXIS2_PLACEMENT_3D('',#4394,#4395,#4396);
#4394 = CARTESIAN_POINT('',(7.4,9.45,10.92));
#4395 = DIRECTION('',(-0.,1.,0.));
#4396 = DIRECTION('',(0.,0.,-1.));
#4397 = ADVANCED_FACE('',(#4398),#4406,.T.);
#4398 = FACE_BOUND('',#4399,.T.);
#4399 = EDGE_LOOP('',(#4400,#4401,#4402,#4403,#4404,#4405));
#4400 = ORIENTED_EDGE('',*,*,#4270,.T.);
#4401 = ORIENTED_EDGE('',*,*,#4239,.T.);
#4402 = ORIENTED_EDGE('',*,*,#4284,.T.);
#4403 = ORIENTED_EDGE('',*,*,#4364,.F.);
#4404 = ORIENTED_EDGE('',*,*,#4379,.T.);
#4405 = ORIENTED_EDGE('',*,*,#4332,.T.);
#4406 = PLANE('',#4407);
#4407 = AXIS2_PLACEMENT_3D('',#4408,#4409,#4410);
#4408 = CARTESIAN_POINT('',(7.4,5.189445442781,10.006715350488));
#4409 = DIRECTION('',(-1.,-0.,-0.));
#4410 = DIRECTION('',(0.,0.,-1.));
#4411 = ADVANCED_FACE('',(#4412),#4420,.T.);
#4412 = FACE_BOUND('',#4413,.T.);
#4413 = EDGE_LOOP('',(#4414,#4415,#4416,#4417,#4418,#4419));
#4414 = ORIENTED_EDGE('',*,*,#4263,.F.);
#4415 = ORIENTED_EDGE('',*,*,#4325,.F.);
#4416 = ORIENTED_EDGE('',*,*,#4386,.F.);
#4417 = ORIENTED_EDGE('',*,*,#4347,.T.);
#4418 = ORIENTED_EDGE('',*,*,#4293,.F.);
#4419 = ORIENTED_EDGE('',*,*,#4223,.F.);
#4420 = PLANE('',#4421);
#4421 = AXIS2_PLACEMENT_3D('',#4422,#4423,#4424);
#4422 = CARTESIAN_POINT('',(10.1,5.189445442781,10.006715350488));
#4423 = DIRECTION('',(1.,0.,0.));
#4424 = DIRECTION('',(-0.,0.,1.));
#4425 = ( GEOMETRIC_REPRESENTATION_CONTEXT(3) 
GLOBAL_UNCERTAINTY_ASSIGNED_CONTEXT((#4429)) 
GLOBAL_UNIT_ASSIGNED_CONTEXT((#4426,#4427,#4428)) REPRESENTATION_CONTEXT
('Context #1','3D Context with UNIT and UNCERTAINTY') );
#4426 = ( LENGTH_UNIT() NAMED_UNIT(*) SI_UNIT(.MILLI.,.METRE.) );
#4427 = ( NAMED_UNIT(*) PLANE_ANGLE_UNIT() SI_UNIT($,.RADIAN.) );
#4428 = ( NAMED_UNIT(*) SI_UNIT($,.STERADIAN.) SOLID_ANGLE_UNIT() );
#4429 = UNCERTAINTY_MEASURE_WITH_UNIT(LENGTH_MEASURE(1.E-07),#4426,
  'distance_accuracy_value','confusion accuracy');
#4430 = CONTEXT_DEPENDENT_SHAPE_REPRESENTATION(#4431,#4433);
#4431 = ( REPRESENTATION_RELATIONSHIP('','',#4206,#10) 
REPRESENTATION_RELATIONSHIP_WITH_TRANSFORMATION(#4432) 
SHAPE_REPRESENTATION_RELATIONSHIP() );
#4432 = ITEM_DEFINED_TRANSFORMATION('','',#11,#51);
#4433 = PRODUCT_DEFINITION_SHAPE('Placement','Placement of an item',
  #4434);
#4434 = NEXT_ASSEMBLY_USAGE_OCCURRENCE('10','Actuator P3','',#5,#4201,$
  );
#4435 = PRODUCT_RELATED_PRODUCT_CATEGORY('part',$,(#4203));
#4436 = SHAPE_DEFINITION_REPRESENTATION(#4437,#4443);
#4437 = PRODUCT_DEFINITION_SHAPE('','',#4438);
#4438 = PRODUCT_DEFINITION('design','',#4439,#4442);
#4439 = PRODUCT_DEFINITION_FORMATION('','',#4440);
#4440 = PRODUCT('Terminal Pin P3 A','Terminal Pin P3 A','',(#4441));
#4441 = PRODUCT_CONTEXT('',#2,'mechanical');
#4442 = PRODUCT_DEFINITION_CONTEXT('part definition',#2,'design');
#4443 = ADVANCED_BREP_SHAPE_REPRESENTATION('',(#11,#4444),#4594);
#4444 = MANIFOLD_SOLID_BREP('',#4445);
#4445 = CLOSED_SHELL('',(#4446,#4486,#4526,#4548,#4570,#4582));
#4446 = ADVANCED_FACE('',(#4447),#4481,.F.);
#4447 = FACE_BOUND('',#4448,.F.);
#4448 = EDGE_LOOP('',(#4449,#4459,#4467,#4475));
#4449 = ORIENTED_EDGE('',*,*,#4450,.F.);
#4450 = EDGE_CURVE('',#4451,#4453,#4455,.T.);
#4451 = VERTEX_POINT('',#4452);
#4452 = CARTESIAN_POINT('',(8.85,4.35,-3.5));
#4453 = VERTEX_POINT('',#4454);
#4454 = CARTESIAN_POINT('',(8.85,4.35,0.));
#4455 = LINE('',#4456,#4457);
#4456 = CARTESIAN_POINT('',(8.85,4.35,-3.5));
#4457 = VECTOR('',#4458,1.);
#4458 = DIRECTION('',(0.,0.,1.));
#4459 = ORIENTED_EDGE('',*,*,#4460,.T.);
#4460 = EDGE_CURVE('',#4451,#4461,#4463,.T.);
#4461 = VERTEX_POINT('',#4462);
#4462 = CARTESIAN_POINT('',(8.85,4.85,-3.5));
#4463 = LINE('',#4464,#4465);
#4464 = CARTESIAN_POINT('',(8.85,4.35,-3.5));
#4465 = VECTOR('',#4466,1.);
#4466 = DIRECTION('',(-0.,1.,0.));
#4467 = ORIENTED_EDGE('',*,*,#4468,.T.);
#4468 = EDGE_CURVE('',#4461,#4469,#4471,.T.);
#4469 = VERTEX_POINT('',#4470);
#4470 = CARTESIAN_POINT('',(8.85,4.85,0.));
#4471 = LINE('',#4472,#4473);
#4472 = CARTESIAN_POINT('',(8.85,4.85,-3.5));
#4473 = VECTOR('',#4474,1.);
#4474 = DIRECTION('',(0.,0.,1.));
#4475 = ORIENTED_EDGE('',*,*,#4476,.F.);
#4476 = EDGE_CURVE('',#4453,#4469,#4477,.T.);
#4477 = LINE('',#4478,#4479);
#4478 = CARTESIAN_POINT('',(8.85,4.35,0.));
#4479 = VECTOR('',#4480,1.);
#4480 = DIRECTION('',(-0.,1.,0.));
#4481 = PLANE('',#4482);
#4482 = AXIS2_PLACEMENT_3D('',#4483,#4484,#4485);
#4483 = CARTESIAN_POINT('',(8.85,4.35,-3.5));
#4484 = DIRECTION('',(1.,0.,-0.));
#4485 = DIRECTION('',(0.,0.,1.));
#4486 = ADVANCED_FACE('',(#4487),#4521,.T.);
#4487 = FACE_BOUND('',#4488,.T.);
#4488 = EDGE_LOOP('',(#4489,#4499,#4507,#4515));
#4489 = ORIENTED_EDGE('',*,*,#4490,.F.);
#4490 = EDGE_CURVE('',#4491,#4493,#4495,.T.);
#4491 = VERTEX_POINT('',#4492);
#4492 = CARTESIAN_POINT('',(9.65,4.35,-3.5));
#4493 = VERTEX_POINT('',#4494);
#4494 = CARTESIAN_POINT('',(9.65,4.35,0.));
#4495 = LINE('',#4496,#4497);
#4496 = CARTESIAN_POINT('',(9.65,4.35,-3.5));
#4497 = VECTOR('',#4498,1.);
#4498 = DIRECTION('',(0.,0.,1.));
#4499 = ORIENTED_EDGE('',*,*,#4500,.T.);
#4500 = EDGE_CURVE('',#4491,#4501,#4503,.T.);
#4501 = VERTEX_POINT('',#4502);
#4502 = CARTESIAN_POINT('',(9.65,4.85,-3.5));
#4503 = LINE('',#4504,#4505);
#4504 = CARTESIAN_POINT('',(9.65,4.35,-3.5));
#4505 = VECTOR('',#4506,1.);
#4506 = DIRECTION('',(-0.,1.,0.));
#4507 = ORIENTED_EDGE('',*,*,#4508,.T.);
#4508 = EDGE_CURVE('',#4501,#4509,#4511,.T.);
#4509 = VERTEX_POINT('',#4510);
#4510 = CARTESIAN_POINT('',(9.65,4.85,0.));
#4511 = LINE('',#4512,#4513);
#4512 = CARTESIAN_POINT('',(9.65,4.85,-3.5));
#4513 = VECTOR('',#4514,1.);
#4514 = DIRECTION('',(0.,0.,1.));
#4515 = ORIENTED_EDGE('',*,*,#4516,.F.);
#4516 = EDGE_CURVE('',#4493,#4509,#4517,.T.);
#4517 = LINE('',#4518,#4519);
#4518 = CARTESIAN_POINT('',(9.65,4.35,0.));
#4519 = VECTOR('',#4520,1.);
#4520 = DIRECTION('',(-0.,1.,0.));
#4521 = PLANE('',#4522);
#4522 = AXIS2_PLACEMENT_3D('',#4523,#4524,#4525);
#4523 = CARTESIAN_POINT('',(9.65,4.35,-3.5));
#4524 = DIRECTION('',(1.,0.,-0.));
#4525 = DIRECTION('',(0.,0.,1.));
#4526 = ADVANCED_FACE('',(#4527),#4543,.F.);
#4527 = FACE_BOUND('',#4528,.F.);
#4528 = EDGE_LOOP('',(#4529,#4535,#4536,#4542));
#4529 = ORIENTED_EDGE('',*,*,#4530,.F.);
#4530 = EDGE_CURVE('',#4451,#4491,#4531,.T.);
#4531 = LINE('',#4532,#4533);
#4532 = CARTESIAN_POINT('',(8.85,4.35,-3.5));
#4533 = VECTOR('',#4534,1.);
#4534 = DIRECTION('',(1.,0.,-0.));
#4535 = ORIENTED_EDGE('',*,*,#4450,.T.);
#4536 = ORIENTED_EDGE('',*,*,#4537,.T.);
#4537 = EDGE_CURVE('',#4453,#4493,#4538,.T.);
#4538 = LINE('',#4539,#4540);
#4539 = CARTESIAN_POINT('',(8.85,4.35,0.));
#4540 = VECTOR('',#4541,1.);
#4541 = DIRECTION('',(1.,0.,-0.));
#4542 = ORIENTED_EDGE('',*,*,#4490,.F.);
#4543 = PLANE('',#4544);
#4544 = AXIS2_PLACEMENT_3D('',#4545,#4546,#4547);
#4545 = CARTESIAN_POINT('',(8.85,4.35,-3.5));
#4546 = DIRECTION('',(-0.,1.,0.));
#4547 = DIRECTION('',(0.,0.,1.));
#4548 = ADVANCED_FACE('',(#4549),#4565,.T.);
#4549 = FACE_BOUND('',#4550,.T.);
#4550 = EDGE_LOOP('',(#4551,#4557,#4558,#4564));
#4551 = ORIENTED_EDGE('',*,*,#4552,.F.);
#4552 = EDGE_CURVE('',#4461,#4501,#4553,.T.);
#4553 = LINE('',#4554,#4555);
#4554 = CARTESIAN_POINT('',(8.85,4.85,-3.5));
#4555 = VECTOR('',#4556,1.);
#4556 = DIRECTION('',(1.,0.,-0.));
#4557 = ORIENTED_EDGE('',*,*,#4468,.T.);
#4558 = ORIENTED_EDGE('',*,*,#4559,.T.);
#4559 = EDGE_CURVE('',#4469,#4509,#4560,.T.);
#4560 = LINE('',#4561,#4562);
#4561 = CARTESIAN_POINT('',(8.85,4.85,0.));
#4562 = VECTOR('',#4563,1.);
#4563 = DIRECTION('',(1.,0.,-0.));
#4564 = ORIENTED_EDGE('',*,*,#4508,.F.);
#4565 = PLANE('',#4566);
#4566 = AXIS2_PLACEMENT_3D('',#4567,#4568,#4569);
#4567 = CARTESIAN_POINT('',(8.85,4.85,-3.5));
#4568 = DIRECTION('',(-0.,1.,0.));
#4569 = DIRECTION('',(0.,0.,1.));
#4570 = ADVANCED_FACE('',(#4571),#4577,.F.);
#4571 = FACE_BOUND('',#4572,.F.);
#4572 = EDGE_LOOP('',(#4573,#4574,#4575,#4576));
#4573 = ORIENTED_EDGE('',*,*,#4460,.F.);
#4574 = ORIENTED_EDGE('',*,*,#4530,.T.);
#4575 = ORIENTED_EDGE('',*,*,#4500,.T.);
#4576 = ORIENTED_EDGE('',*,*,#4552,.F.);
#4577 = PLANE('',#4578);
#4578 = AXIS2_PLACEMENT_3D('',#4579,#4580,#4581);
#4579 = CARTESIAN_POINT('',(8.85,4.35,-3.5));
#4580 = DIRECTION('',(0.,0.,1.));
#4581 = DIRECTION('',(1.,0.,-0.));
#4582 = ADVANCED_FACE('',(#4583),#4589,.T.);
#4583 = FACE_BOUND('',#4584,.T.);
#4584 = EDGE_LOOP('',(#4585,#4586,#4587,#4588));
#4585 = ORIENTED_EDGE('',*,*,#4476,.F.);
#4586 = ORIENTED_EDGE('',*,*,#4537,.T.);
#4587 = ORIENTED_EDGE('',*,*,#4516,.T.);
#4588 = ORIENTED_EDGE('',*,*,#4559,.F.);
#4589 = PLANE('',#4590);
#4590 = AXIS2_PLACEMENT_3D('',#4591,#4592,#4593);
#4591 = CARTESIAN_POINT('',(8.85,4.35,0.));
#4592 = DIRECTION('',(0.,0.,1.));
#4593 = DIRECTION('',(1.,0.,-0.));
#4594 = ( GEOMETRIC_REPRESENTATION_CONTEXT(3) 
GLOBAL_UNCERTAINTY_ASSIGNED_CONTEXT((#4598)) 
GLOBAL_UNIT_ASSIGNED_CONTEXT((#4595,#4596,#4597)) REPRESENTATION_CONTEXT
('Context #1','3D Context with UNIT and UNCERTAINTY') );
#4595 = ( LENGTH_UNIT() NAMED_UNIT(*) SI_UNIT(.MILLI.,.METRE.) );
#4596 = ( NAMED_UNIT(*) PLANE_ANGLE_UNIT() SI_UNIT($,.RADIAN.) );
#4597 = ( NAMED_UNIT(*) SI_UNIT($,.STERADIAN.) SOLID_ANGLE_UNIT() );
#4598 = UNCERTAINTY_MEASURE_WITH_UNIT(LENGTH_MEASURE(1.E-07),#4595,
  'distance_accuracy_value','confusion accuracy');
#4599 = CONTEXT_DEPENDENT_SHAPE_REPRESENTATION(#4600,#4602);
#4600 = ( REPRESENTATION_RELATIONSHIP('','',#4443,#10) 
REPRESENTATION_RELATIONSHIP_WITH_TRANSFORMATION(#4601) 
SHAPE_REPRESENTATION_RELATIONSHIP() );
#4601 = ITEM_DEFINED_TRANSFORMATION('','',#11,#55);
#4602 = PRODUCT_DEFINITION_SHAPE('Placement','Placement of an item',
  #4603);
#4603 = NEXT_ASSEMBLY_USAGE_OCCURRENCE('11','Terminal Pin P3 A','',#5,
  #4438,$);
#4604 = PRODUCT_RELATED_PRODUCT_CATEGORY('part',$,(#4440));
#4605 = SHAPE_DEFINITION_REPRESENTATION(#4606,#4612);
#4606 = PRODUCT_DEFINITION_SHAPE('','',#4607);
#4607 = PRODUCT_DEFINITION('design','',#4608,#4611);
#4608 = PRODUCT_DEFINITION_FORMATION('','',#4609);
#4609 = PRODUCT('Terminal Pin P3 B','Terminal Pin P3 B','',(#4610));
#4610 = PRODUCT_CONTEXT('',#2,'mechanical');
#4611 = PRODUCT_DEFINITION_CONTEXT('part definition',#2,'design');
#4612 = ADVANCED_BREP_SHAPE_REPRESENTATION('',(#11,#4613),#4763);
#4613 = MANIFOLD_SOLID_BREP('',#4614);
#4614 = CLOSED_SHELL('',(#4615,#4655,#4695,#4717,#4739,#4751));
#4615 = ADVANCED_FACE('',(#4616),#4650,.F.);
#4616 = FACE_BOUND('',#4617,.F.);
#4617 = EDGE_LOOP('',(#4618,#4628,#4636,#4644));
#4618 = ORIENTED_EDGE('',*,*,#4619,.F.);
#4619 = EDGE_CURVE('',#4620,#4622,#4624,.T.);
#4620 = VERTEX_POINT('',#4621);
#4621 = CARTESIAN_POINT('',(8.85,9.35,-3.5));
#4622 = VERTEX_POINT('',#4623);
#4623 = CARTESIAN_POINT('',(8.85,9.35,0.));
#4624 = LINE('',#4625,#4626);
#4625 = CARTESIAN_POINT('',(8.85,9.35,-3.5));
#4626 = VECTOR('',#4627,1.);
#4627 = DIRECTION('',(0.,0.,1.));
#4628 = ORIENTED_EDGE('',*,*,#4629,.T.);
#4629 = EDGE_CURVE('',#4620,#4630,#4632,.T.);
#4630 = VERTEX_POINT('',#4631);
#4631 = CARTESIAN_POINT('',(8.85,9.85,-3.5));
#4632 = LINE('',#4633,#4634);
#4633 = CARTESIAN_POINT('',(8.85,9.35,-3.5));
#4634 = VECTOR('',#4635,1.);
#4635 = DIRECTION('',(-0.,1.,0.));
#4636 = ORIENTED_EDGE('',*,*,#4637,.T.);
#4637 = EDGE_CURVE('',#4630,#4638,#4640,.T.);
#4638 = VERTEX_POINT('',#4639);
#4639 = CARTESIAN_POINT('',(8.85,9.85,0.));
#4640 = LINE('',#4641,#4642);
#4641 = CARTESIAN_POINT('',(8.85,9.85,-3.5));
#4642 = VECTOR('',#4643,1.);
#4643 = DIRECTION('',(0.,0.,1.));
#4644 = ORIENTED_EDGE('',*,*,#4645,.F.);
#4645 = EDGE_CURVE('',#4622,#4638,#4646,.T.);
#4646 = LINE('',#4647,#4648);
#4647 = CARTESIAN_POINT('',(8.85,9.35,0.));
#4648 = VECTOR('',#4649,1.);
#4649 = DIRECTION('',(-0.,1.,0.));
#4650 = PLANE('',#4651);
#4651 = AXIS2_PLACEMENT_3D('',#4652,#4653,#4654);
#4652 = CARTESIAN_POINT('',(8.85,9.35,-3.5));
#4653 = DIRECTION('',(1.,0.,-0.));
#4654 = DIRECTION('',(0.,0.,1.));
#4655 = ADVANCED_FACE('',(#4656),#4690,.T.);
#4656 = FACE_BOUND('',#4657,.T.);
#4657 = EDGE_LOOP('',(#4658,#4668,#4676,#4684));
#4658 = ORIENTED_EDGE('',*,*,#4659,.F.);
#4659 = EDGE_CURVE('',#4660,#4662,#4664,.T.);
#4660 = VERTEX_POINT('',#4661);
#4661 = CARTESIAN_POINT('',(9.65,9.35,-3.5));
#4662 = VERTEX_POINT('',#4663);
#4663 = CARTESIAN_POINT('',(9.65,9.35,0.));
#4664 = LINE('',#4665,#4666);
#4665 = CARTESIAN_POINT('',(9.65,9.35,-3.5));
#4666 = VECTOR('',#4667,1.);
#4667 = DIRECTION('',(0.,0.,1.));
#4668 = ORIENTED_EDGE('',*,*,#4669,.T.);
#4669 = EDGE_CURVE('',#4660,#4670,#4672,.T.);
#4670 = VERTEX_POINT('',#4671);
#4671 = CARTESIAN_POINT('',(9.65,9.85,-3.5));
#4672 = LINE('',#4673,#4674);
#4673 = CARTESIAN_POINT('',(9.65,9.35,-3.5));
#4674 = VECTOR('',#4675,1.);
#4675 = DIRECTION('',(-0.,1.,0.));
#4676 = ORIENTED_EDGE('',*,*,#4677,.T.);
#4677 = EDGE_CURVE('',#4670,#4678,#4680,.T.);
#4678 = VERTEX_POINT('',#4679);
#4679 = CARTESIAN_POINT('',(9.65,9.85,0.));
#4680 = LINE('',#4681,#4682);
#4681 = CARTESIAN_POINT('',(9.65,9.85,-3.5));
#4682 = VECTOR('',#4683,1.);
#4683 = DIRECTION('',(0.,0.,1.));
#4684 = ORIENTED_EDGE('',*,*,#4685,.F.);
#4685 = EDGE_CURVE('',#4662,#4678,#4686,.T.);
#4686 = LINE('',#4687,#4688);
#4687 = CARTESIAN_POINT('',(9.65,9.35,0.));
#4688 = VECTOR('',#4689,1.);
#4689 = DIRECTION('',(-0.,1.,0.));
#4690 = PLANE('',#4691);
#4691 = AXIS2_PLACEMENT_3D('',#4692,#4693,#4694);
#4692 = CARTESIAN_POINT('',(9.65,9.35,-3.5));
#4693 = DIRECTION('',(1.,0.,-0.));
#4694 = DIRECTION('',(0.,0.,1.));
#4695 = ADVANCED_FACE('',(#4696),#4712,.F.);
#4696 = FACE_BOUND('',#4697,.F.);
#4697 = EDGE_LOOP('',(#4698,#4704,#4705,#4711));
#4698 = ORIENTED_EDGE('',*,*,#4699,.F.);
#4699 = EDGE_CURVE('',#4620,#4660,#4700,.T.);
#4700 = LINE('',#4701,#4702);
#4701 = CARTESIAN_POINT('',(8.85,9.35,-3.5));
#4702 = VECTOR('',#4703,1.);
#4703 = DIRECTION('',(1.,0.,-0.));
#4704 = ORIENTED_EDGE('',*,*,#4619,.T.);
#4705 = ORIENTED_EDGE('',*,*,#4706,.T.);
#4706 = EDGE_CURVE('',#4622,#4662,#4707,.T.);
#4707 = LINE('',#4708,#4709);
#4708 = CARTESIAN_POINT('',(8.85,9.35,0.));
#4709 = VECTOR('',#4710,1.);
#4710 = DIRECTION('',(1.,0.,-0.));
#4711 = ORIENTED_EDGE('',*,*,#4659,.F.);
#4712 = PLANE('',#4713);
#4713 = AXIS2_PLACEMENT_3D('',#4714,#4715,#4716);
#4714 = CARTESIAN_POINT('',(8.85,9.35,-3.5));
#4715 = DIRECTION('',(-0.,1.,0.));
#4716 = DIRECTION('',(0.,0.,1.));
#4717 = ADVANCED_FACE('',(#4718),#4734,.T.);
#4718 = FACE_BOUND('',#4719,.T.);
#4719 = EDGE_LOOP('',(#4720,#4726,#4727,#4733));
#4720 = ORIENTED_EDGE('',*,*,#4721,.F.);
#4721 = EDGE_CURVE('',#4630,#4670,#4722,.T.);
#4722 = LINE('',#4723,#4724);
#4723 = CARTESIAN_POINT('',(8.85,9.85,-3.5));
#4724 = VECTOR('',#4725,1.);
#4725 = DIRECTION('',(1.,0.,-0.));
#4726 = ORIENTED_EDGE('',*,*,#4637,.T.);
#4727 = ORIENTED_EDGE('',*,*,#4728,.T.);
#4728 = EDGE_CURVE('',#4638,#4678,#4729,.T.);
#4729 = LINE('',#4730,#4731);
#4730 = CARTESIAN_POINT('',(8.85,9.85,0.));
#4731 = VECTOR('',#4732,1.);
#4732 = DIRECTION('',(1.,0.,-0.));
#4733 = ORIENTED_EDGE('',*,*,#4677,.F.);
#4734 = PLANE('',#4735);
#4735 = AXIS2_PLACEMENT_3D('',#4736,#4737,#4738);
#4736 = CARTESIAN_POINT('',(8.85,9.85,-3.5));
#4737 = DIRECTION('',(-0.,1.,0.));
#4738 = DIRECTION('',(0.,0.,1.));
#4739 = ADVANCED_FACE('',(#4740),#4746,.F.);
#4740 = FACE_BOUND('',#4741,.F.);
#4741 = EDGE_LOOP('',(#4742,#4743,#4744,#4745));
#4742 = ORIENTED_EDGE('',*,*,#4629,.F.);
#4743 = ORIENTED_EDGE('',*,*,#4699,.T.);
#4744 = ORIENTED_EDGE('',*,*,#4669,.T.);
#4745 = ORIENTED_EDGE('',*,*,#4721,.F.);
#4746 = PLANE('',#4747);
#4747 = AXIS2_PLACEMENT_3D('',#4748,#4749,#4750);
#4748 = CARTESIAN_POINT('',(8.85,9.35,-3.5));
#4749 = DIRECTION('',(0.,0.,1.));
#4750 = DIRECTION('',(1.,0.,-0.));
#4751 = ADVANCED_FACE('',(#4752),#4758,.T.);
#4752 = FACE_BOUND('',#4753,.T.);
#4753 = EDGE_LOOP('',(#4754,#4755,#4756,#4757));
#4754 = ORIENTED_EDGE('',*,*,#4645,.F.);
#4755 = ORIENTED_EDGE('',*,*,#4706,.T.);
#4756 = ORIENTED_EDGE('',*,*,#4685,.T.);
#4757 = ORIENTED_EDGE('',*,*,#4728,.F.);
#4758 = PLANE('',#4759);
#4759 = AXIS2_PLACEMENT_3D('',#4760,#4761,#4762);
#4760 = CARTESIAN_POINT('',(8.85,9.35,0.));
#4761 = DIRECTION('',(0.,0.,1.));
#4762 = DIRECTION('',(1.,0.,-0.));
#4763 = ( GEOMETRIC_REPRESENTATION_CONTEXT(3) 
GLOBAL_UNCERTAINTY_ASSIGNED_CONTEXT((#4767)) 
GLOBAL_UNIT_ASSIGNED_CONTEXT((#4764,#4765,#4766)) REPRESENTATION_CONTEXT
('Context #1','3D Context with UNIT and UNCERTAINTY') );
#4764 = ( LENGTH_UNIT() NAMED_UNIT(*) SI_UNIT(.MILLI.,.METRE.) );
#4765 = ( NAMED_UNIT(*) PLANE_ANGLE_UNIT() SI_UNIT($,.RADIAN.) );
#4766 = ( NAMED_UNIT(*) SI_UNIT($,.STERADIAN.) SOLID_ANGLE_UNIT() );
#4767 = UNCERTAINTY_MEASURE_WITH_UNIT(LENGTH_MEASURE(1.E-07),#4764,
  'distance_accuracy_value','confusion accuracy');
#4768 = CONTEXT_DEPENDENT_SHAPE_REPRESENTATION(#4769,#4771);
#4769 = ( REPRESENTATION_RELATIONSHIP('','',#4612,#10) 
REPRESENTATION_RELATIONSHIP_WITH_TRANSFORMATION(#4770) 
SHAPE_REPRESENTATION_RELATIONSHIP() );
#4770 = ITEM_DEFINED_TRANSFORMATION('','',#11,#59);
#4771 = PRODUCT_DEFINITION_SHAPE('Placement','Placement of an item',
  #4772);
#4772 = NEXT_ASSEMBLY_USAGE_OCCURRENCE('12','Terminal Pin P3 B','',#5,
  #4607,$);
#4773 = PRODUCT_RELATED_PRODUCT_CATEGORY('part',$,(#4609));
#4774 = SHAPE_DEFINITION_REPRESENTATION(#4775,#4781);
#4775 = PRODUCT_DEFINITION_SHAPE('','',#4776);
#4776 = PRODUCT_DEFINITION('design','',#4777,#4780);
#4777 = PRODUCT_DEFINITION_FORMATION('','',#4778);
#4778 = PRODUCT('1.5 mm Side Cover','1.5 mm Side Cover','',(#4779));
#4779 = PRODUCT_CONTEXT('',#2,'mechanical');
#4780 = PRODUCT_DEFINITION_CONTEXT('part definition',#2,'design');
#4781 = ADVANCED_BREP_SHAPE_REPRESENTATION('',(#11,#4782),#5566);
#4782 = MANIFOLD_SOLID_BREP('',#4783);
#4783 = CLOSED_SHELL('',(#4784,#4832,#4865,#4924,#4949,#4982,#5015,#5039
    ,#5056,#5081,#5157,#5182,#5199,#5216,#5233,#5264,#5295,#5313,#5330,
    #5348,#5372,#5397,#5422,#5447,#5472,#5489,#5501,#5519,#5530,#5539,
    #5548,#5557));
#4784 = ADVANCED_FACE('',(#4785),#4827,.F.);
#4785 = FACE_BOUND('',#4786,.F.);
#4786 = EDGE_LOOP('',(#4787,#4797,#4805,#4813,#4821));
#4787 = ORIENTED_EDGE('',*,*,#4788,.F.);
#4788 = EDGE_CURVE('',#4789,#4791,#4793,.T.);
#4789 = VERTEX_POINT('',#4790);
#4790 = CARTESIAN_POINT('',(10.5,0.18,0.18));
#4791 = VERTEX_POINT('',#4792);
#4792 = CARTESIAN_POINT('',(10.5,0.18,8.985454545455));
#4793 = LINE('',#4794,#4795);
#4794 = CARTESIAN_POINT('',(10.5,0.18,0.));
#4795 = VECTOR('',#4796,1.);
#4796 = DIRECTION('',(0.,0.,1.));
#4797 = ORIENTED_EDGE('',*,*,#4798,.T.);
#4798 = EDGE_CURVE('',#4789,#4799,#4801,.T.);
#4799 = VERTEX_POINT('',#4800);
#4800 = CARTESIAN_POINT('',(10.5,12.32,0.18));
#4801 = LINE('',#4802,#4803);
#4802 = CARTESIAN_POINT('',(10.5,0.,0.18));
#4803 = VECTOR('',#4804,1.);
#4804 = DIRECTION('',(-0.,1.,0.));
#4805 = ORIENTED_EDGE('',*,*,#4806,.T.);
#4806 = EDGE_CURVE('',#4799,#4807,#4809,.T.);
#4807 = VERTEX_POINT('',#4808);
#4808 = CARTESIAN_POINT('',(10.5,12.32,10.42));
#4809 = LINE('',#4810,#4811);
#4810 = CARTESIAN_POINT('',(10.5,12.32,0.));
#4811 = VECTOR('',#4812,1.);
#4812 = DIRECTION('',(0.,0.,1.));
#4813 = ORIENTED_EDGE('',*,*,#4814,.F.);
#4814 = EDGE_CURVE('',#4815,#4807,#4817,.T.);
#4815 = VERTEX_POINT('',#4816);
#4816 = CARTESIAN_POINT('',(10.5,1.885945945946,10.42));
#4817 = LINE('',#4818,#4819);
#4818 = CARTESIAN_POINT('',(10.5,0.,10.42));
#4819 = VECTOR('',#4820,1.);
#4820 = DIRECTION('',(-0.,1.,0.));
#4821 = ORIENTED_EDGE('',*,*,#4822,.F.);
#4822 = EDGE_CURVE('',#4791,#4815,#4823,.T.);
#4823 = LINE('',#4824,#4825);
#4824 = CARTESIAN_POINT('',(10.5,-1.125779122542,7.88741301059));
#4825 = VECTOR('',#4826,1.);
#4826 = DIRECTION('',(0.,0.765362085905,0.643599935875));
#4827 = PLANE('',#4828);
#4828 = AXIS2_PLACEMENT_3D('',#4829,#4830,#4831);
#4829 = CARTESIAN_POINT('',(10.5,0.,0.));
#4830 = DIRECTION('',(1.,0.,-0.));
#4831 = DIRECTION('',(0.,0.,1.));
#4832 = ADVANCED_FACE('',(#4833),#4860,.T.);
#4833 = FACE_BOUND('',#4834,.T.);
#4834 = EDGE_LOOP('',(#4835,#4836,#4845,#4853));
#4835 = ORIENTED_EDGE('',*,*,#4788,.F.);
#4836 = ORIENTED_EDGE('',*,*,#4837,.T.);
#4837 = EDGE_CURVE('',#4789,#4838,#4840,.T.);
#4838 = VERTEX_POINT('',#4839);
#4839 = CARTESIAN_POINT('',(10.68,-2.775557561563E-17,0.18));
#4840 = CIRCLE('',#4841,0.18);
#4841 = AXIS2_PLACEMENT_3D('',#4842,#4843,#4844);
#4842 = CARTESIAN_POINT('',(10.68,0.18,0.18));
#4843 = DIRECTION('',(0.,0.,1.));
#4844 = DIRECTION('',(-1.,0.,0.));
#4845 = ORIENTED_EDGE('',*,*,#4846,.T.);
#4846 = EDGE_CURVE('',#4838,#4847,#4849,.T.);
#4847 = VERTEX_POINT('',#4848);
#4848 = CARTESIAN_POINT('',(10.68,-2.775557561563E-17,8.834090909091));
#4849 = LINE('',#4850,#4851);
#4850 = CARTESIAN_POINT('',(10.68,-2.775557561563E-17,0.));
#4851 = VECTOR('',#4852,1.);
#4852 = DIRECTION('',(0.,0.,1.));
#4853 = ORIENTED_EDGE('',*,*,#4854,.T.);
#4854 = EDGE_CURVE('',#4847,#4791,#4855,.T.);
#4855 = ELLIPSE('',#4856,0.23518280212,0.18);
#4856 = AXIS2_PLACEMENT_3D('',#4857,#4858,#4859);
#4857 = CARTESIAN_POINT('',(10.68,0.18,8.985454545455));
#4858 = DIRECTION('',(0.,0.643599935875,-0.765362085905));
#4859 = DIRECTION('',(0.,0.765362085905,0.643599935875));
#4860 = CYLINDRICAL_SURFACE('',#4861,0.18);
#4861 = AXIS2_PLACEMENT_3D('',#4862,#4863,#4864);
#4862 = CARTESIAN_POINT('',(10.68,0.18,0.));
#4863 = DIRECTION('',(0.,0.,1.));
#4864 = DIRECTION('',(-1.,-0.,0.));
#4865 = ADVANCED_FACE('',(#4866),#4919,.F.);
#4866 = FACE_BOUND('',#4867,.F.);
#4867 = EDGE_LOOP('',(#4868,#4877,#4885,#4894,#4902,#4911,#4917,#4918));
#4868 = ORIENTED_EDGE('',*,*,#4869,.T.);
#4869 = EDGE_CURVE('',#4815,#4870,#4872,.T.);
#4870 = VERTEX_POINT('',#4871);
#4871 = CARTESIAN_POINT('',(10.68,2.1,10.6));
#4872 = ELLIPSE('',#4873,0.279676845765,0.18);
#4873 = AXIS2_PLACEMENT_3D('',#4874,#4875,#4876);
#4874 = CARTESIAN_POINT('',(10.68,1.885945945946,10.42));
#4875 = DIRECTION('',(0.,0.643599935875,-0.765362085905));
#4876 = DIRECTION('',(0.,0.765362085905,0.643599935875));
#4877 = ORIENTED_EDGE('',*,*,#4878,.T.);
#4878 = EDGE_CURVE('',#4870,#4879,#4881,.T.);
#4879 = VERTEX_POINT('',#4880);
#4880 = CARTESIAN_POINT('',(11.82,2.1,10.6));
#4881 = LINE('',#4882,#4883);
#4882 = CARTESIAN_POINT('',(10.4,2.1,10.6));
#4883 = VECTOR('',#4884,1.);
#4884 = DIRECTION('',(1.,0.,0.));
#4885 = ORIENTED_EDGE('',*,*,#4886,.T.);
#4886 = EDGE_CURVE('',#4879,#4887,#4889,.T.);
#4887 = VERTEX_POINT('',#4888);
#4888 = CARTESIAN_POINT('',(12.,1.885945945946,10.42));
#4889 = ELLIPSE('',#4890,0.279676845765,0.18);
#4890 = AXIS2_PLACEMENT_3D('',#4891,#4892,#4893);
#4891 = CARTESIAN_POINT('',(11.82,1.885945945946,10.42));
#4892 = DIRECTION('',(0.,0.643599935875,-0.765362085905));
#4893 = DIRECTION('',(0.,0.765362085905,0.643599935875));
#4894 = ORIENTED_EDGE('',*,*,#4895,.F.);
#4895 = EDGE_CURVE('',#4896,#4887,#4898,.T.);
#4896 = VERTEX_POINT('',#4897);
#4897 = CARTESIAN_POINT('',(12.,0.18,8.985454545455));
#4898 = LINE('',#4899,#4900);
#4899 = CARTESIAN_POINT('',(12.,-1.125779122542,7.88741301059));
#4900 = VECTOR('',#4901,1.);
#4901 = DIRECTION('',(0.,0.765362085905,0.643599935875));
#4902 = ORIENTED_EDGE('',*,*,#4903,.T.);
#4903 = EDGE_CURVE('',#4896,#4904,#4906,.T.);
#4904 = VERTEX_POINT('',#4905);
#4905 = CARTESIAN_POINT('',(11.82,-2.775557561563E-17,8.834090909091));
#4906 = ELLIPSE('',#4907,0.23518280212,0.18);
#4907 = AXIS2_PLACEMENT_3D('',#4908,#4909,#4910);
#4908 = CARTESIAN_POINT('',(11.82,0.18,8.985454545455));
#4909 = DIRECTION('',(0.,0.643599935875,-0.765362085905));
#4910 = DIRECTION('',(0.,0.765362085905,0.643599935875));
#4911 = ORIENTED_EDGE('',*,*,#4912,.T.);
#4912 = EDGE_CURVE('',#4904,#4847,#4913,.T.);
#4913 = LINE('',#4914,#4915);
#4914 = CARTESIAN_POINT('',(10.45,2.22044604925E-16,8.834090909091));
#4915 = VECTOR('',#4916,1.);
#4916 = DIRECTION('',(-1.,0.,-0.));
#4917 = ORIENTED_EDGE('',*,*,#4854,.T.);
#4918 = ORIENTED_EDGE('',*,*,#4822,.T.);
#4919 = PLANE('',#4920);
#4920 = AXIS2_PLACEMENT_3D('',#4921,#4922,#4923);
#4921 = CARTESIAN_POINT('',(10.4,2.1,10.6));
#4922 = DIRECTION('',(0.,0.643599935875,-0.765362085905));
#4923 = DIRECTION('',(0.,-0.765362085905,-0.643599935875));
#4924 = ADVANCED_FACE('',(#4925),#4944,.T.);
#4925 = FACE_BOUND('',#4926,.T.);
#4926 = EDGE_LOOP('',(#4927,#4928,#4936,#4943));
#4927 = ORIENTED_EDGE('',*,*,#4869,.T.);
#4928 = ORIENTED_EDGE('',*,*,#4929,.T.);
#4929 = EDGE_CURVE('',#4870,#4930,#4932,.T.);
#4930 = VERTEX_POINT('',#4931);
#4931 = CARTESIAN_POINT('',(10.68,12.32,10.6));
#4932 = LINE('',#4933,#4934);
#4933 = CARTESIAN_POINT('',(10.68,0.,10.6));
#4934 = VECTOR('',#4935,1.);
#4935 = DIRECTION('',(-0.,1.,0.));
#4936 = ORIENTED_EDGE('',*,*,#4937,.F.);
#4937 = EDGE_CURVE('',#4807,#4930,#4938,.T.);
#4938 = CIRCLE('',#4939,0.18);
#4939 = AXIS2_PLACEMENT_3D('',#4940,#4941,#4942);
#4940 = CARTESIAN_POINT('',(10.68,12.32,10.42));
#4941 = DIRECTION('',(-0.,1.,0.));
#4942 = DIRECTION('',(-1.,-0.,0.));
#4943 = ORIENTED_EDGE('',*,*,#4814,.F.);
#4944 = CYLINDRICAL_SURFACE('',#4945,0.18);
#4945 = AXIS2_PLACEMENT_3D('',#4946,#4947,#4948);
#4946 = CARTESIAN_POINT('',(10.68,0.,10.42));
#4947 = DIRECTION('',(-0.,1.,0.));
#4948 = DIRECTION('',(-1.,-0.,0.));
#4949 = ADVANCED_FACE('',(#4950),#4977,.T.);
#4950 = FACE_BOUND('',#4951,.F.);
#4951 = EDGE_LOOP('',(#4952,#4953,#4962,#4970));
#4952 = ORIENTED_EDGE('',*,*,#4806,.F.);
#4953 = ORIENTED_EDGE('',*,*,#4954,.T.);
#4954 = EDGE_CURVE('',#4799,#4955,#4957,.T.);
#4955 = VERTEX_POINT('',#4956);
#4956 = CARTESIAN_POINT('',(10.68,12.5,0.18));
#4957 = CIRCLE('',#4958,0.18);
#4958 = AXIS2_PLACEMENT_3D('',#4959,#4960,#4961);
#4959 = CARTESIAN_POINT('',(10.68,12.32,0.18));
#4960 = DIRECTION('',(-0.,0.,-1.));
#4961 = DIRECTION('',(-1.,0.,0.));
#4962 = ORIENTED_EDGE('',*,*,#4963,.T.);
#4963 = EDGE_CURVE('',#4955,#4964,#4966,.T.);
#4964 = VERTEX_POINT('',#4965);
#4965 = CARTESIAN_POINT('',(10.68,12.5,10.42));
#4966 = LINE('',#4967,#4968);
#4967 = CARTESIAN_POINT('',(10.68,12.5,0.));
#4968 = VECTOR('',#4969,1.);
#4969 = DIRECTION('',(0.,0.,1.));
#4970 = ORIENTED_EDGE('',*,*,#4971,.T.);
#4971 = EDGE_CURVE('',#4964,#4807,#4972,.T.);
#4972 = CIRCLE('',#4973,0.18);
#4973 = AXIS2_PLACEMENT_3D('',#4974,#4975,#4976);
#4974 = CARTESIAN_POINT('',(10.68,12.32,10.42));
#4975 = DIRECTION('',(0.,0.,1.));
#4976 = DIRECTION('',(-1.,-0.,0.));
#4977 = CYLINDRICAL_SURFACE('',#4978,0.18);
#4978 = AXIS2_PLACEMENT_3D('',#4979,#4980,#4981);
#4979 = CARTESIAN_POINT('',(10.68,12.32,0.));
#4980 = DIRECTION('',(0.,0.,1.));
#4981 = DIRECTION('',(-1.,-0.,0.));
#4982 = ADVANCED_FACE('',(#4983),#5010,.T.);
#4983 = FACE_BOUND('',#4984,.F.);
#4984 = EDGE_LOOP('',(#4985,#4994,#5002,#5009));
#4985 = ORIENTED_EDGE('',*,*,#4986,.F.);
#4986 = EDGE_CURVE('',#4987,#4789,#4989,.T.);
#4987 = VERTEX_POINT('',#4988);
#4988 = CARTESIAN_POINT('',(10.68,0.18,0.));
#4989 = CIRCLE('',#4990,0.18);
#4990 = AXIS2_PLACEMENT_3D('',#4991,#4992,#4993);
#4991 = CARTESIAN_POINT('',(10.68,0.18,0.18));
#4992 = DIRECTION('',(0.,1.,-0.));
#4993 = DIRECTION('',(-1.,0.,0.));
#4994 = ORIENTED_EDGE('',*,*,#4995,.T.);
#4995 = EDGE_CURVE('',#4987,#4996,#4998,.T.);
#4996 = VERTEX_POINT('',#4997);
#4997 = CARTESIAN_POINT('',(10.68,12.32,0.));
#4998 = LINE('',#4999,#5000);
#4999 = CARTESIAN_POINT('',(10.68,0.,-2.775557561563E-17));
#5000 = VECTOR('',#5001,1.);
#5001 = DIRECTION('',(-0.,1.,0.));
#5002 = ORIENTED_EDGE('',*,*,#5003,.T.);
#5003 = EDGE_CURVE('',#4996,#4799,#5004,.T.);
#5004 = CIRCLE('',#5005,0.18);
#5005 = AXIS2_PLACEMENT_3D('',#5006,#5007,#5008);
#5006 = CARTESIAN_POINT('',(10.68,12.32,0.18));
#5007 = DIRECTION('',(0.,1.,-0.));
#5008 = DIRECTION('',(-1.,0.,0.));
#5009 = ORIENTED_EDGE('',*,*,#4798,.F.);
#5010 = CYLINDRICAL_SURFACE('',#5011,0.18);
#5011 = AXIS2_PLACEMENT_3D('',#5012,#5013,#5014);
#5012 = CARTESIAN_POINT('',(10.68,0.,0.18));
#5013 = DIRECTION('',(-0.,1.,0.));
#5014 = DIRECTION('',(-1.,-0.,0.));
#5015 = ADVANCED_FACE('',(#5016),#5034,.F.);
#5016 = FACE_BOUND('',#5017,.F.);
#5017 = EDGE_LOOP('',(#5018,#5026,#5027,#5028));
#5018 = ORIENTED_EDGE('',*,*,#5019,.F.);
#5019 = EDGE_CURVE('',#4838,#5020,#5022,.T.);
#5020 = VERTEX_POINT('',#5021);
#5021 = CARTESIAN_POINT('',(11.82,-2.775557561563E-17,0.18));
#5022 = LINE('',#5023,#5024);
#5023 = CARTESIAN_POINT('',(10.5,-2.775557561563E-17,0.18));
#5024 = VECTOR('',#5025,1.);
#5025 = DIRECTION('',(1.,0.,-0.));
#5026 = ORIENTED_EDGE('',*,*,#4846,.T.);
#5027 = ORIENTED_EDGE('',*,*,#4912,.F.);
#5028 = ORIENTED_EDGE('',*,*,#5029,.F.);
#5029 = EDGE_CURVE('',#5020,#4904,#5030,.T.);
#5030 = LINE('',#5031,#5032);
#5031 = CARTESIAN_POINT('',(11.82,-2.775557561563E-17,0.));
#5032 = VECTOR('',#5033,1.);
#5033 = DIRECTION('',(0.,0.,1.));
#5034 = PLANE('',#5035);
#5035 = AXIS2_PLACEMENT_3D('',#5036,#5037,#5038);
#5036 = CARTESIAN_POINT('',(10.5,0.,0.));
#5037 = DIRECTION('',(-0.,1.,0.));
#5038 = DIRECTION('',(0.,0.,1.));
#5039 = ADVANCED_FACE('',(#5040),#5051,.T.);
#5040 = FACE_BOUND('',#5041,.T.);
#5041 = EDGE_LOOP('',(#5042,#5043,#5050));
#5042 = ORIENTED_EDGE('',*,*,#4986,.F.);
#5043 = ORIENTED_EDGE('',*,*,#5044,.T.);
#5044 = EDGE_CURVE('',#4987,#4838,#5045,.T.);
#5045 = CIRCLE('',#5046,0.18);
#5046 = AXIS2_PLACEMENT_3D('',#5047,#5048,#5049);
#5047 = CARTESIAN_POINT('',(10.68,0.18,0.18));
#5048 = DIRECTION('',(-1.,6.123233995737E-17,0.));
#5049 = DIRECTION('',(-6.123233995737E-17,-1.,0.));
#5050 = ORIENTED_EDGE('',*,*,#4837,.F.);
#5051 = SPHERICAL_SURFACE('',#5052,0.18);
#5052 = AXIS2_PLACEMENT_3D('',#5053,#5054,#5055);
#5053 = CARTESIAN_POINT('',(10.68,0.18,0.18));
#5054 = DIRECTION('',(0.,0.,1.));
#5055 = DIRECTION('',(-1.,0.,0.));
#5056 = ADVANCED_FACE('',(#5057),#5076,.T.);
#5057 = FACE_BOUND('',#5058,.F.);
#5058 = EDGE_LOOP('',(#5059,#5067,#5074,#5075));
#5059 = ORIENTED_EDGE('',*,*,#5060,.F.);
#5060 = EDGE_CURVE('',#5061,#4896,#5063,.T.);
#5061 = VERTEX_POINT('',#5062);
#5062 = CARTESIAN_POINT('',(12.,0.18,0.18));
#5063 = LINE('',#5064,#5065);
#5064 = CARTESIAN_POINT('',(12.,0.18,0.));
#5065 = VECTOR('',#5066,1.);
#5066 = DIRECTION('',(0.,0.,1.));
#5067 = ORIENTED_EDGE('',*,*,#5068,.T.);
#5068 = EDGE_CURVE('',#5061,#5020,#5069,.T.);
#5069 = CIRCLE('',#5070,0.18);
#5070 = AXIS2_PLACEMENT_3D('',#5071,#5072,#5073);
#5071 = CARTESIAN_POINT('',(11.82,0.18,0.18));
#5072 = DIRECTION('',(0.,-0.,-1.));
#5073 = DIRECTION('',(1.,0.,-0.));
#5074 = ORIENTED_EDGE('',*,*,#5029,.T.);
#5075 = ORIENTED_EDGE('',*,*,#4903,.F.);
#5076 = CYLINDRICAL_SURFACE('',#5077,0.18);
#5077 = AXIS2_PLACEMENT_3D('',#5078,#5079,#5080);
#5078 = CARTESIAN_POINT('',(11.82,0.18,0.));
#5079 = DIRECTION('',(0.,0.,1.));
#5080 = DIRECTION('',(1.,0.,-0.));
#5081 = ADVANCED_FACE('',(#5082,#5108,#5119,#5130,#5141),#5152,.T.);
#5082 = FACE_BOUND('',#5083,.T.);
#5083 = EDGE_LOOP('',(#5084,#5085,#5093,#5101,#5107));
#5084 = ORIENTED_EDGE('',*,*,#5060,.F.);
#5085 = ORIENTED_EDGE('',*,*,#5086,.T.);
#5086 = EDGE_CURVE('',#5061,#5087,#5089,.T.);
#5087 = VERTEX_POINT('',#5088);
#5088 = CARTESIAN_POINT('',(12.,12.32,0.18));
#5089 = LINE('',#5090,#5091);
#5090 = CARTESIAN_POINT('',(12.,0.,0.18));
#5091 = VECTOR('',#5092,1.);
#5092 = DIRECTION('',(-0.,1.,0.));
#5093 = ORIENTED_EDGE('',*,*,#5094,.T.);
#5094 = EDGE_CURVE('',#5087,#5095,#5097,.T.);
#5095 = VERTEX_POINT('',#5096);
#5096 = CARTESIAN_POINT('',(12.,12.32,10.42));
#5097 = LINE('',#5098,#5099);
#5098 = CARTESIAN_POINT('',(12.,12.32,0.));
#5099 = VECTOR('',#5100,1.);
#5100 = DIRECTION('',(0.,0.,1.));
#5101 = ORIENTED_EDGE('',*,*,#5102,.F.);
#5102 = EDGE_CURVE('',#4887,#5095,#5103,.T.);
#5103 = LINE('',#5104,#5105);
#5104 = CARTESIAN_POINT('',(12.,0.,10.42));
#5105 = VECTOR('',#5106,1.);
#5106 = DIRECTION('',(-0.,1.,0.));
#5107 = ORIENTED_EDGE('',*,*,#4895,.F.);
#5108 = FACE_BOUND('',#5109,.T.);
#5109 = EDGE_LOOP('',(#5110));
#5110 = ORIENTED_EDGE('',*,*,#5111,.T.);
#5111 = EDGE_CURVE('',#5112,#5112,#5114,.T.);
#5112 = VERTEX_POINT('',#5113);
#5113 = CARTESIAN_POINT('',(12.,7.3,2.52));
#5114 = CIRCLE('',#5115,0.48);
#5115 = AXIS2_PLACEMENT_3D('',#5116,#5117,#5118);
#5116 = CARTESIAN_POINT('',(12.,7.3,3.));
#5117 = DIRECTION('',(-1.,0.,0.));
#5118 = DIRECTION('',(0.,0.,-1.));
#5119 = FACE_BOUND('',#5120,.T.);
#5120 = EDGE_LOOP('',(#5121));
#5121 = ORIENTED_EDGE('',*,*,#5122,.T.);
#5122 = EDGE_CURVE('',#5123,#5123,#5125,.T.);
#5123 = VERTEX_POINT('',#5124);
#5124 = CARTESIAN_POINT('',(12.,9.6,6.62));
#5125 = CIRCLE('',#5126,0.48);
#5126 = AXIS2_PLACEMENT_3D('',#5127,#5128,#5129);
#5127 = CARTESIAN_POINT('',(12.,9.6,7.1));
#5128 = DIRECTION('',(-1.,0.,0.));
#5129 = DIRECTION('',(0.,0.,-1.));
#5130 = FACE_BOUND('',#5131,.T.);
#5131 = EDGE_LOOP('',(#5132));
#5132 = ORIENTED_EDGE('',*,*,#5133,.T.);
#5133 = EDGE_CURVE('',#5134,#5134,#5136,.T.);
#5134 = VERTEX_POINT('',#5135);
#5135 = CARTESIAN_POINT('',(12.,2.4,2.52));
#5136 = CIRCLE('',#5137,0.48);
#5137 = AXIS2_PLACEMENT_3D('',#5138,#5139,#5140);
#5138 = CARTESIAN_POINT('',(12.,2.4,3.));
#5139 = DIRECTION('',(-1.,0.,0.));
#5140 = DIRECTION('',(0.,0.,-1.));
#5141 = FACE_BOUND('',#5142,.T.);
#5142 = EDGE_LOOP('',(#5143));
#5143 = ORIENTED_EDGE('',*,*,#5144,.T.);
#5144 = EDGE_CURVE('',#5145,#5145,#5147,.T.);
#5145 = VERTEX_POINT('',#5146);
#5146 = CARTESIAN_POINT('',(12.,4.7,6.62));
#5147 = CIRCLE('',#5148,0.48);
#5148 = AXIS2_PLACEMENT_3D('',#5149,#5150,#5151);
#5149 = CARTESIAN_POINT('',(12.,4.7,7.1));
#5150 = DIRECTION('',(-1.,0.,0.));
#5151 = DIRECTION('',(0.,0.,-1.));
#5152 = PLANE('',#5153);
#5153 = AXIS2_PLACEMENT_3D('',#5154,#5155,#5156);
#5154 = CARTESIAN_POINT('',(12.,0.,0.));
#5155 = DIRECTION('',(1.,0.,-0.));
#5156 = DIRECTION('',(0.,0.,1.));
#5157 = ADVANCED_FACE('',(#5158),#5177,.T.);
#5158 = FACE_BOUND('',#5159,.F.);
#5159 = EDGE_LOOP('',(#5160,#5161,#5169,#5176));
#5160 = ORIENTED_EDGE('',*,*,#4886,.F.);
#5161 = ORIENTED_EDGE('',*,*,#5162,.T.);
#5162 = EDGE_CURVE('',#4879,#5163,#5165,.T.);
#5163 = VERTEX_POINT('',#5164);
#5164 = CARTESIAN_POINT('',(11.82,12.32,10.6));
#5165 = LINE('',#5166,#5167);
#5166 = CARTESIAN_POINT('',(11.82,0.,10.6));
#5167 = VECTOR('',#5168,1.);
#5168 = DIRECTION('',(-0.,1.,0.));
#5169 = ORIENTED_EDGE('',*,*,#5170,.F.);
#5170 = EDGE_CURVE('',#5095,#5163,#5171,.T.);
#5171 = CIRCLE('',#5172,0.18);
#5172 = AXIS2_PLACEMENT_3D('',#5173,#5174,#5175);
#5173 = CARTESIAN_POINT('',(11.82,12.32,10.42));
#5174 = DIRECTION('',(0.,-1.,-0.));
#5175 = DIRECTION('',(1.,0.,0.));
#5176 = ORIENTED_EDGE('',*,*,#5102,.F.);
#5177 = CYLINDRICAL_SURFACE('',#5178,0.18);
#5178 = AXIS2_PLACEMENT_3D('',#5179,#5180,#5181);
#5179 = CARTESIAN_POINT('',(11.82,0.,10.42));
#5180 = DIRECTION('',(-0.,1.,0.));
#5181 = DIRECTION('',(1.,0.,-0.));
#5182 = ADVANCED_FACE('',(#5183),#5194,.T.);
#5183 = FACE_BOUND('',#5184,.T.);
#5184 = EDGE_LOOP('',(#5185,#5186,#5187,#5188));
#5185 = ORIENTED_EDGE('',*,*,#4929,.F.);
#5186 = ORIENTED_EDGE('',*,*,#4878,.T.);
#5187 = ORIENTED_EDGE('',*,*,#5162,.T.);
#5188 = ORIENTED_EDGE('',*,*,#5189,.F.);
#5189 = EDGE_CURVE('',#4930,#5163,#5190,.T.);
#5190 = LINE('',#5191,#5192);
#5191 = CARTESIAN_POINT('',(10.5,12.32,10.6));
#5192 = VECTOR('',#5193,1.);
#5193 = DIRECTION('',(1.,0.,-0.));
#5194 = PLANE('',#5195);
#5195 = AXIS2_PLACEMENT_3D('',#5196,#5197,#5198);
#5196 = CARTESIAN_POINT('',(10.5,0.,10.6));
#5197 = DIRECTION('',(0.,0.,1.));
#5198 = DIRECTION('',(1.,0.,-0.));
#5199 = ADVANCED_FACE('',(#5200),#5211,.T.);
#5200 = FACE_BOUND('',#5201,.F.);
#5201 = EDGE_LOOP('',(#5202,#5203,#5210));
#5202 = ORIENTED_EDGE('',*,*,#4971,.F.);
#5203 = ORIENTED_EDGE('',*,*,#5204,.T.);
#5204 = EDGE_CURVE('',#4964,#4930,#5205,.T.);
#5205 = CIRCLE('',#5206,0.18);
#5206 = AXIS2_PLACEMENT_3D('',#5207,#5208,#5209);
#5207 = CARTESIAN_POINT('',(10.68,12.32,10.42));
#5208 = DIRECTION('',(1.,0.,6.123233995737E-17));
#5209 = DIRECTION('',(-6.123233995737E-17,-0.,1.));
#5210 = ORIENTED_EDGE('',*,*,#4937,.F.);
#5211 = SPHERICAL_SURFACE('',#5212,0.18);
#5212 = AXIS2_PLACEMENT_3D('',#5213,#5214,#5215);
#5213 = CARTESIAN_POINT('',(10.68,12.32,10.42));
#5214 = DIRECTION('',(0.,-1.,-0.));
#5215 = DIRECTION('',(-1.,-0.,0.));
#5216 = ADVANCED_FACE('',(#5217),#5228,.T.);
#5217 = FACE_BOUND('',#5218,.F.);
#5218 = EDGE_LOOP('',(#5219,#5220,#5227));
#5219 = ORIENTED_EDGE('',*,*,#5003,.F.);
#5220 = ORIENTED_EDGE('',*,*,#5221,.T.);
#5221 = EDGE_CURVE('',#4996,#4955,#5222,.T.);
#5222 = CIRCLE('',#5223,0.18);
#5223 = AXIS2_PLACEMENT_3D('',#5224,#5225,#5226);
#5224 = CARTESIAN_POINT('',(10.68,12.32,0.18));
#5225 = DIRECTION('',(1.,6.123233995737E-17,-0.));
#5226 = DIRECTION('',(-6.123233995737E-17,1.,0.));
#5227 = ORIENTED_EDGE('',*,*,#4954,.F.);
#5228 = SPHERICAL_SURFACE('',#5229,0.18);
#5229 = AXIS2_PLACEMENT_3D('',#5230,#5231,#5232);
#5230 = CARTESIAN_POINT('',(10.68,12.32,0.18));
#5231 = DIRECTION('',(0.,0.,1.));
#5232 = DIRECTION('',(-1.,0.,0.));
#5233 = ADVANCED_FACE('',(#5234),#5259,.T.);
#5234 = FACE_BOUND('',#5235,.T.);
#5235 = EDGE_LOOP('',(#5236,#5237,#5245,#5253));
#5236 = ORIENTED_EDGE('',*,*,#4963,.T.);
#5237 = ORIENTED_EDGE('',*,*,#5238,.T.);
#5238 = EDGE_CURVE('',#4964,#5239,#5241,.T.);
#5239 = VERTEX_POINT('',#5240);
#5240 = CARTESIAN_POINT('',(11.82,12.5,10.42));
#5241 = LINE('',#5242,#5243);
#5242 = CARTESIAN_POINT('',(10.5,12.5,10.42));
#5243 = VECTOR('',#5244,1.);
#5244 = DIRECTION('',(1.,0.,-0.));
#5245 = ORIENTED_EDGE('',*,*,#5246,.F.);
#5246 = EDGE_CURVE('',#5247,#5239,#5249,.T.);
#5247 = VERTEX_POINT('',#5248);
#5248 = CARTESIAN_POINT('',(11.82,12.5,0.18));
#5249 = LINE('',#5250,#5251);
#5250 = CARTESIAN_POINT('',(11.82,12.5,0.));
#5251 = VECTOR('',#5252,1.);
#5252 = DIRECTION('',(0.,0.,1.));
#5253 = ORIENTED_EDGE('',*,*,#5254,.F.);
#5254 = EDGE_CURVE('',#4955,#5247,#5255,.T.);
#5255 = LINE('',#5256,#5257);
#5256 = CARTESIAN_POINT('',(10.5,12.5,0.18));
#5257 = VECTOR('',#5258,1.);
#5258 = DIRECTION('',(1.,0.,-0.));
#5259 = PLANE('',#5260);
#5260 = AXIS2_PLACEMENT_3D('',#5261,#5262,#5263);
#5261 = CARTESIAN_POINT('',(10.5,12.5,0.));
#5262 = DIRECTION('',(-0.,1.,0.));
#5263 = DIRECTION('',(0.,0.,1.));
#5264 = ADVANCED_FACE('',(#5265),#5290,.F.);
#5265 = FACE_BOUND('',#5266,.F.);
#5266 = EDGE_LOOP('',(#5267,#5268,#5276,#5284));
#5267 = ORIENTED_EDGE('',*,*,#4995,.F.);
#5268 = ORIENTED_EDGE('',*,*,#5269,.T.);
#5269 = EDGE_CURVE('',#4987,#5270,#5272,.T.);
#5270 = VERTEX_POINT('',#5271);
#5271 = CARTESIAN_POINT('',(11.82,0.18,0.));
#5272 = LINE('',#5273,#5274);
#5273 = CARTESIAN_POINT('',(10.5,0.18,-2.775557561563E-17));
#5274 = VECTOR('',#5275,1.);
#5275 = DIRECTION('',(1.,0.,-0.));
#5276 = ORIENTED_EDGE('',*,*,#5277,.T.);
#5277 = EDGE_CURVE('',#5270,#5278,#5280,.T.);
#5278 = VERTEX_POINT('',#5279);
#5279 = CARTESIAN_POINT('',(11.82,12.32,0.));
#5280 = LINE('',#5281,#5282);
#5281 = CARTESIAN_POINT('',(11.82,0.,-2.775557561563E-17));
#5282 = VECTOR('',#5283,1.);
#5283 = DIRECTION('',(-0.,1.,0.));
#5284 = ORIENTED_EDGE('',*,*,#5285,.F.);
#5285 = EDGE_CURVE('',#4996,#5278,#5286,.T.);
#5286 = LINE('',#5287,#5288);
#5287 = CARTESIAN_POINT('',(10.5,12.32,-2.775557561563E-17));
#5288 = VECTOR('',#5289,1.);
#5289 = DIRECTION('',(1.,0.,-0.));
#5290 = PLANE('',#5291);
#5291 = AXIS2_PLACEMENT_3D('',#5292,#5293,#5294);
#5292 = CARTESIAN_POINT('',(10.5,0.,0.));
#5293 = DIRECTION('',(0.,0.,1.));
#5294 = DIRECTION('',(1.,0.,-0.));
#5295 = ADVANCED_FACE('',(#5296),#5308,.T.);
#5296 = FACE_BOUND('',#5297,.T.);
#5297 = EDGE_LOOP('',(#5298,#5299,#5300,#5307));
#5298 = ORIENTED_EDGE('',*,*,#5044,.F.);
#5299 = ORIENTED_EDGE('',*,*,#5269,.T.);
#5300 = ORIENTED_EDGE('',*,*,#5301,.T.);
#5301 = EDGE_CURVE('',#5270,#5020,#5302,.T.);
#5302 = CIRCLE('',#5303,0.18);
#5303 = AXIS2_PLACEMENT_3D('',#5304,#5305,#5306);
#5304 = CARTESIAN_POINT('',(11.82,0.18,0.18));
#5305 = DIRECTION('',(-1.,-6.123233995737E-17,0.));
#5306 = DIRECTION('',(6.123233995737E-17,-1.,-0.));
#5307 = ORIENTED_EDGE('',*,*,#5019,.F.);
#5308 = CYLINDRICAL_SURFACE('',#5309,0.18);
#5309 = AXIS2_PLACEMENT_3D('',#5310,#5311,#5312);
#5310 = CARTESIAN_POINT('',(10.5,0.18,0.18));
#5311 = DIRECTION('',(1.,0.,-0.));
#5312 = DIRECTION('',(0.,-1.,0.));
#5313 = ADVANCED_FACE('',(#5314),#5325,.T.);
#5314 = FACE_BOUND('',#5315,.F.);
#5315 = EDGE_LOOP('',(#5316,#5323,#5324));
#5316 = ORIENTED_EDGE('',*,*,#5317,.F.);
#5317 = EDGE_CURVE('',#5270,#5061,#5318,.T.);
#5318 = CIRCLE('',#5319,0.18);
#5319 = AXIS2_PLACEMENT_3D('',#5320,#5321,#5322);
#5320 = CARTESIAN_POINT('',(11.82,0.18,0.18));
#5321 = DIRECTION('',(0.,-1.,0.));
#5322 = DIRECTION('',(1.,0.,0.));
#5323 = ORIENTED_EDGE('',*,*,#5301,.T.);
#5324 = ORIENTED_EDGE('',*,*,#5068,.F.);
#5325 = SPHERICAL_SURFACE('',#5326,0.18);
#5326 = AXIS2_PLACEMENT_3D('',#5327,#5328,#5329);
#5327 = CARTESIAN_POINT('',(11.82,0.18,0.18));
#5328 = DIRECTION('',(0.,0.,1.));
#5329 = DIRECTION('',(1.,0.,-0.));
#5330 = ADVANCED_FACE('',(#5331),#5343,.T.);
#5331 = FACE_BOUND('',#5332,.T.);
#5332 = EDGE_LOOP('',(#5333,#5334,#5335,#5342));
#5333 = ORIENTED_EDGE('',*,*,#5317,.F.);
#5334 = ORIENTED_EDGE('',*,*,#5277,.T.);
#5335 = ORIENTED_EDGE('',*,*,#5336,.T.);
#5336 = EDGE_CURVE('',#5278,#5087,#5337,.T.);
#5337 = CIRCLE('',#5338,0.18);
#5338 = AXIS2_PLACEMENT_3D('',#5339,#5340,#5341);
#5339 = CARTESIAN_POINT('',(11.82,12.32,0.18));
#5340 = DIRECTION('',(0.,-1.,0.));
#5341 = DIRECTION('',(1.,0.,0.));
#5342 = ORIENTED_EDGE('',*,*,#5086,.F.);
#5343 = CYLINDRICAL_SURFACE('',#5344,0.18);
#5344 = AXIS2_PLACEMENT_3D('',#5345,#5346,#5347);
#5345 = CARTESIAN_POINT('',(11.82,0.,0.18));
#5346 = DIRECTION('',(-0.,1.,0.));
#5347 = DIRECTION('',(1.,0.,-0.));
#5348 = ADVANCED_FACE('',(#5349),#5367,.T.);
#5349 = FACE_BOUND('',#5350,.T.);
#5350 = EDGE_LOOP('',(#5351,#5352,#5359,#5360));
#5351 = ORIENTED_EDGE('',*,*,#5094,.F.);
#5352 = ORIENTED_EDGE('',*,*,#5353,.T.);
#5353 = EDGE_CURVE('',#5087,#5247,#5354,.T.);
#5354 = CIRCLE('',#5355,0.18);
#5355 = AXIS2_PLACEMENT_3D('',#5356,#5357,#5358);
#5356 = CARTESIAN_POINT('',(11.82,12.32,0.18));
#5357 = DIRECTION('',(0.,0.,1.));
#5358 = DIRECTION('',(1.,0.,-0.));
#5359 = ORIENTED_EDGE('',*,*,#5246,.T.);
#5360 = ORIENTED_EDGE('',*,*,#5361,.T.);
#5361 = EDGE_CURVE('',#5239,#5095,#5362,.T.);
#5362 = CIRCLE('',#5363,0.18);
#5363 = AXIS2_PLACEMENT_3D('',#5364,#5365,#5366);
#5364 = CARTESIAN_POINT('',(11.82,12.32,10.42));
#5365 = DIRECTION('',(0.,0.,-1.));
#5366 = DIRECTION('',(1.,0.,0.));
#5367 = CYLINDRICAL_SURFACE('',#5368,0.18);
#5368 = AXIS2_PLACEMENT_3D('',#5369,#5370,#5371);
#5369 = CARTESIAN_POINT('',(11.82,12.32,0.));
#5370 = DIRECTION('',(0.,0.,1.));
#5371 = DIRECTION('',(1.,0.,-0.));
#5372 = ADVANCED_FACE('',(#5373),#5392,.F.);
#5373 = FACE_BOUND('',#5374,.F.);
#5374 = EDGE_LOOP('',(#5375,#5383,#5390,#5391));
#5375 = ORIENTED_EDGE('',*,*,#5376,.T.);
#5376 = EDGE_CURVE('',#5112,#5377,#5379,.T.);
#5377 = VERTEX_POINT('',#5378);
#5378 = CARTESIAN_POINT('',(11.73,7.3,2.52));
#5379 = LINE('',#5380,#5381);
#5380 = CARTESIAN_POINT('',(12.05,7.3,2.52));
#5381 = VECTOR('',#5382,1.);
#5382 = DIRECTION('',(-1.,0.,0.));
#5383 = ORIENTED_EDGE('',*,*,#5384,.F.);
#5384 = EDGE_CURVE('',#5377,#5377,#5385,.T.);
#5385 = CIRCLE('',#5386,0.48);
#5386 = AXIS2_PLACEMENT_3D('',#5387,#5388,#5389);
#5387 = CARTESIAN_POINT('',(11.73,7.3,3.));
#5388 = DIRECTION('',(-1.,0.,0.));
#5389 = DIRECTION('',(0.,0.,-1.));
#5390 = ORIENTED_EDGE('',*,*,#5376,.F.);
#5391 = ORIENTED_EDGE('',*,*,#5111,.T.);
#5392 = CYLINDRICAL_SURFACE('',#5393,0.48);
#5393 = AXIS2_PLACEMENT_3D('',#5394,#5395,#5396);
#5394 = CARTESIAN_POINT('',(12.05,7.3,3.));
#5395 = DIRECTION('',(-1.,0.,0.));
#5396 = DIRECTION('',(0.,0.,-1.));
#5397 = ADVANCED_FACE('',(#5398),#5417,.F.);
#5398 = FACE_BOUND('',#5399,.F.);
#5399 = EDGE_LOOP('',(#5400,#5408,#5415,#5416));
#5400 = ORIENTED_EDGE('',*,*,#5401,.T.);
#5401 = EDGE_CURVE('',#5123,#5402,#5404,.T.);
#5402 = VERTEX_POINT('',#5403);
#5403 = CARTESIAN_POINT('',(11.73,9.6,6.62));
#5404 = LINE('',#5405,#5406);
#5405 = CARTESIAN_POINT('',(12.05,9.6,6.62));
#5406 = VECTOR('',#5407,1.);
#5407 = DIRECTION('',(-1.,0.,0.));
#5408 = ORIENTED_EDGE('',*,*,#5409,.F.);
#5409 = EDGE_CURVE('',#5402,#5402,#5410,.T.);
#5410 = CIRCLE('',#5411,0.48);
#5411 = AXIS2_PLACEMENT_3D('',#5412,#5413,#5414);
#5412 = CARTESIAN_POINT('',(11.73,9.6,7.1));
#5413 = DIRECTION('',(-1.,0.,0.));
#5414 = DIRECTION('',(0.,0.,-1.));
#5415 = ORIENTED_EDGE('',*,*,#5401,.F.);
#5416 = ORIENTED_EDGE('',*,*,#5122,.T.);
#5417 = CYLINDRICAL_SURFACE('',#5418,0.48);
#5418 = AXIS2_PLACEMENT_3D('',#5419,#5420,#5421);
#5419 = CARTESIAN_POINT('',(12.05,9.6,7.1));
#5420 = DIRECTION('',(-1.,0.,0.));
#5421 = DIRECTION('',(0.,0.,-1.));
#5422 = ADVANCED_FACE('',(#5423),#5442,.F.);
#5423 = FACE_BOUND('',#5424,.F.);
#5424 = EDGE_LOOP('',(#5425,#5433,#5440,#5441));
#5425 = ORIENTED_EDGE('',*,*,#5426,.T.);
#5426 = EDGE_CURVE('',#5134,#5427,#5429,.T.);
#5427 = VERTEX_POINT('',#5428);
#5428 = CARTESIAN_POINT('',(11.73,2.4,2.52));
#5429 = LINE('',#5430,#5431);
#5430 = CARTESIAN_POINT('',(12.05,2.4,2.52));
#5431 = VECTOR('',#5432,1.);
#5432 = DIRECTION('',(-1.,0.,0.));
#5433 = ORIENTED_EDGE('',*,*,#5434,.F.);
#5434 = EDGE_CURVE('',#5427,#5427,#5435,.T.);
#5435 = CIRCLE('',#5436,0.48);
#5436 = AXIS2_PLACEMENT_3D('',#5437,#5438,#5439);
#5437 = CARTESIAN_POINT('',(11.73,2.4,3.));
#5438 = DIRECTION('',(-1.,0.,0.));
#5439 = DIRECTION('',(0.,0.,-1.));
#5440 = ORIENTED_EDGE('',*,*,#5426,.F.);
#5441 = ORIENTED_EDGE('',*,*,#5133,.T.);
#5442 = CYLINDRICAL_SURFACE('',#5443,0.48);
#5443 = AXIS2_PLACEMENT_3D('',#5444,#5445,#5446);
#5444 = CARTESIAN_POINT('',(12.05,2.4,3.));
#5445 = DIRECTION('',(-1.,0.,0.));
#5446 = DIRECTION('',(0.,0.,-1.));
#5447 = ADVANCED_FACE('',(#5448),#5467,.F.);
#5448 = FACE_BOUND('',#5449,.F.);
#5449 = EDGE_LOOP('',(#5450,#5458,#5465,#5466));
#5450 = ORIENTED_EDGE('',*,*,#5451,.T.);
#5451 = EDGE_CURVE('',#5145,#5452,#5454,.T.);
#5452 = VERTEX_POINT('',#5453);
#5453 = CARTESIAN_POINT('',(11.73,4.7,6.62));
#5454 = LINE('',#5455,#5456);
#5455 = CARTESIAN_POINT('',(12.05,4.7,6.62));
#5456 = VECTOR('',#5457,1.);
#5457 = DIRECTION('',(-1.,0.,0.));
#5458 = ORIENTED_EDGE('',*,*,#5459,.F.);
#5459 = EDGE_CURVE('',#5452,#5452,#5460,.T.);
#5460 = CIRCLE('',#5461,0.48);
#5461 = AXIS2_PLACEMENT_3D('',#5462,#5463,#5464);
#5462 = CARTESIAN_POINT('',(11.73,4.7,7.1));
#5463 = DIRECTION('',(-1.,0.,0.));
#5464 = DIRECTION('',(0.,0.,-1.));
#5465 = ORIENTED_EDGE('',*,*,#5451,.F.);
#5466 = ORIENTED_EDGE('',*,*,#5144,.T.);
#5467 = CYLINDRICAL_SURFACE('',#5468,0.48);
#5468 = AXIS2_PLACEMENT_3D('',#5469,#5470,#5471);
#5469 = CARTESIAN_POINT('',(12.05,4.7,7.1));
#5470 = DIRECTION('',(-1.,0.,0.));
#5471 = DIRECTION('',(0.,0.,-1.));
#5472 = ADVANCED_FACE('',(#5473),#5484,.T.);
#5473 = FACE_BOUND('',#5474,.T.);
#5474 = EDGE_LOOP('',(#5475,#5476,#5483));
#5475 = ORIENTED_EDGE('',*,*,#5361,.F.);
#5476 = ORIENTED_EDGE('',*,*,#5477,.T.);
#5477 = EDGE_CURVE('',#5239,#5163,#5478,.T.);
#5478 = CIRCLE('',#5479,0.18);
#5479 = AXIS2_PLACEMENT_3D('',#5480,#5481,#5482);
#5480 = CARTESIAN_POINT('',(11.82,12.32,10.42));
#5481 = DIRECTION('',(1.,0.,-6.123233995737E-17));
#5482 = DIRECTION('',(6.123233995737E-17,0.,1.));
#5483 = ORIENTED_EDGE('',*,*,#5170,.F.);
#5484 = SPHERICAL_SURFACE('',#5485,0.18);
#5485 = AXIS2_PLACEMENT_3D('',#5486,#5487,#5488);
#5486 = CARTESIAN_POINT('',(11.82,12.32,10.42));
#5487 = DIRECTION('',(0.,-1.,-0.));
#5488 = DIRECTION('',(1.,0.,0.));
#5489 = ADVANCED_FACE('',(#5490),#5496,.T.);
#5490 = FACE_BOUND('',#5491,.T.);
#5491 = EDGE_LOOP('',(#5492,#5493,#5494,#5495));
#5492 = ORIENTED_EDGE('',*,*,#5204,.T.);
#5493 = ORIENTED_EDGE('',*,*,#5189,.T.);
#5494 = ORIENTED_EDGE('',*,*,#5477,.F.);
#5495 = ORIENTED_EDGE('',*,*,#5238,.F.);
#5496 = CYLINDRICAL_SURFACE('',#5497,0.18);
#5497 = AXIS2_PLACEMENT_3D('',#5498,#5499,#5500);
#5498 = CARTESIAN_POINT('',(10.5,12.32,10.42));
#5499 = DIRECTION('',(1.,0.,-0.));
#5500 = DIRECTION('',(0.,1.,0.));
#5501 = ADVANCED_FACE('',(#5502),#5514,.T.);
#5502 = FACE_BOUND('',#5503,.F.);
#5503 = EDGE_LOOP('',(#5504,#5505,#5506,#5513));
#5504 = ORIENTED_EDGE('',*,*,#5221,.F.);
#5505 = ORIENTED_EDGE('',*,*,#5285,.T.);
#5506 = ORIENTED_EDGE('',*,*,#5507,.T.);
#5507 = EDGE_CURVE('',#5278,#5247,#5508,.T.);
#5508 = CIRCLE('',#5509,0.18);
#5509 = AXIS2_PLACEMENT_3D('',#5510,#5511,#5512);
#5510 = CARTESIAN_POINT('',(11.82,12.32,0.18));
#5511 = DIRECTION('',(1.,-6.123233995737E-17,0.));
#5512 = DIRECTION('',(6.123233995737E-17,1.,0.));
#5513 = ORIENTED_EDGE('',*,*,#5254,.F.);
#5514 = CYLINDRICAL_SURFACE('',#5515,0.18);
#5515 = AXIS2_PLACEMENT_3D('',#5516,#5517,#5518);
#5516 = CARTESIAN_POINT('',(10.5,12.32,0.18));
#5517 = DIRECTION('',(1.,0.,-0.));
#5518 = DIRECTION('',(0.,1.,0.));
#5519 = ADVANCED_FACE('',(#5520),#5525,.T.);
#5520 = FACE_BOUND('',#5521,.T.);
#5521 = EDGE_LOOP('',(#5522,#5523,#5524));
#5522 = ORIENTED_EDGE('',*,*,#5336,.F.);
#5523 = ORIENTED_EDGE('',*,*,#5507,.T.);
#5524 = ORIENTED_EDGE('',*,*,#5353,.F.);
#5525 = SPHERICAL_SURFACE('',#5526,0.18);
#5526 = AXIS2_PLACEMENT_3D('',#5527,#5528,#5529);
#5527 = CARTESIAN_POINT('',(11.82,12.32,0.18));
#5528 = DIRECTION('',(0.,0.,1.));
#5529 = DIRECTION('',(1.,0.,-0.));
#5530 = ADVANCED_FACE('',(#5531),#5534,.F.);
#5531 = FACE_BOUND('',#5532,.F.);
#5532 = EDGE_LOOP('',(#5533));
#5533 = ORIENTED_EDGE('',*,*,#5384,.T.);
#5534 = PLANE('',#5535);
#5535 = AXIS2_PLACEMENT_3D('',#5536,#5537,#5538);
#5536 = CARTESIAN_POINT('',(11.73,7.3,3.));
#5537 = DIRECTION('',(-1.,0.,0.));
#5538 = DIRECTION('',(0.,0.,-1.));
#5539 = ADVANCED_FACE('',(#5540),#5543,.F.);
#5540 = FACE_BOUND('',#5541,.F.);
#5541 = EDGE_LOOP('',(#5542));
#5542 = ORIENTED_EDGE('',*,*,#5409,.T.);
#5543 = PLANE('',#5544);
#5544 = AXIS2_PLACEMENT_3D('',#5545,#5546,#5547);
#5545 = CARTESIAN_POINT('',(11.73,9.6,7.1));
#5546 = DIRECTION('',(-1.,0.,0.));
#5547 = DIRECTION('',(0.,0.,-1.));
#5548 = ADVANCED_FACE('',(#5549),#5552,.F.);
#5549 = FACE_BOUND('',#5550,.F.);
#5550 = EDGE_LOOP('',(#5551));
#5551 = ORIENTED_EDGE('',*,*,#5434,.T.);
#5552 = PLANE('',#5553);
#5553 = AXIS2_PLACEMENT_3D('',#5554,#5555,#5556);
#5554 = CARTESIAN_POINT('',(11.73,2.4,3.));
#5555 = DIRECTION('',(-1.,0.,0.));
#5556 = DIRECTION('',(0.,0.,-1.));
#5557 = ADVANCED_FACE('',(#5558),#5561,.F.);
#5558 = FACE_BOUND('',#5559,.F.);
#5559 = EDGE_LOOP('',(#5560));
#5560 = ORIENTED_EDGE('',*,*,#5459,.T.);
#5561 = PLANE('',#5562);
#5562 = AXIS2_PLACEMENT_3D('',#5563,#5564,#5565);
#5563 = CARTESIAN_POINT('',(11.73,4.7,7.1));
#5564 = DIRECTION('',(-1.,0.,0.));
#5565 = DIRECTION('',(0.,0.,-1.));
#5566 = ( GEOMETRIC_REPRESENTATION_CONTEXT(3) 
GLOBAL_UNCERTAINTY_ASSIGNED_CONTEXT((#5570)) 
GLOBAL_UNIT_ASSIGNED_CONTEXT((#5567,#5568,#5569)) REPRESENTATION_CONTEXT
('Context #1','3D Context with UNIT and UNCERTAINTY') );
#5567 = ( LENGTH_UNIT() NAMED_UNIT(*) SI_UNIT(.MILLI.,.METRE.) );
#5568 = ( NAMED_UNIT(*) PLANE_ANGLE_UNIT() SI_UNIT($,.RADIAN.) );
#5569 = ( NAMED_UNIT(*) SI_UNIT($,.STERADIAN.) SOLID_ANGLE_UNIT() );
#5570 = UNCERTAINTY_MEASURE_WITH_UNIT(LENGTH_MEASURE(1.E-07),#5567,
  'distance_accuracy_value','confusion accuracy');
#5571 = CONTEXT_DEPENDENT_SHAPE_REPRESENTATION(#5572,#5574);
#5572 = ( REPRESENTATION_RELATIONSHIP('','',#4781,#10) 
REPRESENTATION_RELATIONSHIP_WITH_TRANSFORMATION(#5573) 
SHAPE_REPRESENTATION_RELATIONSHIP() );
#5573 = ITEM_DEFINED_TRANSFORMATION('','',#11,#63);
#5574 = PRODUCT_DEFINITION_SHAPE('Placement','Placement of an item',
  #5575);
#5575 = NEXT_ASSEMBLY_USAGE_OCCURRENCE('13','1.5 mm Side Cover','',#5,
  #4776,$);
#5576 = PRODUCT_RELATED_PRODUCT_CATEGORY('part',$,(#4778));
#5577 = MECHANICAL_DESIGN_GEOMETRIC_PRESENTATION_REPRESENTATION('',(
    #5578),#5566);
#5578 = STYLED_ITEM('color',(#5579),#4782);
#5579 = PRESENTATION_STYLE_ASSIGNMENT((#5580,#5586));
#5580 = SURFACE_STYLE_USAGE(.BOTH.,#5581);
#5581 = SURFACE_SIDE_STYLE('',(#5582));
#5582 = SURFACE_STYLE_FILL_AREA(#5583);
#5583 = FILL_AREA_STYLE('',(#5584));
#5584 = FILL_AREA_STYLE_COLOUR('',#5585);
#5585 = COLOUR_RGB('',0.125490201081,0.125490201081,0.125490201081);
#5586 = CURVE_STYLE('',#5587,POSITIVE_LENGTH_MEASURE(0.1),#5588);
#5587 = DRAUGHTING_PRE_DEFINED_CURVE_FONT('continuous');
#5588 = COLOUR_RGB('',6.90196081359E-02,6.90196081359E-02,
  6.90196081359E-02);
#5589 = MECHANICAL_DESIGN_GEOMETRIC_PRESENTATION_REPRESENTATION('',(
    #5590),#1411);
#5590 = STYLED_ITEM('color',(#5591),#1193);
#5591 = PRESENTATION_STYLE_ASSIGNMENT((#5592,#5597));
#5592 = SURFACE_STYLE_USAGE(.BOTH.,#5593);
#5593 = SURFACE_SIDE_STYLE('',(#5594));
#5594 = SURFACE_STYLE_FILL_AREA(#5595);
#5595 = FILL_AREA_STYLE('',(#5596));
#5596 = FILL_AREA_STYLE_COLOUR('',#5585);
#5597 = CURVE_STYLE('',#5598,POSITIVE_LENGTH_MEASURE(0.1),#5588);
#5598 = DRAUGHTING_PRE_DEFINED_CURVE_FONT('continuous');
#5599 = MECHANICAL_DESIGN_GEOMETRIC_PRESENTATION_REPRESENTATION('',(
    #5600),#1580);
#5600 = STYLED_ITEM('color',(#5601),#1430);
#5601 = PRESENTATION_STYLE_ASSIGNMENT((#5602,#5608));
#5602 = SURFACE_STYLE_USAGE(.BOTH.,#5603);
#5603 = SURFACE_SIDE_STYLE('',(#5604));
#5604 = SURFACE_STYLE_FILL_AREA(#5605);
#5605 = FILL_AREA_STYLE('',(#5606));
#5606 = FILL_AREA_STYLE_COLOUR('',#5607);
#5607 = COLOUR_RGB('',0.752941202324,0.752941202324,0.752941202324);
#5608 = CURVE_STYLE('',#5609,POSITIVE_LENGTH_MEASURE(0.1),#5610);
#5609 = DRAUGHTING_PRE_DEFINED_CURVE_FONT('continuous');
#5610 = COLOUR_RGB('',0.414117625119,0.414117625119,0.414117625119);
#5611 = MECHANICAL_DESIGN_GEOMETRIC_PRESENTATION_REPRESENTATION('',(
    #5612),#2918);
#5612 = STYLED_ITEM('color',(#5613),#2700);
#5613 = PRESENTATION_STYLE_ASSIGNMENT((#5614,#5620));
#5614 = SURFACE_STYLE_USAGE(.BOTH.,#5615);
#5615 = SURFACE_SIDE_STYLE('',(#5616));
#5616 = SURFACE_STYLE_FILL_AREA(#5617);
#5617 = FILL_AREA_STYLE('',(#5618));
#5618 = FILL_AREA_STYLE_COLOUR('',#5619);
#5619 = COLOUR_RGB('',8.235294228292E-02,0.396078428884,0.752941202324);
#5620 = CURVE_STYLE('',#5621,POSITIVE_LENGTH_MEASURE(0.1),#5622);
#5621 = DRAUGHTING_PRE_DEFINED_CURVE_FONT('continuous');
#5622 = COLOUR_RGB('',4.529411587674E-02,0.217843133791,0.414117625119);
#5623 = MECHANICAL_DESIGN_GEOMETRIC_PRESENTATION_REPRESENTATION('',(
    #5624),#3256);
#5624 = STYLED_ITEM('color',(#5625),#3106);
#5625 = PRESENTATION_STYLE_ASSIGNMENT((#5626,#5631));
#5626 = SURFACE_STYLE_USAGE(.BOTH.,#5627);
#5627 = SURFACE_SIDE_STYLE('',(#5628));
#5628 = SURFACE_STYLE_FILL_AREA(#5629);
#5629 = FILL_AREA_STYLE('',(#5630));
#5630 = FILL_AREA_STYLE_COLOUR('',#5607);
#5631 = CURVE_STYLE('',#5632,POSITIVE_LENGTH_MEASURE(0.1),#5610);
#5632 = DRAUGHTING_PRE_DEFINED_CURVE_FONT('continuous');
#5633 = MECHANICAL_DESIGN_GEOMETRIC_PRESENTATION_REPRESENTATION('',(
    #5634),#3087);
#5634 = STYLED_ITEM('color',(#5635),#2937);
#5635 = PRESENTATION_STYLE_ASSIGNMENT((#5636,#5641));
#5636 = SURFACE_STYLE_USAGE(.BOTH.,#5637);
#5637 = SURFACE_SIDE_STYLE('',(#5638));
#5638 = SURFACE_STYLE_FILL_AREA(#5639);
#5639 = FILL_AREA_STYLE('',(#5640));
#5640 = FILL_AREA_STYLE_COLOUR('',#5607);
#5641 = CURVE_STYLE('',#5642,POSITIVE_LENGTH_MEASURE(0.1),#5610);
#5642 = DRAUGHTING_PRE_DEFINED_CURVE_FONT('continuous');
#5643 = MECHANICAL_DESIGN_GEOMETRIC_PRESENTATION_REPRESENTATION('',(
    #5644),#1174);
#5644 = STYLED_ITEM('color',(#5645),#81);
#5645 = PRESENTATION_STYLE_ASSIGNMENT((#5646,#5651));
#5646 = SURFACE_STYLE_USAGE(.BOTH.,#5647);
#5647 = SURFACE_SIDE_STYLE('',(#5648));
#5648 = SURFACE_STYLE_FILL_AREA(#5649);
#5649 = FILL_AREA_STYLE('',(#5650));
#5650 = FILL_AREA_STYLE_COLOUR('',#5585);
#5651 = CURVE_STYLE('',#5652,POSITIVE_LENGTH_MEASURE(0.1),#5588);
#5652 = DRAUGHTING_PRE_DEFINED_CURVE_FONT('continuous');
#5653 = MECHANICAL_DESIGN_GEOMETRIC_PRESENTATION_REPRESENTATION('',(
    #5654),#2681);
#5654 = STYLED_ITEM('color',(#5655),#1768);
#5655 = PRESENTATION_STYLE_ASSIGNMENT((#5656,#5661));
#5656 = SURFACE_STYLE_USAGE(.BOTH.,#5657);
#5657 = SURFACE_SIDE_STYLE('',(#5658));
#5658 = SURFACE_STYLE_FILL_AREA(#5659);
#5659 = FILL_AREA_STYLE('',(#5660));
#5660 = FILL_AREA_STYLE_COLOUR('',#5585);
#5661 = CURVE_STYLE('',#5662,POSITIVE_LENGTH_MEASURE(0.1),#5588);
#5662 = DRAUGHTING_PRE_DEFINED_CURVE_FONT('continuous');
#5663 = MECHANICAL_DESIGN_GEOMETRIC_PRESENTATION_REPRESENTATION('',(
    #5664),#4188);
#5664 = STYLED_ITEM('color',(#5665),#3275);
#5665 = PRESENTATION_STYLE_ASSIGNMENT((#5666,#5671));
#5666 = SURFACE_STYLE_USAGE(.BOTH.,#5667);
#5667 = SURFACE_SIDE_STYLE('',(#5668));
#5668 = SURFACE_STYLE_FILL_AREA(#5669);
#5669 = FILL_AREA_STYLE('',(#5670));
#5670 = FILL_AREA_STYLE_COLOUR('',#5585);
#5671 = CURVE_STYLE('',#5672,POSITIVE_LENGTH_MEASURE(0.1),#5588);
#5672 = DRAUGHTING_PRE_DEFINED_CURVE_FONT('continuous');
#5673 = MECHANICAL_DESIGN_GEOMETRIC_PRESENTATION_REPRESENTATION('',(
    #5674),#4425);
#5674 = STYLED_ITEM('color',(#5675),#4207);
#5675 = PRESENTATION_STYLE_ASSIGNMENT((#5676,#5682));
#5676 = SURFACE_STYLE_USAGE(.BOTH.,#5677);
#5677 = SURFACE_SIDE_STYLE('',(#5678));
#5678 = SURFACE_STYLE_FILL_AREA(#5679);
#5679 = FILL_AREA_STYLE('',(#5680));
#5680 = FILL_AREA_STYLE_COLOUR('',#5681);
#5681 = COLOUR_RGB('',0.180392163476,0.5450980686,0.341176475329);
#5682 = CURVE_STYLE('',#5683,POSITIVE_LENGTH_MEASURE(0.1),#5684);
#5683 = DRAUGHTING_PRE_DEFINED_CURVE_FONT('continuous');
#5684 = COLOUR_RGB('',9.921568927682E-02,0.299803911223,0.18764706075);
#5685 = MECHANICAL_DESIGN_GEOMETRIC_PRESENTATION_REPRESENTATION('',(
    #5686),#4763);
#5686 = STYLED_ITEM('color',(#5687),#4613);
#5687 = PRESENTATION_STYLE_ASSIGNMENT((#5688,#5693));
#5688 = SURFACE_STYLE_USAGE(.BOTH.,#5689);
#5689 = SURFACE_SIDE_STYLE('',(#5690));
#5690 = SURFACE_STYLE_FILL_AREA(#5691);
#5691 = FILL_AREA_STYLE('',(#5692));
#5692 = FILL_AREA_STYLE_COLOUR('',#5607);
#5693 = CURVE_STYLE('',#5694,POSITIVE_LENGTH_MEASURE(0.1),#5610);
#5694 = DRAUGHTING_PRE_DEFINED_CURVE_FONT('continuous');
#5695 = MECHANICAL_DESIGN_GEOMETRIC_PRESENTATION_REPRESENTATION('',(
    #5696),#4594);
#5696 = STYLED_ITEM('color',(#5697),#4444);
#5697 = PRESENTATION_STYLE_ASSIGNMENT((#5698,#5703));
#5698 = SURFACE_STYLE_USAGE(.BOTH.,#5699);
#5699 = SURFACE_SIDE_STYLE('',(#5700));
#5700 = SURFACE_STYLE_FILL_AREA(#5701);
#5701 = FILL_AREA_STYLE('',(#5702));
#5702 = FILL_AREA_STYLE_COLOUR('',#5607);
#5703 = CURVE_STYLE('',#5704,POSITIVE_LENGTH_MEASURE(0.1),#5610);
#5704 = DRAUGHTING_PRE_DEFINED_CURVE_FONT('continuous');
#5705 = MECHANICAL_DESIGN_GEOMETRIC_PRESENTATION_REPRESENTATION('',(
    #5706),#1749);
#5706 = STYLED_ITEM('color',(#5707),#1599);
#5707 = PRESENTATION_STYLE_ASSIGNMENT((#5708,#5713));
#5708 = SURFACE_STYLE_USAGE(.BOTH.,#5709);
#5709 = SURFACE_SIDE_STYLE('',(#5710));
#5710 = SURFACE_STYLE_FILL_AREA(#5711);
#5711 = FILL_AREA_STYLE('',(#5712));
#5712 = FILL_AREA_STYLE_COLOUR('',#5607);
#5713 = CURVE_STYLE('',#5714,POSITIVE_LENGTH_MEASURE(0.1),#5610);
#5714 = DRAUGHTING_PRE_DEFINED_CURVE_FONT('continuous');
ENDSEC;
END-ISO-10303-21;
