ISO-10303-21;
HEADER;
FILE_DESCRIPTION(('FreeCAD Model'),'2;1');
FILE_NAME('Open CASCADE Shape Model','2026-07-17T10:44:58',(''),(''),
  'Open CASCADE STEP processor 7.8','FreeCAD','Unknown');
FILE_SCHEMA(('AUTOMOTIVE_DESIGN { 1 0 10303 214 1 1 1 1 }'));
ENDSEC;
DATA;
#1 = APPLICATION_PROTOCOL_DEFINITION('international standard',
  'automotive_design',2000,#2);
#2 = APPLICATION_CONTEXT(
  'core data for automotive mechanical design processes');
#3 = SHAPE_DEFINITION_REPRESENTATION(#4,#10);
#4 = PRODUCT_DEFINITION_SHAPE('','',#5);
#5 = PRODUCT_DEFINITION('design','',#6,#9);
#6 = PRODUCT_DEFINITION_FORMATION('','',#7);
#7 = PRODUCT(
  'DA803_750_8P_black_gray_gray_gray_gray_gray_black_black_black_red',
  'DA803_750_8P_black_gray_gray_gray_gray_gray_black_black_black_red',''
  ,(#8));
#8 = PRODUCT_CONTEXT('',#2,'mechanical');
#9 = PRODUCT_DEFINITION_CONTEXT('part definition',#2,'design');
#10 = SHAPE_REPRESENTATION('',(#11,#15,#19,#23,#27,#31,#35,#39,#43,#47,
    #51,#55,#59,#63,#67,#71,#75,#79,#83,#87,#91,#95,#99,#103,#107,#111,
    #115,#119,#123,#127,#131,#135,#139,#143,#147,#151,#155,#159,#163,
    #167,#171),#175);
#11 = AXIS2_PLACEMENT_3D('',#12,#13,#14);
#12 = CARTESIAN_POINT('',(0.,0.,0.));
#13 = DIRECTION('',(0.,0.,1.));
#14 = DIRECTION('',(1.,0.,-0.));
#15 = AXIS2_PLACEMENT_3D('',#16,#17,#18);
#16 = CARTESIAN_POINT('',(0.,0.,0.));
#17 = DIRECTION('',(0.,0.,1.));
#18 = DIRECTION('',(1.,0.,0.));
#19 = AXIS2_PLACEMENT_3D('',#20,#21,#22);
#20 = CARTESIAN_POINT('',(0.,0.,0.));
#21 = DIRECTION('',(0.,0.,1.));
#22 = DIRECTION('',(1.,0.,0.));
#23 = AXIS2_PLACEMENT_3D('',#24,#25,#26);
#24 = CARTESIAN_POINT('',(0.,0.,0.));
#25 = DIRECTION('',(0.,0.,1.));
#26 = DIRECTION('',(1.,0.,0.));
#27 = AXIS2_PLACEMENT_3D('',#28,#29,#30);
#28 = CARTESIAN_POINT('',(0.,0.,0.));
#29 = DIRECTION('',(0.,0.,1.));
#30 = DIRECTION('',(1.,0.,0.));
#31 = AXIS2_PLACEMENT_3D('',#32,#33,#34);
#32 = CARTESIAN_POINT('',(0.,0.,0.));
#33 = DIRECTION('',(0.,0.,1.));
#34 = DIRECTION('',(1.,0.,0.));
#35 = AXIS2_PLACEMENT_3D('',#36,#37,#38);
#36 = CARTESIAN_POINT('',(0.,0.,0.));
#37 = DIRECTION('',(0.,0.,1.));
#38 = DIRECTION('',(1.,0.,0.));
#39 = AXIS2_PLACEMENT_3D('',#40,#41,#42);
#40 = CARTESIAN_POINT('',(0.,0.,0.));
#41 = DIRECTION('',(0.,0.,1.));
#42 = DIRECTION('',(1.,0.,0.));
#43 = AXIS2_PLACEMENT_3D('',#44,#45,#46);
#44 = CARTESIAN_POINT('',(0.,0.,0.));
#45 = DIRECTION('',(0.,0.,1.));
#46 = DIRECTION('',(1.,0.,0.));
#47 = AXIS2_PLACEMENT_3D('',#48,#49,#50);
#48 = CARTESIAN_POINT('',(0.,0.,0.));
#49 = DIRECTION('',(0.,0.,1.));
#50 = DIRECTION('',(1.,0.,0.));
#51 = AXIS2_PLACEMENT_3D('',#52,#53,#54);
#52 = CARTESIAN_POINT('',(0.,0.,0.));
#53 = DIRECTION('',(0.,0.,1.));
#54 = DIRECTION('',(1.,0.,0.));
#55 = AXIS2_PLACEMENT_3D('',#56,#57,#58);
#56 = CARTESIAN_POINT('',(0.,0.,0.));
#57 = DIRECTION('',(0.,0.,1.));
#58 = DIRECTION('',(1.,0.,0.));
#59 = AXIS2_PLACEMENT_3D('',#60,#61,#62);
#60 = CARTESIAN_POINT('',(0.,0.,0.));
#61 = DIRECTION('',(0.,0.,1.));
#62 = DIRECTION('',(1.,0.,0.));
#63 = AXIS2_PLACEMENT_3D('',#64,#65,#66);
#64 = CARTESIAN_POINT('',(0.,0.,0.));
#65 = DIRECTION('',(0.,0.,1.));
#66 = DIRECTION('',(1.,0.,0.));
#67 = AXIS2_PLACEMENT_3D('',#68,#69,#70);
#68 = CARTESIAN_POINT('',(0.,0.,0.));
#69 = DIRECTION('',(0.,0.,1.));
#70 = DIRECTION('',(1.,0.,0.));
#71 = AXIS2_PLACEMENT_3D('',#72,#73,#74);
#72 = CARTESIAN_POINT('',(0.,0.,0.));
#73 = DIRECTION('',(0.,0.,1.));
#74 = DIRECTION('',(1.,0.,0.));
#75 = AXIS2_PLACEMENT_3D('',#76,#77,#78);
#76 = CARTESIAN_POINT('',(0.,0.,0.));
#77 = DIRECTION('',(0.,0.,1.));
#78 = DIRECTION('',(1.,0.,0.));
#79 = AXIS2_PLACEMENT_3D('',#80,#81,#82);
#80 = CARTESIAN_POINT('',(0.,0.,0.));
#81 = DIRECTION('',(0.,0.,1.));
#82 = DIRECTION('',(1.,0.,0.));
#83 = AXIS2_PLACEMENT_3D('',#84,#85,#86);
#84 = CARTESIAN_POINT('',(0.,0.,0.));
#85 = DIRECTION('',(0.,0.,1.));
#86 = DIRECTION('',(1.,0.,0.));
#87 = AXIS2_PLACEMENT_3D('',#88,#89,#90);
#88 = CARTESIAN_POINT('',(0.,0.,0.));
#89 = DIRECTION('',(0.,0.,1.));
#90 = DIRECTION('',(1.,0.,0.));
#91 = AXIS2_PLACEMENT_3D('',#92,#93,#94);
#92 = CARTESIAN_POINT('',(0.,0.,0.));
#93 = DIRECTION('',(0.,0.,1.));
#94 = DIRECTION('',(1.,0.,0.));
#95 = AXIS2_PLACEMENT_3D('',#96,#97,#98);
#96 = CARTESIAN_POINT('',(0.,0.,0.));
#97 = DIRECTION('',(0.,0.,1.));
#98 = DIRECTION('',(1.,0.,0.));
#99 = AXIS2_PLACEMENT_3D('',#100,#101,#102);
#100 = CARTESIAN_POINT('',(0.,0.,0.));
#101 = DIRECTION('',(0.,0.,1.));
#102 = DIRECTION('',(1.,0.,0.));
#103 = AXIS2_PLACEMENT_3D('',#104,#105,#106);
#104 = CARTESIAN_POINT('',(0.,0.,0.));
#105 = DIRECTION('',(0.,0.,1.));
#106 = DIRECTION('',(1.,0.,0.));
#107 = AXIS2_PLACEMENT_3D('',#108,#109,#110);
#108 = CARTESIAN_POINT('',(0.,0.,0.));
#109 = DIRECTION('',(0.,0.,1.));
#110 = DIRECTION('',(1.,0.,0.));
#111 = AXIS2_PLACEMENT_3D('',#112,#113,#114);
#112 = CARTESIAN_POINT('',(0.,0.,0.));
#113 = DIRECTION('',(0.,0.,1.));
#114 = DIRECTION('',(1.,0.,0.));
#115 = AXIS2_PLACEMENT_3D('',#116,#117,#118);
#116 = CARTESIAN_POINT('',(0.,0.,0.));
#117 = DIRECTION('',(0.,0.,1.));
#118 = DIRECTION('',(1.,0.,0.));
#119 = AXIS2_PLACEMENT_3D('',#120,#121,#122);
#120 = CARTESIAN_POINT('',(0.,0.,0.));
#121 = DIRECTION('',(0.,0.,1.));
#122 = DIRECTION('',(1.,0.,0.));
#123 = AXIS2_PLACEMENT_3D('',#124,#125,#126);
#124 = CARTESIAN_POINT('',(0.,0.,0.));
#125 = DIRECTION('',(0.,0.,1.));
#126 = DIRECTION('',(1.,0.,0.));
#127 = AXIS2_PLACEMENT_3D('',#128,#129,#130);
#128 = CARTESIAN_POINT('',(0.,0.,0.));
#129 = DIRECTION('',(0.,0.,1.));
#130 = DIRECTION('',(1.,0.,0.));
#131 = AXIS2_PLACEMENT_3D('',#132,#133,#134);
#132 = CARTESIAN_POINT('',(0.,0.,0.));
#133 = DIRECTION('',(0.,0.,1.));
#134 = DIRECTION('',(1.,0.,0.));
#135 = AXIS2_PLACEMENT_3D('',#136,#137,#138);
#136 = CARTESIAN_POINT('',(0.,0.,0.));
#137 = DIRECTION('',(0.,0.,1.));
#138 = DIRECTION('',(1.,0.,0.));
#139 = AXIS2_PLACEMENT_3D('',#140,#141,#142);
#140 = CARTESIAN_POINT('',(0.,0.,0.));
#141 = DIRECTION('',(0.,0.,1.));
#142 = DIRECTION('',(1.,0.,0.));
#143 = AXIS2_PLACEMENT_3D('',#144,#145,#146);
#144 = CARTESIAN_POINT('',(0.,0.,0.));
#145 = DIRECTION('',(0.,0.,1.));
#146 = DIRECTION('',(1.,0.,0.));
#147 = AXIS2_PLACEMENT_3D('',#148,#149,#150);
#148 = CARTESIAN_POINT('',(0.,0.,0.));
#149 = DIRECTION('',(0.,0.,1.));
#150 = DIRECTION('',(1.,0.,0.));
#151 = AXIS2_PLACEMENT_3D('',#152,#153,#154);
#152 = CARTESIAN_POINT('',(0.,0.,0.));
#153 = DIRECTION('',(0.,0.,1.));
#154 = DIRECTION('',(1.,0.,0.));
#155 = AXIS2_PLACEMENT_3D('',#156,#157,#158);
#156 = CARTESIAN_POINT('',(0.,0.,0.));
#157 = DIRECTION('',(0.,0.,1.));
#158 = DIRECTION('',(1.,0.,0.));
#159 = AXIS2_PLACEMENT_3D('',#160,#161,#162);
#160 = CARTESIAN_POINT('',(0.,0.,0.));
#161 = DIRECTION('',(0.,0.,1.));
#162 = DIRECTION('',(1.,0.,0.));
#163 = AXIS2_PLACEMENT_3D('',#164,#165,#166);
#164 = CARTESIAN_POINT('',(0.,0.,0.));
#165 = DIRECTION('',(0.,0.,1.));
#166 = DIRECTION('',(1.,0.,0.));
#167 = AXIS2_PLACEMENT_3D('',#168,#169,#170);
#168 = CARTESIAN_POINT('',(0.,0.,0.));
#169 = DIRECTION('',(0.,0.,1.));
#170 = DIRECTION('',(1.,0.,0.));
#171 = AXIS2_PLACEMENT_3D('',#172,#173,#174);
#172 = CARTESIAN_POINT('',(0.,0.,0.));
#173 = DIRECTION('',(0.,0.,1.));
#174 = DIRECTION('',(1.,0.,0.));
#175 = ( GEOMETRIC_REPRESENTATION_CONTEXT(3)
GLOBAL_UNCERTAINTY_ASSIGNED_CONTEXT((#179)) GLOBAL_UNIT_ASSIGNED_CONTEXT
((#176,#177,#178)) REPRESENTATION_CONTEXT('Context #1',
  '3D Context with UNIT and UNCERTAINTY') );
#176 = ( LENGTH_UNIT() NAMED_UNIT(*) SI_UNIT(.MILLI.,.METRE.) );
#177 = ( NAMED_UNIT(*) PLANE_ANGLE_UNIT() SI_UNIT($,.RADIAN.) );
#178 = ( NAMED_UNIT(*) SI_UNIT($,.STERADIAN.) SOLID_ANGLE_UNIT() );
#179 = UNCERTAINTY_MEASURE_WITH_UNIT(LENGTH_MEASURE(1.E-07),#176,
  'distance_accuracy_value','confusion accuracy');
#180 = PRODUCT_RELATED_PRODUCT_CATEGORY('part',$,(#7));
#181 = SHAPE_DEFINITION_REPRESENTATION(#182,#188);
#182 = PRODUCT_DEFINITION_SHAPE('','',#183);
#183 = PRODUCT_DEFINITION('design','',#184,#187);
#184 = PRODUCT_DEFINITION_FORMATION('','',#185);
#185 = PRODUCT('Housing P1','Housing P1','',(#186));
#186 = PRODUCT_CONTEXT('',#2,'mechanical');
#187 = PRODUCT_DEFINITION_CONTEXT('part definition',#2,'design');
#188 = ADVANCED_BREP_SHAPE_REPRESENTATION('',(#11,#189),#1544);
#189 = MANIFOLD_SOLID_BREP('',#190);
#190 = CLOSED_SHELL('',(#191,#239,#272,#363,#388,#421,#454,#555,#572,
    #597,#629,#654,#694,#726,#750,#775,#792,#809,#840,#871,#889,#920,
    #945,#976,#1000,#1031,#1048,#1072,#1090,#1107,#1119,#1136,#1148,
    #1166,#1177,#1226,#1257,#1288,#1321,#1352,#1392,#1423,#1439,#1485,
    #1516,#1530));
#191 = ADVANCED_FACE('',(#192),#234,.F.);
#192 = FACE_BOUND('',#193,.F.);
#193 = EDGE_LOOP('',(#194,#204,#212,#220,#228));
#194 = ORIENTED_EDGE('',*,*,#195,.F.);
#195 = EDGE_CURVE('',#196,#198,#200,.T.);
#196 = VERTEX_POINT('',#197);
#197 = CARTESIAN_POINT('',(52.5,0.3,0.3));
#198 = VERTEX_POINT('',#199);
#199 = CARTESIAN_POINT('',(52.5,0.3,9.086363636364));
#200 = LINE('',#201,#202);
#201 = CARTESIAN_POINT('',(52.5,0.3,0.));
#202 = VECTOR('',#203,1.);
#203 = DIRECTION('',(0.,0.,1.));
#204 = ORIENTED_EDGE('',*,*,#205,.T.);
#205 = EDGE_CURVE('',#196,#206,#208,.T.);
#206 = VERTEX_POINT('',#207);
#207 = CARTESIAN_POINT('',(52.5,12.2,0.3));
#208 = LINE('',#209,#210);
#209 = CARTESIAN_POINT('',(52.5,0.,0.3));
#210 = VECTOR('',#211,1.);
#211 = DIRECTION('',(-0.,1.,0.));
#212 = ORIENTED_EDGE('',*,*,#213,.T.);
#213 = EDGE_CURVE('',#206,#214,#216,.T.);
#214 = VERTEX_POINT('',#215);
#215 = CARTESIAN_POINT('',(52.5,12.2,10.3));
#216 = LINE('',#217,#218);
#217 = CARTESIAN_POINT('',(52.5,12.2,0.));
#218 = VECTOR('',#219,1.);
#219 = DIRECTION('',(0.,0.,1.));
#220 = ORIENTED_EDGE('',*,*,#221,.F.);
#221 = EDGE_CURVE('',#222,#214,#224,.T.);
#222 = VERTEX_POINT('',#223);
#223 = CARTESIAN_POINT('',(52.5,1.743243243243,10.3));
#224 = LINE('',#225,#226);
#225 = CARTESIAN_POINT('',(52.5,0.,10.3));
#226 = VECTOR('',#227,1.);
#227 = DIRECTION('',(-0.,1.,0.));
#228 = ORIENTED_EDGE('',*,*,#229,.F.);
#229 = EDGE_CURVE('',#198,#222,#230,.T.);
#230 = LINE('',#231,#232);
#231 = CARTESIAN_POINT('',(52.5,-1.125779122542,7.88741301059));
#232 = VECTOR('',#233,1.);
#233 = DIRECTION('',(0.,0.765362085905,0.643599935875));
#234 = PLANE('',#235);
#235 = AXIS2_PLACEMENT_3D('',#236,#237,#238);
#236 = CARTESIAN_POINT('',(52.5,0.,0.));
#237 = DIRECTION('',(1.,0.,-0.));
#238 = DIRECTION('',(0.,0.,1.));
#239 = ADVANCED_FACE('',(#240),#267,.T.);
#240 = FACE_BOUND('',#241,.T.);
#241 = EDGE_LOOP('',(#242,#243,#252,#260));
#242 = ORIENTED_EDGE('',*,*,#195,.F.);
#243 = ORIENTED_EDGE('',*,*,#244,.T.);
#244 = EDGE_CURVE('',#196,#245,#247,.T.);
#245 = VERTEX_POINT('',#246);
#246 = CARTESIAN_POINT('',(52.8,-5.551115123126E-17,0.3));
#247 = CIRCLE('',#248,0.3);
#248 = AXIS2_PLACEMENT_3D('',#249,#250,#251);
#249 = CARTESIAN_POINT('',(52.8,0.3,0.3));
#250 = DIRECTION('',(0.,0.,1.));
#251 = DIRECTION('',(-1.,0.,0.));
#252 = ORIENTED_EDGE('',*,*,#253,.T.);
#253 = EDGE_CURVE('',#245,#254,#256,.T.);
#254 = VERTEX_POINT('',#255);
#255 = CARTESIAN_POINT('',(52.8,-5.551115123126E-17,8.834090909091));
#256 = LINE('',#257,#258);
#257 = CARTESIAN_POINT('',(52.8,-5.551115123126E-17,0.));
#258 = VECTOR('',#259,1.);
#259 = DIRECTION('',(0.,0.,1.));
#260 = ORIENTED_EDGE('',*,*,#261,.T.);
#261 = EDGE_CURVE('',#254,#198,#262,.T.);
#262 = ELLIPSE('',#263,0.391971336867,0.3);
#263 = AXIS2_PLACEMENT_3D('',#264,#265,#266);
#264 = CARTESIAN_POINT('',(52.8,0.3,9.086363636364));
#265 = DIRECTION('',(0.,0.643599935875,-0.765362085905));
#266 = DIRECTION('',(0.,0.765362085905,0.643599935875));
#267 = CYLINDRICAL_SURFACE('',#268,0.3);
#268 = AXIS2_PLACEMENT_3D('',#269,#270,#271);
#269 = CARTESIAN_POINT('',(52.8,0.3,0.));
#270 = DIRECTION('',(0.,0.,1.));
#271 = DIRECTION('',(-1.,-0.,0.));
#272 = ADVANCED_FACE('',(#273),#358,.F.);
#273 = FACE_BOUND('',#274,.F.);
#274 = EDGE_LOOP('',(#275,#284,#292,#300,#308,#316,#324,#333,#341,#350,
    #356,#357));
#275 = ORIENTED_EDGE('',*,*,#276,.T.);
#276 = EDGE_CURVE('',#222,#277,#279,.T.);
#277 = VERTEX_POINT('',#278);
#278 = CARTESIAN_POINT('',(52.8,2.1,10.6));
#279 = ELLIPSE('',#280,0.466128076275,0.3);
#280 = AXIS2_PLACEMENT_3D('',#281,#282,#283);
#281 = CARTESIAN_POINT('',(52.8,1.743243243243,10.3));
#282 = DIRECTION('',(0.,0.643599935875,-0.765362085905));
#283 = DIRECTION('',(0.,0.765362085905,0.643599935875));
#284 = ORIENTED_EDGE('',*,*,#285,.T.);
#285 = EDGE_CURVE('',#277,#286,#288,.T.);
#286 = VERTEX_POINT('',#287);
#287 = CARTESIAN_POINT('',(53.05,2.1,10.6));
#288 = LINE('',#289,#290);
#289 = CARTESIAN_POINT('',(52.4,2.1,10.6));
#290 = VECTOR('',#291,1.);
#291 = DIRECTION('',(1.,0.,0.));
#292 = ORIENTED_EDGE('',*,*,#293,.T.);
#293 = EDGE_CURVE('',#286,#294,#296,.T.);
#294 = VERTEX_POINT('',#295);
#295 = CARTESIAN_POINT('',(53.05,0.589585439838,9.329878665319));
#296 = LINE('',#297,#298);
#297 = CARTESIAN_POINT('',(53.05,2.697145719937,11.102145264493));
#298 = VECTOR('',#299,1.);
#299 = DIRECTION('',(0.,-0.765362085905,-0.643599935875));
#300 = ORIENTED_EDGE('',*,*,#301,.T.);
#301 = EDGE_CURVE('',#294,#302,#304,.T.);
#302 = VERTEX_POINT('',#303);
#303 = CARTESIAN_POINT('',(56.95,0.589585439838,9.329878665319));
#304 = LINE('',#305,#306);
#305 = CARTESIAN_POINT('',(52.725,0.589585439838,9.329878665319));
#306 = VECTOR('',#307,1.);
#307 = DIRECTION('',(1.,0.,0.));
#308 = ORIENTED_EDGE('',*,*,#309,.F.);
#309 = EDGE_CURVE('',#310,#302,#312,.T.);
#310 = VERTEX_POINT('',#311);
#311 = CARTESIAN_POINT('',(56.95,2.1,10.6));
#312 = LINE('',#313,#314);
#313 = CARTESIAN_POINT('',(56.95,2.697145719937,11.102145264493));
#314 = VECTOR('',#315,1.);
#315 = DIRECTION('',(0.,-0.765362085905,-0.643599935875));
#316 = ORIENTED_EDGE('',*,*,#317,.T.);
#317 = EDGE_CURVE('',#310,#318,#320,.T.);
#318 = VERTEX_POINT('',#319);
#319 = CARTESIAN_POINT('',(57.2,2.1,10.6));
#320 = LINE('',#321,#322);
#321 = CARTESIAN_POINT('',(52.4,2.1,10.6));
#322 = VECTOR('',#323,1.);
#323 = DIRECTION('',(1.,0.,0.));
#324 = ORIENTED_EDGE('',*,*,#325,.T.);
#325 = EDGE_CURVE('',#318,#326,#328,.T.);
#326 = VERTEX_POINT('',#327);
#327 = CARTESIAN_POINT('',(57.5,1.743243243243,10.3));
#328 = ELLIPSE('',#329,0.466128076275,0.3);
#329 = AXIS2_PLACEMENT_3D('',#330,#331,#332);
#330 = CARTESIAN_POINT('',(57.2,1.743243243243,10.3));
#331 = DIRECTION('',(0.,0.643599935875,-0.765362085905));
#332 = DIRECTION('',(0.,0.765362085905,0.643599935875));
#333 = ORIENTED_EDGE('',*,*,#334,.F.);
#334 = EDGE_CURVE('',#335,#326,#337,.T.);
#335 = VERTEX_POINT('',#336);
#336 = CARTESIAN_POINT('',(57.5,0.3,9.086363636364));
#337 = LINE('',#338,#339);
#338 = CARTESIAN_POINT('',(57.5,-1.125779122542,7.88741301059));
#339 = VECTOR('',#340,1.);
#340 = DIRECTION('',(0.,0.765362085905,0.643599935875));
#341 = ORIENTED_EDGE('',*,*,#342,.T.);
#342 = EDGE_CURVE('',#335,#343,#345,.T.);
#343 = VERTEX_POINT('',#344);
#344 = CARTESIAN_POINT('',(57.2,-5.551115123126E-17,8.834090909091));
#345 = ELLIPSE('',#346,0.391971336867,0.3);
#346 = AXIS2_PLACEMENT_3D('',#347,#348,#349);
#347 = CARTESIAN_POINT('',(57.2,0.3,9.086363636364));
#348 = DIRECTION('',(0.,0.643599935875,-0.765362085905));
#349 = DIRECTION('',(0.,0.765362085905,0.643599935875));
#350 = ORIENTED_EDGE('',*,*,#351,.T.);
#351 = EDGE_CURVE('',#343,#254,#352,.T.);
#352 = LINE('',#353,#354);
#353 = CARTESIAN_POINT('',(52.45,2.22044604925E-16,8.834090909091));
#354 = VECTOR('',#355,1.);
#355 = DIRECTION('',(-1.,0.,-0.));
#356 = ORIENTED_EDGE('',*,*,#261,.T.);
#357 = ORIENTED_EDGE('',*,*,#229,.T.);
#358 = PLANE('',#359);
#359 = AXIS2_PLACEMENT_3D('',#360,#361,#362);
#360 = CARTESIAN_POINT('',(52.4,2.1,10.6));
#361 = DIRECTION('',(0.,0.643599935875,-0.765362085905));
#362 = DIRECTION('',(0.,-0.765362085905,-0.643599935875));
#363 = ADVANCED_FACE('',(#364),#383,.T.);
#364 = FACE_BOUND('',#365,.T.);
#365 = EDGE_LOOP('',(#366,#367,#375,#382));
#366 = ORIENTED_EDGE('',*,*,#276,.T.);
#367 = ORIENTED_EDGE('',*,*,#368,.T.);
#368 = EDGE_CURVE('',#277,#369,#371,.T.);
#369 = VERTEX_POINT('',#370);
#370 = CARTESIAN_POINT('',(52.8,12.2,10.6));
#371 = LINE('',#372,#373);
#372 = CARTESIAN_POINT('',(52.8,0.,10.6));
#373 = VECTOR('',#374,1.);
#374 = DIRECTION('',(-0.,1.,0.));
#375 = ORIENTED_EDGE('',*,*,#376,.F.);
#376 = EDGE_CURVE('',#214,#369,#377,.T.);
#377 = CIRCLE('',#378,0.3);
#378 = AXIS2_PLACEMENT_3D('',#379,#380,#381);
#379 = CARTESIAN_POINT('',(52.8,12.2,10.3));
#380 = DIRECTION('',(-0.,1.,0.));
#381 = DIRECTION('',(-1.,-0.,0.));
#382 = ORIENTED_EDGE('',*,*,#221,.F.);
#383 = CYLINDRICAL_SURFACE('',#384,0.3);
#384 = AXIS2_PLACEMENT_3D('',#385,#386,#387);
#385 = CARTESIAN_POINT('',(52.8,0.,10.3));
#386 = DIRECTION('',(-0.,1.,0.));
#387 = DIRECTION('',(-1.,-0.,0.));
#388 = ADVANCED_FACE('',(#389),#416,.T.);
#389 = FACE_BOUND('',#390,.F.);
#390 = EDGE_LOOP('',(#391,#392,#401,#409));
#391 = ORIENTED_EDGE('',*,*,#213,.F.);
#392 = ORIENTED_EDGE('',*,*,#393,.T.);
#393 = EDGE_CURVE('',#206,#394,#396,.T.);
#394 = VERTEX_POINT('',#395);
#395 = CARTESIAN_POINT('',(52.8,12.5,0.3));
#396 = CIRCLE('',#397,0.3);
#397 = AXIS2_PLACEMENT_3D('',#398,#399,#400);
#398 = CARTESIAN_POINT('',(52.8,12.2,0.3));
#399 = DIRECTION('',(-0.,0.,-1.));
#400 = DIRECTION('',(-1.,0.,0.));
#401 = ORIENTED_EDGE('',*,*,#402,.T.);
#402 = EDGE_CURVE('',#394,#403,#405,.T.);
#403 = VERTEX_POINT('',#404);
#404 = CARTESIAN_POINT('',(52.8,12.5,10.3));
#405 = LINE('',#406,#407);
#406 = CARTESIAN_POINT('',(52.8,12.5,0.));
#407 = VECTOR('',#408,1.);
#408 = DIRECTION('',(0.,0.,1.));
#409 = ORIENTED_EDGE('',*,*,#410,.T.);
#410 = EDGE_CURVE('',#403,#214,#411,.T.);
#411 = CIRCLE('',#412,0.3);
#412 = AXIS2_PLACEMENT_3D('',#413,#414,#415);
#413 = CARTESIAN_POINT('',(52.8,12.2,10.3));
#414 = DIRECTION('',(0.,0.,1.));
#415 = DIRECTION('',(-1.,-0.,0.));
#416 = CYLINDRICAL_SURFACE('',#417,0.3);
#417 = AXIS2_PLACEMENT_3D('',#418,#419,#420);
#418 = CARTESIAN_POINT('',(52.8,12.2,0.));
#419 = DIRECTION('',(0.,0.,1.));
#420 = DIRECTION('',(-1.,-0.,0.));
#421 = ADVANCED_FACE('',(#422),#449,.T.);
#422 = FACE_BOUND('',#423,.F.);
#423 = EDGE_LOOP('',(#424,#433,#441,#448));
#424 = ORIENTED_EDGE('',*,*,#425,.F.);
#425 = EDGE_CURVE('',#426,#196,#428,.T.);
#426 = VERTEX_POINT('',#427);
#427 = CARTESIAN_POINT('',(52.8,0.3,0.));
#428 = CIRCLE('',#429,0.3);
#429 = AXIS2_PLACEMENT_3D('',#430,#431,#432);
#430 = CARTESIAN_POINT('',(52.8,0.3,0.3));
#431 = DIRECTION('',(0.,1.,-0.));
#432 = DIRECTION('',(-1.,0.,0.));
#433 = ORIENTED_EDGE('',*,*,#434,.T.);
#434 = EDGE_CURVE('',#426,#435,#437,.T.);
#435 = VERTEX_POINT('',#436);
#436 = CARTESIAN_POINT('',(52.8,12.2,0.));
#437 = LINE('',#438,#439);
#438 = CARTESIAN_POINT('',(52.8,0.,-5.551115123126E-17));
#439 = VECTOR('',#440,1.);
#440 = DIRECTION('',(-0.,1.,0.));
#441 = ORIENTED_EDGE('',*,*,#442,.T.);
#442 = EDGE_CURVE('',#435,#206,#443,.T.);
#443 = CIRCLE('',#444,0.3);
#444 = AXIS2_PLACEMENT_3D('',#445,#446,#447);
#445 = CARTESIAN_POINT('',(52.8,12.2,0.3));
#446 = DIRECTION('',(0.,1.,-0.));
#447 = DIRECTION('',(-1.,0.,0.));
#448 = ORIENTED_EDGE('',*,*,#205,.F.);
#449 = CYLINDRICAL_SURFACE('',#450,0.3);
#450 = AXIS2_PLACEMENT_3D('',#451,#452,#453);
#451 = CARTESIAN_POINT('',(52.8,0.,0.3));
#452 = DIRECTION('',(-0.,1.,0.));
#453 = DIRECTION('',(-1.,-0.,0.));
#454 = ADVANCED_FACE('',(#455,#473),#550,.F.);
#455 = FACE_BOUND('',#456,.F.);
#456 = EDGE_LOOP('',(#457,#465,#466,#467));
#457 = ORIENTED_EDGE('',*,*,#458,.F.);
#458 = EDGE_CURVE('',#245,#459,#461,.T.);
#459 = VERTEX_POINT('',#460);
#460 = CARTESIAN_POINT('',(57.2,-5.551115123126E-17,0.3));
#461 = LINE('',#462,#463);
#462 = CARTESIAN_POINT('',(52.5,-5.551115123126E-17,0.3));
#463 = VECTOR('',#464,1.);
#464 = DIRECTION('',(1.,0.,-0.));
#465 = ORIENTED_EDGE('',*,*,#253,.T.);
#466 = ORIENTED_EDGE('',*,*,#351,.F.);
#467 = ORIENTED_EDGE('',*,*,#468,.F.);
#468 = EDGE_CURVE('',#459,#343,#469,.T.);
#469 = LINE('',#470,#471);
#470 = CARTESIAN_POINT('',(57.2,-5.551115123126E-17,0.));
#471 = VECTOR('',#472,1.);
#472 = DIRECTION('',(0.,0.,1.));
#473 = FACE_BOUND('',#474,.F.);
#474 = EDGE_LOOP('',(#475,#485,#493,#501,#510,#519,#527,#535,#543));
#475 = ORIENTED_EDGE('',*,*,#476,.F.);
#476 = EDGE_CURVE('',#477,#479,#481,.T.);
#477 = VERTEX_POINT('',#478);
#478 = CARTESIAN_POINT('',(56.73,0.,5.65));
#479 = VERTEX_POINT('',#480);
#480 = CARTESIAN_POINT('',(56.73,0.,2.25));
#481 = LINE('',#482,#483);
#482 = CARTESIAN_POINT('',(56.73,0.,1.125));
#483 = VECTOR('',#484,1.);
#484 = DIRECTION('',(-0.,0.,-1.));
#485 = ORIENTED_EDGE('',*,*,#486,.F.);
#486 = EDGE_CURVE('',#487,#477,#489,.T.);
#487 = VERTEX_POINT('',#488);
#488 = CARTESIAN_POINT('',(56.13,0.,5.65));
#489 = LINE('',#490,#491);
#490 = CARTESIAN_POINT('',(52.885,0.,5.65));
#491 = VECTOR('',#492,1.);
#492 = DIRECTION('',(1.,0.,-0.));
#493 = ORIENTED_EDGE('',*,*,#494,.F.);
#494 = EDGE_CURVE('',#495,#487,#497,.T.);
#495 = VERTEX_POINT('',#496);
#496 = CARTESIAN_POINT('',(56.13,0.,7.4));
#497 = LINE('',#498,#499);
#498 = CARTESIAN_POINT('',(56.13,0.,2.825));
#499 = VECTOR('',#500,1.);
#500 = DIRECTION('',(-0.,0.,-1.));
#501 = ORIENTED_EDGE('',*,*,#502,.F.);
#502 = EDGE_CURVE('',#503,#495,#505,.T.);
#503 = VERTEX_POINT('',#504);
#504 = CARTESIAN_POINT('',(55.,0.,8.53));
#505 = CIRCLE('',#506,1.13);
#506 = AXIS2_PLACEMENT_3D('',#507,#508,#509);
#507 = CARTESIAN_POINT('',(55.,0.,7.4));
#508 = DIRECTION('',(0.,1.,0.));
#509 = DIRECTION('',(0.,-0.,1.));
#510 = ORIENTED_EDGE('',*,*,#511,.F.);
#511 = EDGE_CURVE('',#512,#503,#514,.T.);
#512 = VERTEX_POINT('',#513);
#513 = CARTESIAN_POINT('',(53.87,0.,7.4));
#514 = CIRCLE('',#515,1.13);
#515 = AXIS2_PLACEMENT_3D('',#516,#517,#518);
#516 = CARTESIAN_POINT('',(55.,0.,7.4));
#517 = DIRECTION('',(0.,1.,0.));
#518 = DIRECTION('',(0.,-0.,1.));
#519 = ORIENTED_EDGE('',*,*,#520,.T.);
#520 = EDGE_CURVE('',#512,#521,#523,.T.);
#521 = VERTEX_POINT('',#522);
#522 = CARTESIAN_POINT('',(53.87,0.,5.65));
#523 = LINE('',#524,#525);
#524 = CARTESIAN_POINT('',(53.87,0.,2.825));
#525 = VECTOR('',#526,1.);
#526 = DIRECTION('',(-0.,0.,-1.));
#527 = ORIENTED_EDGE('',*,*,#528,.F.);
#528 = EDGE_CURVE('',#529,#521,#531,.T.);
#529 = VERTEX_POINT('',#530);
#530 = CARTESIAN_POINT('',(53.27,0.,5.65));
#531 = LINE('',#532,#533);
#532 = CARTESIAN_POINT('',(52.885,0.,5.65));
#533 = VECTOR('',#534,1.);
#534 = DIRECTION('',(1.,0.,-0.));
#535 = ORIENTED_EDGE('',*,*,#536,.T.);
#536 = EDGE_CURVE('',#529,#537,#539,.T.);
#537 = VERTEX_POINT('',#538);
#538 = CARTESIAN_POINT('',(53.27,0.,2.25));
#539 = LINE('',#540,#541);
#540 = CARTESIAN_POINT('',(53.27,0.,1.125));
#541 = VECTOR('',#542,1.);
#542 = DIRECTION('',(-0.,0.,-1.));
#543 = ORIENTED_EDGE('',*,*,#544,.F.);
#544 = EDGE_CURVE('',#479,#537,#545,.T.);
#545 = CIRCLE('',#546,1.73);
#546 = AXIS2_PLACEMENT_3D('',#547,#548,#549);
#547 = CARTESIAN_POINT('',(55.,0.,2.25));
#548 = DIRECTION('',(0.,1.,0.));
#549 = DIRECTION('',(0.,-0.,1.));
#550 = PLANE('',#551);
#551 = AXIS2_PLACEMENT_3D('',#552,#553,#554);
#552 = CARTESIAN_POINT('',(52.5,0.,0.));
#553 = DIRECTION('',(-0.,1.,0.));
#554 = DIRECTION('',(0.,0.,1.));
#555 = ADVANCED_FACE('',(#556),#567,.T.);
#556 = FACE_BOUND('',#557,.T.);
#557 = EDGE_LOOP('',(#558,#559,#566));
#558 = ORIENTED_EDGE('',*,*,#425,.F.);
#559 = ORIENTED_EDGE('',*,*,#560,.T.);
#560 = EDGE_CURVE('',#426,#245,#561,.T.);
#561 = CIRCLE('',#562,0.3);
#562 = AXIS2_PLACEMENT_3D('',#563,#564,#565);
#563 = CARTESIAN_POINT('',(52.8,0.3,0.3));
#564 = DIRECTION('',(-1.,6.123233995737E-17,0.));
#565 = DIRECTION('',(-6.123233995737E-17,-1.,0.));
#566 = ORIENTED_EDGE('',*,*,#244,.F.);
#567 = SPHERICAL_SURFACE('',#568,0.3);
#568 = AXIS2_PLACEMENT_3D('',#569,#570,#571);
#569 = CARTESIAN_POINT('',(52.8,0.3,0.3));
#570 = DIRECTION('',(0.,0.,1.));
#571 = DIRECTION('',(-1.,0.,0.));
#572 = ADVANCED_FACE('',(#573),#592,.T.);
#573 = FACE_BOUND('',#574,.F.);
#574 = EDGE_LOOP('',(#575,#583,#590,#591));
#575 = ORIENTED_EDGE('',*,*,#576,.F.);
#576 = EDGE_CURVE('',#577,#335,#579,.T.);
#577 = VERTEX_POINT('',#578);
#578 = CARTESIAN_POINT('',(57.5,0.3,0.3));
#579 = LINE('',#580,#581);
#580 = CARTESIAN_POINT('',(57.5,0.3,0.));
#581 = VECTOR('',#582,1.);
#582 = DIRECTION('',(0.,0.,1.));
#583 = ORIENTED_EDGE('',*,*,#584,.T.);
#584 = EDGE_CURVE('',#577,#459,#585,.T.);
#585 = CIRCLE('',#586,0.3);
#586 = AXIS2_PLACEMENT_3D('',#587,#588,#589);
#587 = CARTESIAN_POINT('',(57.2,0.3,0.3));
#588 = DIRECTION('',(0.,-0.,-1.));
#589 = DIRECTION('',(1.,0.,-0.));
#590 = ORIENTED_EDGE('',*,*,#468,.T.);
#591 = ORIENTED_EDGE('',*,*,#342,.F.);
#592 = CYLINDRICAL_SURFACE('',#593,0.3);
#593 = AXIS2_PLACEMENT_3D('',#594,#595,#596);
#594 = CARTESIAN_POINT('',(57.2,0.3,0.));
#595 = DIRECTION('',(0.,0.,1.));
#596 = DIRECTION('',(1.,0.,-0.));
#597 = ADVANCED_FACE('',(#598),#624,.T.);
#598 = FACE_BOUND('',#599,.T.);
#599 = EDGE_LOOP('',(#600,#601,#609,#617,#623));
#600 = ORIENTED_EDGE('',*,*,#576,.F.);
#601 = ORIENTED_EDGE('',*,*,#602,.T.);
#602 = EDGE_CURVE('',#577,#603,#605,.T.);
#603 = VERTEX_POINT('',#604);
#604 = CARTESIAN_POINT('',(57.5,12.2,0.3));
#605 = LINE('',#606,#607);
#606 = CARTESIAN_POINT('',(57.5,0.,0.3));
#607 = VECTOR('',#608,1.);
#608 = DIRECTION('',(-0.,1.,0.));
#609 = ORIENTED_EDGE('',*,*,#610,.T.);
#610 = EDGE_CURVE('',#603,#611,#613,.T.);
#611 = VERTEX_POINT('',#612);
#612 = CARTESIAN_POINT('',(57.5,12.2,10.3));
#613 = LINE('',#614,#615);
#614 = CARTESIAN_POINT('',(57.5,12.2,0.));
#615 = VECTOR('',#616,1.);
#616 = DIRECTION('',(0.,0.,1.));
#617 = ORIENTED_EDGE('',*,*,#618,.F.);
#618 = EDGE_CURVE('',#326,#611,#619,.T.);
#619 = LINE('',#620,#621);
#620 = CARTESIAN_POINT('',(57.5,0.,10.3));
#621 = VECTOR('',#622,1.);
#622 = DIRECTION('',(-0.,1.,0.));
#623 = ORIENTED_EDGE('',*,*,#334,.F.);
#624 = PLANE('',#625);
#625 = AXIS2_PLACEMENT_3D('',#626,#627,#628);
#626 = CARTESIAN_POINT('',(57.5,0.,0.));
#627 = DIRECTION('',(1.,0.,-0.));
#628 = DIRECTION('',(0.,0.,1.));
#629 = ADVANCED_FACE('',(#630),#649,.T.);
#630 = FACE_BOUND('',#631,.F.);
#631 = EDGE_LOOP('',(#632,#633,#641,#648));
#632 = ORIENTED_EDGE('',*,*,#325,.F.);
#633 = ORIENTED_EDGE('',*,*,#634,.T.);
#634 = EDGE_CURVE('',#318,#635,#637,.T.);
#635 = VERTEX_POINT('',#636);
#636 = CARTESIAN_POINT('',(57.2,12.2,10.6));
#637 = LINE('',#638,#639);
#638 = CARTESIAN_POINT('',(57.2,0.,10.6));
#639 = VECTOR('',#640,1.);
#640 = DIRECTION('',(-0.,1.,0.));
#641 = ORIENTED_EDGE('',*,*,#642,.F.);
#642 = EDGE_CURVE('',#611,#635,#643,.T.);
#643 = CIRCLE('',#644,0.3);
#644 = AXIS2_PLACEMENT_3D('',#645,#646,#647);
#645 = CARTESIAN_POINT('',(57.2,12.2,10.3));
#646 = DIRECTION('',(0.,-1.,-0.));
#647 = DIRECTION('',(1.,0.,0.));
#648 = ORIENTED_EDGE('',*,*,#618,.F.);
#649 = CYLINDRICAL_SURFACE('',#650,0.3);
#650 = AXIS2_PLACEMENT_3D('',#651,#652,#653);
#651 = CARTESIAN_POINT('',(57.2,0.,10.3));
#652 = DIRECTION('',(-0.,1.,0.));
#653 = DIRECTION('',(1.,0.,-0.));
#654 = ADVANCED_FACE('',(#655),#689,.T.);
#655 = FACE_BOUND('',#656,.T.);
#656 = EDGE_LOOP('',(#657,#658,#659,#667,#675,#681,#682,#683));
#657 = ORIENTED_EDGE('',*,*,#368,.F.);
#658 = ORIENTED_EDGE('',*,*,#285,.T.);
#659 = ORIENTED_EDGE('',*,*,#660,.F.);
#660 = EDGE_CURVE('',#661,#286,#663,.T.);
#661 = VERTEX_POINT('',#662);
#662 = CARTESIAN_POINT('',(53.05,9.7,10.6));
#663 = LINE('',#664,#665);
#664 = CARTESIAN_POINT('',(53.05,2.442585746037,10.6));
#665 = VECTOR('',#666,1.);
#666 = DIRECTION('',(0.,-1.,0.));
#667 = ORIENTED_EDGE('',*,*,#668,.F.);
#668 = EDGE_CURVE('',#669,#661,#671,.T.);
#669 = VERTEX_POINT('',#670);
#670 = CARTESIAN_POINT('',(56.95,9.7,10.6));
#671 = LINE('',#672,#673);
#672 = CARTESIAN_POINT('',(52.775,9.7,10.6));
#673 = VECTOR('',#674,1.);
#674 = DIRECTION('',(-1.,-0.,0.));
#675 = ORIENTED_EDGE('',*,*,#676,.T.);
#676 = EDGE_CURVE('',#669,#310,#677,.T.);
#677 = LINE('',#678,#679);
#678 = CARTESIAN_POINT('',(56.95,2.442585746037,10.6));
#679 = VECTOR('',#680,1.);
#680 = DIRECTION('',(0.,-1.,0.));
#681 = ORIENTED_EDGE('',*,*,#317,.T.);
#682 = ORIENTED_EDGE('',*,*,#634,.T.);
#683 = ORIENTED_EDGE('',*,*,#684,.F.);
#684 = EDGE_CURVE('',#369,#635,#685,.T.);
#685 = LINE('',#686,#687);
#686 = CARTESIAN_POINT('',(52.5,12.2,10.6));
#687 = VECTOR('',#688,1.);
#688 = DIRECTION('',(1.,0.,-0.));
#689 = PLANE('',#690);
#690 = AXIS2_PLACEMENT_3D('',#691,#692,#693);
#691 = CARTESIAN_POINT('',(52.5,0.,10.6));
#692 = DIRECTION('',(0.,0.,1.));
#693 = DIRECTION('',(1.,0.,-0.));
#694 = ADVANCED_FACE('',(#695),#721,.T.);
#695 = FACE_BOUND('',#696,.T.);
#696 = EDGE_LOOP('',(#697,#698,#706,#714,#720));
#697 = ORIENTED_EDGE('',*,*,#676,.F.);
#698 = ORIENTED_EDGE('',*,*,#699,.T.);
#699 = EDGE_CURVE('',#669,#700,#702,.T.);
#700 = VERTEX_POINT('',#701);
#701 = CARTESIAN_POINT('',(56.95,9.7,8.45));
#702 = LINE('',#703,#704);
#703 = CARTESIAN_POINT('',(56.95,9.7,10.8));
#704 = VECTOR('',#705,1.);
#705 = DIRECTION('',(0.,0.,-1.));
#706 = ORIENTED_EDGE('',*,*,#707,.T.);
#707 = EDGE_CURVE('',#700,#708,#710,.T.);
#708 = VERTEX_POINT('',#709);
#709 = CARTESIAN_POINT('',(56.95,1.4,8.45));
#710 = LINE('',#711,#712);
#711 = CARTESIAN_POINT('',(56.95,9.7,8.45));
#712 = VECTOR('',#713,1.);
#713 = DIRECTION('',(0.,-1.,0.));
#714 = ORIENTED_EDGE('',*,*,#715,.T.);
#715 = EDGE_CURVE('',#708,#302,#716,.T.);
#716 = LINE('',#717,#718);
#717 = CARTESIAN_POINT('',(56.95,1.4,8.45));
#718 = VECTOR('',#719,1.);
#719 = DIRECTION('',(0.,-0.677475754752,0.735545105159));
#720 = ORIENTED_EDGE('',*,*,#309,.F.);
#721 = PLANE('',#722);
#722 = AXIS2_PLACEMENT_3D('',#723,#724,#725);
#723 = CARTESIAN_POINT('',(56.95,4.885171492075,9.712433169613));
#724 = DIRECTION('',(-1.,-0.,-0.));
#725 = DIRECTION('',(0.,0.,-1.));
#726 = ADVANCED_FACE('',(#727),#745,.F.);
#727 = FACE_BOUND('',#728,.F.);
#728 = EDGE_LOOP('',(#729,#737,#743,#744));
#729 = ORIENTED_EDGE('',*,*,#730,.F.);
#730 = EDGE_CURVE('',#731,#294,#733,.T.);
#731 = VERTEX_POINT('',#732);
#732 = CARTESIAN_POINT('',(53.05,1.4,8.45));
#733 = LINE('',#734,#735);
#734 = CARTESIAN_POINT('',(53.05,1.4,8.45));
#735 = VECTOR('',#736,1.);
#736 = DIRECTION('',(0.,-0.677475754752,0.735545105159));
#737 = ORIENTED_EDGE('',*,*,#738,.T.);
#738 = EDGE_CURVE('',#731,#708,#739,.T.);
#739 = LINE('',#740,#741);
#740 = CARTESIAN_POINT('',(53.05,1.4,8.45));
#741 = VECTOR('',#742,1.);
#742 = DIRECTION('',(1.,0.,0.));
#743 = ORIENTED_EDGE('',*,*,#715,.T.);
#744 = ORIENTED_EDGE('',*,*,#301,.F.);
#745 = PLANE('',#746);
#746 = AXIS2_PLACEMENT_3D('',#747,#748,#749);
#747 = CARTESIAN_POINT('',(53.05,1.4,8.45));
#748 = DIRECTION('',(0.,-0.735545105159,-0.677475754752));
#749 = DIRECTION('',(0.,-0.677475754752,0.735545105159));
#750 = ADVANCED_FACE('',(#751),#770,.F.);
#751 = FACE_BOUND('',#752,.F.);
#752 = EDGE_LOOP('',(#753,#754,#762,#768,#769));
#753 = ORIENTED_EDGE('',*,*,#660,.F.);
#754 = ORIENTED_EDGE('',*,*,#755,.T.);
#755 = EDGE_CURVE('',#661,#756,#758,.T.);
#756 = VERTEX_POINT('',#757);
#757 = CARTESIAN_POINT('',(53.05,9.7,8.45));
#758 = LINE('',#759,#760);
#759 = CARTESIAN_POINT('',(53.05,9.7,10.8));
#760 = VECTOR('',#761,1.);
#761 = DIRECTION('',(0.,0.,-1.));
#762 = ORIENTED_EDGE('',*,*,#763,.T.);
#763 = EDGE_CURVE('',#756,#731,#764,.T.);
#764 = LINE('',#765,#766);
#765 = CARTESIAN_POINT('',(53.05,9.7,8.45));
#766 = VECTOR('',#767,1.);
#767 = DIRECTION('',(0.,-1.,0.));
#768 = ORIENTED_EDGE('',*,*,#730,.T.);
#769 = ORIENTED_EDGE('',*,*,#293,.F.);
#770 = PLANE('',#771);
#771 = AXIS2_PLACEMENT_3D('',#772,#773,#774);
#772 = CARTESIAN_POINT('',(53.05,4.885171492075,9.712433169613));
#773 = DIRECTION('',(-1.,-0.,-0.));
#774 = DIRECTION('',(0.,0.,-1.));
#775 = ADVANCED_FACE('',(#776),#787,.T.);
#776 = FACE_BOUND('',#777,.F.);
#777 = EDGE_LOOP('',(#778,#779,#786));
#778 = ORIENTED_EDGE('',*,*,#410,.F.);
#779 = ORIENTED_EDGE('',*,*,#780,.T.);
#780 = EDGE_CURVE('',#403,#369,#781,.T.);
#781 = CIRCLE('',#782,0.3);
#782 = AXIS2_PLACEMENT_3D('',#783,#784,#785);
#783 = CARTESIAN_POINT('',(52.8,12.2,10.3));
#784 = DIRECTION('',(1.,0.,6.123233995737E-17));
#785 = DIRECTION('',(-6.123233995737E-17,-0.,1.));
#786 = ORIENTED_EDGE('',*,*,#376,.F.);
#787 = SPHERICAL_SURFACE('',#788,0.3);
#788 = AXIS2_PLACEMENT_3D('',#789,#790,#791);
#789 = CARTESIAN_POINT('',(52.8,12.2,10.3));
#790 = DIRECTION('',(0.,-1.,-0.));
#791 = DIRECTION('',(-1.,-0.,0.));
#792 = ADVANCED_FACE('',(#793),#804,.T.);
#793 = FACE_BOUND('',#794,.F.);
#794 = EDGE_LOOP('',(#795,#796,#803));
#795 = ORIENTED_EDGE('',*,*,#442,.F.);
#796 = ORIENTED_EDGE('',*,*,#797,.T.);
#797 = EDGE_CURVE('',#435,#394,#798,.T.);
#798 = CIRCLE('',#799,0.3);
#799 = AXIS2_PLACEMENT_3D('',#800,#801,#802);
#800 = CARTESIAN_POINT('',(52.8,12.2,0.3));
#801 = DIRECTION('',(1.,6.123233995737E-17,-0.));
#802 = DIRECTION('',(-6.123233995737E-17,1.,0.));
#803 = ORIENTED_EDGE('',*,*,#393,.F.);
#804 = SPHERICAL_SURFACE('',#805,0.3);
#805 = AXIS2_PLACEMENT_3D('',#806,#807,#808);
#806 = CARTESIAN_POINT('',(52.8,12.2,0.3));
#807 = DIRECTION('',(0.,0.,1.));
#808 = DIRECTION('',(-1.,0.,0.));
#809 = ADVANCED_FACE('',(#810),#835,.T.);
#810 = FACE_BOUND('',#811,.T.);
#811 = EDGE_LOOP('',(#812,#813,#821,#829));
#812 = ORIENTED_EDGE('',*,*,#402,.T.);
#813 = ORIENTED_EDGE('',*,*,#814,.T.);
#814 = EDGE_CURVE('',#403,#815,#817,.T.);
#815 = VERTEX_POINT('',#816);
#816 = CARTESIAN_POINT('',(57.2,12.5,10.3));
#817 = LINE('',#818,#819);
#818 = CARTESIAN_POINT('',(52.5,12.5,10.3));
#819 = VECTOR('',#820,1.);
#820 = DIRECTION('',(1.,0.,-0.));
#821 = ORIENTED_EDGE('',*,*,#822,.F.);
#822 = EDGE_CURVE('',#823,#815,#825,.T.);
#823 = VERTEX_POINT('',#824);
#824 = CARTESIAN_POINT('',(57.2,12.5,0.3));
#825 = LINE('',#826,#827);
#826 = CARTESIAN_POINT('',(57.2,12.5,0.));
#827 = VECTOR('',#828,1.);
#828 = DIRECTION('',(0.,0.,1.));
#829 = ORIENTED_EDGE('',*,*,#830,.F.);
#830 = EDGE_CURVE('',#394,#823,#831,.T.);
#831 = LINE('',#832,#833);
#832 = CARTESIAN_POINT('',(52.5,12.5,0.3));
#833 = VECTOR('',#834,1.);
#834 = DIRECTION('',(1.,0.,-0.));
#835 = PLANE('',#836);
#836 = AXIS2_PLACEMENT_3D('',#837,#838,#839);
#837 = CARTESIAN_POINT('',(52.5,12.5,0.));
#838 = DIRECTION('',(-0.,1.,0.));
#839 = DIRECTION('',(0.,0.,1.));
#840 = ADVANCED_FACE('',(#841),#866,.F.);
#841 = FACE_BOUND('',#842,.F.);
#842 = EDGE_LOOP('',(#843,#844,#852,#860));
#843 = ORIENTED_EDGE('',*,*,#434,.F.);
#844 = ORIENTED_EDGE('',*,*,#845,.T.);
#845 = EDGE_CURVE('',#426,#846,#848,.T.);
#846 = VERTEX_POINT('',#847);
#847 = CARTESIAN_POINT('',(57.2,0.3,0.));
#848 = LINE('',#849,#850);
#849 = CARTESIAN_POINT('',(52.5,0.3,-5.551115123126E-17));
#850 = VECTOR('',#851,1.);
#851 = DIRECTION('',(1.,0.,-0.));
#852 = ORIENTED_EDGE('',*,*,#853,.T.);
#853 = EDGE_CURVE('',#846,#854,#856,.T.);
#854 = VERTEX_POINT('',#855);
#855 = CARTESIAN_POINT('',(57.2,12.2,0.));
#856 = LINE('',#857,#858);
#857 = CARTESIAN_POINT('',(57.2,0.,-5.551115123126E-17));
#858 = VECTOR('',#859,1.);
#859 = DIRECTION('',(-0.,1.,0.));
#860 = ORIENTED_EDGE('',*,*,#861,.F.);
#861 = EDGE_CURVE('',#435,#854,#862,.T.);
#862 = LINE('',#863,#864);
#863 = CARTESIAN_POINT('',(52.5,12.2,-5.551115123126E-17));
#864 = VECTOR('',#865,1.);
#865 = DIRECTION('',(1.,0.,-0.));
#866 = PLANE('',#867);
#867 = AXIS2_PLACEMENT_3D('',#868,#869,#870);
#868 = CARTESIAN_POINT('',(52.5,0.,0.));
#869 = DIRECTION('',(0.,0.,1.));
#870 = DIRECTION('',(1.,0.,-0.));
#871 = ADVANCED_FACE('',(#872),#884,.T.);
#872 = FACE_BOUND('',#873,.T.);
#873 = EDGE_LOOP('',(#874,#875,#876,#883));
#874 = ORIENTED_EDGE('',*,*,#560,.F.);
#875 = ORIENTED_EDGE('',*,*,#845,.T.);
#876 = ORIENTED_EDGE('',*,*,#877,.T.);
#877 = EDGE_CURVE('',#846,#459,#878,.T.);
#878 = CIRCLE('',#879,0.3);
#879 = AXIS2_PLACEMENT_3D('',#880,#881,#882);
#880 = CARTESIAN_POINT('',(57.2,0.3,0.3));
#881 = DIRECTION('',(-1.,-6.123233995737E-17,0.));
#882 = DIRECTION('',(6.123233995737E-17,-1.,-0.));
#883 = ORIENTED_EDGE('',*,*,#458,.F.);
#884 = CYLINDRICAL_SURFACE('',#885,0.3);
#885 = AXIS2_PLACEMENT_3D('',#886,#887,#888);
#886 = CARTESIAN_POINT('',(52.5,0.3,0.3));
#887 = DIRECTION('',(1.,0.,-0.));
#888 = DIRECTION('',(0.,-1.,0.));
#889 = ADVANCED_FACE('',(#890),#915,.F.);
#890 = FACE_BOUND('',#891,.F.);
#891 = EDGE_LOOP('',(#892,#893,#901,#909));
#892 = ORIENTED_EDGE('',*,*,#476,.T.);
#893 = ORIENTED_EDGE('',*,*,#894,.T.);
#894 = EDGE_CURVE('',#479,#895,#897,.T.);
#895 = VERTEX_POINT('',#896);
#896 = CARTESIAN_POINT('',(56.73,0.4,2.25));
#897 = LINE('',#898,#899);
#898 = CARTESIAN_POINT('',(56.73,-5.E-02,2.25));
#899 = VECTOR('',#900,1.);
#900 = DIRECTION('',(-0.,1.,0.));
#901 = ORIENTED_EDGE('',*,*,#902,.T.);
#902 = EDGE_CURVE('',#895,#903,#905,.T.);
#903 = VERTEX_POINT('',#904);
#904 = CARTESIAN_POINT('',(56.73,0.4,5.65));
#905 = LINE('',#906,#907);
#906 = CARTESIAN_POINT('',(56.73,0.4,2.25));
#907 = VECTOR('',#908,1.);
#908 = DIRECTION('',(0.,0.,1.));
#909 = ORIENTED_EDGE('',*,*,#910,.F.);
#910 = EDGE_CURVE('',#477,#903,#911,.T.);
#911 = LINE('',#912,#913);
#912 = CARTESIAN_POINT('',(56.73,-5.E-02,5.65));
#913 = VECTOR('',#914,1.);
#914 = DIRECTION('',(-0.,1.,0.));
#915 = PLANE('',#916);
#916 = AXIS2_PLACEMENT_3D('',#917,#918,#919);
#917 = CARTESIAN_POINT('',(56.73,-5.E-02,2.25));
#918 = DIRECTION('',(1.,0.,-0.));
#919 = DIRECTION('',(0.,0.,1.));
#920 = ADVANCED_FACE('',(#921),#940,.F.);
#921 = FACE_BOUND('',#922,.F.);
#922 = EDGE_LOOP('',(#923,#932,#933,#934));
#923 = ORIENTED_EDGE('',*,*,#924,.F.);
#924 = EDGE_CURVE('',#895,#925,#927,.T.);
#925 = VERTEX_POINT('',#926);
#926 = CARTESIAN_POINT('',(53.27,0.4,2.25));
#927 = CIRCLE('',#928,1.73);
#928 = AXIS2_PLACEMENT_3D('',#929,#930,#931);
#929 = CARTESIAN_POINT('',(55.,0.4,2.25));
#930 = DIRECTION('',(0.,1.,0.));
#931 = DIRECTION('',(0.,-0.,1.));
#932 = ORIENTED_EDGE('',*,*,#894,.F.);
#933 = ORIENTED_EDGE('',*,*,#544,.T.);
#934 = ORIENTED_EDGE('',*,*,#935,.T.);
#935 = EDGE_CURVE('',#537,#925,#936,.T.);
#936 = LINE('',#937,#938);
#937 = CARTESIAN_POINT('',(53.27,-5.E-02,2.25));
#938 = VECTOR('',#939,1.);
#939 = DIRECTION('',(-0.,1.,0.));
#940 = CYLINDRICAL_SURFACE('',#941,1.73);
#941 = AXIS2_PLACEMENT_3D('',#942,#943,#944);
#942 = CARTESIAN_POINT('',(55.,-5.E-02,2.25));
#943 = DIRECTION('',(0.,1.,0.));
#944 = DIRECTION('',(0.,-0.,1.));
#945 = ADVANCED_FACE('',(#946),#971,.F.);
#946 = FACE_BOUND('',#947,.F.);
#947 = EDGE_LOOP('',(#948,#949,#957,#965));
#948 = ORIENTED_EDGE('',*,*,#494,.T.);
#949 = ORIENTED_EDGE('',*,*,#950,.T.);
#950 = EDGE_CURVE('',#487,#951,#953,.T.);
#951 = VERTEX_POINT('',#952);
#952 = CARTESIAN_POINT('',(56.13,0.4,5.65));
#953 = LINE('',#954,#955);
#954 = CARTESIAN_POINT('',(56.13,-5.E-02,5.65));
#955 = VECTOR('',#956,1.);
#956 = DIRECTION('',(-0.,1.,0.));
#957 = ORIENTED_EDGE('',*,*,#958,.T.);
#958 = EDGE_CURVE('',#951,#959,#961,.T.);
#959 = VERTEX_POINT('',#960);
#960 = CARTESIAN_POINT('',(56.13,0.4,7.4));
#961 = LINE('',#962,#963);
#962 = CARTESIAN_POINT('',(56.13,0.4,5.65));
#963 = VECTOR('',#964,1.);
#964 = DIRECTION('',(0.,0.,1.));
#965 = ORIENTED_EDGE('',*,*,#966,.F.);
#966 = EDGE_CURVE('',#495,#959,#967,.T.);
#967 = LINE('',#968,#969);
#968 = CARTESIAN_POINT('',(56.13,-5.E-02,7.4));
#969 = VECTOR('',#970,1.);
#970 = DIRECTION('',(-0.,1.,0.));
#971 = PLANE('',#972);
#972 = AXIS2_PLACEMENT_3D('',#973,#974,#975);
#973 = CARTESIAN_POINT('',(56.13,-5.E-02,5.65));
#974 = DIRECTION('',(1.,0.,-0.));
#975 = DIRECTION('',(0.,0.,1.));
#976 = ADVANCED_FACE('',(#977),#995,.T.);
#977 = FACE_BOUND('',#978,.T.);
#978 = EDGE_LOOP('',(#979,#980,#981,#989));
#979 = ORIENTED_EDGE('',*,*,#536,.T.);
#980 = ORIENTED_EDGE('',*,*,#935,.T.);
#981 = ORIENTED_EDGE('',*,*,#982,.T.);
#982 = EDGE_CURVE('',#925,#983,#985,.T.);
#983 = VERTEX_POINT('',#984);
#984 = CARTESIAN_POINT('',(53.27,0.4,5.65));
#985 = LINE('',#986,#987);
#986 = CARTESIAN_POINT('',(53.27,0.4,2.25));
#987 = VECTOR('',#988,1.);
#988 = DIRECTION('',(0.,0.,1.));
#989 = ORIENTED_EDGE('',*,*,#990,.F.);
#990 = EDGE_CURVE('',#529,#983,#991,.T.);
#991 = LINE('',#992,#993);
#992 = CARTESIAN_POINT('',(53.27,-5.E-02,5.65));
#993 = VECTOR('',#994,1.);
#994 = DIRECTION('',(-0.,1.,0.));
#995 = PLANE('',#996);
#996 = AXIS2_PLACEMENT_3D('',#997,#998,#999);
#997 = CARTESIAN_POINT('',(53.27,-5.E-02,2.25));
#998 = DIRECTION('',(1.,0.,-0.));
#999 = DIRECTION('',(0.,0.,1.));
#1000 = ADVANCED_FACE('',(#1001),#1026,.T.);
#1001 = FACE_BOUND('',#1002,.T.);
#1002 = EDGE_LOOP('',(#1003,#1004,#1012,#1020));
#1003 = ORIENTED_EDGE('',*,*,#520,.T.);
#1004 = ORIENTED_EDGE('',*,*,#1005,.T.);
#1005 = EDGE_CURVE('',#521,#1006,#1008,.T.);
#1006 = VERTEX_POINT('',#1007);
#1007 = CARTESIAN_POINT('',(53.87,0.4,5.65));
#1008 = LINE('',#1009,#1010);
#1009 = CARTESIAN_POINT('',(53.87,-5.E-02,5.65));
#1010 = VECTOR('',#1011,1.);
#1011 = DIRECTION('',(-0.,1.,0.));
#1012 = ORIENTED_EDGE('',*,*,#1013,.T.);
#1013 = EDGE_CURVE('',#1006,#1014,#1016,.T.);
#1014 = VERTEX_POINT('',#1015);
#1015 = CARTESIAN_POINT('',(53.87,0.4,7.4));
#1016 = LINE('',#1017,#1018);
#1017 = CARTESIAN_POINT('',(53.87,0.4,5.65));
#1018 = VECTOR('',#1019,1.);
#1019 = DIRECTION('',(0.,0.,1.));
#1020 = ORIENTED_EDGE('',*,*,#1021,.F.);
#1021 = EDGE_CURVE('',#512,#1014,#1022,.T.);
#1022 = LINE('',#1023,#1024);
#1023 = CARTESIAN_POINT('',(53.87,-5.E-02,7.4));
#1024 = VECTOR('',#1025,1.);
#1025 = DIRECTION('',(-0.,1.,0.));
#1026 = PLANE('',#1027);
#1027 = AXIS2_PLACEMENT_3D('',#1028,#1029,#1030);
#1028 = CARTESIAN_POINT('',(53.87,-5.E-02,5.65));
#1029 = DIRECTION('',(1.,0.,-0.));
#1030 = DIRECTION('',(0.,0.,1.));
#1031 = ADVANCED_FACE('',(#1032),#1043,.T.);
#1032 = FACE_BOUND('',#1033,.F.);
#1033 = EDGE_LOOP('',(#1034,#1041,#1042));
#1034 = ORIENTED_EDGE('',*,*,#1035,.F.);
#1035 = EDGE_CURVE('',#846,#577,#1036,.T.);
#1036 = CIRCLE('',#1037,0.3);
#1037 = AXIS2_PLACEMENT_3D('',#1038,#1039,#1040);
#1038 = CARTESIAN_POINT('',(57.2,0.3,0.3));
#1039 = DIRECTION('',(0.,-1.,0.));
#1040 = DIRECTION('',(1.,0.,0.));
#1041 = ORIENTED_EDGE('',*,*,#877,.T.);
#1042 = ORIENTED_EDGE('',*,*,#584,.F.);
#1043 = SPHERICAL_SURFACE('',#1044,0.3);
#1044 = AXIS2_PLACEMENT_3D('',#1045,#1046,#1047);
#1045 = CARTESIAN_POINT('',(57.2,0.3,0.3));
#1046 = DIRECTION('',(0.,0.,1.));
#1047 = DIRECTION('',(1.,0.,-0.));
#1048 = ADVANCED_FACE('',(#1049),#1067,.T.);
#1049 = FACE_BOUND('',#1050,.T.);
#1050 = EDGE_LOOP('',(#1051,#1052,#1059,#1060));
#1051 = ORIENTED_EDGE('',*,*,#610,.F.);
#1052 = ORIENTED_EDGE('',*,*,#1053,.T.);
#1053 = EDGE_CURVE('',#603,#823,#1054,.T.);
#1054 = CIRCLE('',#1055,0.3);
#1055 = AXIS2_PLACEMENT_3D('',#1056,#1057,#1058);
#1056 = CARTESIAN_POINT('',(57.2,12.2,0.3));
#1057 = DIRECTION('',(0.,0.,1.));
#1058 = DIRECTION('',(1.,0.,-0.));
#1059 = ORIENTED_EDGE('',*,*,#822,.T.);
#1060 = ORIENTED_EDGE('',*,*,#1061,.T.);
#1061 = EDGE_CURVE('',#815,#611,#1062,.T.);
#1062 = CIRCLE('',#1063,0.3);
#1063 = AXIS2_PLACEMENT_3D('',#1064,#1065,#1066);
#1064 = CARTESIAN_POINT('',(57.2,12.2,10.3));
#1065 = DIRECTION('',(0.,0.,-1.));
#1066 = DIRECTION('',(1.,0.,0.));
#1067 = CYLINDRICAL_SURFACE('',#1068,0.3);
#1068 = AXIS2_PLACEMENT_3D('',#1069,#1070,#1071);
#1069 = CARTESIAN_POINT('',(57.2,12.2,0.));
#1070 = DIRECTION('',(0.,0.,1.));
#1071 = DIRECTION('',(1.,0.,-0.));
#1072 = ADVANCED_FACE('',(#1073),#1085,.T.);
#1073 = FACE_BOUND('',#1074,.T.);
#1074 = EDGE_LOOP('',(#1075,#1076,#1077,#1084));
#1075 = ORIENTED_EDGE('',*,*,#1035,.F.);
#1076 = ORIENTED_EDGE('',*,*,#853,.T.);
#1077 = ORIENTED_EDGE('',*,*,#1078,.T.);
#1078 = EDGE_CURVE('',#854,#603,#1079,.T.);
#1079 = CIRCLE('',#1080,0.3);
#1080 = AXIS2_PLACEMENT_3D('',#1081,#1082,#1083);
#1081 = CARTESIAN_POINT('',(57.2,12.2,0.3));
#1082 = DIRECTION('',(0.,-1.,0.));
#1083 = DIRECTION('',(1.,0.,0.));
#1084 = ORIENTED_EDGE('',*,*,#602,.F.);
#1085 = CYLINDRICAL_SURFACE('',#1086,0.3);
#1086 = AXIS2_PLACEMENT_3D('',#1087,#1088,#1089);
#1087 = CARTESIAN_POINT('',(57.2,0.,0.3));
#1088 = DIRECTION('',(-0.,1.,0.));
#1089 = DIRECTION('',(1.,0.,-0.));
#1090 = ADVANCED_FACE('',(#1091),#1102,.T.);
#1091 = FACE_BOUND('',#1092,.T.);
#1092 = EDGE_LOOP('',(#1093,#1094,#1101));
#1093 = ORIENTED_EDGE('',*,*,#1061,.F.);
#1094 = ORIENTED_EDGE('',*,*,#1095,.T.);
#1095 = EDGE_CURVE('',#815,#635,#1096,.T.);
#1096 = CIRCLE('',#1097,0.3);
#1097 = AXIS2_PLACEMENT_3D('',#1098,#1099,#1100);
#1098 = CARTESIAN_POINT('',(57.2,12.2,10.3));
#1099 = DIRECTION('',(1.,0.,-6.123233995737E-17));
#1100 = DIRECTION('',(6.123233995737E-17,0.,1.));
#1101 = ORIENTED_EDGE('',*,*,#642,.F.);
#1102 = SPHERICAL_SURFACE('',#1103,0.3);
#1103 = AXIS2_PLACEMENT_3D('',#1104,#1105,#1106);
#1104 = CARTESIAN_POINT('',(57.2,12.2,10.3));
#1105 = DIRECTION('',(0.,-1.,-0.));
#1106 = DIRECTION('',(1.,0.,0.));
#1107 = ADVANCED_FACE('',(#1108),#1114,.T.);
#1108 = FACE_BOUND('',#1109,.T.);
#1109 = EDGE_LOOP('',(#1110,#1111,#1112,#1113));
#1110 = ORIENTED_EDGE('',*,*,#780,.T.);
#1111 = ORIENTED_EDGE('',*,*,#684,.T.);
#1112 = ORIENTED_EDGE('',*,*,#1095,.F.);
#1113 = ORIENTED_EDGE('',*,*,#814,.F.);
#1114 = CYLINDRICAL_SURFACE('',#1115,0.3);
#1115 = AXIS2_PLACEMENT_3D('',#1116,#1117,#1118);
#1116 = CARTESIAN_POINT('',(52.5,12.2,10.3));
#1117 = DIRECTION('',(1.,0.,-0.));
#1118 = DIRECTION('',(0.,1.,0.));
#1119 = ADVANCED_FACE('',(#1120),#1131,.F.);
#1120 = FACE_BOUND('',#1121,.F.);
#1121 = EDGE_LOOP('',(#1122,#1123,#1124,#1125));
#1122 = ORIENTED_EDGE('',*,*,#755,.F.);
#1123 = ORIENTED_EDGE('',*,*,#668,.F.);
#1124 = ORIENTED_EDGE('',*,*,#699,.T.);
#1125 = ORIENTED_EDGE('',*,*,#1126,.F.);
#1126 = EDGE_CURVE('',#756,#700,#1127,.T.);
#1127 = LINE('',#1128,#1129);
#1128 = CARTESIAN_POINT('',(53.05,9.7,8.45));
#1129 = VECTOR('',#1130,1.);
#1130 = DIRECTION('',(1.,0.,0.));
#1131 = PLANE('',#1132);
#1132 = AXIS2_PLACEMENT_3D('',#1133,#1134,#1135);
#1133 = CARTESIAN_POINT('',(53.05,9.7,10.8));
#1134 = DIRECTION('',(-0.,1.,0.));
#1135 = DIRECTION('',(0.,0.,-1.));
#1136 = ADVANCED_FACE('',(#1137),#1143,.F.);
#1137 = FACE_BOUND('',#1138,.F.);
#1138 = EDGE_LOOP('',(#1139,#1140,#1141,#1142));
#1139 = ORIENTED_EDGE('',*,*,#1126,.T.);
#1140 = ORIENTED_EDGE('',*,*,#707,.T.);
#1141 = ORIENTED_EDGE('',*,*,#738,.F.);
#1142 = ORIENTED_EDGE('',*,*,#763,.F.);
#1143 = PLANE('',#1144);
#1144 = AXIS2_PLACEMENT_3D('',#1145,#1146,#1147);
#1145 = CARTESIAN_POINT('',(53.05,9.7,8.45));
#1146 = DIRECTION('',(0.,0.,-1.));
#1147 = DIRECTION('',(0.,-1.,0.));
#1148 = ADVANCED_FACE('',(#1149),#1161,.T.);
#1149 = FACE_BOUND('',#1150,.F.);
#1150 = EDGE_LOOP('',(#1151,#1152,#1153,#1160));
#1151 = ORIENTED_EDGE('',*,*,#797,.F.);
#1152 = ORIENTED_EDGE('',*,*,#861,.T.);
#1153 = ORIENTED_EDGE('',*,*,#1154,.T.);
#1154 = EDGE_CURVE('',#854,#823,#1155,.T.);
#1155 = CIRCLE('',#1156,0.3);
#1156 = AXIS2_PLACEMENT_3D('',#1157,#1158,#1159);
#1157 = CARTESIAN_POINT('',(57.2,12.2,0.3));
#1158 = DIRECTION('',(1.,-6.123233995737E-17,0.));
#1159 = DIRECTION('',(6.123233995737E-17,1.,0.));
#1160 = ORIENTED_EDGE('',*,*,#830,.F.);
#1161 = CYLINDRICAL_SURFACE('',#1162,0.3);
#1162 = AXIS2_PLACEMENT_3D('',#1163,#1164,#1165);
#1163 = CARTESIAN_POINT('',(52.5,12.2,0.3));
#1164 = DIRECTION('',(1.,0.,-0.));
#1165 = DIRECTION('',(0.,1.,0.));
#1166 = ADVANCED_FACE('',(#1167),#1172,.T.);
#1167 = FACE_BOUND('',#1168,.T.);
#1168 = EDGE_LOOP('',(#1169,#1170,#1171));
#1169 = ORIENTED_EDGE('',*,*,#1078,.F.);
#1170 = ORIENTED_EDGE('',*,*,#1154,.T.);
#1171 = ORIENTED_EDGE('',*,*,#1053,.F.);
#1172 = SPHERICAL_SURFACE('',#1173,0.3);
#1173 = AXIS2_PLACEMENT_3D('',#1174,#1175,#1176);
#1174 = CARTESIAN_POINT('',(57.2,12.2,0.3));
#1175 = DIRECTION('',(0.,0.,1.));
#1176 = DIRECTION('',(1.,0.,-0.));
#1177 = ADVANCED_FACE('',(#1178),#1221,.T.);
#1178 = FACE_BOUND('',#1179,.T.);
#1179 = EDGE_LOOP('',(#1180,#1188,#1189,#1190,#1191,#1199,#1207,#1215));
#1180 = ORIENTED_EDGE('',*,*,#1181,.T.);
#1181 = EDGE_CURVE('',#1182,#903,#1184,.T.);
#1182 = VERTEX_POINT('',#1183);
#1183 = CARTESIAN_POINT('',(56.55,0.4,5.65));
#1184 = LINE('',#1185,#1186);
#1185 = CARTESIAN_POINT('',(53.27,0.4,5.65));
#1186 = VECTOR('',#1187,1.);
#1187 = DIRECTION('',(1.,0.,-0.));
#1188 = ORIENTED_EDGE('',*,*,#910,.F.);
#1189 = ORIENTED_EDGE('',*,*,#486,.F.);
#1190 = ORIENTED_EDGE('',*,*,#950,.T.);
#1191 = ORIENTED_EDGE('',*,*,#1192,.F.);
#1192 = EDGE_CURVE('',#1193,#951,#1195,.T.);
#1193 = VERTEX_POINT('',#1194);
#1194 = CARTESIAN_POINT('',(55.95,0.4,5.65));
#1195 = LINE('',#1196,#1197);
#1196 = CARTESIAN_POINT('',(53.27,0.4,5.65));
#1197 = VECTOR('',#1198,1.);
#1198 = DIRECTION('',(1.,0.,-0.));
#1199 = ORIENTED_EDGE('',*,*,#1200,.T.);
#1200 = EDGE_CURVE('',#1193,#1201,#1203,.T.);
#1201 = VERTEX_POINT('',#1202);
#1202 = CARTESIAN_POINT('',(55.95,4.35,5.65));
#1203 = LINE('',#1204,#1205);
#1204 = CARTESIAN_POINT('',(55.95,0.4,5.65));
#1205 = VECTOR('',#1206,1.);
#1206 = DIRECTION('',(-0.,1.,0.));
#1207 = ORIENTED_EDGE('',*,*,#1208,.T.);
#1208 = EDGE_CURVE('',#1201,#1209,#1211,.T.);
#1209 = VERTEX_POINT('',#1210);
#1210 = CARTESIAN_POINT('',(56.55,4.35,5.65));
#1211 = LINE('',#1212,#1213);
#1212 = CARTESIAN_POINT('',(53.45,4.35,5.65));
#1213 = VECTOR('',#1214,1.);
#1214 = DIRECTION('',(1.,0.,-0.));
#1215 = ORIENTED_EDGE('',*,*,#1216,.F.);
#1216 = EDGE_CURVE('',#1182,#1209,#1217,.T.);
#1217 = LINE('',#1218,#1219);
#1218 = CARTESIAN_POINT('',(56.55,0.4,5.65));
#1219 = VECTOR('',#1220,1.);
#1220 = DIRECTION('',(-0.,1.,0.));
#1221 = PLANE('',#1222);
#1222 = AXIS2_PLACEMENT_3D('',#1223,#1224,#1225);
#1223 = CARTESIAN_POINT('',(56.277719298246,2.112719298246,5.65));
#1224 = DIRECTION('',(-0.,-0.,-1.));
#1225 = DIRECTION('',(-1.,0.,0.));
#1226 = ADVANCED_FACE('',(#1227),#1252,.F.);
#1227 = FACE_BOUND('',#1228,.F.);
#1228 = EDGE_LOOP('',(#1229,#1237,#1238,#1246));
#1229 = ORIENTED_EDGE('',*,*,#1230,.F.);
#1230 = EDGE_CURVE('',#1193,#1231,#1233,.T.);
#1231 = VERTEX_POINT('',#1232);
#1232 = CARTESIAN_POINT('',(55.95,0.4,7.4));
#1233 = LINE('',#1234,#1235);
#1234 = CARTESIAN_POINT('',(55.95,0.4,5.65));
#1235 = VECTOR('',#1236,1.);
#1236 = DIRECTION('',(0.,0.,1.));
#1237 = ORIENTED_EDGE('',*,*,#1200,.T.);
#1238 = ORIENTED_EDGE('',*,*,#1239,.T.);
#1239 = EDGE_CURVE('',#1201,#1240,#1242,.T.);
#1240 = VERTEX_POINT('',#1241);
#1241 = CARTESIAN_POINT('',(55.95,4.35,7.4));
#1242 = LINE('',#1243,#1244);
#1243 = CARTESIAN_POINT('',(55.95,4.35,5.65));
#1244 = VECTOR('',#1245,1.);
#1245 = DIRECTION('',(0.,0.,1.));
#1246 = ORIENTED_EDGE('',*,*,#1247,.F.);
#1247 = EDGE_CURVE('',#1231,#1240,#1248,.T.);
#1248 = LINE('',#1249,#1250);
#1249 = CARTESIAN_POINT('',(55.95,0.4,7.4));
#1250 = VECTOR('',#1251,1.);
#1251 = DIRECTION('',(-0.,1.,0.));
#1252 = PLANE('',#1253);
#1253 = AXIS2_PLACEMENT_3D('',#1254,#1255,#1256);
#1254 = CARTESIAN_POINT('',(55.95,0.4,5.65));
#1255 = DIRECTION('',(1.,0.,-0.));
#1256 = DIRECTION('',(0.,0.,1.));
#1257 = ADVANCED_FACE('',(#1258),#1283,.F.);
#1258 = FACE_BOUND('',#1259,.F.);
#1259 = EDGE_LOOP('',(#1260,#1268,#1276,#1282));
#1260 = ORIENTED_EDGE('',*,*,#1261,.F.);
#1261 = EDGE_CURVE('',#1262,#1182,#1264,.T.);
#1262 = VERTEX_POINT('',#1263);
#1263 = CARTESIAN_POINT('',(56.55,0.4,2.25));
#1264 = LINE('',#1265,#1266);
#1265 = CARTESIAN_POINT('',(56.55,0.4,2.25));
#1266 = VECTOR('',#1267,1.);
#1267 = DIRECTION('',(0.,0.,1.));
#1268 = ORIENTED_EDGE('',*,*,#1269,.T.);
#1269 = EDGE_CURVE('',#1262,#1270,#1272,.T.);
#1270 = VERTEX_POINT('',#1271);
#1271 = CARTESIAN_POINT('',(56.55,4.35,2.25));
#1272 = LINE('',#1273,#1274);
#1273 = CARTESIAN_POINT('',(56.55,0.4,2.25));
#1274 = VECTOR('',#1275,1.);
#1275 = DIRECTION('',(-0.,1.,0.));
#1276 = ORIENTED_EDGE('',*,*,#1277,.T.);
#1277 = EDGE_CURVE('',#1270,#1209,#1278,.T.);
#1278 = LINE('',#1279,#1280);
#1279 = CARTESIAN_POINT('',(56.55,4.35,2.25));
#1280 = VECTOR('',#1281,1.);
#1281 = DIRECTION('',(0.,0.,1.));
#1282 = ORIENTED_EDGE('',*,*,#1216,.F.);
#1283 = PLANE('',#1284);
#1284 = AXIS2_PLACEMENT_3D('',#1285,#1286,#1287);
#1285 = CARTESIAN_POINT('',(56.55,0.4,2.25));
#1286 = DIRECTION('',(1.,0.,-0.));
#1287 = DIRECTION('',(0.,0.,1.));
#1288 = ADVANCED_FACE('',(#1289),#1316,.F.);
#1289 = FACE_BOUND('',#1290,.F.);
#1290 = EDGE_LOOP('',(#1291,#1300,#1301,#1310));
#1291 = ORIENTED_EDGE('',*,*,#1292,.F.);
#1292 = EDGE_CURVE('',#1270,#1293,#1295,.T.);
#1293 = VERTEX_POINT('',#1294);
#1294 = CARTESIAN_POINT('',(53.45,4.35,2.25));
#1295 = CIRCLE('',#1296,1.55);
#1296 = AXIS2_PLACEMENT_3D('',#1297,#1298,#1299);
#1297 = CARTESIAN_POINT('',(55.,4.35,2.25));
#1298 = DIRECTION('',(0.,1.,0.));
#1299 = DIRECTION('',(0.,-0.,1.));
#1300 = ORIENTED_EDGE('',*,*,#1269,.F.);
#1301 = ORIENTED_EDGE('',*,*,#1302,.T.);
#1302 = EDGE_CURVE('',#1262,#1303,#1305,.T.);
#1303 = VERTEX_POINT('',#1304);
#1304 = CARTESIAN_POINT('',(53.45,0.4,2.25));
#1305 = CIRCLE('',#1306,1.55);
#1306 = AXIS2_PLACEMENT_3D('',#1307,#1308,#1309);
#1307 = CARTESIAN_POINT('',(55.,0.4,2.25));
#1308 = DIRECTION('',(0.,1.,0.));
#1309 = DIRECTION('',(0.,-0.,1.));
#1310 = ORIENTED_EDGE('',*,*,#1311,.T.);
#1311 = EDGE_CURVE('',#1303,#1293,#1312,.T.);
#1312 = LINE('',#1313,#1314);
#1313 = CARTESIAN_POINT('',(53.45,0.4,2.25));
#1314 = VECTOR('',#1315,1.);
#1315 = DIRECTION('',(-0.,1.,0.));
#1316 = CYLINDRICAL_SURFACE('',#1317,1.55);
#1317 = AXIS2_PLACEMENT_3D('',#1318,#1319,#1320);
#1318 = CARTESIAN_POINT('',(55.,0.4,2.25));
#1319 = DIRECTION('',(0.,1.,0.));
#1320 = DIRECTION('',(0.,-0.,1.));
#1321 = ADVANCED_FACE('',(#1322),#1347,.T.);
#1322 = FACE_BOUND('',#1323,.T.);
#1323 = EDGE_LOOP('',(#1324,#1332,#1333,#1341));
#1324 = ORIENTED_EDGE('',*,*,#1325,.F.);
#1325 = EDGE_CURVE('',#1303,#1326,#1328,.T.);
#1326 = VERTEX_POINT('',#1327);
#1327 = CARTESIAN_POINT('',(53.45,0.4,5.65));
#1328 = LINE('',#1329,#1330);
#1329 = CARTESIAN_POINT('',(53.45,0.4,2.25));
#1330 = VECTOR('',#1331,1.);
#1331 = DIRECTION('',(0.,0.,1.));
#1332 = ORIENTED_EDGE('',*,*,#1311,.T.);
#1333 = ORIENTED_EDGE('',*,*,#1334,.T.);
#1334 = EDGE_CURVE('',#1293,#1335,#1337,.T.);
#1335 = VERTEX_POINT('',#1336);
#1336 = CARTESIAN_POINT('',(53.45,4.35,5.65));
#1337 = LINE('',#1338,#1339);
#1338 = CARTESIAN_POINT('',(53.45,4.35,2.25));
#1339 = VECTOR('',#1340,1.);
#1340 = DIRECTION('',(0.,0.,1.));
#1341 = ORIENTED_EDGE('',*,*,#1342,.F.);
#1342 = EDGE_CURVE('',#1326,#1335,#1343,.T.);
#1343 = LINE('',#1344,#1345);
#1344 = CARTESIAN_POINT('',(53.45,0.4,5.65));
#1345 = VECTOR('',#1346,1.);
#1346 = DIRECTION('',(-0.,1.,0.));
#1347 = PLANE('',#1348);
#1348 = AXIS2_PLACEMENT_3D('',#1349,#1350,#1351);
#1349 = CARTESIAN_POINT('',(53.45,0.4,2.25));
#1350 = DIRECTION('',(1.,0.,-0.));
#1351 = DIRECTION('',(0.,0.,1.));
#1352 = ADVANCED_FACE('',(#1353),#1387,.T.);
#1353 = FACE_BOUND('',#1354,.T.);
#1354 = EDGE_LOOP('',(#1355,#1361,#1362,#1370,#1378,#1384,#1385,#1386));
#1355 = ORIENTED_EDGE('',*,*,#1356,.T.);
#1356 = EDGE_CURVE('',#983,#1326,#1357,.T.);
#1357 = LINE('',#1358,#1359);
#1358 = CARTESIAN_POINT('',(53.27,0.4,5.65));
#1359 = VECTOR('',#1360,1.);
#1360 = DIRECTION('',(1.,0.,-0.));
#1361 = ORIENTED_EDGE('',*,*,#1342,.T.);
#1362 = ORIENTED_EDGE('',*,*,#1363,.T.);
#1363 = EDGE_CURVE('',#1335,#1364,#1366,.T.);
#1364 = VERTEX_POINT('',#1365);
#1365 = CARTESIAN_POINT('',(54.05,4.35,5.65));
#1366 = LINE('',#1367,#1368);
#1367 = CARTESIAN_POINT('',(53.45,4.35,5.65));
#1368 = VECTOR('',#1369,1.);
#1369 = DIRECTION('',(1.,0.,-0.));
#1370 = ORIENTED_EDGE('',*,*,#1371,.F.);
#1371 = EDGE_CURVE('',#1372,#1364,#1374,.T.);
#1372 = VERTEX_POINT('',#1373);
#1373 = CARTESIAN_POINT('',(54.05,0.4,5.65));
#1374 = LINE('',#1375,#1376);
#1375 = CARTESIAN_POINT('',(54.05,0.4,5.65));
#1376 = VECTOR('',#1377,1.);
#1377 = DIRECTION('',(-0.,1.,0.));
#1378 = ORIENTED_EDGE('',*,*,#1379,.F.);
#1379 = EDGE_CURVE('',#1006,#1372,#1380,.T.);
#1380 = LINE('',#1381,#1382);
#1381 = CARTESIAN_POINT('',(53.27,0.4,5.65));
#1382 = VECTOR('',#1383,1.);
#1383 = DIRECTION('',(1.,0.,-0.));
#1384 = ORIENTED_EDGE('',*,*,#1005,.F.);
#1385 = ORIENTED_EDGE('',*,*,#528,.F.);
#1386 = ORIENTED_EDGE('',*,*,#990,.T.);
#1387 = PLANE('',#1388);
#1388 = AXIS2_PLACEMENT_3D('',#1389,#1390,#1391);
#1389 = CARTESIAN_POINT('',(53.722280701754,2.112719298246,5.65));
#1390 = DIRECTION('',(-0.,-0.,-1.));
#1391 = DIRECTION('',(-1.,0.,0.));
#1392 = ADVANCED_FACE('',(#1393),#1418,.T.);
#1393 = FACE_BOUND('',#1394,.T.);
#1394 = EDGE_LOOP('',(#1395,#1403,#1404,#1412));
#1395 = ORIENTED_EDGE('',*,*,#1396,.F.);
#1396 = EDGE_CURVE('',#1372,#1397,#1399,.T.);
#1397 = VERTEX_POINT('',#1398);
#1398 = CARTESIAN_POINT('',(54.05,0.4,7.4));
#1399 = LINE('',#1400,#1401);
#1400 = CARTESIAN_POINT('',(54.05,0.4,5.65));
#1401 = VECTOR('',#1402,1.);
#1402 = DIRECTION('',(0.,0.,1.));
#1403 = ORIENTED_EDGE('',*,*,#1371,.T.);
#1404 = ORIENTED_EDGE('',*,*,#1405,.T.);
#1405 = EDGE_CURVE('',#1364,#1406,#1408,.T.);
#1406 = VERTEX_POINT('',#1407);
#1407 = CARTESIAN_POINT('',(54.05,4.35,7.4));
#1408 = LINE('',#1409,#1410);
#1409 = CARTESIAN_POINT('',(54.05,4.35,5.65));
#1410 = VECTOR('',#1411,1.);
#1411 = DIRECTION('',(0.,0.,1.));
#1412 = ORIENTED_EDGE('',*,*,#1413,.F.);
#1413 = EDGE_CURVE('',#1397,#1406,#1414,.T.);
#1414 = LINE('',#1415,#1416);
#1415 = CARTESIAN_POINT('',(54.05,0.4,7.4));
#1416 = VECTOR('',#1417,1.);
#1417 = DIRECTION('',(-0.,1.,0.));
#1418 = PLANE('',#1419);
#1419 = AXIS2_PLACEMENT_3D('',#1420,#1421,#1422);
#1420 = CARTESIAN_POINT('',(54.05,0.4,5.65));
#1421 = DIRECTION('',(1.,0.,-0.));
#1422 = DIRECTION('',(0.,0.,1.));
#1423 = ADVANCED_FACE('',(#1424),#1434,.T.);
#1424 = FACE_BOUND('',#1425,.T.);
#1425 = EDGE_LOOP('',(#1426,#1427,#1428,#1429,#1430,#1431,#1432,#1433));
#1426 = ORIENTED_EDGE('',*,*,#902,.T.);
#1427 = ORIENTED_EDGE('',*,*,#1181,.F.);
#1428 = ORIENTED_EDGE('',*,*,#1261,.F.);
#1429 = ORIENTED_EDGE('',*,*,#1302,.T.);
#1430 = ORIENTED_EDGE('',*,*,#1325,.T.);
#1431 = ORIENTED_EDGE('',*,*,#1356,.F.);
#1432 = ORIENTED_EDGE('',*,*,#982,.F.);
#1433 = ORIENTED_EDGE('',*,*,#924,.F.);
#1434 = PLANE('',#1435);
#1435 = AXIS2_PLACEMENT_3D('',#1436,#1437,#1438);
#1436 = CARTESIAN_POINT('',(55.,0.4,2.880205591296));
#1437 = DIRECTION('',(-0.,-1.,-0.));
#1438 = DIRECTION('',(0.,0.,-1.));
#1439 = ADVANCED_FACE('',(#1440),#1480,.T.);
#1440 = FACE_BOUND('',#1441,.T.);
#1441 = EDGE_LOOP('',(#1442,#1443,#1444,#1453,#1460,#1461,#1462,#1463,
    #1472,#1479));
#1442 = ORIENTED_EDGE('',*,*,#1192,.T.);
#1443 = ORIENTED_EDGE('',*,*,#958,.T.);
#1444 = ORIENTED_EDGE('',*,*,#1445,.F.);
#1445 = EDGE_CURVE('',#1446,#959,#1448,.T.);
#1446 = VERTEX_POINT('',#1447);
#1447 = CARTESIAN_POINT('',(55.,0.4,8.53));
#1448 = CIRCLE('',#1449,1.13);
#1449 = AXIS2_PLACEMENT_3D('',#1450,#1451,#1452);
#1450 = CARTESIAN_POINT('',(55.,0.4,7.4));
#1451 = DIRECTION('',(0.,1.,0.));
#1452 = DIRECTION('',(0.,-0.,1.));
#1453 = ORIENTED_EDGE('',*,*,#1454,.F.);
#1454 = EDGE_CURVE('',#1014,#1446,#1455,.T.);
#1455 = CIRCLE('',#1456,1.13);
#1456 = AXIS2_PLACEMENT_3D('',#1457,#1458,#1459);
#1457 = CARTESIAN_POINT('',(55.,0.4,7.4));
#1458 = DIRECTION('',(0.,1.,0.));
#1459 = DIRECTION('',(0.,-0.,1.));
#1460 = ORIENTED_EDGE('',*,*,#1013,.F.);
#1461 = ORIENTED_EDGE('',*,*,#1379,.T.);
#1462 = ORIENTED_EDGE('',*,*,#1396,.T.);
#1463 = ORIENTED_EDGE('',*,*,#1464,.T.);
#1464 = EDGE_CURVE('',#1397,#1465,#1467,.T.);
#1465 = VERTEX_POINT('',#1466);
#1466 = CARTESIAN_POINT('',(55.,0.4,8.35));
#1467 = CIRCLE('',#1468,0.95);
#1468 = AXIS2_PLACEMENT_3D('',#1469,#1470,#1471);
#1469 = CARTESIAN_POINT('',(55.,0.4,7.4));
#1470 = DIRECTION('',(0.,1.,0.));
#1471 = DIRECTION('',(0.,-0.,1.));
#1472 = ORIENTED_EDGE('',*,*,#1473,.T.);
#1473 = EDGE_CURVE('',#1465,#1231,#1474,.T.);
#1474 = CIRCLE('',#1475,0.95);
#1475 = AXIS2_PLACEMENT_3D('',#1476,#1477,#1478);
#1476 = CARTESIAN_POINT('',(55.,0.4,7.4));
#1477 = DIRECTION('',(0.,1.,0.));
#1478 = DIRECTION('',(0.,-0.,1.));
#1479 = ORIENTED_EDGE('',*,*,#1230,.F.);
#1480 = PLANE('',#1481);
#1481 = AXIS2_PLACEMENT_3D('',#1482,#1483,#1484);
#1482 = CARTESIAN_POINT('',(55.,0.4,7.215868321793));
#1483 = DIRECTION('',(-0.,-1.,-0.));
#1484 = DIRECTION('',(0.,0.,-1.));
#1485 = ADVANCED_FACE('',(#1486),#1511,.T.);
#1486 = FACE_BOUND('',#1487,.T.);
#1487 = EDGE_LOOP('',(#1488,#1489,#1490,#1491,#1500,#1507,#1508,#1509,
    #1510));
#1488 = ORIENTED_EDGE('',*,*,#1277,.T.);
#1489 = ORIENTED_EDGE('',*,*,#1208,.F.);
#1490 = ORIENTED_EDGE('',*,*,#1239,.T.);
#1491 = ORIENTED_EDGE('',*,*,#1492,.F.);
#1492 = EDGE_CURVE('',#1493,#1240,#1495,.T.);
#1493 = VERTEX_POINT('',#1494);
#1494 = CARTESIAN_POINT('',(55.,4.35,8.35));
#1495 = CIRCLE('',#1496,0.95);
#1496 = AXIS2_PLACEMENT_3D('',#1497,#1498,#1499);
#1497 = CARTESIAN_POINT('',(55.,4.35,7.4));
#1498 = DIRECTION('',(0.,1.,0.));
#1499 = DIRECTION('',(0.,-0.,1.));
#1500 = ORIENTED_EDGE('',*,*,#1501,.F.);
#1501 = EDGE_CURVE('',#1406,#1493,#1502,.T.);
#1502 = CIRCLE('',#1503,0.95);
#1503 = AXIS2_PLACEMENT_3D('',#1504,#1505,#1506);
#1504 = CARTESIAN_POINT('',(55.,4.35,7.4));
#1505 = DIRECTION('',(0.,1.,0.));
#1506 = DIRECTION('',(0.,-0.,1.));
#1507 = ORIENTED_EDGE('',*,*,#1405,.F.);
#1508 = ORIENTED_EDGE('',*,*,#1363,.F.);
#1509 = ORIENTED_EDGE('',*,*,#1334,.F.);
#1510 = ORIENTED_EDGE('',*,*,#1292,.F.);
#1511 = PLANE('',#1512);
#1512 = AXIS2_PLACEMENT_3D('',#1513,#1514,#1515);
#1513 = CARTESIAN_POINT('',(55.,4.35,4.521140854833));
#1514 = DIRECTION('',(-0.,-1.,-0.));
#1515 = DIRECTION('',(0.,0.,-1.));
#1516 = ADVANCED_FACE('',(#1517),#1525,.F.);
#1517 = FACE_BOUND('',#1518,.F.);
#1518 = EDGE_LOOP('',(#1519,#1520,#1521,#1522,#1523,#1524));
#1519 = ORIENTED_EDGE('',*,*,#1021,.F.);
#1520 = ORIENTED_EDGE('',*,*,#511,.T.);
#1521 = ORIENTED_EDGE('',*,*,#502,.T.);
#1522 = ORIENTED_EDGE('',*,*,#966,.T.);
#1523 = ORIENTED_EDGE('',*,*,#1445,.F.);
#1524 = ORIENTED_EDGE('',*,*,#1454,.F.);
#1525 = CYLINDRICAL_SURFACE('',#1526,1.13);
#1526 = AXIS2_PLACEMENT_3D('',#1527,#1528,#1529);
#1527 = CARTESIAN_POINT('',(55.,-5.E-02,7.4));
#1528 = DIRECTION('',(0.,1.,0.));
#1529 = DIRECTION('',(0.,-0.,1.));
#1530 = ADVANCED_FACE('',(#1531),#1539,.F.);
#1531 = FACE_BOUND('',#1532,.F.);
#1532 = EDGE_LOOP('',(#1533,#1534,#1535,#1536,#1537,#1538));
#1533 = ORIENTED_EDGE('',*,*,#1247,.T.);
#1534 = ORIENTED_EDGE('',*,*,#1492,.F.);
#1535 = ORIENTED_EDGE('',*,*,#1501,.F.);
#1536 = ORIENTED_EDGE('',*,*,#1413,.F.);
#1537 = ORIENTED_EDGE('',*,*,#1464,.T.);
#1538 = ORIENTED_EDGE('',*,*,#1473,.T.);
#1539 = CYLINDRICAL_SURFACE('',#1540,0.95);
#1540 = AXIS2_PLACEMENT_3D('',#1541,#1542,#1543);
#1541 = CARTESIAN_POINT('',(55.,0.4,7.4));
#1542 = DIRECTION('',(0.,1.,0.));
#1543 = DIRECTION('',(0.,-0.,1.));
#1544 = ( GEOMETRIC_REPRESENTATION_CONTEXT(3)
GLOBAL_UNCERTAINTY_ASSIGNED_CONTEXT((#1548))
GLOBAL_UNIT_ASSIGNED_CONTEXT((#1545,#1546,#1547)) REPRESENTATION_CONTEXT
('Context #1','3D Context with UNIT and UNCERTAINTY') );
#1545 = ( LENGTH_UNIT() NAMED_UNIT(*) SI_UNIT(.MILLI.,.METRE.) );
#1546 = ( NAMED_UNIT(*) PLANE_ANGLE_UNIT() SI_UNIT($,.RADIAN.) );
#1547 = ( NAMED_UNIT(*) SI_UNIT($,.STERADIAN.) SOLID_ANGLE_UNIT() );
#1548 = UNCERTAINTY_MEASURE_WITH_UNIT(LENGTH_MEASURE(1.E-07),#1545,
  'distance_accuracy_value','confusion accuracy');
#1549 = CONTEXT_DEPENDENT_SHAPE_REPRESENTATION(#1550,#1552);
#1550 = ( REPRESENTATION_RELATIONSHIP('','',#188,#10)
REPRESENTATION_RELATIONSHIP_WITH_TRANSFORMATION(#1551)
SHAPE_REPRESENTATION_RELATIONSHIP() );
#1551 = ITEM_DEFINED_TRANSFORMATION('','',#11,#15);
#1552 = PRODUCT_DEFINITION_SHAPE('Placement','Placement of an item',
  #1553);
#1553 = NEXT_ASSEMBLY_USAGE_OCCURRENCE('1','Housing P1','',#5,#183,$);
#1554 = PRODUCT_RELATED_PRODUCT_CATEGORY('part',$,(#185));
#1555 = SHAPE_DEFINITION_REPRESENTATION(#1556,#1562);
#1556 = PRODUCT_DEFINITION_SHAPE('','',#1557);
#1557 = PRODUCT_DEFINITION('design','',#1558,#1561);
#1558 = PRODUCT_DEFINITION_FORMATION('','',#1559);
#1559 = PRODUCT('Actuator P1','Actuator P1','',(#1560));
#1560 = PRODUCT_CONTEXT('',#2,'mechanical');
#1561 = PRODUCT_DEFINITION_CONTEXT('part definition',#2,'design');
#1562 = ADVANCED_BREP_SHAPE_REPRESENTATION('',(#11,#1563),#1781);
#1563 = MANIFOLD_SOLID_BREP('',#1564);
#1564 = CLOSED_SHELL('',(#1565,#1605,#1636,#1667,#1698,#1731,#1753,#1767
    ));
#1565 = ADVANCED_FACE('',(#1566),#1600,.T.);
#1566 = FACE_BOUND('',#1567,.T.);
#1567 = EDGE_LOOP('',(#1568,#1578,#1586,#1594));
#1568 = ORIENTED_EDGE('',*,*,#1569,.T.);
#1569 = EDGE_CURVE('',#1570,#1572,#1574,.T.);
#1570 = VERTEX_POINT('',#1571);
#1571 = CARTESIAN_POINT('',(53.1,-0.35,10.6));
#1572 = VERTEX_POINT('',#1573);
#1573 = CARTESIAN_POINT('',(56.9,-0.35,10.6));
#1574 = LINE('',#1575,#1576);
#1575 = CARTESIAN_POINT('',(53.1,-0.35,10.6));
#1576 = VECTOR('',#1577,1.);
#1577 = DIRECTION('',(1.,0.,0.));
#1578 = ORIENTED_EDGE('',*,*,#1579,.T.);
#1579 = EDGE_CURVE('',#1572,#1580,#1582,.T.);
#1580 = VERTEX_POINT('',#1581);
#1581 = CARTESIAN_POINT('',(56.9,9.45,10.6));
#1582 = LINE('',#1583,#1584);
#1583 = CARTESIAN_POINT('',(56.9,-0.35,10.6));
#1584 = VECTOR('',#1585,1.);
#1585 = DIRECTION('',(0.,1.,0.));
#1586 = ORIENTED_EDGE('',*,*,#1587,.F.);
#1587 = EDGE_CURVE('',#1588,#1580,#1590,.T.);
#1588 = VERTEX_POINT('',#1589);
#1589 = CARTESIAN_POINT('',(53.1,9.45,10.6));
#1590 = LINE('',#1591,#1592);
#1591 = CARTESIAN_POINT('',(53.1,9.45,10.6));
#1592 = VECTOR('',#1593,1.);
#1593 = DIRECTION('',(1.,0.,0.));
#1594 = ORIENTED_EDGE('',*,*,#1595,.F.);
#1595 = EDGE_CURVE('',#1570,#1588,#1596,.T.);
#1596 = LINE('',#1597,#1598);
#1597 = CARTESIAN_POINT('',(53.1,-0.35,10.6));
#1598 = VECTOR('',#1599,1.);
#1599 = DIRECTION('',(0.,1.,0.));
#1600 = PLANE('',#1601);
#1601 = AXIS2_PLACEMENT_3D('',#1602,#1603,#1604);
#1602 = CARTESIAN_POINT('',(53.1,-0.35,10.6));
#1603 = DIRECTION('',(0.,0.,1.));
#1604 = DIRECTION('',(0.,1.,0.));
#1605 = ADVANCED_FACE('',(#1606),#1631,.T.);
#1606 = FACE_BOUND('',#1607,.T.);
#1607 = EDGE_LOOP('',(#1608,#1618,#1624,#1625));
#1608 = ORIENTED_EDGE('',*,*,#1609,.T.);
#1609 = EDGE_CURVE('',#1610,#1612,#1614,.T.);
#1610 = VERTEX_POINT('',#1611);
#1611 = CARTESIAN_POINT('',(53.1,1.25,8.6));
#1612 = VERTEX_POINT('',#1613);
#1613 = CARTESIAN_POINT('',(56.9,1.25,8.6));
#1614 = LINE('',#1615,#1616);
#1615 = CARTESIAN_POINT('',(53.1,1.25,8.6));
#1616 = VECTOR('',#1617,1.);
#1617 = DIRECTION('',(1.,0.,0.));
#1618 = ORIENTED_EDGE('',*,*,#1619,.T.);
#1619 = EDGE_CURVE('',#1612,#1572,#1620,.T.);
#1620 = LINE('',#1621,#1622);
#1621 = CARTESIAN_POINT('',(56.9,1.25,8.6));
#1622 = VECTOR('',#1623,1.);
#1623 = DIRECTION('',(0.,-0.624695047554,0.780868809443));
#1624 = ORIENTED_EDGE('',*,*,#1569,.F.);
#1625 = ORIENTED_EDGE('',*,*,#1626,.F.);
#1626 = EDGE_CURVE('',#1610,#1570,#1627,.T.);
#1627 = LINE('',#1628,#1629);
#1628 = CARTESIAN_POINT('',(53.1,1.25,8.6));
#1629 = VECTOR('',#1630,1.);
#1630 = DIRECTION('',(0.,-0.624695047554,0.780868809443));
#1631 = PLANE('',#1632);
#1632 = AXIS2_PLACEMENT_3D('',#1633,#1634,#1635);
#1633 = CARTESIAN_POINT('',(53.1,1.25,8.6));
#1634 = DIRECTION('',(0.,-0.780868809443,-0.624695047554));
#1635 = DIRECTION('',(0.,-0.624695047554,0.780868809443));
#1636 = ADVANCED_FACE('',(#1637),#1662,.T.);
#1637 = FACE_BOUND('',#1638,.T.);
#1638 = EDGE_LOOP('',(#1639,#1647,#1648,#1656));
#1639 = ORIENTED_EDGE('',*,*,#1640,.F.);
#1640 = EDGE_CURVE('',#1588,#1641,#1643,.T.);
#1641 = VERTEX_POINT('',#1642);
#1642 = CARTESIAN_POINT('',(53.1,9.45,9.565923489271));
#1643 = LINE('',#1644,#1645);
#1644 = CARTESIAN_POINT('',(53.1,9.45,10.6));
#1645 = VECTOR('',#1646,1.);
#1646 = DIRECTION('',(0.,0.,-1.));
#1647 = ORIENTED_EDGE('',*,*,#1587,.T.);
#1648 = ORIENTED_EDGE('',*,*,#1649,.T.);
#1649 = EDGE_CURVE('',#1580,#1650,#1652,.T.);
#1650 = VERTEX_POINT('',#1651);
#1651 = CARTESIAN_POINT('',(56.9,9.45,9.565923489271));
#1652 = LINE('',#1653,#1654);
#1653 = CARTESIAN_POINT('',(56.9,9.45,10.6));
#1654 = VECTOR('',#1655,1.);
#1655 = DIRECTION('',(0.,0.,-1.));
#1656 = ORIENTED_EDGE('',*,*,#1657,.F.);
#1657 = EDGE_CURVE('',#1641,#1650,#1658,.T.);
#1658 = LINE('',#1659,#1660);
#1659 = CARTESIAN_POINT('',(53.1,9.45,9.565923489271));
#1660 = VECTOR('',#1661,1.);
#1661 = DIRECTION('',(1.,0.,0.));
#1662 = PLANE('',#1663);
#1663 = AXIS2_PLACEMENT_3D('',#1664,#1665,#1666);
#1664 = CARTESIAN_POINT('',(53.1,9.45,10.6));
#1665 = DIRECTION('',(-0.,1.,0.));
#1666 = DIRECTION('',(0.,0.,-1.));
#1667 = ADVANCED_FACE('',(#1668),#1693,.T.);
#1668 = FACE_BOUND('',#1669,.T.);
#1669 = EDGE_LOOP('',(#1670,#1680,#1686,#1687));
#1670 = ORIENTED_EDGE('',*,*,#1671,.T.);
#1671 = EDGE_CURVE('',#1672,#1674,#1676,.T.);
#1672 = VERTEX_POINT('',#1673);
#1673 = CARTESIAN_POINT('',(53.1,9.45,8.6));
#1674 = VERTEX_POINT('',#1675);
#1675 = CARTESIAN_POINT('',(56.9,9.45,8.6));
#1676 = LINE('',#1677,#1678);
#1677 = CARTESIAN_POINT('',(53.1,9.45,8.6));
#1678 = VECTOR('',#1679,1.);
#1679 = DIRECTION('',(1.,0.,0.));
#1680 = ORIENTED_EDGE('',*,*,#1681,.T.);
#1681 = EDGE_CURVE('',#1674,#1612,#1682,.T.);
#1682 = LINE('',#1683,#1684);
#1683 = CARTESIAN_POINT('',(56.9,9.45,8.6));
#1684 = VECTOR('',#1685,1.);
#1685 = DIRECTION('',(0.,-1.,0.));
#1686 = ORIENTED_EDGE('',*,*,#1609,.F.);
#1687 = ORIENTED_EDGE('',*,*,#1688,.F.);
#1688 = EDGE_CURVE('',#1672,#1610,#1689,.T.);
#1689 = LINE('',#1690,#1691);
#1690 = CARTESIAN_POINT('',(53.1,9.45,8.6));
#1691 = VECTOR('',#1692,1.);
#1692 = DIRECTION('',(0.,-1.,0.));
#1693 = PLANE('',#1694);
#1694 = AXIS2_PLACEMENT_3D('',#1695,#1696,#1697);
#1695 = CARTESIAN_POINT('',(53.1,9.45,8.6));
#1696 = DIRECTION('',(0.,0.,-1.));
#1697 = DIRECTION('',(0.,-1.,0.));
#1698 = ADVANCED_FACE('',(#1699),#1726,.T.);
#1699 = FACE_BOUND('',#1700,.T.);
#1700 = EDGE_LOOP('',(#1701,#1710,#1718,#1725));
#1701 = ORIENTED_EDGE('',*,*,#1702,.F.);
#1702 = EDGE_CURVE('',#1703,#1650,#1705,.T.);
#1703 = VERTEX_POINT('',#1704);
#1704 = CARTESIAN_POINT('',(56.9,9.45,8.834076510729));
#1705 = CIRCLE('',#1706,0.58);
#1706 = AXIS2_PLACEMENT_3D('',#1707,#1708,#1709);
#1707 = CARTESIAN_POINT('',(56.9,9.,9.2));
#1708 = DIRECTION('',(1.,0.,0.));
#1709 = DIRECTION('',(-0.,0.,1.));
#1710 = ORIENTED_EDGE('',*,*,#1711,.F.);
#1711 = EDGE_CURVE('',#1712,#1703,#1714,.T.);
#1712 = VERTEX_POINT('',#1713);
#1713 = CARTESIAN_POINT('',(53.1,9.45,8.834076510729));
#1714 = LINE('',#1715,#1716);
#1715 = CARTESIAN_POINT('',(53.1,9.45,8.834076510729));
#1716 = VECTOR('',#1717,1.);
#1717 = DIRECTION('',(1.,0.,0.));
#1718 = ORIENTED_EDGE('',*,*,#1719,.T.);
#1719 = EDGE_CURVE('',#1712,#1641,#1720,.T.);
#1720 = CIRCLE('',#1721,0.58);
#1721 = AXIS2_PLACEMENT_3D('',#1722,#1723,#1724);
#1722 = CARTESIAN_POINT('',(53.1,9.,9.2));
#1723 = DIRECTION('',(1.,0.,0.));
#1724 = DIRECTION('',(-0.,0.,1.));
#1725 = ORIENTED_EDGE('',*,*,#1657,.T.);
#1726 = CYLINDRICAL_SURFACE('',#1727,0.58);
#1727 = AXIS2_PLACEMENT_3D('',#1728,#1729,#1730);
#1728 = CARTESIAN_POINT('',(53.1,9.,9.2));
#1729 = DIRECTION('',(1.,0.,0.));
#1730 = DIRECTION('',(-0.,0.,1.));
#1731 = ADVANCED_FACE('',(#1732),#1748,.T.);
#1732 = FACE_BOUND('',#1733,.T.);
#1733 = EDGE_LOOP('',(#1734,#1740,#1741,#1747));
#1734 = ORIENTED_EDGE('',*,*,#1735,.F.);
#1735 = EDGE_CURVE('',#1712,#1672,#1736,.T.);
#1736 = LINE('',#1737,#1738);
#1737 = CARTESIAN_POINT('',(53.1,9.45,10.6));
#1738 = VECTOR('',#1739,1.);
#1739 = DIRECTION('',(0.,0.,-1.));
#1740 = ORIENTED_EDGE('',*,*,#1711,.T.);
#1741 = ORIENTED_EDGE('',*,*,#1742,.T.);
#1742 = EDGE_CURVE('',#1703,#1674,#1743,.T.);
#1743 = LINE('',#1744,#1745);
#1744 = CARTESIAN_POINT('',(56.9,9.45,10.6));
#1745 = VECTOR('',#1746,1.);
#1746 = DIRECTION('',(0.,0.,-1.));
#1747 = ORIENTED_EDGE('',*,*,#1671,.F.);
#1748 = PLANE('',#1749);
#1749 = AXIS2_PLACEMENT_3D('',#1750,#1751,#1752);
#1750 = CARTESIAN_POINT('',(53.1,9.45,10.6));
#1751 = DIRECTION('',(-0.,1.,0.));
#1752 = DIRECTION('',(0.,0.,-1.));
#1753 = ADVANCED_FACE('',(#1754),#1762,.T.);
#1754 = FACE_BOUND('',#1755,.T.);
#1755 = EDGE_LOOP('',(#1756,#1757,#1758,#1759,#1760,#1761));
#1756 = ORIENTED_EDGE('',*,*,#1626,.T.);
#1757 = ORIENTED_EDGE('',*,*,#1595,.T.);
#1758 = ORIENTED_EDGE('',*,*,#1640,.T.);
#1759 = ORIENTED_EDGE('',*,*,#1719,.F.);
#1760 = ORIENTED_EDGE('',*,*,#1735,.T.);
#1761 = ORIENTED_EDGE('',*,*,#1688,.T.);
#1762 = PLANE('',#1763);
#1763 = AXIS2_PLACEMENT_3D('',#1764,#1765,#1766);
#1764 = CARTESIAN_POINT('',(53.1,4.823284092834,9.669808456553));
#1765 = DIRECTION('',(-1.,-0.,-0.));
#1766 = DIRECTION('',(0.,0.,-1.));
#1767 = ADVANCED_FACE('',(#1768),#1776,.T.);
#1768 = FACE_BOUND('',#1769,.T.);
#1769 = EDGE_LOOP('',(#1770,#1771,#1772,#1773,#1774,#1775));
#1770 = ORIENTED_EDGE('',*,*,#1619,.F.);
#1771 = ORIENTED_EDGE('',*,*,#1681,.F.);
#1772 = ORIENTED_EDGE('',*,*,#1742,.F.);
#1773 = ORIENTED_EDGE('',*,*,#1702,.T.);
#1774 = ORIENTED_EDGE('',*,*,#1649,.F.);
#1775 = ORIENTED_EDGE('',*,*,#1579,.F.);
#1776 = PLANE('',#1777);
#1777 = AXIS2_PLACEMENT_3D('',#1778,#1779,#1780);
#1778 = CARTESIAN_POINT('',(56.9,4.823284092834,9.669808456553));
#1779 = DIRECTION('',(1.,0.,0.));
#1780 = DIRECTION('',(-0.,0.,1.));
#1781 = ( GEOMETRIC_REPRESENTATION_CONTEXT(3)
GLOBAL_UNCERTAINTY_ASSIGNED_CONTEXT((#1785))
GLOBAL_UNIT_ASSIGNED_CONTEXT((#1782,#1783,#1784)) REPRESENTATION_CONTEXT
('Context #1','3D Context with UNIT and UNCERTAINTY') );
#1782 = ( LENGTH_UNIT() NAMED_UNIT(*) SI_UNIT(.MILLI.,.METRE.) );
#1783 = ( NAMED_UNIT(*) PLANE_ANGLE_UNIT() SI_UNIT($,.RADIAN.) );
#1784 = ( NAMED_UNIT(*) SI_UNIT($,.STERADIAN.) SOLID_ANGLE_UNIT() );
#1785 = UNCERTAINTY_MEASURE_WITH_UNIT(LENGTH_MEASURE(1.E-07),#1782,
  'distance_accuracy_value','confusion accuracy');
#1786 = CONTEXT_DEPENDENT_SHAPE_REPRESENTATION(#1787,#1789);
#1787 = ( REPRESENTATION_RELATIONSHIP('','',#1562,#10)
REPRESENTATION_RELATIONSHIP_WITH_TRANSFORMATION(#1788)
SHAPE_REPRESENTATION_RELATIONSHIP() );
#1788 = ITEM_DEFINED_TRANSFORMATION('','',#11,#19);
#1789 = PRODUCT_DEFINITION_SHAPE('Placement','Placement of an item',
  #1790);
#1790 = NEXT_ASSEMBLY_USAGE_OCCURRENCE('2','Actuator P1','',#5,#1557,$);
#1791 = PRODUCT_RELATED_PRODUCT_CATEGORY('part',$,(#1559));
#1792 = SHAPE_DEFINITION_REPRESENTATION(#1793,#1799);
#1793 = PRODUCT_DEFINITION_SHAPE('','',#1794);
#1794 = PRODUCT_DEFINITION('design','',#1795,#1798);
#1795 = PRODUCT_DEFINITION_FORMATION('','',#1796);
#1796 = PRODUCT('Terminal Pin P1 A','Terminal Pin P1 A','',(#1797));
#1797 = PRODUCT_CONTEXT('',#2,'mechanical');
#1798 = PRODUCT_DEFINITION_CONTEXT('part definition',#2,'design');
#1799 = ADVANCED_BREP_SHAPE_REPRESENTATION('',(#11,#1800),#1950);
#1800 = MANIFOLD_SOLID_BREP('',#1801);
#1801 = CLOSED_SHELL('',(#1802,#1842,#1882,#1904,#1926,#1938));
#1802 = ADVANCED_FACE('',(#1803),#1837,.F.);
#1803 = FACE_BOUND('',#1804,.F.);
#1804 = EDGE_LOOP('',(#1805,#1815,#1823,#1831));
#1805 = ORIENTED_EDGE('',*,*,#1806,.F.);
#1806 = EDGE_CURVE('',#1807,#1809,#1811,.T.);
#1807 = VERTEX_POINT('',#1808);
#1808 = CARTESIAN_POINT('',(55.1,4.35,-3.));
#1809 = VERTEX_POINT('',#1810);
#1810 = CARTESIAN_POINT('',(55.1,4.35,0.));
#1811 = LINE('',#1812,#1813);
#1812 = CARTESIAN_POINT('',(55.1,4.35,-3.));
#1813 = VECTOR('',#1814,1.);
#1814 = DIRECTION('',(0.,0.,1.));
#1815 = ORIENTED_EDGE('',*,*,#1816,.T.);
#1816 = EDGE_CURVE('',#1807,#1817,#1819,.T.);
#1817 = VERTEX_POINT('',#1818);
#1818 = CARTESIAN_POINT('',(55.1,4.85,-3.));
#1819 = LINE('',#1820,#1821);
#1820 = CARTESIAN_POINT('',(55.1,4.35,-3.));
#1821 = VECTOR('',#1822,1.);
#1822 = DIRECTION('',(-0.,1.,0.));
#1823 = ORIENTED_EDGE('',*,*,#1824,.T.);
#1824 = EDGE_CURVE('',#1817,#1825,#1827,.T.);
#1825 = VERTEX_POINT('',#1826);
#1826 = CARTESIAN_POINT('',(55.1,4.85,0.));
#1827 = LINE('',#1828,#1829);
#1828 = CARTESIAN_POINT('',(55.1,4.85,-3.));
#1829 = VECTOR('',#1830,1.);
#1830 = DIRECTION('',(0.,0.,1.));
#1831 = ORIENTED_EDGE('',*,*,#1832,.F.);
#1832 = EDGE_CURVE('',#1809,#1825,#1833,.T.);
#1833 = LINE('',#1834,#1835);
#1834 = CARTESIAN_POINT('',(55.1,4.35,0.));
#1835 = VECTOR('',#1836,1.);
#1836 = DIRECTION('',(-0.,1.,0.));
#1837 = PLANE('',#1838);
#1838 = AXIS2_PLACEMENT_3D('',#1839,#1840,#1841);
#1839 = CARTESIAN_POINT('',(55.1,4.35,-3.));
#1840 = DIRECTION('',(1.,0.,-0.));
#1841 = DIRECTION('',(0.,0.,1.));
#1842 = ADVANCED_FACE('',(#1843),#1877,.T.);
#1843 = FACE_BOUND('',#1844,.T.);
#1844 = EDGE_LOOP('',(#1845,#1855,#1863,#1871));
#1845 = ORIENTED_EDGE('',*,*,#1846,.F.);
#1846 = EDGE_CURVE('',#1847,#1849,#1851,.T.);
#1847 = VERTEX_POINT('',#1848);
#1848 = CARTESIAN_POINT('',(55.9,4.35,-3.));
#1849 = VERTEX_POINT('',#1850);
#1850 = CARTESIAN_POINT('',(55.9,4.35,0.));
#1851 = LINE('',#1852,#1853);
#1852 = CARTESIAN_POINT('',(55.9,4.35,-3.));
#1853 = VECTOR('',#1854,1.);
#1854 = DIRECTION('',(0.,0.,1.));
#1855 = ORIENTED_EDGE('',*,*,#1856,.T.);
#1856 = EDGE_CURVE('',#1847,#1857,#1859,.T.);
#1857 = VERTEX_POINT('',#1858);
#1858 = CARTESIAN_POINT('',(55.9,4.85,-3.));
#1859 = LINE('',#1860,#1861);
#1860 = CARTESIAN_POINT('',(55.9,4.35,-3.));
#1861 = VECTOR('',#1862,1.);
#1862 = DIRECTION('',(-0.,1.,0.));
#1863 = ORIENTED_EDGE('',*,*,#1864,.T.);
#1864 = EDGE_CURVE('',#1857,#1865,#1867,.T.);
#1865 = VERTEX_POINT('',#1866);
#1866 = CARTESIAN_POINT('',(55.9,4.85,0.));
#1867 = LINE('',#1868,#1869);
#1868 = CARTESIAN_POINT('',(55.9,4.85,-3.));
#1869 = VECTOR('',#1870,1.);
#1870 = DIRECTION('',(0.,0.,1.));
#1871 = ORIENTED_EDGE('',*,*,#1872,.F.);
#1872 = EDGE_CURVE('',#1849,#1865,#1873,.T.);
#1873 = LINE('',#1874,#1875);
#1874 = CARTESIAN_POINT('',(55.9,4.35,0.));
#1875 = VECTOR('',#1876,1.);
#1876 = DIRECTION('',(-0.,1.,0.));
#1877 = PLANE('',#1878);
#1878 = AXIS2_PLACEMENT_3D('',#1879,#1880,#1881);
#1879 = CARTESIAN_POINT('',(55.9,4.35,-3.));
#1880 = DIRECTION('',(1.,0.,-0.));
#1881 = DIRECTION('',(0.,0.,1.));
#1882 = ADVANCED_FACE('',(#1883),#1899,.F.);
#1883 = FACE_BOUND('',#1884,.F.);
#1884 = EDGE_LOOP('',(#1885,#1891,#1892,#1898));
#1885 = ORIENTED_EDGE('',*,*,#1886,.F.);
#1886 = EDGE_CURVE('',#1807,#1847,#1887,.T.);
#1887 = LINE('',#1888,#1889);
#1888 = CARTESIAN_POINT('',(55.1,4.35,-3.));
#1889 = VECTOR('',#1890,1.);
#1890 = DIRECTION('',(1.,0.,-0.));
#1891 = ORIENTED_EDGE('',*,*,#1806,.T.);
#1892 = ORIENTED_EDGE('',*,*,#1893,.T.);
#1893 = EDGE_CURVE('',#1809,#1849,#1894,.T.);
#1894 = LINE('',#1895,#1896);
#1895 = CARTESIAN_POINT('',(55.1,4.35,0.));
#1896 = VECTOR('',#1897,1.);
#1897 = DIRECTION('',(1.,0.,-0.));
#1898 = ORIENTED_EDGE('',*,*,#1846,.F.);
#1899 = PLANE('',#1900);
#1900 = AXIS2_PLACEMENT_3D('',#1901,#1902,#1903);
#1901 = CARTESIAN_POINT('',(55.1,4.35,-3.));
#1902 = DIRECTION('',(-0.,1.,0.));
#1903 = DIRECTION('',(0.,0.,1.));
#1904 = ADVANCED_FACE('',(#1905),#1921,.T.);
#1905 = FACE_BOUND('',#1906,.T.);
#1906 = EDGE_LOOP('',(#1907,#1913,#1914,#1920));
#1907 = ORIENTED_EDGE('',*,*,#1908,.F.);
#1908 = EDGE_CURVE('',#1817,#1857,#1909,.T.);
#1909 = LINE('',#1910,#1911);
#1910 = CARTESIAN_POINT('',(55.1,4.85,-3.));
#1911 = VECTOR('',#1912,1.);
#1912 = DIRECTION('',(1.,0.,-0.));
#1913 = ORIENTED_EDGE('',*,*,#1824,.T.);
#1914 = ORIENTED_EDGE('',*,*,#1915,.T.);
#1915 = EDGE_CURVE('',#1825,#1865,#1916,.T.);
#1916 = LINE('',#1917,#1918);
#1917 = CARTESIAN_POINT('',(55.1,4.85,0.));
#1918 = VECTOR('',#1919,1.);
#1919 = DIRECTION('',(1.,0.,-0.));
#1920 = ORIENTED_EDGE('',*,*,#1864,.F.);
#1921 = PLANE('',#1922);
#1922 = AXIS2_PLACEMENT_3D('',#1923,#1924,#1925);
#1923 = CARTESIAN_POINT('',(55.1,4.85,-3.));
#1924 = DIRECTION('',(-0.,1.,0.));
#1925 = DIRECTION('',(0.,0.,1.));
#1926 = ADVANCED_FACE('',(#1927),#1933,.F.);
#1927 = FACE_BOUND('',#1928,.F.);
#1928 = EDGE_LOOP('',(#1929,#1930,#1931,#1932));
#1929 = ORIENTED_EDGE('',*,*,#1816,.F.);
#1930 = ORIENTED_EDGE('',*,*,#1886,.T.);
#1931 = ORIENTED_EDGE('',*,*,#1856,.T.);
#1932 = ORIENTED_EDGE('',*,*,#1908,.F.);
#1933 = PLANE('',#1934);
#1934 = AXIS2_PLACEMENT_3D('',#1935,#1936,#1937);
#1935 = CARTESIAN_POINT('',(55.1,4.35,-3.));
#1936 = DIRECTION('',(0.,0.,1.));
#1937 = DIRECTION('',(1.,0.,-0.));
#1938 = ADVANCED_FACE('',(#1939),#1945,.T.);
#1939 = FACE_BOUND('',#1940,.T.);
#1940 = EDGE_LOOP('',(#1941,#1942,#1943,#1944));
#1941 = ORIENTED_EDGE('',*,*,#1832,.F.);
#1942 = ORIENTED_EDGE('',*,*,#1893,.T.);
#1943 = ORIENTED_EDGE('',*,*,#1872,.T.);
#1944 = ORIENTED_EDGE('',*,*,#1915,.F.);
#1945 = PLANE('',#1946);
#1946 = AXIS2_PLACEMENT_3D('',#1947,#1948,#1949);
#1947 = CARTESIAN_POINT('',(55.1,4.35,0.));
#1948 = DIRECTION('',(0.,0.,1.));
#1949 = DIRECTION('',(1.,0.,-0.));
#1950 = ( GEOMETRIC_REPRESENTATION_CONTEXT(3)
GLOBAL_UNCERTAINTY_ASSIGNED_CONTEXT((#1954))
GLOBAL_UNIT_ASSIGNED_CONTEXT((#1951,#1952,#1953)) REPRESENTATION_CONTEXT
('Context #1','3D Context with UNIT and UNCERTAINTY') );
#1951 = ( LENGTH_UNIT() NAMED_UNIT(*) SI_UNIT(.MILLI.,.METRE.) );
#1952 = ( NAMED_UNIT(*) PLANE_ANGLE_UNIT() SI_UNIT($,.RADIAN.) );
#1953 = ( NAMED_UNIT(*) SI_UNIT($,.STERADIAN.) SOLID_ANGLE_UNIT() );
#1954 = UNCERTAINTY_MEASURE_WITH_UNIT(LENGTH_MEASURE(1.E-07),#1951,
  'distance_accuracy_value','confusion accuracy');
#1955 = CONTEXT_DEPENDENT_SHAPE_REPRESENTATION(#1956,#1958);
#1956 = ( REPRESENTATION_RELATIONSHIP('','',#1799,#10)
REPRESENTATION_RELATIONSHIP_WITH_TRANSFORMATION(#1957)
SHAPE_REPRESENTATION_RELATIONSHIP() );
#1957 = ITEM_DEFINED_TRANSFORMATION('','',#11,#23);
#1958 = PRODUCT_DEFINITION_SHAPE('Placement','Placement of an item',
  #1959);
#1959 = NEXT_ASSEMBLY_USAGE_OCCURRENCE('3','Terminal Pin P1 A','',#5,
  #1794,$);
#1960 = PRODUCT_RELATED_PRODUCT_CATEGORY('part',$,(#1796));
#1961 = SHAPE_DEFINITION_REPRESENTATION(#1962,#1968);
#1962 = PRODUCT_DEFINITION_SHAPE('','',#1963);
#1963 = PRODUCT_DEFINITION('design','',#1964,#1967);
#1964 = PRODUCT_DEFINITION_FORMATION('','',#1965);
#1965 = PRODUCT('Terminal Pin P1 B','Terminal Pin P1 B','',(#1966));
#1966 = PRODUCT_CONTEXT('',#2,'mechanical');
#1967 = PRODUCT_DEFINITION_CONTEXT('part definition',#2,'design');
#1968 = ADVANCED_BREP_SHAPE_REPRESENTATION('',(#11,#1969),#2119);
#1969 = MANIFOLD_SOLID_BREP('',#1970);
#1970 = CLOSED_SHELL('',(#1971,#2011,#2051,#2073,#2095,#2107));
#1971 = ADVANCED_FACE('',(#1972),#2006,.F.);
#1972 = FACE_BOUND('',#1973,.F.);
#1973 = EDGE_LOOP('',(#1974,#1984,#1992,#2000));
#1974 = ORIENTED_EDGE('',*,*,#1975,.F.);
#1975 = EDGE_CURVE('',#1976,#1978,#1980,.T.);
#1976 = VERTEX_POINT('',#1977);
#1977 = CARTESIAN_POINT('',(55.1,9.35,-3.));
#1978 = VERTEX_POINT('',#1979);
#1979 = CARTESIAN_POINT('',(55.1,9.35,0.));
#1980 = LINE('',#1981,#1982);
#1981 = CARTESIAN_POINT('',(55.1,9.35,-3.));
#1982 = VECTOR('',#1983,1.);
#1983 = DIRECTION('',(0.,0.,1.));
#1984 = ORIENTED_EDGE('',*,*,#1985,.T.);
#1985 = EDGE_CURVE('',#1976,#1986,#1988,.T.);
#1986 = VERTEX_POINT('',#1987);
#1987 = CARTESIAN_POINT('',(55.1,9.85,-3.));
#1988 = LINE('',#1989,#1990);
#1989 = CARTESIAN_POINT('',(55.1,9.35,-3.));
#1990 = VECTOR('',#1991,1.);
#1991 = DIRECTION('',(-0.,1.,0.));
#1992 = ORIENTED_EDGE('',*,*,#1993,.T.);
#1993 = EDGE_CURVE('',#1986,#1994,#1996,.T.);
#1994 = VERTEX_POINT('',#1995);
#1995 = CARTESIAN_POINT('',(55.1,9.85,0.));
#1996 = LINE('',#1997,#1998);
#1997 = CARTESIAN_POINT('',(55.1,9.85,-3.));
#1998 = VECTOR('',#1999,1.);
#1999 = DIRECTION('',(0.,0.,1.));
#2000 = ORIENTED_EDGE('',*,*,#2001,.F.);
#2001 = EDGE_CURVE('',#1978,#1994,#2002,.T.);
#2002 = LINE('',#2003,#2004);
#2003 = CARTESIAN_POINT('',(55.1,9.35,0.));
#2004 = VECTOR('',#2005,1.);
#2005 = DIRECTION('',(-0.,1.,0.));
#2006 = PLANE('',#2007);
#2007 = AXIS2_PLACEMENT_3D('',#2008,#2009,#2010);
#2008 = CARTESIAN_POINT('',(55.1,9.35,-3.));
#2009 = DIRECTION('',(1.,0.,-0.));
#2010 = DIRECTION('',(0.,0.,1.));
#2011 = ADVANCED_FACE('',(#2012),#2046,.T.);
#2012 = FACE_BOUND('',#2013,.T.);
#2013 = EDGE_LOOP('',(#2014,#2024,#2032,#2040));
#2014 = ORIENTED_EDGE('',*,*,#2015,.F.);
#2015 = EDGE_CURVE('',#2016,#2018,#2020,.T.);
#2016 = VERTEX_POINT('',#2017);
#2017 = CARTESIAN_POINT('',(55.9,9.35,-3.));
#2018 = VERTEX_POINT('',#2019);
#2019 = CARTESIAN_POINT('',(55.9,9.35,0.));
#2020 = LINE('',#2021,#2022);
#2021 = CARTESIAN_POINT('',(55.9,9.35,-3.));
#2022 = VECTOR('',#2023,1.);
#2023 = DIRECTION('',(0.,0.,1.));
#2024 = ORIENTED_EDGE('',*,*,#2025,.T.);
#2025 = EDGE_CURVE('',#2016,#2026,#2028,.T.);
#2026 = VERTEX_POINT('',#2027);
#2027 = CARTESIAN_POINT('',(55.9,9.85,-3.));
#2028 = LINE('',#2029,#2030);
#2029 = CARTESIAN_POINT('',(55.9,9.35,-3.));
#2030 = VECTOR('',#2031,1.);
#2031 = DIRECTION('',(-0.,1.,0.));
#2032 = ORIENTED_EDGE('',*,*,#2033,.T.);
#2033 = EDGE_CURVE('',#2026,#2034,#2036,.T.);
#2034 = VERTEX_POINT('',#2035);
#2035 = CARTESIAN_POINT('',(55.9,9.85,0.));
#2036 = LINE('',#2037,#2038);
#2037 = CARTESIAN_POINT('',(55.9,9.85,-3.));
#2038 = VECTOR('',#2039,1.);
#2039 = DIRECTION('',(0.,0.,1.));
#2040 = ORIENTED_EDGE('',*,*,#2041,.F.);
#2041 = EDGE_CURVE('',#2018,#2034,#2042,.T.);
#2042 = LINE('',#2043,#2044);
#2043 = CARTESIAN_POINT('',(55.9,9.35,0.));
#2044 = VECTOR('',#2045,1.);
#2045 = DIRECTION('',(-0.,1.,0.));
#2046 = PLANE('',#2047);
#2047 = AXIS2_PLACEMENT_3D('',#2048,#2049,#2050);
#2048 = CARTESIAN_POINT('',(55.9,9.35,-3.));
#2049 = DIRECTION('',(1.,0.,-0.));
#2050 = DIRECTION('',(0.,0.,1.));
#2051 = ADVANCED_FACE('',(#2052),#2068,.F.);
#2052 = FACE_BOUND('',#2053,.F.);
#2053 = EDGE_LOOP('',(#2054,#2060,#2061,#2067));
#2054 = ORIENTED_EDGE('',*,*,#2055,.F.);
#2055 = EDGE_CURVE('',#1976,#2016,#2056,.T.);
#2056 = LINE('',#2057,#2058);
#2057 = CARTESIAN_POINT('',(55.1,9.35,-3.));
#2058 = VECTOR('',#2059,1.);
#2059 = DIRECTION('',(1.,0.,-0.));
#2060 = ORIENTED_EDGE('',*,*,#1975,.T.);
#2061 = ORIENTED_EDGE('',*,*,#2062,.T.);
#2062 = EDGE_CURVE('',#1978,#2018,#2063,.T.);
#2063 = LINE('',#2064,#2065);
#2064 = CARTESIAN_POINT('',(55.1,9.35,0.));
#2065 = VECTOR('',#2066,1.);
#2066 = DIRECTION('',(1.,0.,-0.));
#2067 = ORIENTED_EDGE('',*,*,#2015,.F.);
#2068 = PLANE('',#2069);
#2069 = AXIS2_PLACEMENT_3D('',#2070,#2071,#2072);
#2070 = CARTESIAN_POINT('',(55.1,9.35,-3.));
#2071 = DIRECTION('',(-0.,1.,0.));
#2072 = DIRECTION('',(0.,0.,1.));
#2073 = ADVANCED_FACE('',(#2074),#2090,.T.);
#2074 = FACE_BOUND('',#2075,.T.);
#2075 = EDGE_LOOP('',(#2076,#2082,#2083,#2089));
#2076 = ORIENTED_EDGE('',*,*,#2077,.F.);
#2077 = EDGE_CURVE('',#1986,#2026,#2078,.T.);
#2078 = LINE('',#2079,#2080);
#2079 = CARTESIAN_POINT('',(55.1,9.85,-3.));
#2080 = VECTOR('',#2081,1.);
#2081 = DIRECTION('',(1.,0.,-0.));
#2082 = ORIENTED_EDGE('',*,*,#1993,.T.);
#2083 = ORIENTED_EDGE('',*,*,#2084,.T.);
#2084 = EDGE_CURVE('',#1994,#2034,#2085,.T.);
#2085 = LINE('',#2086,#2087);
#2086 = CARTESIAN_POINT('',(55.1,9.85,0.));
#2087 = VECTOR('',#2088,1.);
#2088 = DIRECTION('',(1.,0.,-0.));
#2089 = ORIENTED_EDGE('',*,*,#2033,.F.);
#2090 = PLANE('',#2091);
#2091 = AXIS2_PLACEMENT_3D('',#2092,#2093,#2094);
#2092 = CARTESIAN_POINT('',(55.1,9.85,-3.));
#2093 = DIRECTION('',(-0.,1.,0.));
#2094 = DIRECTION('',(0.,0.,1.));
#2095 = ADVANCED_FACE('',(#2096),#2102,.F.);
#2096 = FACE_BOUND('',#2097,.F.);
#2097 = EDGE_LOOP('',(#2098,#2099,#2100,#2101));
#2098 = ORIENTED_EDGE('',*,*,#1985,.F.);
#2099 = ORIENTED_EDGE('',*,*,#2055,.T.);
#2100 = ORIENTED_EDGE('',*,*,#2025,.T.);
#2101 = ORIENTED_EDGE('',*,*,#2077,.F.);
#2102 = PLANE('',#2103);
#2103 = AXIS2_PLACEMENT_3D('',#2104,#2105,#2106);
#2104 = CARTESIAN_POINT('',(55.1,9.35,-3.));
#2105 = DIRECTION('',(0.,0.,1.));
#2106 = DIRECTION('',(1.,0.,-0.));
#2107 = ADVANCED_FACE('',(#2108),#2114,.T.);
#2108 = FACE_BOUND('',#2109,.T.);
#2109 = EDGE_LOOP('',(#2110,#2111,#2112,#2113));
#2110 = ORIENTED_EDGE('',*,*,#2001,.F.);
#2111 = ORIENTED_EDGE('',*,*,#2062,.T.);
#2112 = ORIENTED_EDGE('',*,*,#2041,.T.);
#2113 = ORIENTED_EDGE('',*,*,#2084,.F.);
#2114 = PLANE('',#2115);
#2115 = AXIS2_PLACEMENT_3D('',#2116,#2117,#2118);
#2116 = CARTESIAN_POINT('',(55.1,9.35,0.));
#2117 = DIRECTION('',(0.,0.,1.));
#2118 = DIRECTION('',(1.,0.,-0.));
#2119 = ( GEOMETRIC_REPRESENTATION_CONTEXT(3)
GLOBAL_UNCERTAINTY_ASSIGNED_CONTEXT((#2123))
GLOBAL_UNIT_ASSIGNED_CONTEXT((#2120,#2121,#2122)) REPRESENTATION_CONTEXT
('Context #1','3D Context with UNIT and UNCERTAINTY') );
#2120 = ( LENGTH_UNIT() NAMED_UNIT(*) SI_UNIT(.MILLI.,.METRE.) );
#2121 = ( NAMED_UNIT(*) PLANE_ANGLE_UNIT() SI_UNIT($,.RADIAN.) );
#2122 = ( NAMED_UNIT(*) SI_UNIT($,.STERADIAN.) SOLID_ANGLE_UNIT() );
#2123 = UNCERTAINTY_MEASURE_WITH_UNIT(LENGTH_MEASURE(1.E-07),#2120,
  'distance_accuracy_value','confusion accuracy');
#2124 = CONTEXT_DEPENDENT_SHAPE_REPRESENTATION(#2125,#2127);
#2125 = ( REPRESENTATION_RELATIONSHIP('','',#1968,#10)
REPRESENTATION_RELATIONSHIP_WITH_TRANSFORMATION(#2126)
SHAPE_REPRESENTATION_RELATIONSHIP() );
#2126 = ITEM_DEFINED_TRANSFORMATION('','',#11,#27);
#2127 = PRODUCT_DEFINITION_SHAPE('Placement','Placement of an item',
  #2128);
#2128 = NEXT_ASSEMBLY_USAGE_OCCURRENCE('4','Terminal Pin P1 B','',#5,
  #1963,$);
#2129 = PRODUCT_RELATED_PRODUCT_CATEGORY('part',$,(#1965));
#2130 = SHAPE_DEFINITION_REPRESENTATION(#2131,#2137);
#2131 = PRODUCT_DEFINITION_SHAPE('','',#2132);
#2132 = PRODUCT_DEFINITION('design','',#2133,#2136);
#2133 = PRODUCT_DEFINITION_FORMATION('','',#2134);
#2134 = PRODUCT('Housing P2','Housing P2','',(#2135));
#2135 = PRODUCT_CONTEXT('',#2,'mechanical');
#2136 = PRODUCT_DEFINITION_CONTEXT('part definition',#2,'design');
#2137 = ADVANCED_BREP_SHAPE_REPRESENTATION('',(#11,#2138),#3493);
#2138 = MANIFOLD_SOLID_BREP('',#2139);
#2139 = CLOSED_SHELL('',(#2140,#2188,#2221,#2312,#2337,#2370,#2403,#2504
    ,#2521,#2546,#2578,#2603,#2643,#2675,#2699,#2724,#2741,#2758,#2789,
    #2820,#2838,#2869,#2894,#2925,#2949,#2980,#2997,#3021,#3039,#3056,
    #3068,#3085,#3097,#3115,#3126,#3175,#3206,#3237,#3270,#3301,#3341,
    #3372,#3388,#3434,#3465,#3479));
#2140 = ADVANCED_FACE('',(#2141),#2183,.F.);
#2141 = FACE_BOUND('',#2142,.F.);
#2142 = EDGE_LOOP('',(#2143,#2153,#2161,#2169,#2177));
#2143 = ORIENTED_EDGE('',*,*,#2144,.F.);
#2144 = EDGE_CURVE('',#2145,#2147,#2149,.T.);
#2145 = VERTEX_POINT('',#2146);
#2146 = CARTESIAN_POINT('',(45.,0.3,0.3));
#2147 = VERTEX_POINT('',#2148);
#2148 = CARTESIAN_POINT('',(45.,0.3,9.086363636364));
#2149 = LINE('',#2150,#2151);
#2150 = CARTESIAN_POINT('',(45.,0.3,0.));
#2151 = VECTOR('',#2152,1.);
#2152 = DIRECTION('',(0.,0.,1.));
#2153 = ORIENTED_EDGE('',*,*,#2154,.T.);
#2154 = EDGE_CURVE('',#2145,#2155,#2157,.T.);
#2155 = VERTEX_POINT('',#2156);
#2156 = CARTESIAN_POINT('',(45.,12.2,0.3));
#2157 = LINE('',#2158,#2159);
#2158 = CARTESIAN_POINT('',(45.,0.,0.3));
#2159 = VECTOR('',#2160,1.);
#2160 = DIRECTION('',(-0.,1.,0.));
#2161 = ORIENTED_EDGE('',*,*,#2162,.T.);
#2162 = EDGE_CURVE('',#2155,#2163,#2165,.T.);
#2163 = VERTEX_POINT('',#2164);
#2164 = CARTESIAN_POINT('',(45.,12.2,10.3));
#2165 = LINE('',#2166,#2167);
#2166 = CARTESIAN_POINT('',(45.,12.2,0.));
#2167 = VECTOR('',#2168,1.);
#2168 = DIRECTION('',(0.,0.,1.));
#2169 = ORIENTED_EDGE('',*,*,#2170,.F.);
#2170 = EDGE_CURVE('',#2171,#2163,#2173,.T.);
#2171 = VERTEX_POINT('',#2172);
#2172 = CARTESIAN_POINT('',(45.,1.743243243243,10.3));
#2173 = LINE('',#2174,#2175);
#2174 = CARTESIAN_POINT('',(45.,0.,10.3));
#2175 = VECTOR('',#2176,1.);
#2176 = DIRECTION('',(-0.,1.,0.));
#2177 = ORIENTED_EDGE('',*,*,#2178,.F.);
#2178 = EDGE_CURVE('',#2147,#2171,#2179,.T.);
#2179 = LINE('',#2180,#2181);
#2180 = CARTESIAN_POINT('',(45.,-1.125779122542,7.88741301059));
#2181 = VECTOR('',#2182,1.);
#2182 = DIRECTION('',(0.,0.765362085905,0.643599935875));
#2183 = PLANE('',#2184);
#2184 = AXIS2_PLACEMENT_3D('',#2185,#2186,#2187);
#2185 = CARTESIAN_POINT('',(45.,0.,0.));
#2186 = DIRECTION('',(1.,0.,-0.));
#2187 = DIRECTION('',(0.,0.,1.));
#2188 = ADVANCED_FACE('',(#2189),#2216,.T.);
#2189 = FACE_BOUND('',#2190,.T.);
#2190 = EDGE_LOOP('',(#2191,#2192,#2201,#2209));
#2191 = ORIENTED_EDGE('',*,*,#2144,.F.);
#2192 = ORIENTED_EDGE('',*,*,#2193,.T.);
#2193 = EDGE_CURVE('',#2145,#2194,#2196,.T.);
#2194 = VERTEX_POINT('',#2195);
#2195 = CARTESIAN_POINT('',(45.3,-5.551115123126E-17,0.3));
#2196 = CIRCLE('',#2197,0.3);
#2197 = AXIS2_PLACEMENT_3D('',#2198,#2199,#2200);
#2198 = CARTESIAN_POINT('',(45.3,0.3,0.3));
#2199 = DIRECTION('',(0.,0.,1.));
#2200 = DIRECTION('',(-1.,0.,0.));
#2201 = ORIENTED_EDGE('',*,*,#2202,.T.);
#2202 = EDGE_CURVE('',#2194,#2203,#2205,.T.);
#2203 = VERTEX_POINT('',#2204);
#2204 = CARTESIAN_POINT('',(45.3,-5.551115123126E-17,8.834090909091));
#2205 = LINE('',#2206,#2207);
#2206 = CARTESIAN_POINT('',(45.3,-5.551115123126E-17,0.));
#2207 = VECTOR('',#2208,1.);
#2208 = DIRECTION('',(0.,0.,1.));
#2209 = ORIENTED_EDGE('',*,*,#2210,.T.);
#2210 = EDGE_CURVE('',#2203,#2147,#2211,.T.);
#2211 = ELLIPSE('',#2212,0.391971336867,0.3);
#2212 = AXIS2_PLACEMENT_3D('',#2213,#2214,#2215);
#2213 = CARTESIAN_POINT('',(45.3,0.3,9.086363636364));
#2214 = DIRECTION('',(0.,0.643599935875,-0.765362085905));
#2215 = DIRECTION('',(0.,0.765362085905,0.643599935875));
#2216 = CYLINDRICAL_SURFACE('',#2217,0.3);
#2217 = AXIS2_PLACEMENT_3D('',#2218,#2219,#2220);
#2218 = CARTESIAN_POINT('',(45.3,0.3,0.));
#2219 = DIRECTION('',(0.,0.,1.));
#2220 = DIRECTION('',(-1.,-0.,0.));
#2221 = ADVANCED_FACE('',(#2222),#2307,.F.);
#2222 = FACE_BOUND('',#2223,.F.);
#2223 = EDGE_LOOP('',(#2224,#2233,#2241,#2249,#2257,#2265,#2273,#2282,
    #2290,#2299,#2305,#2306));
#2224 = ORIENTED_EDGE('',*,*,#2225,.T.);
#2225 = EDGE_CURVE('',#2171,#2226,#2228,.T.);
#2226 = VERTEX_POINT('',#2227);
#2227 = CARTESIAN_POINT('',(45.3,2.1,10.6));
#2228 = ELLIPSE('',#2229,0.466128076275,0.3);
#2229 = AXIS2_PLACEMENT_3D('',#2230,#2231,#2232);
#2230 = CARTESIAN_POINT('',(45.3,1.743243243243,10.3));
#2231 = DIRECTION('',(0.,0.643599935875,-0.765362085905));
#2232 = DIRECTION('',(0.,0.765362085905,0.643599935875));
#2233 = ORIENTED_EDGE('',*,*,#2234,.T.);
#2234 = EDGE_CURVE('',#2226,#2235,#2237,.T.);
#2235 = VERTEX_POINT('',#2236);
#2236 = CARTESIAN_POINT('',(45.55,2.1,10.6));
#2237 = LINE('',#2238,#2239);
#2238 = CARTESIAN_POINT('',(44.9,2.1,10.6));
#2239 = VECTOR('',#2240,1.);
#2240 = DIRECTION('',(1.,0.,0.));
#2241 = ORIENTED_EDGE('',*,*,#2242,.T.);
#2242 = EDGE_CURVE('',#2235,#2243,#2245,.T.);
#2243 = VERTEX_POINT('',#2244);
#2244 = CARTESIAN_POINT('',(45.55,0.589585439838,9.329878665319));
#2245 = LINE('',#2246,#2247);
#2246 = CARTESIAN_POINT('',(45.55,2.697145719937,11.102145264493));
#2247 = VECTOR('',#2248,1.);
#2248 = DIRECTION('',(0.,-0.765362085905,-0.643599935875));
#2249 = ORIENTED_EDGE('',*,*,#2250,.T.);
#2250 = EDGE_CURVE('',#2243,#2251,#2253,.T.);
#2251 = VERTEX_POINT('',#2252);
#2252 = CARTESIAN_POINT('',(49.45,0.589585439838,9.329878665319));
#2253 = LINE('',#2254,#2255);
#2254 = CARTESIAN_POINT('',(45.225,0.589585439838,9.329878665319));
#2255 = VECTOR('',#2256,1.);
#2256 = DIRECTION('',(1.,0.,0.));
#2257 = ORIENTED_EDGE('',*,*,#2258,.F.);
#2258 = EDGE_CURVE('',#2259,#2251,#2261,.T.);
#2259 = VERTEX_POINT('',#2260);
#2260 = CARTESIAN_POINT('',(49.45,2.1,10.6));
#2261 = LINE('',#2262,#2263);
#2262 = CARTESIAN_POINT('',(49.45,2.697145719937,11.102145264493));
#2263 = VECTOR('',#2264,1.);
#2264 = DIRECTION('',(0.,-0.765362085905,-0.643599935875));
#2265 = ORIENTED_EDGE('',*,*,#2266,.T.);
#2266 = EDGE_CURVE('',#2259,#2267,#2269,.T.);
#2267 = VERTEX_POINT('',#2268);
#2268 = CARTESIAN_POINT('',(49.7,2.1,10.6));
#2269 = LINE('',#2270,#2271);
#2270 = CARTESIAN_POINT('',(44.9,2.1,10.6));
#2271 = VECTOR('',#2272,1.);
#2272 = DIRECTION('',(1.,0.,0.));
#2273 = ORIENTED_EDGE('',*,*,#2274,.T.);
#2274 = EDGE_CURVE('',#2267,#2275,#2277,.T.);
#2275 = VERTEX_POINT('',#2276);
#2276 = CARTESIAN_POINT('',(50.,1.743243243243,10.3));
#2277 = ELLIPSE('',#2278,0.466128076275,0.3);
#2278 = AXIS2_PLACEMENT_3D('',#2279,#2280,#2281);
#2279 = CARTESIAN_POINT('',(49.7,1.743243243243,10.3));
#2280 = DIRECTION('',(0.,0.643599935875,-0.765362085905));
#2281 = DIRECTION('',(0.,0.765362085905,0.643599935875));
#2282 = ORIENTED_EDGE('',*,*,#2283,.F.);
#2283 = EDGE_CURVE('',#2284,#2275,#2286,.T.);
#2284 = VERTEX_POINT('',#2285);
#2285 = CARTESIAN_POINT('',(50.,0.3,9.086363636364));
#2286 = LINE('',#2287,#2288);
#2287 = CARTESIAN_POINT('',(50.,-1.125779122542,7.88741301059));
#2288 = VECTOR('',#2289,1.);
#2289 = DIRECTION('',(0.,0.765362085905,0.643599935875));
#2290 = ORIENTED_EDGE('',*,*,#2291,.T.);
#2291 = EDGE_CURVE('',#2284,#2292,#2294,.T.);
#2292 = VERTEX_POINT('',#2293);
#2293 = CARTESIAN_POINT('',(49.7,-5.551115123126E-17,8.834090909091));
#2294 = ELLIPSE('',#2295,0.391971336867,0.3);
#2295 = AXIS2_PLACEMENT_3D('',#2296,#2297,#2298);
#2296 = CARTESIAN_POINT('',(49.7,0.3,9.086363636364));
#2297 = DIRECTION('',(0.,0.643599935875,-0.765362085905));
#2298 = DIRECTION('',(0.,0.765362085905,0.643599935875));
#2299 = ORIENTED_EDGE('',*,*,#2300,.T.);
#2300 = EDGE_CURVE('',#2292,#2203,#2301,.T.);
#2301 = LINE('',#2302,#2303);
#2302 = CARTESIAN_POINT('',(44.95,2.22044604925E-16,8.834090909091));
#2303 = VECTOR('',#2304,1.);
#2304 = DIRECTION('',(-1.,0.,-0.));
#2305 = ORIENTED_EDGE('',*,*,#2210,.T.);
#2306 = ORIENTED_EDGE('',*,*,#2178,.T.);
#2307 = PLANE('',#2308);
#2308 = AXIS2_PLACEMENT_3D('',#2309,#2310,#2311);
#2309 = CARTESIAN_POINT('',(44.9,2.1,10.6));
#2310 = DIRECTION('',(0.,0.643599935875,-0.765362085905));
#2311 = DIRECTION('',(0.,-0.765362085905,-0.643599935875));
#2312 = ADVANCED_FACE('',(#2313),#2332,.T.);
#2313 = FACE_BOUND('',#2314,.T.);
#2314 = EDGE_LOOP('',(#2315,#2316,#2324,#2331));
#2315 = ORIENTED_EDGE('',*,*,#2225,.T.);
#2316 = ORIENTED_EDGE('',*,*,#2317,.T.);
#2317 = EDGE_CURVE('',#2226,#2318,#2320,.T.);
#2318 = VERTEX_POINT('',#2319);
#2319 = CARTESIAN_POINT('',(45.3,12.2,10.6));
#2320 = LINE('',#2321,#2322);
#2321 = CARTESIAN_POINT('',(45.3,0.,10.6));
#2322 = VECTOR('',#2323,1.);
#2323 = DIRECTION('',(-0.,1.,0.));
#2324 = ORIENTED_EDGE('',*,*,#2325,.F.);
#2325 = EDGE_CURVE('',#2163,#2318,#2326,.T.);
#2326 = CIRCLE('',#2327,0.3);
#2327 = AXIS2_PLACEMENT_3D('',#2328,#2329,#2330);
#2328 = CARTESIAN_POINT('',(45.3,12.2,10.3));
#2329 = DIRECTION('',(-0.,1.,0.));
#2330 = DIRECTION('',(-1.,-0.,0.));
#2331 = ORIENTED_EDGE('',*,*,#2170,.F.);
#2332 = CYLINDRICAL_SURFACE('',#2333,0.3);
#2333 = AXIS2_PLACEMENT_3D('',#2334,#2335,#2336);
#2334 = CARTESIAN_POINT('',(45.3,0.,10.3));
#2335 = DIRECTION('',(-0.,1.,0.));
#2336 = DIRECTION('',(-1.,-0.,0.));
#2337 = ADVANCED_FACE('',(#2338),#2365,.T.);
#2338 = FACE_BOUND('',#2339,.F.);
#2339 = EDGE_LOOP('',(#2340,#2341,#2350,#2358));
#2340 = ORIENTED_EDGE('',*,*,#2162,.F.);
#2341 = ORIENTED_EDGE('',*,*,#2342,.T.);
#2342 = EDGE_CURVE('',#2155,#2343,#2345,.T.);
#2343 = VERTEX_POINT('',#2344);
#2344 = CARTESIAN_POINT('',(45.3,12.5,0.3));
#2345 = CIRCLE('',#2346,0.3);
#2346 = AXIS2_PLACEMENT_3D('',#2347,#2348,#2349);
#2347 = CARTESIAN_POINT('',(45.3,12.2,0.3));
#2348 = DIRECTION('',(-0.,0.,-1.));
#2349 = DIRECTION('',(-1.,0.,0.));
#2350 = ORIENTED_EDGE('',*,*,#2351,.T.);
#2351 = EDGE_CURVE('',#2343,#2352,#2354,.T.);
#2352 = VERTEX_POINT('',#2353);
#2353 = CARTESIAN_POINT('',(45.3,12.5,10.3));
#2354 = LINE('',#2355,#2356);
#2355 = CARTESIAN_POINT('',(45.3,12.5,0.));
#2356 = VECTOR('',#2357,1.);
#2357 = DIRECTION('',(0.,0.,1.));
#2358 = ORIENTED_EDGE('',*,*,#2359,.T.);
#2359 = EDGE_CURVE('',#2352,#2163,#2360,.T.);
#2360 = CIRCLE('',#2361,0.3);
#2361 = AXIS2_PLACEMENT_3D('',#2362,#2363,#2364);
#2362 = CARTESIAN_POINT('',(45.3,12.2,10.3));
#2363 = DIRECTION('',(0.,0.,1.));
#2364 = DIRECTION('',(-1.,-0.,0.));
#2365 = CYLINDRICAL_SURFACE('',#2366,0.3);
#2366 = AXIS2_PLACEMENT_3D('',#2367,#2368,#2369);
#2367 = CARTESIAN_POINT('',(45.3,12.2,0.));
#2368 = DIRECTION('',(0.,0.,1.));
#2369 = DIRECTION('',(-1.,-0.,0.));
#2370 = ADVANCED_FACE('',(#2371),#2398,.T.);
#2371 = FACE_BOUND('',#2372,.F.);
#2372 = EDGE_LOOP('',(#2373,#2382,#2390,#2397));
#2373 = ORIENTED_EDGE('',*,*,#2374,.F.);
#2374 = EDGE_CURVE('',#2375,#2145,#2377,.T.);
#2375 = VERTEX_POINT('',#2376);
#2376 = CARTESIAN_POINT('',(45.3,0.3,0.));
#2377 = CIRCLE('',#2378,0.3);
#2378 = AXIS2_PLACEMENT_3D('',#2379,#2380,#2381);
#2379 = CARTESIAN_POINT('',(45.3,0.3,0.3));
#2380 = DIRECTION('',(0.,1.,-0.));
#2381 = DIRECTION('',(-1.,0.,0.));
#2382 = ORIENTED_EDGE('',*,*,#2383,.T.);
#2383 = EDGE_CURVE('',#2375,#2384,#2386,.T.);
#2384 = VERTEX_POINT('',#2385);
#2385 = CARTESIAN_POINT('',(45.3,12.2,0.));
#2386 = LINE('',#2387,#2388);
#2387 = CARTESIAN_POINT('',(45.3,0.,-5.551115123126E-17));
#2388 = VECTOR('',#2389,1.);
#2389 = DIRECTION('',(-0.,1.,0.));
#2390 = ORIENTED_EDGE('',*,*,#2391,.T.);
#2391 = EDGE_CURVE('',#2384,#2155,#2392,.T.);
#2392 = CIRCLE('',#2393,0.3);
#2393 = AXIS2_PLACEMENT_3D('',#2394,#2395,#2396);
#2394 = CARTESIAN_POINT('',(45.3,12.2,0.3));
#2395 = DIRECTION('',(0.,1.,-0.));
#2396 = DIRECTION('',(-1.,0.,0.));
#2397 = ORIENTED_EDGE('',*,*,#2154,.F.);
#2398 = CYLINDRICAL_SURFACE('',#2399,0.3);
#2399 = AXIS2_PLACEMENT_3D('',#2400,#2401,#2402);
#2400 = CARTESIAN_POINT('',(45.3,0.,0.3));
#2401 = DIRECTION('',(-0.,1.,0.));
#2402 = DIRECTION('',(-1.,-0.,0.));
#2403 = ADVANCED_FACE('',(#2404,#2422),#2499,.F.);
#2404 = FACE_BOUND('',#2405,.F.);
#2405 = EDGE_LOOP('',(#2406,#2414,#2415,#2416));
#2406 = ORIENTED_EDGE('',*,*,#2407,.F.);
#2407 = EDGE_CURVE('',#2194,#2408,#2410,.T.);
#2408 = VERTEX_POINT('',#2409);
#2409 = CARTESIAN_POINT('',(49.7,-5.551115123126E-17,0.3));
#2410 = LINE('',#2411,#2412);
#2411 = CARTESIAN_POINT('',(45.,-5.551115123126E-17,0.3));
#2412 = VECTOR('',#2413,1.);
#2413 = DIRECTION('',(1.,0.,-0.));
#2414 = ORIENTED_EDGE('',*,*,#2202,.T.);
#2415 = ORIENTED_EDGE('',*,*,#2300,.F.);
#2416 = ORIENTED_EDGE('',*,*,#2417,.F.);
#2417 = EDGE_CURVE('',#2408,#2292,#2418,.T.);
#2418 = LINE('',#2419,#2420);
#2419 = CARTESIAN_POINT('',(49.7,-5.551115123126E-17,0.));
#2420 = VECTOR('',#2421,1.);
#2421 = DIRECTION('',(0.,0.,1.));
#2422 = FACE_BOUND('',#2423,.F.);
#2423 = EDGE_LOOP('',(#2424,#2434,#2442,#2450,#2459,#2468,#2476,#2484,
    #2492));
#2424 = ORIENTED_EDGE('',*,*,#2425,.F.);
#2425 = EDGE_CURVE('',#2426,#2428,#2430,.T.);
#2426 = VERTEX_POINT('',#2427);
#2427 = CARTESIAN_POINT('',(49.23,0.,5.65));
#2428 = VERTEX_POINT('',#2429);
#2429 = CARTESIAN_POINT('',(49.23,0.,2.25));
#2430 = LINE('',#2431,#2432);
#2431 = CARTESIAN_POINT('',(49.23,0.,1.125));
#2432 = VECTOR('',#2433,1.);
#2433 = DIRECTION('',(-0.,0.,-1.));
#2434 = ORIENTED_EDGE('',*,*,#2435,.F.);
#2435 = EDGE_CURVE('',#2436,#2426,#2438,.T.);
#2436 = VERTEX_POINT('',#2437);
#2437 = CARTESIAN_POINT('',(48.63,0.,5.65));
#2438 = LINE('',#2439,#2440);
#2439 = CARTESIAN_POINT('',(45.385,0.,5.65));
#2440 = VECTOR('',#2441,1.);
#2441 = DIRECTION('',(1.,0.,-0.));
#2442 = ORIENTED_EDGE('',*,*,#2443,.F.);
#2443 = EDGE_CURVE('',#2444,#2436,#2446,.T.);
#2444 = VERTEX_POINT('',#2445);
#2445 = CARTESIAN_POINT('',(48.63,0.,7.4));
#2446 = LINE('',#2447,#2448);
#2447 = CARTESIAN_POINT('',(48.63,0.,2.825));
#2448 = VECTOR('',#2449,1.);
#2449 = DIRECTION('',(-0.,0.,-1.));
#2450 = ORIENTED_EDGE('',*,*,#2451,.F.);
#2451 = EDGE_CURVE('',#2452,#2444,#2454,.T.);
#2452 = VERTEX_POINT('',#2453);
#2453 = CARTESIAN_POINT('',(47.5,0.,8.53));
#2454 = CIRCLE('',#2455,1.13);
#2455 = AXIS2_PLACEMENT_3D('',#2456,#2457,#2458);
#2456 = CARTESIAN_POINT('',(47.5,0.,7.4));
#2457 = DIRECTION('',(0.,1.,0.));
#2458 = DIRECTION('',(0.,-0.,1.));
#2459 = ORIENTED_EDGE('',*,*,#2460,.F.);
#2460 = EDGE_CURVE('',#2461,#2452,#2463,.T.);
#2461 = VERTEX_POINT('',#2462);
#2462 = CARTESIAN_POINT('',(46.37,0.,7.4));
#2463 = CIRCLE('',#2464,1.13);
#2464 = AXIS2_PLACEMENT_3D('',#2465,#2466,#2467);
#2465 = CARTESIAN_POINT('',(47.5,0.,7.4));
#2466 = DIRECTION('',(0.,1.,0.));
#2467 = DIRECTION('',(0.,-0.,1.));
#2468 = ORIENTED_EDGE('',*,*,#2469,.T.);
#2469 = EDGE_CURVE('',#2461,#2470,#2472,.T.);
#2470 = VERTEX_POINT('',#2471);
#2471 = CARTESIAN_POINT('',(46.37,0.,5.65));
#2472 = LINE('',#2473,#2474);
#2473 = CARTESIAN_POINT('',(46.37,0.,2.825));
#2474 = VECTOR('',#2475,1.);
#2475 = DIRECTION('',(-0.,0.,-1.));
#2476 = ORIENTED_EDGE('',*,*,#2477,.F.);
#2477 = EDGE_CURVE('',#2478,#2470,#2480,.T.);
#2478 = VERTEX_POINT('',#2479);
#2479 = CARTESIAN_POINT('',(45.77,0.,5.65));
#2480 = LINE('',#2481,#2482);
#2481 = CARTESIAN_POINT('',(45.385,0.,5.65));
#2482 = VECTOR('',#2483,1.);
#2483 = DIRECTION('',(1.,0.,-0.));
#2484 = ORIENTED_EDGE('',*,*,#2485,.T.);
#2485 = EDGE_CURVE('',#2478,#2486,#2488,.T.);
#2486 = VERTEX_POINT('',#2487);
#2487 = CARTESIAN_POINT('',(45.77,0.,2.25));
#2488 = LINE('',#2489,#2490);
#2489 = CARTESIAN_POINT('',(45.77,0.,1.125));
#2490 = VECTOR('',#2491,1.);
#2491 = DIRECTION('',(-0.,0.,-1.));
#2492 = ORIENTED_EDGE('',*,*,#2493,.F.);
#2493 = EDGE_CURVE('',#2428,#2486,#2494,.T.);
#2494 = CIRCLE('',#2495,1.73);
#2495 = AXIS2_PLACEMENT_3D('',#2496,#2497,#2498);
#2496 = CARTESIAN_POINT('',(47.5,0.,2.25));
#2497 = DIRECTION('',(0.,1.,0.));
#2498 = DIRECTION('',(0.,-0.,1.));
#2499 = PLANE('',#2500);
#2500 = AXIS2_PLACEMENT_3D('',#2501,#2502,#2503);
#2501 = CARTESIAN_POINT('',(45.,0.,0.));
#2502 = DIRECTION('',(-0.,1.,0.));
#2503 = DIRECTION('',(0.,0.,1.));
#2504 = ADVANCED_FACE('',(#2505),#2516,.T.);
#2505 = FACE_BOUND('',#2506,.T.);
#2506 = EDGE_LOOP('',(#2507,#2508,#2515));
#2507 = ORIENTED_EDGE('',*,*,#2374,.F.);
#2508 = ORIENTED_EDGE('',*,*,#2509,.T.);
#2509 = EDGE_CURVE('',#2375,#2194,#2510,.T.);
#2510 = CIRCLE('',#2511,0.3);
#2511 = AXIS2_PLACEMENT_3D('',#2512,#2513,#2514);
#2512 = CARTESIAN_POINT('',(45.3,0.3,0.3));
#2513 = DIRECTION('',(-1.,6.123233995737E-17,0.));
#2514 = DIRECTION('',(-6.123233995737E-17,-1.,0.));
#2515 = ORIENTED_EDGE('',*,*,#2193,.F.);
#2516 = SPHERICAL_SURFACE('',#2517,0.3);
#2517 = AXIS2_PLACEMENT_3D('',#2518,#2519,#2520);
#2518 = CARTESIAN_POINT('',(45.3,0.3,0.3));
#2519 = DIRECTION('',(0.,0.,1.));
#2520 = DIRECTION('',(-1.,0.,0.));
#2521 = ADVANCED_FACE('',(#2522),#2541,.T.);
#2522 = FACE_BOUND('',#2523,.F.);
#2523 = EDGE_LOOP('',(#2524,#2532,#2539,#2540));
#2524 = ORIENTED_EDGE('',*,*,#2525,.F.);
#2525 = EDGE_CURVE('',#2526,#2284,#2528,.T.);
#2526 = VERTEX_POINT('',#2527);
#2527 = CARTESIAN_POINT('',(50.,0.3,0.3));
#2528 = LINE('',#2529,#2530);
#2529 = CARTESIAN_POINT('',(50.,0.3,0.));
#2530 = VECTOR('',#2531,1.);
#2531 = DIRECTION('',(0.,0.,1.));
#2532 = ORIENTED_EDGE('',*,*,#2533,.T.);
#2533 = EDGE_CURVE('',#2526,#2408,#2534,.T.);
#2534 = CIRCLE('',#2535,0.3);
#2535 = AXIS2_PLACEMENT_3D('',#2536,#2537,#2538);
#2536 = CARTESIAN_POINT('',(49.7,0.3,0.3));
#2537 = DIRECTION('',(0.,-0.,-1.));
#2538 = DIRECTION('',(1.,0.,-0.));
#2539 = ORIENTED_EDGE('',*,*,#2417,.T.);
#2540 = ORIENTED_EDGE('',*,*,#2291,.F.);
#2541 = CYLINDRICAL_SURFACE('',#2542,0.3);
#2542 = AXIS2_PLACEMENT_3D('',#2543,#2544,#2545);
#2543 = CARTESIAN_POINT('',(49.7,0.3,0.));
#2544 = DIRECTION('',(0.,0.,1.));
#2545 = DIRECTION('',(1.,0.,-0.));
#2546 = ADVANCED_FACE('',(#2547),#2573,.T.);
#2547 = FACE_BOUND('',#2548,.T.);
#2548 = EDGE_LOOP('',(#2549,#2550,#2558,#2566,#2572));
#2549 = ORIENTED_EDGE('',*,*,#2525,.F.);
#2550 = ORIENTED_EDGE('',*,*,#2551,.T.);
#2551 = EDGE_CURVE('',#2526,#2552,#2554,.T.);
#2552 = VERTEX_POINT('',#2553);
#2553 = CARTESIAN_POINT('',(50.,12.2,0.3));
#2554 = LINE('',#2555,#2556);
#2555 = CARTESIAN_POINT('',(50.,0.,0.3));
#2556 = VECTOR('',#2557,1.);
#2557 = DIRECTION('',(-0.,1.,0.));
#2558 = ORIENTED_EDGE('',*,*,#2559,.T.);
#2559 = EDGE_CURVE('',#2552,#2560,#2562,.T.);
#2560 = VERTEX_POINT('',#2561);
#2561 = CARTESIAN_POINT('',(50.,12.2,10.3));
#2562 = LINE('',#2563,#2564);
#2563 = CARTESIAN_POINT('',(50.,12.2,0.));
#2564 = VECTOR('',#2565,1.);
#2565 = DIRECTION('',(0.,0.,1.));
#2566 = ORIENTED_EDGE('',*,*,#2567,.F.);
#2567 = EDGE_CURVE('',#2275,#2560,#2568,.T.);
#2568 = LINE('',#2569,#2570);
#2569 = CARTESIAN_POINT('',(50.,0.,10.3));
#2570 = VECTOR('',#2571,1.);
#2571 = DIRECTION('',(-0.,1.,0.));
#2572 = ORIENTED_EDGE('',*,*,#2283,.F.);
#2573 = PLANE('',#2574);
#2574 = AXIS2_PLACEMENT_3D('',#2575,#2576,#2577);
#2575 = CARTESIAN_POINT('',(50.,0.,0.));
#2576 = DIRECTION('',(1.,0.,-0.));
#2577 = DIRECTION('',(0.,0.,1.));
#2578 = ADVANCED_FACE('',(#2579),#2598,.T.);
#2579 = FACE_BOUND('',#2580,.F.);
#2580 = EDGE_LOOP('',(#2581,#2582,#2590,#2597));
#2581 = ORIENTED_EDGE('',*,*,#2274,.F.);
#2582 = ORIENTED_EDGE('',*,*,#2583,.T.);
#2583 = EDGE_CURVE('',#2267,#2584,#2586,.T.);
#2584 = VERTEX_POINT('',#2585);
#2585 = CARTESIAN_POINT('',(49.7,12.2,10.6));
#2586 = LINE('',#2587,#2588);
#2587 = CARTESIAN_POINT('',(49.7,0.,10.6));
#2588 = VECTOR('',#2589,1.);
#2589 = DIRECTION('',(-0.,1.,0.));
#2590 = ORIENTED_EDGE('',*,*,#2591,.F.);
#2591 = EDGE_CURVE('',#2560,#2584,#2592,.T.);
#2592 = CIRCLE('',#2593,0.3);
#2593 = AXIS2_PLACEMENT_3D('',#2594,#2595,#2596);
#2594 = CARTESIAN_POINT('',(49.7,12.2,10.3));
#2595 = DIRECTION('',(0.,-1.,-0.));
#2596 = DIRECTION('',(1.,0.,0.));
#2597 = ORIENTED_EDGE('',*,*,#2567,.F.);
#2598 = CYLINDRICAL_SURFACE('',#2599,0.3);
#2599 = AXIS2_PLACEMENT_3D('',#2600,#2601,#2602);
#2600 = CARTESIAN_POINT('',(49.7,0.,10.3));
#2601 = DIRECTION('',(-0.,1.,0.));
#2602 = DIRECTION('',(1.,0.,-0.));
#2603 = ADVANCED_FACE('',(#2604),#2638,.T.);
#2604 = FACE_BOUND('',#2605,.T.);
#2605 = EDGE_LOOP('',(#2606,#2607,#2608,#2616,#2624,#2630,#2631,#2632));
#2606 = ORIENTED_EDGE('',*,*,#2317,.F.);
#2607 = ORIENTED_EDGE('',*,*,#2234,.T.);
#2608 = ORIENTED_EDGE('',*,*,#2609,.F.);
#2609 = EDGE_CURVE('',#2610,#2235,#2612,.T.);
#2610 = VERTEX_POINT('',#2611);
#2611 = CARTESIAN_POINT('',(45.55,9.7,10.6));
#2612 = LINE('',#2613,#2614);
#2613 = CARTESIAN_POINT('',(45.55,2.442585746037,10.6));
#2614 = VECTOR('',#2615,1.);
#2615 = DIRECTION('',(0.,-1.,0.));
#2616 = ORIENTED_EDGE('',*,*,#2617,.F.);
#2617 = EDGE_CURVE('',#2618,#2610,#2620,.T.);
#2618 = VERTEX_POINT('',#2619);
#2619 = CARTESIAN_POINT('',(49.45,9.7,10.6));
#2620 = LINE('',#2621,#2622);
#2621 = CARTESIAN_POINT('',(45.275,9.7,10.6));
#2622 = VECTOR('',#2623,1.);
#2623 = DIRECTION('',(-1.,-0.,0.));
#2624 = ORIENTED_EDGE('',*,*,#2625,.T.);
#2625 = EDGE_CURVE('',#2618,#2259,#2626,.T.);
#2626 = LINE('',#2627,#2628);
#2627 = CARTESIAN_POINT('',(49.45,2.442585746037,10.6));
#2628 = VECTOR('',#2629,1.);
#2629 = DIRECTION('',(0.,-1.,0.));
#2630 = ORIENTED_EDGE('',*,*,#2266,.T.);
#2631 = ORIENTED_EDGE('',*,*,#2583,.T.);
#2632 = ORIENTED_EDGE('',*,*,#2633,.F.);
#2633 = EDGE_CURVE('',#2318,#2584,#2634,.T.);
#2634 = LINE('',#2635,#2636);
#2635 = CARTESIAN_POINT('',(45.,12.2,10.6));
#2636 = VECTOR('',#2637,1.);
#2637 = DIRECTION('',(1.,0.,-0.));
#2638 = PLANE('',#2639);
#2639 = AXIS2_PLACEMENT_3D('',#2640,#2641,#2642);
#2640 = CARTESIAN_POINT('',(45.,0.,10.6));
#2641 = DIRECTION('',(0.,0.,1.));
#2642 = DIRECTION('',(1.,0.,-0.));
#2643 = ADVANCED_FACE('',(#2644),#2670,.T.);
#2644 = FACE_BOUND('',#2645,.T.);
#2645 = EDGE_LOOP('',(#2646,#2647,#2655,#2663,#2669));
#2646 = ORIENTED_EDGE('',*,*,#2625,.F.);
#2647 = ORIENTED_EDGE('',*,*,#2648,.T.);
#2648 = EDGE_CURVE('',#2618,#2649,#2651,.T.);
#2649 = VERTEX_POINT('',#2650);
#2650 = CARTESIAN_POINT('',(49.45,9.7,8.45));
#2651 = LINE('',#2652,#2653);
#2652 = CARTESIAN_POINT('',(49.45,9.7,10.8));
#2653 = VECTOR('',#2654,1.);
#2654 = DIRECTION('',(0.,0.,-1.));
#2655 = ORIENTED_EDGE('',*,*,#2656,.T.);
#2656 = EDGE_CURVE('',#2649,#2657,#2659,.T.);
#2657 = VERTEX_POINT('',#2658);
#2658 = CARTESIAN_POINT('',(49.45,1.4,8.45));
#2659 = LINE('',#2660,#2661);
#2660 = CARTESIAN_POINT('',(49.45,9.7,8.45));
#2661 = VECTOR('',#2662,1.);
#2662 = DIRECTION('',(0.,-1.,0.));
#2663 = ORIENTED_EDGE('',*,*,#2664,.T.);
#2664 = EDGE_CURVE('',#2657,#2251,#2665,.T.);
#2665 = LINE('',#2666,#2667);
#2666 = CARTESIAN_POINT('',(49.45,1.4,8.45));
#2667 = VECTOR('',#2668,1.);
#2668 = DIRECTION('',(0.,-0.677475754752,0.735545105159));
#2669 = ORIENTED_EDGE('',*,*,#2258,.F.);
#2670 = PLANE('',#2671);
#2671 = AXIS2_PLACEMENT_3D('',#2672,#2673,#2674);
#2672 = CARTESIAN_POINT('',(49.45,4.885171492075,9.712433169613));
#2673 = DIRECTION('',(-1.,-0.,-0.));
#2674 = DIRECTION('',(0.,0.,-1.));
#2675 = ADVANCED_FACE('',(#2676),#2694,.F.);
#2676 = FACE_BOUND('',#2677,.F.);
#2677 = EDGE_LOOP('',(#2678,#2686,#2692,#2693));
#2678 = ORIENTED_EDGE('',*,*,#2679,.F.);
#2679 = EDGE_CURVE('',#2680,#2243,#2682,.T.);
#2680 = VERTEX_POINT('',#2681);
#2681 = CARTESIAN_POINT('',(45.55,1.4,8.45));
#2682 = LINE('',#2683,#2684);
#2683 = CARTESIAN_POINT('',(45.55,1.4,8.45));
#2684 = VECTOR('',#2685,1.);
#2685 = DIRECTION('',(0.,-0.677475754752,0.735545105159));
#2686 = ORIENTED_EDGE('',*,*,#2687,.T.);
#2687 = EDGE_CURVE('',#2680,#2657,#2688,.T.);
#2688 = LINE('',#2689,#2690);
#2689 = CARTESIAN_POINT('',(45.55,1.4,8.45));
#2690 = VECTOR('',#2691,1.);
#2691 = DIRECTION('',(1.,0.,0.));
#2692 = ORIENTED_EDGE('',*,*,#2664,.T.);
#2693 = ORIENTED_EDGE('',*,*,#2250,.F.);
#2694 = PLANE('',#2695);
#2695 = AXIS2_PLACEMENT_3D('',#2696,#2697,#2698);
#2696 = CARTESIAN_POINT('',(45.55,1.4,8.45));
#2697 = DIRECTION('',(0.,-0.735545105159,-0.677475754752));
#2698 = DIRECTION('',(0.,-0.677475754752,0.735545105159));
#2699 = ADVANCED_FACE('',(#2700),#2719,.F.);
#2700 = FACE_BOUND('',#2701,.F.);
#2701 = EDGE_LOOP('',(#2702,#2703,#2711,#2717,#2718));
#2702 = ORIENTED_EDGE('',*,*,#2609,.F.);
#2703 = ORIENTED_EDGE('',*,*,#2704,.T.);
#2704 = EDGE_CURVE('',#2610,#2705,#2707,.T.);
#2705 = VERTEX_POINT('',#2706);
#2706 = CARTESIAN_POINT('',(45.55,9.7,8.45));
#2707 = LINE('',#2708,#2709);
#2708 = CARTESIAN_POINT('',(45.55,9.7,10.8));
#2709 = VECTOR('',#2710,1.);
#2710 = DIRECTION('',(0.,0.,-1.));
#2711 = ORIENTED_EDGE('',*,*,#2712,.T.);
#2712 = EDGE_CURVE('',#2705,#2680,#2713,.T.);
#2713 = LINE('',#2714,#2715);
#2714 = CARTESIAN_POINT('',(45.55,9.7,8.45));
#2715 = VECTOR('',#2716,1.);
#2716 = DIRECTION('',(0.,-1.,0.));
#2717 = ORIENTED_EDGE('',*,*,#2679,.T.);
#2718 = ORIENTED_EDGE('',*,*,#2242,.F.);
#2719 = PLANE('',#2720);
#2720 = AXIS2_PLACEMENT_3D('',#2721,#2722,#2723);
#2721 = CARTESIAN_POINT('',(45.55,4.885171492075,9.712433169613));
#2722 = DIRECTION('',(-1.,-0.,-0.));
#2723 = DIRECTION('',(0.,0.,-1.));
#2724 = ADVANCED_FACE('',(#2725),#2736,.T.);
#2725 = FACE_BOUND('',#2726,.F.);
#2726 = EDGE_LOOP('',(#2727,#2728,#2735));
#2727 = ORIENTED_EDGE('',*,*,#2359,.F.);
#2728 = ORIENTED_EDGE('',*,*,#2729,.T.);
#2729 = EDGE_CURVE('',#2352,#2318,#2730,.T.);
#2730 = CIRCLE('',#2731,0.3);
#2731 = AXIS2_PLACEMENT_3D('',#2732,#2733,#2734);
#2732 = CARTESIAN_POINT('',(45.3,12.2,10.3));
#2733 = DIRECTION('',(1.,0.,6.123233995737E-17));
#2734 = DIRECTION('',(-6.123233995737E-17,-0.,1.));
#2735 = ORIENTED_EDGE('',*,*,#2325,.F.);
#2736 = SPHERICAL_SURFACE('',#2737,0.3);
#2737 = AXIS2_PLACEMENT_3D('',#2738,#2739,#2740);
#2738 = CARTESIAN_POINT('',(45.3,12.2,10.3));
#2739 = DIRECTION('',(0.,-1.,-0.));
#2740 = DIRECTION('',(-1.,-0.,0.));
#2741 = ADVANCED_FACE('',(#2742),#2753,.T.);
#2742 = FACE_BOUND('',#2743,.F.);
#2743 = EDGE_LOOP('',(#2744,#2745,#2752));
#2744 = ORIENTED_EDGE('',*,*,#2391,.F.);
#2745 = ORIENTED_EDGE('',*,*,#2746,.T.);
#2746 = EDGE_CURVE('',#2384,#2343,#2747,.T.);
#2747 = CIRCLE('',#2748,0.3);
#2748 = AXIS2_PLACEMENT_3D('',#2749,#2750,#2751);
#2749 = CARTESIAN_POINT('',(45.3,12.2,0.3));
#2750 = DIRECTION('',(1.,6.123233995737E-17,-0.));
#2751 = DIRECTION('',(-6.123233995737E-17,1.,0.));
#2752 = ORIENTED_EDGE('',*,*,#2342,.F.);
#2753 = SPHERICAL_SURFACE('',#2754,0.3);
#2754 = AXIS2_PLACEMENT_3D('',#2755,#2756,#2757);
#2755 = CARTESIAN_POINT('',(45.3,12.2,0.3));
#2756 = DIRECTION('',(0.,0.,1.));
#2757 = DIRECTION('',(-1.,0.,0.));
#2758 = ADVANCED_FACE('',(#2759),#2784,.T.);
#2759 = FACE_BOUND('',#2760,.T.);
#2760 = EDGE_LOOP('',(#2761,#2762,#2770,#2778));
#2761 = ORIENTED_EDGE('',*,*,#2351,.T.);
#2762 = ORIENTED_EDGE('',*,*,#2763,.T.);
#2763 = EDGE_CURVE('',#2352,#2764,#2766,.T.);
#2764 = VERTEX_POINT('',#2765);
#2765 = CARTESIAN_POINT('',(49.7,12.5,10.3));
#2766 = LINE('',#2767,#2768);
#2767 = CARTESIAN_POINT('',(45.,12.5,10.3));
#2768 = VECTOR('',#2769,1.);
#2769 = DIRECTION('',(1.,0.,-0.));
#2770 = ORIENTED_EDGE('',*,*,#2771,.F.);
#2771 = EDGE_CURVE('',#2772,#2764,#2774,.T.);
#2772 = VERTEX_POINT('',#2773);
#2773 = CARTESIAN_POINT('',(49.7,12.5,0.3));
#2774 = LINE('',#2775,#2776);
#2775 = CARTESIAN_POINT('',(49.7,12.5,0.));
#2776 = VECTOR('',#2777,1.);
#2777 = DIRECTION('',(0.,0.,1.));
#2778 = ORIENTED_EDGE('',*,*,#2779,.F.);
#2779 = EDGE_CURVE('',#2343,#2772,#2780,.T.);
#2780 = LINE('',#2781,#2782);
#2781 = CARTESIAN_POINT('',(45.,12.5,0.3));
#2782 = VECTOR('',#2783,1.);
#2783 = DIRECTION('',(1.,0.,-0.));
#2784 = PLANE('',#2785);
#2785 = AXIS2_PLACEMENT_3D('',#2786,#2787,#2788);
#2786 = CARTESIAN_POINT('',(45.,12.5,0.));
#2787 = DIRECTION('',(-0.,1.,0.));
#2788 = DIRECTION('',(0.,0.,1.));
#2789 = ADVANCED_FACE('',(#2790),#2815,.F.);
#2790 = FACE_BOUND('',#2791,.F.);
#2791 = EDGE_LOOP('',(#2792,#2793,#2801,#2809));
#2792 = ORIENTED_EDGE('',*,*,#2383,.F.);
#2793 = ORIENTED_EDGE('',*,*,#2794,.T.);
#2794 = EDGE_CURVE('',#2375,#2795,#2797,.T.);
#2795 = VERTEX_POINT('',#2796);
#2796 = CARTESIAN_POINT('',(49.7,0.3,0.));
#2797 = LINE('',#2798,#2799);
#2798 = CARTESIAN_POINT('',(45.,0.3,-5.551115123126E-17));
#2799 = VECTOR('',#2800,1.);
#2800 = DIRECTION('',(1.,0.,-0.));
#2801 = ORIENTED_EDGE('',*,*,#2802,.T.);
#2802 = EDGE_CURVE('',#2795,#2803,#2805,.T.);
#2803 = VERTEX_POINT('',#2804);
#2804 = CARTESIAN_POINT('',(49.7,12.2,0.));
#2805 = LINE('',#2806,#2807);
#2806 = CARTESIAN_POINT('',(49.7,0.,-5.551115123126E-17));
#2807 = VECTOR('',#2808,1.);
#2808 = DIRECTION('',(-0.,1.,0.));
#2809 = ORIENTED_EDGE('',*,*,#2810,.F.);
#2810 = EDGE_CURVE('',#2384,#2803,#2811,.T.);
#2811 = LINE('',#2812,#2813);
#2812 = CARTESIAN_POINT('',(45.,12.2,-5.551115123126E-17));
#2813 = VECTOR('',#2814,1.);
#2814 = DIRECTION('',(1.,0.,-0.));
#2815 = PLANE('',#2816);
#2816 = AXIS2_PLACEMENT_3D('',#2817,#2818,#2819);
#2817 = CARTESIAN_POINT('',(45.,0.,0.));
#2818 = DIRECTION('',(0.,0.,1.));
#2819 = DIRECTION('',(1.,0.,-0.));
#2820 = ADVANCED_FACE('',(#2821),#2833,.T.);
#2821 = FACE_BOUND('',#2822,.T.);
#2822 = EDGE_LOOP('',(#2823,#2824,#2825,#2832));
#2823 = ORIENTED_EDGE('',*,*,#2509,.F.);
#2824 = ORIENTED_EDGE('',*,*,#2794,.T.);
#2825 = ORIENTED_EDGE('',*,*,#2826,.T.);
#2826 = EDGE_CURVE('',#2795,#2408,#2827,.T.);
#2827 = CIRCLE('',#2828,0.3);
#2828 = AXIS2_PLACEMENT_3D('',#2829,#2830,#2831);
#2829 = CARTESIAN_POINT('',(49.7,0.3,0.3));
#2830 = DIRECTION('',(-1.,-6.123233995737E-17,0.));
#2831 = DIRECTION('',(6.123233995737E-17,-1.,-0.));
#2832 = ORIENTED_EDGE('',*,*,#2407,.F.);
#2833 = CYLINDRICAL_SURFACE('',#2834,0.3);
#2834 = AXIS2_PLACEMENT_3D('',#2835,#2836,#2837);
#2835 = CARTESIAN_POINT('',(45.,0.3,0.3));
#2836 = DIRECTION('',(1.,0.,-0.));
#2837 = DIRECTION('',(0.,-1.,0.));
#2838 = ADVANCED_FACE('',(#2839),#2864,.F.);
#2839 = FACE_BOUND('',#2840,.F.);
#2840 = EDGE_LOOP('',(#2841,#2842,#2850,#2858));
#2841 = ORIENTED_EDGE('',*,*,#2425,.T.);
#2842 = ORIENTED_EDGE('',*,*,#2843,.T.);
#2843 = EDGE_CURVE('',#2428,#2844,#2846,.T.);
#2844 = VERTEX_POINT('',#2845);
#2845 = CARTESIAN_POINT('',(49.23,0.4,2.25));
#2846 = LINE('',#2847,#2848);
#2847 = CARTESIAN_POINT('',(49.23,-5.E-02,2.25));
#2848 = VECTOR('',#2849,1.);
#2849 = DIRECTION('',(-0.,1.,0.));
#2850 = ORIENTED_EDGE('',*,*,#2851,.T.);
#2851 = EDGE_CURVE('',#2844,#2852,#2854,.T.);
#2852 = VERTEX_POINT('',#2853);
#2853 = CARTESIAN_POINT('',(49.23,0.4,5.65));
#2854 = LINE('',#2855,#2856);
#2855 = CARTESIAN_POINT('',(49.23,0.4,2.25));
#2856 = VECTOR('',#2857,1.);
#2857 = DIRECTION('',(0.,0.,1.));
#2858 = ORIENTED_EDGE('',*,*,#2859,.F.);
#2859 = EDGE_CURVE('',#2426,#2852,#2860,.T.);
#2860 = LINE('',#2861,#2862);
#2861 = CARTESIAN_POINT('',(49.23,-5.E-02,5.65));
#2862 = VECTOR('',#2863,1.);
#2863 = DIRECTION('',(-0.,1.,0.));
#2864 = PLANE('',#2865);
#2865 = AXIS2_PLACEMENT_3D('',#2866,#2867,#2868);
#2866 = CARTESIAN_POINT('',(49.23,-5.E-02,2.25));
#2867 = DIRECTION('',(1.,0.,-0.));
#2868 = DIRECTION('',(0.,0.,1.));
#2869 = ADVANCED_FACE('',(#2870),#2889,.F.);
#2870 = FACE_BOUND('',#2871,.F.);
#2871 = EDGE_LOOP('',(#2872,#2881,#2882,#2883));
#2872 = ORIENTED_EDGE('',*,*,#2873,.F.);
#2873 = EDGE_CURVE('',#2844,#2874,#2876,.T.);
#2874 = VERTEX_POINT('',#2875);
#2875 = CARTESIAN_POINT('',(45.77,0.4,2.25));
#2876 = CIRCLE('',#2877,1.73);
#2877 = AXIS2_PLACEMENT_3D('',#2878,#2879,#2880);
#2878 = CARTESIAN_POINT('',(47.5,0.4,2.25));
#2879 = DIRECTION('',(0.,1.,0.));
#2880 = DIRECTION('',(0.,-0.,1.));
#2881 = ORIENTED_EDGE('',*,*,#2843,.F.);
#2882 = ORIENTED_EDGE('',*,*,#2493,.T.);
#2883 = ORIENTED_EDGE('',*,*,#2884,.T.);
#2884 = EDGE_CURVE('',#2486,#2874,#2885,.T.);
#2885 = LINE('',#2886,#2887);
#2886 = CARTESIAN_POINT('',(45.77,-5.E-02,2.25));
#2887 = VECTOR('',#2888,1.);
#2888 = DIRECTION('',(-0.,1.,0.));
#2889 = CYLINDRICAL_SURFACE('',#2890,1.73);
#2890 = AXIS2_PLACEMENT_3D('',#2891,#2892,#2893);
#2891 = CARTESIAN_POINT('',(47.5,-5.E-02,2.25));
#2892 = DIRECTION('',(0.,1.,0.));
#2893 = DIRECTION('',(0.,-0.,1.));
#2894 = ADVANCED_FACE('',(#2895),#2920,.F.);
#2895 = FACE_BOUND('',#2896,.F.);
#2896 = EDGE_LOOP('',(#2897,#2898,#2906,#2914));
#2897 = ORIENTED_EDGE('',*,*,#2443,.T.);
#2898 = ORIENTED_EDGE('',*,*,#2899,.T.);
#2899 = EDGE_CURVE('',#2436,#2900,#2902,.T.);
#2900 = VERTEX_POINT('',#2901);
#2901 = CARTESIAN_POINT('',(48.63,0.4,5.65));
#2902 = LINE('',#2903,#2904);
#2903 = CARTESIAN_POINT('',(48.63,-5.E-02,5.65));
#2904 = VECTOR('',#2905,1.);
#2905 = DIRECTION('',(-0.,1.,0.));
#2906 = ORIENTED_EDGE('',*,*,#2907,.T.);
#2907 = EDGE_CURVE('',#2900,#2908,#2910,.T.);
#2908 = VERTEX_POINT('',#2909);
#2909 = CARTESIAN_POINT('',(48.63,0.4,7.4));
#2910 = LINE('',#2911,#2912);
#2911 = CARTESIAN_POINT('',(48.63,0.4,5.65));
#2912 = VECTOR('',#2913,1.);
#2913 = DIRECTION('',(0.,0.,1.));
#2914 = ORIENTED_EDGE('',*,*,#2915,.F.);
#2915 = EDGE_CURVE('',#2444,#2908,#2916,.T.);
#2916 = LINE('',#2917,#2918);
#2917 = CARTESIAN_POINT('',(48.63,-5.E-02,7.4));
#2918 = VECTOR('',#2919,1.);
#2919 = DIRECTION('',(-0.,1.,0.));
#2920 = PLANE('',#2921);
#2921 = AXIS2_PLACEMENT_3D('',#2922,#2923,#2924);
#2922 = CARTESIAN_POINT('',(48.63,-5.E-02,5.65));
#2923 = DIRECTION('',(1.,0.,-0.));
#2924 = DIRECTION('',(0.,0.,1.));
#2925 = ADVANCED_FACE('',(#2926),#2944,.T.);
#2926 = FACE_BOUND('',#2927,.T.);
#2927 = EDGE_LOOP('',(#2928,#2929,#2930,#2938));
#2928 = ORIENTED_EDGE('',*,*,#2485,.T.);
#2929 = ORIENTED_EDGE('',*,*,#2884,.T.);
#2930 = ORIENTED_EDGE('',*,*,#2931,.T.);
#2931 = EDGE_CURVE('',#2874,#2932,#2934,.T.);
#2932 = VERTEX_POINT('',#2933);
#2933 = CARTESIAN_POINT('',(45.77,0.4,5.65));
#2934 = LINE('',#2935,#2936);
#2935 = CARTESIAN_POINT('',(45.77,0.4,2.25));
#2936 = VECTOR('',#2937,1.);
#2937 = DIRECTION('',(0.,0.,1.));
#2938 = ORIENTED_EDGE('',*,*,#2939,.F.);
#2939 = EDGE_CURVE('',#2478,#2932,#2940,.T.);
#2940 = LINE('',#2941,#2942);
#2941 = CARTESIAN_POINT('',(45.77,-5.E-02,5.65));
#2942 = VECTOR('',#2943,1.);
#2943 = DIRECTION('',(-0.,1.,0.));
#2944 = PLANE('',#2945);
#2945 = AXIS2_PLACEMENT_3D('',#2946,#2947,#2948);
#2946 = CARTESIAN_POINT('',(45.77,-5.E-02,2.25));
#2947 = DIRECTION('',(1.,0.,-0.));
#2948 = DIRECTION('',(0.,0.,1.));
#2949 = ADVANCED_FACE('',(#2950),#2975,.T.);
#2950 = FACE_BOUND('',#2951,.T.);
#2951 = EDGE_LOOP('',(#2952,#2953,#2961,#2969));
#2952 = ORIENTED_EDGE('',*,*,#2469,.T.);
#2953 = ORIENTED_EDGE('',*,*,#2954,.T.);
#2954 = EDGE_CURVE('',#2470,#2955,#2957,.T.);
#2955 = VERTEX_POINT('',#2956);
#2956 = CARTESIAN_POINT('',(46.37,0.4,5.65));
#2957 = LINE('',#2958,#2959);
#2958 = CARTESIAN_POINT('',(46.37,-5.E-02,5.65));
#2959 = VECTOR('',#2960,1.);
#2960 = DIRECTION('',(-0.,1.,0.));
#2961 = ORIENTED_EDGE('',*,*,#2962,.T.);
#2962 = EDGE_CURVE('',#2955,#2963,#2965,.T.);
#2963 = VERTEX_POINT('',#2964);
#2964 = CARTESIAN_POINT('',(46.37,0.4,7.4));
#2965 = LINE('',#2966,#2967);
#2966 = CARTESIAN_POINT('',(46.37,0.4,5.65));
#2967 = VECTOR('',#2968,1.);
#2968 = DIRECTION('',(0.,0.,1.));
#2969 = ORIENTED_EDGE('',*,*,#2970,.F.);
#2970 = EDGE_CURVE('',#2461,#2963,#2971,.T.);
#2971 = LINE('',#2972,#2973);
#2972 = CARTESIAN_POINT('',(46.37,-5.E-02,7.4));
#2973 = VECTOR('',#2974,1.);
#2974 = DIRECTION('',(-0.,1.,0.));
#2975 = PLANE('',#2976);
#2976 = AXIS2_PLACEMENT_3D('',#2977,#2978,#2979);
#2977 = CARTESIAN_POINT('',(46.37,-5.E-02,5.65));
#2978 = DIRECTION('',(1.,0.,-0.));
#2979 = DIRECTION('',(0.,0.,1.));
#2980 = ADVANCED_FACE('',(#2981),#2992,.T.);
#2981 = FACE_BOUND('',#2982,.F.);
#2982 = EDGE_LOOP('',(#2983,#2990,#2991));
#2983 = ORIENTED_EDGE('',*,*,#2984,.F.);
#2984 = EDGE_CURVE('',#2795,#2526,#2985,.T.);
#2985 = CIRCLE('',#2986,0.3);
#2986 = AXIS2_PLACEMENT_3D('',#2987,#2988,#2989);
#2987 = CARTESIAN_POINT('',(49.7,0.3,0.3));
#2988 = DIRECTION('',(0.,-1.,0.));
#2989 = DIRECTION('',(1.,0.,0.));
#2990 = ORIENTED_EDGE('',*,*,#2826,.T.);
#2991 = ORIENTED_EDGE('',*,*,#2533,.F.);
#2992 = SPHERICAL_SURFACE('',#2993,0.3);
#2993 = AXIS2_PLACEMENT_3D('',#2994,#2995,#2996);
#2994 = CARTESIAN_POINT('',(49.7,0.3,0.3));
#2995 = DIRECTION('',(0.,0.,1.));
#2996 = DIRECTION('',(1.,0.,-0.));
#2997 = ADVANCED_FACE('',(#2998),#3016,.T.);
#2998 = FACE_BOUND('',#2999,.T.);
#2999 = EDGE_LOOP('',(#3000,#3001,#3008,#3009));
#3000 = ORIENTED_EDGE('',*,*,#2559,.F.);
#3001 = ORIENTED_EDGE('',*,*,#3002,.T.);
#3002 = EDGE_CURVE('',#2552,#2772,#3003,.T.);
#3003 = CIRCLE('',#3004,0.3);
#3004 = AXIS2_PLACEMENT_3D('',#3005,#3006,#3007);
#3005 = CARTESIAN_POINT('',(49.7,12.2,0.3));
#3006 = DIRECTION('',(0.,0.,1.));
#3007 = DIRECTION('',(1.,0.,-0.));
#3008 = ORIENTED_EDGE('',*,*,#2771,.T.);
#3009 = ORIENTED_EDGE('',*,*,#3010,.T.);
#3010 = EDGE_CURVE('',#2764,#2560,#3011,.T.);
#3011 = CIRCLE('',#3012,0.3);
#3012 = AXIS2_PLACEMENT_3D('',#3013,#3014,#3015);
#3013 = CARTESIAN_POINT('',(49.7,12.2,10.3));
#3014 = DIRECTION('',(0.,0.,-1.));
#3015 = DIRECTION('',(1.,0.,0.));
#3016 = CYLINDRICAL_SURFACE('',#3017,0.3);
#3017 = AXIS2_PLACEMENT_3D('',#3018,#3019,#3020);
#3018 = CARTESIAN_POINT('',(49.7,12.2,0.));
#3019 = DIRECTION('',(0.,0.,1.));
#3020 = DIRECTION('',(1.,0.,-0.));
#3021 = ADVANCED_FACE('',(#3022),#3034,.T.);
#3022 = FACE_BOUND('',#3023,.T.);
#3023 = EDGE_LOOP('',(#3024,#3025,#3026,#3033));
#3024 = ORIENTED_EDGE('',*,*,#2984,.F.);
#3025 = ORIENTED_EDGE('',*,*,#2802,.T.);
#3026 = ORIENTED_EDGE('',*,*,#3027,.T.);
#3027 = EDGE_CURVE('',#2803,#2552,#3028,.T.);
#3028 = CIRCLE('',#3029,0.3);
#3029 = AXIS2_PLACEMENT_3D('',#3030,#3031,#3032);
#3030 = CARTESIAN_POINT('',(49.7,12.2,0.3));
#3031 = DIRECTION('',(0.,-1.,0.));
#3032 = DIRECTION('',(1.,0.,0.));
#3033 = ORIENTED_EDGE('',*,*,#2551,.F.);
#3034 = CYLINDRICAL_SURFACE('',#3035,0.3);
#3035 = AXIS2_PLACEMENT_3D('',#3036,#3037,#3038);
#3036 = CARTESIAN_POINT('',(49.7,0.,0.3));
#3037 = DIRECTION('',(-0.,1.,0.));
#3038 = DIRECTION('',(1.,0.,-0.));
#3039 = ADVANCED_FACE('',(#3040),#3051,.T.);
#3040 = FACE_BOUND('',#3041,.T.);
#3041 = EDGE_LOOP('',(#3042,#3043,#3050));
#3042 = ORIENTED_EDGE('',*,*,#3010,.F.);
#3043 = ORIENTED_EDGE('',*,*,#3044,.T.);
#3044 = EDGE_CURVE('',#2764,#2584,#3045,.T.);
#3045 = CIRCLE('',#3046,0.3);
#3046 = AXIS2_PLACEMENT_3D('',#3047,#3048,#3049);
#3047 = CARTESIAN_POINT('',(49.7,12.2,10.3));
#3048 = DIRECTION('',(1.,0.,-6.123233995737E-17));
#3049 = DIRECTION('',(6.123233995737E-17,0.,1.));
#3050 = ORIENTED_EDGE('',*,*,#2591,.F.);
#3051 = SPHERICAL_SURFACE('',#3052,0.3);
#3052 = AXIS2_PLACEMENT_3D('',#3053,#3054,#3055);
#3053 = CARTESIAN_POINT('',(49.7,12.2,10.3));
#3054 = DIRECTION('',(0.,-1.,-0.));
#3055 = DIRECTION('',(1.,0.,0.));
#3056 = ADVANCED_FACE('',(#3057),#3063,.T.);
#3057 = FACE_BOUND('',#3058,.T.);
#3058 = EDGE_LOOP('',(#3059,#3060,#3061,#3062));
#3059 = ORIENTED_EDGE('',*,*,#2729,.T.);
#3060 = ORIENTED_EDGE('',*,*,#2633,.T.);
#3061 = ORIENTED_EDGE('',*,*,#3044,.F.);
#3062 = ORIENTED_EDGE('',*,*,#2763,.F.);
#3063 = CYLINDRICAL_SURFACE('',#3064,0.3);
#3064 = AXIS2_PLACEMENT_3D('',#3065,#3066,#3067);
#3065 = CARTESIAN_POINT('',(45.,12.2,10.3));
#3066 = DIRECTION('',(1.,0.,-0.));
#3067 = DIRECTION('',(0.,1.,0.));
#3068 = ADVANCED_FACE('',(#3069),#3080,.F.);
#3069 = FACE_BOUND('',#3070,.F.);
#3070 = EDGE_LOOP('',(#3071,#3072,#3073,#3074));
#3071 = ORIENTED_EDGE('',*,*,#2704,.F.);
#3072 = ORIENTED_EDGE('',*,*,#2617,.F.);
#3073 = ORIENTED_EDGE('',*,*,#2648,.T.);
#3074 = ORIENTED_EDGE('',*,*,#3075,.F.);
#3075 = EDGE_CURVE('',#2705,#2649,#3076,.T.);
#3076 = LINE('',#3077,#3078);
#3077 = CARTESIAN_POINT('',(45.55,9.7,8.45));
#3078 = VECTOR('',#3079,1.);
#3079 = DIRECTION('',(1.,0.,0.));
#3080 = PLANE('',#3081);
#3081 = AXIS2_PLACEMENT_3D('',#3082,#3083,#3084);
#3082 = CARTESIAN_POINT('',(45.55,9.7,10.8));
#3083 = DIRECTION('',(-0.,1.,0.));
#3084 = DIRECTION('',(0.,0.,-1.));
#3085 = ADVANCED_FACE('',(#3086),#3092,.F.);
#3086 = FACE_BOUND('',#3087,.F.);
#3087 = EDGE_LOOP('',(#3088,#3089,#3090,#3091));
#3088 = ORIENTED_EDGE('',*,*,#3075,.T.);
#3089 = ORIENTED_EDGE('',*,*,#2656,.T.);
#3090 = ORIENTED_EDGE('',*,*,#2687,.F.);
#3091 = ORIENTED_EDGE('',*,*,#2712,.F.);
#3092 = PLANE('',#3093);
#3093 = AXIS2_PLACEMENT_3D('',#3094,#3095,#3096);
#3094 = CARTESIAN_POINT('',(45.55,9.7,8.45));
#3095 = DIRECTION('',(0.,0.,-1.));
#3096 = DIRECTION('',(0.,-1.,0.));
#3097 = ADVANCED_FACE('',(#3098),#3110,.T.);
#3098 = FACE_BOUND('',#3099,.F.);
#3099 = EDGE_LOOP('',(#3100,#3101,#3102,#3109));
#3100 = ORIENTED_EDGE('',*,*,#2746,.F.);
#3101 = ORIENTED_EDGE('',*,*,#2810,.T.);
#3102 = ORIENTED_EDGE('',*,*,#3103,.T.);
#3103 = EDGE_CURVE('',#2803,#2772,#3104,.T.);
#3104 = CIRCLE('',#3105,0.3);
#3105 = AXIS2_PLACEMENT_3D('',#3106,#3107,#3108);
#3106 = CARTESIAN_POINT('',(49.7,12.2,0.3));
#3107 = DIRECTION('',(1.,-6.123233995737E-17,0.));
#3108 = DIRECTION('',(6.123233995737E-17,1.,0.));
#3109 = ORIENTED_EDGE('',*,*,#2779,.F.);
#3110 = CYLINDRICAL_SURFACE('',#3111,0.3);
#3111 = AXIS2_PLACEMENT_3D('',#3112,#3113,#3114);
#3112 = CARTESIAN_POINT('',(45.,12.2,0.3));
#3113 = DIRECTION('',(1.,0.,-0.));
#3114 = DIRECTION('',(0.,1.,0.));
#3115 = ADVANCED_FACE('',(#3116),#3121,.T.);
#3116 = FACE_BOUND('',#3117,.T.);
#3117 = EDGE_LOOP('',(#3118,#3119,#3120));
#3118 = ORIENTED_EDGE('',*,*,#3027,.F.);
#3119 = ORIENTED_EDGE('',*,*,#3103,.T.);
#3120 = ORIENTED_EDGE('',*,*,#3002,.F.);
#3121 = SPHERICAL_SURFACE('',#3122,0.3);
#3122 = AXIS2_PLACEMENT_3D('',#3123,#3124,#3125);
#3123 = CARTESIAN_POINT('',(49.7,12.2,0.3));
#3124 = DIRECTION('',(0.,0.,1.));
#3125 = DIRECTION('',(1.,0.,-0.));
#3126 = ADVANCED_FACE('',(#3127),#3170,.T.);
#3127 = FACE_BOUND('',#3128,.T.);
#3128 = EDGE_LOOP('',(#3129,#3137,#3138,#3139,#3140,#3148,#3156,#3164));
#3129 = ORIENTED_EDGE('',*,*,#3130,.T.);
#3130 = EDGE_CURVE('',#3131,#2852,#3133,.T.);
#3131 = VERTEX_POINT('',#3132);
#3132 = CARTESIAN_POINT('',(49.05,0.4,5.65));
#3133 = LINE('',#3134,#3135);
#3134 = CARTESIAN_POINT('',(45.77,0.4,5.65));
#3135 = VECTOR('',#3136,1.);
#3136 = DIRECTION('',(1.,0.,-0.));
#3137 = ORIENTED_EDGE('',*,*,#2859,.F.);
#3138 = ORIENTED_EDGE('',*,*,#2435,.F.);
#3139 = ORIENTED_EDGE('',*,*,#2899,.T.);
#3140 = ORIENTED_EDGE('',*,*,#3141,.F.);
#3141 = EDGE_CURVE('',#3142,#2900,#3144,.T.);
#3142 = VERTEX_POINT('',#3143);
#3143 = CARTESIAN_POINT('',(48.45,0.4,5.65));
#3144 = LINE('',#3145,#3146);
#3145 = CARTESIAN_POINT('',(45.77,0.4,5.65));
#3146 = VECTOR('',#3147,1.);
#3147 = DIRECTION('',(1.,0.,-0.));
#3148 = ORIENTED_EDGE('',*,*,#3149,.T.);
#3149 = EDGE_CURVE('',#3142,#3150,#3152,.T.);
#3150 = VERTEX_POINT('',#3151);
#3151 = CARTESIAN_POINT('',(48.45,4.35,5.65));
#3152 = LINE('',#3153,#3154);
#3153 = CARTESIAN_POINT('',(48.45,0.4,5.65));
#3154 = VECTOR('',#3155,1.);
#3155 = DIRECTION('',(-0.,1.,0.));
#3156 = ORIENTED_EDGE('',*,*,#3157,.T.);
#3157 = EDGE_CURVE('',#3150,#3158,#3160,.T.);
#3158 = VERTEX_POINT('',#3159);
#3159 = CARTESIAN_POINT('',(49.05,4.35,5.65));
#3160 = LINE('',#3161,#3162);
#3161 = CARTESIAN_POINT('',(45.95,4.35,5.65));
#3162 = VECTOR('',#3163,1.);
#3163 = DIRECTION('',(1.,0.,-0.));
#3164 = ORIENTED_EDGE('',*,*,#3165,.F.);
#3165 = EDGE_CURVE('',#3131,#3158,#3166,.T.);
#3166 = LINE('',#3167,#3168);
#3167 = CARTESIAN_POINT('',(49.05,0.4,5.65));
#3168 = VECTOR('',#3169,1.);
#3169 = DIRECTION('',(-0.,1.,0.));
#3170 = PLANE('',#3171);
#3171 = AXIS2_PLACEMENT_3D('',#3172,#3173,#3174);
#3172 = CARTESIAN_POINT('',(48.777719298246,2.112719298246,5.65));
#3173 = DIRECTION('',(-0.,-0.,-1.));
#3174 = DIRECTION('',(-1.,0.,0.));
#3175 = ADVANCED_FACE('',(#3176),#3201,.F.);
#3176 = FACE_BOUND('',#3177,.F.);
#3177 = EDGE_LOOP('',(#3178,#3186,#3187,#3195));
#3178 = ORIENTED_EDGE('',*,*,#3179,.F.);
#3179 = EDGE_CURVE('',#3142,#3180,#3182,.T.);
#3180 = VERTEX_POINT('',#3181);
#3181 = CARTESIAN_POINT('',(48.45,0.4,7.4));
#3182 = LINE('',#3183,#3184);
#3183 = CARTESIAN_POINT('',(48.45,0.4,5.65));
#3184 = VECTOR('',#3185,1.);
#3185 = DIRECTION('',(0.,0.,1.));
#3186 = ORIENTED_EDGE('',*,*,#3149,.T.);
#3187 = ORIENTED_EDGE('',*,*,#3188,.T.);
#3188 = EDGE_CURVE('',#3150,#3189,#3191,.T.);
#3189 = VERTEX_POINT('',#3190);
#3190 = CARTESIAN_POINT('',(48.45,4.35,7.4));
#3191 = LINE('',#3192,#3193);
#3192 = CARTESIAN_POINT('',(48.45,4.35,5.65));
#3193 = VECTOR('',#3194,1.);
#3194 = DIRECTION('',(0.,0.,1.));
#3195 = ORIENTED_EDGE('',*,*,#3196,.F.);
#3196 = EDGE_CURVE('',#3180,#3189,#3197,.T.);
#3197 = LINE('',#3198,#3199);
#3198 = CARTESIAN_POINT('',(48.45,0.4,7.4));
#3199 = VECTOR('',#3200,1.);
#3200 = DIRECTION('',(-0.,1.,0.));
#3201 = PLANE('',#3202);
#3202 = AXIS2_PLACEMENT_3D('',#3203,#3204,#3205);
#3203 = CARTESIAN_POINT('',(48.45,0.4,5.65));
#3204 = DIRECTION('',(1.,0.,-0.));
#3205 = DIRECTION('',(0.,0.,1.));
#3206 = ADVANCED_FACE('',(#3207),#3232,.F.);
#3207 = FACE_BOUND('',#3208,.F.);
#3208 = EDGE_LOOP('',(#3209,#3217,#3225,#3231));
#3209 = ORIENTED_EDGE('',*,*,#3210,.F.);
#3210 = EDGE_CURVE('',#3211,#3131,#3213,.T.);
#3211 = VERTEX_POINT('',#3212);
#3212 = CARTESIAN_POINT('',(49.05,0.4,2.25));
#3213 = LINE('',#3214,#3215);
#3214 = CARTESIAN_POINT('',(49.05,0.4,2.25));
#3215 = VECTOR('',#3216,1.);
#3216 = DIRECTION('',(0.,0.,1.));
#3217 = ORIENTED_EDGE('',*,*,#3218,.T.);
#3218 = EDGE_CURVE('',#3211,#3219,#3221,.T.);
#3219 = VERTEX_POINT('',#3220);
#3220 = CARTESIAN_POINT('',(49.05,4.35,2.25));
#3221 = LINE('',#3222,#3223);
#3222 = CARTESIAN_POINT('',(49.05,0.4,2.25));
#3223 = VECTOR('',#3224,1.);
#3224 = DIRECTION('',(-0.,1.,0.));
#3225 = ORIENTED_EDGE('',*,*,#3226,.T.);
#3226 = EDGE_CURVE('',#3219,#3158,#3227,.T.);
#3227 = LINE('',#3228,#3229);
#3228 = CARTESIAN_POINT('',(49.05,4.35,2.25));
#3229 = VECTOR('',#3230,1.);
#3230 = DIRECTION('',(0.,0.,1.));
#3231 = ORIENTED_EDGE('',*,*,#3165,.F.);
#3232 = PLANE('',#3233);
#3233 = AXIS2_PLACEMENT_3D('',#3234,#3235,#3236);
#3234 = CARTESIAN_POINT('',(49.05,0.4,2.25));
#3235 = DIRECTION('',(1.,0.,-0.));
#3236 = DIRECTION('',(0.,0.,1.));
#3237 = ADVANCED_FACE('',(#3238),#3265,.F.);
#3238 = FACE_BOUND('',#3239,.F.);
#3239 = EDGE_LOOP('',(#3240,#3249,#3250,#3259));
#3240 = ORIENTED_EDGE('',*,*,#3241,.F.);
#3241 = EDGE_CURVE('',#3219,#3242,#3244,.T.);
#3242 = VERTEX_POINT('',#3243);
#3243 = CARTESIAN_POINT('',(45.95,4.35,2.25));
#3244 = CIRCLE('',#3245,1.55);
#3245 = AXIS2_PLACEMENT_3D('',#3246,#3247,#3248);
#3246 = CARTESIAN_POINT('',(47.5,4.35,2.25));
#3247 = DIRECTION('',(0.,1.,0.));
#3248 = DIRECTION('',(0.,-0.,1.));
#3249 = ORIENTED_EDGE('',*,*,#3218,.F.);
#3250 = ORIENTED_EDGE('',*,*,#3251,.T.);
#3251 = EDGE_CURVE('',#3211,#3252,#3254,.T.);
#3252 = VERTEX_POINT('',#3253);
#3253 = CARTESIAN_POINT('',(45.95,0.4,2.25));
#3254 = CIRCLE('',#3255,1.55);
#3255 = AXIS2_PLACEMENT_3D('',#3256,#3257,#3258);
#3256 = CARTESIAN_POINT('',(47.5,0.4,2.25));
#3257 = DIRECTION('',(0.,1.,0.));
#3258 = DIRECTION('',(0.,-0.,1.));
#3259 = ORIENTED_EDGE('',*,*,#3260,.T.);
#3260 = EDGE_CURVE('',#3252,#3242,#3261,.T.);
#3261 = LINE('',#3262,#3263);
#3262 = CARTESIAN_POINT('',(45.95,0.4,2.25));
#3263 = VECTOR('',#3264,1.);
#3264 = DIRECTION('',(-0.,1.,0.));
#3265 = CYLINDRICAL_SURFACE('',#3266,1.55);
#3266 = AXIS2_PLACEMENT_3D('',#3267,#3268,#3269);
#3267 = CARTESIAN_POINT('',(47.5,0.4,2.25));
#3268 = DIRECTION('',(0.,1.,0.));
#3269 = DIRECTION('',(0.,-0.,1.));
#3270 = ADVANCED_FACE('',(#3271),#3296,.T.);
#3271 = FACE_BOUND('',#3272,.T.);
#3272 = EDGE_LOOP('',(#3273,#3281,#3282,#3290));
#3273 = ORIENTED_EDGE('',*,*,#3274,.F.);
#3274 = EDGE_CURVE('',#3252,#3275,#3277,.T.);
#3275 = VERTEX_POINT('',#3276);
#3276 = CARTESIAN_POINT('',(45.95,0.4,5.65));
#3277 = LINE('',#3278,#3279);
#3278 = CARTESIAN_POINT('',(45.95,0.4,2.25));
#3279 = VECTOR('',#3280,1.);
#3280 = DIRECTION('',(0.,0.,1.));
#3281 = ORIENTED_EDGE('',*,*,#3260,.T.);
#3282 = ORIENTED_EDGE('',*,*,#3283,.T.);
#3283 = EDGE_CURVE('',#3242,#3284,#3286,.T.);
#3284 = VERTEX_POINT('',#3285);
#3285 = CARTESIAN_POINT('',(45.95,4.35,5.65));
#3286 = LINE('',#3287,#3288);
#3287 = CARTESIAN_POINT('',(45.95,4.35,2.25));
#3288 = VECTOR('',#3289,1.);
#3289 = DIRECTION('',(0.,0.,1.));
#3290 = ORIENTED_EDGE('',*,*,#3291,.F.);
#3291 = EDGE_CURVE('',#3275,#3284,#3292,.T.);
#3292 = LINE('',#3293,#3294);
#3293 = CARTESIAN_POINT('',(45.95,0.4,5.65));
#3294 = VECTOR('',#3295,1.);
#3295 = DIRECTION('',(-0.,1.,0.));
#3296 = PLANE('',#3297);
#3297 = AXIS2_PLACEMENT_3D('',#3298,#3299,#3300);
#3298 = CARTESIAN_POINT('',(45.95,0.4,2.25));
#3299 = DIRECTION('',(1.,0.,-0.));
#3300 = DIRECTION('',(0.,0.,1.));
#3301 = ADVANCED_FACE('',(#3302),#3336,.T.);
#3302 = FACE_BOUND('',#3303,.T.);
#3303 = EDGE_LOOP('',(#3304,#3310,#3311,#3319,#3327,#3333,#3334,#3335));
#3304 = ORIENTED_EDGE('',*,*,#3305,.T.);
#3305 = EDGE_CURVE('',#2932,#3275,#3306,.T.);
#3306 = LINE('',#3307,#3308);
#3307 = CARTESIAN_POINT('',(45.77,0.4,5.65));
#3308 = VECTOR('',#3309,1.);
#3309 = DIRECTION('',(1.,0.,-0.));
#3310 = ORIENTED_EDGE('',*,*,#3291,.T.);
#3311 = ORIENTED_EDGE('',*,*,#3312,.T.);
#3312 = EDGE_CURVE('',#3284,#3313,#3315,.T.);
#3313 = VERTEX_POINT('',#3314);
#3314 = CARTESIAN_POINT('',(46.55,4.35,5.65));
#3315 = LINE('',#3316,#3317);
#3316 = CARTESIAN_POINT('',(45.95,4.35,5.65));
#3317 = VECTOR('',#3318,1.);
#3318 = DIRECTION('',(1.,0.,-0.));
#3319 = ORIENTED_EDGE('',*,*,#3320,.F.);
#3320 = EDGE_CURVE('',#3321,#3313,#3323,.T.);
#3321 = VERTEX_POINT('',#3322);
#3322 = CARTESIAN_POINT('',(46.55,0.4,5.65));
#3323 = LINE('',#3324,#3325);
#3324 = CARTESIAN_POINT('',(46.55,0.4,5.65));
#3325 = VECTOR('',#3326,1.);
#3326 = DIRECTION('',(-0.,1.,0.));
#3327 = ORIENTED_EDGE('',*,*,#3328,.F.);
#3328 = EDGE_CURVE('',#2955,#3321,#3329,.T.);
#3329 = LINE('',#3330,#3331);
#3330 = CARTESIAN_POINT('',(45.77,0.4,5.65));
#3331 = VECTOR('',#3332,1.);
#3332 = DIRECTION('',(1.,0.,-0.));
#3333 = ORIENTED_EDGE('',*,*,#2954,.F.);
#3334 = ORIENTED_EDGE('',*,*,#2477,.F.);
#3335 = ORIENTED_EDGE('',*,*,#2939,.T.);
#3336 = PLANE('',#3337);
#3337 = AXIS2_PLACEMENT_3D('',#3338,#3339,#3340);
#3338 = CARTESIAN_POINT('',(46.222280701754,2.112719298246,5.65));
#3339 = DIRECTION('',(-0.,-0.,-1.));
#3340 = DIRECTION('',(-1.,0.,0.));
#3341 = ADVANCED_FACE('',(#3342),#3367,.T.);
#3342 = FACE_BOUND('',#3343,.T.);
#3343 = EDGE_LOOP('',(#3344,#3352,#3353,#3361));
#3344 = ORIENTED_EDGE('',*,*,#3345,.F.);
#3345 = EDGE_CURVE('',#3321,#3346,#3348,.T.);
#3346 = VERTEX_POINT('',#3347);
#3347 = CARTESIAN_POINT('',(46.55,0.4,7.4));
#3348 = LINE('',#3349,#3350);
#3349 = CARTESIAN_POINT('',(46.55,0.4,5.65));
#3350 = VECTOR('',#3351,1.);
#3351 = DIRECTION('',(0.,0.,1.));
#3352 = ORIENTED_EDGE('',*,*,#3320,.T.);
#3353 = ORIENTED_EDGE('',*,*,#3354,.T.);
#3354 = EDGE_CURVE('',#3313,#3355,#3357,.T.);
#3355 = VERTEX_POINT('',#3356);
#3356 = CARTESIAN_POINT('',(46.55,4.35,7.4));
#3357 = LINE('',#3358,#3359);
#3358 = CARTESIAN_POINT('',(46.55,4.35,5.65));
#3359 = VECTOR('',#3360,1.);
#3360 = DIRECTION('',(0.,0.,1.));
#3361 = ORIENTED_EDGE('',*,*,#3362,.F.);
#3362 = EDGE_CURVE('',#3346,#3355,#3363,.T.);
#3363 = LINE('',#3364,#3365);
#3364 = CARTESIAN_POINT('',(46.55,0.4,7.4));
#3365 = VECTOR('',#3366,1.);
#3366 = DIRECTION('',(-0.,1.,0.));
#3367 = PLANE('',#3368);
#3368 = AXIS2_PLACEMENT_3D('',#3369,#3370,#3371);
#3369 = CARTESIAN_POINT('',(46.55,0.4,5.65));
#3370 = DIRECTION('',(1.,0.,-0.));
#3371 = DIRECTION('',(0.,0.,1.));
#3372 = ADVANCED_FACE('',(#3373),#3383,.T.);
#3373 = FACE_BOUND('',#3374,.T.);
#3374 = EDGE_LOOP('',(#3375,#3376,#3377,#3378,#3379,#3380,#3381,#3382));
#3375 = ORIENTED_EDGE('',*,*,#2851,.T.);
#3376 = ORIENTED_EDGE('',*,*,#3130,.F.);
#3377 = ORIENTED_EDGE('',*,*,#3210,.F.);
#3378 = ORIENTED_EDGE('',*,*,#3251,.T.);
#3379 = ORIENTED_EDGE('',*,*,#3274,.T.);
#3380 = ORIENTED_EDGE('',*,*,#3305,.F.);
#3381 = ORIENTED_EDGE('',*,*,#2931,.F.);
#3382 = ORIENTED_EDGE('',*,*,#2873,.F.);
#3383 = PLANE('',#3384);
#3384 = AXIS2_PLACEMENT_3D('',#3385,#3386,#3387);
#3385 = CARTESIAN_POINT('',(47.5,0.4,2.880205591296));
#3386 = DIRECTION('',(-0.,-1.,-0.));
#3387 = DIRECTION('',(0.,0.,-1.));
#3388 = ADVANCED_FACE('',(#3389),#3429,.T.);
#3389 = FACE_BOUND('',#3390,.T.);
#3390 = EDGE_LOOP('',(#3391,#3392,#3393,#3402,#3409,#3410,#3411,#3412,
    #3421,#3428));
#3391 = ORIENTED_EDGE('',*,*,#3141,.T.);
#3392 = ORIENTED_EDGE('',*,*,#2907,.T.);
#3393 = ORIENTED_EDGE('',*,*,#3394,.F.);
#3394 = EDGE_CURVE('',#3395,#2908,#3397,.T.);
#3395 = VERTEX_POINT('',#3396);
#3396 = CARTESIAN_POINT('',(47.5,0.4,8.53));
#3397 = CIRCLE('',#3398,1.13);
#3398 = AXIS2_PLACEMENT_3D('',#3399,#3400,#3401);
#3399 = CARTESIAN_POINT('',(47.5,0.4,7.4));
#3400 = DIRECTION('',(0.,1.,0.));
#3401 = DIRECTION('',(0.,-0.,1.));
#3402 = ORIENTED_EDGE('',*,*,#3403,.F.);
#3403 = EDGE_CURVE('',#2963,#3395,#3404,.T.);
#3404 = CIRCLE('',#3405,1.13);
#3405 = AXIS2_PLACEMENT_3D('',#3406,#3407,#3408);
#3406 = CARTESIAN_POINT('',(47.5,0.4,7.4));
#3407 = DIRECTION('',(0.,1.,0.));
#3408 = DIRECTION('',(0.,-0.,1.));
#3409 = ORIENTED_EDGE('',*,*,#2962,.F.);
#3410 = ORIENTED_EDGE('',*,*,#3328,.T.);
#3411 = ORIENTED_EDGE('',*,*,#3345,.T.);
#3412 = ORIENTED_EDGE('',*,*,#3413,.T.);
#3413 = EDGE_CURVE('',#3346,#3414,#3416,.T.);
#3414 = VERTEX_POINT('',#3415);
#3415 = CARTESIAN_POINT('',(47.5,0.4,8.35));
#3416 = CIRCLE('',#3417,0.95);
#3417 = AXIS2_PLACEMENT_3D('',#3418,#3419,#3420);
#3418 = CARTESIAN_POINT('',(47.5,0.4,7.4));
#3419 = DIRECTION('',(0.,1.,0.));
#3420 = DIRECTION('',(0.,-0.,1.));
#3421 = ORIENTED_EDGE('',*,*,#3422,.T.);
#3422 = EDGE_CURVE('',#3414,#3180,#3423,.T.);
#3423 = CIRCLE('',#3424,0.95);
#3424 = AXIS2_PLACEMENT_3D('',#3425,#3426,#3427);
#3425 = CARTESIAN_POINT('',(47.5,0.4,7.4));
#3426 = DIRECTION('',(0.,1.,0.));
#3427 = DIRECTION('',(0.,-0.,1.));
#3428 = ORIENTED_EDGE('',*,*,#3179,.F.);
#3429 = PLANE('',#3430);
#3430 = AXIS2_PLACEMENT_3D('',#3431,#3432,#3433);
#3431 = CARTESIAN_POINT('',(47.5,0.4,7.215868321793));
#3432 = DIRECTION('',(-0.,-1.,-0.));
#3433 = DIRECTION('',(0.,0.,-1.));
#3434 = ADVANCED_FACE('',(#3435),#3460,.T.);
#3435 = FACE_BOUND('',#3436,.T.);
#3436 = EDGE_LOOP('',(#3437,#3438,#3439,#3440,#3449,#3456,#3457,#3458,
    #3459));
#3437 = ORIENTED_EDGE('',*,*,#3226,.T.);
#3438 = ORIENTED_EDGE('',*,*,#3157,.F.);
#3439 = ORIENTED_EDGE('',*,*,#3188,.T.);
#3440 = ORIENTED_EDGE('',*,*,#3441,.F.);
#3441 = EDGE_CURVE('',#3442,#3189,#3444,.T.);
#3442 = VERTEX_POINT('',#3443);
#3443 = CARTESIAN_POINT('',(47.5,4.35,8.35));
#3444 = CIRCLE('',#3445,0.95);
#3445 = AXIS2_PLACEMENT_3D('',#3446,#3447,#3448);
#3446 = CARTESIAN_POINT('',(47.5,4.35,7.4));
#3447 = DIRECTION('',(0.,1.,0.));
#3448 = DIRECTION('',(0.,-0.,1.));
#3449 = ORIENTED_EDGE('',*,*,#3450,.F.);
#3450 = EDGE_CURVE('',#3355,#3442,#3451,.T.);
#3451 = CIRCLE('',#3452,0.95);
#3452 = AXIS2_PLACEMENT_3D('',#3453,#3454,#3455);
#3453 = CARTESIAN_POINT('',(47.5,4.35,7.4));
#3454 = DIRECTION('',(0.,1.,0.));
#3455 = DIRECTION('',(0.,-0.,1.));
#3456 = ORIENTED_EDGE('',*,*,#3354,.F.);
#3457 = ORIENTED_EDGE('',*,*,#3312,.F.);
#3458 = ORIENTED_EDGE('',*,*,#3283,.F.);
#3459 = ORIENTED_EDGE('',*,*,#3241,.F.);
#3460 = PLANE('',#3461);
#3461 = AXIS2_PLACEMENT_3D('',#3462,#3463,#3464);
#3462 = CARTESIAN_POINT('',(47.5,4.35,4.521140854833));
#3463 = DIRECTION('',(-0.,-1.,-0.));
#3464 = DIRECTION('',(0.,0.,-1.));
#3465 = ADVANCED_FACE('',(#3466),#3474,.F.);
#3466 = FACE_BOUND('',#3467,.F.);
#3467 = EDGE_LOOP('',(#3468,#3469,#3470,#3471,#3472,#3473));
#3468 = ORIENTED_EDGE('',*,*,#2970,.F.);
#3469 = ORIENTED_EDGE('',*,*,#2460,.T.);
#3470 = ORIENTED_EDGE('',*,*,#2451,.T.);
#3471 = ORIENTED_EDGE('',*,*,#2915,.T.);
#3472 = ORIENTED_EDGE('',*,*,#3394,.F.);
#3473 = ORIENTED_EDGE('',*,*,#3403,.F.);
#3474 = CYLINDRICAL_SURFACE('',#3475,1.13);
#3475 = AXIS2_PLACEMENT_3D('',#3476,#3477,#3478);
#3476 = CARTESIAN_POINT('',(47.5,-5.E-02,7.4));
#3477 = DIRECTION('',(0.,1.,0.));
#3478 = DIRECTION('',(0.,-0.,1.));
#3479 = ADVANCED_FACE('',(#3480),#3488,.F.);
#3480 = FACE_BOUND('',#3481,.F.);
#3481 = EDGE_LOOP('',(#3482,#3483,#3484,#3485,#3486,#3487));
#3482 = ORIENTED_EDGE('',*,*,#3196,.T.);
#3483 = ORIENTED_EDGE('',*,*,#3441,.F.);
#3484 = ORIENTED_EDGE('',*,*,#3450,.F.);
#3485 = ORIENTED_EDGE('',*,*,#3362,.F.);
#3486 = ORIENTED_EDGE('',*,*,#3413,.T.);
#3487 = ORIENTED_EDGE('',*,*,#3422,.T.);
#3488 = CYLINDRICAL_SURFACE('',#3489,0.95);
#3489 = AXIS2_PLACEMENT_3D('',#3490,#3491,#3492);
#3490 = CARTESIAN_POINT('',(47.5,0.4,7.4));
#3491 = DIRECTION('',(0.,1.,0.));
#3492 = DIRECTION('',(0.,-0.,1.));
#3493 = ( GEOMETRIC_REPRESENTATION_CONTEXT(3)
GLOBAL_UNCERTAINTY_ASSIGNED_CONTEXT((#3497))
GLOBAL_UNIT_ASSIGNED_CONTEXT((#3494,#3495,#3496)) REPRESENTATION_CONTEXT
('Context #1','3D Context with UNIT and UNCERTAINTY') );
#3494 = ( LENGTH_UNIT() NAMED_UNIT(*) SI_UNIT(.MILLI.,.METRE.) );
#3495 = ( NAMED_UNIT(*) PLANE_ANGLE_UNIT() SI_UNIT($,.RADIAN.) );
#3496 = ( NAMED_UNIT(*) SI_UNIT($,.STERADIAN.) SOLID_ANGLE_UNIT() );
#3497 = UNCERTAINTY_MEASURE_WITH_UNIT(LENGTH_MEASURE(1.E-07),#3494,
  'distance_accuracy_value','confusion accuracy');
#3498 = CONTEXT_DEPENDENT_SHAPE_REPRESENTATION(#3499,#3501);
#3499 = ( REPRESENTATION_RELATIONSHIP('','',#2137,#10)
REPRESENTATION_RELATIONSHIP_WITH_TRANSFORMATION(#3500)
SHAPE_REPRESENTATION_RELATIONSHIP() );
#3500 = ITEM_DEFINED_TRANSFORMATION('','',#11,#31);
#3501 = PRODUCT_DEFINITION_SHAPE('Placement','Placement of an item',
  #3502);
#3502 = NEXT_ASSEMBLY_USAGE_OCCURRENCE('5','Housing P2','',#5,#2132,$);
#3503 = PRODUCT_RELATED_PRODUCT_CATEGORY('part',$,(#2134));
#3504 = SHAPE_DEFINITION_REPRESENTATION(#3505,#3511);
#3505 = PRODUCT_DEFINITION_SHAPE('','',#3506);
#3506 = PRODUCT_DEFINITION('design','',#3507,#3510);
#3507 = PRODUCT_DEFINITION_FORMATION('','',#3508);
#3508 = PRODUCT('Spacer between P1 and P2','Spacer between P1 and P2',''
  ,(#3509));
#3509 = PRODUCT_CONTEXT('',#2,'mechanical');
#3510 = PRODUCT_DEFINITION_CONTEXT('part definition',#2,'design');
#3511 = ADVANCED_BREP_SHAPE_REPRESENTATION('',(#11,#3512),#4116);
#3512 = MANIFOLD_SOLID_BREP('',#3513);
#3513 = CLOSED_SHELL('',(#3514,#3562,#3595,#3654,#3679,#3712,#3745,#3769
    ,#3786,#3811,#3843,#3868,#3885,#3902,#3919,#3950,#3981,#3999,#4016,
    #4040,#4058,#4075,#4087,#4105));
#3514 = ADVANCED_FACE('',(#3515),#3557,.F.);
#3515 = FACE_BOUND('',#3516,.F.);
#3516 = EDGE_LOOP('',(#3517,#3527,#3535,#3543,#3551));
#3517 = ORIENTED_EDGE('',*,*,#3518,.F.);
#3518 = EDGE_CURVE('',#3519,#3521,#3523,.T.);
#3519 = VERTEX_POINT('',#3520);
#3520 = CARTESIAN_POINT('',(50.,0.3,0.3));
#3521 = VERTEX_POINT('',#3522);
#3522 = CARTESIAN_POINT('',(50.,0.3,9.086363636364));
#3523 = LINE('',#3524,#3525);
#3524 = CARTESIAN_POINT('',(50.,0.3,0.));
#3525 = VECTOR('',#3526,1.);
#3526 = DIRECTION('',(0.,0.,1.));
#3527 = ORIENTED_EDGE('',*,*,#3528,.T.);
#3528 = EDGE_CURVE('',#3519,#3529,#3531,.T.);
#3529 = VERTEX_POINT('',#3530);
#3530 = CARTESIAN_POINT('',(50.,12.2,0.3));
#3531 = LINE('',#3532,#3533);
#3532 = CARTESIAN_POINT('',(50.,0.,0.3));
#3533 = VECTOR('',#3534,1.);
#3534 = DIRECTION('',(-0.,1.,0.));
#3535 = ORIENTED_EDGE('',*,*,#3536,.T.);
#3536 = EDGE_CURVE('',#3529,#3537,#3539,.T.);
#3537 = VERTEX_POINT('',#3538);
#3538 = CARTESIAN_POINT('',(50.,12.2,10.3));
#3539 = LINE('',#3540,#3541);
#3540 = CARTESIAN_POINT('',(50.,12.2,0.));
#3541 = VECTOR('',#3542,1.);
#3542 = DIRECTION('',(0.,0.,1.));
#3543 = ORIENTED_EDGE('',*,*,#3544,.F.);
#3544 = EDGE_CURVE('',#3545,#3537,#3547,.T.);
#3545 = VERTEX_POINT('',#3546);
#3546 = CARTESIAN_POINT('',(50.,1.743243243243,10.3));
#3547 = LINE('',#3548,#3549);
#3548 = CARTESIAN_POINT('',(50.,0.,10.3));
#3549 = VECTOR('',#3550,1.);
#3550 = DIRECTION('',(-0.,1.,0.));
#3551 = ORIENTED_EDGE('',*,*,#3552,.F.);
#3552 = EDGE_CURVE('',#3521,#3545,#3553,.T.);
#3553 = LINE('',#3554,#3555);
#3554 = CARTESIAN_POINT('',(50.,-1.125779122542,7.88741301059));
#3555 = VECTOR('',#3556,1.);
#3556 = DIRECTION('',(0.,0.765362085905,0.643599935875));
#3557 = PLANE('',#3558);
#3558 = AXIS2_PLACEMENT_3D('',#3559,#3560,#3561);
#3559 = CARTESIAN_POINT('',(50.,0.,0.));
#3560 = DIRECTION('',(1.,0.,-0.));
#3561 = DIRECTION('',(0.,0.,1.));
#3562 = ADVANCED_FACE('',(#3563),#3590,.T.);
#3563 = FACE_BOUND('',#3564,.T.);
#3564 = EDGE_LOOP('',(#3565,#3566,#3575,#3583));
#3565 = ORIENTED_EDGE('',*,*,#3518,.F.);
#3566 = ORIENTED_EDGE('',*,*,#3567,.T.);
#3567 = EDGE_CURVE('',#3519,#3568,#3570,.T.);
#3568 = VERTEX_POINT('',#3569);
#3569 = CARTESIAN_POINT('',(50.3,-5.551115123126E-17,0.3));
#3570 = CIRCLE('',#3571,0.3);
#3571 = AXIS2_PLACEMENT_3D('',#3572,#3573,#3574);
#3572 = CARTESIAN_POINT('',(50.3,0.3,0.3));
#3573 = DIRECTION('',(0.,0.,1.));
#3574 = DIRECTION('',(-1.,0.,0.));
#3575 = ORIENTED_EDGE('',*,*,#3576,.T.);
#3576 = EDGE_CURVE('',#3568,#3577,#3579,.T.);
#3577 = VERTEX_POINT('',#3578);
#3578 = CARTESIAN_POINT('',(50.3,-5.551115123126E-17,8.834090909091));
#3579 = LINE('',#3580,#3581);
#3580 = CARTESIAN_POINT('',(50.3,-5.551115123126E-17,0.));
#3581 = VECTOR('',#3582,1.);
#3582 = DIRECTION('',(0.,0.,1.));
#3583 = ORIENTED_EDGE('',*,*,#3584,.T.);
#3584 = EDGE_CURVE('',#3577,#3521,#3585,.T.);
#3585 = ELLIPSE('',#3586,0.391971336867,0.3);
#3586 = AXIS2_PLACEMENT_3D('',#3587,#3588,#3589);
#3587 = CARTESIAN_POINT('',(50.3,0.3,9.086363636364));
#3588 = DIRECTION('',(0.,0.643599935875,-0.765362085905));
#3589 = DIRECTION('',(0.,0.765362085905,0.643599935875));
#3590 = CYLINDRICAL_SURFACE('',#3591,0.3);
#3591 = AXIS2_PLACEMENT_3D('',#3592,#3593,#3594);
#3592 = CARTESIAN_POINT('',(50.3,0.3,0.));
#3593 = DIRECTION('',(0.,0.,1.));
#3594 = DIRECTION('',(-1.,-0.,0.));
#3595 = ADVANCED_FACE('',(#3596),#3649,.F.);
#3596 = FACE_BOUND('',#3597,.F.);
#3597 = EDGE_LOOP('',(#3598,#3607,#3615,#3624,#3632,#3641,#3647,#3648));
#3598 = ORIENTED_EDGE('',*,*,#3599,.T.);
#3599 = EDGE_CURVE('',#3545,#3600,#3602,.T.);
#3600 = VERTEX_POINT('',#3601);
#3601 = CARTESIAN_POINT('',(50.3,2.1,10.6));
#3602 = ELLIPSE('',#3603,0.466128076275,0.3);
#3603 = AXIS2_PLACEMENT_3D('',#3604,#3605,#3606);
#3604 = CARTESIAN_POINT('',(50.3,1.743243243243,10.3));
#3605 = DIRECTION('',(0.,0.643599935875,-0.765362085905));
#3606 = DIRECTION('',(0.,0.765362085905,0.643599935875));
#3607 = ORIENTED_EDGE('',*,*,#3608,.T.);
#3608 = EDGE_CURVE('',#3600,#3609,#3611,.T.);
#3609 = VERTEX_POINT('',#3610);
#3610 = CARTESIAN_POINT('',(52.2,2.1,10.6));
#3611 = LINE('',#3612,#3613);
#3612 = CARTESIAN_POINT('',(49.9,2.1,10.6));
#3613 = VECTOR('',#3614,1.);
#3614 = DIRECTION('',(1.,0.,0.));
#3615 = ORIENTED_EDGE('',*,*,#3616,.T.);
#3616 = EDGE_CURVE('',#3609,#3617,#3619,.T.);
#3617 = VERTEX_POINT('',#3618);
#3618 = CARTESIAN_POINT('',(52.5,1.743243243243,10.3));
#3619 = ELLIPSE('',#3620,0.466128076275,0.3);
#3620 = AXIS2_PLACEMENT_3D('',#3621,#3622,#3623);
#3621 = CARTESIAN_POINT('',(52.2,1.743243243243,10.3));
#3622 = DIRECTION('',(0.,0.643599935875,-0.765362085905));
#3623 = DIRECTION('',(0.,0.765362085905,0.643599935875));
#3624 = ORIENTED_EDGE('',*,*,#3625,.F.);
#3625 = EDGE_CURVE('',#3626,#3617,#3628,.T.);
#3626 = VERTEX_POINT('',#3627);
#3627 = CARTESIAN_POINT('',(52.5,0.3,9.086363636364));
#3628 = LINE('',#3629,#3630);
#3629 = CARTESIAN_POINT('',(52.5,-1.125779122542,7.88741301059));
#3630 = VECTOR('',#3631,1.);
#3631 = DIRECTION('',(0.,0.765362085905,0.643599935875));
#3632 = ORIENTED_EDGE('',*,*,#3633,.T.);
#3633 = EDGE_CURVE('',#3626,#3634,#3636,.T.);
#3634 = VERTEX_POINT('',#3635);
#3635 = CARTESIAN_POINT('',(52.2,-5.551115123126E-17,8.834090909091));
#3636 = ELLIPSE('',#3637,0.391971336867,0.3);
#3637 = AXIS2_PLACEMENT_3D('',#3638,#3639,#3640);
#3638 = CARTESIAN_POINT('',(52.2,0.3,9.086363636364));
#3639 = DIRECTION('',(0.,0.643599935875,-0.765362085905));
#3640 = DIRECTION('',(0.,0.765362085905,0.643599935875));
#3641 = ORIENTED_EDGE('',*,*,#3642,.T.);
#3642 = EDGE_CURVE('',#3634,#3577,#3643,.T.);
#3643 = LINE('',#3644,#3645);
#3644 = CARTESIAN_POINT('',(49.95,2.22044604925E-16,8.834090909091));
#3645 = VECTOR('',#3646,1.);
#3646 = DIRECTION('',(-1.,0.,-0.));
#3647 = ORIENTED_EDGE('',*,*,#3584,.T.);
#3648 = ORIENTED_EDGE('',*,*,#3552,.T.);
#3649 = PLANE('',#3650);
#3650 = AXIS2_PLACEMENT_3D('',#3651,#3652,#3653);
#3651 = CARTESIAN_POINT('',(49.9,2.1,10.6));
#3652 = DIRECTION('',(0.,0.643599935875,-0.765362085905));
#3653 = DIRECTION('',(0.,-0.765362085905,-0.643599935875));
#3654 = ADVANCED_FACE('',(#3655),#3674,.T.);
#3655 = FACE_BOUND('',#3656,.T.);
#3656 = EDGE_LOOP('',(#3657,#3658,#3666,#3673));
#3657 = ORIENTED_EDGE('',*,*,#3599,.T.);
#3658 = ORIENTED_EDGE('',*,*,#3659,.T.);
#3659 = EDGE_CURVE('',#3600,#3660,#3662,.T.);
#3660 = VERTEX_POINT('',#3661);
#3661 = CARTESIAN_POINT('',(50.3,12.2,10.6));
#3662 = LINE('',#3663,#3664);
#3663 = CARTESIAN_POINT('',(50.3,0.,10.6));
#3664 = VECTOR('',#3665,1.);
#3665 = DIRECTION('',(-0.,1.,0.));
#3666 = ORIENTED_EDGE('',*,*,#3667,.F.);
#3667 = EDGE_CURVE('',#3537,#3660,#3668,.T.);
#3668 = CIRCLE('',#3669,0.3);
#3669 = AXIS2_PLACEMENT_3D('',#3670,#3671,#3672);
#3670 = CARTESIAN_POINT('',(50.3,12.2,10.3));
#3671 = DIRECTION('',(-0.,1.,0.));
#3672 = DIRECTION('',(-1.,-0.,0.));
#3673 = ORIENTED_EDGE('',*,*,#3544,.F.);
#3674 = CYLINDRICAL_SURFACE('',#3675,0.3);
#3675 = AXIS2_PLACEMENT_3D('',#3676,#3677,#3678);
#3676 = CARTESIAN_POINT('',(50.3,0.,10.3));
#3677 = DIRECTION('',(-0.,1.,0.));
#3678 = DIRECTION('',(-1.,-0.,0.));
#3679 = ADVANCED_FACE('',(#3680),#3707,.T.);
#3680 = FACE_BOUND('',#3681,.F.);
#3681 = EDGE_LOOP('',(#3682,#3683,#3692,#3700));
#3682 = ORIENTED_EDGE('',*,*,#3536,.F.);
#3683 = ORIENTED_EDGE('',*,*,#3684,.T.);
#3684 = EDGE_CURVE('',#3529,#3685,#3687,.T.);
#3685 = VERTEX_POINT('',#3686);
#3686 = CARTESIAN_POINT('',(50.3,12.5,0.3));
#3687 = CIRCLE('',#3688,0.3);
#3688 = AXIS2_PLACEMENT_3D('',#3689,#3690,#3691);
#3689 = CARTESIAN_POINT('',(50.3,12.2,0.3));
#3690 = DIRECTION('',(-0.,0.,-1.));
#3691 = DIRECTION('',(-1.,0.,0.));
#3692 = ORIENTED_EDGE('',*,*,#3693,.T.);
#3693 = EDGE_CURVE('',#3685,#3694,#3696,.T.);
#3694 = VERTEX_POINT('',#3695);
#3695 = CARTESIAN_POINT('',(50.3,12.5,10.3));
#3696 = LINE('',#3697,#3698);
#3697 = CARTESIAN_POINT('',(50.3,12.5,0.));
#3698 = VECTOR('',#3699,1.);
#3699 = DIRECTION('',(0.,0.,1.));
#3700 = ORIENTED_EDGE('',*,*,#3701,.T.);
#3701 = EDGE_CURVE('',#3694,#3537,#3702,.T.);
#3702 = CIRCLE('',#3703,0.3);
#3703 = AXIS2_PLACEMENT_3D('',#3704,#3705,#3706);
#3704 = CARTESIAN_POINT('',(50.3,12.2,10.3));
#3705 = DIRECTION('',(0.,0.,1.));
#3706 = DIRECTION('',(-1.,-0.,0.));
#3707 = CYLINDRICAL_SURFACE('',#3708,0.3);
#3708 = AXIS2_PLACEMENT_3D('',#3709,#3710,#3711);
#3709 = CARTESIAN_POINT('',(50.3,12.2,0.));
#3710 = DIRECTION('',(0.,0.,1.));
#3711 = DIRECTION('',(-1.,-0.,0.));
#3712 = ADVANCED_FACE('',(#3713),#3740,.T.);
#3713 = FACE_BOUND('',#3714,.F.);
#3714 = EDGE_LOOP('',(#3715,#3724,#3732,#3739));
#3715 = ORIENTED_EDGE('',*,*,#3716,.F.);
#3716 = EDGE_CURVE('',#3717,#3519,#3719,.T.);
#3717 = VERTEX_POINT('',#3718);
#3718 = CARTESIAN_POINT('',(50.3,0.3,0.));
#3719 = CIRCLE('',#3720,0.3);
#3720 = AXIS2_PLACEMENT_3D('',#3721,#3722,#3723);
#3721 = CARTESIAN_POINT('',(50.3,0.3,0.3));
#3722 = DIRECTION('',(0.,1.,-0.));
#3723 = DIRECTION('',(-1.,0.,0.));
#3724 = ORIENTED_EDGE('',*,*,#3725,.T.);
#3725 = EDGE_CURVE('',#3717,#3726,#3728,.T.);
#3726 = VERTEX_POINT('',#3727);
#3727 = CARTESIAN_POINT('',(50.3,12.2,0.));
#3728 = LINE('',#3729,#3730);
#3729 = CARTESIAN_POINT('',(50.3,0.,-5.551115123126E-17));
#3730 = VECTOR('',#3731,1.);
#3731 = DIRECTION('',(-0.,1.,0.));
#3732 = ORIENTED_EDGE('',*,*,#3733,.T.);
#3733 = EDGE_CURVE('',#3726,#3529,#3734,.T.);
#3734 = CIRCLE('',#3735,0.3);
#3735 = AXIS2_PLACEMENT_3D('',#3736,#3737,#3738);
#3736 = CARTESIAN_POINT('',(50.3,12.2,0.3));
#3737 = DIRECTION('',(0.,1.,-0.));
#3738 = DIRECTION('',(-1.,0.,0.));
#3739 = ORIENTED_EDGE('',*,*,#3528,.F.);
#3740 = CYLINDRICAL_SURFACE('',#3741,0.3);
#3741 = AXIS2_PLACEMENT_3D('',#3742,#3743,#3744);
#3742 = CARTESIAN_POINT('',(50.3,0.,0.3));
#3743 = DIRECTION('',(-0.,1.,0.));
#3744 = DIRECTION('',(-1.,-0.,0.));
#3745 = ADVANCED_FACE('',(#3746),#3764,.F.);
#3746 = FACE_BOUND('',#3747,.F.);
#3747 = EDGE_LOOP('',(#3748,#3756,#3757,#3758));
#3748 = ORIENTED_EDGE('',*,*,#3749,.F.);
#3749 = EDGE_CURVE('',#3568,#3750,#3752,.T.);
#3750 = VERTEX_POINT('',#3751);
#3751 = CARTESIAN_POINT('',(52.2,-5.551115123126E-17,0.3));
#3752 = LINE('',#3753,#3754);
#3753 = CARTESIAN_POINT('',(50.,-5.551115123126E-17,0.3));
#3754 = VECTOR('',#3755,1.);
#3755 = DIRECTION('',(1.,0.,-0.));
#3756 = ORIENTED_EDGE('',*,*,#3576,.T.);
#3757 = ORIENTED_EDGE('',*,*,#3642,.F.);
#3758 = ORIENTED_EDGE('',*,*,#3759,.F.);
#3759 = EDGE_CURVE('',#3750,#3634,#3760,.T.);
#3760 = LINE('',#3761,#3762);
#3761 = CARTESIAN_POINT('',(52.2,-5.551115123126E-17,0.));
#3762 = VECTOR('',#3763,1.);
#3763 = DIRECTION('',(0.,0.,1.));
#3764 = PLANE('',#3765);
#3765 = AXIS2_PLACEMENT_3D('',#3766,#3767,#3768);
#3766 = CARTESIAN_POINT('',(50.,0.,0.));
#3767 = DIRECTION('',(-0.,1.,0.));
#3768 = DIRECTION('',(0.,0.,1.));
#3769 = ADVANCED_FACE('',(#3770),#3781,.T.);
#3770 = FACE_BOUND('',#3771,.T.);
#3771 = EDGE_LOOP('',(#3772,#3773,#3780));
#3772 = ORIENTED_EDGE('',*,*,#3716,.F.);
#3773 = ORIENTED_EDGE('',*,*,#3774,.T.);
#3774 = EDGE_CURVE('',#3717,#3568,#3775,.T.);
#3775 = CIRCLE('',#3776,0.3);
#3776 = AXIS2_PLACEMENT_3D('',#3777,#3778,#3779);
#3777 = CARTESIAN_POINT('',(50.3,0.3,0.3));
#3778 = DIRECTION('',(-1.,6.123233995737E-17,0.));
#3779 = DIRECTION('',(-6.123233995737E-17,-1.,0.));
#3780 = ORIENTED_EDGE('',*,*,#3567,.F.);
#3781 = SPHERICAL_SURFACE('',#3782,0.3);
#3782 = AXIS2_PLACEMENT_3D('',#3783,#3784,#3785);
#3783 = CARTESIAN_POINT('',(50.3,0.3,0.3));
#3784 = DIRECTION('',(0.,0.,1.));
#3785 = DIRECTION('',(-1.,0.,0.));
#3786 = ADVANCED_FACE('',(#3787),#3806,.T.);
#3787 = FACE_BOUND('',#3788,.F.);
#3788 = EDGE_LOOP('',(#3789,#3797,#3804,#3805));
#3789 = ORIENTED_EDGE('',*,*,#3790,.F.);
#3790 = EDGE_CURVE('',#3791,#3626,#3793,.T.);
#3791 = VERTEX_POINT('',#3792);
#3792 = CARTESIAN_POINT('',(52.5,0.3,0.3));
#3793 = LINE('',#3794,#3795);
#3794 = CARTESIAN_POINT('',(52.5,0.3,0.));
#3795 = VECTOR('',#3796,1.);
#3796 = DIRECTION('',(0.,0.,1.));
#3797 = ORIENTED_EDGE('',*,*,#3798,.T.);
#3798 = EDGE_CURVE('',#3791,#3750,#3799,.T.);
#3799 = CIRCLE('',#3800,0.3);
#3800 = AXIS2_PLACEMENT_3D('',#3801,#3802,#3803);
#3801 = CARTESIAN_POINT('',(52.2,0.3,0.3));
#3802 = DIRECTION('',(0.,-0.,-1.));
#3803 = DIRECTION('',(1.,0.,-0.));
#3804 = ORIENTED_EDGE('',*,*,#3759,.T.);
#3805 = ORIENTED_EDGE('',*,*,#3633,.F.);
#3806 = CYLINDRICAL_SURFACE('',#3807,0.3);
#3807 = AXIS2_PLACEMENT_3D('',#3808,#3809,#3810);
#3808 = CARTESIAN_POINT('',(52.2,0.3,0.));
#3809 = DIRECTION('',(0.,0.,1.));
#3810 = DIRECTION('',(1.,0.,-0.));
#3811 = ADVANCED_FACE('',(#3812),#3838,.T.);
#3812 = FACE_BOUND('',#3813,.T.);
#3813 = EDGE_LOOP('',(#3814,#3815,#3823,#3831,#3837));
#3814 = ORIENTED_EDGE('',*,*,#3790,.F.);
#3815 = ORIENTED_EDGE('',*,*,#3816,.T.);
#3816 = EDGE_CURVE('',#3791,#3817,#3819,.T.);
#3817 = VERTEX_POINT('',#3818);
#3818 = CARTESIAN_POINT('',(52.5,12.2,0.3));
#3819 = LINE('',#3820,#3821);
#3820 = CARTESIAN_POINT('',(52.5,0.,0.3));
#3821 = VECTOR('',#3822,1.);
#3822 = DIRECTION('',(-0.,1.,0.));
#3823 = ORIENTED_EDGE('',*,*,#3824,.T.);
#3824 = EDGE_CURVE('',#3817,#3825,#3827,.T.);
#3825 = VERTEX_POINT('',#3826);
#3826 = CARTESIAN_POINT('',(52.5,12.2,10.3));
#3827 = LINE('',#3828,#3829);
#3828 = CARTESIAN_POINT('',(52.5,12.2,0.));
#3829 = VECTOR('',#3830,1.);
#3830 = DIRECTION('',(0.,0.,1.));
#3831 = ORIENTED_EDGE('',*,*,#3832,.F.);
#3832 = EDGE_CURVE('',#3617,#3825,#3833,.T.);
#3833 = LINE('',#3834,#3835);
#3834 = CARTESIAN_POINT('',(52.5,0.,10.3));
#3835 = VECTOR('',#3836,1.);
#3836 = DIRECTION('',(-0.,1.,0.));
#3837 = ORIENTED_EDGE('',*,*,#3625,.F.);
#3838 = PLANE('',#3839);
#3839 = AXIS2_PLACEMENT_3D('',#3840,#3841,#3842);
#3840 = CARTESIAN_POINT('',(52.5,0.,0.));
#3841 = DIRECTION('',(1.,0.,-0.));
#3842 = DIRECTION('',(0.,0.,1.));
#3843 = ADVANCED_FACE('',(#3844),#3863,.T.);
#3844 = FACE_BOUND('',#3845,.F.);
#3845 = EDGE_LOOP('',(#3846,#3847,#3855,#3862));
#3846 = ORIENTED_EDGE('',*,*,#3616,.F.);
#3847 = ORIENTED_EDGE('',*,*,#3848,.T.);
#3848 = EDGE_CURVE('',#3609,#3849,#3851,.T.);
#3849 = VERTEX_POINT('',#3850);
#3850 = CARTESIAN_POINT('',(52.2,12.2,10.6));
#3851 = LINE('',#3852,#3853);
#3852 = CARTESIAN_POINT('',(52.2,0.,10.6));
#3853 = VECTOR('',#3854,1.);
#3854 = DIRECTION('',(-0.,1.,0.));
#3855 = ORIENTED_EDGE('',*,*,#3856,.F.);
#3856 = EDGE_CURVE('',#3825,#3849,#3857,.T.);
#3857 = CIRCLE('',#3858,0.3);
#3858 = AXIS2_PLACEMENT_3D('',#3859,#3860,#3861);
#3859 = CARTESIAN_POINT('',(52.2,12.2,10.3));
#3860 = DIRECTION('',(0.,-1.,-0.));
#3861 = DIRECTION('',(1.,0.,0.));
#3862 = ORIENTED_EDGE('',*,*,#3832,.F.);
#3863 = CYLINDRICAL_SURFACE('',#3864,0.3);
#3864 = AXIS2_PLACEMENT_3D('',#3865,#3866,#3867);
#3865 = CARTESIAN_POINT('',(52.2,0.,10.3));
#3866 = DIRECTION('',(-0.,1.,0.));
#3867 = DIRECTION('',(1.,0.,-0.));
#3868 = ADVANCED_FACE('',(#3869),#3880,.T.);
#3869 = FACE_BOUND('',#3870,.T.);
#3870 = EDGE_LOOP('',(#3871,#3872,#3873,#3874));
#3871 = ORIENTED_EDGE('',*,*,#3659,.F.);
#3872 = ORIENTED_EDGE('',*,*,#3608,.T.);
#3873 = ORIENTED_EDGE('',*,*,#3848,.T.);
#3874 = ORIENTED_EDGE('',*,*,#3875,.F.);
#3875 = EDGE_CURVE('',#3660,#3849,#3876,.T.);
#3876 = LINE('',#3877,#3878);
#3877 = CARTESIAN_POINT('',(50.,12.2,10.6));
#3878 = VECTOR('',#3879,1.);
#3879 = DIRECTION('',(1.,0.,-0.));
#3880 = PLANE('',#3881);
#3881 = AXIS2_PLACEMENT_3D('',#3882,#3883,#3884);
#3882 = CARTESIAN_POINT('',(50.,0.,10.6));
#3883 = DIRECTION('',(0.,0.,1.));
#3884 = DIRECTION('',(1.,0.,-0.));
#3885 = ADVANCED_FACE('',(#3886),#3897,.T.);
#3886 = FACE_BOUND('',#3887,.F.);
#3887 = EDGE_LOOP('',(#3888,#3889,#3896));
#3888 = ORIENTED_EDGE('',*,*,#3701,.F.);
#3889 = ORIENTED_EDGE('',*,*,#3890,.T.);
#3890 = EDGE_CURVE('',#3694,#3660,#3891,.T.);
#3891 = CIRCLE('',#3892,0.3);
#3892 = AXIS2_PLACEMENT_3D('',#3893,#3894,#3895);
#3893 = CARTESIAN_POINT('',(50.3,12.2,10.3));
#3894 = DIRECTION('',(1.,0.,6.123233995737E-17));
#3895 = DIRECTION('',(-6.123233995737E-17,-0.,1.));
#3896 = ORIENTED_EDGE('',*,*,#3667,.F.);
#3897 = SPHERICAL_SURFACE('',#3898,0.3);
#3898 = AXIS2_PLACEMENT_3D('',#3899,#3900,#3901);
#3899 = CARTESIAN_POINT('',(50.3,12.2,10.3));
#3900 = DIRECTION('',(0.,-1.,-0.));
#3901 = DIRECTION('',(-1.,-0.,0.));
#3902 = ADVANCED_FACE('',(#3903),#3914,.T.);
#3903 = FACE_BOUND('',#3904,.F.);
#3904 = EDGE_LOOP('',(#3905,#3906,#3913));
#3905 = ORIENTED_EDGE('',*,*,#3733,.F.);
#3906 = ORIENTED_EDGE('',*,*,#3907,.T.);
#3907 = EDGE_CURVE('',#3726,#3685,#3908,.T.);
#3908 = CIRCLE('',#3909,0.3);
#3909 = AXIS2_PLACEMENT_3D('',#3910,#3911,#3912);
#3910 = CARTESIAN_POINT('',(50.3,12.2,0.3));
#3911 = DIRECTION('',(1.,6.123233995737E-17,-0.));
#3912 = DIRECTION('',(-6.123233995737E-17,1.,0.));
#3913 = ORIENTED_EDGE('',*,*,#3684,.F.);
#3914 = SPHERICAL_SURFACE('',#3915,0.3);
#3915 = AXIS2_PLACEMENT_3D('',#3916,#3917,#3918);
#3916 = CARTESIAN_POINT('',(50.3,12.2,0.3));
#3917 = DIRECTION('',(0.,0.,1.));
#3918 = DIRECTION('',(-1.,0.,0.));
#3919 = ADVANCED_FACE('',(#3920),#3945,.T.);
#3920 = FACE_BOUND('',#3921,.T.);
#3921 = EDGE_LOOP('',(#3922,#3923,#3931,#3939));
#3922 = ORIENTED_EDGE('',*,*,#3693,.T.);
#3923 = ORIENTED_EDGE('',*,*,#3924,.T.);
#3924 = EDGE_CURVE('',#3694,#3925,#3927,.T.);
#3925 = VERTEX_POINT('',#3926);
#3926 = CARTESIAN_POINT('',(52.2,12.5,10.3));
#3927 = LINE('',#3928,#3929);
#3928 = CARTESIAN_POINT('',(50.,12.5,10.3));
#3929 = VECTOR('',#3930,1.);
#3930 = DIRECTION('',(1.,0.,-0.));
#3931 = ORIENTED_EDGE('',*,*,#3932,.F.);
#3932 = EDGE_CURVE('',#3933,#3925,#3935,.T.);
#3933 = VERTEX_POINT('',#3934);
#3934 = CARTESIAN_POINT('',(52.2,12.5,0.3));
#3935 = LINE('',#3936,#3937);
#3936 = CARTESIAN_POINT('',(52.2,12.5,0.));
#3937 = VECTOR('',#3938,1.);
#3938 = DIRECTION('',(0.,0.,1.));
#3939 = ORIENTED_EDGE('',*,*,#3940,.F.);
#3940 = EDGE_CURVE('',#3685,#3933,#3941,.T.);
#3941 = LINE('',#3942,#3943);
#3942 = CARTESIAN_POINT('',(50.,12.5,0.3));
#3943 = VECTOR('',#3944,1.);
#3944 = DIRECTION('',(1.,0.,-0.));
#3945 = PLANE('',#3946);
#3946 = AXIS2_PLACEMENT_3D('',#3947,#3948,#3949);
#3947 = CARTESIAN_POINT('',(50.,12.5,0.));
#3948 = DIRECTION('',(-0.,1.,0.));
#3949 = DIRECTION('',(0.,0.,1.));
#3950 = ADVANCED_FACE('',(#3951),#3976,.F.);
#3951 = FACE_BOUND('',#3952,.F.);
#3952 = EDGE_LOOP('',(#3953,#3954,#3962,#3970));
#3953 = ORIENTED_EDGE('',*,*,#3725,.F.);
#3954 = ORIENTED_EDGE('',*,*,#3955,.T.);
#3955 = EDGE_CURVE('',#3717,#3956,#3958,.T.);
#3956 = VERTEX_POINT('',#3957);
#3957 = CARTESIAN_POINT('',(52.2,0.3,0.));
#3958 = LINE('',#3959,#3960);
#3959 = CARTESIAN_POINT('',(50.,0.3,-5.551115123126E-17));
#3960 = VECTOR('',#3961,1.);
#3961 = DIRECTION('',(1.,0.,-0.));
#3962 = ORIENTED_EDGE('',*,*,#3963,.T.);
#3963 = EDGE_CURVE('',#3956,#3964,#3966,.T.);
#3964 = VERTEX_POINT('',#3965);
#3965 = CARTESIAN_POINT('',(52.2,12.2,0.));
#3966 = LINE('',#3967,#3968);
#3967 = CARTESIAN_POINT('',(52.2,0.,-5.551115123126E-17));
#3968 = VECTOR('',#3969,1.);
#3969 = DIRECTION('',(-0.,1.,0.));
#3970 = ORIENTED_EDGE('',*,*,#3971,.F.);
#3971 = EDGE_CURVE('',#3726,#3964,#3972,.T.);
#3972 = LINE('',#3973,#3974);
#3973 = CARTESIAN_POINT('',(50.,12.2,-5.551115123126E-17));
#3974 = VECTOR('',#3975,1.);
#3975 = DIRECTION('',(1.,0.,-0.));
#3976 = PLANE('',#3977);
#3977 = AXIS2_PLACEMENT_3D('',#3978,#3979,#3980);
#3978 = CARTESIAN_POINT('',(50.,0.,0.));
#3979 = DIRECTION('',(0.,0.,1.));
#3980 = DIRECTION('',(1.,0.,-0.));
#3981 = ADVANCED_FACE('',(#3982),#3994,.T.);
#3982 = FACE_BOUND('',#3983,.T.);
#3983 = EDGE_LOOP('',(#3984,#3985,#3986,#3993));
#3984 = ORIENTED_EDGE('',*,*,#3774,.F.);
#3985 = ORIENTED_EDGE('',*,*,#3955,.T.);
#3986 = ORIENTED_EDGE('',*,*,#3987,.T.);
#3987 = EDGE_CURVE('',#3956,#3750,#3988,.T.);
#3988 = CIRCLE('',#3989,0.3);
#3989 = AXIS2_PLACEMENT_3D('',#3990,#3991,#3992);
#3990 = CARTESIAN_POINT('',(52.2,0.3,0.3));
#3991 = DIRECTION('',(-1.,-6.123233995737E-17,0.));
#3992 = DIRECTION('',(6.123233995737E-17,-1.,-0.));
#3993 = ORIENTED_EDGE('',*,*,#3749,.F.);
#3994 = CYLINDRICAL_SURFACE('',#3995,0.3);
#3995 = AXIS2_PLACEMENT_3D('',#3996,#3997,#3998);
#3996 = CARTESIAN_POINT('',(50.,0.3,0.3));
#3997 = DIRECTION('',(1.,0.,-0.));
#3998 = DIRECTION('',(0.,-1.,0.));
#3999 = ADVANCED_FACE('',(#4000),#4011,.T.);
#4000 = FACE_BOUND('',#4001,.F.);
#4001 = EDGE_LOOP('',(#4002,#4009,#4010));
#4002 = ORIENTED_EDGE('',*,*,#4003,.F.);
#4003 = EDGE_CURVE('',#3956,#3791,#4004,.T.);
#4004 = CIRCLE('',#4005,0.3);
#4005 = AXIS2_PLACEMENT_3D('',#4006,#4007,#4008);
#4006 = CARTESIAN_POINT('',(52.2,0.3,0.3));
#4007 = DIRECTION('',(0.,-1.,0.));
#4008 = DIRECTION('',(1.,0.,0.));
#4009 = ORIENTED_EDGE('',*,*,#3987,.T.);
#4010 = ORIENTED_EDGE('',*,*,#3798,.F.);
#4011 = SPHERICAL_SURFACE('',#4012,0.3);
#4012 = AXIS2_PLACEMENT_3D('',#4013,#4014,#4015);
#4013 = CARTESIAN_POINT('',(52.2,0.3,0.3));
#4014 = DIRECTION('',(0.,0.,1.));
#4015 = DIRECTION('',(1.,0.,-0.));
#4016 = ADVANCED_FACE('',(#4017),#4035,.T.);
#4017 = FACE_BOUND('',#4018,.T.);
#4018 = EDGE_LOOP('',(#4019,#4020,#4027,#4028));
#4019 = ORIENTED_EDGE('',*,*,#3824,.F.);
#4020 = ORIENTED_EDGE('',*,*,#4021,.T.);
#4021 = EDGE_CURVE('',#3817,#3933,#4022,.T.);
#4022 = CIRCLE('',#4023,0.3);
#4023 = AXIS2_PLACEMENT_3D('',#4024,#4025,#4026);
#4024 = CARTESIAN_POINT('',(52.2,12.2,0.3));
#4025 = DIRECTION('',(0.,0.,1.));
#4026 = DIRECTION('',(1.,0.,-0.));
#4027 = ORIENTED_EDGE('',*,*,#3932,.T.);
#4028 = ORIENTED_EDGE('',*,*,#4029,.T.);
#4029 = EDGE_CURVE('',#3925,#3825,#4030,.T.);
#4030 = CIRCLE('',#4031,0.3);
#4031 = AXIS2_PLACEMENT_3D('',#4032,#4033,#4034);
#4032 = CARTESIAN_POINT('',(52.2,12.2,10.3));
#4033 = DIRECTION('',(0.,0.,-1.));
#4034 = DIRECTION('',(1.,0.,0.));
#4035 = CYLINDRICAL_SURFACE('',#4036,0.3);
#4036 = AXIS2_PLACEMENT_3D('',#4037,#4038,#4039);
#4037 = CARTESIAN_POINT('',(52.2,12.2,0.));
#4038 = DIRECTION('',(0.,0.,1.));
#4039 = DIRECTION('',(1.,0.,-0.));
#4040 = ADVANCED_FACE('',(#4041),#4053,.T.);
#4041 = FACE_BOUND('',#4042,.T.);
#4042 = EDGE_LOOP('',(#4043,#4044,#4045,#4052));
#4043 = ORIENTED_EDGE('',*,*,#4003,.F.);
#4044 = ORIENTED_EDGE('',*,*,#3963,.T.);
#4045 = ORIENTED_EDGE('',*,*,#4046,.T.);
#4046 = EDGE_CURVE('',#3964,#3817,#4047,.T.);
#4047 = CIRCLE('',#4048,0.3);
#4048 = AXIS2_PLACEMENT_3D('',#4049,#4050,#4051);
#4049 = CARTESIAN_POINT('',(52.2,12.2,0.3));
#4050 = DIRECTION('',(0.,-1.,0.));
#4051 = DIRECTION('',(1.,0.,0.));
#4052 = ORIENTED_EDGE('',*,*,#3816,.F.);
#4053 = CYLINDRICAL_SURFACE('',#4054,0.3);
#4054 = AXIS2_PLACEMENT_3D('',#4055,#4056,#4057);
#4055 = CARTESIAN_POINT('',(52.2,0.,0.3));
#4056 = DIRECTION('',(-0.,1.,0.));
#4057 = DIRECTION('',(1.,0.,-0.));
#4058 = ADVANCED_FACE('',(#4059),#4070,.T.);
#4059 = FACE_BOUND('',#4060,.T.);
#4060 = EDGE_LOOP('',(#4061,#4062,#4069));
#4061 = ORIENTED_EDGE('',*,*,#4029,.F.);
#4062 = ORIENTED_EDGE('',*,*,#4063,.T.);
#4063 = EDGE_CURVE('',#3925,#3849,#4064,.T.);
#4064 = CIRCLE('',#4065,0.3);
#4065 = AXIS2_PLACEMENT_3D('',#4066,#4067,#4068);
#4066 = CARTESIAN_POINT('',(52.2,12.2,10.3));
#4067 = DIRECTION('',(1.,0.,-6.123233995737E-17));
#4068 = DIRECTION('',(6.123233995737E-17,0.,1.));
#4069 = ORIENTED_EDGE('',*,*,#3856,.F.);
#4070 = SPHERICAL_SURFACE('',#4071,0.3);
#4071 = AXIS2_PLACEMENT_3D('',#4072,#4073,#4074);
#4072 = CARTESIAN_POINT('',(52.2,12.2,10.3));
#4073 = DIRECTION('',(0.,-1.,-0.));
#4074 = DIRECTION('',(1.,0.,0.));
#4075 = ADVANCED_FACE('',(#4076),#4082,.T.);
#4076 = FACE_BOUND('',#4077,.T.);
#4077 = EDGE_LOOP('',(#4078,#4079,#4080,#4081));
#4078 = ORIENTED_EDGE('',*,*,#3890,.T.);
#4079 = ORIENTED_EDGE('',*,*,#3875,.T.);
#4080 = ORIENTED_EDGE('',*,*,#4063,.F.);
#4081 = ORIENTED_EDGE('',*,*,#3924,.F.);
#4082 = CYLINDRICAL_SURFACE('',#4083,0.3);
#4083 = AXIS2_PLACEMENT_3D('',#4084,#4085,#4086);
#4084 = CARTESIAN_POINT('',(50.,12.2,10.3));
#4085 = DIRECTION('',(1.,0.,-0.));
#4086 = DIRECTION('',(0.,1.,0.));
#4087 = ADVANCED_FACE('',(#4088),#4100,.T.);
#4088 = FACE_BOUND('',#4089,.F.);
#4089 = EDGE_LOOP('',(#4090,#4091,#4092,#4099));
#4090 = ORIENTED_EDGE('',*,*,#3907,.F.);
#4091 = ORIENTED_EDGE('',*,*,#3971,.T.);
#4092 = ORIENTED_EDGE('',*,*,#4093,.T.);
#4093 = EDGE_CURVE('',#3964,#3933,#4094,.T.);
#4094 = CIRCLE('',#4095,0.3);
#4095 = AXIS2_PLACEMENT_3D('',#4096,#4097,#4098);
#4096 = CARTESIAN_POINT('',(52.2,12.2,0.3));
#4097 = DIRECTION('',(1.,-6.123233995737E-17,0.));
#4098 = DIRECTION('',(6.123233995737E-17,1.,0.));
#4099 = ORIENTED_EDGE('',*,*,#3940,.F.);
#4100 = CYLINDRICAL_SURFACE('',#4101,0.3);
#4101 = AXIS2_PLACEMENT_3D('',#4102,#4103,#4104);
#4102 = CARTESIAN_POINT('',(50.,12.2,0.3));
#4103 = DIRECTION('',(1.,0.,-0.));
#4104 = DIRECTION('',(0.,1.,0.));
#4105 = ADVANCED_FACE('',(#4106),#4111,.T.);
#4106 = FACE_BOUND('',#4107,.T.);
#4107 = EDGE_LOOP('',(#4108,#4109,#4110));
#4108 = ORIENTED_EDGE('',*,*,#4046,.F.);
#4109 = ORIENTED_EDGE('',*,*,#4093,.T.);
#4110 = ORIENTED_EDGE('',*,*,#4021,.F.);
#4111 = SPHERICAL_SURFACE('',#4112,0.3);
#4112 = AXIS2_PLACEMENT_3D('',#4113,#4114,#4115);
#4113 = CARTESIAN_POINT('',(52.2,12.2,0.3));
#4114 = DIRECTION('',(0.,0.,1.));
#4115 = DIRECTION('',(1.,0.,-0.));
#4116 = ( GEOMETRIC_REPRESENTATION_CONTEXT(3)
GLOBAL_UNCERTAINTY_ASSIGNED_CONTEXT((#4120))
GLOBAL_UNIT_ASSIGNED_CONTEXT((#4117,#4118,#4119)) REPRESENTATION_CONTEXT
('Context #1','3D Context with UNIT and UNCERTAINTY') );
#4117 = ( LENGTH_UNIT() NAMED_UNIT(*) SI_UNIT(.MILLI.,.METRE.) );
#4118 = ( NAMED_UNIT(*) PLANE_ANGLE_UNIT() SI_UNIT($,.RADIAN.) );
#4119 = ( NAMED_UNIT(*) SI_UNIT($,.STERADIAN.) SOLID_ANGLE_UNIT() );
#4120 = UNCERTAINTY_MEASURE_WITH_UNIT(LENGTH_MEASURE(1.E-07),#4117,
  'distance_accuracy_value','confusion accuracy');
#4121 = CONTEXT_DEPENDENT_SHAPE_REPRESENTATION(#4122,#4124);
#4122 = ( REPRESENTATION_RELATIONSHIP('','',#3511,#10)
REPRESENTATION_RELATIONSHIP_WITH_TRANSFORMATION(#4123)
SHAPE_REPRESENTATION_RELATIONSHIP() );
#4123 = ITEM_DEFINED_TRANSFORMATION('','',#11,#35);
#4124 = PRODUCT_DEFINITION_SHAPE('Placement','Placement of an item',
  #4125);
#4125 = NEXT_ASSEMBLY_USAGE_OCCURRENCE('6','Spacer between P1 and P2',''
  ,#5,#3506,$);
#4126 = PRODUCT_RELATED_PRODUCT_CATEGORY('part',$,(#3508));
#4127 = SHAPE_DEFINITION_REPRESENTATION(#4128,#4134);
#4128 = PRODUCT_DEFINITION_SHAPE('','',#4129);
#4129 = PRODUCT_DEFINITION('design','',#4130,#4133);
#4130 = PRODUCT_DEFINITION_FORMATION('','',#4131);
#4131 = PRODUCT('Actuator P2','Actuator P2','',(#4132));
#4132 = PRODUCT_CONTEXT('',#2,'mechanical');
#4133 = PRODUCT_DEFINITION_CONTEXT('part definition',#2,'design');
#4134 = ADVANCED_BREP_SHAPE_REPRESENTATION('',(#11,#4135),#4353);
#4135 = MANIFOLD_SOLID_BREP('',#4136);
#4136 = CLOSED_SHELL('',(#4137,#4177,#4208,#4239,#4270,#4303,#4325,#4339
    ));
#4137 = ADVANCED_FACE('',(#4138),#4172,.T.);
#4138 = FACE_BOUND('',#4139,.T.);
#4139 = EDGE_LOOP('',(#4140,#4150,#4158,#4166));
#4140 = ORIENTED_EDGE('',*,*,#4141,.T.);
#4141 = EDGE_CURVE('',#4142,#4144,#4146,.T.);
#4142 = VERTEX_POINT('',#4143);
#4143 = CARTESIAN_POINT('',(45.6,-0.35,10.6));
#4144 = VERTEX_POINT('',#4145);
#4145 = CARTESIAN_POINT('',(49.4,-0.35,10.6));
#4146 = LINE('',#4147,#4148);
#4147 = CARTESIAN_POINT('',(45.6,-0.35,10.6));
#4148 = VECTOR('',#4149,1.);
#4149 = DIRECTION('',(1.,0.,0.));
#4150 = ORIENTED_EDGE('',*,*,#4151,.T.);
#4151 = EDGE_CURVE('',#4144,#4152,#4154,.T.);
#4152 = VERTEX_POINT('',#4153);
#4153 = CARTESIAN_POINT('',(49.4,9.45,10.6));
#4154 = LINE('',#4155,#4156);
#4155 = CARTESIAN_POINT('',(49.4,-0.35,10.6));
#4156 = VECTOR('',#4157,1.);
#4157 = DIRECTION('',(0.,1.,0.));
#4158 = ORIENTED_EDGE('',*,*,#4159,.F.);
#4159 = EDGE_CURVE('',#4160,#4152,#4162,.T.);
#4160 = VERTEX_POINT('',#4161);
#4161 = CARTESIAN_POINT('',(45.6,9.45,10.6));
#4162 = LINE('',#4163,#4164);
#4163 = CARTESIAN_POINT('',(45.6,9.45,10.6));
#4164 = VECTOR('',#4165,1.);
#4165 = DIRECTION('',(1.,0.,0.));
#4166 = ORIENTED_EDGE('',*,*,#4167,.F.);
#4167 = EDGE_CURVE('',#4142,#4160,#4168,.T.);
#4168 = LINE('',#4169,#4170);
#4169 = CARTESIAN_POINT('',(45.6,-0.35,10.6));
#4170 = VECTOR('',#4171,1.);
#4171 = DIRECTION('',(0.,1.,0.));
#4172 = PLANE('',#4173);
#4173 = AXIS2_PLACEMENT_3D('',#4174,#4175,#4176);
#4174 = CARTESIAN_POINT('',(45.6,-0.35,10.6));
#4175 = DIRECTION('',(0.,0.,1.));
#4176 = DIRECTION('',(0.,1.,0.));
#4177 = ADVANCED_FACE('',(#4178),#4203,.T.);
#4178 = FACE_BOUND('',#4179,.T.);
#4179 = EDGE_LOOP('',(#4180,#4190,#4196,#4197));
#4180 = ORIENTED_EDGE('',*,*,#4181,.T.);
#4181 = EDGE_CURVE('',#4182,#4184,#4186,.T.);
#4182 = VERTEX_POINT('',#4183);
#4183 = CARTESIAN_POINT('',(45.6,1.25,8.6));
#4184 = VERTEX_POINT('',#4185);
#4185 = CARTESIAN_POINT('',(49.4,1.25,8.6));
#4186 = LINE('',#4187,#4188);
#4187 = CARTESIAN_POINT('',(45.6,1.25,8.6));
#4188 = VECTOR('',#4189,1.);
#4189 = DIRECTION('',(1.,0.,0.));
#4190 = ORIENTED_EDGE('',*,*,#4191,.T.);
#4191 = EDGE_CURVE('',#4184,#4144,#4192,.T.);
#4192 = LINE('',#4193,#4194);
#4193 = CARTESIAN_POINT('',(49.4,1.25,8.6));
#4194 = VECTOR('',#4195,1.);
#4195 = DIRECTION('',(0.,-0.624695047554,0.780868809443));
#4196 = ORIENTED_EDGE('',*,*,#4141,.F.);
#4197 = ORIENTED_EDGE('',*,*,#4198,.F.);
#4198 = EDGE_CURVE('',#4182,#4142,#4199,.T.);
#4199 = LINE('',#4200,#4201);
#4200 = CARTESIAN_POINT('',(45.6,1.25,8.6));
#4201 = VECTOR('',#4202,1.);
#4202 = DIRECTION('',(0.,-0.624695047554,0.780868809443));
#4203 = PLANE('',#4204);
#4204 = AXIS2_PLACEMENT_3D('',#4205,#4206,#4207);
#4205 = CARTESIAN_POINT('',(45.6,1.25,8.6));
#4206 = DIRECTION('',(0.,-0.780868809443,-0.624695047554));
#4207 = DIRECTION('',(0.,-0.624695047554,0.780868809443));
#4208 = ADVANCED_FACE('',(#4209),#4234,.T.);
#4209 = FACE_BOUND('',#4210,.T.);
#4210 = EDGE_LOOP('',(#4211,#4219,#4220,#4228));
#4211 = ORIENTED_EDGE('',*,*,#4212,.F.);
#4212 = EDGE_CURVE('',#4160,#4213,#4215,.T.);
#4213 = VERTEX_POINT('',#4214);
#4214 = CARTESIAN_POINT('',(45.6,9.45,9.565923489271));
#4215 = LINE('',#4216,#4217);
#4216 = CARTESIAN_POINT('',(45.6,9.45,10.6));
#4217 = VECTOR('',#4218,1.);
#4218 = DIRECTION('',(0.,0.,-1.));
#4219 = ORIENTED_EDGE('',*,*,#4159,.T.);
#4220 = ORIENTED_EDGE('',*,*,#4221,.T.);
#4221 = EDGE_CURVE('',#4152,#4222,#4224,.T.);
#4222 = VERTEX_POINT('',#4223);
#4223 = CARTESIAN_POINT('',(49.4,9.45,9.565923489271));
#4224 = LINE('',#4225,#4226);
#4225 = CARTESIAN_POINT('',(49.4,9.45,10.6));
#4226 = VECTOR('',#4227,1.);
#4227 = DIRECTION('',(0.,0.,-1.));
#4228 = ORIENTED_EDGE('',*,*,#4229,.F.);
#4229 = EDGE_CURVE('',#4213,#4222,#4230,.T.);
#4230 = LINE('',#4231,#4232);
#4231 = CARTESIAN_POINT('',(45.6,9.45,9.565923489271));
#4232 = VECTOR('',#4233,1.);
#4233 = DIRECTION('',(1.,0.,0.));
#4234 = PLANE('',#4235);
#4235 = AXIS2_PLACEMENT_3D('',#4236,#4237,#4238);
#4236 = CARTESIAN_POINT('',(45.6,9.45,10.6));
#4237 = DIRECTION('',(-0.,1.,0.));
#4238 = DIRECTION('',(0.,0.,-1.));
#4239 = ADVANCED_FACE('',(#4240),#4265,.T.);
#4240 = FACE_BOUND('',#4241,.T.);
#4241 = EDGE_LOOP('',(#4242,#4252,#4258,#4259));
#4242 = ORIENTED_EDGE('',*,*,#4243,.T.);
#4243 = EDGE_CURVE('',#4244,#4246,#4248,.T.);
#4244 = VERTEX_POINT('',#4245);
#4245 = CARTESIAN_POINT('',(45.6,9.45,8.6));
#4246 = VERTEX_POINT('',#4247);
#4247 = CARTESIAN_POINT('',(49.4,9.45,8.6));
#4248 = LINE('',#4249,#4250);
#4249 = CARTESIAN_POINT('',(45.6,9.45,8.6));
#4250 = VECTOR('',#4251,1.);
#4251 = DIRECTION('',(1.,0.,0.));
#4252 = ORIENTED_EDGE('',*,*,#4253,.T.);
#4253 = EDGE_CURVE('',#4246,#4184,#4254,.T.);
#4254 = LINE('',#4255,#4256);
#4255 = CARTESIAN_POINT('',(49.4,9.45,8.6));
#4256 = VECTOR('',#4257,1.);
#4257 = DIRECTION('',(0.,-1.,0.));
#4258 = ORIENTED_EDGE('',*,*,#4181,.F.);
#4259 = ORIENTED_EDGE('',*,*,#4260,.F.);
#4260 = EDGE_CURVE('',#4244,#4182,#4261,.T.);
#4261 = LINE('',#4262,#4263);
#4262 = CARTESIAN_POINT('',(45.6,9.45,8.6));
#4263 = VECTOR('',#4264,1.);
#4264 = DIRECTION('',(0.,-1.,0.));
#4265 = PLANE('',#4266);
#4266 = AXIS2_PLACEMENT_3D('',#4267,#4268,#4269);
#4267 = CARTESIAN_POINT('',(45.6,9.45,8.6));
#4268 = DIRECTION('',(0.,0.,-1.));
#4269 = DIRECTION('',(0.,-1.,0.));
#4270 = ADVANCED_FACE('',(#4271),#4298,.T.);
#4271 = FACE_BOUND('',#4272,.T.);
#4272 = EDGE_LOOP('',(#4273,#4282,#4290,#4297));
#4273 = ORIENTED_EDGE('',*,*,#4274,.F.);
#4274 = EDGE_CURVE('',#4275,#4222,#4277,.T.);
#4275 = VERTEX_POINT('',#4276);
#4276 = CARTESIAN_POINT('',(49.4,9.45,8.834076510729));
#4277 = CIRCLE('',#4278,0.58);
#4278 = AXIS2_PLACEMENT_3D('',#4279,#4280,#4281);
#4279 = CARTESIAN_POINT('',(49.4,9.,9.2));
#4280 = DIRECTION('',(1.,0.,0.));
#4281 = DIRECTION('',(-0.,0.,1.));
#4282 = ORIENTED_EDGE('',*,*,#4283,.F.);
#4283 = EDGE_CURVE('',#4284,#4275,#4286,.T.);
#4284 = VERTEX_POINT('',#4285);
#4285 = CARTESIAN_POINT('',(45.6,9.45,8.834076510729));
#4286 = LINE('',#4287,#4288);
#4287 = CARTESIAN_POINT('',(45.6,9.45,8.834076510729));
#4288 = VECTOR('',#4289,1.);
#4289 = DIRECTION('',(1.,0.,0.));
#4290 = ORIENTED_EDGE('',*,*,#4291,.T.);
#4291 = EDGE_CURVE('',#4284,#4213,#4292,.T.);
#4292 = CIRCLE('',#4293,0.58);
#4293 = AXIS2_PLACEMENT_3D('',#4294,#4295,#4296);
#4294 = CARTESIAN_POINT('',(45.6,9.,9.2));
#4295 = DIRECTION('',(1.,0.,0.));
#4296 = DIRECTION('',(-0.,0.,1.));
#4297 = ORIENTED_EDGE('',*,*,#4229,.T.);
#4298 = CYLINDRICAL_SURFACE('',#4299,0.58);
#4299 = AXIS2_PLACEMENT_3D('',#4300,#4301,#4302);
#4300 = CARTESIAN_POINT('',(45.6,9.,9.2));
#4301 = DIRECTION('',(1.,0.,0.));
#4302 = DIRECTION('',(-0.,0.,1.));
#4303 = ADVANCED_FACE('',(#4304),#4320,.T.);
#4304 = FACE_BOUND('',#4305,.T.);
#4305 = EDGE_LOOP('',(#4306,#4312,#4313,#4319));
#4306 = ORIENTED_EDGE('',*,*,#4307,.F.);
#4307 = EDGE_CURVE('',#4284,#4244,#4308,.T.);
#4308 = LINE('',#4309,#4310);
#4309 = CARTESIAN_POINT('',(45.6,9.45,10.6));
#4310 = VECTOR('',#4311,1.);
#4311 = DIRECTION('',(0.,0.,-1.));
#4312 = ORIENTED_EDGE('',*,*,#4283,.T.);
#4313 = ORIENTED_EDGE('',*,*,#4314,.T.);
#4314 = EDGE_CURVE('',#4275,#4246,#4315,.T.);
#4315 = LINE('',#4316,#4317);
#4316 = CARTESIAN_POINT('',(49.4,9.45,10.6));
#4317 = VECTOR('',#4318,1.);
#4318 = DIRECTION('',(0.,0.,-1.));
#4319 = ORIENTED_EDGE('',*,*,#4243,.F.);
#4320 = PLANE('',#4321);
#4321 = AXIS2_PLACEMENT_3D('',#4322,#4323,#4324);
#4322 = CARTESIAN_POINT('',(45.6,9.45,10.6));
#4323 = DIRECTION('',(-0.,1.,0.));
#4324 = DIRECTION('',(0.,0.,-1.));
#4325 = ADVANCED_FACE('',(#4326),#4334,.T.);
#4326 = FACE_BOUND('',#4327,.T.);
#4327 = EDGE_LOOP('',(#4328,#4329,#4330,#4331,#4332,#4333));
#4328 = ORIENTED_EDGE('',*,*,#4198,.T.);
#4329 = ORIENTED_EDGE('',*,*,#4167,.T.);
#4330 = ORIENTED_EDGE('',*,*,#4212,.T.);
#4331 = ORIENTED_EDGE('',*,*,#4291,.F.);
#4332 = ORIENTED_EDGE('',*,*,#4307,.T.);
#4333 = ORIENTED_EDGE('',*,*,#4260,.T.);
#4334 = PLANE('',#4335);
#4335 = AXIS2_PLACEMENT_3D('',#4336,#4337,#4338);
#4336 = CARTESIAN_POINT('',(45.6,4.823284092834,9.669808456553));
#4337 = DIRECTION('',(-1.,-0.,-0.));
#4338 = DIRECTION('',(0.,0.,-1.));
#4339 = ADVANCED_FACE('',(#4340),#4348,.T.);
#4340 = FACE_BOUND('',#4341,.T.);
#4341 = EDGE_LOOP('',(#4342,#4343,#4344,#4345,#4346,#4347));
#4342 = ORIENTED_EDGE('',*,*,#4191,.F.);
#4343 = ORIENTED_EDGE('',*,*,#4253,.F.);
#4344 = ORIENTED_EDGE('',*,*,#4314,.F.);
#4345 = ORIENTED_EDGE('',*,*,#4274,.T.);
#4346 = ORIENTED_EDGE('',*,*,#4221,.F.);
#4347 = ORIENTED_EDGE('',*,*,#4151,.F.);
#4348 = PLANE('',#4349);
#4349 = AXIS2_PLACEMENT_3D('',#4350,#4351,#4352);
#4350 = CARTESIAN_POINT('',(49.4,4.823284092834,9.669808456553));
#4351 = DIRECTION('',(1.,0.,0.));
#4352 = DIRECTION('',(-0.,0.,1.));
#4353 = ( GEOMETRIC_REPRESENTATION_CONTEXT(3)
GLOBAL_UNCERTAINTY_ASSIGNED_CONTEXT((#4357))
GLOBAL_UNIT_ASSIGNED_CONTEXT((#4354,#4355,#4356)) REPRESENTATION_CONTEXT
('Context #1','3D Context with UNIT and UNCERTAINTY') );
#4354 = ( LENGTH_UNIT() NAMED_UNIT(*) SI_UNIT(.MILLI.,.METRE.) );
#4355 = ( NAMED_UNIT(*) PLANE_ANGLE_UNIT() SI_UNIT($,.RADIAN.) );
#4356 = ( NAMED_UNIT(*) SI_UNIT($,.STERADIAN.) SOLID_ANGLE_UNIT() );
#4357 = UNCERTAINTY_MEASURE_WITH_UNIT(LENGTH_MEASURE(1.E-07),#4354,
  'distance_accuracy_value','confusion accuracy');
#4358 = CONTEXT_DEPENDENT_SHAPE_REPRESENTATION(#4359,#4361);
#4359 = ( REPRESENTATION_RELATIONSHIP('','',#4134,#10)
REPRESENTATION_RELATIONSHIP_WITH_TRANSFORMATION(#4360)
SHAPE_REPRESENTATION_RELATIONSHIP() );
#4360 = ITEM_DEFINED_TRANSFORMATION('','',#11,#39);
#4361 = PRODUCT_DEFINITION_SHAPE('Placement','Placement of an item',
  #4362);
#4362 = NEXT_ASSEMBLY_USAGE_OCCURRENCE('7','Actuator P2','',#5,#4129,$);
#4363 = PRODUCT_RELATED_PRODUCT_CATEGORY('part',$,(#4131));
#4364 = SHAPE_DEFINITION_REPRESENTATION(#4365,#4371);
#4365 = PRODUCT_DEFINITION_SHAPE('','',#4366);
#4366 = PRODUCT_DEFINITION('design','',#4367,#4370);
#4367 = PRODUCT_DEFINITION_FORMATION('','',#4368);
#4368 = PRODUCT('Terminal Pin P2 A','Terminal Pin P2 A','',(#4369));
#4369 = PRODUCT_CONTEXT('',#2,'mechanical');
#4370 = PRODUCT_DEFINITION_CONTEXT('part definition',#2,'design');
#4371 = ADVANCED_BREP_SHAPE_REPRESENTATION('',(#11,#4372),#4522);
#4372 = MANIFOLD_SOLID_BREP('',#4373);
#4373 = CLOSED_SHELL('',(#4374,#4414,#4454,#4476,#4498,#4510));
#4374 = ADVANCED_FACE('',(#4375),#4409,.F.);
#4375 = FACE_BOUND('',#4376,.F.);
#4376 = EDGE_LOOP('',(#4377,#4387,#4395,#4403));
#4377 = ORIENTED_EDGE('',*,*,#4378,.F.);
#4378 = EDGE_CURVE('',#4379,#4381,#4383,.T.);
#4379 = VERTEX_POINT('',#4380);
#4380 = CARTESIAN_POINT('',(47.6,4.35,-3.));
#4381 = VERTEX_POINT('',#4382);
#4382 = CARTESIAN_POINT('',(47.6,4.35,0.));
#4383 = LINE('',#4384,#4385);
#4384 = CARTESIAN_POINT('',(47.6,4.35,-3.));
#4385 = VECTOR('',#4386,1.);
#4386 = DIRECTION('',(0.,0.,1.));
#4387 = ORIENTED_EDGE('',*,*,#4388,.T.);
#4388 = EDGE_CURVE('',#4379,#4389,#4391,.T.);
#4389 = VERTEX_POINT('',#4390);
#4390 = CARTESIAN_POINT('',(47.6,4.85,-3.));
#4391 = LINE('',#4392,#4393);
#4392 = CARTESIAN_POINT('',(47.6,4.35,-3.));
#4393 = VECTOR('',#4394,1.);
#4394 = DIRECTION('',(-0.,1.,0.));
#4395 = ORIENTED_EDGE('',*,*,#4396,.T.);
#4396 = EDGE_CURVE('',#4389,#4397,#4399,.T.);
#4397 = VERTEX_POINT('',#4398);
#4398 = CARTESIAN_POINT('',(47.6,4.85,0.));
#4399 = LINE('',#4400,#4401);
#4400 = CARTESIAN_POINT('',(47.6,4.85,-3.));
#4401 = VECTOR('',#4402,1.);
#4402 = DIRECTION('',(0.,0.,1.));
#4403 = ORIENTED_EDGE('',*,*,#4404,.F.);
#4404 = EDGE_CURVE('',#4381,#4397,#4405,.T.);
#4405 = LINE('',#4406,#4407);
#4406 = CARTESIAN_POINT('',(47.6,4.35,0.));
#4407 = VECTOR('',#4408,1.);
#4408 = DIRECTION('',(-0.,1.,0.));
#4409 = PLANE('',#4410);
#4410 = AXIS2_PLACEMENT_3D('',#4411,#4412,#4413);
#4411 = CARTESIAN_POINT('',(47.6,4.35,-3.));
#4412 = DIRECTION('',(1.,0.,-0.));
#4413 = DIRECTION('',(0.,0.,1.));
#4414 = ADVANCED_FACE('',(#4415),#4449,.T.);
#4415 = FACE_BOUND('',#4416,.T.);
#4416 = EDGE_LOOP('',(#4417,#4427,#4435,#4443));
#4417 = ORIENTED_EDGE('',*,*,#4418,.F.);
#4418 = EDGE_CURVE('',#4419,#4421,#4423,.T.);
#4419 = VERTEX_POINT('',#4420);
#4420 = CARTESIAN_POINT('',(48.4,4.35,-3.));
#4421 = VERTEX_POINT('',#4422);
#4422 = CARTESIAN_POINT('',(48.4,4.35,0.));
#4423 = LINE('',#4424,#4425);
#4424 = CARTESIAN_POINT('',(48.4,4.35,-3.));
#4425 = VECTOR('',#4426,1.);
#4426 = DIRECTION('',(0.,0.,1.));
#4427 = ORIENTED_EDGE('',*,*,#4428,.T.);
#4428 = EDGE_CURVE('',#4419,#4429,#4431,.T.);
#4429 = VERTEX_POINT('',#4430);
#4430 = CARTESIAN_POINT('',(48.4,4.85,-3.));
#4431 = LINE('',#4432,#4433);
#4432 = CARTESIAN_POINT('',(48.4,4.35,-3.));
#4433 = VECTOR('',#4434,1.);
#4434 = DIRECTION('',(-0.,1.,0.));
#4435 = ORIENTED_EDGE('',*,*,#4436,.T.);
#4436 = EDGE_CURVE('',#4429,#4437,#4439,.T.);
#4437 = VERTEX_POINT('',#4438);
#4438 = CARTESIAN_POINT('',(48.4,4.85,0.));
#4439 = LINE('',#4440,#4441);
#4440 = CARTESIAN_POINT('',(48.4,4.85,-3.));
#4441 = VECTOR('',#4442,1.);
#4442 = DIRECTION('',(0.,0.,1.));
#4443 = ORIENTED_EDGE('',*,*,#4444,.F.);
#4444 = EDGE_CURVE('',#4421,#4437,#4445,.T.);
#4445 = LINE('',#4446,#4447);
#4446 = CARTESIAN_POINT('',(48.4,4.35,0.));
#4447 = VECTOR('',#4448,1.);
#4448 = DIRECTION('',(-0.,1.,0.));
#4449 = PLANE('',#4450);
#4450 = AXIS2_PLACEMENT_3D('',#4451,#4452,#4453);
#4451 = CARTESIAN_POINT('',(48.4,4.35,-3.));
#4452 = DIRECTION('',(1.,0.,-0.));
#4453 = DIRECTION('',(0.,0.,1.));
#4454 = ADVANCED_FACE('',(#4455),#4471,.F.);
#4455 = FACE_BOUND('',#4456,.F.);
#4456 = EDGE_LOOP('',(#4457,#4463,#4464,#4470));
#4457 = ORIENTED_EDGE('',*,*,#4458,.F.);
#4458 = EDGE_CURVE('',#4379,#4419,#4459,.T.);
#4459 = LINE('',#4460,#4461);
#4460 = CARTESIAN_POINT('',(47.6,4.35,-3.));
#4461 = VECTOR('',#4462,1.);
#4462 = DIRECTION('',(1.,0.,-0.));
#4463 = ORIENTED_EDGE('',*,*,#4378,.T.);
#4464 = ORIENTED_EDGE('',*,*,#4465,.T.);
#4465 = EDGE_CURVE('',#4381,#4421,#4466,.T.);
#4466 = LINE('',#4467,#4468);
#4467 = CARTESIAN_POINT('',(47.6,4.35,0.));
#4468 = VECTOR('',#4469,1.);
#4469 = DIRECTION('',(1.,0.,-0.));
#4470 = ORIENTED_EDGE('',*,*,#4418,.F.);
#4471 = PLANE('',#4472);
#4472 = AXIS2_PLACEMENT_3D('',#4473,#4474,#4475);
#4473 = CARTESIAN_POINT('',(47.6,4.35,-3.));
#4474 = DIRECTION('',(-0.,1.,0.));
#4475 = DIRECTION('',(0.,0.,1.));
#4476 = ADVANCED_FACE('',(#4477),#4493,.T.);
#4477 = FACE_BOUND('',#4478,.T.);
#4478 = EDGE_LOOP('',(#4479,#4485,#4486,#4492));
#4479 = ORIENTED_EDGE('',*,*,#4480,.F.);
#4480 = EDGE_CURVE('',#4389,#4429,#4481,.T.);
#4481 = LINE('',#4482,#4483);
#4482 = CARTESIAN_POINT('',(47.6,4.85,-3.));
#4483 = VECTOR('',#4484,1.);
#4484 = DIRECTION('',(1.,0.,-0.));
#4485 = ORIENTED_EDGE('',*,*,#4396,.T.);
#4486 = ORIENTED_EDGE('',*,*,#4487,.T.);
#4487 = EDGE_CURVE('',#4397,#4437,#4488,.T.);
#4488 = LINE('',#4489,#4490);
#4489 = CARTESIAN_POINT('',(47.6,4.85,0.));
#4490 = VECTOR('',#4491,1.);
#4491 = DIRECTION('',(1.,0.,-0.));
#4492 = ORIENTED_EDGE('',*,*,#4436,.F.);
#4493 = PLANE('',#4494);
#4494 = AXIS2_PLACEMENT_3D('',#4495,#4496,#4497);
#4495 = CARTESIAN_POINT('',(47.6,4.85,-3.));
#4496 = DIRECTION('',(-0.,1.,0.));
#4497 = DIRECTION('',(0.,0.,1.));
#4498 = ADVANCED_FACE('',(#4499),#4505,.F.);
#4499 = FACE_BOUND('',#4500,.F.);
#4500 = EDGE_LOOP('',(#4501,#4502,#4503,#4504));
#4501 = ORIENTED_EDGE('',*,*,#4388,.F.);
#4502 = ORIENTED_EDGE('',*,*,#4458,.T.);
#4503 = ORIENTED_EDGE('',*,*,#4428,.T.);
#4504 = ORIENTED_EDGE('',*,*,#4480,.F.);
#4505 = PLANE('',#4506);
#4506 = AXIS2_PLACEMENT_3D('',#4507,#4508,#4509);
#4507 = CARTESIAN_POINT('',(47.6,4.35,-3.));
#4508 = DIRECTION('',(0.,0.,1.));
#4509 = DIRECTION('',(1.,0.,-0.));
#4510 = ADVANCED_FACE('',(#4511),#4517,.T.);
#4511 = FACE_BOUND('',#4512,.T.);
#4512 = EDGE_LOOP('',(#4513,#4514,#4515,#4516));
#4513 = ORIENTED_EDGE('',*,*,#4404,.F.);
#4514 = ORIENTED_EDGE('',*,*,#4465,.T.);
#4515 = ORIENTED_EDGE('',*,*,#4444,.T.);
#4516 = ORIENTED_EDGE('',*,*,#4487,.F.);
#4517 = PLANE('',#4518);
#4518 = AXIS2_PLACEMENT_3D('',#4519,#4520,#4521);
#4519 = CARTESIAN_POINT('',(47.6,4.35,0.));
#4520 = DIRECTION('',(0.,0.,1.));
#4521 = DIRECTION('',(1.,0.,-0.));
#4522 = ( GEOMETRIC_REPRESENTATION_CONTEXT(3)
GLOBAL_UNCERTAINTY_ASSIGNED_CONTEXT((#4526))
GLOBAL_UNIT_ASSIGNED_CONTEXT((#4523,#4524,#4525)) REPRESENTATION_CONTEXT
('Context #1','3D Context with UNIT and UNCERTAINTY') );
#4523 = ( LENGTH_UNIT() NAMED_UNIT(*) SI_UNIT(.MILLI.,.METRE.) );
#4524 = ( NAMED_UNIT(*) PLANE_ANGLE_UNIT() SI_UNIT($,.RADIAN.) );
#4525 = ( NAMED_UNIT(*) SI_UNIT($,.STERADIAN.) SOLID_ANGLE_UNIT() );
#4526 = UNCERTAINTY_MEASURE_WITH_UNIT(LENGTH_MEASURE(1.E-07),#4523,
  'distance_accuracy_value','confusion accuracy');
#4527 = CONTEXT_DEPENDENT_SHAPE_REPRESENTATION(#4528,#4530);
#4528 = ( REPRESENTATION_RELATIONSHIP('','',#4371,#10)
REPRESENTATION_RELATIONSHIP_WITH_TRANSFORMATION(#4529)
SHAPE_REPRESENTATION_RELATIONSHIP() );
#4529 = ITEM_DEFINED_TRANSFORMATION('','',#11,#43);
#4530 = PRODUCT_DEFINITION_SHAPE('Placement','Placement of an item',
  #4531);
#4531 = NEXT_ASSEMBLY_USAGE_OCCURRENCE('8','Terminal Pin P2 A','',#5,
  #4366,$);
#4532 = PRODUCT_RELATED_PRODUCT_CATEGORY('part',$,(#4368));
#4533 = SHAPE_DEFINITION_REPRESENTATION(#4534,#4540);
#4534 = PRODUCT_DEFINITION_SHAPE('','',#4535);
#4535 = PRODUCT_DEFINITION('design','',#4536,#4539);
#4536 = PRODUCT_DEFINITION_FORMATION('','',#4537);
#4537 = PRODUCT('Terminal Pin P2 B','Terminal Pin P2 B','',(#4538));
#4538 = PRODUCT_CONTEXT('',#2,'mechanical');
#4539 = PRODUCT_DEFINITION_CONTEXT('part definition',#2,'design');
#4540 = ADVANCED_BREP_SHAPE_REPRESENTATION('',(#11,#4541),#4691);
#4541 = MANIFOLD_SOLID_BREP('',#4542);
#4542 = CLOSED_SHELL('',(#4543,#4583,#4623,#4645,#4667,#4679));
#4543 = ADVANCED_FACE('',(#4544),#4578,.F.);
#4544 = FACE_BOUND('',#4545,.F.);
#4545 = EDGE_LOOP('',(#4546,#4556,#4564,#4572));
#4546 = ORIENTED_EDGE('',*,*,#4547,.F.);
#4547 = EDGE_CURVE('',#4548,#4550,#4552,.T.);
#4548 = VERTEX_POINT('',#4549);
#4549 = CARTESIAN_POINT('',(47.6,9.35,-3.));
#4550 = VERTEX_POINT('',#4551);
#4551 = CARTESIAN_POINT('',(47.6,9.35,0.));
#4552 = LINE('',#4553,#4554);
#4553 = CARTESIAN_POINT('',(47.6,9.35,-3.));
#4554 = VECTOR('',#4555,1.);
#4555 = DIRECTION('',(0.,0.,1.));
#4556 = ORIENTED_EDGE('',*,*,#4557,.T.);
#4557 = EDGE_CURVE('',#4548,#4558,#4560,.T.);
#4558 = VERTEX_POINT('',#4559);
#4559 = CARTESIAN_POINT('',(47.6,9.85,-3.));
#4560 = LINE('',#4561,#4562);
#4561 = CARTESIAN_POINT('',(47.6,9.35,-3.));
#4562 = VECTOR('',#4563,1.);
#4563 = DIRECTION('',(-0.,1.,0.));
#4564 = ORIENTED_EDGE('',*,*,#4565,.T.);
#4565 = EDGE_CURVE('',#4558,#4566,#4568,.T.);
#4566 = VERTEX_POINT('',#4567);
#4567 = CARTESIAN_POINT('',(47.6,9.85,0.));
#4568 = LINE('',#4569,#4570);
#4569 = CARTESIAN_POINT('',(47.6,9.85,-3.));
#4570 = VECTOR('',#4571,1.);
#4571 = DIRECTION('',(0.,0.,1.));
#4572 = ORIENTED_EDGE('',*,*,#4573,.F.);
#4573 = EDGE_CURVE('',#4550,#4566,#4574,.T.);
#4574 = LINE('',#4575,#4576);
#4575 = CARTESIAN_POINT('',(47.6,9.35,0.));
#4576 = VECTOR('',#4577,1.);
#4577 = DIRECTION('',(-0.,1.,0.));
#4578 = PLANE('',#4579);
#4579 = AXIS2_PLACEMENT_3D('',#4580,#4581,#4582);
#4580 = CARTESIAN_POINT('',(47.6,9.35,-3.));
#4581 = DIRECTION('',(1.,0.,-0.));
#4582 = DIRECTION('',(0.,0.,1.));
#4583 = ADVANCED_FACE('',(#4584),#4618,.T.);
#4584 = FACE_BOUND('',#4585,.T.);
#4585 = EDGE_LOOP('',(#4586,#4596,#4604,#4612));
#4586 = ORIENTED_EDGE('',*,*,#4587,.F.);
#4587 = EDGE_CURVE('',#4588,#4590,#4592,.T.);
#4588 = VERTEX_POINT('',#4589);
#4589 = CARTESIAN_POINT('',(48.4,9.35,-3.));
#4590 = VERTEX_POINT('',#4591);
#4591 = CARTESIAN_POINT('',(48.4,9.35,0.));
#4592 = LINE('',#4593,#4594);
#4593 = CARTESIAN_POINT('',(48.4,9.35,-3.));
#4594 = VECTOR('',#4595,1.);
#4595 = DIRECTION('',(0.,0.,1.));
#4596 = ORIENTED_EDGE('',*,*,#4597,.T.);
#4597 = EDGE_CURVE('',#4588,#4598,#4600,.T.);
#4598 = VERTEX_POINT('',#4599);
#4599 = CARTESIAN_POINT('',(48.4,9.85,-3.));
#4600 = LINE('',#4601,#4602);
#4601 = CARTESIAN_POINT('',(48.4,9.35,-3.));
#4602 = VECTOR('',#4603,1.);
#4603 = DIRECTION('',(-0.,1.,0.));
#4604 = ORIENTED_EDGE('',*,*,#4605,.T.);
#4605 = EDGE_CURVE('',#4598,#4606,#4608,.T.);
#4606 = VERTEX_POINT('',#4607);
#4607 = CARTESIAN_POINT('',(48.4,9.85,0.));
#4608 = LINE('',#4609,#4610);
#4609 = CARTESIAN_POINT('',(48.4,9.85,-3.));
#4610 = VECTOR('',#4611,1.);
#4611 = DIRECTION('',(0.,0.,1.));
#4612 = ORIENTED_EDGE('',*,*,#4613,.F.);
#4613 = EDGE_CURVE('',#4590,#4606,#4614,.T.);
#4614 = LINE('',#4615,#4616);
#4615 = CARTESIAN_POINT('',(48.4,9.35,0.));
#4616 = VECTOR('',#4617,1.);
#4617 = DIRECTION('',(-0.,1.,0.));
#4618 = PLANE('',#4619);
#4619 = AXIS2_PLACEMENT_3D('',#4620,#4621,#4622);
#4620 = CARTESIAN_POINT('',(48.4,9.35,-3.));
#4621 = DIRECTION('',(1.,0.,-0.));
#4622 = DIRECTION('',(0.,0.,1.));
#4623 = ADVANCED_FACE('',(#4624),#4640,.F.);
#4624 = FACE_BOUND('',#4625,.F.);
#4625 = EDGE_LOOP('',(#4626,#4632,#4633,#4639));
#4626 = ORIENTED_EDGE('',*,*,#4627,.F.);
#4627 = EDGE_CURVE('',#4548,#4588,#4628,.T.);
#4628 = LINE('',#4629,#4630);
#4629 = CARTESIAN_POINT('',(47.6,9.35,-3.));
#4630 = VECTOR('',#4631,1.);
#4631 = DIRECTION('',(1.,0.,-0.));
#4632 = ORIENTED_EDGE('',*,*,#4547,.T.);
#4633 = ORIENTED_EDGE('',*,*,#4634,.T.);
#4634 = EDGE_CURVE('',#4550,#4590,#4635,.T.);
#4635 = LINE('',#4636,#4637);
#4636 = CARTESIAN_POINT('',(47.6,9.35,0.));
#4637 = VECTOR('',#4638,1.);
#4638 = DIRECTION('',(1.,0.,-0.));
#4639 = ORIENTED_EDGE('',*,*,#4587,.F.);
#4640 = PLANE('',#4641);
#4641 = AXIS2_PLACEMENT_3D('',#4642,#4643,#4644);
#4642 = CARTESIAN_POINT('',(47.6,9.35,-3.));
#4643 = DIRECTION('',(-0.,1.,0.));
#4644 = DIRECTION('',(0.,0.,1.));
#4645 = ADVANCED_FACE('',(#4646),#4662,.T.);
#4646 = FACE_BOUND('',#4647,.T.);
#4647 = EDGE_LOOP('',(#4648,#4654,#4655,#4661));
#4648 = ORIENTED_EDGE('',*,*,#4649,.F.);
#4649 = EDGE_CURVE('',#4558,#4598,#4650,.T.);
#4650 = LINE('',#4651,#4652);
#4651 = CARTESIAN_POINT('',(47.6,9.85,-3.));
#4652 = VECTOR('',#4653,1.);
#4653 = DIRECTION('',(1.,0.,-0.));
#4654 = ORIENTED_EDGE('',*,*,#4565,.T.);
#4655 = ORIENTED_EDGE('',*,*,#4656,.T.);
#4656 = EDGE_CURVE('',#4566,#4606,#4657,.T.);
#4657 = LINE('',#4658,#4659);
#4658 = CARTESIAN_POINT('',(47.6,9.85,0.));
#4659 = VECTOR('',#4660,1.);
#4660 = DIRECTION('',(1.,0.,-0.));
#4661 = ORIENTED_EDGE('',*,*,#4605,.F.);
#4662 = PLANE('',#4663);
#4663 = AXIS2_PLACEMENT_3D('',#4664,#4665,#4666);
#4664 = CARTESIAN_POINT('',(47.6,9.85,-3.));
#4665 = DIRECTION('',(-0.,1.,0.));
#4666 = DIRECTION('',(0.,0.,1.));
#4667 = ADVANCED_FACE('',(#4668),#4674,.F.);
#4668 = FACE_BOUND('',#4669,.F.);
#4669 = EDGE_LOOP('',(#4670,#4671,#4672,#4673));
#4670 = ORIENTED_EDGE('',*,*,#4557,.F.);
#4671 = ORIENTED_EDGE('',*,*,#4627,.T.);
#4672 = ORIENTED_EDGE('',*,*,#4597,.T.);
#4673 = ORIENTED_EDGE('',*,*,#4649,.F.);
#4674 = PLANE('',#4675);
#4675 = AXIS2_PLACEMENT_3D('',#4676,#4677,#4678);
#4676 = CARTESIAN_POINT('',(47.6,9.35,-3.));
#4677 = DIRECTION('',(0.,0.,1.));
#4678 = DIRECTION('',(1.,0.,-0.));
#4679 = ADVANCED_FACE('',(#4680),#4686,.T.);
#4680 = FACE_BOUND('',#4681,.T.);
#4681 = EDGE_LOOP('',(#4682,#4683,#4684,#4685));
#4682 = ORIENTED_EDGE('',*,*,#4573,.F.);
#4683 = ORIENTED_EDGE('',*,*,#4634,.T.);
#4684 = ORIENTED_EDGE('',*,*,#4613,.T.);
#4685 = ORIENTED_EDGE('',*,*,#4656,.F.);
#4686 = PLANE('',#4687);
#4687 = AXIS2_PLACEMENT_3D('',#4688,#4689,#4690);
#4688 = CARTESIAN_POINT('',(47.6,9.35,0.));
#4689 = DIRECTION('',(0.,0.,1.));
#4690 = DIRECTION('',(1.,0.,-0.));
#4691 = ( GEOMETRIC_REPRESENTATION_CONTEXT(3)
GLOBAL_UNCERTAINTY_ASSIGNED_CONTEXT((#4695))
GLOBAL_UNIT_ASSIGNED_CONTEXT((#4692,#4693,#4694)) REPRESENTATION_CONTEXT
('Context #1','3D Context with UNIT and UNCERTAINTY') );
#4692 = ( LENGTH_UNIT() NAMED_UNIT(*) SI_UNIT(.MILLI.,.METRE.) );
#4693 = ( NAMED_UNIT(*) PLANE_ANGLE_UNIT() SI_UNIT($,.RADIAN.) );
#4694 = ( NAMED_UNIT(*) SI_UNIT($,.STERADIAN.) SOLID_ANGLE_UNIT() );
#4695 = UNCERTAINTY_MEASURE_WITH_UNIT(LENGTH_MEASURE(1.E-07),#4692,
  'distance_accuracy_value','confusion accuracy');
#4696 = CONTEXT_DEPENDENT_SHAPE_REPRESENTATION(#4697,#4699);
#4697 = ( REPRESENTATION_RELATIONSHIP('','',#4540,#10)
REPRESENTATION_RELATIONSHIP_WITH_TRANSFORMATION(#4698)
SHAPE_REPRESENTATION_RELATIONSHIP() );
#4698 = ITEM_DEFINED_TRANSFORMATION('','',#11,#47);
#4699 = PRODUCT_DEFINITION_SHAPE('Placement','Placement of an item',
  #4700);
#4700 = NEXT_ASSEMBLY_USAGE_OCCURRENCE('9','Terminal Pin P2 B','',#5,
  #4535,$);
#4701 = PRODUCT_RELATED_PRODUCT_CATEGORY('part',$,(#4537));
#4702 = SHAPE_DEFINITION_REPRESENTATION(#4703,#4709);
#4703 = PRODUCT_DEFINITION_SHAPE('','',#4704);
#4704 = PRODUCT_DEFINITION('design','',#4705,#4708);
#4705 = PRODUCT_DEFINITION_FORMATION('','',#4706);
#4706 = PRODUCT('Housing P3','Housing P3','',(#4707));
#4707 = PRODUCT_CONTEXT('',#2,'mechanical');
#4708 = PRODUCT_DEFINITION_CONTEXT('part definition',#2,'design');
#4709 = ADVANCED_BREP_SHAPE_REPRESENTATION('',(#11,#4710),#6065);
#4710 = MANIFOLD_SOLID_BREP('',#4711);
#4711 = CLOSED_SHELL('',(#4712,#4760,#4793,#4884,#4909,#4942,#4975,#5076
    ,#5093,#5118,#5150,#5175,#5215,#5247,#5271,#5296,#5313,#5330,#5361,
    #5392,#5410,#5441,#5466,#5497,#5521,#5552,#5569,#5593,#5611,#5628,
    #5640,#5657,#5669,#5687,#5698,#5747,#5778,#5809,#5842,#5873,#5913,
    #5944,#5960,#6006,#6037,#6051));
#4712 = ADVANCED_FACE('',(#4713),#4755,.F.);
#4713 = FACE_BOUND('',#4714,.F.);
#4714 = EDGE_LOOP('',(#4715,#4725,#4733,#4741,#4749));
#4715 = ORIENTED_EDGE('',*,*,#4716,.F.);
#4716 = EDGE_CURVE('',#4717,#4719,#4721,.T.);
#4717 = VERTEX_POINT('',#4718);
#4718 = CARTESIAN_POINT('',(37.5,0.3,0.3));
#4719 = VERTEX_POINT('',#4720);
#4720 = CARTESIAN_POINT('',(37.5,0.3,9.086363636364));
#4721 = LINE('',#4722,#4723);
#4722 = CARTESIAN_POINT('',(37.5,0.3,0.));
#4723 = VECTOR('',#4724,1.);
#4724 = DIRECTION('',(0.,0.,1.));
#4725 = ORIENTED_EDGE('',*,*,#4726,.T.);
#4726 = EDGE_CURVE('',#4717,#4727,#4729,.T.);
#4727 = VERTEX_POINT('',#4728);
#4728 = CARTESIAN_POINT('',(37.5,12.2,0.3));
#4729 = LINE('',#4730,#4731);
#4730 = CARTESIAN_POINT('',(37.5,0.,0.3));
#4731 = VECTOR('',#4732,1.);
#4732 = DIRECTION('',(-0.,1.,0.));
#4733 = ORIENTED_EDGE('',*,*,#4734,.T.);
#4734 = EDGE_CURVE('',#4727,#4735,#4737,.T.);
#4735 = VERTEX_POINT('',#4736);
#4736 = CARTESIAN_POINT('',(37.5,12.2,10.3));
#4737 = LINE('',#4738,#4739);
#4738 = CARTESIAN_POINT('',(37.5,12.2,0.));
#4739 = VECTOR('',#4740,1.);
#4740 = DIRECTION('',(0.,0.,1.));
#4741 = ORIENTED_EDGE('',*,*,#4742,.F.);
#4742 = EDGE_CURVE('',#4743,#4735,#4745,.T.);
#4743 = VERTEX_POINT('',#4744);
#4744 = CARTESIAN_POINT('',(37.5,1.743243243243,10.3));
#4745 = LINE('',#4746,#4747);
#4746 = CARTESIAN_POINT('',(37.5,0.,10.3));
#4747 = VECTOR('',#4748,1.);
#4748 = DIRECTION('',(-0.,1.,0.));
#4749 = ORIENTED_EDGE('',*,*,#4750,.F.);
#4750 = EDGE_CURVE('',#4719,#4743,#4751,.T.);
#4751 = LINE('',#4752,#4753);
#4752 = CARTESIAN_POINT('',(37.5,-1.125779122542,7.88741301059));
#4753 = VECTOR('',#4754,1.);
#4754 = DIRECTION('',(0.,0.765362085905,0.643599935875));
#4755 = PLANE('',#4756);
#4756 = AXIS2_PLACEMENT_3D('',#4757,#4758,#4759);
#4757 = CARTESIAN_POINT('',(37.5,0.,0.));
#4758 = DIRECTION('',(1.,0.,-0.));
#4759 = DIRECTION('',(0.,0.,1.));
#4760 = ADVANCED_FACE('',(#4761),#4788,.T.);
#4761 = FACE_BOUND('',#4762,.T.);
#4762 = EDGE_LOOP('',(#4763,#4764,#4773,#4781));
#4763 = ORIENTED_EDGE('',*,*,#4716,.F.);
#4764 = ORIENTED_EDGE('',*,*,#4765,.T.);
#4765 = EDGE_CURVE('',#4717,#4766,#4768,.T.);
#4766 = VERTEX_POINT('',#4767);
#4767 = CARTESIAN_POINT('',(37.8,-5.551115123126E-17,0.3));
#4768 = CIRCLE('',#4769,0.3);
#4769 = AXIS2_PLACEMENT_3D('',#4770,#4771,#4772);
#4770 = CARTESIAN_POINT('',(37.8,0.3,0.3));
#4771 = DIRECTION('',(0.,0.,1.));
#4772 = DIRECTION('',(-1.,0.,0.));
#4773 = ORIENTED_EDGE('',*,*,#4774,.T.);
#4774 = EDGE_CURVE('',#4766,#4775,#4777,.T.);
#4775 = VERTEX_POINT('',#4776);
#4776 = CARTESIAN_POINT('',(37.8,-5.551115123126E-17,8.834090909091));
#4777 = LINE('',#4778,#4779);
#4778 = CARTESIAN_POINT('',(37.8,-5.551115123126E-17,0.));
#4779 = VECTOR('',#4780,1.);
#4780 = DIRECTION('',(0.,0.,1.));
#4781 = ORIENTED_EDGE('',*,*,#4782,.T.);
#4782 = EDGE_CURVE('',#4775,#4719,#4783,.T.);
#4783 = ELLIPSE('',#4784,0.391971336867,0.3);
#4784 = AXIS2_PLACEMENT_3D('',#4785,#4786,#4787);
#4785 = CARTESIAN_POINT('',(37.8,0.3,9.086363636364));
#4786 = DIRECTION('',(0.,0.643599935875,-0.765362085905));
#4787 = DIRECTION('',(0.,0.765362085905,0.643599935875));
#4788 = CYLINDRICAL_SURFACE('',#4789,0.3);
#4789 = AXIS2_PLACEMENT_3D('',#4790,#4791,#4792);
#4790 = CARTESIAN_POINT('',(37.8,0.3,0.));
#4791 = DIRECTION('',(0.,0.,1.));
#4792 = DIRECTION('',(-1.,-0.,0.));
#4793 = ADVANCED_FACE('',(#4794),#4879,.F.);
#4794 = FACE_BOUND('',#4795,.F.);
#4795 = EDGE_LOOP('',(#4796,#4805,#4813,#4821,#4829,#4837,#4845,#4854,
    #4862,#4871,#4877,#4878));
#4796 = ORIENTED_EDGE('',*,*,#4797,.T.);
#4797 = EDGE_CURVE('',#4743,#4798,#4800,.T.);
#4798 = VERTEX_POINT('',#4799);
#4799 = CARTESIAN_POINT('',(37.8,2.1,10.6));
#4800 = ELLIPSE('',#4801,0.466128076275,0.3);
#4801 = AXIS2_PLACEMENT_3D('',#4802,#4803,#4804);
#4802 = CARTESIAN_POINT('',(37.8,1.743243243243,10.3));
#4803 = DIRECTION('',(0.,0.643599935875,-0.765362085905));
#4804 = DIRECTION('',(0.,0.765362085905,0.643599935875));
#4805 = ORIENTED_EDGE('',*,*,#4806,.T.);
#4806 = EDGE_CURVE('',#4798,#4807,#4809,.T.);
#4807 = VERTEX_POINT('',#4808);
#4808 = CARTESIAN_POINT('',(38.05,2.1,10.6));
#4809 = LINE('',#4810,#4811);
#4810 = CARTESIAN_POINT('',(37.4,2.1,10.6));
#4811 = VECTOR('',#4812,1.);
#4812 = DIRECTION('',(1.,0.,0.));
#4813 = ORIENTED_EDGE('',*,*,#4814,.T.);
#4814 = EDGE_CURVE('',#4807,#4815,#4817,.T.);
#4815 = VERTEX_POINT('',#4816);
#4816 = CARTESIAN_POINT('',(38.05,0.589585439838,9.329878665319));
#4817 = LINE('',#4818,#4819);
#4818 = CARTESIAN_POINT('',(38.05,2.697145719937,11.102145264493));
#4819 = VECTOR('',#4820,1.);
#4820 = DIRECTION('',(0.,-0.765362085905,-0.643599935875));
#4821 = ORIENTED_EDGE('',*,*,#4822,.T.);
#4822 = EDGE_CURVE('',#4815,#4823,#4825,.T.);
#4823 = VERTEX_POINT('',#4824);
#4824 = CARTESIAN_POINT('',(41.95,0.589585439838,9.329878665319));
#4825 = LINE('',#4826,#4827);
#4826 = CARTESIAN_POINT('',(37.725,0.589585439838,9.329878665319));
#4827 = VECTOR('',#4828,1.);
#4828 = DIRECTION('',(1.,0.,0.));
#4829 = ORIENTED_EDGE('',*,*,#4830,.F.);
#4830 = EDGE_CURVE('',#4831,#4823,#4833,.T.);
#4831 = VERTEX_POINT('',#4832);
#4832 = CARTESIAN_POINT('',(41.95,2.1,10.6));
#4833 = LINE('',#4834,#4835);
#4834 = CARTESIAN_POINT('',(41.95,2.697145719937,11.102145264493));
#4835 = VECTOR('',#4836,1.);
#4836 = DIRECTION('',(0.,-0.765362085905,-0.643599935875));
#4837 = ORIENTED_EDGE('',*,*,#4838,.T.);
#4838 = EDGE_CURVE('',#4831,#4839,#4841,.T.);
#4839 = VERTEX_POINT('',#4840);
#4840 = CARTESIAN_POINT('',(42.2,2.1,10.6));
#4841 = LINE('',#4842,#4843);
#4842 = CARTESIAN_POINT('',(37.4,2.1,10.6));
#4843 = VECTOR('',#4844,1.);
#4844 = DIRECTION('',(1.,0.,0.));
#4845 = ORIENTED_EDGE('',*,*,#4846,.T.);
#4846 = EDGE_CURVE('',#4839,#4847,#4849,.T.);
#4847 = VERTEX_POINT('',#4848);
#4848 = CARTESIAN_POINT('',(42.5,1.743243243243,10.3));
#4849 = ELLIPSE('',#4850,0.466128076275,0.3);
#4850 = AXIS2_PLACEMENT_3D('',#4851,#4852,#4853);
#4851 = CARTESIAN_POINT('',(42.2,1.743243243243,10.3));
#4852 = DIRECTION('',(0.,0.643599935875,-0.765362085905));
#4853 = DIRECTION('',(0.,0.765362085905,0.643599935875));
#4854 = ORIENTED_EDGE('',*,*,#4855,.F.);
#4855 = EDGE_CURVE('',#4856,#4847,#4858,.T.);
#4856 = VERTEX_POINT('',#4857);
#4857 = CARTESIAN_POINT('',(42.5,0.3,9.086363636364));
#4858 = LINE('',#4859,#4860);
#4859 = CARTESIAN_POINT('',(42.5,-1.125779122542,7.88741301059));
#4860 = VECTOR('',#4861,1.);
#4861 = DIRECTION('',(0.,0.765362085905,0.643599935875));
#4862 = ORIENTED_EDGE('',*,*,#4863,.T.);
#4863 = EDGE_CURVE('',#4856,#4864,#4866,.T.);
#4864 = VERTEX_POINT('',#4865);
#4865 = CARTESIAN_POINT('',(42.2,-5.551115123126E-17,8.834090909091));
#4866 = ELLIPSE('',#4867,0.391971336867,0.3);
#4867 = AXIS2_PLACEMENT_3D('',#4868,#4869,#4870);
#4868 = CARTESIAN_POINT('',(42.2,0.3,9.086363636364));
#4869 = DIRECTION('',(0.,0.643599935875,-0.765362085905));
#4870 = DIRECTION('',(0.,0.765362085905,0.643599935875));
#4871 = ORIENTED_EDGE('',*,*,#4872,.T.);
#4872 = EDGE_CURVE('',#4864,#4775,#4873,.T.);
#4873 = LINE('',#4874,#4875);
#4874 = CARTESIAN_POINT('',(37.45,2.22044604925E-16,8.834090909091));
#4875 = VECTOR('',#4876,1.);
#4876 = DIRECTION('',(-1.,0.,-0.));
#4877 = ORIENTED_EDGE('',*,*,#4782,.T.);
#4878 = ORIENTED_EDGE('',*,*,#4750,.T.);
#4879 = PLANE('',#4880);
#4880 = AXIS2_PLACEMENT_3D('',#4881,#4882,#4883);
#4881 = CARTESIAN_POINT('',(37.4,2.1,10.6));
#4882 = DIRECTION('',(0.,0.643599935875,-0.765362085905));
#4883 = DIRECTION('',(0.,-0.765362085905,-0.643599935875));
#4884 = ADVANCED_FACE('',(#4885),#4904,.T.);
#4885 = FACE_BOUND('',#4886,.T.);
#4886 = EDGE_LOOP('',(#4887,#4888,#4896,#4903));
#4887 = ORIENTED_EDGE('',*,*,#4797,.T.);
#4888 = ORIENTED_EDGE('',*,*,#4889,.T.);
#4889 = EDGE_CURVE('',#4798,#4890,#4892,.T.);
#4890 = VERTEX_POINT('',#4891);
#4891 = CARTESIAN_POINT('',(37.8,12.2,10.6));
#4892 = LINE('',#4893,#4894);
#4893 = CARTESIAN_POINT('',(37.8,0.,10.6));
#4894 = VECTOR('',#4895,1.);
#4895 = DIRECTION('',(-0.,1.,0.));
#4896 = ORIENTED_EDGE('',*,*,#4897,.F.);
#4897 = EDGE_CURVE('',#4735,#4890,#4898,.T.);
#4898 = CIRCLE('',#4899,0.3);
#4899 = AXIS2_PLACEMENT_3D('',#4900,#4901,#4902);
#4900 = CARTESIAN_POINT('',(37.8,12.2,10.3));
#4901 = DIRECTION('',(-0.,1.,0.));
#4902 = DIRECTION('',(-1.,-0.,0.));
#4903 = ORIENTED_EDGE('',*,*,#4742,.F.);
#4904 = CYLINDRICAL_SURFACE('',#4905,0.3);
#4905 = AXIS2_PLACEMENT_3D('',#4906,#4907,#4908);
#4906 = CARTESIAN_POINT('',(37.8,0.,10.3));
#4907 = DIRECTION('',(-0.,1.,0.));
#4908 = DIRECTION('',(-1.,-0.,0.));
#4909 = ADVANCED_FACE('',(#4910),#4937,.T.);
#4910 = FACE_BOUND('',#4911,.F.);
#4911 = EDGE_LOOP('',(#4912,#4913,#4922,#4930));
#4912 = ORIENTED_EDGE('',*,*,#4734,.F.);
#4913 = ORIENTED_EDGE('',*,*,#4914,.T.);
#4914 = EDGE_CURVE('',#4727,#4915,#4917,.T.);
#4915 = VERTEX_POINT('',#4916);
#4916 = CARTESIAN_POINT('',(37.8,12.5,0.3));
#4917 = CIRCLE('',#4918,0.3);
#4918 = AXIS2_PLACEMENT_3D('',#4919,#4920,#4921);
#4919 = CARTESIAN_POINT('',(37.8,12.2,0.3));
#4920 = DIRECTION('',(-0.,0.,-1.));
#4921 = DIRECTION('',(-1.,0.,0.));
#4922 = ORIENTED_EDGE('',*,*,#4923,.T.);
#4923 = EDGE_CURVE('',#4915,#4924,#4926,.T.);
#4924 = VERTEX_POINT('',#4925);
#4925 = CARTESIAN_POINT('',(37.8,12.5,10.3));
#4926 = LINE('',#4927,#4928);
#4927 = CARTESIAN_POINT('',(37.8,12.5,0.));
#4928 = VECTOR('',#4929,1.);
#4929 = DIRECTION('',(0.,0.,1.));
#4930 = ORIENTED_EDGE('',*,*,#4931,.T.);
#4931 = EDGE_CURVE('',#4924,#4735,#4932,.T.);
#4932 = CIRCLE('',#4933,0.3);
#4933 = AXIS2_PLACEMENT_3D('',#4934,#4935,#4936);
#4934 = CARTESIAN_POINT('',(37.8,12.2,10.3));
#4935 = DIRECTION('',(0.,0.,1.));
#4936 = DIRECTION('',(-1.,-0.,0.));
#4937 = CYLINDRICAL_SURFACE('',#4938,0.3);
#4938 = AXIS2_PLACEMENT_3D('',#4939,#4940,#4941);
#4939 = CARTESIAN_POINT('',(37.8,12.2,0.));
#4940 = DIRECTION('',(0.,0.,1.));
#4941 = DIRECTION('',(-1.,-0.,0.));
#4942 = ADVANCED_FACE('',(#4943),#4970,.T.);
#4943 = FACE_BOUND('',#4944,.F.);
#4944 = EDGE_LOOP('',(#4945,#4954,#4962,#4969));
#4945 = ORIENTED_EDGE('',*,*,#4946,.F.);
#4946 = EDGE_CURVE('',#4947,#4717,#4949,.T.);
#4947 = VERTEX_POINT('',#4948);
#4948 = CARTESIAN_POINT('',(37.8,0.3,0.));
#4949 = CIRCLE('',#4950,0.3);
#4950 = AXIS2_PLACEMENT_3D('',#4951,#4952,#4953);
#4951 = CARTESIAN_POINT('',(37.8,0.3,0.3));
#4952 = DIRECTION('',(0.,1.,-0.));
#4953 = DIRECTION('',(-1.,0.,0.));
#4954 = ORIENTED_EDGE('',*,*,#4955,.T.);
#4955 = EDGE_CURVE('',#4947,#4956,#4958,.T.);
#4956 = VERTEX_POINT('',#4957);
#4957 = CARTESIAN_POINT('',(37.8,12.2,0.));
#4958 = LINE('',#4959,#4960);
#4959 = CARTESIAN_POINT('',(37.8,0.,-5.551115123126E-17));
#4960 = VECTOR('',#4961,1.);
#4961 = DIRECTION('',(-0.,1.,0.));
#4962 = ORIENTED_EDGE('',*,*,#4963,.T.);
#4963 = EDGE_CURVE('',#4956,#4727,#4964,.T.);
#4964 = CIRCLE('',#4965,0.3);
#4965 = AXIS2_PLACEMENT_3D('',#4966,#4967,#4968);
#4966 = CARTESIAN_POINT('',(37.8,12.2,0.3));
#4967 = DIRECTION('',(0.,1.,-0.));
#4968 = DIRECTION('',(-1.,0.,0.));
#4969 = ORIENTED_EDGE('',*,*,#4726,.F.);
#4970 = CYLINDRICAL_SURFACE('',#4971,0.3);
#4971 = AXIS2_PLACEMENT_3D('',#4972,#4973,#4974);
#4972 = CARTESIAN_POINT('',(37.8,0.,0.3));
#4973 = DIRECTION('',(-0.,1.,0.));
#4974 = DIRECTION('',(-1.,-0.,0.));
#4975 = ADVANCED_FACE('',(#4976,#4994),#5071,.F.);
#4976 = FACE_BOUND('',#4977,.F.);
#4977 = EDGE_LOOP('',(#4978,#4986,#4987,#4988));
#4978 = ORIENTED_EDGE('',*,*,#4979,.F.);
#4979 = EDGE_CURVE('',#4766,#4980,#4982,.T.);
#4980 = VERTEX_POINT('',#4981);
#4981 = CARTESIAN_POINT('',(42.2,-5.551115123126E-17,0.3));
#4982 = LINE('',#4983,#4984);
#4983 = CARTESIAN_POINT('',(37.5,-5.551115123126E-17,0.3));
#4984 = VECTOR('',#4985,1.);
#4985 = DIRECTION('',(1.,0.,-0.));
#4986 = ORIENTED_EDGE('',*,*,#4774,.T.);
#4987 = ORIENTED_EDGE('',*,*,#4872,.F.);
#4988 = ORIENTED_EDGE('',*,*,#4989,.F.);
#4989 = EDGE_CURVE('',#4980,#4864,#4990,.T.);
#4990 = LINE('',#4991,#4992);
#4991 = CARTESIAN_POINT('',(42.2,-5.551115123126E-17,0.));
#4992 = VECTOR('',#4993,1.);
#4993 = DIRECTION('',(0.,0.,1.));
#4994 = FACE_BOUND('',#4995,.F.);
#4995 = EDGE_LOOP('',(#4996,#5006,#5014,#5022,#5031,#5040,#5048,#5056,
    #5064));
#4996 = ORIENTED_EDGE('',*,*,#4997,.F.);
#4997 = EDGE_CURVE('',#4998,#5000,#5002,.T.);
#4998 = VERTEX_POINT('',#4999);
#4999 = CARTESIAN_POINT('',(41.73,0.,5.65));
#5000 = VERTEX_POINT('',#5001);
#5001 = CARTESIAN_POINT('',(41.73,0.,2.25));
#5002 = LINE('',#5003,#5004);
#5003 = CARTESIAN_POINT('',(41.73,0.,1.125));
#5004 = VECTOR('',#5005,1.);
#5005 = DIRECTION('',(-0.,0.,-1.));
#5006 = ORIENTED_EDGE('',*,*,#5007,.F.);
#5007 = EDGE_CURVE('',#5008,#4998,#5010,.T.);
#5008 = VERTEX_POINT('',#5009);
#5009 = CARTESIAN_POINT('',(41.13,0.,5.65));
#5010 = LINE('',#5011,#5012);
#5011 = CARTESIAN_POINT('',(37.885,0.,5.65));
#5012 = VECTOR('',#5013,1.);
#5013 = DIRECTION('',(1.,0.,-0.));
#5014 = ORIENTED_EDGE('',*,*,#5015,.F.);
#5015 = EDGE_CURVE('',#5016,#5008,#5018,.T.);
#5016 = VERTEX_POINT('',#5017);
#5017 = CARTESIAN_POINT('',(41.13,0.,7.4));
#5018 = LINE('',#5019,#5020);
#5019 = CARTESIAN_POINT('',(41.13,0.,2.825));
#5020 = VECTOR('',#5021,1.);
#5021 = DIRECTION('',(-0.,0.,-1.));
#5022 = ORIENTED_EDGE('',*,*,#5023,.F.);
#5023 = EDGE_CURVE('',#5024,#5016,#5026,.T.);
#5024 = VERTEX_POINT('',#5025);
#5025 = CARTESIAN_POINT('',(40.,0.,8.53));
#5026 = CIRCLE('',#5027,1.13);
#5027 = AXIS2_PLACEMENT_3D('',#5028,#5029,#5030);
#5028 = CARTESIAN_POINT('',(40.,0.,7.4));
#5029 = DIRECTION('',(0.,1.,0.));
#5030 = DIRECTION('',(0.,-0.,1.));
#5031 = ORIENTED_EDGE('',*,*,#5032,.F.);
#5032 = EDGE_CURVE('',#5033,#5024,#5035,.T.);
#5033 = VERTEX_POINT('',#5034);
#5034 = CARTESIAN_POINT('',(38.87,0.,7.4));
#5035 = CIRCLE('',#5036,1.13);
#5036 = AXIS2_PLACEMENT_3D('',#5037,#5038,#5039);
#5037 = CARTESIAN_POINT('',(40.,0.,7.4));
#5038 = DIRECTION('',(0.,1.,0.));
#5039 = DIRECTION('',(0.,-0.,1.));
#5040 = ORIENTED_EDGE('',*,*,#5041,.T.);
#5041 = EDGE_CURVE('',#5033,#5042,#5044,.T.);
#5042 = VERTEX_POINT('',#5043);
#5043 = CARTESIAN_POINT('',(38.87,0.,5.65));
#5044 = LINE('',#5045,#5046);
#5045 = CARTESIAN_POINT('',(38.87,0.,2.825));
#5046 = VECTOR('',#5047,1.);
#5047 = DIRECTION('',(-0.,0.,-1.));
#5048 = ORIENTED_EDGE('',*,*,#5049,.F.);
#5049 = EDGE_CURVE('',#5050,#5042,#5052,.T.);
#5050 = VERTEX_POINT('',#5051);
#5051 = CARTESIAN_POINT('',(38.27,0.,5.65));
#5052 = LINE('',#5053,#5054);
#5053 = CARTESIAN_POINT('',(37.885,0.,5.65));
#5054 = VECTOR('',#5055,1.);
#5055 = DIRECTION('',(1.,0.,-0.));
#5056 = ORIENTED_EDGE('',*,*,#5057,.T.);
#5057 = EDGE_CURVE('',#5050,#5058,#5060,.T.);
#5058 = VERTEX_POINT('',#5059);
#5059 = CARTESIAN_POINT('',(38.27,0.,2.25));
#5060 = LINE('',#5061,#5062);
#5061 = CARTESIAN_POINT('',(38.27,0.,1.125));
#5062 = VECTOR('',#5063,1.);
#5063 = DIRECTION('',(-0.,0.,-1.));
#5064 = ORIENTED_EDGE('',*,*,#5065,.F.);
#5065 = EDGE_CURVE('',#5000,#5058,#5066,.T.);
#5066 = CIRCLE('',#5067,1.73);
#5067 = AXIS2_PLACEMENT_3D('',#5068,#5069,#5070);
#5068 = CARTESIAN_POINT('',(40.,0.,2.25));
#5069 = DIRECTION('',(0.,1.,0.));
#5070 = DIRECTION('',(0.,-0.,1.));
#5071 = PLANE('',#5072);
#5072 = AXIS2_PLACEMENT_3D('',#5073,#5074,#5075);
#5073 = CARTESIAN_POINT('',(37.5,0.,0.));
#5074 = DIRECTION('',(-0.,1.,0.));
#5075 = DIRECTION('',(0.,0.,1.));
#5076 = ADVANCED_FACE('',(#5077),#5088,.T.);
#5077 = FACE_BOUND('',#5078,.T.);
#5078 = EDGE_LOOP('',(#5079,#5080,#5087));
#5079 = ORIENTED_EDGE('',*,*,#4946,.F.);
#5080 = ORIENTED_EDGE('',*,*,#5081,.T.);
#5081 = EDGE_CURVE('',#4947,#4766,#5082,.T.);
#5082 = CIRCLE('',#5083,0.3);
#5083 = AXIS2_PLACEMENT_3D('',#5084,#5085,#5086);
#5084 = CARTESIAN_POINT('',(37.8,0.3,0.3));
#5085 = DIRECTION('',(-1.,6.123233995737E-17,0.));
#5086 = DIRECTION('',(-6.123233995737E-17,-1.,0.));
#5087 = ORIENTED_EDGE('',*,*,#4765,.F.);
#5088 = SPHERICAL_SURFACE('',#5089,0.3);
#5089 = AXIS2_PLACEMENT_3D('',#5090,#5091,#5092);
#5090 = CARTESIAN_POINT('',(37.8,0.3,0.3));
#5091 = DIRECTION('',(0.,0.,1.));
#5092 = DIRECTION('',(-1.,0.,0.));
#5093 = ADVANCED_FACE('',(#5094),#5113,.T.);
#5094 = FACE_BOUND('',#5095,.F.);
#5095 = EDGE_LOOP('',(#5096,#5104,#5111,#5112));
#5096 = ORIENTED_EDGE('',*,*,#5097,.F.);
#5097 = EDGE_CURVE('',#5098,#4856,#5100,.T.);
#5098 = VERTEX_POINT('',#5099);
#5099 = CARTESIAN_POINT('',(42.5,0.3,0.3));
#5100 = LINE('',#5101,#5102);
#5101 = CARTESIAN_POINT('',(42.5,0.3,0.));
#5102 = VECTOR('',#5103,1.);
#5103 = DIRECTION('',(0.,0.,1.));
#5104 = ORIENTED_EDGE('',*,*,#5105,.T.);
#5105 = EDGE_CURVE('',#5098,#4980,#5106,.T.);
#5106 = CIRCLE('',#5107,0.3);
#5107 = AXIS2_PLACEMENT_3D('',#5108,#5109,#5110);
#5108 = CARTESIAN_POINT('',(42.2,0.3,0.3));
#5109 = DIRECTION('',(0.,-0.,-1.));
#5110 = DIRECTION('',(1.,0.,-0.));
#5111 = ORIENTED_EDGE('',*,*,#4989,.T.);
#5112 = ORIENTED_EDGE('',*,*,#4863,.F.);
#5113 = CYLINDRICAL_SURFACE('',#5114,0.3);
#5114 = AXIS2_PLACEMENT_3D('',#5115,#5116,#5117);
#5115 = CARTESIAN_POINT('',(42.2,0.3,0.));
#5116 = DIRECTION('',(0.,0.,1.));
#5117 = DIRECTION('',(1.,0.,-0.));
#5118 = ADVANCED_FACE('',(#5119),#5145,.T.);
#5119 = FACE_BOUND('',#5120,.T.);
#5120 = EDGE_LOOP('',(#5121,#5122,#5130,#5138,#5144));
#5121 = ORIENTED_EDGE('',*,*,#5097,.F.);
#5122 = ORIENTED_EDGE('',*,*,#5123,.T.);
#5123 = EDGE_CURVE('',#5098,#5124,#5126,.T.);
#5124 = VERTEX_POINT('',#5125);
#5125 = CARTESIAN_POINT('',(42.5,12.2,0.3));
#5126 = LINE('',#5127,#5128);
#5127 = CARTESIAN_POINT('',(42.5,0.,0.3));
#5128 = VECTOR('',#5129,1.);
#5129 = DIRECTION('',(-0.,1.,0.));
#5130 = ORIENTED_EDGE('',*,*,#5131,.T.);
#5131 = EDGE_CURVE('',#5124,#5132,#5134,.T.);
#5132 = VERTEX_POINT('',#5133);
#5133 = CARTESIAN_POINT('',(42.5,12.2,10.3));
#5134 = LINE('',#5135,#5136);
#5135 = CARTESIAN_POINT('',(42.5,12.2,0.));
#5136 = VECTOR('',#5137,1.);
#5137 = DIRECTION('',(0.,0.,1.));
#5138 = ORIENTED_EDGE('',*,*,#5139,.F.);
#5139 = EDGE_CURVE('',#4847,#5132,#5140,.T.);
#5140 = LINE('',#5141,#5142);
#5141 = CARTESIAN_POINT('',(42.5,0.,10.3));
#5142 = VECTOR('',#5143,1.);
#5143 = DIRECTION('',(-0.,1.,0.));
#5144 = ORIENTED_EDGE('',*,*,#4855,.F.);
#5145 = PLANE('',#5146);
#5146 = AXIS2_PLACEMENT_3D('',#5147,#5148,#5149);
#5147 = CARTESIAN_POINT('',(42.5,0.,0.));
#5148 = DIRECTION('',(1.,0.,-0.));
#5149 = DIRECTION('',(0.,0.,1.));
#5150 = ADVANCED_FACE('',(#5151),#5170,.T.);
#5151 = FACE_BOUND('',#5152,.F.);
#5152 = EDGE_LOOP('',(#5153,#5154,#5162,#5169));
#5153 = ORIENTED_EDGE('',*,*,#4846,.F.);
#5154 = ORIENTED_EDGE('',*,*,#5155,.T.);
#5155 = EDGE_CURVE('',#4839,#5156,#5158,.T.);
#5156 = VERTEX_POINT('',#5157);
#5157 = CARTESIAN_POINT('',(42.2,12.2,10.6));
#5158 = LINE('',#5159,#5160);
#5159 = CARTESIAN_POINT('',(42.2,0.,10.6));
#5160 = VECTOR('',#5161,1.);
#5161 = DIRECTION('',(-0.,1.,0.));
#5162 = ORIENTED_EDGE('',*,*,#5163,.F.);
#5163 = EDGE_CURVE('',#5132,#5156,#5164,.T.);
#5164 = CIRCLE('',#5165,0.3);
#5165 = AXIS2_PLACEMENT_3D('',#5166,#5167,#5168);
#5166 = CARTESIAN_POINT('',(42.2,12.2,10.3));
#5167 = DIRECTION('',(0.,-1.,-0.));
#5168 = DIRECTION('',(1.,0.,0.));
#5169 = ORIENTED_EDGE('',*,*,#5139,.F.);
#5170 = CYLINDRICAL_SURFACE('',#5171,0.3);
#5171 = AXIS2_PLACEMENT_3D('',#5172,#5173,#5174);
#5172 = CARTESIAN_POINT('',(42.2,0.,10.3));
#5173 = DIRECTION('',(-0.,1.,0.));
#5174 = DIRECTION('',(1.,0.,-0.));
#5175 = ADVANCED_FACE('',(#5176),#5210,.T.);
#5176 = FACE_BOUND('',#5177,.T.);
#5177 = EDGE_LOOP('',(#5178,#5179,#5180,#5188,#5196,#5202,#5203,#5204));
#5178 = ORIENTED_EDGE('',*,*,#4889,.F.);
#5179 = ORIENTED_EDGE('',*,*,#4806,.T.);
#5180 = ORIENTED_EDGE('',*,*,#5181,.F.);
#5181 = EDGE_CURVE('',#5182,#4807,#5184,.T.);
#5182 = VERTEX_POINT('',#5183);
#5183 = CARTESIAN_POINT('',(38.05,9.7,10.6));
#5184 = LINE('',#5185,#5186);
#5185 = CARTESIAN_POINT('',(38.05,2.442585746037,10.6));
#5186 = VECTOR('',#5187,1.);
#5187 = DIRECTION('',(0.,-1.,0.));
#5188 = ORIENTED_EDGE('',*,*,#5189,.F.);
#5189 = EDGE_CURVE('',#5190,#5182,#5192,.T.);
#5190 = VERTEX_POINT('',#5191);
#5191 = CARTESIAN_POINT('',(41.95,9.7,10.6));
#5192 = LINE('',#5193,#5194);
#5193 = CARTESIAN_POINT('',(37.775,9.7,10.6));
#5194 = VECTOR('',#5195,1.);
#5195 = DIRECTION('',(-1.,-0.,0.));
#5196 = ORIENTED_EDGE('',*,*,#5197,.T.);
#5197 = EDGE_CURVE('',#5190,#4831,#5198,.T.);
#5198 = LINE('',#5199,#5200);
#5199 = CARTESIAN_POINT('',(41.95,2.442585746037,10.6));
#5200 = VECTOR('',#5201,1.);
#5201 = DIRECTION('',(0.,-1.,0.));
#5202 = ORIENTED_EDGE('',*,*,#4838,.T.);
#5203 = ORIENTED_EDGE('',*,*,#5155,.T.);
#5204 = ORIENTED_EDGE('',*,*,#5205,.F.);
#5205 = EDGE_CURVE('',#4890,#5156,#5206,.T.);
#5206 = LINE('',#5207,#5208);
#5207 = CARTESIAN_POINT('',(37.5,12.2,10.6));
#5208 = VECTOR('',#5209,1.);
#5209 = DIRECTION('',(1.,0.,-0.));
#5210 = PLANE('',#5211);
#5211 = AXIS2_PLACEMENT_3D('',#5212,#5213,#5214);
#5212 = CARTESIAN_POINT('',(37.5,0.,10.6));
#5213 = DIRECTION('',(0.,0.,1.));
#5214 = DIRECTION('',(1.,0.,-0.));
#5215 = ADVANCED_FACE('',(#5216),#5242,.T.);
#5216 = FACE_BOUND('',#5217,.T.);
#5217 = EDGE_LOOP('',(#5218,#5219,#5227,#5235,#5241));
#5218 = ORIENTED_EDGE('',*,*,#5197,.F.);
#5219 = ORIENTED_EDGE('',*,*,#5220,.T.);
#5220 = EDGE_CURVE('',#5190,#5221,#5223,.T.);
#5221 = VERTEX_POINT('',#5222);
#5222 = CARTESIAN_POINT('',(41.95,9.7,8.45));
#5223 = LINE('',#5224,#5225);
#5224 = CARTESIAN_POINT('',(41.95,9.7,10.8));
#5225 = VECTOR('',#5226,1.);
#5226 = DIRECTION('',(0.,0.,-1.));
#5227 = ORIENTED_EDGE('',*,*,#5228,.T.);
#5228 = EDGE_CURVE('',#5221,#5229,#5231,.T.);
#5229 = VERTEX_POINT('',#5230);
#5230 = CARTESIAN_POINT('',(41.95,1.4,8.45));
#5231 = LINE('',#5232,#5233);
#5232 = CARTESIAN_POINT('',(41.95,9.7,8.45));
#5233 = VECTOR('',#5234,1.);
#5234 = DIRECTION('',(0.,-1.,0.));
#5235 = ORIENTED_EDGE('',*,*,#5236,.T.);
#5236 = EDGE_CURVE('',#5229,#4823,#5237,.T.);
#5237 = LINE('',#5238,#5239);
#5238 = CARTESIAN_POINT('',(41.95,1.4,8.45));
#5239 = VECTOR('',#5240,1.);
#5240 = DIRECTION('',(0.,-0.677475754752,0.735545105159));
#5241 = ORIENTED_EDGE('',*,*,#4830,.F.);
#5242 = PLANE('',#5243);
#5243 = AXIS2_PLACEMENT_3D('',#5244,#5245,#5246);
#5244 = CARTESIAN_POINT('',(41.95,4.885171492075,9.712433169613));
#5245 = DIRECTION('',(-1.,-0.,-0.));
#5246 = DIRECTION('',(0.,0.,-1.));
#5247 = ADVANCED_FACE('',(#5248),#5266,.F.);
#5248 = FACE_BOUND('',#5249,.F.);
#5249 = EDGE_LOOP('',(#5250,#5258,#5264,#5265));
#5250 = ORIENTED_EDGE('',*,*,#5251,.F.);
#5251 = EDGE_CURVE('',#5252,#4815,#5254,.T.);
#5252 = VERTEX_POINT('',#5253);
#5253 = CARTESIAN_POINT('',(38.05,1.4,8.45));
#5254 = LINE('',#5255,#5256);
#5255 = CARTESIAN_POINT('',(38.05,1.4,8.45));
#5256 = VECTOR('',#5257,1.);
#5257 = DIRECTION('',(0.,-0.677475754752,0.735545105159));
#5258 = ORIENTED_EDGE('',*,*,#5259,.T.);
#5259 = EDGE_CURVE('',#5252,#5229,#5260,.T.);
#5260 = LINE('',#5261,#5262);
#5261 = CARTESIAN_POINT('',(38.05,1.4,8.45));
#5262 = VECTOR('',#5263,1.);
#5263 = DIRECTION('',(1.,0.,0.));
#5264 = ORIENTED_EDGE('',*,*,#5236,.T.);
#5265 = ORIENTED_EDGE('',*,*,#4822,.F.);
#5266 = PLANE('',#5267);
#5267 = AXIS2_PLACEMENT_3D('',#5268,#5269,#5270);
#5268 = CARTESIAN_POINT('',(38.05,1.4,8.45));
#5269 = DIRECTION('',(0.,-0.735545105159,-0.677475754752));
#5270 = DIRECTION('',(0.,-0.677475754752,0.735545105159));
#5271 = ADVANCED_FACE('',(#5272),#5291,.F.);
#5272 = FACE_BOUND('',#5273,.F.);
#5273 = EDGE_LOOP('',(#5274,#5275,#5283,#5289,#5290));
#5274 = ORIENTED_EDGE('',*,*,#5181,.F.);
#5275 = ORIENTED_EDGE('',*,*,#5276,.T.);
#5276 = EDGE_CURVE('',#5182,#5277,#5279,.T.);
#5277 = VERTEX_POINT('',#5278);
#5278 = CARTESIAN_POINT('',(38.05,9.7,8.45));
#5279 = LINE('',#5280,#5281);
#5280 = CARTESIAN_POINT('',(38.05,9.7,10.8));
#5281 = VECTOR('',#5282,1.);
#5282 = DIRECTION('',(0.,0.,-1.));
#5283 = ORIENTED_EDGE('',*,*,#5284,.T.);
#5284 = EDGE_CURVE('',#5277,#5252,#5285,.T.);
#5285 = LINE('',#5286,#5287);
#5286 = CARTESIAN_POINT('',(38.05,9.7,8.45));
#5287 = VECTOR('',#5288,1.);
#5288 = DIRECTION('',(0.,-1.,0.));
#5289 = ORIENTED_EDGE('',*,*,#5251,.T.);
#5290 = ORIENTED_EDGE('',*,*,#4814,.F.);
#5291 = PLANE('',#5292);
#5292 = AXIS2_PLACEMENT_3D('',#5293,#5294,#5295);
#5293 = CARTESIAN_POINT('',(38.05,4.885171492075,9.712433169613));
#5294 = DIRECTION('',(-1.,-0.,-0.));
#5295 = DIRECTION('',(0.,0.,-1.));
#5296 = ADVANCED_FACE('',(#5297),#5308,.T.);
#5297 = FACE_BOUND('',#5298,.F.);
#5298 = EDGE_LOOP('',(#5299,#5300,#5307));
#5299 = ORIENTED_EDGE('',*,*,#4931,.F.);
#5300 = ORIENTED_EDGE('',*,*,#5301,.T.);
#5301 = EDGE_CURVE('',#4924,#4890,#5302,.T.);
#5302 = CIRCLE('',#5303,0.3);
#5303 = AXIS2_PLACEMENT_3D('',#5304,#5305,#5306);
#5304 = CARTESIAN_POINT('',(37.8,12.2,10.3));
#5305 = DIRECTION('',(1.,0.,6.123233995737E-17));
#5306 = DIRECTION('',(-6.123233995737E-17,-0.,1.));
#5307 = ORIENTED_EDGE('',*,*,#4897,.F.);
#5308 = SPHERICAL_SURFACE('',#5309,0.3);
#5309 = AXIS2_PLACEMENT_3D('',#5310,#5311,#5312);
#5310 = CARTESIAN_POINT('',(37.8,12.2,10.3));
#5311 = DIRECTION('',(0.,-1.,-0.));
#5312 = DIRECTION('',(-1.,-0.,0.));
#5313 = ADVANCED_FACE('',(#5314),#5325,.T.);
#5314 = FACE_BOUND('',#5315,.F.);
#5315 = EDGE_LOOP('',(#5316,#5317,#5324));
#5316 = ORIENTED_EDGE('',*,*,#4963,.F.);
#5317 = ORIENTED_EDGE('',*,*,#5318,.T.);
#5318 = EDGE_CURVE('',#4956,#4915,#5319,.T.);
#5319 = CIRCLE('',#5320,0.3);
#5320 = AXIS2_PLACEMENT_3D('',#5321,#5322,#5323);
#5321 = CARTESIAN_POINT('',(37.8,12.2,0.3));
#5322 = DIRECTION('',(1.,6.123233995737E-17,-0.));
#5323 = DIRECTION('',(-6.123233995737E-17,1.,0.));
#5324 = ORIENTED_EDGE('',*,*,#4914,.F.);
#5325 = SPHERICAL_SURFACE('',#5326,0.3);
#5326 = AXIS2_PLACEMENT_3D('',#5327,#5328,#5329);
#5327 = CARTESIAN_POINT('',(37.8,12.2,0.3));
#5328 = DIRECTION('',(0.,0.,1.));
#5329 = DIRECTION('',(-1.,0.,0.));
#5330 = ADVANCED_FACE('',(#5331),#5356,.T.);
#5331 = FACE_BOUND('',#5332,.T.);
#5332 = EDGE_LOOP('',(#5333,#5334,#5342,#5350));
#5333 = ORIENTED_EDGE('',*,*,#4923,.T.);
#5334 = ORIENTED_EDGE('',*,*,#5335,.T.);
#5335 = EDGE_CURVE('',#4924,#5336,#5338,.T.);
#5336 = VERTEX_POINT('',#5337);
#5337 = CARTESIAN_POINT('',(42.2,12.5,10.3));
#5338 = LINE('',#5339,#5340);
#5339 = CARTESIAN_POINT('',(37.5,12.5,10.3));
#5340 = VECTOR('',#5341,1.);
#5341 = DIRECTION('',(1.,0.,-0.));
#5342 = ORIENTED_EDGE('',*,*,#5343,.F.);
#5343 = EDGE_CURVE('',#5344,#5336,#5346,.T.);
#5344 = VERTEX_POINT('',#5345);
#5345 = CARTESIAN_POINT('',(42.2,12.5,0.3));
#5346 = LINE('',#5347,#5348);
#5347 = CARTESIAN_POINT('',(42.2,12.5,0.));
#5348 = VECTOR('',#5349,1.);
#5349 = DIRECTION('',(0.,0.,1.));
#5350 = ORIENTED_EDGE('',*,*,#5351,.F.);
#5351 = EDGE_CURVE('',#4915,#5344,#5352,.T.);
#5352 = LINE('',#5353,#5354);
#5353 = CARTESIAN_POINT('',(37.5,12.5,0.3));
#5354 = VECTOR('',#5355,1.);
#5355 = DIRECTION('',(1.,0.,-0.));
#5356 = PLANE('',#5357);
#5357 = AXIS2_PLACEMENT_3D('',#5358,#5359,#5360);
#5358 = CARTESIAN_POINT('',(37.5,12.5,0.));
#5359 = DIRECTION('',(-0.,1.,0.));
#5360 = DIRECTION('',(0.,0.,1.));
#5361 = ADVANCED_FACE('',(#5362),#5387,.F.);
#5362 = FACE_BOUND('',#5363,.F.);
#5363 = EDGE_LOOP('',(#5364,#5365,#5373,#5381));
#5364 = ORIENTED_EDGE('',*,*,#4955,.F.);
#5365 = ORIENTED_EDGE('',*,*,#5366,.T.);
#5366 = EDGE_CURVE('',#4947,#5367,#5369,.T.);
#5367 = VERTEX_POINT('',#5368);
#5368 = CARTESIAN_POINT('',(42.2,0.3,0.));
#5369 = LINE('',#5370,#5371);
#5370 = CARTESIAN_POINT('',(37.5,0.3,-5.551115123126E-17));
#5371 = VECTOR('',#5372,1.);
#5372 = DIRECTION('',(1.,0.,-0.));
#5373 = ORIENTED_EDGE('',*,*,#5374,.T.);
#5374 = EDGE_CURVE('',#5367,#5375,#5377,.T.);
#5375 = VERTEX_POINT('',#5376);
#5376 = CARTESIAN_POINT('',(42.2,12.2,0.));
#5377 = LINE('',#5378,#5379);
#5378 = CARTESIAN_POINT('',(42.2,0.,-5.551115123126E-17));
#5379 = VECTOR('',#5380,1.);
#5380 = DIRECTION('',(-0.,1.,0.));
#5381 = ORIENTED_EDGE('',*,*,#5382,.F.);
#5382 = EDGE_CURVE('',#4956,#5375,#5383,.T.);
#5383 = LINE('',#5384,#5385);
#5384 = CARTESIAN_POINT('',(37.5,12.2,-5.551115123126E-17));
#5385 = VECTOR('',#5386,1.);
#5386 = DIRECTION('',(1.,0.,-0.));
#5387 = PLANE('',#5388);
#5388 = AXIS2_PLACEMENT_3D('',#5389,#5390,#5391);
#5389 = CARTESIAN_POINT('',(37.5,0.,0.));
#5390 = DIRECTION('',(0.,0.,1.));
#5391 = DIRECTION('',(1.,0.,-0.));
#5392 = ADVANCED_FACE('',(#5393),#5405,.T.);
#5393 = FACE_BOUND('',#5394,.T.);
#5394 = EDGE_LOOP('',(#5395,#5396,#5397,#5404));
#5395 = ORIENTED_EDGE('',*,*,#5081,.F.);
#5396 = ORIENTED_EDGE('',*,*,#5366,.T.);
#5397 = ORIENTED_EDGE('',*,*,#5398,.T.);
#5398 = EDGE_CURVE('',#5367,#4980,#5399,.T.);
#5399 = CIRCLE('',#5400,0.3);
#5400 = AXIS2_PLACEMENT_3D('',#5401,#5402,#5403);
#5401 = CARTESIAN_POINT('',(42.2,0.3,0.3));
#5402 = DIRECTION('',(-1.,-6.123233995737E-17,0.));
#5403 = DIRECTION('',(6.123233995737E-17,-1.,-0.));
#5404 = ORIENTED_EDGE('',*,*,#4979,.F.);
#5405 = CYLINDRICAL_SURFACE('',#5406,0.3);
#5406 = AXIS2_PLACEMENT_3D('',#5407,#5408,#5409);
#5407 = CARTESIAN_POINT('',(37.5,0.3,0.3));
#5408 = DIRECTION('',(1.,0.,-0.));
#5409 = DIRECTION('',(0.,-1.,0.));
#5410 = ADVANCED_FACE('',(#5411),#5436,.F.);
#5411 = FACE_BOUND('',#5412,.F.);
#5412 = EDGE_LOOP('',(#5413,#5414,#5422,#5430));
#5413 = ORIENTED_EDGE('',*,*,#4997,.T.);
#5414 = ORIENTED_EDGE('',*,*,#5415,.T.);
#5415 = EDGE_CURVE('',#5000,#5416,#5418,.T.);
#5416 = VERTEX_POINT('',#5417);
#5417 = CARTESIAN_POINT('',(41.73,0.4,2.25));
#5418 = LINE('',#5419,#5420);
#5419 = CARTESIAN_POINT('',(41.73,-5.E-02,2.25));
#5420 = VECTOR('',#5421,1.);
#5421 = DIRECTION('',(-0.,1.,0.));
#5422 = ORIENTED_EDGE('',*,*,#5423,.T.);
#5423 = EDGE_CURVE('',#5416,#5424,#5426,.T.);
#5424 = VERTEX_POINT('',#5425);
#5425 = CARTESIAN_POINT('',(41.73,0.4,5.65));
#5426 = LINE('',#5427,#5428);
#5427 = CARTESIAN_POINT('',(41.73,0.4,2.25));
#5428 = VECTOR('',#5429,1.);
#5429 = DIRECTION('',(0.,0.,1.));
#5430 = ORIENTED_EDGE('',*,*,#5431,.F.);
#5431 = EDGE_CURVE('',#4998,#5424,#5432,.T.);
#5432 = LINE('',#5433,#5434);
#5433 = CARTESIAN_POINT('',(41.73,-5.E-02,5.65));
#5434 = VECTOR('',#5435,1.);
#5435 = DIRECTION('',(-0.,1.,0.));
#5436 = PLANE('',#5437);
#5437 = AXIS2_PLACEMENT_3D('',#5438,#5439,#5440);
#5438 = CARTESIAN_POINT('',(41.73,-5.E-02,2.25));
#5439 = DIRECTION('',(1.,0.,-0.));
#5440 = DIRECTION('',(0.,0.,1.));
#5441 = ADVANCED_FACE('',(#5442),#5461,.F.);
#5442 = FACE_BOUND('',#5443,.F.);
#5443 = EDGE_LOOP('',(#5444,#5453,#5454,#5455));
#5444 = ORIENTED_EDGE('',*,*,#5445,.F.);
#5445 = EDGE_CURVE('',#5416,#5446,#5448,.T.);
#5446 = VERTEX_POINT('',#5447);
#5447 = CARTESIAN_POINT('',(38.27,0.4,2.25));
#5448 = CIRCLE('',#5449,1.73);
#5449 = AXIS2_PLACEMENT_3D('',#5450,#5451,#5452);
#5450 = CARTESIAN_POINT('',(40.,0.4,2.25));
#5451 = DIRECTION('',(0.,1.,0.));
#5452 = DIRECTION('',(0.,-0.,1.));
#5453 = ORIENTED_EDGE('',*,*,#5415,.F.);
#5454 = ORIENTED_EDGE('',*,*,#5065,.T.);
#5455 = ORIENTED_EDGE('',*,*,#5456,.T.);
#5456 = EDGE_CURVE('',#5058,#5446,#5457,.T.);
#5457 = LINE('',#5458,#5459);
#5458 = CARTESIAN_POINT('',(38.27,-5.E-02,2.25));
#5459 = VECTOR('',#5460,1.);
#5460 = DIRECTION('',(-0.,1.,0.));
#5461 = CYLINDRICAL_SURFACE('',#5462,1.73);
#5462 = AXIS2_PLACEMENT_3D('',#5463,#5464,#5465);
#5463 = CARTESIAN_POINT('',(40.,-5.E-02,2.25));
#5464 = DIRECTION('',(0.,1.,0.));
#5465 = DIRECTION('',(0.,-0.,1.));
#5466 = ADVANCED_FACE('',(#5467),#5492,.F.);
#5467 = FACE_BOUND('',#5468,.F.);
#5468 = EDGE_LOOP('',(#5469,#5470,#5478,#5486));
#5469 = ORIENTED_EDGE('',*,*,#5015,.T.);
#5470 = ORIENTED_EDGE('',*,*,#5471,.T.);
#5471 = EDGE_CURVE('',#5008,#5472,#5474,.T.);
#5472 = VERTEX_POINT('',#5473);
#5473 = CARTESIAN_POINT('',(41.13,0.4,5.65));
#5474 = LINE('',#5475,#5476);
#5475 = CARTESIAN_POINT('',(41.13,-5.E-02,5.65));
#5476 = VECTOR('',#5477,1.);
#5477 = DIRECTION('',(-0.,1.,0.));
#5478 = ORIENTED_EDGE('',*,*,#5479,.T.);
#5479 = EDGE_CURVE('',#5472,#5480,#5482,.T.);
#5480 = VERTEX_POINT('',#5481);
#5481 = CARTESIAN_POINT('',(41.13,0.4,7.4));
#5482 = LINE('',#5483,#5484);
#5483 = CARTESIAN_POINT('',(41.13,0.4,5.65));
#5484 = VECTOR('',#5485,1.);
#5485 = DIRECTION('',(0.,0.,1.));
#5486 = ORIENTED_EDGE('',*,*,#5487,.F.);
#5487 = EDGE_CURVE('',#5016,#5480,#5488,.T.);
#5488 = LINE('',#5489,#5490);
#5489 = CARTESIAN_POINT('',(41.13,-5.E-02,7.4));
#5490 = VECTOR('',#5491,1.);
#5491 = DIRECTION('',(-0.,1.,0.));
#5492 = PLANE('',#5493);
#5493 = AXIS2_PLACEMENT_3D('',#5494,#5495,#5496);
#5494 = CARTESIAN_POINT('',(41.13,-5.E-02,5.65));
#5495 = DIRECTION('',(1.,0.,-0.));
#5496 = DIRECTION('',(0.,0.,1.));
#5497 = ADVANCED_FACE('',(#5498),#5516,.T.);
#5498 = FACE_BOUND('',#5499,.T.);
#5499 = EDGE_LOOP('',(#5500,#5501,#5502,#5510));
#5500 = ORIENTED_EDGE('',*,*,#5057,.T.);
#5501 = ORIENTED_EDGE('',*,*,#5456,.T.);
#5502 = ORIENTED_EDGE('',*,*,#5503,.T.);
#5503 = EDGE_CURVE('',#5446,#5504,#5506,.T.);
#5504 = VERTEX_POINT('',#5505);
#5505 = CARTESIAN_POINT('',(38.27,0.4,5.65));
#5506 = LINE('',#5507,#5508);
#5507 = CARTESIAN_POINT('',(38.27,0.4,2.25));
#5508 = VECTOR('',#5509,1.);
#5509 = DIRECTION('',(0.,0.,1.));
#5510 = ORIENTED_EDGE('',*,*,#5511,.F.);
#5511 = EDGE_CURVE('',#5050,#5504,#5512,.T.);
#5512 = LINE('',#5513,#5514);
#5513 = CARTESIAN_POINT('',(38.27,-5.E-02,5.65));
#5514 = VECTOR('',#5515,1.);
#5515 = DIRECTION('',(-0.,1.,0.));
#5516 = PLANE('',#5517);
#5517 = AXIS2_PLACEMENT_3D('',#5518,#5519,#5520);
#5518 = CARTESIAN_POINT('',(38.27,-5.E-02,2.25));
#5519 = DIRECTION('',(1.,0.,-0.));
#5520 = DIRECTION('',(0.,0.,1.));
#5521 = ADVANCED_FACE('',(#5522),#5547,.T.);
#5522 = FACE_BOUND('',#5523,.T.);
#5523 = EDGE_LOOP('',(#5524,#5525,#5533,#5541));
#5524 = ORIENTED_EDGE('',*,*,#5041,.T.);
#5525 = ORIENTED_EDGE('',*,*,#5526,.T.);
#5526 = EDGE_CURVE('',#5042,#5527,#5529,.T.);
#5527 = VERTEX_POINT('',#5528);
#5528 = CARTESIAN_POINT('',(38.87,0.4,5.65));
#5529 = LINE('',#5530,#5531);
#5530 = CARTESIAN_POINT('',(38.87,-5.E-02,5.65));
#5531 = VECTOR('',#5532,1.);
#5532 = DIRECTION('',(-0.,1.,0.));
#5533 = ORIENTED_EDGE('',*,*,#5534,.T.);
#5534 = EDGE_CURVE('',#5527,#5535,#5537,.T.);
#5535 = VERTEX_POINT('',#5536);
#5536 = CARTESIAN_POINT('',(38.87,0.4,7.4));
#5537 = LINE('',#5538,#5539);
#5538 = CARTESIAN_POINT('',(38.87,0.4,5.65));
#5539 = VECTOR('',#5540,1.);
#5540 = DIRECTION('',(0.,0.,1.));
#5541 = ORIENTED_EDGE('',*,*,#5542,.F.);
#5542 = EDGE_CURVE('',#5033,#5535,#5543,.T.);
#5543 = LINE('',#5544,#5545);
#5544 = CARTESIAN_POINT('',(38.87,-5.E-02,7.4));
#5545 = VECTOR('',#5546,1.);
#5546 = DIRECTION('',(-0.,1.,0.));
#5547 = PLANE('',#5548);
#5548 = AXIS2_PLACEMENT_3D('',#5549,#5550,#5551);
#5549 = CARTESIAN_POINT('',(38.87,-5.E-02,5.65));
#5550 = DIRECTION('',(1.,0.,-0.));
#5551 = DIRECTION('',(0.,0.,1.));
#5552 = ADVANCED_FACE('',(#5553),#5564,.T.);
#5553 = FACE_BOUND('',#5554,.F.);
#5554 = EDGE_LOOP('',(#5555,#5562,#5563));
#5555 = ORIENTED_EDGE('',*,*,#5556,.F.);
#5556 = EDGE_CURVE('',#5367,#5098,#5557,.T.);
#5557 = CIRCLE('',#5558,0.3);
#5558 = AXIS2_PLACEMENT_3D('',#5559,#5560,#5561);
#5559 = CARTESIAN_POINT('',(42.2,0.3,0.3));
#5560 = DIRECTION('',(0.,-1.,0.));
#5561 = DIRECTION('',(1.,0.,0.));
#5562 = ORIENTED_EDGE('',*,*,#5398,.T.);
#5563 = ORIENTED_EDGE('',*,*,#5105,.F.);
#5564 = SPHERICAL_SURFACE('',#5565,0.3);
#5565 = AXIS2_PLACEMENT_3D('',#5566,#5567,#5568);
#5566 = CARTESIAN_POINT('',(42.2,0.3,0.3));
#5567 = DIRECTION('',(0.,0.,1.));
#5568 = DIRECTION('',(1.,0.,-0.));
#5569 = ADVANCED_FACE('',(#5570),#5588,.T.);
#5570 = FACE_BOUND('',#5571,.T.);
#5571 = EDGE_LOOP('',(#5572,#5573,#5580,#5581));
#5572 = ORIENTED_EDGE('',*,*,#5131,.F.);
#5573 = ORIENTED_EDGE('',*,*,#5574,.T.);
#5574 = EDGE_CURVE('',#5124,#5344,#5575,.T.);
#5575 = CIRCLE('',#5576,0.3);
#5576 = AXIS2_PLACEMENT_3D('',#5577,#5578,#5579);
#5577 = CARTESIAN_POINT('',(42.2,12.2,0.3));
#5578 = DIRECTION('',(0.,0.,1.));
#5579 = DIRECTION('',(1.,0.,-0.));
#5580 = ORIENTED_EDGE('',*,*,#5343,.T.);
#5581 = ORIENTED_EDGE('',*,*,#5582,.T.);
#5582 = EDGE_CURVE('',#5336,#5132,#5583,.T.);
#5583 = CIRCLE('',#5584,0.3);
#5584 = AXIS2_PLACEMENT_3D('',#5585,#5586,#5587);
#5585 = CARTESIAN_POINT('',(42.2,12.2,10.3));
#5586 = DIRECTION('',(0.,0.,-1.));
#5587 = DIRECTION('',(1.,0.,0.));
#5588 = CYLINDRICAL_SURFACE('',#5589,0.3);
#5589 = AXIS2_PLACEMENT_3D('',#5590,#5591,#5592);
#5590 = CARTESIAN_POINT('',(42.2,12.2,0.));
#5591 = DIRECTION('',(0.,0.,1.));
#5592 = DIRECTION('',(1.,0.,-0.));
#5593 = ADVANCED_FACE('',(#5594),#5606,.T.);
#5594 = FACE_BOUND('',#5595,.T.);
#5595 = EDGE_LOOP('',(#5596,#5597,#5598,#5605));
#5596 = ORIENTED_EDGE('',*,*,#5556,.F.);
#5597 = ORIENTED_EDGE('',*,*,#5374,.T.);
#5598 = ORIENTED_EDGE('',*,*,#5599,.T.);
#5599 = EDGE_CURVE('',#5375,#5124,#5600,.T.);
#5600 = CIRCLE('',#5601,0.3);
#5601 = AXIS2_PLACEMENT_3D('',#5602,#5603,#5604);
#5602 = CARTESIAN_POINT('',(42.2,12.2,0.3));
#5603 = DIRECTION('',(0.,-1.,0.));
#5604 = DIRECTION('',(1.,0.,0.));
#5605 = ORIENTED_EDGE('',*,*,#5123,.F.);
#5606 = CYLINDRICAL_SURFACE('',#5607,0.3);
#5607 = AXIS2_PLACEMENT_3D('',#5608,#5609,#5610);
#5608 = CARTESIAN_POINT('',(42.2,0.,0.3));
#5609 = DIRECTION('',(-0.,1.,0.));
#5610 = DIRECTION('',(1.,0.,-0.));
#5611 = ADVANCED_FACE('',(#5612),#5623,.T.);
#5612 = FACE_BOUND('',#5613,.T.);
#5613 = EDGE_LOOP('',(#5614,#5615,#5622));
#5614 = ORIENTED_EDGE('',*,*,#5582,.F.);
#5615 = ORIENTED_EDGE('',*,*,#5616,.T.);
#5616 = EDGE_CURVE('',#5336,#5156,#5617,.T.);
#5617 = CIRCLE('',#5618,0.3);
#5618 = AXIS2_PLACEMENT_3D('',#5619,#5620,#5621);
#5619 = CARTESIAN_POINT('',(42.2,12.2,10.3));
#5620 = DIRECTION('',(1.,0.,-6.123233995737E-17));
#5621 = DIRECTION('',(6.123233995737E-17,0.,1.));
#5622 = ORIENTED_EDGE('',*,*,#5163,.F.);
#5623 = SPHERICAL_SURFACE('',#5624,0.3);
#5624 = AXIS2_PLACEMENT_3D('',#5625,#5626,#5627);
#5625 = CARTESIAN_POINT('',(42.2,12.2,10.3));
#5626 = DIRECTION('',(0.,-1.,-0.));
#5627 = DIRECTION('',(1.,0.,0.));
#5628 = ADVANCED_FACE('',(#5629),#5635,.T.);
#5629 = FACE_BOUND('',#5630,.T.);
#5630 = EDGE_LOOP('',(#5631,#5632,#5633,#5634));
#5631 = ORIENTED_EDGE('',*,*,#5301,.T.);
#5632 = ORIENTED_EDGE('',*,*,#5205,.T.);
#5633 = ORIENTED_EDGE('',*,*,#5616,.F.);
#5634 = ORIENTED_EDGE('',*,*,#5335,.F.);
#5635 = CYLINDRICAL_SURFACE('',#5636,0.3);
#5636 = AXIS2_PLACEMENT_3D('',#5637,#5638,#5639);
#5637 = CARTESIAN_POINT('',(37.5,12.2,10.3));
#5638 = DIRECTION('',(1.,0.,-0.));
#5639 = DIRECTION('',(0.,1.,0.));
#5640 = ADVANCED_FACE('',(#5641),#5652,.F.);
#5641 = FACE_BOUND('',#5642,.F.);
#5642 = EDGE_LOOP('',(#5643,#5644,#5645,#5646));
#5643 = ORIENTED_EDGE('',*,*,#5276,.F.);
#5644 = ORIENTED_EDGE('',*,*,#5189,.F.);
#5645 = ORIENTED_EDGE('',*,*,#5220,.T.);
#5646 = ORIENTED_EDGE('',*,*,#5647,.F.);
#5647 = EDGE_CURVE('',#5277,#5221,#5648,.T.);
#5648 = LINE('',#5649,#5650);
#5649 = CARTESIAN_POINT('',(38.05,9.7,8.45));
#5650 = VECTOR('',#5651,1.);
#5651 = DIRECTION('',(1.,0.,0.));
#5652 = PLANE('',#5653);
#5653 = AXIS2_PLACEMENT_3D('',#5654,#5655,#5656);
#5654 = CARTESIAN_POINT('',(38.05,9.7,10.8));
#5655 = DIRECTION('',(-0.,1.,0.));
#5656 = DIRECTION('',(0.,0.,-1.));
#5657 = ADVANCED_FACE('',(#5658),#5664,.F.);
#5658 = FACE_BOUND('',#5659,.F.);
#5659 = EDGE_LOOP('',(#5660,#5661,#5662,#5663));
#5660 = ORIENTED_EDGE('',*,*,#5647,.T.);
#5661 = ORIENTED_EDGE('',*,*,#5228,.T.);
#5662 = ORIENTED_EDGE('',*,*,#5259,.F.);
#5663 = ORIENTED_EDGE('',*,*,#5284,.F.);
#5664 = PLANE('',#5665);
#5665 = AXIS2_PLACEMENT_3D('',#5666,#5667,#5668);
#5666 = CARTESIAN_POINT('',(38.05,9.7,8.45));
#5667 = DIRECTION('',(0.,0.,-1.));
#5668 = DIRECTION('',(0.,-1.,0.));
#5669 = ADVANCED_FACE('',(#5670),#5682,.T.);
#5670 = FACE_BOUND('',#5671,.F.);
#5671 = EDGE_LOOP('',(#5672,#5673,#5674,#5681));
#5672 = ORIENTED_EDGE('',*,*,#5318,.F.);
#5673 = ORIENTED_EDGE('',*,*,#5382,.T.);
#5674 = ORIENTED_EDGE('',*,*,#5675,.T.);
#5675 = EDGE_CURVE('',#5375,#5344,#5676,.T.);
#5676 = CIRCLE('',#5677,0.3);
#5677 = AXIS2_PLACEMENT_3D('',#5678,#5679,#5680);
#5678 = CARTESIAN_POINT('',(42.2,12.2,0.3));
#5679 = DIRECTION('',(1.,-6.123233995737E-17,0.));
#5680 = DIRECTION('',(6.123233995737E-17,1.,0.));
#5681 = ORIENTED_EDGE('',*,*,#5351,.F.);
#5682 = CYLINDRICAL_SURFACE('',#5683,0.3);
#5683 = AXIS2_PLACEMENT_3D('',#5684,#5685,#5686);
#5684 = CARTESIAN_POINT('',(37.5,12.2,0.3));
#5685 = DIRECTION('',(1.,0.,-0.));
#5686 = DIRECTION('',(0.,1.,0.));
#5687 = ADVANCED_FACE('',(#5688),#5693,.T.);
#5688 = FACE_BOUND('',#5689,.T.);
#5689 = EDGE_LOOP('',(#5690,#5691,#5692));
#5690 = ORIENTED_EDGE('',*,*,#5599,.F.);
#5691 = ORIENTED_EDGE('',*,*,#5675,.T.);
#5692 = ORIENTED_EDGE('',*,*,#5574,.F.);
#5693 = SPHERICAL_SURFACE('',#5694,0.3);
#5694 = AXIS2_PLACEMENT_3D('',#5695,#5696,#5697);
#5695 = CARTESIAN_POINT('',(42.2,12.2,0.3));
#5696 = DIRECTION('',(0.,0.,1.));
#5697 = DIRECTION('',(1.,0.,-0.));
#5698 = ADVANCED_FACE('',(#5699),#5742,.T.);
#5699 = FACE_BOUND('',#5700,.T.);
#5700 = EDGE_LOOP('',(#5701,#5709,#5710,#5711,#5712,#5720,#5728,#5736));
#5701 = ORIENTED_EDGE('',*,*,#5702,.T.);
#5702 = EDGE_CURVE('',#5703,#5424,#5705,.T.);
#5703 = VERTEX_POINT('',#5704);
#5704 = CARTESIAN_POINT('',(41.55,0.4,5.65));
#5705 = LINE('',#5706,#5707);
#5706 = CARTESIAN_POINT('',(38.27,0.4,5.65));
#5707 = VECTOR('',#5708,1.);
#5708 = DIRECTION('',(1.,0.,-0.));
#5709 = ORIENTED_EDGE('',*,*,#5431,.F.);
#5710 = ORIENTED_EDGE('',*,*,#5007,.F.);
#5711 = ORIENTED_EDGE('',*,*,#5471,.T.);
#5712 = ORIENTED_EDGE('',*,*,#5713,.F.);
#5713 = EDGE_CURVE('',#5714,#5472,#5716,.T.);
#5714 = VERTEX_POINT('',#5715);
#5715 = CARTESIAN_POINT('',(40.95,0.4,5.65));
#5716 = LINE('',#5717,#5718);
#5717 = CARTESIAN_POINT('',(38.27,0.4,5.65));
#5718 = VECTOR('',#5719,1.);
#5719 = DIRECTION('',(1.,0.,-0.));
#5720 = ORIENTED_EDGE('',*,*,#5721,.T.);
#5721 = EDGE_CURVE('',#5714,#5722,#5724,.T.);
#5722 = VERTEX_POINT('',#5723);
#5723 = CARTESIAN_POINT('',(40.95,4.35,5.65));
#5724 = LINE('',#5725,#5726);
#5725 = CARTESIAN_POINT('',(40.95,0.4,5.65));
#5726 = VECTOR('',#5727,1.);
#5727 = DIRECTION('',(-0.,1.,0.));
#5728 = ORIENTED_EDGE('',*,*,#5729,.T.);
#5729 = EDGE_CURVE('',#5722,#5730,#5732,.T.);
#5730 = VERTEX_POINT('',#5731);
#5731 = CARTESIAN_POINT('',(41.55,4.35,5.65));
#5732 = LINE('',#5733,#5734);
#5733 = CARTESIAN_POINT('',(38.45,4.35,5.65));
#5734 = VECTOR('',#5735,1.);
#5735 = DIRECTION('',(1.,0.,-0.));
#5736 = ORIENTED_EDGE('',*,*,#5737,.F.);
#5737 = EDGE_CURVE('',#5703,#5730,#5738,.T.);
#5738 = LINE('',#5739,#5740);
#5739 = CARTESIAN_POINT('',(41.55,0.4,5.65));
#5740 = VECTOR('',#5741,1.);
#5741 = DIRECTION('',(-0.,1.,0.));
#5742 = PLANE('',#5743);
#5743 = AXIS2_PLACEMENT_3D('',#5744,#5745,#5746);
#5744 = CARTESIAN_POINT('',(41.277719298246,2.112719298246,5.65));
#5745 = DIRECTION('',(-0.,-0.,-1.));
#5746 = DIRECTION('',(-1.,0.,0.));
#5747 = ADVANCED_FACE('',(#5748),#5773,.F.);
#5748 = FACE_BOUND('',#5749,.F.);
#5749 = EDGE_LOOP('',(#5750,#5758,#5759,#5767));
#5750 = ORIENTED_EDGE('',*,*,#5751,.F.);
#5751 = EDGE_CURVE('',#5714,#5752,#5754,.T.);
#5752 = VERTEX_POINT('',#5753);
#5753 = CARTESIAN_POINT('',(40.95,0.4,7.4));
#5754 = LINE('',#5755,#5756);
#5755 = CARTESIAN_POINT('',(40.95,0.4,5.65));
#5756 = VECTOR('',#5757,1.);
#5757 = DIRECTION('',(0.,0.,1.));
#5758 = ORIENTED_EDGE('',*,*,#5721,.T.);
#5759 = ORIENTED_EDGE('',*,*,#5760,.T.);
#5760 = EDGE_CURVE('',#5722,#5761,#5763,.T.);
#5761 = VERTEX_POINT('',#5762);
#5762 = CARTESIAN_POINT('',(40.95,4.35,7.4));
#5763 = LINE('',#5764,#5765);
#5764 = CARTESIAN_POINT('',(40.95,4.35,5.65));
#5765 = VECTOR('',#5766,1.);
#5766 = DIRECTION('',(0.,0.,1.));
#5767 = ORIENTED_EDGE('',*,*,#5768,.F.);
#5768 = EDGE_CURVE('',#5752,#5761,#5769,.T.);
#5769 = LINE('',#5770,#5771);
#5770 = CARTESIAN_POINT('',(40.95,0.4,7.4));
#5771 = VECTOR('',#5772,1.);
#5772 = DIRECTION('',(-0.,1.,0.));
#5773 = PLANE('',#5774);
#5774 = AXIS2_PLACEMENT_3D('',#5775,#5776,#5777);
#5775 = CARTESIAN_POINT('',(40.95,0.4,5.65));
#5776 = DIRECTION('',(1.,0.,-0.));
#5777 = DIRECTION('',(0.,0.,1.));
#5778 = ADVANCED_FACE('',(#5779),#5804,.F.);
#5779 = FACE_BOUND('',#5780,.F.);
#5780 = EDGE_LOOP('',(#5781,#5789,#5797,#5803));
#5781 = ORIENTED_EDGE('',*,*,#5782,.F.);
#5782 = EDGE_CURVE('',#5783,#5703,#5785,.T.);
#5783 = VERTEX_POINT('',#5784);
#5784 = CARTESIAN_POINT('',(41.55,0.4,2.25));
#5785 = LINE('',#5786,#5787);
#5786 = CARTESIAN_POINT('',(41.55,0.4,2.25));
#5787 = VECTOR('',#5788,1.);
#5788 = DIRECTION('',(0.,0.,1.));
#5789 = ORIENTED_EDGE('',*,*,#5790,.T.);
#5790 = EDGE_CURVE('',#5783,#5791,#5793,.T.);
#5791 = VERTEX_POINT('',#5792);
#5792 = CARTESIAN_POINT('',(41.55,4.35,2.25));
#5793 = LINE('',#5794,#5795);
#5794 = CARTESIAN_POINT('',(41.55,0.4,2.25));
#5795 = VECTOR('',#5796,1.);
#5796 = DIRECTION('',(-0.,1.,0.));
#5797 = ORIENTED_EDGE('',*,*,#5798,.T.);
#5798 = EDGE_CURVE('',#5791,#5730,#5799,.T.);
#5799 = LINE('',#5800,#5801);
#5800 = CARTESIAN_POINT('',(41.55,4.35,2.25));
#5801 = VECTOR('',#5802,1.);
#5802 = DIRECTION('',(0.,0.,1.));
#5803 = ORIENTED_EDGE('',*,*,#5737,.F.);
#5804 = PLANE('',#5805);
#5805 = AXIS2_PLACEMENT_3D('',#5806,#5807,#5808);
#5806 = CARTESIAN_POINT('',(41.55,0.4,2.25));
#5807 = DIRECTION('',(1.,0.,-0.));
#5808 = DIRECTION('',(0.,0.,1.));
#5809 = ADVANCED_FACE('',(#5810),#5837,.F.);
#5810 = FACE_BOUND('',#5811,.F.);
#5811 = EDGE_LOOP('',(#5812,#5821,#5822,#5831));
#5812 = ORIENTED_EDGE('',*,*,#5813,.F.);
#5813 = EDGE_CURVE('',#5791,#5814,#5816,.T.);
#5814 = VERTEX_POINT('',#5815);
#5815 = CARTESIAN_POINT('',(38.45,4.35,2.25));
#5816 = CIRCLE('',#5817,1.55);
#5817 = AXIS2_PLACEMENT_3D('',#5818,#5819,#5820);
#5818 = CARTESIAN_POINT('',(40.,4.35,2.25));
#5819 = DIRECTION('',(0.,1.,0.));
#5820 = DIRECTION('',(0.,-0.,1.));
#5821 = ORIENTED_EDGE('',*,*,#5790,.F.);
#5822 = ORIENTED_EDGE('',*,*,#5823,.T.);
#5823 = EDGE_CURVE('',#5783,#5824,#5826,.T.);
#5824 = VERTEX_POINT('',#5825);
#5825 = CARTESIAN_POINT('',(38.45,0.4,2.25));
#5826 = CIRCLE('',#5827,1.55);
#5827 = AXIS2_PLACEMENT_3D('',#5828,#5829,#5830);
#5828 = CARTESIAN_POINT('',(40.,0.4,2.25));
#5829 = DIRECTION('',(0.,1.,0.));
#5830 = DIRECTION('',(0.,-0.,1.));
#5831 = ORIENTED_EDGE('',*,*,#5832,.T.);
#5832 = EDGE_CURVE('',#5824,#5814,#5833,.T.);
#5833 = LINE('',#5834,#5835);
#5834 = CARTESIAN_POINT('',(38.45,0.4,2.25));
#5835 = VECTOR('',#5836,1.);
#5836 = DIRECTION('',(-0.,1.,0.));
#5837 = CYLINDRICAL_SURFACE('',#5838,1.55);
#5838 = AXIS2_PLACEMENT_3D('',#5839,#5840,#5841);
#5839 = CARTESIAN_POINT('',(40.,0.4,2.25));
#5840 = DIRECTION('',(0.,1.,0.));
#5841 = DIRECTION('',(0.,-0.,1.));
#5842 = ADVANCED_FACE('',(#5843),#5868,.T.);
#5843 = FACE_BOUND('',#5844,.T.);
#5844 = EDGE_LOOP('',(#5845,#5853,#5854,#5862));
#5845 = ORIENTED_EDGE('',*,*,#5846,.F.);
#5846 = EDGE_CURVE('',#5824,#5847,#5849,.T.);
#5847 = VERTEX_POINT('',#5848);
#5848 = CARTESIAN_POINT('',(38.45,0.4,5.65));
#5849 = LINE('',#5850,#5851);
#5850 = CARTESIAN_POINT('',(38.45,0.4,2.25));
#5851 = VECTOR('',#5852,1.);
#5852 = DIRECTION('',(0.,0.,1.));
#5853 = ORIENTED_EDGE('',*,*,#5832,.T.);
#5854 = ORIENTED_EDGE('',*,*,#5855,.T.);
#5855 = EDGE_CURVE('',#5814,#5856,#5858,.T.);
#5856 = VERTEX_POINT('',#5857);
#5857 = CARTESIAN_POINT('',(38.45,4.35,5.65));
#5858 = LINE('',#5859,#5860);
#5859 = CARTESIAN_POINT('',(38.45,4.35,2.25));
#5860 = VECTOR('',#5861,1.);
#5861 = DIRECTION('',(0.,0.,1.));
#5862 = ORIENTED_EDGE('',*,*,#5863,.F.);
#5863 = EDGE_CURVE('',#5847,#5856,#5864,.T.);
#5864 = LINE('',#5865,#5866);
#5865 = CARTESIAN_POINT('',(38.45,0.4,5.65));
#5866 = VECTOR('',#5867,1.);
#5867 = DIRECTION('',(-0.,1.,0.));
#5868 = PLANE('',#5869);
#5869 = AXIS2_PLACEMENT_3D('',#5870,#5871,#5872);
#5870 = CARTESIAN_POINT('',(38.45,0.4,2.25));
#5871 = DIRECTION('',(1.,0.,-0.));
#5872 = DIRECTION('',(0.,0.,1.));
#5873 = ADVANCED_FACE('',(#5874),#5908,.T.);
#5874 = FACE_BOUND('',#5875,.T.);
#5875 = EDGE_LOOP('',(#5876,#5882,#5883,#5891,#5899,#5905,#5906,#5907));
#5876 = ORIENTED_EDGE('',*,*,#5877,.T.);
#5877 = EDGE_CURVE('',#5504,#5847,#5878,.T.);
#5878 = LINE('',#5879,#5880);
#5879 = CARTESIAN_POINT('',(38.27,0.4,5.65));
#5880 = VECTOR('',#5881,1.);
#5881 = DIRECTION('',(1.,0.,-0.));
#5882 = ORIENTED_EDGE('',*,*,#5863,.T.);
#5883 = ORIENTED_EDGE('',*,*,#5884,.T.);
#5884 = EDGE_CURVE('',#5856,#5885,#5887,.T.);
#5885 = VERTEX_POINT('',#5886);
#5886 = CARTESIAN_POINT('',(39.05,4.35,5.65));
#5887 = LINE('',#5888,#5889);
#5888 = CARTESIAN_POINT('',(38.45,4.35,5.65));
#5889 = VECTOR('',#5890,1.);
#5890 = DIRECTION('',(1.,0.,-0.));
#5891 = ORIENTED_EDGE('',*,*,#5892,.F.);
#5892 = EDGE_CURVE('',#5893,#5885,#5895,.T.);
#5893 = VERTEX_POINT('',#5894);
#5894 = CARTESIAN_POINT('',(39.05,0.4,5.65));
#5895 = LINE('',#5896,#5897);
#5896 = CARTESIAN_POINT('',(39.05,0.4,5.65));
#5897 = VECTOR('',#5898,1.);
#5898 = DIRECTION('',(-0.,1.,0.));
#5899 = ORIENTED_EDGE('',*,*,#5900,.F.);
#5900 = EDGE_CURVE('',#5527,#5893,#5901,.T.);
#5901 = LINE('',#5902,#5903);
#5902 = CARTESIAN_POINT('',(38.27,0.4,5.65));
#5903 = VECTOR('',#5904,1.);
#5904 = DIRECTION('',(1.,0.,-0.));
#5905 = ORIENTED_EDGE('',*,*,#5526,.F.);
#5906 = ORIENTED_EDGE('',*,*,#5049,.F.);
#5907 = ORIENTED_EDGE('',*,*,#5511,.T.);
#5908 = PLANE('',#5909);
#5909 = AXIS2_PLACEMENT_3D('',#5910,#5911,#5912);
#5910 = CARTESIAN_POINT('',(38.722280701754,2.112719298246,5.65));
#5911 = DIRECTION('',(-0.,-0.,-1.));
#5912 = DIRECTION('',(-1.,0.,0.));
#5913 = ADVANCED_FACE('',(#5914),#5939,.T.);
#5914 = FACE_BOUND('',#5915,.T.);
#5915 = EDGE_LOOP('',(#5916,#5924,#5925,#5933));
#5916 = ORIENTED_EDGE('',*,*,#5917,.F.);
#5917 = EDGE_CURVE('',#5893,#5918,#5920,.T.);
#5918 = VERTEX_POINT('',#5919);
#5919 = CARTESIAN_POINT('',(39.05,0.4,7.4));
#5920 = LINE('',#5921,#5922);
#5921 = CARTESIAN_POINT('',(39.05,0.4,5.65));
#5922 = VECTOR('',#5923,1.);
#5923 = DIRECTION('',(0.,0.,1.));
#5924 = ORIENTED_EDGE('',*,*,#5892,.T.);
#5925 = ORIENTED_EDGE('',*,*,#5926,.T.);
#5926 = EDGE_CURVE('',#5885,#5927,#5929,.T.);
#5927 = VERTEX_POINT('',#5928);
#5928 = CARTESIAN_POINT('',(39.05,4.35,7.4));
#5929 = LINE('',#5930,#5931);
#5930 = CARTESIAN_POINT('',(39.05,4.35,5.65));
#5931 = VECTOR('',#5932,1.);
#5932 = DIRECTION('',(0.,0.,1.));
#5933 = ORIENTED_EDGE('',*,*,#5934,.F.);
#5934 = EDGE_CURVE('',#5918,#5927,#5935,.T.);
#5935 = LINE('',#5936,#5937);
#5936 = CARTESIAN_POINT('',(39.05,0.4,7.4));
#5937 = VECTOR('',#5938,1.);
#5938 = DIRECTION('',(-0.,1.,0.));
#5939 = PLANE('',#5940);
#5940 = AXIS2_PLACEMENT_3D('',#5941,#5942,#5943);
#5941 = CARTESIAN_POINT('',(39.05,0.4,5.65));
#5942 = DIRECTION('',(1.,0.,-0.));
#5943 = DIRECTION('',(0.,0.,1.));
#5944 = ADVANCED_FACE('',(#5945),#5955,.T.);
#5945 = FACE_BOUND('',#5946,.T.);
#5946 = EDGE_LOOP('',(#5947,#5948,#5949,#5950,#5951,#5952,#5953,#5954));
#5947 = ORIENTED_EDGE('',*,*,#5423,.T.);
#5948 = ORIENTED_EDGE('',*,*,#5702,.F.);
#5949 = ORIENTED_EDGE('',*,*,#5782,.F.);
#5950 = ORIENTED_EDGE('',*,*,#5823,.T.);
#5951 = ORIENTED_EDGE('',*,*,#5846,.T.);
#5952 = ORIENTED_EDGE('',*,*,#5877,.F.);
#5953 = ORIENTED_EDGE('',*,*,#5503,.F.);
#5954 = ORIENTED_EDGE('',*,*,#5445,.F.);
#5955 = PLANE('',#5956);
#5956 = AXIS2_PLACEMENT_3D('',#5957,#5958,#5959);
#5957 = CARTESIAN_POINT('',(40.,0.4,2.880205591296));
#5958 = DIRECTION('',(-0.,-1.,-0.));
#5959 = DIRECTION('',(0.,0.,-1.));
#5960 = ADVANCED_FACE('',(#5961),#6001,.T.);
#5961 = FACE_BOUND('',#5962,.T.);
#5962 = EDGE_LOOP('',(#5963,#5964,#5965,#5974,#5981,#5982,#5983,#5984,
    #5993,#6000));
#5963 = ORIENTED_EDGE('',*,*,#5713,.T.);
#5964 = ORIENTED_EDGE('',*,*,#5479,.T.);
#5965 = ORIENTED_EDGE('',*,*,#5966,.F.);
#5966 = EDGE_CURVE('',#5967,#5480,#5969,.T.);
#5967 = VERTEX_POINT('',#5968);
#5968 = CARTESIAN_POINT('',(40.,0.4,8.53));
#5969 = CIRCLE('',#5970,1.13);
#5970 = AXIS2_PLACEMENT_3D('',#5971,#5972,#5973);
#5971 = CARTESIAN_POINT('',(40.,0.4,7.4));
#5972 = DIRECTION('',(0.,1.,0.));
#5973 = DIRECTION('',(0.,-0.,1.));
#5974 = ORIENTED_EDGE('',*,*,#5975,.F.);
#5975 = EDGE_CURVE('',#5535,#5967,#5976,.T.);
#5976 = CIRCLE('',#5977,1.13);
#5977 = AXIS2_PLACEMENT_3D('',#5978,#5979,#5980);
#5978 = CARTESIAN_POINT('',(40.,0.4,7.4));
#5979 = DIRECTION('',(0.,1.,0.));
#5980 = DIRECTION('',(0.,-0.,1.));
#5981 = ORIENTED_EDGE('',*,*,#5534,.F.);
#5982 = ORIENTED_EDGE('',*,*,#5900,.T.);
#5983 = ORIENTED_EDGE('',*,*,#5917,.T.);
#5984 = ORIENTED_EDGE('',*,*,#5985,.T.);
#5985 = EDGE_CURVE('',#5918,#5986,#5988,.T.);
#5986 = VERTEX_POINT('',#5987);
#5987 = CARTESIAN_POINT('',(40.,0.4,8.35));
#5988 = CIRCLE('',#5989,0.95);
#5989 = AXIS2_PLACEMENT_3D('',#5990,#5991,#5992);
#5990 = CARTESIAN_POINT('',(40.,0.4,7.4));
#5991 = DIRECTION('',(0.,1.,0.));
#5992 = DIRECTION('',(0.,-0.,1.));
#5993 = ORIENTED_EDGE('',*,*,#5994,.T.);
#5994 = EDGE_CURVE('',#5986,#5752,#5995,.T.);
#5995 = CIRCLE('',#5996,0.95);
#5996 = AXIS2_PLACEMENT_3D('',#5997,#5998,#5999);
#5997 = CARTESIAN_POINT('',(40.,0.4,7.4));
#5998 = DIRECTION('',(0.,1.,0.));
#5999 = DIRECTION('',(0.,-0.,1.));
#6000 = ORIENTED_EDGE('',*,*,#5751,.F.);
#6001 = PLANE('',#6002);
#6002 = AXIS2_PLACEMENT_3D('',#6003,#6004,#6005);
#6003 = CARTESIAN_POINT('',(40.,0.4,7.215868321793));
#6004 = DIRECTION('',(-0.,-1.,-0.));
#6005 = DIRECTION('',(0.,0.,-1.));
#6006 = ADVANCED_FACE('',(#6007),#6032,.T.);
#6007 = FACE_BOUND('',#6008,.T.);
#6008 = EDGE_LOOP('',(#6009,#6010,#6011,#6012,#6021,#6028,#6029,#6030,
    #6031));
#6009 = ORIENTED_EDGE('',*,*,#5798,.T.);
#6010 = ORIENTED_EDGE('',*,*,#5729,.F.);
#6011 = ORIENTED_EDGE('',*,*,#5760,.T.);
#6012 = ORIENTED_EDGE('',*,*,#6013,.F.);
#6013 = EDGE_CURVE('',#6014,#5761,#6016,.T.);
#6014 = VERTEX_POINT('',#6015);
#6015 = CARTESIAN_POINT('',(40.,4.35,8.35));
#6016 = CIRCLE('',#6017,0.95);
#6017 = AXIS2_PLACEMENT_3D('',#6018,#6019,#6020);
#6018 = CARTESIAN_POINT('',(40.,4.35,7.4));
#6019 = DIRECTION('',(0.,1.,0.));
#6020 = DIRECTION('',(0.,-0.,1.));
#6021 = ORIENTED_EDGE('',*,*,#6022,.F.);
#6022 = EDGE_CURVE('',#5927,#6014,#6023,.T.);
#6023 = CIRCLE('',#6024,0.95);
#6024 = AXIS2_PLACEMENT_3D('',#6025,#6026,#6027);
#6025 = CARTESIAN_POINT('',(40.,4.35,7.4));
#6026 = DIRECTION('',(0.,1.,0.));
#6027 = DIRECTION('',(0.,-0.,1.));
#6028 = ORIENTED_EDGE('',*,*,#5926,.F.);
#6029 = ORIENTED_EDGE('',*,*,#5884,.F.);
#6030 = ORIENTED_EDGE('',*,*,#5855,.F.);
#6031 = ORIENTED_EDGE('',*,*,#5813,.F.);
#6032 = PLANE('',#6033);
#6033 = AXIS2_PLACEMENT_3D('',#6034,#6035,#6036);
#6034 = CARTESIAN_POINT('',(40.,4.35,4.521140854833));
#6035 = DIRECTION('',(-0.,-1.,-0.));
#6036 = DIRECTION('',(0.,0.,-1.));
#6037 = ADVANCED_FACE('',(#6038),#6046,.F.);
#6038 = FACE_BOUND('',#6039,.F.);
#6039 = EDGE_LOOP('',(#6040,#6041,#6042,#6043,#6044,#6045));
#6040 = ORIENTED_EDGE('',*,*,#5542,.F.);
#6041 = ORIENTED_EDGE('',*,*,#5032,.T.);
#6042 = ORIENTED_EDGE('',*,*,#5023,.T.);
#6043 = ORIENTED_EDGE('',*,*,#5487,.T.);
#6044 = ORIENTED_EDGE('',*,*,#5966,.F.);
#6045 = ORIENTED_EDGE('',*,*,#5975,.F.);
#6046 = CYLINDRICAL_SURFACE('',#6047,1.13);
#6047 = AXIS2_PLACEMENT_3D('',#6048,#6049,#6050);
#6048 = CARTESIAN_POINT('',(40.,-5.E-02,7.4));
#6049 = DIRECTION('',(0.,1.,0.));
#6050 = DIRECTION('',(0.,-0.,1.));
#6051 = ADVANCED_FACE('',(#6052),#6060,.F.);
#6052 = FACE_BOUND('',#6053,.F.);
#6053 = EDGE_LOOP('',(#6054,#6055,#6056,#6057,#6058,#6059));
#6054 = ORIENTED_EDGE('',*,*,#5768,.T.);
#6055 = ORIENTED_EDGE('',*,*,#6013,.F.);
#6056 = ORIENTED_EDGE('',*,*,#6022,.F.);
#6057 = ORIENTED_EDGE('',*,*,#5934,.F.);
#6058 = ORIENTED_EDGE('',*,*,#5985,.T.);
#6059 = ORIENTED_EDGE('',*,*,#5994,.T.);
#6060 = CYLINDRICAL_SURFACE('',#6061,0.95);
#6061 = AXIS2_PLACEMENT_3D('',#6062,#6063,#6064);
#6062 = CARTESIAN_POINT('',(40.,0.4,7.4));
#6063 = DIRECTION('',(0.,1.,0.));
#6064 = DIRECTION('',(0.,-0.,1.));
#6065 = ( GEOMETRIC_REPRESENTATION_CONTEXT(3)
GLOBAL_UNCERTAINTY_ASSIGNED_CONTEXT((#6069))
GLOBAL_UNIT_ASSIGNED_CONTEXT((#6066,#6067,#6068)) REPRESENTATION_CONTEXT
('Context #1','3D Context with UNIT and UNCERTAINTY') );
#6066 = ( LENGTH_UNIT() NAMED_UNIT(*) SI_UNIT(.MILLI.,.METRE.) );
#6067 = ( NAMED_UNIT(*) PLANE_ANGLE_UNIT() SI_UNIT($,.RADIAN.) );
#6068 = ( NAMED_UNIT(*) SI_UNIT($,.STERADIAN.) SOLID_ANGLE_UNIT() );
#6069 = UNCERTAINTY_MEASURE_WITH_UNIT(LENGTH_MEASURE(1.E-07),#6066,
  'distance_accuracy_value','confusion accuracy');
#6070 = CONTEXT_DEPENDENT_SHAPE_REPRESENTATION(#6071,#6073);
#6071 = ( REPRESENTATION_RELATIONSHIP('','',#4709,#10)
REPRESENTATION_RELATIONSHIP_WITH_TRANSFORMATION(#6072)
SHAPE_REPRESENTATION_RELATIONSHIP() );
#6072 = ITEM_DEFINED_TRANSFORMATION('','',#11,#51);
#6073 = PRODUCT_DEFINITION_SHAPE('Placement','Placement of an item',
  #6074);
#6074 = NEXT_ASSEMBLY_USAGE_OCCURRENCE('10','Housing P3','',#5,#4704,$);
#6075 = PRODUCT_RELATED_PRODUCT_CATEGORY('part',$,(#4706));
#6076 = SHAPE_DEFINITION_REPRESENTATION(#6077,#6083);
#6077 = PRODUCT_DEFINITION_SHAPE('','',#6078);
#6078 = PRODUCT_DEFINITION('design','',#6079,#6082);
#6079 = PRODUCT_DEFINITION_FORMATION('','',#6080);
#6080 = PRODUCT('Spacer between P2 and P3','Spacer between P2 and P3',''
  ,(#6081));
#6081 = PRODUCT_CONTEXT('',#2,'mechanical');
#6082 = PRODUCT_DEFINITION_CONTEXT('part definition',#2,'design');
#6083 = ADVANCED_BREP_SHAPE_REPRESENTATION('',(#11,#6084),#6688);
#6084 = MANIFOLD_SOLID_BREP('',#6085);
#6085 = CLOSED_SHELL('',(#6086,#6134,#6167,#6226,#6251,#6284,#6317,#6341
    ,#6358,#6383,#6415,#6440,#6457,#6474,#6491,#6522,#6553,#6571,#6588,
    #6612,#6630,#6647,#6659,#6677));
#6086 = ADVANCED_FACE('',(#6087),#6129,.F.);
#6087 = FACE_BOUND('',#6088,.F.);
#6088 = EDGE_LOOP('',(#6089,#6099,#6107,#6115,#6123));
#6089 = ORIENTED_EDGE('',*,*,#6090,.F.);
#6090 = EDGE_CURVE('',#6091,#6093,#6095,.T.);
#6091 = VERTEX_POINT('',#6092);
#6092 = CARTESIAN_POINT('',(42.5,0.3,0.3));
#6093 = VERTEX_POINT('',#6094);
#6094 = CARTESIAN_POINT('',(42.5,0.3,9.086363636364));
#6095 = LINE('',#6096,#6097);
#6096 = CARTESIAN_POINT('',(42.5,0.3,0.));
#6097 = VECTOR('',#6098,1.);
#6098 = DIRECTION('',(0.,0.,1.));
#6099 = ORIENTED_EDGE('',*,*,#6100,.T.);
#6100 = EDGE_CURVE('',#6091,#6101,#6103,.T.);
#6101 = VERTEX_POINT('',#6102);
#6102 = CARTESIAN_POINT('',(42.5,12.2,0.3));
#6103 = LINE('',#6104,#6105);
#6104 = CARTESIAN_POINT('',(42.5,0.,0.3));
#6105 = VECTOR('',#6106,1.);
#6106 = DIRECTION('',(-0.,1.,0.));
#6107 = ORIENTED_EDGE('',*,*,#6108,.T.);
#6108 = EDGE_CURVE('',#6101,#6109,#6111,.T.);
#6109 = VERTEX_POINT('',#6110);
#6110 = CARTESIAN_POINT('',(42.5,12.2,10.3));
#6111 = LINE('',#6112,#6113);
#6112 = CARTESIAN_POINT('',(42.5,12.2,0.));
#6113 = VECTOR('',#6114,1.);
#6114 = DIRECTION('',(0.,0.,1.));
#6115 = ORIENTED_EDGE('',*,*,#6116,.F.);
#6116 = EDGE_CURVE('',#6117,#6109,#6119,.T.);
#6117 = VERTEX_POINT('',#6118);
#6118 = CARTESIAN_POINT('',(42.5,1.743243243243,10.3));
#6119 = LINE('',#6120,#6121);
#6120 = CARTESIAN_POINT('',(42.5,0.,10.3));
#6121 = VECTOR('',#6122,1.);
#6122 = DIRECTION('',(-0.,1.,0.));
#6123 = ORIENTED_EDGE('',*,*,#6124,.F.);
#6124 = EDGE_CURVE('',#6093,#6117,#6125,.T.);
#6125 = LINE('',#6126,#6127);
#6126 = CARTESIAN_POINT('',(42.5,-1.125779122542,7.88741301059));
#6127 = VECTOR('',#6128,1.);
#6128 = DIRECTION('',(0.,0.765362085905,0.643599935875));
#6129 = PLANE('',#6130);
#6130 = AXIS2_PLACEMENT_3D('',#6131,#6132,#6133);
#6131 = CARTESIAN_POINT('',(42.5,0.,0.));
#6132 = DIRECTION('',(1.,0.,-0.));
#6133 = DIRECTION('',(0.,0.,1.));
#6134 = ADVANCED_FACE('',(#6135),#6162,.T.);
#6135 = FACE_BOUND('',#6136,.T.);
#6136 = EDGE_LOOP('',(#6137,#6138,#6147,#6155));
#6137 = ORIENTED_EDGE('',*,*,#6090,.F.);
#6138 = ORIENTED_EDGE('',*,*,#6139,.T.);
#6139 = EDGE_CURVE('',#6091,#6140,#6142,.T.);
#6140 = VERTEX_POINT('',#6141);
#6141 = CARTESIAN_POINT('',(42.8,-5.551115123126E-17,0.3));
#6142 = CIRCLE('',#6143,0.3);
#6143 = AXIS2_PLACEMENT_3D('',#6144,#6145,#6146);
#6144 = CARTESIAN_POINT('',(42.8,0.3,0.3));
#6145 = DIRECTION('',(0.,0.,1.));
#6146 = DIRECTION('',(-1.,0.,0.));
#6147 = ORIENTED_EDGE('',*,*,#6148,.T.);
#6148 = EDGE_CURVE('',#6140,#6149,#6151,.T.);
#6149 = VERTEX_POINT('',#6150);
#6150 = CARTESIAN_POINT('',(42.8,-5.551115123126E-17,8.834090909091));
#6151 = LINE('',#6152,#6153);
#6152 = CARTESIAN_POINT('',(42.8,-5.551115123126E-17,0.));
#6153 = VECTOR('',#6154,1.);
#6154 = DIRECTION('',(0.,0.,1.));
#6155 = ORIENTED_EDGE('',*,*,#6156,.T.);
#6156 = EDGE_CURVE('',#6149,#6093,#6157,.T.);
#6157 = ELLIPSE('',#6158,0.391971336867,0.3);
#6158 = AXIS2_PLACEMENT_3D('',#6159,#6160,#6161);
#6159 = CARTESIAN_POINT('',(42.8,0.3,9.086363636364));
#6160 = DIRECTION('',(0.,0.643599935875,-0.765362085905));
#6161 = DIRECTION('',(0.,0.765362085905,0.643599935875));
#6162 = CYLINDRICAL_SURFACE('',#6163,0.3);
#6163 = AXIS2_PLACEMENT_3D('',#6164,#6165,#6166);
#6164 = CARTESIAN_POINT('',(42.8,0.3,0.));
#6165 = DIRECTION('',(0.,0.,1.));
#6166 = DIRECTION('',(-1.,-0.,0.));
#6167 = ADVANCED_FACE('',(#6168),#6221,.F.);
#6168 = FACE_BOUND('',#6169,.F.);
#6169 = EDGE_LOOP('',(#6170,#6179,#6187,#6196,#6204,#6213,#6219,#6220));
#6170 = ORIENTED_EDGE('',*,*,#6171,.T.);
#6171 = EDGE_CURVE('',#6117,#6172,#6174,.T.);
#6172 = VERTEX_POINT('',#6173);
#6173 = CARTESIAN_POINT('',(42.8,2.1,10.6));
#6174 = ELLIPSE('',#6175,0.466128076275,0.3);
#6175 = AXIS2_PLACEMENT_3D('',#6176,#6177,#6178);
#6176 = CARTESIAN_POINT('',(42.8,1.743243243243,10.3));
#6177 = DIRECTION('',(0.,0.643599935875,-0.765362085905));
#6178 = DIRECTION('',(0.,0.765362085905,0.643599935875));
#6179 = ORIENTED_EDGE('',*,*,#6180,.T.);
#6180 = EDGE_CURVE('',#6172,#6181,#6183,.T.);
#6181 = VERTEX_POINT('',#6182);
#6182 = CARTESIAN_POINT('',(44.7,2.1,10.6));
#6183 = LINE('',#6184,#6185);
#6184 = CARTESIAN_POINT('',(42.4,2.1,10.6));
#6185 = VECTOR('',#6186,1.);
#6186 = DIRECTION('',(1.,0.,0.));
#6187 = ORIENTED_EDGE('',*,*,#6188,.T.);
#6188 = EDGE_CURVE('',#6181,#6189,#6191,.T.);
#6189 = VERTEX_POINT('',#6190);
#6190 = CARTESIAN_POINT('',(45.,1.743243243243,10.3));
#6191 = ELLIPSE('',#6192,0.466128076275,0.3);
#6192 = AXIS2_PLACEMENT_3D('',#6193,#6194,#6195);
#6193 = CARTESIAN_POINT('',(44.7,1.743243243243,10.3));
#6194 = DIRECTION('',(0.,0.643599935875,-0.765362085905));
#6195 = DIRECTION('',(0.,0.765362085905,0.643599935875));
#6196 = ORIENTED_EDGE('',*,*,#6197,.F.);
#6197 = EDGE_CURVE('',#6198,#6189,#6200,.T.);
#6198 = VERTEX_POINT('',#6199);
#6199 = CARTESIAN_POINT('',(45.,0.3,9.086363636364));
#6200 = LINE('',#6201,#6202);
#6201 = CARTESIAN_POINT('',(45.,-1.125779122542,7.88741301059));
#6202 = VECTOR('',#6203,1.);
#6203 = DIRECTION('',(0.,0.765362085905,0.643599935875));
#6204 = ORIENTED_EDGE('',*,*,#6205,.T.);
#6205 = EDGE_CURVE('',#6198,#6206,#6208,.T.);
#6206 = VERTEX_POINT('',#6207);
#6207 = CARTESIAN_POINT('',(44.7,-5.551115123126E-17,8.834090909091));
#6208 = ELLIPSE('',#6209,0.391971336867,0.3);
#6209 = AXIS2_PLACEMENT_3D('',#6210,#6211,#6212);
#6210 = CARTESIAN_POINT('',(44.7,0.3,9.086363636364));
#6211 = DIRECTION('',(0.,0.643599935875,-0.765362085905));
#6212 = DIRECTION('',(0.,0.765362085905,0.643599935875));
#6213 = ORIENTED_EDGE('',*,*,#6214,.T.);
#6214 = EDGE_CURVE('',#6206,#6149,#6215,.T.);
#6215 = LINE('',#6216,#6217);
#6216 = CARTESIAN_POINT('',(42.45,2.22044604925E-16,8.834090909091));
#6217 = VECTOR('',#6218,1.);
#6218 = DIRECTION('',(-1.,0.,-0.));
#6219 = ORIENTED_EDGE('',*,*,#6156,.T.);
#6220 = ORIENTED_EDGE('',*,*,#6124,.T.);
#6221 = PLANE('',#6222);
#6222 = AXIS2_PLACEMENT_3D('',#6223,#6224,#6225);
#6223 = CARTESIAN_POINT('',(42.4,2.1,10.6));
#6224 = DIRECTION('',(0.,0.643599935875,-0.765362085905));
#6225 = DIRECTION('',(0.,-0.765362085905,-0.643599935875));
#6226 = ADVANCED_FACE('',(#6227),#6246,.T.);
#6227 = FACE_BOUND('',#6228,.T.);
#6228 = EDGE_LOOP('',(#6229,#6230,#6238,#6245));
#6229 = ORIENTED_EDGE('',*,*,#6171,.T.);
#6230 = ORIENTED_EDGE('',*,*,#6231,.T.);
#6231 = EDGE_CURVE('',#6172,#6232,#6234,.T.);
#6232 = VERTEX_POINT('',#6233);
#6233 = CARTESIAN_POINT('',(42.8,12.2,10.6));
#6234 = LINE('',#6235,#6236);
#6235 = CARTESIAN_POINT('',(42.8,0.,10.6));
#6236 = VECTOR('',#6237,1.);
#6237 = DIRECTION('',(-0.,1.,0.));
#6238 = ORIENTED_EDGE('',*,*,#6239,.F.);
#6239 = EDGE_CURVE('',#6109,#6232,#6240,.T.);
#6240 = CIRCLE('',#6241,0.3);
#6241 = AXIS2_PLACEMENT_3D('',#6242,#6243,#6244);
#6242 = CARTESIAN_POINT('',(42.8,12.2,10.3));
#6243 = DIRECTION('',(-0.,1.,0.));
#6244 = DIRECTION('',(-1.,-0.,0.));
#6245 = ORIENTED_EDGE('',*,*,#6116,.F.);
#6246 = CYLINDRICAL_SURFACE('',#6247,0.3);
#6247 = AXIS2_PLACEMENT_3D('',#6248,#6249,#6250);
#6248 = CARTESIAN_POINT('',(42.8,0.,10.3));
#6249 = DIRECTION('',(-0.,1.,0.));
#6250 = DIRECTION('',(-1.,-0.,0.));
#6251 = ADVANCED_FACE('',(#6252),#6279,.T.);
#6252 = FACE_BOUND('',#6253,.F.);
#6253 = EDGE_LOOP('',(#6254,#6255,#6264,#6272));
#6254 = ORIENTED_EDGE('',*,*,#6108,.F.);
#6255 = ORIENTED_EDGE('',*,*,#6256,.T.);
#6256 = EDGE_CURVE('',#6101,#6257,#6259,.T.);
#6257 = VERTEX_POINT('',#6258);
#6258 = CARTESIAN_POINT('',(42.8,12.5,0.3));
#6259 = CIRCLE('',#6260,0.3);
#6260 = AXIS2_PLACEMENT_3D('',#6261,#6262,#6263);
#6261 = CARTESIAN_POINT('',(42.8,12.2,0.3));
#6262 = DIRECTION('',(-0.,0.,-1.));
#6263 = DIRECTION('',(-1.,0.,0.));
#6264 = ORIENTED_EDGE('',*,*,#6265,.T.);
#6265 = EDGE_CURVE('',#6257,#6266,#6268,.T.);
#6266 = VERTEX_POINT('',#6267);
#6267 = CARTESIAN_POINT('',(42.8,12.5,10.3));
#6268 = LINE('',#6269,#6270);
#6269 = CARTESIAN_POINT('',(42.8,12.5,0.));
#6270 = VECTOR('',#6271,1.);
#6271 = DIRECTION('',(0.,0.,1.));
#6272 = ORIENTED_EDGE('',*,*,#6273,.T.);
#6273 = EDGE_CURVE('',#6266,#6109,#6274,.T.);
#6274 = CIRCLE('',#6275,0.3);
#6275 = AXIS2_PLACEMENT_3D('',#6276,#6277,#6278);
#6276 = CARTESIAN_POINT('',(42.8,12.2,10.3));
#6277 = DIRECTION('',(0.,0.,1.));
#6278 = DIRECTION('',(-1.,-0.,0.));
#6279 = CYLINDRICAL_SURFACE('',#6280,0.3);
#6280 = AXIS2_PLACEMENT_3D('',#6281,#6282,#6283);
#6281 = CARTESIAN_POINT('',(42.8,12.2,0.));
#6282 = DIRECTION('',(0.,0.,1.));
#6283 = DIRECTION('',(-1.,-0.,0.));
#6284 = ADVANCED_FACE('',(#6285),#6312,.T.);
#6285 = FACE_BOUND('',#6286,.F.);
#6286 = EDGE_LOOP('',(#6287,#6296,#6304,#6311));
#6287 = ORIENTED_EDGE('',*,*,#6288,.F.);
#6288 = EDGE_CURVE('',#6289,#6091,#6291,.T.);
#6289 = VERTEX_POINT('',#6290);
#6290 = CARTESIAN_POINT('',(42.8,0.3,0.));
#6291 = CIRCLE('',#6292,0.3);
#6292 = AXIS2_PLACEMENT_3D('',#6293,#6294,#6295);
#6293 = CARTESIAN_POINT('',(42.8,0.3,0.3));
#6294 = DIRECTION('',(0.,1.,-0.));
#6295 = DIRECTION('',(-1.,0.,0.));
#6296 = ORIENTED_EDGE('',*,*,#6297,.T.);
#6297 = EDGE_CURVE('',#6289,#6298,#6300,.T.);
#6298 = VERTEX_POINT('',#6299);
#6299 = CARTESIAN_POINT('',(42.8,12.2,0.));
#6300 = LINE('',#6301,#6302);
#6301 = CARTESIAN_POINT('',(42.8,0.,-5.551115123126E-17));
#6302 = VECTOR('',#6303,1.);
#6303 = DIRECTION('',(-0.,1.,0.));
#6304 = ORIENTED_EDGE('',*,*,#6305,.T.);
#6305 = EDGE_CURVE('',#6298,#6101,#6306,.T.);
#6306 = CIRCLE('',#6307,0.3);
#6307 = AXIS2_PLACEMENT_3D('',#6308,#6309,#6310);
#6308 = CARTESIAN_POINT('',(42.8,12.2,0.3));
#6309 = DIRECTION('',(0.,1.,-0.));
#6310 = DIRECTION('',(-1.,0.,0.));
#6311 = ORIENTED_EDGE('',*,*,#6100,.F.);
#6312 = CYLINDRICAL_SURFACE('',#6313,0.3);
#6313 = AXIS2_PLACEMENT_3D('',#6314,#6315,#6316);
#6314 = CARTESIAN_POINT('',(42.8,0.,0.3));
#6315 = DIRECTION('',(-0.,1.,0.));
#6316 = DIRECTION('',(-1.,-0.,0.));
#6317 = ADVANCED_FACE('',(#6318),#6336,.F.);
#6318 = FACE_BOUND('',#6319,.F.);
#6319 = EDGE_LOOP('',(#6320,#6328,#6329,#6330));
#6320 = ORIENTED_EDGE('',*,*,#6321,.F.);
#6321 = EDGE_CURVE('',#6140,#6322,#6324,.T.);
#6322 = VERTEX_POINT('',#6323);
#6323 = CARTESIAN_POINT('',(44.7,-5.551115123126E-17,0.3));
#6324 = LINE('',#6325,#6326);
#6325 = CARTESIAN_POINT('',(42.5,-5.551115123126E-17,0.3));
#6326 = VECTOR('',#6327,1.);
#6327 = DIRECTION('',(1.,0.,-0.));
#6328 = ORIENTED_EDGE('',*,*,#6148,.T.);
#6329 = ORIENTED_EDGE('',*,*,#6214,.F.);
#6330 = ORIENTED_EDGE('',*,*,#6331,.F.);
#6331 = EDGE_CURVE('',#6322,#6206,#6332,.T.);
#6332 = LINE('',#6333,#6334);
#6333 = CARTESIAN_POINT('',(44.7,-5.551115123126E-17,0.));
#6334 = VECTOR('',#6335,1.);
#6335 = DIRECTION('',(0.,0.,1.));
#6336 = PLANE('',#6337);
#6337 = AXIS2_PLACEMENT_3D('',#6338,#6339,#6340);
#6338 = CARTESIAN_POINT('',(42.5,0.,0.));
#6339 = DIRECTION('',(-0.,1.,0.));
#6340 = DIRECTION('',(0.,0.,1.));
#6341 = ADVANCED_FACE('',(#6342),#6353,.T.);
#6342 = FACE_BOUND('',#6343,.T.);
#6343 = EDGE_LOOP('',(#6344,#6345,#6352));
#6344 = ORIENTED_EDGE('',*,*,#6288,.F.);
#6345 = ORIENTED_EDGE('',*,*,#6346,.T.);
#6346 = EDGE_CURVE('',#6289,#6140,#6347,.T.);
#6347 = CIRCLE('',#6348,0.3);
#6348 = AXIS2_PLACEMENT_3D('',#6349,#6350,#6351);
#6349 = CARTESIAN_POINT('',(42.8,0.3,0.3));
#6350 = DIRECTION('',(-1.,6.123233995737E-17,0.));
#6351 = DIRECTION('',(-6.123233995737E-17,-1.,0.));
#6352 = ORIENTED_EDGE('',*,*,#6139,.F.);
#6353 = SPHERICAL_SURFACE('',#6354,0.3);
#6354 = AXIS2_PLACEMENT_3D('',#6355,#6356,#6357);
#6355 = CARTESIAN_POINT('',(42.8,0.3,0.3));
#6356 = DIRECTION('',(0.,0.,1.));
#6357 = DIRECTION('',(-1.,0.,0.));
#6358 = ADVANCED_FACE('',(#6359),#6378,.T.);
#6359 = FACE_BOUND('',#6360,.F.);
#6360 = EDGE_LOOP('',(#6361,#6369,#6376,#6377));
#6361 = ORIENTED_EDGE('',*,*,#6362,.F.);
#6362 = EDGE_CURVE('',#6363,#6198,#6365,.T.);
#6363 = VERTEX_POINT('',#6364);
#6364 = CARTESIAN_POINT('',(45.,0.3,0.3));
#6365 = LINE('',#6366,#6367);
#6366 = CARTESIAN_POINT('',(45.,0.3,0.));
#6367 = VECTOR('',#6368,1.);
#6368 = DIRECTION('',(0.,0.,1.));
#6369 = ORIENTED_EDGE('',*,*,#6370,.T.);
#6370 = EDGE_CURVE('',#6363,#6322,#6371,.T.);
#6371 = CIRCLE('',#6372,0.3);
#6372 = AXIS2_PLACEMENT_3D('',#6373,#6374,#6375);
#6373 = CARTESIAN_POINT('',(44.7,0.3,0.3));
#6374 = DIRECTION('',(0.,-0.,-1.));
#6375 = DIRECTION('',(1.,0.,-0.));
#6376 = ORIENTED_EDGE('',*,*,#6331,.T.);
#6377 = ORIENTED_EDGE('',*,*,#6205,.F.);
#6378 = CYLINDRICAL_SURFACE('',#6379,0.3);
#6379 = AXIS2_PLACEMENT_3D('',#6380,#6381,#6382);
#6380 = CARTESIAN_POINT('',(44.7,0.3,0.));
#6381 = DIRECTION('',(0.,0.,1.));
#6382 = DIRECTION('',(1.,0.,-0.));
#6383 = ADVANCED_FACE('',(#6384),#6410,.T.);
#6384 = FACE_BOUND('',#6385,.T.);
#6385 = EDGE_LOOP('',(#6386,#6387,#6395,#6403,#6409));
#6386 = ORIENTED_EDGE('',*,*,#6362,.F.);
#6387 = ORIENTED_EDGE('',*,*,#6388,.T.);
#6388 = EDGE_CURVE('',#6363,#6389,#6391,.T.);
#6389 = VERTEX_POINT('',#6390);
#6390 = CARTESIAN_POINT('',(45.,12.2,0.3));
#6391 = LINE('',#6392,#6393);
#6392 = CARTESIAN_POINT('',(45.,0.,0.3));
#6393 = VECTOR('',#6394,1.);
#6394 = DIRECTION('',(-0.,1.,0.));
#6395 = ORIENTED_EDGE('',*,*,#6396,.T.);
#6396 = EDGE_CURVE('',#6389,#6397,#6399,.T.);
#6397 = VERTEX_POINT('',#6398);
#6398 = CARTESIAN_POINT('',(45.,12.2,10.3));
#6399 = LINE('',#6400,#6401);
#6400 = CARTESIAN_POINT('',(45.,12.2,0.));
#6401 = VECTOR('',#6402,1.);
#6402 = DIRECTION('',(0.,0.,1.));
#6403 = ORIENTED_EDGE('',*,*,#6404,.F.);
#6404 = EDGE_CURVE('',#6189,#6397,#6405,.T.);
#6405 = LINE('',#6406,#6407);
#6406 = CARTESIAN_POINT('',(45.,0.,10.3));
#6407 = VECTOR('',#6408,1.);
#6408 = DIRECTION('',(-0.,1.,0.));
#6409 = ORIENTED_EDGE('',*,*,#6197,.F.);
#6410 = PLANE('',#6411);
#6411 = AXIS2_PLACEMENT_3D('',#6412,#6413,#6414);
#6412 = CARTESIAN_POINT('',(45.,0.,0.));
#6413 = DIRECTION('',(1.,0.,-0.));
#6414 = DIRECTION('',(0.,0.,1.));
#6415 = ADVANCED_FACE('',(#6416),#6435,.T.);
#6416 = FACE_BOUND('',#6417,.F.);
#6417 = EDGE_LOOP('',(#6418,#6419,#6427,#6434));
#6418 = ORIENTED_EDGE('',*,*,#6188,.F.);
#6419 = ORIENTED_EDGE('',*,*,#6420,.T.);
#6420 = EDGE_CURVE('',#6181,#6421,#6423,.T.);
#6421 = VERTEX_POINT('',#6422);
#6422 = CARTESIAN_POINT('',(44.7,12.2,10.6));
#6423 = LINE('',#6424,#6425);
#6424 = CARTESIAN_POINT('',(44.7,0.,10.6));
#6425 = VECTOR('',#6426,1.);
#6426 = DIRECTION('',(-0.,1.,0.));
#6427 = ORIENTED_EDGE('',*,*,#6428,.F.);
#6428 = EDGE_CURVE('',#6397,#6421,#6429,.T.);
#6429 = CIRCLE('',#6430,0.3);
#6430 = AXIS2_PLACEMENT_3D('',#6431,#6432,#6433);
#6431 = CARTESIAN_POINT('',(44.7,12.2,10.3));
#6432 = DIRECTION('',(0.,-1.,-0.));
#6433 = DIRECTION('',(1.,0.,0.));
#6434 = ORIENTED_EDGE('',*,*,#6404,.F.);
#6435 = CYLINDRICAL_SURFACE('',#6436,0.3);
#6436 = AXIS2_PLACEMENT_3D('',#6437,#6438,#6439);
#6437 = CARTESIAN_POINT('',(44.7,0.,10.3));
#6438 = DIRECTION('',(-0.,1.,0.));
#6439 = DIRECTION('',(1.,0.,-0.));
#6440 = ADVANCED_FACE('',(#6441),#6452,.T.);
#6441 = FACE_BOUND('',#6442,.T.);
#6442 = EDGE_LOOP('',(#6443,#6444,#6445,#6446));
#6443 = ORIENTED_EDGE('',*,*,#6231,.F.);
#6444 = ORIENTED_EDGE('',*,*,#6180,.T.);
#6445 = ORIENTED_EDGE('',*,*,#6420,.T.);
#6446 = ORIENTED_EDGE('',*,*,#6447,.F.);
#6447 = EDGE_CURVE('',#6232,#6421,#6448,.T.);
#6448 = LINE('',#6449,#6450);
#6449 = CARTESIAN_POINT('',(42.5,12.2,10.6));
#6450 = VECTOR('',#6451,1.);
#6451 = DIRECTION('',(1.,0.,-0.));
#6452 = PLANE('',#6453);
#6453 = AXIS2_PLACEMENT_3D('',#6454,#6455,#6456);
#6454 = CARTESIAN_POINT('',(42.5,0.,10.6));
#6455 = DIRECTION('',(0.,0.,1.));
#6456 = DIRECTION('',(1.,0.,-0.));
#6457 = ADVANCED_FACE('',(#6458),#6469,.T.);
#6458 = FACE_BOUND('',#6459,.F.);
#6459 = EDGE_LOOP('',(#6460,#6461,#6468));
#6460 = ORIENTED_EDGE('',*,*,#6273,.F.);
#6461 = ORIENTED_EDGE('',*,*,#6462,.T.);
#6462 = EDGE_CURVE('',#6266,#6232,#6463,.T.);
#6463 = CIRCLE('',#6464,0.3);
#6464 = AXIS2_PLACEMENT_3D('',#6465,#6466,#6467);
#6465 = CARTESIAN_POINT('',(42.8,12.2,10.3));
#6466 = DIRECTION('',(1.,0.,6.123233995737E-17));
#6467 = DIRECTION('',(-6.123233995737E-17,-0.,1.));
#6468 = ORIENTED_EDGE('',*,*,#6239,.F.);
#6469 = SPHERICAL_SURFACE('',#6470,0.3);
#6470 = AXIS2_PLACEMENT_3D('',#6471,#6472,#6473);
#6471 = CARTESIAN_POINT('',(42.8,12.2,10.3));
#6472 = DIRECTION('',(0.,-1.,-0.));
#6473 = DIRECTION('',(-1.,-0.,0.));
#6474 = ADVANCED_FACE('',(#6475),#6486,.T.);
#6475 = FACE_BOUND('',#6476,.F.);
#6476 = EDGE_LOOP('',(#6477,#6478,#6485));
#6477 = ORIENTED_EDGE('',*,*,#6305,.F.);
#6478 = ORIENTED_EDGE('',*,*,#6479,.T.);
#6479 = EDGE_CURVE('',#6298,#6257,#6480,.T.);
#6480 = CIRCLE('',#6481,0.3);
#6481 = AXIS2_PLACEMENT_3D('',#6482,#6483,#6484);
#6482 = CARTESIAN_POINT('',(42.8,12.2,0.3));
#6483 = DIRECTION('',(1.,6.123233995737E-17,-0.));
#6484 = DIRECTION('',(-6.123233995737E-17,1.,0.));
#6485 = ORIENTED_EDGE('',*,*,#6256,.F.);
#6486 = SPHERICAL_SURFACE('',#6487,0.3);
#6487 = AXIS2_PLACEMENT_3D('',#6488,#6489,#6490);
#6488 = CARTESIAN_POINT('',(42.8,12.2,0.3));
#6489 = DIRECTION('',(0.,0.,1.));
#6490 = DIRECTION('',(-1.,0.,0.));
#6491 = ADVANCED_FACE('',(#6492),#6517,.T.);
#6492 = FACE_BOUND('',#6493,.T.);
#6493 = EDGE_LOOP('',(#6494,#6495,#6503,#6511));
#6494 = ORIENTED_EDGE('',*,*,#6265,.T.);
#6495 = ORIENTED_EDGE('',*,*,#6496,.T.);
#6496 = EDGE_CURVE('',#6266,#6497,#6499,.T.);
#6497 = VERTEX_POINT('',#6498);
#6498 = CARTESIAN_POINT('',(44.7,12.5,10.3));
#6499 = LINE('',#6500,#6501);
#6500 = CARTESIAN_POINT('',(42.5,12.5,10.3));
#6501 = VECTOR('',#6502,1.);
#6502 = DIRECTION('',(1.,0.,-0.));
#6503 = ORIENTED_EDGE('',*,*,#6504,.F.);
#6504 = EDGE_CURVE('',#6505,#6497,#6507,.T.);
#6505 = VERTEX_POINT('',#6506);
#6506 = CARTESIAN_POINT('',(44.7,12.5,0.3));
#6507 = LINE('',#6508,#6509);
#6508 = CARTESIAN_POINT('',(44.7,12.5,0.));
#6509 = VECTOR('',#6510,1.);
#6510 = DIRECTION('',(0.,0.,1.));
#6511 = ORIENTED_EDGE('',*,*,#6512,.F.);
#6512 = EDGE_CURVE('',#6257,#6505,#6513,.T.);
#6513 = LINE('',#6514,#6515);
#6514 = CARTESIAN_POINT('',(42.5,12.5,0.3));
#6515 = VECTOR('',#6516,1.);
#6516 = DIRECTION('',(1.,0.,-0.));
#6517 = PLANE('',#6518);
#6518 = AXIS2_PLACEMENT_3D('',#6519,#6520,#6521);
#6519 = CARTESIAN_POINT('',(42.5,12.5,0.));
#6520 = DIRECTION('',(-0.,1.,0.));
#6521 = DIRECTION('',(0.,0.,1.));
#6522 = ADVANCED_FACE('',(#6523),#6548,.F.);
#6523 = FACE_BOUND('',#6524,.F.);
#6524 = EDGE_LOOP('',(#6525,#6526,#6534,#6542));
#6525 = ORIENTED_EDGE('',*,*,#6297,.F.);
#6526 = ORIENTED_EDGE('',*,*,#6527,.T.);
#6527 = EDGE_CURVE('',#6289,#6528,#6530,.T.);
#6528 = VERTEX_POINT('',#6529);
#6529 = CARTESIAN_POINT('',(44.7,0.3,0.));
#6530 = LINE('',#6531,#6532);
#6531 = CARTESIAN_POINT('',(42.5,0.3,-5.551115123126E-17));
#6532 = VECTOR('',#6533,1.);
#6533 = DIRECTION('',(1.,0.,-0.));
#6534 = ORIENTED_EDGE('',*,*,#6535,.T.);
#6535 = EDGE_CURVE('',#6528,#6536,#6538,.T.);
#6536 = VERTEX_POINT('',#6537);
#6537 = CARTESIAN_POINT('',(44.7,12.2,0.));
#6538 = LINE('',#6539,#6540);
#6539 = CARTESIAN_POINT('',(44.7,0.,-5.551115123126E-17));
#6540 = VECTOR('',#6541,1.);
#6541 = DIRECTION('',(-0.,1.,0.));
#6542 = ORIENTED_EDGE('',*,*,#6543,.F.);
#6543 = EDGE_CURVE('',#6298,#6536,#6544,.T.);
#6544 = LINE('',#6545,#6546);
#6545 = CARTESIAN_POINT('',(42.5,12.2,-5.551115123126E-17));
#6546 = VECTOR('',#6547,1.);
#6547 = DIRECTION('',(1.,0.,-0.));
#6548 = PLANE('',#6549);
#6549 = AXIS2_PLACEMENT_3D('',#6550,#6551,#6552);
#6550 = CARTESIAN_POINT('',(42.5,0.,0.));
#6551 = DIRECTION('',(0.,0.,1.));
#6552 = DIRECTION('',(1.,0.,-0.));
#6553 = ADVANCED_FACE('',(#6554),#6566,.T.);
#6554 = FACE_BOUND('',#6555,.T.);
#6555 = EDGE_LOOP('',(#6556,#6557,#6558,#6565));
#6556 = ORIENTED_EDGE('',*,*,#6346,.F.);
#6557 = ORIENTED_EDGE('',*,*,#6527,.T.);
#6558 = ORIENTED_EDGE('',*,*,#6559,.T.);
#6559 = EDGE_CURVE('',#6528,#6322,#6560,.T.);
#6560 = CIRCLE('',#6561,0.3);
#6561 = AXIS2_PLACEMENT_3D('',#6562,#6563,#6564);
#6562 = CARTESIAN_POINT('',(44.7,0.3,0.3));
#6563 = DIRECTION('',(-1.,-6.123233995737E-17,0.));
#6564 = DIRECTION('',(6.123233995737E-17,-1.,-0.));
#6565 = ORIENTED_EDGE('',*,*,#6321,.F.);
#6566 = CYLINDRICAL_SURFACE('',#6567,0.3);
#6567 = AXIS2_PLACEMENT_3D('',#6568,#6569,#6570);
#6568 = CARTESIAN_POINT('',(42.5,0.3,0.3));
#6569 = DIRECTION('',(1.,0.,-0.));
#6570 = DIRECTION('',(0.,-1.,0.));
#6571 = ADVANCED_FACE('',(#6572),#6583,.T.);
#6572 = FACE_BOUND('',#6573,.F.);
#6573 = EDGE_LOOP('',(#6574,#6581,#6582));
#6574 = ORIENTED_EDGE('',*,*,#6575,.F.);
#6575 = EDGE_CURVE('',#6528,#6363,#6576,.T.);
#6576 = CIRCLE('',#6577,0.3);
#6577 = AXIS2_PLACEMENT_3D('',#6578,#6579,#6580);
#6578 = CARTESIAN_POINT('',(44.7,0.3,0.3));
#6579 = DIRECTION('',(0.,-1.,0.));
#6580 = DIRECTION('',(1.,0.,0.));
#6581 = ORIENTED_EDGE('',*,*,#6559,.T.);
#6582 = ORIENTED_EDGE('',*,*,#6370,.F.);
#6583 = SPHERICAL_SURFACE('',#6584,0.3);
#6584 = AXIS2_PLACEMENT_3D('',#6585,#6586,#6587);
#6585 = CARTESIAN_POINT('',(44.7,0.3,0.3));
#6586 = DIRECTION('',(0.,0.,1.));
#6587 = DIRECTION('',(1.,0.,-0.));
#6588 = ADVANCED_FACE('',(#6589),#6607,.T.);
#6589 = FACE_BOUND('',#6590,.T.);
#6590 = EDGE_LOOP('',(#6591,#6592,#6599,#6600));
#6591 = ORIENTED_EDGE('',*,*,#6396,.F.);
#6592 = ORIENTED_EDGE('',*,*,#6593,.T.);
#6593 = EDGE_CURVE('',#6389,#6505,#6594,.T.);
#6594 = CIRCLE('',#6595,0.3);
#6595 = AXIS2_PLACEMENT_3D('',#6596,#6597,#6598);
#6596 = CARTESIAN_POINT('',(44.7,12.2,0.3));
#6597 = DIRECTION('',(0.,0.,1.));
#6598 = DIRECTION('',(1.,0.,-0.));
#6599 = ORIENTED_EDGE('',*,*,#6504,.T.);
#6600 = ORIENTED_EDGE('',*,*,#6601,.T.);
#6601 = EDGE_CURVE('',#6497,#6397,#6602,.T.);
#6602 = CIRCLE('',#6603,0.3);
#6603 = AXIS2_PLACEMENT_3D('',#6604,#6605,#6606);
#6604 = CARTESIAN_POINT('',(44.7,12.2,10.3));
#6605 = DIRECTION('',(0.,0.,-1.));
#6606 = DIRECTION('',(1.,0.,0.));
#6607 = CYLINDRICAL_SURFACE('',#6608,0.3);
#6608 = AXIS2_PLACEMENT_3D('',#6609,#6610,#6611);
#6609 = CARTESIAN_POINT('',(44.7,12.2,0.));
#6610 = DIRECTION('',(0.,0.,1.));
#6611 = DIRECTION('',(1.,0.,-0.));
#6612 = ADVANCED_FACE('',(#6613),#6625,.T.);
#6613 = FACE_BOUND('',#6614,.T.);
#6614 = EDGE_LOOP('',(#6615,#6616,#6617,#6624));
#6615 = ORIENTED_EDGE('',*,*,#6575,.F.);
#6616 = ORIENTED_EDGE('',*,*,#6535,.T.);
#6617 = ORIENTED_EDGE('',*,*,#6618,.T.);
#6618 = EDGE_CURVE('',#6536,#6389,#6619,.T.);
#6619 = CIRCLE('',#6620,0.3);
#6620 = AXIS2_PLACEMENT_3D('',#6621,#6622,#6623);
#6621 = CARTESIAN_POINT('',(44.7,12.2,0.3));
#6622 = DIRECTION('',(0.,-1.,0.));
#6623 = DIRECTION('',(1.,0.,0.));
#6624 = ORIENTED_EDGE('',*,*,#6388,.F.);
#6625 = CYLINDRICAL_SURFACE('',#6626,0.3);
#6626 = AXIS2_PLACEMENT_3D('',#6627,#6628,#6629);
#6627 = CARTESIAN_POINT('',(44.7,0.,0.3));
#6628 = DIRECTION('',(-0.,1.,0.));
#6629 = DIRECTION('',(1.,0.,-0.));
#6630 = ADVANCED_FACE('',(#6631),#6642,.T.);
#6631 = FACE_BOUND('',#6632,.T.);
#6632 = EDGE_LOOP('',(#6633,#6634,#6641));
#6633 = ORIENTED_EDGE('',*,*,#6601,.F.);
#6634 = ORIENTED_EDGE('',*,*,#6635,.T.);
#6635 = EDGE_CURVE('',#6497,#6421,#6636,.T.);
#6636 = CIRCLE('',#6637,0.3);
#6637 = AXIS2_PLACEMENT_3D('',#6638,#6639,#6640);
#6638 = CARTESIAN_POINT('',(44.7,12.2,10.3));
#6639 = DIRECTION('',(1.,0.,-6.123233995737E-17));
#6640 = DIRECTION('',(6.123233995737E-17,0.,1.));
#6641 = ORIENTED_EDGE('',*,*,#6428,.F.);
#6642 = SPHERICAL_SURFACE('',#6643,0.3);
#6643 = AXIS2_PLACEMENT_3D('',#6644,#6645,#6646);
#6644 = CARTESIAN_POINT('',(44.7,12.2,10.3));
#6645 = DIRECTION('',(0.,-1.,-0.));
#6646 = DIRECTION('',(1.,0.,0.));
#6647 = ADVANCED_FACE('',(#6648),#6654,.T.);
#6648 = FACE_BOUND('',#6649,.T.);
#6649 = EDGE_LOOP('',(#6650,#6651,#6652,#6653));
#6650 = ORIENTED_EDGE('',*,*,#6462,.T.);
#6651 = ORIENTED_EDGE('',*,*,#6447,.T.);
#6652 = ORIENTED_EDGE('',*,*,#6635,.F.);
#6653 = ORIENTED_EDGE('',*,*,#6496,.F.);
#6654 = CYLINDRICAL_SURFACE('',#6655,0.3);
#6655 = AXIS2_PLACEMENT_3D('',#6656,#6657,#6658);
#6656 = CARTESIAN_POINT('',(42.5,12.2,10.3));
#6657 = DIRECTION('',(1.,0.,-0.));
#6658 = DIRECTION('',(0.,1.,0.));
#6659 = ADVANCED_FACE('',(#6660),#6672,.T.);
#6660 = FACE_BOUND('',#6661,.F.);
#6661 = EDGE_LOOP('',(#6662,#6663,#6664,#6671));
#6662 = ORIENTED_EDGE('',*,*,#6479,.F.);
#6663 = ORIENTED_EDGE('',*,*,#6543,.T.);
#6664 = ORIENTED_EDGE('',*,*,#6665,.T.);
#6665 = EDGE_CURVE('',#6536,#6505,#6666,.T.);
#6666 = CIRCLE('',#6667,0.3);
#6667 = AXIS2_PLACEMENT_3D('',#6668,#6669,#6670);
#6668 = CARTESIAN_POINT('',(44.7,12.2,0.3));
#6669 = DIRECTION('',(1.,-6.123233995737E-17,0.));
#6670 = DIRECTION('',(6.123233995737E-17,1.,0.));
#6671 = ORIENTED_EDGE('',*,*,#6512,.F.);
#6672 = CYLINDRICAL_SURFACE('',#6673,0.3);
#6673 = AXIS2_PLACEMENT_3D('',#6674,#6675,#6676);
#6674 = CARTESIAN_POINT('',(42.5,12.2,0.3));
#6675 = DIRECTION('',(1.,0.,-0.));
#6676 = DIRECTION('',(0.,1.,0.));
#6677 = ADVANCED_FACE('',(#6678),#6683,.T.);
#6678 = FACE_BOUND('',#6679,.T.);
#6679 = EDGE_LOOP('',(#6680,#6681,#6682));
#6680 = ORIENTED_EDGE('',*,*,#6618,.F.);
#6681 = ORIENTED_EDGE('',*,*,#6665,.T.);
#6682 = ORIENTED_EDGE('',*,*,#6593,.F.);
#6683 = SPHERICAL_SURFACE('',#6684,0.3);
#6684 = AXIS2_PLACEMENT_3D('',#6685,#6686,#6687);
#6685 = CARTESIAN_POINT('',(44.7,12.2,0.3));
#6686 = DIRECTION('',(0.,0.,1.));
#6687 = DIRECTION('',(1.,0.,-0.));
#6688 = ( GEOMETRIC_REPRESENTATION_CONTEXT(3)
GLOBAL_UNCERTAINTY_ASSIGNED_CONTEXT((#6692))
GLOBAL_UNIT_ASSIGNED_CONTEXT((#6689,#6690,#6691)) REPRESENTATION_CONTEXT
('Context #1','3D Context with UNIT and UNCERTAINTY') );
#6689 = ( LENGTH_UNIT() NAMED_UNIT(*) SI_UNIT(.MILLI.,.METRE.) );
#6690 = ( NAMED_UNIT(*) PLANE_ANGLE_UNIT() SI_UNIT($,.RADIAN.) );
#6691 = ( NAMED_UNIT(*) SI_UNIT($,.STERADIAN.) SOLID_ANGLE_UNIT() );
#6692 = UNCERTAINTY_MEASURE_WITH_UNIT(LENGTH_MEASURE(1.E-07),#6689,
  'distance_accuracy_value','confusion accuracy');
#6693 = CONTEXT_DEPENDENT_SHAPE_REPRESENTATION(#6694,#6696);
#6694 = ( REPRESENTATION_RELATIONSHIP('','',#6083,#10)
REPRESENTATION_RELATIONSHIP_WITH_TRANSFORMATION(#6695)
SHAPE_REPRESENTATION_RELATIONSHIP() );
#6695 = ITEM_DEFINED_TRANSFORMATION('','',#11,#55);
#6696 = PRODUCT_DEFINITION_SHAPE('Placement','Placement of an item',
  #6697);
#6697 = NEXT_ASSEMBLY_USAGE_OCCURRENCE('11','Spacer between P2 and P3',
  '',#5,#6078,$);
#6698 = PRODUCT_RELATED_PRODUCT_CATEGORY('part',$,(#6080));
#6699 = SHAPE_DEFINITION_REPRESENTATION(#6700,#6706);
#6700 = PRODUCT_DEFINITION_SHAPE('','',#6701);
#6701 = PRODUCT_DEFINITION('design','',#6702,#6705);
#6702 = PRODUCT_DEFINITION_FORMATION('','',#6703);
#6703 = PRODUCT('Actuator P3','Actuator P3','',(#6704));
#6704 = PRODUCT_CONTEXT('',#2,'mechanical');
#6705 = PRODUCT_DEFINITION_CONTEXT('part definition',#2,'design');
#6706 = ADVANCED_BREP_SHAPE_REPRESENTATION('',(#11,#6707),#6925);
#6707 = MANIFOLD_SOLID_BREP('',#6708);
#6708 = CLOSED_SHELL('',(#6709,#6749,#6780,#6811,#6842,#6875,#6897,#6911
    ));
#6709 = ADVANCED_FACE('',(#6710),#6744,.T.);
#6710 = FACE_BOUND('',#6711,.T.);
#6711 = EDGE_LOOP('',(#6712,#6722,#6730,#6738));
#6712 = ORIENTED_EDGE('',*,*,#6713,.T.);
#6713 = EDGE_CURVE('',#6714,#6716,#6718,.T.);
#6714 = VERTEX_POINT('',#6715);
#6715 = CARTESIAN_POINT('',(38.1,-0.35,10.6));
#6716 = VERTEX_POINT('',#6717);
#6717 = CARTESIAN_POINT('',(41.9,-0.35,10.6));
#6718 = LINE('',#6719,#6720);
#6719 = CARTESIAN_POINT('',(38.1,-0.35,10.6));
#6720 = VECTOR('',#6721,1.);
#6721 = DIRECTION('',(1.,0.,0.));
#6722 = ORIENTED_EDGE('',*,*,#6723,.T.);
#6723 = EDGE_CURVE('',#6716,#6724,#6726,.T.);
#6724 = VERTEX_POINT('',#6725);
#6725 = CARTESIAN_POINT('',(41.9,9.45,10.6));
#6726 = LINE('',#6727,#6728);
#6727 = CARTESIAN_POINT('',(41.9,-0.35,10.6));
#6728 = VECTOR('',#6729,1.);
#6729 = DIRECTION('',(0.,1.,0.));
#6730 = ORIENTED_EDGE('',*,*,#6731,.F.);
#6731 = EDGE_CURVE('',#6732,#6724,#6734,.T.);
#6732 = VERTEX_POINT('',#6733);
#6733 = CARTESIAN_POINT('',(38.1,9.45,10.6));
#6734 = LINE('',#6735,#6736);
#6735 = CARTESIAN_POINT('',(38.1,9.45,10.6));
#6736 = VECTOR('',#6737,1.);
#6737 = DIRECTION('',(1.,0.,0.));
#6738 = ORIENTED_EDGE('',*,*,#6739,.F.);
#6739 = EDGE_CURVE('',#6714,#6732,#6740,.T.);
#6740 = LINE('',#6741,#6742);
#6741 = CARTESIAN_POINT('',(38.1,-0.35,10.6));
#6742 = VECTOR('',#6743,1.);
#6743 = DIRECTION('',(0.,1.,0.));
#6744 = PLANE('',#6745);
#6745 = AXIS2_PLACEMENT_3D('',#6746,#6747,#6748);
#6746 = CARTESIAN_POINT('',(38.1,-0.35,10.6));
#6747 = DIRECTION('',(0.,0.,1.));
#6748 = DIRECTION('',(0.,1.,0.));
#6749 = ADVANCED_FACE('',(#6750),#6775,.T.);
#6750 = FACE_BOUND('',#6751,.T.);
#6751 = EDGE_LOOP('',(#6752,#6762,#6768,#6769));
#6752 = ORIENTED_EDGE('',*,*,#6753,.T.);
#6753 = EDGE_CURVE('',#6754,#6756,#6758,.T.);
#6754 = VERTEX_POINT('',#6755);
#6755 = CARTESIAN_POINT('',(38.1,1.25,8.6));
#6756 = VERTEX_POINT('',#6757);
#6757 = CARTESIAN_POINT('',(41.9,1.25,8.6));
#6758 = LINE('',#6759,#6760);
#6759 = CARTESIAN_POINT('',(38.1,1.25,8.6));
#6760 = VECTOR('',#6761,1.);
#6761 = DIRECTION('',(1.,0.,0.));
#6762 = ORIENTED_EDGE('',*,*,#6763,.T.);
#6763 = EDGE_CURVE('',#6756,#6716,#6764,.T.);
#6764 = LINE('',#6765,#6766);
#6765 = CARTESIAN_POINT('',(41.9,1.25,8.6));
#6766 = VECTOR('',#6767,1.);
#6767 = DIRECTION('',(0.,-0.624695047554,0.780868809443));
#6768 = ORIENTED_EDGE('',*,*,#6713,.F.);
#6769 = ORIENTED_EDGE('',*,*,#6770,.F.);
#6770 = EDGE_CURVE('',#6754,#6714,#6771,.T.);
#6771 = LINE('',#6772,#6773);
#6772 = CARTESIAN_POINT('',(38.1,1.25,8.6));
#6773 = VECTOR('',#6774,1.);
#6774 = DIRECTION('',(0.,-0.624695047554,0.780868809443));
#6775 = PLANE('',#6776);
#6776 = AXIS2_PLACEMENT_3D('',#6777,#6778,#6779);
#6777 = CARTESIAN_POINT('',(38.1,1.25,8.6));
#6778 = DIRECTION('',(0.,-0.780868809443,-0.624695047554));
#6779 = DIRECTION('',(0.,-0.624695047554,0.780868809443));
#6780 = ADVANCED_FACE('',(#6781),#6806,.T.);
#6781 = FACE_BOUND('',#6782,.T.);
#6782 = EDGE_LOOP('',(#6783,#6791,#6792,#6800));
#6783 = ORIENTED_EDGE('',*,*,#6784,.F.);
#6784 = EDGE_CURVE('',#6732,#6785,#6787,.T.);
#6785 = VERTEX_POINT('',#6786);
#6786 = CARTESIAN_POINT('',(38.1,9.45,9.565923489271));
#6787 = LINE('',#6788,#6789);
#6788 = CARTESIAN_POINT('',(38.1,9.45,10.6));
#6789 = VECTOR('',#6790,1.);
#6790 = DIRECTION('',(0.,0.,-1.));
#6791 = ORIENTED_EDGE('',*,*,#6731,.T.);
#6792 = ORIENTED_EDGE('',*,*,#6793,.T.);
#6793 = EDGE_CURVE('',#6724,#6794,#6796,.T.);
#6794 = VERTEX_POINT('',#6795);
#6795 = CARTESIAN_POINT('',(41.9,9.45,9.565923489271));
#6796 = LINE('',#6797,#6798);
#6797 = CARTESIAN_POINT('',(41.9,9.45,10.6));
#6798 = VECTOR('',#6799,1.);
#6799 = DIRECTION('',(0.,0.,-1.));
#6800 = ORIENTED_EDGE('',*,*,#6801,.F.);
#6801 = EDGE_CURVE('',#6785,#6794,#6802,.T.);
#6802 = LINE('',#6803,#6804);
#6803 = CARTESIAN_POINT('',(38.1,9.45,9.565923489271));
#6804 = VECTOR('',#6805,1.);
#6805 = DIRECTION('',(1.,0.,0.));
#6806 = PLANE('',#6807);
#6807 = AXIS2_PLACEMENT_3D('',#6808,#6809,#6810);
#6808 = CARTESIAN_POINT('',(38.1,9.45,10.6));
#6809 = DIRECTION('',(-0.,1.,0.));
#6810 = DIRECTION('',(0.,0.,-1.));
#6811 = ADVANCED_FACE('',(#6812),#6837,.T.);
#6812 = FACE_BOUND('',#6813,.T.);
#6813 = EDGE_LOOP('',(#6814,#6824,#6830,#6831));
#6814 = ORIENTED_EDGE('',*,*,#6815,.T.);
#6815 = EDGE_CURVE('',#6816,#6818,#6820,.T.);
#6816 = VERTEX_POINT('',#6817);
#6817 = CARTESIAN_POINT('',(38.1,9.45,8.6));
#6818 = VERTEX_POINT('',#6819);
#6819 = CARTESIAN_POINT('',(41.9,9.45,8.6));
#6820 = LINE('',#6821,#6822);
#6821 = CARTESIAN_POINT('',(38.1,9.45,8.6));
#6822 = VECTOR('',#6823,1.);
#6823 = DIRECTION('',(1.,0.,0.));
#6824 = ORIENTED_EDGE('',*,*,#6825,.T.);
#6825 = EDGE_CURVE('',#6818,#6756,#6826,.T.);
#6826 = LINE('',#6827,#6828);
#6827 = CARTESIAN_POINT('',(41.9,9.45,8.6));
#6828 = VECTOR('',#6829,1.);
#6829 = DIRECTION('',(0.,-1.,0.));
#6830 = ORIENTED_EDGE('',*,*,#6753,.F.);
#6831 = ORIENTED_EDGE('',*,*,#6832,.F.);
#6832 = EDGE_CURVE('',#6816,#6754,#6833,.T.);
#6833 = LINE('',#6834,#6835);
#6834 = CARTESIAN_POINT('',(38.1,9.45,8.6));
#6835 = VECTOR('',#6836,1.);
#6836 = DIRECTION('',(0.,-1.,0.));
#6837 = PLANE('',#6838);
#6838 = AXIS2_PLACEMENT_3D('',#6839,#6840,#6841);
#6839 = CARTESIAN_POINT('',(38.1,9.45,8.6));
#6840 = DIRECTION('',(0.,0.,-1.));
#6841 = DIRECTION('',(0.,-1.,0.));
#6842 = ADVANCED_FACE('',(#6843),#6870,.T.);
#6843 = FACE_BOUND('',#6844,.T.);
#6844 = EDGE_LOOP('',(#6845,#6854,#6862,#6869));
#6845 = ORIENTED_EDGE('',*,*,#6846,.F.);
#6846 = EDGE_CURVE('',#6847,#6794,#6849,.T.);
#6847 = VERTEX_POINT('',#6848);
#6848 = CARTESIAN_POINT('',(41.9,9.45,8.834076510729));
#6849 = CIRCLE('',#6850,0.58);
#6850 = AXIS2_PLACEMENT_3D('',#6851,#6852,#6853);
#6851 = CARTESIAN_POINT('',(41.9,9.,9.2));
#6852 = DIRECTION('',(1.,0.,0.));
#6853 = DIRECTION('',(-0.,0.,1.));
#6854 = ORIENTED_EDGE('',*,*,#6855,.F.);
#6855 = EDGE_CURVE('',#6856,#6847,#6858,.T.);
#6856 = VERTEX_POINT('',#6857);
#6857 = CARTESIAN_POINT('',(38.1,9.45,8.834076510729));
#6858 = LINE('',#6859,#6860);
#6859 = CARTESIAN_POINT('',(38.1,9.45,8.834076510729));
#6860 = VECTOR('',#6861,1.);
#6861 = DIRECTION('',(1.,0.,0.));
#6862 = ORIENTED_EDGE('',*,*,#6863,.T.);
#6863 = EDGE_CURVE('',#6856,#6785,#6864,.T.);
#6864 = CIRCLE('',#6865,0.58);
#6865 = AXIS2_PLACEMENT_3D('',#6866,#6867,#6868);
#6866 = CARTESIAN_POINT('',(38.1,9.,9.2));
#6867 = DIRECTION('',(1.,0.,0.));
#6868 = DIRECTION('',(-0.,0.,1.));
#6869 = ORIENTED_EDGE('',*,*,#6801,.T.);
#6870 = CYLINDRICAL_SURFACE('',#6871,0.58);
#6871 = AXIS2_PLACEMENT_3D('',#6872,#6873,#6874);
#6872 = CARTESIAN_POINT('',(38.1,9.,9.2));
#6873 = DIRECTION('',(1.,0.,0.));
#6874 = DIRECTION('',(-0.,0.,1.));
#6875 = ADVANCED_FACE('',(#6876),#6892,.T.);
#6876 = FACE_BOUND('',#6877,.T.);
#6877 = EDGE_LOOP('',(#6878,#6884,#6885,#6891));
#6878 = ORIENTED_EDGE('',*,*,#6879,.F.);
#6879 = EDGE_CURVE('',#6856,#6816,#6880,.T.);
#6880 = LINE('',#6881,#6882);
#6881 = CARTESIAN_POINT('',(38.1,9.45,10.6));
#6882 = VECTOR('',#6883,1.);
#6883 = DIRECTION('',(0.,0.,-1.));
#6884 = ORIENTED_EDGE('',*,*,#6855,.T.);
#6885 = ORIENTED_EDGE('',*,*,#6886,.T.);
#6886 = EDGE_CURVE('',#6847,#6818,#6887,.T.);
#6887 = LINE('',#6888,#6889);
#6888 = CARTESIAN_POINT('',(41.9,9.45,10.6));
#6889 = VECTOR('',#6890,1.);
#6890 = DIRECTION('',(0.,0.,-1.));
#6891 = ORIENTED_EDGE('',*,*,#6815,.F.);
#6892 = PLANE('',#6893);
#6893 = AXIS2_PLACEMENT_3D('',#6894,#6895,#6896);
#6894 = CARTESIAN_POINT('',(38.1,9.45,10.6));
#6895 = DIRECTION('',(-0.,1.,0.));
#6896 = DIRECTION('',(0.,0.,-1.));
#6897 = ADVANCED_FACE('',(#6898),#6906,.T.);
#6898 = FACE_BOUND('',#6899,.T.);
#6899 = EDGE_LOOP('',(#6900,#6901,#6902,#6903,#6904,#6905));
#6900 = ORIENTED_EDGE('',*,*,#6770,.T.);
#6901 = ORIENTED_EDGE('',*,*,#6739,.T.);
#6902 = ORIENTED_EDGE('',*,*,#6784,.T.);
#6903 = ORIENTED_EDGE('',*,*,#6863,.F.);
#6904 = ORIENTED_EDGE('',*,*,#6879,.T.);
#6905 = ORIENTED_EDGE('',*,*,#6832,.T.);
#6906 = PLANE('',#6907);
#6907 = AXIS2_PLACEMENT_3D('',#6908,#6909,#6910);
#6908 = CARTESIAN_POINT('',(38.1,4.823284092834,9.669808456553));
#6909 = DIRECTION('',(-1.,-0.,-0.));
#6910 = DIRECTION('',(0.,0.,-1.));
#6911 = ADVANCED_FACE('',(#6912),#6920,.T.);
#6912 = FACE_BOUND('',#6913,.T.);
#6913 = EDGE_LOOP('',(#6914,#6915,#6916,#6917,#6918,#6919));
#6914 = ORIENTED_EDGE('',*,*,#6763,.F.);
#6915 = ORIENTED_EDGE('',*,*,#6825,.F.);
#6916 = ORIENTED_EDGE('',*,*,#6886,.F.);
#6917 = ORIENTED_EDGE('',*,*,#6846,.T.);
#6918 = ORIENTED_EDGE('',*,*,#6793,.F.);
#6919 = ORIENTED_EDGE('',*,*,#6723,.F.);
#6920 = PLANE('',#6921);
#6921 = AXIS2_PLACEMENT_3D('',#6922,#6923,#6924);
#6922 = CARTESIAN_POINT('',(41.9,4.823284092834,9.669808456553));
#6923 = DIRECTION('',(1.,0.,0.));
#6924 = DIRECTION('',(-0.,0.,1.));
#6925 = ( GEOMETRIC_REPRESENTATION_CONTEXT(3)
GLOBAL_UNCERTAINTY_ASSIGNED_CONTEXT((#6929))
GLOBAL_UNIT_ASSIGNED_CONTEXT((#6926,#6927,#6928)) REPRESENTATION_CONTEXT
('Context #1','3D Context with UNIT and UNCERTAINTY') );
#6926 = ( LENGTH_UNIT() NAMED_UNIT(*) SI_UNIT(.MILLI.,.METRE.) );
#6927 = ( NAMED_UNIT(*) PLANE_ANGLE_UNIT() SI_UNIT($,.RADIAN.) );
#6928 = ( NAMED_UNIT(*) SI_UNIT($,.STERADIAN.) SOLID_ANGLE_UNIT() );
#6929 = UNCERTAINTY_MEASURE_WITH_UNIT(LENGTH_MEASURE(1.E-07),#6926,
  'distance_accuracy_value','confusion accuracy');
#6930 = CONTEXT_DEPENDENT_SHAPE_REPRESENTATION(#6931,#6933);
#6931 = ( REPRESENTATION_RELATIONSHIP('','',#6706,#10)
REPRESENTATION_RELATIONSHIP_WITH_TRANSFORMATION(#6932)
SHAPE_REPRESENTATION_RELATIONSHIP() );
#6932 = ITEM_DEFINED_TRANSFORMATION('','',#11,#59);
#6933 = PRODUCT_DEFINITION_SHAPE('Placement','Placement of an item',
  #6934);
#6934 = NEXT_ASSEMBLY_USAGE_OCCURRENCE('12','Actuator P3','',#5,#6701,$
  );
#6935 = PRODUCT_RELATED_PRODUCT_CATEGORY('part',$,(#6703));
#6936 = SHAPE_DEFINITION_REPRESENTATION(#6937,#6943);
#6937 = PRODUCT_DEFINITION_SHAPE('','',#6938);
#6938 = PRODUCT_DEFINITION('design','',#6939,#6942);
#6939 = PRODUCT_DEFINITION_FORMATION('','',#6940);
#6940 = PRODUCT('Terminal Pin P3 A','Terminal Pin P3 A','',(#6941));
#6941 = PRODUCT_CONTEXT('',#2,'mechanical');
#6942 = PRODUCT_DEFINITION_CONTEXT('part definition',#2,'design');
#6943 = ADVANCED_BREP_SHAPE_REPRESENTATION('',(#11,#6944),#7094);
#6944 = MANIFOLD_SOLID_BREP('',#6945);
#6945 = CLOSED_SHELL('',(#6946,#6986,#7026,#7048,#7070,#7082));
#6946 = ADVANCED_FACE('',(#6947),#6981,.F.);
#6947 = FACE_BOUND('',#6948,.F.);
#6948 = EDGE_LOOP('',(#6949,#6959,#6967,#6975));
#6949 = ORIENTED_EDGE('',*,*,#6950,.F.);
#6950 = EDGE_CURVE('',#6951,#6953,#6955,.T.);
#6951 = VERTEX_POINT('',#6952);
#6952 = CARTESIAN_POINT('',(40.1,4.35,-3.));
#6953 = VERTEX_POINT('',#6954);
#6954 = CARTESIAN_POINT('',(40.1,4.35,0.));
#6955 = LINE('',#6956,#6957);
#6956 = CARTESIAN_POINT('',(40.1,4.35,-3.));
#6957 = VECTOR('',#6958,1.);
#6958 = DIRECTION('',(0.,0.,1.));
#6959 = ORIENTED_EDGE('',*,*,#6960,.T.);
#6960 = EDGE_CURVE('',#6951,#6961,#6963,.T.);
#6961 = VERTEX_POINT('',#6962);
#6962 = CARTESIAN_POINT('',(40.1,4.85,-3.));
#6963 = LINE('',#6964,#6965);
#6964 = CARTESIAN_POINT('',(40.1,4.35,-3.));
#6965 = VECTOR('',#6966,1.);
#6966 = DIRECTION('',(-0.,1.,0.));
#6967 = ORIENTED_EDGE('',*,*,#6968,.T.);
#6968 = EDGE_CURVE('',#6961,#6969,#6971,.T.);
#6969 = VERTEX_POINT('',#6970);
#6970 = CARTESIAN_POINT('',(40.1,4.85,0.));
#6971 = LINE('',#6972,#6973);
#6972 = CARTESIAN_POINT('',(40.1,4.85,-3.));
#6973 = VECTOR('',#6974,1.);
#6974 = DIRECTION('',(0.,0.,1.));
#6975 = ORIENTED_EDGE('',*,*,#6976,.F.);
#6976 = EDGE_CURVE('',#6953,#6969,#6977,.T.);
#6977 = LINE('',#6978,#6979);
#6978 = CARTESIAN_POINT('',(40.1,4.35,0.));
#6979 = VECTOR('',#6980,1.);
#6980 = DIRECTION('',(-0.,1.,0.));
#6981 = PLANE('',#6982);
#6982 = AXIS2_PLACEMENT_3D('',#6983,#6984,#6985);
#6983 = CARTESIAN_POINT('',(40.1,4.35,-3.));
#6984 = DIRECTION('',(1.,0.,-0.));
#6985 = DIRECTION('',(0.,0.,1.));
#6986 = ADVANCED_FACE('',(#6987),#7021,.T.);
#6987 = FACE_BOUND('',#6988,.T.);
#6988 = EDGE_LOOP('',(#6989,#6999,#7007,#7015));
#6989 = ORIENTED_EDGE('',*,*,#6990,.F.);
#6990 = EDGE_CURVE('',#6991,#6993,#6995,.T.);
#6991 = VERTEX_POINT('',#6992);
#6992 = CARTESIAN_POINT('',(40.9,4.35,-3.));
#6993 = VERTEX_POINT('',#6994);
#6994 = CARTESIAN_POINT('',(40.9,4.35,0.));
#6995 = LINE('',#6996,#6997);
#6996 = CARTESIAN_POINT('',(40.9,4.35,-3.));
#6997 = VECTOR('',#6998,1.);
#6998 = DIRECTION('',(0.,0.,1.));
#6999 = ORIENTED_EDGE('',*,*,#7000,.T.);
#7000 = EDGE_CURVE('',#6991,#7001,#7003,.T.);
#7001 = VERTEX_POINT('',#7002);
#7002 = CARTESIAN_POINT('',(40.9,4.85,-3.));
#7003 = LINE('',#7004,#7005);
#7004 = CARTESIAN_POINT('',(40.9,4.35,-3.));
#7005 = VECTOR('',#7006,1.);
#7006 = DIRECTION('',(-0.,1.,0.));
#7007 = ORIENTED_EDGE('',*,*,#7008,.T.);
#7008 = EDGE_CURVE('',#7001,#7009,#7011,.T.);
#7009 = VERTEX_POINT('',#7010);
#7010 = CARTESIAN_POINT('',(40.9,4.85,0.));
#7011 = LINE('',#7012,#7013);
#7012 = CARTESIAN_POINT('',(40.9,4.85,-3.));
#7013 = VECTOR('',#7014,1.);
#7014 = DIRECTION('',(0.,0.,1.));
#7015 = ORIENTED_EDGE('',*,*,#7016,.F.);
#7016 = EDGE_CURVE('',#6993,#7009,#7017,.T.);
#7017 = LINE('',#7018,#7019);
#7018 = CARTESIAN_POINT('',(40.9,4.35,0.));
#7019 = VECTOR('',#7020,1.);
#7020 = DIRECTION('',(-0.,1.,0.));
#7021 = PLANE('',#7022);
#7022 = AXIS2_PLACEMENT_3D('',#7023,#7024,#7025);
#7023 = CARTESIAN_POINT('',(40.9,4.35,-3.));
#7024 = DIRECTION('',(1.,0.,-0.));
#7025 = DIRECTION('',(0.,0.,1.));
#7026 = ADVANCED_FACE('',(#7027),#7043,.F.);
#7027 = FACE_BOUND('',#7028,.F.);
#7028 = EDGE_LOOP('',(#7029,#7035,#7036,#7042));
#7029 = ORIENTED_EDGE('',*,*,#7030,.F.);
#7030 = EDGE_CURVE('',#6951,#6991,#7031,.T.);
#7031 = LINE('',#7032,#7033);
#7032 = CARTESIAN_POINT('',(40.1,4.35,-3.));
#7033 = VECTOR('',#7034,1.);
#7034 = DIRECTION('',(1.,0.,-0.));
#7035 = ORIENTED_EDGE('',*,*,#6950,.T.);
#7036 = ORIENTED_EDGE('',*,*,#7037,.T.);
#7037 = EDGE_CURVE('',#6953,#6993,#7038,.T.);
#7038 = LINE('',#7039,#7040);
#7039 = CARTESIAN_POINT('',(40.1,4.35,0.));
#7040 = VECTOR('',#7041,1.);
#7041 = DIRECTION('',(1.,0.,-0.));
#7042 = ORIENTED_EDGE('',*,*,#6990,.F.);
#7043 = PLANE('',#7044);
#7044 = AXIS2_PLACEMENT_3D('',#7045,#7046,#7047);
#7045 = CARTESIAN_POINT('',(40.1,4.35,-3.));
#7046 = DIRECTION('',(-0.,1.,0.));
#7047 = DIRECTION('',(0.,0.,1.));
#7048 = ADVANCED_FACE('',(#7049),#7065,.T.);
#7049 = FACE_BOUND('',#7050,.T.);
#7050 = EDGE_LOOP('',(#7051,#7057,#7058,#7064));
#7051 = ORIENTED_EDGE('',*,*,#7052,.F.);
#7052 = EDGE_CURVE('',#6961,#7001,#7053,.T.);
#7053 = LINE('',#7054,#7055);
#7054 = CARTESIAN_POINT('',(40.1,4.85,-3.));
#7055 = VECTOR('',#7056,1.);
#7056 = DIRECTION('',(1.,0.,-0.));
#7057 = ORIENTED_EDGE('',*,*,#6968,.T.);
#7058 = ORIENTED_EDGE('',*,*,#7059,.T.);
#7059 = EDGE_CURVE('',#6969,#7009,#7060,.T.);
#7060 = LINE('',#7061,#7062);
#7061 = CARTESIAN_POINT('',(40.1,4.85,0.));
#7062 = VECTOR('',#7063,1.);
#7063 = DIRECTION('',(1.,0.,-0.));
#7064 = ORIENTED_EDGE('',*,*,#7008,.F.);
#7065 = PLANE('',#7066);
#7066 = AXIS2_PLACEMENT_3D('',#7067,#7068,#7069);
#7067 = CARTESIAN_POINT('',(40.1,4.85,-3.));
#7068 = DIRECTION('',(-0.,1.,0.));
#7069 = DIRECTION('',(0.,0.,1.));
#7070 = ADVANCED_FACE('',(#7071),#7077,.F.);
#7071 = FACE_BOUND('',#7072,.F.);
#7072 = EDGE_LOOP('',(#7073,#7074,#7075,#7076));
#7073 = ORIENTED_EDGE('',*,*,#6960,.F.);
#7074 = ORIENTED_EDGE('',*,*,#7030,.T.);
#7075 = ORIENTED_EDGE('',*,*,#7000,.T.);
#7076 = ORIENTED_EDGE('',*,*,#7052,.F.);
#7077 = PLANE('',#7078);
#7078 = AXIS2_PLACEMENT_3D('',#7079,#7080,#7081);
#7079 = CARTESIAN_POINT('',(40.1,4.35,-3.));
#7080 = DIRECTION('',(0.,0.,1.));
#7081 = DIRECTION('',(1.,0.,-0.));
#7082 = ADVANCED_FACE('',(#7083),#7089,.T.);
#7083 = FACE_BOUND('',#7084,.T.);
#7084 = EDGE_LOOP('',(#7085,#7086,#7087,#7088));
#7085 = ORIENTED_EDGE('',*,*,#6976,.F.);
#7086 = ORIENTED_EDGE('',*,*,#7037,.T.);
#7087 = ORIENTED_EDGE('',*,*,#7016,.T.);
#7088 = ORIENTED_EDGE('',*,*,#7059,.F.);
#7089 = PLANE('',#7090);
#7090 = AXIS2_PLACEMENT_3D('',#7091,#7092,#7093);
#7091 = CARTESIAN_POINT('',(40.1,4.35,0.));
#7092 = DIRECTION('',(0.,0.,1.));
#7093 = DIRECTION('',(1.,0.,-0.));
#7094 = ( GEOMETRIC_REPRESENTATION_CONTEXT(3)
GLOBAL_UNCERTAINTY_ASSIGNED_CONTEXT((#7098))
GLOBAL_UNIT_ASSIGNED_CONTEXT((#7095,#7096,#7097)) REPRESENTATION_CONTEXT
('Context #1','3D Context with UNIT and UNCERTAINTY') );
#7095 = ( LENGTH_UNIT() NAMED_UNIT(*) SI_UNIT(.MILLI.,.METRE.) );
#7096 = ( NAMED_UNIT(*) PLANE_ANGLE_UNIT() SI_UNIT($,.RADIAN.) );
#7097 = ( NAMED_UNIT(*) SI_UNIT($,.STERADIAN.) SOLID_ANGLE_UNIT() );
#7098 = UNCERTAINTY_MEASURE_WITH_UNIT(LENGTH_MEASURE(1.E-07),#7095,
  'distance_accuracy_value','confusion accuracy');
#7099 = CONTEXT_DEPENDENT_SHAPE_REPRESENTATION(#7100,#7102);
#7100 = ( REPRESENTATION_RELATIONSHIP('','',#6943,#10)
REPRESENTATION_RELATIONSHIP_WITH_TRANSFORMATION(#7101)
SHAPE_REPRESENTATION_RELATIONSHIP() );
#7101 = ITEM_DEFINED_TRANSFORMATION('','',#11,#63);
#7102 = PRODUCT_DEFINITION_SHAPE('Placement','Placement of an item',
  #7103);
#7103 = NEXT_ASSEMBLY_USAGE_OCCURRENCE('13','Terminal Pin P3 A','',#5,
  #6938,$);
#7104 = PRODUCT_RELATED_PRODUCT_CATEGORY('part',$,(#6940));
#7105 = SHAPE_DEFINITION_REPRESENTATION(#7106,#7112);
#7106 = PRODUCT_DEFINITION_SHAPE('','',#7107);
#7107 = PRODUCT_DEFINITION('design','',#7108,#7111);
#7108 = PRODUCT_DEFINITION_FORMATION('','',#7109);
#7109 = PRODUCT('Terminal Pin P3 B','Terminal Pin P3 B','',(#7110));
#7110 = PRODUCT_CONTEXT('',#2,'mechanical');
#7111 = PRODUCT_DEFINITION_CONTEXT('part definition',#2,'design');
#7112 = ADVANCED_BREP_SHAPE_REPRESENTATION('',(#11,#7113),#7263);
#7113 = MANIFOLD_SOLID_BREP('',#7114);
#7114 = CLOSED_SHELL('',(#7115,#7155,#7195,#7217,#7239,#7251));
#7115 = ADVANCED_FACE('',(#7116),#7150,.F.);
#7116 = FACE_BOUND('',#7117,.F.);
#7117 = EDGE_LOOP('',(#7118,#7128,#7136,#7144));
#7118 = ORIENTED_EDGE('',*,*,#7119,.F.);
#7119 = EDGE_CURVE('',#7120,#7122,#7124,.T.);
#7120 = VERTEX_POINT('',#7121);
#7121 = CARTESIAN_POINT('',(40.1,9.35,-3.));
#7122 = VERTEX_POINT('',#7123);
#7123 = CARTESIAN_POINT('',(40.1,9.35,0.));
#7124 = LINE('',#7125,#7126);
#7125 = CARTESIAN_POINT('',(40.1,9.35,-3.));
#7126 = VECTOR('',#7127,1.);
#7127 = DIRECTION('',(0.,0.,1.));
#7128 = ORIENTED_EDGE('',*,*,#7129,.T.);
#7129 = EDGE_CURVE('',#7120,#7130,#7132,.T.);
#7130 = VERTEX_POINT('',#7131);
#7131 = CARTESIAN_POINT('',(40.1,9.85,-3.));
#7132 = LINE('',#7133,#7134);
#7133 = CARTESIAN_POINT('',(40.1,9.35,-3.));
#7134 = VECTOR('',#7135,1.);
#7135 = DIRECTION('',(-0.,1.,0.));
#7136 = ORIENTED_EDGE('',*,*,#7137,.T.);
#7137 = EDGE_CURVE('',#7130,#7138,#7140,.T.);
#7138 = VERTEX_POINT('',#7139);
#7139 = CARTESIAN_POINT('',(40.1,9.85,0.));
#7140 = LINE('',#7141,#7142);
#7141 = CARTESIAN_POINT('',(40.1,9.85,-3.));
#7142 = VECTOR('',#7143,1.);
#7143 = DIRECTION('',(0.,0.,1.));
#7144 = ORIENTED_EDGE('',*,*,#7145,.F.);
#7145 = EDGE_CURVE('',#7122,#7138,#7146,.T.);
#7146 = LINE('',#7147,#7148);
#7147 = CARTESIAN_POINT('',(40.1,9.35,0.));
#7148 = VECTOR('',#7149,1.);
#7149 = DIRECTION('',(-0.,1.,0.));
#7150 = PLANE('',#7151);
#7151 = AXIS2_PLACEMENT_3D('',#7152,#7153,#7154);
#7152 = CARTESIAN_POINT('',(40.1,9.35,-3.));
#7153 = DIRECTION('',(1.,0.,-0.));
#7154 = DIRECTION('',(0.,0.,1.));
#7155 = ADVANCED_FACE('',(#7156),#7190,.T.);
#7156 = FACE_BOUND('',#7157,.T.);
#7157 = EDGE_LOOP('',(#7158,#7168,#7176,#7184));
#7158 = ORIENTED_EDGE('',*,*,#7159,.F.);
#7159 = EDGE_CURVE('',#7160,#7162,#7164,.T.);
#7160 = VERTEX_POINT('',#7161);
#7161 = CARTESIAN_POINT('',(40.9,9.35,-3.));
#7162 = VERTEX_POINT('',#7163);
#7163 = CARTESIAN_POINT('',(40.9,9.35,0.));
#7164 = LINE('',#7165,#7166);
#7165 = CARTESIAN_POINT('',(40.9,9.35,-3.));
#7166 = VECTOR('',#7167,1.);
#7167 = DIRECTION('',(0.,0.,1.));
#7168 = ORIENTED_EDGE('',*,*,#7169,.T.);
#7169 = EDGE_CURVE('',#7160,#7170,#7172,.T.);
#7170 = VERTEX_POINT('',#7171);
#7171 = CARTESIAN_POINT('',(40.9,9.85,-3.));
#7172 = LINE('',#7173,#7174);
#7173 = CARTESIAN_POINT('',(40.9,9.35,-3.));
#7174 = VECTOR('',#7175,1.);
#7175 = DIRECTION('',(-0.,1.,0.));
#7176 = ORIENTED_EDGE('',*,*,#7177,.T.);
#7177 = EDGE_CURVE('',#7170,#7178,#7180,.T.);
#7178 = VERTEX_POINT('',#7179);
#7179 = CARTESIAN_POINT('',(40.9,9.85,0.));
#7180 = LINE('',#7181,#7182);
#7181 = CARTESIAN_POINT('',(40.9,9.85,-3.));
#7182 = VECTOR('',#7183,1.);
#7183 = DIRECTION('',(0.,0.,1.));
#7184 = ORIENTED_EDGE('',*,*,#7185,.F.);
#7185 = EDGE_CURVE('',#7162,#7178,#7186,.T.);
#7186 = LINE('',#7187,#7188);
#7187 = CARTESIAN_POINT('',(40.9,9.35,0.));
#7188 = VECTOR('',#7189,1.);
#7189 = DIRECTION('',(-0.,1.,0.));
#7190 = PLANE('',#7191);
#7191 = AXIS2_PLACEMENT_3D('',#7192,#7193,#7194);
#7192 = CARTESIAN_POINT('',(40.9,9.35,-3.));
#7193 = DIRECTION('',(1.,0.,-0.));
#7194 = DIRECTION('',(0.,0.,1.));
#7195 = ADVANCED_FACE('',(#7196),#7212,.F.);
#7196 = FACE_BOUND('',#7197,.F.);
#7197 = EDGE_LOOP('',(#7198,#7204,#7205,#7211));
#7198 = ORIENTED_EDGE('',*,*,#7199,.F.);
#7199 = EDGE_CURVE('',#7120,#7160,#7200,.T.);
#7200 = LINE('',#7201,#7202);
#7201 = CARTESIAN_POINT('',(40.1,9.35,-3.));
#7202 = VECTOR('',#7203,1.);
#7203 = DIRECTION('',(1.,0.,-0.));
#7204 = ORIENTED_EDGE('',*,*,#7119,.T.);
#7205 = ORIENTED_EDGE('',*,*,#7206,.T.);
#7206 = EDGE_CURVE('',#7122,#7162,#7207,.T.);
#7207 = LINE('',#7208,#7209);
#7208 = CARTESIAN_POINT('',(40.1,9.35,0.));
#7209 = VECTOR('',#7210,1.);
#7210 = DIRECTION('',(1.,0.,-0.));
#7211 = ORIENTED_EDGE('',*,*,#7159,.F.);
#7212 = PLANE('',#7213);
#7213 = AXIS2_PLACEMENT_3D('',#7214,#7215,#7216);
#7214 = CARTESIAN_POINT('',(40.1,9.35,-3.));
#7215 = DIRECTION('',(-0.,1.,0.));
#7216 = DIRECTION('',(0.,0.,1.));
#7217 = ADVANCED_FACE('',(#7218),#7234,.T.);
#7218 = FACE_BOUND('',#7219,.T.);
#7219 = EDGE_LOOP('',(#7220,#7226,#7227,#7233));
#7220 = ORIENTED_EDGE('',*,*,#7221,.F.);
#7221 = EDGE_CURVE('',#7130,#7170,#7222,.T.);
#7222 = LINE('',#7223,#7224);
#7223 = CARTESIAN_POINT('',(40.1,9.85,-3.));
#7224 = VECTOR('',#7225,1.);
#7225 = DIRECTION('',(1.,0.,-0.));
#7226 = ORIENTED_EDGE('',*,*,#7137,.T.);
#7227 = ORIENTED_EDGE('',*,*,#7228,.T.);
#7228 = EDGE_CURVE('',#7138,#7178,#7229,.T.);
#7229 = LINE('',#7230,#7231);
#7230 = CARTESIAN_POINT('',(40.1,9.85,0.));
#7231 = VECTOR('',#7232,1.);
#7232 = DIRECTION('',(1.,0.,-0.));
#7233 = ORIENTED_EDGE('',*,*,#7177,.F.);
#7234 = PLANE('',#7235);
#7235 = AXIS2_PLACEMENT_3D('',#7236,#7237,#7238);
#7236 = CARTESIAN_POINT('',(40.1,9.85,-3.));
#7237 = DIRECTION('',(-0.,1.,0.));
#7238 = DIRECTION('',(0.,0.,1.));
#7239 = ADVANCED_FACE('',(#7240),#7246,.F.);
#7240 = FACE_BOUND('',#7241,.F.);
#7241 = EDGE_LOOP('',(#7242,#7243,#7244,#7245));
#7242 = ORIENTED_EDGE('',*,*,#7129,.F.);
#7243 = ORIENTED_EDGE('',*,*,#7199,.T.);
#7244 = ORIENTED_EDGE('',*,*,#7169,.T.);
#7245 = ORIENTED_EDGE('',*,*,#7221,.F.);
#7246 = PLANE('',#7247);
#7247 = AXIS2_PLACEMENT_3D('',#7248,#7249,#7250);
#7248 = CARTESIAN_POINT('',(40.1,9.35,-3.));
#7249 = DIRECTION('',(0.,0.,1.));
#7250 = DIRECTION('',(1.,0.,-0.));
#7251 = ADVANCED_FACE('',(#7252),#7258,.T.);
#7252 = FACE_BOUND('',#7253,.T.);
#7253 = EDGE_LOOP('',(#7254,#7255,#7256,#7257));
#7254 = ORIENTED_EDGE('',*,*,#7145,.F.);
#7255 = ORIENTED_EDGE('',*,*,#7206,.T.);
#7256 = ORIENTED_EDGE('',*,*,#7185,.T.);
#7257 = ORIENTED_EDGE('',*,*,#7228,.F.);
#7258 = PLANE('',#7259);
#7259 = AXIS2_PLACEMENT_3D('',#7260,#7261,#7262);
#7260 = CARTESIAN_POINT('',(40.1,9.35,0.));
#7261 = DIRECTION('',(0.,0.,1.));
#7262 = DIRECTION('',(1.,0.,-0.));
#7263 = ( GEOMETRIC_REPRESENTATION_CONTEXT(3)
GLOBAL_UNCERTAINTY_ASSIGNED_CONTEXT((#7267))
GLOBAL_UNIT_ASSIGNED_CONTEXT((#7264,#7265,#7266)) REPRESENTATION_CONTEXT
('Context #1','3D Context with UNIT and UNCERTAINTY') );
#7264 = ( LENGTH_UNIT() NAMED_UNIT(*) SI_UNIT(.MILLI.,.METRE.) );
#7265 = ( NAMED_UNIT(*) PLANE_ANGLE_UNIT() SI_UNIT($,.RADIAN.) );
#7266 = ( NAMED_UNIT(*) SI_UNIT($,.STERADIAN.) SOLID_ANGLE_UNIT() );
#7267 = UNCERTAINTY_MEASURE_WITH_UNIT(LENGTH_MEASURE(1.E-07),#7264,
  'distance_accuracy_value','confusion accuracy');
#7268 = CONTEXT_DEPENDENT_SHAPE_REPRESENTATION(#7269,#7271);
#7269 = ( REPRESENTATION_RELATIONSHIP('','',#7112,#10)
REPRESENTATION_RELATIONSHIP_WITH_TRANSFORMATION(#7270)
SHAPE_REPRESENTATION_RELATIONSHIP() );
#7270 = ITEM_DEFINED_TRANSFORMATION('','',#11,#67);
#7271 = PRODUCT_DEFINITION_SHAPE('Placement','Placement of an item',
  #7272);
#7272 = NEXT_ASSEMBLY_USAGE_OCCURRENCE('14','Terminal Pin P3 B','',#5,
  #7107,$);
#7273 = PRODUCT_RELATED_PRODUCT_CATEGORY('part',$,(#7109));
#7274 = SHAPE_DEFINITION_REPRESENTATION(#7275,#7281);
#7275 = PRODUCT_DEFINITION_SHAPE('','',#7276);
#7276 = PRODUCT_DEFINITION('design','',#7277,#7280);
#7277 = PRODUCT_DEFINITION_FORMATION('','',#7278);
#7278 = PRODUCT('Housing P4','Housing P4','',(#7279));
#7279 = PRODUCT_CONTEXT('',#2,'mechanical');
#7280 = PRODUCT_DEFINITION_CONTEXT('part definition',#2,'design');
#7281 = ADVANCED_BREP_SHAPE_REPRESENTATION('',(#11,#7282),#8637);
#7282 = MANIFOLD_SOLID_BREP('',#7283);
#7283 = CLOSED_SHELL('',(#7284,#7332,#7365,#7456,#7481,#7514,#7547,#7648
    ,#7665,#7690,#7722,#7747,#7787,#7819,#7843,#7868,#7885,#7902,#7933,
    #7964,#7982,#8013,#8038,#8069,#8093,#8124,#8141,#8165,#8183,#8200,
    #8212,#8229,#8241,#8259,#8270,#8319,#8350,#8381,#8414,#8445,#8485,
    #8516,#8532,#8578,#8609,#8623));
#7284 = ADVANCED_FACE('',(#7285),#7327,.F.);
#7285 = FACE_BOUND('',#7286,.F.);
#7286 = EDGE_LOOP('',(#7287,#7297,#7305,#7313,#7321));
#7287 = ORIENTED_EDGE('',*,*,#7288,.F.);
#7288 = EDGE_CURVE('',#7289,#7291,#7293,.T.);
#7289 = VERTEX_POINT('',#7290);
#7290 = CARTESIAN_POINT('',(30.,0.3,0.3));
#7291 = VERTEX_POINT('',#7292);
#7292 = CARTESIAN_POINT('',(30.,0.3,9.086363636364));
#7293 = LINE('',#7294,#7295);
#7294 = CARTESIAN_POINT('',(30.,0.3,0.));
#7295 = VECTOR('',#7296,1.);
#7296 = DIRECTION('',(0.,0.,1.));
#7297 = ORIENTED_EDGE('',*,*,#7298,.T.);
#7298 = EDGE_CURVE('',#7289,#7299,#7301,.T.);
#7299 = VERTEX_POINT('',#7300);
#7300 = CARTESIAN_POINT('',(30.,12.2,0.3));
#7301 = LINE('',#7302,#7303);
#7302 = CARTESIAN_POINT('',(30.,0.,0.3));
#7303 = VECTOR('',#7304,1.);
#7304 = DIRECTION('',(-0.,1.,0.));
#7305 = ORIENTED_EDGE('',*,*,#7306,.T.);
#7306 = EDGE_CURVE('',#7299,#7307,#7309,.T.);
#7307 = VERTEX_POINT('',#7308);
#7308 = CARTESIAN_POINT('',(30.,12.2,10.3));
#7309 = LINE('',#7310,#7311);
#7310 = CARTESIAN_POINT('',(30.,12.2,0.));
#7311 = VECTOR('',#7312,1.);
#7312 = DIRECTION('',(0.,0.,1.));
#7313 = ORIENTED_EDGE('',*,*,#7314,.F.);
#7314 = EDGE_CURVE('',#7315,#7307,#7317,.T.);
#7315 = VERTEX_POINT('',#7316);
#7316 = CARTESIAN_POINT('',(30.,1.743243243243,10.3));
#7317 = LINE('',#7318,#7319);
#7318 = CARTESIAN_POINT('',(30.,0.,10.3));
#7319 = VECTOR('',#7320,1.);
#7320 = DIRECTION('',(-0.,1.,0.));
#7321 = ORIENTED_EDGE('',*,*,#7322,.F.);
#7322 = EDGE_CURVE('',#7291,#7315,#7323,.T.);
#7323 = LINE('',#7324,#7325);
#7324 = CARTESIAN_POINT('',(30.,-1.125779122542,7.88741301059));
#7325 = VECTOR('',#7326,1.);
#7326 = DIRECTION('',(0.,0.765362085905,0.643599935875));
#7327 = PLANE('',#7328);
#7328 = AXIS2_PLACEMENT_3D('',#7329,#7330,#7331);
#7329 = CARTESIAN_POINT('',(30.,0.,0.));
#7330 = DIRECTION('',(1.,0.,-0.));
#7331 = DIRECTION('',(0.,0.,1.));
#7332 = ADVANCED_FACE('',(#7333),#7360,.T.);
#7333 = FACE_BOUND('',#7334,.T.);
#7334 = EDGE_LOOP('',(#7335,#7336,#7345,#7353));
#7335 = ORIENTED_EDGE('',*,*,#7288,.F.);
#7336 = ORIENTED_EDGE('',*,*,#7337,.T.);
#7337 = EDGE_CURVE('',#7289,#7338,#7340,.T.);
#7338 = VERTEX_POINT('',#7339);
#7339 = CARTESIAN_POINT('',(30.3,-5.551115123126E-17,0.3));
#7340 = CIRCLE('',#7341,0.3);
#7341 = AXIS2_PLACEMENT_3D('',#7342,#7343,#7344);
#7342 = CARTESIAN_POINT('',(30.3,0.3,0.3));
#7343 = DIRECTION('',(0.,0.,1.));
#7344 = DIRECTION('',(-1.,0.,0.));
#7345 = ORIENTED_EDGE('',*,*,#7346,.T.);
#7346 = EDGE_CURVE('',#7338,#7347,#7349,.T.);
#7347 = VERTEX_POINT('',#7348);
#7348 = CARTESIAN_POINT('',(30.3,-5.551115123126E-17,8.834090909091));
#7349 = LINE('',#7350,#7351);
#7350 = CARTESIAN_POINT('',(30.3,-5.551115123126E-17,0.));
#7351 = VECTOR('',#7352,1.);
#7352 = DIRECTION('',(0.,0.,1.));
#7353 = ORIENTED_EDGE('',*,*,#7354,.T.);
#7354 = EDGE_CURVE('',#7347,#7291,#7355,.T.);
#7355 = ELLIPSE('',#7356,0.391971336867,0.3);
#7356 = AXIS2_PLACEMENT_3D('',#7357,#7358,#7359);
#7357 = CARTESIAN_POINT('',(30.3,0.3,9.086363636364));
#7358 = DIRECTION('',(0.,0.643599935875,-0.765362085905));
#7359 = DIRECTION('',(0.,0.765362085905,0.643599935875));
#7360 = CYLINDRICAL_SURFACE('',#7361,0.3);
#7361 = AXIS2_PLACEMENT_3D('',#7362,#7363,#7364);
#7362 = CARTESIAN_POINT('',(30.3,0.3,0.));
#7363 = DIRECTION('',(0.,0.,1.));
#7364 = DIRECTION('',(-1.,-0.,0.));
#7365 = ADVANCED_FACE('',(#7366),#7451,.F.);
#7366 = FACE_BOUND('',#7367,.F.);
#7367 = EDGE_LOOP('',(#7368,#7377,#7385,#7393,#7401,#7409,#7417,#7426,
    #7434,#7443,#7449,#7450));
#7368 = ORIENTED_EDGE('',*,*,#7369,.T.);
#7369 = EDGE_CURVE('',#7315,#7370,#7372,.T.);
#7370 = VERTEX_POINT('',#7371);
#7371 = CARTESIAN_POINT('',(30.3,2.1,10.6));
#7372 = ELLIPSE('',#7373,0.466128076275,0.3);
#7373 = AXIS2_PLACEMENT_3D('',#7374,#7375,#7376);
#7374 = CARTESIAN_POINT('',(30.3,1.743243243243,10.3));
#7375 = DIRECTION('',(0.,0.643599935875,-0.765362085905));
#7376 = DIRECTION('',(0.,0.765362085905,0.643599935875));
#7377 = ORIENTED_EDGE('',*,*,#7378,.T.);
#7378 = EDGE_CURVE('',#7370,#7379,#7381,.T.);
#7379 = VERTEX_POINT('',#7380);
#7380 = CARTESIAN_POINT('',(30.55,2.1,10.6));
#7381 = LINE('',#7382,#7383);
#7382 = CARTESIAN_POINT('',(29.9,2.1,10.6));
#7383 = VECTOR('',#7384,1.);
#7384 = DIRECTION('',(1.,0.,0.));
#7385 = ORIENTED_EDGE('',*,*,#7386,.T.);
#7386 = EDGE_CURVE('',#7379,#7387,#7389,.T.);
#7387 = VERTEX_POINT('',#7388);
#7388 = CARTESIAN_POINT('',(30.55,0.589585439838,9.329878665319));
#7389 = LINE('',#7390,#7391);
#7390 = CARTESIAN_POINT('',(30.55,2.697145719937,11.102145264493));
#7391 = VECTOR('',#7392,1.);
#7392 = DIRECTION('',(0.,-0.765362085905,-0.643599935875));
#7393 = ORIENTED_EDGE('',*,*,#7394,.T.);
#7394 = EDGE_CURVE('',#7387,#7395,#7397,.T.);
#7395 = VERTEX_POINT('',#7396);
#7396 = CARTESIAN_POINT('',(34.45,0.589585439838,9.329878665319));
#7397 = LINE('',#7398,#7399);
#7398 = CARTESIAN_POINT('',(30.225,0.589585439838,9.329878665319));
#7399 = VECTOR('',#7400,1.);
#7400 = DIRECTION('',(1.,0.,0.));
#7401 = ORIENTED_EDGE('',*,*,#7402,.F.);
#7402 = EDGE_CURVE('',#7403,#7395,#7405,.T.);
#7403 = VERTEX_POINT('',#7404);
#7404 = CARTESIAN_POINT('',(34.45,2.1,10.6));
#7405 = LINE('',#7406,#7407);
#7406 = CARTESIAN_POINT('',(34.45,2.697145719937,11.102145264493));
#7407 = VECTOR('',#7408,1.);
#7408 = DIRECTION('',(0.,-0.765362085905,-0.643599935875));
#7409 = ORIENTED_EDGE('',*,*,#7410,.T.);
#7410 = EDGE_CURVE('',#7403,#7411,#7413,.T.);
#7411 = VERTEX_POINT('',#7412);
#7412 = CARTESIAN_POINT('',(34.7,2.1,10.6));
#7413 = LINE('',#7414,#7415);
#7414 = CARTESIAN_POINT('',(29.9,2.1,10.6));
#7415 = VECTOR('',#7416,1.);
#7416 = DIRECTION('',(1.,0.,0.));
#7417 = ORIENTED_EDGE('',*,*,#7418,.T.);
#7418 = EDGE_CURVE('',#7411,#7419,#7421,.T.);
#7419 = VERTEX_POINT('',#7420);
#7420 = CARTESIAN_POINT('',(35.,1.743243243243,10.3));
#7421 = ELLIPSE('',#7422,0.466128076275,0.3);
#7422 = AXIS2_PLACEMENT_3D('',#7423,#7424,#7425);
#7423 = CARTESIAN_POINT('',(34.7,1.743243243243,10.3));
#7424 = DIRECTION('',(0.,0.643599935875,-0.765362085905));
#7425 = DIRECTION('',(0.,0.765362085905,0.643599935875));
#7426 = ORIENTED_EDGE('',*,*,#7427,.F.);
#7427 = EDGE_CURVE('',#7428,#7419,#7430,.T.);
#7428 = VERTEX_POINT('',#7429);
#7429 = CARTESIAN_POINT('',(35.,0.3,9.086363636364));
#7430 = LINE('',#7431,#7432);
#7431 = CARTESIAN_POINT('',(35.,-1.125779122542,7.88741301059));
#7432 = VECTOR('',#7433,1.);
#7433 = DIRECTION('',(0.,0.765362085905,0.643599935875));
#7434 = ORIENTED_EDGE('',*,*,#7435,.T.);
#7435 = EDGE_CURVE('',#7428,#7436,#7438,.T.);
#7436 = VERTEX_POINT('',#7437);
#7437 = CARTESIAN_POINT('',(34.7,-5.551115123126E-17,8.834090909091));
#7438 = ELLIPSE('',#7439,0.391971336867,0.3);
#7439 = AXIS2_PLACEMENT_3D('',#7440,#7441,#7442);
#7440 = CARTESIAN_POINT('',(34.7,0.3,9.086363636364));
#7441 = DIRECTION('',(0.,0.643599935875,-0.765362085905));
#7442 = DIRECTION('',(0.,0.765362085905,0.643599935875));
#7443 = ORIENTED_EDGE('',*,*,#7444,.T.);
#7444 = EDGE_CURVE('',#7436,#7347,#7445,.T.);
#7445 = LINE('',#7446,#7447);
#7446 = CARTESIAN_POINT('',(29.95,2.22044604925E-16,8.834090909091));
#7447 = VECTOR('',#7448,1.);
#7448 = DIRECTION('',(-1.,0.,-0.));
#7449 = ORIENTED_EDGE('',*,*,#7354,.T.);
#7450 = ORIENTED_EDGE('',*,*,#7322,.T.);
#7451 = PLANE('',#7452);
#7452 = AXIS2_PLACEMENT_3D('',#7453,#7454,#7455);
#7453 = CARTESIAN_POINT('',(29.9,2.1,10.6));
#7454 = DIRECTION('',(0.,0.643599935875,-0.765362085905));
#7455 = DIRECTION('',(0.,-0.765362085905,-0.643599935875));
#7456 = ADVANCED_FACE('',(#7457),#7476,.T.);
#7457 = FACE_BOUND('',#7458,.T.);
#7458 = EDGE_LOOP('',(#7459,#7460,#7468,#7475));
#7459 = ORIENTED_EDGE('',*,*,#7369,.T.);
#7460 = ORIENTED_EDGE('',*,*,#7461,.T.);
#7461 = EDGE_CURVE('',#7370,#7462,#7464,.T.);
#7462 = VERTEX_POINT('',#7463);
#7463 = CARTESIAN_POINT('',(30.3,12.2,10.6));
#7464 = LINE('',#7465,#7466);
#7465 = CARTESIAN_POINT('',(30.3,0.,10.6));
#7466 = VECTOR('',#7467,1.);
#7467 = DIRECTION('',(-0.,1.,0.));
#7468 = ORIENTED_EDGE('',*,*,#7469,.F.);
#7469 = EDGE_CURVE('',#7307,#7462,#7470,.T.);
#7470 = CIRCLE('',#7471,0.3);
#7471 = AXIS2_PLACEMENT_3D('',#7472,#7473,#7474);
#7472 = CARTESIAN_POINT('',(30.3,12.2,10.3));
#7473 = DIRECTION('',(-0.,1.,0.));
#7474 = DIRECTION('',(-1.,-0.,0.));
#7475 = ORIENTED_EDGE('',*,*,#7314,.F.);
#7476 = CYLINDRICAL_SURFACE('',#7477,0.3);
#7477 = AXIS2_PLACEMENT_3D('',#7478,#7479,#7480);
#7478 = CARTESIAN_POINT('',(30.3,0.,10.3));
#7479 = DIRECTION('',(-0.,1.,0.));
#7480 = DIRECTION('',(-1.,-0.,0.));
#7481 = ADVANCED_FACE('',(#7482),#7509,.T.);
#7482 = FACE_BOUND('',#7483,.F.);
#7483 = EDGE_LOOP('',(#7484,#7485,#7494,#7502));
#7484 = ORIENTED_EDGE('',*,*,#7306,.F.);
#7485 = ORIENTED_EDGE('',*,*,#7486,.T.);
#7486 = EDGE_CURVE('',#7299,#7487,#7489,.T.);
#7487 = VERTEX_POINT('',#7488);
#7488 = CARTESIAN_POINT('',(30.3,12.5,0.3));
#7489 = CIRCLE('',#7490,0.3);
#7490 = AXIS2_PLACEMENT_3D('',#7491,#7492,#7493);
#7491 = CARTESIAN_POINT('',(30.3,12.2,0.3));
#7492 = DIRECTION('',(-0.,0.,-1.));
#7493 = DIRECTION('',(-1.,0.,0.));
#7494 = ORIENTED_EDGE('',*,*,#7495,.T.);
#7495 = EDGE_CURVE('',#7487,#7496,#7498,.T.);
#7496 = VERTEX_POINT('',#7497);
#7497 = CARTESIAN_POINT('',(30.3,12.5,10.3));
#7498 = LINE('',#7499,#7500);
#7499 = CARTESIAN_POINT('',(30.3,12.5,0.));
#7500 = VECTOR('',#7501,1.);
#7501 = DIRECTION('',(0.,0.,1.));
#7502 = ORIENTED_EDGE('',*,*,#7503,.T.);
#7503 = EDGE_CURVE('',#7496,#7307,#7504,.T.);
#7504 = CIRCLE('',#7505,0.3);
#7505 = AXIS2_PLACEMENT_3D('',#7506,#7507,#7508);
#7506 = CARTESIAN_POINT('',(30.3,12.2,10.3));
#7507 = DIRECTION('',(0.,0.,1.));
#7508 = DIRECTION('',(-1.,-0.,0.));
#7509 = CYLINDRICAL_SURFACE('',#7510,0.3);
#7510 = AXIS2_PLACEMENT_3D('',#7511,#7512,#7513);
#7511 = CARTESIAN_POINT('',(30.3,12.2,0.));
#7512 = DIRECTION('',(0.,0.,1.));
#7513 = DIRECTION('',(-1.,-0.,0.));
#7514 = ADVANCED_FACE('',(#7515),#7542,.T.);
#7515 = FACE_BOUND('',#7516,.F.);
#7516 = EDGE_LOOP('',(#7517,#7526,#7534,#7541));
#7517 = ORIENTED_EDGE('',*,*,#7518,.F.);
#7518 = EDGE_CURVE('',#7519,#7289,#7521,.T.);
#7519 = VERTEX_POINT('',#7520);
#7520 = CARTESIAN_POINT('',(30.3,0.3,0.));
#7521 = CIRCLE('',#7522,0.3);
#7522 = AXIS2_PLACEMENT_3D('',#7523,#7524,#7525);
#7523 = CARTESIAN_POINT('',(30.3,0.3,0.3));
#7524 = DIRECTION('',(0.,1.,-0.));
#7525 = DIRECTION('',(-1.,0.,0.));
#7526 = ORIENTED_EDGE('',*,*,#7527,.T.);
#7527 = EDGE_CURVE('',#7519,#7528,#7530,.T.);
#7528 = VERTEX_POINT('',#7529);
#7529 = CARTESIAN_POINT('',(30.3,12.2,0.));
#7530 = LINE('',#7531,#7532);
#7531 = CARTESIAN_POINT('',(30.3,0.,-5.551115123126E-17));
#7532 = VECTOR('',#7533,1.);
#7533 = DIRECTION('',(-0.,1.,0.));
#7534 = ORIENTED_EDGE('',*,*,#7535,.T.);
#7535 = EDGE_CURVE('',#7528,#7299,#7536,.T.);
#7536 = CIRCLE('',#7537,0.3);
#7537 = AXIS2_PLACEMENT_3D('',#7538,#7539,#7540);
#7538 = CARTESIAN_POINT('',(30.3,12.2,0.3));
#7539 = DIRECTION('',(0.,1.,-0.));
#7540 = DIRECTION('',(-1.,0.,0.));
#7541 = ORIENTED_EDGE('',*,*,#7298,.F.);
#7542 = CYLINDRICAL_SURFACE('',#7543,0.3);
#7543 = AXIS2_PLACEMENT_3D('',#7544,#7545,#7546);
#7544 = CARTESIAN_POINT('',(30.3,0.,0.3));
#7545 = DIRECTION('',(-0.,1.,0.));
#7546 = DIRECTION('',(-1.,-0.,0.));
#7547 = ADVANCED_FACE('',(#7548,#7566),#7643,.F.);
#7548 = FACE_BOUND('',#7549,.F.);
#7549 = EDGE_LOOP('',(#7550,#7558,#7559,#7560));
#7550 = ORIENTED_EDGE('',*,*,#7551,.F.);
#7551 = EDGE_CURVE('',#7338,#7552,#7554,.T.);
#7552 = VERTEX_POINT('',#7553);
#7553 = CARTESIAN_POINT('',(34.7,-5.551115123126E-17,0.3));
#7554 = LINE('',#7555,#7556);
#7555 = CARTESIAN_POINT('',(30.,-5.551115123126E-17,0.3));
#7556 = VECTOR('',#7557,1.);
#7557 = DIRECTION('',(1.,0.,-0.));
#7558 = ORIENTED_EDGE('',*,*,#7346,.T.);
#7559 = ORIENTED_EDGE('',*,*,#7444,.F.);
#7560 = ORIENTED_EDGE('',*,*,#7561,.F.);
#7561 = EDGE_CURVE('',#7552,#7436,#7562,.T.);
#7562 = LINE('',#7563,#7564);
#7563 = CARTESIAN_POINT('',(34.7,-5.551115123126E-17,0.));
#7564 = VECTOR('',#7565,1.);
#7565 = DIRECTION('',(0.,0.,1.));
#7566 = FACE_BOUND('',#7567,.F.);
#7567 = EDGE_LOOP('',(#7568,#7578,#7586,#7594,#7603,#7612,#7620,#7628,
    #7636));
#7568 = ORIENTED_EDGE('',*,*,#7569,.F.);
#7569 = EDGE_CURVE('',#7570,#7572,#7574,.T.);
#7570 = VERTEX_POINT('',#7571);
#7571 = CARTESIAN_POINT('',(34.23,0.,5.65));
#7572 = VERTEX_POINT('',#7573);
#7573 = CARTESIAN_POINT('',(34.23,0.,2.25));
#7574 = LINE('',#7575,#7576);
#7575 = CARTESIAN_POINT('',(34.23,0.,1.125));
#7576 = VECTOR('',#7577,1.);
#7577 = DIRECTION('',(-0.,0.,-1.));
#7578 = ORIENTED_EDGE('',*,*,#7579,.F.);
#7579 = EDGE_CURVE('',#7580,#7570,#7582,.T.);
#7580 = VERTEX_POINT('',#7581);
#7581 = CARTESIAN_POINT('',(33.63,0.,5.65));
#7582 = LINE('',#7583,#7584);
#7583 = CARTESIAN_POINT('',(30.385,0.,5.65));
#7584 = VECTOR('',#7585,1.);
#7585 = DIRECTION('',(1.,0.,-0.));
#7586 = ORIENTED_EDGE('',*,*,#7587,.F.);
#7587 = EDGE_CURVE('',#7588,#7580,#7590,.T.);
#7588 = VERTEX_POINT('',#7589);
#7589 = CARTESIAN_POINT('',(33.63,0.,7.4));
#7590 = LINE('',#7591,#7592);
#7591 = CARTESIAN_POINT('',(33.63,0.,2.825));
#7592 = VECTOR('',#7593,1.);
#7593 = DIRECTION('',(-0.,0.,-1.));
#7594 = ORIENTED_EDGE('',*,*,#7595,.F.);
#7595 = EDGE_CURVE('',#7596,#7588,#7598,.T.);
#7596 = VERTEX_POINT('',#7597);
#7597 = CARTESIAN_POINT('',(32.5,0.,8.53));
#7598 = CIRCLE('',#7599,1.13);
#7599 = AXIS2_PLACEMENT_3D('',#7600,#7601,#7602);
#7600 = CARTESIAN_POINT('',(32.5,0.,7.4));
#7601 = DIRECTION('',(0.,1.,0.));
#7602 = DIRECTION('',(0.,-0.,1.));
#7603 = ORIENTED_EDGE('',*,*,#7604,.F.);
#7604 = EDGE_CURVE('',#7605,#7596,#7607,.T.);
#7605 = VERTEX_POINT('',#7606);
#7606 = CARTESIAN_POINT('',(31.37,0.,7.4));
#7607 = CIRCLE('',#7608,1.13);
#7608 = AXIS2_PLACEMENT_3D('',#7609,#7610,#7611);
#7609 = CARTESIAN_POINT('',(32.5,0.,7.4));
#7610 = DIRECTION('',(0.,1.,0.));
#7611 = DIRECTION('',(0.,-0.,1.));
#7612 = ORIENTED_EDGE('',*,*,#7613,.T.);
#7613 = EDGE_CURVE('',#7605,#7614,#7616,.T.);
#7614 = VERTEX_POINT('',#7615);
#7615 = CARTESIAN_POINT('',(31.37,0.,5.65));
#7616 = LINE('',#7617,#7618);
#7617 = CARTESIAN_POINT('',(31.37,0.,2.825));
#7618 = VECTOR('',#7619,1.);
#7619 = DIRECTION('',(-0.,0.,-1.));
#7620 = ORIENTED_EDGE('',*,*,#7621,.F.);
#7621 = EDGE_CURVE('',#7622,#7614,#7624,.T.);
#7622 = VERTEX_POINT('',#7623);
#7623 = CARTESIAN_POINT('',(30.77,0.,5.65));
#7624 = LINE('',#7625,#7626);
#7625 = CARTESIAN_POINT('',(30.385,0.,5.65));
#7626 = VECTOR('',#7627,1.);
#7627 = DIRECTION('',(1.,0.,-0.));
#7628 = ORIENTED_EDGE('',*,*,#7629,.T.);
#7629 = EDGE_CURVE('',#7622,#7630,#7632,.T.);
#7630 = VERTEX_POINT('',#7631);
#7631 = CARTESIAN_POINT('',(30.77,0.,2.25));
#7632 = LINE('',#7633,#7634);
#7633 = CARTESIAN_POINT('',(30.77,0.,1.125));
#7634 = VECTOR('',#7635,1.);
#7635 = DIRECTION('',(-0.,0.,-1.));
#7636 = ORIENTED_EDGE('',*,*,#7637,.F.);
#7637 = EDGE_CURVE('',#7572,#7630,#7638,.T.);
#7638 = CIRCLE('',#7639,1.73);
#7639 = AXIS2_PLACEMENT_3D('',#7640,#7641,#7642);
#7640 = CARTESIAN_POINT('',(32.5,0.,2.25));
#7641 = DIRECTION('',(0.,1.,0.));
#7642 = DIRECTION('',(0.,-0.,1.));
#7643 = PLANE('',#7644);
#7644 = AXIS2_PLACEMENT_3D('',#7645,#7646,#7647);
#7645 = CARTESIAN_POINT('',(30.,0.,0.));
#7646 = DIRECTION('',(-0.,1.,0.));
#7647 = DIRECTION('',(0.,0.,1.));
#7648 = ADVANCED_FACE('',(#7649),#7660,.T.);
#7649 = FACE_BOUND('',#7650,.T.);
#7650 = EDGE_LOOP('',(#7651,#7652,#7659));
#7651 = ORIENTED_EDGE('',*,*,#7518,.F.);
#7652 = ORIENTED_EDGE('',*,*,#7653,.T.);
#7653 = EDGE_CURVE('',#7519,#7338,#7654,.T.);
#7654 = CIRCLE('',#7655,0.3);
#7655 = AXIS2_PLACEMENT_3D('',#7656,#7657,#7658);
#7656 = CARTESIAN_POINT('',(30.3,0.3,0.3));
#7657 = DIRECTION('',(-1.,6.123233995737E-17,0.));
#7658 = DIRECTION('',(-6.123233995737E-17,-1.,0.));
#7659 = ORIENTED_EDGE('',*,*,#7337,.F.);
#7660 = SPHERICAL_SURFACE('',#7661,0.3);
#7661 = AXIS2_PLACEMENT_3D('',#7662,#7663,#7664);
#7662 = CARTESIAN_POINT('',(30.3,0.3,0.3));
#7663 = DIRECTION('',(0.,0.,1.));
#7664 = DIRECTION('',(-1.,0.,0.));
#7665 = ADVANCED_FACE('',(#7666),#7685,.T.);
#7666 = FACE_BOUND('',#7667,.F.);
#7667 = EDGE_LOOP('',(#7668,#7676,#7683,#7684));
#7668 = ORIENTED_EDGE('',*,*,#7669,.F.);
#7669 = EDGE_CURVE('',#7670,#7428,#7672,.T.);
#7670 = VERTEX_POINT('',#7671);
#7671 = CARTESIAN_POINT('',(35.,0.3,0.3));
#7672 = LINE('',#7673,#7674);
#7673 = CARTESIAN_POINT('',(35.,0.3,0.));
#7674 = VECTOR('',#7675,1.);
#7675 = DIRECTION('',(0.,0.,1.));
#7676 = ORIENTED_EDGE('',*,*,#7677,.T.);
#7677 = EDGE_CURVE('',#7670,#7552,#7678,.T.);
#7678 = CIRCLE('',#7679,0.3);
#7679 = AXIS2_PLACEMENT_3D('',#7680,#7681,#7682);
#7680 = CARTESIAN_POINT('',(34.7,0.3,0.3));
#7681 = DIRECTION('',(0.,-0.,-1.));
#7682 = DIRECTION('',(1.,0.,-0.));
#7683 = ORIENTED_EDGE('',*,*,#7561,.T.);
#7684 = ORIENTED_EDGE('',*,*,#7435,.F.);
#7685 = CYLINDRICAL_SURFACE('',#7686,0.3);
#7686 = AXIS2_PLACEMENT_3D('',#7687,#7688,#7689);
#7687 = CARTESIAN_POINT('',(34.7,0.3,0.));
#7688 = DIRECTION('',(0.,0.,1.));
#7689 = DIRECTION('',(1.,0.,-0.));
#7690 = ADVANCED_FACE('',(#7691),#7717,.T.);
#7691 = FACE_BOUND('',#7692,.T.);
#7692 = EDGE_LOOP('',(#7693,#7694,#7702,#7710,#7716));
#7693 = ORIENTED_EDGE('',*,*,#7669,.F.);
#7694 = ORIENTED_EDGE('',*,*,#7695,.T.);
#7695 = EDGE_CURVE('',#7670,#7696,#7698,.T.);
#7696 = VERTEX_POINT('',#7697);
#7697 = CARTESIAN_POINT('',(35.,12.2,0.3));
#7698 = LINE('',#7699,#7700);
#7699 = CARTESIAN_POINT('',(35.,0.,0.3));
#7700 = VECTOR('',#7701,1.);
#7701 = DIRECTION('',(-0.,1.,0.));
#7702 = ORIENTED_EDGE('',*,*,#7703,.T.);
#7703 = EDGE_CURVE('',#7696,#7704,#7706,.T.);
#7704 = VERTEX_POINT('',#7705);
#7705 = CARTESIAN_POINT('',(35.,12.2,10.3));
#7706 = LINE('',#7707,#7708);
#7707 = CARTESIAN_POINT('',(35.,12.2,0.));
#7708 = VECTOR('',#7709,1.);
#7709 = DIRECTION('',(0.,0.,1.));
#7710 = ORIENTED_EDGE('',*,*,#7711,.F.);
#7711 = EDGE_CURVE('',#7419,#7704,#7712,.T.);
#7712 = LINE('',#7713,#7714);
#7713 = CARTESIAN_POINT('',(35.,0.,10.3));
#7714 = VECTOR('',#7715,1.);
#7715 = DIRECTION('',(-0.,1.,0.));
#7716 = ORIENTED_EDGE('',*,*,#7427,.F.);
#7717 = PLANE('',#7718);
#7718 = AXIS2_PLACEMENT_3D('',#7719,#7720,#7721);
#7719 = CARTESIAN_POINT('',(35.,0.,0.));
#7720 = DIRECTION('',(1.,0.,-0.));
#7721 = DIRECTION('',(0.,0.,1.));
#7722 = ADVANCED_FACE('',(#7723),#7742,.T.);
#7723 = FACE_BOUND('',#7724,.F.);
#7724 = EDGE_LOOP('',(#7725,#7726,#7734,#7741));
#7725 = ORIENTED_EDGE('',*,*,#7418,.F.);
#7726 = ORIENTED_EDGE('',*,*,#7727,.T.);
#7727 = EDGE_CURVE('',#7411,#7728,#7730,.T.);
#7728 = VERTEX_POINT('',#7729);
#7729 = CARTESIAN_POINT('',(34.7,12.2,10.6));
#7730 = LINE('',#7731,#7732);
#7731 = CARTESIAN_POINT('',(34.7,0.,10.6));
#7732 = VECTOR('',#7733,1.);
#7733 = DIRECTION('',(-0.,1.,0.));
#7734 = ORIENTED_EDGE('',*,*,#7735,.F.);
#7735 = EDGE_CURVE('',#7704,#7728,#7736,.T.);
#7736 = CIRCLE('',#7737,0.3);
#7737 = AXIS2_PLACEMENT_3D('',#7738,#7739,#7740);
#7738 = CARTESIAN_POINT('',(34.7,12.2,10.3));
#7739 = DIRECTION('',(0.,-1.,-0.));
#7740 = DIRECTION('',(1.,0.,0.));
#7741 = ORIENTED_EDGE('',*,*,#7711,.F.);
#7742 = CYLINDRICAL_SURFACE('',#7743,0.3);
#7743 = AXIS2_PLACEMENT_3D('',#7744,#7745,#7746);
#7744 = CARTESIAN_POINT('',(34.7,0.,10.3));
#7745 = DIRECTION('',(-0.,1.,0.));
#7746 = DIRECTION('',(1.,0.,-0.));
#7747 = ADVANCED_FACE('',(#7748),#7782,.T.);
#7748 = FACE_BOUND('',#7749,.T.);
#7749 = EDGE_LOOP('',(#7750,#7751,#7752,#7760,#7768,#7774,#7775,#7776));
#7750 = ORIENTED_EDGE('',*,*,#7461,.F.);
#7751 = ORIENTED_EDGE('',*,*,#7378,.T.);
#7752 = ORIENTED_EDGE('',*,*,#7753,.F.);
#7753 = EDGE_CURVE('',#7754,#7379,#7756,.T.);
#7754 = VERTEX_POINT('',#7755);
#7755 = CARTESIAN_POINT('',(30.55,9.7,10.6));
#7756 = LINE('',#7757,#7758);
#7757 = CARTESIAN_POINT('',(30.55,2.442585746037,10.6));
#7758 = VECTOR('',#7759,1.);
#7759 = DIRECTION('',(0.,-1.,0.));
#7760 = ORIENTED_EDGE('',*,*,#7761,.F.);
#7761 = EDGE_CURVE('',#7762,#7754,#7764,.T.);
#7762 = VERTEX_POINT('',#7763);
#7763 = CARTESIAN_POINT('',(34.45,9.7,10.6));
#7764 = LINE('',#7765,#7766);
#7765 = CARTESIAN_POINT('',(30.275,9.7,10.6));
#7766 = VECTOR('',#7767,1.);
#7767 = DIRECTION('',(-1.,-0.,0.));
#7768 = ORIENTED_EDGE('',*,*,#7769,.T.);
#7769 = EDGE_CURVE('',#7762,#7403,#7770,.T.);
#7770 = LINE('',#7771,#7772);
#7771 = CARTESIAN_POINT('',(34.45,2.442585746037,10.6));
#7772 = VECTOR('',#7773,1.);
#7773 = DIRECTION('',(0.,-1.,0.));
#7774 = ORIENTED_EDGE('',*,*,#7410,.T.);
#7775 = ORIENTED_EDGE('',*,*,#7727,.T.);
#7776 = ORIENTED_EDGE('',*,*,#7777,.F.);
#7777 = EDGE_CURVE('',#7462,#7728,#7778,.T.);
#7778 = LINE('',#7779,#7780);
#7779 = CARTESIAN_POINT('',(30.,12.2,10.6));
#7780 = VECTOR('',#7781,1.);
#7781 = DIRECTION('',(1.,0.,-0.));
#7782 = PLANE('',#7783);
#7783 = AXIS2_PLACEMENT_3D('',#7784,#7785,#7786);
#7784 = CARTESIAN_POINT('',(30.,0.,10.6));
#7785 = DIRECTION('',(0.,0.,1.));
#7786 = DIRECTION('',(1.,0.,-0.));
#7787 = ADVANCED_FACE('',(#7788),#7814,.T.);
#7788 = FACE_BOUND('',#7789,.T.);
#7789 = EDGE_LOOP('',(#7790,#7791,#7799,#7807,#7813));
#7790 = ORIENTED_EDGE('',*,*,#7769,.F.);
#7791 = ORIENTED_EDGE('',*,*,#7792,.T.);
#7792 = EDGE_CURVE('',#7762,#7793,#7795,.T.);
#7793 = VERTEX_POINT('',#7794);
#7794 = CARTESIAN_POINT('',(34.45,9.7,8.45));
#7795 = LINE('',#7796,#7797);
#7796 = CARTESIAN_POINT('',(34.45,9.7,10.8));
#7797 = VECTOR('',#7798,1.);
#7798 = DIRECTION('',(0.,0.,-1.));
#7799 = ORIENTED_EDGE('',*,*,#7800,.T.);
#7800 = EDGE_CURVE('',#7793,#7801,#7803,.T.);
#7801 = VERTEX_POINT('',#7802);
#7802 = CARTESIAN_POINT('',(34.45,1.4,8.45));
#7803 = LINE('',#7804,#7805);
#7804 = CARTESIAN_POINT('',(34.45,9.7,8.45));
#7805 = VECTOR('',#7806,1.);
#7806 = DIRECTION('',(0.,-1.,0.));
#7807 = ORIENTED_EDGE('',*,*,#7808,.T.);
#7808 = EDGE_CURVE('',#7801,#7395,#7809,.T.);
#7809 = LINE('',#7810,#7811);
#7810 = CARTESIAN_POINT('',(34.45,1.4,8.45));
#7811 = VECTOR('',#7812,1.);
#7812 = DIRECTION('',(0.,-0.677475754752,0.735545105159));
#7813 = ORIENTED_EDGE('',*,*,#7402,.F.);
#7814 = PLANE('',#7815);
#7815 = AXIS2_PLACEMENT_3D('',#7816,#7817,#7818);
#7816 = CARTESIAN_POINT('',(34.45,4.885171492075,9.712433169613));
#7817 = DIRECTION('',(-1.,-0.,-0.));
#7818 = DIRECTION('',(0.,0.,-1.));
#7819 = ADVANCED_FACE('',(#7820),#7838,.F.);
#7820 = FACE_BOUND('',#7821,.F.);
#7821 = EDGE_LOOP('',(#7822,#7830,#7836,#7837));
#7822 = ORIENTED_EDGE('',*,*,#7823,.F.);
#7823 = EDGE_CURVE('',#7824,#7387,#7826,.T.);
#7824 = VERTEX_POINT('',#7825);
#7825 = CARTESIAN_POINT('',(30.55,1.4,8.45));
#7826 = LINE('',#7827,#7828);
#7827 = CARTESIAN_POINT('',(30.55,1.4,8.45));
#7828 = VECTOR('',#7829,1.);
#7829 = DIRECTION('',(0.,-0.677475754752,0.735545105159));
#7830 = ORIENTED_EDGE('',*,*,#7831,.T.);
#7831 = EDGE_CURVE('',#7824,#7801,#7832,.T.);
#7832 = LINE('',#7833,#7834);
#7833 = CARTESIAN_POINT('',(30.55,1.4,8.45));
#7834 = VECTOR('',#7835,1.);
#7835 = DIRECTION('',(1.,0.,0.));
#7836 = ORIENTED_EDGE('',*,*,#7808,.T.);
#7837 = ORIENTED_EDGE('',*,*,#7394,.F.);
#7838 = PLANE('',#7839);
#7839 = AXIS2_PLACEMENT_3D('',#7840,#7841,#7842);
#7840 = CARTESIAN_POINT('',(30.55,1.4,8.45));
#7841 = DIRECTION('',(0.,-0.735545105159,-0.677475754752));
#7842 = DIRECTION('',(0.,-0.677475754752,0.735545105159));
#7843 = ADVANCED_FACE('',(#7844),#7863,.F.);
#7844 = FACE_BOUND('',#7845,.F.);
#7845 = EDGE_LOOP('',(#7846,#7847,#7855,#7861,#7862));
#7846 = ORIENTED_EDGE('',*,*,#7753,.F.);
#7847 = ORIENTED_EDGE('',*,*,#7848,.T.);
#7848 = EDGE_CURVE('',#7754,#7849,#7851,.T.);
#7849 = VERTEX_POINT('',#7850);
#7850 = CARTESIAN_POINT('',(30.55,9.7,8.45));
#7851 = LINE('',#7852,#7853);
#7852 = CARTESIAN_POINT('',(30.55,9.7,10.8));
#7853 = VECTOR('',#7854,1.);
#7854 = DIRECTION('',(0.,0.,-1.));
#7855 = ORIENTED_EDGE('',*,*,#7856,.T.);
#7856 = EDGE_CURVE('',#7849,#7824,#7857,.T.);
#7857 = LINE('',#7858,#7859);
#7858 = CARTESIAN_POINT('',(30.55,9.7,8.45));
#7859 = VECTOR('',#7860,1.);
#7860 = DIRECTION('',(0.,-1.,0.));
#7861 = ORIENTED_EDGE('',*,*,#7823,.T.);
#7862 = ORIENTED_EDGE('',*,*,#7386,.F.);
#7863 = PLANE('',#7864);
#7864 = AXIS2_PLACEMENT_3D('',#7865,#7866,#7867);
#7865 = CARTESIAN_POINT('',(30.55,4.885171492075,9.712433169613));
#7866 = DIRECTION('',(-1.,-0.,-0.));
#7867 = DIRECTION('',(0.,0.,-1.));
#7868 = ADVANCED_FACE('',(#7869),#7880,.T.);
#7869 = FACE_BOUND('',#7870,.F.);
#7870 = EDGE_LOOP('',(#7871,#7872,#7879));
#7871 = ORIENTED_EDGE('',*,*,#7503,.F.);
#7872 = ORIENTED_EDGE('',*,*,#7873,.T.);
#7873 = EDGE_CURVE('',#7496,#7462,#7874,.T.);
#7874 = CIRCLE('',#7875,0.3);
#7875 = AXIS2_PLACEMENT_3D('',#7876,#7877,#7878);
#7876 = CARTESIAN_POINT('',(30.3,12.2,10.3));
#7877 = DIRECTION('',(1.,0.,6.123233995737E-17));
#7878 = DIRECTION('',(-6.123233995737E-17,-0.,1.));
#7879 = ORIENTED_EDGE('',*,*,#7469,.F.);
#7880 = SPHERICAL_SURFACE('',#7881,0.3);
#7881 = AXIS2_PLACEMENT_3D('',#7882,#7883,#7884);
#7882 = CARTESIAN_POINT('',(30.3,12.2,10.3));
#7883 = DIRECTION('',(0.,-1.,-0.));
#7884 = DIRECTION('',(-1.,-0.,0.));
#7885 = ADVANCED_FACE('',(#7886),#7897,.T.);
#7886 = FACE_BOUND('',#7887,.F.);
#7887 = EDGE_LOOP('',(#7888,#7889,#7896));
#7888 = ORIENTED_EDGE('',*,*,#7535,.F.);
#7889 = ORIENTED_EDGE('',*,*,#7890,.T.);
#7890 = EDGE_CURVE('',#7528,#7487,#7891,.T.);
#7891 = CIRCLE('',#7892,0.3);
#7892 = AXIS2_PLACEMENT_3D('',#7893,#7894,#7895);
#7893 = CARTESIAN_POINT('',(30.3,12.2,0.3));
#7894 = DIRECTION('',(1.,6.123233995737E-17,-0.));
#7895 = DIRECTION('',(-6.123233995737E-17,1.,0.));
#7896 = ORIENTED_EDGE('',*,*,#7486,.F.);
#7897 = SPHERICAL_SURFACE('',#7898,0.3);
#7898 = AXIS2_PLACEMENT_3D('',#7899,#7900,#7901);
#7899 = CARTESIAN_POINT('',(30.3,12.2,0.3));
#7900 = DIRECTION('',(0.,0.,1.));
#7901 = DIRECTION('',(-1.,0.,0.));
#7902 = ADVANCED_FACE('',(#7903),#7928,.T.);
#7903 = FACE_BOUND('',#7904,.T.);
#7904 = EDGE_LOOP('',(#7905,#7906,#7914,#7922));
#7905 = ORIENTED_EDGE('',*,*,#7495,.T.);
#7906 = ORIENTED_EDGE('',*,*,#7907,.T.);
#7907 = EDGE_CURVE('',#7496,#7908,#7910,.T.);
#7908 = VERTEX_POINT('',#7909);
#7909 = CARTESIAN_POINT('',(34.7,12.5,10.3));
#7910 = LINE('',#7911,#7912);
#7911 = CARTESIAN_POINT('',(30.,12.5,10.3));
#7912 = VECTOR('',#7913,1.);
#7913 = DIRECTION('',(1.,0.,-0.));
#7914 = ORIENTED_EDGE('',*,*,#7915,.F.);
#7915 = EDGE_CURVE('',#7916,#7908,#7918,.T.);
#7916 = VERTEX_POINT('',#7917);
#7917 = CARTESIAN_POINT('',(34.7,12.5,0.3));
#7918 = LINE('',#7919,#7920);
#7919 = CARTESIAN_POINT('',(34.7,12.5,0.));
#7920 = VECTOR('',#7921,1.);
#7921 = DIRECTION('',(0.,0.,1.));
#7922 = ORIENTED_EDGE('',*,*,#7923,.F.);
#7923 = EDGE_CURVE('',#7487,#7916,#7924,.T.);
#7924 = LINE('',#7925,#7926);
#7925 = CARTESIAN_POINT('',(30.,12.5,0.3));
#7926 = VECTOR('',#7927,1.);
#7927 = DIRECTION('',(1.,0.,-0.));
#7928 = PLANE('',#7929);
#7929 = AXIS2_PLACEMENT_3D('',#7930,#7931,#7932);
#7930 = CARTESIAN_POINT('',(30.,12.5,0.));
#7931 = DIRECTION('',(-0.,1.,0.));
#7932 = DIRECTION('',(0.,0.,1.));
#7933 = ADVANCED_FACE('',(#7934),#7959,.F.);
#7934 = FACE_BOUND('',#7935,.F.);
#7935 = EDGE_LOOP('',(#7936,#7937,#7945,#7953));
#7936 = ORIENTED_EDGE('',*,*,#7527,.F.);
#7937 = ORIENTED_EDGE('',*,*,#7938,.T.);
#7938 = EDGE_CURVE('',#7519,#7939,#7941,.T.);
#7939 = VERTEX_POINT('',#7940);
#7940 = CARTESIAN_POINT('',(34.7,0.3,0.));
#7941 = LINE('',#7942,#7943);
#7942 = CARTESIAN_POINT('',(30.,0.3,-5.551115123126E-17));
#7943 = VECTOR('',#7944,1.);
#7944 = DIRECTION('',(1.,0.,-0.));
#7945 = ORIENTED_EDGE('',*,*,#7946,.T.);
#7946 = EDGE_CURVE('',#7939,#7947,#7949,.T.);
#7947 = VERTEX_POINT('',#7948);
#7948 = CARTESIAN_POINT('',(34.7,12.2,0.));
#7949 = LINE('',#7950,#7951);
#7950 = CARTESIAN_POINT('',(34.7,0.,-5.551115123126E-17));
#7951 = VECTOR('',#7952,1.);
#7952 = DIRECTION('',(-0.,1.,0.));
#7953 = ORIENTED_EDGE('',*,*,#7954,.F.);
#7954 = EDGE_CURVE('',#7528,#7947,#7955,.T.);
#7955 = LINE('',#7956,#7957);
#7956 = CARTESIAN_POINT('',(30.,12.2,-5.551115123126E-17));
#7957 = VECTOR('',#7958,1.);
#7958 = DIRECTION('',(1.,0.,-0.));
#7959 = PLANE('',#7960);
#7960 = AXIS2_PLACEMENT_3D('',#7961,#7962,#7963);
#7961 = CARTESIAN_POINT('',(30.,0.,0.));
#7962 = DIRECTION('',(0.,0.,1.));
#7963 = DIRECTION('',(1.,0.,-0.));
#7964 = ADVANCED_FACE('',(#7965),#7977,.T.);
#7965 = FACE_BOUND('',#7966,.T.);
#7966 = EDGE_LOOP('',(#7967,#7968,#7969,#7976));
#7967 = ORIENTED_EDGE('',*,*,#7653,.F.);
#7968 = ORIENTED_EDGE('',*,*,#7938,.T.);
#7969 = ORIENTED_EDGE('',*,*,#7970,.T.);
#7970 = EDGE_CURVE('',#7939,#7552,#7971,.T.);
#7971 = CIRCLE('',#7972,0.3);
#7972 = AXIS2_PLACEMENT_3D('',#7973,#7974,#7975);
#7973 = CARTESIAN_POINT('',(34.7,0.3,0.3));
#7974 = DIRECTION('',(-1.,-6.123233995737E-17,0.));
#7975 = DIRECTION('',(6.123233995737E-17,-1.,-0.));
#7976 = ORIENTED_EDGE('',*,*,#7551,.F.);
#7977 = CYLINDRICAL_SURFACE('',#7978,0.3);
#7978 = AXIS2_PLACEMENT_3D('',#7979,#7980,#7981);
#7979 = CARTESIAN_POINT('',(30.,0.3,0.3));
#7980 = DIRECTION('',(1.,0.,-0.));
#7981 = DIRECTION('',(0.,-1.,0.));
#7982 = ADVANCED_FACE('',(#7983),#8008,.F.);
#7983 = FACE_BOUND('',#7984,.F.);
#7984 = EDGE_LOOP('',(#7985,#7986,#7994,#8002));
#7985 = ORIENTED_EDGE('',*,*,#7569,.T.);
#7986 = ORIENTED_EDGE('',*,*,#7987,.T.);
#7987 = EDGE_CURVE('',#7572,#7988,#7990,.T.);
#7988 = VERTEX_POINT('',#7989);
#7989 = CARTESIAN_POINT('',(34.23,0.4,2.25));
#7990 = LINE('',#7991,#7992);
#7991 = CARTESIAN_POINT('',(34.23,-5.E-02,2.25));
#7992 = VECTOR('',#7993,1.);
#7993 = DIRECTION('',(-0.,1.,0.));
#7994 = ORIENTED_EDGE('',*,*,#7995,.T.);
#7995 = EDGE_CURVE('',#7988,#7996,#7998,.T.);
#7996 = VERTEX_POINT('',#7997);
#7997 = CARTESIAN_POINT('',(34.23,0.4,5.65));
#7998 = LINE('',#7999,#8000);
#7999 = CARTESIAN_POINT('',(34.23,0.4,2.25));
#8000 = VECTOR('',#8001,1.);
#8001 = DIRECTION('',(0.,0.,1.));
#8002 = ORIENTED_EDGE('',*,*,#8003,.F.);
#8003 = EDGE_CURVE('',#7570,#7996,#8004,.T.);
#8004 = LINE('',#8005,#8006);
#8005 = CARTESIAN_POINT('',(34.23,-5.E-02,5.65));
#8006 = VECTOR('',#8007,1.);
#8007 = DIRECTION('',(-0.,1.,0.));
#8008 = PLANE('',#8009);
#8009 = AXIS2_PLACEMENT_3D('',#8010,#8011,#8012);
#8010 = CARTESIAN_POINT('',(34.23,-5.E-02,2.25));
#8011 = DIRECTION('',(1.,0.,-0.));
#8012 = DIRECTION('',(0.,0.,1.));
#8013 = ADVANCED_FACE('',(#8014),#8033,.F.);
#8014 = FACE_BOUND('',#8015,.F.);
#8015 = EDGE_LOOP('',(#8016,#8025,#8026,#8027));
#8016 = ORIENTED_EDGE('',*,*,#8017,.F.);
#8017 = EDGE_CURVE('',#7988,#8018,#8020,.T.);
#8018 = VERTEX_POINT('',#8019);
#8019 = CARTESIAN_POINT('',(30.77,0.4,2.25));
#8020 = CIRCLE('',#8021,1.73);
#8021 = AXIS2_PLACEMENT_3D('',#8022,#8023,#8024);
#8022 = CARTESIAN_POINT('',(32.5,0.4,2.25));
#8023 = DIRECTION('',(0.,1.,0.));
#8024 = DIRECTION('',(0.,-0.,1.));
#8025 = ORIENTED_EDGE('',*,*,#7987,.F.);
#8026 = ORIENTED_EDGE('',*,*,#7637,.T.);
#8027 = ORIENTED_EDGE('',*,*,#8028,.T.);
#8028 = EDGE_CURVE('',#7630,#8018,#8029,.T.);
#8029 = LINE('',#8030,#8031);
#8030 = CARTESIAN_POINT('',(30.77,-5.E-02,2.25));
#8031 = VECTOR('',#8032,1.);
#8032 = DIRECTION('',(-0.,1.,0.));
#8033 = CYLINDRICAL_SURFACE('',#8034,1.73);
#8034 = AXIS2_PLACEMENT_3D('',#8035,#8036,#8037);
#8035 = CARTESIAN_POINT('',(32.5,-5.E-02,2.25));
#8036 = DIRECTION('',(0.,1.,0.));
#8037 = DIRECTION('',(0.,-0.,1.));
#8038 = ADVANCED_FACE('',(#8039),#8064,.F.);
#8039 = FACE_BOUND('',#8040,.F.);
#8040 = EDGE_LOOP('',(#8041,#8042,#8050,#8058));
#8041 = ORIENTED_EDGE('',*,*,#7587,.T.);
#8042 = ORIENTED_EDGE('',*,*,#8043,.T.);
#8043 = EDGE_CURVE('',#7580,#8044,#8046,.T.);
#8044 = VERTEX_POINT('',#8045);
#8045 = CARTESIAN_POINT('',(33.63,0.4,5.65));
#8046 = LINE('',#8047,#8048);
#8047 = CARTESIAN_POINT('',(33.63,-5.E-02,5.65));
#8048 = VECTOR('',#8049,1.);
#8049 = DIRECTION('',(-0.,1.,0.));
#8050 = ORIENTED_EDGE('',*,*,#8051,.T.);
#8051 = EDGE_CURVE('',#8044,#8052,#8054,.T.);
#8052 = VERTEX_POINT('',#8053);
#8053 = CARTESIAN_POINT('',(33.63,0.4,7.4));
#8054 = LINE('',#8055,#8056);
#8055 = CARTESIAN_POINT('',(33.63,0.4,5.65));
#8056 = VECTOR('',#8057,1.);
#8057 = DIRECTION('',(0.,0.,1.));
#8058 = ORIENTED_EDGE('',*,*,#8059,.F.);
#8059 = EDGE_CURVE('',#7588,#8052,#8060,.T.);
#8060 = LINE('',#8061,#8062);
#8061 = CARTESIAN_POINT('',(33.63,-5.E-02,7.4));
#8062 = VECTOR('',#8063,1.);
#8063 = DIRECTION('',(-0.,1.,0.));
#8064 = PLANE('',#8065);
#8065 = AXIS2_PLACEMENT_3D('',#8066,#8067,#8068);
#8066 = CARTESIAN_POINT('',(33.63,-5.E-02,5.65));
#8067 = DIRECTION('',(1.,0.,-0.));
#8068 = DIRECTION('',(0.,0.,1.));
#8069 = ADVANCED_FACE('',(#8070),#8088,.T.);
#8070 = FACE_BOUND('',#8071,.T.);
#8071 = EDGE_LOOP('',(#8072,#8073,#8074,#8082));
#8072 = ORIENTED_EDGE('',*,*,#7629,.T.);
#8073 = ORIENTED_EDGE('',*,*,#8028,.T.);
#8074 = ORIENTED_EDGE('',*,*,#8075,.T.);
#8075 = EDGE_CURVE('',#8018,#8076,#8078,.T.);
#8076 = VERTEX_POINT('',#8077);
#8077 = CARTESIAN_POINT('',(30.77,0.4,5.65));
#8078 = LINE('',#8079,#8080);
#8079 = CARTESIAN_POINT('',(30.77,0.4,2.25));
#8080 = VECTOR('',#8081,1.);
#8081 = DIRECTION('',(0.,0.,1.));
#8082 = ORIENTED_EDGE('',*,*,#8083,.F.);
#8083 = EDGE_CURVE('',#7622,#8076,#8084,.T.);
#8084 = LINE('',#8085,#8086);
#8085 = CARTESIAN_POINT('',(30.77,-5.E-02,5.65));
#8086 = VECTOR('',#8087,1.);
#8087 = DIRECTION('',(-0.,1.,0.));
#8088 = PLANE('',#8089);
#8089 = AXIS2_PLACEMENT_3D('',#8090,#8091,#8092);
#8090 = CARTESIAN_POINT('',(30.77,-5.E-02,2.25));
#8091 = DIRECTION('',(1.,0.,-0.));
#8092 = DIRECTION('',(0.,0.,1.));
#8093 = ADVANCED_FACE('',(#8094),#8119,.T.);
#8094 = FACE_BOUND('',#8095,.T.);
#8095 = EDGE_LOOP('',(#8096,#8097,#8105,#8113));
#8096 = ORIENTED_EDGE('',*,*,#7613,.T.);
#8097 = ORIENTED_EDGE('',*,*,#8098,.T.);
#8098 = EDGE_CURVE('',#7614,#8099,#8101,.T.);
#8099 = VERTEX_POINT('',#8100);
#8100 = CARTESIAN_POINT('',(31.37,0.4,5.65));
#8101 = LINE('',#8102,#8103);
#8102 = CARTESIAN_POINT('',(31.37,-5.E-02,5.65));
#8103 = VECTOR('',#8104,1.);
#8104 = DIRECTION('',(-0.,1.,0.));
#8105 = ORIENTED_EDGE('',*,*,#8106,.T.);
#8106 = EDGE_CURVE('',#8099,#8107,#8109,.T.);
#8107 = VERTEX_POINT('',#8108);
#8108 = CARTESIAN_POINT('',(31.37,0.4,7.4));
#8109 = LINE('',#8110,#8111);
#8110 = CARTESIAN_POINT('',(31.37,0.4,5.65));
#8111 = VECTOR('',#8112,1.);
#8112 = DIRECTION('',(0.,0.,1.));
#8113 = ORIENTED_EDGE('',*,*,#8114,.F.);
#8114 = EDGE_CURVE('',#7605,#8107,#8115,.T.);
#8115 = LINE('',#8116,#8117);
#8116 = CARTESIAN_POINT('',(31.37,-5.E-02,7.4));
#8117 = VECTOR('',#8118,1.);
#8118 = DIRECTION('',(-0.,1.,0.));
#8119 = PLANE('',#8120);
#8120 = AXIS2_PLACEMENT_3D('',#8121,#8122,#8123);
#8121 = CARTESIAN_POINT('',(31.37,-5.E-02,5.65));
#8122 = DIRECTION('',(1.,0.,-0.));
#8123 = DIRECTION('',(0.,0.,1.));
#8124 = ADVANCED_FACE('',(#8125),#8136,.T.);
#8125 = FACE_BOUND('',#8126,.F.);
#8126 = EDGE_LOOP('',(#8127,#8134,#8135));
#8127 = ORIENTED_EDGE('',*,*,#8128,.F.);
#8128 = EDGE_CURVE('',#7939,#7670,#8129,.T.);
#8129 = CIRCLE('',#8130,0.3);
#8130 = AXIS2_PLACEMENT_3D('',#8131,#8132,#8133);
#8131 = CARTESIAN_POINT('',(34.7,0.3,0.3));
#8132 = DIRECTION('',(0.,-1.,0.));
#8133 = DIRECTION('',(1.,0.,0.));
#8134 = ORIENTED_EDGE('',*,*,#7970,.T.);
#8135 = ORIENTED_EDGE('',*,*,#7677,.F.);
#8136 = SPHERICAL_SURFACE('',#8137,0.3);
#8137 = AXIS2_PLACEMENT_3D('',#8138,#8139,#8140);
#8138 = CARTESIAN_POINT('',(34.7,0.3,0.3));
#8139 = DIRECTION('',(0.,0.,1.));
#8140 = DIRECTION('',(1.,0.,-0.));
#8141 = ADVANCED_FACE('',(#8142),#8160,.T.);
#8142 = FACE_BOUND('',#8143,.T.);
#8143 = EDGE_LOOP('',(#8144,#8145,#8152,#8153));
#8144 = ORIENTED_EDGE('',*,*,#7703,.F.);
#8145 = ORIENTED_EDGE('',*,*,#8146,.T.);
#8146 = EDGE_CURVE('',#7696,#7916,#8147,.T.);
#8147 = CIRCLE('',#8148,0.3);
#8148 = AXIS2_PLACEMENT_3D('',#8149,#8150,#8151);
#8149 = CARTESIAN_POINT('',(34.7,12.2,0.3));
#8150 = DIRECTION('',(0.,0.,1.));
#8151 = DIRECTION('',(1.,0.,-0.));
#8152 = ORIENTED_EDGE('',*,*,#7915,.T.);
#8153 = ORIENTED_EDGE('',*,*,#8154,.T.);
#8154 = EDGE_CURVE('',#7908,#7704,#8155,.T.);
#8155 = CIRCLE('',#8156,0.3);
#8156 = AXIS2_PLACEMENT_3D('',#8157,#8158,#8159);
#8157 = CARTESIAN_POINT('',(34.7,12.2,10.3));
#8158 = DIRECTION('',(0.,0.,-1.));
#8159 = DIRECTION('',(1.,0.,0.));
#8160 = CYLINDRICAL_SURFACE('',#8161,0.3);
#8161 = AXIS2_PLACEMENT_3D('',#8162,#8163,#8164);
#8162 = CARTESIAN_POINT('',(34.7,12.2,0.));
#8163 = DIRECTION('',(0.,0.,1.));
#8164 = DIRECTION('',(1.,0.,-0.));
#8165 = ADVANCED_FACE('',(#8166),#8178,.T.);
#8166 = FACE_BOUND('',#8167,.T.);
#8167 = EDGE_LOOP('',(#8168,#8169,#8170,#8177));
#8168 = ORIENTED_EDGE('',*,*,#8128,.F.);
#8169 = ORIENTED_EDGE('',*,*,#7946,.T.);
#8170 = ORIENTED_EDGE('',*,*,#8171,.T.);
#8171 = EDGE_CURVE('',#7947,#7696,#8172,.T.);
#8172 = CIRCLE('',#8173,0.3);
#8173 = AXIS2_PLACEMENT_3D('',#8174,#8175,#8176);
#8174 = CARTESIAN_POINT('',(34.7,12.2,0.3));
#8175 = DIRECTION('',(0.,-1.,0.));
#8176 = DIRECTION('',(1.,0.,0.));
#8177 = ORIENTED_EDGE('',*,*,#7695,.F.);
#8178 = CYLINDRICAL_SURFACE('',#8179,0.3);
#8179 = AXIS2_PLACEMENT_3D('',#8180,#8181,#8182);
#8180 = CARTESIAN_POINT('',(34.7,0.,0.3));
#8181 = DIRECTION('',(-0.,1.,0.));
#8182 = DIRECTION('',(1.,0.,-0.));
#8183 = ADVANCED_FACE('',(#8184),#8195,.T.);
#8184 = FACE_BOUND('',#8185,.T.);
#8185 = EDGE_LOOP('',(#8186,#8187,#8194));
#8186 = ORIENTED_EDGE('',*,*,#8154,.F.);
#8187 = ORIENTED_EDGE('',*,*,#8188,.T.);
#8188 = EDGE_CURVE('',#7908,#7728,#8189,.T.);
#8189 = CIRCLE('',#8190,0.3);
#8190 = AXIS2_PLACEMENT_3D('',#8191,#8192,#8193);
#8191 = CARTESIAN_POINT('',(34.7,12.2,10.3));
#8192 = DIRECTION('',(1.,0.,-6.123233995737E-17));
#8193 = DIRECTION('',(6.123233995737E-17,0.,1.));
#8194 = ORIENTED_EDGE('',*,*,#7735,.F.);
#8195 = SPHERICAL_SURFACE('',#8196,0.3);
#8196 = AXIS2_PLACEMENT_3D('',#8197,#8198,#8199);
#8197 = CARTESIAN_POINT('',(34.7,12.2,10.3));
#8198 = DIRECTION('',(0.,-1.,-0.));
#8199 = DIRECTION('',(1.,0.,0.));
#8200 = ADVANCED_FACE('',(#8201),#8207,.T.);
#8201 = FACE_BOUND('',#8202,.T.);
#8202 = EDGE_LOOP('',(#8203,#8204,#8205,#8206));
#8203 = ORIENTED_EDGE('',*,*,#7873,.T.);
#8204 = ORIENTED_EDGE('',*,*,#7777,.T.);
#8205 = ORIENTED_EDGE('',*,*,#8188,.F.);
#8206 = ORIENTED_EDGE('',*,*,#7907,.F.);
#8207 = CYLINDRICAL_SURFACE('',#8208,0.3);
#8208 = AXIS2_PLACEMENT_3D('',#8209,#8210,#8211);
#8209 = CARTESIAN_POINT('',(30.,12.2,10.3));
#8210 = DIRECTION('',(1.,0.,-0.));
#8211 = DIRECTION('',(0.,1.,0.));
#8212 = ADVANCED_FACE('',(#8213),#8224,.F.);
#8213 = FACE_BOUND('',#8214,.F.);
#8214 = EDGE_LOOP('',(#8215,#8216,#8217,#8218));
#8215 = ORIENTED_EDGE('',*,*,#7848,.F.);
#8216 = ORIENTED_EDGE('',*,*,#7761,.F.);
#8217 = ORIENTED_EDGE('',*,*,#7792,.T.);
#8218 = ORIENTED_EDGE('',*,*,#8219,.F.);
#8219 = EDGE_CURVE('',#7849,#7793,#8220,.T.);
#8220 = LINE('',#8221,#8222);
#8221 = CARTESIAN_POINT('',(30.55,9.7,8.45));
#8222 = VECTOR('',#8223,1.);
#8223 = DIRECTION('',(1.,0.,0.));
#8224 = PLANE('',#8225);
#8225 = AXIS2_PLACEMENT_3D('',#8226,#8227,#8228);
#8226 = CARTESIAN_POINT('',(30.55,9.7,10.8));
#8227 = DIRECTION('',(-0.,1.,0.));
#8228 = DIRECTION('',(0.,0.,-1.));
#8229 = ADVANCED_FACE('',(#8230),#8236,.F.);
#8230 = FACE_BOUND('',#8231,.F.);
#8231 = EDGE_LOOP('',(#8232,#8233,#8234,#8235));
#8232 = ORIENTED_EDGE('',*,*,#8219,.T.);
#8233 = ORIENTED_EDGE('',*,*,#7800,.T.);
#8234 = ORIENTED_EDGE('',*,*,#7831,.F.);
#8235 = ORIENTED_EDGE('',*,*,#7856,.F.);
#8236 = PLANE('',#8237);
#8237 = AXIS2_PLACEMENT_3D('',#8238,#8239,#8240);
#8238 = CARTESIAN_POINT('',(30.55,9.7,8.45));
#8239 = DIRECTION('',(0.,0.,-1.));
#8240 = DIRECTION('',(0.,-1.,0.));
#8241 = ADVANCED_FACE('',(#8242),#8254,.T.);
#8242 = FACE_BOUND('',#8243,.F.);
#8243 = EDGE_LOOP('',(#8244,#8245,#8246,#8253));
#8244 = ORIENTED_EDGE('',*,*,#7890,.F.);
#8245 = ORIENTED_EDGE('',*,*,#7954,.T.);
#8246 = ORIENTED_EDGE('',*,*,#8247,.T.);
#8247 = EDGE_CURVE('',#7947,#7916,#8248,.T.);
#8248 = CIRCLE('',#8249,0.3);
#8249 = AXIS2_PLACEMENT_3D('',#8250,#8251,#8252);
#8250 = CARTESIAN_POINT('',(34.7,12.2,0.3));
#8251 = DIRECTION('',(1.,-6.123233995737E-17,0.));
#8252 = DIRECTION('',(6.123233995737E-17,1.,0.));
#8253 = ORIENTED_EDGE('',*,*,#7923,.F.);
#8254 = CYLINDRICAL_SURFACE('',#8255,0.3);
#8255 = AXIS2_PLACEMENT_3D('',#8256,#8257,#8258);
#8256 = CARTESIAN_POINT('',(30.,12.2,0.3));
#8257 = DIRECTION('',(1.,0.,-0.));
#8258 = DIRECTION('',(0.,1.,0.));
#8259 = ADVANCED_FACE('',(#8260),#8265,.T.);
#8260 = FACE_BOUND('',#8261,.T.);
#8261 = EDGE_LOOP('',(#8262,#8263,#8264));
#8262 = ORIENTED_EDGE('',*,*,#8171,.F.);
#8263 = ORIENTED_EDGE('',*,*,#8247,.T.);
#8264 = ORIENTED_EDGE('',*,*,#8146,.F.);
#8265 = SPHERICAL_SURFACE('',#8266,0.3);
#8266 = AXIS2_PLACEMENT_3D('',#8267,#8268,#8269);
#8267 = CARTESIAN_POINT('',(34.7,12.2,0.3));
#8268 = DIRECTION('',(0.,0.,1.));
#8269 = DIRECTION('',(1.,0.,-0.));
#8270 = ADVANCED_FACE('',(#8271),#8314,.T.);
#8271 = FACE_BOUND('',#8272,.T.);
#8272 = EDGE_LOOP('',(#8273,#8281,#8282,#8283,#8284,#8292,#8300,#8308));
#8273 = ORIENTED_EDGE('',*,*,#8274,.T.);
#8274 = EDGE_CURVE('',#8275,#7996,#8277,.T.);
#8275 = VERTEX_POINT('',#8276);
#8276 = CARTESIAN_POINT('',(34.05,0.4,5.65));
#8277 = LINE('',#8278,#8279);
#8278 = CARTESIAN_POINT('',(30.77,0.4,5.65));
#8279 = VECTOR('',#8280,1.);
#8280 = DIRECTION('',(1.,0.,-0.));
#8281 = ORIENTED_EDGE('',*,*,#8003,.F.);
#8282 = ORIENTED_EDGE('',*,*,#7579,.F.);
#8283 = ORIENTED_EDGE('',*,*,#8043,.T.);
#8284 = ORIENTED_EDGE('',*,*,#8285,.F.);
#8285 = EDGE_CURVE('',#8286,#8044,#8288,.T.);
#8286 = VERTEX_POINT('',#8287);
#8287 = CARTESIAN_POINT('',(33.45,0.4,5.65));
#8288 = LINE('',#8289,#8290);
#8289 = CARTESIAN_POINT('',(30.77,0.4,5.65));
#8290 = VECTOR('',#8291,1.);
#8291 = DIRECTION('',(1.,0.,-0.));
#8292 = ORIENTED_EDGE('',*,*,#8293,.T.);
#8293 = EDGE_CURVE('',#8286,#8294,#8296,.T.);
#8294 = VERTEX_POINT('',#8295);
#8295 = CARTESIAN_POINT('',(33.45,4.35,5.65));
#8296 = LINE('',#8297,#8298);
#8297 = CARTESIAN_POINT('',(33.45,0.4,5.65));
#8298 = VECTOR('',#8299,1.);
#8299 = DIRECTION('',(-0.,1.,0.));
#8300 = ORIENTED_EDGE('',*,*,#8301,.T.);
#8301 = EDGE_CURVE('',#8294,#8302,#8304,.T.);
#8302 = VERTEX_POINT('',#8303);
#8303 = CARTESIAN_POINT('',(34.05,4.35,5.65));
#8304 = LINE('',#8305,#8306);
#8305 = CARTESIAN_POINT('',(30.95,4.35,5.65));
#8306 = VECTOR('',#8307,1.);
#8307 = DIRECTION('',(1.,0.,-0.));
#8308 = ORIENTED_EDGE('',*,*,#8309,.F.);
#8309 = EDGE_CURVE('',#8275,#8302,#8310,.T.);
#8310 = LINE('',#8311,#8312);
#8311 = CARTESIAN_POINT('',(34.05,0.4,5.65));
#8312 = VECTOR('',#8313,1.);
#8313 = DIRECTION('',(-0.,1.,0.));
#8314 = PLANE('',#8315);
#8315 = AXIS2_PLACEMENT_3D('',#8316,#8317,#8318);
#8316 = CARTESIAN_POINT('',(33.777719298246,2.112719298246,5.65));
#8317 = DIRECTION('',(-0.,-0.,-1.));
#8318 = DIRECTION('',(-1.,0.,0.));
#8319 = ADVANCED_FACE('',(#8320),#8345,.F.);
#8320 = FACE_BOUND('',#8321,.F.);
#8321 = EDGE_LOOP('',(#8322,#8330,#8331,#8339));
#8322 = ORIENTED_EDGE('',*,*,#8323,.F.);
#8323 = EDGE_CURVE('',#8286,#8324,#8326,.T.);
#8324 = VERTEX_POINT('',#8325);
#8325 = CARTESIAN_POINT('',(33.45,0.4,7.4));
#8326 = LINE('',#8327,#8328);
#8327 = CARTESIAN_POINT('',(33.45,0.4,5.65));
#8328 = VECTOR('',#8329,1.);
#8329 = DIRECTION('',(0.,0.,1.));
#8330 = ORIENTED_EDGE('',*,*,#8293,.T.);
#8331 = ORIENTED_EDGE('',*,*,#8332,.T.);
#8332 = EDGE_CURVE('',#8294,#8333,#8335,.T.);
#8333 = VERTEX_POINT('',#8334);
#8334 = CARTESIAN_POINT('',(33.45,4.35,7.4));
#8335 = LINE('',#8336,#8337);
#8336 = CARTESIAN_POINT('',(33.45,4.35,5.65));
#8337 = VECTOR('',#8338,1.);
#8338 = DIRECTION('',(0.,0.,1.));
#8339 = ORIENTED_EDGE('',*,*,#8340,.F.);
#8340 = EDGE_CURVE('',#8324,#8333,#8341,.T.);
#8341 = LINE('',#8342,#8343);
#8342 = CARTESIAN_POINT('',(33.45,0.4,7.4));
#8343 = VECTOR('',#8344,1.);
#8344 = DIRECTION('',(-0.,1.,0.));
#8345 = PLANE('',#8346);
#8346 = AXIS2_PLACEMENT_3D('',#8347,#8348,#8349);
#8347 = CARTESIAN_POINT('',(33.45,0.4,5.65));
#8348 = DIRECTION('',(1.,0.,-0.));
#8349 = DIRECTION('',(0.,0.,1.));
#8350 = ADVANCED_FACE('',(#8351),#8376,.F.);
#8351 = FACE_BOUND('',#8352,.F.);
#8352 = EDGE_LOOP('',(#8353,#8361,#8369,#8375));
#8353 = ORIENTED_EDGE('',*,*,#8354,.F.);
#8354 = EDGE_CURVE('',#8355,#8275,#8357,.T.);
#8355 = VERTEX_POINT('',#8356);
#8356 = CARTESIAN_POINT('',(34.05,0.4,2.25));
#8357 = LINE('',#8358,#8359);
#8358 = CARTESIAN_POINT('',(34.05,0.4,2.25));
#8359 = VECTOR('',#8360,1.);
#8360 = DIRECTION('',(0.,0.,1.));
#8361 = ORIENTED_EDGE('',*,*,#8362,.T.);
#8362 = EDGE_CURVE('',#8355,#8363,#8365,.T.);
#8363 = VERTEX_POINT('',#8364);
#8364 = CARTESIAN_POINT('',(34.05,4.35,2.25));
#8365 = LINE('',#8366,#8367);
#8366 = CARTESIAN_POINT('',(34.05,0.4,2.25));
#8367 = VECTOR('',#8368,1.);
#8368 = DIRECTION('',(-0.,1.,0.));
#8369 = ORIENTED_EDGE('',*,*,#8370,.T.);
#8370 = EDGE_CURVE('',#8363,#8302,#8371,.T.);
#8371 = LINE('',#8372,#8373);
#8372 = CARTESIAN_POINT('',(34.05,4.35,2.25));
#8373 = VECTOR('',#8374,1.);
#8374 = DIRECTION('',(0.,0.,1.));
#8375 = ORIENTED_EDGE('',*,*,#8309,.F.);
#8376 = PLANE('',#8377);
#8377 = AXIS2_PLACEMENT_3D('',#8378,#8379,#8380);
#8378 = CARTESIAN_POINT('',(34.05,0.4,2.25));
#8379 = DIRECTION('',(1.,0.,-0.));
#8380 = DIRECTION('',(0.,0.,1.));
#8381 = ADVANCED_FACE('',(#8382),#8409,.F.);
#8382 = FACE_BOUND('',#8383,.F.);
#8383 = EDGE_LOOP('',(#8384,#8393,#8394,#8403));
#8384 = ORIENTED_EDGE('',*,*,#8385,.F.);
#8385 = EDGE_CURVE('',#8363,#8386,#8388,.T.);
#8386 = VERTEX_POINT('',#8387);
#8387 = CARTESIAN_POINT('',(30.95,4.35,2.25));
#8388 = CIRCLE('',#8389,1.55);
#8389 = AXIS2_PLACEMENT_3D('',#8390,#8391,#8392);
#8390 = CARTESIAN_POINT('',(32.5,4.35,2.25));
#8391 = DIRECTION('',(0.,1.,0.));
#8392 = DIRECTION('',(0.,-0.,1.));
#8393 = ORIENTED_EDGE('',*,*,#8362,.F.);
#8394 = ORIENTED_EDGE('',*,*,#8395,.T.);
#8395 = EDGE_CURVE('',#8355,#8396,#8398,.T.);
#8396 = VERTEX_POINT('',#8397);
#8397 = CARTESIAN_POINT('',(30.95,0.4,2.25));
#8398 = CIRCLE('',#8399,1.55);
#8399 = AXIS2_PLACEMENT_3D('',#8400,#8401,#8402);
#8400 = CARTESIAN_POINT('',(32.5,0.4,2.25));
#8401 = DIRECTION('',(0.,1.,0.));
#8402 = DIRECTION('',(0.,-0.,1.));
#8403 = ORIENTED_EDGE('',*,*,#8404,.T.);
#8404 = EDGE_CURVE('',#8396,#8386,#8405,.T.);
#8405 = LINE('',#8406,#8407);
#8406 = CARTESIAN_POINT('',(30.95,0.4,2.25));
#8407 = VECTOR('',#8408,1.);
#8408 = DIRECTION('',(-0.,1.,0.));
#8409 = CYLINDRICAL_SURFACE('',#8410,1.55);
#8410 = AXIS2_PLACEMENT_3D('',#8411,#8412,#8413);
#8411 = CARTESIAN_POINT('',(32.5,0.4,2.25));
#8412 = DIRECTION('',(0.,1.,0.));
#8413 = DIRECTION('',(0.,-0.,1.));
#8414 = ADVANCED_FACE('',(#8415),#8440,.T.);
#8415 = FACE_BOUND('',#8416,.T.);
#8416 = EDGE_LOOP('',(#8417,#8425,#8426,#8434));
#8417 = ORIENTED_EDGE('',*,*,#8418,.F.);
#8418 = EDGE_CURVE('',#8396,#8419,#8421,.T.);
#8419 = VERTEX_POINT('',#8420);
#8420 = CARTESIAN_POINT('',(30.95,0.4,5.65));
#8421 = LINE('',#8422,#8423);
#8422 = CARTESIAN_POINT('',(30.95,0.4,2.25));
#8423 = VECTOR('',#8424,1.);
#8424 = DIRECTION('',(0.,0.,1.));
#8425 = ORIENTED_EDGE('',*,*,#8404,.T.);
#8426 = ORIENTED_EDGE('',*,*,#8427,.T.);
#8427 = EDGE_CURVE('',#8386,#8428,#8430,.T.);
#8428 = VERTEX_POINT('',#8429);
#8429 = CARTESIAN_POINT('',(30.95,4.35,5.65));
#8430 = LINE('',#8431,#8432);
#8431 = CARTESIAN_POINT('',(30.95,4.35,2.25));
#8432 = VECTOR('',#8433,1.);
#8433 = DIRECTION('',(0.,0.,1.));
#8434 = ORIENTED_EDGE('',*,*,#8435,.F.);
#8435 = EDGE_CURVE('',#8419,#8428,#8436,.T.);
#8436 = LINE('',#8437,#8438);
#8437 = CARTESIAN_POINT('',(30.95,0.4,5.65));
#8438 = VECTOR('',#8439,1.);
#8439 = DIRECTION('',(-0.,1.,0.));
#8440 = PLANE('',#8441);
#8441 = AXIS2_PLACEMENT_3D('',#8442,#8443,#8444);
#8442 = CARTESIAN_POINT('',(30.95,0.4,2.25));
#8443 = DIRECTION('',(1.,0.,-0.));
#8444 = DIRECTION('',(0.,0.,1.));
#8445 = ADVANCED_FACE('',(#8446),#8480,.T.);
#8446 = FACE_BOUND('',#8447,.T.);
#8447 = EDGE_LOOP('',(#8448,#8454,#8455,#8463,#8471,#8477,#8478,#8479));
#8448 = ORIENTED_EDGE('',*,*,#8449,.T.);
#8449 = EDGE_CURVE('',#8076,#8419,#8450,.T.);
#8450 = LINE('',#8451,#8452);
#8451 = CARTESIAN_POINT('',(30.77,0.4,5.65));
#8452 = VECTOR('',#8453,1.);
#8453 = DIRECTION('',(1.,0.,-0.));
#8454 = ORIENTED_EDGE('',*,*,#8435,.T.);
#8455 = ORIENTED_EDGE('',*,*,#8456,.T.);
#8456 = EDGE_CURVE('',#8428,#8457,#8459,.T.);
#8457 = VERTEX_POINT('',#8458);
#8458 = CARTESIAN_POINT('',(31.55,4.35,5.65));
#8459 = LINE('',#8460,#8461);
#8460 = CARTESIAN_POINT('',(30.95,4.35,5.65));
#8461 = VECTOR('',#8462,1.);
#8462 = DIRECTION('',(1.,0.,-0.));
#8463 = ORIENTED_EDGE('',*,*,#8464,.F.);
#8464 = EDGE_CURVE('',#8465,#8457,#8467,.T.);
#8465 = VERTEX_POINT('',#8466);
#8466 = CARTESIAN_POINT('',(31.55,0.4,5.65));
#8467 = LINE('',#8468,#8469);
#8468 = CARTESIAN_POINT('',(31.55,0.4,5.65));
#8469 = VECTOR('',#8470,1.);
#8470 = DIRECTION('',(-0.,1.,0.));
#8471 = ORIENTED_EDGE('',*,*,#8472,.F.);
#8472 = EDGE_CURVE('',#8099,#8465,#8473,.T.);
#8473 = LINE('',#8474,#8475);
#8474 = CARTESIAN_POINT('',(30.77,0.4,5.65));
#8475 = VECTOR('',#8476,1.);
#8476 = DIRECTION('',(1.,0.,-0.));
#8477 = ORIENTED_EDGE('',*,*,#8098,.F.);
#8478 = ORIENTED_EDGE('',*,*,#7621,.F.);
#8479 = ORIENTED_EDGE('',*,*,#8083,.T.);
#8480 = PLANE('',#8481);
#8481 = AXIS2_PLACEMENT_3D('',#8482,#8483,#8484);
#8482 = CARTESIAN_POINT('',(31.222280701754,2.112719298246,5.65));
#8483 = DIRECTION('',(-0.,-0.,-1.));
#8484 = DIRECTION('',(-1.,0.,0.));
#8485 = ADVANCED_FACE('',(#8486),#8511,.T.);
#8486 = FACE_BOUND('',#8487,.T.);
#8487 = EDGE_LOOP('',(#8488,#8496,#8497,#8505));
#8488 = ORIENTED_EDGE('',*,*,#8489,.F.);
#8489 = EDGE_CURVE('',#8465,#8490,#8492,.T.);
#8490 = VERTEX_POINT('',#8491);
#8491 = CARTESIAN_POINT('',(31.55,0.4,7.4));
#8492 = LINE('',#8493,#8494);
#8493 = CARTESIAN_POINT('',(31.55,0.4,5.65));
#8494 = VECTOR('',#8495,1.);
#8495 = DIRECTION('',(0.,0.,1.));
#8496 = ORIENTED_EDGE('',*,*,#8464,.T.);
#8497 = ORIENTED_EDGE('',*,*,#8498,.T.);
#8498 = EDGE_CURVE('',#8457,#8499,#8501,.T.);
#8499 = VERTEX_POINT('',#8500);
#8500 = CARTESIAN_POINT('',(31.55,4.35,7.4));
#8501 = LINE('',#8502,#8503);
#8502 = CARTESIAN_POINT('',(31.55,4.35,5.65));
#8503 = VECTOR('',#8504,1.);
#8504 = DIRECTION('',(0.,0.,1.));
#8505 = ORIENTED_EDGE('',*,*,#8506,.F.);
#8506 = EDGE_CURVE('',#8490,#8499,#8507,.T.);
#8507 = LINE('',#8508,#8509);
#8508 = CARTESIAN_POINT('',(31.55,0.4,7.4));
#8509 = VECTOR('',#8510,1.);
#8510 = DIRECTION('',(-0.,1.,0.));
#8511 = PLANE('',#8512);
#8512 = AXIS2_PLACEMENT_3D('',#8513,#8514,#8515);
#8513 = CARTESIAN_POINT('',(31.55,0.4,5.65));
#8514 = DIRECTION('',(1.,0.,-0.));
#8515 = DIRECTION('',(0.,0.,1.));
#8516 = ADVANCED_FACE('',(#8517),#8527,.T.);
#8517 = FACE_BOUND('',#8518,.T.);
#8518 = EDGE_LOOP('',(#8519,#8520,#8521,#8522,#8523,#8524,#8525,#8526));
#8519 = ORIENTED_EDGE('',*,*,#7995,.T.);
#8520 = ORIENTED_EDGE('',*,*,#8274,.F.);
#8521 = ORIENTED_EDGE('',*,*,#8354,.F.);
#8522 = ORIENTED_EDGE('',*,*,#8395,.T.);
#8523 = ORIENTED_EDGE('',*,*,#8418,.T.);
#8524 = ORIENTED_EDGE('',*,*,#8449,.F.);
#8525 = ORIENTED_EDGE('',*,*,#8075,.F.);
#8526 = ORIENTED_EDGE('',*,*,#8017,.F.);
#8527 = PLANE('',#8528);
#8528 = AXIS2_PLACEMENT_3D('',#8529,#8530,#8531);
#8529 = CARTESIAN_POINT('',(32.5,0.4,2.880205591296));
#8530 = DIRECTION('',(-0.,-1.,-0.));
#8531 = DIRECTION('',(0.,0.,-1.));
#8532 = ADVANCED_FACE('',(#8533),#8573,.T.);
#8533 = FACE_BOUND('',#8534,.T.);
#8534 = EDGE_LOOP('',(#8535,#8536,#8537,#8546,#8553,#8554,#8555,#8556,
    #8565,#8572));
#8535 = ORIENTED_EDGE('',*,*,#8285,.T.);
#8536 = ORIENTED_EDGE('',*,*,#8051,.T.);
#8537 = ORIENTED_EDGE('',*,*,#8538,.F.);
#8538 = EDGE_CURVE('',#8539,#8052,#8541,.T.);
#8539 = VERTEX_POINT('',#8540);
#8540 = CARTESIAN_POINT('',(32.5,0.4,8.53));
#8541 = CIRCLE('',#8542,1.13);
#8542 = AXIS2_PLACEMENT_3D('',#8543,#8544,#8545);
#8543 = CARTESIAN_POINT('',(32.5,0.4,7.4));
#8544 = DIRECTION('',(0.,1.,0.));
#8545 = DIRECTION('',(0.,-0.,1.));
#8546 = ORIENTED_EDGE('',*,*,#8547,.F.);
#8547 = EDGE_CURVE('',#8107,#8539,#8548,.T.);
#8548 = CIRCLE('',#8549,1.13);
#8549 = AXIS2_PLACEMENT_3D('',#8550,#8551,#8552);
#8550 = CARTESIAN_POINT('',(32.5,0.4,7.4));
#8551 = DIRECTION('',(0.,1.,0.));
#8552 = DIRECTION('',(0.,-0.,1.));
#8553 = ORIENTED_EDGE('',*,*,#8106,.F.);
#8554 = ORIENTED_EDGE('',*,*,#8472,.T.);
#8555 = ORIENTED_EDGE('',*,*,#8489,.T.);
#8556 = ORIENTED_EDGE('',*,*,#8557,.T.);
#8557 = EDGE_CURVE('',#8490,#8558,#8560,.T.);
#8558 = VERTEX_POINT('',#8559);
#8559 = CARTESIAN_POINT('',(32.5,0.4,8.35));
#8560 = CIRCLE('',#8561,0.95);
#8561 = AXIS2_PLACEMENT_3D('',#8562,#8563,#8564);
#8562 = CARTESIAN_POINT('',(32.5,0.4,7.4));
#8563 = DIRECTION('',(0.,1.,0.));
#8564 = DIRECTION('',(0.,-0.,1.));
#8565 = ORIENTED_EDGE('',*,*,#8566,.T.);
#8566 = EDGE_CURVE('',#8558,#8324,#8567,.T.);
#8567 = CIRCLE('',#8568,0.95);
#8568 = AXIS2_PLACEMENT_3D('',#8569,#8570,#8571);
#8569 = CARTESIAN_POINT('',(32.5,0.4,7.4));
#8570 = DIRECTION('',(0.,1.,0.));
#8571 = DIRECTION('',(0.,-0.,1.));
#8572 = ORIENTED_EDGE('',*,*,#8323,.F.);
#8573 = PLANE('',#8574);
#8574 = AXIS2_PLACEMENT_3D('',#8575,#8576,#8577);
#8575 = CARTESIAN_POINT('',(32.5,0.4,7.215868321793));
#8576 = DIRECTION('',(-0.,-1.,-0.));
#8577 = DIRECTION('',(0.,0.,-1.));
#8578 = ADVANCED_FACE('',(#8579),#8604,.T.);
#8579 = FACE_BOUND('',#8580,.T.);
#8580 = EDGE_LOOP('',(#8581,#8582,#8583,#8584,#8593,#8600,#8601,#8602,
    #8603));
#8581 = ORIENTED_EDGE('',*,*,#8370,.T.);
#8582 = ORIENTED_EDGE('',*,*,#8301,.F.);
#8583 = ORIENTED_EDGE('',*,*,#8332,.T.);
#8584 = ORIENTED_EDGE('',*,*,#8585,.F.);
#8585 = EDGE_CURVE('',#8586,#8333,#8588,.T.);
#8586 = VERTEX_POINT('',#8587);
#8587 = CARTESIAN_POINT('',(32.5,4.35,8.35));
#8588 = CIRCLE('',#8589,0.95);
#8589 = AXIS2_PLACEMENT_3D('',#8590,#8591,#8592);
#8590 = CARTESIAN_POINT('',(32.5,4.35,7.4));
#8591 = DIRECTION('',(0.,1.,0.));
#8592 = DIRECTION('',(0.,-0.,1.));
#8593 = ORIENTED_EDGE('',*,*,#8594,.F.);
#8594 = EDGE_CURVE('',#8499,#8586,#8595,.T.);
#8595 = CIRCLE('',#8596,0.95);
#8596 = AXIS2_PLACEMENT_3D('',#8597,#8598,#8599);
#8597 = CARTESIAN_POINT('',(32.5,4.35,7.4));
#8598 = DIRECTION('',(0.,1.,0.));
#8599 = DIRECTION('',(0.,-0.,1.));
#8600 = ORIENTED_EDGE('',*,*,#8498,.F.);
#8601 = ORIENTED_EDGE('',*,*,#8456,.F.);
#8602 = ORIENTED_EDGE('',*,*,#8427,.F.);
#8603 = ORIENTED_EDGE('',*,*,#8385,.F.);
#8604 = PLANE('',#8605);
#8605 = AXIS2_PLACEMENT_3D('',#8606,#8607,#8608);
#8606 = CARTESIAN_POINT('',(32.5,4.35,4.521140854833));
#8607 = DIRECTION('',(-0.,-1.,-0.));
#8608 = DIRECTION('',(0.,0.,-1.));
#8609 = ADVANCED_FACE('',(#8610),#8618,.F.);
#8610 = FACE_BOUND('',#8611,.F.);
#8611 = EDGE_LOOP('',(#8612,#8613,#8614,#8615,#8616,#8617));
#8612 = ORIENTED_EDGE('',*,*,#8114,.F.);
#8613 = ORIENTED_EDGE('',*,*,#7604,.T.);
#8614 = ORIENTED_EDGE('',*,*,#7595,.T.);
#8615 = ORIENTED_EDGE('',*,*,#8059,.T.);
#8616 = ORIENTED_EDGE('',*,*,#8538,.F.);
#8617 = ORIENTED_EDGE('',*,*,#8547,.F.);
#8618 = CYLINDRICAL_SURFACE('',#8619,1.13);
#8619 = AXIS2_PLACEMENT_3D('',#8620,#8621,#8622);
#8620 = CARTESIAN_POINT('',(32.5,-5.E-02,7.4));
#8621 = DIRECTION('',(0.,1.,0.));
#8622 = DIRECTION('',(0.,-0.,1.));
#8623 = ADVANCED_FACE('',(#8624),#8632,.F.);
#8624 = FACE_BOUND('',#8625,.F.);
#8625 = EDGE_LOOP('',(#8626,#8627,#8628,#8629,#8630,#8631));
#8626 = ORIENTED_EDGE('',*,*,#8340,.T.);
#8627 = ORIENTED_EDGE('',*,*,#8585,.F.);
#8628 = ORIENTED_EDGE('',*,*,#8594,.F.);
#8629 = ORIENTED_EDGE('',*,*,#8506,.F.);
#8630 = ORIENTED_EDGE('',*,*,#8557,.T.);
#8631 = ORIENTED_EDGE('',*,*,#8566,.T.);
#8632 = CYLINDRICAL_SURFACE('',#8633,0.95);
#8633 = AXIS2_PLACEMENT_3D('',#8634,#8635,#8636);
#8634 = CARTESIAN_POINT('',(32.5,0.4,7.4));
#8635 = DIRECTION('',(0.,1.,0.));
#8636 = DIRECTION('',(0.,-0.,1.));
#8637 = ( GEOMETRIC_REPRESENTATION_CONTEXT(3)
GLOBAL_UNCERTAINTY_ASSIGNED_CONTEXT((#8641))
GLOBAL_UNIT_ASSIGNED_CONTEXT((#8638,#8639,#8640)) REPRESENTATION_CONTEXT
('Context #1','3D Context with UNIT and UNCERTAINTY') );
#8638 = ( LENGTH_UNIT() NAMED_UNIT(*) SI_UNIT(.MILLI.,.METRE.) );
#8639 = ( NAMED_UNIT(*) PLANE_ANGLE_UNIT() SI_UNIT($,.RADIAN.) );
#8640 = ( NAMED_UNIT(*) SI_UNIT($,.STERADIAN.) SOLID_ANGLE_UNIT() );
#8641 = UNCERTAINTY_MEASURE_WITH_UNIT(LENGTH_MEASURE(1.E-07),#8638,
  'distance_accuracy_value','confusion accuracy');
#8642 = CONTEXT_DEPENDENT_SHAPE_REPRESENTATION(#8643,#8645);
#8643 = ( REPRESENTATION_RELATIONSHIP('','',#7281,#10)
REPRESENTATION_RELATIONSHIP_WITH_TRANSFORMATION(#8644)
SHAPE_REPRESENTATION_RELATIONSHIP() );
#8644 = ITEM_DEFINED_TRANSFORMATION('','',#11,#71);
#8645 = PRODUCT_DEFINITION_SHAPE('Placement','Placement of an item',
  #8646);
#8646 = NEXT_ASSEMBLY_USAGE_OCCURRENCE('15','Housing P4','',#5,#7276,$);
#8647 = PRODUCT_RELATED_PRODUCT_CATEGORY('part',$,(#7278));
#8648 = SHAPE_DEFINITION_REPRESENTATION(#8649,#8655);
#8649 = PRODUCT_DEFINITION_SHAPE('','',#8650);
#8650 = PRODUCT_DEFINITION('design','',#8651,#8654);
#8651 = PRODUCT_DEFINITION_FORMATION('','',#8652);
#8652 = PRODUCT('Spacer between P3 and P4','Spacer between P3 and P4',''
  ,(#8653));
#8653 = PRODUCT_CONTEXT('',#2,'mechanical');
#8654 = PRODUCT_DEFINITION_CONTEXT('part definition',#2,'design');
#8655 = ADVANCED_BREP_SHAPE_REPRESENTATION('',(#11,#8656),#9260);
#8656 = MANIFOLD_SOLID_BREP('',#8657);
#8657 = CLOSED_SHELL('',(#8658,#8706,#8739,#8798,#8823,#8856,#8889,#8913
    ,#8930,#8955,#8987,#9012,#9029,#9046,#9063,#9094,#9125,#9143,#9160,
    #9184,#9202,#9219,#9231,#9249));
#8658 = ADVANCED_FACE('',(#8659),#8701,.F.);
#8659 = FACE_BOUND('',#8660,.F.);
#8660 = EDGE_LOOP('',(#8661,#8671,#8679,#8687,#8695));
#8661 = ORIENTED_EDGE('',*,*,#8662,.F.);
#8662 = EDGE_CURVE('',#8663,#8665,#8667,.T.);
#8663 = VERTEX_POINT('',#8664);
#8664 = CARTESIAN_POINT('',(35.,0.3,0.3));
#8665 = VERTEX_POINT('',#8666);
#8666 = CARTESIAN_POINT('',(35.,0.3,9.086363636364));
#8667 = LINE('',#8668,#8669);
#8668 = CARTESIAN_POINT('',(35.,0.3,0.));
#8669 = VECTOR('',#8670,1.);
#8670 = DIRECTION('',(0.,0.,1.));
#8671 = ORIENTED_EDGE('',*,*,#8672,.T.);
#8672 = EDGE_CURVE('',#8663,#8673,#8675,.T.);
#8673 = VERTEX_POINT('',#8674);
#8674 = CARTESIAN_POINT('',(35.,12.2,0.3));
#8675 = LINE('',#8676,#8677);
#8676 = CARTESIAN_POINT('',(35.,0.,0.3));
#8677 = VECTOR('',#8678,1.);
#8678 = DIRECTION('',(-0.,1.,0.));
#8679 = ORIENTED_EDGE('',*,*,#8680,.T.);
#8680 = EDGE_CURVE('',#8673,#8681,#8683,.T.);
#8681 = VERTEX_POINT('',#8682);
#8682 = CARTESIAN_POINT('',(35.,12.2,10.3));
#8683 = LINE('',#8684,#8685);
#8684 = CARTESIAN_POINT('',(35.,12.2,0.));
#8685 = VECTOR('',#8686,1.);
#8686 = DIRECTION('',(0.,0.,1.));
#8687 = ORIENTED_EDGE('',*,*,#8688,.F.);
#8688 = EDGE_CURVE('',#8689,#8681,#8691,.T.);
#8689 = VERTEX_POINT('',#8690);
#8690 = CARTESIAN_POINT('',(35.,1.743243243243,10.3));
#8691 = LINE('',#8692,#8693);
#8692 = CARTESIAN_POINT('',(35.,0.,10.3));
#8693 = VECTOR('',#8694,1.);
#8694 = DIRECTION('',(-0.,1.,0.));
#8695 = ORIENTED_EDGE('',*,*,#8696,.F.);
#8696 = EDGE_CURVE('',#8665,#8689,#8697,.T.);
#8697 = LINE('',#8698,#8699);
#8698 = CARTESIAN_POINT('',(35.,-1.125779122542,7.88741301059));
#8699 = VECTOR('',#8700,1.);
#8700 = DIRECTION('',(0.,0.765362085905,0.643599935875));
#8701 = PLANE('',#8702);
#8702 = AXIS2_PLACEMENT_3D('',#8703,#8704,#8705);
#8703 = CARTESIAN_POINT('',(35.,0.,0.));
#8704 = DIRECTION('',(1.,0.,-0.));
#8705 = DIRECTION('',(0.,0.,1.));
#8706 = ADVANCED_FACE('',(#8707),#8734,.T.);
#8707 = FACE_BOUND('',#8708,.T.);
#8708 = EDGE_LOOP('',(#8709,#8710,#8719,#8727));
#8709 = ORIENTED_EDGE('',*,*,#8662,.F.);
#8710 = ORIENTED_EDGE('',*,*,#8711,.T.);
#8711 = EDGE_CURVE('',#8663,#8712,#8714,.T.);
#8712 = VERTEX_POINT('',#8713);
#8713 = CARTESIAN_POINT('',(35.3,-5.551115123126E-17,0.3));
#8714 = CIRCLE('',#8715,0.3);
#8715 = AXIS2_PLACEMENT_3D('',#8716,#8717,#8718);
#8716 = CARTESIAN_POINT('',(35.3,0.3,0.3));
#8717 = DIRECTION('',(0.,0.,1.));
#8718 = DIRECTION('',(-1.,0.,0.));
#8719 = ORIENTED_EDGE('',*,*,#8720,.T.);
#8720 = EDGE_CURVE('',#8712,#8721,#8723,.T.);
#8721 = VERTEX_POINT('',#8722);
#8722 = CARTESIAN_POINT('',(35.3,-5.551115123126E-17,8.834090909091));
#8723 = LINE('',#8724,#8725);
#8724 = CARTESIAN_POINT('',(35.3,-5.551115123126E-17,0.));
#8725 = VECTOR('',#8726,1.);
#8726 = DIRECTION('',(0.,0.,1.));
#8727 = ORIENTED_EDGE('',*,*,#8728,.T.);
#8728 = EDGE_CURVE('',#8721,#8665,#8729,.T.);
#8729 = ELLIPSE('',#8730,0.391971336867,0.3);
#8730 = AXIS2_PLACEMENT_3D('',#8731,#8732,#8733);
#8731 = CARTESIAN_POINT('',(35.3,0.3,9.086363636364));
#8732 = DIRECTION('',(0.,0.643599935875,-0.765362085905));
#8733 = DIRECTION('',(0.,0.765362085905,0.643599935875));
#8734 = CYLINDRICAL_SURFACE('',#8735,0.3);
#8735 = AXIS2_PLACEMENT_3D('',#8736,#8737,#8738);
#8736 = CARTESIAN_POINT('',(35.3,0.3,0.));
#8737 = DIRECTION('',(0.,0.,1.));
#8738 = DIRECTION('',(-1.,-0.,0.));
#8739 = ADVANCED_FACE('',(#8740),#8793,.F.);
#8740 = FACE_BOUND('',#8741,.F.);
#8741 = EDGE_LOOP('',(#8742,#8751,#8759,#8768,#8776,#8785,#8791,#8792));
#8742 = ORIENTED_EDGE('',*,*,#8743,.T.);
#8743 = EDGE_CURVE('',#8689,#8744,#8746,.T.);
#8744 = VERTEX_POINT('',#8745);
#8745 = CARTESIAN_POINT('',(35.3,2.1,10.6));
#8746 = ELLIPSE('',#8747,0.466128076275,0.3);
#8747 = AXIS2_PLACEMENT_3D('',#8748,#8749,#8750);
#8748 = CARTESIAN_POINT('',(35.3,1.743243243243,10.3));
#8749 = DIRECTION('',(0.,0.643599935875,-0.765362085905));
#8750 = DIRECTION('',(0.,0.765362085905,0.643599935875));
#8751 = ORIENTED_EDGE('',*,*,#8752,.T.);
#8752 = EDGE_CURVE('',#8744,#8753,#8755,.T.);
#8753 = VERTEX_POINT('',#8754);
#8754 = CARTESIAN_POINT('',(37.2,2.1,10.6));
#8755 = LINE('',#8756,#8757);
#8756 = CARTESIAN_POINT('',(34.9,2.1,10.6));
#8757 = VECTOR('',#8758,1.);
#8758 = DIRECTION('',(1.,0.,0.));
#8759 = ORIENTED_EDGE('',*,*,#8760,.T.);
#8760 = EDGE_CURVE('',#8753,#8761,#8763,.T.);
#8761 = VERTEX_POINT('',#8762);
#8762 = CARTESIAN_POINT('',(37.5,1.743243243243,10.3));
#8763 = ELLIPSE('',#8764,0.466128076275,0.3);
#8764 = AXIS2_PLACEMENT_3D('',#8765,#8766,#8767);
#8765 = CARTESIAN_POINT('',(37.2,1.743243243243,10.3));
#8766 = DIRECTION('',(0.,0.643599935875,-0.765362085905));
#8767 = DIRECTION('',(0.,0.765362085905,0.643599935875));
#8768 = ORIENTED_EDGE('',*,*,#8769,.F.);
#8769 = EDGE_CURVE('',#8770,#8761,#8772,.T.);
#8770 = VERTEX_POINT('',#8771);
#8771 = CARTESIAN_POINT('',(37.5,0.3,9.086363636364));
#8772 = LINE('',#8773,#8774);
#8773 = CARTESIAN_POINT('',(37.5,-1.125779122542,7.88741301059));
#8774 = VECTOR('',#8775,1.);
#8775 = DIRECTION('',(0.,0.765362085905,0.643599935875));
#8776 = ORIENTED_EDGE('',*,*,#8777,.T.);
#8777 = EDGE_CURVE('',#8770,#8778,#8780,.T.);
#8778 = VERTEX_POINT('',#8779);
#8779 = CARTESIAN_POINT('',(37.2,-5.551115123126E-17,8.834090909091));
#8780 = ELLIPSE('',#8781,0.391971336867,0.3);
#8781 = AXIS2_PLACEMENT_3D('',#8782,#8783,#8784);
#8782 = CARTESIAN_POINT('',(37.2,0.3,9.086363636364));
#8783 = DIRECTION('',(0.,0.643599935875,-0.765362085905));
#8784 = DIRECTION('',(0.,0.765362085905,0.643599935875));
#8785 = ORIENTED_EDGE('',*,*,#8786,.T.);
#8786 = EDGE_CURVE('',#8778,#8721,#8787,.T.);
#8787 = LINE('',#8788,#8789);
#8788 = CARTESIAN_POINT('',(34.95,2.22044604925E-16,8.834090909091));
#8789 = VECTOR('',#8790,1.);
#8790 = DIRECTION('',(-1.,0.,-0.));
#8791 = ORIENTED_EDGE('',*,*,#8728,.T.);
#8792 = ORIENTED_EDGE('',*,*,#8696,.T.);
#8793 = PLANE('',#8794);
#8794 = AXIS2_PLACEMENT_3D('',#8795,#8796,#8797);
#8795 = CARTESIAN_POINT('',(34.9,2.1,10.6));
#8796 = DIRECTION('',(0.,0.643599935875,-0.765362085905));
#8797 = DIRECTION('',(0.,-0.765362085905,-0.643599935875));
#8798 = ADVANCED_FACE('',(#8799),#8818,.T.);
#8799 = FACE_BOUND('',#8800,.T.);
#8800 = EDGE_LOOP('',(#8801,#8802,#8810,#8817));
#8801 = ORIENTED_EDGE('',*,*,#8743,.T.);
#8802 = ORIENTED_EDGE('',*,*,#8803,.T.);
#8803 = EDGE_CURVE('',#8744,#8804,#8806,.T.);
#8804 = VERTEX_POINT('',#8805);
#8805 = CARTESIAN_POINT('',(35.3,12.2,10.6));
#8806 = LINE('',#8807,#8808);
#8807 = CARTESIAN_POINT('',(35.3,0.,10.6));
#8808 = VECTOR('',#8809,1.);
#8809 = DIRECTION('',(-0.,1.,0.));
#8810 = ORIENTED_EDGE('',*,*,#8811,.F.);
#8811 = EDGE_CURVE('',#8681,#8804,#8812,.T.);
#8812 = CIRCLE('',#8813,0.3);
#8813 = AXIS2_PLACEMENT_3D('',#8814,#8815,#8816);
#8814 = CARTESIAN_POINT('',(35.3,12.2,10.3));
#8815 = DIRECTION('',(-0.,1.,0.));
#8816 = DIRECTION('',(-1.,-0.,0.));
#8817 = ORIENTED_EDGE('',*,*,#8688,.F.);
#8818 = CYLINDRICAL_SURFACE('',#8819,0.3);
#8819 = AXIS2_PLACEMENT_3D('',#8820,#8821,#8822);
#8820 = CARTESIAN_POINT('',(35.3,0.,10.3));
#8821 = DIRECTION('',(-0.,1.,0.));
#8822 = DIRECTION('',(-1.,-0.,0.));
#8823 = ADVANCED_FACE('',(#8824),#8851,.T.);
#8824 = FACE_BOUND('',#8825,.F.);
#8825 = EDGE_LOOP('',(#8826,#8827,#8836,#8844));
#8826 = ORIENTED_EDGE('',*,*,#8680,.F.);
#8827 = ORIENTED_EDGE('',*,*,#8828,.T.);
#8828 = EDGE_CURVE('',#8673,#8829,#8831,.T.);
#8829 = VERTEX_POINT('',#8830);
#8830 = CARTESIAN_POINT('',(35.3,12.5,0.3));
#8831 = CIRCLE('',#8832,0.3);
#8832 = AXIS2_PLACEMENT_3D('',#8833,#8834,#8835);
#8833 = CARTESIAN_POINT('',(35.3,12.2,0.3));
#8834 = DIRECTION('',(-0.,0.,-1.));
#8835 = DIRECTION('',(-1.,0.,0.));
#8836 = ORIENTED_EDGE('',*,*,#8837,.T.);
#8837 = EDGE_CURVE('',#8829,#8838,#8840,.T.);
#8838 = VERTEX_POINT('',#8839);
#8839 = CARTESIAN_POINT('',(35.3,12.5,10.3));
#8840 = LINE('',#8841,#8842);
#8841 = CARTESIAN_POINT('',(35.3,12.5,0.));
#8842 = VECTOR('',#8843,1.);
#8843 = DIRECTION('',(0.,0.,1.));
#8844 = ORIENTED_EDGE('',*,*,#8845,.T.);
#8845 = EDGE_CURVE('',#8838,#8681,#8846,.T.);
#8846 = CIRCLE('',#8847,0.3);
#8847 = AXIS2_PLACEMENT_3D('',#8848,#8849,#8850);
#8848 = CARTESIAN_POINT('',(35.3,12.2,10.3));
#8849 = DIRECTION('',(0.,0.,1.));
#8850 = DIRECTION('',(-1.,-0.,0.));
#8851 = CYLINDRICAL_SURFACE('',#8852,0.3);
#8852 = AXIS2_PLACEMENT_3D('',#8853,#8854,#8855);
#8853 = CARTESIAN_POINT('',(35.3,12.2,0.));
#8854 = DIRECTION('',(0.,0.,1.));
#8855 = DIRECTION('',(-1.,-0.,0.));
#8856 = ADVANCED_FACE('',(#8857),#8884,.T.);
#8857 = FACE_BOUND('',#8858,.F.);
#8858 = EDGE_LOOP('',(#8859,#8868,#8876,#8883));
#8859 = ORIENTED_EDGE('',*,*,#8860,.F.);
#8860 = EDGE_CURVE('',#8861,#8663,#8863,.T.);
#8861 = VERTEX_POINT('',#8862);
#8862 = CARTESIAN_POINT('',(35.3,0.3,0.));
#8863 = CIRCLE('',#8864,0.3);
#8864 = AXIS2_PLACEMENT_3D('',#8865,#8866,#8867);
#8865 = CARTESIAN_POINT('',(35.3,0.3,0.3));
#8866 = DIRECTION('',(0.,1.,-0.));
#8867 = DIRECTION('',(-1.,0.,0.));
#8868 = ORIENTED_EDGE('',*,*,#8869,.T.);
#8869 = EDGE_CURVE('',#8861,#8870,#8872,.T.);
#8870 = VERTEX_POINT('',#8871);
#8871 = CARTESIAN_POINT('',(35.3,12.2,0.));
#8872 = LINE('',#8873,#8874);
#8873 = CARTESIAN_POINT('',(35.3,0.,-5.551115123126E-17));
#8874 = VECTOR('',#8875,1.);
#8875 = DIRECTION('',(-0.,1.,0.));
#8876 = ORIENTED_EDGE('',*,*,#8877,.T.);
#8877 = EDGE_CURVE('',#8870,#8673,#8878,.T.);
#8878 = CIRCLE('',#8879,0.3);
#8879 = AXIS2_PLACEMENT_3D('',#8880,#8881,#8882);
#8880 = CARTESIAN_POINT('',(35.3,12.2,0.3));
#8881 = DIRECTION('',(0.,1.,-0.));
#8882 = DIRECTION('',(-1.,0.,0.));
#8883 = ORIENTED_EDGE('',*,*,#8672,.F.);
#8884 = CYLINDRICAL_SURFACE('',#8885,0.3);
#8885 = AXIS2_PLACEMENT_3D('',#8886,#8887,#8888);
#8886 = CARTESIAN_POINT('',(35.3,0.,0.3));
#8887 = DIRECTION('',(-0.,1.,0.));
#8888 = DIRECTION('',(-1.,-0.,0.));
#8889 = ADVANCED_FACE('',(#8890),#8908,.F.);
#8890 = FACE_BOUND('',#8891,.F.);
#8891 = EDGE_LOOP('',(#8892,#8900,#8901,#8902));
#8892 = ORIENTED_EDGE('',*,*,#8893,.F.);
#8893 = EDGE_CURVE('',#8712,#8894,#8896,.T.);
#8894 = VERTEX_POINT('',#8895);
#8895 = CARTESIAN_POINT('',(37.2,-5.551115123126E-17,0.3));
#8896 = LINE('',#8897,#8898);
#8897 = CARTESIAN_POINT('',(35.,-5.551115123126E-17,0.3));
#8898 = VECTOR('',#8899,1.);
#8899 = DIRECTION('',(1.,0.,-0.));
#8900 = ORIENTED_EDGE('',*,*,#8720,.T.);
#8901 = ORIENTED_EDGE('',*,*,#8786,.F.);
#8902 = ORIENTED_EDGE('',*,*,#8903,.F.);
#8903 = EDGE_CURVE('',#8894,#8778,#8904,.T.);
#8904 = LINE('',#8905,#8906);
#8905 = CARTESIAN_POINT('',(37.2,-5.551115123126E-17,0.));
#8906 = VECTOR('',#8907,1.);
#8907 = DIRECTION('',(0.,0.,1.));
#8908 = PLANE('',#8909);
#8909 = AXIS2_PLACEMENT_3D('',#8910,#8911,#8912);
#8910 = CARTESIAN_POINT('',(35.,0.,0.));
#8911 = DIRECTION('',(-0.,1.,0.));
#8912 = DIRECTION('',(0.,0.,1.));
#8913 = ADVANCED_FACE('',(#8914),#8925,.T.);
#8914 = FACE_BOUND('',#8915,.T.);
#8915 = EDGE_LOOP('',(#8916,#8917,#8924));
#8916 = ORIENTED_EDGE('',*,*,#8860,.F.);
#8917 = ORIENTED_EDGE('',*,*,#8918,.T.);
#8918 = EDGE_CURVE('',#8861,#8712,#8919,.T.);
#8919 = CIRCLE('',#8920,0.3);
#8920 = AXIS2_PLACEMENT_3D('',#8921,#8922,#8923);
#8921 = CARTESIAN_POINT('',(35.3,0.3,0.3));
#8922 = DIRECTION('',(-1.,6.123233995737E-17,0.));
#8923 = DIRECTION('',(-6.123233995737E-17,-1.,0.));
#8924 = ORIENTED_EDGE('',*,*,#8711,.F.);
#8925 = SPHERICAL_SURFACE('',#8926,0.3);
#8926 = AXIS2_PLACEMENT_3D('',#8927,#8928,#8929);
#8927 = CARTESIAN_POINT('',(35.3,0.3,0.3));
#8928 = DIRECTION('',(0.,0.,1.));
#8929 = DIRECTION('',(-1.,0.,0.));
#8930 = ADVANCED_FACE('',(#8931),#8950,.T.);
#8931 = FACE_BOUND('',#8932,.F.);
#8932 = EDGE_LOOP('',(#8933,#8941,#8948,#8949));
#8933 = ORIENTED_EDGE('',*,*,#8934,.F.);
#8934 = EDGE_CURVE('',#8935,#8770,#8937,.T.);
#8935 = VERTEX_POINT('',#8936);
#8936 = CARTESIAN_POINT('',(37.5,0.3,0.3));
#8937 = LINE('',#8938,#8939);
#8938 = CARTESIAN_POINT('',(37.5,0.3,0.));
#8939 = VECTOR('',#8940,1.);
#8940 = DIRECTION('',(0.,0.,1.));
#8941 = ORIENTED_EDGE('',*,*,#8942,.T.);
#8942 = EDGE_CURVE('',#8935,#8894,#8943,.T.);
#8943 = CIRCLE('',#8944,0.3);
#8944 = AXIS2_PLACEMENT_3D('',#8945,#8946,#8947);
#8945 = CARTESIAN_POINT('',(37.2,0.3,0.3));
#8946 = DIRECTION('',(0.,-0.,-1.));
#8947 = DIRECTION('',(1.,0.,-0.));
#8948 = ORIENTED_EDGE('',*,*,#8903,.T.);
#8949 = ORIENTED_EDGE('',*,*,#8777,.F.);
#8950 = CYLINDRICAL_SURFACE('',#8951,0.3);
#8951 = AXIS2_PLACEMENT_3D('',#8952,#8953,#8954);
#8952 = CARTESIAN_POINT('',(37.2,0.3,0.));
#8953 = DIRECTION('',(0.,0.,1.));
#8954 = DIRECTION('',(1.,0.,-0.));
#8955 = ADVANCED_FACE('',(#8956),#8982,.T.);
#8956 = FACE_BOUND('',#8957,.T.);
#8957 = EDGE_LOOP('',(#8958,#8959,#8967,#8975,#8981));
#8958 = ORIENTED_EDGE('',*,*,#8934,.F.);
#8959 = ORIENTED_EDGE('',*,*,#8960,.T.);
#8960 = EDGE_CURVE('',#8935,#8961,#8963,.T.);
#8961 = VERTEX_POINT('',#8962);
#8962 = CARTESIAN_POINT('',(37.5,12.2,0.3));
#8963 = LINE('',#8964,#8965);
#8964 = CARTESIAN_POINT('',(37.5,0.,0.3));
#8965 = VECTOR('',#8966,1.);
#8966 = DIRECTION('',(-0.,1.,0.));
#8967 = ORIENTED_EDGE('',*,*,#8968,.T.);
#8968 = EDGE_CURVE('',#8961,#8969,#8971,.T.);
#8969 = VERTEX_POINT('',#8970);
#8970 = CARTESIAN_POINT('',(37.5,12.2,10.3));
#8971 = LINE('',#8972,#8973);
#8972 = CARTESIAN_POINT('',(37.5,12.2,0.));
#8973 = VECTOR('',#8974,1.);
#8974 = DIRECTION('',(0.,0.,1.));
#8975 = ORIENTED_EDGE('',*,*,#8976,.F.);
#8976 = EDGE_CURVE('',#8761,#8969,#8977,.T.);
#8977 = LINE('',#8978,#8979);
#8978 = CARTESIAN_POINT('',(37.5,0.,10.3));
#8979 = VECTOR('',#8980,1.);
#8980 = DIRECTION('',(-0.,1.,0.));
#8981 = ORIENTED_EDGE('',*,*,#8769,.F.);
#8982 = PLANE('',#8983);
#8983 = AXIS2_PLACEMENT_3D('',#8984,#8985,#8986);
#8984 = CARTESIAN_POINT('',(37.5,0.,0.));
#8985 = DIRECTION('',(1.,0.,-0.));
#8986 = DIRECTION('',(0.,0.,1.));
#8987 = ADVANCED_FACE('',(#8988),#9007,.T.);
#8988 = FACE_BOUND('',#8989,.F.);
#8989 = EDGE_LOOP('',(#8990,#8991,#8999,#9006));
#8990 = ORIENTED_EDGE('',*,*,#8760,.F.);
#8991 = ORIENTED_EDGE('',*,*,#8992,.T.);
#8992 = EDGE_CURVE('',#8753,#8993,#8995,.T.);
#8993 = VERTEX_POINT('',#8994);
#8994 = CARTESIAN_POINT('',(37.2,12.2,10.6));
#8995 = LINE('',#8996,#8997);
#8996 = CARTESIAN_POINT('',(37.2,0.,10.6));
#8997 = VECTOR('',#8998,1.);
#8998 = DIRECTION('',(-0.,1.,0.));
#8999 = ORIENTED_EDGE('',*,*,#9000,.F.);
#9000 = EDGE_CURVE('',#8969,#8993,#9001,.T.);
#9001 = CIRCLE('',#9002,0.3);
#9002 = AXIS2_PLACEMENT_3D('',#9003,#9004,#9005);
#9003 = CARTESIAN_POINT('',(37.2,12.2,10.3));
#9004 = DIRECTION('',(0.,-1.,-0.));
#9005 = DIRECTION('',(1.,0.,0.));
#9006 = ORIENTED_EDGE('',*,*,#8976,.F.);
#9007 = CYLINDRICAL_SURFACE('',#9008,0.3);
#9008 = AXIS2_PLACEMENT_3D('',#9009,#9010,#9011);
#9009 = CARTESIAN_POINT('',(37.2,0.,10.3));
#9010 = DIRECTION('',(-0.,1.,0.));
#9011 = DIRECTION('',(1.,0.,-0.));
#9012 = ADVANCED_FACE('',(#9013),#9024,.T.);
#9013 = FACE_BOUND('',#9014,.T.);
#9014 = EDGE_LOOP('',(#9015,#9016,#9017,#9018));
#9015 = ORIENTED_EDGE('',*,*,#8803,.F.);
#9016 = ORIENTED_EDGE('',*,*,#8752,.T.);
#9017 = ORIENTED_EDGE('',*,*,#8992,.T.);
#9018 = ORIENTED_EDGE('',*,*,#9019,.F.);
#9019 = EDGE_CURVE('',#8804,#8993,#9020,.T.);
#9020 = LINE('',#9021,#9022);
#9021 = CARTESIAN_POINT('',(35.,12.2,10.6));
#9022 = VECTOR('',#9023,1.);
#9023 = DIRECTION('',(1.,0.,-0.));
#9024 = PLANE('',#9025);
#9025 = AXIS2_PLACEMENT_3D('',#9026,#9027,#9028);
#9026 = CARTESIAN_POINT('',(35.,0.,10.6));
#9027 = DIRECTION('',(0.,0.,1.));
#9028 = DIRECTION('',(1.,0.,-0.));
#9029 = ADVANCED_FACE('',(#9030),#9041,.T.);
#9030 = FACE_BOUND('',#9031,.F.);
#9031 = EDGE_LOOP('',(#9032,#9033,#9040));
#9032 = ORIENTED_EDGE('',*,*,#8845,.F.);
#9033 = ORIENTED_EDGE('',*,*,#9034,.T.);
#9034 = EDGE_CURVE('',#8838,#8804,#9035,.T.);
#9035 = CIRCLE('',#9036,0.3);
#9036 = AXIS2_PLACEMENT_3D('',#9037,#9038,#9039);
#9037 = CARTESIAN_POINT('',(35.3,12.2,10.3));
#9038 = DIRECTION('',(1.,0.,6.123233995737E-17));
#9039 = DIRECTION('',(-6.123233995737E-17,-0.,1.));
#9040 = ORIENTED_EDGE('',*,*,#8811,.F.);
#9041 = SPHERICAL_SURFACE('',#9042,0.3);
#9042 = AXIS2_PLACEMENT_3D('',#9043,#9044,#9045);
#9043 = CARTESIAN_POINT('',(35.3,12.2,10.3));
#9044 = DIRECTION('',(0.,-1.,-0.));
#9045 = DIRECTION('',(-1.,-0.,0.));
#9046 = ADVANCED_FACE('',(#9047),#9058,.T.);
#9047 = FACE_BOUND('',#9048,.F.);
#9048 = EDGE_LOOP('',(#9049,#9050,#9057));
#9049 = ORIENTED_EDGE('',*,*,#8877,.F.);
#9050 = ORIENTED_EDGE('',*,*,#9051,.T.);
#9051 = EDGE_CURVE('',#8870,#8829,#9052,.T.);
#9052 = CIRCLE('',#9053,0.3);
#9053 = AXIS2_PLACEMENT_3D('',#9054,#9055,#9056);
#9054 = CARTESIAN_POINT('',(35.3,12.2,0.3));
#9055 = DIRECTION('',(1.,6.123233995737E-17,-0.));
#9056 = DIRECTION('',(-6.123233995737E-17,1.,0.));
#9057 = ORIENTED_EDGE('',*,*,#8828,.F.);
#9058 = SPHERICAL_SURFACE('',#9059,0.3);
#9059 = AXIS2_PLACEMENT_3D('',#9060,#9061,#9062);
#9060 = CARTESIAN_POINT('',(35.3,12.2,0.3));
#9061 = DIRECTION('',(0.,0.,1.));
#9062 = DIRECTION('',(-1.,0.,0.));
#9063 = ADVANCED_FACE('',(#9064),#9089,.T.);
#9064 = FACE_BOUND('',#9065,.T.);
#9065 = EDGE_LOOP('',(#9066,#9067,#9075,#9083));
#9066 = ORIENTED_EDGE('',*,*,#8837,.T.);
#9067 = ORIENTED_EDGE('',*,*,#9068,.T.);
#9068 = EDGE_CURVE('',#8838,#9069,#9071,.T.);
#9069 = VERTEX_POINT('',#9070);
#9070 = CARTESIAN_POINT('',(37.2,12.5,10.3));
#9071 = LINE('',#9072,#9073);
#9072 = CARTESIAN_POINT('',(35.,12.5,10.3));
#9073 = VECTOR('',#9074,1.);
#9074 = DIRECTION('',(1.,0.,-0.));
#9075 = ORIENTED_EDGE('',*,*,#9076,.F.);
#9076 = EDGE_CURVE('',#9077,#9069,#9079,.T.);
#9077 = VERTEX_POINT('',#9078);
#9078 = CARTESIAN_POINT('',(37.2,12.5,0.3));
#9079 = LINE('',#9080,#9081);
#9080 = CARTESIAN_POINT('',(37.2,12.5,0.));
#9081 = VECTOR('',#9082,1.);
#9082 = DIRECTION('',(0.,0.,1.));
#9083 = ORIENTED_EDGE('',*,*,#9084,.F.);
#9084 = EDGE_CURVE('',#8829,#9077,#9085,.T.);
#9085 = LINE('',#9086,#9087);
#9086 = CARTESIAN_POINT('',(35.,12.5,0.3));
#9087 = VECTOR('',#9088,1.);
#9088 = DIRECTION('',(1.,0.,-0.));
#9089 = PLANE('',#9090);
#9090 = AXIS2_PLACEMENT_3D('',#9091,#9092,#9093);
#9091 = CARTESIAN_POINT('',(35.,12.5,0.));
#9092 = DIRECTION('',(-0.,1.,0.));
#9093 = DIRECTION('',(0.,0.,1.));
#9094 = ADVANCED_FACE('',(#9095),#9120,.F.);
#9095 = FACE_BOUND('',#9096,.F.);
#9096 = EDGE_LOOP('',(#9097,#9098,#9106,#9114));
#9097 = ORIENTED_EDGE('',*,*,#8869,.F.);
#9098 = ORIENTED_EDGE('',*,*,#9099,.T.);
#9099 = EDGE_CURVE('',#8861,#9100,#9102,.T.);
#9100 = VERTEX_POINT('',#9101);
#9101 = CARTESIAN_POINT('',(37.2,0.3,0.));
#9102 = LINE('',#9103,#9104);
#9103 = CARTESIAN_POINT('',(35.,0.3,-5.551115123126E-17));
#9104 = VECTOR('',#9105,1.);
#9105 = DIRECTION('',(1.,0.,-0.));
#9106 = ORIENTED_EDGE('',*,*,#9107,.T.);
#9107 = EDGE_CURVE('',#9100,#9108,#9110,.T.);
#9108 = VERTEX_POINT('',#9109);
#9109 = CARTESIAN_POINT('',(37.2,12.2,0.));
#9110 = LINE('',#9111,#9112);
#9111 = CARTESIAN_POINT('',(37.2,0.,-5.551115123126E-17));
#9112 = VECTOR('',#9113,1.);
#9113 = DIRECTION('',(-0.,1.,0.));
#9114 = ORIENTED_EDGE('',*,*,#9115,.F.);
#9115 = EDGE_CURVE('',#8870,#9108,#9116,.T.);
#9116 = LINE('',#9117,#9118);
#9117 = CARTESIAN_POINT('',(35.,12.2,-5.551115123126E-17));
#9118 = VECTOR('',#9119,1.);
#9119 = DIRECTION('',(1.,0.,-0.));
#9120 = PLANE('',#9121);
#9121 = AXIS2_PLACEMENT_3D('',#9122,#9123,#9124);
#9122 = CARTESIAN_POINT('',(35.,0.,0.));
#9123 = DIRECTION('',(0.,0.,1.));
#9124 = DIRECTION('',(1.,0.,-0.));
#9125 = ADVANCED_FACE('',(#9126),#9138,.T.);
#9126 = FACE_BOUND('',#9127,.T.);
#9127 = EDGE_LOOP('',(#9128,#9129,#9130,#9137));
#9128 = ORIENTED_EDGE('',*,*,#8918,.F.);
#9129 = ORIENTED_EDGE('',*,*,#9099,.T.);
#9130 = ORIENTED_EDGE('',*,*,#9131,.T.);
#9131 = EDGE_CURVE('',#9100,#8894,#9132,.T.);
#9132 = CIRCLE('',#9133,0.3);
#9133 = AXIS2_PLACEMENT_3D('',#9134,#9135,#9136);
#9134 = CARTESIAN_POINT('',(37.2,0.3,0.3));
#9135 = DIRECTION('',(-1.,-6.123233995737E-17,0.));
#9136 = DIRECTION('',(6.123233995737E-17,-1.,-0.));
#9137 = ORIENTED_EDGE('',*,*,#8893,.F.);
#9138 = CYLINDRICAL_SURFACE('',#9139,0.3);
#9139 = AXIS2_PLACEMENT_3D('',#9140,#9141,#9142);
#9140 = CARTESIAN_POINT('',(35.,0.3,0.3));
#9141 = DIRECTION('',(1.,0.,-0.));
#9142 = DIRECTION('',(0.,-1.,0.));
#9143 = ADVANCED_FACE('',(#9144),#9155,.T.);
#9144 = FACE_BOUND('',#9145,.F.);
#9145 = EDGE_LOOP('',(#9146,#9153,#9154));
#9146 = ORIENTED_EDGE('',*,*,#9147,.F.);
#9147 = EDGE_CURVE('',#9100,#8935,#9148,.T.);
#9148 = CIRCLE('',#9149,0.3);
#9149 = AXIS2_PLACEMENT_3D('',#9150,#9151,#9152);
#9150 = CARTESIAN_POINT('',(37.2,0.3,0.3));
#9151 = DIRECTION('',(0.,-1.,0.));
#9152 = DIRECTION('',(1.,0.,0.));
#9153 = ORIENTED_EDGE('',*,*,#9131,.T.);
#9154 = ORIENTED_EDGE('',*,*,#8942,.F.);
#9155 = SPHERICAL_SURFACE('',#9156,0.3);
#9156 = AXIS2_PLACEMENT_3D('',#9157,#9158,#9159);
#9157 = CARTESIAN_POINT('',(37.2,0.3,0.3));
#9158 = DIRECTION('',(0.,0.,1.));
#9159 = DIRECTION('',(1.,0.,-0.));
#9160 = ADVANCED_FACE('',(#9161),#9179,.T.);
#9161 = FACE_BOUND('',#9162,.T.);
#9162 = EDGE_LOOP('',(#9163,#9164,#9171,#9172));
#9163 = ORIENTED_EDGE('',*,*,#8968,.F.);
#9164 = ORIENTED_EDGE('',*,*,#9165,.T.);
#9165 = EDGE_CURVE('',#8961,#9077,#9166,.T.);
#9166 = CIRCLE('',#9167,0.3);
#9167 = AXIS2_PLACEMENT_3D('',#9168,#9169,#9170);
#9168 = CARTESIAN_POINT('',(37.2,12.2,0.3));
#9169 = DIRECTION('',(0.,0.,1.));
#9170 = DIRECTION('',(1.,0.,-0.));
#9171 = ORIENTED_EDGE('',*,*,#9076,.T.);
#9172 = ORIENTED_EDGE('',*,*,#9173,.T.);
#9173 = EDGE_CURVE('',#9069,#8969,#9174,.T.);
#9174 = CIRCLE('',#9175,0.3);
#9175 = AXIS2_PLACEMENT_3D('',#9176,#9177,#9178);
#9176 = CARTESIAN_POINT('',(37.2,12.2,10.3));
#9177 = DIRECTION('',(0.,0.,-1.));
#9178 = DIRECTION('',(1.,0.,0.));
#9179 = CYLINDRICAL_SURFACE('',#9180,0.3);
#9180 = AXIS2_PLACEMENT_3D('',#9181,#9182,#9183);
#9181 = CARTESIAN_POINT('',(37.2,12.2,0.));
#9182 = DIRECTION('',(0.,0.,1.));
#9183 = DIRECTION('',(1.,0.,-0.));
#9184 = ADVANCED_FACE('',(#9185),#9197,.T.);
#9185 = FACE_BOUND('',#9186,.T.);
#9186 = EDGE_LOOP('',(#9187,#9188,#9189,#9196));
#9187 = ORIENTED_EDGE('',*,*,#9147,.F.);
#9188 = ORIENTED_EDGE('',*,*,#9107,.T.);
#9189 = ORIENTED_EDGE('',*,*,#9190,.T.);
#9190 = EDGE_CURVE('',#9108,#8961,#9191,.T.);
#9191 = CIRCLE('',#9192,0.3);
#9192 = AXIS2_PLACEMENT_3D('',#9193,#9194,#9195);
#9193 = CARTESIAN_POINT('',(37.2,12.2,0.3));
#9194 = DIRECTION('',(0.,-1.,0.));
#9195 = DIRECTION('',(1.,0.,0.));
#9196 = ORIENTED_EDGE('',*,*,#8960,.F.);
#9197 = CYLINDRICAL_SURFACE('',#9198,0.3);
#9198 = AXIS2_PLACEMENT_3D('',#9199,#9200,#9201);
#9199 = CARTESIAN_POINT('',(37.2,0.,0.3));
#9200 = DIRECTION('',(-0.,1.,0.));
#9201 = DIRECTION('',(1.,0.,-0.));
#9202 = ADVANCED_FACE('',(#9203),#9214,.T.);
#9203 = FACE_BOUND('',#9204,.T.);
#9204 = EDGE_LOOP('',(#9205,#9206,#9213));
#9205 = ORIENTED_EDGE('',*,*,#9173,.F.);
#9206 = ORIENTED_EDGE('',*,*,#9207,.T.);
#9207 = EDGE_CURVE('',#9069,#8993,#9208,.T.);
#9208 = CIRCLE('',#9209,0.3);
#9209 = AXIS2_PLACEMENT_3D('',#9210,#9211,#9212);
#9210 = CARTESIAN_POINT('',(37.2,12.2,10.3));
#9211 = DIRECTION('',(1.,0.,-6.123233995737E-17));
#9212 = DIRECTION('',(6.123233995737E-17,0.,1.));
#9213 = ORIENTED_EDGE('',*,*,#9000,.F.);
#9214 = SPHERICAL_SURFACE('',#9215,0.3);
#9215 = AXIS2_PLACEMENT_3D('',#9216,#9217,#9218);
#9216 = CARTESIAN_POINT('',(37.2,12.2,10.3));
#9217 = DIRECTION('',(0.,-1.,-0.));
#9218 = DIRECTION('',(1.,0.,0.));
#9219 = ADVANCED_FACE('',(#9220),#9226,.T.);
#9220 = FACE_BOUND('',#9221,.T.);
#9221 = EDGE_LOOP('',(#9222,#9223,#9224,#9225));
#9222 = ORIENTED_EDGE('',*,*,#9034,.T.);
#9223 = ORIENTED_EDGE('',*,*,#9019,.T.);
#9224 = ORIENTED_EDGE('',*,*,#9207,.F.);
#9225 = ORIENTED_EDGE('',*,*,#9068,.F.);
#9226 = CYLINDRICAL_SURFACE('',#9227,0.3);
#9227 = AXIS2_PLACEMENT_3D('',#9228,#9229,#9230);
#9228 = CARTESIAN_POINT('',(35.,12.2,10.3));
#9229 = DIRECTION('',(1.,0.,-0.));
#9230 = DIRECTION('',(0.,1.,0.));
#9231 = ADVANCED_FACE('',(#9232),#9244,.T.);
#9232 = FACE_BOUND('',#9233,.F.);
#9233 = EDGE_LOOP('',(#9234,#9235,#9236,#9243));
#9234 = ORIENTED_EDGE('',*,*,#9051,.F.);
#9235 = ORIENTED_EDGE('',*,*,#9115,.T.);
#9236 = ORIENTED_EDGE('',*,*,#9237,.T.);
#9237 = EDGE_CURVE('',#9108,#9077,#9238,.T.);
#9238 = CIRCLE('',#9239,0.3);
#9239 = AXIS2_PLACEMENT_3D('',#9240,#9241,#9242);
#9240 = CARTESIAN_POINT('',(37.2,12.2,0.3));
#9241 = DIRECTION('',(1.,-6.123233995737E-17,0.));
#9242 = DIRECTION('',(6.123233995737E-17,1.,0.));
#9243 = ORIENTED_EDGE('',*,*,#9084,.F.);
#9244 = CYLINDRICAL_SURFACE('',#9245,0.3);
#9245 = AXIS2_PLACEMENT_3D('',#9246,#9247,#9248);
#9246 = CARTESIAN_POINT('',(35.,12.2,0.3));
#9247 = DIRECTION('',(1.,0.,-0.));
#9248 = DIRECTION('',(0.,1.,0.));
#9249 = ADVANCED_FACE('',(#9250),#9255,.T.);
#9250 = FACE_BOUND('',#9251,.T.);
#9251 = EDGE_LOOP('',(#9252,#9253,#9254));
#9252 = ORIENTED_EDGE('',*,*,#9190,.F.);
#9253 = ORIENTED_EDGE('',*,*,#9237,.T.);
#9254 = ORIENTED_EDGE('',*,*,#9165,.F.);
#9255 = SPHERICAL_SURFACE('',#9256,0.3);
#9256 = AXIS2_PLACEMENT_3D('',#9257,#9258,#9259);
#9257 = CARTESIAN_POINT('',(37.2,12.2,0.3));
#9258 = DIRECTION('',(0.,0.,1.));
#9259 = DIRECTION('',(1.,0.,-0.));
#9260 = ( GEOMETRIC_REPRESENTATION_CONTEXT(3)
GLOBAL_UNCERTAINTY_ASSIGNED_CONTEXT((#9264))
GLOBAL_UNIT_ASSIGNED_CONTEXT((#9261,#9262,#9263)) REPRESENTATION_CONTEXT
('Context #1','3D Context with UNIT and UNCERTAINTY') );
#9261 = ( LENGTH_UNIT() NAMED_UNIT(*) SI_UNIT(.MILLI.,.METRE.) );
#9262 = ( NAMED_UNIT(*) PLANE_ANGLE_UNIT() SI_UNIT($,.RADIAN.) );
#9263 = ( NAMED_UNIT(*) SI_UNIT($,.STERADIAN.) SOLID_ANGLE_UNIT() );
#9264 = UNCERTAINTY_MEASURE_WITH_UNIT(LENGTH_MEASURE(1.E-07),#9261,
  'distance_accuracy_value','confusion accuracy');
#9265 = CONTEXT_DEPENDENT_SHAPE_REPRESENTATION(#9266,#9268);
#9266 = ( REPRESENTATION_RELATIONSHIP('','',#8655,#10)
REPRESENTATION_RELATIONSHIP_WITH_TRANSFORMATION(#9267)
SHAPE_REPRESENTATION_RELATIONSHIP() );
#9267 = ITEM_DEFINED_TRANSFORMATION('','',#11,#75);
#9268 = PRODUCT_DEFINITION_SHAPE('Placement','Placement of an item',
  #9269);
#9269 = NEXT_ASSEMBLY_USAGE_OCCURRENCE('16','Spacer between P3 and P4',
  '',#5,#8650,$);
#9270 = PRODUCT_RELATED_PRODUCT_CATEGORY('part',$,(#8652));
#9271 = SHAPE_DEFINITION_REPRESENTATION(#9272,#9278);
#9272 = PRODUCT_DEFINITION_SHAPE('','',#9273);
#9273 = PRODUCT_DEFINITION('design','',#9274,#9277);
#9274 = PRODUCT_DEFINITION_FORMATION('','',#9275);
#9275 = PRODUCT('Actuator P4','Actuator P4','',(#9276));
#9276 = PRODUCT_CONTEXT('',#2,'mechanical');
#9277 = PRODUCT_DEFINITION_CONTEXT('part definition',#2,'design');
#9278 = ADVANCED_BREP_SHAPE_REPRESENTATION('',(#11,#9279),#9497);
#9279 = MANIFOLD_SOLID_BREP('',#9280);
#9280 = CLOSED_SHELL('',(#9281,#9321,#9352,#9383,#9414,#9447,#9469,#9483
    ));
#9281 = ADVANCED_FACE('',(#9282),#9316,.T.);
#9282 = FACE_BOUND('',#9283,.T.);
#9283 = EDGE_LOOP('',(#9284,#9294,#9302,#9310));
#9284 = ORIENTED_EDGE('',*,*,#9285,.T.);
#9285 = EDGE_CURVE('',#9286,#9288,#9290,.T.);
#9286 = VERTEX_POINT('',#9287);
#9287 = CARTESIAN_POINT('',(30.6,-0.35,10.6));
#9288 = VERTEX_POINT('',#9289);
#9289 = CARTESIAN_POINT('',(34.4,-0.35,10.6));
#9290 = LINE('',#9291,#9292);
#9291 = CARTESIAN_POINT('',(30.6,-0.35,10.6));
#9292 = VECTOR('',#9293,1.);
#9293 = DIRECTION('',(1.,0.,0.));
#9294 = ORIENTED_EDGE('',*,*,#9295,.T.);
#9295 = EDGE_CURVE('',#9288,#9296,#9298,.T.);
#9296 = VERTEX_POINT('',#9297);
#9297 = CARTESIAN_POINT('',(34.4,9.45,10.6));
#9298 = LINE('',#9299,#9300);
#9299 = CARTESIAN_POINT('',(34.4,-0.35,10.6));
#9300 = VECTOR('',#9301,1.);
#9301 = DIRECTION('',(0.,1.,0.));
#9302 = ORIENTED_EDGE('',*,*,#9303,.F.);
#9303 = EDGE_CURVE('',#9304,#9296,#9306,.T.);
#9304 = VERTEX_POINT('',#9305);
#9305 = CARTESIAN_POINT('',(30.6,9.45,10.6));
#9306 = LINE('',#9307,#9308);
#9307 = CARTESIAN_POINT('',(30.6,9.45,10.6));
#9308 = VECTOR('',#9309,1.);
#9309 = DIRECTION('',(1.,0.,0.));
#9310 = ORIENTED_EDGE('',*,*,#9311,.F.);
#9311 = EDGE_CURVE('',#9286,#9304,#9312,.T.);
#9312 = LINE('',#9313,#9314);
#9313 = CARTESIAN_POINT('',(30.6,-0.35,10.6));
#9314 = VECTOR('',#9315,1.);
#9315 = DIRECTION('',(0.,1.,0.));
#9316 = PLANE('',#9317);
#9317 = AXIS2_PLACEMENT_3D('',#9318,#9319,#9320);
#9318 = CARTESIAN_POINT('',(30.6,-0.35,10.6));
#9319 = DIRECTION('',(0.,0.,1.));
#9320 = DIRECTION('',(0.,1.,0.));
#9321 = ADVANCED_FACE('',(#9322),#9347,.T.);
#9322 = FACE_BOUND('',#9323,.T.);
#9323 = EDGE_LOOP('',(#9324,#9334,#9340,#9341));
#9324 = ORIENTED_EDGE('',*,*,#9325,.T.);
#9325 = EDGE_CURVE('',#9326,#9328,#9330,.T.);
#9326 = VERTEX_POINT('',#9327);
#9327 = CARTESIAN_POINT('',(30.6,1.25,8.6));
#9328 = VERTEX_POINT('',#9329);
#9329 = CARTESIAN_POINT('',(34.4,1.25,8.6));
#9330 = LINE('',#9331,#9332);
#9331 = CARTESIAN_POINT('',(30.6,1.25,8.6));
#9332 = VECTOR('',#9333,1.);
#9333 = DIRECTION('',(1.,0.,0.));
#9334 = ORIENTED_EDGE('',*,*,#9335,.T.);
#9335 = EDGE_CURVE('',#9328,#9288,#9336,.T.);
#9336 = LINE('',#9337,#9338);
#9337 = CARTESIAN_POINT('',(34.4,1.25,8.6));
#9338 = VECTOR('',#9339,1.);
#9339 = DIRECTION('',(0.,-0.624695047554,0.780868809443));
#9340 = ORIENTED_EDGE('',*,*,#9285,.F.);
#9341 = ORIENTED_EDGE('',*,*,#9342,.F.);
#9342 = EDGE_CURVE('',#9326,#9286,#9343,.T.);
#9343 = LINE('',#9344,#9345);
#9344 = CARTESIAN_POINT('',(30.6,1.25,8.6));
#9345 = VECTOR('',#9346,1.);
#9346 = DIRECTION('',(0.,-0.624695047554,0.780868809443));
#9347 = PLANE('',#9348);
#9348 = AXIS2_PLACEMENT_3D('',#9349,#9350,#9351);
#9349 = CARTESIAN_POINT('',(30.6,1.25,8.6));
#9350 = DIRECTION('',(0.,-0.780868809443,-0.624695047554));
#9351 = DIRECTION('',(0.,-0.624695047554,0.780868809443));
#9352 = ADVANCED_FACE('',(#9353),#9378,.T.);
#9353 = FACE_BOUND('',#9354,.T.);
#9354 = EDGE_LOOP('',(#9355,#9363,#9364,#9372));
#9355 = ORIENTED_EDGE('',*,*,#9356,.F.);
#9356 = EDGE_CURVE('',#9304,#9357,#9359,.T.);
#9357 = VERTEX_POINT('',#9358);
#9358 = CARTESIAN_POINT('',(30.6,9.45,9.565923489271));
#9359 = LINE('',#9360,#9361);
#9360 = CARTESIAN_POINT('',(30.6,9.45,10.6));
#9361 = VECTOR('',#9362,1.);
#9362 = DIRECTION('',(0.,0.,-1.));
#9363 = ORIENTED_EDGE('',*,*,#9303,.T.);
#9364 = ORIENTED_EDGE('',*,*,#9365,.T.);
#9365 = EDGE_CURVE('',#9296,#9366,#9368,.T.);
#9366 = VERTEX_POINT('',#9367);
#9367 = CARTESIAN_POINT('',(34.4,9.45,9.565923489271));
#9368 = LINE('',#9369,#9370);
#9369 = CARTESIAN_POINT('',(34.4,9.45,10.6));
#9370 = VECTOR('',#9371,1.);
#9371 = DIRECTION('',(0.,0.,-1.));
#9372 = ORIENTED_EDGE('',*,*,#9373,.F.);
#9373 = EDGE_CURVE('',#9357,#9366,#9374,.T.);
#9374 = LINE('',#9375,#9376);
#9375 = CARTESIAN_POINT('',(30.6,9.45,9.565923489271));
#9376 = VECTOR('',#9377,1.);
#9377 = DIRECTION('',(1.,0.,0.));
#9378 = PLANE('',#9379);
#9379 = AXIS2_PLACEMENT_3D('',#9380,#9381,#9382);
#9380 = CARTESIAN_POINT('',(30.6,9.45,10.6));
#9381 = DIRECTION('',(-0.,1.,0.));
#9382 = DIRECTION('',(0.,0.,-1.));
#9383 = ADVANCED_FACE('',(#9384),#9409,.T.);
#9384 = FACE_BOUND('',#9385,.T.);
#9385 = EDGE_LOOP('',(#9386,#9396,#9402,#9403));
#9386 = ORIENTED_EDGE('',*,*,#9387,.T.);
#9387 = EDGE_CURVE('',#9388,#9390,#9392,.T.);
#9388 = VERTEX_POINT('',#9389);
#9389 = CARTESIAN_POINT('',(30.6,9.45,8.6));
#9390 = VERTEX_POINT('',#9391);
#9391 = CARTESIAN_POINT('',(34.4,9.45,8.6));
#9392 = LINE('',#9393,#9394);
#9393 = CARTESIAN_POINT('',(30.6,9.45,8.6));
#9394 = VECTOR('',#9395,1.);
#9395 = DIRECTION('',(1.,0.,0.));
#9396 = ORIENTED_EDGE('',*,*,#9397,.T.);
#9397 = EDGE_CURVE('',#9390,#9328,#9398,.T.);
#9398 = LINE('',#9399,#9400);
#9399 = CARTESIAN_POINT('',(34.4,9.45,8.6));
#9400 = VECTOR('',#9401,1.);
#9401 = DIRECTION('',(0.,-1.,0.));
#9402 = ORIENTED_EDGE('',*,*,#9325,.F.);
#9403 = ORIENTED_EDGE('',*,*,#9404,.F.);
#9404 = EDGE_CURVE('',#9388,#9326,#9405,.T.);
#9405 = LINE('',#9406,#9407);
#9406 = CARTESIAN_POINT('',(30.6,9.45,8.6));
#9407 = VECTOR('',#9408,1.);
#9408 = DIRECTION('',(0.,-1.,0.));
#9409 = PLANE('',#9410);
#9410 = AXIS2_PLACEMENT_3D('',#9411,#9412,#9413);
#9411 = CARTESIAN_POINT('',(30.6,9.45,8.6));
#9412 = DIRECTION('',(0.,0.,-1.));
#9413 = DIRECTION('',(0.,-1.,0.));
#9414 = ADVANCED_FACE('',(#9415),#9442,.T.);
#9415 = FACE_BOUND('',#9416,.T.);
#9416 = EDGE_LOOP('',(#9417,#9426,#9434,#9441));
#9417 = ORIENTED_EDGE('',*,*,#9418,.F.);
#9418 = EDGE_CURVE('',#9419,#9366,#9421,.T.);
#9419 = VERTEX_POINT('',#9420);
#9420 = CARTESIAN_POINT('',(34.4,9.45,8.834076510729));
#9421 = CIRCLE('',#9422,0.58);
#9422 = AXIS2_PLACEMENT_3D('',#9423,#9424,#9425);
#9423 = CARTESIAN_POINT('',(34.4,9.,9.2));
#9424 = DIRECTION('',(1.,0.,0.));
#9425 = DIRECTION('',(-0.,0.,1.));
#9426 = ORIENTED_EDGE('',*,*,#9427,.F.);
#9427 = EDGE_CURVE('',#9428,#9419,#9430,.T.);
#9428 = VERTEX_POINT('',#9429);
#9429 = CARTESIAN_POINT('',(30.6,9.45,8.834076510729));
#9430 = LINE('',#9431,#9432);
#9431 = CARTESIAN_POINT('',(30.6,9.45,8.834076510729));
#9432 = VECTOR('',#9433,1.);
#9433 = DIRECTION('',(1.,0.,0.));
#9434 = ORIENTED_EDGE('',*,*,#9435,.T.);
#9435 = EDGE_CURVE('',#9428,#9357,#9436,.T.);
#9436 = CIRCLE('',#9437,0.58);
#9437 = AXIS2_PLACEMENT_3D('',#9438,#9439,#9440);
#9438 = CARTESIAN_POINT('',(30.6,9.,9.2));
#9439 = DIRECTION('',(1.,0.,0.));
#9440 = DIRECTION('',(-0.,0.,1.));
#9441 = ORIENTED_EDGE('',*,*,#9373,.T.);
#9442 = CYLINDRICAL_SURFACE('',#9443,0.58);
#9443 = AXIS2_PLACEMENT_3D('',#9444,#9445,#9446);
#9444 = CARTESIAN_POINT('',(30.6,9.,9.2));
#9445 = DIRECTION('',(1.,0.,0.));
#9446 = DIRECTION('',(-0.,0.,1.));
#9447 = ADVANCED_FACE('',(#9448),#9464,.T.);
#9448 = FACE_BOUND('',#9449,.T.);
#9449 = EDGE_LOOP('',(#9450,#9456,#9457,#9463));
#9450 = ORIENTED_EDGE('',*,*,#9451,.F.);
#9451 = EDGE_CURVE('',#9428,#9388,#9452,.T.);
#9452 = LINE('',#9453,#9454);
#9453 = CARTESIAN_POINT('',(30.6,9.45,10.6));
#9454 = VECTOR('',#9455,1.);
#9455 = DIRECTION('',(0.,0.,-1.));
#9456 = ORIENTED_EDGE('',*,*,#9427,.T.);
#9457 = ORIENTED_EDGE('',*,*,#9458,.T.);
#9458 = EDGE_CURVE('',#9419,#9390,#9459,.T.);
#9459 = LINE('',#9460,#9461);
#9460 = CARTESIAN_POINT('',(34.4,9.45,10.6));
#9461 = VECTOR('',#9462,1.);
#9462 = DIRECTION('',(0.,0.,-1.));
#9463 = ORIENTED_EDGE('',*,*,#9387,.F.);
#9464 = PLANE('',#9465);
#9465 = AXIS2_PLACEMENT_3D('',#9466,#9467,#9468);
#9466 = CARTESIAN_POINT('',(30.6,9.45,10.6));
#9467 = DIRECTION('',(-0.,1.,0.));
#9468 = DIRECTION('',(0.,0.,-1.));
#9469 = ADVANCED_FACE('',(#9470),#9478,.T.);
#9470 = FACE_BOUND('',#9471,.T.);
#9471 = EDGE_LOOP('',(#9472,#9473,#9474,#9475,#9476,#9477));
#9472 = ORIENTED_EDGE('',*,*,#9342,.T.);
#9473 = ORIENTED_EDGE('',*,*,#9311,.T.);
#9474 = ORIENTED_EDGE('',*,*,#9356,.T.);
#9475 = ORIENTED_EDGE('',*,*,#9435,.F.);
#9476 = ORIENTED_EDGE('',*,*,#9451,.T.);
#9477 = ORIENTED_EDGE('',*,*,#9404,.T.);
#9478 = PLANE('',#9479);
#9479 = AXIS2_PLACEMENT_3D('',#9480,#9481,#9482);
#9480 = CARTESIAN_POINT('',(30.6,4.823284092834,9.669808456553));
#9481 = DIRECTION('',(-1.,-0.,-0.));
#9482 = DIRECTION('',(0.,0.,-1.));
#9483 = ADVANCED_FACE('',(#9484),#9492,.T.);
#9484 = FACE_BOUND('',#9485,.T.);
#9485 = EDGE_LOOP('',(#9486,#9487,#9488,#9489,#9490,#9491));
#9486 = ORIENTED_EDGE('',*,*,#9335,.F.);
#9487 = ORIENTED_EDGE('',*,*,#9397,.F.);
#9488 = ORIENTED_EDGE('',*,*,#9458,.F.);
#9489 = ORIENTED_EDGE('',*,*,#9418,.T.);
#9490 = ORIENTED_EDGE('',*,*,#9365,.F.);
#9491 = ORIENTED_EDGE('',*,*,#9295,.F.);
#9492 = PLANE('',#9493);
#9493 = AXIS2_PLACEMENT_3D('',#9494,#9495,#9496);
#9494 = CARTESIAN_POINT('',(34.4,4.823284092834,9.669808456553));
#9495 = DIRECTION('',(1.,0.,0.));
#9496 = DIRECTION('',(-0.,0.,1.));
#9497 = ( GEOMETRIC_REPRESENTATION_CONTEXT(3)
GLOBAL_UNCERTAINTY_ASSIGNED_CONTEXT((#9501))
GLOBAL_UNIT_ASSIGNED_CONTEXT((#9498,#9499,#9500)) REPRESENTATION_CONTEXT
('Context #1','3D Context with UNIT and UNCERTAINTY') );
#9498 = ( LENGTH_UNIT() NAMED_UNIT(*) SI_UNIT(.MILLI.,.METRE.) );
#9499 = ( NAMED_UNIT(*) PLANE_ANGLE_UNIT() SI_UNIT($,.RADIAN.) );
#9500 = ( NAMED_UNIT(*) SI_UNIT($,.STERADIAN.) SOLID_ANGLE_UNIT() );
#9501 = UNCERTAINTY_MEASURE_WITH_UNIT(LENGTH_MEASURE(1.E-07),#9498,
  'distance_accuracy_value','confusion accuracy');
#9502 = CONTEXT_DEPENDENT_SHAPE_REPRESENTATION(#9503,#9505);
#9503 = ( REPRESENTATION_RELATIONSHIP('','',#9278,#10)
REPRESENTATION_RELATIONSHIP_WITH_TRANSFORMATION(#9504)
SHAPE_REPRESENTATION_RELATIONSHIP() );
#9504 = ITEM_DEFINED_TRANSFORMATION('','',#11,#79);
#9505 = PRODUCT_DEFINITION_SHAPE('Placement','Placement of an item',
  #9506);
#9506 = NEXT_ASSEMBLY_USAGE_OCCURRENCE('17','Actuator P4','',#5,#9273,$
  );
#9507 = PRODUCT_RELATED_PRODUCT_CATEGORY('part',$,(#9275));
#9508 = SHAPE_DEFINITION_REPRESENTATION(#9509,#9515);
#9509 = PRODUCT_DEFINITION_SHAPE('','',#9510);
#9510 = PRODUCT_DEFINITION('design','',#9511,#9514);
#9511 = PRODUCT_DEFINITION_FORMATION('','',#9512);
#9512 = PRODUCT('Terminal Pin P4 A','Terminal Pin P4 A','',(#9513));
#9513 = PRODUCT_CONTEXT('',#2,'mechanical');
#9514 = PRODUCT_DEFINITION_CONTEXT('part definition',#2,'design');
#9515 = ADVANCED_BREP_SHAPE_REPRESENTATION('',(#11,#9516),#9666);
#9516 = MANIFOLD_SOLID_BREP('',#9517);
#9517 = CLOSED_SHELL('',(#9518,#9558,#9598,#9620,#9642,#9654));
#9518 = ADVANCED_FACE('',(#9519),#9553,.F.);
#9519 = FACE_BOUND('',#9520,.F.);
#9520 = EDGE_LOOP('',(#9521,#9531,#9539,#9547));
#9521 = ORIENTED_EDGE('',*,*,#9522,.F.);
#9522 = EDGE_CURVE('',#9523,#9525,#9527,.T.);
#9523 = VERTEX_POINT('',#9524);
#9524 = CARTESIAN_POINT('',(32.6,4.35,-3.));
#9525 = VERTEX_POINT('',#9526);
#9526 = CARTESIAN_POINT('',(32.6,4.35,0.));
#9527 = LINE('',#9528,#9529);
#9528 = CARTESIAN_POINT('',(32.6,4.35,-3.));
#9529 = VECTOR('',#9530,1.);
#9530 = DIRECTION('',(0.,0.,1.));
#9531 = ORIENTED_EDGE('',*,*,#9532,.T.);
#9532 = EDGE_CURVE('',#9523,#9533,#9535,.T.);
#9533 = VERTEX_POINT('',#9534);
#9534 = CARTESIAN_POINT('',(32.6,4.85,-3.));
#9535 = LINE('',#9536,#9537);
#9536 = CARTESIAN_POINT('',(32.6,4.35,-3.));
#9537 = VECTOR('',#9538,1.);
#9538 = DIRECTION('',(-0.,1.,0.));
#9539 = ORIENTED_EDGE('',*,*,#9540,.T.);
#9540 = EDGE_CURVE('',#9533,#9541,#9543,.T.);
#9541 = VERTEX_POINT('',#9542);
#9542 = CARTESIAN_POINT('',(32.6,4.85,0.));
#9543 = LINE('',#9544,#9545);
#9544 = CARTESIAN_POINT('',(32.6,4.85,-3.));
#9545 = VECTOR('',#9546,1.);
#9546 = DIRECTION('',(0.,0.,1.));
#9547 = ORIENTED_EDGE('',*,*,#9548,.F.);
#9548 = EDGE_CURVE('',#9525,#9541,#9549,.T.);
#9549 = LINE('',#9550,#9551);
#9550 = CARTESIAN_POINT('',(32.6,4.35,0.));
#9551 = VECTOR('',#9552,1.);
#9552 = DIRECTION('',(-0.,1.,0.));
#9553 = PLANE('',#9554);
#9554 = AXIS2_PLACEMENT_3D('',#9555,#9556,#9557);
#9555 = CARTESIAN_POINT('',(32.6,4.35,-3.));
#9556 = DIRECTION('',(1.,0.,-0.));
#9557 = DIRECTION('',(0.,0.,1.));
#9558 = ADVANCED_FACE('',(#9559),#9593,.T.);
#9559 = FACE_BOUND('',#9560,.T.);
#9560 = EDGE_LOOP('',(#9561,#9571,#9579,#9587));
#9561 = ORIENTED_EDGE('',*,*,#9562,.F.);
#9562 = EDGE_CURVE('',#9563,#9565,#9567,.T.);
#9563 = VERTEX_POINT('',#9564);
#9564 = CARTESIAN_POINT('',(33.4,4.35,-3.));
#9565 = VERTEX_POINT('',#9566);
#9566 = CARTESIAN_POINT('',(33.4,4.35,0.));
#9567 = LINE('',#9568,#9569);
#9568 = CARTESIAN_POINT('',(33.4,4.35,-3.));
#9569 = VECTOR('',#9570,1.);
#9570 = DIRECTION('',(0.,0.,1.));
#9571 = ORIENTED_EDGE('',*,*,#9572,.T.);
#9572 = EDGE_CURVE('',#9563,#9573,#9575,.T.);
#9573 = VERTEX_POINT('',#9574);
#9574 = CARTESIAN_POINT('',(33.4,4.85,-3.));
#9575 = LINE('',#9576,#9577);
#9576 = CARTESIAN_POINT('',(33.4,4.35,-3.));
#9577 = VECTOR('',#9578,1.);
#9578 = DIRECTION('',(-0.,1.,0.));
#9579 = ORIENTED_EDGE('',*,*,#9580,.T.);
#9580 = EDGE_CURVE('',#9573,#9581,#9583,.T.);
#9581 = VERTEX_POINT('',#9582);
#9582 = CARTESIAN_POINT('',(33.4,4.85,0.));
#9583 = LINE('',#9584,#9585);
#9584 = CARTESIAN_POINT('',(33.4,4.85,-3.));
#9585 = VECTOR('',#9586,1.);
#9586 = DIRECTION('',(0.,0.,1.));
#9587 = ORIENTED_EDGE('',*,*,#9588,.F.);
#9588 = EDGE_CURVE('',#9565,#9581,#9589,.T.);
#9589 = LINE('',#9590,#9591);
#9590 = CARTESIAN_POINT('',(33.4,4.35,0.));
#9591 = VECTOR('',#9592,1.);
#9592 = DIRECTION('',(-0.,1.,0.));
#9593 = PLANE('',#9594);
#9594 = AXIS2_PLACEMENT_3D('',#9595,#9596,#9597);
#9595 = CARTESIAN_POINT('',(33.4,4.35,-3.));
#9596 = DIRECTION('',(1.,0.,-0.));
#9597 = DIRECTION('',(0.,0.,1.));
#9598 = ADVANCED_FACE('',(#9599),#9615,.F.);
#9599 = FACE_BOUND('',#9600,.F.);
#9600 = EDGE_LOOP('',(#9601,#9607,#9608,#9614));
#9601 = ORIENTED_EDGE('',*,*,#9602,.F.);
#9602 = EDGE_CURVE('',#9523,#9563,#9603,.T.);
#9603 = LINE('',#9604,#9605);
#9604 = CARTESIAN_POINT('',(32.6,4.35,-3.));
#9605 = VECTOR('',#9606,1.);
#9606 = DIRECTION('',(1.,0.,-0.));
#9607 = ORIENTED_EDGE('',*,*,#9522,.T.);
#9608 = ORIENTED_EDGE('',*,*,#9609,.T.);
#9609 = EDGE_CURVE('',#9525,#9565,#9610,.T.);
#9610 = LINE('',#9611,#9612);
#9611 = CARTESIAN_POINT('',(32.6,4.35,0.));
#9612 = VECTOR('',#9613,1.);
#9613 = DIRECTION('',(1.,0.,-0.));
#9614 = ORIENTED_EDGE('',*,*,#9562,.F.);
#9615 = PLANE('',#9616);
#9616 = AXIS2_PLACEMENT_3D('',#9617,#9618,#9619);
#9617 = CARTESIAN_POINT('',(32.6,4.35,-3.));
#9618 = DIRECTION('',(-0.,1.,0.));
#9619 = DIRECTION('',(0.,0.,1.));
#9620 = ADVANCED_FACE('',(#9621),#9637,.T.);
#9621 = FACE_BOUND('',#9622,.T.);
#9622 = EDGE_LOOP('',(#9623,#9629,#9630,#9636));
#9623 = ORIENTED_EDGE('',*,*,#9624,.F.);
#9624 = EDGE_CURVE('',#9533,#9573,#9625,.T.);
#9625 = LINE('',#9626,#9627);
#9626 = CARTESIAN_POINT('',(32.6,4.85,-3.));
#9627 = VECTOR('',#9628,1.);
#9628 = DIRECTION('',(1.,0.,-0.));
#9629 = ORIENTED_EDGE('',*,*,#9540,.T.);
#9630 = ORIENTED_EDGE('',*,*,#9631,.T.);
#9631 = EDGE_CURVE('',#9541,#9581,#9632,.T.);
#9632 = LINE('',#9633,#9634);
#9633 = CARTESIAN_POINT('',(32.6,4.85,0.));
#9634 = VECTOR('',#9635,1.);
#9635 = DIRECTION('',(1.,0.,-0.));
#9636 = ORIENTED_EDGE('',*,*,#9580,.F.);
#9637 = PLANE('',#9638);
#9638 = AXIS2_PLACEMENT_3D('',#9639,#9640,#9641);
#9639 = CARTESIAN_POINT('',(32.6,4.85,-3.));
#9640 = DIRECTION('',(-0.,1.,0.));
#9641 = DIRECTION('',(0.,0.,1.));
#9642 = ADVANCED_FACE('',(#9643),#9649,.F.);
#9643 = FACE_BOUND('',#9644,.F.);
#9644 = EDGE_LOOP('',(#9645,#9646,#9647,#9648));
#9645 = ORIENTED_EDGE('',*,*,#9532,.F.);
#9646 = ORIENTED_EDGE('',*,*,#9602,.T.);
#9647 = ORIENTED_EDGE('',*,*,#9572,.T.);
#9648 = ORIENTED_EDGE('',*,*,#9624,.F.);
#9649 = PLANE('',#9650);
#9650 = AXIS2_PLACEMENT_3D('',#9651,#9652,#9653);
#9651 = CARTESIAN_POINT('',(32.6,4.35,-3.));
#9652 = DIRECTION('',(0.,0.,1.));
#9653 = DIRECTION('',(1.,0.,-0.));
#9654 = ADVANCED_FACE('',(#9655),#9661,.T.);
#9655 = FACE_BOUND('',#9656,.T.);
#9656 = EDGE_LOOP('',(#9657,#9658,#9659,#9660));
#9657 = ORIENTED_EDGE('',*,*,#9548,.F.);
#9658 = ORIENTED_EDGE('',*,*,#9609,.T.);
#9659 = ORIENTED_EDGE('',*,*,#9588,.T.);
#9660 = ORIENTED_EDGE('',*,*,#9631,.F.);
#9661 = PLANE('',#9662);
#9662 = AXIS2_PLACEMENT_3D('',#9663,#9664,#9665);
#9663 = CARTESIAN_POINT('',(32.6,4.35,0.));
#9664 = DIRECTION('',(0.,0.,1.));
#9665 = DIRECTION('',(1.,0.,-0.));
#9666 = ( GEOMETRIC_REPRESENTATION_CONTEXT(3)
GLOBAL_UNCERTAINTY_ASSIGNED_CONTEXT((#9670))
GLOBAL_UNIT_ASSIGNED_CONTEXT((#9667,#9668,#9669)) REPRESENTATION_CONTEXT
('Context #1','3D Context with UNIT and UNCERTAINTY') );
#9667 = ( LENGTH_UNIT() NAMED_UNIT(*) SI_UNIT(.MILLI.,.METRE.) );
#9668 = ( NAMED_UNIT(*) PLANE_ANGLE_UNIT() SI_UNIT($,.RADIAN.) );
#9669 = ( NAMED_UNIT(*) SI_UNIT($,.STERADIAN.) SOLID_ANGLE_UNIT() );
#9670 = UNCERTAINTY_MEASURE_WITH_UNIT(LENGTH_MEASURE(1.E-07),#9667,
  'distance_accuracy_value','confusion accuracy');
#9671 = CONTEXT_DEPENDENT_SHAPE_REPRESENTATION(#9672,#9674);
#9672 = ( REPRESENTATION_RELATIONSHIP('','',#9515,#10)
REPRESENTATION_RELATIONSHIP_WITH_TRANSFORMATION(#9673)
SHAPE_REPRESENTATION_RELATIONSHIP() );
#9673 = ITEM_DEFINED_TRANSFORMATION('','',#11,#83);
#9674 = PRODUCT_DEFINITION_SHAPE('Placement','Placement of an item',
  #9675);
#9675 = NEXT_ASSEMBLY_USAGE_OCCURRENCE('18','Terminal Pin P4 A','',#5,
  #9510,$);
#9676 = PRODUCT_RELATED_PRODUCT_CATEGORY('part',$,(#9512));
#9677 = SHAPE_DEFINITION_REPRESENTATION(#9678,#9684);
#9678 = PRODUCT_DEFINITION_SHAPE('','',#9679);
#9679 = PRODUCT_DEFINITION('design','',#9680,#9683);
#9680 = PRODUCT_DEFINITION_FORMATION('','',#9681);
#9681 = PRODUCT('Terminal Pin P4 B','Terminal Pin P4 B','',(#9682));
#9682 = PRODUCT_CONTEXT('',#2,'mechanical');
#9683 = PRODUCT_DEFINITION_CONTEXT('part definition',#2,'design');
#9684 = ADVANCED_BREP_SHAPE_REPRESENTATION('',(#11,#9685),#9835);
#9685 = MANIFOLD_SOLID_BREP('',#9686);
#9686 = CLOSED_SHELL('',(#9687,#9727,#9767,#9789,#9811,#9823));
#9687 = ADVANCED_FACE('',(#9688),#9722,.F.);
#9688 = FACE_BOUND('',#9689,.F.);
#9689 = EDGE_LOOP('',(#9690,#9700,#9708,#9716));
#9690 = ORIENTED_EDGE('',*,*,#9691,.F.);
#9691 = EDGE_CURVE('',#9692,#9694,#9696,.T.);
#9692 = VERTEX_POINT('',#9693);
#9693 = CARTESIAN_POINT('',(32.6,9.35,-3.));
#9694 = VERTEX_POINT('',#9695);
#9695 = CARTESIAN_POINT('',(32.6,9.35,0.));
#9696 = LINE('',#9697,#9698);
#9697 = CARTESIAN_POINT('',(32.6,9.35,-3.));
#9698 = VECTOR('',#9699,1.);
#9699 = DIRECTION('',(0.,0.,1.));
#9700 = ORIENTED_EDGE('',*,*,#9701,.T.);
#9701 = EDGE_CURVE('',#9692,#9702,#9704,.T.);
#9702 = VERTEX_POINT('',#9703);
#9703 = CARTESIAN_POINT('',(32.6,9.85,-3.));
#9704 = LINE('',#9705,#9706);
#9705 = CARTESIAN_POINT('',(32.6,9.35,-3.));
#9706 = VECTOR('',#9707,1.);
#9707 = DIRECTION('',(-0.,1.,0.));
#9708 = ORIENTED_EDGE('',*,*,#9709,.T.);
#9709 = EDGE_CURVE('',#9702,#9710,#9712,.T.);
#9710 = VERTEX_POINT('',#9711);
#9711 = CARTESIAN_POINT('',(32.6,9.85,0.));
#9712 = LINE('',#9713,#9714);
#9713 = CARTESIAN_POINT('',(32.6,9.85,-3.));
#9714 = VECTOR('',#9715,1.);
#9715 = DIRECTION('',(0.,0.,1.));
#9716 = ORIENTED_EDGE('',*,*,#9717,.F.);
#9717 = EDGE_CURVE('',#9694,#9710,#9718,.T.);
#9718 = LINE('',#9719,#9720);
#9719 = CARTESIAN_POINT('',(32.6,9.35,0.));
#9720 = VECTOR('',#9721,1.);
#9721 = DIRECTION('',(-0.,1.,0.));
#9722 = PLANE('',#9723);
#9723 = AXIS2_PLACEMENT_3D('',#9724,#9725,#9726);
#9724 = CARTESIAN_POINT('',(32.6,9.35,-3.));
#9725 = DIRECTION('',(1.,0.,-0.));
#9726 = DIRECTION('',(0.,0.,1.));
#9727 = ADVANCED_FACE('',(#9728),#9762,.T.);
#9728 = FACE_BOUND('',#9729,.T.);
#9729 = EDGE_LOOP('',(#9730,#9740,#9748,#9756));
#9730 = ORIENTED_EDGE('',*,*,#9731,.F.);
#9731 = EDGE_CURVE('',#9732,#9734,#9736,.T.);
#9732 = VERTEX_POINT('',#9733);
#9733 = CARTESIAN_POINT('',(33.4,9.35,-3.));
#9734 = VERTEX_POINT('',#9735);
#9735 = CARTESIAN_POINT('',(33.4,9.35,0.));
#9736 = LINE('',#9737,#9738);
#9737 = CARTESIAN_POINT('',(33.4,9.35,-3.));
#9738 = VECTOR('',#9739,1.);
#9739 = DIRECTION('',(0.,0.,1.));
#9740 = ORIENTED_EDGE('',*,*,#9741,.T.);
#9741 = EDGE_CURVE('',#9732,#9742,#9744,.T.);
#9742 = VERTEX_POINT('',#9743);
#9743 = CARTESIAN_POINT('',(33.4,9.85,-3.));
#9744 = LINE('',#9745,#9746);
#9745 = CARTESIAN_POINT('',(33.4,9.35,-3.));
#9746 = VECTOR('',#9747,1.);
#9747 = DIRECTION('',(-0.,1.,0.));
#9748 = ORIENTED_EDGE('',*,*,#9749,.T.);
#9749 = EDGE_CURVE('',#9742,#9750,#9752,.T.);
#9750 = VERTEX_POINT('',#9751);
#9751 = CARTESIAN_POINT('',(33.4,9.85,0.));
#9752 = LINE('',#9753,#9754);
#9753 = CARTESIAN_POINT('',(33.4,9.85,-3.));
#9754 = VECTOR('',#9755,1.);
#9755 = DIRECTION('',(0.,0.,1.));
#9756 = ORIENTED_EDGE('',*,*,#9757,.F.);
#9757 = EDGE_CURVE('',#9734,#9750,#9758,.T.);
#9758 = LINE('',#9759,#9760);
#9759 = CARTESIAN_POINT('',(33.4,9.35,0.));
#9760 = VECTOR('',#9761,1.);
#9761 = DIRECTION('',(-0.,1.,0.));
#9762 = PLANE('',#9763);
#9763 = AXIS2_PLACEMENT_3D('',#9764,#9765,#9766);
#9764 = CARTESIAN_POINT('',(33.4,9.35,-3.));
#9765 = DIRECTION('',(1.,0.,-0.));
#9766 = DIRECTION('',(0.,0.,1.));
#9767 = ADVANCED_FACE('',(#9768),#9784,.F.);
#9768 = FACE_BOUND('',#9769,.F.);
#9769 = EDGE_LOOP('',(#9770,#9776,#9777,#9783));
#9770 = ORIENTED_EDGE('',*,*,#9771,.F.);
#9771 = EDGE_CURVE('',#9692,#9732,#9772,.T.);
#9772 = LINE('',#9773,#9774);
#9773 = CARTESIAN_POINT('',(32.6,9.35,-3.));
#9774 = VECTOR('',#9775,1.);
#9775 = DIRECTION('',(1.,0.,-0.));
#9776 = ORIENTED_EDGE('',*,*,#9691,.T.);
#9777 = ORIENTED_EDGE('',*,*,#9778,.T.);
#9778 = EDGE_CURVE('',#9694,#9734,#9779,.T.);
#9779 = LINE('',#9780,#9781);
#9780 = CARTESIAN_POINT('',(32.6,9.35,0.));
#9781 = VECTOR('',#9782,1.);
#9782 = DIRECTION('',(1.,0.,-0.));
#9783 = ORIENTED_EDGE('',*,*,#9731,.F.);
#9784 = PLANE('',#9785);
#9785 = AXIS2_PLACEMENT_3D('',#9786,#9787,#9788);
#9786 = CARTESIAN_POINT('',(32.6,9.35,-3.));
#9787 = DIRECTION('',(-0.,1.,0.));
#9788 = DIRECTION('',(0.,0.,1.));
#9789 = ADVANCED_FACE('',(#9790),#9806,.T.);
#9790 = FACE_BOUND('',#9791,.T.);
#9791 = EDGE_LOOP('',(#9792,#9798,#9799,#9805));
#9792 = ORIENTED_EDGE('',*,*,#9793,.F.);
#9793 = EDGE_CURVE('',#9702,#9742,#9794,.T.);
#9794 = LINE('',#9795,#9796);
#9795 = CARTESIAN_POINT('',(32.6,9.85,-3.));
#9796 = VECTOR('',#9797,1.);
#9797 = DIRECTION('',(1.,0.,-0.));
#9798 = ORIENTED_EDGE('',*,*,#9709,.T.);
#9799 = ORIENTED_EDGE('',*,*,#9800,.T.);
#9800 = EDGE_CURVE('',#9710,#9750,#9801,.T.);
#9801 = LINE('',#9802,#9803);
#9802 = CARTESIAN_POINT('',(32.6,9.85,0.));
#9803 = VECTOR('',#9804,1.);
#9804 = DIRECTION('',(1.,0.,-0.));
#9805 = ORIENTED_EDGE('',*,*,#9749,.F.);
#9806 = PLANE('',#9807);
#9807 = AXIS2_PLACEMENT_3D('',#9808,#9809,#9810);
#9808 = CARTESIAN_POINT('',(32.6,9.85,-3.));
#9809 = DIRECTION('',(-0.,1.,0.));
#9810 = DIRECTION('',(0.,0.,1.));
#9811 = ADVANCED_FACE('',(#9812),#9818,.F.);
#9812 = FACE_BOUND('',#9813,.F.);
#9813 = EDGE_LOOP('',(#9814,#9815,#9816,#9817));
#9814 = ORIENTED_EDGE('',*,*,#9701,.F.);
#9815 = ORIENTED_EDGE('',*,*,#9771,.T.);
#9816 = ORIENTED_EDGE('',*,*,#9741,.T.);
#9817 = ORIENTED_EDGE('',*,*,#9793,.F.);
#9818 = PLANE('',#9819);
#9819 = AXIS2_PLACEMENT_3D('',#9820,#9821,#9822);
#9820 = CARTESIAN_POINT('',(32.6,9.35,-3.));
#9821 = DIRECTION('',(0.,0.,1.));
#9822 = DIRECTION('',(1.,0.,-0.));
#9823 = ADVANCED_FACE('',(#9824),#9830,.T.);
#9824 = FACE_BOUND('',#9825,.T.);
#9825 = EDGE_LOOP('',(#9826,#9827,#9828,#9829));
#9826 = ORIENTED_EDGE('',*,*,#9717,.F.);
#9827 = ORIENTED_EDGE('',*,*,#9778,.T.);
#9828 = ORIENTED_EDGE('',*,*,#9757,.T.);
#9829 = ORIENTED_EDGE('',*,*,#9800,.F.);
#9830 = PLANE('',#9831);
#9831 = AXIS2_PLACEMENT_3D('',#9832,#9833,#9834);
#9832 = CARTESIAN_POINT('',(32.6,9.35,0.));
#9833 = DIRECTION('',(0.,0.,1.));
#9834 = DIRECTION('',(1.,0.,-0.));
#9835 = ( GEOMETRIC_REPRESENTATION_CONTEXT(3)
GLOBAL_UNCERTAINTY_ASSIGNED_CONTEXT((#9839))
GLOBAL_UNIT_ASSIGNED_CONTEXT((#9836,#9837,#9838)) REPRESENTATION_CONTEXT
('Context #1','3D Context with UNIT and UNCERTAINTY') );
#9836 = ( LENGTH_UNIT() NAMED_UNIT(*) SI_UNIT(.MILLI.,.METRE.) );
#9837 = ( NAMED_UNIT(*) PLANE_ANGLE_UNIT() SI_UNIT($,.RADIAN.) );
#9838 = ( NAMED_UNIT(*) SI_UNIT($,.STERADIAN.) SOLID_ANGLE_UNIT() );
#9839 = UNCERTAINTY_MEASURE_WITH_UNIT(LENGTH_MEASURE(1.E-07),#9836,
  'distance_accuracy_value','confusion accuracy');
#9840 = CONTEXT_DEPENDENT_SHAPE_REPRESENTATION(#9841,#9843);
#9841 = ( REPRESENTATION_RELATIONSHIP('','',#9684,#10)
REPRESENTATION_RELATIONSHIP_WITH_TRANSFORMATION(#9842)
SHAPE_REPRESENTATION_RELATIONSHIP() );
#9842 = ITEM_DEFINED_TRANSFORMATION('','',#11,#87);
#9843 = PRODUCT_DEFINITION_SHAPE('Placement','Placement of an item',
  #9844);
#9844 = NEXT_ASSEMBLY_USAGE_OCCURRENCE('19','Terminal Pin P4 B','',#5,
  #9679,$);
#9845 = PRODUCT_RELATED_PRODUCT_CATEGORY('part',$,(#9681));
#9846 = SHAPE_DEFINITION_REPRESENTATION(#9847,#9853);
#9847 = PRODUCT_DEFINITION_SHAPE('','',#9848);
#9848 = PRODUCT_DEFINITION('design','',#9849,#9852);
#9849 = PRODUCT_DEFINITION_FORMATION('','',#9850);
#9850 = PRODUCT('Housing P5','Housing P5','',(#9851));
#9851 = PRODUCT_CONTEXT('',#2,'mechanical');
#9852 = PRODUCT_DEFINITION_CONTEXT('part definition',#2,'design');
#9853 = ADVANCED_BREP_SHAPE_REPRESENTATION('',(#11,#9854),#11209);
#9854 = MANIFOLD_SOLID_BREP('',#9855);
#9855 = CLOSED_SHELL('',(#9856,#9904,#9937,#10028,#10053,#10086,#10119,
    #10220,#10237,#10262,#10294,#10319,#10359,#10391,#10415,#10440,
    #10457,#10474,#10505,#10536,#10554,#10585,#10610,#10641,#10665,
    #10696,#10713,#10737,#10755,#10772,#10784,#10801,#10813,#10831,
    #10842,#10891,#10922,#10953,#10986,#11017,#11057,#11088,#11104,
    #11150,#11181,#11195));
#9856 = ADVANCED_FACE('',(#9857),#9899,.F.);
#9857 = FACE_BOUND('',#9858,.F.);
#9858 = EDGE_LOOP('',(#9859,#9869,#9877,#9885,#9893));
#9859 = ORIENTED_EDGE('',*,*,#9860,.F.);
#9860 = EDGE_CURVE('',#9861,#9863,#9865,.T.);
#9861 = VERTEX_POINT('',#9862);
#9862 = CARTESIAN_POINT('',(22.5,0.3,0.3));
#9863 = VERTEX_POINT('',#9864);
#9864 = CARTESIAN_POINT('',(22.5,0.3,9.086363636364));
#9865 = LINE('',#9866,#9867);
#9866 = CARTESIAN_POINT('',(22.5,0.3,0.));
#9867 = VECTOR('',#9868,1.);
#9868 = DIRECTION('',(0.,0.,1.));
#9869 = ORIENTED_EDGE('',*,*,#9870,.T.);
#9870 = EDGE_CURVE('',#9861,#9871,#9873,.T.);
#9871 = VERTEX_POINT('',#9872);
#9872 = CARTESIAN_POINT('',(22.5,12.2,0.3));
#9873 = LINE('',#9874,#9875);
#9874 = CARTESIAN_POINT('',(22.5,0.,0.3));
#9875 = VECTOR('',#9876,1.);
#9876 = DIRECTION('',(-0.,1.,0.));
#9877 = ORIENTED_EDGE('',*,*,#9878,.T.);
#9878 = EDGE_CURVE('',#9871,#9879,#9881,.T.);
#9879 = VERTEX_POINT('',#9880);
#9880 = CARTESIAN_POINT('',(22.5,12.2,10.3));
#9881 = LINE('',#9882,#9883);
#9882 = CARTESIAN_POINT('',(22.5,12.2,0.));
#9883 = VECTOR('',#9884,1.);
#9884 = DIRECTION('',(0.,0.,1.));
#9885 = ORIENTED_EDGE('',*,*,#9886,.F.);
#9886 = EDGE_CURVE('',#9887,#9879,#9889,.T.);
#9887 = VERTEX_POINT('',#9888);
#9888 = CARTESIAN_POINT('',(22.5,1.743243243243,10.3));
#9889 = LINE('',#9890,#9891);
#9890 = CARTESIAN_POINT('',(22.5,0.,10.3));
#9891 = VECTOR('',#9892,1.);
#9892 = DIRECTION('',(-0.,1.,0.));
#9893 = ORIENTED_EDGE('',*,*,#9894,.F.);
#9894 = EDGE_CURVE('',#9863,#9887,#9895,.T.);
#9895 = LINE('',#9896,#9897);
#9896 = CARTESIAN_POINT('',(22.5,-1.125779122542,7.88741301059));
#9897 = VECTOR('',#9898,1.);
#9898 = DIRECTION('',(0.,0.765362085905,0.643599935875));
#9899 = PLANE('',#9900);
#9900 = AXIS2_PLACEMENT_3D('',#9901,#9902,#9903);
#9901 = CARTESIAN_POINT('',(22.5,0.,0.));
#9902 = DIRECTION('',(1.,0.,-0.));
#9903 = DIRECTION('',(0.,0.,1.));
#9904 = ADVANCED_FACE('',(#9905),#9932,.T.);
#9905 = FACE_BOUND('',#9906,.T.);
#9906 = EDGE_LOOP('',(#9907,#9908,#9917,#9925));
#9907 = ORIENTED_EDGE('',*,*,#9860,.F.);
#9908 = ORIENTED_EDGE('',*,*,#9909,.T.);
#9909 = EDGE_CURVE('',#9861,#9910,#9912,.T.);
#9910 = VERTEX_POINT('',#9911);
#9911 = CARTESIAN_POINT('',(22.8,-5.551115123126E-17,0.3));
#9912 = CIRCLE('',#9913,0.3);
#9913 = AXIS2_PLACEMENT_3D('',#9914,#9915,#9916);
#9914 = CARTESIAN_POINT('',(22.8,0.3,0.3));
#9915 = DIRECTION('',(0.,0.,1.));
#9916 = DIRECTION('',(-1.,0.,0.));
#9917 = ORIENTED_EDGE('',*,*,#9918,.T.);
#9918 = EDGE_CURVE('',#9910,#9919,#9921,.T.);
#9919 = VERTEX_POINT('',#9920);
#9920 = CARTESIAN_POINT('',(22.8,-5.551115123126E-17,8.834090909091));
#9921 = LINE('',#9922,#9923);
#9922 = CARTESIAN_POINT('',(22.8,-5.551115123126E-17,0.));
#9923 = VECTOR('',#9924,1.);
#9924 = DIRECTION('',(0.,0.,1.));
#9925 = ORIENTED_EDGE('',*,*,#9926,.T.);
#9926 = EDGE_CURVE('',#9919,#9863,#9927,.T.);
#9927 = ELLIPSE('',#9928,0.391971336867,0.3);
#9928 = AXIS2_PLACEMENT_3D('',#9929,#9930,#9931);
#9929 = CARTESIAN_POINT('',(22.8,0.3,9.086363636364));
#9930 = DIRECTION('',(0.,0.643599935875,-0.765362085905));
#9931 = DIRECTION('',(0.,0.765362085905,0.643599935875));
#9932 = CYLINDRICAL_SURFACE('',#9933,0.3);
#9933 = AXIS2_PLACEMENT_3D('',#9934,#9935,#9936);
#9934 = CARTESIAN_POINT('',(22.8,0.3,0.));
#9935 = DIRECTION('',(0.,0.,1.));
#9936 = DIRECTION('',(-1.,-0.,0.));
#9937 = ADVANCED_FACE('',(#9938),#10023,.F.);
#9938 = FACE_BOUND('',#9939,.F.);
#9939 = EDGE_LOOP('',(#9940,#9949,#9957,#9965,#9973,#9981,#9989,#9998,
    #10006,#10015,#10021,#10022));
#9940 = ORIENTED_EDGE('',*,*,#9941,.T.);
#9941 = EDGE_CURVE('',#9887,#9942,#9944,.T.);
#9942 = VERTEX_POINT('',#9943);
#9943 = CARTESIAN_POINT('',(22.8,2.1,10.6));
#9944 = ELLIPSE('',#9945,0.466128076275,0.3);
#9945 = AXIS2_PLACEMENT_3D('',#9946,#9947,#9948);
#9946 = CARTESIAN_POINT('',(22.8,1.743243243243,10.3));
#9947 = DIRECTION('',(0.,0.643599935875,-0.765362085905));
#9948 = DIRECTION('',(0.,0.765362085905,0.643599935875));
#9949 = ORIENTED_EDGE('',*,*,#9950,.T.);
#9950 = EDGE_CURVE('',#9942,#9951,#9953,.T.);
#9951 = VERTEX_POINT('',#9952);
#9952 = CARTESIAN_POINT('',(23.05,2.1,10.6));
#9953 = LINE('',#9954,#9955);
#9954 = CARTESIAN_POINT('',(22.4,2.1,10.6));
#9955 = VECTOR('',#9956,1.);
#9956 = DIRECTION('',(1.,0.,0.));
#9957 = ORIENTED_EDGE('',*,*,#9958,.T.);
#9958 = EDGE_CURVE('',#9951,#9959,#9961,.T.);
#9959 = VERTEX_POINT('',#9960);
#9960 = CARTESIAN_POINT('',(23.05,0.589585439838,9.329878665319));
#9961 = LINE('',#9962,#9963);
#9962 = CARTESIAN_POINT('',(23.05,2.697145719937,11.102145264493));
#9963 = VECTOR('',#9964,1.);
#9964 = DIRECTION('',(0.,-0.765362085905,-0.643599935875));
#9965 = ORIENTED_EDGE('',*,*,#9966,.T.);
#9966 = EDGE_CURVE('',#9959,#9967,#9969,.T.);
#9967 = VERTEX_POINT('',#9968);
#9968 = CARTESIAN_POINT('',(26.95,0.589585439838,9.329878665319));
#9969 = LINE('',#9970,#9971);
#9970 = CARTESIAN_POINT('',(22.725,0.589585439838,9.329878665319));
#9971 = VECTOR('',#9972,1.);
#9972 = DIRECTION('',(1.,0.,0.));
#9973 = ORIENTED_EDGE('',*,*,#9974,.F.);
#9974 = EDGE_CURVE('',#9975,#9967,#9977,.T.);
#9975 = VERTEX_POINT('',#9976);
#9976 = CARTESIAN_POINT('',(26.95,2.1,10.6));
#9977 = LINE('',#9978,#9979);
#9978 = CARTESIAN_POINT('',(26.95,2.697145719937,11.102145264493));
#9979 = VECTOR('',#9980,1.);
#9980 = DIRECTION('',(0.,-0.765362085905,-0.643599935875));
#9981 = ORIENTED_EDGE('',*,*,#9982,.T.);
#9982 = EDGE_CURVE('',#9975,#9983,#9985,.T.);
#9983 = VERTEX_POINT('',#9984);
#9984 = CARTESIAN_POINT('',(27.2,2.1,10.6));
#9985 = LINE('',#9986,#9987);
#9986 = CARTESIAN_POINT('',(22.4,2.1,10.6));
#9987 = VECTOR('',#9988,1.);
#9988 = DIRECTION('',(1.,0.,0.));
#9989 = ORIENTED_EDGE('',*,*,#9990,.T.);
#9990 = EDGE_CURVE('',#9983,#9991,#9993,.T.);
#9991 = VERTEX_POINT('',#9992);
#9992 = CARTESIAN_POINT('',(27.5,1.743243243243,10.3));
#9993 = ELLIPSE('',#9994,0.466128076275,0.3);
#9994 = AXIS2_PLACEMENT_3D('',#9995,#9996,#9997);
#9995 = CARTESIAN_POINT('',(27.2,1.743243243243,10.3));
#9996 = DIRECTION('',(0.,0.643599935875,-0.765362085905));
#9997 = DIRECTION('',(0.,0.765362085905,0.643599935875));
#9998 = ORIENTED_EDGE('',*,*,#9999,.F.);
#9999 = EDGE_CURVE('',#10000,#9991,#10002,.T.);
#10000 = VERTEX_POINT('',#10001);
#10001 = CARTESIAN_POINT('',(27.5,0.3,9.086363636364));
#10002 = LINE('',#10003,#10004);
#10003 = CARTESIAN_POINT('',(27.5,-1.125779122542,7.88741301059));
#10004 = VECTOR('',#10005,1.);
#10005 = DIRECTION('',(0.,0.765362085905,0.643599935875));
#10006 = ORIENTED_EDGE('',*,*,#10007,.T.);
#10007 = EDGE_CURVE('',#10000,#10008,#10010,.T.);
#10008 = VERTEX_POINT('',#10009);
#10009 = CARTESIAN_POINT('',(27.2,-5.551115123126E-17,8.834090909091));
#10010 = ELLIPSE('',#10011,0.391971336867,0.3);
#10011 = AXIS2_PLACEMENT_3D('',#10012,#10013,#10014);
#10012 = CARTESIAN_POINT('',(27.2,0.3,9.086363636364));
#10013 = DIRECTION('',(0.,0.643599935875,-0.765362085905));
#10014 = DIRECTION('',(0.,0.765362085905,0.643599935875));
#10015 = ORIENTED_EDGE('',*,*,#10016,.T.);
#10016 = EDGE_CURVE('',#10008,#9919,#10017,.T.);
#10017 = LINE('',#10018,#10019);
#10018 = CARTESIAN_POINT('',(22.45,2.22044604925E-16,8.834090909091));
#10019 = VECTOR('',#10020,1.);
#10020 = DIRECTION('',(-1.,0.,-0.));
#10021 = ORIENTED_EDGE('',*,*,#9926,.T.);
#10022 = ORIENTED_EDGE('',*,*,#9894,.T.);
#10023 = PLANE('',#10024);
#10024 = AXIS2_PLACEMENT_3D('',#10025,#10026,#10027);
#10025 = CARTESIAN_POINT('',(22.4,2.1,10.6));
#10026 = DIRECTION('',(0.,0.643599935875,-0.765362085905));
#10027 = DIRECTION('',(0.,-0.765362085905,-0.643599935875));
#10028 = ADVANCED_FACE('',(#10029),#10048,.T.);
#10029 = FACE_BOUND('',#10030,.T.);
#10030 = EDGE_LOOP('',(#10031,#10032,#10040,#10047));
#10031 = ORIENTED_EDGE('',*,*,#9941,.T.);
#10032 = ORIENTED_EDGE('',*,*,#10033,.T.);
#10033 = EDGE_CURVE('',#9942,#10034,#10036,.T.);
#10034 = VERTEX_POINT('',#10035);
#10035 = CARTESIAN_POINT('',(22.8,12.2,10.6));
#10036 = LINE('',#10037,#10038);
#10037 = CARTESIAN_POINT('',(22.8,0.,10.6));
#10038 = VECTOR('',#10039,1.);
#10039 = DIRECTION('',(-0.,1.,0.));
#10040 = ORIENTED_EDGE('',*,*,#10041,.F.);
#10041 = EDGE_CURVE('',#9879,#10034,#10042,.T.);
#10042 = CIRCLE('',#10043,0.3);
#10043 = AXIS2_PLACEMENT_3D('',#10044,#10045,#10046);
#10044 = CARTESIAN_POINT('',(22.8,12.2,10.3));
#10045 = DIRECTION('',(-0.,1.,0.));
#10046 = DIRECTION('',(-1.,-0.,0.));
#10047 = ORIENTED_EDGE('',*,*,#9886,.F.);
#10048 = CYLINDRICAL_SURFACE('',#10049,0.3);
#10049 = AXIS2_PLACEMENT_3D('',#10050,#10051,#10052);
#10050 = CARTESIAN_POINT('',(22.8,0.,10.3));
#10051 = DIRECTION('',(-0.,1.,0.));
#10052 = DIRECTION('',(-1.,-0.,0.));
#10053 = ADVANCED_FACE('',(#10054),#10081,.T.);
#10054 = FACE_BOUND('',#10055,.F.);
#10055 = EDGE_LOOP('',(#10056,#10057,#10066,#10074));
#10056 = ORIENTED_EDGE('',*,*,#9878,.F.);
#10057 = ORIENTED_EDGE('',*,*,#10058,.T.);
#10058 = EDGE_CURVE('',#9871,#10059,#10061,.T.);
#10059 = VERTEX_POINT('',#10060);
#10060 = CARTESIAN_POINT('',(22.8,12.5,0.3));
#10061 = CIRCLE('',#10062,0.3);
#10062 = AXIS2_PLACEMENT_3D('',#10063,#10064,#10065);
#10063 = CARTESIAN_POINT('',(22.8,12.2,0.3));
#10064 = DIRECTION('',(-0.,0.,-1.));
#10065 = DIRECTION('',(-1.,0.,0.));
#10066 = ORIENTED_EDGE('',*,*,#10067,.T.);
#10067 = EDGE_CURVE('',#10059,#10068,#10070,.T.);
#10068 = VERTEX_POINT('',#10069);
#10069 = CARTESIAN_POINT('',(22.8,12.5,10.3));
#10070 = LINE('',#10071,#10072);
#10071 = CARTESIAN_POINT('',(22.8,12.5,0.));
#10072 = VECTOR('',#10073,1.);
#10073 = DIRECTION('',(0.,0.,1.));
#10074 = ORIENTED_EDGE('',*,*,#10075,.T.);
#10075 = EDGE_CURVE('',#10068,#9879,#10076,.T.);
#10076 = CIRCLE('',#10077,0.3);
#10077 = AXIS2_PLACEMENT_3D('',#10078,#10079,#10080);
#10078 = CARTESIAN_POINT('',(22.8,12.2,10.3));
#10079 = DIRECTION('',(0.,0.,1.));
#10080 = DIRECTION('',(-1.,-0.,0.));
#10081 = CYLINDRICAL_SURFACE('',#10082,0.3);
#10082 = AXIS2_PLACEMENT_3D('',#10083,#10084,#10085);
#10083 = CARTESIAN_POINT('',(22.8,12.2,0.));
#10084 = DIRECTION('',(0.,0.,1.));
#10085 = DIRECTION('',(-1.,-0.,0.));
#10086 = ADVANCED_FACE('',(#10087),#10114,.T.);
#10087 = FACE_BOUND('',#10088,.F.);
#10088 = EDGE_LOOP('',(#10089,#10098,#10106,#10113));
#10089 = ORIENTED_EDGE('',*,*,#10090,.F.);
#10090 = EDGE_CURVE('',#10091,#9861,#10093,.T.);
#10091 = VERTEX_POINT('',#10092);
#10092 = CARTESIAN_POINT('',(22.8,0.3,0.));
#10093 = CIRCLE('',#10094,0.3);
#10094 = AXIS2_PLACEMENT_3D('',#10095,#10096,#10097);
#10095 = CARTESIAN_POINT('',(22.8,0.3,0.3));
#10096 = DIRECTION('',(0.,1.,-0.));
#10097 = DIRECTION('',(-1.,0.,0.));
#10098 = ORIENTED_EDGE('',*,*,#10099,.T.);
#10099 = EDGE_CURVE('',#10091,#10100,#10102,.T.);
#10100 = VERTEX_POINT('',#10101);
#10101 = CARTESIAN_POINT('',(22.8,12.2,0.));
#10102 = LINE('',#10103,#10104);
#10103 = CARTESIAN_POINT('',(22.8,0.,-5.551115123126E-17));
#10104 = VECTOR('',#10105,1.);
#10105 = DIRECTION('',(-0.,1.,0.));
#10106 = ORIENTED_EDGE('',*,*,#10107,.T.);
#10107 = EDGE_CURVE('',#10100,#9871,#10108,.T.);
#10108 = CIRCLE('',#10109,0.3);
#10109 = AXIS2_PLACEMENT_3D('',#10110,#10111,#10112);
#10110 = CARTESIAN_POINT('',(22.8,12.2,0.3));
#10111 = DIRECTION('',(0.,1.,-0.));
#10112 = DIRECTION('',(-1.,0.,0.));
#10113 = ORIENTED_EDGE('',*,*,#9870,.F.);
#10114 = CYLINDRICAL_SURFACE('',#10115,0.3);
#10115 = AXIS2_PLACEMENT_3D('',#10116,#10117,#10118);
#10116 = CARTESIAN_POINT('',(22.8,0.,0.3));
#10117 = DIRECTION('',(-0.,1.,0.));
#10118 = DIRECTION('',(-1.,-0.,0.));
#10119 = ADVANCED_FACE('',(#10120,#10138),#10215,.F.);
#10120 = FACE_BOUND('',#10121,.F.);
#10121 = EDGE_LOOP('',(#10122,#10130,#10131,#10132));
#10122 = ORIENTED_EDGE('',*,*,#10123,.F.);
#10123 = EDGE_CURVE('',#9910,#10124,#10126,.T.);
#10124 = VERTEX_POINT('',#10125);
#10125 = CARTESIAN_POINT('',(27.2,-5.551115123126E-17,0.3));
#10126 = LINE('',#10127,#10128);
#10127 = CARTESIAN_POINT('',(22.5,-5.551115123126E-17,0.3));
#10128 = VECTOR('',#10129,1.);
#10129 = DIRECTION('',(1.,0.,-0.));
#10130 = ORIENTED_EDGE('',*,*,#9918,.T.);
#10131 = ORIENTED_EDGE('',*,*,#10016,.F.);
#10132 = ORIENTED_EDGE('',*,*,#10133,.F.);
#10133 = EDGE_CURVE('',#10124,#10008,#10134,.T.);
#10134 = LINE('',#10135,#10136);
#10135 = CARTESIAN_POINT('',(27.2,-5.551115123126E-17,0.));
#10136 = VECTOR('',#10137,1.);
#10137 = DIRECTION('',(0.,0.,1.));
#10138 = FACE_BOUND('',#10139,.F.);
#10139 = EDGE_LOOP('',(#10140,#10150,#10158,#10166,#10175,#10184,#10192,
    #10200,#10208));
#10140 = ORIENTED_EDGE('',*,*,#10141,.F.);
#10141 = EDGE_CURVE('',#10142,#10144,#10146,.T.);
#10142 = VERTEX_POINT('',#10143);
#10143 = CARTESIAN_POINT('',(26.73,0.,5.65));
#10144 = VERTEX_POINT('',#10145);
#10145 = CARTESIAN_POINT('',(26.73,0.,2.25));
#10146 = LINE('',#10147,#10148);
#10147 = CARTESIAN_POINT('',(26.73,0.,1.125));
#10148 = VECTOR('',#10149,1.);
#10149 = DIRECTION('',(-0.,0.,-1.));
#10150 = ORIENTED_EDGE('',*,*,#10151,.F.);
#10151 = EDGE_CURVE('',#10152,#10142,#10154,.T.);
#10152 = VERTEX_POINT('',#10153);
#10153 = CARTESIAN_POINT('',(26.13,0.,5.65));
#10154 = LINE('',#10155,#10156);
#10155 = CARTESIAN_POINT('',(22.885,0.,5.65));
#10156 = VECTOR('',#10157,1.);
#10157 = DIRECTION('',(1.,0.,-0.));
#10158 = ORIENTED_EDGE('',*,*,#10159,.F.);
#10159 = EDGE_CURVE('',#10160,#10152,#10162,.T.);
#10160 = VERTEX_POINT('',#10161);
#10161 = CARTESIAN_POINT('',(26.13,0.,7.4));
#10162 = LINE('',#10163,#10164);
#10163 = CARTESIAN_POINT('',(26.13,0.,2.825));
#10164 = VECTOR('',#10165,1.);
#10165 = DIRECTION('',(-0.,0.,-1.));
#10166 = ORIENTED_EDGE('',*,*,#10167,.F.);
#10167 = EDGE_CURVE('',#10168,#10160,#10170,.T.);
#10168 = VERTEX_POINT('',#10169);
#10169 = CARTESIAN_POINT('',(25.,0.,8.53));
#10170 = CIRCLE('',#10171,1.13);
#10171 = AXIS2_PLACEMENT_3D('',#10172,#10173,#10174);
#10172 = CARTESIAN_POINT('',(25.,0.,7.4));
#10173 = DIRECTION('',(0.,1.,0.));
#10174 = DIRECTION('',(0.,-0.,1.));
#10175 = ORIENTED_EDGE('',*,*,#10176,.F.);
#10176 = EDGE_CURVE('',#10177,#10168,#10179,.T.);
#10177 = VERTEX_POINT('',#10178);
#10178 = CARTESIAN_POINT('',(23.87,0.,7.4));
#10179 = CIRCLE('',#10180,1.13);
#10180 = AXIS2_PLACEMENT_3D('',#10181,#10182,#10183);
#10181 = CARTESIAN_POINT('',(25.,0.,7.4));
#10182 = DIRECTION('',(0.,1.,0.));
#10183 = DIRECTION('',(0.,-0.,1.));
#10184 = ORIENTED_EDGE('',*,*,#10185,.T.);
#10185 = EDGE_CURVE('',#10177,#10186,#10188,.T.);
#10186 = VERTEX_POINT('',#10187);
#10187 = CARTESIAN_POINT('',(23.87,0.,5.65));
#10188 = LINE('',#10189,#10190);
#10189 = CARTESIAN_POINT('',(23.87,0.,2.825));
#10190 = VECTOR('',#10191,1.);
#10191 = DIRECTION('',(-0.,0.,-1.));
#10192 = ORIENTED_EDGE('',*,*,#10193,.F.);
#10193 = EDGE_CURVE('',#10194,#10186,#10196,.T.);
#10194 = VERTEX_POINT('',#10195);
#10195 = CARTESIAN_POINT('',(23.27,0.,5.65));
#10196 = LINE('',#10197,#10198);
#10197 = CARTESIAN_POINT('',(22.885,0.,5.65));
#10198 = VECTOR('',#10199,1.);
#10199 = DIRECTION('',(1.,0.,-0.));
#10200 = ORIENTED_EDGE('',*,*,#10201,.T.);
#10201 = EDGE_CURVE('',#10194,#10202,#10204,.T.);
#10202 = VERTEX_POINT('',#10203);
#10203 = CARTESIAN_POINT('',(23.27,0.,2.25));
#10204 = LINE('',#10205,#10206);
#10205 = CARTESIAN_POINT('',(23.27,0.,1.125));
#10206 = VECTOR('',#10207,1.);
#10207 = DIRECTION('',(-0.,0.,-1.));
#10208 = ORIENTED_EDGE('',*,*,#10209,.F.);
#10209 = EDGE_CURVE('',#10144,#10202,#10210,.T.);
#10210 = CIRCLE('',#10211,1.73);
#10211 = AXIS2_PLACEMENT_3D('',#10212,#10213,#10214);
#10212 = CARTESIAN_POINT('',(25.,0.,2.25));
#10213 = DIRECTION('',(0.,1.,0.));
#10214 = DIRECTION('',(0.,-0.,1.));
#10215 = PLANE('',#10216);
#10216 = AXIS2_PLACEMENT_3D('',#10217,#10218,#10219);
#10217 = CARTESIAN_POINT('',(22.5,0.,0.));
#10218 = DIRECTION('',(-0.,1.,0.));
#10219 = DIRECTION('',(0.,0.,1.));
#10220 = ADVANCED_FACE('',(#10221),#10232,.T.);
#10221 = FACE_BOUND('',#10222,.T.);
#10222 = EDGE_LOOP('',(#10223,#10224,#10231));
#10223 = ORIENTED_EDGE('',*,*,#10090,.F.);
#10224 = ORIENTED_EDGE('',*,*,#10225,.T.);
#10225 = EDGE_CURVE('',#10091,#9910,#10226,.T.);
#10226 = CIRCLE('',#10227,0.3);
#10227 = AXIS2_PLACEMENT_3D('',#10228,#10229,#10230);
#10228 = CARTESIAN_POINT('',(22.8,0.3,0.3));
#10229 = DIRECTION('',(-1.,6.123233995737E-17,0.));
#10230 = DIRECTION('',(-6.123233995737E-17,-1.,0.));
#10231 = ORIENTED_EDGE('',*,*,#9909,.F.);
#10232 = SPHERICAL_SURFACE('',#10233,0.3);
#10233 = AXIS2_PLACEMENT_3D('',#10234,#10235,#10236);
#10234 = CARTESIAN_POINT('',(22.8,0.3,0.3));
#10235 = DIRECTION('',(0.,0.,1.));
#10236 = DIRECTION('',(-1.,0.,0.));
#10237 = ADVANCED_FACE('',(#10238),#10257,.T.);
#10238 = FACE_BOUND('',#10239,.F.);
#10239 = EDGE_LOOP('',(#10240,#10248,#10255,#10256));
#10240 = ORIENTED_EDGE('',*,*,#10241,.F.);
#10241 = EDGE_CURVE('',#10242,#10000,#10244,.T.);
#10242 = VERTEX_POINT('',#10243);
#10243 = CARTESIAN_POINT('',(27.5,0.3,0.3));
#10244 = LINE('',#10245,#10246);
#10245 = CARTESIAN_POINT('',(27.5,0.3,0.));
#10246 = VECTOR('',#10247,1.);
#10247 = DIRECTION('',(0.,0.,1.));
#10248 = ORIENTED_EDGE('',*,*,#10249,.T.);
#10249 = EDGE_CURVE('',#10242,#10124,#10250,.T.);
#10250 = CIRCLE('',#10251,0.3);
#10251 = AXIS2_PLACEMENT_3D('',#10252,#10253,#10254);
#10252 = CARTESIAN_POINT('',(27.2,0.3,0.3));
#10253 = DIRECTION('',(0.,-0.,-1.));
#10254 = DIRECTION('',(1.,0.,-0.));
#10255 = ORIENTED_EDGE('',*,*,#10133,.T.);
#10256 = ORIENTED_EDGE('',*,*,#10007,.F.);
#10257 = CYLINDRICAL_SURFACE('',#10258,0.3);
#10258 = AXIS2_PLACEMENT_3D('',#10259,#10260,#10261);
#10259 = CARTESIAN_POINT('',(27.2,0.3,0.));
#10260 = DIRECTION('',(0.,0.,1.));
#10261 = DIRECTION('',(1.,0.,-0.));
#10262 = ADVANCED_FACE('',(#10263),#10289,.T.);
#10263 = FACE_BOUND('',#10264,.T.);
#10264 = EDGE_LOOP('',(#10265,#10266,#10274,#10282,#10288));
#10265 = ORIENTED_EDGE('',*,*,#10241,.F.);
#10266 = ORIENTED_EDGE('',*,*,#10267,.T.);
#10267 = EDGE_CURVE('',#10242,#10268,#10270,.T.);
#10268 = VERTEX_POINT('',#10269);
#10269 = CARTESIAN_POINT('',(27.5,12.2,0.3));
#10270 = LINE('',#10271,#10272);
#10271 = CARTESIAN_POINT('',(27.5,0.,0.3));
#10272 = VECTOR('',#10273,1.);
#10273 = DIRECTION('',(-0.,1.,0.));
#10274 = ORIENTED_EDGE('',*,*,#10275,.T.);
#10275 = EDGE_CURVE('',#10268,#10276,#10278,.T.);
#10276 = VERTEX_POINT('',#10277);
#10277 = CARTESIAN_POINT('',(27.5,12.2,10.3));
#10278 = LINE('',#10279,#10280);
#10279 = CARTESIAN_POINT('',(27.5,12.2,0.));
#10280 = VECTOR('',#10281,1.);
#10281 = DIRECTION('',(0.,0.,1.));
#10282 = ORIENTED_EDGE('',*,*,#10283,.F.);
#10283 = EDGE_CURVE('',#9991,#10276,#10284,.T.);
#10284 = LINE('',#10285,#10286);
#10285 = CARTESIAN_POINT('',(27.5,0.,10.3));
#10286 = VECTOR('',#10287,1.);
#10287 = DIRECTION('',(-0.,1.,0.));
#10288 = ORIENTED_EDGE('',*,*,#9999,.F.);
#10289 = PLANE('',#10290);
#10290 = AXIS2_PLACEMENT_3D('',#10291,#10292,#10293);
#10291 = CARTESIAN_POINT('',(27.5,0.,0.));
#10292 = DIRECTION('',(1.,0.,-0.));
#10293 = DIRECTION('',(0.,0.,1.));
#10294 = ADVANCED_FACE('',(#10295),#10314,.T.);
#10295 = FACE_BOUND('',#10296,.F.);
#10296 = EDGE_LOOP('',(#10297,#10298,#10306,#10313));
#10297 = ORIENTED_EDGE('',*,*,#9990,.F.);
#10298 = ORIENTED_EDGE('',*,*,#10299,.T.);
#10299 = EDGE_CURVE('',#9983,#10300,#10302,.T.);
#10300 = VERTEX_POINT('',#10301);
#10301 = CARTESIAN_POINT('',(27.2,12.2,10.6));
#10302 = LINE('',#10303,#10304);
#10303 = CARTESIAN_POINT('',(27.2,0.,10.6));
#10304 = VECTOR('',#10305,1.);
#10305 = DIRECTION('',(-0.,1.,0.));
#10306 = ORIENTED_EDGE('',*,*,#10307,.F.);
#10307 = EDGE_CURVE('',#10276,#10300,#10308,.T.);
#10308 = CIRCLE('',#10309,0.3);
#10309 = AXIS2_PLACEMENT_3D('',#10310,#10311,#10312);
#10310 = CARTESIAN_POINT('',(27.2,12.2,10.3));
#10311 = DIRECTION('',(0.,-1.,-0.));
#10312 = DIRECTION('',(1.,0.,0.));
#10313 = ORIENTED_EDGE('',*,*,#10283,.F.);
#10314 = CYLINDRICAL_SURFACE('',#10315,0.3);
#10315 = AXIS2_PLACEMENT_3D('',#10316,#10317,#10318);
#10316 = CARTESIAN_POINT('',(27.2,0.,10.3));
#10317 = DIRECTION('',(-0.,1.,0.));
#10318 = DIRECTION('',(1.,0.,-0.));
#10319 = ADVANCED_FACE('',(#10320),#10354,.T.);
#10320 = FACE_BOUND('',#10321,.T.);
#10321 = EDGE_LOOP('',(#10322,#10323,#10324,#10332,#10340,#10346,#10347,
    #10348));
#10322 = ORIENTED_EDGE('',*,*,#10033,.F.);
#10323 = ORIENTED_EDGE('',*,*,#9950,.T.);
#10324 = ORIENTED_EDGE('',*,*,#10325,.F.);
#10325 = EDGE_CURVE('',#10326,#9951,#10328,.T.);
#10326 = VERTEX_POINT('',#10327);
#10327 = CARTESIAN_POINT('',(23.05,9.7,10.6));
#10328 = LINE('',#10329,#10330);
#10329 = CARTESIAN_POINT('',(23.05,2.442585746037,10.6));
#10330 = VECTOR('',#10331,1.);
#10331 = DIRECTION('',(0.,-1.,0.));
#10332 = ORIENTED_EDGE('',*,*,#10333,.F.);
#10333 = EDGE_CURVE('',#10334,#10326,#10336,.T.);
#10334 = VERTEX_POINT('',#10335);
#10335 = CARTESIAN_POINT('',(26.95,9.7,10.6));
#10336 = LINE('',#10337,#10338);
#10337 = CARTESIAN_POINT('',(22.775,9.7,10.6));
#10338 = VECTOR('',#10339,1.);
#10339 = DIRECTION('',(-1.,-0.,0.));
#10340 = ORIENTED_EDGE('',*,*,#10341,.T.);
#10341 = EDGE_CURVE('',#10334,#9975,#10342,.T.);
#10342 = LINE('',#10343,#10344);
#10343 = CARTESIAN_POINT('',(26.95,2.442585746037,10.6));
#10344 = VECTOR('',#10345,1.);
#10345 = DIRECTION('',(0.,-1.,0.));
#10346 = ORIENTED_EDGE('',*,*,#9982,.T.);
#10347 = ORIENTED_EDGE('',*,*,#10299,.T.);
#10348 = ORIENTED_EDGE('',*,*,#10349,.F.);
#10349 = EDGE_CURVE('',#10034,#10300,#10350,.T.);
#10350 = LINE('',#10351,#10352);
#10351 = CARTESIAN_POINT('',(22.5,12.2,10.6));
#10352 = VECTOR('',#10353,1.);
#10353 = DIRECTION('',(1.,0.,-0.));
#10354 = PLANE('',#10355);
#10355 = AXIS2_PLACEMENT_3D('',#10356,#10357,#10358);
#10356 = CARTESIAN_POINT('',(22.5,0.,10.6));
#10357 = DIRECTION('',(0.,0.,1.));
#10358 = DIRECTION('',(1.,0.,-0.));
#10359 = ADVANCED_FACE('',(#10360),#10386,.T.);
#10360 = FACE_BOUND('',#10361,.T.);
#10361 = EDGE_LOOP('',(#10362,#10363,#10371,#10379,#10385));
#10362 = ORIENTED_EDGE('',*,*,#10341,.F.);
#10363 = ORIENTED_EDGE('',*,*,#10364,.T.);
#10364 = EDGE_CURVE('',#10334,#10365,#10367,.T.);
#10365 = VERTEX_POINT('',#10366);
#10366 = CARTESIAN_POINT('',(26.95,9.7,8.45));
#10367 = LINE('',#10368,#10369);
#10368 = CARTESIAN_POINT('',(26.95,9.7,10.8));
#10369 = VECTOR('',#10370,1.);
#10370 = DIRECTION('',(0.,0.,-1.));
#10371 = ORIENTED_EDGE('',*,*,#10372,.T.);
#10372 = EDGE_CURVE('',#10365,#10373,#10375,.T.);
#10373 = VERTEX_POINT('',#10374);
#10374 = CARTESIAN_POINT('',(26.95,1.4,8.45));
#10375 = LINE('',#10376,#10377);
#10376 = CARTESIAN_POINT('',(26.95,9.7,8.45));
#10377 = VECTOR('',#10378,1.);
#10378 = DIRECTION('',(0.,-1.,0.));
#10379 = ORIENTED_EDGE('',*,*,#10380,.T.);
#10380 = EDGE_CURVE('',#10373,#9967,#10381,.T.);
#10381 = LINE('',#10382,#10383);
#10382 = CARTESIAN_POINT('',(26.95,1.4,8.45));
#10383 = VECTOR('',#10384,1.);
#10384 = DIRECTION('',(0.,-0.677475754752,0.735545105159));
#10385 = ORIENTED_EDGE('',*,*,#9974,.F.);
#10386 = PLANE('',#10387);
#10387 = AXIS2_PLACEMENT_3D('',#10388,#10389,#10390);
#10388 = CARTESIAN_POINT('',(26.95,4.885171492075,9.712433169613));
#10389 = DIRECTION('',(-1.,-0.,-0.));
#10390 = DIRECTION('',(0.,0.,-1.));
#10391 = ADVANCED_FACE('',(#10392),#10410,.F.);
#10392 = FACE_BOUND('',#10393,.F.);
#10393 = EDGE_LOOP('',(#10394,#10402,#10408,#10409));
#10394 = ORIENTED_EDGE('',*,*,#10395,.F.);
#10395 = EDGE_CURVE('',#10396,#9959,#10398,.T.);
#10396 = VERTEX_POINT('',#10397);
#10397 = CARTESIAN_POINT('',(23.05,1.4,8.45));
#10398 = LINE('',#10399,#10400);
#10399 = CARTESIAN_POINT('',(23.05,1.4,8.45));
#10400 = VECTOR('',#10401,1.);
#10401 = DIRECTION('',(0.,-0.677475754752,0.735545105159));
#10402 = ORIENTED_EDGE('',*,*,#10403,.T.);
#10403 = EDGE_CURVE('',#10396,#10373,#10404,.T.);
#10404 = LINE('',#10405,#10406);
#10405 = CARTESIAN_POINT('',(23.05,1.4,8.45));
#10406 = VECTOR('',#10407,1.);
#10407 = DIRECTION('',(1.,0.,0.));
#10408 = ORIENTED_EDGE('',*,*,#10380,.T.);
#10409 = ORIENTED_EDGE('',*,*,#9966,.F.);
#10410 = PLANE('',#10411);
#10411 = AXIS2_PLACEMENT_3D('',#10412,#10413,#10414);
#10412 = CARTESIAN_POINT('',(23.05,1.4,8.45));
#10413 = DIRECTION('',(0.,-0.735545105159,-0.677475754752));
#10414 = DIRECTION('',(0.,-0.677475754752,0.735545105159));
#10415 = ADVANCED_FACE('',(#10416),#10435,.F.);
#10416 = FACE_BOUND('',#10417,.F.);
#10417 = EDGE_LOOP('',(#10418,#10419,#10427,#10433,#10434));
#10418 = ORIENTED_EDGE('',*,*,#10325,.F.);
#10419 = ORIENTED_EDGE('',*,*,#10420,.T.);
#10420 = EDGE_CURVE('',#10326,#10421,#10423,.T.);
#10421 = VERTEX_POINT('',#10422);
#10422 = CARTESIAN_POINT('',(23.05,9.7,8.45));
#10423 = LINE('',#10424,#10425);
#10424 = CARTESIAN_POINT('',(23.05,9.7,10.8));
#10425 = VECTOR('',#10426,1.);
#10426 = DIRECTION('',(0.,0.,-1.));
#10427 = ORIENTED_EDGE('',*,*,#10428,.T.);
#10428 = EDGE_CURVE('',#10421,#10396,#10429,.T.);
#10429 = LINE('',#10430,#10431);
#10430 = CARTESIAN_POINT('',(23.05,9.7,8.45));
#10431 = VECTOR('',#10432,1.);
#10432 = DIRECTION('',(0.,-1.,0.));
#10433 = ORIENTED_EDGE('',*,*,#10395,.T.);
#10434 = ORIENTED_EDGE('',*,*,#9958,.F.);
#10435 = PLANE('',#10436);
#10436 = AXIS2_PLACEMENT_3D('',#10437,#10438,#10439);
#10437 = CARTESIAN_POINT('',(23.05,4.885171492075,9.712433169613));
#10438 = DIRECTION('',(-1.,-0.,-0.));
#10439 = DIRECTION('',(0.,0.,-1.));
#10440 = ADVANCED_FACE('',(#10441),#10452,.T.);
#10441 = FACE_BOUND('',#10442,.F.);
#10442 = EDGE_LOOP('',(#10443,#10444,#10451));
#10443 = ORIENTED_EDGE('',*,*,#10075,.F.);
#10444 = ORIENTED_EDGE('',*,*,#10445,.T.);
#10445 = EDGE_CURVE('',#10068,#10034,#10446,.T.);
#10446 = CIRCLE('',#10447,0.3);
#10447 = AXIS2_PLACEMENT_3D('',#10448,#10449,#10450);
#10448 = CARTESIAN_POINT('',(22.8,12.2,10.3));
#10449 = DIRECTION('',(1.,0.,6.123233995737E-17));
#10450 = DIRECTION('',(-6.123233995737E-17,-0.,1.));
#10451 = ORIENTED_EDGE('',*,*,#10041,.F.);
#10452 = SPHERICAL_SURFACE('',#10453,0.3);
#10453 = AXIS2_PLACEMENT_3D('',#10454,#10455,#10456);
#10454 = CARTESIAN_POINT('',(22.8,12.2,10.3));
#10455 = DIRECTION('',(0.,-1.,-0.));
#10456 = DIRECTION('',(-1.,-0.,0.));
#10457 = ADVANCED_FACE('',(#10458),#10469,.T.);
#10458 = FACE_BOUND('',#10459,.F.);
#10459 = EDGE_LOOP('',(#10460,#10461,#10468));
#10460 = ORIENTED_EDGE('',*,*,#10107,.F.);
#10461 = ORIENTED_EDGE('',*,*,#10462,.T.);
#10462 = EDGE_CURVE('',#10100,#10059,#10463,.T.);
#10463 = CIRCLE('',#10464,0.3);
#10464 = AXIS2_PLACEMENT_3D('',#10465,#10466,#10467);
#10465 = CARTESIAN_POINT('',(22.8,12.2,0.3));
#10466 = DIRECTION('',(1.,6.123233995737E-17,-0.));
#10467 = DIRECTION('',(-6.123233995737E-17,1.,0.));
#10468 = ORIENTED_EDGE('',*,*,#10058,.F.);
#10469 = SPHERICAL_SURFACE('',#10470,0.3);
#10470 = AXIS2_PLACEMENT_3D('',#10471,#10472,#10473);
#10471 = CARTESIAN_POINT('',(22.8,12.2,0.3));
#10472 = DIRECTION('',(0.,0.,1.));
#10473 = DIRECTION('',(-1.,0.,0.));
#10474 = ADVANCED_FACE('',(#10475),#10500,.T.);
#10475 = FACE_BOUND('',#10476,.T.);
#10476 = EDGE_LOOP('',(#10477,#10478,#10486,#10494));
#10477 = ORIENTED_EDGE('',*,*,#10067,.T.);
#10478 = ORIENTED_EDGE('',*,*,#10479,.T.);
#10479 = EDGE_CURVE('',#10068,#10480,#10482,.T.);
#10480 = VERTEX_POINT('',#10481);
#10481 = CARTESIAN_POINT('',(27.2,12.5,10.3));
#10482 = LINE('',#10483,#10484);
#10483 = CARTESIAN_POINT('',(22.5,12.5,10.3));
#10484 = VECTOR('',#10485,1.);
#10485 = DIRECTION('',(1.,0.,-0.));
#10486 = ORIENTED_EDGE('',*,*,#10487,.F.);
#10487 = EDGE_CURVE('',#10488,#10480,#10490,.T.);
#10488 = VERTEX_POINT('',#10489);
#10489 = CARTESIAN_POINT('',(27.2,12.5,0.3));
#10490 = LINE('',#10491,#10492);
#10491 = CARTESIAN_POINT('',(27.2,12.5,0.));
#10492 = VECTOR('',#10493,1.);
#10493 = DIRECTION('',(0.,0.,1.));
#10494 = ORIENTED_EDGE('',*,*,#10495,.F.);
#10495 = EDGE_CURVE('',#10059,#10488,#10496,.T.);
#10496 = LINE('',#10497,#10498);
#10497 = CARTESIAN_POINT('',(22.5,12.5,0.3));
#10498 = VECTOR('',#10499,1.);
#10499 = DIRECTION('',(1.,0.,-0.));
#10500 = PLANE('',#10501);
#10501 = AXIS2_PLACEMENT_3D('',#10502,#10503,#10504);
#10502 = CARTESIAN_POINT('',(22.5,12.5,0.));
#10503 = DIRECTION('',(-0.,1.,0.));
#10504 = DIRECTION('',(0.,0.,1.));
#10505 = ADVANCED_FACE('',(#10506),#10531,.F.);
#10506 = FACE_BOUND('',#10507,.F.);
#10507 = EDGE_LOOP('',(#10508,#10509,#10517,#10525));
#10508 = ORIENTED_EDGE('',*,*,#10099,.F.);
#10509 = ORIENTED_EDGE('',*,*,#10510,.T.);
#10510 = EDGE_CURVE('',#10091,#10511,#10513,.T.);
#10511 = VERTEX_POINT('',#10512);
#10512 = CARTESIAN_POINT('',(27.2,0.3,0.));
#10513 = LINE('',#10514,#10515);
#10514 = CARTESIAN_POINT('',(22.5,0.3,-5.551115123126E-17));
#10515 = VECTOR('',#10516,1.);
#10516 = DIRECTION('',(1.,0.,-0.));
#10517 = ORIENTED_EDGE('',*,*,#10518,.T.);
#10518 = EDGE_CURVE('',#10511,#10519,#10521,.T.);
#10519 = VERTEX_POINT('',#10520);
#10520 = CARTESIAN_POINT('',(27.2,12.2,0.));
#10521 = LINE('',#10522,#10523);
#10522 = CARTESIAN_POINT('',(27.2,0.,-5.551115123126E-17));
#10523 = VECTOR('',#10524,1.);
#10524 = DIRECTION('',(-0.,1.,0.));
#10525 = ORIENTED_EDGE('',*,*,#10526,.F.);
#10526 = EDGE_CURVE('',#10100,#10519,#10527,.T.);
#10527 = LINE('',#10528,#10529);
#10528 = CARTESIAN_POINT('',(22.5,12.2,-5.551115123126E-17));
#10529 = VECTOR('',#10530,1.);
#10530 = DIRECTION('',(1.,0.,-0.));
#10531 = PLANE('',#10532);
#10532 = AXIS2_PLACEMENT_3D('',#10533,#10534,#10535);
#10533 = CARTESIAN_POINT('',(22.5,0.,0.));
#10534 = DIRECTION('',(0.,0.,1.));
#10535 = DIRECTION('',(1.,0.,-0.));
#10536 = ADVANCED_FACE('',(#10537),#10549,.T.);
#10537 = FACE_BOUND('',#10538,.T.);
#10538 = EDGE_LOOP('',(#10539,#10540,#10541,#10548));
#10539 = ORIENTED_EDGE('',*,*,#10225,.F.);
#10540 = ORIENTED_EDGE('',*,*,#10510,.T.);
#10541 = ORIENTED_EDGE('',*,*,#10542,.T.);
#10542 = EDGE_CURVE('',#10511,#10124,#10543,.T.);
#10543 = CIRCLE('',#10544,0.3);
#10544 = AXIS2_PLACEMENT_3D('',#10545,#10546,#10547);
#10545 = CARTESIAN_POINT('',(27.2,0.3,0.3));
#10546 = DIRECTION('',(-1.,-6.123233995737E-17,0.));
#10547 = DIRECTION('',(6.123233995737E-17,-1.,-0.));
#10548 = ORIENTED_EDGE('',*,*,#10123,.F.);
#10549 = CYLINDRICAL_SURFACE('',#10550,0.3);
#10550 = AXIS2_PLACEMENT_3D('',#10551,#10552,#10553);
#10551 = CARTESIAN_POINT('',(22.5,0.3,0.3));
#10552 = DIRECTION('',(1.,0.,-0.));
#10553 = DIRECTION('',(0.,-1.,0.));
#10554 = ADVANCED_FACE('',(#10555),#10580,.F.);
#10555 = FACE_BOUND('',#10556,.F.);
#10556 = EDGE_LOOP('',(#10557,#10558,#10566,#10574));
#10557 = ORIENTED_EDGE('',*,*,#10141,.T.);
#10558 = ORIENTED_EDGE('',*,*,#10559,.T.);
#10559 = EDGE_CURVE('',#10144,#10560,#10562,.T.);
#10560 = VERTEX_POINT('',#10561);
#10561 = CARTESIAN_POINT('',(26.73,0.4,2.25));
#10562 = LINE('',#10563,#10564);
#10563 = CARTESIAN_POINT('',(26.73,-5.E-02,2.25));
#10564 = VECTOR('',#10565,1.);
#10565 = DIRECTION('',(-0.,1.,0.));
#10566 = ORIENTED_EDGE('',*,*,#10567,.T.);
#10567 = EDGE_CURVE('',#10560,#10568,#10570,.T.);
#10568 = VERTEX_POINT('',#10569);
#10569 = CARTESIAN_POINT('',(26.73,0.4,5.65));
#10570 = LINE('',#10571,#10572);
#10571 = CARTESIAN_POINT('',(26.73,0.4,2.25));
#10572 = VECTOR('',#10573,1.);
#10573 = DIRECTION('',(0.,0.,1.));
#10574 = ORIENTED_EDGE('',*,*,#10575,.F.);
#10575 = EDGE_CURVE('',#10142,#10568,#10576,.T.);
#10576 = LINE('',#10577,#10578);
#10577 = CARTESIAN_POINT('',(26.73,-5.E-02,5.65));
#10578 = VECTOR('',#10579,1.);
#10579 = DIRECTION('',(-0.,1.,0.));
#10580 = PLANE('',#10581);
#10581 = AXIS2_PLACEMENT_3D('',#10582,#10583,#10584);
#10582 = CARTESIAN_POINT('',(26.73,-5.E-02,2.25));
#10583 = DIRECTION('',(1.,0.,-0.));
#10584 = DIRECTION('',(0.,0.,1.));
#10585 = ADVANCED_FACE('',(#10586),#10605,.F.);
#10586 = FACE_BOUND('',#10587,.F.);
#10587 = EDGE_LOOP('',(#10588,#10597,#10598,#10599));
#10588 = ORIENTED_EDGE('',*,*,#10589,.F.);
#10589 = EDGE_CURVE('',#10560,#10590,#10592,.T.);
#10590 = VERTEX_POINT('',#10591);
#10591 = CARTESIAN_POINT('',(23.27,0.4,2.25));
#10592 = CIRCLE('',#10593,1.73);
#10593 = AXIS2_PLACEMENT_3D('',#10594,#10595,#10596);
#10594 = CARTESIAN_POINT('',(25.,0.4,2.25));
#10595 = DIRECTION('',(0.,1.,0.));
#10596 = DIRECTION('',(0.,-0.,1.));
#10597 = ORIENTED_EDGE('',*,*,#10559,.F.);
#10598 = ORIENTED_EDGE('',*,*,#10209,.T.);
#10599 = ORIENTED_EDGE('',*,*,#10600,.T.);
#10600 = EDGE_CURVE('',#10202,#10590,#10601,.T.);
#10601 = LINE('',#10602,#10603);
#10602 = CARTESIAN_POINT('',(23.27,-5.E-02,2.25));
#10603 = VECTOR('',#10604,1.);
#10604 = DIRECTION('',(-0.,1.,0.));
#10605 = CYLINDRICAL_SURFACE('',#10606,1.73);
#10606 = AXIS2_PLACEMENT_3D('',#10607,#10608,#10609);
#10607 = CARTESIAN_POINT('',(25.,-5.E-02,2.25));
#10608 = DIRECTION('',(0.,1.,0.));
#10609 = DIRECTION('',(0.,-0.,1.));
#10610 = ADVANCED_FACE('',(#10611),#10636,.F.);
#10611 = FACE_BOUND('',#10612,.F.);
#10612 = EDGE_LOOP('',(#10613,#10614,#10622,#10630));
#10613 = ORIENTED_EDGE('',*,*,#10159,.T.);
#10614 = ORIENTED_EDGE('',*,*,#10615,.T.);
#10615 = EDGE_CURVE('',#10152,#10616,#10618,.T.);
#10616 = VERTEX_POINT('',#10617);
#10617 = CARTESIAN_POINT('',(26.13,0.4,5.65));
#10618 = LINE('',#10619,#10620);
#10619 = CARTESIAN_POINT('',(26.13,-5.E-02,5.65));
#10620 = VECTOR('',#10621,1.);
#10621 = DIRECTION('',(-0.,1.,0.));
#10622 = ORIENTED_EDGE('',*,*,#10623,.T.);
#10623 = EDGE_CURVE('',#10616,#10624,#10626,.T.);
#10624 = VERTEX_POINT('',#10625);
#10625 = CARTESIAN_POINT('',(26.13,0.4,7.4));
#10626 = LINE('',#10627,#10628);
#10627 = CARTESIAN_POINT('',(26.13,0.4,5.65));
#10628 = VECTOR('',#10629,1.);
#10629 = DIRECTION('',(0.,0.,1.));
#10630 = ORIENTED_EDGE('',*,*,#10631,.F.);
#10631 = EDGE_CURVE('',#10160,#10624,#10632,.T.);
#10632 = LINE('',#10633,#10634);
#10633 = CARTESIAN_POINT('',(26.13,-5.E-02,7.4));
#10634 = VECTOR('',#10635,1.);
#10635 = DIRECTION('',(-0.,1.,0.));
#10636 = PLANE('',#10637);
#10637 = AXIS2_PLACEMENT_3D('',#10638,#10639,#10640);
#10638 = CARTESIAN_POINT('',(26.13,-5.E-02,5.65));
#10639 = DIRECTION('',(1.,0.,-0.));
#10640 = DIRECTION('',(0.,0.,1.));
#10641 = ADVANCED_FACE('',(#10642),#10660,.T.);
#10642 = FACE_BOUND('',#10643,.T.);
#10643 = EDGE_LOOP('',(#10644,#10645,#10646,#10654));
#10644 = ORIENTED_EDGE('',*,*,#10201,.T.);
#10645 = ORIENTED_EDGE('',*,*,#10600,.T.);
#10646 = ORIENTED_EDGE('',*,*,#10647,.T.);
#10647 = EDGE_CURVE('',#10590,#10648,#10650,.T.);
#10648 = VERTEX_POINT('',#10649);
#10649 = CARTESIAN_POINT('',(23.27,0.4,5.65));
#10650 = LINE('',#10651,#10652);
#10651 = CARTESIAN_POINT('',(23.27,0.4,2.25));
#10652 = VECTOR('',#10653,1.);
#10653 = DIRECTION('',(0.,0.,1.));
#10654 = ORIENTED_EDGE('',*,*,#10655,.F.);
#10655 = EDGE_CURVE('',#10194,#10648,#10656,.T.);
#10656 = LINE('',#10657,#10658);
#10657 = CARTESIAN_POINT('',(23.27,-5.E-02,5.65));
#10658 = VECTOR('',#10659,1.);
#10659 = DIRECTION('',(-0.,1.,0.));
#10660 = PLANE('',#10661);
#10661 = AXIS2_PLACEMENT_3D('',#10662,#10663,#10664);
#10662 = CARTESIAN_POINT('',(23.27,-5.E-02,2.25));
#10663 = DIRECTION('',(1.,0.,-0.));
#10664 = DIRECTION('',(0.,0.,1.));
#10665 = ADVANCED_FACE('',(#10666),#10691,.T.);
#10666 = FACE_BOUND('',#10667,.T.);
#10667 = EDGE_LOOP('',(#10668,#10669,#10677,#10685));
#10668 = ORIENTED_EDGE('',*,*,#10185,.T.);
#10669 = ORIENTED_EDGE('',*,*,#10670,.T.);
#10670 = EDGE_CURVE('',#10186,#10671,#10673,.T.);
#10671 = VERTEX_POINT('',#10672);
#10672 = CARTESIAN_POINT('',(23.87,0.4,5.65));
#10673 = LINE('',#10674,#10675);
#10674 = CARTESIAN_POINT('',(23.87,-5.E-02,5.65));
#10675 = VECTOR('',#10676,1.);
#10676 = DIRECTION('',(-0.,1.,0.));
#10677 = ORIENTED_EDGE('',*,*,#10678,.T.);
#10678 = EDGE_CURVE('',#10671,#10679,#10681,.T.);
#10679 = VERTEX_POINT('',#10680);
#10680 = CARTESIAN_POINT('',(23.87,0.4,7.4));
#10681 = LINE('',#10682,#10683);
#10682 = CARTESIAN_POINT('',(23.87,0.4,5.65));
#10683 = VECTOR('',#10684,1.);
#10684 = DIRECTION('',(0.,0.,1.));
#10685 = ORIENTED_EDGE('',*,*,#10686,.F.);
#10686 = EDGE_CURVE('',#10177,#10679,#10687,.T.);
#10687 = LINE('',#10688,#10689);
#10688 = CARTESIAN_POINT('',(23.87,-5.E-02,7.4));
#10689 = VECTOR('',#10690,1.);
#10690 = DIRECTION('',(-0.,1.,0.));
#10691 = PLANE('',#10692);
#10692 = AXIS2_PLACEMENT_3D('',#10693,#10694,#10695);
#10693 = CARTESIAN_POINT('',(23.87,-5.E-02,5.65));
#10694 = DIRECTION('',(1.,0.,-0.));
#10695 = DIRECTION('',(0.,0.,1.));
#10696 = ADVANCED_FACE('',(#10697),#10708,.T.);
#10697 = FACE_BOUND('',#10698,.F.);
#10698 = EDGE_LOOP('',(#10699,#10706,#10707));
#10699 = ORIENTED_EDGE('',*,*,#10700,.F.);
#10700 = EDGE_CURVE('',#10511,#10242,#10701,.T.);
#10701 = CIRCLE('',#10702,0.3);
#10702 = AXIS2_PLACEMENT_3D('',#10703,#10704,#10705);
#10703 = CARTESIAN_POINT('',(27.2,0.3,0.3));
#10704 = DIRECTION('',(0.,-1.,0.));
#10705 = DIRECTION('',(1.,0.,0.));
#10706 = ORIENTED_EDGE('',*,*,#10542,.T.);
#10707 = ORIENTED_EDGE('',*,*,#10249,.F.);
#10708 = SPHERICAL_SURFACE('',#10709,0.3);
#10709 = AXIS2_PLACEMENT_3D('',#10710,#10711,#10712);
#10710 = CARTESIAN_POINT('',(27.2,0.3,0.3));
#10711 = DIRECTION('',(0.,0.,1.));
#10712 = DIRECTION('',(1.,0.,-0.));
#10713 = ADVANCED_FACE('',(#10714),#10732,.T.);
#10714 = FACE_BOUND('',#10715,.T.);
#10715 = EDGE_LOOP('',(#10716,#10717,#10724,#10725));
#10716 = ORIENTED_EDGE('',*,*,#10275,.F.);
#10717 = ORIENTED_EDGE('',*,*,#10718,.T.);
#10718 = EDGE_CURVE('',#10268,#10488,#10719,.T.);
#10719 = CIRCLE('',#10720,0.3);
#10720 = AXIS2_PLACEMENT_3D('',#10721,#10722,#10723);
#10721 = CARTESIAN_POINT('',(27.2,12.2,0.3));
#10722 = DIRECTION('',(0.,0.,1.));
#10723 = DIRECTION('',(1.,0.,-0.));
#10724 = ORIENTED_EDGE('',*,*,#10487,.T.);
#10725 = ORIENTED_EDGE('',*,*,#10726,.T.);
#10726 = EDGE_CURVE('',#10480,#10276,#10727,.T.);
#10727 = CIRCLE('',#10728,0.3);
#10728 = AXIS2_PLACEMENT_3D('',#10729,#10730,#10731);
#10729 = CARTESIAN_POINT('',(27.2,12.2,10.3));
#10730 = DIRECTION('',(0.,0.,-1.));
#10731 = DIRECTION('',(1.,0.,0.));
#10732 = CYLINDRICAL_SURFACE('',#10733,0.3);
#10733 = AXIS2_PLACEMENT_3D('',#10734,#10735,#10736);
#10734 = CARTESIAN_POINT('',(27.2,12.2,0.));
#10735 = DIRECTION('',(0.,0.,1.));
#10736 = DIRECTION('',(1.,0.,-0.));
#10737 = ADVANCED_FACE('',(#10738),#10750,.T.);
#10738 = FACE_BOUND('',#10739,.T.);
#10739 = EDGE_LOOP('',(#10740,#10741,#10742,#10749));
#10740 = ORIENTED_EDGE('',*,*,#10700,.F.);
#10741 = ORIENTED_EDGE('',*,*,#10518,.T.);
#10742 = ORIENTED_EDGE('',*,*,#10743,.T.);
#10743 = EDGE_CURVE('',#10519,#10268,#10744,.T.);
#10744 = CIRCLE('',#10745,0.3);
#10745 = AXIS2_PLACEMENT_3D('',#10746,#10747,#10748);
#10746 = CARTESIAN_POINT('',(27.2,12.2,0.3));
#10747 = DIRECTION('',(0.,-1.,0.));
#10748 = DIRECTION('',(1.,0.,0.));
#10749 = ORIENTED_EDGE('',*,*,#10267,.F.);
#10750 = CYLINDRICAL_SURFACE('',#10751,0.3);
#10751 = AXIS2_PLACEMENT_3D('',#10752,#10753,#10754);
#10752 = CARTESIAN_POINT('',(27.2,0.,0.3));
#10753 = DIRECTION('',(-0.,1.,0.));
#10754 = DIRECTION('',(1.,0.,-0.));
#10755 = ADVANCED_FACE('',(#10756),#10767,.T.);
#10756 = FACE_BOUND('',#10757,.T.);
#10757 = EDGE_LOOP('',(#10758,#10759,#10766));
#10758 = ORIENTED_EDGE('',*,*,#10726,.F.);
#10759 = ORIENTED_EDGE('',*,*,#10760,.T.);
#10760 = EDGE_CURVE('',#10480,#10300,#10761,.T.);
#10761 = CIRCLE('',#10762,0.3);
#10762 = AXIS2_PLACEMENT_3D('',#10763,#10764,#10765);
#10763 = CARTESIAN_POINT('',(27.2,12.2,10.3));
#10764 = DIRECTION('',(1.,0.,-6.123233995737E-17));
#10765 = DIRECTION('',(6.123233995737E-17,0.,1.));
#10766 = ORIENTED_EDGE('',*,*,#10307,.F.);
#10767 = SPHERICAL_SURFACE('',#10768,0.3);
#10768 = AXIS2_PLACEMENT_3D('',#10769,#10770,#10771);
#10769 = CARTESIAN_POINT('',(27.2,12.2,10.3));
#10770 = DIRECTION('',(0.,-1.,-0.));
#10771 = DIRECTION('',(1.,0.,0.));
#10772 = ADVANCED_FACE('',(#10773),#10779,.T.);
#10773 = FACE_BOUND('',#10774,.T.);
#10774 = EDGE_LOOP('',(#10775,#10776,#10777,#10778));
#10775 = ORIENTED_EDGE('',*,*,#10445,.T.);
#10776 = ORIENTED_EDGE('',*,*,#10349,.T.);
#10777 = ORIENTED_EDGE('',*,*,#10760,.F.);
#10778 = ORIENTED_EDGE('',*,*,#10479,.F.);
#10779 = CYLINDRICAL_SURFACE('',#10780,0.3);
#10780 = AXIS2_PLACEMENT_3D('',#10781,#10782,#10783);
#10781 = CARTESIAN_POINT('',(22.5,12.2,10.3));
#10782 = DIRECTION('',(1.,0.,-0.));
#10783 = DIRECTION('',(0.,1.,0.));
#10784 = ADVANCED_FACE('',(#10785),#10796,.F.);
#10785 = FACE_BOUND('',#10786,.F.);
#10786 = EDGE_LOOP('',(#10787,#10788,#10789,#10790));
#10787 = ORIENTED_EDGE('',*,*,#10420,.F.);
#10788 = ORIENTED_EDGE('',*,*,#10333,.F.);
#10789 = ORIENTED_EDGE('',*,*,#10364,.T.);
#10790 = ORIENTED_EDGE('',*,*,#10791,.F.);
#10791 = EDGE_CURVE('',#10421,#10365,#10792,.T.);
#10792 = LINE('',#10793,#10794);
#10793 = CARTESIAN_POINT('',(23.05,9.7,8.45));
#10794 = VECTOR('',#10795,1.);
#10795 = DIRECTION('',(1.,0.,0.));
#10796 = PLANE('',#10797);
#10797 = AXIS2_PLACEMENT_3D('',#10798,#10799,#10800);
#10798 = CARTESIAN_POINT('',(23.05,9.7,10.8));
#10799 = DIRECTION('',(-0.,1.,0.));
#10800 = DIRECTION('',(0.,0.,-1.));
#10801 = ADVANCED_FACE('',(#10802),#10808,.F.);
#10802 = FACE_BOUND('',#10803,.F.);
#10803 = EDGE_LOOP('',(#10804,#10805,#10806,#10807));
#10804 = ORIENTED_EDGE('',*,*,#10791,.T.);
#10805 = ORIENTED_EDGE('',*,*,#10372,.T.);
#10806 = ORIENTED_EDGE('',*,*,#10403,.F.);
#10807 = ORIENTED_EDGE('',*,*,#10428,.F.);
#10808 = PLANE('',#10809);
#10809 = AXIS2_PLACEMENT_3D('',#10810,#10811,#10812);
#10810 = CARTESIAN_POINT('',(23.05,9.7,8.45));
#10811 = DIRECTION('',(0.,0.,-1.));
#10812 = DIRECTION('',(0.,-1.,0.));
#10813 = ADVANCED_FACE('',(#10814),#10826,.T.);
#10814 = FACE_BOUND('',#10815,.F.);
#10815 = EDGE_LOOP('',(#10816,#10817,#10818,#10825));
#10816 = ORIENTED_EDGE('',*,*,#10462,.F.);
#10817 = ORIENTED_EDGE('',*,*,#10526,.T.);
#10818 = ORIENTED_EDGE('',*,*,#10819,.T.);
#10819 = EDGE_CURVE('',#10519,#10488,#10820,.T.);
#10820 = CIRCLE('',#10821,0.3);
#10821 = AXIS2_PLACEMENT_3D('',#10822,#10823,#10824);
#10822 = CARTESIAN_POINT('',(27.2,12.2,0.3));
#10823 = DIRECTION('',(1.,-6.123233995737E-17,0.));
#10824 = DIRECTION('',(6.123233995737E-17,1.,0.));
#10825 = ORIENTED_EDGE('',*,*,#10495,.F.);
#10826 = CYLINDRICAL_SURFACE('',#10827,0.3);
#10827 = AXIS2_PLACEMENT_3D('',#10828,#10829,#10830);
#10828 = CARTESIAN_POINT('',(22.5,12.2,0.3));
#10829 = DIRECTION('',(1.,0.,-0.));
#10830 = DIRECTION('',(0.,1.,0.));
#10831 = ADVANCED_FACE('',(#10832),#10837,.T.);
#10832 = FACE_BOUND('',#10833,.T.);
#10833 = EDGE_LOOP('',(#10834,#10835,#10836));
#10834 = ORIENTED_EDGE('',*,*,#10743,.F.);
#10835 = ORIENTED_EDGE('',*,*,#10819,.T.);
#10836 = ORIENTED_EDGE('',*,*,#10718,.F.);
#10837 = SPHERICAL_SURFACE('',#10838,0.3);
#10838 = AXIS2_PLACEMENT_3D('',#10839,#10840,#10841);
#10839 = CARTESIAN_POINT('',(27.2,12.2,0.3));
#10840 = DIRECTION('',(0.,0.,1.));
#10841 = DIRECTION('',(1.,0.,-0.));
#10842 = ADVANCED_FACE('',(#10843),#10886,.T.);
#10843 = FACE_BOUND('',#10844,.T.);
#10844 = EDGE_LOOP('',(#10845,#10853,#10854,#10855,#10856,#10864,#10872,
    #10880));
#10845 = ORIENTED_EDGE('',*,*,#10846,.T.);
#10846 = EDGE_CURVE('',#10847,#10568,#10849,.T.);
#10847 = VERTEX_POINT('',#10848);
#10848 = CARTESIAN_POINT('',(26.55,0.4,5.65));
#10849 = LINE('',#10850,#10851);
#10850 = CARTESIAN_POINT('',(23.27,0.4,5.65));
#10851 = VECTOR('',#10852,1.);
#10852 = DIRECTION('',(1.,0.,-0.));
#10853 = ORIENTED_EDGE('',*,*,#10575,.F.);
#10854 = ORIENTED_EDGE('',*,*,#10151,.F.);
#10855 = ORIENTED_EDGE('',*,*,#10615,.T.);
#10856 = ORIENTED_EDGE('',*,*,#10857,.F.);
#10857 = EDGE_CURVE('',#10858,#10616,#10860,.T.);
#10858 = VERTEX_POINT('',#10859);
#10859 = CARTESIAN_POINT('',(25.95,0.4,5.65));
#10860 = LINE('',#10861,#10862);
#10861 = CARTESIAN_POINT('',(23.27,0.4,5.65));
#10862 = VECTOR('',#10863,1.);
#10863 = DIRECTION('',(1.,0.,-0.));
#10864 = ORIENTED_EDGE('',*,*,#10865,.T.);
#10865 = EDGE_CURVE('',#10858,#10866,#10868,.T.);
#10866 = VERTEX_POINT('',#10867);
#10867 = CARTESIAN_POINT('',(25.95,4.35,5.65));
#10868 = LINE('',#10869,#10870);
#10869 = CARTESIAN_POINT('',(25.95,0.4,5.65));
#10870 = VECTOR('',#10871,1.);
#10871 = DIRECTION('',(-0.,1.,0.));
#10872 = ORIENTED_EDGE('',*,*,#10873,.T.);
#10873 = EDGE_CURVE('',#10866,#10874,#10876,.T.);
#10874 = VERTEX_POINT('',#10875);
#10875 = CARTESIAN_POINT('',(26.55,4.35,5.65));
#10876 = LINE('',#10877,#10878);
#10877 = CARTESIAN_POINT('',(23.45,4.35,5.65));
#10878 = VECTOR('',#10879,1.);
#10879 = DIRECTION('',(1.,0.,-0.));
#10880 = ORIENTED_EDGE('',*,*,#10881,.F.);
#10881 = EDGE_CURVE('',#10847,#10874,#10882,.T.);
#10882 = LINE('',#10883,#10884);
#10883 = CARTESIAN_POINT('',(26.55,0.4,5.65));
#10884 = VECTOR('',#10885,1.);
#10885 = DIRECTION('',(-0.,1.,0.));
#10886 = PLANE('',#10887);
#10887 = AXIS2_PLACEMENT_3D('',#10888,#10889,#10890);
#10888 = CARTESIAN_POINT('',(26.277719298246,2.112719298246,5.65));
#10889 = DIRECTION('',(-0.,-0.,-1.));
#10890 = DIRECTION('',(-1.,0.,0.));
#10891 = ADVANCED_FACE('',(#10892),#10917,.F.);
#10892 = FACE_BOUND('',#10893,.F.);
#10893 = EDGE_LOOP('',(#10894,#10902,#10903,#10911));
#10894 = ORIENTED_EDGE('',*,*,#10895,.F.);
#10895 = EDGE_CURVE('',#10858,#10896,#10898,.T.);
#10896 = VERTEX_POINT('',#10897);
#10897 = CARTESIAN_POINT('',(25.95,0.4,7.4));
#10898 = LINE('',#10899,#10900);
#10899 = CARTESIAN_POINT('',(25.95,0.4,5.65));
#10900 = VECTOR('',#10901,1.);
#10901 = DIRECTION('',(0.,0.,1.));
#10902 = ORIENTED_EDGE('',*,*,#10865,.T.);
#10903 = ORIENTED_EDGE('',*,*,#10904,.T.);
#10904 = EDGE_CURVE('',#10866,#10905,#10907,.T.);
#10905 = VERTEX_POINT('',#10906);
#10906 = CARTESIAN_POINT('',(25.95,4.35,7.4));
#10907 = LINE('',#10908,#10909);
#10908 = CARTESIAN_POINT('',(25.95,4.35,5.65));
#10909 = VECTOR('',#10910,1.);
#10910 = DIRECTION('',(0.,0.,1.));
#10911 = ORIENTED_EDGE('',*,*,#10912,.F.);
#10912 = EDGE_CURVE('',#10896,#10905,#10913,.T.);
#10913 = LINE('',#10914,#10915);
#10914 = CARTESIAN_POINT('',(25.95,0.4,7.4));
#10915 = VECTOR('',#10916,1.);
#10916 = DIRECTION('',(-0.,1.,0.));
#10917 = PLANE('',#10918);
#10918 = AXIS2_PLACEMENT_3D('',#10919,#10920,#10921);
#10919 = CARTESIAN_POINT('',(25.95,0.4,5.65));
#10920 = DIRECTION('',(1.,0.,-0.));
#10921 = DIRECTION('',(0.,0.,1.));
#10922 = ADVANCED_FACE('',(#10923),#10948,.F.);
#10923 = FACE_BOUND('',#10924,.F.);
#10924 = EDGE_LOOP('',(#10925,#10933,#10941,#10947));
#10925 = ORIENTED_EDGE('',*,*,#10926,.F.);
#10926 = EDGE_CURVE('',#10927,#10847,#10929,.T.);
#10927 = VERTEX_POINT('',#10928);
#10928 = CARTESIAN_POINT('',(26.55,0.4,2.25));
#10929 = LINE('',#10930,#10931);
#10930 = CARTESIAN_POINT('',(26.55,0.4,2.25));
#10931 = VECTOR('',#10932,1.);
#10932 = DIRECTION('',(0.,0.,1.));
#10933 = ORIENTED_EDGE('',*,*,#10934,.T.);
#10934 = EDGE_CURVE('',#10927,#10935,#10937,.T.);
#10935 = VERTEX_POINT('',#10936);
#10936 = CARTESIAN_POINT('',(26.55,4.35,2.25));
#10937 = LINE('',#10938,#10939);
#10938 = CARTESIAN_POINT('',(26.55,0.4,2.25));
#10939 = VECTOR('',#10940,1.);
#10940 = DIRECTION('',(-0.,1.,0.));
#10941 = ORIENTED_EDGE('',*,*,#10942,.T.);
#10942 = EDGE_CURVE('',#10935,#10874,#10943,.T.);
#10943 = LINE('',#10944,#10945);
#10944 = CARTESIAN_POINT('',(26.55,4.35,2.25));
#10945 = VECTOR('',#10946,1.);
#10946 = DIRECTION('',(0.,0.,1.));
#10947 = ORIENTED_EDGE('',*,*,#10881,.F.);
#10948 = PLANE('',#10949);
#10949 = AXIS2_PLACEMENT_3D('',#10950,#10951,#10952);
#10950 = CARTESIAN_POINT('',(26.55,0.4,2.25));
#10951 = DIRECTION('',(1.,0.,-0.));
#10952 = DIRECTION('',(0.,0.,1.));
#10953 = ADVANCED_FACE('',(#10954),#10981,.F.);
#10954 = FACE_BOUND('',#10955,.F.);
#10955 = EDGE_LOOP('',(#10956,#10965,#10966,#10975));
#10956 = ORIENTED_EDGE('',*,*,#10957,.F.);
#10957 = EDGE_CURVE('',#10935,#10958,#10960,.T.);
#10958 = VERTEX_POINT('',#10959);
#10959 = CARTESIAN_POINT('',(23.45,4.35,2.25));
#10960 = CIRCLE('',#10961,1.55);
#10961 = AXIS2_PLACEMENT_3D('',#10962,#10963,#10964);
#10962 = CARTESIAN_POINT('',(25.,4.35,2.25));
#10963 = DIRECTION('',(0.,1.,0.));
#10964 = DIRECTION('',(0.,-0.,1.));
#10965 = ORIENTED_EDGE('',*,*,#10934,.F.);
#10966 = ORIENTED_EDGE('',*,*,#10967,.T.);
#10967 = EDGE_CURVE('',#10927,#10968,#10970,.T.);
#10968 = VERTEX_POINT('',#10969);
#10969 = CARTESIAN_POINT('',(23.45,0.4,2.25));
#10970 = CIRCLE('',#10971,1.55);
#10971 = AXIS2_PLACEMENT_3D('',#10972,#10973,#10974);
#10972 = CARTESIAN_POINT('',(25.,0.4,2.25));
#10973 = DIRECTION('',(0.,1.,0.));
#10974 = DIRECTION('',(0.,-0.,1.));
#10975 = ORIENTED_EDGE('',*,*,#10976,.T.);
#10976 = EDGE_CURVE('',#10968,#10958,#10977,.T.);
#10977 = LINE('',#10978,#10979);
#10978 = CARTESIAN_POINT('',(23.45,0.4,2.25));
#10979 = VECTOR('',#10980,1.);
#10980 = DIRECTION('',(-0.,1.,0.));
#10981 = CYLINDRICAL_SURFACE('',#10982,1.55);
#10982 = AXIS2_PLACEMENT_3D('',#10983,#10984,#10985);
#10983 = CARTESIAN_POINT('',(25.,0.4,2.25));
#10984 = DIRECTION('',(0.,1.,0.));
#10985 = DIRECTION('',(0.,-0.,1.));
#10986 = ADVANCED_FACE('',(#10987),#11012,.T.);
#10987 = FACE_BOUND('',#10988,.T.);
#10988 = EDGE_LOOP('',(#10989,#10997,#10998,#11006));
#10989 = ORIENTED_EDGE('',*,*,#10990,.F.);
#10990 = EDGE_CURVE('',#10968,#10991,#10993,.T.);
#10991 = VERTEX_POINT('',#10992);
#10992 = CARTESIAN_POINT('',(23.45,0.4,5.65));
#10993 = LINE('',#10994,#10995);
#10994 = CARTESIAN_POINT('',(23.45,0.4,2.25));
#10995 = VECTOR('',#10996,1.);
#10996 = DIRECTION('',(0.,0.,1.));
#10997 = ORIENTED_EDGE('',*,*,#10976,.T.);
#10998 = ORIENTED_EDGE('',*,*,#10999,.T.);
#10999 = EDGE_CURVE('',#10958,#11000,#11002,.T.);
#11000 = VERTEX_POINT('',#11001);
#11001 = CARTESIAN_POINT('',(23.45,4.35,5.65));
#11002 = LINE('',#11003,#11004);
#11003 = CARTESIAN_POINT('',(23.45,4.35,2.25));
#11004 = VECTOR('',#11005,1.);
#11005 = DIRECTION('',(0.,0.,1.));
#11006 = ORIENTED_EDGE('',*,*,#11007,.F.);
#11007 = EDGE_CURVE('',#10991,#11000,#11008,.T.);
#11008 = LINE('',#11009,#11010);
#11009 = CARTESIAN_POINT('',(23.45,0.4,5.65));
#11010 = VECTOR('',#11011,1.);
#11011 = DIRECTION('',(-0.,1.,0.));
#11012 = PLANE('',#11013);
#11013 = AXIS2_PLACEMENT_3D('',#11014,#11015,#11016);
#11014 = CARTESIAN_POINT('',(23.45,0.4,2.25));
#11015 = DIRECTION('',(1.,0.,-0.));
#11016 = DIRECTION('',(0.,0.,1.));
#11017 = ADVANCED_FACE('',(#11018),#11052,.T.);
#11018 = FACE_BOUND('',#11019,.T.);
#11019 = EDGE_LOOP('',(#11020,#11026,#11027,#11035,#11043,#11049,#11050,
    #11051));
#11020 = ORIENTED_EDGE('',*,*,#11021,.T.);
#11021 = EDGE_CURVE('',#10648,#10991,#11022,.T.);
#11022 = LINE('',#11023,#11024);
#11023 = CARTESIAN_POINT('',(23.27,0.4,5.65));
#11024 = VECTOR('',#11025,1.);
#11025 = DIRECTION('',(1.,0.,-0.));
#11026 = ORIENTED_EDGE('',*,*,#11007,.T.);
#11027 = ORIENTED_EDGE('',*,*,#11028,.T.);
#11028 = EDGE_CURVE('',#11000,#11029,#11031,.T.);
#11029 = VERTEX_POINT('',#11030);
#11030 = CARTESIAN_POINT('',(24.05,4.35,5.65));
#11031 = LINE('',#11032,#11033);
#11032 = CARTESIAN_POINT('',(23.45,4.35,5.65));
#11033 = VECTOR('',#11034,1.);
#11034 = DIRECTION('',(1.,0.,-0.));
#11035 = ORIENTED_EDGE('',*,*,#11036,.F.);
#11036 = EDGE_CURVE('',#11037,#11029,#11039,.T.);
#11037 = VERTEX_POINT('',#11038);
#11038 = CARTESIAN_POINT('',(24.05,0.4,5.65));
#11039 = LINE('',#11040,#11041);
#11040 = CARTESIAN_POINT('',(24.05,0.4,5.65));
#11041 = VECTOR('',#11042,1.);
#11042 = DIRECTION('',(-0.,1.,0.));
#11043 = ORIENTED_EDGE('',*,*,#11044,.F.);
#11044 = EDGE_CURVE('',#10671,#11037,#11045,.T.);
#11045 = LINE('',#11046,#11047);
#11046 = CARTESIAN_POINT('',(23.27,0.4,5.65));
#11047 = VECTOR('',#11048,1.);
#11048 = DIRECTION('',(1.,0.,-0.));
#11049 = ORIENTED_EDGE('',*,*,#10670,.F.);
#11050 = ORIENTED_EDGE('',*,*,#10193,.F.);
#11051 = ORIENTED_EDGE('',*,*,#10655,.T.);
#11052 = PLANE('',#11053);
#11053 = AXIS2_PLACEMENT_3D('',#11054,#11055,#11056);
#11054 = CARTESIAN_POINT('',(23.722280701754,2.112719298246,5.65));
#11055 = DIRECTION('',(-0.,-0.,-1.));
#11056 = DIRECTION('',(-1.,0.,0.));
#11057 = ADVANCED_FACE('',(#11058),#11083,.T.);
#11058 = FACE_BOUND('',#11059,.T.);
#11059 = EDGE_LOOP('',(#11060,#11068,#11069,#11077));
#11060 = ORIENTED_EDGE('',*,*,#11061,.F.);
#11061 = EDGE_CURVE('',#11037,#11062,#11064,.T.);
#11062 = VERTEX_POINT('',#11063);
#11063 = CARTESIAN_POINT('',(24.05,0.4,7.4));
#11064 = LINE('',#11065,#11066);
#11065 = CARTESIAN_POINT('',(24.05,0.4,5.65));
#11066 = VECTOR('',#11067,1.);
#11067 = DIRECTION('',(0.,0.,1.));
#11068 = ORIENTED_EDGE('',*,*,#11036,.T.);
#11069 = ORIENTED_EDGE('',*,*,#11070,.T.);
#11070 = EDGE_CURVE('',#11029,#11071,#11073,.T.);
#11071 = VERTEX_POINT('',#11072);
#11072 = CARTESIAN_POINT('',(24.05,4.35,7.4));
#11073 = LINE('',#11074,#11075);
#11074 = CARTESIAN_POINT('',(24.05,4.35,5.65));
#11075 = VECTOR('',#11076,1.);
#11076 = DIRECTION('',(0.,0.,1.));
#11077 = ORIENTED_EDGE('',*,*,#11078,.F.);
#11078 = EDGE_CURVE('',#11062,#11071,#11079,.T.);
#11079 = LINE('',#11080,#11081);
#11080 = CARTESIAN_POINT('',(24.05,0.4,7.4));
#11081 = VECTOR('',#11082,1.);
#11082 = DIRECTION('',(-0.,1.,0.));
#11083 = PLANE('',#11084);
#11084 = AXIS2_PLACEMENT_3D('',#11085,#11086,#11087);
#11085 = CARTESIAN_POINT('',(24.05,0.4,5.65));
#11086 = DIRECTION('',(1.,0.,-0.));
#11087 = DIRECTION('',(0.,0.,1.));
#11088 = ADVANCED_FACE('',(#11089),#11099,.T.);
#11089 = FACE_BOUND('',#11090,.T.);
#11090 = EDGE_LOOP('',(#11091,#11092,#11093,#11094,#11095,#11096,#11097,
    #11098));
#11091 = ORIENTED_EDGE('',*,*,#10567,.T.);
#11092 = ORIENTED_EDGE('',*,*,#10846,.F.);
#11093 = ORIENTED_EDGE('',*,*,#10926,.F.);
#11094 = ORIENTED_EDGE('',*,*,#10967,.T.);
#11095 = ORIENTED_EDGE('',*,*,#10990,.T.);
#11096 = ORIENTED_EDGE('',*,*,#11021,.F.);
#11097 = ORIENTED_EDGE('',*,*,#10647,.F.);
#11098 = ORIENTED_EDGE('',*,*,#10589,.F.);
#11099 = PLANE('',#11100);
#11100 = AXIS2_PLACEMENT_3D('',#11101,#11102,#11103);
#11101 = CARTESIAN_POINT('',(25.,0.4,2.880205591296));
#11102 = DIRECTION('',(-0.,-1.,-0.));
#11103 = DIRECTION('',(0.,0.,-1.));
#11104 = ADVANCED_FACE('',(#11105),#11145,.T.);
#11105 = FACE_BOUND('',#11106,.T.);
#11106 = EDGE_LOOP('',(#11107,#11108,#11109,#11118,#11125,#11126,#11127,
    #11128,#11137,#11144));
#11107 = ORIENTED_EDGE('',*,*,#10857,.T.);
#11108 = ORIENTED_EDGE('',*,*,#10623,.T.);
#11109 = ORIENTED_EDGE('',*,*,#11110,.F.);
#11110 = EDGE_CURVE('',#11111,#10624,#11113,.T.);
#11111 = VERTEX_POINT('',#11112);
#11112 = CARTESIAN_POINT('',(25.,0.4,8.53));
#11113 = CIRCLE('',#11114,1.13);
#11114 = AXIS2_PLACEMENT_3D('',#11115,#11116,#11117);
#11115 = CARTESIAN_POINT('',(25.,0.4,7.4));
#11116 = DIRECTION('',(0.,1.,0.));
#11117 = DIRECTION('',(0.,-0.,1.));
#11118 = ORIENTED_EDGE('',*,*,#11119,.F.);
#11119 = EDGE_CURVE('',#10679,#11111,#11120,.T.);
#11120 = CIRCLE('',#11121,1.13);
#11121 = AXIS2_PLACEMENT_3D('',#11122,#11123,#11124);
#11122 = CARTESIAN_POINT('',(25.,0.4,7.4));
#11123 = DIRECTION('',(0.,1.,0.));
#11124 = DIRECTION('',(0.,-0.,1.));
#11125 = ORIENTED_EDGE('',*,*,#10678,.F.);
#11126 = ORIENTED_EDGE('',*,*,#11044,.T.);
#11127 = ORIENTED_EDGE('',*,*,#11061,.T.);
#11128 = ORIENTED_EDGE('',*,*,#11129,.T.);
#11129 = EDGE_CURVE('',#11062,#11130,#11132,.T.);
#11130 = VERTEX_POINT('',#11131);
#11131 = CARTESIAN_POINT('',(25.,0.4,8.35));
#11132 = CIRCLE('',#11133,0.95);
#11133 = AXIS2_PLACEMENT_3D('',#11134,#11135,#11136);
#11134 = CARTESIAN_POINT('',(25.,0.4,7.4));
#11135 = DIRECTION('',(0.,1.,0.));
#11136 = DIRECTION('',(0.,-0.,1.));
#11137 = ORIENTED_EDGE('',*,*,#11138,.T.);
#11138 = EDGE_CURVE('',#11130,#10896,#11139,.T.);
#11139 = CIRCLE('',#11140,0.95);
#11140 = AXIS2_PLACEMENT_3D('',#11141,#11142,#11143);
#11141 = CARTESIAN_POINT('',(25.,0.4,7.4));
#11142 = DIRECTION('',(0.,1.,0.));
#11143 = DIRECTION('',(0.,-0.,1.));
#11144 = ORIENTED_EDGE('',*,*,#10895,.F.);
#11145 = PLANE('',#11146);
#11146 = AXIS2_PLACEMENT_3D('',#11147,#11148,#11149);
#11147 = CARTESIAN_POINT('',(25.,0.4,7.215868321793));
#11148 = DIRECTION('',(-0.,-1.,-0.));
#11149 = DIRECTION('',(0.,0.,-1.));
#11150 = ADVANCED_FACE('',(#11151),#11176,.T.);
#11151 = FACE_BOUND('',#11152,.T.);
#11152 = EDGE_LOOP('',(#11153,#11154,#11155,#11156,#11165,#11172,#11173,
    #11174,#11175));
#11153 = ORIENTED_EDGE('',*,*,#10942,.T.);
#11154 = ORIENTED_EDGE('',*,*,#10873,.F.);
#11155 = ORIENTED_EDGE('',*,*,#10904,.T.);
#11156 = ORIENTED_EDGE('',*,*,#11157,.F.);
#11157 = EDGE_CURVE('',#11158,#10905,#11160,.T.);
#11158 = VERTEX_POINT('',#11159);
#11159 = CARTESIAN_POINT('',(25.,4.35,8.35));
#11160 = CIRCLE('',#11161,0.95);
#11161 = AXIS2_PLACEMENT_3D('',#11162,#11163,#11164);
#11162 = CARTESIAN_POINT('',(25.,4.35,7.4));
#11163 = DIRECTION('',(0.,1.,0.));
#11164 = DIRECTION('',(0.,-0.,1.));
#11165 = ORIENTED_EDGE('',*,*,#11166,.F.);
#11166 = EDGE_CURVE('',#11071,#11158,#11167,.T.);
#11167 = CIRCLE('',#11168,0.95);
#11168 = AXIS2_PLACEMENT_3D('',#11169,#11170,#11171);
#11169 = CARTESIAN_POINT('',(25.,4.35,7.4));
#11170 = DIRECTION('',(0.,1.,0.));
#11171 = DIRECTION('',(0.,-0.,1.));
#11172 = ORIENTED_EDGE('',*,*,#11070,.F.);
#11173 = ORIENTED_EDGE('',*,*,#11028,.F.);
#11174 = ORIENTED_EDGE('',*,*,#10999,.F.);
#11175 = ORIENTED_EDGE('',*,*,#10957,.F.);
#11176 = PLANE('',#11177);
#11177 = AXIS2_PLACEMENT_3D('',#11178,#11179,#11180);
#11178 = CARTESIAN_POINT('',(25.,4.35,4.521140854833));
#11179 = DIRECTION('',(-0.,-1.,-0.));
#11180 = DIRECTION('',(0.,0.,-1.));
#11181 = ADVANCED_FACE('',(#11182),#11190,.F.);
#11182 = FACE_BOUND('',#11183,.F.);
#11183 = EDGE_LOOP('',(#11184,#11185,#11186,#11187,#11188,#11189));
#11184 = ORIENTED_EDGE('',*,*,#10686,.F.);
#11185 = ORIENTED_EDGE('',*,*,#10176,.T.);
#11186 = ORIENTED_EDGE('',*,*,#10167,.T.);
#11187 = ORIENTED_EDGE('',*,*,#10631,.T.);
#11188 = ORIENTED_EDGE('',*,*,#11110,.F.);
#11189 = ORIENTED_EDGE('',*,*,#11119,.F.);
#11190 = CYLINDRICAL_SURFACE('',#11191,1.13);
#11191 = AXIS2_PLACEMENT_3D('',#11192,#11193,#11194);
#11192 = CARTESIAN_POINT('',(25.,-5.E-02,7.4));
#11193 = DIRECTION('',(0.,1.,0.));
#11194 = DIRECTION('',(0.,-0.,1.));
#11195 = ADVANCED_FACE('',(#11196),#11204,.F.);
#11196 = FACE_BOUND('',#11197,.F.);
#11197 = EDGE_LOOP('',(#11198,#11199,#11200,#11201,#11202,#11203));
#11198 = ORIENTED_EDGE('',*,*,#10912,.T.);
#11199 = ORIENTED_EDGE('',*,*,#11157,.F.);
#11200 = ORIENTED_EDGE('',*,*,#11166,.F.);
#11201 = ORIENTED_EDGE('',*,*,#11078,.F.);
#11202 = ORIENTED_EDGE('',*,*,#11129,.T.);
#11203 = ORIENTED_EDGE('',*,*,#11138,.T.);
#11204 = CYLINDRICAL_SURFACE('',#11205,0.95);
#11205 = AXIS2_PLACEMENT_3D('',#11206,#11207,#11208);
#11206 = CARTESIAN_POINT('',(25.,0.4,7.4));
#11207 = DIRECTION('',(0.,1.,0.));
#11208 = DIRECTION('',(0.,-0.,1.));
#11209 = ( GEOMETRIC_REPRESENTATION_CONTEXT(3)
GLOBAL_UNCERTAINTY_ASSIGNED_CONTEXT((#11213))
GLOBAL_UNIT_ASSIGNED_CONTEXT((#11210,#11211,#11212))
REPRESENTATION_CONTEXT('Context #1',
  '3D Context with UNIT and UNCERTAINTY') );
#11210 = ( LENGTH_UNIT() NAMED_UNIT(*) SI_UNIT(.MILLI.,.METRE.) );
#11211 = ( NAMED_UNIT(*) PLANE_ANGLE_UNIT() SI_UNIT($,.RADIAN.) );
#11212 = ( NAMED_UNIT(*) SI_UNIT($,.STERADIAN.) SOLID_ANGLE_UNIT() );
#11213 = UNCERTAINTY_MEASURE_WITH_UNIT(LENGTH_MEASURE(1.E-07),#11210,
  'distance_accuracy_value','confusion accuracy');
#11214 = CONTEXT_DEPENDENT_SHAPE_REPRESENTATION(#11215,#11217);
#11215 = ( REPRESENTATION_RELATIONSHIP('','',#9853,#10)
REPRESENTATION_RELATIONSHIP_WITH_TRANSFORMATION(#11216)
SHAPE_REPRESENTATION_RELATIONSHIP() );
#11216 = ITEM_DEFINED_TRANSFORMATION('','',#11,#91);
#11217 = PRODUCT_DEFINITION_SHAPE('Placement','Placement of an item',
  #11218);
#11218 = NEXT_ASSEMBLY_USAGE_OCCURRENCE('20','Housing P5','',#5,#9848,$
  );
#11219 = PRODUCT_RELATED_PRODUCT_CATEGORY('part',$,(#9850));
#11220 = SHAPE_DEFINITION_REPRESENTATION(#11221,#11227);
#11221 = PRODUCT_DEFINITION_SHAPE('','',#11222);
#11222 = PRODUCT_DEFINITION('design','',#11223,#11226);
#11223 = PRODUCT_DEFINITION_FORMATION('','',#11224);
#11224 = PRODUCT('Spacer between P4 and P5','Spacer between P4 and P5',
  '',(#11225));
#11225 = PRODUCT_CONTEXT('',#2,'mechanical');
#11226 = PRODUCT_DEFINITION_CONTEXT('part definition',#2,'design');
#11227 = ADVANCED_BREP_SHAPE_REPRESENTATION('',(#11,#11228),#11832);
#11228 = MANIFOLD_SOLID_BREP('',#11229);
#11229 = CLOSED_SHELL('',(#11230,#11278,#11311,#11370,#11395,#11428,
    #11461,#11485,#11502,#11527,#11559,#11584,#11601,#11618,#11635,
    #11666,#11697,#11715,#11732,#11756,#11774,#11791,#11803,#11821));
#11230 = ADVANCED_FACE('',(#11231),#11273,.F.);
#11231 = FACE_BOUND('',#11232,.F.);
#11232 = EDGE_LOOP('',(#11233,#11243,#11251,#11259,#11267));
#11233 = ORIENTED_EDGE('',*,*,#11234,.F.);
#11234 = EDGE_CURVE('',#11235,#11237,#11239,.T.);
#11235 = VERTEX_POINT('',#11236);
#11236 = CARTESIAN_POINT('',(27.5,0.3,0.3));
#11237 = VERTEX_POINT('',#11238);
#11238 = CARTESIAN_POINT('',(27.5,0.3,9.086363636364));
#11239 = LINE('',#11240,#11241);
#11240 = CARTESIAN_POINT('',(27.5,0.3,0.));
#11241 = VECTOR('',#11242,1.);
#11242 = DIRECTION('',(0.,0.,1.));
#11243 = ORIENTED_EDGE('',*,*,#11244,.T.);
#11244 = EDGE_CURVE('',#11235,#11245,#11247,.T.);
#11245 = VERTEX_POINT('',#11246);
#11246 = CARTESIAN_POINT('',(27.5,12.2,0.3));
#11247 = LINE('',#11248,#11249);
#11248 = CARTESIAN_POINT('',(27.5,0.,0.3));
#11249 = VECTOR('',#11250,1.);
#11250 = DIRECTION('',(-0.,1.,0.));
#11251 = ORIENTED_EDGE('',*,*,#11252,.T.);
#11252 = EDGE_CURVE('',#11245,#11253,#11255,.T.);
#11253 = VERTEX_POINT('',#11254);
#11254 = CARTESIAN_POINT('',(27.5,12.2,10.3));
#11255 = LINE('',#11256,#11257);
#11256 = CARTESIAN_POINT('',(27.5,12.2,0.));
#11257 = VECTOR('',#11258,1.);
#11258 = DIRECTION('',(0.,0.,1.));
#11259 = ORIENTED_EDGE('',*,*,#11260,.F.);
#11260 = EDGE_CURVE('',#11261,#11253,#11263,.T.);
#11261 = VERTEX_POINT('',#11262);
#11262 = CARTESIAN_POINT('',(27.5,1.743243243243,10.3));
#11263 = LINE('',#11264,#11265);
#11264 = CARTESIAN_POINT('',(27.5,0.,10.3));
#11265 = VECTOR('',#11266,1.);
#11266 = DIRECTION('',(-0.,1.,0.));
#11267 = ORIENTED_EDGE('',*,*,#11268,.F.);
#11268 = EDGE_CURVE('',#11237,#11261,#11269,.T.);
#11269 = LINE('',#11270,#11271);
#11270 = CARTESIAN_POINT('',(27.5,-1.125779122542,7.88741301059));
#11271 = VECTOR('',#11272,1.);
#11272 = DIRECTION('',(0.,0.765362085905,0.643599935875));
#11273 = PLANE('',#11274);
#11274 = AXIS2_PLACEMENT_3D('',#11275,#11276,#11277);
#11275 = CARTESIAN_POINT('',(27.5,0.,0.));
#11276 = DIRECTION('',(1.,0.,-0.));
#11277 = DIRECTION('',(0.,0.,1.));
#11278 = ADVANCED_FACE('',(#11279),#11306,.T.);
#11279 = FACE_BOUND('',#11280,.T.);
#11280 = EDGE_LOOP('',(#11281,#11282,#11291,#11299));
#11281 = ORIENTED_EDGE('',*,*,#11234,.F.);
#11282 = ORIENTED_EDGE('',*,*,#11283,.T.);
#11283 = EDGE_CURVE('',#11235,#11284,#11286,.T.);
#11284 = VERTEX_POINT('',#11285);
#11285 = CARTESIAN_POINT('',(27.8,-5.551115123126E-17,0.3));
#11286 = CIRCLE('',#11287,0.3);
#11287 = AXIS2_PLACEMENT_3D('',#11288,#11289,#11290);
#11288 = CARTESIAN_POINT('',(27.8,0.3,0.3));
#11289 = DIRECTION('',(0.,0.,1.));
#11290 = DIRECTION('',(-1.,0.,0.));
#11291 = ORIENTED_EDGE('',*,*,#11292,.T.);
#11292 = EDGE_CURVE('',#11284,#11293,#11295,.T.);
#11293 = VERTEX_POINT('',#11294);
#11294 = CARTESIAN_POINT('',(27.8,-5.551115123126E-17,8.834090909091));
#11295 = LINE('',#11296,#11297);
#11296 = CARTESIAN_POINT('',(27.8,-5.551115123126E-17,0.));
#11297 = VECTOR('',#11298,1.);
#11298 = DIRECTION('',(0.,0.,1.));
#11299 = ORIENTED_EDGE('',*,*,#11300,.T.);
#11300 = EDGE_CURVE('',#11293,#11237,#11301,.T.);
#11301 = ELLIPSE('',#11302,0.391971336867,0.3);
#11302 = AXIS2_PLACEMENT_3D('',#11303,#11304,#11305);
#11303 = CARTESIAN_POINT('',(27.8,0.3,9.086363636364));
#11304 = DIRECTION('',(0.,0.643599935875,-0.765362085905));
#11305 = DIRECTION('',(0.,0.765362085905,0.643599935875));
#11306 = CYLINDRICAL_SURFACE('',#11307,0.3);
#11307 = AXIS2_PLACEMENT_3D('',#11308,#11309,#11310);
#11308 = CARTESIAN_POINT('',(27.8,0.3,0.));
#11309 = DIRECTION('',(0.,0.,1.));
#11310 = DIRECTION('',(-1.,-0.,0.));
#11311 = ADVANCED_FACE('',(#11312),#11365,.F.);
#11312 = FACE_BOUND('',#11313,.F.);
#11313 = EDGE_LOOP('',(#11314,#11323,#11331,#11340,#11348,#11357,#11363,
    #11364));
#11314 = ORIENTED_EDGE('',*,*,#11315,.T.);
#11315 = EDGE_CURVE('',#11261,#11316,#11318,.T.);
#11316 = VERTEX_POINT('',#11317);
#11317 = CARTESIAN_POINT('',(27.8,2.1,10.6));
#11318 = ELLIPSE('',#11319,0.466128076275,0.3);
#11319 = AXIS2_PLACEMENT_3D('',#11320,#11321,#11322);
#11320 = CARTESIAN_POINT('',(27.8,1.743243243243,10.3));
#11321 = DIRECTION('',(0.,0.643599935875,-0.765362085905));
#11322 = DIRECTION('',(0.,0.765362085905,0.643599935875));
#11323 = ORIENTED_EDGE('',*,*,#11324,.T.);
#11324 = EDGE_CURVE('',#11316,#11325,#11327,.T.);
#11325 = VERTEX_POINT('',#11326);
#11326 = CARTESIAN_POINT('',(29.7,2.1,10.6));
#11327 = LINE('',#11328,#11329);
#11328 = CARTESIAN_POINT('',(27.4,2.1,10.6));
#11329 = VECTOR('',#11330,1.);
#11330 = DIRECTION('',(1.,0.,0.));
#11331 = ORIENTED_EDGE('',*,*,#11332,.T.);
#11332 = EDGE_CURVE('',#11325,#11333,#11335,.T.);
#11333 = VERTEX_POINT('',#11334);
#11334 = CARTESIAN_POINT('',(30.,1.743243243243,10.3));
#11335 = ELLIPSE('',#11336,0.466128076275,0.3);
#11336 = AXIS2_PLACEMENT_3D('',#11337,#11338,#11339);
#11337 = CARTESIAN_POINT('',(29.7,1.743243243243,10.3));
#11338 = DIRECTION('',(0.,0.643599935875,-0.765362085905));
#11339 = DIRECTION('',(0.,0.765362085905,0.643599935875));
#11340 = ORIENTED_EDGE('',*,*,#11341,.F.);
#11341 = EDGE_CURVE('',#11342,#11333,#11344,.T.);
#11342 = VERTEX_POINT('',#11343);
#11343 = CARTESIAN_POINT('',(30.,0.3,9.086363636364));
#11344 = LINE('',#11345,#11346);
#11345 = CARTESIAN_POINT('',(30.,-1.125779122542,7.88741301059));
#11346 = VECTOR('',#11347,1.);
#11347 = DIRECTION('',(0.,0.765362085905,0.643599935875));
#11348 = ORIENTED_EDGE('',*,*,#11349,.T.);
#11349 = EDGE_CURVE('',#11342,#11350,#11352,.T.);
#11350 = VERTEX_POINT('',#11351);
#11351 = CARTESIAN_POINT('',(29.7,-5.551115123126E-17,8.834090909091));
#11352 = ELLIPSE('',#11353,0.391971336867,0.3);
#11353 = AXIS2_PLACEMENT_3D('',#11354,#11355,#11356);
#11354 = CARTESIAN_POINT('',(29.7,0.3,9.086363636364));
#11355 = DIRECTION('',(0.,0.643599935875,-0.765362085905));
#11356 = DIRECTION('',(0.,0.765362085905,0.643599935875));
#11357 = ORIENTED_EDGE('',*,*,#11358,.T.);
#11358 = EDGE_CURVE('',#11350,#11293,#11359,.T.);
#11359 = LINE('',#11360,#11361);
#11360 = CARTESIAN_POINT('',(27.45,2.22044604925E-16,8.834090909091));
#11361 = VECTOR('',#11362,1.);
#11362 = DIRECTION('',(-1.,0.,-0.));
#11363 = ORIENTED_EDGE('',*,*,#11300,.T.);
#11364 = ORIENTED_EDGE('',*,*,#11268,.T.);
#11365 = PLANE('',#11366);
#11366 = AXIS2_PLACEMENT_3D('',#11367,#11368,#11369);
#11367 = CARTESIAN_POINT('',(27.4,2.1,10.6));
#11368 = DIRECTION('',(0.,0.643599935875,-0.765362085905));
#11369 = DIRECTION('',(0.,-0.765362085905,-0.643599935875));
#11370 = ADVANCED_FACE('',(#11371),#11390,.T.);
#11371 = FACE_BOUND('',#11372,.T.);
#11372 = EDGE_LOOP('',(#11373,#11374,#11382,#11389));
#11373 = ORIENTED_EDGE('',*,*,#11315,.T.);
#11374 = ORIENTED_EDGE('',*,*,#11375,.T.);
#11375 = EDGE_CURVE('',#11316,#11376,#11378,.T.);
#11376 = VERTEX_POINT('',#11377);
#11377 = CARTESIAN_POINT('',(27.8,12.2,10.6));
#11378 = LINE('',#11379,#11380);
#11379 = CARTESIAN_POINT('',(27.8,0.,10.6));
#11380 = VECTOR('',#11381,1.);
#11381 = DIRECTION('',(-0.,1.,0.));
#11382 = ORIENTED_EDGE('',*,*,#11383,.F.);
#11383 = EDGE_CURVE('',#11253,#11376,#11384,.T.);
#11384 = CIRCLE('',#11385,0.3);
#11385 = AXIS2_PLACEMENT_3D('',#11386,#11387,#11388);
#11386 = CARTESIAN_POINT('',(27.8,12.2,10.3));
#11387 = DIRECTION('',(-0.,1.,0.));
#11388 = DIRECTION('',(-1.,-0.,0.));
#11389 = ORIENTED_EDGE('',*,*,#11260,.F.);
#11390 = CYLINDRICAL_SURFACE('',#11391,0.3);
#11391 = AXIS2_PLACEMENT_3D('',#11392,#11393,#11394);
#11392 = CARTESIAN_POINT('',(27.8,0.,10.3));
#11393 = DIRECTION('',(-0.,1.,0.));
#11394 = DIRECTION('',(-1.,-0.,0.));
#11395 = ADVANCED_FACE('',(#11396),#11423,.T.);
#11396 = FACE_BOUND('',#11397,.F.);
#11397 = EDGE_LOOP('',(#11398,#11399,#11408,#11416));
#11398 = ORIENTED_EDGE('',*,*,#11252,.F.);
#11399 = ORIENTED_EDGE('',*,*,#11400,.T.);
#11400 = EDGE_CURVE('',#11245,#11401,#11403,.T.);
#11401 = VERTEX_POINT('',#11402);
#11402 = CARTESIAN_POINT('',(27.8,12.5,0.3));
#11403 = CIRCLE('',#11404,0.3);
#11404 = AXIS2_PLACEMENT_3D('',#11405,#11406,#11407);
#11405 = CARTESIAN_POINT('',(27.8,12.2,0.3));
#11406 = DIRECTION('',(-0.,0.,-1.));
#11407 = DIRECTION('',(-1.,0.,0.));
#11408 = ORIENTED_EDGE('',*,*,#11409,.T.);
#11409 = EDGE_CURVE('',#11401,#11410,#11412,.T.);
#11410 = VERTEX_POINT('',#11411);
#11411 = CARTESIAN_POINT('',(27.8,12.5,10.3));
#11412 = LINE('',#11413,#11414);
#11413 = CARTESIAN_POINT('',(27.8,12.5,0.));
#11414 = VECTOR('',#11415,1.);
#11415 = DIRECTION('',(0.,0.,1.));
#11416 = ORIENTED_EDGE('',*,*,#11417,.T.);
#11417 = EDGE_CURVE('',#11410,#11253,#11418,.T.);
#11418 = CIRCLE('',#11419,0.3);
#11419 = AXIS2_PLACEMENT_3D('',#11420,#11421,#11422);
#11420 = CARTESIAN_POINT('',(27.8,12.2,10.3));
#11421 = DIRECTION('',(0.,0.,1.));
#11422 = DIRECTION('',(-1.,-0.,0.));
#11423 = CYLINDRICAL_SURFACE('',#11424,0.3);
#11424 = AXIS2_PLACEMENT_3D('',#11425,#11426,#11427);
#11425 = CARTESIAN_POINT('',(27.8,12.2,0.));
#11426 = DIRECTION('',(0.,0.,1.));
#11427 = DIRECTION('',(-1.,-0.,0.));
#11428 = ADVANCED_FACE('',(#11429),#11456,.T.);
#11429 = FACE_BOUND('',#11430,.F.);
#11430 = EDGE_LOOP('',(#11431,#11440,#11448,#11455));
#11431 = ORIENTED_EDGE('',*,*,#11432,.F.);
#11432 = EDGE_CURVE('',#11433,#11235,#11435,.T.);
#11433 = VERTEX_POINT('',#11434);
#11434 = CARTESIAN_POINT('',(27.8,0.3,0.));
#11435 = CIRCLE('',#11436,0.3);
#11436 = AXIS2_PLACEMENT_3D('',#11437,#11438,#11439);
#11437 = CARTESIAN_POINT('',(27.8,0.3,0.3));
#11438 = DIRECTION('',(0.,1.,-0.));
#11439 = DIRECTION('',(-1.,0.,0.));
#11440 = ORIENTED_EDGE('',*,*,#11441,.T.);
#11441 = EDGE_CURVE('',#11433,#11442,#11444,.T.);
#11442 = VERTEX_POINT('',#11443);
#11443 = CARTESIAN_POINT('',(27.8,12.2,0.));
#11444 = LINE('',#11445,#11446);
#11445 = CARTESIAN_POINT('',(27.8,0.,-5.551115123126E-17));
#11446 = VECTOR('',#11447,1.);
#11447 = DIRECTION('',(-0.,1.,0.));
#11448 = ORIENTED_EDGE('',*,*,#11449,.T.);
#11449 = EDGE_CURVE('',#11442,#11245,#11450,.T.);
#11450 = CIRCLE('',#11451,0.3);
#11451 = AXIS2_PLACEMENT_3D('',#11452,#11453,#11454);
#11452 = CARTESIAN_POINT('',(27.8,12.2,0.3));
#11453 = DIRECTION('',(0.,1.,-0.));
#11454 = DIRECTION('',(-1.,0.,0.));
#11455 = ORIENTED_EDGE('',*,*,#11244,.F.);
#11456 = CYLINDRICAL_SURFACE('',#11457,0.3);
#11457 = AXIS2_PLACEMENT_3D('',#11458,#11459,#11460);
#11458 = CARTESIAN_POINT('',(27.8,0.,0.3));
#11459 = DIRECTION('',(-0.,1.,0.));
#11460 = DIRECTION('',(-1.,-0.,0.));
#11461 = ADVANCED_FACE('',(#11462),#11480,.F.);
#11462 = FACE_BOUND('',#11463,.F.);
#11463 = EDGE_LOOP('',(#11464,#11472,#11473,#11474));
#11464 = ORIENTED_EDGE('',*,*,#11465,.F.);
#11465 = EDGE_CURVE('',#11284,#11466,#11468,.T.);
#11466 = VERTEX_POINT('',#11467);
#11467 = CARTESIAN_POINT('',(29.7,-5.551115123126E-17,0.3));
#11468 = LINE('',#11469,#11470);
#11469 = CARTESIAN_POINT('',(27.5,-5.551115123126E-17,0.3));
#11470 = VECTOR('',#11471,1.);
#11471 = DIRECTION('',(1.,0.,-0.));
#11472 = ORIENTED_EDGE('',*,*,#11292,.T.);
#11473 = ORIENTED_EDGE('',*,*,#11358,.F.);
#11474 = ORIENTED_EDGE('',*,*,#11475,.F.);
#11475 = EDGE_CURVE('',#11466,#11350,#11476,.T.);
#11476 = LINE('',#11477,#11478);
#11477 = CARTESIAN_POINT('',(29.7,-5.551115123126E-17,0.));
#11478 = VECTOR('',#11479,1.);
#11479 = DIRECTION('',(0.,0.,1.));
#11480 = PLANE('',#11481);
#11481 = AXIS2_PLACEMENT_3D('',#11482,#11483,#11484);
#11482 = CARTESIAN_POINT('',(27.5,0.,0.));
#11483 = DIRECTION('',(-0.,1.,0.));
#11484 = DIRECTION('',(0.,0.,1.));
#11485 = ADVANCED_FACE('',(#11486),#11497,.T.);
#11486 = FACE_BOUND('',#11487,.T.);
#11487 = EDGE_LOOP('',(#11488,#11489,#11496));
#11488 = ORIENTED_EDGE('',*,*,#11432,.F.);
#11489 = ORIENTED_EDGE('',*,*,#11490,.T.);
#11490 = EDGE_CURVE('',#11433,#11284,#11491,.T.);
#11491 = CIRCLE('',#11492,0.3);
#11492 = AXIS2_PLACEMENT_3D('',#11493,#11494,#11495);
#11493 = CARTESIAN_POINT('',(27.8,0.3,0.3));
#11494 = DIRECTION('',(-1.,6.123233995737E-17,0.));
#11495 = DIRECTION('',(-6.123233995737E-17,-1.,0.));
#11496 = ORIENTED_EDGE('',*,*,#11283,.F.);
#11497 = SPHERICAL_SURFACE('',#11498,0.3);
#11498 = AXIS2_PLACEMENT_3D('',#11499,#11500,#11501);
#11499 = CARTESIAN_POINT('',(27.8,0.3,0.3));
#11500 = DIRECTION('',(0.,0.,1.));
#11501 = DIRECTION('',(-1.,0.,0.));
#11502 = ADVANCED_FACE('',(#11503),#11522,.T.);
#11503 = FACE_BOUND('',#11504,.F.);
#11504 = EDGE_LOOP('',(#11505,#11513,#11520,#11521));
#11505 = ORIENTED_EDGE('',*,*,#11506,.F.);
#11506 = EDGE_CURVE('',#11507,#11342,#11509,.T.);
#11507 = VERTEX_POINT('',#11508);
#11508 = CARTESIAN_POINT('',(30.,0.3,0.3));
#11509 = LINE('',#11510,#11511);
#11510 = CARTESIAN_POINT('',(30.,0.3,0.));
#11511 = VECTOR('',#11512,1.);
#11512 = DIRECTION('',(0.,0.,1.));
#11513 = ORIENTED_EDGE('',*,*,#11514,.T.);
#11514 = EDGE_CURVE('',#11507,#11466,#11515,.T.);
#11515 = CIRCLE('',#11516,0.3);
#11516 = AXIS2_PLACEMENT_3D('',#11517,#11518,#11519);
#11517 = CARTESIAN_POINT('',(29.7,0.3,0.3));
#11518 = DIRECTION('',(0.,-0.,-1.));
#11519 = DIRECTION('',(1.,0.,-0.));
#11520 = ORIENTED_EDGE('',*,*,#11475,.T.);
#11521 = ORIENTED_EDGE('',*,*,#11349,.F.);
#11522 = CYLINDRICAL_SURFACE('',#11523,0.3);
#11523 = AXIS2_PLACEMENT_3D('',#11524,#11525,#11526);
#11524 = CARTESIAN_POINT('',(29.7,0.3,0.));
#11525 = DIRECTION('',(0.,0.,1.));
#11526 = DIRECTION('',(1.,0.,-0.));
#11527 = ADVANCED_FACE('',(#11528),#11554,.T.);
#11528 = FACE_BOUND('',#11529,.T.);
#11529 = EDGE_LOOP('',(#11530,#11531,#11539,#11547,#11553));
#11530 = ORIENTED_EDGE('',*,*,#11506,.F.);
#11531 = ORIENTED_EDGE('',*,*,#11532,.T.);
#11532 = EDGE_CURVE('',#11507,#11533,#11535,.T.);
#11533 = VERTEX_POINT('',#11534);
#11534 = CARTESIAN_POINT('',(30.,12.2,0.3));
#11535 = LINE('',#11536,#11537);
#11536 = CARTESIAN_POINT('',(30.,0.,0.3));
#11537 = VECTOR('',#11538,1.);
#11538 = DIRECTION('',(-0.,1.,0.));
#11539 = ORIENTED_EDGE('',*,*,#11540,.T.);
#11540 = EDGE_CURVE('',#11533,#11541,#11543,.T.);
#11541 = VERTEX_POINT('',#11542);
#11542 = CARTESIAN_POINT('',(30.,12.2,10.3));
#11543 = LINE('',#11544,#11545);
#11544 = CARTESIAN_POINT('',(30.,12.2,0.));
#11545 = VECTOR('',#11546,1.);
#11546 = DIRECTION('',(0.,0.,1.));
#11547 = ORIENTED_EDGE('',*,*,#11548,.F.);
#11548 = EDGE_CURVE('',#11333,#11541,#11549,.T.);
#11549 = LINE('',#11550,#11551);
#11550 = CARTESIAN_POINT('',(30.,0.,10.3));
#11551 = VECTOR('',#11552,1.);
#11552 = DIRECTION('',(-0.,1.,0.));
#11553 = ORIENTED_EDGE('',*,*,#11341,.F.);
#11554 = PLANE('',#11555);
#11555 = AXIS2_PLACEMENT_3D('',#11556,#11557,#11558);
#11556 = CARTESIAN_POINT('',(30.,0.,0.));
#11557 = DIRECTION('',(1.,0.,-0.));
#11558 = DIRECTION('',(0.,0.,1.));
#11559 = ADVANCED_FACE('',(#11560),#11579,.T.);
#11560 = FACE_BOUND('',#11561,.F.);
#11561 = EDGE_LOOP('',(#11562,#11563,#11571,#11578));
#11562 = ORIENTED_EDGE('',*,*,#11332,.F.);
#11563 = ORIENTED_EDGE('',*,*,#11564,.T.);
#11564 = EDGE_CURVE('',#11325,#11565,#11567,.T.);
#11565 = VERTEX_POINT('',#11566);
#11566 = CARTESIAN_POINT('',(29.7,12.2,10.6));
#11567 = LINE('',#11568,#11569);
#11568 = CARTESIAN_POINT('',(29.7,0.,10.6));
#11569 = VECTOR('',#11570,1.);
#11570 = DIRECTION('',(-0.,1.,0.));
#11571 = ORIENTED_EDGE('',*,*,#11572,.F.);
#11572 = EDGE_CURVE('',#11541,#11565,#11573,.T.);
#11573 = CIRCLE('',#11574,0.3);
#11574 = AXIS2_PLACEMENT_3D('',#11575,#11576,#11577);
#11575 = CARTESIAN_POINT('',(29.7,12.2,10.3));
#11576 = DIRECTION('',(0.,-1.,-0.));
#11577 = DIRECTION('',(1.,0.,0.));
#11578 = ORIENTED_EDGE('',*,*,#11548,.F.);
#11579 = CYLINDRICAL_SURFACE('',#11580,0.3);
#11580 = AXIS2_PLACEMENT_3D('',#11581,#11582,#11583);
#11581 = CARTESIAN_POINT('',(29.7,0.,10.3));
#11582 = DIRECTION('',(-0.,1.,0.));
#11583 = DIRECTION('',(1.,0.,-0.));
#11584 = ADVANCED_FACE('',(#11585),#11596,.T.);
#11585 = FACE_BOUND('',#11586,.T.);
#11586 = EDGE_LOOP('',(#11587,#11588,#11589,#11590));
#11587 = ORIENTED_EDGE('',*,*,#11375,.F.);
#11588 = ORIENTED_EDGE('',*,*,#11324,.T.);
#11589 = ORIENTED_EDGE('',*,*,#11564,.T.);
#11590 = ORIENTED_EDGE('',*,*,#11591,.F.);
#11591 = EDGE_CURVE('',#11376,#11565,#11592,.T.);
#11592 = LINE('',#11593,#11594);
#11593 = CARTESIAN_POINT('',(27.5,12.2,10.6));
#11594 = VECTOR('',#11595,1.);
#11595 = DIRECTION('',(1.,0.,-0.));
#11596 = PLANE('',#11597);
#11597 = AXIS2_PLACEMENT_3D('',#11598,#11599,#11600);
#11598 = CARTESIAN_POINT('',(27.5,0.,10.6));
#11599 = DIRECTION('',(0.,0.,1.));
#11600 = DIRECTION('',(1.,0.,-0.));
#11601 = ADVANCED_FACE('',(#11602),#11613,.T.);
#11602 = FACE_BOUND('',#11603,.F.);
#11603 = EDGE_LOOP('',(#11604,#11605,#11612));
#11604 = ORIENTED_EDGE('',*,*,#11417,.F.);
#11605 = ORIENTED_EDGE('',*,*,#11606,.T.);
#11606 = EDGE_CURVE('',#11410,#11376,#11607,.T.);
#11607 = CIRCLE('',#11608,0.3);
#11608 = AXIS2_PLACEMENT_3D('',#11609,#11610,#11611);
#11609 = CARTESIAN_POINT('',(27.8,12.2,10.3));
#11610 = DIRECTION('',(1.,0.,6.123233995737E-17));
#11611 = DIRECTION('',(-6.123233995737E-17,-0.,1.));
#11612 = ORIENTED_EDGE('',*,*,#11383,.F.);
#11613 = SPHERICAL_SURFACE('',#11614,0.3);
#11614 = AXIS2_PLACEMENT_3D('',#11615,#11616,#11617);
#11615 = CARTESIAN_POINT('',(27.8,12.2,10.3));
#11616 = DIRECTION('',(0.,-1.,-0.));
#11617 = DIRECTION('',(-1.,-0.,0.));
#11618 = ADVANCED_FACE('',(#11619),#11630,.T.);
#11619 = FACE_BOUND('',#11620,.F.);
#11620 = EDGE_LOOP('',(#11621,#11622,#11629));
#11621 = ORIENTED_EDGE('',*,*,#11449,.F.);
#11622 = ORIENTED_EDGE('',*,*,#11623,.T.);
#11623 = EDGE_CURVE('',#11442,#11401,#11624,.T.);
#11624 = CIRCLE('',#11625,0.3);
#11625 = AXIS2_PLACEMENT_3D('',#11626,#11627,#11628);
#11626 = CARTESIAN_POINT('',(27.8,12.2,0.3));
#11627 = DIRECTION('',(1.,6.123233995737E-17,-0.));
#11628 = DIRECTION('',(-6.123233995737E-17,1.,0.));
#11629 = ORIENTED_EDGE('',*,*,#11400,.F.);
#11630 = SPHERICAL_SURFACE('',#11631,0.3);
#11631 = AXIS2_PLACEMENT_3D('',#11632,#11633,#11634);
#11632 = CARTESIAN_POINT('',(27.8,12.2,0.3));
#11633 = DIRECTION('',(0.,0.,1.));
#11634 = DIRECTION('',(-1.,0.,0.));
#11635 = ADVANCED_FACE('',(#11636),#11661,.T.);
#11636 = FACE_BOUND('',#11637,.T.);
#11637 = EDGE_LOOP('',(#11638,#11639,#11647,#11655));
#11638 = ORIENTED_EDGE('',*,*,#11409,.T.);
#11639 = ORIENTED_EDGE('',*,*,#11640,.T.);
#11640 = EDGE_CURVE('',#11410,#11641,#11643,.T.);
#11641 = VERTEX_POINT('',#11642);
#11642 = CARTESIAN_POINT('',(29.7,12.5,10.3));
#11643 = LINE('',#11644,#11645);
#11644 = CARTESIAN_POINT('',(27.5,12.5,10.3));
#11645 = VECTOR('',#11646,1.);
#11646 = DIRECTION('',(1.,0.,-0.));
#11647 = ORIENTED_EDGE('',*,*,#11648,.F.);
#11648 = EDGE_CURVE('',#11649,#11641,#11651,.T.);
#11649 = VERTEX_POINT('',#11650);
#11650 = CARTESIAN_POINT('',(29.7,12.5,0.3));
#11651 = LINE('',#11652,#11653);
#11652 = CARTESIAN_POINT('',(29.7,12.5,0.));
#11653 = VECTOR('',#11654,1.);
#11654 = DIRECTION('',(0.,0.,1.));
#11655 = ORIENTED_EDGE('',*,*,#11656,.F.);
#11656 = EDGE_CURVE('',#11401,#11649,#11657,.T.);
#11657 = LINE('',#11658,#11659);
#11658 = CARTESIAN_POINT('',(27.5,12.5,0.3));
#11659 = VECTOR('',#11660,1.);
#11660 = DIRECTION('',(1.,0.,-0.));
#11661 = PLANE('',#11662);
#11662 = AXIS2_PLACEMENT_3D('',#11663,#11664,#11665);
#11663 = CARTESIAN_POINT('',(27.5,12.5,0.));
#11664 = DIRECTION('',(-0.,1.,0.));
#11665 = DIRECTION('',(0.,0.,1.));
#11666 = ADVANCED_FACE('',(#11667),#11692,.F.);
#11667 = FACE_BOUND('',#11668,.F.);
#11668 = EDGE_LOOP('',(#11669,#11670,#11678,#11686));
#11669 = ORIENTED_EDGE('',*,*,#11441,.F.);
#11670 = ORIENTED_EDGE('',*,*,#11671,.T.);
#11671 = EDGE_CURVE('',#11433,#11672,#11674,.T.);
#11672 = VERTEX_POINT('',#11673);
#11673 = CARTESIAN_POINT('',(29.7,0.3,0.));
#11674 = LINE('',#11675,#11676);
#11675 = CARTESIAN_POINT('',(27.5,0.3,-5.551115123126E-17));
#11676 = VECTOR('',#11677,1.);
#11677 = DIRECTION('',(1.,0.,-0.));
#11678 = ORIENTED_EDGE('',*,*,#11679,.T.);
#11679 = EDGE_CURVE('',#11672,#11680,#11682,.T.);
#11680 = VERTEX_POINT('',#11681);
#11681 = CARTESIAN_POINT('',(29.7,12.2,0.));
#11682 = LINE('',#11683,#11684);
#11683 = CARTESIAN_POINT('',(29.7,0.,-5.551115123126E-17));
#11684 = VECTOR('',#11685,1.);
#11685 = DIRECTION('',(-0.,1.,0.));
#11686 = ORIENTED_EDGE('',*,*,#11687,.F.);
#11687 = EDGE_CURVE('',#11442,#11680,#11688,.T.);
#11688 = LINE('',#11689,#11690);
#11689 = CARTESIAN_POINT('',(27.5,12.2,-5.551115123126E-17));
#11690 = VECTOR('',#11691,1.);
#11691 = DIRECTION('',(1.,0.,-0.));
#11692 = PLANE('',#11693);
#11693 = AXIS2_PLACEMENT_3D('',#11694,#11695,#11696);
#11694 = CARTESIAN_POINT('',(27.5,0.,0.));
#11695 = DIRECTION('',(0.,0.,1.));
#11696 = DIRECTION('',(1.,0.,-0.));
#11697 = ADVANCED_FACE('',(#11698),#11710,.T.);
#11698 = FACE_BOUND('',#11699,.T.);
#11699 = EDGE_LOOP('',(#11700,#11701,#11702,#11709));
#11700 = ORIENTED_EDGE('',*,*,#11490,.F.);
#11701 = ORIENTED_EDGE('',*,*,#11671,.T.);
#11702 = ORIENTED_EDGE('',*,*,#11703,.T.);
#11703 = EDGE_CURVE('',#11672,#11466,#11704,.T.);
#11704 = CIRCLE('',#11705,0.3);
#11705 = AXIS2_PLACEMENT_3D('',#11706,#11707,#11708);
#11706 = CARTESIAN_POINT('',(29.7,0.3,0.3));
#11707 = DIRECTION('',(-1.,-6.123233995737E-17,0.));
#11708 = DIRECTION('',(6.123233995737E-17,-1.,-0.));
#11709 = ORIENTED_EDGE('',*,*,#11465,.F.);
#11710 = CYLINDRICAL_SURFACE('',#11711,0.3);
#11711 = AXIS2_PLACEMENT_3D('',#11712,#11713,#11714);
#11712 = CARTESIAN_POINT('',(27.5,0.3,0.3));
#11713 = DIRECTION('',(1.,0.,-0.));
#11714 = DIRECTION('',(0.,-1.,0.));
#11715 = ADVANCED_FACE('',(#11716),#11727,.T.);
#11716 = FACE_BOUND('',#11717,.F.);
#11717 = EDGE_LOOP('',(#11718,#11725,#11726));
#11718 = ORIENTED_EDGE('',*,*,#11719,.F.);
#11719 = EDGE_CURVE('',#11672,#11507,#11720,.T.);
#11720 = CIRCLE('',#11721,0.3);
#11721 = AXIS2_PLACEMENT_3D('',#11722,#11723,#11724);
#11722 = CARTESIAN_POINT('',(29.7,0.3,0.3));
#11723 = DIRECTION('',(0.,-1.,0.));
#11724 = DIRECTION('',(1.,0.,0.));
#11725 = ORIENTED_EDGE('',*,*,#11703,.T.);
#11726 = ORIENTED_EDGE('',*,*,#11514,.F.);
#11727 = SPHERICAL_SURFACE('',#11728,0.3);
#11728 = AXIS2_PLACEMENT_3D('',#11729,#11730,#11731);
#11729 = CARTESIAN_POINT('',(29.7,0.3,0.3));
#11730 = DIRECTION('',(0.,0.,1.));
#11731 = DIRECTION('',(1.,0.,-0.));
#11732 = ADVANCED_FACE('',(#11733),#11751,.T.);
#11733 = FACE_BOUND('',#11734,.T.);
#11734 = EDGE_LOOP('',(#11735,#11736,#11743,#11744));
#11735 = ORIENTED_EDGE('',*,*,#11540,.F.);
#11736 = ORIENTED_EDGE('',*,*,#11737,.T.);
#11737 = EDGE_CURVE('',#11533,#11649,#11738,.T.);
#11738 = CIRCLE('',#11739,0.3);
#11739 = AXIS2_PLACEMENT_3D('',#11740,#11741,#11742);
#11740 = CARTESIAN_POINT('',(29.7,12.2,0.3));
#11741 = DIRECTION('',(0.,0.,1.));
#11742 = DIRECTION('',(1.,0.,-0.));
#11743 = ORIENTED_EDGE('',*,*,#11648,.T.);
#11744 = ORIENTED_EDGE('',*,*,#11745,.T.);
#11745 = EDGE_CURVE('',#11641,#11541,#11746,.T.);
#11746 = CIRCLE('',#11747,0.3);
#11747 = AXIS2_PLACEMENT_3D('',#11748,#11749,#11750);
#11748 = CARTESIAN_POINT('',(29.7,12.2,10.3));
#11749 = DIRECTION('',(0.,0.,-1.));
#11750 = DIRECTION('',(1.,0.,0.));
#11751 = CYLINDRICAL_SURFACE('',#11752,0.3);
#11752 = AXIS2_PLACEMENT_3D('',#11753,#11754,#11755);
#11753 = CARTESIAN_POINT('',(29.7,12.2,0.));
#11754 = DIRECTION('',(0.,0.,1.));
#11755 = DIRECTION('',(1.,0.,-0.));
#11756 = ADVANCED_FACE('',(#11757),#11769,.T.);
#11757 = FACE_BOUND('',#11758,.T.);
#11758 = EDGE_LOOP('',(#11759,#11760,#11761,#11768));
#11759 = ORIENTED_EDGE('',*,*,#11719,.F.);
#11760 = ORIENTED_EDGE('',*,*,#11679,.T.);
#11761 = ORIENTED_EDGE('',*,*,#11762,.T.);
#11762 = EDGE_CURVE('',#11680,#11533,#11763,.T.);
#11763 = CIRCLE('',#11764,0.3);
#11764 = AXIS2_PLACEMENT_3D('',#11765,#11766,#11767);
#11765 = CARTESIAN_POINT('',(29.7,12.2,0.3));
#11766 = DIRECTION('',(0.,-1.,0.));
#11767 = DIRECTION('',(1.,0.,0.));
#11768 = ORIENTED_EDGE('',*,*,#11532,.F.);
#11769 = CYLINDRICAL_SURFACE('',#11770,0.3);
#11770 = AXIS2_PLACEMENT_3D('',#11771,#11772,#11773);
#11771 = CARTESIAN_POINT('',(29.7,0.,0.3));
#11772 = DIRECTION('',(-0.,1.,0.));
#11773 = DIRECTION('',(1.,0.,-0.));
#11774 = ADVANCED_FACE('',(#11775),#11786,.T.);
#11775 = FACE_BOUND('',#11776,.T.);
#11776 = EDGE_LOOP('',(#11777,#11778,#11785));
#11777 = ORIENTED_EDGE('',*,*,#11745,.F.);
#11778 = ORIENTED_EDGE('',*,*,#11779,.T.);
#11779 = EDGE_CURVE('',#11641,#11565,#11780,.T.);
#11780 = CIRCLE('',#11781,0.3);
#11781 = AXIS2_PLACEMENT_3D('',#11782,#11783,#11784);
#11782 = CARTESIAN_POINT('',(29.7,12.2,10.3));
#11783 = DIRECTION('',(1.,0.,-6.123233995737E-17));
#11784 = DIRECTION('',(6.123233995737E-17,0.,1.));
#11785 = ORIENTED_EDGE('',*,*,#11572,.F.);
#11786 = SPHERICAL_SURFACE('',#11787,0.3);
#11787 = AXIS2_PLACEMENT_3D('',#11788,#11789,#11790);
#11788 = CARTESIAN_POINT('',(29.7,12.2,10.3));
#11789 = DIRECTION('',(0.,-1.,-0.));
#11790 = DIRECTION('',(1.,0.,0.));
#11791 = ADVANCED_FACE('',(#11792),#11798,.T.);
#11792 = FACE_BOUND('',#11793,.T.);
#11793 = EDGE_LOOP('',(#11794,#11795,#11796,#11797));
#11794 = ORIENTED_EDGE('',*,*,#11606,.T.);
#11795 = ORIENTED_EDGE('',*,*,#11591,.T.);
#11796 = ORIENTED_EDGE('',*,*,#11779,.F.);
#11797 = ORIENTED_EDGE('',*,*,#11640,.F.);
#11798 = CYLINDRICAL_SURFACE('',#11799,0.3);
#11799 = AXIS2_PLACEMENT_3D('',#11800,#11801,#11802);
#11800 = CARTESIAN_POINT('',(27.5,12.2,10.3));
#11801 = DIRECTION('',(1.,0.,-0.));
#11802 = DIRECTION('',(0.,1.,0.));
#11803 = ADVANCED_FACE('',(#11804),#11816,.T.);
#11804 = FACE_BOUND('',#11805,.F.);
#11805 = EDGE_LOOP('',(#11806,#11807,#11808,#11815));
#11806 = ORIENTED_EDGE('',*,*,#11623,.F.);
#11807 = ORIENTED_EDGE('',*,*,#11687,.T.);
#11808 = ORIENTED_EDGE('',*,*,#11809,.T.);
#11809 = EDGE_CURVE('',#11680,#11649,#11810,.T.);
#11810 = CIRCLE('',#11811,0.3);
#11811 = AXIS2_PLACEMENT_3D('',#11812,#11813,#11814);
#11812 = CARTESIAN_POINT('',(29.7,12.2,0.3));
#11813 = DIRECTION('',(1.,-6.123233995737E-17,0.));
#11814 = DIRECTION('',(6.123233995737E-17,1.,0.));
#11815 = ORIENTED_EDGE('',*,*,#11656,.F.);
#11816 = CYLINDRICAL_SURFACE('',#11817,0.3);
#11817 = AXIS2_PLACEMENT_3D('',#11818,#11819,#11820);
#11818 = CARTESIAN_POINT('',(27.5,12.2,0.3));
#11819 = DIRECTION('',(1.,0.,-0.));
#11820 = DIRECTION('',(0.,1.,0.));
#11821 = ADVANCED_FACE('',(#11822),#11827,.T.);
#11822 = FACE_BOUND('',#11823,.T.);
#11823 = EDGE_LOOP('',(#11824,#11825,#11826));
#11824 = ORIENTED_EDGE('',*,*,#11762,.F.);
#11825 = ORIENTED_EDGE('',*,*,#11809,.T.);
#11826 = ORIENTED_EDGE('',*,*,#11737,.F.);
#11827 = SPHERICAL_SURFACE('',#11828,0.3);
#11828 = AXIS2_PLACEMENT_3D('',#11829,#11830,#11831);
#11829 = CARTESIAN_POINT('',(29.7,12.2,0.3));
#11830 = DIRECTION('',(0.,0.,1.));
#11831 = DIRECTION('',(1.,0.,-0.));
#11832 = ( GEOMETRIC_REPRESENTATION_CONTEXT(3)
GLOBAL_UNCERTAINTY_ASSIGNED_CONTEXT((#11836))
GLOBAL_UNIT_ASSIGNED_CONTEXT((#11833,#11834,#11835))
REPRESENTATION_CONTEXT('Context #1',
  '3D Context with UNIT and UNCERTAINTY') );
#11833 = ( LENGTH_UNIT() NAMED_UNIT(*) SI_UNIT(.MILLI.,.METRE.) );
#11834 = ( NAMED_UNIT(*) PLANE_ANGLE_UNIT() SI_UNIT($,.RADIAN.) );
#11835 = ( NAMED_UNIT(*) SI_UNIT($,.STERADIAN.) SOLID_ANGLE_UNIT() );
#11836 = UNCERTAINTY_MEASURE_WITH_UNIT(LENGTH_MEASURE(1.E-07),#11833,
  'distance_accuracy_value','confusion accuracy');
#11837 = CONTEXT_DEPENDENT_SHAPE_REPRESENTATION(#11838,#11840);
#11838 = ( REPRESENTATION_RELATIONSHIP('','',#11227,#10)
REPRESENTATION_RELATIONSHIP_WITH_TRANSFORMATION(#11839)
SHAPE_REPRESENTATION_RELATIONSHIP() );
#11839 = ITEM_DEFINED_TRANSFORMATION('','',#11,#95);
#11840 = PRODUCT_DEFINITION_SHAPE('Placement','Placement of an item',
  #11841);
#11841 = NEXT_ASSEMBLY_USAGE_OCCURRENCE('21','Spacer between P4 and P5',
  '',#5,#11222,$);
#11842 = PRODUCT_RELATED_PRODUCT_CATEGORY('part',$,(#11224));
#11843 = SHAPE_DEFINITION_REPRESENTATION(#11844,#11850);
#11844 = PRODUCT_DEFINITION_SHAPE('','',#11845);
#11845 = PRODUCT_DEFINITION('design','',#11846,#11849);
#11846 = PRODUCT_DEFINITION_FORMATION('','',#11847);
#11847 = PRODUCT('Actuator P5','Actuator P5','',(#11848));
#11848 = PRODUCT_CONTEXT('',#2,'mechanical');
#11849 = PRODUCT_DEFINITION_CONTEXT('part definition',#2,'design');
#11850 = ADVANCED_BREP_SHAPE_REPRESENTATION('',(#11,#11851),#12069);
#11851 = MANIFOLD_SOLID_BREP('',#11852);
#11852 = CLOSED_SHELL('',(#11853,#11893,#11924,#11955,#11986,#12019,
    #12041,#12055));
#11853 = ADVANCED_FACE('',(#11854),#11888,.T.);
#11854 = FACE_BOUND('',#11855,.T.);
#11855 = EDGE_LOOP('',(#11856,#11866,#11874,#11882));
#11856 = ORIENTED_EDGE('',*,*,#11857,.T.);
#11857 = EDGE_CURVE('',#11858,#11860,#11862,.T.);
#11858 = VERTEX_POINT('',#11859);
#11859 = CARTESIAN_POINT('',(23.1,-0.35,10.6));
#11860 = VERTEX_POINT('',#11861);
#11861 = CARTESIAN_POINT('',(26.9,-0.35,10.6));
#11862 = LINE('',#11863,#11864);
#11863 = CARTESIAN_POINT('',(23.1,-0.35,10.6));
#11864 = VECTOR('',#11865,1.);
#11865 = DIRECTION('',(1.,0.,0.));
#11866 = ORIENTED_EDGE('',*,*,#11867,.T.);
#11867 = EDGE_CURVE('',#11860,#11868,#11870,.T.);
#11868 = VERTEX_POINT('',#11869);
#11869 = CARTESIAN_POINT('',(26.9,9.45,10.6));
#11870 = LINE('',#11871,#11872);
#11871 = CARTESIAN_POINT('',(26.9,-0.35,10.6));
#11872 = VECTOR('',#11873,1.);
#11873 = DIRECTION('',(0.,1.,0.));
#11874 = ORIENTED_EDGE('',*,*,#11875,.F.);
#11875 = EDGE_CURVE('',#11876,#11868,#11878,.T.);
#11876 = VERTEX_POINT('',#11877);
#11877 = CARTESIAN_POINT('',(23.1,9.45,10.6));
#11878 = LINE('',#11879,#11880);
#11879 = CARTESIAN_POINT('',(23.1,9.45,10.6));
#11880 = VECTOR('',#11881,1.);
#11881 = DIRECTION('',(1.,0.,0.));
#11882 = ORIENTED_EDGE('',*,*,#11883,.F.);
#11883 = EDGE_CURVE('',#11858,#11876,#11884,.T.);
#11884 = LINE('',#11885,#11886);
#11885 = CARTESIAN_POINT('',(23.1,-0.35,10.6));
#11886 = VECTOR('',#11887,1.);
#11887 = DIRECTION('',(0.,1.,0.));
#11888 = PLANE('',#11889);
#11889 = AXIS2_PLACEMENT_3D('',#11890,#11891,#11892);
#11890 = CARTESIAN_POINT('',(23.1,-0.35,10.6));
#11891 = DIRECTION('',(0.,0.,1.));
#11892 = DIRECTION('',(0.,1.,0.));
#11893 = ADVANCED_FACE('',(#11894),#11919,.T.);
#11894 = FACE_BOUND('',#11895,.T.);
#11895 = EDGE_LOOP('',(#11896,#11906,#11912,#11913));
#11896 = ORIENTED_EDGE('',*,*,#11897,.T.);
#11897 = EDGE_CURVE('',#11898,#11900,#11902,.T.);
#11898 = VERTEX_POINT('',#11899);
#11899 = CARTESIAN_POINT('',(23.1,1.25,8.6));
#11900 = VERTEX_POINT('',#11901);
#11901 = CARTESIAN_POINT('',(26.9,1.25,8.6));
#11902 = LINE('',#11903,#11904);
#11903 = CARTESIAN_POINT('',(23.1,1.25,8.6));
#11904 = VECTOR('',#11905,1.);
#11905 = DIRECTION('',(1.,0.,0.));
#11906 = ORIENTED_EDGE('',*,*,#11907,.T.);
#11907 = EDGE_CURVE('',#11900,#11860,#11908,.T.);
#11908 = LINE('',#11909,#11910);
#11909 = CARTESIAN_POINT('',(26.9,1.25,8.6));
#11910 = VECTOR('',#11911,1.);
#11911 = DIRECTION('',(0.,-0.624695047554,0.780868809443));
#11912 = ORIENTED_EDGE('',*,*,#11857,.F.);
#11913 = ORIENTED_EDGE('',*,*,#11914,.F.);
#11914 = EDGE_CURVE('',#11898,#11858,#11915,.T.);
#11915 = LINE('',#11916,#11917);
#11916 = CARTESIAN_POINT('',(23.1,1.25,8.6));
#11917 = VECTOR('',#11918,1.);
#11918 = DIRECTION('',(0.,-0.624695047554,0.780868809443));
#11919 = PLANE('',#11920);
#11920 = AXIS2_PLACEMENT_3D('',#11921,#11922,#11923);
#11921 = CARTESIAN_POINT('',(23.1,1.25,8.6));
#11922 = DIRECTION('',(0.,-0.780868809443,-0.624695047554));
#11923 = DIRECTION('',(0.,-0.624695047554,0.780868809443));
#11924 = ADVANCED_FACE('',(#11925),#11950,.T.);
#11925 = FACE_BOUND('',#11926,.T.);
#11926 = EDGE_LOOP('',(#11927,#11935,#11936,#11944));
#11927 = ORIENTED_EDGE('',*,*,#11928,.F.);
#11928 = EDGE_CURVE('',#11876,#11929,#11931,.T.);
#11929 = VERTEX_POINT('',#11930);
#11930 = CARTESIAN_POINT('',(23.1,9.45,9.565923489271));
#11931 = LINE('',#11932,#11933);
#11932 = CARTESIAN_POINT('',(23.1,9.45,10.6));
#11933 = VECTOR('',#11934,1.);
#11934 = DIRECTION('',(0.,0.,-1.));
#11935 = ORIENTED_EDGE('',*,*,#11875,.T.);
#11936 = ORIENTED_EDGE('',*,*,#11937,.T.);
#11937 = EDGE_CURVE('',#11868,#11938,#11940,.T.);
#11938 = VERTEX_POINT('',#11939);
#11939 = CARTESIAN_POINT('',(26.9,9.45,9.565923489271));
#11940 = LINE('',#11941,#11942);
#11941 = CARTESIAN_POINT('',(26.9,9.45,10.6));
#11942 = VECTOR('',#11943,1.);
#11943 = DIRECTION('',(0.,0.,-1.));
#11944 = ORIENTED_EDGE('',*,*,#11945,.F.);
#11945 = EDGE_CURVE('',#11929,#11938,#11946,.T.);
#11946 = LINE('',#11947,#11948);
#11947 = CARTESIAN_POINT('',(23.1,9.45,9.565923489271));
#11948 = VECTOR('',#11949,1.);
#11949 = DIRECTION('',(1.,0.,0.));
#11950 = PLANE('',#11951);
#11951 = AXIS2_PLACEMENT_3D('',#11952,#11953,#11954);
#11952 = CARTESIAN_POINT('',(23.1,9.45,10.6));
#11953 = DIRECTION('',(-0.,1.,0.));
#11954 = DIRECTION('',(0.,0.,-1.));
#11955 = ADVANCED_FACE('',(#11956),#11981,.T.);
#11956 = FACE_BOUND('',#11957,.T.);
#11957 = EDGE_LOOP('',(#11958,#11968,#11974,#11975));
#11958 = ORIENTED_EDGE('',*,*,#11959,.T.);
#11959 = EDGE_CURVE('',#11960,#11962,#11964,.T.);
#11960 = VERTEX_POINT('',#11961);
#11961 = CARTESIAN_POINT('',(23.1,9.45,8.6));
#11962 = VERTEX_POINT('',#11963);
#11963 = CARTESIAN_POINT('',(26.9,9.45,8.6));
#11964 = LINE('',#11965,#11966);
#11965 = CARTESIAN_POINT('',(23.1,9.45,8.6));
#11966 = VECTOR('',#11967,1.);
#11967 = DIRECTION('',(1.,0.,0.));
#11968 = ORIENTED_EDGE('',*,*,#11969,.T.);
#11969 = EDGE_CURVE('',#11962,#11900,#11970,.T.);
#11970 = LINE('',#11971,#11972);
#11971 = CARTESIAN_POINT('',(26.9,9.45,8.6));
#11972 = VECTOR('',#11973,1.);
#11973 = DIRECTION('',(0.,-1.,0.));
#11974 = ORIENTED_EDGE('',*,*,#11897,.F.);
#11975 = ORIENTED_EDGE('',*,*,#11976,.F.);
#11976 = EDGE_CURVE('',#11960,#11898,#11977,.T.);
#11977 = LINE('',#11978,#11979);
#11978 = CARTESIAN_POINT('',(23.1,9.45,8.6));
#11979 = VECTOR('',#11980,1.);
#11980 = DIRECTION('',(0.,-1.,0.));
#11981 = PLANE('',#11982);
#11982 = AXIS2_PLACEMENT_3D('',#11983,#11984,#11985);
#11983 = CARTESIAN_POINT('',(23.1,9.45,8.6));
#11984 = DIRECTION('',(0.,0.,-1.));
#11985 = DIRECTION('',(0.,-1.,0.));
#11986 = ADVANCED_FACE('',(#11987),#12014,.T.);
#11987 = FACE_BOUND('',#11988,.T.);
#11988 = EDGE_LOOP('',(#11989,#11998,#12006,#12013));
#11989 = ORIENTED_EDGE('',*,*,#11990,.F.);
#11990 = EDGE_CURVE('',#11991,#11938,#11993,.T.);
#11991 = VERTEX_POINT('',#11992);
#11992 = CARTESIAN_POINT('',(26.9,9.45,8.834076510729));
#11993 = CIRCLE('',#11994,0.58);
#11994 = AXIS2_PLACEMENT_3D('',#11995,#11996,#11997);
#11995 = CARTESIAN_POINT('',(26.9,9.,9.2));
#11996 = DIRECTION('',(1.,0.,0.));
#11997 = DIRECTION('',(-0.,0.,1.));
#11998 = ORIENTED_EDGE('',*,*,#11999,.F.);
#11999 = EDGE_CURVE('',#12000,#11991,#12002,.T.);
#12000 = VERTEX_POINT('',#12001);
#12001 = CARTESIAN_POINT('',(23.1,9.45,8.834076510729));
#12002 = LINE('',#12003,#12004);
#12003 = CARTESIAN_POINT('',(23.1,9.45,8.834076510729));
#12004 = VECTOR('',#12005,1.);
#12005 = DIRECTION('',(1.,0.,0.));
#12006 = ORIENTED_EDGE('',*,*,#12007,.T.);
#12007 = EDGE_CURVE('',#12000,#11929,#12008,.T.);
#12008 = CIRCLE('',#12009,0.58);
#12009 = AXIS2_PLACEMENT_3D('',#12010,#12011,#12012);
#12010 = CARTESIAN_POINT('',(23.1,9.,9.2));
#12011 = DIRECTION('',(1.,0.,0.));
#12012 = DIRECTION('',(-0.,0.,1.));
#12013 = ORIENTED_EDGE('',*,*,#11945,.T.);
#12014 = CYLINDRICAL_SURFACE('',#12015,0.58);
#12015 = AXIS2_PLACEMENT_3D('',#12016,#12017,#12018);
#12016 = CARTESIAN_POINT('',(23.1,9.,9.2));
#12017 = DIRECTION('',(1.,0.,0.));
#12018 = DIRECTION('',(-0.,0.,1.));
#12019 = ADVANCED_FACE('',(#12020),#12036,.T.);
#12020 = FACE_BOUND('',#12021,.T.);
#12021 = EDGE_LOOP('',(#12022,#12028,#12029,#12035));
#12022 = ORIENTED_EDGE('',*,*,#12023,.F.);
#12023 = EDGE_CURVE('',#12000,#11960,#12024,.T.);
#12024 = LINE('',#12025,#12026);
#12025 = CARTESIAN_POINT('',(23.1,9.45,10.6));
#12026 = VECTOR('',#12027,1.);
#12027 = DIRECTION('',(0.,0.,-1.));
#12028 = ORIENTED_EDGE('',*,*,#11999,.T.);
#12029 = ORIENTED_EDGE('',*,*,#12030,.T.);
#12030 = EDGE_CURVE('',#11991,#11962,#12031,.T.);
#12031 = LINE('',#12032,#12033);
#12032 = CARTESIAN_POINT('',(26.9,9.45,10.6));
#12033 = VECTOR('',#12034,1.);
#12034 = DIRECTION('',(0.,0.,-1.));
#12035 = ORIENTED_EDGE('',*,*,#11959,.F.);
#12036 = PLANE('',#12037);
#12037 = AXIS2_PLACEMENT_3D('',#12038,#12039,#12040);
#12038 = CARTESIAN_POINT('',(23.1,9.45,10.6));
#12039 = DIRECTION('',(-0.,1.,0.));
#12040 = DIRECTION('',(0.,0.,-1.));
#12041 = ADVANCED_FACE('',(#12042),#12050,.T.);
#12042 = FACE_BOUND('',#12043,.T.);
#12043 = EDGE_LOOP('',(#12044,#12045,#12046,#12047,#12048,#12049));
#12044 = ORIENTED_EDGE('',*,*,#11914,.T.);
#12045 = ORIENTED_EDGE('',*,*,#11883,.T.);
#12046 = ORIENTED_EDGE('',*,*,#11928,.T.);
#12047 = ORIENTED_EDGE('',*,*,#12007,.F.);
#12048 = ORIENTED_EDGE('',*,*,#12023,.T.);
#12049 = ORIENTED_EDGE('',*,*,#11976,.T.);
#12050 = PLANE('',#12051);
#12051 = AXIS2_PLACEMENT_3D('',#12052,#12053,#12054);
#12052 = CARTESIAN_POINT('',(23.1,4.823284092834,9.669808456553));
#12053 = DIRECTION('',(-1.,-0.,-0.));
#12054 = DIRECTION('',(0.,0.,-1.));
#12055 = ADVANCED_FACE('',(#12056),#12064,.T.);
#12056 = FACE_BOUND('',#12057,.T.);
#12057 = EDGE_LOOP('',(#12058,#12059,#12060,#12061,#12062,#12063));
#12058 = ORIENTED_EDGE('',*,*,#11907,.F.);
#12059 = ORIENTED_EDGE('',*,*,#11969,.F.);
#12060 = ORIENTED_EDGE('',*,*,#12030,.F.);
#12061 = ORIENTED_EDGE('',*,*,#11990,.T.);
#12062 = ORIENTED_EDGE('',*,*,#11937,.F.);
#12063 = ORIENTED_EDGE('',*,*,#11867,.F.);
#12064 = PLANE('',#12065);
#12065 = AXIS2_PLACEMENT_3D('',#12066,#12067,#12068);
#12066 = CARTESIAN_POINT('',(26.9,4.823284092834,9.669808456553));
#12067 = DIRECTION('',(1.,0.,0.));
#12068 = DIRECTION('',(-0.,0.,1.));
#12069 = ( GEOMETRIC_REPRESENTATION_CONTEXT(3)
GLOBAL_UNCERTAINTY_ASSIGNED_CONTEXT((#12073))
GLOBAL_UNIT_ASSIGNED_CONTEXT((#12070,#12071,#12072))
REPRESENTATION_CONTEXT('Context #1',
  '3D Context with UNIT and UNCERTAINTY') );
#12070 = ( LENGTH_UNIT() NAMED_UNIT(*) SI_UNIT(.MILLI.,.METRE.) );
#12071 = ( NAMED_UNIT(*) PLANE_ANGLE_UNIT() SI_UNIT($,.RADIAN.) );
#12072 = ( NAMED_UNIT(*) SI_UNIT($,.STERADIAN.) SOLID_ANGLE_UNIT() );
#12073 = UNCERTAINTY_MEASURE_WITH_UNIT(LENGTH_MEASURE(1.E-07),#12070,
  'distance_accuracy_value','confusion accuracy');
#12074 = CONTEXT_DEPENDENT_SHAPE_REPRESENTATION(#12075,#12077);
#12075 = ( REPRESENTATION_RELATIONSHIP('','',#11850,#10)
REPRESENTATION_RELATIONSHIP_WITH_TRANSFORMATION(#12076)
SHAPE_REPRESENTATION_RELATIONSHIP() );
#12076 = ITEM_DEFINED_TRANSFORMATION('','',#11,#99);
#12077 = PRODUCT_DEFINITION_SHAPE('Placement','Placement of an item',
  #12078);
#12078 = NEXT_ASSEMBLY_USAGE_OCCURRENCE('22','Actuator P5','',#5,#11845,
  $);
#12079 = PRODUCT_RELATED_PRODUCT_CATEGORY('part',$,(#11847));
#12080 = SHAPE_DEFINITION_REPRESENTATION(#12081,#12087);
#12081 = PRODUCT_DEFINITION_SHAPE('','',#12082);
#12082 = PRODUCT_DEFINITION('design','',#12083,#12086);
#12083 = PRODUCT_DEFINITION_FORMATION('','',#12084);
#12084 = PRODUCT('Terminal Pin P5 A','Terminal Pin P5 A','',(#12085));
#12085 = PRODUCT_CONTEXT('',#2,'mechanical');
#12086 = PRODUCT_DEFINITION_CONTEXT('part definition',#2,'design');
#12087 = ADVANCED_BREP_SHAPE_REPRESENTATION('',(#11,#12088),#12238);
#12088 = MANIFOLD_SOLID_BREP('',#12089);
#12089 = CLOSED_SHELL('',(#12090,#12130,#12170,#12192,#12214,#12226));
#12090 = ADVANCED_FACE('',(#12091),#12125,.F.);
#12091 = FACE_BOUND('',#12092,.F.);
#12092 = EDGE_LOOP('',(#12093,#12103,#12111,#12119));
#12093 = ORIENTED_EDGE('',*,*,#12094,.F.);
#12094 = EDGE_CURVE('',#12095,#12097,#12099,.T.);
#12095 = VERTEX_POINT('',#12096);
#12096 = CARTESIAN_POINT('',(25.1,4.35,-3.));
#12097 = VERTEX_POINT('',#12098);
#12098 = CARTESIAN_POINT('',(25.1,4.35,0.));
#12099 = LINE('',#12100,#12101);
#12100 = CARTESIAN_POINT('',(25.1,4.35,-3.));
#12101 = VECTOR('',#12102,1.);
#12102 = DIRECTION('',(0.,0.,1.));
#12103 = ORIENTED_EDGE('',*,*,#12104,.T.);
#12104 = EDGE_CURVE('',#12095,#12105,#12107,.T.);
#12105 = VERTEX_POINT('',#12106);
#12106 = CARTESIAN_POINT('',(25.1,4.85,-3.));
#12107 = LINE('',#12108,#12109);
#12108 = CARTESIAN_POINT('',(25.1,4.35,-3.));
#12109 = VECTOR('',#12110,1.);
#12110 = DIRECTION('',(-0.,1.,0.));
#12111 = ORIENTED_EDGE('',*,*,#12112,.T.);
#12112 = EDGE_CURVE('',#12105,#12113,#12115,.T.);
#12113 = VERTEX_POINT('',#12114);
#12114 = CARTESIAN_POINT('',(25.1,4.85,0.));
#12115 = LINE('',#12116,#12117);
#12116 = CARTESIAN_POINT('',(25.1,4.85,-3.));
#12117 = VECTOR('',#12118,1.);
#12118 = DIRECTION('',(0.,0.,1.));
#12119 = ORIENTED_EDGE('',*,*,#12120,.F.);
#12120 = EDGE_CURVE('',#12097,#12113,#12121,.T.);
#12121 = LINE('',#12122,#12123);
#12122 = CARTESIAN_POINT('',(25.1,4.35,0.));
#12123 = VECTOR('',#12124,1.);
#12124 = DIRECTION('',(-0.,1.,0.));
#12125 = PLANE('',#12126);
#12126 = AXIS2_PLACEMENT_3D('',#12127,#12128,#12129);
#12127 = CARTESIAN_POINT('',(25.1,4.35,-3.));
#12128 = DIRECTION('',(1.,0.,-0.));
#12129 = DIRECTION('',(0.,0.,1.));
#12130 = ADVANCED_FACE('',(#12131),#12165,.T.);
#12131 = FACE_BOUND('',#12132,.T.);
#12132 = EDGE_LOOP('',(#12133,#12143,#12151,#12159));
#12133 = ORIENTED_EDGE('',*,*,#12134,.F.);
#12134 = EDGE_CURVE('',#12135,#12137,#12139,.T.);
#12135 = VERTEX_POINT('',#12136);
#12136 = CARTESIAN_POINT('',(25.9,4.35,-3.));
#12137 = VERTEX_POINT('',#12138);
#12138 = CARTESIAN_POINT('',(25.9,4.35,0.));
#12139 = LINE('',#12140,#12141);
#12140 = CARTESIAN_POINT('',(25.9,4.35,-3.));
#12141 = VECTOR('',#12142,1.);
#12142 = DIRECTION('',(0.,0.,1.));
#12143 = ORIENTED_EDGE('',*,*,#12144,.T.);
#12144 = EDGE_CURVE('',#12135,#12145,#12147,.T.);
#12145 = VERTEX_POINT('',#12146);
#12146 = CARTESIAN_POINT('',(25.9,4.85,-3.));
#12147 = LINE('',#12148,#12149);
#12148 = CARTESIAN_POINT('',(25.9,4.35,-3.));
#12149 = VECTOR('',#12150,1.);
#12150 = DIRECTION('',(-0.,1.,0.));
#12151 = ORIENTED_EDGE('',*,*,#12152,.T.);
#12152 = EDGE_CURVE('',#12145,#12153,#12155,.T.);
#12153 = VERTEX_POINT('',#12154);
#12154 = CARTESIAN_POINT('',(25.9,4.85,0.));
#12155 = LINE('',#12156,#12157);
#12156 = CARTESIAN_POINT('',(25.9,4.85,-3.));
#12157 = VECTOR('',#12158,1.);
#12158 = DIRECTION('',(0.,0.,1.));
#12159 = ORIENTED_EDGE('',*,*,#12160,.F.);
#12160 = EDGE_CURVE('',#12137,#12153,#12161,.T.);
#12161 = LINE('',#12162,#12163);
#12162 = CARTESIAN_POINT('',(25.9,4.35,0.));
#12163 = VECTOR('',#12164,1.);
#12164 = DIRECTION('',(-0.,1.,0.));
#12165 = PLANE('',#12166);
#12166 = AXIS2_PLACEMENT_3D('',#12167,#12168,#12169);
#12167 = CARTESIAN_POINT('',(25.9,4.35,-3.));
#12168 = DIRECTION('',(1.,0.,-0.));
#12169 = DIRECTION('',(0.,0.,1.));
#12170 = ADVANCED_FACE('',(#12171),#12187,.F.);
#12171 = FACE_BOUND('',#12172,.F.);
#12172 = EDGE_LOOP('',(#12173,#12179,#12180,#12186));
#12173 = ORIENTED_EDGE('',*,*,#12174,.F.);
#12174 = EDGE_CURVE('',#12095,#12135,#12175,.T.);
#12175 = LINE('',#12176,#12177);
#12176 = CARTESIAN_POINT('',(25.1,4.35,-3.));
#12177 = VECTOR('',#12178,1.);
#12178 = DIRECTION('',(1.,0.,-0.));
#12179 = ORIENTED_EDGE('',*,*,#12094,.T.);
#12180 = ORIENTED_EDGE('',*,*,#12181,.T.);
#12181 = EDGE_CURVE('',#12097,#12137,#12182,.T.);
#12182 = LINE('',#12183,#12184);
#12183 = CARTESIAN_POINT('',(25.1,4.35,0.));
#12184 = VECTOR('',#12185,1.);
#12185 = DIRECTION('',(1.,0.,-0.));
#12186 = ORIENTED_EDGE('',*,*,#12134,.F.);
#12187 = PLANE('',#12188);
#12188 = AXIS2_PLACEMENT_3D('',#12189,#12190,#12191);
#12189 = CARTESIAN_POINT('',(25.1,4.35,-3.));
#12190 = DIRECTION('',(-0.,1.,0.));
#12191 = DIRECTION('',(0.,0.,1.));
#12192 = ADVANCED_FACE('',(#12193),#12209,.T.);
#12193 = FACE_BOUND('',#12194,.T.);
#12194 = EDGE_LOOP('',(#12195,#12201,#12202,#12208));
#12195 = ORIENTED_EDGE('',*,*,#12196,.F.);
#12196 = EDGE_CURVE('',#12105,#12145,#12197,.T.);
#12197 = LINE('',#12198,#12199);
#12198 = CARTESIAN_POINT('',(25.1,4.85,-3.));
#12199 = VECTOR('',#12200,1.);
#12200 = DIRECTION('',(1.,0.,-0.));
#12201 = ORIENTED_EDGE('',*,*,#12112,.T.);
#12202 = ORIENTED_EDGE('',*,*,#12203,.T.);
#12203 = EDGE_CURVE('',#12113,#12153,#12204,.T.);
#12204 = LINE('',#12205,#12206);
#12205 = CARTESIAN_POINT('',(25.1,4.85,0.));
#12206 = VECTOR('',#12207,1.);
#12207 = DIRECTION('',(1.,0.,-0.));
#12208 = ORIENTED_EDGE('',*,*,#12152,.F.);
#12209 = PLANE('',#12210);
#12210 = AXIS2_PLACEMENT_3D('',#12211,#12212,#12213);
#12211 = CARTESIAN_POINT('',(25.1,4.85,-3.));
#12212 = DIRECTION('',(-0.,1.,0.));
#12213 = DIRECTION('',(0.,0.,1.));
#12214 = ADVANCED_FACE('',(#12215),#12221,.F.);
#12215 = FACE_BOUND('',#12216,.F.);
#12216 = EDGE_LOOP('',(#12217,#12218,#12219,#12220));
#12217 = ORIENTED_EDGE('',*,*,#12104,.F.);
#12218 = ORIENTED_EDGE('',*,*,#12174,.T.);
#12219 = ORIENTED_EDGE('',*,*,#12144,.T.);
#12220 = ORIENTED_EDGE('',*,*,#12196,.F.);
#12221 = PLANE('',#12222);
#12222 = AXIS2_PLACEMENT_3D('',#12223,#12224,#12225);
#12223 = CARTESIAN_POINT('',(25.1,4.35,-3.));
#12224 = DIRECTION('',(0.,0.,1.));
#12225 = DIRECTION('',(1.,0.,-0.));
#12226 = ADVANCED_FACE('',(#12227),#12233,.T.);
#12227 = FACE_BOUND('',#12228,.T.);
#12228 = EDGE_LOOP('',(#12229,#12230,#12231,#12232));
#12229 = ORIENTED_EDGE('',*,*,#12120,.F.);
#12230 = ORIENTED_EDGE('',*,*,#12181,.T.);
#12231 = ORIENTED_EDGE('',*,*,#12160,.T.);
#12232 = ORIENTED_EDGE('',*,*,#12203,.F.);
#12233 = PLANE('',#12234);
#12234 = AXIS2_PLACEMENT_3D('',#12235,#12236,#12237);
#12235 = CARTESIAN_POINT('',(25.1,4.35,0.));
#12236 = DIRECTION('',(0.,0.,1.));
#12237 = DIRECTION('',(1.,0.,-0.));
#12238 = ( GEOMETRIC_REPRESENTATION_CONTEXT(3)
GLOBAL_UNCERTAINTY_ASSIGNED_CONTEXT((#12242))
GLOBAL_UNIT_ASSIGNED_CONTEXT((#12239,#12240,#12241))
REPRESENTATION_CONTEXT('Context #1',
  '3D Context with UNIT and UNCERTAINTY') );
#12239 = ( LENGTH_UNIT() NAMED_UNIT(*) SI_UNIT(.MILLI.,.METRE.) );
#12240 = ( NAMED_UNIT(*) PLANE_ANGLE_UNIT() SI_UNIT($,.RADIAN.) );
#12241 = ( NAMED_UNIT(*) SI_UNIT($,.STERADIAN.) SOLID_ANGLE_UNIT() );
#12242 = UNCERTAINTY_MEASURE_WITH_UNIT(LENGTH_MEASURE(1.E-07),#12239,
  'distance_accuracy_value','confusion accuracy');
#12243 = CONTEXT_DEPENDENT_SHAPE_REPRESENTATION(#12244,#12246);
#12244 = ( REPRESENTATION_RELATIONSHIP('','',#12087,#10)
REPRESENTATION_RELATIONSHIP_WITH_TRANSFORMATION(#12245)
SHAPE_REPRESENTATION_RELATIONSHIP() );
#12245 = ITEM_DEFINED_TRANSFORMATION('','',#11,#103);
#12246 = PRODUCT_DEFINITION_SHAPE('Placement','Placement of an item',
  #12247);
#12247 = NEXT_ASSEMBLY_USAGE_OCCURRENCE('23','Terminal Pin P5 A','',#5,
  #12082,$);
#12248 = PRODUCT_RELATED_PRODUCT_CATEGORY('part',$,(#12084));
#12249 = SHAPE_DEFINITION_REPRESENTATION(#12250,#12256);
#12250 = PRODUCT_DEFINITION_SHAPE('','',#12251);
#12251 = PRODUCT_DEFINITION('design','',#12252,#12255);
#12252 = PRODUCT_DEFINITION_FORMATION('','',#12253);
#12253 = PRODUCT('Terminal Pin P5 B','Terminal Pin P5 B','',(#12254));
#12254 = PRODUCT_CONTEXT('',#2,'mechanical');
#12255 = PRODUCT_DEFINITION_CONTEXT('part definition',#2,'design');
#12256 = ADVANCED_BREP_SHAPE_REPRESENTATION('',(#11,#12257),#12407);
#12257 = MANIFOLD_SOLID_BREP('',#12258);
#12258 = CLOSED_SHELL('',(#12259,#12299,#12339,#12361,#12383,#12395));
#12259 = ADVANCED_FACE('',(#12260),#12294,.F.);
#12260 = FACE_BOUND('',#12261,.F.);
#12261 = EDGE_LOOP('',(#12262,#12272,#12280,#12288));
#12262 = ORIENTED_EDGE('',*,*,#12263,.F.);
#12263 = EDGE_CURVE('',#12264,#12266,#12268,.T.);
#12264 = VERTEX_POINT('',#12265);
#12265 = CARTESIAN_POINT('',(25.1,9.35,-3.));
#12266 = VERTEX_POINT('',#12267);
#12267 = CARTESIAN_POINT('',(25.1,9.35,0.));
#12268 = LINE('',#12269,#12270);
#12269 = CARTESIAN_POINT('',(25.1,9.35,-3.));
#12270 = VECTOR('',#12271,1.);
#12271 = DIRECTION('',(0.,0.,1.));
#12272 = ORIENTED_EDGE('',*,*,#12273,.T.);
#12273 = EDGE_CURVE('',#12264,#12274,#12276,.T.);
#12274 = VERTEX_POINT('',#12275);
#12275 = CARTESIAN_POINT('',(25.1,9.85,-3.));
#12276 = LINE('',#12277,#12278);
#12277 = CARTESIAN_POINT('',(25.1,9.35,-3.));
#12278 = VECTOR('',#12279,1.);
#12279 = DIRECTION('',(-0.,1.,0.));
#12280 = ORIENTED_EDGE('',*,*,#12281,.T.);
#12281 = EDGE_CURVE('',#12274,#12282,#12284,.T.);
#12282 = VERTEX_POINT('',#12283);
#12283 = CARTESIAN_POINT('',(25.1,9.85,0.));
#12284 = LINE('',#12285,#12286);
#12285 = CARTESIAN_POINT('',(25.1,9.85,-3.));
#12286 = VECTOR('',#12287,1.);
#12287 = DIRECTION('',(0.,0.,1.));
#12288 = ORIENTED_EDGE('',*,*,#12289,.F.);
#12289 = EDGE_CURVE('',#12266,#12282,#12290,.T.);
#12290 = LINE('',#12291,#12292);
#12291 = CARTESIAN_POINT('',(25.1,9.35,0.));
#12292 = VECTOR('',#12293,1.);
#12293 = DIRECTION('',(-0.,1.,0.));
#12294 = PLANE('',#12295);
#12295 = AXIS2_PLACEMENT_3D('',#12296,#12297,#12298);
#12296 = CARTESIAN_POINT('',(25.1,9.35,-3.));
#12297 = DIRECTION('',(1.,0.,-0.));
#12298 = DIRECTION('',(0.,0.,1.));
#12299 = ADVANCED_FACE('',(#12300),#12334,.T.);
#12300 = FACE_BOUND('',#12301,.T.);
#12301 = EDGE_LOOP('',(#12302,#12312,#12320,#12328));
#12302 = ORIENTED_EDGE('',*,*,#12303,.F.);
#12303 = EDGE_CURVE('',#12304,#12306,#12308,.T.);
#12304 = VERTEX_POINT('',#12305);
#12305 = CARTESIAN_POINT('',(25.9,9.35,-3.));
#12306 = VERTEX_POINT('',#12307);
#12307 = CARTESIAN_POINT('',(25.9,9.35,0.));
#12308 = LINE('',#12309,#12310);
#12309 = CARTESIAN_POINT('',(25.9,9.35,-3.));
#12310 = VECTOR('',#12311,1.);
#12311 = DIRECTION('',(0.,0.,1.));
#12312 = ORIENTED_EDGE('',*,*,#12313,.T.);
#12313 = EDGE_CURVE('',#12304,#12314,#12316,.T.);
#12314 = VERTEX_POINT('',#12315);
#12315 = CARTESIAN_POINT('',(25.9,9.85,-3.));
#12316 = LINE('',#12317,#12318);
#12317 = CARTESIAN_POINT('',(25.9,9.35,-3.));
#12318 = VECTOR('',#12319,1.);
#12319 = DIRECTION('',(-0.,1.,0.));
#12320 = ORIENTED_EDGE('',*,*,#12321,.T.);
#12321 = EDGE_CURVE('',#12314,#12322,#12324,.T.);
#12322 = VERTEX_POINT('',#12323);
#12323 = CARTESIAN_POINT('',(25.9,9.85,0.));
#12324 = LINE('',#12325,#12326);
#12325 = CARTESIAN_POINT('',(25.9,9.85,-3.));
#12326 = VECTOR('',#12327,1.);
#12327 = DIRECTION('',(0.,0.,1.));
#12328 = ORIENTED_EDGE('',*,*,#12329,.F.);
#12329 = EDGE_CURVE('',#12306,#12322,#12330,.T.);
#12330 = LINE('',#12331,#12332);
#12331 = CARTESIAN_POINT('',(25.9,9.35,0.));
#12332 = VECTOR('',#12333,1.);
#12333 = DIRECTION('',(-0.,1.,0.));
#12334 = PLANE('',#12335);
#12335 = AXIS2_PLACEMENT_3D('',#12336,#12337,#12338);
#12336 = CARTESIAN_POINT('',(25.9,9.35,-3.));
#12337 = DIRECTION('',(1.,0.,-0.));
#12338 = DIRECTION('',(0.,0.,1.));
#12339 = ADVANCED_FACE('',(#12340),#12356,.F.);
#12340 = FACE_BOUND('',#12341,.F.);
#12341 = EDGE_LOOP('',(#12342,#12348,#12349,#12355));
#12342 = ORIENTED_EDGE('',*,*,#12343,.F.);
#12343 = EDGE_CURVE('',#12264,#12304,#12344,.T.);
#12344 = LINE('',#12345,#12346);
#12345 = CARTESIAN_POINT('',(25.1,9.35,-3.));
#12346 = VECTOR('',#12347,1.);
#12347 = DIRECTION('',(1.,0.,-0.));
#12348 = ORIENTED_EDGE('',*,*,#12263,.T.);
#12349 = ORIENTED_EDGE('',*,*,#12350,.T.);
#12350 = EDGE_CURVE('',#12266,#12306,#12351,.T.);
#12351 = LINE('',#12352,#12353);
#12352 = CARTESIAN_POINT('',(25.1,9.35,0.));
#12353 = VECTOR('',#12354,1.);
#12354 = DIRECTION('',(1.,0.,-0.));
#12355 = ORIENTED_EDGE('',*,*,#12303,.F.);
#12356 = PLANE('',#12357);
#12357 = AXIS2_PLACEMENT_3D('',#12358,#12359,#12360);
#12358 = CARTESIAN_POINT('',(25.1,9.35,-3.));
#12359 = DIRECTION('',(-0.,1.,0.));
#12360 = DIRECTION('',(0.,0.,1.));
#12361 = ADVANCED_FACE('',(#12362),#12378,.T.);
#12362 = FACE_BOUND('',#12363,.T.);
#12363 = EDGE_LOOP('',(#12364,#12370,#12371,#12377));
#12364 = ORIENTED_EDGE('',*,*,#12365,.F.);
#12365 = EDGE_CURVE('',#12274,#12314,#12366,.T.);
#12366 = LINE('',#12367,#12368);
#12367 = CARTESIAN_POINT('',(25.1,9.85,-3.));
#12368 = VECTOR('',#12369,1.);
#12369 = DIRECTION('',(1.,0.,-0.));
#12370 = ORIENTED_EDGE('',*,*,#12281,.T.);
#12371 = ORIENTED_EDGE('',*,*,#12372,.T.);
#12372 = EDGE_CURVE('',#12282,#12322,#12373,.T.);
#12373 = LINE('',#12374,#12375);
#12374 = CARTESIAN_POINT('',(25.1,9.85,0.));
#12375 = VECTOR('',#12376,1.);
#12376 = DIRECTION('',(1.,0.,-0.));
#12377 = ORIENTED_EDGE('',*,*,#12321,.F.);
#12378 = PLANE('',#12379);
#12379 = AXIS2_PLACEMENT_3D('',#12380,#12381,#12382);
#12380 = CARTESIAN_POINT('',(25.1,9.85,-3.));
#12381 = DIRECTION('',(-0.,1.,0.));
#12382 = DIRECTION('',(0.,0.,1.));
#12383 = ADVANCED_FACE('',(#12384),#12390,.F.);
#12384 = FACE_BOUND('',#12385,.F.);
#12385 = EDGE_LOOP('',(#12386,#12387,#12388,#12389));
#12386 = ORIENTED_EDGE('',*,*,#12273,.F.);
#12387 = ORIENTED_EDGE('',*,*,#12343,.T.);
#12388 = ORIENTED_EDGE('',*,*,#12313,.T.);
#12389 = ORIENTED_EDGE('',*,*,#12365,.F.);
#12390 = PLANE('',#12391);
#12391 = AXIS2_PLACEMENT_3D('',#12392,#12393,#12394);
#12392 = CARTESIAN_POINT('',(25.1,9.35,-3.));
#12393 = DIRECTION('',(0.,0.,1.));
#12394 = DIRECTION('',(1.,0.,-0.));
#12395 = ADVANCED_FACE('',(#12396),#12402,.T.);
#12396 = FACE_BOUND('',#12397,.T.);
#12397 = EDGE_LOOP('',(#12398,#12399,#12400,#12401));
#12398 = ORIENTED_EDGE('',*,*,#12289,.F.);
#12399 = ORIENTED_EDGE('',*,*,#12350,.T.);
#12400 = ORIENTED_EDGE('',*,*,#12329,.T.);
#12401 = ORIENTED_EDGE('',*,*,#12372,.F.);
#12402 = PLANE('',#12403);
#12403 = AXIS2_PLACEMENT_3D('',#12404,#12405,#12406);
#12404 = CARTESIAN_POINT('',(25.1,9.35,0.));
#12405 = DIRECTION('',(0.,0.,1.));
#12406 = DIRECTION('',(1.,0.,-0.));
#12407 = ( GEOMETRIC_REPRESENTATION_CONTEXT(3)
GLOBAL_UNCERTAINTY_ASSIGNED_CONTEXT((#12411))
GLOBAL_UNIT_ASSIGNED_CONTEXT((#12408,#12409,#12410))
REPRESENTATION_CONTEXT('Context #1',
  '3D Context with UNIT and UNCERTAINTY') );
#12408 = ( LENGTH_UNIT() NAMED_UNIT(*) SI_UNIT(.MILLI.,.METRE.) );
#12409 = ( NAMED_UNIT(*) PLANE_ANGLE_UNIT() SI_UNIT($,.RADIAN.) );
#12410 = ( NAMED_UNIT(*) SI_UNIT($,.STERADIAN.) SOLID_ANGLE_UNIT() );
#12411 = UNCERTAINTY_MEASURE_WITH_UNIT(LENGTH_MEASURE(1.E-07),#12408,
  'distance_accuracy_value','confusion accuracy');
#12412 = CONTEXT_DEPENDENT_SHAPE_REPRESENTATION(#12413,#12415);
#12413 = ( REPRESENTATION_RELATIONSHIP('','',#12256,#10)
REPRESENTATION_RELATIONSHIP_WITH_TRANSFORMATION(#12414)
SHAPE_REPRESENTATION_RELATIONSHIP() );
#12414 = ITEM_DEFINED_TRANSFORMATION('','',#11,#107);
#12415 = PRODUCT_DEFINITION_SHAPE('Placement','Placement of an item',
  #12416);
#12416 = NEXT_ASSEMBLY_USAGE_OCCURRENCE('24','Terminal Pin P5 B','',#5,
  #12251,$);
#12417 = PRODUCT_RELATED_PRODUCT_CATEGORY('part',$,(#12253));
#12418 = SHAPE_DEFINITION_REPRESENTATION(#12419,#12425);
#12419 = PRODUCT_DEFINITION_SHAPE('','',#12420);
#12420 = PRODUCT_DEFINITION('design','',#12421,#12424);
#12421 = PRODUCT_DEFINITION_FORMATION('','',#12422);
#12422 = PRODUCT('Housing P6','Housing P6','',(#12423));
#12423 = PRODUCT_CONTEXT('',#2,'mechanical');
#12424 = PRODUCT_DEFINITION_CONTEXT('part definition',#2,'design');
#12425 = ADVANCED_BREP_SHAPE_REPRESENTATION('',(#11,#12426),#13781);
#12426 = MANIFOLD_SOLID_BREP('',#12427);
#12427 = CLOSED_SHELL('',(#12428,#12476,#12509,#12600,#12625,#12658,
    #12691,#12792,#12809,#12834,#12866,#12891,#12931,#12963,#12987,
    #13012,#13029,#13046,#13077,#13108,#13126,#13157,#13182,#13213,
    #13237,#13268,#13285,#13309,#13327,#13344,#13356,#13373,#13385,
    #13403,#13414,#13463,#13494,#13525,#13558,#13589,#13629,#13660,
    #13676,#13722,#13753,#13767));
#12428 = ADVANCED_FACE('',(#12429),#12471,.F.);
#12429 = FACE_BOUND('',#12430,.F.);
#12430 = EDGE_LOOP('',(#12431,#12441,#12449,#12457,#12465));
#12431 = ORIENTED_EDGE('',*,*,#12432,.F.);
#12432 = EDGE_CURVE('',#12433,#12435,#12437,.T.);
#12433 = VERTEX_POINT('',#12434);
#12434 = CARTESIAN_POINT('',(15.,0.3,0.3));
#12435 = VERTEX_POINT('',#12436);
#12436 = CARTESIAN_POINT('',(15.,0.3,9.086363636364));
#12437 = LINE('',#12438,#12439);
#12438 = CARTESIAN_POINT('',(15.,0.3,0.));
#12439 = VECTOR('',#12440,1.);
#12440 = DIRECTION('',(0.,0.,1.));
#12441 = ORIENTED_EDGE('',*,*,#12442,.T.);
#12442 = EDGE_CURVE('',#12433,#12443,#12445,.T.);
#12443 = VERTEX_POINT('',#12444);
#12444 = CARTESIAN_POINT('',(15.,12.2,0.3));
#12445 = LINE('',#12446,#12447);
#12446 = CARTESIAN_POINT('',(15.,0.,0.3));
#12447 = VECTOR('',#12448,1.);
#12448 = DIRECTION('',(-0.,1.,0.));
#12449 = ORIENTED_EDGE('',*,*,#12450,.T.);
#12450 = EDGE_CURVE('',#12443,#12451,#12453,.T.);
#12451 = VERTEX_POINT('',#12452);
#12452 = CARTESIAN_POINT('',(15.,12.2,10.3));
#12453 = LINE('',#12454,#12455);
#12454 = CARTESIAN_POINT('',(15.,12.2,0.));
#12455 = VECTOR('',#12456,1.);
#12456 = DIRECTION('',(0.,0.,1.));
#12457 = ORIENTED_EDGE('',*,*,#12458,.F.);
#12458 = EDGE_CURVE('',#12459,#12451,#12461,.T.);
#12459 = VERTEX_POINT('',#12460);
#12460 = CARTESIAN_POINT('',(15.,1.743243243243,10.3));
#12461 = LINE('',#12462,#12463);
#12462 = CARTESIAN_POINT('',(15.,0.,10.3));
#12463 = VECTOR('',#12464,1.);
#12464 = DIRECTION('',(-0.,1.,0.));
#12465 = ORIENTED_EDGE('',*,*,#12466,.F.);
#12466 = EDGE_CURVE('',#12435,#12459,#12467,.T.);
#12467 = LINE('',#12468,#12469);
#12468 = CARTESIAN_POINT('',(15.,-1.125779122542,7.88741301059));
#12469 = VECTOR('',#12470,1.);
#12470 = DIRECTION('',(0.,0.765362085905,0.643599935875));
#12471 = PLANE('',#12472);
#12472 = AXIS2_PLACEMENT_3D('',#12473,#12474,#12475);
#12473 = CARTESIAN_POINT('',(15.,0.,0.));
#12474 = DIRECTION('',(1.,0.,-0.));
#12475 = DIRECTION('',(0.,0.,1.));
#12476 = ADVANCED_FACE('',(#12477),#12504,.T.);
#12477 = FACE_BOUND('',#12478,.T.);
#12478 = EDGE_LOOP('',(#12479,#12480,#12489,#12497));
#12479 = ORIENTED_EDGE('',*,*,#12432,.F.);
#12480 = ORIENTED_EDGE('',*,*,#12481,.T.);
#12481 = EDGE_CURVE('',#12433,#12482,#12484,.T.);
#12482 = VERTEX_POINT('',#12483);
#12483 = CARTESIAN_POINT('',(15.3,-5.551115123126E-17,0.3));
#12484 = CIRCLE('',#12485,0.3);
#12485 = AXIS2_PLACEMENT_3D('',#12486,#12487,#12488);
#12486 = CARTESIAN_POINT('',(15.3,0.3,0.3));
#12487 = DIRECTION('',(0.,0.,1.));
#12488 = DIRECTION('',(-1.,0.,0.));
#12489 = ORIENTED_EDGE('',*,*,#12490,.T.);
#12490 = EDGE_CURVE('',#12482,#12491,#12493,.T.);
#12491 = VERTEX_POINT('',#12492);
#12492 = CARTESIAN_POINT('',(15.3,-5.551115123126E-17,8.834090909091));
#12493 = LINE('',#12494,#12495);
#12494 = CARTESIAN_POINT('',(15.3,-5.551115123126E-17,0.));
#12495 = VECTOR('',#12496,1.);
#12496 = DIRECTION('',(0.,0.,1.));
#12497 = ORIENTED_EDGE('',*,*,#12498,.T.);
#12498 = EDGE_CURVE('',#12491,#12435,#12499,.T.);
#12499 = ELLIPSE('',#12500,0.391971336867,0.3);
#12500 = AXIS2_PLACEMENT_3D('',#12501,#12502,#12503);
#12501 = CARTESIAN_POINT('',(15.3,0.3,9.086363636364));
#12502 = DIRECTION('',(0.,0.643599935875,-0.765362085905));
#12503 = DIRECTION('',(0.,0.765362085905,0.643599935875));
#12504 = CYLINDRICAL_SURFACE('',#12505,0.3);
#12505 = AXIS2_PLACEMENT_3D('',#12506,#12507,#12508);
#12506 = CARTESIAN_POINT('',(15.3,0.3,0.));
#12507 = DIRECTION('',(0.,0.,1.));
#12508 = DIRECTION('',(-1.,-0.,0.));
#12509 = ADVANCED_FACE('',(#12510),#12595,.F.);
#12510 = FACE_BOUND('',#12511,.F.);
#12511 = EDGE_LOOP('',(#12512,#12521,#12529,#12537,#12545,#12553,#12561,
    #12570,#12578,#12587,#12593,#12594));
#12512 = ORIENTED_EDGE('',*,*,#12513,.T.);
#12513 = EDGE_CURVE('',#12459,#12514,#12516,.T.);
#12514 = VERTEX_POINT('',#12515);
#12515 = CARTESIAN_POINT('',(15.3,2.1,10.6));
#12516 = ELLIPSE('',#12517,0.466128076275,0.3);
#12517 = AXIS2_PLACEMENT_3D('',#12518,#12519,#12520);
#12518 = CARTESIAN_POINT('',(15.3,1.743243243243,10.3));
#12519 = DIRECTION('',(0.,0.643599935875,-0.765362085905));
#12520 = DIRECTION('',(0.,0.765362085905,0.643599935875));
#12521 = ORIENTED_EDGE('',*,*,#12522,.T.);
#12522 = EDGE_CURVE('',#12514,#12523,#12525,.T.);
#12523 = VERTEX_POINT('',#12524);
#12524 = CARTESIAN_POINT('',(15.55,2.1,10.6));
#12525 = LINE('',#12526,#12527);
#12526 = CARTESIAN_POINT('',(14.9,2.1,10.6));
#12527 = VECTOR('',#12528,1.);
#12528 = DIRECTION('',(1.,0.,0.));
#12529 = ORIENTED_EDGE('',*,*,#12530,.T.);
#12530 = EDGE_CURVE('',#12523,#12531,#12533,.T.);
#12531 = VERTEX_POINT('',#12532);
#12532 = CARTESIAN_POINT('',(15.55,0.589585439838,9.329878665319));
#12533 = LINE('',#12534,#12535);
#12534 = CARTESIAN_POINT('',(15.55,2.697145719937,11.102145264493));
#12535 = VECTOR('',#12536,1.);
#12536 = DIRECTION('',(0.,-0.765362085905,-0.643599935875));
#12537 = ORIENTED_EDGE('',*,*,#12538,.T.);
#12538 = EDGE_CURVE('',#12531,#12539,#12541,.T.);
#12539 = VERTEX_POINT('',#12540);
#12540 = CARTESIAN_POINT('',(19.45,0.589585439838,9.329878665319));
#12541 = LINE('',#12542,#12543);
#12542 = CARTESIAN_POINT('',(15.225,0.589585439838,9.329878665319));
#12543 = VECTOR('',#12544,1.);
#12544 = DIRECTION('',(1.,0.,0.));
#12545 = ORIENTED_EDGE('',*,*,#12546,.F.);
#12546 = EDGE_CURVE('',#12547,#12539,#12549,.T.);
#12547 = VERTEX_POINT('',#12548);
#12548 = CARTESIAN_POINT('',(19.45,2.1,10.6));
#12549 = LINE('',#12550,#12551);
#12550 = CARTESIAN_POINT('',(19.45,2.697145719937,11.102145264493));
#12551 = VECTOR('',#12552,1.);
#12552 = DIRECTION('',(0.,-0.765362085905,-0.643599935875));
#12553 = ORIENTED_EDGE('',*,*,#12554,.T.);
#12554 = EDGE_CURVE('',#12547,#12555,#12557,.T.);
#12555 = VERTEX_POINT('',#12556);
#12556 = CARTESIAN_POINT('',(19.7,2.1,10.6));
#12557 = LINE('',#12558,#12559);
#12558 = CARTESIAN_POINT('',(14.9,2.1,10.6));
#12559 = VECTOR('',#12560,1.);
#12560 = DIRECTION('',(1.,0.,0.));
#12561 = ORIENTED_EDGE('',*,*,#12562,.T.);
#12562 = EDGE_CURVE('',#12555,#12563,#12565,.T.);
#12563 = VERTEX_POINT('',#12564);
#12564 = CARTESIAN_POINT('',(20.,1.743243243243,10.3));
#12565 = ELLIPSE('',#12566,0.466128076275,0.3);
#12566 = AXIS2_PLACEMENT_3D('',#12567,#12568,#12569);
#12567 = CARTESIAN_POINT('',(19.7,1.743243243243,10.3));
#12568 = DIRECTION('',(0.,0.643599935875,-0.765362085905));
#12569 = DIRECTION('',(0.,0.765362085905,0.643599935875));
#12570 = ORIENTED_EDGE('',*,*,#12571,.F.);
#12571 = EDGE_CURVE('',#12572,#12563,#12574,.T.);
#12572 = VERTEX_POINT('',#12573);
#12573 = CARTESIAN_POINT('',(20.,0.3,9.086363636364));
#12574 = LINE('',#12575,#12576);
#12575 = CARTESIAN_POINT('',(20.,-1.125779122542,7.88741301059));
#12576 = VECTOR('',#12577,1.);
#12577 = DIRECTION('',(0.,0.765362085905,0.643599935875));
#12578 = ORIENTED_EDGE('',*,*,#12579,.T.);
#12579 = EDGE_CURVE('',#12572,#12580,#12582,.T.);
#12580 = VERTEX_POINT('',#12581);
#12581 = CARTESIAN_POINT('',(19.7,-5.551115123126E-17,8.834090909091));
#12582 = ELLIPSE('',#12583,0.391971336867,0.3);
#12583 = AXIS2_PLACEMENT_3D('',#12584,#12585,#12586);
#12584 = CARTESIAN_POINT('',(19.7,0.3,9.086363636364));
#12585 = DIRECTION('',(0.,0.643599935875,-0.765362085905));
#12586 = DIRECTION('',(0.,0.765362085905,0.643599935875));
#12587 = ORIENTED_EDGE('',*,*,#12588,.T.);
#12588 = EDGE_CURVE('',#12580,#12491,#12589,.T.);
#12589 = LINE('',#12590,#12591);
#12590 = CARTESIAN_POINT('',(14.95,2.22044604925E-16,8.834090909091));
#12591 = VECTOR('',#12592,1.);
#12592 = DIRECTION('',(-1.,0.,-0.));
#12593 = ORIENTED_EDGE('',*,*,#12498,.T.);
#12594 = ORIENTED_EDGE('',*,*,#12466,.T.);
#12595 = PLANE('',#12596);
#12596 = AXIS2_PLACEMENT_3D('',#12597,#12598,#12599);
#12597 = CARTESIAN_POINT('',(14.9,2.1,10.6));
#12598 = DIRECTION('',(0.,0.643599935875,-0.765362085905));
#12599 = DIRECTION('',(0.,-0.765362085905,-0.643599935875));
#12600 = ADVANCED_FACE('',(#12601),#12620,.T.);
#12601 = FACE_BOUND('',#12602,.T.);
#12602 = EDGE_LOOP('',(#12603,#12604,#12612,#12619));
#12603 = ORIENTED_EDGE('',*,*,#12513,.T.);
#12604 = ORIENTED_EDGE('',*,*,#12605,.T.);
#12605 = EDGE_CURVE('',#12514,#12606,#12608,.T.);
#12606 = VERTEX_POINT('',#12607);
#12607 = CARTESIAN_POINT('',(15.3,12.2,10.6));
#12608 = LINE('',#12609,#12610);
#12609 = CARTESIAN_POINT('',(15.3,0.,10.6));
#12610 = VECTOR('',#12611,1.);
#12611 = DIRECTION('',(-0.,1.,0.));
#12612 = ORIENTED_EDGE('',*,*,#12613,.F.);
#12613 = EDGE_CURVE('',#12451,#12606,#12614,.T.);
#12614 = CIRCLE('',#12615,0.3);
#12615 = AXIS2_PLACEMENT_3D('',#12616,#12617,#12618);
#12616 = CARTESIAN_POINT('',(15.3,12.2,10.3));
#12617 = DIRECTION('',(-0.,1.,0.));
#12618 = DIRECTION('',(-1.,-0.,0.));
#12619 = ORIENTED_EDGE('',*,*,#12458,.F.);
#12620 = CYLINDRICAL_SURFACE('',#12621,0.3);
#12621 = AXIS2_PLACEMENT_3D('',#12622,#12623,#12624);
#12622 = CARTESIAN_POINT('',(15.3,0.,10.3));
#12623 = DIRECTION('',(-0.,1.,0.));
#12624 = DIRECTION('',(-1.,-0.,0.));
#12625 = ADVANCED_FACE('',(#12626),#12653,.T.);
#12626 = FACE_BOUND('',#12627,.F.);
#12627 = EDGE_LOOP('',(#12628,#12629,#12638,#12646));
#12628 = ORIENTED_EDGE('',*,*,#12450,.F.);
#12629 = ORIENTED_EDGE('',*,*,#12630,.T.);
#12630 = EDGE_CURVE('',#12443,#12631,#12633,.T.);
#12631 = VERTEX_POINT('',#12632);
#12632 = CARTESIAN_POINT('',(15.3,12.5,0.3));
#12633 = CIRCLE('',#12634,0.3);
#12634 = AXIS2_PLACEMENT_3D('',#12635,#12636,#12637);
#12635 = CARTESIAN_POINT('',(15.3,12.2,0.3));
#12636 = DIRECTION('',(-0.,0.,-1.));
#12637 = DIRECTION('',(-1.,0.,0.));
#12638 = ORIENTED_EDGE('',*,*,#12639,.T.);
#12639 = EDGE_CURVE('',#12631,#12640,#12642,.T.);
#12640 = VERTEX_POINT('',#12641);
#12641 = CARTESIAN_POINT('',(15.3,12.5,10.3));
#12642 = LINE('',#12643,#12644);
#12643 = CARTESIAN_POINT('',(15.3,12.5,0.));
#12644 = VECTOR('',#12645,1.);
#12645 = DIRECTION('',(0.,0.,1.));
#12646 = ORIENTED_EDGE('',*,*,#12647,.T.);
#12647 = EDGE_CURVE('',#12640,#12451,#12648,.T.);
#12648 = CIRCLE('',#12649,0.3);
#12649 = AXIS2_PLACEMENT_3D('',#12650,#12651,#12652);
#12650 = CARTESIAN_POINT('',(15.3,12.2,10.3));
#12651 = DIRECTION('',(0.,0.,1.));
#12652 = DIRECTION('',(-1.,-0.,0.));
#12653 = CYLINDRICAL_SURFACE('',#12654,0.3);
#12654 = AXIS2_PLACEMENT_3D('',#12655,#12656,#12657);
#12655 = CARTESIAN_POINT('',(15.3,12.2,0.));
#12656 = DIRECTION('',(0.,0.,1.));
#12657 = DIRECTION('',(-1.,-0.,0.));
#12658 = ADVANCED_FACE('',(#12659),#12686,.T.);
#12659 = FACE_BOUND('',#12660,.F.);
#12660 = EDGE_LOOP('',(#12661,#12670,#12678,#12685));
#12661 = ORIENTED_EDGE('',*,*,#12662,.F.);
#12662 = EDGE_CURVE('',#12663,#12433,#12665,.T.);
#12663 = VERTEX_POINT('',#12664);
#12664 = CARTESIAN_POINT('',(15.3,0.3,0.));
#12665 = CIRCLE('',#12666,0.3);
#12666 = AXIS2_PLACEMENT_3D('',#12667,#12668,#12669);
#12667 = CARTESIAN_POINT('',(15.3,0.3,0.3));
#12668 = DIRECTION('',(0.,1.,-0.));
#12669 = DIRECTION('',(-1.,0.,0.));
#12670 = ORIENTED_EDGE('',*,*,#12671,.T.);
#12671 = EDGE_CURVE('',#12663,#12672,#12674,.T.);
#12672 = VERTEX_POINT('',#12673);
#12673 = CARTESIAN_POINT('',(15.3,12.2,0.));
#12674 = LINE('',#12675,#12676);
#12675 = CARTESIAN_POINT('',(15.3,0.,-5.551115123126E-17));
#12676 = VECTOR('',#12677,1.);
#12677 = DIRECTION('',(-0.,1.,0.));
#12678 = ORIENTED_EDGE('',*,*,#12679,.T.);
#12679 = EDGE_CURVE('',#12672,#12443,#12680,.T.);
#12680 = CIRCLE('',#12681,0.3);
#12681 = AXIS2_PLACEMENT_3D('',#12682,#12683,#12684);
#12682 = CARTESIAN_POINT('',(15.3,12.2,0.3));
#12683 = DIRECTION('',(0.,1.,-0.));
#12684 = DIRECTION('',(-1.,0.,0.));
#12685 = ORIENTED_EDGE('',*,*,#12442,.F.);
#12686 = CYLINDRICAL_SURFACE('',#12687,0.3);
#12687 = AXIS2_PLACEMENT_3D('',#12688,#12689,#12690);
#12688 = CARTESIAN_POINT('',(15.3,0.,0.3));
#12689 = DIRECTION('',(-0.,1.,0.));
#12690 = DIRECTION('',(-1.,-0.,0.));
#12691 = ADVANCED_FACE('',(#12692,#12710),#12787,.F.);
#12692 = FACE_BOUND('',#12693,.F.);
#12693 = EDGE_LOOP('',(#12694,#12702,#12703,#12704));
#12694 = ORIENTED_EDGE('',*,*,#12695,.F.);
#12695 = EDGE_CURVE('',#12482,#12696,#12698,.T.);
#12696 = VERTEX_POINT('',#12697);
#12697 = CARTESIAN_POINT('',(19.7,-5.551115123126E-17,0.3));
#12698 = LINE('',#12699,#12700);
#12699 = CARTESIAN_POINT('',(15.,-5.551115123126E-17,0.3));
#12700 = VECTOR('',#12701,1.);
#12701 = DIRECTION('',(1.,0.,-0.));
#12702 = ORIENTED_EDGE('',*,*,#12490,.T.);
#12703 = ORIENTED_EDGE('',*,*,#12588,.F.);
#12704 = ORIENTED_EDGE('',*,*,#12705,.F.);
#12705 = EDGE_CURVE('',#12696,#12580,#12706,.T.);
#12706 = LINE('',#12707,#12708);
#12707 = CARTESIAN_POINT('',(19.7,-5.551115123126E-17,0.));
#12708 = VECTOR('',#12709,1.);
#12709 = DIRECTION('',(0.,0.,1.));
#12710 = FACE_BOUND('',#12711,.F.);
#12711 = EDGE_LOOP('',(#12712,#12722,#12730,#12738,#12747,#12756,#12764,
    #12772,#12780));
#12712 = ORIENTED_EDGE('',*,*,#12713,.F.);
#12713 = EDGE_CURVE('',#12714,#12716,#12718,.T.);
#12714 = VERTEX_POINT('',#12715);
#12715 = CARTESIAN_POINT('',(19.23,0.,5.65));
#12716 = VERTEX_POINT('',#12717);
#12717 = CARTESIAN_POINT('',(19.23,0.,2.25));
#12718 = LINE('',#12719,#12720);
#12719 = CARTESIAN_POINT('',(19.23,0.,1.125));
#12720 = VECTOR('',#12721,1.);
#12721 = DIRECTION('',(-0.,0.,-1.));
#12722 = ORIENTED_EDGE('',*,*,#12723,.F.);
#12723 = EDGE_CURVE('',#12724,#12714,#12726,.T.);
#12724 = VERTEX_POINT('',#12725);
#12725 = CARTESIAN_POINT('',(18.63,0.,5.65));
#12726 = LINE('',#12727,#12728);
#12727 = CARTESIAN_POINT('',(15.385,0.,5.65));
#12728 = VECTOR('',#12729,1.);
#12729 = DIRECTION('',(1.,0.,-0.));
#12730 = ORIENTED_EDGE('',*,*,#12731,.F.);
#12731 = EDGE_CURVE('',#12732,#12724,#12734,.T.);
#12732 = VERTEX_POINT('',#12733);
#12733 = CARTESIAN_POINT('',(18.63,0.,7.4));
#12734 = LINE('',#12735,#12736);
#12735 = CARTESIAN_POINT('',(18.63,0.,2.825));
#12736 = VECTOR('',#12737,1.);
#12737 = DIRECTION('',(-0.,0.,-1.));
#12738 = ORIENTED_EDGE('',*,*,#12739,.F.);
#12739 = EDGE_CURVE('',#12740,#12732,#12742,.T.);
#12740 = VERTEX_POINT('',#12741);
#12741 = CARTESIAN_POINT('',(17.5,0.,8.53));
#12742 = CIRCLE('',#12743,1.13);
#12743 = AXIS2_PLACEMENT_3D('',#12744,#12745,#12746);
#12744 = CARTESIAN_POINT('',(17.5,0.,7.4));
#12745 = DIRECTION('',(0.,1.,0.));
#12746 = DIRECTION('',(0.,-0.,1.));
#12747 = ORIENTED_EDGE('',*,*,#12748,.F.);
#12748 = EDGE_CURVE('',#12749,#12740,#12751,.T.);
#12749 = VERTEX_POINT('',#12750);
#12750 = CARTESIAN_POINT('',(16.37,0.,7.4));
#12751 = CIRCLE('',#12752,1.13);
#12752 = AXIS2_PLACEMENT_3D('',#12753,#12754,#12755);
#12753 = CARTESIAN_POINT('',(17.5,0.,7.4));
#12754 = DIRECTION('',(0.,1.,0.));
#12755 = DIRECTION('',(0.,-0.,1.));
#12756 = ORIENTED_EDGE('',*,*,#12757,.T.);
#12757 = EDGE_CURVE('',#12749,#12758,#12760,.T.);
#12758 = VERTEX_POINT('',#12759);
#12759 = CARTESIAN_POINT('',(16.37,0.,5.65));
#12760 = LINE('',#12761,#12762);
#12761 = CARTESIAN_POINT('',(16.37,0.,2.825));
#12762 = VECTOR('',#12763,1.);
#12763 = DIRECTION('',(-0.,0.,-1.));
#12764 = ORIENTED_EDGE('',*,*,#12765,.F.);
#12765 = EDGE_CURVE('',#12766,#12758,#12768,.T.);
#12766 = VERTEX_POINT('',#12767);
#12767 = CARTESIAN_POINT('',(15.77,0.,5.65));
#12768 = LINE('',#12769,#12770);
#12769 = CARTESIAN_POINT('',(15.385,0.,5.65));
#12770 = VECTOR('',#12771,1.);
#12771 = DIRECTION('',(1.,0.,-0.));
#12772 = ORIENTED_EDGE('',*,*,#12773,.T.);
#12773 = EDGE_CURVE('',#12766,#12774,#12776,.T.);
#12774 = VERTEX_POINT('',#12775);
#12775 = CARTESIAN_POINT('',(15.77,0.,2.25));
#12776 = LINE('',#12777,#12778);
#12777 = CARTESIAN_POINT('',(15.77,0.,1.125));
#12778 = VECTOR('',#12779,1.);
#12779 = DIRECTION('',(-0.,0.,-1.));
#12780 = ORIENTED_EDGE('',*,*,#12781,.F.);
#12781 = EDGE_CURVE('',#12716,#12774,#12782,.T.);
#12782 = CIRCLE('',#12783,1.73);
#12783 = AXIS2_PLACEMENT_3D('',#12784,#12785,#12786);
#12784 = CARTESIAN_POINT('',(17.5,0.,2.25));
#12785 = DIRECTION('',(0.,1.,0.));
#12786 = DIRECTION('',(0.,-0.,1.));
#12787 = PLANE('',#12788);
#12788 = AXIS2_PLACEMENT_3D('',#12789,#12790,#12791);
#12789 = CARTESIAN_POINT('',(15.,0.,0.));
#12790 = DIRECTION('',(-0.,1.,0.));
#12791 = DIRECTION('',(0.,0.,1.));
#12792 = ADVANCED_FACE('',(#12793),#12804,.T.);
#12793 = FACE_BOUND('',#12794,.T.);
#12794 = EDGE_LOOP('',(#12795,#12796,#12803));
#12795 = ORIENTED_EDGE('',*,*,#12662,.F.);
#12796 = ORIENTED_EDGE('',*,*,#12797,.T.);
#12797 = EDGE_CURVE('',#12663,#12482,#12798,.T.);
#12798 = CIRCLE('',#12799,0.3);
#12799 = AXIS2_PLACEMENT_3D('',#12800,#12801,#12802);
#12800 = CARTESIAN_POINT('',(15.3,0.3,0.3));
#12801 = DIRECTION('',(-1.,6.123233995737E-17,0.));
#12802 = DIRECTION('',(-6.123233995737E-17,-1.,0.));
#12803 = ORIENTED_EDGE('',*,*,#12481,.F.);
#12804 = SPHERICAL_SURFACE('',#12805,0.3);
#12805 = AXIS2_PLACEMENT_3D('',#12806,#12807,#12808);
#12806 = CARTESIAN_POINT('',(15.3,0.3,0.3));
#12807 = DIRECTION('',(0.,0.,1.));
#12808 = DIRECTION('',(-1.,0.,0.));
#12809 = ADVANCED_FACE('',(#12810),#12829,.T.);
#12810 = FACE_BOUND('',#12811,.F.);
#12811 = EDGE_LOOP('',(#12812,#12820,#12827,#12828));
#12812 = ORIENTED_EDGE('',*,*,#12813,.F.);
#12813 = EDGE_CURVE('',#12814,#12572,#12816,.T.);
#12814 = VERTEX_POINT('',#12815);
#12815 = CARTESIAN_POINT('',(20.,0.3,0.3));
#12816 = LINE('',#12817,#12818);
#12817 = CARTESIAN_POINT('',(20.,0.3,0.));
#12818 = VECTOR('',#12819,1.);
#12819 = DIRECTION('',(0.,0.,1.));
#12820 = ORIENTED_EDGE('',*,*,#12821,.T.);
#12821 = EDGE_CURVE('',#12814,#12696,#12822,.T.);
#12822 = CIRCLE('',#12823,0.3);
#12823 = AXIS2_PLACEMENT_3D('',#12824,#12825,#12826);
#12824 = CARTESIAN_POINT('',(19.7,0.3,0.3));
#12825 = DIRECTION('',(0.,-0.,-1.));
#12826 = DIRECTION('',(1.,0.,-0.));
#12827 = ORIENTED_EDGE('',*,*,#12705,.T.);
#12828 = ORIENTED_EDGE('',*,*,#12579,.F.);
#12829 = CYLINDRICAL_SURFACE('',#12830,0.3);
#12830 = AXIS2_PLACEMENT_3D('',#12831,#12832,#12833);
#12831 = CARTESIAN_POINT('',(19.7,0.3,0.));
#12832 = DIRECTION('',(0.,0.,1.));
#12833 = DIRECTION('',(1.,0.,-0.));
#12834 = ADVANCED_FACE('',(#12835),#12861,.T.);
#12835 = FACE_BOUND('',#12836,.T.);
#12836 = EDGE_LOOP('',(#12837,#12838,#12846,#12854,#12860));
#12837 = ORIENTED_EDGE('',*,*,#12813,.F.);
#12838 = ORIENTED_EDGE('',*,*,#12839,.T.);
#12839 = EDGE_CURVE('',#12814,#12840,#12842,.T.);
#12840 = VERTEX_POINT('',#12841);
#12841 = CARTESIAN_POINT('',(20.,12.2,0.3));
#12842 = LINE('',#12843,#12844);
#12843 = CARTESIAN_POINT('',(20.,0.,0.3));
#12844 = VECTOR('',#12845,1.);
#12845 = DIRECTION('',(-0.,1.,0.));
#12846 = ORIENTED_EDGE('',*,*,#12847,.T.);
#12847 = EDGE_CURVE('',#12840,#12848,#12850,.T.);
#12848 = VERTEX_POINT('',#12849);
#12849 = CARTESIAN_POINT('',(20.,12.2,10.3));
#12850 = LINE('',#12851,#12852);
#12851 = CARTESIAN_POINT('',(20.,12.2,0.));
#12852 = VECTOR('',#12853,1.);
#12853 = DIRECTION('',(0.,0.,1.));
#12854 = ORIENTED_EDGE('',*,*,#12855,.F.);
#12855 = EDGE_CURVE('',#12563,#12848,#12856,.T.);
#12856 = LINE('',#12857,#12858);
#12857 = CARTESIAN_POINT('',(20.,0.,10.3));
#12858 = VECTOR('',#12859,1.);
#12859 = DIRECTION('',(-0.,1.,0.));
#12860 = ORIENTED_EDGE('',*,*,#12571,.F.);
#12861 = PLANE('',#12862);
#12862 = AXIS2_PLACEMENT_3D('',#12863,#12864,#12865);
#12863 = CARTESIAN_POINT('',(20.,0.,0.));
#12864 = DIRECTION('',(1.,0.,-0.));
#12865 = DIRECTION('',(0.,0.,1.));
#12866 = ADVANCED_FACE('',(#12867),#12886,.T.);
#12867 = FACE_BOUND('',#12868,.F.);
#12868 = EDGE_LOOP('',(#12869,#12870,#12878,#12885));
#12869 = ORIENTED_EDGE('',*,*,#12562,.F.);
#12870 = ORIENTED_EDGE('',*,*,#12871,.T.);
#12871 = EDGE_CURVE('',#12555,#12872,#12874,.T.);
#12872 = VERTEX_POINT('',#12873);
#12873 = CARTESIAN_POINT('',(19.7,12.2,10.6));
#12874 = LINE('',#12875,#12876);
#12875 = CARTESIAN_POINT('',(19.7,0.,10.6));
#12876 = VECTOR('',#12877,1.);
#12877 = DIRECTION('',(-0.,1.,0.));
#12878 = ORIENTED_EDGE('',*,*,#12879,.F.);
#12879 = EDGE_CURVE('',#12848,#12872,#12880,.T.);
#12880 = CIRCLE('',#12881,0.3);
#12881 = AXIS2_PLACEMENT_3D('',#12882,#12883,#12884);
#12882 = CARTESIAN_POINT('',(19.7,12.2,10.3));
#12883 = DIRECTION('',(0.,-1.,-0.));
#12884 = DIRECTION('',(1.,0.,0.));
#12885 = ORIENTED_EDGE('',*,*,#12855,.F.);
#12886 = CYLINDRICAL_SURFACE('',#12887,0.3);
#12887 = AXIS2_PLACEMENT_3D('',#12888,#12889,#12890);
#12888 = CARTESIAN_POINT('',(19.7,0.,10.3));
#12889 = DIRECTION('',(-0.,1.,0.));
#12890 = DIRECTION('',(1.,0.,-0.));
#12891 = ADVANCED_FACE('',(#12892),#12926,.T.);
#12892 = FACE_BOUND('',#12893,.T.);
#12893 = EDGE_LOOP('',(#12894,#12895,#12896,#12904,#12912,#12918,#12919,
    #12920));
#12894 = ORIENTED_EDGE('',*,*,#12605,.F.);
#12895 = ORIENTED_EDGE('',*,*,#12522,.T.);
#12896 = ORIENTED_EDGE('',*,*,#12897,.F.);
#12897 = EDGE_CURVE('',#12898,#12523,#12900,.T.);
#12898 = VERTEX_POINT('',#12899);
#12899 = CARTESIAN_POINT('',(15.55,9.7,10.6));
#12900 = LINE('',#12901,#12902);
#12901 = CARTESIAN_POINT('',(15.55,2.442585746037,10.6));
#12902 = VECTOR('',#12903,1.);
#12903 = DIRECTION('',(0.,-1.,0.));
#12904 = ORIENTED_EDGE('',*,*,#12905,.F.);
#12905 = EDGE_CURVE('',#12906,#12898,#12908,.T.);
#12906 = VERTEX_POINT('',#12907);
#12907 = CARTESIAN_POINT('',(19.45,9.7,10.6));
#12908 = LINE('',#12909,#12910);
#12909 = CARTESIAN_POINT('',(15.275,9.7,10.6));
#12910 = VECTOR('',#12911,1.);
#12911 = DIRECTION('',(-1.,-0.,0.));
#12912 = ORIENTED_EDGE('',*,*,#12913,.T.);
#12913 = EDGE_CURVE('',#12906,#12547,#12914,.T.);
#12914 = LINE('',#12915,#12916);
#12915 = CARTESIAN_POINT('',(19.45,2.442585746037,10.6));
#12916 = VECTOR('',#12917,1.);
#12917 = DIRECTION('',(0.,-1.,0.));
#12918 = ORIENTED_EDGE('',*,*,#12554,.T.);
#12919 = ORIENTED_EDGE('',*,*,#12871,.T.);
#12920 = ORIENTED_EDGE('',*,*,#12921,.F.);
#12921 = EDGE_CURVE('',#12606,#12872,#12922,.T.);
#12922 = LINE('',#12923,#12924);
#12923 = CARTESIAN_POINT('',(15.,12.2,10.6));
#12924 = VECTOR('',#12925,1.);
#12925 = DIRECTION('',(1.,0.,-0.));
#12926 = PLANE('',#12927);
#12927 = AXIS2_PLACEMENT_3D('',#12928,#12929,#12930);
#12928 = CARTESIAN_POINT('',(15.,0.,10.6));
#12929 = DIRECTION('',(0.,0.,1.));
#12930 = DIRECTION('',(1.,0.,-0.));
#12931 = ADVANCED_FACE('',(#12932),#12958,.T.);
#12932 = FACE_BOUND('',#12933,.T.);
#12933 = EDGE_LOOP('',(#12934,#12935,#12943,#12951,#12957));
#12934 = ORIENTED_EDGE('',*,*,#12913,.F.);
#12935 = ORIENTED_EDGE('',*,*,#12936,.T.);
#12936 = EDGE_CURVE('',#12906,#12937,#12939,.T.);
#12937 = VERTEX_POINT('',#12938);
#12938 = CARTESIAN_POINT('',(19.45,9.7,8.45));
#12939 = LINE('',#12940,#12941);
#12940 = CARTESIAN_POINT('',(19.45,9.7,10.8));
#12941 = VECTOR('',#12942,1.);
#12942 = DIRECTION('',(0.,0.,-1.));
#12943 = ORIENTED_EDGE('',*,*,#12944,.T.);
#12944 = EDGE_CURVE('',#12937,#12945,#12947,.T.);
#12945 = VERTEX_POINT('',#12946);
#12946 = CARTESIAN_POINT('',(19.45,1.4,8.45));
#12947 = LINE('',#12948,#12949);
#12948 = CARTESIAN_POINT('',(19.45,9.7,8.45));
#12949 = VECTOR('',#12950,1.);
#12950 = DIRECTION('',(0.,-1.,0.));
#12951 = ORIENTED_EDGE('',*,*,#12952,.T.);
#12952 = EDGE_CURVE('',#12945,#12539,#12953,.T.);
#12953 = LINE('',#12954,#12955);
#12954 = CARTESIAN_POINT('',(19.45,1.4,8.45));
#12955 = VECTOR('',#12956,1.);
#12956 = DIRECTION('',(0.,-0.677475754752,0.735545105159));
#12957 = ORIENTED_EDGE('',*,*,#12546,.F.);
#12958 = PLANE('',#12959);
#12959 = AXIS2_PLACEMENT_3D('',#12960,#12961,#12962);
#12960 = CARTESIAN_POINT('',(19.45,4.885171492075,9.712433169613));
#12961 = DIRECTION('',(-1.,-0.,-0.));
#12962 = DIRECTION('',(0.,0.,-1.));
#12963 = ADVANCED_FACE('',(#12964),#12982,.F.);
#12964 = FACE_BOUND('',#12965,.F.);
#12965 = EDGE_LOOP('',(#12966,#12974,#12980,#12981));
#12966 = ORIENTED_EDGE('',*,*,#12967,.F.);
#12967 = EDGE_CURVE('',#12968,#12531,#12970,.T.);
#12968 = VERTEX_POINT('',#12969);
#12969 = CARTESIAN_POINT('',(15.55,1.4,8.45));
#12970 = LINE('',#12971,#12972);
#12971 = CARTESIAN_POINT('',(15.55,1.4,8.45));
#12972 = VECTOR('',#12973,1.);
#12973 = DIRECTION('',(0.,-0.677475754752,0.735545105159));
#12974 = ORIENTED_EDGE('',*,*,#12975,.T.);
#12975 = EDGE_CURVE('',#12968,#12945,#12976,.T.);
#12976 = LINE('',#12977,#12978);
#12977 = CARTESIAN_POINT('',(15.55,1.4,8.45));
#12978 = VECTOR('',#12979,1.);
#12979 = DIRECTION('',(1.,0.,0.));
#12980 = ORIENTED_EDGE('',*,*,#12952,.T.);
#12981 = ORIENTED_EDGE('',*,*,#12538,.F.);
#12982 = PLANE('',#12983);
#12983 = AXIS2_PLACEMENT_3D('',#12984,#12985,#12986);
#12984 = CARTESIAN_POINT('',(15.55,1.4,8.45));
#12985 = DIRECTION('',(0.,-0.735545105159,-0.677475754752));
#12986 = DIRECTION('',(0.,-0.677475754752,0.735545105159));
#12987 = ADVANCED_FACE('',(#12988),#13007,.F.);
#12988 = FACE_BOUND('',#12989,.F.);
#12989 = EDGE_LOOP('',(#12990,#12991,#12999,#13005,#13006));
#12990 = ORIENTED_EDGE('',*,*,#12897,.F.);
#12991 = ORIENTED_EDGE('',*,*,#12992,.T.);
#12992 = EDGE_CURVE('',#12898,#12993,#12995,.T.);
#12993 = VERTEX_POINT('',#12994);
#12994 = CARTESIAN_POINT('',(15.55,9.7,8.45));
#12995 = LINE('',#12996,#12997);
#12996 = CARTESIAN_POINT('',(15.55,9.7,10.8));
#12997 = VECTOR('',#12998,1.);
#12998 = DIRECTION('',(0.,0.,-1.));
#12999 = ORIENTED_EDGE('',*,*,#13000,.T.);
#13000 = EDGE_CURVE('',#12993,#12968,#13001,.T.);
#13001 = LINE('',#13002,#13003);
#13002 = CARTESIAN_POINT('',(15.55,9.7,8.45));
#13003 = VECTOR('',#13004,1.);
#13004 = DIRECTION('',(0.,-1.,0.));
#13005 = ORIENTED_EDGE('',*,*,#12967,.T.);
#13006 = ORIENTED_EDGE('',*,*,#12530,.F.);
#13007 = PLANE('',#13008);
#13008 = AXIS2_PLACEMENT_3D('',#13009,#13010,#13011);
#13009 = CARTESIAN_POINT('',(15.55,4.885171492075,9.712433169613));
#13010 = DIRECTION('',(-1.,-0.,-0.));
#13011 = DIRECTION('',(0.,0.,-1.));
#13012 = ADVANCED_FACE('',(#13013),#13024,.T.);
#13013 = FACE_BOUND('',#13014,.F.);
#13014 = EDGE_LOOP('',(#13015,#13016,#13023));
#13015 = ORIENTED_EDGE('',*,*,#12647,.F.);
#13016 = ORIENTED_EDGE('',*,*,#13017,.T.);
#13017 = EDGE_CURVE('',#12640,#12606,#13018,.T.);
#13018 = CIRCLE('',#13019,0.3);
#13019 = AXIS2_PLACEMENT_3D('',#13020,#13021,#13022);
#13020 = CARTESIAN_POINT('',(15.3,12.2,10.3));
#13021 = DIRECTION('',(1.,0.,6.123233995737E-17));
#13022 = DIRECTION('',(-6.123233995737E-17,-0.,1.));
#13023 = ORIENTED_EDGE('',*,*,#12613,.F.);
#13024 = SPHERICAL_SURFACE('',#13025,0.3);
#13025 = AXIS2_PLACEMENT_3D('',#13026,#13027,#13028);
#13026 = CARTESIAN_POINT('',(15.3,12.2,10.3));
#13027 = DIRECTION('',(0.,-1.,-0.));
#13028 = DIRECTION('',(-1.,-0.,0.));
#13029 = ADVANCED_FACE('',(#13030),#13041,.T.);
#13030 = FACE_BOUND('',#13031,.F.);
#13031 = EDGE_LOOP('',(#13032,#13033,#13040));
#13032 = ORIENTED_EDGE('',*,*,#12679,.F.);
#13033 = ORIENTED_EDGE('',*,*,#13034,.T.);
#13034 = EDGE_CURVE('',#12672,#12631,#13035,.T.);
#13035 = CIRCLE('',#13036,0.3);
#13036 = AXIS2_PLACEMENT_3D('',#13037,#13038,#13039);
#13037 = CARTESIAN_POINT('',(15.3,12.2,0.3));
#13038 = DIRECTION('',(1.,6.123233995737E-17,-0.));
#13039 = DIRECTION('',(-6.123233995737E-17,1.,0.));
#13040 = ORIENTED_EDGE('',*,*,#12630,.F.);
#13041 = SPHERICAL_SURFACE('',#13042,0.3);
#13042 = AXIS2_PLACEMENT_3D('',#13043,#13044,#13045);
#13043 = CARTESIAN_POINT('',(15.3,12.2,0.3));
#13044 = DIRECTION('',(0.,0.,1.));
#13045 = DIRECTION('',(-1.,0.,0.));
#13046 = ADVANCED_FACE('',(#13047),#13072,.T.);
#13047 = FACE_BOUND('',#13048,.T.);
#13048 = EDGE_LOOP('',(#13049,#13050,#13058,#13066));
#13049 = ORIENTED_EDGE('',*,*,#12639,.T.);
#13050 = ORIENTED_EDGE('',*,*,#13051,.T.);
#13051 = EDGE_CURVE('',#12640,#13052,#13054,.T.);
#13052 = VERTEX_POINT('',#13053);
#13053 = CARTESIAN_POINT('',(19.7,12.5,10.3));
#13054 = LINE('',#13055,#13056);
#13055 = CARTESIAN_POINT('',(15.,12.5,10.3));
#13056 = VECTOR('',#13057,1.);
#13057 = DIRECTION('',(1.,0.,-0.));
#13058 = ORIENTED_EDGE('',*,*,#13059,.F.);
#13059 = EDGE_CURVE('',#13060,#13052,#13062,.T.);
#13060 = VERTEX_POINT('',#13061);
#13061 = CARTESIAN_POINT('',(19.7,12.5,0.3));
#13062 = LINE('',#13063,#13064);
#13063 = CARTESIAN_POINT('',(19.7,12.5,0.));
#13064 = VECTOR('',#13065,1.);
#13065 = DIRECTION('',(0.,0.,1.));
#13066 = ORIENTED_EDGE('',*,*,#13067,.F.);
#13067 = EDGE_CURVE('',#12631,#13060,#13068,.T.);
#13068 = LINE('',#13069,#13070);
#13069 = CARTESIAN_POINT('',(15.,12.5,0.3));
#13070 = VECTOR('',#13071,1.);
#13071 = DIRECTION('',(1.,0.,-0.));
#13072 = PLANE('',#13073);
#13073 = AXIS2_PLACEMENT_3D('',#13074,#13075,#13076);
#13074 = CARTESIAN_POINT('',(15.,12.5,0.));
#13075 = DIRECTION('',(-0.,1.,0.));
#13076 = DIRECTION('',(0.,0.,1.));
#13077 = ADVANCED_FACE('',(#13078),#13103,.F.);
#13078 = FACE_BOUND('',#13079,.F.);
#13079 = EDGE_LOOP('',(#13080,#13081,#13089,#13097));
#13080 = ORIENTED_EDGE('',*,*,#12671,.F.);
#13081 = ORIENTED_EDGE('',*,*,#13082,.T.);
#13082 = EDGE_CURVE('',#12663,#13083,#13085,.T.);
#13083 = VERTEX_POINT('',#13084);
#13084 = CARTESIAN_POINT('',(19.7,0.3,0.));
#13085 = LINE('',#13086,#13087);
#13086 = CARTESIAN_POINT('',(15.,0.3,-5.551115123126E-17));
#13087 = VECTOR('',#13088,1.);
#13088 = DIRECTION('',(1.,0.,-0.));
#13089 = ORIENTED_EDGE('',*,*,#13090,.T.);
#13090 = EDGE_CURVE('',#13083,#13091,#13093,.T.);
#13091 = VERTEX_POINT('',#13092);
#13092 = CARTESIAN_POINT('',(19.7,12.2,0.));
#13093 = LINE('',#13094,#13095);
#13094 = CARTESIAN_POINT('',(19.7,0.,-5.551115123126E-17));
#13095 = VECTOR('',#13096,1.);
#13096 = DIRECTION('',(-0.,1.,0.));
#13097 = ORIENTED_EDGE('',*,*,#13098,.F.);
#13098 = EDGE_CURVE('',#12672,#13091,#13099,.T.);
#13099 = LINE('',#13100,#13101);
#13100 = CARTESIAN_POINT('',(15.,12.2,-5.551115123126E-17));
#13101 = VECTOR('',#13102,1.);
#13102 = DIRECTION('',(1.,0.,-0.));
#13103 = PLANE('',#13104);
#13104 = AXIS2_PLACEMENT_3D('',#13105,#13106,#13107);
#13105 = CARTESIAN_POINT('',(15.,0.,0.));
#13106 = DIRECTION('',(0.,0.,1.));
#13107 = DIRECTION('',(1.,0.,-0.));
#13108 = ADVANCED_FACE('',(#13109),#13121,.T.);
#13109 = FACE_BOUND('',#13110,.T.);
#13110 = EDGE_LOOP('',(#13111,#13112,#13113,#13120));
#13111 = ORIENTED_EDGE('',*,*,#12797,.F.);
#13112 = ORIENTED_EDGE('',*,*,#13082,.T.);
#13113 = ORIENTED_EDGE('',*,*,#13114,.T.);
#13114 = EDGE_CURVE('',#13083,#12696,#13115,.T.);
#13115 = CIRCLE('',#13116,0.3);
#13116 = AXIS2_PLACEMENT_3D('',#13117,#13118,#13119);
#13117 = CARTESIAN_POINT('',(19.7,0.3,0.3));
#13118 = DIRECTION('',(-1.,-6.123233995737E-17,0.));
#13119 = DIRECTION('',(6.123233995737E-17,-1.,-0.));
#13120 = ORIENTED_EDGE('',*,*,#12695,.F.);
#13121 = CYLINDRICAL_SURFACE('',#13122,0.3);
#13122 = AXIS2_PLACEMENT_3D('',#13123,#13124,#13125);
#13123 = CARTESIAN_POINT('',(15.,0.3,0.3));
#13124 = DIRECTION('',(1.,0.,-0.));
#13125 = DIRECTION('',(0.,-1.,0.));
#13126 = ADVANCED_FACE('',(#13127),#13152,.F.);
#13127 = FACE_BOUND('',#13128,.F.);
#13128 = EDGE_LOOP('',(#13129,#13130,#13138,#13146));
#13129 = ORIENTED_EDGE('',*,*,#12713,.T.);
#13130 = ORIENTED_EDGE('',*,*,#13131,.T.);
#13131 = EDGE_CURVE('',#12716,#13132,#13134,.T.);
#13132 = VERTEX_POINT('',#13133);
#13133 = CARTESIAN_POINT('',(19.23,0.4,2.25));
#13134 = LINE('',#13135,#13136);
#13135 = CARTESIAN_POINT('',(19.23,-5.E-02,2.25));
#13136 = VECTOR('',#13137,1.);
#13137 = DIRECTION('',(-0.,1.,0.));
#13138 = ORIENTED_EDGE('',*,*,#13139,.T.);
#13139 = EDGE_CURVE('',#13132,#13140,#13142,.T.);
#13140 = VERTEX_POINT('',#13141);
#13141 = CARTESIAN_POINT('',(19.23,0.4,5.65));
#13142 = LINE('',#13143,#13144);
#13143 = CARTESIAN_POINT('',(19.23,0.4,2.25));
#13144 = VECTOR('',#13145,1.);
#13145 = DIRECTION('',(0.,0.,1.));
#13146 = ORIENTED_EDGE('',*,*,#13147,.F.);
#13147 = EDGE_CURVE('',#12714,#13140,#13148,.T.);
#13148 = LINE('',#13149,#13150);
#13149 = CARTESIAN_POINT('',(19.23,-5.E-02,5.65));
#13150 = VECTOR('',#13151,1.);
#13151 = DIRECTION('',(-0.,1.,0.));
#13152 = PLANE('',#13153);
#13153 = AXIS2_PLACEMENT_3D('',#13154,#13155,#13156);
#13154 = CARTESIAN_POINT('',(19.23,-5.E-02,2.25));
#13155 = DIRECTION('',(1.,0.,-0.));
#13156 = DIRECTION('',(0.,0.,1.));
#13157 = ADVANCED_FACE('',(#13158),#13177,.F.);
#13158 = FACE_BOUND('',#13159,.F.);
#13159 = EDGE_LOOP('',(#13160,#13169,#13170,#13171));
#13160 = ORIENTED_EDGE('',*,*,#13161,.F.);
#13161 = EDGE_CURVE('',#13132,#13162,#13164,.T.);
#13162 = VERTEX_POINT('',#13163);
#13163 = CARTESIAN_POINT('',(15.77,0.4,2.25));
#13164 = CIRCLE('',#13165,1.73);
#13165 = AXIS2_PLACEMENT_3D('',#13166,#13167,#13168);
#13166 = CARTESIAN_POINT('',(17.5,0.4,2.25));
#13167 = DIRECTION('',(0.,1.,0.));
#13168 = DIRECTION('',(0.,-0.,1.));
#13169 = ORIENTED_EDGE('',*,*,#13131,.F.);
#13170 = ORIENTED_EDGE('',*,*,#12781,.T.);
#13171 = ORIENTED_EDGE('',*,*,#13172,.T.);
#13172 = EDGE_CURVE('',#12774,#13162,#13173,.T.);
#13173 = LINE('',#13174,#13175);
#13174 = CARTESIAN_POINT('',(15.77,-5.E-02,2.25));
#13175 = VECTOR('',#13176,1.);
#13176 = DIRECTION('',(-0.,1.,0.));
#13177 = CYLINDRICAL_SURFACE('',#13178,1.73);
#13178 = AXIS2_PLACEMENT_3D('',#13179,#13180,#13181);
#13179 = CARTESIAN_POINT('',(17.5,-5.E-02,2.25));
#13180 = DIRECTION('',(0.,1.,0.));
#13181 = DIRECTION('',(0.,-0.,1.));
#13182 = ADVANCED_FACE('',(#13183),#13208,.F.);
#13183 = FACE_BOUND('',#13184,.F.);
#13184 = EDGE_LOOP('',(#13185,#13186,#13194,#13202));
#13185 = ORIENTED_EDGE('',*,*,#12731,.T.);
#13186 = ORIENTED_EDGE('',*,*,#13187,.T.);
#13187 = EDGE_CURVE('',#12724,#13188,#13190,.T.);
#13188 = VERTEX_POINT('',#13189);
#13189 = CARTESIAN_POINT('',(18.63,0.4,5.65));
#13190 = LINE('',#13191,#13192);
#13191 = CARTESIAN_POINT('',(18.63,-5.E-02,5.65));
#13192 = VECTOR('',#13193,1.);
#13193 = DIRECTION('',(-0.,1.,0.));
#13194 = ORIENTED_EDGE('',*,*,#13195,.T.);
#13195 = EDGE_CURVE('',#13188,#13196,#13198,.T.);
#13196 = VERTEX_POINT('',#13197);
#13197 = CARTESIAN_POINT('',(18.63,0.4,7.4));
#13198 = LINE('',#13199,#13200);
#13199 = CARTESIAN_POINT('',(18.63,0.4,5.65));
#13200 = VECTOR('',#13201,1.);
#13201 = DIRECTION('',(0.,0.,1.));
#13202 = ORIENTED_EDGE('',*,*,#13203,.F.);
#13203 = EDGE_CURVE('',#12732,#13196,#13204,.T.);
#13204 = LINE('',#13205,#13206);
#13205 = CARTESIAN_POINT('',(18.63,-5.E-02,7.4));
#13206 = VECTOR('',#13207,1.);
#13207 = DIRECTION('',(-0.,1.,0.));
#13208 = PLANE('',#13209);
#13209 = AXIS2_PLACEMENT_3D('',#13210,#13211,#13212);
#13210 = CARTESIAN_POINT('',(18.63,-5.E-02,5.65));
#13211 = DIRECTION('',(1.,0.,-0.));
#13212 = DIRECTION('',(0.,0.,1.));
#13213 = ADVANCED_FACE('',(#13214),#13232,.T.);
#13214 = FACE_BOUND('',#13215,.T.);
#13215 = EDGE_LOOP('',(#13216,#13217,#13218,#13226));
#13216 = ORIENTED_EDGE('',*,*,#12773,.T.);
#13217 = ORIENTED_EDGE('',*,*,#13172,.T.);
#13218 = ORIENTED_EDGE('',*,*,#13219,.T.);
#13219 = EDGE_CURVE('',#13162,#13220,#13222,.T.);
#13220 = VERTEX_POINT('',#13221);
#13221 = CARTESIAN_POINT('',(15.77,0.4,5.65));
#13222 = LINE('',#13223,#13224);
#13223 = CARTESIAN_POINT('',(15.77,0.4,2.25));
#13224 = VECTOR('',#13225,1.);
#13225 = DIRECTION('',(0.,0.,1.));
#13226 = ORIENTED_EDGE('',*,*,#13227,.F.);
#13227 = EDGE_CURVE('',#12766,#13220,#13228,.T.);
#13228 = LINE('',#13229,#13230);
#13229 = CARTESIAN_POINT('',(15.77,-5.E-02,5.65));
#13230 = VECTOR('',#13231,1.);
#13231 = DIRECTION('',(-0.,1.,0.));
#13232 = PLANE('',#13233);
#13233 = AXIS2_PLACEMENT_3D('',#13234,#13235,#13236);
#13234 = CARTESIAN_POINT('',(15.77,-5.E-02,2.25));
#13235 = DIRECTION('',(1.,0.,-0.));
#13236 = DIRECTION('',(0.,0.,1.));
#13237 = ADVANCED_FACE('',(#13238),#13263,.T.);
#13238 = FACE_BOUND('',#13239,.T.);
#13239 = EDGE_LOOP('',(#13240,#13241,#13249,#13257));
#13240 = ORIENTED_EDGE('',*,*,#12757,.T.);
#13241 = ORIENTED_EDGE('',*,*,#13242,.T.);
#13242 = EDGE_CURVE('',#12758,#13243,#13245,.T.);
#13243 = VERTEX_POINT('',#13244);
#13244 = CARTESIAN_POINT('',(16.37,0.4,5.65));
#13245 = LINE('',#13246,#13247);
#13246 = CARTESIAN_POINT('',(16.37,-5.E-02,5.65));
#13247 = VECTOR('',#13248,1.);
#13248 = DIRECTION('',(-0.,1.,0.));
#13249 = ORIENTED_EDGE('',*,*,#13250,.T.);
#13250 = EDGE_CURVE('',#13243,#13251,#13253,.T.);
#13251 = VERTEX_POINT('',#13252);
#13252 = CARTESIAN_POINT('',(16.37,0.4,7.4));
#13253 = LINE('',#13254,#13255);
#13254 = CARTESIAN_POINT('',(16.37,0.4,5.65));
#13255 = VECTOR('',#13256,1.);
#13256 = DIRECTION('',(0.,0.,1.));
#13257 = ORIENTED_EDGE('',*,*,#13258,.F.);
#13258 = EDGE_CURVE('',#12749,#13251,#13259,.T.);
#13259 = LINE('',#13260,#13261);
#13260 = CARTESIAN_POINT('',(16.37,-5.E-02,7.4));
#13261 = VECTOR('',#13262,1.);
#13262 = DIRECTION('',(-0.,1.,0.));
#13263 = PLANE('',#13264);
#13264 = AXIS2_PLACEMENT_3D('',#13265,#13266,#13267);
#13265 = CARTESIAN_POINT('',(16.37,-5.E-02,5.65));
#13266 = DIRECTION('',(1.,0.,-0.));
#13267 = DIRECTION('',(0.,0.,1.));
#13268 = ADVANCED_FACE('',(#13269),#13280,.T.);
#13269 = FACE_BOUND('',#13270,.F.);
#13270 = EDGE_LOOP('',(#13271,#13278,#13279));
#13271 = ORIENTED_EDGE('',*,*,#13272,.F.);
#13272 = EDGE_CURVE('',#13083,#12814,#13273,.T.);
#13273 = CIRCLE('',#13274,0.3);
#13274 = AXIS2_PLACEMENT_3D('',#13275,#13276,#13277);
#13275 = CARTESIAN_POINT('',(19.7,0.3,0.3));
#13276 = DIRECTION('',(0.,-1.,0.));
#13277 = DIRECTION('',(1.,0.,0.));
#13278 = ORIENTED_EDGE('',*,*,#13114,.T.);
#13279 = ORIENTED_EDGE('',*,*,#12821,.F.);
#13280 = SPHERICAL_SURFACE('',#13281,0.3);
#13281 = AXIS2_PLACEMENT_3D('',#13282,#13283,#13284);
#13282 = CARTESIAN_POINT('',(19.7,0.3,0.3));
#13283 = DIRECTION('',(0.,0.,1.));
#13284 = DIRECTION('',(1.,0.,-0.));
#13285 = ADVANCED_FACE('',(#13286),#13304,.T.);
#13286 = FACE_BOUND('',#13287,.T.);
#13287 = EDGE_LOOP('',(#13288,#13289,#13296,#13297));
#13288 = ORIENTED_EDGE('',*,*,#12847,.F.);
#13289 = ORIENTED_EDGE('',*,*,#13290,.T.);
#13290 = EDGE_CURVE('',#12840,#13060,#13291,.T.);
#13291 = CIRCLE('',#13292,0.3);
#13292 = AXIS2_PLACEMENT_3D('',#13293,#13294,#13295);
#13293 = CARTESIAN_POINT('',(19.7,12.2,0.3));
#13294 = DIRECTION('',(0.,0.,1.));
#13295 = DIRECTION('',(1.,0.,-0.));
#13296 = ORIENTED_EDGE('',*,*,#13059,.T.);
#13297 = ORIENTED_EDGE('',*,*,#13298,.T.);
#13298 = EDGE_CURVE('',#13052,#12848,#13299,.T.);
#13299 = CIRCLE('',#13300,0.3);
#13300 = AXIS2_PLACEMENT_3D('',#13301,#13302,#13303);
#13301 = CARTESIAN_POINT('',(19.7,12.2,10.3));
#13302 = DIRECTION('',(0.,0.,-1.));
#13303 = DIRECTION('',(1.,0.,0.));
#13304 = CYLINDRICAL_SURFACE('',#13305,0.3);
#13305 = AXIS2_PLACEMENT_3D('',#13306,#13307,#13308);
#13306 = CARTESIAN_POINT('',(19.7,12.2,0.));
#13307 = DIRECTION('',(0.,0.,1.));
#13308 = DIRECTION('',(1.,0.,-0.));
#13309 = ADVANCED_FACE('',(#13310),#13322,.T.);
#13310 = FACE_BOUND('',#13311,.T.);
#13311 = EDGE_LOOP('',(#13312,#13313,#13314,#13321));
#13312 = ORIENTED_EDGE('',*,*,#13272,.F.);
#13313 = ORIENTED_EDGE('',*,*,#13090,.T.);
#13314 = ORIENTED_EDGE('',*,*,#13315,.T.);
#13315 = EDGE_CURVE('',#13091,#12840,#13316,.T.);
#13316 = CIRCLE('',#13317,0.3);
#13317 = AXIS2_PLACEMENT_3D('',#13318,#13319,#13320);
#13318 = CARTESIAN_POINT('',(19.7,12.2,0.3));
#13319 = DIRECTION('',(0.,-1.,0.));
#13320 = DIRECTION('',(1.,0.,0.));
#13321 = ORIENTED_EDGE('',*,*,#12839,.F.);
#13322 = CYLINDRICAL_SURFACE('',#13323,0.3);
#13323 = AXIS2_PLACEMENT_3D('',#13324,#13325,#13326);
#13324 = CARTESIAN_POINT('',(19.7,0.,0.3));
#13325 = DIRECTION('',(-0.,1.,0.));
#13326 = DIRECTION('',(1.,0.,-0.));
#13327 = ADVANCED_FACE('',(#13328),#13339,.T.);
#13328 = FACE_BOUND('',#13329,.T.);
#13329 = EDGE_LOOP('',(#13330,#13331,#13338));
#13330 = ORIENTED_EDGE('',*,*,#13298,.F.);
#13331 = ORIENTED_EDGE('',*,*,#13332,.T.);
#13332 = EDGE_CURVE('',#13052,#12872,#13333,.T.);
#13333 = CIRCLE('',#13334,0.3);
#13334 = AXIS2_PLACEMENT_3D('',#13335,#13336,#13337);
#13335 = CARTESIAN_POINT('',(19.7,12.2,10.3));
#13336 = DIRECTION('',(1.,0.,-6.123233995737E-17));
#13337 = DIRECTION('',(6.123233995737E-17,0.,1.));
#13338 = ORIENTED_EDGE('',*,*,#12879,.F.);
#13339 = SPHERICAL_SURFACE('',#13340,0.3);
#13340 = AXIS2_PLACEMENT_3D('',#13341,#13342,#13343);
#13341 = CARTESIAN_POINT('',(19.7,12.2,10.3));
#13342 = DIRECTION('',(0.,-1.,-0.));
#13343 = DIRECTION('',(1.,0.,0.));
#13344 = ADVANCED_FACE('',(#13345),#13351,.T.);
#13345 = FACE_BOUND('',#13346,.T.);
#13346 = EDGE_LOOP('',(#13347,#13348,#13349,#13350));
#13347 = ORIENTED_EDGE('',*,*,#13017,.T.);
#13348 = ORIENTED_EDGE('',*,*,#12921,.T.);
#13349 = ORIENTED_EDGE('',*,*,#13332,.F.);
#13350 = ORIENTED_EDGE('',*,*,#13051,.F.);
#13351 = CYLINDRICAL_SURFACE('',#13352,0.3);
#13352 = AXIS2_PLACEMENT_3D('',#13353,#13354,#13355);
#13353 = CARTESIAN_POINT('',(15.,12.2,10.3));
#13354 = DIRECTION('',(1.,0.,-0.));
#13355 = DIRECTION('',(0.,1.,0.));
#13356 = ADVANCED_FACE('',(#13357),#13368,.F.);
#13357 = FACE_BOUND('',#13358,.F.);
#13358 = EDGE_LOOP('',(#13359,#13360,#13361,#13362));
#13359 = ORIENTED_EDGE('',*,*,#12992,.F.);
#13360 = ORIENTED_EDGE('',*,*,#12905,.F.);
#13361 = ORIENTED_EDGE('',*,*,#12936,.T.);
#13362 = ORIENTED_EDGE('',*,*,#13363,.F.);
#13363 = EDGE_CURVE('',#12993,#12937,#13364,.T.);
#13364 = LINE('',#13365,#13366);
#13365 = CARTESIAN_POINT('',(15.55,9.7,8.45));
#13366 = VECTOR('',#13367,1.);
#13367 = DIRECTION('',(1.,0.,0.));
#13368 = PLANE('',#13369);
#13369 = AXIS2_PLACEMENT_3D('',#13370,#13371,#13372);
#13370 = CARTESIAN_POINT('',(15.55,9.7,10.8));
#13371 = DIRECTION('',(-0.,1.,0.));
#13372 = DIRECTION('',(0.,0.,-1.));
#13373 = ADVANCED_FACE('',(#13374),#13380,.F.);
#13374 = FACE_BOUND('',#13375,.F.);
#13375 = EDGE_LOOP('',(#13376,#13377,#13378,#13379));
#13376 = ORIENTED_EDGE('',*,*,#13363,.T.);
#13377 = ORIENTED_EDGE('',*,*,#12944,.T.);
#13378 = ORIENTED_EDGE('',*,*,#12975,.F.);
#13379 = ORIENTED_EDGE('',*,*,#13000,.F.);
#13380 = PLANE('',#13381);
#13381 = AXIS2_PLACEMENT_3D('',#13382,#13383,#13384);
#13382 = CARTESIAN_POINT('',(15.55,9.7,8.45));
#13383 = DIRECTION('',(0.,0.,-1.));
#13384 = DIRECTION('',(0.,-1.,0.));
#13385 = ADVANCED_FACE('',(#13386),#13398,.T.);
#13386 = FACE_BOUND('',#13387,.F.);
#13387 = EDGE_LOOP('',(#13388,#13389,#13390,#13397));
#13388 = ORIENTED_EDGE('',*,*,#13034,.F.);
#13389 = ORIENTED_EDGE('',*,*,#13098,.T.);
#13390 = ORIENTED_EDGE('',*,*,#13391,.T.);
#13391 = EDGE_CURVE('',#13091,#13060,#13392,.T.);
#13392 = CIRCLE('',#13393,0.3);
#13393 = AXIS2_PLACEMENT_3D('',#13394,#13395,#13396);
#13394 = CARTESIAN_POINT('',(19.7,12.2,0.3));
#13395 = DIRECTION('',(1.,-6.123233995737E-17,0.));
#13396 = DIRECTION('',(6.123233995737E-17,1.,0.));
#13397 = ORIENTED_EDGE('',*,*,#13067,.F.);
#13398 = CYLINDRICAL_SURFACE('',#13399,0.3);
#13399 = AXIS2_PLACEMENT_3D('',#13400,#13401,#13402);
#13400 = CARTESIAN_POINT('',(15.,12.2,0.3));
#13401 = DIRECTION('',(1.,0.,-0.));
#13402 = DIRECTION('',(0.,1.,0.));
#13403 = ADVANCED_FACE('',(#13404),#13409,.T.);
#13404 = FACE_BOUND('',#13405,.T.);
#13405 = EDGE_LOOP('',(#13406,#13407,#13408));
#13406 = ORIENTED_EDGE('',*,*,#13315,.F.);
#13407 = ORIENTED_EDGE('',*,*,#13391,.T.);
#13408 = ORIENTED_EDGE('',*,*,#13290,.F.);
#13409 = SPHERICAL_SURFACE('',#13410,0.3);
#13410 = AXIS2_PLACEMENT_3D('',#13411,#13412,#13413);
#13411 = CARTESIAN_POINT('',(19.7,12.2,0.3));
#13412 = DIRECTION('',(0.,0.,1.));
#13413 = DIRECTION('',(1.,0.,-0.));
#13414 = ADVANCED_FACE('',(#13415),#13458,.T.);
#13415 = FACE_BOUND('',#13416,.T.);
#13416 = EDGE_LOOP('',(#13417,#13425,#13426,#13427,#13428,#13436,#13444,
    #13452));
#13417 = ORIENTED_EDGE('',*,*,#13418,.T.);
#13418 = EDGE_CURVE('',#13419,#13140,#13421,.T.);
#13419 = VERTEX_POINT('',#13420);
#13420 = CARTESIAN_POINT('',(19.05,0.4,5.65));
#13421 = LINE('',#13422,#13423);
#13422 = CARTESIAN_POINT('',(15.77,0.4,5.65));
#13423 = VECTOR('',#13424,1.);
#13424 = DIRECTION('',(1.,0.,-0.));
#13425 = ORIENTED_EDGE('',*,*,#13147,.F.);
#13426 = ORIENTED_EDGE('',*,*,#12723,.F.);
#13427 = ORIENTED_EDGE('',*,*,#13187,.T.);
#13428 = ORIENTED_EDGE('',*,*,#13429,.F.);
#13429 = EDGE_CURVE('',#13430,#13188,#13432,.T.);
#13430 = VERTEX_POINT('',#13431);
#13431 = CARTESIAN_POINT('',(18.45,0.4,5.65));
#13432 = LINE('',#13433,#13434);
#13433 = CARTESIAN_POINT('',(15.77,0.4,5.65));
#13434 = VECTOR('',#13435,1.);
#13435 = DIRECTION('',(1.,0.,-0.));
#13436 = ORIENTED_EDGE('',*,*,#13437,.T.);
#13437 = EDGE_CURVE('',#13430,#13438,#13440,.T.);
#13438 = VERTEX_POINT('',#13439);
#13439 = CARTESIAN_POINT('',(18.45,4.35,5.65));
#13440 = LINE('',#13441,#13442);
#13441 = CARTESIAN_POINT('',(18.45,0.4,5.65));
#13442 = VECTOR('',#13443,1.);
#13443 = DIRECTION('',(-0.,1.,0.));
#13444 = ORIENTED_EDGE('',*,*,#13445,.T.);
#13445 = EDGE_CURVE('',#13438,#13446,#13448,.T.);
#13446 = VERTEX_POINT('',#13447);
#13447 = CARTESIAN_POINT('',(19.05,4.35,5.65));
#13448 = LINE('',#13449,#13450);
#13449 = CARTESIAN_POINT('',(15.95,4.35,5.65));
#13450 = VECTOR('',#13451,1.);
#13451 = DIRECTION('',(1.,0.,-0.));
#13452 = ORIENTED_EDGE('',*,*,#13453,.F.);
#13453 = EDGE_CURVE('',#13419,#13446,#13454,.T.);
#13454 = LINE('',#13455,#13456);
#13455 = CARTESIAN_POINT('',(19.05,0.4,5.65));
#13456 = VECTOR('',#13457,1.);
#13457 = DIRECTION('',(-0.,1.,0.));
#13458 = PLANE('',#13459);
#13459 = AXIS2_PLACEMENT_3D('',#13460,#13461,#13462);
#13460 = CARTESIAN_POINT('',(18.777719298246,2.112719298246,5.65));
#13461 = DIRECTION('',(-0.,-0.,-1.));
#13462 = DIRECTION('',(-1.,0.,0.));
#13463 = ADVANCED_FACE('',(#13464),#13489,.F.);
#13464 = FACE_BOUND('',#13465,.F.);
#13465 = EDGE_LOOP('',(#13466,#13474,#13475,#13483));
#13466 = ORIENTED_EDGE('',*,*,#13467,.F.);
#13467 = EDGE_CURVE('',#13430,#13468,#13470,.T.);
#13468 = VERTEX_POINT('',#13469);
#13469 = CARTESIAN_POINT('',(18.45,0.4,7.4));
#13470 = LINE('',#13471,#13472);
#13471 = CARTESIAN_POINT('',(18.45,0.4,5.65));
#13472 = VECTOR('',#13473,1.);
#13473 = DIRECTION('',(0.,0.,1.));
#13474 = ORIENTED_EDGE('',*,*,#13437,.T.);
#13475 = ORIENTED_EDGE('',*,*,#13476,.T.);
#13476 = EDGE_CURVE('',#13438,#13477,#13479,.T.);
#13477 = VERTEX_POINT('',#13478);
#13478 = CARTESIAN_POINT('',(18.45,4.35,7.4));
#13479 = LINE('',#13480,#13481);
#13480 = CARTESIAN_POINT('',(18.45,4.35,5.65));
#13481 = VECTOR('',#13482,1.);
#13482 = DIRECTION('',(0.,0.,1.));
#13483 = ORIENTED_EDGE('',*,*,#13484,.F.);
#13484 = EDGE_CURVE('',#13468,#13477,#13485,.T.);
#13485 = LINE('',#13486,#13487);
#13486 = CARTESIAN_POINT('',(18.45,0.4,7.4));
#13487 = VECTOR('',#13488,1.);
#13488 = DIRECTION('',(-0.,1.,0.));
#13489 = PLANE('',#13490);
#13490 = AXIS2_PLACEMENT_3D('',#13491,#13492,#13493);
#13491 = CARTESIAN_POINT('',(18.45,0.4,5.65));
#13492 = DIRECTION('',(1.,0.,-0.));
#13493 = DIRECTION('',(0.,0.,1.));
#13494 = ADVANCED_FACE('',(#13495),#13520,.F.);
#13495 = FACE_BOUND('',#13496,.F.);
#13496 = EDGE_LOOP('',(#13497,#13505,#13513,#13519));
#13497 = ORIENTED_EDGE('',*,*,#13498,.F.);
#13498 = EDGE_CURVE('',#13499,#13419,#13501,.T.);
#13499 = VERTEX_POINT('',#13500);
#13500 = CARTESIAN_POINT('',(19.05,0.4,2.25));
#13501 = LINE('',#13502,#13503);
#13502 = CARTESIAN_POINT('',(19.05,0.4,2.25));
#13503 = VECTOR('',#13504,1.);
#13504 = DIRECTION('',(0.,0.,1.));
#13505 = ORIENTED_EDGE('',*,*,#13506,.T.);
#13506 = EDGE_CURVE('',#13499,#13507,#13509,.T.);
#13507 = VERTEX_POINT('',#13508);
#13508 = CARTESIAN_POINT('',(19.05,4.35,2.25));
#13509 = LINE('',#13510,#13511);
#13510 = CARTESIAN_POINT('',(19.05,0.4,2.25));
#13511 = VECTOR('',#13512,1.);
#13512 = DIRECTION('',(-0.,1.,0.));
#13513 = ORIENTED_EDGE('',*,*,#13514,.T.);
#13514 = EDGE_CURVE('',#13507,#13446,#13515,.T.);
#13515 = LINE('',#13516,#13517);
#13516 = CARTESIAN_POINT('',(19.05,4.35,2.25));
#13517 = VECTOR('',#13518,1.);
#13518 = DIRECTION('',(0.,0.,1.));
#13519 = ORIENTED_EDGE('',*,*,#13453,.F.);
#13520 = PLANE('',#13521);
#13521 = AXIS2_PLACEMENT_3D('',#13522,#13523,#13524);
#13522 = CARTESIAN_POINT('',(19.05,0.4,2.25));
#13523 = DIRECTION('',(1.,0.,-0.));
#13524 = DIRECTION('',(0.,0.,1.));
#13525 = ADVANCED_FACE('',(#13526),#13553,.F.);
#13526 = FACE_BOUND('',#13527,.F.);
#13527 = EDGE_LOOP('',(#13528,#13537,#13538,#13547));
#13528 = ORIENTED_EDGE('',*,*,#13529,.F.);
#13529 = EDGE_CURVE('',#13507,#13530,#13532,.T.);
#13530 = VERTEX_POINT('',#13531);
#13531 = CARTESIAN_POINT('',(15.95,4.35,2.25));
#13532 = CIRCLE('',#13533,1.55);
#13533 = AXIS2_PLACEMENT_3D('',#13534,#13535,#13536);
#13534 = CARTESIAN_POINT('',(17.5,4.35,2.25));
#13535 = DIRECTION('',(0.,1.,0.));
#13536 = DIRECTION('',(0.,-0.,1.));
#13537 = ORIENTED_EDGE('',*,*,#13506,.F.);
#13538 = ORIENTED_EDGE('',*,*,#13539,.T.);
#13539 = EDGE_CURVE('',#13499,#13540,#13542,.T.);
#13540 = VERTEX_POINT('',#13541);
#13541 = CARTESIAN_POINT('',(15.95,0.4,2.25));
#13542 = CIRCLE('',#13543,1.55);
#13543 = AXIS2_PLACEMENT_3D('',#13544,#13545,#13546);
#13544 = CARTESIAN_POINT('',(17.5,0.4,2.25));
#13545 = DIRECTION('',(0.,1.,0.));
#13546 = DIRECTION('',(0.,-0.,1.));
#13547 = ORIENTED_EDGE('',*,*,#13548,.T.);
#13548 = EDGE_CURVE('',#13540,#13530,#13549,.T.);
#13549 = LINE('',#13550,#13551);
#13550 = CARTESIAN_POINT('',(15.95,0.4,2.25));
#13551 = VECTOR('',#13552,1.);
#13552 = DIRECTION('',(-0.,1.,0.));
#13553 = CYLINDRICAL_SURFACE('',#13554,1.55);
#13554 = AXIS2_PLACEMENT_3D('',#13555,#13556,#13557);
#13555 = CARTESIAN_POINT('',(17.5,0.4,2.25));
#13556 = DIRECTION('',(0.,1.,0.));
#13557 = DIRECTION('',(0.,-0.,1.));
#13558 = ADVANCED_FACE('',(#13559),#13584,.T.);
#13559 = FACE_BOUND('',#13560,.T.);
#13560 = EDGE_LOOP('',(#13561,#13569,#13570,#13578));
#13561 = ORIENTED_EDGE('',*,*,#13562,.F.);
#13562 = EDGE_CURVE('',#13540,#13563,#13565,.T.);
#13563 = VERTEX_POINT('',#13564);
#13564 = CARTESIAN_POINT('',(15.95,0.4,5.65));
#13565 = LINE('',#13566,#13567);
#13566 = CARTESIAN_POINT('',(15.95,0.4,2.25));
#13567 = VECTOR('',#13568,1.);
#13568 = DIRECTION('',(0.,0.,1.));
#13569 = ORIENTED_EDGE('',*,*,#13548,.T.);
#13570 = ORIENTED_EDGE('',*,*,#13571,.T.);
#13571 = EDGE_CURVE('',#13530,#13572,#13574,.T.);
#13572 = VERTEX_POINT('',#13573);
#13573 = CARTESIAN_POINT('',(15.95,4.35,5.65));
#13574 = LINE('',#13575,#13576);
#13575 = CARTESIAN_POINT('',(15.95,4.35,2.25));
#13576 = VECTOR('',#13577,1.);
#13577 = DIRECTION('',(0.,0.,1.));
#13578 = ORIENTED_EDGE('',*,*,#13579,.F.);
#13579 = EDGE_CURVE('',#13563,#13572,#13580,.T.);
#13580 = LINE('',#13581,#13582);
#13581 = CARTESIAN_POINT('',(15.95,0.4,5.65));
#13582 = VECTOR('',#13583,1.);
#13583 = DIRECTION('',(-0.,1.,0.));
#13584 = PLANE('',#13585);
#13585 = AXIS2_PLACEMENT_3D('',#13586,#13587,#13588);
#13586 = CARTESIAN_POINT('',(15.95,0.4,2.25));
#13587 = DIRECTION('',(1.,0.,-0.));
#13588 = DIRECTION('',(0.,0.,1.));
#13589 = ADVANCED_FACE('',(#13590),#13624,.T.);
#13590 = FACE_BOUND('',#13591,.T.);
#13591 = EDGE_LOOP('',(#13592,#13598,#13599,#13607,#13615,#13621,#13622,
    #13623));
#13592 = ORIENTED_EDGE('',*,*,#13593,.T.);
#13593 = EDGE_CURVE('',#13220,#13563,#13594,.T.);
#13594 = LINE('',#13595,#13596);
#13595 = CARTESIAN_POINT('',(15.77,0.4,5.65));
#13596 = VECTOR('',#13597,1.);
#13597 = DIRECTION('',(1.,0.,-0.));
#13598 = ORIENTED_EDGE('',*,*,#13579,.T.);
#13599 = ORIENTED_EDGE('',*,*,#13600,.T.);
#13600 = EDGE_CURVE('',#13572,#13601,#13603,.T.);
#13601 = VERTEX_POINT('',#13602);
#13602 = CARTESIAN_POINT('',(16.55,4.35,5.65));
#13603 = LINE('',#13604,#13605);
#13604 = CARTESIAN_POINT('',(15.95,4.35,5.65));
#13605 = VECTOR('',#13606,1.);
#13606 = DIRECTION('',(1.,0.,-0.));
#13607 = ORIENTED_EDGE('',*,*,#13608,.F.);
#13608 = EDGE_CURVE('',#13609,#13601,#13611,.T.);
#13609 = VERTEX_POINT('',#13610);
#13610 = CARTESIAN_POINT('',(16.55,0.4,5.65));
#13611 = LINE('',#13612,#13613);
#13612 = CARTESIAN_POINT('',(16.55,0.4,5.65));
#13613 = VECTOR('',#13614,1.);
#13614 = DIRECTION('',(-0.,1.,0.));
#13615 = ORIENTED_EDGE('',*,*,#13616,.F.);
#13616 = EDGE_CURVE('',#13243,#13609,#13617,.T.);
#13617 = LINE('',#13618,#13619);
#13618 = CARTESIAN_POINT('',(15.77,0.4,5.65));
#13619 = VECTOR('',#13620,1.);
#13620 = DIRECTION('',(1.,0.,-0.));
#13621 = ORIENTED_EDGE('',*,*,#13242,.F.);
#13622 = ORIENTED_EDGE('',*,*,#12765,.F.);
#13623 = ORIENTED_EDGE('',*,*,#13227,.T.);
#13624 = PLANE('',#13625);
#13625 = AXIS2_PLACEMENT_3D('',#13626,#13627,#13628);
#13626 = CARTESIAN_POINT('',(16.222280701754,2.112719298246,5.65));
#13627 = DIRECTION('',(-0.,-0.,-1.));
#13628 = DIRECTION('',(-1.,0.,0.));
#13629 = ADVANCED_FACE('',(#13630),#13655,.T.);
#13630 = FACE_BOUND('',#13631,.T.);
#13631 = EDGE_LOOP('',(#13632,#13640,#13641,#13649));
#13632 = ORIENTED_EDGE('',*,*,#13633,.F.);
#13633 = EDGE_CURVE('',#13609,#13634,#13636,.T.);
#13634 = VERTEX_POINT('',#13635);
#13635 = CARTESIAN_POINT('',(16.55,0.4,7.4));
#13636 = LINE('',#13637,#13638);
#13637 = CARTESIAN_POINT('',(16.55,0.4,5.65));
#13638 = VECTOR('',#13639,1.);
#13639 = DIRECTION('',(0.,0.,1.));
#13640 = ORIENTED_EDGE('',*,*,#13608,.T.);
#13641 = ORIENTED_EDGE('',*,*,#13642,.T.);
#13642 = EDGE_CURVE('',#13601,#13643,#13645,.T.);
#13643 = VERTEX_POINT('',#13644);
#13644 = CARTESIAN_POINT('',(16.55,4.35,7.4));
#13645 = LINE('',#13646,#13647);
#13646 = CARTESIAN_POINT('',(16.55,4.35,5.65));
#13647 = VECTOR('',#13648,1.);
#13648 = DIRECTION('',(0.,0.,1.));
#13649 = ORIENTED_EDGE('',*,*,#13650,.F.);
#13650 = EDGE_CURVE('',#13634,#13643,#13651,.T.);
#13651 = LINE('',#13652,#13653);
#13652 = CARTESIAN_POINT('',(16.55,0.4,7.4));
#13653 = VECTOR('',#13654,1.);
#13654 = DIRECTION('',(-0.,1.,0.));
#13655 = PLANE('',#13656);
#13656 = AXIS2_PLACEMENT_3D('',#13657,#13658,#13659);
#13657 = CARTESIAN_POINT('',(16.55,0.4,5.65));
#13658 = DIRECTION('',(1.,0.,-0.));
#13659 = DIRECTION('',(0.,0.,1.));
#13660 = ADVANCED_FACE('',(#13661),#13671,.T.);
#13661 = FACE_BOUND('',#13662,.T.);
#13662 = EDGE_LOOP('',(#13663,#13664,#13665,#13666,#13667,#13668,#13669,
    #13670));
#13663 = ORIENTED_EDGE('',*,*,#13139,.T.);
#13664 = ORIENTED_EDGE('',*,*,#13418,.F.);
#13665 = ORIENTED_EDGE('',*,*,#13498,.F.);
#13666 = ORIENTED_EDGE('',*,*,#13539,.T.);
#13667 = ORIENTED_EDGE('',*,*,#13562,.T.);
#13668 = ORIENTED_EDGE('',*,*,#13593,.F.);
#13669 = ORIENTED_EDGE('',*,*,#13219,.F.);
#13670 = ORIENTED_EDGE('',*,*,#13161,.F.);
#13671 = PLANE('',#13672);
#13672 = AXIS2_PLACEMENT_3D('',#13673,#13674,#13675);
#13673 = CARTESIAN_POINT('',(17.5,0.4,2.880205591296));
#13674 = DIRECTION('',(-0.,-1.,-0.));
#13675 = DIRECTION('',(0.,0.,-1.));
#13676 = ADVANCED_FACE('',(#13677),#13717,.T.);
#13677 = FACE_BOUND('',#13678,.T.);
#13678 = EDGE_LOOP('',(#13679,#13680,#13681,#13690,#13697,#13698,#13699,
    #13700,#13709,#13716));
#13679 = ORIENTED_EDGE('',*,*,#13429,.T.);
#13680 = ORIENTED_EDGE('',*,*,#13195,.T.);
#13681 = ORIENTED_EDGE('',*,*,#13682,.F.);
#13682 = EDGE_CURVE('',#13683,#13196,#13685,.T.);
#13683 = VERTEX_POINT('',#13684);
#13684 = CARTESIAN_POINT('',(17.5,0.4,8.53));
#13685 = CIRCLE('',#13686,1.13);
#13686 = AXIS2_PLACEMENT_3D('',#13687,#13688,#13689);
#13687 = CARTESIAN_POINT('',(17.5,0.4,7.4));
#13688 = DIRECTION('',(0.,1.,0.));
#13689 = DIRECTION('',(0.,-0.,1.));
#13690 = ORIENTED_EDGE('',*,*,#13691,.F.);
#13691 = EDGE_CURVE('',#13251,#13683,#13692,.T.);
#13692 = CIRCLE('',#13693,1.13);
#13693 = AXIS2_PLACEMENT_3D('',#13694,#13695,#13696);
#13694 = CARTESIAN_POINT('',(17.5,0.4,7.4));
#13695 = DIRECTION('',(0.,1.,0.));
#13696 = DIRECTION('',(0.,-0.,1.));
#13697 = ORIENTED_EDGE('',*,*,#13250,.F.);
#13698 = ORIENTED_EDGE('',*,*,#13616,.T.);
#13699 = ORIENTED_EDGE('',*,*,#13633,.T.);
#13700 = ORIENTED_EDGE('',*,*,#13701,.T.);
#13701 = EDGE_CURVE('',#13634,#13702,#13704,.T.);
#13702 = VERTEX_POINT('',#13703);
#13703 = CARTESIAN_POINT('',(17.5,0.4,8.35));
#13704 = CIRCLE('',#13705,0.95);
#13705 = AXIS2_PLACEMENT_3D('',#13706,#13707,#13708);
#13706 = CARTESIAN_POINT('',(17.5,0.4,7.4));
#13707 = DIRECTION('',(0.,1.,0.));
#13708 = DIRECTION('',(0.,-0.,1.));
#13709 = ORIENTED_EDGE('',*,*,#13710,.T.);
#13710 = EDGE_CURVE('',#13702,#13468,#13711,.T.);
#13711 = CIRCLE('',#13712,0.95);
#13712 = AXIS2_PLACEMENT_3D('',#13713,#13714,#13715);
#13713 = CARTESIAN_POINT('',(17.5,0.4,7.4));
#13714 = DIRECTION('',(0.,1.,0.));
#13715 = DIRECTION('',(0.,-0.,1.));
#13716 = ORIENTED_EDGE('',*,*,#13467,.F.);
#13717 = PLANE('',#13718);
#13718 = AXIS2_PLACEMENT_3D('',#13719,#13720,#13721);
#13719 = CARTESIAN_POINT('',(17.5,0.4,7.215868321793));
#13720 = DIRECTION('',(-0.,-1.,-0.));
#13721 = DIRECTION('',(0.,0.,-1.));
#13722 = ADVANCED_FACE('',(#13723),#13748,.T.);
#13723 = FACE_BOUND('',#13724,.T.);
#13724 = EDGE_LOOP('',(#13725,#13726,#13727,#13728,#13737,#13744,#13745,
    #13746,#13747));
#13725 = ORIENTED_EDGE('',*,*,#13514,.T.);
#13726 = ORIENTED_EDGE('',*,*,#13445,.F.);
#13727 = ORIENTED_EDGE('',*,*,#13476,.T.);
#13728 = ORIENTED_EDGE('',*,*,#13729,.F.);
#13729 = EDGE_CURVE('',#13730,#13477,#13732,.T.);
#13730 = VERTEX_POINT('',#13731);
#13731 = CARTESIAN_POINT('',(17.5,4.35,8.35));
#13732 = CIRCLE('',#13733,0.95);
#13733 = AXIS2_PLACEMENT_3D('',#13734,#13735,#13736);
#13734 = CARTESIAN_POINT('',(17.5,4.35,7.4));
#13735 = DIRECTION('',(0.,1.,0.));
#13736 = DIRECTION('',(0.,-0.,1.));
#13737 = ORIENTED_EDGE('',*,*,#13738,.F.);
#13738 = EDGE_CURVE('',#13643,#13730,#13739,.T.);
#13739 = CIRCLE('',#13740,0.95);
#13740 = AXIS2_PLACEMENT_3D('',#13741,#13742,#13743);
#13741 = CARTESIAN_POINT('',(17.5,4.35,7.4));
#13742 = DIRECTION('',(0.,1.,0.));
#13743 = DIRECTION('',(0.,-0.,1.));
#13744 = ORIENTED_EDGE('',*,*,#13642,.F.);
#13745 = ORIENTED_EDGE('',*,*,#13600,.F.);
#13746 = ORIENTED_EDGE('',*,*,#13571,.F.);
#13747 = ORIENTED_EDGE('',*,*,#13529,.F.);
#13748 = PLANE('',#13749);
#13749 = AXIS2_PLACEMENT_3D('',#13750,#13751,#13752);
#13750 = CARTESIAN_POINT('',(17.5,4.35,4.521140854833));
#13751 = DIRECTION('',(-0.,-1.,-0.));
#13752 = DIRECTION('',(0.,0.,-1.));
#13753 = ADVANCED_FACE('',(#13754),#13762,.F.);
#13754 = FACE_BOUND('',#13755,.F.);
#13755 = EDGE_LOOP('',(#13756,#13757,#13758,#13759,#13760,#13761));
#13756 = ORIENTED_EDGE('',*,*,#13258,.F.);
#13757 = ORIENTED_EDGE('',*,*,#12748,.T.);
#13758 = ORIENTED_EDGE('',*,*,#12739,.T.);
#13759 = ORIENTED_EDGE('',*,*,#13203,.T.);
#13760 = ORIENTED_EDGE('',*,*,#13682,.F.);
#13761 = ORIENTED_EDGE('',*,*,#13691,.F.);
#13762 = CYLINDRICAL_SURFACE('',#13763,1.13);
#13763 = AXIS2_PLACEMENT_3D('',#13764,#13765,#13766);
#13764 = CARTESIAN_POINT('',(17.5,-5.E-02,7.4));
#13765 = DIRECTION('',(0.,1.,0.));
#13766 = DIRECTION('',(0.,-0.,1.));
#13767 = ADVANCED_FACE('',(#13768),#13776,.F.);
#13768 = FACE_BOUND('',#13769,.F.);
#13769 = EDGE_LOOP('',(#13770,#13771,#13772,#13773,#13774,#13775));
#13770 = ORIENTED_EDGE('',*,*,#13484,.T.);
#13771 = ORIENTED_EDGE('',*,*,#13729,.F.);
#13772 = ORIENTED_EDGE('',*,*,#13738,.F.);
#13773 = ORIENTED_EDGE('',*,*,#13650,.F.);
#13774 = ORIENTED_EDGE('',*,*,#13701,.T.);
#13775 = ORIENTED_EDGE('',*,*,#13710,.T.);
#13776 = CYLINDRICAL_SURFACE('',#13777,0.95);
#13777 = AXIS2_PLACEMENT_3D('',#13778,#13779,#13780);
#13778 = CARTESIAN_POINT('',(17.5,0.4,7.4));
#13779 = DIRECTION('',(0.,1.,0.));
#13780 = DIRECTION('',(0.,-0.,1.));
#13781 = ( GEOMETRIC_REPRESENTATION_CONTEXT(3)
GLOBAL_UNCERTAINTY_ASSIGNED_CONTEXT((#13785))
GLOBAL_UNIT_ASSIGNED_CONTEXT((#13782,#13783,#13784))
REPRESENTATION_CONTEXT('Context #1',
  '3D Context with UNIT and UNCERTAINTY') );
#13782 = ( LENGTH_UNIT() NAMED_UNIT(*) SI_UNIT(.MILLI.,.METRE.) );
#13783 = ( NAMED_UNIT(*) PLANE_ANGLE_UNIT() SI_UNIT($,.RADIAN.) );
#13784 = ( NAMED_UNIT(*) SI_UNIT($,.STERADIAN.) SOLID_ANGLE_UNIT() );
#13785 = UNCERTAINTY_MEASURE_WITH_UNIT(LENGTH_MEASURE(1.E-07),#13782,
  'distance_accuracy_value','confusion accuracy');
#13786 = CONTEXT_DEPENDENT_SHAPE_REPRESENTATION(#13787,#13789);
#13787 = ( REPRESENTATION_RELATIONSHIP('','',#12425,#10)
REPRESENTATION_RELATIONSHIP_WITH_TRANSFORMATION(#13788)
SHAPE_REPRESENTATION_RELATIONSHIP() );
#13788 = ITEM_DEFINED_TRANSFORMATION('','',#11,#111);
#13789 = PRODUCT_DEFINITION_SHAPE('Placement','Placement of an item',
  #13790);
#13790 = NEXT_ASSEMBLY_USAGE_OCCURRENCE('25','Housing P6','',#5,#12420,$
  );
#13791 = PRODUCT_RELATED_PRODUCT_CATEGORY('part',$,(#12422));
#13792 = SHAPE_DEFINITION_REPRESENTATION(#13793,#13799);
#13793 = PRODUCT_DEFINITION_SHAPE('','',#13794);
#13794 = PRODUCT_DEFINITION('design','',#13795,#13798);
#13795 = PRODUCT_DEFINITION_FORMATION('','',#13796);
#13796 = PRODUCT('Spacer between P5 and P6','Spacer between P5 and P6',
  '',(#13797));
#13797 = PRODUCT_CONTEXT('',#2,'mechanical');
#13798 = PRODUCT_DEFINITION_CONTEXT('part definition',#2,'design');
#13799 = ADVANCED_BREP_SHAPE_REPRESENTATION('',(#11,#13800),#14404);
#13800 = MANIFOLD_SOLID_BREP('',#13801);
#13801 = CLOSED_SHELL('',(#13802,#13850,#13883,#13942,#13967,#14000,
    #14033,#14057,#14074,#14099,#14131,#14156,#14173,#14190,#14207,
    #14238,#14269,#14287,#14304,#14328,#14346,#14363,#14375,#14393));
#13802 = ADVANCED_FACE('',(#13803),#13845,.F.);
#13803 = FACE_BOUND('',#13804,.F.);
#13804 = EDGE_LOOP('',(#13805,#13815,#13823,#13831,#13839));
#13805 = ORIENTED_EDGE('',*,*,#13806,.F.);
#13806 = EDGE_CURVE('',#13807,#13809,#13811,.T.);
#13807 = VERTEX_POINT('',#13808);
#13808 = CARTESIAN_POINT('',(20.,0.3,0.3));
#13809 = VERTEX_POINT('',#13810);
#13810 = CARTESIAN_POINT('',(20.,0.3,9.086363636364));
#13811 = LINE('',#13812,#13813);
#13812 = CARTESIAN_POINT('',(20.,0.3,0.));
#13813 = VECTOR('',#13814,1.);
#13814 = DIRECTION('',(0.,0.,1.));
#13815 = ORIENTED_EDGE('',*,*,#13816,.T.);
#13816 = EDGE_CURVE('',#13807,#13817,#13819,.T.);
#13817 = VERTEX_POINT('',#13818);
#13818 = CARTESIAN_POINT('',(20.,12.2,0.3));
#13819 = LINE('',#13820,#13821);
#13820 = CARTESIAN_POINT('',(20.,0.,0.3));
#13821 = VECTOR('',#13822,1.);
#13822 = DIRECTION('',(-0.,1.,0.));
#13823 = ORIENTED_EDGE('',*,*,#13824,.T.);
#13824 = EDGE_CURVE('',#13817,#13825,#13827,.T.);
#13825 = VERTEX_POINT('',#13826);
#13826 = CARTESIAN_POINT('',(20.,12.2,10.3));
#13827 = LINE('',#13828,#13829);
#13828 = CARTESIAN_POINT('',(20.,12.2,0.));
#13829 = VECTOR('',#13830,1.);
#13830 = DIRECTION('',(0.,0.,1.));
#13831 = ORIENTED_EDGE('',*,*,#13832,.F.);
#13832 = EDGE_CURVE('',#13833,#13825,#13835,.T.);
#13833 = VERTEX_POINT('',#13834);
#13834 = CARTESIAN_POINT('',(20.,1.743243243243,10.3));
#13835 = LINE('',#13836,#13837);
#13836 = CARTESIAN_POINT('',(20.,0.,10.3));
#13837 = VECTOR('',#13838,1.);
#13838 = DIRECTION('',(-0.,1.,0.));
#13839 = ORIENTED_EDGE('',*,*,#13840,.F.);
#13840 = EDGE_CURVE('',#13809,#13833,#13841,.T.);
#13841 = LINE('',#13842,#13843);
#13842 = CARTESIAN_POINT('',(20.,-1.125779122542,7.88741301059));
#13843 = VECTOR('',#13844,1.);
#13844 = DIRECTION('',(0.,0.765362085905,0.643599935875));
#13845 = PLANE('',#13846);
#13846 = AXIS2_PLACEMENT_3D('',#13847,#13848,#13849);
#13847 = CARTESIAN_POINT('',(20.,0.,0.));
#13848 = DIRECTION('',(1.,0.,-0.));
#13849 = DIRECTION('',(0.,0.,1.));
#13850 = ADVANCED_FACE('',(#13851),#13878,.T.);
#13851 = FACE_BOUND('',#13852,.T.);
#13852 = EDGE_LOOP('',(#13853,#13854,#13863,#13871));
#13853 = ORIENTED_EDGE('',*,*,#13806,.F.);
#13854 = ORIENTED_EDGE('',*,*,#13855,.T.);
#13855 = EDGE_CURVE('',#13807,#13856,#13858,.T.);
#13856 = VERTEX_POINT('',#13857);
#13857 = CARTESIAN_POINT('',(20.3,-5.551115123126E-17,0.3));
#13858 = CIRCLE('',#13859,0.3);
#13859 = AXIS2_PLACEMENT_3D('',#13860,#13861,#13862);
#13860 = CARTESIAN_POINT('',(20.3,0.3,0.3));
#13861 = DIRECTION('',(0.,0.,1.));
#13862 = DIRECTION('',(-1.,0.,0.));
#13863 = ORIENTED_EDGE('',*,*,#13864,.T.);
#13864 = EDGE_CURVE('',#13856,#13865,#13867,.T.);
#13865 = VERTEX_POINT('',#13866);
#13866 = CARTESIAN_POINT('',(20.3,-5.551115123126E-17,8.834090909091));
#13867 = LINE('',#13868,#13869);
#13868 = CARTESIAN_POINT('',(20.3,-5.551115123126E-17,0.));
#13869 = VECTOR('',#13870,1.);
#13870 = DIRECTION('',(0.,0.,1.));
#13871 = ORIENTED_EDGE('',*,*,#13872,.T.);
#13872 = EDGE_CURVE('',#13865,#13809,#13873,.T.);
#13873 = ELLIPSE('',#13874,0.391971336867,0.3);
#13874 = AXIS2_PLACEMENT_3D('',#13875,#13876,#13877);
#13875 = CARTESIAN_POINT('',(20.3,0.3,9.086363636364));
#13876 = DIRECTION('',(0.,0.643599935875,-0.765362085905));
#13877 = DIRECTION('',(0.,0.765362085905,0.643599935875));
#13878 = CYLINDRICAL_SURFACE('',#13879,0.3);
#13879 = AXIS2_PLACEMENT_3D('',#13880,#13881,#13882);
#13880 = CARTESIAN_POINT('',(20.3,0.3,0.));
#13881 = DIRECTION('',(0.,0.,1.));
#13882 = DIRECTION('',(-1.,-0.,0.));
#13883 = ADVANCED_FACE('',(#13884),#13937,.F.);
#13884 = FACE_BOUND('',#13885,.F.);
#13885 = EDGE_LOOP('',(#13886,#13895,#13903,#13912,#13920,#13929,#13935,
    #13936));
#13886 = ORIENTED_EDGE('',*,*,#13887,.T.);
#13887 = EDGE_CURVE('',#13833,#13888,#13890,.T.);
#13888 = VERTEX_POINT('',#13889);
#13889 = CARTESIAN_POINT('',(20.3,2.1,10.6));
#13890 = ELLIPSE('',#13891,0.466128076275,0.3);
#13891 = AXIS2_PLACEMENT_3D('',#13892,#13893,#13894);
#13892 = CARTESIAN_POINT('',(20.3,1.743243243243,10.3));
#13893 = DIRECTION('',(0.,0.643599935875,-0.765362085905));
#13894 = DIRECTION('',(0.,0.765362085905,0.643599935875));
#13895 = ORIENTED_EDGE('',*,*,#13896,.T.);
#13896 = EDGE_CURVE('',#13888,#13897,#13899,.T.);
#13897 = VERTEX_POINT('',#13898);
#13898 = CARTESIAN_POINT('',(22.2,2.1,10.6));
#13899 = LINE('',#13900,#13901);
#13900 = CARTESIAN_POINT('',(19.9,2.1,10.6));
#13901 = VECTOR('',#13902,1.);
#13902 = DIRECTION('',(1.,0.,0.));
#13903 = ORIENTED_EDGE('',*,*,#13904,.T.);
#13904 = EDGE_CURVE('',#13897,#13905,#13907,.T.);
#13905 = VERTEX_POINT('',#13906);
#13906 = CARTESIAN_POINT('',(22.5,1.743243243243,10.3));
#13907 = ELLIPSE('',#13908,0.466128076275,0.3);
#13908 = AXIS2_PLACEMENT_3D('',#13909,#13910,#13911);
#13909 = CARTESIAN_POINT('',(22.2,1.743243243243,10.3));
#13910 = DIRECTION('',(0.,0.643599935875,-0.765362085905));
#13911 = DIRECTION('',(0.,0.765362085905,0.643599935875));
#13912 = ORIENTED_EDGE('',*,*,#13913,.F.);
#13913 = EDGE_CURVE('',#13914,#13905,#13916,.T.);
#13914 = VERTEX_POINT('',#13915);
#13915 = CARTESIAN_POINT('',(22.5,0.3,9.086363636364));
#13916 = LINE('',#13917,#13918);
#13917 = CARTESIAN_POINT('',(22.5,-1.125779122542,7.88741301059));
#13918 = VECTOR('',#13919,1.);
#13919 = DIRECTION('',(0.,0.765362085905,0.643599935875));
#13920 = ORIENTED_EDGE('',*,*,#13921,.T.);
#13921 = EDGE_CURVE('',#13914,#13922,#13924,.T.);
#13922 = VERTEX_POINT('',#13923);
#13923 = CARTESIAN_POINT('',(22.2,-5.551115123126E-17,8.834090909091));
#13924 = ELLIPSE('',#13925,0.391971336867,0.3);
#13925 = AXIS2_PLACEMENT_3D('',#13926,#13927,#13928);
#13926 = CARTESIAN_POINT('',(22.2,0.3,9.086363636364));
#13927 = DIRECTION('',(0.,0.643599935875,-0.765362085905));
#13928 = DIRECTION('',(0.,0.765362085905,0.643599935875));
#13929 = ORIENTED_EDGE('',*,*,#13930,.T.);
#13930 = EDGE_CURVE('',#13922,#13865,#13931,.T.);
#13931 = LINE('',#13932,#13933);
#13932 = CARTESIAN_POINT('',(19.95,2.22044604925E-16,8.834090909091));
#13933 = VECTOR('',#13934,1.);
#13934 = DIRECTION('',(-1.,0.,-0.));
#13935 = ORIENTED_EDGE('',*,*,#13872,.T.);
#13936 = ORIENTED_EDGE('',*,*,#13840,.T.);
#13937 = PLANE('',#13938);
#13938 = AXIS2_PLACEMENT_3D('',#13939,#13940,#13941);
#13939 = CARTESIAN_POINT('',(19.9,2.1,10.6));
#13940 = DIRECTION('',(0.,0.643599935875,-0.765362085905));
#13941 = DIRECTION('',(0.,-0.765362085905,-0.643599935875));
#13942 = ADVANCED_FACE('',(#13943),#13962,.T.);
#13943 = FACE_BOUND('',#13944,.T.);
#13944 = EDGE_LOOP('',(#13945,#13946,#13954,#13961));
#13945 = ORIENTED_EDGE('',*,*,#13887,.T.);
#13946 = ORIENTED_EDGE('',*,*,#13947,.T.);
#13947 = EDGE_CURVE('',#13888,#13948,#13950,.T.);
#13948 = VERTEX_POINT('',#13949);
#13949 = CARTESIAN_POINT('',(20.3,12.2,10.6));
#13950 = LINE('',#13951,#13952);
#13951 = CARTESIAN_POINT('',(20.3,0.,10.6));
#13952 = VECTOR('',#13953,1.);
#13953 = DIRECTION('',(-0.,1.,0.));
#13954 = ORIENTED_EDGE('',*,*,#13955,.F.);
#13955 = EDGE_CURVE('',#13825,#13948,#13956,.T.);
#13956 = CIRCLE('',#13957,0.3);
#13957 = AXIS2_PLACEMENT_3D('',#13958,#13959,#13960);
#13958 = CARTESIAN_POINT('',(20.3,12.2,10.3));
#13959 = DIRECTION('',(-0.,1.,0.));
#13960 = DIRECTION('',(-1.,-0.,0.));
#13961 = ORIENTED_EDGE('',*,*,#13832,.F.);
#13962 = CYLINDRICAL_SURFACE('',#13963,0.3);
#13963 = AXIS2_PLACEMENT_3D('',#13964,#13965,#13966);
#13964 = CARTESIAN_POINT('',(20.3,0.,10.3));
#13965 = DIRECTION('',(-0.,1.,0.));
#13966 = DIRECTION('',(-1.,-0.,0.));
#13967 = ADVANCED_FACE('',(#13968),#13995,.T.);
#13968 = FACE_BOUND('',#13969,.F.);
#13969 = EDGE_LOOP('',(#13970,#13971,#13980,#13988));
#13970 = ORIENTED_EDGE('',*,*,#13824,.F.);
#13971 = ORIENTED_EDGE('',*,*,#13972,.T.);
#13972 = EDGE_CURVE('',#13817,#13973,#13975,.T.);
#13973 = VERTEX_POINT('',#13974);
#13974 = CARTESIAN_POINT('',(20.3,12.5,0.3));
#13975 = CIRCLE('',#13976,0.3);
#13976 = AXIS2_PLACEMENT_3D('',#13977,#13978,#13979);
#13977 = CARTESIAN_POINT('',(20.3,12.2,0.3));
#13978 = DIRECTION('',(-0.,0.,-1.));
#13979 = DIRECTION('',(-1.,0.,0.));
#13980 = ORIENTED_EDGE('',*,*,#13981,.T.);
#13981 = EDGE_CURVE('',#13973,#13982,#13984,.T.);
#13982 = VERTEX_POINT('',#13983);
#13983 = CARTESIAN_POINT('',(20.3,12.5,10.3));
#13984 = LINE('',#13985,#13986);
#13985 = CARTESIAN_POINT('',(20.3,12.5,0.));
#13986 = VECTOR('',#13987,1.);
#13987 = DIRECTION('',(0.,0.,1.));
#13988 = ORIENTED_EDGE('',*,*,#13989,.T.);
#13989 = EDGE_CURVE('',#13982,#13825,#13990,.T.);
#13990 = CIRCLE('',#13991,0.3);
#13991 = AXIS2_PLACEMENT_3D('',#13992,#13993,#13994);
#13992 = CARTESIAN_POINT('',(20.3,12.2,10.3));
#13993 = DIRECTION('',(0.,0.,1.));
#13994 = DIRECTION('',(-1.,-0.,0.));
#13995 = CYLINDRICAL_SURFACE('',#13996,0.3);
#13996 = AXIS2_PLACEMENT_3D('',#13997,#13998,#13999);
#13997 = CARTESIAN_POINT('',(20.3,12.2,0.));
#13998 = DIRECTION('',(0.,0.,1.));
#13999 = DIRECTION('',(-1.,-0.,0.));
#14000 = ADVANCED_FACE('',(#14001),#14028,.T.);
#14001 = FACE_BOUND('',#14002,.F.);
#14002 = EDGE_LOOP('',(#14003,#14012,#14020,#14027));
#14003 = ORIENTED_EDGE('',*,*,#14004,.F.);
#14004 = EDGE_CURVE('',#14005,#13807,#14007,.T.);
#14005 = VERTEX_POINT('',#14006);
#14006 = CARTESIAN_POINT('',(20.3,0.3,0.));
#14007 = CIRCLE('',#14008,0.3);
#14008 = AXIS2_PLACEMENT_3D('',#14009,#14010,#14011);
#14009 = CARTESIAN_POINT('',(20.3,0.3,0.3));
#14010 = DIRECTION('',(0.,1.,-0.));
#14011 = DIRECTION('',(-1.,0.,0.));
#14012 = ORIENTED_EDGE('',*,*,#14013,.T.);
#14013 = EDGE_CURVE('',#14005,#14014,#14016,.T.);
#14014 = VERTEX_POINT('',#14015);
#14015 = CARTESIAN_POINT('',(20.3,12.2,0.));
#14016 = LINE('',#14017,#14018);
#14017 = CARTESIAN_POINT('',(20.3,0.,-5.551115123126E-17));
#14018 = VECTOR('',#14019,1.);
#14019 = DIRECTION('',(-0.,1.,0.));
#14020 = ORIENTED_EDGE('',*,*,#14021,.T.);
#14021 = EDGE_CURVE('',#14014,#13817,#14022,.T.);
#14022 = CIRCLE('',#14023,0.3);
#14023 = AXIS2_PLACEMENT_3D('',#14024,#14025,#14026);
#14024 = CARTESIAN_POINT('',(20.3,12.2,0.3));
#14025 = DIRECTION('',(0.,1.,-0.));
#14026 = DIRECTION('',(-1.,0.,0.));
#14027 = ORIENTED_EDGE('',*,*,#13816,.F.);
#14028 = CYLINDRICAL_SURFACE('',#14029,0.3);
#14029 = AXIS2_PLACEMENT_3D('',#14030,#14031,#14032);
#14030 = CARTESIAN_POINT('',(20.3,0.,0.3));
#14031 = DIRECTION('',(-0.,1.,0.));
#14032 = DIRECTION('',(-1.,-0.,0.));
#14033 = ADVANCED_FACE('',(#14034),#14052,.F.);
#14034 = FACE_BOUND('',#14035,.F.);
#14035 = EDGE_LOOP('',(#14036,#14044,#14045,#14046));
#14036 = ORIENTED_EDGE('',*,*,#14037,.F.);
#14037 = EDGE_CURVE('',#13856,#14038,#14040,.T.);
#14038 = VERTEX_POINT('',#14039);
#14039 = CARTESIAN_POINT('',(22.2,-5.551115123126E-17,0.3));
#14040 = LINE('',#14041,#14042);
#14041 = CARTESIAN_POINT('',(20.,-5.551115123126E-17,0.3));
#14042 = VECTOR('',#14043,1.);
#14043 = DIRECTION('',(1.,0.,-0.));
#14044 = ORIENTED_EDGE('',*,*,#13864,.T.);
#14045 = ORIENTED_EDGE('',*,*,#13930,.F.);
#14046 = ORIENTED_EDGE('',*,*,#14047,.F.);
#14047 = EDGE_CURVE('',#14038,#13922,#14048,.T.);
#14048 = LINE('',#14049,#14050);
#14049 = CARTESIAN_POINT('',(22.2,-5.551115123126E-17,0.));
#14050 = VECTOR('',#14051,1.);
#14051 = DIRECTION('',(0.,0.,1.));
#14052 = PLANE('',#14053);
#14053 = AXIS2_PLACEMENT_3D('',#14054,#14055,#14056);
#14054 = CARTESIAN_POINT('',(20.,0.,0.));
#14055 = DIRECTION('',(-0.,1.,0.));
#14056 = DIRECTION('',(0.,0.,1.));
#14057 = ADVANCED_FACE('',(#14058),#14069,.T.);
#14058 = FACE_BOUND('',#14059,.T.);
#14059 = EDGE_LOOP('',(#14060,#14061,#14068));
#14060 = ORIENTED_EDGE('',*,*,#14004,.F.);
#14061 = ORIENTED_EDGE('',*,*,#14062,.T.);
#14062 = EDGE_CURVE('',#14005,#13856,#14063,.T.);
#14063 = CIRCLE('',#14064,0.3);
#14064 = AXIS2_PLACEMENT_3D('',#14065,#14066,#14067);
#14065 = CARTESIAN_POINT('',(20.3,0.3,0.3));
#14066 = DIRECTION('',(-1.,6.123233995737E-17,0.));
#14067 = DIRECTION('',(-6.123233995737E-17,-1.,0.));
#14068 = ORIENTED_EDGE('',*,*,#13855,.F.);
#14069 = SPHERICAL_SURFACE('',#14070,0.3);
#14070 = AXIS2_PLACEMENT_3D('',#14071,#14072,#14073);
#14071 = CARTESIAN_POINT('',(20.3,0.3,0.3));
#14072 = DIRECTION('',(0.,0.,1.));
#14073 = DIRECTION('',(-1.,0.,0.));
#14074 = ADVANCED_FACE('',(#14075),#14094,.T.);
#14075 = FACE_BOUND('',#14076,.F.);
#14076 = EDGE_LOOP('',(#14077,#14085,#14092,#14093));
#14077 = ORIENTED_EDGE('',*,*,#14078,.F.);
#14078 = EDGE_CURVE('',#14079,#13914,#14081,.T.);
#14079 = VERTEX_POINT('',#14080);
#14080 = CARTESIAN_POINT('',(22.5,0.3,0.3));
#14081 = LINE('',#14082,#14083);
#14082 = CARTESIAN_POINT('',(22.5,0.3,0.));
#14083 = VECTOR('',#14084,1.);
#14084 = DIRECTION('',(0.,0.,1.));
#14085 = ORIENTED_EDGE('',*,*,#14086,.T.);
#14086 = EDGE_CURVE('',#14079,#14038,#14087,.T.);
#14087 = CIRCLE('',#14088,0.3);
#14088 = AXIS2_PLACEMENT_3D('',#14089,#14090,#14091);
#14089 = CARTESIAN_POINT('',(22.2,0.3,0.3));
#14090 = DIRECTION('',(0.,-0.,-1.));
#14091 = DIRECTION('',(1.,0.,-0.));
#14092 = ORIENTED_EDGE('',*,*,#14047,.T.);
#14093 = ORIENTED_EDGE('',*,*,#13921,.F.);
#14094 = CYLINDRICAL_SURFACE('',#14095,0.3);
#14095 = AXIS2_PLACEMENT_3D('',#14096,#14097,#14098);
#14096 = CARTESIAN_POINT('',(22.2,0.3,0.));
#14097 = DIRECTION('',(0.,0.,1.));
#14098 = DIRECTION('',(1.,0.,-0.));
#14099 = ADVANCED_FACE('',(#14100),#14126,.T.);
#14100 = FACE_BOUND('',#14101,.T.);
#14101 = EDGE_LOOP('',(#14102,#14103,#14111,#14119,#14125));
#14102 = ORIENTED_EDGE('',*,*,#14078,.F.);
#14103 = ORIENTED_EDGE('',*,*,#14104,.T.);
#14104 = EDGE_CURVE('',#14079,#14105,#14107,.T.);
#14105 = VERTEX_POINT('',#14106);
#14106 = CARTESIAN_POINT('',(22.5,12.2,0.3));
#14107 = LINE('',#14108,#14109);
#14108 = CARTESIAN_POINT('',(22.5,0.,0.3));
#14109 = VECTOR('',#14110,1.);
#14110 = DIRECTION('',(-0.,1.,0.));
#14111 = ORIENTED_EDGE('',*,*,#14112,.T.);
#14112 = EDGE_CURVE('',#14105,#14113,#14115,.T.);
#14113 = VERTEX_POINT('',#14114);
#14114 = CARTESIAN_POINT('',(22.5,12.2,10.3));
#14115 = LINE('',#14116,#14117);
#14116 = CARTESIAN_POINT('',(22.5,12.2,0.));
#14117 = VECTOR('',#14118,1.);
#14118 = DIRECTION('',(0.,0.,1.));
#14119 = ORIENTED_EDGE('',*,*,#14120,.F.);
#14120 = EDGE_CURVE('',#13905,#14113,#14121,.T.);
#14121 = LINE('',#14122,#14123);
#14122 = CARTESIAN_POINT('',(22.5,0.,10.3));
#14123 = VECTOR('',#14124,1.);
#14124 = DIRECTION('',(-0.,1.,0.));
#14125 = ORIENTED_EDGE('',*,*,#13913,.F.);
#14126 = PLANE('',#14127);
#14127 = AXIS2_PLACEMENT_3D('',#14128,#14129,#14130);
#14128 = CARTESIAN_POINT('',(22.5,0.,0.));
#14129 = DIRECTION('',(1.,0.,-0.));
#14130 = DIRECTION('',(0.,0.,1.));
#14131 = ADVANCED_FACE('',(#14132),#14151,.T.);
#14132 = FACE_BOUND('',#14133,.F.);
#14133 = EDGE_LOOP('',(#14134,#14135,#14143,#14150));
#14134 = ORIENTED_EDGE('',*,*,#13904,.F.);
#14135 = ORIENTED_EDGE('',*,*,#14136,.T.);
#14136 = EDGE_CURVE('',#13897,#14137,#14139,.T.);
#14137 = VERTEX_POINT('',#14138);
#14138 = CARTESIAN_POINT('',(22.2,12.2,10.6));
#14139 = LINE('',#14140,#14141);
#14140 = CARTESIAN_POINT('',(22.2,0.,10.6));
#14141 = VECTOR('',#14142,1.);
#14142 = DIRECTION('',(-0.,1.,0.));
#14143 = ORIENTED_EDGE('',*,*,#14144,.F.);
#14144 = EDGE_CURVE('',#14113,#14137,#14145,.T.);
#14145 = CIRCLE('',#14146,0.3);
#14146 = AXIS2_PLACEMENT_3D('',#14147,#14148,#14149);
#14147 = CARTESIAN_POINT('',(22.2,12.2,10.3));
#14148 = DIRECTION('',(0.,-1.,-0.));
#14149 = DIRECTION('',(1.,0.,0.));
#14150 = ORIENTED_EDGE('',*,*,#14120,.F.);
#14151 = CYLINDRICAL_SURFACE('',#14152,0.3);
#14152 = AXIS2_PLACEMENT_3D('',#14153,#14154,#14155);
#14153 = CARTESIAN_POINT('',(22.2,0.,10.3));
#14154 = DIRECTION('',(-0.,1.,0.));
#14155 = DIRECTION('',(1.,0.,-0.));
#14156 = ADVANCED_FACE('',(#14157),#14168,.T.);
#14157 = FACE_BOUND('',#14158,.T.);
#14158 = EDGE_LOOP('',(#14159,#14160,#14161,#14162));
#14159 = ORIENTED_EDGE('',*,*,#13947,.F.);
#14160 = ORIENTED_EDGE('',*,*,#13896,.T.);
#14161 = ORIENTED_EDGE('',*,*,#14136,.T.);
#14162 = ORIENTED_EDGE('',*,*,#14163,.F.);
#14163 = EDGE_CURVE('',#13948,#14137,#14164,.T.);
#14164 = LINE('',#14165,#14166);
#14165 = CARTESIAN_POINT('',(20.,12.2,10.6));
#14166 = VECTOR('',#14167,1.);
#14167 = DIRECTION('',(1.,0.,-0.));
#14168 = PLANE('',#14169);
#14169 = AXIS2_PLACEMENT_3D('',#14170,#14171,#14172);
#14170 = CARTESIAN_POINT('',(20.,0.,10.6));
#14171 = DIRECTION('',(0.,0.,1.));
#14172 = DIRECTION('',(1.,0.,-0.));
#14173 = ADVANCED_FACE('',(#14174),#14185,.T.);
#14174 = FACE_BOUND('',#14175,.F.);
#14175 = EDGE_LOOP('',(#14176,#14177,#14184));
#14176 = ORIENTED_EDGE('',*,*,#13989,.F.);
#14177 = ORIENTED_EDGE('',*,*,#14178,.T.);
#14178 = EDGE_CURVE('',#13982,#13948,#14179,.T.);
#14179 = CIRCLE('',#14180,0.3);
#14180 = AXIS2_PLACEMENT_3D('',#14181,#14182,#14183);
#14181 = CARTESIAN_POINT('',(20.3,12.2,10.3));
#14182 = DIRECTION('',(1.,0.,6.123233995737E-17));
#14183 = DIRECTION('',(-6.123233995737E-17,-0.,1.));
#14184 = ORIENTED_EDGE('',*,*,#13955,.F.);
#14185 = SPHERICAL_SURFACE('',#14186,0.3);
#14186 = AXIS2_PLACEMENT_3D('',#14187,#14188,#14189);
#14187 = CARTESIAN_POINT('',(20.3,12.2,10.3));
#14188 = DIRECTION('',(0.,-1.,-0.));
#14189 = DIRECTION('',(-1.,-0.,0.));
#14190 = ADVANCED_FACE('',(#14191),#14202,.T.);
#14191 = FACE_BOUND('',#14192,.F.);
#14192 = EDGE_LOOP('',(#14193,#14194,#14201));
#14193 = ORIENTED_EDGE('',*,*,#14021,.F.);
#14194 = ORIENTED_EDGE('',*,*,#14195,.T.);
#14195 = EDGE_CURVE('',#14014,#13973,#14196,.T.);
#14196 = CIRCLE('',#14197,0.3);
#14197 = AXIS2_PLACEMENT_3D('',#14198,#14199,#14200);
#14198 = CARTESIAN_POINT('',(20.3,12.2,0.3));
#14199 = DIRECTION('',(1.,6.123233995737E-17,-0.));
#14200 = DIRECTION('',(-6.123233995737E-17,1.,0.));
#14201 = ORIENTED_EDGE('',*,*,#13972,.F.);
#14202 = SPHERICAL_SURFACE('',#14203,0.3);
#14203 = AXIS2_PLACEMENT_3D('',#14204,#14205,#14206);
#14204 = CARTESIAN_POINT('',(20.3,12.2,0.3));
#14205 = DIRECTION('',(0.,0.,1.));
#14206 = DIRECTION('',(-1.,0.,0.));
#14207 = ADVANCED_FACE('',(#14208),#14233,.T.);
#14208 = FACE_BOUND('',#14209,.T.);
#14209 = EDGE_LOOP('',(#14210,#14211,#14219,#14227));
#14210 = ORIENTED_EDGE('',*,*,#13981,.T.);
#14211 = ORIENTED_EDGE('',*,*,#14212,.T.);
#14212 = EDGE_CURVE('',#13982,#14213,#14215,.T.);
#14213 = VERTEX_POINT('',#14214);
#14214 = CARTESIAN_POINT('',(22.2,12.5,10.3));
#14215 = LINE('',#14216,#14217);
#14216 = CARTESIAN_POINT('',(20.,12.5,10.3));
#14217 = VECTOR('',#14218,1.);
#14218 = DIRECTION('',(1.,0.,-0.));
#14219 = ORIENTED_EDGE('',*,*,#14220,.F.);
#14220 = EDGE_CURVE('',#14221,#14213,#14223,.T.);
#14221 = VERTEX_POINT('',#14222);
#14222 = CARTESIAN_POINT('',(22.2,12.5,0.3));
#14223 = LINE('',#14224,#14225);
#14224 = CARTESIAN_POINT('',(22.2,12.5,0.));
#14225 = VECTOR('',#14226,1.);
#14226 = DIRECTION('',(0.,0.,1.));
#14227 = ORIENTED_EDGE('',*,*,#14228,.F.);
#14228 = EDGE_CURVE('',#13973,#14221,#14229,.T.);
#14229 = LINE('',#14230,#14231);
#14230 = CARTESIAN_POINT('',(20.,12.5,0.3));
#14231 = VECTOR('',#14232,1.);
#14232 = DIRECTION('',(1.,0.,-0.));
#14233 = PLANE('',#14234);
#14234 = AXIS2_PLACEMENT_3D('',#14235,#14236,#14237);
#14235 = CARTESIAN_POINT('',(20.,12.5,0.));
#14236 = DIRECTION('',(-0.,1.,0.));
#14237 = DIRECTION('',(0.,0.,1.));
#14238 = ADVANCED_FACE('',(#14239),#14264,.F.);
#14239 = FACE_BOUND('',#14240,.F.);
#14240 = EDGE_LOOP('',(#14241,#14242,#14250,#14258));
#14241 = ORIENTED_EDGE('',*,*,#14013,.F.);
#14242 = ORIENTED_EDGE('',*,*,#14243,.T.);
#14243 = EDGE_CURVE('',#14005,#14244,#14246,.T.);
#14244 = VERTEX_POINT('',#14245);
#14245 = CARTESIAN_POINT('',(22.2,0.3,0.));
#14246 = LINE('',#14247,#14248);
#14247 = CARTESIAN_POINT('',(20.,0.3,-5.551115123126E-17));
#14248 = VECTOR('',#14249,1.);
#14249 = DIRECTION('',(1.,0.,-0.));
#14250 = ORIENTED_EDGE('',*,*,#14251,.T.);
#14251 = EDGE_CURVE('',#14244,#14252,#14254,.T.);
#14252 = VERTEX_POINT('',#14253);
#14253 = CARTESIAN_POINT('',(22.2,12.2,0.));
#14254 = LINE('',#14255,#14256);
#14255 = CARTESIAN_POINT('',(22.2,0.,-5.551115123126E-17));
#14256 = VECTOR('',#14257,1.);
#14257 = DIRECTION('',(-0.,1.,0.));
#14258 = ORIENTED_EDGE('',*,*,#14259,.F.);
#14259 = EDGE_CURVE('',#14014,#14252,#14260,.T.);
#14260 = LINE('',#14261,#14262);
#14261 = CARTESIAN_POINT('',(20.,12.2,-5.551115123126E-17));
#14262 = VECTOR('',#14263,1.);
#14263 = DIRECTION('',(1.,0.,-0.));
#14264 = PLANE('',#14265);
#14265 = AXIS2_PLACEMENT_3D('',#14266,#14267,#14268);
#14266 = CARTESIAN_POINT('',(20.,0.,0.));
#14267 = DIRECTION('',(0.,0.,1.));
#14268 = DIRECTION('',(1.,0.,-0.));
#14269 = ADVANCED_FACE('',(#14270),#14282,.T.);
#14270 = FACE_BOUND('',#14271,.T.);
#14271 = EDGE_LOOP('',(#14272,#14273,#14274,#14281));
#14272 = ORIENTED_EDGE('',*,*,#14062,.F.);
#14273 = ORIENTED_EDGE('',*,*,#14243,.T.);
#14274 = ORIENTED_EDGE('',*,*,#14275,.T.);
#14275 = EDGE_CURVE('',#14244,#14038,#14276,.T.);
#14276 = CIRCLE('',#14277,0.3);
#14277 = AXIS2_PLACEMENT_3D('',#14278,#14279,#14280);
#14278 = CARTESIAN_POINT('',(22.2,0.3,0.3));
#14279 = DIRECTION('',(-1.,-6.123233995737E-17,0.));
#14280 = DIRECTION('',(6.123233995737E-17,-1.,-0.));
#14281 = ORIENTED_EDGE('',*,*,#14037,.F.);
#14282 = CYLINDRICAL_SURFACE('',#14283,0.3);
#14283 = AXIS2_PLACEMENT_3D('',#14284,#14285,#14286);
#14284 = CARTESIAN_POINT('',(20.,0.3,0.3));
#14285 = DIRECTION('',(1.,0.,-0.));
#14286 = DIRECTION('',(0.,-1.,0.));
#14287 = ADVANCED_FACE('',(#14288),#14299,.T.);
#14288 = FACE_BOUND('',#14289,.F.);
#14289 = EDGE_LOOP('',(#14290,#14297,#14298));
#14290 = ORIENTED_EDGE('',*,*,#14291,.F.);
#14291 = EDGE_CURVE('',#14244,#14079,#14292,.T.);
#14292 = CIRCLE('',#14293,0.3);
#14293 = AXIS2_PLACEMENT_3D('',#14294,#14295,#14296);
#14294 = CARTESIAN_POINT('',(22.2,0.3,0.3));
#14295 = DIRECTION('',(0.,-1.,0.));
#14296 = DIRECTION('',(1.,0.,0.));
#14297 = ORIENTED_EDGE('',*,*,#14275,.T.);
#14298 = ORIENTED_EDGE('',*,*,#14086,.F.);
#14299 = SPHERICAL_SURFACE('',#14300,0.3);
#14300 = AXIS2_PLACEMENT_3D('',#14301,#14302,#14303);
#14301 = CARTESIAN_POINT('',(22.2,0.3,0.3));
#14302 = DIRECTION('',(0.,0.,1.));
#14303 = DIRECTION('',(1.,0.,-0.));
#14304 = ADVANCED_FACE('',(#14305),#14323,.T.);
#14305 = FACE_BOUND('',#14306,.T.);
#14306 = EDGE_LOOP('',(#14307,#14308,#14315,#14316));
#14307 = ORIENTED_EDGE('',*,*,#14112,.F.);
#14308 = ORIENTED_EDGE('',*,*,#14309,.T.);
#14309 = EDGE_CURVE('',#14105,#14221,#14310,.T.);
#14310 = CIRCLE('',#14311,0.3);
#14311 = AXIS2_PLACEMENT_3D('',#14312,#14313,#14314);
#14312 = CARTESIAN_POINT('',(22.2,12.2,0.3));
#14313 = DIRECTION('',(0.,0.,1.));
#14314 = DIRECTION('',(1.,0.,-0.));
#14315 = ORIENTED_EDGE('',*,*,#14220,.T.);
#14316 = ORIENTED_EDGE('',*,*,#14317,.T.);
#14317 = EDGE_CURVE('',#14213,#14113,#14318,.T.);
#14318 = CIRCLE('',#14319,0.3);
#14319 = AXIS2_PLACEMENT_3D('',#14320,#14321,#14322);
#14320 = CARTESIAN_POINT('',(22.2,12.2,10.3));
#14321 = DIRECTION('',(0.,0.,-1.));
#14322 = DIRECTION('',(1.,0.,0.));
#14323 = CYLINDRICAL_SURFACE('',#14324,0.3);
#14324 = AXIS2_PLACEMENT_3D('',#14325,#14326,#14327);
#14325 = CARTESIAN_POINT('',(22.2,12.2,0.));
#14326 = DIRECTION('',(0.,0.,1.));
#14327 = DIRECTION('',(1.,0.,-0.));
#14328 = ADVANCED_FACE('',(#14329),#14341,.T.);
#14329 = FACE_BOUND('',#14330,.T.);
#14330 = EDGE_LOOP('',(#14331,#14332,#14333,#14340));
#14331 = ORIENTED_EDGE('',*,*,#14291,.F.);
#14332 = ORIENTED_EDGE('',*,*,#14251,.T.);
#14333 = ORIENTED_EDGE('',*,*,#14334,.T.);
#14334 = EDGE_CURVE('',#14252,#14105,#14335,.T.);
#14335 = CIRCLE('',#14336,0.3);
#14336 = AXIS2_PLACEMENT_3D('',#14337,#14338,#14339);
#14337 = CARTESIAN_POINT('',(22.2,12.2,0.3));
#14338 = DIRECTION('',(0.,-1.,0.));
#14339 = DIRECTION('',(1.,0.,0.));
#14340 = ORIENTED_EDGE('',*,*,#14104,.F.);
#14341 = CYLINDRICAL_SURFACE('',#14342,0.3);
#14342 = AXIS2_PLACEMENT_3D('',#14343,#14344,#14345);
#14343 = CARTESIAN_POINT('',(22.2,0.,0.3));
#14344 = DIRECTION('',(-0.,1.,0.));
#14345 = DIRECTION('',(1.,0.,-0.));
#14346 = ADVANCED_FACE('',(#14347),#14358,.T.);
#14347 = FACE_BOUND('',#14348,.T.);
#14348 = EDGE_LOOP('',(#14349,#14350,#14357));
#14349 = ORIENTED_EDGE('',*,*,#14317,.F.);
#14350 = ORIENTED_EDGE('',*,*,#14351,.T.);
#14351 = EDGE_CURVE('',#14213,#14137,#14352,.T.);
#14352 = CIRCLE('',#14353,0.3);
#14353 = AXIS2_PLACEMENT_3D('',#14354,#14355,#14356);
#14354 = CARTESIAN_POINT('',(22.2,12.2,10.3));
#14355 = DIRECTION('',(1.,0.,-6.123233995737E-17));
#14356 = DIRECTION('',(6.123233995737E-17,0.,1.));
#14357 = ORIENTED_EDGE('',*,*,#14144,.F.);
#14358 = SPHERICAL_SURFACE('',#14359,0.3);
#14359 = AXIS2_PLACEMENT_3D('',#14360,#14361,#14362);
#14360 = CARTESIAN_POINT('',(22.2,12.2,10.3));
#14361 = DIRECTION('',(0.,-1.,-0.));
#14362 = DIRECTION('',(1.,0.,0.));
#14363 = ADVANCED_FACE('',(#14364),#14370,.T.);
#14364 = FACE_BOUND('',#14365,.T.);
#14365 = EDGE_LOOP('',(#14366,#14367,#14368,#14369));
#14366 = ORIENTED_EDGE('',*,*,#14178,.T.);
#14367 = ORIENTED_EDGE('',*,*,#14163,.T.);
#14368 = ORIENTED_EDGE('',*,*,#14351,.F.);
#14369 = ORIENTED_EDGE('',*,*,#14212,.F.);
#14370 = CYLINDRICAL_SURFACE('',#14371,0.3);
#14371 = AXIS2_PLACEMENT_3D('',#14372,#14373,#14374);
#14372 = CARTESIAN_POINT('',(20.,12.2,10.3));
#14373 = DIRECTION('',(1.,0.,-0.));
#14374 = DIRECTION('',(0.,1.,0.));
#14375 = ADVANCED_FACE('',(#14376),#14388,.T.);
#14376 = FACE_BOUND('',#14377,.F.);
#14377 = EDGE_LOOP('',(#14378,#14379,#14380,#14387));
#14378 = ORIENTED_EDGE('',*,*,#14195,.F.);
#14379 = ORIENTED_EDGE('',*,*,#14259,.T.);
#14380 = ORIENTED_EDGE('',*,*,#14381,.T.);
#14381 = EDGE_CURVE('',#14252,#14221,#14382,.T.);
#14382 = CIRCLE('',#14383,0.3);
#14383 = AXIS2_PLACEMENT_3D('',#14384,#14385,#14386);
#14384 = CARTESIAN_POINT('',(22.2,12.2,0.3));
#14385 = DIRECTION('',(1.,-6.123233995737E-17,0.));
#14386 = DIRECTION('',(6.123233995737E-17,1.,0.));
#14387 = ORIENTED_EDGE('',*,*,#14228,.F.);
#14388 = CYLINDRICAL_SURFACE('',#14389,0.3);
#14389 = AXIS2_PLACEMENT_3D('',#14390,#14391,#14392);
#14390 = CARTESIAN_POINT('',(20.,12.2,0.3));
#14391 = DIRECTION('',(1.,0.,-0.));
#14392 = DIRECTION('',(0.,1.,0.));
#14393 = ADVANCED_FACE('',(#14394),#14399,.T.);
#14394 = FACE_BOUND('',#14395,.T.);
#14395 = EDGE_LOOP('',(#14396,#14397,#14398));
#14396 = ORIENTED_EDGE('',*,*,#14334,.F.);
#14397 = ORIENTED_EDGE('',*,*,#14381,.T.);
#14398 = ORIENTED_EDGE('',*,*,#14309,.F.);
#14399 = SPHERICAL_SURFACE('',#14400,0.3);
#14400 = AXIS2_PLACEMENT_3D('',#14401,#14402,#14403);
#14401 = CARTESIAN_POINT('',(22.2,12.2,0.3));
#14402 = DIRECTION('',(0.,0.,1.));
#14403 = DIRECTION('',(1.,0.,-0.));
#14404 = ( GEOMETRIC_REPRESENTATION_CONTEXT(3)
GLOBAL_UNCERTAINTY_ASSIGNED_CONTEXT((#14408))
GLOBAL_UNIT_ASSIGNED_CONTEXT((#14405,#14406,#14407))
REPRESENTATION_CONTEXT('Context #1',
  '3D Context with UNIT and UNCERTAINTY') );
#14405 = ( LENGTH_UNIT() NAMED_UNIT(*) SI_UNIT(.MILLI.,.METRE.) );
#14406 = ( NAMED_UNIT(*) PLANE_ANGLE_UNIT() SI_UNIT($,.RADIAN.) );
#14407 = ( NAMED_UNIT(*) SI_UNIT($,.STERADIAN.) SOLID_ANGLE_UNIT() );
#14408 = UNCERTAINTY_MEASURE_WITH_UNIT(LENGTH_MEASURE(1.E-07),#14405,
  'distance_accuracy_value','confusion accuracy');
#14409 = CONTEXT_DEPENDENT_SHAPE_REPRESENTATION(#14410,#14412);
#14410 = ( REPRESENTATION_RELATIONSHIP('','',#13799,#10)
REPRESENTATION_RELATIONSHIP_WITH_TRANSFORMATION(#14411)
SHAPE_REPRESENTATION_RELATIONSHIP() );
#14411 = ITEM_DEFINED_TRANSFORMATION('','',#11,#115);
#14412 = PRODUCT_DEFINITION_SHAPE('Placement','Placement of an item',
  #14413);
#14413 = NEXT_ASSEMBLY_USAGE_OCCURRENCE('26','Spacer between P5 and P6',
  '',#5,#13794,$);
#14414 = PRODUCT_RELATED_PRODUCT_CATEGORY('part',$,(#13796));
#14415 = SHAPE_DEFINITION_REPRESENTATION(#14416,#14422);
#14416 = PRODUCT_DEFINITION_SHAPE('','',#14417);
#14417 = PRODUCT_DEFINITION('design','',#14418,#14421);
#14418 = PRODUCT_DEFINITION_FORMATION('','',#14419);
#14419 = PRODUCT('Actuator P6','Actuator P6','',(#14420));
#14420 = PRODUCT_CONTEXT('',#2,'mechanical');
#14421 = PRODUCT_DEFINITION_CONTEXT('part definition',#2,'design');
#14422 = ADVANCED_BREP_SHAPE_REPRESENTATION('',(#11,#14423),#14641);
#14423 = MANIFOLD_SOLID_BREP('',#14424);
#14424 = CLOSED_SHELL('',(#14425,#14465,#14496,#14527,#14558,#14591,
    #14613,#14627));
#14425 = ADVANCED_FACE('',(#14426),#14460,.T.);
#14426 = FACE_BOUND('',#14427,.T.);
#14427 = EDGE_LOOP('',(#14428,#14438,#14446,#14454));
#14428 = ORIENTED_EDGE('',*,*,#14429,.T.);
#14429 = EDGE_CURVE('',#14430,#14432,#14434,.T.);
#14430 = VERTEX_POINT('',#14431);
#14431 = CARTESIAN_POINT('',(15.6,-0.35,10.6));
#14432 = VERTEX_POINT('',#14433);
#14433 = CARTESIAN_POINT('',(19.4,-0.35,10.6));
#14434 = LINE('',#14435,#14436);
#14435 = CARTESIAN_POINT('',(15.6,-0.35,10.6));
#14436 = VECTOR('',#14437,1.);
#14437 = DIRECTION('',(1.,0.,0.));
#14438 = ORIENTED_EDGE('',*,*,#14439,.T.);
#14439 = EDGE_CURVE('',#14432,#14440,#14442,.T.);
#14440 = VERTEX_POINT('',#14441);
#14441 = CARTESIAN_POINT('',(19.4,9.45,10.6));
#14442 = LINE('',#14443,#14444);
#14443 = CARTESIAN_POINT('',(19.4,-0.35,10.6));
#14444 = VECTOR('',#14445,1.);
#14445 = DIRECTION('',(0.,1.,0.));
#14446 = ORIENTED_EDGE('',*,*,#14447,.F.);
#14447 = EDGE_CURVE('',#14448,#14440,#14450,.T.);
#14448 = VERTEX_POINT('',#14449);
#14449 = CARTESIAN_POINT('',(15.6,9.45,10.6));
#14450 = LINE('',#14451,#14452);
#14451 = CARTESIAN_POINT('',(15.6,9.45,10.6));
#14452 = VECTOR('',#14453,1.);
#14453 = DIRECTION('',(1.,0.,0.));
#14454 = ORIENTED_EDGE('',*,*,#14455,.F.);
#14455 = EDGE_CURVE('',#14430,#14448,#14456,.T.);
#14456 = LINE('',#14457,#14458);
#14457 = CARTESIAN_POINT('',(15.6,-0.35,10.6));
#14458 = VECTOR('',#14459,1.);
#14459 = DIRECTION('',(0.,1.,0.));
#14460 = PLANE('',#14461);
#14461 = AXIS2_PLACEMENT_3D('',#14462,#14463,#14464);
#14462 = CARTESIAN_POINT('',(15.6,-0.35,10.6));
#14463 = DIRECTION('',(0.,0.,1.));
#14464 = DIRECTION('',(0.,1.,0.));
#14465 = ADVANCED_FACE('',(#14466),#14491,.T.);
#14466 = FACE_BOUND('',#14467,.T.);
#14467 = EDGE_LOOP('',(#14468,#14478,#14484,#14485));
#14468 = ORIENTED_EDGE('',*,*,#14469,.T.);
#14469 = EDGE_CURVE('',#14470,#14472,#14474,.T.);
#14470 = VERTEX_POINT('',#14471);
#14471 = CARTESIAN_POINT('',(15.6,1.25,8.6));
#14472 = VERTEX_POINT('',#14473);
#14473 = CARTESIAN_POINT('',(19.4,1.25,8.6));
#14474 = LINE('',#14475,#14476);
#14475 = CARTESIAN_POINT('',(15.6,1.25,8.6));
#14476 = VECTOR('',#14477,1.);
#14477 = DIRECTION('',(1.,0.,0.));
#14478 = ORIENTED_EDGE('',*,*,#14479,.T.);
#14479 = EDGE_CURVE('',#14472,#14432,#14480,.T.);
#14480 = LINE('',#14481,#14482);
#14481 = CARTESIAN_POINT('',(19.4,1.25,8.6));
#14482 = VECTOR('',#14483,1.);
#14483 = DIRECTION('',(0.,-0.624695047554,0.780868809443));
#14484 = ORIENTED_EDGE('',*,*,#14429,.F.);
#14485 = ORIENTED_EDGE('',*,*,#14486,.F.);
#14486 = EDGE_CURVE('',#14470,#14430,#14487,.T.);
#14487 = LINE('',#14488,#14489);
#14488 = CARTESIAN_POINT('',(15.6,1.25,8.6));
#14489 = VECTOR('',#14490,1.);
#14490 = DIRECTION('',(0.,-0.624695047554,0.780868809443));
#14491 = PLANE('',#14492);
#14492 = AXIS2_PLACEMENT_3D('',#14493,#14494,#14495);
#14493 = CARTESIAN_POINT('',(15.6,1.25,8.6));
#14494 = DIRECTION('',(0.,-0.780868809443,-0.624695047554));
#14495 = DIRECTION('',(0.,-0.624695047554,0.780868809443));
#14496 = ADVANCED_FACE('',(#14497),#14522,.T.);
#14497 = FACE_BOUND('',#14498,.T.);
#14498 = EDGE_LOOP('',(#14499,#14507,#14508,#14516));
#14499 = ORIENTED_EDGE('',*,*,#14500,.F.);
#14500 = EDGE_CURVE('',#14448,#14501,#14503,.T.);
#14501 = VERTEX_POINT('',#14502);
#14502 = CARTESIAN_POINT('',(15.6,9.45,9.565923489271));
#14503 = LINE('',#14504,#14505);
#14504 = CARTESIAN_POINT('',(15.6,9.45,10.6));
#14505 = VECTOR('',#14506,1.);
#14506 = DIRECTION('',(0.,0.,-1.));
#14507 = ORIENTED_EDGE('',*,*,#14447,.T.);
#14508 = ORIENTED_EDGE('',*,*,#14509,.T.);
#14509 = EDGE_CURVE('',#14440,#14510,#14512,.T.);
#14510 = VERTEX_POINT('',#14511);
#14511 = CARTESIAN_POINT('',(19.4,9.45,9.565923489271));
#14512 = LINE('',#14513,#14514);
#14513 = CARTESIAN_POINT('',(19.4,9.45,10.6));
#14514 = VECTOR('',#14515,1.);
#14515 = DIRECTION('',(0.,0.,-1.));
#14516 = ORIENTED_EDGE('',*,*,#14517,.F.);
#14517 = EDGE_CURVE('',#14501,#14510,#14518,.T.);
#14518 = LINE('',#14519,#14520);
#14519 = CARTESIAN_POINT('',(15.6,9.45,9.565923489271));
#14520 = VECTOR('',#14521,1.);
#14521 = DIRECTION('',(1.,0.,0.));
#14522 = PLANE('',#14523);
#14523 = AXIS2_PLACEMENT_3D('',#14524,#14525,#14526);
#14524 = CARTESIAN_POINT('',(15.6,9.45,10.6));
#14525 = DIRECTION('',(-0.,1.,0.));
#14526 = DIRECTION('',(0.,0.,-1.));
#14527 = ADVANCED_FACE('',(#14528),#14553,.T.);
#14528 = FACE_BOUND('',#14529,.T.);
#14529 = EDGE_LOOP('',(#14530,#14540,#14546,#14547));
#14530 = ORIENTED_EDGE('',*,*,#14531,.T.);
#14531 = EDGE_CURVE('',#14532,#14534,#14536,.T.);
#14532 = VERTEX_POINT('',#14533);
#14533 = CARTESIAN_POINT('',(15.6,9.45,8.6));
#14534 = VERTEX_POINT('',#14535);
#14535 = CARTESIAN_POINT('',(19.4,9.45,8.6));
#14536 = LINE('',#14537,#14538);
#14537 = CARTESIAN_POINT('',(15.6,9.45,8.6));
#14538 = VECTOR('',#14539,1.);
#14539 = DIRECTION('',(1.,0.,0.));
#14540 = ORIENTED_EDGE('',*,*,#14541,.T.);
#14541 = EDGE_CURVE('',#14534,#14472,#14542,.T.);
#14542 = LINE('',#14543,#14544);
#14543 = CARTESIAN_POINT('',(19.4,9.45,8.6));
#14544 = VECTOR('',#14545,1.);
#14545 = DIRECTION('',(0.,-1.,0.));
#14546 = ORIENTED_EDGE('',*,*,#14469,.F.);
#14547 = ORIENTED_EDGE('',*,*,#14548,.F.);
#14548 = EDGE_CURVE('',#14532,#14470,#14549,.T.);
#14549 = LINE('',#14550,#14551);
#14550 = CARTESIAN_POINT('',(15.6,9.45,8.6));
#14551 = VECTOR('',#14552,1.);
#14552 = DIRECTION('',(0.,-1.,0.));
#14553 = PLANE('',#14554);
#14554 = AXIS2_PLACEMENT_3D('',#14555,#14556,#14557);
#14555 = CARTESIAN_POINT('',(15.6,9.45,8.6));
#14556 = DIRECTION('',(0.,0.,-1.));
#14557 = DIRECTION('',(0.,-1.,0.));
#14558 = ADVANCED_FACE('',(#14559),#14586,.T.);
#14559 = FACE_BOUND('',#14560,.T.);
#14560 = EDGE_LOOP('',(#14561,#14570,#14578,#14585));
#14561 = ORIENTED_EDGE('',*,*,#14562,.F.);
#14562 = EDGE_CURVE('',#14563,#14510,#14565,.T.);
#14563 = VERTEX_POINT('',#14564);
#14564 = CARTESIAN_POINT('',(19.4,9.45,8.834076510729));
#14565 = CIRCLE('',#14566,0.58);
#14566 = AXIS2_PLACEMENT_3D('',#14567,#14568,#14569);
#14567 = CARTESIAN_POINT('',(19.4,9.,9.2));
#14568 = DIRECTION('',(1.,0.,0.));
#14569 = DIRECTION('',(-0.,0.,1.));
#14570 = ORIENTED_EDGE('',*,*,#14571,.F.);
#14571 = EDGE_CURVE('',#14572,#14563,#14574,.T.);
#14572 = VERTEX_POINT('',#14573);
#14573 = CARTESIAN_POINT('',(15.6,9.45,8.834076510729));
#14574 = LINE('',#14575,#14576);
#14575 = CARTESIAN_POINT('',(15.6,9.45,8.834076510729));
#14576 = VECTOR('',#14577,1.);
#14577 = DIRECTION('',(1.,0.,0.));
#14578 = ORIENTED_EDGE('',*,*,#14579,.T.);
#14579 = EDGE_CURVE('',#14572,#14501,#14580,.T.);
#14580 = CIRCLE('',#14581,0.58);
#14581 = AXIS2_PLACEMENT_3D('',#14582,#14583,#14584);
#14582 = CARTESIAN_POINT('',(15.6,9.,9.2));
#14583 = DIRECTION('',(1.,0.,0.));
#14584 = DIRECTION('',(-0.,0.,1.));
#14585 = ORIENTED_EDGE('',*,*,#14517,.T.);
#14586 = CYLINDRICAL_SURFACE('',#14587,0.58);
#14587 = AXIS2_PLACEMENT_3D('',#14588,#14589,#14590);
#14588 = CARTESIAN_POINT('',(15.6,9.,9.2));
#14589 = DIRECTION('',(1.,0.,0.));
#14590 = DIRECTION('',(-0.,0.,1.));
#14591 = ADVANCED_FACE('',(#14592),#14608,.T.);
#14592 = FACE_BOUND('',#14593,.T.);
#14593 = EDGE_LOOP('',(#14594,#14600,#14601,#14607));
#14594 = ORIENTED_EDGE('',*,*,#14595,.F.);
#14595 = EDGE_CURVE('',#14572,#14532,#14596,.T.);
#14596 = LINE('',#14597,#14598);
#14597 = CARTESIAN_POINT('',(15.6,9.45,10.6));
#14598 = VECTOR('',#14599,1.);
#14599 = DIRECTION('',(0.,0.,-1.));
#14600 = ORIENTED_EDGE('',*,*,#14571,.T.);
#14601 = ORIENTED_EDGE('',*,*,#14602,.T.);
#14602 = EDGE_CURVE('',#14563,#14534,#14603,.T.);
#14603 = LINE('',#14604,#14605);
#14604 = CARTESIAN_POINT('',(19.4,9.45,10.6));
#14605 = VECTOR('',#14606,1.);
#14606 = DIRECTION('',(0.,0.,-1.));
#14607 = ORIENTED_EDGE('',*,*,#14531,.F.);
#14608 = PLANE('',#14609);
#14609 = AXIS2_PLACEMENT_3D('',#14610,#14611,#14612);
#14610 = CARTESIAN_POINT('',(15.6,9.45,10.6));
#14611 = DIRECTION('',(-0.,1.,0.));
#14612 = DIRECTION('',(0.,0.,-1.));
#14613 = ADVANCED_FACE('',(#14614),#14622,.T.);
#14614 = FACE_BOUND('',#14615,.T.);
#14615 = EDGE_LOOP('',(#14616,#14617,#14618,#14619,#14620,#14621));
#14616 = ORIENTED_EDGE('',*,*,#14486,.T.);
#14617 = ORIENTED_EDGE('',*,*,#14455,.T.);
#14618 = ORIENTED_EDGE('',*,*,#14500,.T.);
#14619 = ORIENTED_EDGE('',*,*,#14579,.F.);
#14620 = ORIENTED_EDGE('',*,*,#14595,.T.);
#14621 = ORIENTED_EDGE('',*,*,#14548,.T.);
#14622 = PLANE('',#14623);
#14623 = AXIS2_PLACEMENT_3D('',#14624,#14625,#14626);
#14624 = CARTESIAN_POINT('',(15.6,4.823284092834,9.669808456553));
#14625 = DIRECTION('',(-1.,-0.,-0.));
#14626 = DIRECTION('',(0.,0.,-1.));
#14627 = ADVANCED_FACE('',(#14628),#14636,.T.);
#14628 = FACE_BOUND('',#14629,.T.);
#14629 = EDGE_LOOP('',(#14630,#14631,#14632,#14633,#14634,#14635));
#14630 = ORIENTED_EDGE('',*,*,#14479,.F.);
#14631 = ORIENTED_EDGE('',*,*,#14541,.F.);
#14632 = ORIENTED_EDGE('',*,*,#14602,.F.);
#14633 = ORIENTED_EDGE('',*,*,#14562,.T.);
#14634 = ORIENTED_EDGE('',*,*,#14509,.F.);
#14635 = ORIENTED_EDGE('',*,*,#14439,.F.);
#14636 = PLANE('',#14637);
#14637 = AXIS2_PLACEMENT_3D('',#14638,#14639,#14640);
#14638 = CARTESIAN_POINT('',(19.4,4.823284092834,9.669808456553));
#14639 = DIRECTION('',(1.,0.,0.));
#14640 = DIRECTION('',(-0.,0.,1.));
#14641 = ( GEOMETRIC_REPRESENTATION_CONTEXT(3)
GLOBAL_UNCERTAINTY_ASSIGNED_CONTEXT((#14645))
GLOBAL_UNIT_ASSIGNED_CONTEXT((#14642,#14643,#14644))
REPRESENTATION_CONTEXT('Context #1',
  '3D Context with UNIT and UNCERTAINTY') );
#14642 = ( LENGTH_UNIT() NAMED_UNIT(*) SI_UNIT(.MILLI.,.METRE.) );
#14643 = ( NAMED_UNIT(*) PLANE_ANGLE_UNIT() SI_UNIT($,.RADIAN.) );
#14644 = ( NAMED_UNIT(*) SI_UNIT($,.STERADIAN.) SOLID_ANGLE_UNIT() );
#14645 = UNCERTAINTY_MEASURE_WITH_UNIT(LENGTH_MEASURE(1.E-07),#14642,
  'distance_accuracy_value','confusion accuracy');
#14646 = CONTEXT_DEPENDENT_SHAPE_REPRESENTATION(#14647,#14649);
#14647 = ( REPRESENTATION_RELATIONSHIP('','',#14422,#10)
REPRESENTATION_RELATIONSHIP_WITH_TRANSFORMATION(#14648)
SHAPE_REPRESENTATION_RELATIONSHIP() );
#14648 = ITEM_DEFINED_TRANSFORMATION('','',#11,#119);
#14649 = PRODUCT_DEFINITION_SHAPE('Placement','Placement of an item',
  #14650);
#14650 = NEXT_ASSEMBLY_USAGE_OCCURRENCE('27','Actuator P6','',#5,#14417,
  $);
#14651 = PRODUCT_RELATED_PRODUCT_CATEGORY('part',$,(#14419));
#14652 = SHAPE_DEFINITION_REPRESENTATION(#14653,#14659);
#14653 = PRODUCT_DEFINITION_SHAPE('','',#14654);
#14654 = PRODUCT_DEFINITION('design','',#14655,#14658);
#14655 = PRODUCT_DEFINITION_FORMATION('','',#14656);
#14656 = PRODUCT('Terminal Pin P6 A','Terminal Pin P6 A','',(#14657));
#14657 = PRODUCT_CONTEXT('',#2,'mechanical');
#14658 = PRODUCT_DEFINITION_CONTEXT('part definition',#2,'design');
#14659 = ADVANCED_BREP_SHAPE_REPRESENTATION('',(#11,#14660),#14810);
#14660 = MANIFOLD_SOLID_BREP('',#14661);
#14661 = CLOSED_SHELL('',(#14662,#14702,#14742,#14764,#14786,#14798));
#14662 = ADVANCED_FACE('',(#14663),#14697,.F.);
#14663 = FACE_BOUND('',#14664,.F.);
#14664 = EDGE_LOOP('',(#14665,#14675,#14683,#14691));
#14665 = ORIENTED_EDGE('',*,*,#14666,.F.);
#14666 = EDGE_CURVE('',#14667,#14669,#14671,.T.);
#14667 = VERTEX_POINT('',#14668);
#14668 = CARTESIAN_POINT('',(17.6,4.35,-3.));
#14669 = VERTEX_POINT('',#14670);
#14670 = CARTESIAN_POINT('',(17.6,4.35,0.));
#14671 = LINE('',#14672,#14673);
#14672 = CARTESIAN_POINT('',(17.6,4.35,-3.));
#14673 = VECTOR('',#14674,1.);
#14674 = DIRECTION('',(0.,0.,1.));
#14675 = ORIENTED_EDGE('',*,*,#14676,.T.);
#14676 = EDGE_CURVE('',#14667,#14677,#14679,.T.);
#14677 = VERTEX_POINT('',#14678);
#14678 = CARTESIAN_POINT('',(17.6,4.85,-3.));
#14679 = LINE('',#14680,#14681);
#14680 = CARTESIAN_POINT('',(17.6,4.35,-3.));
#14681 = VECTOR('',#14682,1.);
#14682 = DIRECTION('',(-0.,1.,0.));
#14683 = ORIENTED_EDGE('',*,*,#14684,.T.);
#14684 = EDGE_CURVE('',#14677,#14685,#14687,.T.);
#14685 = VERTEX_POINT('',#14686);
#14686 = CARTESIAN_POINT('',(17.6,4.85,0.));
#14687 = LINE('',#14688,#14689);
#14688 = CARTESIAN_POINT('',(17.6,4.85,-3.));
#14689 = VECTOR('',#14690,1.);
#14690 = DIRECTION('',(0.,0.,1.));
#14691 = ORIENTED_EDGE('',*,*,#14692,.F.);
#14692 = EDGE_CURVE('',#14669,#14685,#14693,.T.);
#14693 = LINE('',#14694,#14695);
#14694 = CARTESIAN_POINT('',(17.6,4.35,0.));
#14695 = VECTOR('',#14696,1.);
#14696 = DIRECTION('',(-0.,1.,0.));
#14697 = PLANE('',#14698);
#14698 = AXIS2_PLACEMENT_3D('',#14699,#14700,#14701);
#14699 = CARTESIAN_POINT('',(17.6,4.35,-3.));
#14700 = DIRECTION('',(1.,0.,-0.));
#14701 = DIRECTION('',(0.,0.,1.));
#14702 = ADVANCED_FACE('',(#14703),#14737,.T.);
#14703 = FACE_BOUND('',#14704,.T.);
#14704 = EDGE_LOOP('',(#14705,#14715,#14723,#14731));
#14705 = ORIENTED_EDGE('',*,*,#14706,.F.);
#14706 = EDGE_CURVE('',#14707,#14709,#14711,.T.);
#14707 = VERTEX_POINT('',#14708);
#14708 = CARTESIAN_POINT('',(18.4,4.35,-3.));
#14709 = VERTEX_POINT('',#14710);
#14710 = CARTESIAN_POINT('',(18.4,4.35,0.));
#14711 = LINE('',#14712,#14713);
#14712 = CARTESIAN_POINT('',(18.4,4.35,-3.));
#14713 = VECTOR('',#14714,1.);
#14714 = DIRECTION('',(0.,0.,1.));
#14715 = ORIENTED_EDGE('',*,*,#14716,.T.);
#14716 = EDGE_CURVE('',#14707,#14717,#14719,.T.);
#14717 = VERTEX_POINT('',#14718);
#14718 = CARTESIAN_POINT('',(18.4,4.85,-3.));
#14719 = LINE('',#14720,#14721);
#14720 = CARTESIAN_POINT('',(18.4,4.35,-3.));
#14721 = VECTOR('',#14722,1.);
#14722 = DIRECTION('',(-0.,1.,0.));
#14723 = ORIENTED_EDGE('',*,*,#14724,.T.);
#14724 = EDGE_CURVE('',#14717,#14725,#14727,.T.);
#14725 = VERTEX_POINT('',#14726);
#14726 = CARTESIAN_POINT('',(18.4,4.85,0.));
#14727 = LINE('',#14728,#14729);
#14728 = CARTESIAN_POINT('',(18.4,4.85,-3.));
#14729 = VECTOR('',#14730,1.);
#14730 = DIRECTION('',(0.,0.,1.));
#14731 = ORIENTED_EDGE('',*,*,#14732,.F.);
#14732 = EDGE_CURVE('',#14709,#14725,#14733,.T.);
#14733 = LINE('',#14734,#14735);
#14734 = CARTESIAN_POINT('',(18.4,4.35,0.));
#14735 = VECTOR('',#14736,1.);
#14736 = DIRECTION('',(-0.,1.,0.));
#14737 = PLANE('',#14738);
#14738 = AXIS2_PLACEMENT_3D('',#14739,#14740,#14741);
#14739 = CARTESIAN_POINT('',(18.4,4.35,-3.));
#14740 = DIRECTION('',(1.,0.,-0.));
#14741 = DIRECTION('',(0.,0.,1.));
#14742 = ADVANCED_FACE('',(#14743),#14759,.F.);
#14743 = FACE_BOUND('',#14744,.F.);
#14744 = EDGE_LOOP('',(#14745,#14751,#14752,#14758));
#14745 = ORIENTED_EDGE('',*,*,#14746,.F.);
#14746 = EDGE_CURVE('',#14667,#14707,#14747,.T.);
#14747 = LINE('',#14748,#14749);
#14748 = CARTESIAN_POINT('',(17.6,4.35,-3.));
#14749 = VECTOR('',#14750,1.);
#14750 = DIRECTION('',(1.,0.,-0.));
#14751 = ORIENTED_EDGE('',*,*,#14666,.T.);
#14752 = ORIENTED_EDGE('',*,*,#14753,.T.);
#14753 = EDGE_CURVE('',#14669,#14709,#14754,.T.);
#14754 = LINE('',#14755,#14756);
#14755 = CARTESIAN_POINT('',(17.6,4.35,0.));
#14756 = VECTOR('',#14757,1.);
#14757 = DIRECTION('',(1.,0.,-0.));
#14758 = ORIENTED_EDGE('',*,*,#14706,.F.);
#14759 = PLANE('',#14760);
#14760 = AXIS2_PLACEMENT_3D('',#14761,#14762,#14763);
#14761 = CARTESIAN_POINT('',(17.6,4.35,-3.));
#14762 = DIRECTION('',(-0.,1.,0.));
#14763 = DIRECTION('',(0.,0.,1.));
#14764 = ADVANCED_FACE('',(#14765),#14781,.T.);
#14765 = FACE_BOUND('',#14766,.T.);
#14766 = EDGE_LOOP('',(#14767,#14773,#14774,#14780));
#14767 = ORIENTED_EDGE('',*,*,#14768,.F.);
#14768 = EDGE_CURVE('',#14677,#14717,#14769,.T.);
#14769 = LINE('',#14770,#14771);
#14770 = CARTESIAN_POINT('',(17.6,4.85,-3.));
#14771 = VECTOR('',#14772,1.);
#14772 = DIRECTION('',(1.,0.,-0.));
#14773 = ORIENTED_EDGE('',*,*,#14684,.T.);
#14774 = ORIENTED_EDGE('',*,*,#14775,.T.);
#14775 = EDGE_CURVE('',#14685,#14725,#14776,.T.);
#14776 = LINE('',#14777,#14778);
#14777 = CARTESIAN_POINT('',(17.6,4.85,0.));
#14778 = VECTOR('',#14779,1.);
#14779 = DIRECTION('',(1.,0.,-0.));
#14780 = ORIENTED_EDGE('',*,*,#14724,.F.);
#14781 = PLANE('',#14782);
#14782 = AXIS2_PLACEMENT_3D('',#14783,#14784,#14785);
#14783 = CARTESIAN_POINT('',(17.6,4.85,-3.));
#14784 = DIRECTION('',(-0.,1.,0.));
#14785 = DIRECTION('',(0.,0.,1.));
#14786 = ADVANCED_FACE('',(#14787),#14793,.F.);
#14787 = FACE_BOUND('',#14788,.F.);
#14788 = EDGE_LOOP('',(#14789,#14790,#14791,#14792));
#14789 = ORIENTED_EDGE('',*,*,#14676,.F.);
#14790 = ORIENTED_EDGE('',*,*,#14746,.T.);
#14791 = ORIENTED_EDGE('',*,*,#14716,.T.);
#14792 = ORIENTED_EDGE('',*,*,#14768,.F.);
#14793 = PLANE('',#14794);
#14794 = AXIS2_PLACEMENT_3D('',#14795,#14796,#14797);
#14795 = CARTESIAN_POINT('',(17.6,4.35,-3.));
#14796 = DIRECTION('',(0.,0.,1.));
#14797 = DIRECTION('',(1.,0.,-0.));
#14798 = ADVANCED_FACE('',(#14799),#14805,.T.);
#14799 = FACE_BOUND('',#14800,.T.);
#14800 = EDGE_LOOP('',(#14801,#14802,#14803,#14804));
#14801 = ORIENTED_EDGE('',*,*,#14692,.F.);
#14802 = ORIENTED_EDGE('',*,*,#14753,.T.);
#14803 = ORIENTED_EDGE('',*,*,#14732,.T.);
#14804 = ORIENTED_EDGE('',*,*,#14775,.F.);
#14805 = PLANE('',#14806);
#14806 = AXIS2_PLACEMENT_3D('',#14807,#14808,#14809);
#14807 = CARTESIAN_POINT('',(17.6,4.35,0.));
#14808 = DIRECTION('',(0.,0.,1.));
#14809 = DIRECTION('',(1.,0.,-0.));
#14810 = ( GEOMETRIC_REPRESENTATION_CONTEXT(3)
GLOBAL_UNCERTAINTY_ASSIGNED_CONTEXT((#14814))
GLOBAL_UNIT_ASSIGNED_CONTEXT((#14811,#14812,#14813))
REPRESENTATION_CONTEXT('Context #1',
  '3D Context with UNIT and UNCERTAINTY') );
#14811 = ( LENGTH_UNIT() NAMED_UNIT(*) SI_UNIT(.MILLI.,.METRE.) );
#14812 = ( NAMED_UNIT(*) PLANE_ANGLE_UNIT() SI_UNIT($,.RADIAN.) );
#14813 = ( NAMED_UNIT(*) SI_UNIT($,.STERADIAN.) SOLID_ANGLE_UNIT() );
#14814 = UNCERTAINTY_MEASURE_WITH_UNIT(LENGTH_MEASURE(1.E-07),#14811,
  'distance_accuracy_value','confusion accuracy');
#14815 = CONTEXT_DEPENDENT_SHAPE_REPRESENTATION(#14816,#14818);
#14816 = ( REPRESENTATION_RELATIONSHIP('','',#14659,#10)
REPRESENTATION_RELATIONSHIP_WITH_TRANSFORMATION(#14817)
SHAPE_REPRESENTATION_RELATIONSHIP() );
#14817 = ITEM_DEFINED_TRANSFORMATION('','',#11,#123);
#14818 = PRODUCT_DEFINITION_SHAPE('Placement','Placement of an item',
  #14819);
#14819 = NEXT_ASSEMBLY_USAGE_OCCURRENCE('28','Terminal Pin P6 A','',#5,
  #14654,$);
#14820 = PRODUCT_RELATED_PRODUCT_CATEGORY('part',$,(#14656));
#14821 = SHAPE_DEFINITION_REPRESENTATION(#14822,#14828);
#14822 = PRODUCT_DEFINITION_SHAPE('','',#14823);
#14823 = PRODUCT_DEFINITION('design','',#14824,#14827);
#14824 = PRODUCT_DEFINITION_FORMATION('','',#14825);
#14825 = PRODUCT('Terminal Pin P6 B','Terminal Pin P6 B','',(#14826));
#14826 = PRODUCT_CONTEXT('',#2,'mechanical');
#14827 = PRODUCT_DEFINITION_CONTEXT('part definition',#2,'design');
#14828 = ADVANCED_BREP_SHAPE_REPRESENTATION('',(#11,#14829),#14979);
#14829 = MANIFOLD_SOLID_BREP('',#14830);
#14830 = CLOSED_SHELL('',(#14831,#14871,#14911,#14933,#14955,#14967));
#14831 = ADVANCED_FACE('',(#14832),#14866,.F.);
#14832 = FACE_BOUND('',#14833,.F.);
#14833 = EDGE_LOOP('',(#14834,#14844,#14852,#14860));
#14834 = ORIENTED_EDGE('',*,*,#14835,.F.);
#14835 = EDGE_CURVE('',#14836,#14838,#14840,.T.);
#14836 = VERTEX_POINT('',#14837);
#14837 = CARTESIAN_POINT('',(17.6,9.35,-3.));
#14838 = VERTEX_POINT('',#14839);
#14839 = CARTESIAN_POINT('',(17.6,9.35,0.));
#14840 = LINE('',#14841,#14842);
#14841 = CARTESIAN_POINT('',(17.6,9.35,-3.));
#14842 = VECTOR('',#14843,1.);
#14843 = DIRECTION('',(0.,0.,1.));
#14844 = ORIENTED_EDGE('',*,*,#14845,.T.);
#14845 = EDGE_CURVE('',#14836,#14846,#14848,.T.);
#14846 = VERTEX_POINT('',#14847);
#14847 = CARTESIAN_POINT('',(17.6,9.85,-3.));
#14848 = LINE('',#14849,#14850);
#14849 = CARTESIAN_POINT('',(17.6,9.35,-3.));
#14850 = VECTOR('',#14851,1.);
#14851 = DIRECTION('',(-0.,1.,0.));
#14852 = ORIENTED_EDGE('',*,*,#14853,.T.);
#14853 = EDGE_CURVE('',#14846,#14854,#14856,.T.);
#14854 = VERTEX_POINT('',#14855);
#14855 = CARTESIAN_POINT('',(17.6,9.85,0.));
#14856 = LINE('',#14857,#14858);
#14857 = CARTESIAN_POINT('',(17.6,9.85,-3.));
#14858 = VECTOR('',#14859,1.);
#14859 = DIRECTION('',(0.,0.,1.));
#14860 = ORIENTED_EDGE('',*,*,#14861,.F.);
#14861 = EDGE_CURVE('',#14838,#14854,#14862,.T.);
#14862 = LINE('',#14863,#14864);
#14863 = CARTESIAN_POINT('',(17.6,9.35,0.));
#14864 = VECTOR('',#14865,1.);
#14865 = DIRECTION('',(-0.,1.,0.));
#14866 = PLANE('',#14867);
#14867 = AXIS2_PLACEMENT_3D('',#14868,#14869,#14870);
#14868 = CARTESIAN_POINT('',(17.6,9.35,-3.));
#14869 = DIRECTION('',(1.,0.,-0.));
#14870 = DIRECTION('',(0.,0.,1.));
#14871 = ADVANCED_FACE('',(#14872),#14906,.T.);
#14872 = FACE_BOUND('',#14873,.T.);
#14873 = EDGE_LOOP('',(#14874,#14884,#14892,#14900));
#14874 = ORIENTED_EDGE('',*,*,#14875,.F.);
#14875 = EDGE_CURVE('',#14876,#14878,#14880,.T.);
#14876 = VERTEX_POINT('',#14877);
#14877 = CARTESIAN_POINT('',(18.4,9.35,-3.));
#14878 = VERTEX_POINT('',#14879);
#14879 = CARTESIAN_POINT('',(18.4,9.35,0.));
#14880 = LINE('',#14881,#14882);
#14881 = CARTESIAN_POINT('',(18.4,9.35,-3.));
#14882 = VECTOR('',#14883,1.);
#14883 = DIRECTION('',(0.,0.,1.));
#14884 = ORIENTED_EDGE('',*,*,#14885,.T.);
#14885 = EDGE_CURVE('',#14876,#14886,#14888,.T.);
#14886 = VERTEX_POINT('',#14887);
#14887 = CARTESIAN_POINT('',(18.4,9.85,-3.));
#14888 = LINE('',#14889,#14890);
#14889 = CARTESIAN_POINT('',(18.4,9.35,-3.));
#14890 = VECTOR('',#14891,1.);
#14891 = DIRECTION('',(-0.,1.,0.));
#14892 = ORIENTED_EDGE('',*,*,#14893,.T.);
#14893 = EDGE_CURVE('',#14886,#14894,#14896,.T.);
#14894 = VERTEX_POINT('',#14895);
#14895 = CARTESIAN_POINT('',(18.4,9.85,0.));
#14896 = LINE('',#14897,#14898);
#14897 = CARTESIAN_POINT('',(18.4,9.85,-3.));
#14898 = VECTOR('',#14899,1.);
#14899 = DIRECTION('',(0.,0.,1.));
#14900 = ORIENTED_EDGE('',*,*,#14901,.F.);
#14901 = EDGE_CURVE('',#14878,#14894,#14902,.T.);
#14902 = LINE('',#14903,#14904);
#14903 = CARTESIAN_POINT('',(18.4,9.35,0.));
#14904 = VECTOR('',#14905,1.);
#14905 = DIRECTION('',(-0.,1.,0.));
#14906 = PLANE('',#14907);
#14907 = AXIS2_PLACEMENT_3D('',#14908,#14909,#14910);
#14908 = CARTESIAN_POINT('',(18.4,9.35,-3.));
#14909 = DIRECTION('',(1.,0.,-0.));
#14910 = DIRECTION('',(0.,0.,1.));
#14911 = ADVANCED_FACE('',(#14912),#14928,.F.);
#14912 = FACE_BOUND('',#14913,.F.);
#14913 = EDGE_LOOP('',(#14914,#14920,#14921,#14927));
#14914 = ORIENTED_EDGE('',*,*,#14915,.F.);
#14915 = EDGE_CURVE('',#14836,#14876,#14916,.T.);
#14916 = LINE('',#14917,#14918);
#14917 = CARTESIAN_POINT('',(17.6,9.35,-3.));
#14918 = VECTOR('',#14919,1.);
#14919 = DIRECTION('',(1.,0.,-0.));
#14920 = ORIENTED_EDGE('',*,*,#14835,.T.);
#14921 = ORIENTED_EDGE('',*,*,#14922,.T.);
#14922 = EDGE_CURVE('',#14838,#14878,#14923,.T.);
#14923 = LINE('',#14924,#14925);
#14924 = CARTESIAN_POINT('',(17.6,9.35,0.));
#14925 = VECTOR('',#14926,1.);
#14926 = DIRECTION('',(1.,0.,-0.));
#14927 = ORIENTED_EDGE('',*,*,#14875,.F.);
#14928 = PLANE('',#14929);
#14929 = AXIS2_PLACEMENT_3D('',#14930,#14931,#14932);
#14930 = CARTESIAN_POINT('',(17.6,9.35,-3.));
#14931 = DIRECTION('',(-0.,1.,0.));
#14932 = DIRECTION('',(0.,0.,1.));
#14933 = ADVANCED_FACE('',(#14934),#14950,.T.);
#14934 = FACE_BOUND('',#14935,.T.);
#14935 = EDGE_LOOP('',(#14936,#14942,#14943,#14949));
#14936 = ORIENTED_EDGE('',*,*,#14937,.F.);
#14937 = EDGE_CURVE('',#14846,#14886,#14938,.T.);
#14938 = LINE('',#14939,#14940);
#14939 = CARTESIAN_POINT('',(17.6,9.85,-3.));
#14940 = VECTOR('',#14941,1.);
#14941 = DIRECTION('',(1.,0.,-0.));
#14942 = ORIENTED_EDGE('',*,*,#14853,.T.);
#14943 = ORIENTED_EDGE('',*,*,#14944,.T.);
#14944 = EDGE_CURVE('',#14854,#14894,#14945,.T.);
#14945 = LINE('',#14946,#14947);
#14946 = CARTESIAN_POINT('',(17.6,9.85,0.));
#14947 = VECTOR('',#14948,1.);
#14948 = DIRECTION('',(1.,0.,-0.));
#14949 = ORIENTED_EDGE('',*,*,#14893,.F.);
#14950 = PLANE('',#14951);
#14951 = AXIS2_PLACEMENT_3D('',#14952,#14953,#14954);
#14952 = CARTESIAN_POINT('',(17.6,9.85,-3.));
#14953 = DIRECTION('',(-0.,1.,0.));
#14954 = DIRECTION('',(0.,0.,1.));
#14955 = ADVANCED_FACE('',(#14956),#14962,.F.);
#14956 = FACE_BOUND('',#14957,.F.);
#14957 = EDGE_LOOP('',(#14958,#14959,#14960,#14961));
#14958 = ORIENTED_EDGE('',*,*,#14845,.F.);
#14959 = ORIENTED_EDGE('',*,*,#14915,.T.);
#14960 = ORIENTED_EDGE('',*,*,#14885,.T.);
#14961 = ORIENTED_EDGE('',*,*,#14937,.F.);
#14962 = PLANE('',#14963);
#14963 = AXIS2_PLACEMENT_3D('',#14964,#14965,#14966);
#14964 = CARTESIAN_POINT('',(17.6,9.35,-3.));
#14965 = DIRECTION('',(0.,0.,1.));
#14966 = DIRECTION('',(1.,0.,-0.));
#14967 = ADVANCED_FACE('',(#14968),#14974,.T.);
#14968 = FACE_BOUND('',#14969,.T.);
#14969 = EDGE_LOOP('',(#14970,#14971,#14972,#14973));
#14970 = ORIENTED_EDGE('',*,*,#14861,.F.);
#14971 = ORIENTED_EDGE('',*,*,#14922,.T.);
#14972 = ORIENTED_EDGE('',*,*,#14901,.T.);
#14973 = ORIENTED_EDGE('',*,*,#14944,.F.);
#14974 = PLANE('',#14975);
#14975 = AXIS2_PLACEMENT_3D('',#14976,#14977,#14978);
#14976 = CARTESIAN_POINT('',(17.6,9.35,0.));
#14977 = DIRECTION('',(0.,0.,1.));
#14978 = DIRECTION('',(1.,0.,-0.));
#14979 = ( GEOMETRIC_REPRESENTATION_CONTEXT(3)
GLOBAL_UNCERTAINTY_ASSIGNED_CONTEXT((#14983))
GLOBAL_UNIT_ASSIGNED_CONTEXT((#14980,#14981,#14982))
REPRESENTATION_CONTEXT('Context #1',
  '3D Context with UNIT and UNCERTAINTY') );
#14980 = ( LENGTH_UNIT() NAMED_UNIT(*) SI_UNIT(.MILLI.,.METRE.) );
#14981 = ( NAMED_UNIT(*) PLANE_ANGLE_UNIT() SI_UNIT($,.RADIAN.) );
#14982 = ( NAMED_UNIT(*) SI_UNIT($,.STERADIAN.) SOLID_ANGLE_UNIT() );
#14983 = UNCERTAINTY_MEASURE_WITH_UNIT(LENGTH_MEASURE(1.E-07),#14980,
  'distance_accuracy_value','confusion accuracy');
#14984 = CONTEXT_DEPENDENT_SHAPE_REPRESENTATION(#14985,#14987);
#14985 = ( REPRESENTATION_RELATIONSHIP('','',#14828,#10)
REPRESENTATION_RELATIONSHIP_WITH_TRANSFORMATION(#14986)
SHAPE_REPRESENTATION_RELATIONSHIP() );
#14986 = ITEM_DEFINED_TRANSFORMATION('','',#11,#127);
#14987 = PRODUCT_DEFINITION_SHAPE('Placement','Placement of an item',
  #14988);
#14988 = NEXT_ASSEMBLY_USAGE_OCCURRENCE('29','Terminal Pin P6 B','',#5,
  #14823,$);
#14989 = PRODUCT_RELATED_PRODUCT_CATEGORY('part',$,(#14825));
#14990 = SHAPE_DEFINITION_REPRESENTATION(#14991,#14997);
#14991 = PRODUCT_DEFINITION_SHAPE('','',#14992);
#14992 = PRODUCT_DEFINITION('design','',#14993,#14996);
#14993 = PRODUCT_DEFINITION_FORMATION('','',#14994);
#14994 = PRODUCT('Housing P7','Housing P7','',(#14995));
#14995 = PRODUCT_CONTEXT('',#2,'mechanical');
#14996 = PRODUCT_DEFINITION_CONTEXT('part definition',#2,'design');
#14997 = ADVANCED_BREP_SHAPE_REPRESENTATION('',(#11,#14998),#16353);
#14998 = MANIFOLD_SOLID_BREP('',#14999);
#14999 = CLOSED_SHELL('',(#15000,#15048,#15081,#15172,#15197,#15230,
    #15263,#15364,#15381,#15406,#15438,#15463,#15503,#15535,#15559,
    #15584,#15601,#15618,#15649,#15680,#15698,#15729,#15754,#15785,
    #15809,#15840,#15857,#15881,#15899,#15916,#15928,#15945,#15957,
    #15975,#15986,#16035,#16066,#16097,#16130,#16161,#16201,#16232,
    #16248,#16294,#16325,#16339));
#15000 = ADVANCED_FACE('',(#15001),#15043,.F.);
#15001 = FACE_BOUND('',#15002,.F.);
#15002 = EDGE_LOOP('',(#15003,#15013,#15021,#15029,#15037));
#15003 = ORIENTED_EDGE('',*,*,#15004,.F.);
#15004 = EDGE_CURVE('',#15005,#15007,#15009,.T.);
#15005 = VERTEX_POINT('',#15006);
#15006 = CARTESIAN_POINT('',(7.5,0.3,0.3));
#15007 = VERTEX_POINT('',#15008);
#15008 = CARTESIAN_POINT('',(7.5,0.3,9.086363636364));
#15009 = LINE('',#15010,#15011);
#15010 = CARTESIAN_POINT('',(7.5,0.3,0.));
#15011 = VECTOR('',#15012,1.);
#15012 = DIRECTION('',(0.,0.,1.));
#15013 = ORIENTED_EDGE('',*,*,#15014,.T.);
#15014 = EDGE_CURVE('',#15005,#15015,#15017,.T.);
#15015 = VERTEX_POINT('',#15016);
#15016 = CARTESIAN_POINT('',(7.5,12.2,0.3));
#15017 = LINE('',#15018,#15019);
#15018 = CARTESIAN_POINT('',(7.5,0.,0.3));
#15019 = VECTOR('',#15020,1.);
#15020 = DIRECTION('',(-0.,1.,0.));
#15021 = ORIENTED_EDGE('',*,*,#15022,.T.);
#15022 = EDGE_CURVE('',#15015,#15023,#15025,.T.);
#15023 = VERTEX_POINT('',#15024);
#15024 = CARTESIAN_POINT('',(7.5,12.2,10.3));
#15025 = LINE('',#15026,#15027);
#15026 = CARTESIAN_POINT('',(7.5,12.2,0.));
#15027 = VECTOR('',#15028,1.);
#15028 = DIRECTION('',(0.,0.,1.));
#15029 = ORIENTED_EDGE('',*,*,#15030,.F.);
#15030 = EDGE_CURVE('',#15031,#15023,#15033,.T.);
#15031 = VERTEX_POINT('',#15032);
#15032 = CARTESIAN_POINT('',(7.5,1.743243243243,10.3));
#15033 = LINE('',#15034,#15035);
#15034 = CARTESIAN_POINT('',(7.5,0.,10.3));
#15035 = VECTOR('',#15036,1.);
#15036 = DIRECTION('',(-0.,1.,0.));
#15037 = ORIENTED_EDGE('',*,*,#15038,.F.);
#15038 = EDGE_CURVE('',#15007,#15031,#15039,.T.);
#15039 = LINE('',#15040,#15041);
#15040 = CARTESIAN_POINT('',(7.5,-1.125779122542,7.88741301059));
#15041 = VECTOR('',#15042,1.);
#15042 = DIRECTION('',(0.,0.765362085905,0.643599935875));
#15043 = PLANE('',#15044);
#15044 = AXIS2_PLACEMENT_3D('',#15045,#15046,#15047);
#15045 = CARTESIAN_POINT('',(7.5,0.,0.));
#15046 = DIRECTION('',(1.,0.,-0.));
#15047 = DIRECTION('',(0.,0.,1.));
#15048 = ADVANCED_FACE('',(#15049),#15076,.T.);
#15049 = FACE_BOUND('',#15050,.T.);
#15050 = EDGE_LOOP('',(#15051,#15052,#15061,#15069));
#15051 = ORIENTED_EDGE('',*,*,#15004,.F.);
#15052 = ORIENTED_EDGE('',*,*,#15053,.T.);
#15053 = EDGE_CURVE('',#15005,#15054,#15056,.T.);
#15054 = VERTEX_POINT('',#15055);
#15055 = CARTESIAN_POINT('',(7.8,-5.551115123126E-17,0.3));
#15056 = CIRCLE('',#15057,0.3);
#15057 = AXIS2_PLACEMENT_3D('',#15058,#15059,#15060);
#15058 = CARTESIAN_POINT('',(7.8,0.3,0.3));
#15059 = DIRECTION('',(0.,0.,1.));
#15060 = DIRECTION('',(-1.,0.,0.));
#15061 = ORIENTED_EDGE('',*,*,#15062,.T.);
#15062 = EDGE_CURVE('',#15054,#15063,#15065,.T.);
#15063 = VERTEX_POINT('',#15064);
#15064 = CARTESIAN_POINT('',(7.8,-5.551115123126E-17,8.834090909091));
#15065 = LINE('',#15066,#15067);
#15066 = CARTESIAN_POINT('',(7.8,-5.551115123126E-17,0.));
#15067 = VECTOR('',#15068,1.);
#15068 = DIRECTION('',(0.,0.,1.));
#15069 = ORIENTED_EDGE('',*,*,#15070,.T.);
#15070 = EDGE_CURVE('',#15063,#15007,#15071,.T.);
#15071 = ELLIPSE('',#15072,0.391971336867,0.3);
#15072 = AXIS2_PLACEMENT_3D('',#15073,#15074,#15075);
#15073 = CARTESIAN_POINT('',(7.8,0.3,9.086363636364));
#15074 = DIRECTION('',(0.,0.643599935875,-0.765362085905));
#15075 = DIRECTION('',(0.,0.765362085905,0.643599935875));
#15076 = CYLINDRICAL_SURFACE('',#15077,0.3);
#15077 = AXIS2_PLACEMENT_3D('',#15078,#15079,#15080);
#15078 = CARTESIAN_POINT('',(7.8,0.3,0.));
#15079 = DIRECTION('',(0.,0.,1.));
#15080 = DIRECTION('',(-1.,-0.,0.));
#15081 = ADVANCED_FACE('',(#15082),#15167,.F.);
#15082 = FACE_BOUND('',#15083,.F.);
#15083 = EDGE_LOOP('',(#15084,#15093,#15101,#15109,#15117,#15125,#15133,
    #15142,#15150,#15159,#15165,#15166));
#15084 = ORIENTED_EDGE('',*,*,#15085,.T.);
#15085 = EDGE_CURVE('',#15031,#15086,#15088,.T.);
#15086 = VERTEX_POINT('',#15087);
#15087 = CARTESIAN_POINT('',(7.8,2.1,10.6));
#15088 = ELLIPSE('',#15089,0.466128076275,0.3);
#15089 = AXIS2_PLACEMENT_3D('',#15090,#15091,#15092);
#15090 = CARTESIAN_POINT('',(7.8,1.743243243243,10.3));
#15091 = DIRECTION('',(0.,0.643599935875,-0.765362085905));
#15092 = DIRECTION('',(0.,0.765362085905,0.643599935875));
#15093 = ORIENTED_EDGE('',*,*,#15094,.T.);
#15094 = EDGE_CURVE('',#15086,#15095,#15097,.T.);
#15095 = VERTEX_POINT('',#15096);
#15096 = CARTESIAN_POINT('',(8.05,2.1,10.6));
#15097 = LINE('',#15098,#15099);
#15098 = CARTESIAN_POINT('',(7.4,2.1,10.6));
#15099 = VECTOR('',#15100,1.);
#15100 = DIRECTION('',(1.,0.,0.));
#15101 = ORIENTED_EDGE('',*,*,#15102,.T.);
#15102 = EDGE_CURVE('',#15095,#15103,#15105,.T.);
#15103 = VERTEX_POINT('',#15104);
#15104 = CARTESIAN_POINT('',(8.05,0.589585439838,9.329878665319));
#15105 = LINE('',#15106,#15107);
#15106 = CARTESIAN_POINT('',(8.05,2.697145719937,11.102145264493));
#15107 = VECTOR('',#15108,1.);
#15108 = DIRECTION('',(0.,-0.765362085905,-0.643599935875));
#15109 = ORIENTED_EDGE('',*,*,#15110,.T.);
#15110 = EDGE_CURVE('',#15103,#15111,#15113,.T.);
#15111 = VERTEX_POINT('',#15112);
#15112 = CARTESIAN_POINT('',(11.95,0.589585439838,9.329878665319));
#15113 = LINE('',#15114,#15115);
#15114 = CARTESIAN_POINT('',(7.725,0.589585439838,9.329878665319));
#15115 = VECTOR('',#15116,1.);
#15116 = DIRECTION('',(1.,0.,0.));
#15117 = ORIENTED_EDGE('',*,*,#15118,.F.);
#15118 = EDGE_CURVE('',#15119,#15111,#15121,.T.);
#15119 = VERTEX_POINT('',#15120);
#15120 = CARTESIAN_POINT('',(11.95,2.1,10.6));
#15121 = LINE('',#15122,#15123);
#15122 = CARTESIAN_POINT('',(11.95,2.697145719937,11.102145264493));
#15123 = VECTOR('',#15124,1.);
#15124 = DIRECTION('',(0.,-0.765362085905,-0.643599935875));
#15125 = ORIENTED_EDGE('',*,*,#15126,.T.);
#15126 = EDGE_CURVE('',#15119,#15127,#15129,.T.);
#15127 = VERTEX_POINT('',#15128);
#15128 = CARTESIAN_POINT('',(12.2,2.1,10.6));
#15129 = LINE('',#15130,#15131);
#15130 = CARTESIAN_POINT('',(7.4,2.1,10.6));
#15131 = VECTOR('',#15132,1.);
#15132 = DIRECTION('',(1.,0.,0.));
#15133 = ORIENTED_EDGE('',*,*,#15134,.T.);
#15134 = EDGE_CURVE('',#15127,#15135,#15137,.T.);
#15135 = VERTEX_POINT('',#15136);
#15136 = CARTESIAN_POINT('',(12.5,1.743243243243,10.3));
#15137 = ELLIPSE('',#15138,0.466128076275,0.3);
#15138 = AXIS2_PLACEMENT_3D('',#15139,#15140,#15141);
#15139 = CARTESIAN_POINT('',(12.2,1.743243243243,10.3));
#15140 = DIRECTION('',(0.,0.643599935875,-0.765362085905));
#15141 = DIRECTION('',(0.,0.765362085905,0.643599935875));
#15142 = ORIENTED_EDGE('',*,*,#15143,.F.);
#15143 = EDGE_CURVE('',#15144,#15135,#15146,.T.);
#15144 = VERTEX_POINT('',#15145);
#15145 = CARTESIAN_POINT('',(12.5,0.3,9.086363636364));
#15146 = LINE('',#15147,#15148);
#15147 = CARTESIAN_POINT('',(12.5,-1.125779122542,7.88741301059));
#15148 = VECTOR('',#15149,1.);
#15149 = DIRECTION('',(0.,0.765362085905,0.643599935875));
#15150 = ORIENTED_EDGE('',*,*,#15151,.T.);
#15151 = EDGE_CURVE('',#15144,#15152,#15154,.T.);
#15152 = VERTEX_POINT('',#15153);
#15153 = CARTESIAN_POINT('',(12.2,-5.551115123126E-17,8.834090909091));
#15154 = ELLIPSE('',#15155,0.391971336867,0.3);
#15155 = AXIS2_PLACEMENT_3D('',#15156,#15157,#15158);
#15156 = CARTESIAN_POINT('',(12.2,0.3,9.086363636364));
#15157 = DIRECTION('',(0.,0.643599935875,-0.765362085905));
#15158 = DIRECTION('',(0.,0.765362085905,0.643599935875));
#15159 = ORIENTED_EDGE('',*,*,#15160,.T.);
#15160 = EDGE_CURVE('',#15152,#15063,#15161,.T.);
#15161 = LINE('',#15162,#15163);
#15162 = CARTESIAN_POINT('',(7.45,2.22044604925E-16,8.834090909091));
#15163 = VECTOR('',#15164,1.);
#15164 = DIRECTION('',(-1.,0.,-0.));
#15165 = ORIENTED_EDGE('',*,*,#15070,.T.);
#15166 = ORIENTED_EDGE('',*,*,#15038,.T.);
#15167 = PLANE('',#15168);
#15168 = AXIS2_PLACEMENT_3D('',#15169,#15170,#15171);
#15169 = CARTESIAN_POINT('',(7.4,2.1,10.6));
#15170 = DIRECTION('',(0.,0.643599935875,-0.765362085905));
#15171 = DIRECTION('',(0.,-0.765362085905,-0.643599935875));
#15172 = ADVANCED_FACE('',(#15173),#15192,.T.);
#15173 = FACE_BOUND('',#15174,.T.);
#15174 = EDGE_LOOP('',(#15175,#15176,#15184,#15191));
#15175 = ORIENTED_EDGE('',*,*,#15085,.T.);
#15176 = ORIENTED_EDGE('',*,*,#15177,.T.);
#15177 = EDGE_CURVE('',#15086,#15178,#15180,.T.);
#15178 = VERTEX_POINT('',#15179);
#15179 = CARTESIAN_POINT('',(7.8,12.2,10.6));
#15180 = LINE('',#15181,#15182);
#15181 = CARTESIAN_POINT('',(7.8,0.,10.6));
#15182 = VECTOR('',#15183,1.);
#15183 = DIRECTION('',(-0.,1.,0.));
#15184 = ORIENTED_EDGE('',*,*,#15185,.F.);
#15185 = EDGE_CURVE('',#15023,#15178,#15186,.T.);
#15186 = CIRCLE('',#15187,0.3);
#15187 = AXIS2_PLACEMENT_3D('',#15188,#15189,#15190);
#15188 = CARTESIAN_POINT('',(7.8,12.2,10.3));
#15189 = DIRECTION('',(-0.,1.,0.));
#15190 = DIRECTION('',(-1.,-0.,0.));
#15191 = ORIENTED_EDGE('',*,*,#15030,.F.);
#15192 = CYLINDRICAL_SURFACE('',#15193,0.3);
#15193 = AXIS2_PLACEMENT_3D('',#15194,#15195,#15196);
#15194 = CARTESIAN_POINT('',(7.8,0.,10.3));
#15195 = DIRECTION('',(-0.,1.,0.));
#15196 = DIRECTION('',(-1.,-0.,0.));
#15197 = ADVANCED_FACE('',(#15198),#15225,.T.);
#15198 = FACE_BOUND('',#15199,.F.);
#15199 = EDGE_LOOP('',(#15200,#15201,#15210,#15218));
#15200 = ORIENTED_EDGE('',*,*,#15022,.F.);
#15201 = ORIENTED_EDGE('',*,*,#15202,.T.);
#15202 = EDGE_CURVE('',#15015,#15203,#15205,.T.);
#15203 = VERTEX_POINT('',#15204);
#15204 = CARTESIAN_POINT('',(7.8,12.5,0.3));
#15205 = CIRCLE('',#15206,0.3);
#15206 = AXIS2_PLACEMENT_3D('',#15207,#15208,#15209);
#15207 = CARTESIAN_POINT('',(7.8,12.2,0.3));
#15208 = DIRECTION('',(-0.,0.,-1.));
#15209 = DIRECTION('',(-1.,0.,0.));
#15210 = ORIENTED_EDGE('',*,*,#15211,.T.);
#15211 = EDGE_CURVE('',#15203,#15212,#15214,.T.);
#15212 = VERTEX_POINT('',#15213);
#15213 = CARTESIAN_POINT('',(7.8,12.5,10.3));
#15214 = LINE('',#15215,#15216);
#15215 = CARTESIAN_POINT('',(7.8,12.5,0.));
#15216 = VECTOR('',#15217,1.);
#15217 = DIRECTION('',(0.,0.,1.));
#15218 = ORIENTED_EDGE('',*,*,#15219,.T.);
#15219 = EDGE_CURVE('',#15212,#15023,#15220,.T.);
#15220 = CIRCLE('',#15221,0.3);
#15221 = AXIS2_PLACEMENT_3D('',#15222,#15223,#15224);
#15222 = CARTESIAN_POINT('',(7.8,12.2,10.3));
#15223 = DIRECTION('',(0.,0.,1.));
#15224 = DIRECTION('',(-1.,-0.,0.));
#15225 = CYLINDRICAL_SURFACE('',#15226,0.3);
#15226 = AXIS2_PLACEMENT_3D('',#15227,#15228,#15229);
#15227 = CARTESIAN_POINT('',(7.8,12.2,0.));
#15228 = DIRECTION('',(0.,0.,1.));
#15229 = DIRECTION('',(-1.,-0.,0.));
#15230 = ADVANCED_FACE('',(#15231),#15258,.T.);
#15231 = FACE_BOUND('',#15232,.F.);
#15232 = EDGE_LOOP('',(#15233,#15242,#15250,#15257));
#15233 = ORIENTED_EDGE('',*,*,#15234,.F.);
#15234 = EDGE_CURVE('',#15235,#15005,#15237,.T.);
#15235 = VERTEX_POINT('',#15236);
#15236 = CARTESIAN_POINT('',(7.8,0.3,0.));
#15237 = CIRCLE('',#15238,0.3);
#15238 = AXIS2_PLACEMENT_3D('',#15239,#15240,#15241);
#15239 = CARTESIAN_POINT('',(7.8,0.3,0.3));
#15240 = DIRECTION('',(0.,1.,-0.));
#15241 = DIRECTION('',(-1.,0.,0.));
#15242 = ORIENTED_EDGE('',*,*,#15243,.T.);
#15243 = EDGE_CURVE('',#15235,#15244,#15246,.T.);
#15244 = VERTEX_POINT('',#15245);
#15245 = CARTESIAN_POINT('',(7.8,12.2,0.));
#15246 = LINE('',#15247,#15248);
#15247 = CARTESIAN_POINT('',(7.8,0.,-5.551115123126E-17));
#15248 = VECTOR('',#15249,1.);
#15249 = DIRECTION('',(-0.,1.,0.));
#15250 = ORIENTED_EDGE('',*,*,#15251,.T.);
#15251 = EDGE_CURVE('',#15244,#15015,#15252,.T.);
#15252 = CIRCLE('',#15253,0.3);
#15253 = AXIS2_PLACEMENT_3D('',#15254,#15255,#15256);
#15254 = CARTESIAN_POINT('',(7.8,12.2,0.3));
#15255 = DIRECTION('',(0.,1.,-0.));
#15256 = DIRECTION('',(-1.,0.,0.));
#15257 = ORIENTED_EDGE('',*,*,#15014,.F.);
#15258 = CYLINDRICAL_SURFACE('',#15259,0.3);
#15259 = AXIS2_PLACEMENT_3D('',#15260,#15261,#15262);
#15260 = CARTESIAN_POINT('',(7.8,0.,0.3));
#15261 = DIRECTION('',(-0.,1.,0.));
#15262 = DIRECTION('',(-1.,-0.,0.));
#15263 = ADVANCED_FACE('',(#15264,#15282),#15359,.F.);
#15264 = FACE_BOUND('',#15265,.F.);
#15265 = EDGE_LOOP('',(#15266,#15274,#15275,#15276));
#15266 = ORIENTED_EDGE('',*,*,#15267,.F.);
#15267 = EDGE_CURVE('',#15054,#15268,#15270,.T.);
#15268 = VERTEX_POINT('',#15269);
#15269 = CARTESIAN_POINT('',(12.2,-5.551115123126E-17,0.3));
#15270 = LINE('',#15271,#15272);
#15271 = CARTESIAN_POINT('',(7.5,-5.551115123126E-17,0.3));
#15272 = VECTOR('',#15273,1.);
#15273 = DIRECTION('',(1.,0.,-0.));
#15274 = ORIENTED_EDGE('',*,*,#15062,.T.);
#15275 = ORIENTED_EDGE('',*,*,#15160,.F.);
#15276 = ORIENTED_EDGE('',*,*,#15277,.F.);
#15277 = EDGE_CURVE('',#15268,#15152,#15278,.T.);
#15278 = LINE('',#15279,#15280);
#15279 = CARTESIAN_POINT('',(12.2,-5.551115123126E-17,0.));
#15280 = VECTOR('',#15281,1.);
#15281 = DIRECTION('',(0.,0.,1.));
#15282 = FACE_BOUND('',#15283,.F.);
#15283 = EDGE_LOOP('',(#15284,#15294,#15302,#15310,#15319,#15328,#15336,
    #15344,#15352));
#15284 = ORIENTED_EDGE('',*,*,#15285,.F.);
#15285 = EDGE_CURVE('',#15286,#15288,#15290,.T.);
#15286 = VERTEX_POINT('',#15287);
#15287 = CARTESIAN_POINT('',(11.73,0.,5.65));
#15288 = VERTEX_POINT('',#15289);
#15289 = CARTESIAN_POINT('',(11.73,0.,2.25));
#15290 = LINE('',#15291,#15292);
#15291 = CARTESIAN_POINT('',(11.73,0.,1.125));
#15292 = VECTOR('',#15293,1.);
#15293 = DIRECTION('',(-0.,0.,-1.));
#15294 = ORIENTED_EDGE('',*,*,#15295,.F.);
#15295 = EDGE_CURVE('',#15296,#15286,#15298,.T.);
#15296 = VERTEX_POINT('',#15297);
#15297 = CARTESIAN_POINT('',(11.13,0.,5.65));
#15298 = LINE('',#15299,#15300);
#15299 = CARTESIAN_POINT('',(7.885,0.,5.65));
#15300 = VECTOR('',#15301,1.);
#15301 = DIRECTION('',(1.,0.,-0.));
#15302 = ORIENTED_EDGE('',*,*,#15303,.F.);
#15303 = EDGE_CURVE('',#15304,#15296,#15306,.T.);
#15304 = VERTEX_POINT('',#15305);
#15305 = CARTESIAN_POINT('',(11.13,0.,7.4));
#15306 = LINE('',#15307,#15308);
#15307 = CARTESIAN_POINT('',(11.13,0.,2.825));
#15308 = VECTOR('',#15309,1.);
#15309 = DIRECTION('',(-0.,0.,-1.));
#15310 = ORIENTED_EDGE('',*,*,#15311,.F.);
#15311 = EDGE_CURVE('',#15312,#15304,#15314,.T.);
#15312 = VERTEX_POINT('',#15313);
#15313 = CARTESIAN_POINT('',(10.,0.,8.53));
#15314 = CIRCLE('',#15315,1.13);
#15315 = AXIS2_PLACEMENT_3D('',#15316,#15317,#15318);
#15316 = CARTESIAN_POINT('',(10.,0.,7.4));
#15317 = DIRECTION('',(0.,1.,0.));
#15318 = DIRECTION('',(0.,-0.,1.));
#15319 = ORIENTED_EDGE('',*,*,#15320,.F.);
#15320 = EDGE_CURVE('',#15321,#15312,#15323,.T.);
#15321 = VERTEX_POINT('',#15322);
#15322 = CARTESIAN_POINT('',(8.87,0.,7.4));
#15323 = CIRCLE('',#15324,1.13);
#15324 = AXIS2_PLACEMENT_3D('',#15325,#15326,#15327);
#15325 = CARTESIAN_POINT('',(10.,0.,7.4));
#15326 = DIRECTION('',(0.,1.,0.));
#15327 = DIRECTION('',(0.,-0.,1.));
#15328 = ORIENTED_EDGE('',*,*,#15329,.T.);
#15329 = EDGE_CURVE('',#15321,#15330,#15332,.T.);
#15330 = VERTEX_POINT('',#15331);
#15331 = CARTESIAN_POINT('',(8.87,0.,5.65));
#15332 = LINE('',#15333,#15334);
#15333 = CARTESIAN_POINT('',(8.87,0.,2.825));
#15334 = VECTOR('',#15335,1.);
#15335 = DIRECTION('',(-0.,0.,-1.));
#15336 = ORIENTED_EDGE('',*,*,#15337,.F.);
#15337 = EDGE_CURVE('',#15338,#15330,#15340,.T.);
#15338 = VERTEX_POINT('',#15339);
#15339 = CARTESIAN_POINT('',(8.27,0.,5.65));
#15340 = LINE('',#15341,#15342);
#15341 = CARTESIAN_POINT('',(7.885,0.,5.65));
#15342 = VECTOR('',#15343,1.);
#15343 = DIRECTION('',(1.,0.,-0.));
#15344 = ORIENTED_EDGE('',*,*,#15345,.T.);
#15345 = EDGE_CURVE('',#15338,#15346,#15348,.T.);
#15346 = VERTEX_POINT('',#15347);
#15347 = CARTESIAN_POINT('',(8.27,0.,2.25));
#15348 = LINE('',#15349,#15350);
#15349 = CARTESIAN_POINT('',(8.27,0.,1.125));
#15350 = VECTOR('',#15351,1.);
#15351 = DIRECTION('',(-0.,0.,-1.));
#15352 = ORIENTED_EDGE('',*,*,#15353,.F.);
#15353 = EDGE_CURVE('',#15288,#15346,#15354,.T.);
#15354 = CIRCLE('',#15355,1.73);
#15355 = AXIS2_PLACEMENT_3D('',#15356,#15357,#15358);
#15356 = CARTESIAN_POINT('',(10.,0.,2.25));
#15357 = DIRECTION('',(0.,1.,0.));
#15358 = DIRECTION('',(0.,-0.,1.));
#15359 = PLANE('',#15360);
#15360 = AXIS2_PLACEMENT_3D('',#15361,#15362,#15363);
#15361 = CARTESIAN_POINT('',(7.5,0.,0.));
#15362 = DIRECTION('',(-0.,1.,0.));
#15363 = DIRECTION('',(0.,0.,1.));
#15364 = ADVANCED_FACE('',(#15365),#15376,.T.);
#15365 = FACE_BOUND('',#15366,.T.);
#15366 = EDGE_LOOP('',(#15367,#15368,#15375));
#15367 = ORIENTED_EDGE('',*,*,#15234,.F.);
#15368 = ORIENTED_EDGE('',*,*,#15369,.T.);
#15369 = EDGE_CURVE('',#15235,#15054,#15370,.T.);
#15370 = CIRCLE('',#15371,0.3);
#15371 = AXIS2_PLACEMENT_3D('',#15372,#15373,#15374);
#15372 = CARTESIAN_POINT('',(7.8,0.3,0.3));
#15373 = DIRECTION('',(-1.,6.123233995737E-17,0.));
#15374 = DIRECTION('',(-6.123233995737E-17,-1.,0.));
#15375 = ORIENTED_EDGE('',*,*,#15053,.F.);
#15376 = SPHERICAL_SURFACE('',#15377,0.3);
#15377 = AXIS2_PLACEMENT_3D('',#15378,#15379,#15380);
#15378 = CARTESIAN_POINT('',(7.8,0.3,0.3));
#15379 = DIRECTION('',(0.,0.,1.));
#15380 = DIRECTION('',(-1.,0.,0.));
#15381 = ADVANCED_FACE('',(#15382),#15401,.T.);
#15382 = FACE_BOUND('',#15383,.F.);
#15383 = EDGE_LOOP('',(#15384,#15392,#15399,#15400));
#15384 = ORIENTED_EDGE('',*,*,#15385,.F.);
#15385 = EDGE_CURVE('',#15386,#15144,#15388,.T.);
#15386 = VERTEX_POINT('',#15387);
#15387 = CARTESIAN_POINT('',(12.5,0.3,0.3));
#15388 = LINE('',#15389,#15390);
#15389 = CARTESIAN_POINT('',(12.5,0.3,0.));
#15390 = VECTOR('',#15391,1.);
#15391 = DIRECTION('',(0.,0.,1.));
#15392 = ORIENTED_EDGE('',*,*,#15393,.T.);
#15393 = EDGE_CURVE('',#15386,#15268,#15394,.T.);
#15394 = CIRCLE('',#15395,0.3);
#15395 = AXIS2_PLACEMENT_3D('',#15396,#15397,#15398);
#15396 = CARTESIAN_POINT('',(12.2,0.3,0.3));
#15397 = DIRECTION('',(0.,-0.,-1.));
#15398 = DIRECTION('',(1.,0.,-0.));
#15399 = ORIENTED_EDGE('',*,*,#15277,.T.);
#15400 = ORIENTED_EDGE('',*,*,#15151,.F.);
#15401 = CYLINDRICAL_SURFACE('',#15402,0.3);
#15402 = AXIS2_PLACEMENT_3D('',#15403,#15404,#15405);
#15403 = CARTESIAN_POINT('',(12.2,0.3,0.));
#15404 = DIRECTION('',(0.,0.,1.));
#15405 = DIRECTION('',(1.,0.,-0.));
#15406 = ADVANCED_FACE('',(#15407),#15433,.T.);
#15407 = FACE_BOUND('',#15408,.T.);
#15408 = EDGE_LOOP('',(#15409,#15410,#15418,#15426,#15432));
#15409 = ORIENTED_EDGE('',*,*,#15385,.F.);
#15410 = ORIENTED_EDGE('',*,*,#15411,.T.);
#15411 = EDGE_CURVE('',#15386,#15412,#15414,.T.);
#15412 = VERTEX_POINT('',#15413);
#15413 = CARTESIAN_POINT('',(12.5,12.2,0.3));
#15414 = LINE('',#15415,#15416);
#15415 = CARTESIAN_POINT('',(12.5,0.,0.3));
#15416 = VECTOR('',#15417,1.);
#15417 = DIRECTION('',(-0.,1.,0.));
#15418 = ORIENTED_EDGE('',*,*,#15419,.T.);
#15419 = EDGE_CURVE('',#15412,#15420,#15422,.T.);
#15420 = VERTEX_POINT('',#15421);
#15421 = CARTESIAN_POINT('',(12.5,12.2,10.3));
#15422 = LINE('',#15423,#15424);
#15423 = CARTESIAN_POINT('',(12.5,12.2,0.));
#15424 = VECTOR('',#15425,1.);
#15425 = DIRECTION('',(0.,0.,1.));
#15426 = ORIENTED_EDGE('',*,*,#15427,.F.);
#15427 = EDGE_CURVE('',#15135,#15420,#15428,.T.);
#15428 = LINE('',#15429,#15430);
#15429 = CARTESIAN_POINT('',(12.5,0.,10.3));
#15430 = VECTOR('',#15431,1.);
#15431 = DIRECTION('',(-0.,1.,0.));
#15432 = ORIENTED_EDGE('',*,*,#15143,.F.);
#15433 = PLANE('',#15434);
#15434 = AXIS2_PLACEMENT_3D('',#15435,#15436,#15437);
#15435 = CARTESIAN_POINT('',(12.5,0.,0.));
#15436 = DIRECTION('',(1.,0.,-0.));
#15437 = DIRECTION('',(0.,0.,1.));
#15438 = ADVANCED_FACE('',(#15439),#15458,.T.);
#15439 = FACE_BOUND('',#15440,.F.);
#15440 = EDGE_LOOP('',(#15441,#15442,#15450,#15457));
#15441 = ORIENTED_EDGE('',*,*,#15134,.F.);
#15442 = ORIENTED_EDGE('',*,*,#15443,.T.);
#15443 = EDGE_CURVE('',#15127,#15444,#15446,.T.);
#15444 = VERTEX_POINT('',#15445);
#15445 = CARTESIAN_POINT('',(12.2,12.2,10.6));
#15446 = LINE('',#15447,#15448);
#15447 = CARTESIAN_POINT('',(12.2,0.,10.6));
#15448 = VECTOR('',#15449,1.);
#15449 = DIRECTION('',(-0.,1.,0.));
#15450 = ORIENTED_EDGE('',*,*,#15451,.F.);
#15451 = EDGE_CURVE('',#15420,#15444,#15452,.T.);
#15452 = CIRCLE('',#15453,0.3);
#15453 = AXIS2_PLACEMENT_3D('',#15454,#15455,#15456);
#15454 = CARTESIAN_POINT('',(12.2,12.2,10.3));
#15455 = DIRECTION('',(0.,-1.,-0.));
#15456 = DIRECTION('',(1.,0.,0.));
#15457 = ORIENTED_EDGE('',*,*,#15427,.F.);
#15458 = CYLINDRICAL_SURFACE('',#15459,0.3);
#15459 = AXIS2_PLACEMENT_3D('',#15460,#15461,#15462);
#15460 = CARTESIAN_POINT('',(12.2,0.,10.3));
#15461 = DIRECTION('',(-0.,1.,0.));
#15462 = DIRECTION('',(1.,0.,-0.));
#15463 = ADVANCED_FACE('',(#15464),#15498,.T.);
#15464 = FACE_BOUND('',#15465,.T.);
#15465 = EDGE_LOOP('',(#15466,#15467,#15468,#15476,#15484,#15490,#15491,
    #15492));
#15466 = ORIENTED_EDGE('',*,*,#15177,.F.);
#15467 = ORIENTED_EDGE('',*,*,#15094,.T.);
#15468 = ORIENTED_EDGE('',*,*,#15469,.F.);
#15469 = EDGE_CURVE('',#15470,#15095,#15472,.T.);
#15470 = VERTEX_POINT('',#15471);
#15471 = CARTESIAN_POINT('',(8.05,9.7,10.6));
#15472 = LINE('',#15473,#15474);
#15473 = CARTESIAN_POINT('',(8.05,2.442585746037,10.6));
#15474 = VECTOR('',#15475,1.);
#15475 = DIRECTION('',(0.,-1.,0.));
#15476 = ORIENTED_EDGE('',*,*,#15477,.F.);
#15477 = EDGE_CURVE('',#15478,#15470,#15480,.T.);
#15478 = VERTEX_POINT('',#15479);
#15479 = CARTESIAN_POINT('',(11.95,9.7,10.6));
#15480 = LINE('',#15481,#15482);
#15481 = CARTESIAN_POINT('',(7.775,9.7,10.6));
#15482 = VECTOR('',#15483,1.);
#15483 = DIRECTION('',(-1.,-0.,0.));
#15484 = ORIENTED_EDGE('',*,*,#15485,.T.);
#15485 = EDGE_CURVE('',#15478,#15119,#15486,.T.);
#15486 = LINE('',#15487,#15488);
#15487 = CARTESIAN_POINT('',(11.95,2.442585746037,10.6));
#15488 = VECTOR('',#15489,1.);
#15489 = DIRECTION('',(0.,-1.,0.));
#15490 = ORIENTED_EDGE('',*,*,#15126,.T.);
#15491 = ORIENTED_EDGE('',*,*,#15443,.T.);
#15492 = ORIENTED_EDGE('',*,*,#15493,.F.);
#15493 = EDGE_CURVE('',#15178,#15444,#15494,.T.);
#15494 = LINE('',#15495,#15496);
#15495 = CARTESIAN_POINT('',(7.5,12.2,10.6));
#15496 = VECTOR('',#15497,1.);
#15497 = DIRECTION('',(1.,0.,-0.));
#15498 = PLANE('',#15499);
#15499 = AXIS2_PLACEMENT_3D('',#15500,#15501,#15502);
#15500 = CARTESIAN_POINT('',(7.5,0.,10.6));
#15501 = DIRECTION('',(0.,0.,1.));
#15502 = DIRECTION('',(1.,0.,-0.));
#15503 = ADVANCED_FACE('',(#15504),#15530,.T.);
#15504 = FACE_BOUND('',#15505,.T.);
#15505 = EDGE_LOOP('',(#15506,#15507,#15515,#15523,#15529));
#15506 = ORIENTED_EDGE('',*,*,#15485,.F.);
#15507 = ORIENTED_EDGE('',*,*,#15508,.T.);
#15508 = EDGE_CURVE('',#15478,#15509,#15511,.T.);
#15509 = VERTEX_POINT('',#15510);
#15510 = CARTESIAN_POINT('',(11.95,9.7,8.45));
#15511 = LINE('',#15512,#15513);
#15512 = CARTESIAN_POINT('',(11.95,9.7,10.8));
#15513 = VECTOR('',#15514,1.);
#15514 = DIRECTION('',(0.,0.,-1.));
#15515 = ORIENTED_EDGE('',*,*,#15516,.T.);
#15516 = EDGE_CURVE('',#15509,#15517,#15519,.T.);
#15517 = VERTEX_POINT('',#15518);
#15518 = CARTESIAN_POINT('',(11.95,1.4,8.45));
#15519 = LINE('',#15520,#15521);
#15520 = CARTESIAN_POINT('',(11.95,9.7,8.45));
#15521 = VECTOR('',#15522,1.);
#15522 = DIRECTION('',(0.,-1.,0.));
#15523 = ORIENTED_EDGE('',*,*,#15524,.T.);
#15524 = EDGE_CURVE('',#15517,#15111,#15525,.T.);
#15525 = LINE('',#15526,#15527);
#15526 = CARTESIAN_POINT('',(11.95,1.4,8.45));
#15527 = VECTOR('',#15528,1.);
#15528 = DIRECTION('',(0.,-0.677475754752,0.735545105159));
#15529 = ORIENTED_EDGE('',*,*,#15118,.F.);
#15530 = PLANE('',#15531);
#15531 = AXIS2_PLACEMENT_3D('',#15532,#15533,#15534);
#15532 = CARTESIAN_POINT('',(11.95,4.885171492075,9.712433169613));
#15533 = DIRECTION('',(-1.,-0.,-0.));
#15534 = DIRECTION('',(0.,0.,-1.));
#15535 = ADVANCED_FACE('',(#15536),#15554,.F.);
#15536 = FACE_BOUND('',#15537,.F.);
#15537 = EDGE_LOOP('',(#15538,#15546,#15552,#15553));
#15538 = ORIENTED_EDGE('',*,*,#15539,.F.);
#15539 = EDGE_CURVE('',#15540,#15103,#15542,.T.);
#15540 = VERTEX_POINT('',#15541);
#15541 = CARTESIAN_POINT('',(8.05,1.4,8.45));
#15542 = LINE('',#15543,#15544);
#15543 = CARTESIAN_POINT('',(8.05,1.4,8.45));
#15544 = VECTOR('',#15545,1.);
#15545 = DIRECTION('',(0.,-0.677475754752,0.735545105159));
#15546 = ORIENTED_EDGE('',*,*,#15547,.T.);
#15547 = EDGE_CURVE('',#15540,#15517,#15548,.T.);
#15548 = LINE('',#15549,#15550);
#15549 = CARTESIAN_POINT('',(8.05,1.4,8.45));
#15550 = VECTOR('',#15551,1.);
#15551 = DIRECTION('',(1.,0.,0.));
#15552 = ORIENTED_EDGE('',*,*,#15524,.T.);
#15553 = ORIENTED_EDGE('',*,*,#15110,.F.);
#15554 = PLANE('',#15555);
#15555 = AXIS2_PLACEMENT_3D('',#15556,#15557,#15558);
#15556 = CARTESIAN_POINT('',(8.05,1.4,8.45));
#15557 = DIRECTION('',(0.,-0.735545105159,-0.677475754752));
#15558 = DIRECTION('',(0.,-0.677475754752,0.735545105159));
#15559 = ADVANCED_FACE('',(#15560),#15579,.F.);
#15560 = FACE_BOUND('',#15561,.F.);
#15561 = EDGE_LOOP('',(#15562,#15563,#15571,#15577,#15578));
#15562 = ORIENTED_EDGE('',*,*,#15469,.F.);
#15563 = ORIENTED_EDGE('',*,*,#15564,.T.);
#15564 = EDGE_CURVE('',#15470,#15565,#15567,.T.);
#15565 = VERTEX_POINT('',#15566);
#15566 = CARTESIAN_POINT('',(8.05,9.7,8.45));
#15567 = LINE('',#15568,#15569);
#15568 = CARTESIAN_POINT('',(8.05,9.7,10.8));
#15569 = VECTOR('',#15570,1.);
#15570 = DIRECTION('',(0.,0.,-1.));
#15571 = ORIENTED_EDGE('',*,*,#15572,.T.);
#15572 = EDGE_CURVE('',#15565,#15540,#15573,.T.);
#15573 = LINE('',#15574,#15575);
#15574 = CARTESIAN_POINT('',(8.05,9.7,8.45));
#15575 = VECTOR('',#15576,1.);
#15576 = DIRECTION('',(0.,-1.,0.));
#15577 = ORIENTED_EDGE('',*,*,#15539,.T.);
#15578 = ORIENTED_EDGE('',*,*,#15102,.F.);
#15579 = PLANE('',#15580);
#15580 = AXIS2_PLACEMENT_3D('',#15581,#15582,#15583);
#15581 = CARTESIAN_POINT('',(8.05,4.885171492075,9.712433169613));
#15582 = DIRECTION('',(-1.,-0.,-0.));
#15583 = DIRECTION('',(0.,0.,-1.));
#15584 = ADVANCED_FACE('',(#15585),#15596,.T.);
#15585 = FACE_BOUND('',#15586,.F.);
#15586 = EDGE_LOOP('',(#15587,#15588,#15595));
#15587 = ORIENTED_EDGE('',*,*,#15219,.F.);
#15588 = ORIENTED_EDGE('',*,*,#15589,.T.);
#15589 = EDGE_CURVE('',#15212,#15178,#15590,.T.);
#15590 = CIRCLE('',#15591,0.3);
#15591 = AXIS2_PLACEMENT_3D('',#15592,#15593,#15594);
#15592 = CARTESIAN_POINT('',(7.8,12.2,10.3));
#15593 = DIRECTION('',(1.,0.,6.123233995737E-17));
#15594 = DIRECTION('',(-6.123233995737E-17,-0.,1.));
#15595 = ORIENTED_EDGE('',*,*,#15185,.F.);
#15596 = SPHERICAL_SURFACE('',#15597,0.3);
#15597 = AXIS2_PLACEMENT_3D('',#15598,#15599,#15600);
#15598 = CARTESIAN_POINT('',(7.8,12.2,10.3));
#15599 = DIRECTION('',(0.,-1.,-0.));
#15600 = DIRECTION('',(-1.,-0.,0.));
#15601 = ADVANCED_FACE('',(#15602),#15613,.T.);
#15602 = FACE_BOUND('',#15603,.F.);
#15603 = EDGE_LOOP('',(#15604,#15605,#15612));
#15604 = ORIENTED_EDGE('',*,*,#15251,.F.);
#15605 = ORIENTED_EDGE('',*,*,#15606,.T.);
#15606 = EDGE_CURVE('',#15244,#15203,#15607,.T.);
#15607 = CIRCLE('',#15608,0.3);
#15608 = AXIS2_PLACEMENT_3D('',#15609,#15610,#15611);
#15609 = CARTESIAN_POINT('',(7.8,12.2,0.3));
#15610 = DIRECTION('',(1.,6.123233995737E-17,-0.));
#15611 = DIRECTION('',(-6.123233995737E-17,1.,0.));
#15612 = ORIENTED_EDGE('',*,*,#15202,.F.);
#15613 = SPHERICAL_SURFACE('',#15614,0.3);
#15614 = AXIS2_PLACEMENT_3D('',#15615,#15616,#15617);
#15615 = CARTESIAN_POINT('',(7.8,12.2,0.3));
#15616 = DIRECTION('',(0.,0.,1.));
#15617 = DIRECTION('',(-1.,0.,0.));
#15618 = ADVANCED_FACE('',(#15619),#15644,.T.);
#15619 = FACE_BOUND('',#15620,.T.);
#15620 = EDGE_LOOP('',(#15621,#15622,#15630,#15638));
#15621 = ORIENTED_EDGE('',*,*,#15211,.T.);
#15622 = ORIENTED_EDGE('',*,*,#15623,.T.);
#15623 = EDGE_CURVE('',#15212,#15624,#15626,.T.);
#15624 = VERTEX_POINT('',#15625);
#15625 = CARTESIAN_POINT('',(12.2,12.5,10.3));
#15626 = LINE('',#15627,#15628);
#15627 = CARTESIAN_POINT('',(7.5,12.5,10.3));
#15628 = VECTOR('',#15629,1.);
#15629 = DIRECTION('',(1.,0.,-0.));
#15630 = ORIENTED_EDGE('',*,*,#15631,.F.);
#15631 = EDGE_CURVE('',#15632,#15624,#15634,.T.);
#15632 = VERTEX_POINT('',#15633);
#15633 = CARTESIAN_POINT('',(12.2,12.5,0.3));
#15634 = LINE('',#15635,#15636);
#15635 = CARTESIAN_POINT('',(12.2,12.5,0.));
#15636 = VECTOR('',#15637,1.);
#15637 = DIRECTION('',(0.,0.,1.));
#15638 = ORIENTED_EDGE('',*,*,#15639,.F.);
#15639 = EDGE_CURVE('',#15203,#15632,#15640,.T.);
#15640 = LINE('',#15641,#15642);
#15641 = CARTESIAN_POINT('',(7.5,12.5,0.3));
#15642 = VECTOR('',#15643,1.);
#15643 = DIRECTION('',(1.,0.,-0.));
#15644 = PLANE('',#15645);
#15645 = AXIS2_PLACEMENT_3D('',#15646,#15647,#15648);
#15646 = CARTESIAN_POINT('',(7.5,12.5,0.));
#15647 = DIRECTION('',(-0.,1.,0.));
#15648 = DIRECTION('',(0.,0.,1.));
#15649 = ADVANCED_FACE('',(#15650),#15675,.F.);
#15650 = FACE_BOUND('',#15651,.F.);
#15651 = EDGE_LOOP('',(#15652,#15653,#15661,#15669));
#15652 = ORIENTED_EDGE('',*,*,#15243,.F.);
#15653 = ORIENTED_EDGE('',*,*,#15654,.T.);
#15654 = EDGE_CURVE('',#15235,#15655,#15657,.T.);
#15655 = VERTEX_POINT('',#15656);
#15656 = CARTESIAN_POINT('',(12.2,0.3,0.));
#15657 = LINE('',#15658,#15659);
#15658 = CARTESIAN_POINT('',(7.5,0.3,-5.551115123126E-17));
#15659 = VECTOR('',#15660,1.);
#15660 = DIRECTION('',(1.,0.,-0.));
#15661 = ORIENTED_EDGE('',*,*,#15662,.T.);
#15662 = EDGE_CURVE('',#15655,#15663,#15665,.T.);
#15663 = VERTEX_POINT('',#15664);
#15664 = CARTESIAN_POINT('',(12.2,12.2,0.));
#15665 = LINE('',#15666,#15667);
#15666 = CARTESIAN_POINT('',(12.2,0.,-5.551115123126E-17));
#15667 = VECTOR('',#15668,1.);
#15668 = DIRECTION('',(-0.,1.,0.));
#15669 = ORIENTED_EDGE('',*,*,#15670,.F.);
#15670 = EDGE_CURVE('',#15244,#15663,#15671,.T.);
#15671 = LINE('',#15672,#15673);
#15672 = CARTESIAN_POINT('',(7.5,12.2,-5.551115123126E-17));
#15673 = VECTOR('',#15674,1.);
#15674 = DIRECTION('',(1.,0.,-0.));
#15675 = PLANE('',#15676);
#15676 = AXIS2_PLACEMENT_3D('',#15677,#15678,#15679);
#15677 = CARTESIAN_POINT('',(7.5,0.,0.));
#15678 = DIRECTION('',(0.,0.,1.));
#15679 = DIRECTION('',(1.,0.,-0.));
#15680 = ADVANCED_FACE('',(#15681),#15693,.T.);
#15681 = FACE_BOUND('',#15682,.T.);
#15682 = EDGE_LOOP('',(#15683,#15684,#15685,#15692));
#15683 = ORIENTED_EDGE('',*,*,#15369,.F.);
#15684 = ORIENTED_EDGE('',*,*,#15654,.T.);
#15685 = ORIENTED_EDGE('',*,*,#15686,.T.);
#15686 = EDGE_CURVE('',#15655,#15268,#15687,.T.);
#15687 = CIRCLE('',#15688,0.3);
#15688 = AXIS2_PLACEMENT_3D('',#15689,#15690,#15691);
#15689 = CARTESIAN_POINT('',(12.2,0.3,0.3));
#15690 = DIRECTION('',(-1.,-6.123233995737E-17,0.));
#15691 = DIRECTION('',(6.123233995737E-17,-1.,-0.));
#15692 = ORIENTED_EDGE('',*,*,#15267,.F.);
#15693 = CYLINDRICAL_SURFACE('',#15694,0.3);
#15694 = AXIS2_PLACEMENT_3D('',#15695,#15696,#15697);
#15695 = CARTESIAN_POINT('',(7.5,0.3,0.3));
#15696 = DIRECTION('',(1.,0.,-0.));
#15697 = DIRECTION('',(0.,-1.,0.));
#15698 = ADVANCED_FACE('',(#15699),#15724,.F.);
#15699 = FACE_BOUND('',#15700,.F.);
#15700 = EDGE_LOOP('',(#15701,#15702,#15710,#15718));
#15701 = ORIENTED_EDGE('',*,*,#15285,.T.);
#15702 = ORIENTED_EDGE('',*,*,#15703,.T.);
#15703 = EDGE_CURVE('',#15288,#15704,#15706,.T.);
#15704 = VERTEX_POINT('',#15705);
#15705 = CARTESIAN_POINT('',(11.73,0.4,2.25));
#15706 = LINE('',#15707,#15708);
#15707 = CARTESIAN_POINT('',(11.73,-5.E-02,2.25));
#15708 = VECTOR('',#15709,1.);
#15709 = DIRECTION('',(-0.,1.,0.));
#15710 = ORIENTED_EDGE('',*,*,#15711,.T.);
#15711 = EDGE_CURVE('',#15704,#15712,#15714,.T.);
#15712 = VERTEX_POINT('',#15713);
#15713 = CARTESIAN_POINT('',(11.73,0.4,5.65));
#15714 = LINE('',#15715,#15716);
#15715 = CARTESIAN_POINT('',(11.73,0.4,2.25));
#15716 = VECTOR('',#15717,1.);
#15717 = DIRECTION('',(0.,0.,1.));
#15718 = ORIENTED_EDGE('',*,*,#15719,.F.);
#15719 = EDGE_CURVE('',#15286,#15712,#15720,.T.);
#15720 = LINE('',#15721,#15722);
#15721 = CARTESIAN_POINT('',(11.73,-5.E-02,5.65));
#15722 = VECTOR('',#15723,1.);
#15723 = DIRECTION('',(-0.,1.,0.));
#15724 = PLANE('',#15725);
#15725 = AXIS2_PLACEMENT_3D('',#15726,#15727,#15728);
#15726 = CARTESIAN_POINT('',(11.73,-5.E-02,2.25));
#15727 = DIRECTION('',(1.,0.,-0.));
#15728 = DIRECTION('',(0.,0.,1.));
#15729 = ADVANCED_FACE('',(#15730),#15749,.F.);
#15730 = FACE_BOUND('',#15731,.F.);
#15731 = EDGE_LOOP('',(#15732,#15741,#15742,#15743));
#15732 = ORIENTED_EDGE('',*,*,#15733,.F.);
#15733 = EDGE_CURVE('',#15704,#15734,#15736,.T.);
#15734 = VERTEX_POINT('',#15735);
#15735 = CARTESIAN_POINT('',(8.27,0.4,2.25));
#15736 = CIRCLE('',#15737,1.73);
#15737 = AXIS2_PLACEMENT_3D('',#15738,#15739,#15740);
#15738 = CARTESIAN_POINT('',(10.,0.4,2.25));
#15739 = DIRECTION('',(0.,1.,0.));
#15740 = DIRECTION('',(0.,-0.,1.));
#15741 = ORIENTED_EDGE('',*,*,#15703,.F.);
#15742 = ORIENTED_EDGE('',*,*,#15353,.T.);
#15743 = ORIENTED_EDGE('',*,*,#15744,.T.);
#15744 = EDGE_CURVE('',#15346,#15734,#15745,.T.);
#15745 = LINE('',#15746,#15747);
#15746 = CARTESIAN_POINT('',(8.27,-5.E-02,2.25));
#15747 = VECTOR('',#15748,1.);
#15748 = DIRECTION('',(-0.,1.,0.));
#15749 = CYLINDRICAL_SURFACE('',#15750,1.73);
#15750 = AXIS2_PLACEMENT_3D('',#15751,#15752,#15753);
#15751 = CARTESIAN_POINT('',(10.,-5.E-02,2.25));
#15752 = DIRECTION('',(0.,1.,0.));
#15753 = DIRECTION('',(0.,-0.,1.));
#15754 = ADVANCED_FACE('',(#15755),#15780,.F.);
#15755 = FACE_BOUND('',#15756,.F.);
#15756 = EDGE_LOOP('',(#15757,#15758,#15766,#15774));
#15757 = ORIENTED_EDGE('',*,*,#15303,.T.);
#15758 = ORIENTED_EDGE('',*,*,#15759,.T.);
#15759 = EDGE_CURVE('',#15296,#15760,#15762,.T.);
#15760 = VERTEX_POINT('',#15761);
#15761 = CARTESIAN_POINT('',(11.13,0.4,5.65));
#15762 = LINE('',#15763,#15764);
#15763 = CARTESIAN_POINT('',(11.13,-5.E-02,5.65));
#15764 = VECTOR('',#15765,1.);
#15765 = DIRECTION('',(-0.,1.,0.));
#15766 = ORIENTED_EDGE('',*,*,#15767,.T.);
#15767 = EDGE_CURVE('',#15760,#15768,#15770,.T.);
#15768 = VERTEX_POINT('',#15769);
#15769 = CARTESIAN_POINT('',(11.13,0.4,7.4));
#15770 = LINE('',#15771,#15772);
#15771 = CARTESIAN_POINT('',(11.13,0.4,5.65));
#15772 = VECTOR('',#15773,1.);
#15773 = DIRECTION('',(0.,0.,1.));
#15774 = ORIENTED_EDGE('',*,*,#15775,.F.);
#15775 = EDGE_CURVE('',#15304,#15768,#15776,.T.);
#15776 = LINE('',#15777,#15778);
#15777 = CARTESIAN_POINT('',(11.13,-5.E-02,7.4));
#15778 = VECTOR('',#15779,1.);
#15779 = DIRECTION('',(-0.,1.,0.));
#15780 = PLANE('',#15781);
#15781 = AXIS2_PLACEMENT_3D('',#15782,#15783,#15784);
#15782 = CARTESIAN_POINT('',(11.13,-5.E-02,5.65));
#15783 = DIRECTION('',(1.,0.,-0.));
#15784 = DIRECTION('',(0.,0.,1.));
#15785 = ADVANCED_FACE('',(#15786),#15804,.T.);
#15786 = FACE_BOUND('',#15787,.T.);
#15787 = EDGE_LOOP('',(#15788,#15789,#15790,#15798));
#15788 = ORIENTED_EDGE('',*,*,#15345,.T.);
#15789 = ORIENTED_EDGE('',*,*,#15744,.T.);
#15790 = ORIENTED_EDGE('',*,*,#15791,.T.);
#15791 = EDGE_CURVE('',#15734,#15792,#15794,.T.);
#15792 = VERTEX_POINT('',#15793);
#15793 = CARTESIAN_POINT('',(8.27,0.4,5.65));
#15794 = LINE('',#15795,#15796);
#15795 = CARTESIAN_POINT('',(8.27,0.4,2.25));
#15796 = VECTOR('',#15797,1.);
#15797 = DIRECTION('',(0.,0.,1.));
#15798 = ORIENTED_EDGE('',*,*,#15799,.F.);
#15799 = EDGE_CURVE('',#15338,#15792,#15800,.T.);
#15800 = LINE('',#15801,#15802);
#15801 = CARTESIAN_POINT('',(8.27,-5.E-02,5.65));
#15802 = VECTOR('',#15803,1.);
#15803 = DIRECTION('',(-0.,1.,0.));
#15804 = PLANE('',#15805);
#15805 = AXIS2_PLACEMENT_3D('',#15806,#15807,#15808);
#15806 = CARTESIAN_POINT('',(8.27,-5.E-02,2.25));
#15807 = DIRECTION('',(1.,0.,-0.));
#15808 = DIRECTION('',(0.,0.,1.));
#15809 = ADVANCED_FACE('',(#15810),#15835,.T.);
#15810 = FACE_BOUND('',#15811,.T.);
#15811 = EDGE_LOOP('',(#15812,#15813,#15821,#15829));
#15812 = ORIENTED_EDGE('',*,*,#15329,.T.);
#15813 = ORIENTED_EDGE('',*,*,#15814,.T.);
#15814 = EDGE_CURVE('',#15330,#15815,#15817,.T.);
#15815 = VERTEX_POINT('',#15816);
#15816 = CARTESIAN_POINT('',(8.87,0.4,5.65));
#15817 = LINE('',#15818,#15819);
#15818 = CARTESIAN_POINT('',(8.87,-5.E-02,5.65));
#15819 = VECTOR('',#15820,1.);
#15820 = DIRECTION('',(-0.,1.,0.));
#15821 = ORIENTED_EDGE('',*,*,#15822,.T.);
#15822 = EDGE_CURVE('',#15815,#15823,#15825,.T.);
#15823 = VERTEX_POINT('',#15824);
#15824 = CARTESIAN_POINT('',(8.87,0.4,7.4));
#15825 = LINE('',#15826,#15827);
#15826 = CARTESIAN_POINT('',(8.87,0.4,5.65));
#15827 = VECTOR('',#15828,1.);
#15828 = DIRECTION('',(0.,0.,1.));
#15829 = ORIENTED_EDGE('',*,*,#15830,.F.);
#15830 = EDGE_CURVE('',#15321,#15823,#15831,.T.);
#15831 = LINE('',#15832,#15833);
#15832 = CARTESIAN_POINT('',(8.87,-5.E-02,7.4));
#15833 = VECTOR('',#15834,1.);
#15834 = DIRECTION('',(-0.,1.,0.));
#15835 = PLANE('',#15836);
#15836 = AXIS2_PLACEMENT_3D('',#15837,#15838,#15839);
#15837 = CARTESIAN_POINT('',(8.87,-5.E-02,5.65));
#15838 = DIRECTION('',(1.,0.,-0.));
#15839 = DIRECTION('',(0.,0.,1.));
#15840 = ADVANCED_FACE('',(#15841),#15852,.T.);
#15841 = FACE_BOUND('',#15842,.F.);
#15842 = EDGE_LOOP('',(#15843,#15850,#15851));
#15843 = ORIENTED_EDGE('',*,*,#15844,.F.);
#15844 = EDGE_CURVE('',#15655,#15386,#15845,.T.);
#15845 = CIRCLE('',#15846,0.3);
#15846 = AXIS2_PLACEMENT_3D('',#15847,#15848,#15849);
#15847 = CARTESIAN_POINT('',(12.2,0.3,0.3));
#15848 = DIRECTION('',(0.,-1.,0.));
#15849 = DIRECTION('',(1.,0.,0.));
#15850 = ORIENTED_EDGE('',*,*,#15686,.T.);
#15851 = ORIENTED_EDGE('',*,*,#15393,.F.);
#15852 = SPHERICAL_SURFACE('',#15853,0.3);
#15853 = AXIS2_PLACEMENT_3D('',#15854,#15855,#15856);
#15854 = CARTESIAN_POINT('',(12.2,0.3,0.3));
#15855 = DIRECTION('',(0.,0.,1.));
#15856 = DIRECTION('',(1.,0.,-0.));
#15857 = ADVANCED_FACE('',(#15858),#15876,.T.);
#15858 = FACE_BOUND('',#15859,.T.);
#15859 = EDGE_LOOP('',(#15860,#15861,#15868,#15869));
#15860 = ORIENTED_EDGE('',*,*,#15419,.F.);
#15861 = ORIENTED_EDGE('',*,*,#15862,.T.);
#15862 = EDGE_CURVE('',#15412,#15632,#15863,.T.);
#15863 = CIRCLE('',#15864,0.3);
#15864 = AXIS2_PLACEMENT_3D('',#15865,#15866,#15867);
#15865 = CARTESIAN_POINT('',(12.2,12.2,0.3));
#15866 = DIRECTION('',(0.,0.,1.));
#15867 = DIRECTION('',(1.,0.,-0.));
#15868 = ORIENTED_EDGE('',*,*,#15631,.T.);
#15869 = ORIENTED_EDGE('',*,*,#15870,.T.);
#15870 = EDGE_CURVE('',#15624,#15420,#15871,.T.);
#15871 = CIRCLE('',#15872,0.3);
#15872 = AXIS2_PLACEMENT_3D('',#15873,#15874,#15875);
#15873 = CARTESIAN_POINT('',(12.2,12.2,10.3));
#15874 = DIRECTION('',(0.,0.,-1.));
#15875 = DIRECTION('',(1.,0.,0.));
#15876 = CYLINDRICAL_SURFACE('',#15877,0.3);
#15877 = AXIS2_PLACEMENT_3D('',#15878,#15879,#15880);
#15878 = CARTESIAN_POINT('',(12.2,12.2,0.));
#15879 = DIRECTION('',(0.,0.,1.));
#15880 = DIRECTION('',(1.,0.,-0.));
#15881 = ADVANCED_FACE('',(#15882),#15894,.T.);
#15882 = FACE_BOUND('',#15883,.T.);
#15883 = EDGE_LOOP('',(#15884,#15885,#15886,#15893));
#15884 = ORIENTED_EDGE('',*,*,#15844,.F.);
#15885 = ORIENTED_EDGE('',*,*,#15662,.T.);
#15886 = ORIENTED_EDGE('',*,*,#15887,.T.);
#15887 = EDGE_CURVE('',#15663,#15412,#15888,.T.);
#15888 = CIRCLE('',#15889,0.3);
#15889 = AXIS2_PLACEMENT_3D('',#15890,#15891,#15892);
#15890 = CARTESIAN_POINT('',(12.2,12.2,0.3));
#15891 = DIRECTION('',(0.,-1.,0.));
#15892 = DIRECTION('',(1.,0.,0.));
#15893 = ORIENTED_EDGE('',*,*,#15411,.F.);
#15894 = CYLINDRICAL_SURFACE('',#15895,0.3);
#15895 = AXIS2_PLACEMENT_3D('',#15896,#15897,#15898);
#15896 = CARTESIAN_POINT('',(12.2,0.,0.3));
#15897 = DIRECTION('',(-0.,1.,0.));
#15898 = DIRECTION('',(1.,0.,-0.));
#15899 = ADVANCED_FACE('',(#15900),#15911,.T.);
#15900 = FACE_BOUND('',#15901,.T.);
#15901 = EDGE_LOOP('',(#15902,#15903,#15910));
#15902 = ORIENTED_EDGE('',*,*,#15870,.F.);
#15903 = ORIENTED_EDGE('',*,*,#15904,.T.);
#15904 = EDGE_CURVE('',#15624,#15444,#15905,.T.);
#15905 = CIRCLE('',#15906,0.3);
#15906 = AXIS2_PLACEMENT_3D('',#15907,#15908,#15909);
#15907 = CARTESIAN_POINT('',(12.2,12.2,10.3));
#15908 = DIRECTION('',(1.,0.,-6.123233995737E-17));
#15909 = DIRECTION('',(6.123233995737E-17,0.,1.));
#15910 = ORIENTED_EDGE('',*,*,#15451,.F.);
#15911 = SPHERICAL_SURFACE('',#15912,0.3);
#15912 = AXIS2_PLACEMENT_3D('',#15913,#15914,#15915);
#15913 = CARTESIAN_POINT('',(12.2,12.2,10.3));
#15914 = DIRECTION('',(0.,-1.,-0.));
#15915 = DIRECTION('',(1.,0.,0.));
#15916 = ADVANCED_FACE('',(#15917),#15923,.T.);
#15917 = FACE_BOUND('',#15918,.T.);
#15918 = EDGE_LOOP('',(#15919,#15920,#15921,#15922));
#15919 = ORIENTED_EDGE('',*,*,#15589,.T.);
#15920 = ORIENTED_EDGE('',*,*,#15493,.T.);
#15921 = ORIENTED_EDGE('',*,*,#15904,.F.);
#15922 = ORIENTED_EDGE('',*,*,#15623,.F.);
#15923 = CYLINDRICAL_SURFACE('',#15924,0.3);
#15924 = AXIS2_PLACEMENT_3D('',#15925,#15926,#15927);
#15925 = CARTESIAN_POINT('',(7.5,12.2,10.3));
#15926 = DIRECTION('',(1.,0.,-0.));
#15927 = DIRECTION('',(0.,1.,0.));
#15928 = ADVANCED_FACE('',(#15929),#15940,.F.);
#15929 = FACE_BOUND('',#15930,.F.);
#15930 = EDGE_LOOP('',(#15931,#15932,#15933,#15934));
#15931 = ORIENTED_EDGE('',*,*,#15564,.F.);
#15932 = ORIENTED_EDGE('',*,*,#15477,.F.);
#15933 = ORIENTED_EDGE('',*,*,#15508,.T.);
#15934 = ORIENTED_EDGE('',*,*,#15935,.F.);
#15935 = EDGE_CURVE('',#15565,#15509,#15936,.T.);
#15936 = LINE('',#15937,#15938);
#15937 = CARTESIAN_POINT('',(8.05,9.7,8.45));
#15938 = VECTOR('',#15939,1.);
#15939 = DIRECTION('',(1.,0.,0.));
#15940 = PLANE('',#15941);
#15941 = AXIS2_PLACEMENT_3D('',#15942,#15943,#15944);
#15942 = CARTESIAN_POINT('',(8.05,9.7,10.8));
#15943 = DIRECTION('',(-0.,1.,0.));
#15944 = DIRECTION('',(0.,0.,-1.));
#15945 = ADVANCED_FACE('',(#15946),#15952,.F.);
#15946 = FACE_BOUND('',#15947,.F.);
#15947 = EDGE_LOOP('',(#15948,#15949,#15950,#15951));
#15948 = ORIENTED_EDGE('',*,*,#15935,.T.);
#15949 = ORIENTED_EDGE('',*,*,#15516,.T.);
#15950 = ORIENTED_EDGE('',*,*,#15547,.F.);
#15951 = ORIENTED_EDGE('',*,*,#15572,.F.);
#15952 = PLANE('',#15953);
#15953 = AXIS2_PLACEMENT_3D('',#15954,#15955,#15956);
#15954 = CARTESIAN_POINT('',(8.05,9.7,8.45));
#15955 = DIRECTION('',(0.,0.,-1.));
#15956 = DIRECTION('',(0.,-1.,0.));
#15957 = ADVANCED_FACE('',(#15958),#15970,.T.);
#15958 = FACE_BOUND('',#15959,.F.);
#15959 = EDGE_LOOP('',(#15960,#15961,#15962,#15969));
#15960 = ORIENTED_EDGE('',*,*,#15606,.F.);
#15961 = ORIENTED_EDGE('',*,*,#15670,.T.);
#15962 = ORIENTED_EDGE('',*,*,#15963,.T.);
#15963 = EDGE_CURVE('',#15663,#15632,#15964,.T.);
#15964 = CIRCLE('',#15965,0.3);
#15965 = AXIS2_PLACEMENT_3D('',#15966,#15967,#15968);
#15966 = CARTESIAN_POINT('',(12.2,12.2,0.3));
#15967 = DIRECTION('',(1.,-6.123233995737E-17,0.));
#15968 = DIRECTION('',(6.123233995737E-17,1.,0.));
#15969 = ORIENTED_EDGE('',*,*,#15639,.F.);
#15970 = CYLINDRICAL_SURFACE('',#15971,0.3);
#15971 = AXIS2_PLACEMENT_3D('',#15972,#15973,#15974);
#15972 = CARTESIAN_POINT('',(7.5,12.2,0.3));
#15973 = DIRECTION('',(1.,0.,-0.));
#15974 = DIRECTION('',(0.,1.,0.));
#15975 = ADVANCED_FACE('',(#15976),#15981,.T.);
#15976 = FACE_BOUND('',#15977,.T.);
#15977 = EDGE_LOOP('',(#15978,#15979,#15980));
#15978 = ORIENTED_EDGE('',*,*,#15887,.F.);
#15979 = ORIENTED_EDGE('',*,*,#15963,.T.);
#15980 = ORIENTED_EDGE('',*,*,#15862,.F.);
#15981 = SPHERICAL_SURFACE('',#15982,0.3);
#15982 = AXIS2_PLACEMENT_3D('',#15983,#15984,#15985);
#15983 = CARTESIAN_POINT('',(12.2,12.2,0.3));
#15984 = DIRECTION('',(0.,0.,1.));
#15985 = DIRECTION('',(1.,0.,-0.));
#15986 = ADVANCED_FACE('',(#15987),#16030,.T.);
#15987 = FACE_BOUND('',#15988,.T.);
#15988 = EDGE_LOOP('',(#15989,#15997,#15998,#15999,#16000,#16008,#16016,
    #16024));
#15989 = ORIENTED_EDGE('',*,*,#15990,.T.);
#15990 = EDGE_CURVE('',#15991,#15712,#15993,.T.);
#15991 = VERTEX_POINT('',#15992);
#15992 = CARTESIAN_POINT('',(11.55,0.4,5.65));
#15993 = LINE('',#15994,#15995);
#15994 = CARTESIAN_POINT('',(8.27,0.4,5.65));
#15995 = VECTOR('',#15996,1.);
#15996 = DIRECTION('',(1.,0.,-0.));
#15997 = ORIENTED_EDGE('',*,*,#15719,.F.);
#15998 = ORIENTED_EDGE('',*,*,#15295,.F.);
#15999 = ORIENTED_EDGE('',*,*,#15759,.T.);
#16000 = ORIENTED_EDGE('',*,*,#16001,.F.);
#16001 = EDGE_CURVE('',#16002,#15760,#16004,.T.);
#16002 = VERTEX_POINT('',#16003);
#16003 = CARTESIAN_POINT('',(10.95,0.4,5.65));
#16004 = LINE('',#16005,#16006);
#16005 = CARTESIAN_POINT('',(8.27,0.4,5.65));
#16006 = VECTOR('',#16007,1.);
#16007 = DIRECTION('',(1.,0.,-0.));
#16008 = ORIENTED_EDGE('',*,*,#16009,.T.);
#16009 = EDGE_CURVE('',#16002,#16010,#16012,.T.);
#16010 = VERTEX_POINT('',#16011);
#16011 = CARTESIAN_POINT('',(10.95,4.35,5.65));
#16012 = LINE('',#16013,#16014);
#16013 = CARTESIAN_POINT('',(10.95,0.4,5.65));
#16014 = VECTOR('',#16015,1.);
#16015 = DIRECTION('',(-0.,1.,0.));
#16016 = ORIENTED_EDGE('',*,*,#16017,.T.);
#16017 = EDGE_CURVE('',#16010,#16018,#16020,.T.);
#16018 = VERTEX_POINT('',#16019);
#16019 = CARTESIAN_POINT('',(11.55,4.35,5.65));
#16020 = LINE('',#16021,#16022);
#16021 = CARTESIAN_POINT('',(8.45,4.35,5.65));
#16022 = VECTOR('',#16023,1.);
#16023 = DIRECTION('',(1.,0.,-0.));
#16024 = ORIENTED_EDGE('',*,*,#16025,.F.);
#16025 = EDGE_CURVE('',#15991,#16018,#16026,.T.);
#16026 = LINE('',#16027,#16028);
#16027 = CARTESIAN_POINT('',(11.55,0.4,5.65));
#16028 = VECTOR('',#16029,1.);
#16029 = DIRECTION('',(-0.,1.,0.));
#16030 = PLANE('',#16031);
#16031 = AXIS2_PLACEMENT_3D('',#16032,#16033,#16034);
#16032 = CARTESIAN_POINT('',(11.277719298246,2.112719298246,5.65));
#16033 = DIRECTION('',(-0.,-0.,-1.));
#16034 = DIRECTION('',(-1.,0.,0.));
#16035 = ADVANCED_FACE('',(#16036),#16061,.F.);
#16036 = FACE_BOUND('',#16037,.F.);
#16037 = EDGE_LOOP('',(#16038,#16046,#16047,#16055));
#16038 = ORIENTED_EDGE('',*,*,#16039,.F.);
#16039 = EDGE_CURVE('',#16002,#16040,#16042,.T.);
#16040 = VERTEX_POINT('',#16041);
#16041 = CARTESIAN_POINT('',(10.95,0.4,7.4));
#16042 = LINE('',#16043,#16044);
#16043 = CARTESIAN_POINT('',(10.95,0.4,5.65));
#16044 = VECTOR('',#16045,1.);
#16045 = DIRECTION('',(0.,0.,1.));
#16046 = ORIENTED_EDGE('',*,*,#16009,.T.);
#16047 = ORIENTED_EDGE('',*,*,#16048,.T.);
#16048 = EDGE_CURVE('',#16010,#16049,#16051,.T.);
#16049 = VERTEX_POINT('',#16050);
#16050 = CARTESIAN_POINT('',(10.95,4.35,7.4));
#16051 = LINE('',#16052,#16053);
#16052 = CARTESIAN_POINT('',(10.95,4.35,5.65));
#16053 = VECTOR('',#16054,1.);
#16054 = DIRECTION('',(0.,0.,1.));
#16055 = ORIENTED_EDGE('',*,*,#16056,.F.);
#16056 = EDGE_CURVE('',#16040,#16049,#16057,.T.);
#16057 = LINE('',#16058,#16059);
#16058 = CARTESIAN_POINT('',(10.95,0.4,7.4));
#16059 = VECTOR('',#16060,1.);
#16060 = DIRECTION('',(-0.,1.,0.));
#16061 = PLANE('',#16062);
#16062 = AXIS2_PLACEMENT_3D('',#16063,#16064,#16065);
#16063 = CARTESIAN_POINT('',(10.95,0.4,5.65));
#16064 = DIRECTION('',(1.,0.,-0.));
#16065 = DIRECTION('',(0.,0.,1.));
#16066 = ADVANCED_FACE('',(#16067),#16092,.F.);
#16067 = FACE_BOUND('',#16068,.F.);
#16068 = EDGE_LOOP('',(#16069,#16077,#16085,#16091));
#16069 = ORIENTED_EDGE('',*,*,#16070,.F.);
#16070 = EDGE_CURVE('',#16071,#15991,#16073,.T.);
#16071 = VERTEX_POINT('',#16072);
#16072 = CARTESIAN_POINT('',(11.55,0.4,2.25));
#16073 = LINE('',#16074,#16075);
#16074 = CARTESIAN_POINT('',(11.55,0.4,2.25));
#16075 = VECTOR('',#16076,1.);
#16076 = DIRECTION('',(0.,0.,1.));
#16077 = ORIENTED_EDGE('',*,*,#16078,.T.);
#16078 = EDGE_CURVE('',#16071,#16079,#16081,.T.);
#16079 = VERTEX_POINT('',#16080);
#16080 = CARTESIAN_POINT('',(11.55,4.35,2.25));
#16081 = LINE('',#16082,#16083);
#16082 = CARTESIAN_POINT('',(11.55,0.4,2.25));
#16083 = VECTOR('',#16084,1.);
#16084 = DIRECTION('',(-0.,1.,0.));
#16085 = ORIENTED_EDGE('',*,*,#16086,.T.);
#16086 = EDGE_CURVE('',#16079,#16018,#16087,.T.);
#16087 = LINE('',#16088,#16089);
#16088 = CARTESIAN_POINT('',(11.55,4.35,2.25));
#16089 = VECTOR('',#16090,1.);
#16090 = DIRECTION('',(0.,0.,1.));
#16091 = ORIENTED_EDGE('',*,*,#16025,.F.);
#16092 = PLANE('',#16093);
#16093 = AXIS2_PLACEMENT_3D('',#16094,#16095,#16096);
#16094 = CARTESIAN_POINT('',(11.55,0.4,2.25));
#16095 = DIRECTION('',(1.,0.,-0.));
#16096 = DIRECTION('',(0.,0.,1.));
#16097 = ADVANCED_FACE('',(#16098),#16125,.F.);
#16098 = FACE_BOUND('',#16099,.F.);
#16099 = EDGE_LOOP('',(#16100,#16109,#16110,#16119));
#16100 = ORIENTED_EDGE('',*,*,#16101,.F.);
#16101 = EDGE_CURVE('',#16079,#16102,#16104,.T.);
#16102 = VERTEX_POINT('',#16103);
#16103 = CARTESIAN_POINT('',(8.45,4.35,2.25));
#16104 = CIRCLE('',#16105,1.55);
#16105 = AXIS2_PLACEMENT_3D('',#16106,#16107,#16108);
#16106 = CARTESIAN_POINT('',(10.,4.35,2.25));
#16107 = DIRECTION('',(0.,1.,0.));
#16108 = DIRECTION('',(0.,-0.,1.));
#16109 = ORIENTED_EDGE('',*,*,#16078,.F.);
#16110 = ORIENTED_EDGE('',*,*,#16111,.T.);
#16111 = EDGE_CURVE('',#16071,#16112,#16114,.T.);
#16112 = VERTEX_POINT('',#16113);
#16113 = CARTESIAN_POINT('',(8.45,0.4,2.25));
#16114 = CIRCLE('',#16115,1.55);
#16115 = AXIS2_PLACEMENT_3D('',#16116,#16117,#16118);
#16116 = CARTESIAN_POINT('',(10.,0.4,2.25));
#16117 = DIRECTION('',(0.,1.,0.));
#16118 = DIRECTION('',(0.,-0.,1.));
#16119 = ORIENTED_EDGE('',*,*,#16120,.T.);
#16120 = EDGE_CURVE('',#16112,#16102,#16121,.T.);
#16121 = LINE('',#16122,#16123);
#16122 = CARTESIAN_POINT('',(8.45,0.4,2.25));
#16123 = VECTOR('',#16124,1.);
#16124 = DIRECTION('',(-0.,1.,0.));
#16125 = CYLINDRICAL_SURFACE('',#16126,1.55);
#16126 = AXIS2_PLACEMENT_3D('',#16127,#16128,#16129);
#16127 = CARTESIAN_POINT('',(10.,0.4,2.25));
#16128 = DIRECTION('',(0.,1.,0.));
#16129 = DIRECTION('',(0.,-0.,1.));
#16130 = ADVANCED_FACE('',(#16131),#16156,.T.);
#16131 = FACE_BOUND('',#16132,.T.);
#16132 = EDGE_LOOP('',(#16133,#16141,#16142,#16150));
#16133 = ORIENTED_EDGE('',*,*,#16134,.F.);
#16134 = EDGE_CURVE('',#16112,#16135,#16137,.T.);
#16135 = VERTEX_POINT('',#16136);
#16136 = CARTESIAN_POINT('',(8.45,0.4,5.65));
#16137 = LINE('',#16138,#16139);
#16138 = CARTESIAN_POINT('',(8.45,0.4,2.25));
#16139 = VECTOR('',#16140,1.);
#16140 = DIRECTION('',(0.,0.,1.));
#16141 = ORIENTED_EDGE('',*,*,#16120,.T.);
#16142 = ORIENTED_EDGE('',*,*,#16143,.T.);
#16143 = EDGE_CURVE('',#16102,#16144,#16146,.T.);
#16144 = VERTEX_POINT('',#16145);
#16145 = CARTESIAN_POINT('',(8.45,4.35,5.65));
#16146 = LINE('',#16147,#16148);
#16147 = CARTESIAN_POINT('',(8.45,4.35,2.25));
#16148 = VECTOR('',#16149,1.);
#16149 = DIRECTION('',(0.,0.,1.));
#16150 = ORIENTED_EDGE('',*,*,#16151,.F.);
#16151 = EDGE_CURVE('',#16135,#16144,#16152,.T.);
#16152 = LINE('',#16153,#16154);
#16153 = CARTESIAN_POINT('',(8.45,0.4,5.65));
#16154 = VECTOR('',#16155,1.);
#16155 = DIRECTION('',(-0.,1.,0.));
#16156 = PLANE('',#16157);
#16157 = AXIS2_PLACEMENT_3D('',#16158,#16159,#16160);
#16158 = CARTESIAN_POINT('',(8.45,0.4,2.25));
#16159 = DIRECTION('',(1.,0.,-0.));
#16160 = DIRECTION('',(0.,0.,1.));
#16161 = ADVANCED_FACE('',(#16162),#16196,.T.);
#16162 = FACE_BOUND('',#16163,.T.);
#16163 = EDGE_LOOP('',(#16164,#16170,#16171,#16179,#16187,#16193,#16194,
    #16195));
#16164 = ORIENTED_EDGE('',*,*,#16165,.T.);
#16165 = EDGE_CURVE('',#15792,#16135,#16166,.T.);
#16166 = LINE('',#16167,#16168);
#16167 = CARTESIAN_POINT('',(8.27,0.4,5.65));
#16168 = VECTOR('',#16169,1.);
#16169 = DIRECTION('',(1.,0.,-0.));
#16170 = ORIENTED_EDGE('',*,*,#16151,.T.);
#16171 = ORIENTED_EDGE('',*,*,#16172,.T.);
#16172 = EDGE_CURVE('',#16144,#16173,#16175,.T.);
#16173 = VERTEX_POINT('',#16174);
#16174 = CARTESIAN_POINT('',(9.05,4.35,5.65));
#16175 = LINE('',#16176,#16177);
#16176 = CARTESIAN_POINT('',(8.45,4.35,5.65));
#16177 = VECTOR('',#16178,1.);
#16178 = DIRECTION('',(1.,0.,-0.));
#16179 = ORIENTED_EDGE('',*,*,#16180,.F.);
#16180 = EDGE_CURVE('',#16181,#16173,#16183,.T.);
#16181 = VERTEX_POINT('',#16182);
#16182 = CARTESIAN_POINT('',(9.05,0.4,5.65));
#16183 = LINE('',#16184,#16185);
#16184 = CARTESIAN_POINT('',(9.05,0.4,5.65));
#16185 = VECTOR('',#16186,1.);
#16186 = DIRECTION('',(-0.,1.,0.));
#16187 = ORIENTED_EDGE('',*,*,#16188,.F.);
#16188 = EDGE_CURVE('',#15815,#16181,#16189,.T.);
#16189 = LINE('',#16190,#16191);
#16190 = CARTESIAN_POINT('',(8.27,0.4,5.65));
#16191 = VECTOR('',#16192,1.);
#16192 = DIRECTION('',(1.,0.,-0.));
#16193 = ORIENTED_EDGE('',*,*,#15814,.F.);
#16194 = ORIENTED_EDGE('',*,*,#15337,.F.);
#16195 = ORIENTED_EDGE('',*,*,#15799,.T.);
#16196 = PLANE('',#16197);
#16197 = AXIS2_PLACEMENT_3D('',#16198,#16199,#16200);
#16198 = CARTESIAN_POINT('',(8.722280701754,2.112719298246,5.65));
#16199 = DIRECTION('',(-0.,-0.,-1.));
#16200 = DIRECTION('',(-1.,0.,0.));
#16201 = ADVANCED_FACE('',(#16202),#16227,.T.);
#16202 = FACE_BOUND('',#16203,.T.);
#16203 = EDGE_LOOP('',(#16204,#16212,#16213,#16221));
#16204 = ORIENTED_EDGE('',*,*,#16205,.F.);
#16205 = EDGE_CURVE('',#16181,#16206,#16208,.T.);
#16206 = VERTEX_POINT('',#16207);
#16207 = CARTESIAN_POINT('',(9.05,0.4,7.4));
#16208 = LINE('',#16209,#16210);
#16209 = CARTESIAN_POINT('',(9.05,0.4,5.65));
#16210 = VECTOR('',#16211,1.);
#16211 = DIRECTION('',(0.,0.,1.));
#16212 = ORIENTED_EDGE('',*,*,#16180,.T.);
#16213 = ORIENTED_EDGE('',*,*,#16214,.T.);
#16214 = EDGE_CURVE('',#16173,#16215,#16217,.T.);
#16215 = VERTEX_POINT('',#16216);
#16216 = CARTESIAN_POINT('',(9.05,4.35,7.4));
#16217 = LINE('',#16218,#16219);
#16218 = CARTESIAN_POINT('',(9.05,4.35,5.65));
#16219 = VECTOR('',#16220,1.);
#16220 = DIRECTION('',(0.,0.,1.));
#16221 = ORIENTED_EDGE('',*,*,#16222,.F.);
#16222 = EDGE_CURVE('',#16206,#16215,#16223,.T.);
#16223 = LINE('',#16224,#16225);
#16224 = CARTESIAN_POINT('',(9.05,0.4,7.4));
#16225 = VECTOR('',#16226,1.);
#16226 = DIRECTION('',(-0.,1.,0.));
#16227 = PLANE('',#16228);
#16228 = AXIS2_PLACEMENT_3D('',#16229,#16230,#16231);
#16229 = CARTESIAN_POINT('',(9.05,0.4,5.65));
#16230 = DIRECTION('',(1.,0.,-0.));
#16231 = DIRECTION('',(0.,0.,1.));
#16232 = ADVANCED_FACE('',(#16233),#16243,.T.);
#16233 = FACE_BOUND('',#16234,.T.);
#16234 = EDGE_LOOP('',(#16235,#16236,#16237,#16238,#16239,#16240,#16241,
    #16242));
#16235 = ORIENTED_EDGE('',*,*,#15711,.T.);
#16236 = ORIENTED_EDGE('',*,*,#15990,.F.);
#16237 = ORIENTED_EDGE('',*,*,#16070,.F.);
#16238 = ORIENTED_EDGE('',*,*,#16111,.T.);
#16239 = ORIENTED_EDGE('',*,*,#16134,.T.);
#16240 = ORIENTED_EDGE('',*,*,#16165,.F.);
#16241 = ORIENTED_EDGE('',*,*,#15791,.F.);
#16242 = ORIENTED_EDGE('',*,*,#15733,.F.);
#16243 = PLANE('',#16244);
#16244 = AXIS2_PLACEMENT_3D('',#16245,#16246,#16247);
#16245 = CARTESIAN_POINT('',(10.,0.4,2.880205591296));
#16246 = DIRECTION('',(-0.,-1.,-0.));
#16247 = DIRECTION('',(0.,0.,-1.));
#16248 = ADVANCED_FACE('',(#16249),#16289,.T.);
#16249 = FACE_BOUND('',#16250,.T.);
#16250 = EDGE_LOOP('',(#16251,#16252,#16253,#16262,#16269,#16270,#16271,
    #16272,#16281,#16288));
#16251 = ORIENTED_EDGE('',*,*,#16001,.T.);
#16252 = ORIENTED_EDGE('',*,*,#15767,.T.);
#16253 = ORIENTED_EDGE('',*,*,#16254,.F.);
#16254 = EDGE_CURVE('',#16255,#15768,#16257,.T.);
#16255 = VERTEX_POINT('',#16256);
#16256 = CARTESIAN_POINT('',(10.,0.4,8.53));
#16257 = CIRCLE('',#16258,1.13);
#16258 = AXIS2_PLACEMENT_3D('',#16259,#16260,#16261);
#16259 = CARTESIAN_POINT('',(10.,0.4,7.4));
#16260 = DIRECTION('',(0.,1.,0.));
#16261 = DIRECTION('',(0.,-0.,1.));
#16262 = ORIENTED_EDGE('',*,*,#16263,.F.);
#16263 = EDGE_CURVE('',#15823,#16255,#16264,.T.);
#16264 = CIRCLE('',#16265,1.13);
#16265 = AXIS2_PLACEMENT_3D('',#16266,#16267,#16268);
#16266 = CARTESIAN_POINT('',(10.,0.4,7.4));
#16267 = DIRECTION('',(0.,1.,0.));
#16268 = DIRECTION('',(0.,-0.,1.));
#16269 = ORIENTED_EDGE('',*,*,#15822,.F.);
#16270 = ORIENTED_EDGE('',*,*,#16188,.T.);
#16271 = ORIENTED_EDGE('',*,*,#16205,.T.);
#16272 = ORIENTED_EDGE('',*,*,#16273,.T.);
#16273 = EDGE_CURVE('',#16206,#16274,#16276,.T.);
#16274 = VERTEX_POINT('',#16275);
#16275 = CARTESIAN_POINT('',(10.,0.4,8.35));
#16276 = CIRCLE('',#16277,0.95);
#16277 = AXIS2_PLACEMENT_3D('',#16278,#16279,#16280);
#16278 = CARTESIAN_POINT('',(10.,0.4,7.4));
#16279 = DIRECTION('',(0.,1.,0.));
#16280 = DIRECTION('',(0.,-0.,1.));
#16281 = ORIENTED_EDGE('',*,*,#16282,.T.);
#16282 = EDGE_CURVE('',#16274,#16040,#16283,.T.);
#16283 = CIRCLE('',#16284,0.95);
#16284 = AXIS2_PLACEMENT_3D('',#16285,#16286,#16287);
#16285 = CARTESIAN_POINT('',(10.,0.4,7.4));
#16286 = DIRECTION('',(0.,1.,0.));
#16287 = DIRECTION('',(0.,-0.,1.));
#16288 = ORIENTED_EDGE('',*,*,#16039,.F.);
#16289 = PLANE('',#16290);
#16290 = AXIS2_PLACEMENT_3D('',#16291,#16292,#16293);
#16291 = CARTESIAN_POINT('',(10.,0.4,7.215868321793));
#16292 = DIRECTION('',(-0.,-1.,-0.));
#16293 = DIRECTION('',(0.,0.,-1.));
#16294 = ADVANCED_FACE('',(#16295),#16320,.T.);
#16295 = FACE_BOUND('',#16296,.T.);
#16296 = EDGE_LOOP('',(#16297,#16298,#16299,#16300,#16309,#16316,#16317,
    #16318,#16319));
#16297 = ORIENTED_EDGE('',*,*,#16086,.T.);
#16298 = ORIENTED_EDGE('',*,*,#16017,.F.);
#16299 = ORIENTED_EDGE('',*,*,#16048,.T.);
#16300 = ORIENTED_EDGE('',*,*,#16301,.F.);
#16301 = EDGE_CURVE('',#16302,#16049,#16304,.T.);
#16302 = VERTEX_POINT('',#16303);
#16303 = CARTESIAN_POINT('',(10.,4.35,8.35));
#16304 = CIRCLE('',#16305,0.95);
#16305 = AXIS2_PLACEMENT_3D('',#16306,#16307,#16308);
#16306 = CARTESIAN_POINT('',(10.,4.35,7.4));
#16307 = DIRECTION('',(0.,1.,0.));
#16308 = DIRECTION('',(0.,-0.,1.));
#16309 = ORIENTED_EDGE('',*,*,#16310,.F.);
#16310 = EDGE_CURVE('',#16215,#16302,#16311,.T.);
#16311 = CIRCLE('',#16312,0.95);
#16312 = AXIS2_PLACEMENT_3D('',#16313,#16314,#16315);
#16313 = CARTESIAN_POINT('',(10.,4.35,7.4));
#16314 = DIRECTION('',(0.,1.,0.));
#16315 = DIRECTION('',(0.,-0.,1.));
#16316 = ORIENTED_EDGE('',*,*,#16214,.F.);
#16317 = ORIENTED_EDGE('',*,*,#16172,.F.);
#16318 = ORIENTED_EDGE('',*,*,#16143,.F.);
#16319 = ORIENTED_EDGE('',*,*,#16101,.F.);
#16320 = PLANE('',#16321);
#16321 = AXIS2_PLACEMENT_3D('',#16322,#16323,#16324);
#16322 = CARTESIAN_POINT('',(10.,4.35,4.521140854833));
#16323 = DIRECTION('',(-0.,-1.,-0.));
#16324 = DIRECTION('',(0.,0.,-1.));
#16325 = ADVANCED_FACE('',(#16326),#16334,.F.);
#16326 = FACE_BOUND('',#16327,.F.);
#16327 = EDGE_LOOP('',(#16328,#16329,#16330,#16331,#16332,#16333));
#16328 = ORIENTED_EDGE('',*,*,#15830,.F.);
#16329 = ORIENTED_EDGE('',*,*,#15320,.T.);
#16330 = ORIENTED_EDGE('',*,*,#15311,.T.);
#16331 = ORIENTED_EDGE('',*,*,#15775,.T.);
#16332 = ORIENTED_EDGE('',*,*,#16254,.F.);
#16333 = ORIENTED_EDGE('',*,*,#16263,.F.);
#16334 = CYLINDRICAL_SURFACE('',#16335,1.13);
#16335 = AXIS2_PLACEMENT_3D('',#16336,#16337,#16338);
#16336 = CARTESIAN_POINT('',(10.,-5.E-02,7.4));
#16337 = DIRECTION('',(0.,1.,0.));
#16338 = DIRECTION('',(0.,-0.,1.));
#16339 = ADVANCED_FACE('',(#16340),#16348,.F.);
#16340 = FACE_BOUND('',#16341,.F.);
#16341 = EDGE_LOOP('',(#16342,#16343,#16344,#16345,#16346,#16347));
#16342 = ORIENTED_EDGE('',*,*,#16056,.T.);
#16343 = ORIENTED_EDGE('',*,*,#16301,.F.);
#16344 = ORIENTED_EDGE('',*,*,#16310,.F.);
#16345 = ORIENTED_EDGE('',*,*,#16222,.F.);
#16346 = ORIENTED_EDGE('',*,*,#16273,.T.);
#16347 = ORIENTED_EDGE('',*,*,#16282,.T.);
#16348 = CYLINDRICAL_SURFACE('',#16349,0.95);
#16349 = AXIS2_PLACEMENT_3D('',#16350,#16351,#16352);
#16350 = CARTESIAN_POINT('',(10.,0.4,7.4));
#16351 = DIRECTION('',(0.,1.,0.));
#16352 = DIRECTION('',(0.,-0.,1.));
#16353 = ( GEOMETRIC_REPRESENTATION_CONTEXT(3)
GLOBAL_UNCERTAINTY_ASSIGNED_CONTEXT((#16357))
GLOBAL_UNIT_ASSIGNED_CONTEXT((#16354,#16355,#16356))
REPRESENTATION_CONTEXT('Context #1',
  '3D Context with UNIT and UNCERTAINTY') );
#16354 = ( LENGTH_UNIT() NAMED_UNIT(*) SI_UNIT(.MILLI.,.METRE.) );
#16355 = ( NAMED_UNIT(*) PLANE_ANGLE_UNIT() SI_UNIT($,.RADIAN.) );
#16356 = ( NAMED_UNIT(*) SI_UNIT($,.STERADIAN.) SOLID_ANGLE_UNIT() );
#16357 = UNCERTAINTY_MEASURE_WITH_UNIT(LENGTH_MEASURE(1.E-07),#16354,
  'distance_accuracy_value','confusion accuracy');
#16358 = CONTEXT_DEPENDENT_SHAPE_REPRESENTATION(#16359,#16361);
#16359 = ( REPRESENTATION_RELATIONSHIP('','',#14997,#10)
REPRESENTATION_RELATIONSHIP_WITH_TRANSFORMATION(#16360)
SHAPE_REPRESENTATION_RELATIONSHIP() );
#16360 = ITEM_DEFINED_TRANSFORMATION('','',#11,#131);
#16361 = PRODUCT_DEFINITION_SHAPE('Placement','Placement of an item',
  #16362);
#16362 = NEXT_ASSEMBLY_USAGE_OCCURRENCE('30','Housing P7','',#5,#14992,$
  );
#16363 = PRODUCT_RELATED_PRODUCT_CATEGORY('part',$,(#14994));
#16364 = SHAPE_DEFINITION_REPRESENTATION(#16365,#16371);
#16365 = PRODUCT_DEFINITION_SHAPE('','',#16366);
#16366 = PRODUCT_DEFINITION('design','',#16367,#16370);
#16367 = PRODUCT_DEFINITION_FORMATION('','',#16368);
#16368 = PRODUCT('Spacer between P6 and P7','Spacer between P6 and P7',
  '',(#16369));
#16369 = PRODUCT_CONTEXT('',#2,'mechanical');
#16370 = PRODUCT_DEFINITION_CONTEXT('part definition',#2,'design');
#16371 = ADVANCED_BREP_SHAPE_REPRESENTATION('',(#11,#16372),#16976);
#16372 = MANIFOLD_SOLID_BREP('',#16373);
#16373 = CLOSED_SHELL('',(#16374,#16422,#16455,#16514,#16539,#16572,
    #16605,#16629,#16646,#16671,#16703,#16728,#16745,#16762,#16779,
    #16810,#16841,#16859,#16876,#16900,#16918,#16935,#16947,#16965));
#16374 = ADVANCED_FACE('',(#16375),#16417,.F.);
#16375 = FACE_BOUND('',#16376,.F.);
#16376 = EDGE_LOOP('',(#16377,#16387,#16395,#16403,#16411));
#16377 = ORIENTED_EDGE('',*,*,#16378,.F.);
#16378 = EDGE_CURVE('',#16379,#16381,#16383,.T.);
#16379 = VERTEX_POINT('',#16380);
#16380 = CARTESIAN_POINT('',(12.5,0.3,0.3));
#16381 = VERTEX_POINT('',#16382);
#16382 = CARTESIAN_POINT('',(12.5,0.3,9.086363636364));
#16383 = LINE('',#16384,#16385);
#16384 = CARTESIAN_POINT('',(12.5,0.3,0.));
#16385 = VECTOR('',#16386,1.);
#16386 = DIRECTION('',(0.,0.,1.));
#16387 = ORIENTED_EDGE('',*,*,#16388,.T.);
#16388 = EDGE_CURVE('',#16379,#16389,#16391,.T.);
#16389 = VERTEX_POINT('',#16390);
#16390 = CARTESIAN_POINT('',(12.5,12.2,0.3));
#16391 = LINE('',#16392,#16393);
#16392 = CARTESIAN_POINT('',(12.5,0.,0.3));
#16393 = VECTOR('',#16394,1.);
#16394 = DIRECTION('',(-0.,1.,0.));
#16395 = ORIENTED_EDGE('',*,*,#16396,.T.);
#16396 = EDGE_CURVE('',#16389,#16397,#16399,.T.);
#16397 = VERTEX_POINT('',#16398);
#16398 = CARTESIAN_POINT('',(12.5,12.2,10.3));
#16399 = LINE('',#16400,#16401);
#16400 = CARTESIAN_POINT('',(12.5,12.2,0.));
#16401 = VECTOR('',#16402,1.);
#16402 = DIRECTION('',(0.,0.,1.));
#16403 = ORIENTED_EDGE('',*,*,#16404,.F.);
#16404 = EDGE_CURVE('',#16405,#16397,#16407,.T.);
#16405 = VERTEX_POINT('',#16406);
#16406 = CARTESIAN_POINT('',(12.5,1.743243243243,10.3));
#16407 = LINE('',#16408,#16409);
#16408 = CARTESIAN_POINT('',(12.5,0.,10.3));
#16409 = VECTOR('',#16410,1.);
#16410 = DIRECTION('',(-0.,1.,0.));
#16411 = ORIENTED_EDGE('',*,*,#16412,.F.);
#16412 = EDGE_CURVE('',#16381,#16405,#16413,.T.);
#16413 = LINE('',#16414,#16415);
#16414 = CARTESIAN_POINT('',(12.5,-1.125779122542,7.88741301059));
#16415 = VECTOR('',#16416,1.);
#16416 = DIRECTION('',(0.,0.765362085905,0.643599935875));
#16417 = PLANE('',#16418);
#16418 = AXIS2_PLACEMENT_3D('',#16419,#16420,#16421);
#16419 = CARTESIAN_POINT('',(12.5,0.,0.));
#16420 = DIRECTION('',(1.,0.,-0.));
#16421 = DIRECTION('',(0.,0.,1.));
#16422 = ADVANCED_FACE('',(#16423),#16450,.T.);
#16423 = FACE_BOUND('',#16424,.T.);
#16424 = EDGE_LOOP('',(#16425,#16426,#16435,#16443));
#16425 = ORIENTED_EDGE('',*,*,#16378,.F.);
#16426 = ORIENTED_EDGE('',*,*,#16427,.T.);
#16427 = EDGE_CURVE('',#16379,#16428,#16430,.T.);
#16428 = VERTEX_POINT('',#16429);
#16429 = CARTESIAN_POINT('',(12.8,-5.551115123126E-17,0.3));
#16430 = CIRCLE('',#16431,0.3);
#16431 = AXIS2_PLACEMENT_3D('',#16432,#16433,#16434);
#16432 = CARTESIAN_POINT('',(12.8,0.3,0.3));
#16433 = DIRECTION('',(0.,0.,1.));
#16434 = DIRECTION('',(-1.,0.,0.));
#16435 = ORIENTED_EDGE('',*,*,#16436,.T.);
#16436 = EDGE_CURVE('',#16428,#16437,#16439,.T.);
#16437 = VERTEX_POINT('',#16438);
#16438 = CARTESIAN_POINT('',(12.8,-5.551115123126E-17,8.834090909091));
#16439 = LINE('',#16440,#16441);
#16440 = CARTESIAN_POINT('',(12.8,-5.551115123126E-17,0.));
#16441 = VECTOR('',#16442,1.);
#16442 = DIRECTION('',(0.,0.,1.));
#16443 = ORIENTED_EDGE('',*,*,#16444,.T.);
#16444 = EDGE_CURVE('',#16437,#16381,#16445,.T.);
#16445 = ELLIPSE('',#16446,0.391971336867,0.3);
#16446 = AXIS2_PLACEMENT_3D('',#16447,#16448,#16449);
#16447 = CARTESIAN_POINT('',(12.8,0.3,9.086363636364));
#16448 = DIRECTION('',(0.,0.643599935875,-0.765362085905));
#16449 = DIRECTION('',(0.,0.765362085905,0.643599935875));
#16450 = CYLINDRICAL_SURFACE('',#16451,0.3);
#16451 = AXIS2_PLACEMENT_3D('',#16452,#16453,#16454);
#16452 = CARTESIAN_POINT('',(12.8,0.3,0.));
#16453 = DIRECTION('',(0.,0.,1.));
#16454 = DIRECTION('',(-1.,-0.,0.));
#16455 = ADVANCED_FACE('',(#16456),#16509,.F.);
#16456 = FACE_BOUND('',#16457,.F.);
#16457 = EDGE_LOOP('',(#16458,#16467,#16475,#16484,#16492,#16501,#16507,
    #16508));
#16458 = ORIENTED_EDGE('',*,*,#16459,.T.);
#16459 = EDGE_CURVE('',#16405,#16460,#16462,.T.);
#16460 = VERTEX_POINT('',#16461);
#16461 = CARTESIAN_POINT('',(12.8,2.1,10.6));
#16462 = ELLIPSE('',#16463,0.466128076275,0.3);
#16463 = AXIS2_PLACEMENT_3D('',#16464,#16465,#16466);
#16464 = CARTESIAN_POINT('',(12.8,1.743243243243,10.3));
#16465 = DIRECTION('',(0.,0.643599935875,-0.765362085905));
#16466 = DIRECTION('',(0.,0.765362085905,0.643599935875));
#16467 = ORIENTED_EDGE('',*,*,#16468,.T.);
#16468 = EDGE_CURVE('',#16460,#16469,#16471,.T.);
#16469 = VERTEX_POINT('',#16470);
#16470 = CARTESIAN_POINT('',(14.7,2.1,10.6));
#16471 = LINE('',#16472,#16473);
#16472 = CARTESIAN_POINT('',(12.4,2.1,10.6));
#16473 = VECTOR('',#16474,1.);
#16474 = DIRECTION('',(1.,0.,0.));
#16475 = ORIENTED_EDGE('',*,*,#16476,.T.);
#16476 = EDGE_CURVE('',#16469,#16477,#16479,.T.);
#16477 = VERTEX_POINT('',#16478);
#16478 = CARTESIAN_POINT('',(15.,1.743243243243,10.3));
#16479 = ELLIPSE('',#16480,0.466128076275,0.3);
#16480 = AXIS2_PLACEMENT_3D('',#16481,#16482,#16483);
#16481 = CARTESIAN_POINT('',(14.7,1.743243243243,10.3));
#16482 = DIRECTION('',(0.,0.643599935875,-0.765362085905));
#16483 = DIRECTION('',(0.,0.765362085905,0.643599935875));
#16484 = ORIENTED_EDGE('',*,*,#16485,.F.);
#16485 = EDGE_CURVE('',#16486,#16477,#16488,.T.);
#16486 = VERTEX_POINT('',#16487);
#16487 = CARTESIAN_POINT('',(15.,0.3,9.086363636364));
#16488 = LINE('',#16489,#16490);
#16489 = CARTESIAN_POINT('',(15.,-1.125779122542,7.88741301059));
#16490 = VECTOR('',#16491,1.);
#16491 = DIRECTION('',(0.,0.765362085905,0.643599935875));
#16492 = ORIENTED_EDGE('',*,*,#16493,.T.);
#16493 = EDGE_CURVE('',#16486,#16494,#16496,.T.);
#16494 = VERTEX_POINT('',#16495);
#16495 = CARTESIAN_POINT('',(14.7,-5.551115123126E-17,8.834090909091));
#16496 = ELLIPSE('',#16497,0.391971336867,0.3);
#16497 = AXIS2_PLACEMENT_3D('',#16498,#16499,#16500);
#16498 = CARTESIAN_POINT('',(14.7,0.3,9.086363636364));
#16499 = DIRECTION('',(0.,0.643599935875,-0.765362085905));
#16500 = DIRECTION('',(0.,0.765362085905,0.643599935875));
#16501 = ORIENTED_EDGE('',*,*,#16502,.T.);
#16502 = EDGE_CURVE('',#16494,#16437,#16503,.T.);
#16503 = LINE('',#16504,#16505);
#16504 = CARTESIAN_POINT('',(12.45,2.22044604925E-16,8.834090909091));
#16505 = VECTOR('',#16506,1.);
#16506 = DIRECTION('',(-1.,0.,-0.));
#16507 = ORIENTED_EDGE('',*,*,#16444,.T.);
#16508 = ORIENTED_EDGE('',*,*,#16412,.T.);
#16509 = PLANE('',#16510);
#16510 = AXIS2_PLACEMENT_3D('',#16511,#16512,#16513);
#16511 = CARTESIAN_POINT('',(12.4,2.1,10.6));
#16512 = DIRECTION('',(0.,0.643599935875,-0.765362085905));
#16513 = DIRECTION('',(0.,-0.765362085905,-0.643599935875));
#16514 = ADVANCED_FACE('',(#16515),#16534,.T.);
#16515 = FACE_BOUND('',#16516,.T.);
#16516 = EDGE_LOOP('',(#16517,#16518,#16526,#16533));
#16517 = ORIENTED_EDGE('',*,*,#16459,.T.);
#16518 = ORIENTED_EDGE('',*,*,#16519,.T.);
#16519 = EDGE_CURVE('',#16460,#16520,#16522,.T.);
#16520 = VERTEX_POINT('',#16521);
#16521 = CARTESIAN_POINT('',(12.8,12.2,10.6));
#16522 = LINE('',#16523,#16524);
#16523 = CARTESIAN_POINT('',(12.8,0.,10.6));
#16524 = VECTOR('',#16525,1.);
#16525 = DIRECTION('',(-0.,1.,0.));
#16526 = ORIENTED_EDGE('',*,*,#16527,.F.);
#16527 = EDGE_CURVE('',#16397,#16520,#16528,.T.);
#16528 = CIRCLE('',#16529,0.3);
#16529 = AXIS2_PLACEMENT_3D('',#16530,#16531,#16532);
#16530 = CARTESIAN_POINT('',(12.8,12.2,10.3));
#16531 = DIRECTION('',(-0.,1.,0.));
#16532 = DIRECTION('',(-1.,-0.,0.));
#16533 = ORIENTED_EDGE('',*,*,#16404,.F.);
#16534 = CYLINDRICAL_SURFACE('',#16535,0.3);
#16535 = AXIS2_PLACEMENT_3D('',#16536,#16537,#16538);
#16536 = CARTESIAN_POINT('',(12.8,0.,10.3));
#16537 = DIRECTION('',(-0.,1.,0.));
#16538 = DIRECTION('',(-1.,-0.,0.));
#16539 = ADVANCED_FACE('',(#16540),#16567,.T.);
#16540 = FACE_BOUND('',#16541,.F.);
#16541 = EDGE_LOOP('',(#16542,#16543,#16552,#16560));
#16542 = ORIENTED_EDGE('',*,*,#16396,.F.);
#16543 = ORIENTED_EDGE('',*,*,#16544,.T.);
#16544 = EDGE_CURVE('',#16389,#16545,#16547,.T.);
#16545 = VERTEX_POINT('',#16546);
#16546 = CARTESIAN_POINT('',(12.8,12.5,0.3));
#16547 = CIRCLE('',#16548,0.3);
#16548 = AXIS2_PLACEMENT_3D('',#16549,#16550,#16551);
#16549 = CARTESIAN_POINT('',(12.8,12.2,0.3));
#16550 = DIRECTION('',(-0.,0.,-1.));
#16551 = DIRECTION('',(-1.,0.,0.));
#16552 = ORIENTED_EDGE('',*,*,#16553,.T.);
#16553 = EDGE_CURVE('',#16545,#16554,#16556,.T.);
#16554 = VERTEX_POINT('',#16555);
#16555 = CARTESIAN_POINT('',(12.8,12.5,10.3));
#16556 = LINE('',#16557,#16558);
#16557 = CARTESIAN_POINT('',(12.8,12.5,0.));
#16558 = VECTOR('',#16559,1.);
#16559 = DIRECTION('',(0.,0.,1.));
#16560 = ORIENTED_EDGE('',*,*,#16561,.T.);
#16561 = EDGE_CURVE('',#16554,#16397,#16562,.T.);
#16562 = CIRCLE('',#16563,0.3);
#16563 = AXIS2_PLACEMENT_3D('',#16564,#16565,#16566);
#16564 = CARTESIAN_POINT('',(12.8,12.2,10.3));
#16565 = DIRECTION('',(0.,0.,1.));
#16566 = DIRECTION('',(-1.,-0.,0.));
#16567 = CYLINDRICAL_SURFACE('',#16568,0.3);
#16568 = AXIS2_PLACEMENT_3D('',#16569,#16570,#16571);
#16569 = CARTESIAN_POINT('',(12.8,12.2,0.));
#16570 = DIRECTION('',(0.,0.,1.));
#16571 = DIRECTION('',(-1.,-0.,0.));
#16572 = ADVANCED_FACE('',(#16573),#16600,.T.);
#16573 = FACE_BOUND('',#16574,.F.);
#16574 = EDGE_LOOP('',(#16575,#16584,#16592,#16599));
#16575 = ORIENTED_EDGE('',*,*,#16576,.F.);
#16576 = EDGE_CURVE('',#16577,#16379,#16579,.T.);
#16577 = VERTEX_POINT('',#16578);
#16578 = CARTESIAN_POINT('',(12.8,0.3,0.));
#16579 = CIRCLE('',#16580,0.3);
#16580 = AXIS2_PLACEMENT_3D('',#16581,#16582,#16583);
#16581 = CARTESIAN_POINT('',(12.8,0.3,0.3));
#16582 = DIRECTION('',(0.,1.,-0.));
#16583 = DIRECTION('',(-1.,0.,0.));
#16584 = ORIENTED_EDGE('',*,*,#16585,.T.);
#16585 = EDGE_CURVE('',#16577,#16586,#16588,.T.);
#16586 = VERTEX_POINT('',#16587);
#16587 = CARTESIAN_POINT('',(12.8,12.2,0.));
#16588 = LINE('',#16589,#16590);
#16589 = CARTESIAN_POINT('',(12.8,0.,-5.551115123126E-17));
#16590 = VECTOR('',#16591,1.);
#16591 = DIRECTION('',(-0.,1.,0.));
#16592 = ORIENTED_EDGE('',*,*,#16593,.T.);
#16593 = EDGE_CURVE('',#16586,#16389,#16594,.T.);
#16594 = CIRCLE('',#16595,0.3);
#16595 = AXIS2_PLACEMENT_3D('',#16596,#16597,#16598);
#16596 = CARTESIAN_POINT('',(12.8,12.2,0.3));
#16597 = DIRECTION('',(0.,1.,-0.));
#16598 = DIRECTION('',(-1.,0.,0.));
#16599 = ORIENTED_EDGE('',*,*,#16388,.F.);
#16600 = CYLINDRICAL_SURFACE('',#16601,0.3);
#16601 = AXIS2_PLACEMENT_3D('',#16602,#16603,#16604);
#16602 = CARTESIAN_POINT('',(12.8,0.,0.3));
#16603 = DIRECTION('',(-0.,1.,0.));
#16604 = DIRECTION('',(-1.,-0.,0.));
#16605 = ADVANCED_FACE('',(#16606),#16624,.F.);
#16606 = FACE_BOUND('',#16607,.F.);
#16607 = EDGE_LOOP('',(#16608,#16616,#16617,#16618));
#16608 = ORIENTED_EDGE('',*,*,#16609,.F.);
#16609 = EDGE_CURVE('',#16428,#16610,#16612,.T.);
#16610 = VERTEX_POINT('',#16611);
#16611 = CARTESIAN_POINT('',(14.7,-5.551115123126E-17,0.3));
#16612 = LINE('',#16613,#16614);
#16613 = CARTESIAN_POINT('',(12.5,-5.551115123126E-17,0.3));
#16614 = VECTOR('',#16615,1.);
#16615 = DIRECTION('',(1.,0.,-0.));
#16616 = ORIENTED_EDGE('',*,*,#16436,.T.);
#16617 = ORIENTED_EDGE('',*,*,#16502,.F.);
#16618 = ORIENTED_EDGE('',*,*,#16619,.F.);
#16619 = EDGE_CURVE('',#16610,#16494,#16620,.T.);
#16620 = LINE('',#16621,#16622);
#16621 = CARTESIAN_POINT('',(14.7,-5.551115123126E-17,0.));
#16622 = VECTOR('',#16623,1.);
#16623 = DIRECTION('',(0.,0.,1.));
#16624 = PLANE('',#16625);
#16625 = AXIS2_PLACEMENT_3D('',#16626,#16627,#16628);
#16626 = CARTESIAN_POINT('',(12.5,0.,0.));
#16627 = DIRECTION('',(-0.,1.,0.));
#16628 = DIRECTION('',(0.,0.,1.));
#16629 = ADVANCED_FACE('',(#16630),#16641,.T.);
#16630 = FACE_BOUND('',#16631,.T.);
#16631 = EDGE_LOOP('',(#16632,#16633,#16640));
#16632 = ORIENTED_EDGE('',*,*,#16576,.F.);
#16633 = ORIENTED_EDGE('',*,*,#16634,.T.);
#16634 = EDGE_CURVE('',#16577,#16428,#16635,.T.);
#16635 = CIRCLE('',#16636,0.3);
#16636 = AXIS2_PLACEMENT_3D('',#16637,#16638,#16639);
#16637 = CARTESIAN_POINT('',(12.8,0.3,0.3));
#16638 = DIRECTION('',(-1.,6.123233995737E-17,0.));
#16639 = DIRECTION('',(-6.123233995737E-17,-1.,0.));
#16640 = ORIENTED_EDGE('',*,*,#16427,.F.);
#16641 = SPHERICAL_SURFACE('',#16642,0.3);
#16642 = AXIS2_PLACEMENT_3D('',#16643,#16644,#16645);
#16643 = CARTESIAN_POINT('',(12.8,0.3,0.3));
#16644 = DIRECTION('',(0.,0.,1.));
#16645 = DIRECTION('',(-1.,0.,0.));
#16646 = ADVANCED_FACE('',(#16647),#16666,.T.);
#16647 = FACE_BOUND('',#16648,.F.);
#16648 = EDGE_LOOP('',(#16649,#16657,#16664,#16665));
#16649 = ORIENTED_EDGE('',*,*,#16650,.F.);
#16650 = EDGE_CURVE('',#16651,#16486,#16653,.T.);
#16651 = VERTEX_POINT('',#16652);
#16652 = CARTESIAN_POINT('',(15.,0.3,0.3));
#16653 = LINE('',#16654,#16655);
#16654 = CARTESIAN_POINT('',(15.,0.3,0.));
#16655 = VECTOR('',#16656,1.);
#16656 = DIRECTION('',(0.,0.,1.));
#16657 = ORIENTED_EDGE('',*,*,#16658,.T.);
#16658 = EDGE_CURVE('',#16651,#16610,#16659,.T.);
#16659 = CIRCLE('',#16660,0.3);
#16660 = AXIS2_PLACEMENT_3D('',#16661,#16662,#16663);
#16661 = CARTESIAN_POINT('',(14.7,0.3,0.3));
#16662 = DIRECTION('',(0.,-0.,-1.));
#16663 = DIRECTION('',(1.,0.,-0.));
#16664 = ORIENTED_EDGE('',*,*,#16619,.T.);
#16665 = ORIENTED_EDGE('',*,*,#16493,.F.);
#16666 = CYLINDRICAL_SURFACE('',#16667,0.3);
#16667 = AXIS2_PLACEMENT_3D('',#16668,#16669,#16670);
#16668 = CARTESIAN_POINT('',(14.7,0.3,0.));
#16669 = DIRECTION('',(0.,0.,1.));
#16670 = DIRECTION('',(1.,0.,-0.));
#16671 = ADVANCED_FACE('',(#16672),#16698,.T.);
#16672 = FACE_BOUND('',#16673,.T.);
#16673 = EDGE_LOOP('',(#16674,#16675,#16683,#16691,#16697));
#16674 = ORIENTED_EDGE('',*,*,#16650,.F.);
#16675 = ORIENTED_EDGE('',*,*,#16676,.T.);
#16676 = EDGE_CURVE('',#16651,#16677,#16679,.T.);
#16677 = VERTEX_POINT('',#16678);
#16678 = CARTESIAN_POINT('',(15.,12.2,0.3));
#16679 = LINE('',#16680,#16681);
#16680 = CARTESIAN_POINT('',(15.,0.,0.3));
#16681 = VECTOR('',#16682,1.);
#16682 = DIRECTION('',(-0.,1.,0.));
#16683 = ORIENTED_EDGE('',*,*,#16684,.T.);
#16684 = EDGE_CURVE('',#16677,#16685,#16687,.T.);
#16685 = VERTEX_POINT('',#16686);
#16686 = CARTESIAN_POINT('',(15.,12.2,10.3));
#16687 = LINE('',#16688,#16689);
#16688 = CARTESIAN_POINT('',(15.,12.2,0.));
#16689 = VECTOR('',#16690,1.);
#16690 = DIRECTION('',(0.,0.,1.));
#16691 = ORIENTED_EDGE('',*,*,#16692,.F.);
#16692 = EDGE_CURVE('',#16477,#16685,#16693,.T.);
#16693 = LINE('',#16694,#16695);
#16694 = CARTESIAN_POINT('',(15.,0.,10.3));
#16695 = VECTOR('',#16696,1.);
#16696 = DIRECTION('',(-0.,1.,0.));
#16697 = ORIENTED_EDGE('',*,*,#16485,.F.);
#16698 = PLANE('',#16699);
#16699 = AXIS2_PLACEMENT_3D('',#16700,#16701,#16702);
#16700 = CARTESIAN_POINT('',(15.,0.,0.));
#16701 = DIRECTION('',(1.,0.,-0.));
#16702 = DIRECTION('',(0.,0.,1.));
#16703 = ADVANCED_FACE('',(#16704),#16723,.T.);
#16704 = FACE_BOUND('',#16705,.F.);
#16705 = EDGE_LOOP('',(#16706,#16707,#16715,#16722));
#16706 = ORIENTED_EDGE('',*,*,#16476,.F.);
#16707 = ORIENTED_EDGE('',*,*,#16708,.T.);
#16708 = EDGE_CURVE('',#16469,#16709,#16711,.T.);
#16709 = VERTEX_POINT('',#16710);
#16710 = CARTESIAN_POINT('',(14.7,12.2,10.6));
#16711 = LINE('',#16712,#16713);
#16712 = CARTESIAN_POINT('',(14.7,0.,10.6));
#16713 = VECTOR('',#16714,1.);
#16714 = DIRECTION('',(-0.,1.,0.));
#16715 = ORIENTED_EDGE('',*,*,#16716,.F.);
#16716 = EDGE_CURVE('',#16685,#16709,#16717,.T.);
#16717 = CIRCLE('',#16718,0.3);
#16718 = AXIS2_PLACEMENT_3D('',#16719,#16720,#16721);
#16719 = CARTESIAN_POINT('',(14.7,12.2,10.3));
#16720 = DIRECTION('',(0.,-1.,-0.));
#16721 = DIRECTION('',(1.,0.,0.));
#16722 = ORIENTED_EDGE('',*,*,#16692,.F.);
#16723 = CYLINDRICAL_SURFACE('',#16724,0.3);
#16724 = AXIS2_PLACEMENT_3D('',#16725,#16726,#16727);
#16725 = CARTESIAN_POINT('',(14.7,0.,10.3));
#16726 = DIRECTION('',(-0.,1.,0.));
#16727 = DIRECTION('',(1.,0.,-0.));
#16728 = ADVANCED_FACE('',(#16729),#16740,.T.);
#16729 = FACE_BOUND('',#16730,.T.);
#16730 = EDGE_LOOP('',(#16731,#16732,#16733,#16734));
#16731 = ORIENTED_EDGE('',*,*,#16519,.F.);
#16732 = ORIENTED_EDGE('',*,*,#16468,.T.);
#16733 = ORIENTED_EDGE('',*,*,#16708,.T.);
#16734 = ORIENTED_EDGE('',*,*,#16735,.F.);
#16735 = EDGE_CURVE('',#16520,#16709,#16736,.T.);
#16736 = LINE('',#16737,#16738);
#16737 = CARTESIAN_POINT('',(12.5,12.2,10.6));
#16738 = VECTOR('',#16739,1.);
#16739 = DIRECTION('',(1.,0.,-0.));
#16740 = PLANE('',#16741);
#16741 = AXIS2_PLACEMENT_3D('',#16742,#16743,#16744);
#16742 = CARTESIAN_POINT('',(12.5,0.,10.6));
#16743 = DIRECTION('',(0.,0.,1.));
#16744 = DIRECTION('',(1.,0.,-0.));
#16745 = ADVANCED_FACE('',(#16746),#16757,.T.);
#16746 = FACE_BOUND('',#16747,.F.);
#16747 = EDGE_LOOP('',(#16748,#16749,#16756));
#16748 = ORIENTED_EDGE('',*,*,#16561,.F.);
#16749 = ORIENTED_EDGE('',*,*,#16750,.T.);
#16750 = EDGE_CURVE('',#16554,#16520,#16751,.T.);
#16751 = CIRCLE('',#16752,0.3);
#16752 = AXIS2_PLACEMENT_3D('',#16753,#16754,#16755);
#16753 = CARTESIAN_POINT('',(12.8,12.2,10.3));
#16754 = DIRECTION('',(1.,0.,6.123233995737E-17));
#16755 = DIRECTION('',(-6.123233995737E-17,-0.,1.));
#16756 = ORIENTED_EDGE('',*,*,#16527,.F.);
#16757 = SPHERICAL_SURFACE('',#16758,0.3);
#16758 = AXIS2_PLACEMENT_3D('',#16759,#16760,#16761);
#16759 = CARTESIAN_POINT('',(12.8,12.2,10.3));
#16760 = DIRECTION('',(0.,-1.,-0.));
#16761 = DIRECTION('',(-1.,-0.,0.));
#16762 = ADVANCED_FACE('',(#16763),#16774,.T.);
#16763 = FACE_BOUND('',#16764,.F.);
#16764 = EDGE_LOOP('',(#16765,#16766,#16773));
#16765 = ORIENTED_EDGE('',*,*,#16593,.F.);
#16766 = ORIENTED_EDGE('',*,*,#16767,.T.);
#16767 = EDGE_CURVE('',#16586,#16545,#16768,.T.);
#16768 = CIRCLE('',#16769,0.3);
#16769 = AXIS2_PLACEMENT_3D('',#16770,#16771,#16772);
#16770 = CARTESIAN_POINT('',(12.8,12.2,0.3));
#16771 = DIRECTION('',(1.,6.123233995737E-17,-0.));
#16772 = DIRECTION('',(-6.123233995737E-17,1.,0.));
#16773 = ORIENTED_EDGE('',*,*,#16544,.F.);
#16774 = SPHERICAL_SURFACE('',#16775,0.3);
#16775 = AXIS2_PLACEMENT_3D('',#16776,#16777,#16778);
#16776 = CARTESIAN_POINT('',(12.8,12.2,0.3));
#16777 = DIRECTION('',(0.,0.,1.));
#16778 = DIRECTION('',(-1.,0.,0.));
#16779 = ADVANCED_FACE('',(#16780),#16805,.T.);
#16780 = FACE_BOUND('',#16781,.T.);
#16781 = EDGE_LOOP('',(#16782,#16783,#16791,#16799));
#16782 = ORIENTED_EDGE('',*,*,#16553,.T.);
#16783 = ORIENTED_EDGE('',*,*,#16784,.T.);
#16784 = EDGE_CURVE('',#16554,#16785,#16787,.T.);
#16785 = VERTEX_POINT('',#16786);
#16786 = CARTESIAN_POINT('',(14.7,12.5,10.3));
#16787 = LINE('',#16788,#16789);
#16788 = CARTESIAN_POINT('',(12.5,12.5,10.3));
#16789 = VECTOR('',#16790,1.);
#16790 = DIRECTION('',(1.,0.,-0.));
#16791 = ORIENTED_EDGE('',*,*,#16792,.F.);
#16792 = EDGE_CURVE('',#16793,#16785,#16795,.T.);
#16793 = VERTEX_POINT('',#16794);
#16794 = CARTESIAN_POINT('',(14.7,12.5,0.3));
#16795 = LINE('',#16796,#16797);
#16796 = CARTESIAN_POINT('',(14.7,12.5,0.));
#16797 = VECTOR('',#16798,1.);
#16798 = DIRECTION('',(0.,0.,1.));
#16799 = ORIENTED_EDGE('',*,*,#16800,.F.);
#16800 = EDGE_CURVE('',#16545,#16793,#16801,.T.);
#16801 = LINE('',#16802,#16803);
#16802 = CARTESIAN_POINT('',(12.5,12.5,0.3));
#16803 = VECTOR('',#16804,1.);
#16804 = DIRECTION('',(1.,0.,-0.));
#16805 = PLANE('',#16806);
#16806 = AXIS2_PLACEMENT_3D('',#16807,#16808,#16809);
#16807 = CARTESIAN_POINT('',(12.5,12.5,0.));
#16808 = DIRECTION('',(-0.,1.,0.));
#16809 = DIRECTION('',(0.,0.,1.));
#16810 = ADVANCED_FACE('',(#16811),#16836,.F.);
#16811 = FACE_BOUND('',#16812,.F.);
#16812 = EDGE_LOOP('',(#16813,#16814,#16822,#16830));
#16813 = ORIENTED_EDGE('',*,*,#16585,.F.);
#16814 = ORIENTED_EDGE('',*,*,#16815,.T.);
#16815 = EDGE_CURVE('',#16577,#16816,#16818,.T.);
#16816 = VERTEX_POINT('',#16817);
#16817 = CARTESIAN_POINT('',(14.7,0.3,0.));
#16818 = LINE('',#16819,#16820);
#16819 = CARTESIAN_POINT('',(12.5,0.3,-5.551115123126E-17));
#16820 = VECTOR('',#16821,1.);
#16821 = DIRECTION('',(1.,0.,-0.));
#16822 = ORIENTED_EDGE('',*,*,#16823,.T.);
#16823 = EDGE_CURVE('',#16816,#16824,#16826,.T.);
#16824 = VERTEX_POINT('',#16825);
#16825 = CARTESIAN_POINT('',(14.7,12.2,0.));
#16826 = LINE('',#16827,#16828);
#16827 = CARTESIAN_POINT('',(14.7,0.,-5.551115123126E-17));
#16828 = VECTOR('',#16829,1.);
#16829 = DIRECTION('',(-0.,1.,0.));
#16830 = ORIENTED_EDGE('',*,*,#16831,.F.);
#16831 = EDGE_CURVE('',#16586,#16824,#16832,.T.);
#16832 = LINE('',#16833,#16834);
#16833 = CARTESIAN_POINT('',(12.5,12.2,-5.551115123126E-17));
#16834 = VECTOR('',#16835,1.);
#16835 = DIRECTION('',(1.,0.,-0.));
#16836 = PLANE('',#16837);
#16837 = AXIS2_PLACEMENT_3D('',#16838,#16839,#16840);
#16838 = CARTESIAN_POINT('',(12.5,0.,0.));
#16839 = DIRECTION('',(0.,0.,1.));
#16840 = DIRECTION('',(1.,0.,-0.));
#16841 = ADVANCED_FACE('',(#16842),#16854,.T.);
#16842 = FACE_BOUND('',#16843,.T.);
#16843 = EDGE_LOOP('',(#16844,#16845,#16846,#16853));
#16844 = ORIENTED_EDGE('',*,*,#16634,.F.);
#16845 = ORIENTED_EDGE('',*,*,#16815,.T.);
#16846 = ORIENTED_EDGE('',*,*,#16847,.T.);
#16847 = EDGE_CURVE('',#16816,#16610,#16848,.T.);
#16848 = CIRCLE('',#16849,0.3);
#16849 = AXIS2_PLACEMENT_3D('',#16850,#16851,#16852);
#16850 = CARTESIAN_POINT('',(14.7,0.3,0.3));
#16851 = DIRECTION('',(-1.,-6.123233995737E-17,0.));
#16852 = DIRECTION('',(6.123233995737E-17,-1.,-0.));
#16853 = ORIENTED_EDGE('',*,*,#16609,.F.);
#16854 = CYLINDRICAL_SURFACE('',#16855,0.3);
#16855 = AXIS2_PLACEMENT_3D('',#16856,#16857,#16858);
#16856 = CARTESIAN_POINT('',(12.5,0.3,0.3));
#16857 = DIRECTION('',(1.,0.,-0.));
#16858 = DIRECTION('',(0.,-1.,0.));
#16859 = ADVANCED_FACE('',(#16860),#16871,.T.);
#16860 = FACE_BOUND('',#16861,.F.);
#16861 = EDGE_LOOP('',(#16862,#16869,#16870));
#16862 = ORIENTED_EDGE('',*,*,#16863,.F.);
#16863 = EDGE_CURVE('',#16816,#16651,#16864,.T.);
#16864 = CIRCLE('',#16865,0.3);
#16865 = AXIS2_PLACEMENT_3D('',#16866,#16867,#16868);
#16866 = CARTESIAN_POINT('',(14.7,0.3,0.3));
#16867 = DIRECTION('',(0.,-1.,0.));
#16868 = DIRECTION('',(1.,0.,0.));
#16869 = ORIENTED_EDGE('',*,*,#16847,.T.);
#16870 = ORIENTED_EDGE('',*,*,#16658,.F.);
#16871 = SPHERICAL_SURFACE('',#16872,0.3);
#16872 = AXIS2_PLACEMENT_3D('',#16873,#16874,#16875);
#16873 = CARTESIAN_POINT('',(14.7,0.3,0.3));
#16874 = DIRECTION('',(0.,0.,1.));
#16875 = DIRECTION('',(1.,0.,-0.));
#16876 = ADVANCED_FACE('',(#16877),#16895,.T.);
#16877 = FACE_BOUND('',#16878,.T.);
#16878 = EDGE_LOOP('',(#16879,#16880,#16887,#16888));
#16879 = ORIENTED_EDGE('',*,*,#16684,.F.);
#16880 = ORIENTED_EDGE('',*,*,#16881,.T.);
#16881 = EDGE_CURVE('',#16677,#16793,#16882,.T.);
#16882 = CIRCLE('',#16883,0.3);
#16883 = AXIS2_PLACEMENT_3D('',#16884,#16885,#16886);
#16884 = CARTESIAN_POINT('',(14.7,12.2,0.3));
#16885 = DIRECTION('',(0.,0.,1.));
#16886 = DIRECTION('',(1.,0.,-0.));
#16887 = ORIENTED_EDGE('',*,*,#16792,.T.);
#16888 = ORIENTED_EDGE('',*,*,#16889,.T.);
#16889 = EDGE_CURVE('',#16785,#16685,#16890,.T.);
#16890 = CIRCLE('',#16891,0.3);
#16891 = AXIS2_PLACEMENT_3D('',#16892,#16893,#16894);
#16892 = CARTESIAN_POINT('',(14.7,12.2,10.3));
#16893 = DIRECTION('',(0.,0.,-1.));
#16894 = DIRECTION('',(1.,0.,0.));
#16895 = CYLINDRICAL_SURFACE('',#16896,0.3);
#16896 = AXIS2_PLACEMENT_3D('',#16897,#16898,#16899);
#16897 = CARTESIAN_POINT('',(14.7,12.2,0.));
#16898 = DIRECTION('',(0.,0.,1.));
#16899 = DIRECTION('',(1.,0.,-0.));
#16900 = ADVANCED_FACE('',(#16901),#16913,.T.);
#16901 = FACE_BOUND('',#16902,.T.);
#16902 = EDGE_LOOP('',(#16903,#16904,#16905,#16912));
#16903 = ORIENTED_EDGE('',*,*,#16863,.F.);
#16904 = ORIENTED_EDGE('',*,*,#16823,.T.);
#16905 = ORIENTED_EDGE('',*,*,#16906,.T.);
#16906 = EDGE_CURVE('',#16824,#16677,#16907,.T.);
#16907 = CIRCLE('',#16908,0.3);
#16908 = AXIS2_PLACEMENT_3D('',#16909,#16910,#16911);
#16909 = CARTESIAN_POINT('',(14.7,12.2,0.3));
#16910 = DIRECTION('',(0.,-1.,0.));
#16911 = DIRECTION('',(1.,0.,0.));
#16912 = ORIENTED_EDGE('',*,*,#16676,.F.);
#16913 = CYLINDRICAL_SURFACE('',#16914,0.3);
#16914 = AXIS2_PLACEMENT_3D('',#16915,#16916,#16917);
#16915 = CARTESIAN_POINT('',(14.7,0.,0.3));
#16916 = DIRECTION('',(-0.,1.,0.));
#16917 = DIRECTION('',(1.,0.,-0.));
#16918 = ADVANCED_FACE('',(#16919),#16930,.T.);
#16919 = FACE_BOUND('',#16920,.T.);
#16920 = EDGE_LOOP('',(#16921,#16922,#16929));
#16921 = ORIENTED_EDGE('',*,*,#16889,.F.);
#16922 = ORIENTED_EDGE('',*,*,#16923,.T.);
#16923 = EDGE_CURVE('',#16785,#16709,#16924,.T.);
#16924 = CIRCLE('',#16925,0.3);
#16925 = AXIS2_PLACEMENT_3D('',#16926,#16927,#16928);
#16926 = CARTESIAN_POINT('',(14.7,12.2,10.3));
#16927 = DIRECTION('',(1.,0.,-6.123233995737E-17));
#16928 = DIRECTION('',(6.123233995737E-17,0.,1.));
#16929 = ORIENTED_EDGE('',*,*,#16716,.F.);
#16930 = SPHERICAL_SURFACE('',#16931,0.3);
#16931 = AXIS2_PLACEMENT_3D('',#16932,#16933,#16934);
#16932 = CARTESIAN_POINT('',(14.7,12.2,10.3));
#16933 = DIRECTION('',(0.,-1.,-0.));
#16934 = DIRECTION('',(1.,0.,0.));
#16935 = ADVANCED_FACE('',(#16936),#16942,.T.);
#16936 = FACE_BOUND('',#16937,.T.);
#16937 = EDGE_LOOP('',(#16938,#16939,#16940,#16941));
#16938 = ORIENTED_EDGE('',*,*,#16750,.T.);
#16939 = ORIENTED_EDGE('',*,*,#16735,.T.);
#16940 = ORIENTED_EDGE('',*,*,#16923,.F.);
#16941 = ORIENTED_EDGE('',*,*,#16784,.F.);
#16942 = CYLINDRICAL_SURFACE('',#16943,0.3);
#16943 = AXIS2_PLACEMENT_3D('',#16944,#16945,#16946);
#16944 = CARTESIAN_POINT('',(12.5,12.2,10.3));
#16945 = DIRECTION('',(1.,0.,-0.));
#16946 = DIRECTION('',(0.,1.,0.));
#16947 = ADVANCED_FACE('',(#16948),#16960,.T.);
#16948 = FACE_BOUND('',#16949,.F.);
#16949 = EDGE_LOOP('',(#16950,#16951,#16952,#16959));
#16950 = ORIENTED_EDGE('',*,*,#16767,.F.);
#16951 = ORIENTED_EDGE('',*,*,#16831,.T.);
#16952 = ORIENTED_EDGE('',*,*,#16953,.T.);
#16953 = EDGE_CURVE('',#16824,#16793,#16954,.T.);
#16954 = CIRCLE('',#16955,0.3);
#16955 = AXIS2_PLACEMENT_3D('',#16956,#16957,#16958);
#16956 = CARTESIAN_POINT('',(14.7,12.2,0.3));
#16957 = DIRECTION('',(1.,-6.123233995737E-17,0.));
#16958 = DIRECTION('',(6.123233995737E-17,1.,0.));
#16959 = ORIENTED_EDGE('',*,*,#16800,.F.);
#16960 = CYLINDRICAL_SURFACE('',#16961,0.3);
#16961 = AXIS2_PLACEMENT_3D('',#16962,#16963,#16964);
#16962 = CARTESIAN_POINT('',(12.5,12.2,0.3));
#16963 = DIRECTION('',(1.,0.,-0.));
#16964 = DIRECTION('',(0.,1.,0.));
#16965 = ADVANCED_FACE('',(#16966),#16971,.T.);
#16966 = FACE_BOUND('',#16967,.T.);
#16967 = EDGE_LOOP('',(#16968,#16969,#16970));
#16968 = ORIENTED_EDGE('',*,*,#16906,.F.);
#16969 = ORIENTED_EDGE('',*,*,#16953,.T.);
#16970 = ORIENTED_EDGE('',*,*,#16881,.F.);
#16971 = SPHERICAL_SURFACE('',#16972,0.3);
#16972 = AXIS2_PLACEMENT_3D('',#16973,#16974,#16975);
#16973 = CARTESIAN_POINT('',(14.7,12.2,0.3));
#16974 = DIRECTION('',(0.,0.,1.));
#16975 = DIRECTION('',(1.,0.,-0.));
#16976 = ( GEOMETRIC_REPRESENTATION_CONTEXT(3)
GLOBAL_UNCERTAINTY_ASSIGNED_CONTEXT((#16980))
GLOBAL_UNIT_ASSIGNED_CONTEXT((#16977,#16978,#16979))
REPRESENTATION_CONTEXT('Context #1',
  '3D Context with UNIT and UNCERTAINTY') );
#16977 = ( LENGTH_UNIT() NAMED_UNIT(*) SI_UNIT(.MILLI.,.METRE.) );
#16978 = ( NAMED_UNIT(*) PLANE_ANGLE_UNIT() SI_UNIT($,.RADIAN.) );
#16979 = ( NAMED_UNIT(*) SI_UNIT($,.STERADIAN.) SOLID_ANGLE_UNIT() );
#16980 = UNCERTAINTY_MEASURE_WITH_UNIT(LENGTH_MEASURE(1.E-07),#16977,
  'distance_accuracy_value','confusion accuracy');
#16981 = CONTEXT_DEPENDENT_SHAPE_REPRESENTATION(#16982,#16984);
#16982 = ( REPRESENTATION_RELATIONSHIP('','',#16371,#10)
REPRESENTATION_RELATIONSHIP_WITH_TRANSFORMATION(#16983)
SHAPE_REPRESENTATION_RELATIONSHIP() );
#16983 = ITEM_DEFINED_TRANSFORMATION('','',#11,#135);
#16984 = PRODUCT_DEFINITION_SHAPE('Placement','Placement of an item',
  #16985);
#16985 = NEXT_ASSEMBLY_USAGE_OCCURRENCE('31','Spacer between P6 and P7',
  '',#5,#16366,$);
#16986 = PRODUCT_RELATED_PRODUCT_CATEGORY('part',$,(#16368));
#16987 = SHAPE_DEFINITION_REPRESENTATION(#16988,#16994);
#16988 = PRODUCT_DEFINITION_SHAPE('','',#16989);
#16989 = PRODUCT_DEFINITION('design','',#16990,#16993);
#16990 = PRODUCT_DEFINITION_FORMATION('','',#16991);
#16991 = PRODUCT('Actuator P7','Actuator P7','',(#16992));
#16992 = PRODUCT_CONTEXT('',#2,'mechanical');
#16993 = PRODUCT_DEFINITION_CONTEXT('part definition',#2,'design');
#16994 = ADVANCED_BREP_SHAPE_REPRESENTATION('',(#11,#16995),#17213);
#16995 = MANIFOLD_SOLID_BREP('',#16996);
#16996 = CLOSED_SHELL('',(#16997,#17037,#17068,#17099,#17130,#17163,
    #17185,#17199));
#16997 = ADVANCED_FACE('',(#16998),#17032,.T.);
#16998 = FACE_BOUND('',#16999,.T.);
#16999 = EDGE_LOOP('',(#17000,#17010,#17018,#17026));
#17000 = ORIENTED_EDGE('',*,*,#17001,.T.);
#17001 = EDGE_CURVE('',#17002,#17004,#17006,.T.);
#17002 = VERTEX_POINT('',#17003);
#17003 = CARTESIAN_POINT('',(8.1,-0.35,10.6));
#17004 = VERTEX_POINT('',#17005);
#17005 = CARTESIAN_POINT('',(11.9,-0.35,10.6));
#17006 = LINE('',#17007,#17008);
#17007 = CARTESIAN_POINT('',(8.1,-0.35,10.6));
#17008 = VECTOR('',#17009,1.);
#17009 = DIRECTION('',(1.,0.,0.));
#17010 = ORIENTED_EDGE('',*,*,#17011,.T.);
#17011 = EDGE_CURVE('',#17004,#17012,#17014,.T.);
#17012 = VERTEX_POINT('',#17013);
#17013 = CARTESIAN_POINT('',(11.9,9.45,10.6));
#17014 = LINE('',#17015,#17016);
#17015 = CARTESIAN_POINT('',(11.9,-0.35,10.6));
#17016 = VECTOR('',#17017,1.);
#17017 = DIRECTION('',(0.,1.,0.));
#17018 = ORIENTED_EDGE('',*,*,#17019,.F.);
#17019 = EDGE_CURVE('',#17020,#17012,#17022,.T.);
#17020 = VERTEX_POINT('',#17021);
#17021 = CARTESIAN_POINT('',(8.1,9.45,10.6));
#17022 = LINE('',#17023,#17024);
#17023 = CARTESIAN_POINT('',(8.1,9.45,10.6));
#17024 = VECTOR('',#17025,1.);
#17025 = DIRECTION('',(1.,0.,0.));
#17026 = ORIENTED_EDGE('',*,*,#17027,.F.);
#17027 = EDGE_CURVE('',#17002,#17020,#17028,.T.);
#17028 = LINE('',#17029,#17030);
#17029 = CARTESIAN_POINT('',(8.1,-0.35,10.6));
#17030 = VECTOR('',#17031,1.);
#17031 = DIRECTION('',(0.,1.,0.));
#17032 = PLANE('',#17033);
#17033 = AXIS2_PLACEMENT_3D('',#17034,#17035,#17036);
#17034 = CARTESIAN_POINT('',(8.1,-0.35,10.6));
#17035 = DIRECTION('',(0.,0.,1.));
#17036 = DIRECTION('',(0.,1.,0.));
#17037 = ADVANCED_FACE('',(#17038),#17063,.T.);
#17038 = FACE_BOUND('',#17039,.T.);
#17039 = EDGE_LOOP('',(#17040,#17050,#17056,#17057));
#17040 = ORIENTED_EDGE('',*,*,#17041,.T.);
#17041 = EDGE_CURVE('',#17042,#17044,#17046,.T.);
#17042 = VERTEX_POINT('',#17043);
#17043 = CARTESIAN_POINT('',(8.1,1.25,8.6));
#17044 = VERTEX_POINT('',#17045);
#17045 = CARTESIAN_POINT('',(11.9,1.25,8.6));
#17046 = LINE('',#17047,#17048);
#17047 = CARTESIAN_POINT('',(8.1,1.25,8.6));
#17048 = VECTOR('',#17049,1.);
#17049 = DIRECTION('',(1.,0.,0.));
#17050 = ORIENTED_EDGE('',*,*,#17051,.T.);
#17051 = EDGE_CURVE('',#17044,#17004,#17052,.T.);
#17052 = LINE('',#17053,#17054);
#17053 = CARTESIAN_POINT('',(11.9,1.25,8.6));
#17054 = VECTOR('',#17055,1.);
#17055 = DIRECTION('',(0.,-0.624695047554,0.780868809443));
#17056 = ORIENTED_EDGE('',*,*,#17001,.F.);
#17057 = ORIENTED_EDGE('',*,*,#17058,.F.);
#17058 = EDGE_CURVE('',#17042,#17002,#17059,.T.);
#17059 = LINE('',#17060,#17061);
#17060 = CARTESIAN_POINT('',(8.1,1.25,8.6));
#17061 = VECTOR('',#17062,1.);
#17062 = DIRECTION('',(0.,-0.624695047554,0.780868809443));
#17063 = PLANE('',#17064);
#17064 = AXIS2_PLACEMENT_3D('',#17065,#17066,#17067);
#17065 = CARTESIAN_POINT('',(8.1,1.25,8.6));
#17066 = DIRECTION('',(0.,-0.780868809443,-0.624695047554));
#17067 = DIRECTION('',(0.,-0.624695047554,0.780868809443));
#17068 = ADVANCED_FACE('',(#17069),#17094,.T.);
#17069 = FACE_BOUND('',#17070,.T.);
#17070 = EDGE_LOOP('',(#17071,#17079,#17080,#17088));
#17071 = ORIENTED_EDGE('',*,*,#17072,.F.);
#17072 = EDGE_CURVE('',#17020,#17073,#17075,.T.);
#17073 = VERTEX_POINT('',#17074);
#17074 = CARTESIAN_POINT('',(8.1,9.45,9.565923489271));
#17075 = LINE('',#17076,#17077);
#17076 = CARTESIAN_POINT('',(8.1,9.45,10.6));
#17077 = VECTOR('',#17078,1.);
#17078 = DIRECTION('',(0.,0.,-1.));
#17079 = ORIENTED_EDGE('',*,*,#17019,.T.);
#17080 = ORIENTED_EDGE('',*,*,#17081,.T.);
#17081 = EDGE_CURVE('',#17012,#17082,#17084,.T.);
#17082 = VERTEX_POINT('',#17083);
#17083 = CARTESIAN_POINT('',(11.9,9.45,9.565923489271));
#17084 = LINE('',#17085,#17086);
#17085 = CARTESIAN_POINT('',(11.9,9.45,10.6));
#17086 = VECTOR('',#17087,1.);
#17087 = DIRECTION('',(0.,0.,-1.));
#17088 = ORIENTED_EDGE('',*,*,#17089,.F.);
#17089 = EDGE_CURVE('',#17073,#17082,#17090,.T.);
#17090 = LINE('',#17091,#17092);
#17091 = CARTESIAN_POINT('',(8.1,9.45,9.565923489271));
#17092 = VECTOR('',#17093,1.);
#17093 = DIRECTION('',(1.,0.,0.));
#17094 = PLANE('',#17095);
#17095 = AXIS2_PLACEMENT_3D('',#17096,#17097,#17098);
#17096 = CARTESIAN_POINT('',(8.1,9.45,10.6));
#17097 = DIRECTION('',(-0.,1.,0.));
#17098 = DIRECTION('',(0.,0.,-1.));
#17099 = ADVANCED_FACE('',(#17100),#17125,.T.);
#17100 = FACE_BOUND('',#17101,.T.);
#17101 = EDGE_LOOP('',(#17102,#17112,#17118,#17119));
#17102 = ORIENTED_EDGE('',*,*,#17103,.T.);
#17103 = EDGE_CURVE('',#17104,#17106,#17108,.T.);
#17104 = VERTEX_POINT('',#17105);
#17105 = CARTESIAN_POINT('',(8.1,9.45,8.6));
#17106 = VERTEX_POINT('',#17107);
#17107 = CARTESIAN_POINT('',(11.9,9.45,8.6));
#17108 = LINE('',#17109,#17110);
#17109 = CARTESIAN_POINT('',(8.1,9.45,8.6));
#17110 = VECTOR('',#17111,1.);
#17111 = DIRECTION('',(1.,0.,0.));
#17112 = ORIENTED_EDGE('',*,*,#17113,.T.);
#17113 = EDGE_CURVE('',#17106,#17044,#17114,.T.);
#17114 = LINE('',#17115,#17116);
#17115 = CARTESIAN_POINT('',(11.9,9.45,8.6));
#17116 = VECTOR('',#17117,1.);
#17117 = DIRECTION('',(0.,-1.,0.));
#17118 = ORIENTED_EDGE('',*,*,#17041,.F.);
#17119 = ORIENTED_EDGE('',*,*,#17120,.F.);
#17120 = EDGE_CURVE('',#17104,#17042,#17121,.T.);
#17121 = LINE('',#17122,#17123);
#17122 = CARTESIAN_POINT('',(8.1,9.45,8.6));
#17123 = VECTOR('',#17124,1.);
#17124 = DIRECTION('',(0.,-1.,0.));
#17125 = PLANE('',#17126);
#17126 = AXIS2_PLACEMENT_3D('',#17127,#17128,#17129);
#17127 = CARTESIAN_POINT('',(8.1,9.45,8.6));
#17128 = DIRECTION('',(0.,0.,-1.));
#17129 = DIRECTION('',(0.,-1.,0.));
#17130 = ADVANCED_FACE('',(#17131),#17158,.T.);
#17131 = FACE_BOUND('',#17132,.T.);
#17132 = EDGE_LOOP('',(#17133,#17142,#17150,#17157));
#17133 = ORIENTED_EDGE('',*,*,#17134,.F.);
#17134 = EDGE_CURVE('',#17135,#17082,#17137,.T.);
#17135 = VERTEX_POINT('',#17136);
#17136 = CARTESIAN_POINT('',(11.9,9.45,8.834076510729));
#17137 = CIRCLE('',#17138,0.58);
#17138 = AXIS2_PLACEMENT_3D('',#17139,#17140,#17141);
#17139 = CARTESIAN_POINT('',(11.9,9.,9.2));
#17140 = DIRECTION('',(1.,0.,0.));
#17141 = DIRECTION('',(-0.,0.,1.));
#17142 = ORIENTED_EDGE('',*,*,#17143,.F.);
#17143 = EDGE_CURVE('',#17144,#17135,#17146,.T.);
#17144 = VERTEX_POINT('',#17145);
#17145 = CARTESIAN_POINT('',(8.1,9.45,8.834076510729));
#17146 = LINE('',#17147,#17148);
#17147 = CARTESIAN_POINT('',(8.1,9.45,8.834076510729));
#17148 = VECTOR('',#17149,1.);
#17149 = DIRECTION('',(1.,0.,0.));
#17150 = ORIENTED_EDGE('',*,*,#17151,.T.);
#17151 = EDGE_CURVE('',#17144,#17073,#17152,.T.);
#17152 = CIRCLE('',#17153,0.58);
#17153 = AXIS2_PLACEMENT_3D('',#17154,#17155,#17156);
#17154 = CARTESIAN_POINT('',(8.1,9.,9.2));
#17155 = DIRECTION('',(1.,0.,0.));
#17156 = DIRECTION('',(-0.,0.,1.));
#17157 = ORIENTED_EDGE('',*,*,#17089,.T.);
#17158 = CYLINDRICAL_SURFACE('',#17159,0.58);
#17159 = AXIS2_PLACEMENT_3D('',#17160,#17161,#17162);
#17160 = CARTESIAN_POINT('',(8.1,9.,9.2));
#17161 = DIRECTION('',(1.,0.,0.));
#17162 = DIRECTION('',(-0.,0.,1.));
#17163 = ADVANCED_FACE('',(#17164),#17180,.T.);
#17164 = FACE_BOUND('',#17165,.T.);
#17165 = EDGE_LOOP('',(#17166,#17172,#17173,#17179));
#17166 = ORIENTED_EDGE('',*,*,#17167,.F.);
#17167 = EDGE_CURVE('',#17144,#17104,#17168,.T.);
#17168 = LINE('',#17169,#17170);
#17169 = CARTESIAN_POINT('',(8.1,9.45,10.6));
#17170 = VECTOR('',#17171,1.);
#17171 = DIRECTION('',(0.,0.,-1.));
#17172 = ORIENTED_EDGE('',*,*,#17143,.T.);
#17173 = ORIENTED_EDGE('',*,*,#17174,.T.);
#17174 = EDGE_CURVE('',#17135,#17106,#17175,.T.);
#17175 = LINE('',#17176,#17177);
#17176 = CARTESIAN_POINT('',(11.9,9.45,10.6));
#17177 = VECTOR('',#17178,1.);
#17178 = DIRECTION('',(0.,0.,-1.));
#17179 = ORIENTED_EDGE('',*,*,#17103,.F.);
#17180 = PLANE('',#17181);
#17181 = AXIS2_PLACEMENT_3D('',#17182,#17183,#17184);
#17182 = CARTESIAN_POINT('',(8.1,9.45,10.6));
#17183 = DIRECTION('',(-0.,1.,0.));
#17184 = DIRECTION('',(0.,0.,-1.));
#17185 = ADVANCED_FACE('',(#17186),#17194,.T.);
#17186 = FACE_BOUND('',#17187,.T.);
#17187 = EDGE_LOOP('',(#17188,#17189,#17190,#17191,#17192,#17193));
#17188 = ORIENTED_EDGE('',*,*,#17058,.T.);
#17189 = ORIENTED_EDGE('',*,*,#17027,.T.);
#17190 = ORIENTED_EDGE('',*,*,#17072,.T.);
#17191 = ORIENTED_EDGE('',*,*,#17151,.F.);
#17192 = ORIENTED_EDGE('',*,*,#17167,.T.);
#17193 = ORIENTED_EDGE('',*,*,#17120,.T.);
#17194 = PLANE('',#17195);
#17195 = AXIS2_PLACEMENT_3D('',#17196,#17197,#17198);
#17196 = CARTESIAN_POINT('',(8.1,4.823284092834,9.669808456553));
#17197 = DIRECTION('',(-1.,-0.,-0.));
#17198 = DIRECTION('',(0.,0.,-1.));
#17199 = ADVANCED_FACE('',(#17200),#17208,.T.);
#17200 = FACE_BOUND('',#17201,.T.);
#17201 = EDGE_LOOP('',(#17202,#17203,#17204,#17205,#17206,#17207));
#17202 = ORIENTED_EDGE('',*,*,#17051,.F.);
#17203 = ORIENTED_EDGE('',*,*,#17113,.F.);
#17204 = ORIENTED_EDGE('',*,*,#17174,.F.);
#17205 = ORIENTED_EDGE('',*,*,#17134,.T.);
#17206 = ORIENTED_EDGE('',*,*,#17081,.F.);
#17207 = ORIENTED_EDGE('',*,*,#17011,.F.);
#17208 = PLANE('',#17209);
#17209 = AXIS2_PLACEMENT_3D('',#17210,#17211,#17212);
#17210 = CARTESIAN_POINT('',(11.9,4.823284092834,9.669808456553));
#17211 = DIRECTION('',(1.,0.,0.));
#17212 = DIRECTION('',(-0.,0.,1.));
#17213 = ( GEOMETRIC_REPRESENTATION_CONTEXT(3)
GLOBAL_UNCERTAINTY_ASSIGNED_CONTEXT((#17217))
GLOBAL_UNIT_ASSIGNED_CONTEXT((#17214,#17215,#17216))
REPRESENTATION_CONTEXT('Context #1',
  '3D Context with UNIT and UNCERTAINTY') );
#17214 = ( LENGTH_UNIT() NAMED_UNIT(*) SI_UNIT(.MILLI.,.METRE.) );
#17215 = ( NAMED_UNIT(*) PLANE_ANGLE_UNIT() SI_UNIT($,.RADIAN.) );
#17216 = ( NAMED_UNIT(*) SI_UNIT($,.STERADIAN.) SOLID_ANGLE_UNIT() );
#17217 = UNCERTAINTY_MEASURE_WITH_UNIT(LENGTH_MEASURE(1.E-07),#17214,
  'distance_accuracy_value','confusion accuracy');
#17218 = CONTEXT_DEPENDENT_SHAPE_REPRESENTATION(#17219,#17221);
#17219 = ( REPRESENTATION_RELATIONSHIP('','',#16994,#10)
REPRESENTATION_RELATIONSHIP_WITH_TRANSFORMATION(#17220)
SHAPE_REPRESENTATION_RELATIONSHIP() );
#17220 = ITEM_DEFINED_TRANSFORMATION('','',#11,#139);
#17221 = PRODUCT_DEFINITION_SHAPE('Placement','Placement of an item',
  #17222);
#17222 = NEXT_ASSEMBLY_USAGE_OCCURRENCE('32','Actuator P7','',#5,#16989,
  $);
#17223 = PRODUCT_RELATED_PRODUCT_CATEGORY('part',$,(#16991));
#17224 = SHAPE_DEFINITION_REPRESENTATION(#17225,#17231);
#17225 = PRODUCT_DEFINITION_SHAPE('','',#17226);
#17226 = PRODUCT_DEFINITION('design','',#17227,#17230);
#17227 = PRODUCT_DEFINITION_FORMATION('','',#17228);
#17228 = PRODUCT('Terminal Pin P7 A','Terminal Pin P7 A','',(#17229));
#17229 = PRODUCT_CONTEXT('',#2,'mechanical');
#17230 = PRODUCT_DEFINITION_CONTEXT('part definition',#2,'design');
#17231 = ADVANCED_BREP_SHAPE_REPRESENTATION('',(#11,#17232),#17382);
#17232 = MANIFOLD_SOLID_BREP('',#17233);
#17233 = CLOSED_SHELL('',(#17234,#17274,#17314,#17336,#17358,#17370));
#17234 = ADVANCED_FACE('',(#17235),#17269,.F.);
#17235 = FACE_BOUND('',#17236,.F.);
#17236 = EDGE_LOOP('',(#17237,#17247,#17255,#17263));
#17237 = ORIENTED_EDGE('',*,*,#17238,.F.);
#17238 = EDGE_CURVE('',#17239,#17241,#17243,.T.);
#17239 = VERTEX_POINT('',#17240);
#17240 = CARTESIAN_POINT('',(10.1,4.35,-3.));
#17241 = VERTEX_POINT('',#17242);
#17242 = CARTESIAN_POINT('',(10.1,4.35,0.));
#17243 = LINE('',#17244,#17245);
#17244 = CARTESIAN_POINT('',(10.1,4.35,-3.));
#17245 = VECTOR('',#17246,1.);
#17246 = DIRECTION('',(0.,0.,1.));
#17247 = ORIENTED_EDGE('',*,*,#17248,.T.);
#17248 = EDGE_CURVE('',#17239,#17249,#17251,.T.);
#17249 = VERTEX_POINT('',#17250);
#17250 = CARTESIAN_POINT('',(10.1,4.85,-3.));
#17251 = LINE('',#17252,#17253);
#17252 = CARTESIAN_POINT('',(10.1,4.35,-3.));
#17253 = VECTOR('',#17254,1.);
#17254 = DIRECTION('',(-0.,1.,0.));
#17255 = ORIENTED_EDGE('',*,*,#17256,.T.);
#17256 = EDGE_CURVE('',#17249,#17257,#17259,.T.);
#17257 = VERTEX_POINT('',#17258);
#17258 = CARTESIAN_POINT('',(10.1,4.85,0.));
#17259 = LINE('',#17260,#17261);
#17260 = CARTESIAN_POINT('',(10.1,4.85,-3.));
#17261 = VECTOR('',#17262,1.);
#17262 = DIRECTION('',(0.,0.,1.));
#17263 = ORIENTED_EDGE('',*,*,#17264,.F.);
#17264 = EDGE_CURVE('',#17241,#17257,#17265,.T.);
#17265 = LINE('',#17266,#17267);
#17266 = CARTESIAN_POINT('',(10.1,4.35,0.));
#17267 = VECTOR('',#17268,1.);
#17268 = DIRECTION('',(-0.,1.,0.));
#17269 = PLANE('',#17270);
#17270 = AXIS2_PLACEMENT_3D('',#17271,#17272,#17273);
#17271 = CARTESIAN_POINT('',(10.1,4.35,-3.));
#17272 = DIRECTION('',(1.,0.,-0.));
#17273 = DIRECTION('',(0.,0.,1.));
#17274 = ADVANCED_FACE('',(#17275),#17309,.T.);
#17275 = FACE_BOUND('',#17276,.T.);
#17276 = EDGE_LOOP('',(#17277,#17287,#17295,#17303));
#17277 = ORIENTED_EDGE('',*,*,#17278,.F.);
#17278 = EDGE_CURVE('',#17279,#17281,#17283,.T.);
#17279 = VERTEX_POINT('',#17280);
#17280 = CARTESIAN_POINT('',(10.9,4.35,-3.));
#17281 = VERTEX_POINT('',#17282);
#17282 = CARTESIAN_POINT('',(10.9,4.35,0.));
#17283 = LINE('',#17284,#17285);
#17284 = CARTESIAN_POINT('',(10.9,4.35,-3.));
#17285 = VECTOR('',#17286,1.);
#17286 = DIRECTION('',(0.,0.,1.));
#17287 = ORIENTED_EDGE('',*,*,#17288,.T.);
#17288 = EDGE_CURVE('',#17279,#17289,#17291,.T.);
#17289 = VERTEX_POINT('',#17290);
#17290 = CARTESIAN_POINT('',(10.9,4.85,-3.));
#17291 = LINE('',#17292,#17293);
#17292 = CARTESIAN_POINT('',(10.9,4.35,-3.));
#17293 = VECTOR('',#17294,1.);
#17294 = DIRECTION('',(-0.,1.,0.));
#17295 = ORIENTED_EDGE('',*,*,#17296,.T.);
#17296 = EDGE_CURVE('',#17289,#17297,#17299,.T.);
#17297 = VERTEX_POINT('',#17298);
#17298 = CARTESIAN_POINT('',(10.9,4.85,0.));
#17299 = LINE('',#17300,#17301);
#17300 = CARTESIAN_POINT('',(10.9,4.85,-3.));
#17301 = VECTOR('',#17302,1.);
#17302 = DIRECTION('',(0.,0.,1.));
#17303 = ORIENTED_EDGE('',*,*,#17304,.F.);
#17304 = EDGE_CURVE('',#17281,#17297,#17305,.T.);
#17305 = LINE('',#17306,#17307);
#17306 = CARTESIAN_POINT('',(10.9,4.35,0.));
#17307 = VECTOR('',#17308,1.);
#17308 = DIRECTION('',(-0.,1.,0.));
#17309 = PLANE('',#17310);
#17310 = AXIS2_PLACEMENT_3D('',#17311,#17312,#17313);
#17311 = CARTESIAN_POINT('',(10.9,4.35,-3.));
#17312 = DIRECTION('',(1.,0.,-0.));
#17313 = DIRECTION('',(0.,0.,1.));
#17314 = ADVANCED_FACE('',(#17315),#17331,.F.);
#17315 = FACE_BOUND('',#17316,.F.);
#17316 = EDGE_LOOP('',(#17317,#17323,#17324,#17330));
#17317 = ORIENTED_EDGE('',*,*,#17318,.F.);
#17318 = EDGE_CURVE('',#17239,#17279,#17319,.T.);
#17319 = LINE('',#17320,#17321);
#17320 = CARTESIAN_POINT('',(10.1,4.35,-3.));
#17321 = VECTOR('',#17322,1.);
#17322 = DIRECTION('',(1.,0.,-0.));
#17323 = ORIENTED_EDGE('',*,*,#17238,.T.);
#17324 = ORIENTED_EDGE('',*,*,#17325,.T.);
#17325 = EDGE_CURVE('',#17241,#17281,#17326,.T.);
#17326 = LINE('',#17327,#17328);
#17327 = CARTESIAN_POINT('',(10.1,4.35,0.));
#17328 = VECTOR('',#17329,1.);
#17329 = DIRECTION('',(1.,0.,-0.));
#17330 = ORIENTED_EDGE('',*,*,#17278,.F.);
#17331 = PLANE('',#17332);
#17332 = AXIS2_PLACEMENT_3D('',#17333,#17334,#17335);
#17333 = CARTESIAN_POINT('',(10.1,4.35,-3.));
#17334 = DIRECTION('',(-0.,1.,0.));
#17335 = DIRECTION('',(0.,0.,1.));
#17336 = ADVANCED_FACE('',(#17337),#17353,.T.);
#17337 = FACE_BOUND('',#17338,.T.);
#17338 = EDGE_LOOP('',(#17339,#17345,#17346,#17352));
#17339 = ORIENTED_EDGE('',*,*,#17340,.F.);
#17340 = EDGE_CURVE('',#17249,#17289,#17341,.T.);
#17341 = LINE('',#17342,#17343);
#17342 = CARTESIAN_POINT('',(10.1,4.85,-3.));
#17343 = VECTOR('',#17344,1.);
#17344 = DIRECTION('',(1.,0.,-0.));
#17345 = ORIENTED_EDGE('',*,*,#17256,.T.);
#17346 = ORIENTED_EDGE('',*,*,#17347,.T.);
#17347 = EDGE_CURVE('',#17257,#17297,#17348,.T.);
#17348 = LINE('',#17349,#17350);
#17349 = CARTESIAN_POINT('',(10.1,4.85,0.));
#17350 = VECTOR('',#17351,1.);
#17351 = DIRECTION('',(1.,0.,-0.));
#17352 = ORIENTED_EDGE('',*,*,#17296,.F.);
#17353 = PLANE('',#17354);
#17354 = AXIS2_PLACEMENT_3D('',#17355,#17356,#17357);
#17355 = CARTESIAN_POINT('',(10.1,4.85,-3.));
#17356 = DIRECTION('',(-0.,1.,0.));
#17357 = DIRECTION('',(0.,0.,1.));
#17358 = ADVANCED_FACE('',(#17359),#17365,.F.);
#17359 = FACE_BOUND('',#17360,.F.);
#17360 = EDGE_LOOP('',(#17361,#17362,#17363,#17364));
#17361 = ORIENTED_EDGE('',*,*,#17248,.F.);
#17362 = ORIENTED_EDGE('',*,*,#17318,.T.);
#17363 = ORIENTED_EDGE('',*,*,#17288,.T.);
#17364 = ORIENTED_EDGE('',*,*,#17340,.F.);
#17365 = PLANE('',#17366);
#17366 = AXIS2_PLACEMENT_3D('',#17367,#17368,#17369);
#17367 = CARTESIAN_POINT('',(10.1,4.35,-3.));
#17368 = DIRECTION('',(0.,0.,1.));
#17369 = DIRECTION('',(1.,0.,-0.));
#17370 = ADVANCED_FACE('',(#17371),#17377,.T.);
#17371 = FACE_BOUND('',#17372,.T.);
#17372 = EDGE_LOOP('',(#17373,#17374,#17375,#17376));
#17373 = ORIENTED_EDGE('',*,*,#17264,.F.);
#17374 = ORIENTED_EDGE('',*,*,#17325,.T.);
#17375 = ORIENTED_EDGE('',*,*,#17304,.T.);
#17376 = ORIENTED_EDGE('',*,*,#17347,.F.);
#17377 = PLANE('',#17378);
#17378 = AXIS2_PLACEMENT_3D('',#17379,#17380,#17381);
#17379 = CARTESIAN_POINT('',(10.1,4.35,0.));
#17380 = DIRECTION('',(0.,0.,1.));
#17381 = DIRECTION('',(1.,0.,-0.));
#17382 = ( GEOMETRIC_REPRESENTATION_CONTEXT(3)
GLOBAL_UNCERTAINTY_ASSIGNED_CONTEXT((#17386))
GLOBAL_UNIT_ASSIGNED_CONTEXT((#17383,#17384,#17385))
REPRESENTATION_CONTEXT('Context #1',
  '3D Context with UNIT and UNCERTAINTY') );
#17383 = ( LENGTH_UNIT() NAMED_UNIT(*) SI_UNIT(.MILLI.,.METRE.) );
#17384 = ( NAMED_UNIT(*) PLANE_ANGLE_UNIT() SI_UNIT($,.RADIAN.) );
#17385 = ( NAMED_UNIT(*) SI_UNIT($,.STERADIAN.) SOLID_ANGLE_UNIT() );
#17386 = UNCERTAINTY_MEASURE_WITH_UNIT(LENGTH_MEASURE(1.E-07),#17383,
  'distance_accuracy_value','confusion accuracy');
#17387 = CONTEXT_DEPENDENT_SHAPE_REPRESENTATION(#17388,#17390);
#17388 = ( REPRESENTATION_RELATIONSHIP('','',#17231,#10)
REPRESENTATION_RELATIONSHIP_WITH_TRANSFORMATION(#17389)
SHAPE_REPRESENTATION_RELATIONSHIP() );
#17389 = ITEM_DEFINED_TRANSFORMATION('','',#11,#143);
#17390 = PRODUCT_DEFINITION_SHAPE('Placement','Placement of an item',
  #17391);
#17391 = NEXT_ASSEMBLY_USAGE_OCCURRENCE('33','Terminal Pin P7 A','',#5,
  #17226,$);
#17392 = PRODUCT_RELATED_PRODUCT_CATEGORY('part',$,(#17228));
#17393 = SHAPE_DEFINITION_REPRESENTATION(#17394,#17400);
#17394 = PRODUCT_DEFINITION_SHAPE('','',#17395);
#17395 = PRODUCT_DEFINITION('design','',#17396,#17399);
#17396 = PRODUCT_DEFINITION_FORMATION('','',#17397);
#17397 = PRODUCT('Terminal Pin P7 B','Terminal Pin P7 B','',(#17398));
#17398 = PRODUCT_CONTEXT('',#2,'mechanical');
#17399 = PRODUCT_DEFINITION_CONTEXT('part definition',#2,'design');
#17400 = ADVANCED_BREP_SHAPE_REPRESENTATION('',(#11,#17401),#17551);
#17401 = MANIFOLD_SOLID_BREP('',#17402);
#17402 = CLOSED_SHELL('',(#17403,#17443,#17483,#17505,#17527,#17539));
#17403 = ADVANCED_FACE('',(#17404),#17438,.F.);
#17404 = FACE_BOUND('',#17405,.F.);
#17405 = EDGE_LOOP('',(#17406,#17416,#17424,#17432));
#17406 = ORIENTED_EDGE('',*,*,#17407,.F.);
#17407 = EDGE_CURVE('',#17408,#17410,#17412,.T.);
#17408 = VERTEX_POINT('',#17409);
#17409 = CARTESIAN_POINT('',(10.1,9.35,-3.));
#17410 = VERTEX_POINT('',#17411);
#17411 = CARTESIAN_POINT('',(10.1,9.35,0.));
#17412 = LINE('',#17413,#17414);
#17413 = CARTESIAN_POINT('',(10.1,9.35,-3.));
#17414 = VECTOR('',#17415,1.);
#17415 = DIRECTION('',(0.,0.,1.));
#17416 = ORIENTED_EDGE('',*,*,#17417,.T.);
#17417 = EDGE_CURVE('',#17408,#17418,#17420,.T.);
#17418 = VERTEX_POINT('',#17419);
#17419 = CARTESIAN_POINT('',(10.1,9.85,-3.));
#17420 = LINE('',#17421,#17422);
#17421 = CARTESIAN_POINT('',(10.1,9.35,-3.));
#17422 = VECTOR('',#17423,1.);
#17423 = DIRECTION('',(-0.,1.,0.));
#17424 = ORIENTED_EDGE('',*,*,#17425,.T.);
#17425 = EDGE_CURVE('',#17418,#17426,#17428,.T.);
#17426 = VERTEX_POINT('',#17427);
#17427 = CARTESIAN_POINT('',(10.1,9.85,0.));
#17428 = LINE('',#17429,#17430);
#17429 = CARTESIAN_POINT('',(10.1,9.85,-3.));
#17430 = VECTOR('',#17431,1.);
#17431 = DIRECTION('',(0.,0.,1.));
#17432 = ORIENTED_EDGE('',*,*,#17433,.F.);
#17433 = EDGE_CURVE('',#17410,#17426,#17434,.T.);
#17434 = LINE('',#17435,#17436);
#17435 = CARTESIAN_POINT('',(10.1,9.35,0.));
#17436 = VECTOR('',#17437,1.);
#17437 = DIRECTION('',(-0.,1.,0.));
#17438 = PLANE('',#17439);
#17439 = AXIS2_PLACEMENT_3D('',#17440,#17441,#17442);
#17440 = CARTESIAN_POINT('',(10.1,9.35,-3.));
#17441 = DIRECTION('',(1.,0.,-0.));
#17442 = DIRECTION('',(0.,0.,1.));
#17443 = ADVANCED_FACE('',(#17444),#17478,.T.);
#17444 = FACE_BOUND('',#17445,.T.);
#17445 = EDGE_LOOP('',(#17446,#17456,#17464,#17472));
#17446 = ORIENTED_EDGE('',*,*,#17447,.F.);
#17447 = EDGE_CURVE('',#17448,#17450,#17452,.T.);
#17448 = VERTEX_POINT('',#17449);
#17449 = CARTESIAN_POINT('',(10.9,9.35,-3.));
#17450 = VERTEX_POINT('',#17451);
#17451 = CARTESIAN_POINT('',(10.9,9.35,0.));
#17452 = LINE('',#17453,#17454);
#17453 = CARTESIAN_POINT('',(10.9,9.35,-3.));
#17454 = VECTOR('',#17455,1.);
#17455 = DIRECTION('',(0.,0.,1.));
#17456 = ORIENTED_EDGE('',*,*,#17457,.T.);
#17457 = EDGE_CURVE('',#17448,#17458,#17460,.T.);
#17458 = VERTEX_POINT('',#17459);
#17459 = CARTESIAN_POINT('',(10.9,9.85,-3.));
#17460 = LINE('',#17461,#17462);
#17461 = CARTESIAN_POINT('',(10.9,9.35,-3.));
#17462 = VECTOR('',#17463,1.);
#17463 = DIRECTION('',(-0.,1.,0.));
#17464 = ORIENTED_EDGE('',*,*,#17465,.T.);
#17465 = EDGE_CURVE('',#17458,#17466,#17468,.T.);
#17466 = VERTEX_POINT('',#17467);
#17467 = CARTESIAN_POINT('',(10.9,9.85,0.));
#17468 = LINE('',#17469,#17470);
#17469 = CARTESIAN_POINT('',(10.9,9.85,-3.));
#17470 = VECTOR('',#17471,1.);
#17471 = DIRECTION('',(0.,0.,1.));
#17472 = ORIENTED_EDGE('',*,*,#17473,.F.);
#17473 = EDGE_CURVE('',#17450,#17466,#17474,.T.);
#17474 = LINE('',#17475,#17476);
#17475 = CARTESIAN_POINT('',(10.9,9.35,0.));
#17476 = VECTOR('',#17477,1.);
#17477 = DIRECTION('',(-0.,1.,0.));
#17478 = PLANE('',#17479);
#17479 = AXIS2_PLACEMENT_3D('',#17480,#17481,#17482);
#17480 = CARTESIAN_POINT('',(10.9,9.35,-3.));
#17481 = DIRECTION('',(1.,0.,-0.));
#17482 = DIRECTION('',(0.,0.,1.));
#17483 = ADVANCED_FACE('',(#17484),#17500,.F.);
#17484 = FACE_BOUND('',#17485,.F.);
#17485 = EDGE_LOOP('',(#17486,#17492,#17493,#17499));
#17486 = ORIENTED_EDGE('',*,*,#17487,.F.);
#17487 = EDGE_CURVE('',#17408,#17448,#17488,.T.);
#17488 = LINE('',#17489,#17490);
#17489 = CARTESIAN_POINT('',(10.1,9.35,-3.));
#17490 = VECTOR('',#17491,1.);
#17491 = DIRECTION('',(1.,0.,-0.));
#17492 = ORIENTED_EDGE('',*,*,#17407,.T.);
#17493 = ORIENTED_EDGE('',*,*,#17494,.T.);
#17494 = EDGE_CURVE('',#17410,#17450,#17495,.T.);
#17495 = LINE('',#17496,#17497);
#17496 = CARTESIAN_POINT('',(10.1,9.35,0.));
#17497 = VECTOR('',#17498,1.);
#17498 = DIRECTION('',(1.,0.,-0.));
#17499 = ORIENTED_EDGE('',*,*,#17447,.F.);
#17500 = PLANE('',#17501);
#17501 = AXIS2_PLACEMENT_3D('',#17502,#17503,#17504);
#17502 = CARTESIAN_POINT('',(10.1,9.35,-3.));
#17503 = DIRECTION('',(-0.,1.,0.));
#17504 = DIRECTION('',(0.,0.,1.));
#17505 = ADVANCED_FACE('',(#17506),#17522,.T.);
#17506 = FACE_BOUND('',#17507,.T.);
#17507 = EDGE_LOOP('',(#17508,#17514,#17515,#17521));
#17508 = ORIENTED_EDGE('',*,*,#17509,.F.);
#17509 = EDGE_CURVE('',#17418,#17458,#17510,.T.);
#17510 = LINE('',#17511,#17512);
#17511 = CARTESIAN_POINT('',(10.1,9.85,-3.));
#17512 = VECTOR('',#17513,1.);
#17513 = DIRECTION('',(1.,0.,-0.));
#17514 = ORIENTED_EDGE('',*,*,#17425,.T.);
#17515 = ORIENTED_EDGE('',*,*,#17516,.T.);
#17516 = EDGE_CURVE('',#17426,#17466,#17517,.T.);
#17517 = LINE('',#17518,#17519);
#17518 = CARTESIAN_POINT('',(10.1,9.85,0.));
#17519 = VECTOR('',#17520,1.);
#17520 = DIRECTION('',(1.,0.,-0.));
#17521 = ORIENTED_EDGE('',*,*,#17465,.F.);
#17522 = PLANE('',#17523);
#17523 = AXIS2_PLACEMENT_3D('',#17524,#17525,#17526);
#17524 = CARTESIAN_POINT('',(10.1,9.85,-3.));
#17525 = DIRECTION('',(-0.,1.,0.));
#17526 = DIRECTION('',(0.,0.,1.));
#17527 = ADVANCED_FACE('',(#17528),#17534,.F.);
#17528 = FACE_BOUND('',#17529,.F.);
#17529 = EDGE_LOOP('',(#17530,#17531,#17532,#17533));
#17530 = ORIENTED_EDGE('',*,*,#17417,.F.);
#17531 = ORIENTED_EDGE('',*,*,#17487,.T.);
#17532 = ORIENTED_EDGE('',*,*,#17457,.T.);
#17533 = ORIENTED_EDGE('',*,*,#17509,.F.);
#17534 = PLANE('',#17535);
#17535 = AXIS2_PLACEMENT_3D('',#17536,#17537,#17538);
#17536 = CARTESIAN_POINT('',(10.1,9.35,-3.));
#17537 = DIRECTION('',(0.,0.,1.));
#17538 = DIRECTION('',(1.,0.,-0.));
#17539 = ADVANCED_FACE('',(#17540),#17546,.T.);
#17540 = FACE_BOUND('',#17541,.T.);
#17541 = EDGE_LOOP('',(#17542,#17543,#17544,#17545));
#17542 = ORIENTED_EDGE('',*,*,#17433,.F.);
#17543 = ORIENTED_EDGE('',*,*,#17494,.T.);
#17544 = ORIENTED_EDGE('',*,*,#17473,.T.);
#17545 = ORIENTED_EDGE('',*,*,#17516,.F.);
#17546 = PLANE('',#17547);
#17547 = AXIS2_PLACEMENT_3D('',#17548,#17549,#17550);
#17548 = CARTESIAN_POINT('',(10.1,9.35,0.));
#17549 = DIRECTION('',(0.,0.,1.));
#17550 = DIRECTION('',(1.,0.,-0.));
#17551 = ( GEOMETRIC_REPRESENTATION_CONTEXT(3)
GLOBAL_UNCERTAINTY_ASSIGNED_CONTEXT((#17555))
GLOBAL_UNIT_ASSIGNED_CONTEXT((#17552,#17553,#17554))
REPRESENTATION_CONTEXT('Context #1',
  '3D Context with UNIT and UNCERTAINTY') );
#17552 = ( LENGTH_UNIT() NAMED_UNIT(*) SI_UNIT(.MILLI.,.METRE.) );
#17553 = ( NAMED_UNIT(*) PLANE_ANGLE_UNIT() SI_UNIT($,.RADIAN.) );
#17554 = ( NAMED_UNIT(*) SI_UNIT($,.STERADIAN.) SOLID_ANGLE_UNIT() );
#17555 = UNCERTAINTY_MEASURE_WITH_UNIT(LENGTH_MEASURE(1.E-07),#17552,
  'distance_accuracy_value','confusion accuracy');
#17556 = CONTEXT_DEPENDENT_SHAPE_REPRESENTATION(#17557,#17559);
#17557 = ( REPRESENTATION_RELATIONSHIP('','',#17400,#10)
REPRESENTATION_RELATIONSHIP_WITH_TRANSFORMATION(#17558)
SHAPE_REPRESENTATION_RELATIONSHIP() );
#17558 = ITEM_DEFINED_TRANSFORMATION('','',#11,#147);
#17559 = PRODUCT_DEFINITION_SHAPE('Placement','Placement of an item',
  #17560);
#17560 = NEXT_ASSEMBLY_USAGE_OCCURRENCE('34','Terminal Pin P7 B','',#5,
  #17395,$);
#17561 = PRODUCT_RELATED_PRODUCT_CATEGORY('part',$,(#17397));
#17562 = SHAPE_DEFINITION_REPRESENTATION(#17563,#17569);
#17563 = PRODUCT_DEFINITION_SHAPE('','',#17564);
#17564 = PRODUCT_DEFINITION('design','',#17565,#17568);
#17565 = PRODUCT_DEFINITION_FORMATION('','',#17566);
#17566 = PRODUCT('Housing P8','Housing P8','',(#17567));
#17567 = PRODUCT_CONTEXT('',#2,'mechanical');
#17568 = PRODUCT_DEFINITION_CONTEXT('part definition',#2,'design');
#17569 = ADVANCED_BREP_SHAPE_REPRESENTATION('',(#11,#17570),#19195);
#17570 = MANIFOLD_SOLID_BREP('',#17571);
#17571 = CLOSED_SHELL('',(#17572,#17686,#17719,#17752,#17843,#17876,
    #17901,#17926,#17951,#17976,#18001,#18026,#18051,#18152,#18169,
    #18200,#18217,#18242,#18274,#18299,#18339,#18371,#18395,#18420,
    #18437,#18468,#18477,#18486,#18495,#18504,#18513,#18522,#18540,
    #18571,#18596,#18627,#18651,#18682,#18700,#18724,#18735,#18759,
    #18776,#18788,#18805,#18817,#18828,#18877,#18908,#18939,#18972,
    #19003,#19043,#19074,#19090,#19136,#19167,#19181));
#17572 = ADVANCED_FACE('',(#17573,#17615,#17626,#17637,#17648,#17659,
    #17670),#17681,.F.);
#17573 = FACE_BOUND('',#17574,.F.);
#17574 = EDGE_LOOP('',(#17575,#17585,#17593,#17601,#17609));
#17575 = ORIENTED_EDGE('',*,*,#17576,.F.);
#17576 = EDGE_CURVE('',#17577,#17579,#17581,.T.);
#17577 = VERTEX_POINT('',#17578);
#17578 = CARTESIAN_POINT('',(-5.551115123126E-17,0.3,0.3));
#17579 = VERTEX_POINT('',#17580);
#17580 = CARTESIAN_POINT('',(-5.551115123126E-17,0.3,9.086363636364));
#17581 = LINE('',#17582,#17583);
#17582 = CARTESIAN_POINT('',(-5.551115123126E-17,0.3,0.));
#17583 = VECTOR('',#17584,1.);
#17584 = DIRECTION('',(0.,0.,1.));
#17585 = ORIENTED_EDGE('',*,*,#17586,.T.);
#17586 = EDGE_CURVE('',#17577,#17587,#17589,.T.);
#17587 = VERTEX_POINT('',#17588);
#17588 = CARTESIAN_POINT('',(-5.551115123126E-17,12.2,0.3));
#17589 = LINE('',#17590,#17591);
#17590 = CARTESIAN_POINT('',(-5.551115123126E-17,0.,0.3));
#17591 = VECTOR('',#17592,1.);
#17592 = DIRECTION('',(-0.,1.,0.));
#17593 = ORIENTED_EDGE('',*,*,#17594,.T.);
#17594 = EDGE_CURVE('',#17587,#17595,#17597,.T.);
#17595 = VERTEX_POINT('',#17596);
#17596 = CARTESIAN_POINT('',(-5.551115123126E-17,12.2,10.3));
#17597 = LINE('',#17598,#17599);
#17598 = CARTESIAN_POINT('',(-5.551115123126E-17,12.2,0.));
#17599 = VECTOR('',#17600,1.);
#17600 = DIRECTION('',(0.,0.,1.));
#17601 = ORIENTED_EDGE('',*,*,#17602,.F.);
#17602 = EDGE_CURVE('',#17603,#17595,#17605,.T.);
#17603 = VERTEX_POINT('',#17604);
#17604 = CARTESIAN_POINT('',(-5.551115123126E-17,1.743243243243,10.3));
#17605 = LINE('',#17606,#17607);
#17606 = CARTESIAN_POINT('',(-5.551115123126E-17,0.,10.3));
#17607 = VECTOR('',#17608,1.);
#17608 = DIRECTION('',(-0.,1.,0.));
#17609 = ORIENTED_EDGE('',*,*,#17610,.F.);
#17610 = EDGE_CURVE('',#17579,#17603,#17611,.T.);
#17611 = LINE('',#17612,#17613);
#17612 = CARTESIAN_POINT('',(0.,-1.125779122542,7.88741301059));
#17613 = VECTOR('',#17614,1.);
#17614 = DIRECTION('',(0.,0.765362085905,0.643599935875));
#17615 = FACE_BOUND('',#17616,.F.);
#17616 = EDGE_LOOP('',(#17617));
#17617 = ORIENTED_EDGE('',*,*,#17618,.F.);
#17618 = EDGE_CURVE('',#17619,#17619,#17621,.T.);
#17619 = VERTEX_POINT('',#17620);
#17620 = CARTESIAN_POINT('',(0.,10.65,3.52));
#17621 = CIRCLE('',#17622,0.42);
#17622 = AXIS2_PLACEMENT_3D('',#17623,#17624,#17625);
#17623 = CARTESIAN_POINT('',(0.,10.65,3.1));
#17624 = DIRECTION('',(1.,0.,0.));
#17625 = DIRECTION('',(-0.,0.,1.));
#17626 = FACE_BOUND('',#17627,.F.);
#17627 = EDGE_LOOP('',(#17628));
#17628 = ORIENTED_EDGE('',*,*,#17629,.F.);
#17629 = EDGE_CURVE('',#17630,#17630,#17632,.T.);
#17630 = VERTEX_POINT('',#17631);
#17631 = CARTESIAN_POINT('',(0.,6.25,1.87));
#17632 = CIRCLE('',#17633,0.42);
#17633 = AXIS2_PLACEMENT_3D('',#17634,#17635,#17636);
#17634 = CARTESIAN_POINT('',(0.,6.25,1.45));
#17635 = DIRECTION('',(1.,0.,0.));
#17636 = DIRECTION('',(-0.,0.,1.));
#17637 = FACE_BOUND('',#17638,.F.);
#17638 = EDGE_LOOP('',(#17639));
#17639 = ORIENTED_EDGE('',*,*,#17640,.F.);
#17640 = EDGE_CURVE('',#17641,#17641,#17643,.T.);
#17641 = VERTEX_POINT('',#17642);
#17642 = CARTESIAN_POINT('',(0.,10.65,8.57));
#17643 = CIRCLE('',#17644,0.42);
#17644 = AXIS2_PLACEMENT_3D('',#17645,#17646,#17647);
#17645 = CARTESIAN_POINT('',(0.,10.65,8.15));
#17646 = DIRECTION('',(1.,0.,0.));
#17647 = DIRECTION('',(-0.,0.,1.));
#17648 = FACE_BOUND('',#17649,.F.);
#17649 = EDGE_LOOP('',(#17650));
#17650 = ORIENTED_EDGE('',*,*,#17651,.F.);
#17651 = EDGE_CURVE('',#17652,#17652,#17654,.T.);
#17652 = VERTEX_POINT('',#17653);
#17653 = CARTESIAN_POINT('',(0.,1.65,1.87));
#17654 = CIRCLE('',#17655,0.42);
#17655 = AXIS2_PLACEMENT_3D('',#17656,#17657,#17658);
#17656 = CARTESIAN_POINT('',(0.,1.65,1.45));
#17657 = DIRECTION('',(1.,0.,0.));
#17658 = DIRECTION('',(-0.,0.,1.));
#17659 = FACE_BOUND('',#17660,.F.);
#17660 = EDGE_LOOP('',(#17661));
#17661 = ORIENTED_EDGE('',*,*,#17662,.F.);
#17662 = EDGE_CURVE('',#17663,#17663,#17665,.T.);
#17663 = VERTEX_POINT('',#17664);
#17664 = CARTESIAN_POINT('',(0.,4.65,7.54));
#17665 = CIRCLE('',#17666,0.34);
#17666 = AXIS2_PLACEMENT_3D('',#17667,#17668,#17669);
#17667 = CARTESIAN_POINT('',(0.,4.65,7.2));
#17668 = DIRECTION('',(1.,0.,0.));
#17669 = DIRECTION('',(-0.,0.,1.));
#17670 = FACE_BOUND('',#17671,.F.);
#17671 = EDGE_LOOP('',(#17672));
#17672 = ORIENTED_EDGE('',*,*,#17673,.F.);
#17673 = EDGE_CURVE('',#17674,#17674,#17676,.T.);
#17674 = VERTEX_POINT('',#17675);
#17675 = CARTESIAN_POINT('',(0.,1.65,8.57));
#17676 = CIRCLE('',#17677,0.42);
#17677 = AXIS2_PLACEMENT_3D('',#17678,#17679,#17680);
#17678 = CARTESIAN_POINT('',(0.,1.65,8.15));
#17679 = DIRECTION('',(1.,0.,0.));
#17680 = DIRECTION('',(-0.,0.,1.));
#17681 = PLANE('',#17682);
#17682 = AXIS2_PLACEMENT_3D('',#17683,#17684,#17685);
#17683 = CARTESIAN_POINT('',(0.,0.,0.));
#17684 = DIRECTION('',(1.,0.,-0.));
#17685 = DIRECTION('',(0.,0.,1.));
#17686 = ADVANCED_FACE('',(#17687),#17714,.T.);
#17687 = FACE_BOUND('',#17688,.T.);
#17688 = EDGE_LOOP('',(#17689,#17690,#17699,#17707));
#17689 = ORIENTED_EDGE('',*,*,#17576,.F.);
#17690 = ORIENTED_EDGE('',*,*,#17691,.T.);
#17691 = EDGE_CURVE('',#17577,#17692,#17694,.T.);
#17692 = VERTEX_POINT('',#17693);
#17693 = CARTESIAN_POINT('',(0.3,-5.551115123126E-17,0.3));
#17694 = CIRCLE('',#17695,0.3);
#17695 = AXIS2_PLACEMENT_3D('',#17696,#17697,#17698);
#17696 = CARTESIAN_POINT('',(0.3,0.3,0.3));
#17697 = DIRECTION('',(0.,0.,1.));
#17698 = DIRECTION('',(-1.,0.,0.));
#17699 = ORIENTED_EDGE('',*,*,#17700,.T.);
#17700 = EDGE_CURVE('',#17692,#17701,#17703,.T.);
#17701 = VERTEX_POINT('',#17702);
#17702 = CARTESIAN_POINT('',(0.3,-5.551115123126E-17,8.834090909091));
#17703 = LINE('',#17704,#17705);
#17704 = CARTESIAN_POINT('',(0.3,-5.551115123126E-17,0.));
#17705 = VECTOR('',#17706,1.);
#17706 = DIRECTION('',(0.,0.,1.));
#17707 = ORIENTED_EDGE('',*,*,#17708,.T.);
#17708 = EDGE_CURVE('',#17701,#17579,#17709,.T.);
#17709 = ELLIPSE('',#17710,0.391971336867,0.3);
#17710 = AXIS2_PLACEMENT_3D('',#17711,#17712,#17713);
#17711 = CARTESIAN_POINT('',(0.3,0.3,9.086363636364));
#17712 = DIRECTION('',(0.,0.643599935875,-0.765362085905));
#17713 = DIRECTION('',(0.,0.765362085905,0.643599935875));
#17714 = CYLINDRICAL_SURFACE('',#17715,0.3);
#17715 = AXIS2_PLACEMENT_3D('',#17716,#17717,#17718);
#17716 = CARTESIAN_POINT('',(0.3,0.3,0.));
#17717 = DIRECTION('',(0.,0.,1.));
#17718 = DIRECTION('',(-1.,-0.,0.));
#17719 = ADVANCED_FACE('',(#17720),#17747,.T.);
#17720 = FACE_BOUND('',#17721,.F.);
#17721 = EDGE_LOOP('',(#17722,#17731,#17739,#17746));
#17722 = ORIENTED_EDGE('',*,*,#17723,.F.);
#17723 = EDGE_CURVE('',#17724,#17577,#17726,.T.);
#17724 = VERTEX_POINT('',#17725);
#17725 = CARTESIAN_POINT('',(0.3,0.3,0.));
#17726 = CIRCLE('',#17727,0.3);
#17727 = AXIS2_PLACEMENT_3D('',#17728,#17729,#17730);
#17728 = CARTESIAN_POINT('',(0.3,0.3,0.3));
#17729 = DIRECTION('',(0.,1.,-0.));
#17730 = DIRECTION('',(-1.,0.,0.));
#17731 = ORIENTED_EDGE('',*,*,#17732,.T.);
#17732 = EDGE_CURVE('',#17724,#17733,#17735,.T.);
#17733 = VERTEX_POINT('',#17734);
#17734 = CARTESIAN_POINT('',(0.3,12.2,0.));
#17735 = LINE('',#17736,#17737);
#17736 = CARTESIAN_POINT('',(0.3,0.,-5.551115123126E-17));
#17737 = VECTOR('',#17738,1.);
#17738 = DIRECTION('',(-0.,1.,0.));
#17739 = ORIENTED_EDGE('',*,*,#17740,.T.);
#17740 = EDGE_CURVE('',#17733,#17587,#17741,.T.);
#17741 = CIRCLE('',#17742,0.3);
#17742 = AXIS2_PLACEMENT_3D('',#17743,#17744,#17745);
#17743 = CARTESIAN_POINT('',(0.3,12.2,0.3));
#17744 = DIRECTION('',(0.,1.,-0.));
#17745 = DIRECTION('',(-1.,0.,0.));
#17746 = ORIENTED_EDGE('',*,*,#17586,.F.);
#17747 = CYLINDRICAL_SURFACE('',#17748,0.3);
#17748 = AXIS2_PLACEMENT_3D('',#17749,#17750,#17751);
#17749 = CARTESIAN_POINT('',(0.3,0.,0.3));
#17750 = DIRECTION('',(-0.,1.,0.));
#17751 = DIRECTION('',(-1.,-0.,0.));
#17752 = ADVANCED_FACE('',(#17753),#17838,.F.);
#17753 = FACE_BOUND('',#17754,.F.);
#17754 = EDGE_LOOP('',(#17755,#17764,#17772,#17780,#17788,#17796,#17804,
    #17813,#17821,#17830,#17836,#17837));
#17755 = ORIENTED_EDGE('',*,*,#17756,.T.);
#17756 = EDGE_CURVE('',#17603,#17757,#17759,.T.);
#17757 = VERTEX_POINT('',#17758);
#17758 = CARTESIAN_POINT('',(0.3,2.1,10.6));
#17759 = ELLIPSE('',#17760,0.466128076275,0.3);
#17760 = AXIS2_PLACEMENT_3D('',#17761,#17762,#17763);
#17761 = CARTESIAN_POINT('',(0.3,1.743243243243,10.3));
#17762 = DIRECTION('',(0.,0.643599935875,-0.765362085905));
#17763 = DIRECTION('',(0.,0.765362085905,0.643599935875));
#17764 = ORIENTED_EDGE('',*,*,#17765,.T.);
#17765 = EDGE_CURVE('',#17757,#17766,#17768,.T.);
#17766 = VERTEX_POINT('',#17767);
#17767 = CARTESIAN_POINT('',(0.55,2.1,10.6));
#17768 = LINE('',#17769,#17770);
#17769 = CARTESIAN_POINT('',(-0.1,2.1,10.6));
#17770 = VECTOR('',#17771,1.);
#17771 = DIRECTION('',(1.,0.,0.));
#17772 = ORIENTED_EDGE('',*,*,#17773,.T.);
#17773 = EDGE_CURVE('',#17766,#17774,#17776,.T.);
#17774 = VERTEX_POINT('',#17775);
#17775 = CARTESIAN_POINT('',(0.55,0.589585439838,9.329878665319));
#17776 = LINE('',#17777,#17778);
#17777 = CARTESIAN_POINT('',(0.55,2.697145719937,11.102145264493));
#17778 = VECTOR('',#17779,1.);
#17779 = DIRECTION('',(0.,-0.765362085905,-0.643599935875));
#17780 = ORIENTED_EDGE('',*,*,#17781,.T.);
#17781 = EDGE_CURVE('',#17774,#17782,#17784,.T.);
#17782 = VERTEX_POINT('',#17783);
#17783 = CARTESIAN_POINT('',(4.45,0.589585439838,9.329878665319));
#17784 = LINE('',#17785,#17786);
#17785 = CARTESIAN_POINT('',(0.225,0.589585439838,9.329878665319));
#17786 = VECTOR('',#17787,1.);
#17787 = DIRECTION('',(1.,0.,0.));
#17788 = ORIENTED_EDGE('',*,*,#17789,.F.);
#17789 = EDGE_CURVE('',#17790,#17782,#17792,.T.);
#17790 = VERTEX_POINT('',#17791);
#17791 = CARTESIAN_POINT('',(4.45,2.1,10.6));
#17792 = LINE('',#17793,#17794);
#17793 = CARTESIAN_POINT('',(4.45,2.697145719937,11.102145264493));
#17794 = VECTOR('',#17795,1.);
#17795 = DIRECTION('',(0.,-0.765362085905,-0.643599935875));
#17796 = ORIENTED_EDGE('',*,*,#17797,.T.);
#17797 = EDGE_CURVE('',#17790,#17798,#17800,.T.);
#17798 = VERTEX_POINT('',#17799);
#17799 = CARTESIAN_POINT('',(4.7,2.1,10.6));
#17800 = LINE('',#17801,#17802);
#17801 = CARTESIAN_POINT('',(-0.1,2.1,10.6));
#17802 = VECTOR('',#17803,1.);
#17803 = DIRECTION('',(1.,0.,0.));
#17804 = ORIENTED_EDGE('',*,*,#17805,.T.);
#17805 = EDGE_CURVE('',#17798,#17806,#17808,.T.);
#17806 = VERTEX_POINT('',#17807);
#17807 = CARTESIAN_POINT('',(5.,1.743243243243,10.3));
#17808 = ELLIPSE('',#17809,0.466128076275,0.3);
#17809 = AXIS2_PLACEMENT_3D('',#17810,#17811,#17812);
#17810 = CARTESIAN_POINT('',(4.7,1.743243243243,10.3));
#17811 = DIRECTION('',(0.,0.643599935875,-0.765362085905));
#17812 = DIRECTION('',(0.,0.765362085905,0.643599935875));
#17813 = ORIENTED_EDGE('',*,*,#17814,.F.);
#17814 = EDGE_CURVE('',#17815,#17806,#17817,.T.);
#17815 = VERTEX_POINT('',#17816);
#17816 = CARTESIAN_POINT('',(5.,0.3,9.086363636364));
#17817 = LINE('',#17818,#17819);
#17818 = CARTESIAN_POINT('',(5.,-1.125779122542,7.88741301059));
#17819 = VECTOR('',#17820,1.);
#17820 = DIRECTION('',(0.,0.765362085905,0.643599935875));
#17821 = ORIENTED_EDGE('',*,*,#17822,.T.);
#17822 = EDGE_CURVE('',#17815,#17823,#17825,.T.);
#17823 = VERTEX_POINT('',#17824);
#17824 = CARTESIAN_POINT('',(4.7,-5.551115123126E-17,8.834090909091));
#17825 = ELLIPSE('',#17826,0.391971336867,0.3);
#17826 = AXIS2_PLACEMENT_3D('',#17827,#17828,#17829);
#17827 = CARTESIAN_POINT('',(4.7,0.3,9.086363636364));
#17828 = DIRECTION('',(0.,0.643599935875,-0.765362085905));
#17829 = DIRECTION('',(0.,0.765362085905,0.643599935875));
#17830 = ORIENTED_EDGE('',*,*,#17831,.T.);
#17831 = EDGE_CURVE('',#17823,#17701,#17832,.T.);
#17832 = LINE('',#17833,#17834);
#17833 = CARTESIAN_POINT('',(-5.E-02,2.22044604925E-16,8.834090909091));
#17834 = VECTOR('',#17835,1.);
#17835 = DIRECTION('',(-1.,0.,-0.));
#17836 = ORIENTED_EDGE('',*,*,#17708,.T.);
#17837 = ORIENTED_EDGE('',*,*,#17610,.T.);
#17838 = PLANE('',#17839);
#17839 = AXIS2_PLACEMENT_3D('',#17840,#17841,#17842);
#17840 = CARTESIAN_POINT('',(-0.1,2.1,10.6));
#17841 = DIRECTION('',(0.,0.643599935875,-0.765362085905));
#17842 = DIRECTION('',(0.,-0.765362085905,-0.643599935875));
#17843 = ADVANCED_FACE('',(#17844),#17871,.T.);
#17844 = FACE_BOUND('',#17845,.F.);
#17845 = EDGE_LOOP('',(#17846,#17847,#17856,#17864));
#17846 = ORIENTED_EDGE('',*,*,#17594,.F.);
#17847 = ORIENTED_EDGE('',*,*,#17848,.T.);
#17848 = EDGE_CURVE('',#17587,#17849,#17851,.T.);
#17849 = VERTEX_POINT('',#17850);
#17850 = CARTESIAN_POINT('',(0.3,12.5,0.3));
#17851 = CIRCLE('',#17852,0.3);
#17852 = AXIS2_PLACEMENT_3D('',#17853,#17854,#17855);
#17853 = CARTESIAN_POINT('',(0.3,12.2,0.3));
#17854 = DIRECTION('',(-0.,0.,-1.));
#17855 = DIRECTION('',(-1.,0.,0.));
#17856 = ORIENTED_EDGE('',*,*,#17857,.T.);
#17857 = EDGE_CURVE('',#17849,#17858,#17860,.T.);
#17858 = VERTEX_POINT('',#17859);
#17859 = CARTESIAN_POINT('',(0.3,12.5,10.3));
#17860 = LINE('',#17861,#17862);
#17861 = CARTESIAN_POINT('',(0.3,12.5,0.));
#17862 = VECTOR('',#17863,1.);
#17863 = DIRECTION('',(0.,0.,1.));
#17864 = ORIENTED_EDGE('',*,*,#17865,.T.);
#17865 = EDGE_CURVE('',#17858,#17595,#17866,.T.);
#17866 = CIRCLE('',#17867,0.3);
#17867 = AXIS2_PLACEMENT_3D('',#17868,#17869,#17870);
#17868 = CARTESIAN_POINT('',(0.3,12.2,10.3));
#17869 = DIRECTION('',(0.,0.,1.));
#17870 = DIRECTION('',(-1.,-0.,0.));
#17871 = CYLINDRICAL_SURFACE('',#17872,0.3);
#17872 = AXIS2_PLACEMENT_3D('',#17873,#17874,#17875);
#17873 = CARTESIAN_POINT('',(0.3,12.2,0.));
#17874 = DIRECTION('',(0.,0.,1.));
#17875 = DIRECTION('',(-1.,-0.,0.));
#17876 = ADVANCED_FACE('',(#17877),#17896,.T.);
#17877 = FACE_BOUND('',#17878,.T.);
#17878 = EDGE_LOOP('',(#17879,#17880,#17888,#17895));
#17879 = ORIENTED_EDGE('',*,*,#17756,.T.);
#17880 = ORIENTED_EDGE('',*,*,#17881,.T.);
#17881 = EDGE_CURVE('',#17757,#17882,#17884,.T.);
#17882 = VERTEX_POINT('',#17883);
#17883 = CARTESIAN_POINT('',(0.3,12.2,10.6));
#17884 = LINE('',#17885,#17886);
#17885 = CARTESIAN_POINT('',(0.3,0.,10.6));
#17886 = VECTOR('',#17887,1.);
#17887 = DIRECTION('',(-0.,1.,0.));
#17888 = ORIENTED_EDGE('',*,*,#17889,.F.);
#17889 = EDGE_CURVE('',#17595,#17882,#17890,.T.);
#17890 = CIRCLE('',#17891,0.3);
#17891 = AXIS2_PLACEMENT_3D('',#17892,#17893,#17894);
#17892 = CARTESIAN_POINT('',(0.3,12.2,10.3));
#17893 = DIRECTION('',(-0.,1.,0.));
#17894 = DIRECTION('',(-1.,-0.,0.));
#17895 = ORIENTED_EDGE('',*,*,#17602,.F.);
#17896 = CYLINDRICAL_SURFACE('',#17897,0.3);
#17897 = AXIS2_PLACEMENT_3D('',#17898,#17899,#17900);
#17898 = CARTESIAN_POINT('',(0.3,0.,10.3));
#17899 = DIRECTION('',(-0.,1.,0.));
#17900 = DIRECTION('',(-1.,-0.,0.));
#17901 = ADVANCED_FACE('',(#17902),#17921,.F.);
#17902 = FACE_BOUND('',#17903,.F.);
#17903 = EDGE_LOOP('',(#17904,#17912,#17919,#17920));
#17904 = ORIENTED_EDGE('',*,*,#17905,.T.);
#17905 = EDGE_CURVE('',#17619,#17906,#17908,.T.);
#17906 = VERTEX_POINT('',#17907);
#17907 = CARTESIAN_POINT('',(0.27,10.65,3.52));
#17908 = LINE('',#17909,#17910);
#17909 = CARTESIAN_POINT('',(-5.E-02,10.65,3.52));
#17910 = VECTOR('',#17911,1.);
#17911 = DIRECTION('',(1.,0.,0.));
#17912 = ORIENTED_EDGE('',*,*,#17913,.F.);
#17913 = EDGE_CURVE('',#17906,#17906,#17914,.T.);
#17914 = CIRCLE('',#17915,0.42);
#17915 = AXIS2_PLACEMENT_3D('',#17916,#17917,#17918);
#17916 = CARTESIAN_POINT('',(0.27,10.65,3.1));
#17917 = DIRECTION('',(1.,0.,0.));
#17918 = DIRECTION('',(-0.,0.,1.));
#17919 = ORIENTED_EDGE('',*,*,#17905,.F.);
#17920 = ORIENTED_EDGE('',*,*,#17618,.T.);
#17921 = CYLINDRICAL_SURFACE('',#17922,0.42);
#17922 = AXIS2_PLACEMENT_3D('',#17923,#17924,#17925);
#17923 = CARTESIAN_POINT('',(-5.E-02,10.65,3.1));
#17924 = DIRECTION('',(1.,0.,0.));
#17925 = DIRECTION('',(-0.,0.,1.));
#17926 = ADVANCED_FACE('',(#17927),#17946,.F.);
#17927 = FACE_BOUND('',#17928,.F.);
#17928 = EDGE_LOOP('',(#17929,#17937,#17944,#17945));
#17929 = ORIENTED_EDGE('',*,*,#17930,.T.);
#17930 = EDGE_CURVE('',#17630,#17931,#17933,.T.);
#17931 = VERTEX_POINT('',#17932);
#17932 = CARTESIAN_POINT('',(0.27,6.25,1.87));
#17933 = LINE('',#17934,#17935);
#17934 = CARTESIAN_POINT('',(-5.E-02,6.25,1.87));
#17935 = VECTOR('',#17936,1.);
#17936 = DIRECTION('',(1.,0.,0.));
#17937 = ORIENTED_EDGE('',*,*,#17938,.F.);
#17938 = EDGE_CURVE('',#17931,#17931,#17939,.T.);
#17939 = CIRCLE('',#17940,0.42);
#17940 = AXIS2_PLACEMENT_3D('',#17941,#17942,#17943);
#17941 = CARTESIAN_POINT('',(0.27,6.25,1.45));
#17942 = DIRECTION('',(1.,0.,0.));
#17943 = DIRECTION('',(-0.,0.,1.));
#17944 = ORIENTED_EDGE('',*,*,#17930,.F.);
#17945 = ORIENTED_EDGE('',*,*,#17629,.T.);
#17946 = CYLINDRICAL_SURFACE('',#17947,0.42);
#17947 = AXIS2_PLACEMENT_3D('',#17948,#17949,#17950);
#17948 = CARTESIAN_POINT('',(-5.E-02,6.25,1.45));
#17949 = DIRECTION('',(1.,0.,0.));
#17950 = DIRECTION('',(-0.,0.,1.));
#17951 = ADVANCED_FACE('',(#17952),#17971,.F.);
#17952 = FACE_BOUND('',#17953,.F.);
#17953 = EDGE_LOOP('',(#17954,#17962,#17969,#17970));
#17954 = ORIENTED_EDGE('',*,*,#17955,.T.);
#17955 = EDGE_CURVE('',#17641,#17956,#17958,.T.);
#17956 = VERTEX_POINT('',#17957);
#17957 = CARTESIAN_POINT('',(0.27,10.65,8.57));
#17958 = LINE('',#17959,#17960);
#17959 = CARTESIAN_POINT('',(-5.E-02,10.65,8.57));
#17960 = VECTOR('',#17961,1.);
#17961 = DIRECTION('',(1.,0.,0.));
#17962 = ORIENTED_EDGE('',*,*,#17963,.F.);
#17963 = EDGE_CURVE('',#17956,#17956,#17964,.T.);
#17964 = CIRCLE('',#17965,0.42);
#17965 = AXIS2_PLACEMENT_3D('',#17966,#17967,#17968);
#17966 = CARTESIAN_POINT('',(0.27,10.65,8.15));
#17967 = DIRECTION('',(1.,0.,0.));
#17968 = DIRECTION('',(-0.,0.,1.));
#17969 = ORIENTED_EDGE('',*,*,#17955,.F.);
#17970 = ORIENTED_EDGE('',*,*,#17640,.T.);
#17971 = CYLINDRICAL_SURFACE('',#17972,0.42);
#17972 = AXIS2_PLACEMENT_3D('',#17973,#17974,#17975);
#17973 = CARTESIAN_POINT('',(-5.E-02,10.65,8.15));
#17974 = DIRECTION('',(1.,0.,0.));
#17975 = DIRECTION('',(-0.,0.,1.));
#17976 = ADVANCED_FACE('',(#17977),#17996,.F.);
#17977 = FACE_BOUND('',#17978,.F.);
#17978 = EDGE_LOOP('',(#17979,#17987,#17994,#17995));
#17979 = ORIENTED_EDGE('',*,*,#17980,.T.);
#17980 = EDGE_CURVE('',#17652,#17981,#17983,.T.);
#17981 = VERTEX_POINT('',#17982);
#17982 = CARTESIAN_POINT('',(0.27,1.65,1.87));
#17983 = LINE('',#17984,#17985);
#17984 = CARTESIAN_POINT('',(-5.E-02,1.65,1.87));
#17985 = VECTOR('',#17986,1.);
#17986 = DIRECTION('',(1.,0.,0.));
#17987 = ORIENTED_EDGE('',*,*,#17988,.F.);
#17988 = EDGE_CURVE('',#17981,#17981,#17989,.T.);
#17989 = CIRCLE('',#17990,0.42);
#17990 = AXIS2_PLACEMENT_3D('',#17991,#17992,#17993);
#17991 = CARTESIAN_POINT('',(0.27,1.65,1.45));
#17992 = DIRECTION('',(1.,0.,0.));
#17993 = DIRECTION('',(-0.,0.,1.));
#17994 = ORIENTED_EDGE('',*,*,#17980,.F.);
#17995 = ORIENTED_EDGE('',*,*,#17651,.T.);
#17996 = CYLINDRICAL_SURFACE('',#17997,0.42);
#17997 = AXIS2_PLACEMENT_3D('',#17998,#17999,#18000);
#17998 = CARTESIAN_POINT('',(-5.E-02,1.65,1.45));
#17999 = DIRECTION('',(1.,0.,0.));
#18000 = DIRECTION('',(-0.,0.,1.));
#18001 = ADVANCED_FACE('',(#18002),#18021,.F.);
#18002 = FACE_BOUND('',#18003,.F.);
#18003 = EDGE_LOOP('',(#18004,#18012,#18019,#18020));
#18004 = ORIENTED_EDGE('',*,*,#18005,.T.);
#18005 = EDGE_CURVE('',#17663,#18006,#18008,.T.);
#18006 = VERTEX_POINT('',#18007);
#18007 = CARTESIAN_POINT('',(0.27,4.65,7.54));
#18008 = LINE('',#18009,#18010);
#18009 = CARTESIAN_POINT('',(-5.E-02,4.65,7.54));
#18010 = VECTOR('',#18011,1.);
#18011 = DIRECTION('',(1.,0.,0.));
#18012 = ORIENTED_EDGE('',*,*,#18013,.F.);
#18013 = EDGE_CURVE('',#18006,#18006,#18014,.T.);
#18014 = CIRCLE('',#18015,0.34);
#18015 = AXIS2_PLACEMENT_3D('',#18016,#18017,#18018);
#18016 = CARTESIAN_POINT('',(0.27,4.65,7.2));
#18017 = DIRECTION('',(1.,0.,0.));
#18018 = DIRECTION('',(-0.,0.,1.));
#18019 = ORIENTED_EDGE('',*,*,#18005,.F.);
#18020 = ORIENTED_EDGE('',*,*,#17662,.T.);
#18021 = CYLINDRICAL_SURFACE('',#18022,0.34);
#18022 = AXIS2_PLACEMENT_3D('',#18023,#18024,#18025);
#18023 = CARTESIAN_POINT('',(-5.E-02,4.65,7.2));
#18024 = DIRECTION('',(1.,0.,0.));
#18025 = DIRECTION('',(-0.,0.,1.));
#18026 = ADVANCED_FACE('',(#18027),#18046,.F.);
#18027 = FACE_BOUND('',#18028,.F.);
#18028 = EDGE_LOOP('',(#18029,#18037,#18044,#18045));
#18029 = ORIENTED_EDGE('',*,*,#18030,.T.);
#18030 = EDGE_CURVE('',#17674,#18031,#18033,.T.);
#18031 = VERTEX_POINT('',#18032);
#18032 = CARTESIAN_POINT('',(0.27,1.65,8.57));
#18033 = LINE('',#18034,#18035);
#18034 = CARTESIAN_POINT('',(-5.E-02,1.65,8.57));
#18035 = VECTOR('',#18036,1.);
#18036 = DIRECTION('',(1.,0.,0.));
#18037 = ORIENTED_EDGE('',*,*,#18038,.F.);
#18038 = EDGE_CURVE('',#18031,#18031,#18039,.T.);
#18039 = CIRCLE('',#18040,0.42);
#18040 = AXIS2_PLACEMENT_3D('',#18041,#18042,#18043);
#18041 = CARTESIAN_POINT('',(0.27,1.65,8.15));
#18042 = DIRECTION('',(1.,0.,0.));
#18043 = DIRECTION('',(-0.,0.,1.));
#18044 = ORIENTED_EDGE('',*,*,#18030,.F.);
#18045 = ORIENTED_EDGE('',*,*,#17673,.T.);
#18046 = CYLINDRICAL_SURFACE('',#18047,0.42);
#18047 = AXIS2_PLACEMENT_3D('',#18048,#18049,#18050);
#18048 = CARTESIAN_POINT('',(-5.E-02,1.65,8.15));
#18049 = DIRECTION('',(1.,0.,0.));
#18050 = DIRECTION('',(-0.,0.,1.));
#18051 = ADVANCED_FACE('',(#18052,#18070),#18147,.F.);
#18052 = FACE_BOUND('',#18053,.F.);
#18053 = EDGE_LOOP('',(#18054,#18062,#18063,#18064));
#18054 = ORIENTED_EDGE('',*,*,#18055,.F.);
#18055 = EDGE_CURVE('',#17692,#18056,#18058,.T.);
#18056 = VERTEX_POINT('',#18057);
#18057 = CARTESIAN_POINT('',(4.7,-5.551115123126E-17,0.3));
#18058 = LINE('',#18059,#18060);
#18059 = CARTESIAN_POINT('',(0.,-5.551115123126E-17,0.3));
#18060 = VECTOR('',#18061,1.);
#18061 = DIRECTION('',(1.,0.,-0.));
#18062 = ORIENTED_EDGE('',*,*,#17700,.T.);
#18063 = ORIENTED_EDGE('',*,*,#17831,.F.);
#18064 = ORIENTED_EDGE('',*,*,#18065,.F.);
#18065 = EDGE_CURVE('',#18056,#17823,#18066,.T.);
#18066 = LINE('',#18067,#18068);
#18067 = CARTESIAN_POINT('',(4.7,-5.551115123126E-17,0.));
#18068 = VECTOR('',#18069,1.);
#18069 = DIRECTION('',(0.,0.,1.));
#18070 = FACE_BOUND('',#18071,.F.);
#18071 = EDGE_LOOP('',(#18072,#18082,#18090,#18098,#18107,#18116,#18124,
    #18132,#18140));
#18072 = ORIENTED_EDGE('',*,*,#18073,.F.);
#18073 = EDGE_CURVE('',#18074,#18076,#18078,.T.);
#18074 = VERTEX_POINT('',#18075);
#18075 = CARTESIAN_POINT('',(4.23,0.,5.65));
#18076 = VERTEX_POINT('',#18077);
#18077 = CARTESIAN_POINT('',(4.23,0.,2.25));
#18078 = LINE('',#18079,#18080);
#18079 = CARTESIAN_POINT('',(4.23,0.,1.125));
#18080 = VECTOR('',#18081,1.);
#18081 = DIRECTION('',(-0.,0.,-1.));
#18082 = ORIENTED_EDGE('',*,*,#18083,.F.);
#18083 = EDGE_CURVE('',#18084,#18074,#18086,.T.);
#18084 = VERTEX_POINT('',#18085);
#18085 = CARTESIAN_POINT('',(3.63,0.,5.65));
#18086 = LINE('',#18087,#18088);
#18087 = CARTESIAN_POINT('',(0.385,0.,5.65));
#18088 = VECTOR('',#18089,1.);
#18089 = DIRECTION('',(1.,0.,-0.));
#18090 = ORIENTED_EDGE('',*,*,#18091,.F.);
#18091 = EDGE_CURVE('',#18092,#18084,#18094,.T.);
#18092 = VERTEX_POINT('',#18093);
#18093 = CARTESIAN_POINT('',(3.63,0.,7.4));
#18094 = LINE('',#18095,#18096);
#18095 = CARTESIAN_POINT('',(3.63,0.,2.825));
#18096 = VECTOR('',#18097,1.);
#18097 = DIRECTION('',(-0.,0.,-1.));
#18098 = ORIENTED_EDGE('',*,*,#18099,.F.);
#18099 = EDGE_CURVE('',#18100,#18092,#18102,.T.);
#18100 = VERTEX_POINT('',#18101);
#18101 = CARTESIAN_POINT('',(2.5,0.,8.53));
#18102 = CIRCLE('',#18103,1.13);
#18103 = AXIS2_PLACEMENT_3D('',#18104,#18105,#18106);
#18104 = CARTESIAN_POINT('',(2.5,0.,7.4));
#18105 = DIRECTION('',(0.,1.,0.));
#18106 = DIRECTION('',(0.,-0.,1.));
#18107 = ORIENTED_EDGE('',*,*,#18108,.F.);
#18108 = EDGE_CURVE('',#18109,#18100,#18111,.T.);
#18109 = VERTEX_POINT('',#18110);
#18110 = CARTESIAN_POINT('',(1.37,0.,7.4));
#18111 = CIRCLE('',#18112,1.13);
#18112 = AXIS2_PLACEMENT_3D('',#18113,#18114,#18115);
#18113 = CARTESIAN_POINT('',(2.5,0.,7.4));
#18114 = DIRECTION('',(0.,1.,0.));
#18115 = DIRECTION('',(0.,-0.,1.));
#18116 = ORIENTED_EDGE('',*,*,#18117,.T.);
#18117 = EDGE_CURVE('',#18109,#18118,#18120,.T.);
#18118 = VERTEX_POINT('',#18119);
#18119 = CARTESIAN_POINT('',(1.37,0.,5.65));
#18120 = LINE('',#18121,#18122);
#18121 = CARTESIAN_POINT('',(1.37,0.,2.825));
#18122 = VECTOR('',#18123,1.);
#18123 = DIRECTION('',(-0.,0.,-1.));
#18124 = ORIENTED_EDGE('',*,*,#18125,.F.);
#18125 = EDGE_CURVE('',#18126,#18118,#18128,.T.);
#18126 = VERTEX_POINT('',#18127);
#18127 = CARTESIAN_POINT('',(0.77,0.,5.65));
#18128 = LINE('',#18129,#18130);
#18129 = CARTESIAN_POINT('',(0.385,0.,5.65));
#18130 = VECTOR('',#18131,1.);
#18131 = DIRECTION('',(1.,0.,-0.));
#18132 = ORIENTED_EDGE('',*,*,#18133,.T.);
#18133 = EDGE_CURVE('',#18126,#18134,#18136,.T.);
#18134 = VERTEX_POINT('',#18135);
#18135 = CARTESIAN_POINT('',(0.77,0.,2.25));
#18136 = LINE('',#18137,#18138);
#18137 = CARTESIAN_POINT('',(0.77,0.,1.125));
#18138 = VECTOR('',#18139,1.);
#18139 = DIRECTION('',(-0.,0.,-1.));
#18140 = ORIENTED_EDGE('',*,*,#18141,.F.);
#18141 = EDGE_CURVE('',#18076,#18134,#18142,.T.);
#18142 = CIRCLE('',#18143,1.73);
#18143 = AXIS2_PLACEMENT_3D('',#18144,#18145,#18146);
#18144 = CARTESIAN_POINT('',(2.5,0.,2.25));
#18145 = DIRECTION('',(0.,1.,0.));
#18146 = DIRECTION('',(0.,-0.,1.));
#18147 = PLANE('',#18148);
#18148 = AXIS2_PLACEMENT_3D('',#18149,#18150,#18151);
#18149 = CARTESIAN_POINT('',(0.,0.,0.));
#18150 = DIRECTION('',(-0.,1.,0.));
#18151 = DIRECTION('',(0.,0.,1.));
#18152 = ADVANCED_FACE('',(#18153),#18164,.T.);
#18153 = FACE_BOUND('',#18154,.T.);
#18154 = EDGE_LOOP('',(#18155,#18156,#18163));
#18155 = ORIENTED_EDGE('',*,*,#17723,.F.);
#18156 = ORIENTED_EDGE('',*,*,#18157,.T.);
#18157 = EDGE_CURVE('',#17724,#17692,#18158,.T.);
#18158 = CIRCLE('',#18159,0.3);
#18159 = AXIS2_PLACEMENT_3D('',#18160,#18161,#18162);
#18160 = CARTESIAN_POINT('',(0.3,0.3,0.3));
#18161 = DIRECTION('',(-1.,6.123233995737E-17,0.));
#18162 = DIRECTION('',(-6.123233995737E-17,-1.,0.));
#18163 = ORIENTED_EDGE('',*,*,#17691,.F.);
#18164 = SPHERICAL_SURFACE('',#18165,0.3);
#18165 = AXIS2_PLACEMENT_3D('',#18166,#18167,#18168);
#18166 = CARTESIAN_POINT('',(0.3,0.3,0.3));
#18167 = DIRECTION('',(0.,0.,1.));
#18168 = DIRECTION('',(-1.,0.,0.));
#18169 = ADVANCED_FACE('',(#18170),#18195,.F.);
#18170 = FACE_BOUND('',#18171,.F.);
#18171 = EDGE_LOOP('',(#18172,#18173,#18181,#18189));
#18172 = ORIENTED_EDGE('',*,*,#17732,.F.);
#18173 = ORIENTED_EDGE('',*,*,#18174,.T.);
#18174 = EDGE_CURVE('',#17724,#18175,#18177,.T.);
#18175 = VERTEX_POINT('',#18176);
#18176 = CARTESIAN_POINT('',(4.7,0.3,0.));
#18177 = LINE('',#18178,#18179);
#18178 = CARTESIAN_POINT('',(0.,0.3,-5.551115123126E-17));
#18179 = VECTOR('',#18180,1.);
#18180 = DIRECTION('',(1.,0.,-0.));
#18181 = ORIENTED_EDGE('',*,*,#18182,.T.);
#18182 = EDGE_CURVE('',#18175,#18183,#18185,.T.);
#18183 = VERTEX_POINT('',#18184);
#18184 = CARTESIAN_POINT('',(4.7,12.2,0.));
#18185 = LINE('',#18186,#18187);
#18186 = CARTESIAN_POINT('',(4.7,0.,-5.551115123126E-17));
#18187 = VECTOR('',#18188,1.);
#18188 = DIRECTION('',(-0.,1.,0.));
#18189 = ORIENTED_EDGE('',*,*,#18190,.F.);
#18190 = EDGE_CURVE('',#17733,#18183,#18191,.T.);
#18191 = LINE('',#18192,#18193);
#18192 = CARTESIAN_POINT('',(0.,12.2,-5.551115123126E-17));
#18193 = VECTOR('',#18194,1.);
#18194 = DIRECTION('',(1.,0.,-0.));
#18195 = PLANE('',#18196);
#18196 = AXIS2_PLACEMENT_3D('',#18197,#18198,#18199);
#18197 = CARTESIAN_POINT('',(0.,0.,0.));
#18198 = DIRECTION('',(0.,0.,1.));
#18199 = DIRECTION('',(1.,0.,-0.));
#18200 = ADVANCED_FACE('',(#18201),#18212,.T.);
#18201 = FACE_BOUND('',#18202,.F.);
#18202 = EDGE_LOOP('',(#18203,#18204,#18211));
#18203 = ORIENTED_EDGE('',*,*,#17740,.F.);
#18204 = ORIENTED_EDGE('',*,*,#18205,.T.);
#18205 = EDGE_CURVE('',#17733,#17849,#18206,.T.);
#18206 = CIRCLE('',#18207,0.3);
#18207 = AXIS2_PLACEMENT_3D('',#18208,#18209,#18210);
#18208 = CARTESIAN_POINT('',(0.3,12.2,0.3));
#18209 = DIRECTION('',(1.,6.123233995737E-17,-0.));
#18210 = DIRECTION('',(-6.123233995737E-17,1.,0.));
#18211 = ORIENTED_EDGE('',*,*,#17848,.F.);
#18212 = SPHERICAL_SURFACE('',#18213,0.3);
#18213 = AXIS2_PLACEMENT_3D('',#18214,#18215,#18216);
#18214 = CARTESIAN_POINT('',(0.3,12.2,0.3));
#18215 = DIRECTION('',(0.,0.,1.));
#18216 = DIRECTION('',(-1.,0.,0.));
#18217 = ADVANCED_FACE('',(#18218),#18237,.T.);
#18218 = FACE_BOUND('',#18219,.F.);
#18219 = EDGE_LOOP('',(#18220,#18228,#18235,#18236));
#18220 = ORIENTED_EDGE('',*,*,#18221,.F.);
#18221 = EDGE_CURVE('',#18222,#17815,#18224,.T.);
#18222 = VERTEX_POINT('',#18223);
#18223 = CARTESIAN_POINT('',(5.,0.3,0.3));
#18224 = LINE('',#18225,#18226);
#18225 = CARTESIAN_POINT('',(5.,0.3,0.));
#18226 = VECTOR('',#18227,1.);
#18227 = DIRECTION('',(0.,0.,1.));
#18228 = ORIENTED_EDGE('',*,*,#18229,.T.);
#18229 = EDGE_CURVE('',#18222,#18056,#18230,.T.);
#18230 = CIRCLE('',#18231,0.3);
#18231 = AXIS2_PLACEMENT_3D('',#18232,#18233,#18234);
#18232 = CARTESIAN_POINT('',(4.7,0.3,0.3));
#18233 = DIRECTION('',(0.,-0.,-1.));
#18234 = DIRECTION('',(1.,0.,-0.));
#18235 = ORIENTED_EDGE('',*,*,#18065,.T.);
#18236 = ORIENTED_EDGE('',*,*,#17822,.F.);
#18237 = CYLINDRICAL_SURFACE('',#18238,0.3);
#18238 = AXIS2_PLACEMENT_3D('',#18239,#18240,#18241);
#18239 = CARTESIAN_POINT('',(4.7,0.3,0.));
#18240 = DIRECTION('',(0.,0.,1.));
#18241 = DIRECTION('',(1.,0.,-0.));
#18242 = ADVANCED_FACE('',(#18243),#18269,.T.);
#18243 = FACE_BOUND('',#18244,.T.);
#18244 = EDGE_LOOP('',(#18245,#18246,#18254,#18262,#18268));
#18245 = ORIENTED_EDGE('',*,*,#18221,.F.);
#18246 = ORIENTED_EDGE('',*,*,#18247,.T.);
#18247 = EDGE_CURVE('',#18222,#18248,#18250,.T.);
#18248 = VERTEX_POINT('',#18249);
#18249 = CARTESIAN_POINT('',(5.,12.2,0.3));
#18250 = LINE('',#18251,#18252);
#18251 = CARTESIAN_POINT('',(5.,0.,0.3));
#18252 = VECTOR('',#18253,1.);
#18253 = DIRECTION('',(-0.,1.,0.));
#18254 = ORIENTED_EDGE('',*,*,#18255,.T.);
#18255 = EDGE_CURVE('',#18248,#18256,#18258,.T.);
#18256 = VERTEX_POINT('',#18257);
#18257 = CARTESIAN_POINT('',(5.,12.2,10.3));
#18258 = LINE('',#18259,#18260);
#18259 = CARTESIAN_POINT('',(5.,12.2,0.));
#18260 = VECTOR('',#18261,1.);
#18261 = DIRECTION('',(0.,0.,1.));
#18262 = ORIENTED_EDGE('',*,*,#18263,.F.);
#18263 = EDGE_CURVE('',#17806,#18256,#18264,.T.);
#18264 = LINE('',#18265,#18266);
#18265 = CARTESIAN_POINT('',(5.,0.,10.3));
#18266 = VECTOR('',#18267,1.);
#18267 = DIRECTION('',(-0.,1.,0.));
#18268 = ORIENTED_EDGE('',*,*,#17814,.F.);
#18269 = PLANE('',#18270);
#18270 = AXIS2_PLACEMENT_3D('',#18271,#18272,#18273);
#18271 = CARTESIAN_POINT('',(5.,0.,0.));
#18272 = DIRECTION('',(1.,0.,-0.));
#18273 = DIRECTION('',(0.,0.,1.));
#18274 = ADVANCED_FACE('',(#18275),#18294,.T.);
#18275 = FACE_BOUND('',#18276,.F.);
#18276 = EDGE_LOOP('',(#18277,#18278,#18286,#18293));
#18277 = ORIENTED_EDGE('',*,*,#17805,.F.);
#18278 = ORIENTED_EDGE('',*,*,#18279,.T.);
#18279 = EDGE_CURVE('',#17798,#18280,#18282,.T.);
#18280 = VERTEX_POINT('',#18281);
#18281 = CARTESIAN_POINT('',(4.7,12.2,10.6));
#18282 = LINE('',#18283,#18284);
#18283 = CARTESIAN_POINT('',(4.7,0.,10.6));
#18284 = VECTOR('',#18285,1.);
#18285 = DIRECTION('',(-0.,1.,0.));
#18286 = ORIENTED_EDGE('',*,*,#18287,.F.);
#18287 = EDGE_CURVE('',#18256,#18280,#18288,.T.);
#18288 = CIRCLE('',#18289,0.3);
#18289 = AXIS2_PLACEMENT_3D('',#18290,#18291,#18292);
#18290 = CARTESIAN_POINT('',(4.7,12.2,10.3));
#18291 = DIRECTION('',(0.,-1.,-0.));
#18292 = DIRECTION('',(1.,0.,0.));
#18293 = ORIENTED_EDGE('',*,*,#18263,.F.);
#18294 = CYLINDRICAL_SURFACE('',#18295,0.3);
#18295 = AXIS2_PLACEMENT_3D('',#18296,#18297,#18298);
#18296 = CARTESIAN_POINT('',(4.7,0.,10.3));
#18297 = DIRECTION('',(-0.,1.,0.));
#18298 = DIRECTION('',(1.,0.,-0.));
#18299 = ADVANCED_FACE('',(#18300),#18334,.T.);
#18300 = FACE_BOUND('',#18301,.T.);
#18301 = EDGE_LOOP('',(#18302,#18303,#18304,#18312,#18320,#18326,#18327,
    #18328));
#18302 = ORIENTED_EDGE('',*,*,#17881,.F.);
#18303 = ORIENTED_EDGE('',*,*,#17765,.T.);
#18304 = ORIENTED_EDGE('',*,*,#18305,.F.);
#18305 = EDGE_CURVE('',#18306,#17766,#18308,.T.);
#18306 = VERTEX_POINT('',#18307);
#18307 = CARTESIAN_POINT('',(0.55,9.7,10.6));
#18308 = LINE('',#18309,#18310);
#18309 = CARTESIAN_POINT('',(0.55,2.442585746037,10.6));
#18310 = VECTOR('',#18311,1.);
#18311 = DIRECTION('',(0.,-1.,0.));
#18312 = ORIENTED_EDGE('',*,*,#18313,.F.);
#18313 = EDGE_CURVE('',#18314,#18306,#18316,.T.);
#18314 = VERTEX_POINT('',#18315);
#18315 = CARTESIAN_POINT('',(4.45,9.7,10.6));
#18316 = LINE('',#18317,#18318);
#18317 = CARTESIAN_POINT('',(0.275,9.7,10.6));
#18318 = VECTOR('',#18319,1.);
#18319 = DIRECTION('',(-1.,-0.,0.));
#18320 = ORIENTED_EDGE('',*,*,#18321,.T.);
#18321 = EDGE_CURVE('',#18314,#17790,#18322,.T.);
#18322 = LINE('',#18323,#18324);
#18323 = CARTESIAN_POINT('',(4.45,2.442585746037,10.6));
#18324 = VECTOR('',#18325,1.);
#18325 = DIRECTION('',(0.,-1.,0.));
#18326 = ORIENTED_EDGE('',*,*,#17797,.T.);
#18327 = ORIENTED_EDGE('',*,*,#18279,.T.);
#18328 = ORIENTED_EDGE('',*,*,#18329,.F.);
#18329 = EDGE_CURVE('',#17882,#18280,#18330,.T.);
#18330 = LINE('',#18331,#18332);
#18331 = CARTESIAN_POINT('',(0.,12.2,10.6));
#18332 = VECTOR('',#18333,1.);
#18333 = DIRECTION('',(1.,0.,-0.));
#18334 = PLANE('',#18335);
#18335 = AXIS2_PLACEMENT_3D('',#18336,#18337,#18338);
#18336 = CARTESIAN_POINT('',(0.,0.,10.6));
#18337 = DIRECTION('',(0.,0.,1.));
#18338 = DIRECTION('',(1.,0.,-0.));
#18339 = ADVANCED_FACE('',(#18340),#18366,.T.);
#18340 = FACE_BOUND('',#18341,.T.);
#18341 = EDGE_LOOP('',(#18342,#18343,#18351,#18359,#18365));
#18342 = ORIENTED_EDGE('',*,*,#18321,.F.);
#18343 = ORIENTED_EDGE('',*,*,#18344,.T.);
#18344 = EDGE_CURVE('',#18314,#18345,#18347,.T.);
#18345 = VERTEX_POINT('',#18346);
#18346 = CARTESIAN_POINT('',(4.45,9.7,8.45));
#18347 = LINE('',#18348,#18349);
#18348 = CARTESIAN_POINT('',(4.45,9.7,10.8));
#18349 = VECTOR('',#18350,1.);
#18350 = DIRECTION('',(0.,0.,-1.));
#18351 = ORIENTED_EDGE('',*,*,#18352,.T.);
#18352 = EDGE_CURVE('',#18345,#18353,#18355,.T.);
#18353 = VERTEX_POINT('',#18354);
#18354 = CARTESIAN_POINT('',(4.45,1.4,8.45));
#18355 = LINE('',#18356,#18357);
#18356 = CARTESIAN_POINT('',(4.45,9.7,8.45));
#18357 = VECTOR('',#18358,1.);
#18358 = DIRECTION('',(0.,-1.,0.));
#18359 = ORIENTED_EDGE('',*,*,#18360,.T.);
#18360 = EDGE_CURVE('',#18353,#17782,#18361,.T.);
#18361 = LINE('',#18362,#18363);
#18362 = CARTESIAN_POINT('',(4.45,1.4,8.45));
#18363 = VECTOR('',#18364,1.);
#18364 = DIRECTION('',(0.,-0.677475754752,0.735545105159));
#18365 = ORIENTED_EDGE('',*,*,#17789,.F.);
#18366 = PLANE('',#18367);
#18367 = AXIS2_PLACEMENT_3D('',#18368,#18369,#18370);
#18368 = CARTESIAN_POINT('',(4.45,4.885171492075,9.712433169613));
#18369 = DIRECTION('',(-1.,-0.,-0.));
#18370 = DIRECTION('',(0.,0.,-1.));
#18371 = ADVANCED_FACE('',(#18372),#18390,.F.);
#18372 = FACE_BOUND('',#18373,.F.);
#18373 = EDGE_LOOP('',(#18374,#18382,#18388,#18389));
#18374 = ORIENTED_EDGE('',*,*,#18375,.F.);
#18375 = EDGE_CURVE('',#18376,#17774,#18378,.T.);
#18376 = VERTEX_POINT('',#18377);
#18377 = CARTESIAN_POINT('',(0.55,1.4,8.45));
#18378 = LINE('',#18379,#18380);
#18379 = CARTESIAN_POINT('',(0.55,1.4,8.45));
#18380 = VECTOR('',#18381,1.);
#18381 = DIRECTION('',(0.,-0.677475754752,0.735545105159));
#18382 = ORIENTED_EDGE('',*,*,#18383,.T.);
#18383 = EDGE_CURVE('',#18376,#18353,#18384,.T.);
#18384 = LINE('',#18385,#18386);
#18385 = CARTESIAN_POINT('',(0.55,1.4,8.45));
#18386 = VECTOR('',#18387,1.);
#18387 = DIRECTION('',(1.,0.,0.));
#18388 = ORIENTED_EDGE('',*,*,#18360,.T.);
#18389 = ORIENTED_EDGE('',*,*,#17781,.F.);
#18390 = PLANE('',#18391);
#18391 = AXIS2_PLACEMENT_3D('',#18392,#18393,#18394);
#18392 = CARTESIAN_POINT('',(0.55,1.4,8.45));
#18393 = DIRECTION('',(0.,-0.735545105159,-0.677475754752));
#18394 = DIRECTION('',(0.,-0.677475754752,0.735545105159));
#18395 = ADVANCED_FACE('',(#18396),#18415,.F.);
#18396 = FACE_BOUND('',#18397,.F.);
#18397 = EDGE_LOOP('',(#18398,#18399,#18407,#18413,#18414));
#18398 = ORIENTED_EDGE('',*,*,#18305,.F.);
#18399 = ORIENTED_EDGE('',*,*,#18400,.T.);
#18400 = EDGE_CURVE('',#18306,#18401,#18403,.T.);
#18401 = VERTEX_POINT('',#18402);
#18402 = CARTESIAN_POINT('',(0.55,9.7,8.45));
#18403 = LINE('',#18404,#18405);
#18404 = CARTESIAN_POINT('',(0.55,9.7,10.8));
#18405 = VECTOR('',#18406,1.);
#18406 = DIRECTION('',(0.,0.,-1.));
#18407 = ORIENTED_EDGE('',*,*,#18408,.T.);
#18408 = EDGE_CURVE('',#18401,#18376,#18409,.T.);
#18409 = LINE('',#18410,#18411);
#18410 = CARTESIAN_POINT('',(0.55,9.7,8.45));
#18411 = VECTOR('',#18412,1.);
#18412 = DIRECTION('',(0.,-1.,0.));
#18413 = ORIENTED_EDGE('',*,*,#18375,.T.);
#18414 = ORIENTED_EDGE('',*,*,#17773,.F.);
#18415 = PLANE('',#18416);
#18416 = AXIS2_PLACEMENT_3D('',#18417,#18418,#18419);
#18417 = CARTESIAN_POINT('',(0.55,4.885171492075,9.712433169613));
#18418 = DIRECTION('',(-1.,-0.,-0.));
#18419 = DIRECTION('',(0.,0.,-1.));
#18420 = ADVANCED_FACE('',(#18421),#18432,.T.);
#18421 = FACE_BOUND('',#18422,.F.);
#18422 = EDGE_LOOP('',(#18423,#18424,#18431));
#18423 = ORIENTED_EDGE('',*,*,#17865,.F.);
#18424 = ORIENTED_EDGE('',*,*,#18425,.T.);
#18425 = EDGE_CURVE('',#17858,#17882,#18426,.T.);
#18426 = CIRCLE('',#18427,0.3);
#18427 = AXIS2_PLACEMENT_3D('',#18428,#18429,#18430);
#18428 = CARTESIAN_POINT('',(0.3,12.2,10.3));
#18429 = DIRECTION('',(1.,0.,6.123233995737E-17));
#18430 = DIRECTION('',(-6.123233995737E-17,-0.,1.));
#18431 = ORIENTED_EDGE('',*,*,#17889,.F.);
#18432 = SPHERICAL_SURFACE('',#18433,0.3);
#18433 = AXIS2_PLACEMENT_3D('',#18434,#18435,#18436);
#18434 = CARTESIAN_POINT('',(0.3,12.2,10.3));
#18435 = DIRECTION('',(0.,-1.,-0.));
#18436 = DIRECTION('',(-1.,-0.,0.));
#18437 = ADVANCED_FACE('',(#18438),#18463,.T.);
#18438 = FACE_BOUND('',#18439,.T.);
#18439 = EDGE_LOOP('',(#18440,#18441,#18449,#18457));
#18440 = ORIENTED_EDGE('',*,*,#17857,.T.);
#18441 = ORIENTED_EDGE('',*,*,#18442,.T.);
#18442 = EDGE_CURVE('',#17858,#18443,#18445,.T.);
#18443 = VERTEX_POINT('',#18444);
#18444 = CARTESIAN_POINT('',(4.7,12.5,10.3));
#18445 = LINE('',#18446,#18447);
#18446 = CARTESIAN_POINT('',(0.,12.5,10.3));
#18447 = VECTOR('',#18448,1.);
#18448 = DIRECTION('',(1.,0.,-0.));
#18449 = ORIENTED_EDGE('',*,*,#18450,.F.);
#18450 = EDGE_CURVE('',#18451,#18443,#18453,.T.);
#18451 = VERTEX_POINT('',#18452);
#18452 = CARTESIAN_POINT('',(4.7,12.5,0.3));
#18453 = LINE('',#18454,#18455);
#18454 = CARTESIAN_POINT('',(4.7,12.5,0.));
#18455 = VECTOR('',#18456,1.);
#18456 = DIRECTION('',(0.,0.,1.));
#18457 = ORIENTED_EDGE('',*,*,#18458,.F.);
#18458 = EDGE_CURVE('',#17849,#18451,#18459,.T.);
#18459 = LINE('',#18460,#18461);
#18460 = CARTESIAN_POINT('',(0.,12.5,0.3));
#18461 = VECTOR('',#18462,1.);
#18462 = DIRECTION('',(1.,0.,-0.));
#18463 = PLANE('',#18464);
#18464 = AXIS2_PLACEMENT_3D('',#18465,#18466,#18467);
#18465 = CARTESIAN_POINT('',(0.,12.5,0.));
#18466 = DIRECTION('',(-0.,1.,0.));
#18467 = DIRECTION('',(0.,0.,1.));
#18468 = ADVANCED_FACE('',(#18469),#18472,.F.);
#18469 = FACE_BOUND('',#18470,.F.);
#18470 = EDGE_LOOP('',(#18471));
#18471 = ORIENTED_EDGE('',*,*,#17913,.T.);
#18472 = PLANE('',#18473);
#18473 = AXIS2_PLACEMENT_3D('',#18474,#18475,#18476);
#18474 = CARTESIAN_POINT('',(0.27,10.65,3.1));
#18475 = DIRECTION('',(1.,0.,0.));
#18476 = DIRECTION('',(-0.,0.,1.));
#18477 = ADVANCED_FACE('',(#18478),#18481,.F.);
#18478 = FACE_BOUND('',#18479,.F.);
#18479 = EDGE_LOOP('',(#18480));
#18480 = ORIENTED_EDGE('',*,*,#17938,.T.);
#18481 = PLANE('',#18482);
#18482 = AXIS2_PLACEMENT_3D('',#18483,#18484,#18485);
#18483 = CARTESIAN_POINT('',(0.27,6.25,1.45));
#18484 = DIRECTION('',(1.,0.,0.));
#18485 = DIRECTION('',(-0.,0.,1.));
#18486 = ADVANCED_FACE('',(#18487),#18490,.F.);
#18487 = FACE_BOUND('',#18488,.F.);
#18488 = EDGE_LOOP('',(#18489));
#18489 = ORIENTED_EDGE('',*,*,#17963,.T.);
#18490 = PLANE('',#18491);
#18491 = AXIS2_PLACEMENT_3D('',#18492,#18493,#18494);
#18492 = CARTESIAN_POINT('',(0.27,10.65,8.15));
#18493 = DIRECTION('',(1.,0.,0.));
#18494 = DIRECTION('',(-0.,0.,1.));
#18495 = ADVANCED_FACE('',(#18496),#18499,.F.);
#18496 = FACE_BOUND('',#18497,.F.);
#18497 = EDGE_LOOP('',(#18498));
#18498 = ORIENTED_EDGE('',*,*,#17988,.T.);
#18499 = PLANE('',#18500);
#18500 = AXIS2_PLACEMENT_3D('',#18501,#18502,#18503);
#18501 = CARTESIAN_POINT('',(0.27,1.65,1.45));
#18502 = DIRECTION('',(1.,0.,0.));
#18503 = DIRECTION('',(-0.,0.,1.));
#18504 = ADVANCED_FACE('',(#18505),#18508,.F.);
#18505 = FACE_BOUND('',#18506,.F.);
#18506 = EDGE_LOOP('',(#18507));
#18507 = ORIENTED_EDGE('',*,*,#18013,.T.);
#18508 = PLANE('',#18509);
#18509 = AXIS2_PLACEMENT_3D('',#18510,#18511,#18512);
#18510 = CARTESIAN_POINT('',(0.27,4.65,7.2));
#18511 = DIRECTION('',(1.,0.,0.));
#18512 = DIRECTION('',(-0.,0.,1.));
#18513 = ADVANCED_FACE('',(#18514),#18517,.F.);
#18514 = FACE_BOUND('',#18515,.F.);
#18515 = EDGE_LOOP('',(#18516));
#18516 = ORIENTED_EDGE('',*,*,#18038,.T.);
#18517 = PLANE('',#18518);
#18518 = AXIS2_PLACEMENT_3D('',#18519,#18520,#18521);
#18519 = CARTESIAN_POINT('',(0.27,1.65,8.15));
#18520 = DIRECTION('',(1.,0.,0.));
#18521 = DIRECTION('',(-0.,0.,1.));
#18522 = ADVANCED_FACE('',(#18523),#18535,.T.);
#18523 = FACE_BOUND('',#18524,.T.);
#18524 = EDGE_LOOP('',(#18525,#18526,#18527,#18534));
#18525 = ORIENTED_EDGE('',*,*,#18157,.F.);
#18526 = ORIENTED_EDGE('',*,*,#18174,.T.);
#18527 = ORIENTED_EDGE('',*,*,#18528,.T.);
#18528 = EDGE_CURVE('',#18175,#18056,#18529,.T.);
#18529 = CIRCLE('',#18530,0.3);
#18530 = AXIS2_PLACEMENT_3D('',#18531,#18532,#18533);
#18531 = CARTESIAN_POINT('',(4.7,0.3,0.3));
#18532 = DIRECTION('',(-1.,-6.123233995737E-17,0.));
#18533 = DIRECTION('',(6.123233995737E-17,-1.,-0.));
#18534 = ORIENTED_EDGE('',*,*,#18055,.F.);
#18535 = CYLINDRICAL_SURFACE('',#18536,0.3);
#18536 = AXIS2_PLACEMENT_3D('',#18537,#18538,#18539);
#18537 = CARTESIAN_POINT('',(0.,0.3,0.3));
#18538 = DIRECTION('',(1.,0.,-0.));
#18539 = DIRECTION('',(0.,-1.,0.));
#18540 = ADVANCED_FACE('',(#18541),#18566,.F.);
#18541 = FACE_BOUND('',#18542,.F.);
#18542 = EDGE_LOOP('',(#18543,#18544,#18552,#18560));
#18543 = ORIENTED_EDGE('',*,*,#18073,.T.);
#18544 = ORIENTED_EDGE('',*,*,#18545,.T.);
#18545 = EDGE_CURVE('',#18076,#18546,#18548,.T.);
#18546 = VERTEX_POINT('',#18547);
#18547 = CARTESIAN_POINT('',(4.23,0.4,2.25));
#18548 = LINE('',#18549,#18550);
#18549 = CARTESIAN_POINT('',(4.23,-5.E-02,2.25));
#18550 = VECTOR('',#18551,1.);
#18551 = DIRECTION('',(-0.,1.,0.));
#18552 = ORIENTED_EDGE('',*,*,#18553,.T.);
#18553 = EDGE_CURVE('',#18546,#18554,#18556,.T.);
#18554 = VERTEX_POINT('',#18555);
#18555 = CARTESIAN_POINT('',(4.23,0.4,5.65));
#18556 = LINE('',#18557,#18558);
#18557 = CARTESIAN_POINT('',(4.23,0.4,2.25));
#18558 = VECTOR('',#18559,1.);
#18559 = DIRECTION('',(0.,0.,1.));
#18560 = ORIENTED_EDGE('',*,*,#18561,.F.);
#18561 = EDGE_CURVE('',#18074,#18554,#18562,.T.);
#18562 = LINE('',#18563,#18564);
#18563 = CARTESIAN_POINT('',(4.23,-5.E-02,5.65));
#18564 = VECTOR('',#18565,1.);
#18565 = DIRECTION('',(-0.,1.,0.));
#18566 = PLANE('',#18567);
#18567 = AXIS2_PLACEMENT_3D('',#18568,#18569,#18570);
#18568 = CARTESIAN_POINT('',(4.23,-5.E-02,2.25));
#18569 = DIRECTION('',(1.,0.,-0.));
#18570 = DIRECTION('',(0.,0.,1.));
#18571 = ADVANCED_FACE('',(#18572),#18591,.F.);
#18572 = FACE_BOUND('',#18573,.F.);
#18573 = EDGE_LOOP('',(#18574,#18583,#18584,#18585));
#18574 = ORIENTED_EDGE('',*,*,#18575,.F.);
#18575 = EDGE_CURVE('',#18546,#18576,#18578,.T.);
#18576 = VERTEX_POINT('',#18577);
#18577 = CARTESIAN_POINT('',(0.77,0.4,2.25));
#18578 = CIRCLE('',#18579,1.73);
#18579 = AXIS2_PLACEMENT_3D('',#18580,#18581,#18582);
#18580 = CARTESIAN_POINT('',(2.5,0.4,2.25));
#18581 = DIRECTION('',(0.,1.,0.));
#18582 = DIRECTION('',(0.,-0.,1.));
#18583 = ORIENTED_EDGE('',*,*,#18545,.F.);
#18584 = ORIENTED_EDGE('',*,*,#18141,.T.);
#18585 = ORIENTED_EDGE('',*,*,#18586,.T.);
#18586 = EDGE_CURVE('',#18134,#18576,#18587,.T.);
#18587 = LINE('',#18588,#18589);
#18588 = CARTESIAN_POINT('',(0.77,-5.E-02,2.25));
#18589 = VECTOR('',#18590,1.);
#18590 = DIRECTION('',(-0.,1.,0.));
#18591 = CYLINDRICAL_SURFACE('',#18592,1.73);
#18592 = AXIS2_PLACEMENT_3D('',#18593,#18594,#18595);
#18593 = CARTESIAN_POINT('',(2.5,-5.E-02,2.25));
#18594 = DIRECTION('',(0.,1.,0.));
#18595 = DIRECTION('',(0.,-0.,1.));
#18596 = ADVANCED_FACE('',(#18597),#18622,.F.);
#18597 = FACE_BOUND('',#18598,.F.);
#18598 = EDGE_LOOP('',(#18599,#18600,#18608,#18616));
#18599 = ORIENTED_EDGE('',*,*,#18091,.T.);
#18600 = ORIENTED_EDGE('',*,*,#18601,.T.);
#18601 = EDGE_CURVE('',#18084,#18602,#18604,.T.);
#18602 = VERTEX_POINT('',#18603);
#18603 = CARTESIAN_POINT('',(3.63,0.4,5.65));
#18604 = LINE('',#18605,#18606);
#18605 = CARTESIAN_POINT('',(3.63,-5.E-02,5.65));
#18606 = VECTOR('',#18607,1.);
#18607 = DIRECTION('',(-0.,1.,0.));
#18608 = ORIENTED_EDGE('',*,*,#18609,.T.);
#18609 = EDGE_CURVE('',#18602,#18610,#18612,.T.);
#18610 = VERTEX_POINT('',#18611);
#18611 = CARTESIAN_POINT('',(3.63,0.4,7.4));
#18612 = LINE('',#18613,#18614);
#18613 = CARTESIAN_POINT('',(3.63,0.4,5.65));
#18614 = VECTOR('',#18615,1.);
#18615 = DIRECTION('',(0.,0.,1.));
#18616 = ORIENTED_EDGE('',*,*,#18617,.F.);
#18617 = EDGE_CURVE('',#18092,#18610,#18618,.T.);
#18618 = LINE('',#18619,#18620);
#18619 = CARTESIAN_POINT('',(3.63,-5.E-02,7.4));
#18620 = VECTOR('',#18621,1.);
#18621 = DIRECTION('',(-0.,1.,0.));
#18622 = PLANE('',#18623);
#18623 = AXIS2_PLACEMENT_3D('',#18624,#18625,#18626);
#18624 = CARTESIAN_POINT('',(3.63,-5.E-02,5.65));
#18625 = DIRECTION('',(1.,0.,-0.));
#18626 = DIRECTION('',(0.,0.,1.));
#18627 = ADVANCED_FACE('',(#18628),#18646,.T.);
#18628 = FACE_BOUND('',#18629,.T.);
#18629 = EDGE_LOOP('',(#18630,#18631,#18632,#18640));
#18630 = ORIENTED_EDGE('',*,*,#18133,.T.);
#18631 = ORIENTED_EDGE('',*,*,#18586,.T.);
#18632 = ORIENTED_EDGE('',*,*,#18633,.T.);
#18633 = EDGE_CURVE('',#18576,#18634,#18636,.T.);
#18634 = VERTEX_POINT('',#18635);
#18635 = CARTESIAN_POINT('',(0.77,0.4,5.65));
#18636 = LINE('',#18637,#18638);
#18637 = CARTESIAN_POINT('',(0.77,0.4,2.25));
#18638 = VECTOR('',#18639,1.);
#18639 = DIRECTION('',(0.,0.,1.));
#18640 = ORIENTED_EDGE('',*,*,#18641,.F.);
#18641 = EDGE_CURVE('',#18126,#18634,#18642,.T.);
#18642 = LINE('',#18643,#18644);
#18643 = CARTESIAN_POINT('',(0.77,-5.E-02,5.65));
#18644 = VECTOR('',#18645,1.);
#18645 = DIRECTION('',(-0.,1.,0.));
#18646 = PLANE('',#18647);
#18647 = AXIS2_PLACEMENT_3D('',#18648,#18649,#18650);
#18648 = CARTESIAN_POINT('',(0.77,-5.E-02,2.25));
#18649 = DIRECTION('',(1.,0.,-0.));
#18650 = DIRECTION('',(0.,0.,1.));
#18651 = ADVANCED_FACE('',(#18652),#18677,.T.);
#18652 = FACE_BOUND('',#18653,.T.);
#18653 = EDGE_LOOP('',(#18654,#18655,#18663,#18671));
#18654 = ORIENTED_EDGE('',*,*,#18117,.T.);
#18655 = ORIENTED_EDGE('',*,*,#18656,.T.);
#18656 = EDGE_CURVE('',#18118,#18657,#18659,.T.);
#18657 = VERTEX_POINT('',#18658);
#18658 = CARTESIAN_POINT('',(1.37,0.4,5.65));
#18659 = LINE('',#18660,#18661);
#18660 = CARTESIAN_POINT('',(1.37,-5.E-02,5.65));
#18661 = VECTOR('',#18662,1.);
#18662 = DIRECTION('',(-0.,1.,0.));
#18663 = ORIENTED_EDGE('',*,*,#18664,.T.);
#18664 = EDGE_CURVE('',#18657,#18665,#18667,.T.);
#18665 = VERTEX_POINT('',#18666);
#18666 = CARTESIAN_POINT('',(1.37,0.4,7.4));
#18667 = LINE('',#18668,#18669);
#18668 = CARTESIAN_POINT('',(1.37,0.4,5.65));
#18669 = VECTOR('',#18670,1.);
#18670 = DIRECTION('',(0.,0.,1.));
#18671 = ORIENTED_EDGE('',*,*,#18672,.F.);
#18672 = EDGE_CURVE('',#18109,#18665,#18673,.T.);
#18673 = LINE('',#18674,#18675);
#18674 = CARTESIAN_POINT('',(1.37,-5.E-02,7.4));
#18675 = VECTOR('',#18676,1.);
#18676 = DIRECTION('',(-0.,1.,0.));
#18677 = PLANE('',#18678);
#18678 = AXIS2_PLACEMENT_3D('',#18679,#18680,#18681);
#18679 = CARTESIAN_POINT('',(1.37,-5.E-02,5.65));
#18680 = DIRECTION('',(1.,0.,-0.));
#18681 = DIRECTION('',(0.,0.,1.));
#18682 = ADVANCED_FACE('',(#18683),#18695,.T.);
#18683 = FACE_BOUND('',#18684,.F.);
#18684 = EDGE_LOOP('',(#18685,#18686,#18687,#18694));
#18685 = ORIENTED_EDGE('',*,*,#18205,.F.);
#18686 = ORIENTED_EDGE('',*,*,#18190,.T.);
#18687 = ORIENTED_EDGE('',*,*,#18688,.T.);
#18688 = EDGE_CURVE('',#18183,#18451,#18689,.T.);
#18689 = CIRCLE('',#18690,0.3);
#18690 = AXIS2_PLACEMENT_3D('',#18691,#18692,#18693);
#18691 = CARTESIAN_POINT('',(4.7,12.2,0.3));
#18692 = DIRECTION('',(1.,-6.123233995737E-17,0.));
#18693 = DIRECTION('',(6.123233995737E-17,1.,0.));
#18694 = ORIENTED_EDGE('',*,*,#18458,.F.);
#18695 = CYLINDRICAL_SURFACE('',#18696,0.3);
#18696 = AXIS2_PLACEMENT_3D('',#18697,#18698,#18699);
#18697 = CARTESIAN_POINT('',(0.,12.2,0.3));
#18698 = DIRECTION('',(1.,0.,-0.));
#18699 = DIRECTION('',(0.,1.,0.));
#18700 = ADVANCED_FACE('',(#18701),#18719,.T.);
#18701 = FACE_BOUND('',#18702,.T.);
#18702 = EDGE_LOOP('',(#18703,#18710,#18711,#18718));
#18703 = ORIENTED_EDGE('',*,*,#18704,.F.);
#18704 = EDGE_CURVE('',#18175,#18222,#18705,.T.);
#18705 = CIRCLE('',#18706,0.3);
#18706 = AXIS2_PLACEMENT_3D('',#18707,#18708,#18709);
#18707 = CARTESIAN_POINT('',(4.7,0.3,0.3));
#18708 = DIRECTION('',(0.,-1.,0.));
#18709 = DIRECTION('',(1.,0.,0.));
#18710 = ORIENTED_EDGE('',*,*,#18182,.T.);
#18711 = ORIENTED_EDGE('',*,*,#18712,.T.);
#18712 = EDGE_CURVE('',#18183,#18248,#18713,.T.);
#18713 = CIRCLE('',#18714,0.3);
#18714 = AXIS2_PLACEMENT_3D('',#18715,#18716,#18717);
#18715 = CARTESIAN_POINT('',(4.7,12.2,0.3));
#18716 = DIRECTION('',(0.,-1.,0.));
#18717 = DIRECTION('',(1.,0.,0.));
#18718 = ORIENTED_EDGE('',*,*,#18247,.F.);
#18719 = CYLINDRICAL_SURFACE('',#18720,0.3);
#18720 = AXIS2_PLACEMENT_3D('',#18721,#18722,#18723);
#18721 = CARTESIAN_POINT('',(4.7,0.,0.3));
#18722 = DIRECTION('',(-0.,1.,0.));
#18723 = DIRECTION('',(1.,0.,-0.));
#18724 = ADVANCED_FACE('',(#18725),#18730,.T.);
#18725 = FACE_BOUND('',#18726,.F.);
#18726 = EDGE_LOOP('',(#18727,#18728,#18729));
#18727 = ORIENTED_EDGE('',*,*,#18704,.F.);
#18728 = ORIENTED_EDGE('',*,*,#18528,.T.);
#18729 = ORIENTED_EDGE('',*,*,#18229,.F.);
#18730 = SPHERICAL_SURFACE('',#18731,0.3);
#18731 = AXIS2_PLACEMENT_3D('',#18732,#18733,#18734);
#18732 = CARTESIAN_POINT('',(4.7,0.3,0.3));
#18733 = DIRECTION('',(0.,0.,1.));
#18734 = DIRECTION('',(1.,0.,-0.));
#18735 = ADVANCED_FACE('',(#18736),#18754,.T.);
#18736 = FACE_BOUND('',#18737,.T.);
#18737 = EDGE_LOOP('',(#18738,#18739,#18746,#18747));
#18738 = ORIENTED_EDGE('',*,*,#18255,.F.);
#18739 = ORIENTED_EDGE('',*,*,#18740,.T.);
#18740 = EDGE_CURVE('',#18248,#18451,#18741,.T.);
#18741 = CIRCLE('',#18742,0.3);
#18742 = AXIS2_PLACEMENT_3D('',#18743,#18744,#18745);
#18743 = CARTESIAN_POINT('',(4.7,12.2,0.3));
#18744 = DIRECTION('',(0.,0.,1.));
#18745 = DIRECTION('',(1.,0.,-0.));
#18746 = ORIENTED_EDGE('',*,*,#18450,.T.);
#18747 = ORIENTED_EDGE('',*,*,#18748,.T.);
#18748 = EDGE_CURVE('',#18443,#18256,#18749,.T.);
#18749 = CIRCLE('',#18750,0.3);
#18750 = AXIS2_PLACEMENT_3D('',#18751,#18752,#18753);
#18751 = CARTESIAN_POINT('',(4.7,12.2,10.3));
#18752 = DIRECTION('',(0.,0.,-1.));
#18753 = DIRECTION('',(1.,0.,0.));
#18754 = CYLINDRICAL_SURFACE('',#18755,0.3);
#18755 = AXIS2_PLACEMENT_3D('',#18756,#18757,#18758);
#18756 = CARTESIAN_POINT('',(4.7,12.2,0.));
#18757 = DIRECTION('',(0.,0.,1.));
#18758 = DIRECTION('',(1.,0.,-0.));
#18759 = ADVANCED_FACE('',(#18760),#18771,.T.);
#18760 = FACE_BOUND('',#18761,.T.);
#18761 = EDGE_LOOP('',(#18762,#18763,#18770));
#18762 = ORIENTED_EDGE('',*,*,#18748,.F.);
#18763 = ORIENTED_EDGE('',*,*,#18764,.T.);
#18764 = EDGE_CURVE('',#18443,#18280,#18765,.T.);
#18765 = CIRCLE('',#18766,0.3);
#18766 = AXIS2_PLACEMENT_3D('',#18767,#18768,#18769);
#18767 = CARTESIAN_POINT('',(4.7,12.2,10.3));
#18768 = DIRECTION('',(1.,0.,-6.123233995737E-17));
#18769 = DIRECTION('',(6.123233995737E-17,0.,1.));
#18770 = ORIENTED_EDGE('',*,*,#18287,.F.);
#18771 = SPHERICAL_SURFACE('',#18772,0.3);
#18772 = AXIS2_PLACEMENT_3D('',#18773,#18774,#18775);
#18773 = CARTESIAN_POINT('',(4.7,12.2,10.3));
#18774 = DIRECTION('',(0.,-1.,-0.));
#18775 = DIRECTION('',(1.,0.,0.));
#18776 = ADVANCED_FACE('',(#18777),#18783,.T.);
#18777 = FACE_BOUND('',#18778,.T.);
#18778 = EDGE_LOOP('',(#18779,#18780,#18781,#18782));
#18779 = ORIENTED_EDGE('',*,*,#18425,.T.);
#18780 = ORIENTED_EDGE('',*,*,#18329,.T.);
#18781 = ORIENTED_EDGE('',*,*,#18764,.F.);
#18782 = ORIENTED_EDGE('',*,*,#18442,.F.);
#18783 = CYLINDRICAL_SURFACE('',#18784,0.3);
#18784 = AXIS2_PLACEMENT_3D('',#18785,#18786,#18787);
#18785 = CARTESIAN_POINT('',(0.,12.2,10.3));
#18786 = DIRECTION('',(1.,0.,-0.));
#18787 = DIRECTION('',(0.,1.,0.));
#18788 = ADVANCED_FACE('',(#18789),#18800,.F.);
#18789 = FACE_BOUND('',#18790,.F.);
#18790 = EDGE_LOOP('',(#18791,#18792,#18793,#18794));
#18791 = ORIENTED_EDGE('',*,*,#18400,.F.);
#18792 = ORIENTED_EDGE('',*,*,#18313,.F.);
#18793 = ORIENTED_EDGE('',*,*,#18344,.T.);
#18794 = ORIENTED_EDGE('',*,*,#18795,.F.);
#18795 = EDGE_CURVE('',#18401,#18345,#18796,.T.);
#18796 = LINE('',#18797,#18798);
#18797 = CARTESIAN_POINT('',(0.55,9.7,8.45));
#18798 = VECTOR('',#18799,1.);
#18799 = DIRECTION('',(1.,0.,0.));
#18800 = PLANE('',#18801);
#18801 = AXIS2_PLACEMENT_3D('',#18802,#18803,#18804);
#18802 = CARTESIAN_POINT('',(0.55,9.7,10.8));
#18803 = DIRECTION('',(-0.,1.,0.));
#18804 = DIRECTION('',(0.,0.,-1.));
#18805 = ADVANCED_FACE('',(#18806),#18812,.F.);
#18806 = FACE_BOUND('',#18807,.F.);
#18807 = EDGE_LOOP('',(#18808,#18809,#18810,#18811));
#18808 = ORIENTED_EDGE('',*,*,#18795,.T.);
#18809 = ORIENTED_EDGE('',*,*,#18352,.T.);
#18810 = ORIENTED_EDGE('',*,*,#18383,.F.);
#18811 = ORIENTED_EDGE('',*,*,#18408,.F.);
#18812 = PLANE('',#18813);
#18813 = AXIS2_PLACEMENT_3D('',#18814,#18815,#18816);
#18814 = CARTESIAN_POINT('',(0.55,9.7,8.45));
#18815 = DIRECTION('',(0.,0.,-1.));
#18816 = DIRECTION('',(0.,-1.,0.));
#18817 = ADVANCED_FACE('',(#18818),#18823,.T.);
#18818 = FACE_BOUND('',#18819,.T.);
#18819 = EDGE_LOOP('',(#18820,#18821,#18822));
#18820 = ORIENTED_EDGE('',*,*,#18712,.F.);
#18821 = ORIENTED_EDGE('',*,*,#18688,.T.);
#18822 = ORIENTED_EDGE('',*,*,#18740,.F.);
#18823 = SPHERICAL_SURFACE('',#18824,0.3);
#18824 = AXIS2_PLACEMENT_3D('',#18825,#18826,#18827);
#18825 = CARTESIAN_POINT('',(4.7,12.2,0.3));
#18826 = DIRECTION('',(0.,0.,1.));
#18827 = DIRECTION('',(1.,0.,-0.));
#18828 = ADVANCED_FACE('',(#18829),#18872,.T.);
#18829 = FACE_BOUND('',#18830,.T.);
#18830 = EDGE_LOOP('',(#18831,#18839,#18840,#18841,#18842,#18850,#18858,
    #18866));
#18831 = ORIENTED_EDGE('',*,*,#18832,.T.);
#18832 = EDGE_CURVE('',#18833,#18554,#18835,.T.);
#18833 = VERTEX_POINT('',#18834);
#18834 = CARTESIAN_POINT('',(4.05,0.4,5.65));
#18835 = LINE('',#18836,#18837);
#18836 = CARTESIAN_POINT('',(0.77,0.4,5.65));
#18837 = VECTOR('',#18838,1.);
#18838 = DIRECTION('',(1.,0.,-0.));
#18839 = ORIENTED_EDGE('',*,*,#18561,.F.);
#18840 = ORIENTED_EDGE('',*,*,#18083,.F.);
#18841 = ORIENTED_EDGE('',*,*,#18601,.T.);
#18842 = ORIENTED_EDGE('',*,*,#18843,.F.);
#18843 = EDGE_CURVE('',#18844,#18602,#18846,.T.);
#18844 = VERTEX_POINT('',#18845);
#18845 = CARTESIAN_POINT('',(3.45,0.4,5.65));
#18846 = LINE('',#18847,#18848);
#18847 = CARTESIAN_POINT('',(0.77,0.4,5.65));
#18848 = VECTOR('',#18849,1.);
#18849 = DIRECTION('',(1.,0.,-0.));
#18850 = ORIENTED_EDGE('',*,*,#18851,.T.);
#18851 = EDGE_CURVE('',#18844,#18852,#18854,.T.);
#18852 = VERTEX_POINT('',#18853);
#18853 = CARTESIAN_POINT('',(3.45,4.35,5.65));
#18854 = LINE('',#18855,#18856);
#18855 = CARTESIAN_POINT('',(3.45,0.4,5.65));
#18856 = VECTOR('',#18857,1.);
#18857 = DIRECTION('',(-0.,1.,0.));
#18858 = ORIENTED_EDGE('',*,*,#18859,.T.);
#18859 = EDGE_CURVE('',#18852,#18860,#18862,.T.);
#18860 = VERTEX_POINT('',#18861);
#18861 = CARTESIAN_POINT('',(4.05,4.35,5.65));
#18862 = LINE('',#18863,#18864);
#18863 = CARTESIAN_POINT('',(0.95,4.35,5.65));
#18864 = VECTOR('',#18865,1.);
#18865 = DIRECTION('',(1.,0.,-0.));
#18866 = ORIENTED_EDGE('',*,*,#18867,.F.);
#18867 = EDGE_CURVE('',#18833,#18860,#18868,.T.);
#18868 = LINE('',#18869,#18870);
#18869 = CARTESIAN_POINT('',(4.05,0.4,5.65));
#18870 = VECTOR('',#18871,1.);
#18871 = DIRECTION('',(-0.,1.,0.));
#18872 = PLANE('',#18873);
#18873 = AXIS2_PLACEMENT_3D('',#18874,#18875,#18876);
#18874 = CARTESIAN_POINT('',(3.777719298246,2.112719298246,5.65));
#18875 = DIRECTION('',(-0.,-0.,-1.));
#18876 = DIRECTION('',(-1.,0.,0.));
#18877 = ADVANCED_FACE('',(#18878),#18903,.F.);
#18878 = FACE_BOUND('',#18879,.F.);
#18879 = EDGE_LOOP('',(#18880,#18888,#18889,#18897));
#18880 = ORIENTED_EDGE('',*,*,#18881,.F.);
#18881 = EDGE_CURVE('',#18844,#18882,#18884,.T.);
#18882 = VERTEX_POINT('',#18883);
#18883 = CARTESIAN_POINT('',(3.45,0.4,7.4));
#18884 = LINE('',#18885,#18886);
#18885 = CARTESIAN_POINT('',(3.45,0.4,5.65));
#18886 = VECTOR('',#18887,1.);
#18887 = DIRECTION('',(0.,0.,1.));
#18888 = ORIENTED_EDGE('',*,*,#18851,.T.);
#18889 = ORIENTED_EDGE('',*,*,#18890,.T.);
#18890 = EDGE_CURVE('',#18852,#18891,#18893,.T.);
#18891 = VERTEX_POINT('',#18892);
#18892 = CARTESIAN_POINT('',(3.45,4.35,7.4));
#18893 = LINE('',#18894,#18895);
#18894 = CARTESIAN_POINT('',(3.45,4.35,5.65));
#18895 = VECTOR('',#18896,1.);
#18896 = DIRECTION('',(0.,0.,1.));
#18897 = ORIENTED_EDGE('',*,*,#18898,.F.);
#18898 = EDGE_CURVE('',#18882,#18891,#18899,.T.);
#18899 = LINE('',#18900,#18901);
#18900 = CARTESIAN_POINT('',(3.45,0.4,7.4));
#18901 = VECTOR('',#18902,1.);
#18902 = DIRECTION('',(-0.,1.,0.));
#18903 = PLANE('',#18904);
#18904 = AXIS2_PLACEMENT_3D('',#18905,#18906,#18907);
#18905 = CARTESIAN_POINT('',(3.45,0.4,5.65));
#18906 = DIRECTION('',(1.,0.,-0.));
#18907 = DIRECTION('',(0.,0.,1.));
#18908 = ADVANCED_FACE('',(#18909),#18934,.F.);
#18909 = FACE_BOUND('',#18910,.F.);
#18910 = EDGE_LOOP('',(#18911,#18919,#18927,#18933));
#18911 = ORIENTED_EDGE('',*,*,#18912,.F.);
#18912 = EDGE_CURVE('',#18913,#18833,#18915,.T.);
#18913 = VERTEX_POINT('',#18914);
#18914 = CARTESIAN_POINT('',(4.05,0.4,2.25));
#18915 = LINE('',#18916,#18917);
#18916 = CARTESIAN_POINT('',(4.05,0.4,2.25));
#18917 = VECTOR('',#18918,1.);
#18918 = DIRECTION('',(0.,0.,1.));
#18919 = ORIENTED_EDGE('',*,*,#18920,.T.);
#18920 = EDGE_CURVE('',#18913,#18921,#18923,.T.);
#18921 = VERTEX_POINT('',#18922);
#18922 = CARTESIAN_POINT('',(4.05,4.35,2.25));
#18923 = LINE('',#18924,#18925);
#18924 = CARTESIAN_POINT('',(4.05,0.4,2.25));
#18925 = VECTOR('',#18926,1.);
#18926 = DIRECTION('',(-0.,1.,0.));
#18927 = ORIENTED_EDGE('',*,*,#18928,.T.);
#18928 = EDGE_CURVE('',#18921,#18860,#18929,.T.);
#18929 = LINE('',#18930,#18931);
#18930 = CARTESIAN_POINT('',(4.05,4.35,2.25));
#18931 = VECTOR('',#18932,1.);
#18932 = DIRECTION('',(0.,0.,1.));
#18933 = ORIENTED_EDGE('',*,*,#18867,.F.);
#18934 = PLANE('',#18935);
#18935 = AXIS2_PLACEMENT_3D('',#18936,#18937,#18938);
#18936 = CARTESIAN_POINT('',(4.05,0.4,2.25));
#18937 = DIRECTION('',(1.,0.,-0.));
#18938 = DIRECTION('',(0.,0.,1.));
#18939 = ADVANCED_FACE('',(#18940),#18967,.F.);
#18940 = FACE_BOUND('',#18941,.F.);
#18941 = EDGE_LOOP('',(#18942,#18951,#18952,#18961));
#18942 = ORIENTED_EDGE('',*,*,#18943,.F.);
#18943 = EDGE_CURVE('',#18921,#18944,#18946,.T.);
#18944 = VERTEX_POINT('',#18945);
#18945 = CARTESIAN_POINT('',(0.95,4.35,2.25));
#18946 = CIRCLE('',#18947,1.55);
#18947 = AXIS2_PLACEMENT_3D('',#18948,#18949,#18950);
#18948 = CARTESIAN_POINT('',(2.5,4.35,2.25));
#18949 = DIRECTION('',(0.,1.,0.));
#18950 = DIRECTION('',(0.,-0.,1.));
#18951 = ORIENTED_EDGE('',*,*,#18920,.F.);
#18952 = ORIENTED_EDGE('',*,*,#18953,.T.);
#18953 = EDGE_CURVE('',#18913,#18954,#18956,.T.);
#18954 = VERTEX_POINT('',#18955);
#18955 = CARTESIAN_POINT('',(0.95,0.4,2.25));
#18956 = CIRCLE('',#18957,1.55);
#18957 = AXIS2_PLACEMENT_3D('',#18958,#18959,#18960);
#18958 = CARTESIAN_POINT('',(2.5,0.4,2.25));
#18959 = DIRECTION('',(0.,1.,0.));
#18960 = DIRECTION('',(0.,-0.,1.));
#18961 = ORIENTED_EDGE('',*,*,#18962,.T.);
#18962 = EDGE_CURVE('',#18954,#18944,#18963,.T.);
#18963 = LINE('',#18964,#18965);
#18964 = CARTESIAN_POINT('',(0.95,0.4,2.25));
#18965 = VECTOR('',#18966,1.);
#18966 = DIRECTION('',(-0.,1.,0.));
#18967 = CYLINDRICAL_SURFACE('',#18968,1.55);
#18968 = AXIS2_PLACEMENT_3D('',#18969,#18970,#18971);
#18969 = CARTESIAN_POINT('',(2.5,0.4,2.25));
#18970 = DIRECTION('',(0.,1.,0.));
#18971 = DIRECTION('',(0.,-0.,1.));
#18972 = ADVANCED_FACE('',(#18973),#18998,.T.);
#18973 = FACE_BOUND('',#18974,.T.);
#18974 = EDGE_LOOP('',(#18975,#18983,#18984,#18992));
#18975 = ORIENTED_EDGE('',*,*,#18976,.F.);
#18976 = EDGE_CURVE('',#18954,#18977,#18979,.T.);
#18977 = VERTEX_POINT('',#18978);
#18978 = CARTESIAN_POINT('',(0.95,0.4,5.65));
#18979 = LINE('',#18980,#18981);
#18980 = CARTESIAN_POINT('',(0.95,0.4,2.25));
#18981 = VECTOR('',#18982,1.);
#18982 = DIRECTION('',(0.,0.,1.));
#18983 = ORIENTED_EDGE('',*,*,#18962,.T.);
#18984 = ORIENTED_EDGE('',*,*,#18985,.T.);
#18985 = EDGE_CURVE('',#18944,#18986,#18988,.T.);
#18986 = VERTEX_POINT('',#18987);
#18987 = CARTESIAN_POINT('',(0.95,4.35,5.65));
#18988 = LINE('',#18989,#18990);
#18989 = CARTESIAN_POINT('',(0.95,4.35,2.25));
#18990 = VECTOR('',#18991,1.);
#18991 = DIRECTION('',(0.,0.,1.));
#18992 = ORIENTED_EDGE('',*,*,#18993,.F.);
#18993 = EDGE_CURVE('',#18977,#18986,#18994,.T.);
#18994 = LINE('',#18995,#18996);
#18995 = CARTESIAN_POINT('',(0.95,0.4,5.65));
#18996 = VECTOR('',#18997,1.);
#18997 = DIRECTION('',(-0.,1.,0.));
#18998 = PLANE('',#18999);
#18999 = AXIS2_PLACEMENT_3D('',#19000,#19001,#19002);
#19000 = CARTESIAN_POINT('',(0.95,0.4,2.25));
#19001 = DIRECTION('',(1.,0.,-0.));
#19002 = DIRECTION('',(0.,0.,1.));
#19003 = ADVANCED_FACE('',(#19004),#19038,.T.);
#19004 = FACE_BOUND('',#19005,.T.);
#19005 = EDGE_LOOP('',(#19006,#19012,#19013,#19021,#19029,#19035,#19036,
    #19037));
#19006 = ORIENTED_EDGE('',*,*,#19007,.T.);
#19007 = EDGE_CURVE('',#18634,#18977,#19008,.T.);
#19008 = LINE('',#19009,#19010);
#19009 = CARTESIAN_POINT('',(0.77,0.4,5.65));
#19010 = VECTOR('',#19011,1.);
#19011 = DIRECTION('',(1.,0.,-0.));
#19012 = ORIENTED_EDGE('',*,*,#18993,.T.);
#19013 = ORIENTED_EDGE('',*,*,#19014,.T.);
#19014 = EDGE_CURVE('',#18986,#19015,#19017,.T.);
#19015 = VERTEX_POINT('',#19016);
#19016 = CARTESIAN_POINT('',(1.55,4.35,5.65));
#19017 = LINE('',#19018,#19019);
#19018 = CARTESIAN_POINT('',(0.95,4.35,5.65));
#19019 = VECTOR('',#19020,1.);
#19020 = DIRECTION('',(1.,0.,-0.));
#19021 = ORIENTED_EDGE('',*,*,#19022,.F.);
#19022 = EDGE_CURVE('',#19023,#19015,#19025,.T.);
#19023 = VERTEX_POINT('',#19024);
#19024 = CARTESIAN_POINT('',(1.55,0.4,5.65));
#19025 = LINE('',#19026,#19027);
#19026 = CARTESIAN_POINT('',(1.55,0.4,5.65));
#19027 = VECTOR('',#19028,1.);
#19028 = DIRECTION('',(-0.,1.,0.));
#19029 = ORIENTED_EDGE('',*,*,#19030,.F.);
#19030 = EDGE_CURVE('',#18657,#19023,#19031,.T.);
#19031 = LINE('',#19032,#19033);
#19032 = CARTESIAN_POINT('',(0.77,0.4,5.65));
#19033 = VECTOR('',#19034,1.);
#19034 = DIRECTION('',(1.,0.,-0.));
#19035 = ORIENTED_EDGE('',*,*,#18656,.F.);
#19036 = ORIENTED_EDGE('',*,*,#18125,.F.);
#19037 = ORIENTED_EDGE('',*,*,#18641,.T.);
#19038 = PLANE('',#19039);
#19039 = AXIS2_PLACEMENT_3D('',#19040,#19041,#19042);
#19040 = CARTESIAN_POINT('',(1.222280701754,2.112719298246,5.65));
#19041 = DIRECTION('',(-0.,-0.,-1.));
#19042 = DIRECTION('',(-1.,0.,0.));
#19043 = ADVANCED_FACE('',(#19044),#19069,.T.);
#19044 = FACE_BOUND('',#19045,.T.);
#19045 = EDGE_LOOP('',(#19046,#19054,#19055,#19063));
#19046 = ORIENTED_EDGE('',*,*,#19047,.F.);
#19047 = EDGE_CURVE('',#19023,#19048,#19050,.T.);
#19048 = VERTEX_POINT('',#19049);
#19049 = CARTESIAN_POINT('',(1.55,0.4,7.4));
#19050 = LINE('',#19051,#19052);
#19051 = CARTESIAN_POINT('',(1.55,0.4,5.65));
#19052 = VECTOR('',#19053,1.);
#19053 = DIRECTION('',(0.,0.,1.));
#19054 = ORIENTED_EDGE('',*,*,#19022,.T.);
#19055 = ORIENTED_EDGE('',*,*,#19056,.T.);
#19056 = EDGE_CURVE('',#19015,#19057,#19059,.T.);
#19057 = VERTEX_POINT('',#19058);
#19058 = CARTESIAN_POINT('',(1.55,4.35,7.4));
#19059 = LINE('',#19060,#19061);
#19060 = CARTESIAN_POINT('',(1.55,4.35,5.65));
#19061 = VECTOR('',#19062,1.);
#19062 = DIRECTION('',(0.,0.,1.));
#19063 = ORIENTED_EDGE('',*,*,#19064,.F.);
#19064 = EDGE_CURVE('',#19048,#19057,#19065,.T.);
#19065 = LINE('',#19066,#19067);
#19066 = CARTESIAN_POINT('',(1.55,0.4,7.4));
#19067 = VECTOR('',#19068,1.);
#19068 = DIRECTION('',(-0.,1.,0.));
#19069 = PLANE('',#19070);
#19070 = AXIS2_PLACEMENT_3D('',#19071,#19072,#19073);
#19071 = CARTESIAN_POINT('',(1.55,0.4,5.65));
#19072 = DIRECTION('',(1.,0.,-0.));
#19073 = DIRECTION('',(0.,0.,1.));
#19074 = ADVANCED_FACE('',(#19075),#19085,.T.);
#19075 = FACE_BOUND('',#19076,.T.);
#19076 = EDGE_LOOP('',(#19077,#19078,#19079,#19080,#19081,#19082,#19083,
    #19084));
#19077 = ORIENTED_EDGE('',*,*,#18553,.T.);
#19078 = ORIENTED_EDGE('',*,*,#18832,.F.);
#19079 = ORIENTED_EDGE('',*,*,#18912,.F.);
#19080 = ORIENTED_EDGE('',*,*,#18953,.T.);
#19081 = ORIENTED_EDGE('',*,*,#18976,.T.);
#19082 = ORIENTED_EDGE('',*,*,#19007,.F.);
#19083 = ORIENTED_EDGE('',*,*,#18633,.F.);
#19084 = ORIENTED_EDGE('',*,*,#18575,.F.);
#19085 = PLANE('',#19086);
#19086 = AXIS2_PLACEMENT_3D('',#19087,#19088,#19089);
#19087 = CARTESIAN_POINT('',(2.5,0.4,2.880205591296));
#19088 = DIRECTION('',(-0.,-1.,-0.));
#19089 = DIRECTION('',(0.,0.,-1.));
#19090 = ADVANCED_FACE('',(#19091),#19131,.T.);
#19091 = FACE_BOUND('',#19092,.T.);
#19092 = EDGE_LOOP('',(#19093,#19094,#19095,#19104,#19111,#19112,#19113,
    #19114,#19123,#19130));
#19093 = ORIENTED_EDGE('',*,*,#18843,.T.);
#19094 = ORIENTED_EDGE('',*,*,#18609,.T.);
#19095 = ORIENTED_EDGE('',*,*,#19096,.F.);
#19096 = EDGE_CURVE('',#19097,#18610,#19099,.T.);
#19097 = VERTEX_POINT('',#19098);
#19098 = CARTESIAN_POINT('',(2.5,0.4,8.53));
#19099 = CIRCLE('',#19100,1.13);
#19100 = AXIS2_PLACEMENT_3D('',#19101,#19102,#19103);
#19101 = CARTESIAN_POINT('',(2.5,0.4,7.4));
#19102 = DIRECTION('',(0.,1.,0.));
#19103 = DIRECTION('',(0.,-0.,1.));
#19104 = ORIENTED_EDGE('',*,*,#19105,.F.);
#19105 = EDGE_CURVE('',#18665,#19097,#19106,.T.);
#19106 = CIRCLE('',#19107,1.13);
#19107 = AXIS2_PLACEMENT_3D('',#19108,#19109,#19110);
#19108 = CARTESIAN_POINT('',(2.5,0.4,7.4));
#19109 = DIRECTION('',(0.,1.,0.));
#19110 = DIRECTION('',(0.,-0.,1.));
#19111 = ORIENTED_EDGE('',*,*,#18664,.F.);
#19112 = ORIENTED_EDGE('',*,*,#19030,.T.);
#19113 = ORIENTED_EDGE('',*,*,#19047,.T.);
#19114 = ORIENTED_EDGE('',*,*,#19115,.T.);
#19115 = EDGE_CURVE('',#19048,#19116,#19118,.T.);
#19116 = VERTEX_POINT('',#19117);
#19117 = CARTESIAN_POINT('',(2.5,0.4,8.35));
#19118 = CIRCLE('',#19119,0.95);
#19119 = AXIS2_PLACEMENT_3D('',#19120,#19121,#19122);
#19120 = CARTESIAN_POINT('',(2.5,0.4,7.4));
#19121 = DIRECTION('',(0.,1.,0.));
#19122 = DIRECTION('',(0.,-0.,1.));
#19123 = ORIENTED_EDGE('',*,*,#19124,.T.);
#19124 = EDGE_CURVE('',#19116,#18882,#19125,.T.);
#19125 = CIRCLE('',#19126,0.95);
#19126 = AXIS2_PLACEMENT_3D('',#19127,#19128,#19129);
#19127 = CARTESIAN_POINT('',(2.5,0.4,7.4));
#19128 = DIRECTION('',(0.,1.,0.));
#19129 = DIRECTION('',(0.,-0.,1.));
#19130 = ORIENTED_EDGE('',*,*,#18881,.F.);
#19131 = PLANE('',#19132);
#19132 = AXIS2_PLACEMENT_3D('',#19133,#19134,#19135);
#19133 = CARTESIAN_POINT('',(2.5,0.4,7.215868321793));
#19134 = DIRECTION('',(-0.,-1.,-0.));
#19135 = DIRECTION('',(0.,0.,-1.));
#19136 = ADVANCED_FACE('',(#19137),#19162,.T.);
#19137 = FACE_BOUND('',#19138,.T.);
#19138 = EDGE_LOOP('',(#19139,#19140,#19141,#19142,#19151,#19158,#19159,
    #19160,#19161));
#19139 = ORIENTED_EDGE('',*,*,#18928,.T.);
#19140 = ORIENTED_EDGE('',*,*,#18859,.F.);
#19141 = ORIENTED_EDGE('',*,*,#18890,.T.);
#19142 = ORIENTED_EDGE('',*,*,#19143,.F.);
#19143 = EDGE_CURVE('',#19144,#18891,#19146,.T.);
#19144 = VERTEX_POINT('',#19145);
#19145 = CARTESIAN_POINT('',(2.5,4.35,8.35));
#19146 = CIRCLE('',#19147,0.95);
#19147 = AXIS2_PLACEMENT_3D('',#19148,#19149,#19150);
#19148 = CARTESIAN_POINT('',(2.5,4.35,7.4));
#19149 = DIRECTION('',(0.,1.,0.));
#19150 = DIRECTION('',(0.,-0.,1.));
#19151 = ORIENTED_EDGE('',*,*,#19152,.F.);
#19152 = EDGE_CURVE('',#19057,#19144,#19153,.T.);
#19153 = CIRCLE('',#19154,0.95);
#19154 = AXIS2_PLACEMENT_3D('',#19155,#19156,#19157);
#19155 = CARTESIAN_POINT('',(2.5,4.35,7.4));
#19156 = DIRECTION('',(0.,1.,0.));
#19157 = DIRECTION('',(0.,-0.,1.));
#19158 = ORIENTED_EDGE('',*,*,#19056,.F.);
#19159 = ORIENTED_EDGE('',*,*,#19014,.F.);
#19160 = ORIENTED_EDGE('',*,*,#18985,.F.);
#19161 = ORIENTED_EDGE('',*,*,#18943,.F.);
#19162 = PLANE('',#19163);
#19163 = AXIS2_PLACEMENT_3D('',#19164,#19165,#19166);
#19164 = CARTESIAN_POINT('',(2.5,4.35,4.521140854833));
#19165 = DIRECTION('',(-0.,-1.,-0.));
#19166 = DIRECTION('',(0.,0.,-1.));
#19167 = ADVANCED_FACE('',(#19168),#19176,.F.);
#19168 = FACE_BOUND('',#19169,.F.);
#19169 = EDGE_LOOP('',(#19170,#19171,#19172,#19173,#19174,#19175));
#19170 = ORIENTED_EDGE('',*,*,#18672,.F.);
#19171 = ORIENTED_EDGE('',*,*,#18108,.T.);
#19172 = ORIENTED_EDGE('',*,*,#18099,.T.);
#19173 = ORIENTED_EDGE('',*,*,#18617,.T.);
#19174 = ORIENTED_EDGE('',*,*,#19096,.F.);
#19175 = ORIENTED_EDGE('',*,*,#19105,.F.);
#19176 = CYLINDRICAL_SURFACE('',#19177,1.13);
#19177 = AXIS2_PLACEMENT_3D('',#19178,#19179,#19180);
#19178 = CARTESIAN_POINT('',(2.5,-5.E-02,7.4));
#19179 = DIRECTION('',(0.,1.,0.));
#19180 = DIRECTION('',(0.,-0.,1.));
#19181 = ADVANCED_FACE('',(#19182),#19190,.F.);
#19182 = FACE_BOUND('',#19183,.F.);
#19183 = EDGE_LOOP('',(#19184,#19185,#19186,#19187,#19188,#19189));
#19184 = ORIENTED_EDGE('',*,*,#18898,.T.);
#19185 = ORIENTED_EDGE('',*,*,#19143,.F.);
#19186 = ORIENTED_EDGE('',*,*,#19152,.F.);
#19187 = ORIENTED_EDGE('',*,*,#19064,.F.);
#19188 = ORIENTED_EDGE('',*,*,#19115,.T.);
#19189 = ORIENTED_EDGE('',*,*,#19124,.T.);
#19190 = CYLINDRICAL_SURFACE('',#19191,0.95);
#19191 = AXIS2_PLACEMENT_3D('',#19192,#19193,#19194);
#19192 = CARTESIAN_POINT('',(2.5,0.4,7.4));
#19193 = DIRECTION('',(0.,1.,0.));
#19194 = DIRECTION('',(0.,-0.,1.));
#19195 = ( GEOMETRIC_REPRESENTATION_CONTEXT(3)
GLOBAL_UNCERTAINTY_ASSIGNED_CONTEXT((#19199))
GLOBAL_UNIT_ASSIGNED_CONTEXT((#19196,#19197,#19198))
REPRESENTATION_CONTEXT('Context #1',
  '3D Context with UNIT and UNCERTAINTY') );
#19196 = ( LENGTH_UNIT() NAMED_UNIT(*) SI_UNIT(.MILLI.,.METRE.) );
#19197 = ( NAMED_UNIT(*) PLANE_ANGLE_UNIT() SI_UNIT($,.RADIAN.) );
#19198 = ( NAMED_UNIT(*) SI_UNIT($,.STERADIAN.) SOLID_ANGLE_UNIT() );
#19199 = UNCERTAINTY_MEASURE_WITH_UNIT(LENGTH_MEASURE(1.E-07),#19196,
  'distance_accuracy_value','confusion accuracy');
#19200 = CONTEXT_DEPENDENT_SHAPE_REPRESENTATION(#19201,#19203);
#19201 = ( REPRESENTATION_RELATIONSHIP('','',#17569,#10)
REPRESENTATION_RELATIONSHIP_WITH_TRANSFORMATION(#19202)
SHAPE_REPRESENTATION_RELATIONSHIP() );
#19202 = ITEM_DEFINED_TRANSFORMATION('','',#11,#151);
#19203 = PRODUCT_DEFINITION_SHAPE('Placement','Placement of an item',
  #19204);
#19204 = NEXT_ASSEMBLY_USAGE_OCCURRENCE('35','Housing P8','',#5,#17564,$
  );
#19205 = PRODUCT_RELATED_PRODUCT_CATEGORY('part',$,(#17566));
#19206 = SHAPE_DEFINITION_REPRESENTATION(#19207,#19213);
#19207 = PRODUCT_DEFINITION_SHAPE('','',#19208);
#19208 = PRODUCT_DEFINITION('design','',#19209,#19212);
#19209 = PRODUCT_DEFINITION_FORMATION('','',#19210);
#19210 = PRODUCT('Spacer between P7 and P8','Spacer between P7 and P8',
  '',(#19211));
#19211 = PRODUCT_CONTEXT('',#2,'mechanical');
#19212 = PRODUCT_DEFINITION_CONTEXT('part definition',#2,'design');
#19213 = ADVANCED_BREP_SHAPE_REPRESENTATION('',(#11,#19214),#19818);
#19214 = MANIFOLD_SOLID_BREP('',#19215);
#19215 = CLOSED_SHELL('',(#19216,#19264,#19297,#19356,#19381,#19414,
    #19447,#19471,#19488,#19513,#19545,#19570,#19587,#19604,#19621,
    #19652,#19683,#19701,#19718,#19742,#19760,#19777,#19789,#19807));
#19216 = ADVANCED_FACE('',(#19217),#19259,.F.);
#19217 = FACE_BOUND('',#19218,.F.);
#19218 = EDGE_LOOP('',(#19219,#19229,#19237,#19245,#19253));
#19219 = ORIENTED_EDGE('',*,*,#19220,.F.);
#19220 = EDGE_CURVE('',#19221,#19223,#19225,.T.);
#19221 = VERTEX_POINT('',#19222);
#19222 = CARTESIAN_POINT('',(5.,0.3,0.3));
#19223 = VERTEX_POINT('',#19224);
#19224 = CARTESIAN_POINT('',(5.,0.3,9.086363636364));
#19225 = LINE('',#19226,#19227);
#19226 = CARTESIAN_POINT('',(5.,0.3,0.));
#19227 = VECTOR('',#19228,1.);
#19228 = DIRECTION('',(0.,0.,1.));
#19229 = ORIENTED_EDGE('',*,*,#19230,.T.);
#19230 = EDGE_CURVE('',#19221,#19231,#19233,.T.);
#19231 = VERTEX_POINT('',#19232);
#19232 = CARTESIAN_POINT('',(5.,12.2,0.3));
#19233 = LINE('',#19234,#19235);
#19234 = CARTESIAN_POINT('',(5.,0.,0.3));
#19235 = VECTOR('',#19236,1.);
#19236 = DIRECTION('',(-0.,1.,0.));
#19237 = ORIENTED_EDGE('',*,*,#19238,.T.);
#19238 = EDGE_CURVE('',#19231,#19239,#19241,.T.);
#19239 = VERTEX_POINT('',#19240);
#19240 = CARTESIAN_POINT('',(5.,12.2,10.3));
#19241 = LINE('',#19242,#19243);
#19242 = CARTESIAN_POINT('',(5.,12.2,0.));
#19243 = VECTOR('',#19244,1.);
#19244 = DIRECTION('',(0.,0.,1.));
#19245 = ORIENTED_EDGE('',*,*,#19246,.F.);
#19246 = EDGE_CURVE('',#19247,#19239,#19249,.T.);
#19247 = VERTEX_POINT('',#19248);
#19248 = CARTESIAN_POINT('',(5.,1.743243243243,10.3));
#19249 = LINE('',#19250,#19251);
#19250 = CARTESIAN_POINT('',(5.,0.,10.3));
#19251 = VECTOR('',#19252,1.);
#19252 = DIRECTION('',(-0.,1.,0.));
#19253 = ORIENTED_EDGE('',*,*,#19254,.F.);
#19254 = EDGE_CURVE('',#19223,#19247,#19255,.T.);
#19255 = LINE('',#19256,#19257);
#19256 = CARTESIAN_POINT('',(5.,-1.125779122542,7.88741301059));
#19257 = VECTOR('',#19258,1.);
#19258 = DIRECTION('',(0.,0.765362085905,0.643599935875));
#19259 = PLANE('',#19260);
#19260 = AXIS2_PLACEMENT_3D('',#19261,#19262,#19263);
#19261 = CARTESIAN_POINT('',(5.,0.,0.));
#19262 = DIRECTION('',(1.,0.,-0.));
#19263 = DIRECTION('',(0.,0.,1.));
#19264 = ADVANCED_FACE('',(#19265),#19292,.T.);
#19265 = FACE_BOUND('',#19266,.T.);
#19266 = EDGE_LOOP('',(#19267,#19268,#19277,#19285));
#19267 = ORIENTED_EDGE('',*,*,#19220,.F.);
#19268 = ORIENTED_EDGE('',*,*,#19269,.T.);
#19269 = EDGE_CURVE('',#19221,#19270,#19272,.T.);
#19270 = VERTEX_POINT('',#19271);
#19271 = CARTESIAN_POINT('',(5.3,-5.551115123126E-17,0.3));
#19272 = CIRCLE('',#19273,0.3);
#19273 = AXIS2_PLACEMENT_3D('',#19274,#19275,#19276);
#19274 = CARTESIAN_POINT('',(5.3,0.3,0.3));
#19275 = DIRECTION('',(0.,0.,1.));
#19276 = DIRECTION('',(-1.,0.,0.));
#19277 = ORIENTED_EDGE('',*,*,#19278,.T.);
#19278 = EDGE_CURVE('',#19270,#19279,#19281,.T.);
#19279 = VERTEX_POINT('',#19280);
#19280 = CARTESIAN_POINT('',(5.3,-5.551115123126E-17,8.834090909091));
#19281 = LINE('',#19282,#19283);
#19282 = CARTESIAN_POINT('',(5.3,-5.551115123126E-17,0.));
#19283 = VECTOR('',#19284,1.);
#19284 = DIRECTION('',(0.,0.,1.));
#19285 = ORIENTED_EDGE('',*,*,#19286,.T.);
#19286 = EDGE_CURVE('',#19279,#19223,#19287,.T.);
#19287 = ELLIPSE('',#19288,0.391971336867,0.3);
#19288 = AXIS2_PLACEMENT_3D('',#19289,#19290,#19291);
#19289 = CARTESIAN_POINT('',(5.3,0.3,9.086363636364));
#19290 = DIRECTION('',(0.,0.643599935875,-0.765362085905));
#19291 = DIRECTION('',(0.,0.765362085905,0.643599935875));
#19292 = CYLINDRICAL_SURFACE('',#19293,0.3);
#19293 = AXIS2_PLACEMENT_3D('',#19294,#19295,#19296);
#19294 = CARTESIAN_POINT('',(5.3,0.3,0.));
#19295 = DIRECTION('',(0.,0.,1.));
#19296 = DIRECTION('',(-1.,-0.,0.));
#19297 = ADVANCED_FACE('',(#19298),#19351,.F.);
#19298 = FACE_BOUND('',#19299,.F.);
#19299 = EDGE_LOOP('',(#19300,#19309,#19317,#19326,#19334,#19343,#19349,
    #19350));
#19300 = ORIENTED_EDGE('',*,*,#19301,.T.);
#19301 = EDGE_CURVE('',#19247,#19302,#19304,.T.);
#19302 = VERTEX_POINT('',#19303);
#19303 = CARTESIAN_POINT('',(5.3,2.1,10.6));
#19304 = ELLIPSE('',#19305,0.466128076275,0.3);
#19305 = AXIS2_PLACEMENT_3D('',#19306,#19307,#19308);
#19306 = CARTESIAN_POINT('',(5.3,1.743243243243,10.3));
#19307 = DIRECTION('',(0.,0.643599935875,-0.765362085905));
#19308 = DIRECTION('',(0.,0.765362085905,0.643599935875));
#19309 = ORIENTED_EDGE('',*,*,#19310,.T.);
#19310 = EDGE_CURVE('',#19302,#19311,#19313,.T.);
#19311 = VERTEX_POINT('',#19312);
#19312 = CARTESIAN_POINT('',(7.2,2.1,10.6));
#19313 = LINE('',#19314,#19315);
#19314 = CARTESIAN_POINT('',(4.9,2.1,10.6));
#19315 = VECTOR('',#19316,1.);
#19316 = DIRECTION('',(1.,0.,0.));
#19317 = ORIENTED_EDGE('',*,*,#19318,.T.);
#19318 = EDGE_CURVE('',#19311,#19319,#19321,.T.);
#19319 = VERTEX_POINT('',#19320);
#19320 = CARTESIAN_POINT('',(7.5,1.743243243243,10.3));
#19321 = ELLIPSE('',#19322,0.466128076275,0.3);
#19322 = AXIS2_PLACEMENT_3D('',#19323,#19324,#19325);
#19323 = CARTESIAN_POINT('',(7.2,1.743243243243,10.3));
#19324 = DIRECTION('',(0.,0.643599935875,-0.765362085905));
#19325 = DIRECTION('',(0.,0.765362085905,0.643599935875));
#19326 = ORIENTED_EDGE('',*,*,#19327,.F.);
#19327 = EDGE_CURVE('',#19328,#19319,#19330,.T.);
#19328 = VERTEX_POINT('',#19329);
#19329 = CARTESIAN_POINT('',(7.5,0.3,9.086363636364));
#19330 = LINE('',#19331,#19332);
#19331 = CARTESIAN_POINT('',(7.5,-1.125779122542,7.88741301059));
#19332 = VECTOR('',#19333,1.);
#19333 = DIRECTION('',(0.,0.765362085905,0.643599935875));
#19334 = ORIENTED_EDGE('',*,*,#19335,.T.);
#19335 = EDGE_CURVE('',#19328,#19336,#19338,.T.);
#19336 = VERTEX_POINT('',#19337);
#19337 = CARTESIAN_POINT('',(7.2,-5.551115123126E-17,8.834090909091));
#19338 = ELLIPSE('',#19339,0.391971336867,0.3);
#19339 = AXIS2_PLACEMENT_3D('',#19340,#19341,#19342);
#19340 = CARTESIAN_POINT('',(7.2,0.3,9.086363636364));
#19341 = DIRECTION('',(0.,0.643599935875,-0.765362085905));
#19342 = DIRECTION('',(0.,0.765362085905,0.643599935875));
#19343 = ORIENTED_EDGE('',*,*,#19344,.T.);
#19344 = EDGE_CURVE('',#19336,#19279,#19345,.T.);
#19345 = LINE('',#19346,#19347);
#19346 = CARTESIAN_POINT('',(4.95,2.22044604925E-16,8.834090909091));
#19347 = VECTOR('',#19348,1.);
#19348 = DIRECTION('',(-1.,0.,-0.));
#19349 = ORIENTED_EDGE('',*,*,#19286,.T.);
#19350 = ORIENTED_EDGE('',*,*,#19254,.T.);
#19351 = PLANE('',#19352);
#19352 = AXIS2_PLACEMENT_3D('',#19353,#19354,#19355);
#19353 = CARTESIAN_POINT('',(4.9,2.1,10.6));
#19354 = DIRECTION('',(0.,0.643599935875,-0.765362085905));
#19355 = DIRECTION('',(0.,-0.765362085905,-0.643599935875));
#19356 = ADVANCED_FACE('',(#19357),#19376,.T.);
#19357 = FACE_BOUND('',#19358,.T.);
#19358 = EDGE_LOOP('',(#19359,#19360,#19368,#19375));
#19359 = ORIENTED_EDGE('',*,*,#19301,.T.);
#19360 = ORIENTED_EDGE('',*,*,#19361,.T.);
#19361 = EDGE_CURVE('',#19302,#19362,#19364,.T.);
#19362 = VERTEX_POINT('',#19363);
#19363 = CARTESIAN_POINT('',(5.3,12.2,10.6));
#19364 = LINE('',#19365,#19366);
#19365 = CARTESIAN_POINT('',(5.3,0.,10.6));
#19366 = VECTOR('',#19367,1.);
#19367 = DIRECTION('',(-0.,1.,0.));
#19368 = ORIENTED_EDGE('',*,*,#19369,.F.);
#19369 = EDGE_CURVE('',#19239,#19362,#19370,.T.);
#19370 = CIRCLE('',#19371,0.3);
#19371 = AXIS2_PLACEMENT_3D('',#19372,#19373,#19374);
#19372 = CARTESIAN_POINT('',(5.3,12.2,10.3));
#19373 = DIRECTION('',(-0.,1.,0.));
#19374 = DIRECTION('',(-1.,-0.,0.));
#19375 = ORIENTED_EDGE('',*,*,#19246,.F.);
#19376 = CYLINDRICAL_SURFACE('',#19377,0.3);
#19377 = AXIS2_PLACEMENT_3D('',#19378,#19379,#19380);
#19378 = CARTESIAN_POINT('',(5.3,0.,10.3));
#19379 = DIRECTION('',(-0.,1.,0.));
#19380 = DIRECTION('',(-1.,-0.,0.));
#19381 = ADVANCED_FACE('',(#19382),#19409,.T.);
#19382 = FACE_BOUND('',#19383,.F.);
#19383 = EDGE_LOOP('',(#19384,#19385,#19394,#19402));
#19384 = ORIENTED_EDGE('',*,*,#19238,.F.);
#19385 = ORIENTED_EDGE('',*,*,#19386,.T.);
#19386 = EDGE_CURVE('',#19231,#19387,#19389,.T.);
#19387 = VERTEX_POINT('',#19388);
#19388 = CARTESIAN_POINT('',(5.3,12.5,0.3));
#19389 = CIRCLE('',#19390,0.3);
#19390 = AXIS2_PLACEMENT_3D('',#19391,#19392,#19393);
#19391 = CARTESIAN_POINT('',(5.3,12.2,0.3));
#19392 = DIRECTION('',(-0.,0.,-1.));
#19393 = DIRECTION('',(-1.,0.,0.));
#19394 = ORIENTED_EDGE('',*,*,#19395,.T.);
#19395 = EDGE_CURVE('',#19387,#19396,#19398,.T.);
#19396 = VERTEX_POINT('',#19397);
#19397 = CARTESIAN_POINT('',(5.3,12.5,10.3));
#19398 = LINE('',#19399,#19400);
#19399 = CARTESIAN_POINT('',(5.3,12.5,0.));
#19400 = VECTOR('',#19401,1.);
#19401 = DIRECTION('',(0.,0.,1.));
#19402 = ORIENTED_EDGE('',*,*,#19403,.T.);
#19403 = EDGE_CURVE('',#19396,#19239,#19404,.T.);
#19404 = CIRCLE('',#19405,0.3);
#19405 = AXIS2_PLACEMENT_3D('',#19406,#19407,#19408);
#19406 = CARTESIAN_POINT('',(5.3,12.2,10.3));
#19407 = DIRECTION('',(0.,0.,1.));
#19408 = DIRECTION('',(-1.,-0.,0.));
#19409 = CYLINDRICAL_SURFACE('',#19410,0.3);
#19410 = AXIS2_PLACEMENT_3D('',#19411,#19412,#19413);
#19411 = CARTESIAN_POINT('',(5.3,12.2,0.));
#19412 = DIRECTION('',(0.,0.,1.));
#19413 = DIRECTION('',(-1.,-0.,0.));
#19414 = ADVANCED_FACE('',(#19415),#19442,.T.);
#19415 = FACE_BOUND('',#19416,.F.);
#19416 = EDGE_LOOP('',(#19417,#19426,#19434,#19441));
#19417 = ORIENTED_EDGE('',*,*,#19418,.F.);
#19418 = EDGE_CURVE('',#19419,#19221,#19421,.T.);
#19419 = VERTEX_POINT('',#19420);
#19420 = CARTESIAN_POINT('',(5.3,0.3,0.));
#19421 = CIRCLE('',#19422,0.3);
#19422 = AXIS2_PLACEMENT_3D('',#19423,#19424,#19425);
#19423 = CARTESIAN_POINT('',(5.3,0.3,0.3));
#19424 = DIRECTION('',(0.,1.,-0.));
#19425 = DIRECTION('',(-1.,0.,0.));
#19426 = ORIENTED_EDGE('',*,*,#19427,.T.);
#19427 = EDGE_CURVE('',#19419,#19428,#19430,.T.);
#19428 = VERTEX_POINT('',#19429);
#19429 = CARTESIAN_POINT('',(5.3,12.2,0.));
#19430 = LINE('',#19431,#19432);
#19431 = CARTESIAN_POINT('',(5.3,0.,-5.551115123126E-17));
#19432 = VECTOR('',#19433,1.);
#19433 = DIRECTION('',(-0.,1.,0.));
#19434 = ORIENTED_EDGE('',*,*,#19435,.T.);
#19435 = EDGE_CURVE('',#19428,#19231,#19436,.T.);
#19436 = CIRCLE('',#19437,0.3);
#19437 = AXIS2_PLACEMENT_3D('',#19438,#19439,#19440);
#19438 = CARTESIAN_POINT('',(5.3,12.2,0.3));
#19439 = DIRECTION('',(0.,1.,-0.));
#19440 = DIRECTION('',(-1.,0.,0.));
#19441 = ORIENTED_EDGE('',*,*,#19230,.F.);
#19442 = CYLINDRICAL_SURFACE('',#19443,0.3);
#19443 = AXIS2_PLACEMENT_3D('',#19444,#19445,#19446);
#19444 = CARTESIAN_POINT('',(5.3,0.,0.3));
#19445 = DIRECTION('',(-0.,1.,0.));
#19446 = DIRECTION('',(-1.,-0.,0.));
#19447 = ADVANCED_FACE('',(#19448),#19466,.F.);
#19448 = FACE_BOUND('',#19449,.F.);
#19449 = EDGE_LOOP('',(#19450,#19458,#19459,#19460));
#19450 = ORIENTED_EDGE('',*,*,#19451,.F.);
#19451 = EDGE_CURVE('',#19270,#19452,#19454,.T.);
#19452 = VERTEX_POINT('',#19453);
#19453 = CARTESIAN_POINT('',(7.2,-5.551115123126E-17,0.3));
#19454 = LINE('',#19455,#19456);
#19455 = CARTESIAN_POINT('',(5.,-5.551115123126E-17,0.3));
#19456 = VECTOR('',#19457,1.);
#19457 = DIRECTION('',(1.,0.,-0.));
#19458 = ORIENTED_EDGE('',*,*,#19278,.T.);
#19459 = ORIENTED_EDGE('',*,*,#19344,.F.);
#19460 = ORIENTED_EDGE('',*,*,#19461,.F.);
#19461 = EDGE_CURVE('',#19452,#19336,#19462,.T.);
#19462 = LINE('',#19463,#19464);
#19463 = CARTESIAN_POINT('',(7.2,-5.551115123126E-17,0.));
#19464 = VECTOR('',#19465,1.);
#19465 = DIRECTION('',(0.,0.,1.));
#19466 = PLANE('',#19467);
#19467 = AXIS2_PLACEMENT_3D('',#19468,#19469,#19470);
#19468 = CARTESIAN_POINT('',(5.,0.,0.));
#19469 = DIRECTION('',(-0.,1.,0.));
#19470 = DIRECTION('',(0.,0.,1.));
#19471 = ADVANCED_FACE('',(#19472),#19483,.T.);
#19472 = FACE_BOUND('',#19473,.T.);
#19473 = EDGE_LOOP('',(#19474,#19475,#19482));
#19474 = ORIENTED_EDGE('',*,*,#19418,.F.);
#19475 = ORIENTED_EDGE('',*,*,#19476,.T.);
#19476 = EDGE_CURVE('',#19419,#19270,#19477,.T.);
#19477 = CIRCLE('',#19478,0.3);
#19478 = AXIS2_PLACEMENT_3D('',#19479,#19480,#19481);
#19479 = CARTESIAN_POINT('',(5.3,0.3,0.3));
#19480 = DIRECTION('',(-1.,6.123233995737E-17,0.));
#19481 = DIRECTION('',(-6.123233995737E-17,-1.,0.));
#19482 = ORIENTED_EDGE('',*,*,#19269,.F.);
#19483 = SPHERICAL_SURFACE('',#19484,0.3);
#19484 = AXIS2_PLACEMENT_3D('',#19485,#19486,#19487);
#19485 = CARTESIAN_POINT('',(5.3,0.3,0.3));
#19486 = DIRECTION('',(0.,0.,1.));
#19487 = DIRECTION('',(-1.,0.,0.));
#19488 = ADVANCED_FACE('',(#19489),#19508,.T.);
#19489 = FACE_BOUND('',#19490,.F.);
#19490 = EDGE_LOOP('',(#19491,#19499,#19506,#19507));
#19491 = ORIENTED_EDGE('',*,*,#19492,.F.);
#19492 = EDGE_CURVE('',#19493,#19328,#19495,.T.);
#19493 = VERTEX_POINT('',#19494);
#19494 = CARTESIAN_POINT('',(7.5,0.3,0.3));
#19495 = LINE('',#19496,#19497);
#19496 = CARTESIAN_POINT('',(7.5,0.3,0.));
#19497 = VECTOR('',#19498,1.);
#19498 = DIRECTION('',(0.,0.,1.));
#19499 = ORIENTED_EDGE('',*,*,#19500,.T.);
#19500 = EDGE_CURVE('',#19493,#19452,#19501,.T.);
#19501 = CIRCLE('',#19502,0.3);
#19502 = AXIS2_PLACEMENT_3D('',#19503,#19504,#19505);
#19503 = CARTESIAN_POINT('',(7.2,0.3,0.3));
#19504 = DIRECTION('',(0.,-0.,-1.));
#19505 = DIRECTION('',(1.,0.,-0.));
#19506 = ORIENTED_EDGE('',*,*,#19461,.T.);
#19507 = ORIENTED_EDGE('',*,*,#19335,.F.);
#19508 = CYLINDRICAL_SURFACE('',#19509,0.3);
#19509 = AXIS2_PLACEMENT_3D('',#19510,#19511,#19512);
#19510 = CARTESIAN_POINT('',(7.2,0.3,0.));
#19511 = DIRECTION('',(0.,0.,1.));
#19512 = DIRECTION('',(1.,0.,-0.));
#19513 = ADVANCED_FACE('',(#19514),#19540,.T.);
#19514 = FACE_BOUND('',#19515,.T.);
#19515 = EDGE_LOOP('',(#19516,#19517,#19525,#19533,#19539));
#19516 = ORIENTED_EDGE('',*,*,#19492,.F.);
#19517 = ORIENTED_EDGE('',*,*,#19518,.T.);
#19518 = EDGE_CURVE('',#19493,#19519,#19521,.T.);
#19519 = VERTEX_POINT('',#19520);
#19520 = CARTESIAN_POINT('',(7.5,12.2,0.3));
#19521 = LINE('',#19522,#19523);
#19522 = CARTESIAN_POINT('',(7.5,0.,0.3));
#19523 = VECTOR('',#19524,1.);
#19524 = DIRECTION('',(-0.,1.,0.));
#19525 = ORIENTED_EDGE('',*,*,#19526,.T.);
#19526 = EDGE_CURVE('',#19519,#19527,#19529,.T.);
#19527 = VERTEX_POINT('',#19528);
#19528 = CARTESIAN_POINT('',(7.5,12.2,10.3));
#19529 = LINE('',#19530,#19531);
#19530 = CARTESIAN_POINT('',(7.5,12.2,0.));
#19531 = VECTOR('',#19532,1.);
#19532 = DIRECTION('',(0.,0.,1.));
#19533 = ORIENTED_EDGE('',*,*,#19534,.F.);
#19534 = EDGE_CURVE('',#19319,#19527,#19535,.T.);
#19535 = LINE('',#19536,#19537);
#19536 = CARTESIAN_POINT('',(7.5,0.,10.3));
#19537 = VECTOR('',#19538,1.);
#19538 = DIRECTION('',(-0.,1.,0.));
#19539 = ORIENTED_EDGE('',*,*,#19327,.F.);
#19540 = PLANE('',#19541);
#19541 = AXIS2_PLACEMENT_3D('',#19542,#19543,#19544);
#19542 = CARTESIAN_POINT('',(7.5,0.,0.));
#19543 = DIRECTION('',(1.,0.,-0.));
#19544 = DIRECTION('',(0.,0.,1.));
#19545 = ADVANCED_FACE('',(#19546),#19565,.T.);
#19546 = FACE_BOUND('',#19547,.F.);
#19547 = EDGE_LOOP('',(#19548,#19549,#19557,#19564));
#19548 = ORIENTED_EDGE('',*,*,#19318,.F.);
#19549 = ORIENTED_EDGE('',*,*,#19550,.T.);
#19550 = EDGE_CURVE('',#19311,#19551,#19553,.T.);
#19551 = VERTEX_POINT('',#19552);
#19552 = CARTESIAN_POINT('',(7.2,12.2,10.6));
#19553 = LINE('',#19554,#19555);
#19554 = CARTESIAN_POINT('',(7.2,0.,10.6));
#19555 = VECTOR('',#19556,1.);
#19556 = DIRECTION('',(-0.,1.,0.));
#19557 = ORIENTED_EDGE('',*,*,#19558,.F.);
#19558 = EDGE_CURVE('',#19527,#19551,#19559,.T.);
#19559 = CIRCLE('',#19560,0.3);
#19560 = AXIS2_PLACEMENT_3D('',#19561,#19562,#19563);
#19561 = CARTESIAN_POINT('',(7.2,12.2,10.3));
#19562 = DIRECTION('',(0.,-1.,-0.));
#19563 = DIRECTION('',(1.,0.,0.));
#19564 = ORIENTED_EDGE('',*,*,#19534,.F.);
#19565 = CYLINDRICAL_SURFACE('',#19566,0.3);
#19566 = AXIS2_PLACEMENT_3D('',#19567,#19568,#19569);
#19567 = CARTESIAN_POINT('',(7.2,0.,10.3));
#19568 = DIRECTION('',(-0.,1.,0.));
#19569 = DIRECTION('',(1.,0.,-0.));
#19570 = ADVANCED_FACE('',(#19571),#19582,.T.);
#19571 = FACE_BOUND('',#19572,.T.);
#19572 = EDGE_LOOP('',(#19573,#19574,#19575,#19576));
#19573 = ORIENTED_EDGE('',*,*,#19361,.F.);
#19574 = ORIENTED_EDGE('',*,*,#19310,.T.);
#19575 = ORIENTED_EDGE('',*,*,#19550,.T.);
#19576 = ORIENTED_EDGE('',*,*,#19577,.F.);
#19577 = EDGE_CURVE('',#19362,#19551,#19578,.T.);
#19578 = LINE('',#19579,#19580);
#19579 = CARTESIAN_POINT('',(5.,12.2,10.6));
#19580 = VECTOR('',#19581,1.);
#19581 = DIRECTION('',(1.,0.,-0.));
#19582 = PLANE('',#19583);
#19583 = AXIS2_PLACEMENT_3D('',#19584,#19585,#19586);
#19584 = CARTESIAN_POINT('',(5.,0.,10.6));
#19585 = DIRECTION('',(0.,0.,1.));
#19586 = DIRECTION('',(1.,0.,-0.));
#19587 = ADVANCED_FACE('',(#19588),#19599,.T.);
#19588 = FACE_BOUND('',#19589,.F.);
#19589 = EDGE_LOOP('',(#19590,#19591,#19598));
#19590 = ORIENTED_EDGE('',*,*,#19403,.F.);
#19591 = ORIENTED_EDGE('',*,*,#19592,.T.);
#19592 = EDGE_CURVE('',#19396,#19362,#19593,.T.);
#19593 = CIRCLE('',#19594,0.3);
#19594 = AXIS2_PLACEMENT_3D('',#19595,#19596,#19597);
#19595 = CARTESIAN_POINT('',(5.3,12.2,10.3));
#19596 = DIRECTION('',(1.,0.,6.123233995737E-17));
#19597 = DIRECTION('',(-6.123233995737E-17,-0.,1.));
#19598 = ORIENTED_EDGE('',*,*,#19369,.F.);
#19599 = SPHERICAL_SURFACE('',#19600,0.3);
#19600 = AXIS2_PLACEMENT_3D('',#19601,#19602,#19603);
#19601 = CARTESIAN_POINT('',(5.3,12.2,10.3));
#19602 = DIRECTION('',(0.,-1.,-0.));
#19603 = DIRECTION('',(-1.,-0.,0.));
#19604 = ADVANCED_FACE('',(#19605),#19616,.T.);
#19605 = FACE_BOUND('',#19606,.F.);
#19606 = EDGE_LOOP('',(#19607,#19608,#19615));
#19607 = ORIENTED_EDGE('',*,*,#19435,.F.);
#19608 = ORIENTED_EDGE('',*,*,#19609,.T.);
#19609 = EDGE_CURVE('',#19428,#19387,#19610,.T.);
#19610 = CIRCLE('',#19611,0.3);
#19611 = AXIS2_PLACEMENT_3D('',#19612,#19613,#19614);
#19612 = CARTESIAN_POINT('',(5.3,12.2,0.3));
#19613 = DIRECTION('',(1.,6.123233995737E-17,-0.));
#19614 = DIRECTION('',(-6.123233995737E-17,1.,0.));
#19615 = ORIENTED_EDGE('',*,*,#19386,.F.);
#19616 = SPHERICAL_SURFACE('',#19617,0.3);
#19617 = AXIS2_PLACEMENT_3D('',#19618,#19619,#19620);
#19618 = CARTESIAN_POINT('',(5.3,12.2,0.3));
#19619 = DIRECTION('',(0.,0.,1.));
#19620 = DIRECTION('',(-1.,0.,0.));
#19621 = ADVANCED_FACE('',(#19622),#19647,.T.);
#19622 = FACE_BOUND('',#19623,.T.);
#19623 = EDGE_LOOP('',(#19624,#19625,#19633,#19641));
#19624 = ORIENTED_EDGE('',*,*,#19395,.T.);
#19625 = ORIENTED_EDGE('',*,*,#19626,.T.);
#19626 = EDGE_CURVE('',#19396,#19627,#19629,.T.);
#19627 = VERTEX_POINT('',#19628);
#19628 = CARTESIAN_POINT('',(7.2,12.5,10.3));
#19629 = LINE('',#19630,#19631);
#19630 = CARTESIAN_POINT('',(5.,12.5,10.3));
#19631 = VECTOR('',#19632,1.);
#19632 = DIRECTION('',(1.,0.,-0.));
#19633 = ORIENTED_EDGE('',*,*,#19634,.F.);
#19634 = EDGE_CURVE('',#19635,#19627,#19637,.T.);
#19635 = VERTEX_POINT('',#19636);
#19636 = CARTESIAN_POINT('',(7.2,12.5,0.3));
#19637 = LINE('',#19638,#19639);
#19638 = CARTESIAN_POINT('',(7.2,12.5,0.));
#19639 = VECTOR('',#19640,1.);
#19640 = DIRECTION('',(0.,0.,1.));
#19641 = ORIENTED_EDGE('',*,*,#19642,.F.);
#19642 = EDGE_CURVE('',#19387,#19635,#19643,.T.);
#19643 = LINE('',#19644,#19645);
#19644 = CARTESIAN_POINT('',(5.,12.5,0.3));
#19645 = VECTOR('',#19646,1.);
#19646 = DIRECTION('',(1.,0.,-0.));
#19647 = PLANE('',#19648);
#19648 = AXIS2_PLACEMENT_3D('',#19649,#19650,#19651);
#19649 = CARTESIAN_POINT('',(5.,12.5,0.));
#19650 = DIRECTION('',(-0.,1.,0.));
#19651 = DIRECTION('',(0.,0.,1.));
#19652 = ADVANCED_FACE('',(#19653),#19678,.F.);
#19653 = FACE_BOUND('',#19654,.F.);
#19654 = EDGE_LOOP('',(#19655,#19656,#19664,#19672));
#19655 = ORIENTED_EDGE('',*,*,#19427,.F.);
#19656 = ORIENTED_EDGE('',*,*,#19657,.T.);
#19657 = EDGE_CURVE('',#19419,#19658,#19660,.T.);
#19658 = VERTEX_POINT('',#19659);
#19659 = CARTESIAN_POINT('',(7.2,0.3,0.));
#19660 = LINE('',#19661,#19662);
#19661 = CARTESIAN_POINT('',(5.,0.3,-5.551115123126E-17));
#19662 = VECTOR('',#19663,1.);
#19663 = DIRECTION('',(1.,0.,-0.));
#19664 = ORIENTED_EDGE('',*,*,#19665,.T.);
#19665 = EDGE_CURVE('',#19658,#19666,#19668,.T.);
#19666 = VERTEX_POINT('',#19667);
#19667 = CARTESIAN_POINT('',(7.2,12.2,0.));
#19668 = LINE('',#19669,#19670);
#19669 = CARTESIAN_POINT('',(7.2,0.,-5.551115123126E-17));
#19670 = VECTOR('',#19671,1.);
#19671 = DIRECTION('',(-0.,1.,0.));
#19672 = ORIENTED_EDGE('',*,*,#19673,.F.);
#19673 = EDGE_CURVE('',#19428,#19666,#19674,.T.);
#19674 = LINE('',#19675,#19676);
#19675 = CARTESIAN_POINT('',(5.,12.2,-5.551115123126E-17));
#19676 = VECTOR('',#19677,1.);
#19677 = DIRECTION('',(1.,0.,-0.));
#19678 = PLANE('',#19679);
#19679 = AXIS2_PLACEMENT_3D('',#19680,#19681,#19682);
#19680 = CARTESIAN_POINT('',(5.,0.,0.));
#19681 = DIRECTION('',(0.,0.,1.));
#19682 = DIRECTION('',(1.,0.,-0.));
#19683 = ADVANCED_FACE('',(#19684),#19696,.T.);
#19684 = FACE_BOUND('',#19685,.T.);
#19685 = EDGE_LOOP('',(#19686,#19687,#19688,#19695));
#19686 = ORIENTED_EDGE('',*,*,#19476,.F.);
#19687 = ORIENTED_EDGE('',*,*,#19657,.T.);
#19688 = ORIENTED_EDGE('',*,*,#19689,.T.);
#19689 = EDGE_CURVE('',#19658,#19452,#19690,.T.);
#19690 = CIRCLE('',#19691,0.3);
#19691 = AXIS2_PLACEMENT_3D('',#19692,#19693,#19694);
#19692 = CARTESIAN_POINT('',(7.2,0.3,0.3));
#19693 = DIRECTION('',(-1.,-6.123233995737E-17,0.));
#19694 = DIRECTION('',(6.123233995737E-17,-1.,-0.));
#19695 = ORIENTED_EDGE('',*,*,#19451,.F.);
#19696 = CYLINDRICAL_SURFACE('',#19697,0.3);
#19697 = AXIS2_PLACEMENT_3D('',#19698,#19699,#19700);
#19698 = CARTESIAN_POINT('',(5.,0.3,0.3));
#19699 = DIRECTION('',(1.,0.,-0.));
#19700 = DIRECTION('',(0.,-1.,0.));
#19701 = ADVANCED_FACE('',(#19702),#19713,.T.);
#19702 = FACE_BOUND('',#19703,.F.);
#19703 = EDGE_LOOP('',(#19704,#19711,#19712));
#19704 = ORIENTED_EDGE('',*,*,#19705,.F.);
#19705 = EDGE_CURVE('',#19658,#19493,#19706,.T.);
#19706 = CIRCLE('',#19707,0.3);
#19707 = AXIS2_PLACEMENT_3D('',#19708,#19709,#19710);
#19708 = CARTESIAN_POINT('',(7.2,0.3,0.3));
#19709 = DIRECTION('',(0.,-1.,0.));
#19710 = DIRECTION('',(1.,0.,0.));
#19711 = ORIENTED_EDGE('',*,*,#19689,.T.);
#19712 = ORIENTED_EDGE('',*,*,#19500,.F.);
#19713 = SPHERICAL_SURFACE('',#19714,0.3);
#19714 = AXIS2_PLACEMENT_3D('',#19715,#19716,#19717);
#19715 = CARTESIAN_POINT('',(7.2,0.3,0.3));
#19716 = DIRECTION('',(0.,0.,1.));
#19717 = DIRECTION('',(1.,0.,-0.));
#19718 = ADVANCED_FACE('',(#19719),#19737,.T.);
#19719 = FACE_BOUND('',#19720,.T.);
#19720 = EDGE_LOOP('',(#19721,#19722,#19729,#19730));
#19721 = ORIENTED_EDGE('',*,*,#19526,.F.);
#19722 = ORIENTED_EDGE('',*,*,#19723,.T.);
#19723 = EDGE_CURVE('',#19519,#19635,#19724,.T.);
#19724 = CIRCLE('',#19725,0.3);
#19725 = AXIS2_PLACEMENT_3D('',#19726,#19727,#19728);
#19726 = CARTESIAN_POINT('',(7.2,12.2,0.3));
#19727 = DIRECTION('',(0.,0.,1.));
#19728 = DIRECTION('',(1.,0.,-0.));
#19729 = ORIENTED_EDGE('',*,*,#19634,.T.);
#19730 = ORIENTED_EDGE('',*,*,#19731,.T.);
#19731 = EDGE_CURVE('',#19627,#19527,#19732,.T.);
#19732 = CIRCLE('',#19733,0.3);
#19733 = AXIS2_PLACEMENT_3D('',#19734,#19735,#19736);
#19734 = CARTESIAN_POINT('',(7.2,12.2,10.3));
#19735 = DIRECTION('',(0.,0.,-1.));
#19736 = DIRECTION('',(1.,0.,0.));
#19737 = CYLINDRICAL_SURFACE('',#19738,0.3);
#19738 = AXIS2_PLACEMENT_3D('',#19739,#19740,#19741);
#19739 = CARTESIAN_POINT('',(7.2,12.2,0.));
#19740 = DIRECTION('',(0.,0.,1.));
#19741 = DIRECTION('',(1.,0.,-0.));
#19742 = ADVANCED_FACE('',(#19743),#19755,.T.);
#19743 = FACE_BOUND('',#19744,.T.);
#19744 = EDGE_LOOP('',(#19745,#19746,#19747,#19754));
#19745 = ORIENTED_EDGE('',*,*,#19705,.F.);
#19746 = ORIENTED_EDGE('',*,*,#19665,.T.);
#19747 = ORIENTED_EDGE('',*,*,#19748,.T.);
#19748 = EDGE_CURVE('',#19666,#19519,#19749,.T.);
#19749 = CIRCLE('',#19750,0.3);
#19750 = AXIS2_PLACEMENT_3D('',#19751,#19752,#19753);
#19751 = CARTESIAN_POINT('',(7.2,12.2,0.3));
#19752 = DIRECTION('',(0.,-1.,0.));
#19753 = DIRECTION('',(1.,0.,0.));
#19754 = ORIENTED_EDGE('',*,*,#19518,.F.);
#19755 = CYLINDRICAL_SURFACE('',#19756,0.3);
#19756 = AXIS2_PLACEMENT_3D('',#19757,#19758,#19759);
#19757 = CARTESIAN_POINT('',(7.2,0.,0.3));
#19758 = DIRECTION('',(-0.,1.,0.));
#19759 = DIRECTION('',(1.,0.,-0.));
#19760 = ADVANCED_FACE('',(#19761),#19772,.T.);
#19761 = FACE_BOUND('',#19762,.T.);
#19762 = EDGE_LOOP('',(#19763,#19764,#19771));
#19763 = ORIENTED_EDGE('',*,*,#19731,.F.);
#19764 = ORIENTED_EDGE('',*,*,#19765,.T.);
#19765 = EDGE_CURVE('',#19627,#19551,#19766,.T.);
#19766 = CIRCLE('',#19767,0.3);
#19767 = AXIS2_PLACEMENT_3D('',#19768,#19769,#19770);
#19768 = CARTESIAN_POINT('',(7.2,12.2,10.3));
#19769 = DIRECTION('',(1.,0.,-6.123233995737E-17));
#19770 = DIRECTION('',(6.123233995737E-17,0.,1.));
#19771 = ORIENTED_EDGE('',*,*,#19558,.F.);
#19772 = SPHERICAL_SURFACE('',#19773,0.3);
#19773 = AXIS2_PLACEMENT_3D('',#19774,#19775,#19776);
#19774 = CARTESIAN_POINT('',(7.2,12.2,10.3));
#19775 = DIRECTION('',(0.,-1.,-0.));
#19776 = DIRECTION('',(1.,0.,0.));
#19777 = ADVANCED_FACE('',(#19778),#19784,.T.);
#19778 = FACE_BOUND('',#19779,.T.);
#19779 = EDGE_LOOP('',(#19780,#19781,#19782,#19783));
#19780 = ORIENTED_EDGE('',*,*,#19592,.T.);
#19781 = ORIENTED_EDGE('',*,*,#19577,.T.);
#19782 = ORIENTED_EDGE('',*,*,#19765,.F.);
#19783 = ORIENTED_EDGE('',*,*,#19626,.F.);
#19784 = CYLINDRICAL_SURFACE('',#19785,0.3);
#19785 = AXIS2_PLACEMENT_3D('',#19786,#19787,#19788);
#19786 = CARTESIAN_POINT('',(5.,12.2,10.3));
#19787 = DIRECTION('',(1.,0.,-0.));
#19788 = DIRECTION('',(0.,1.,0.));
#19789 = ADVANCED_FACE('',(#19790),#19802,.T.);
#19790 = FACE_BOUND('',#19791,.F.);
#19791 = EDGE_LOOP('',(#19792,#19793,#19794,#19801));
#19792 = ORIENTED_EDGE('',*,*,#19609,.F.);
#19793 = ORIENTED_EDGE('',*,*,#19673,.T.);
#19794 = ORIENTED_EDGE('',*,*,#19795,.T.);
#19795 = EDGE_CURVE('',#19666,#19635,#19796,.T.);
#19796 = CIRCLE('',#19797,0.3);
#19797 = AXIS2_PLACEMENT_3D('',#19798,#19799,#19800);
#19798 = CARTESIAN_POINT('',(7.2,12.2,0.3));
#19799 = DIRECTION('',(1.,-6.123233995737E-17,0.));
#19800 = DIRECTION('',(6.123233995737E-17,1.,0.));
#19801 = ORIENTED_EDGE('',*,*,#19642,.F.);
#19802 = CYLINDRICAL_SURFACE('',#19803,0.3);
#19803 = AXIS2_PLACEMENT_3D('',#19804,#19805,#19806);
#19804 = CARTESIAN_POINT('',(5.,12.2,0.3));
#19805 = DIRECTION('',(1.,0.,-0.));
#19806 = DIRECTION('',(0.,1.,0.));
#19807 = ADVANCED_FACE('',(#19808),#19813,.T.);
#19808 = FACE_BOUND('',#19809,.T.);
#19809 = EDGE_LOOP('',(#19810,#19811,#19812));
#19810 = ORIENTED_EDGE('',*,*,#19748,.F.);
#19811 = ORIENTED_EDGE('',*,*,#19795,.T.);
#19812 = ORIENTED_EDGE('',*,*,#19723,.F.);
#19813 = SPHERICAL_SURFACE('',#19814,0.3);
#19814 = AXIS2_PLACEMENT_3D('',#19815,#19816,#19817);
#19815 = CARTESIAN_POINT('',(7.2,12.2,0.3));
#19816 = DIRECTION('',(0.,0.,1.));
#19817 = DIRECTION('',(1.,0.,-0.));
#19818 = ( GEOMETRIC_REPRESENTATION_CONTEXT(3)
GLOBAL_UNCERTAINTY_ASSIGNED_CONTEXT((#19822))
GLOBAL_UNIT_ASSIGNED_CONTEXT((#19819,#19820,#19821))
REPRESENTATION_CONTEXT('Context #1',
  '3D Context with UNIT and UNCERTAINTY') );
#19819 = ( LENGTH_UNIT() NAMED_UNIT(*) SI_UNIT(.MILLI.,.METRE.) );
#19820 = ( NAMED_UNIT(*) PLANE_ANGLE_UNIT() SI_UNIT($,.RADIAN.) );
#19821 = ( NAMED_UNIT(*) SI_UNIT($,.STERADIAN.) SOLID_ANGLE_UNIT() );
#19822 = UNCERTAINTY_MEASURE_WITH_UNIT(LENGTH_MEASURE(1.E-07),#19819,
  'distance_accuracy_value','confusion accuracy');
#19823 = CONTEXT_DEPENDENT_SHAPE_REPRESENTATION(#19824,#19826);
#19824 = ( REPRESENTATION_RELATIONSHIP('','',#19213,#10)
REPRESENTATION_RELATIONSHIP_WITH_TRANSFORMATION(#19825)
SHAPE_REPRESENTATION_RELATIONSHIP() );
#19825 = ITEM_DEFINED_TRANSFORMATION('','',#11,#155);
#19826 = PRODUCT_DEFINITION_SHAPE('Placement','Placement of an item',
  #19827);
#19827 = NEXT_ASSEMBLY_USAGE_OCCURRENCE('36','Spacer between P7 and P8',
  '',#5,#19208,$);
#19828 = PRODUCT_RELATED_PRODUCT_CATEGORY('part',$,(#19210));
#19829 = SHAPE_DEFINITION_REPRESENTATION(#19830,#19836);
#19830 = PRODUCT_DEFINITION_SHAPE('','',#19831);
#19831 = PRODUCT_DEFINITION('design','',#19832,#19835);
#19832 = PRODUCT_DEFINITION_FORMATION('','',#19833);
#19833 = PRODUCT('Actuator P8','Actuator P8','',(#19834));
#19834 = PRODUCT_CONTEXT('',#2,'mechanical');
#19835 = PRODUCT_DEFINITION_CONTEXT('part definition',#2,'design');
#19836 = ADVANCED_BREP_SHAPE_REPRESENTATION('',(#11,#19837),#20055);
#19837 = MANIFOLD_SOLID_BREP('',#19838);
#19838 = CLOSED_SHELL('',(#19839,#19879,#19910,#19941,#19972,#20005,
    #20027,#20041));
#19839 = ADVANCED_FACE('',(#19840),#19874,.T.);
#19840 = FACE_BOUND('',#19841,.T.);
#19841 = EDGE_LOOP('',(#19842,#19852,#19860,#19868));
#19842 = ORIENTED_EDGE('',*,*,#19843,.T.);
#19843 = EDGE_CURVE('',#19844,#19846,#19848,.T.);
#19844 = VERTEX_POINT('',#19845);
#19845 = CARTESIAN_POINT('',(0.6,-0.35,10.6));
#19846 = VERTEX_POINT('',#19847);
#19847 = CARTESIAN_POINT('',(4.4,-0.35,10.6));
#19848 = LINE('',#19849,#19850);
#19849 = CARTESIAN_POINT('',(0.6,-0.35,10.6));
#19850 = VECTOR('',#19851,1.);
#19851 = DIRECTION('',(1.,0.,0.));
#19852 = ORIENTED_EDGE('',*,*,#19853,.T.);
#19853 = EDGE_CURVE('',#19846,#19854,#19856,.T.);
#19854 = VERTEX_POINT('',#19855);
#19855 = CARTESIAN_POINT('',(4.4,9.45,10.6));
#19856 = LINE('',#19857,#19858);
#19857 = CARTESIAN_POINT('',(4.4,-0.35,10.6));
#19858 = VECTOR('',#19859,1.);
#19859 = DIRECTION('',(0.,1.,0.));
#19860 = ORIENTED_EDGE('',*,*,#19861,.F.);
#19861 = EDGE_CURVE('',#19862,#19854,#19864,.T.);
#19862 = VERTEX_POINT('',#19863);
#19863 = CARTESIAN_POINT('',(0.6,9.45,10.6));
#19864 = LINE('',#19865,#19866);
#19865 = CARTESIAN_POINT('',(0.6,9.45,10.6));
#19866 = VECTOR('',#19867,1.);
#19867 = DIRECTION('',(1.,0.,0.));
#19868 = ORIENTED_EDGE('',*,*,#19869,.F.);
#19869 = EDGE_CURVE('',#19844,#19862,#19870,.T.);
#19870 = LINE('',#19871,#19872);
#19871 = CARTESIAN_POINT('',(0.6,-0.35,10.6));
#19872 = VECTOR('',#19873,1.);
#19873 = DIRECTION('',(0.,1.,0.));
#19874 = PLANE('',#19875);
#19875 = AXIS2_PLACEMENT_3D('',#19876,#19877,#19878);
#19876 = CARTESIAN_POINT('',(0.6,-0.35,10.6));
#19877 = DIRECTION('',(0.,0.,1.));
#19878 = DIRECTION('',(0.,1.,0.));
#19879 = ADVANCED_FACE('',(#19880),#19905,.T.);
#19880 = FACE_BOUND('',#19881,.T.);
#19881 = EDGE_LOOP('',(#19882,#19892,#19898,#19899));
#19882 = ORIENTED_EDGE('',*,*,#19883,.T.);
#19883 = EDGE_CURVE('',#19884,#19886,#19888,.T.);
#19884 = VERTEX_POINT('',#19885);
#19885 = CARTESIAN_POINT('',(0.6,1.25,8.6));
#19886 = VERTEX_POINT('',#19887);
#19887 = CARTESIAN_POINT('',(4.4,1.25,8.6));
#19888 = LINE('',#19889,#19890);
#19889 = CARTESIAN_POINT('',(0.6,1.25,8.6));
#19890 = VECTOR('',#19891,1.);
#19891 = DIRECTION('',(1.,0.,0.));
#19892 = ORIENTED_EDGE('',*,*,#19893,.T.);
#19893 = EDGE_CURVE('',#19886,#19846,#19894,.T.);
#19894 = LINE('',#19895,#19896);
#19895 = CARTESIAN_POINT('',(4.4,1.25,8.6));
#19896 = VECTOR('',#19897,1.);
#19897 = DIRECTION('',(0.,-0.624695047554,0.780868809443));
#19898 = ORIENTED_EDGE('',*,*,#19843,.F.);
#19899 = ORIENTED_EDGE('',*,*,#19900,.F.);
#19900 = EDGE_CURVE('',#19884,#19844,#19901,.T.);
#19901 = LINE('',#19902,#19903);
#19902 = CARTESIAN_POINT('',(0.6,1.25,8.6));
#19903 = VECTOR('',#19904,1.);
#19904 = DIRECTION('',(0.,-0.624695047554,0.780868809443));
#19905 = PLANE('',#19906);
#19906 = AXIS2_PLACEMENT_3D('',#19907,#19908,#19909);
#19907 = CARTESIAN_POINT('',(0.6,1.25,8.6));
#19908 = DIRECTION('',(0.,-0.780868809443,-0.624695047554));
#19909 = DIRECTION('',(0.,-0.624695047554,0.780868809443));
#19910 = ADVANCED_FACE('',(#19911),#19936,.T.);
#19911 = FACE_BOUND('',#19912,.T.);
#19912 = EDGE_LOOP('',(#19913,#19921,#19922,#19930));
#19913 = ORIENTED_EDGE('',*,*,#19914,.F.);
#19914 = EDGE_CURVE('',#19862,#19915,#19917,.T.);
#19915 = VERTEX_POINT('',#19916);
#19916 = CARTESIAN_POINT('',(0.6,9.45,9.565923489271));
#19917 = LINE('',#19918,#19919);
#19918 = CARTESIAN_POINT('',(0.6,9.45,10.6));
#19919 = VECTOR('',#19920,1.);
#19920 = DIRECTION('',(0.,0.,-1.));
#19921 = ORIENTED_EDGE('',*,*,#19861,.T.);
#19922 = ORIENTED_EDGE('',*,*,#19923,.T.);
#19923 = EDGE_CURVE('',#19854,#19924,#19926,.T.);
#19924 = VERTEX_POINT('',#19925);
#19925 = CARTESIAN_POINT('',(4.4,9.45,9.565923489271));
#19926 = LINE('',#19927,#19928);
#19927 = CARTESIAN_POINT('',(4.4,9.45,10.6));
#19928 = VECTOR('',#19929,1.);
#19929 = DIRECTION('',(0.,0.,-1.));
#19930 = ORIENTED_EDGE('',*,*,#19931,.F.);
#19931 = EDGE_CURVE('',#19915,#19924,#19932,.T.);
#19932 = LINE('',#19933,#19934);
#19933 = CARTESIAN_POINT('',(0.6,9.45,9.565923489271));
#19934 = VECTOR('',#19935,1.);
#19935 = DIRECTION('',(1.,0.,0.));
#19936 = PLANE('',#19937);
#19937 = AXIS2_PLACEMENT_3D('',#19938,#19939,#19940);
#19938 = CARTESIAN_POINT('',(0.6,9.45,10.6));
#19939 = DIRECTION('',(-0.,1.,0.));
#19940 = DIRECTION('',(0.,0.,-1.));
#19941 = ADVANCED_FACE('',(#19942),#19967,.T.);
#19942 = FACE_BOUND('',#19943,.T.);
#19943 = EDGE_LOOP('',(#19944,#19954,#19960,#19961));
#19944 = ORIENTED_EDGE('',*,*,#19945,.T.);
#19945 = EDGE_CURVE('',#19946,#19948,#19950,.T.);
#19946 = VERTEX_POINT('',#19947);
#19947 = CARTESIAN_POINT('',(0.6,9.45,8.6));
#19948 = VERTEX_POINT('',#19949);
#19949 = CARTESIAN_POINT('',(4.4,9.45,8.6));
#19950 = LINE('',#19951,#19952);
#19951 = CARTESIAN_POINT('',(0.6,9.45,8.6));
#19952 = VECTOR('',#19953,1.);
#19953 = DIRECTION('',(1.,0.,0.));
#19954 = ORIENTED_EDGE('',*,*,#19955,.T.);
#19955 = EDGE_CURVE('',#19948,#19886,#19956,.T.);
#19956 = LINE('',#19957,#19958);
#19957 = CARTESIAN_POINT('',(4.4,9.45,8.6));
#19958 = VECTOR('',#19959,1.);
#19959 = DIRECTION('',(0.,-1.,0.));
#19960 = ORIENTED_EDGE('',*,*,#19883,.F.);
#19961 = ORIENTED_EDGE('',*,*,#19962,.F.);
#19962 = EDGE_CURVE('',#19946,#19884,#19963,.T.);
#19963 = LINE('',#19964,#19965);
#19964 = CARTESIAN_POINT('',(0.6,9.45,8.6));
#19965 = VECTOR('',#19966,1.);
#19966 = DIRECTION('',(0.,-1.,0.));
#19967 = PLANE('',#19968);
#19968 = AXIS2_PLACEMENT_3D('',#19969,#19970,#19971);
#19969 = CARTESIAN_POINT('',(0.6,9.45,8.6));
#19970 = DIRECTION('',(0.,0.,-1.));
#19971 = DIRECTION('',(0.,-1.,0.));
#19972 = ADVANCED_FACE('',(#19973),#20000,.T.);
#19973 = FACE_BOUND('',#19974,.T.);
#19974 = EDGE_LOOP('',(#19975,#19984,#19992,#19999));
#19975 = ORIENTED_EDGE('',*,*,#19976,.F.);
#19976 = EDGE_CURVE('',#19977,#19924,#19979,.T.);
#19977 = VERTEX_POINT('',#19978);
#19978 = CARTESIAN_POINT('',(4.4,9.45,8.834076510729));
#19979 = CIRCLE('',#19980,0.58);
#19980 = AXIS2_PLACEMENT_3D('',#19981,#19982,#19983);
#19981 = CARTESIAN_POINT('',(4.4,9.,9.2));
#19982 = DIRECTION('',(1.,0.,0.));
#19983 = DIRECTION('',(-0.,0.,1.));
#19984 = ORIENTED_EDGE('',*,*,#19985,.F.);
#19985 = EDGE_CURVE('',#19986,#19977,#19988,.T.);
#19986 = VERTEX_POINT('',#19987);
#19987 = CARTESIAN_POINT('',(0.6,9.45,8.834076510729));
#19988 = LINE('',#19989,#19990);
#19989 = CARTESIAN_POINT('',(0.6,9.45,8.834076510729));
#19990 = VECTOR('',#19991,1.);
#19991 = DIRECTION('',(1.,0.,0.));
#19992 = ORIENTED_EDGE('',*,*,#19993,.T.);
#19993 = EDGE_CURVE('',#19986,#19915,#19994,.T.);
#19994 = CIRCLE('',#19995,0.58);
#19995 = AXIS2_PLACEMENT_3D('',#19996,#19997,#19998);
#19996 = CARTESIAN_POINT('',(0.6,9.,9.2));
#19997 = DIRECTION('',(1.,0.,0.));
#19998 = DIRECTION('',(-0.,0.,1.));
#19999 = ORIENTED_EDGE('',*,*,#19931,.T.);
#20000 = CYLINDRICAL_SURFACE('',#20001,0.58);
#20001 = AXIS2_PLACEMENT_3D('',#20002,#20003,#20004);
#20002 = CARTESIAN_POINT('',(0.6,9.,9.2));
#20003 = DIRECTION('',(1.,0.,0.));
#20004 = DIRECTION('',(-0.,0.,1.));
#20005 = ADVANCED_FACE('',(#20006),#20022,.T.);
#20006 = FACE_BOUND('',#20007,.T.);
#20007 = EDGE_LOOP('',(#20008,#20014,#20015,#20021));
#20008 = ORIENTED_EDGE('',*,*,#20009,.F.);
#20009 = EDGE_CURVE('',#19986,#19946,#20010,.T.);
#20010 = LINE('',#20011,#20012);
#20011 = CARTESIAN_POINT('',(0.6,9.45,10.6));
#20012 = VECTOR('',#20013,1.);
#20013 = DIRECTION('',(0.,0.,-1.));
#20014 = ORIENTED_EDGE('',*,*,#19985,.T.);
#20015 = ORIENTED_EDGE('',*,*,#20016,.T.);
#20016 = EDGE_CURVE('',#19977,#19948,#20017,.T.);
#20017 = LINE('',#20018,#20019);
#20018 = CARTESIAN_POINT('',(4.4,9.45,10.6));
#20019 = VECTOR('',#20020,1.);
#20020 = DIRECTION('',(0.,0.,-1.));
#20021 = ORIENTED_EDGE('',*,*,#19945,.F.);
#20022 = PLANE('',#20023);
#20023 = AXIS2_PLACEMENT_3D('',#20024,#20025,#20026);
#20024 = CARTESIAN_POINT('',(0.6,9.45,10.6));
#20025 = DIRECTION('',(-0.,1.,0.));
#20026 = DIRECTION('',(0.,0.,-1.));
#20027 = ADVANCED_FACE('',(#20028),#20036,.T.);
#20028 = FACE_BOUND('',#20029,.T.);
#20029 = EDGE_LOOP('',(#20030,#20031,#20032,#20033,#20034,#20035));
#20030 = ORIENTED_EDGE('',*,*,#19900,.T.);
#20031 = ORIENTED_EDGE('',*,*,#19869,.T.);
#20032 = ORIENTED_EDGE('',*,*,#19914,.T.);
#20033 = ORIENTED_EDGE('',*,*,#19993,.F.);
#20034 = ORIENTED_EDGE('',*,*,#20009,.T.);
#20035 = ORIENTED_EDGE('',*,*,#19962,.T.);
#20036 = PLANE('',#20037);
#20037 = AXIS2_PLACEMENT_3D('',#20038,#20039,#20040);
#20038 = CARTESIAN_POINT('',(0.6,4.823284092834,9.669808456553));
#20039 = DIRECTION('',(-1.,-0.,-0.));
#20040 = DIRECTION('',(0.,0.,-1.));
#20041 = ADVANCED_FACE('',(#20042),#20050,.T.);
#20042 = FACE_BOUND('',#20043,.T.);
#20043 = EDGE_LOOP('',(#20044,#20045,#20046,#20047,#20048,#20049));
#20044 = ORIENTED_EDGE('',*,*,#19893,.F.);
#20045 = ORIENTED_EDGE('',*,*,#19955,.F.);
#20046 = ORIENTED_EDGE('',*,*,#20016,.F.);
#20047 = ORIENTED_EDGE('',*,*,#19976,.T.);
#20048 = ORIENTED_EDGE('',*,*,#19923,.F.);
#20049 = ORIENTED_EDGE('',*,*,#19853,.F.);
#20050 = PLANE('',#20051);
#20051 = AXIS2_PLACEMENT_3D('',#20052,#20053,#20054);
#20052 = CARTESIAN_POINT('',(4.4,4.823284092834,9.669808456553));
#20053 = DIRECTION('',(1.,0.,0.));
#20054 = DIRECTION('',(-0.,0.,1.));
#20055 = ( GEOMETRIC_REPRESENTATION_CONTEXT(3)
GLOBAL_UNCERTAINTY_ASSIGNED_CONTEXT((#20059))
GLOBAL_UNIT_ASSIGNED_CONTEXT((#20056,#20057,#20058))
REPRESENTATION_CONTEXT('Context #1',
  '3D Context with UNIT and UNCERTAINTY') );
#20056 = ( LENGTH_UNIT() NAMED_UNIT(*) SI_UNIT(.MILLI.,.METRE.) );
#20057 = ( NAMED_UNIT(*) PLANE_ANGLE_UNIT() SI_UNIT($,.RADIAN.) );
#20058 = ( NAMED_UNIT(*) SI_UNIT($,.STERADIAN.) SOLID_ANGLE_UNIT() );
#20059 = UNCERTAINTY_MEASURE_WITH_UNIT(LENGTH_MEASURE(1.E-07),#20056,
  'distance_accuracy_value','confusion accuracy');
#20060 = CONTEXT_DEPENDENT_SHAPE_REPRESENTATION(#20061,#20063);
#20061 = ( REPRESENTATION_RELATIONSHIP('','',#19836,#10)
REPRESENTATION_RELATIONSHIP_WITH_TRANSFORMATION(#20062)
SHAPE_REPRESENTATION_RELATIONSHIP() );
#20062 = ITEM_DEFINED_TRANSFORMATION('','',#11,#159);
#20063 = PRODUCT_DEFINITION_SHAPE('Placement','Placement of an item',
  #20064);
#20064 = NEXT_ASSEMBLY_USAGE_OCCURRENCE('37','Actuator P8','',#5,#19831,
  $);
#20065 = PRODUCT_RELATED_PRODUCT_CATEGORY('part',$,(#19833));
#20066 = SHAPE_DEFINITION_REPRESENTATION(#20067,#20073);
#20067 = PRODUCT_DEFINITION_SHAPE('','',#20068);
#20068 = PRODUCT_DEFINITION('design','',#20069,#20072);
#20069 = PRODUCT_DEFINITION_FORMATION('','',#20070);
#20070 = PRODUCT('Terminal Pin P8 A','Terminal Pin P8 A','',(#20071));
#20071 = PRODUCT_CONTEXT('',#2,'mechanical');
#20072 = PRODUCT_DEFINITION_CONTEXT('part definition',#2,'design');
#20073 = ADVANCED_BREP_SHAPE_REPRESENTATION('',(#11,#20074),#20224);
#20074 = MANIFOLD_SOLID_BREP('',#20075);
#20075 = CLOSED_SHELL('',(#20076,#20116,#20156,#20178,#20200,#20212));
#20076 = ADVANCED_FACE('',(#20077),#20111,.F.);
#20077 = FACE_BOUND('',#20078,.F.);
#20078 = EDGE_LOOP('',(#20079,#20089,#20097,#20105));
#20079 = ORIENTED_EDGE('',*,*,#20080,.F.);
#20080 = EDGE_CURVE('',#20081,#20083,#20085,.T.);
#20081 = VERTEX_POINT('',#20082);
#20082 = CARTESIAN_POINT('',(2.6,4.35,-3.));
#20083 = VERTEX_POINT('',#20084);
#20084 = CARTESIAN_POINT('',(2.6,4.35,0.));
#20085 = LINE('',#20086,#20087);
#20086 = CARTESIAN_POINT('',(2.6,4.35,-3.));
#20087 = VECTOR('',#20088,1.);
#20088 = DIRECTION('',(0.,0.,1.));
#20089 = ORIENTED_EDGE('',*,*,#20090,.T.);
#20090 = EDGE_CURVE('',#20081,#20091,#20093,.T.);
#20091 = VERTEX_POINT('',#20092);
#20092 = CARTESIAN_POINT('',(2.6,4.85,-3.));
#20093 = LINE('',#20094,#20095);
#20094 = CARTESIAN_POINT('',(2.6,4.35,-3.));
#20095 = VECTOR('',#20096,1.);
#20096 = DIRECTION('',(-0.,1.,0.));
#20097 = ORIENTED_EDGE('',*,*,#20098,.T.);
#20098 = EDGE_CURVE('',#20091,#20099,#20101,.T.);
#20099 = VERTEX_POINT('',#20100);
#20100 = CARTESIAN_POINT('',(2.6,4.85,0.));
#20101 = LINE('',#20102,#20103);
#20102 = CARTESIAN_POINT('',(2.6,4.85,-3.));
#20103 = VECTOR('',#20104,1.);
#20104 = DIRECTION('',(0.,0.,1.));
#20105 = ORIENTED_EDGE('',*,*,#20106,.F.);
#20106 = EDGE_CURVE('',#20083,#20099,#20107,.T.);
#20107 = LINE('',#20108,#20109);
#20108 = CARTESIAN_POINT('',(2.6,4.35,0.));
#20109 = VECTOR('',#20110,1.);
#20110 = DIRECTION('',(-0.,1.,0.));
#20111 = PLANE('',#20112);
#20112 = AXIS2_PLACEMENT_3D('',#20113,#20114,#20115);
#20113 = CARTESIAN_POINT('',(2.6,4.35,-3.));
#20114 = DIRECTION('',(1.,0.,-0.));
#20115 = DIRECTION('',(0.,0.,1.));
#20116 = ADVANCED_FACE('',(#20117),#20151,.T.);
#20117 = FACE_BOUND('',#20118,.T.);
#20118 = EDGE_LOOP('',(#20119,#20129,#20137,#20145));
#20119 = ORIENTED_EDGE('',*,*,#20120,.F.);
#20120 = EDGE_CURVE('',#20121,#20123,#20125,.T.);
#20121 = VERTEX_POINT('',#20122);
#20122 = CARTESIAN_POINT('',(3.4,4.35,-3.));
#20123 = VERTEX_POINT('',#20124);
#20124 = CARTESIAN_POINT('',(3.4,4.35,0.));
#20125 = LINE('',#20126,#20127);
#20126 = CARTESIAN_POINT('',(3.4,4.35,-3.));
#20127 = VECTOR('',#20128,1.);
#20128 = DIRECTION('',(0.,0.,1.));
#20129 = ORIENTED_EDGE('',*,*,#20130,.T.);
#20130 = EDGE_CURVE('',#20121,#20131,#20133,.T.);
#20131 = VERTEX_POINT('',#20132);
#20132 = CARTESIAN_POINT('',(3.4,4.85,-3.));
#20133 = LINE('',#20134,#20135);
#20134 = CARTESIAN_POINT('',(3.4,4.35,-3.));
#20135 = VECTOR('',#20136,1.);
#20136 = DIRECTION('',(-0.,1.,0.));
#20137 = ORIENTED_EDGE('',*,*,#20138,.T.);
#20138 = EDGE_CURVE('',#20131,#20139,#20141,.T.);
#20139 = VERTEX_POINT('',#20140);
#20140 = CARTESIAN_POINT('',(3.4,4.85,0.));
#20141 = LINE('',#20142,#20143);
#20142 = CARTESIAN_POINT('',(3.4,4.85,-3.));
#20143 = VECTOR('',#20144,1.);
#20144 = DIRECTION('',(0.,0.,1.));
#20145 = ORIENTED_EDGE('',*,*,#20146,.F.);
#20146 = EDGE_CURVE('',#20123,#20139,#20147,.T.);
#20147 = LINE('',#20148,#20149);
#20148 = CARTESIAN_POINT('',(3.4,4.35,0.));
#20149 = VECTOR('',#20150,1.);
#20150 = DIRECTION('',(-0.,1.,0.));
#20151 = PLANE('',#20152);
#20152 = AXIS2_PLACEMENT_3D('',#20153,#20154,#20155);
#20153 = CARTESIAN_POINT('',(3.4,4.35,-3.));
#20154 = DIRECTION('',(1.,0.,-0.));
#20155 = DIRECTION('',(0.,0.,1.));
#20156 = ADVANCED_FACE('',(#20157),#20173,.F.);
#20157 = FACE_BOUND('',#20158,.F.);
#20158 = EDGE_LOOP('',(#20159,#20165,#20166,#20172));
#20159 = ORIENTED_EDGE('',*,*,#20160,.F.);
#20160 = EDGE_CURVE('',#20081,#20121,#20161,.T.);
#20161 = LINE('',#20162,#20163);
#20162 = CARTESIAN_POINT('',(2.6,4.35,-3.));
#20163 = VECTOR('',#20164,1.);
#20164 = DIRECTION('',(1.,0.,-0.));
#20165 = ORIENTED_EDGE('',*,*,#20080,.T.);
#20166 = ORIENTED_EDGE('',*,*,#20167,.T.);
#20167 = EDGE_CURVE('',#20083,#20123,#20168,.T.);
#20168 = LINE('',#20169,#20170);
#20169 = CARTESIAN_POINT('',(2.6,4.35,0.));
#20170 = VECTOR('',#20171,1.);
#20171 = DIRECTION('',(1.,0.,-0.));
#20172 = ORIENTED_EDGE('',*,*,#20120,.F.);
#20173 = PLANE('',#20174);
#20174 = AXIS2_PLACEMENT_3D('',#20175,#20176,#20177);
#20175 = CARTESIAN_POINT('',(2.6,4.35,-3.));
#20176 = DIRECTION('',(-0.,1.,0.));
#20177 = DIRECTION('',(0.,0.,1.));
#20178 = ADVANCED_FACE('',(#20179),#20195,.T.);
#20179 = FACE_BOUND('',#20180,.T.);
#20180 = EDGE_LOOP('',(#20181,#20187,#20188,#20194));
#20181 = ORIENTED_EDGE('',*,*,#20182,.F.);
#20182 = EDGE_CURVE('',#20091,#20131,#20183,.T.);
#20183 = LINE('',#20184,#20185);
#20184 = CARTESIAN_POINT('',(2.6,4.85,-3.));
#20185 = VECTOR('',#20186,1.);
#20186 = DIRECTION('',(1.,0.,-0.));
#20187 = ORIENTED_EDGE('',*,*,#20098,.T.);
#20188 = ORIENTED_EDGE('',*,*,#20189,.T.);
#20189 = EDGE_CURVE('',#20099,#20139,#20190,.T.);
#20190 = LINE('',#20191,#20192);
#20191 = CARTESIAN_POINT('',(2.6,4.85,0.));
#20192 = VECTOR('',#20193,1.);
#20193 = DIRECTION('',(1.,0.,-0.));
#20194 = ORIENTED_EDGE('',*,*,#20138,.F.);
#20195 = PLANE('',#20196);
#20196 = AXIS2_PLACEMENT_3D('',#20197,#20198,#20199);
#20197 = CARTESIAN_POINT('',(2.6,4.85,-3.));
#20198 = DIRECTION('',(-0.,1.,0.));
#20199 = DIRECTION('',(0.,0.,1.));
#20200 = ADVANCED_FACE('',(#20201),#20207,.F.);
#20201 = FACE_BOUND('',#20202,.F.);
#20202 = EDGE_LOOP('',(#20203,#20204,#20205,#20206));
#20203 = ORIENTED_EDGE('',*,*,#20090,.F.);
#20204 = ORIENTED_EDGE('',*,*,#20160,.T.);
#20205 = ORIENTED_EDGE('',*,*,#20130,.T.);
#20206 = ORIENTED_EDGE('',*,*,#20182,.F.);
#20207 = PLANE('',#20208);
#20208 = AXIS2_PLACEMENT_3D('',#20209,#20210,#20211);
#20209 = CARTESIAN_POINT('',(2.6,4.35,-3.));
#20210 = DIRECTION('',(0.,0.,1.));
#20211 = DIRECTION('',(1.,0.,-0.));
#20212 = ADVANCED_FACE('',(#20213),#20219,.T.);
#20213 = FACE_BOUND('',#20214,.T.);
#20214 = EDGE_LOOP('',(#20215,#20216,#20217,#20218));
#20215 = ORIENTED_EDGE('',*,*,#20106,.F.);
#20216 = ORIENTED_EDGE('',*,*,#20167,.T.);
#20217 = ORIENTED_EDGE('',*,*,#20146,.T.);
#20218 = ORIENTED_EDGE('',*,*,#20189,.F.);
#20219 = PLANE('',#20220);
#20220 = AXIS2_PLACEMENT_3D('',#20221,#20222,#20223);
#20221 = CARTESIAN_POINT('',(2.6,4.35,0.));
#20222 = DIRECTION('',(0.,0.,1.));
#20223 = DIRECTION('',(1.,0.,-0.));
#20224 = ( GEOMETRIC_REPRESENTATION_CONTEXT(3)
GLOBAL_UNCERTAINTY_ASSIGNED_CONTEXT((#20228))
GLOBAL_UNIT_ASSIGNED_CONTEXT((#20225,#20226,#20227))
REPRESENTATION_CONTEXT('Context #1',
  '3D Context with UNIT and UNCERTAINTY') );
#20225 = ( LENGTH_UNIT() NAMED_UNIT(*) SI_UNIT(.MILLI.,.METRE.) );
#20226 = ( NAMED_UNIT(*) PLANE_ANGLE_UNIT() SI_UNIT($,.RADIAN.) );
#20227 = ( NAMED_UNIT(*) SI_UNIT($,.STERADIAN.) SOLID_ANGLE_UNIT() );
#20228 = UNCERTAINTY_MEASURE_WITH_UNIT(LENGTH_MEASURE(1.E-07),#20225,
  'distance_accuracy_value','confusion accuracy');
#20229 = CONTEXT_DEPENDENT_SHAPE_REPRESENTATION(#20230,#20232);
#20230 = ( REPRESENTATION_RELATIONSHIP('','',#20073,#10)
REPRESENTATION_RELATIONSHIP_WITH_TRANSFORMATION(#20231)
SHAPE_REPRESENTATION_RELATIONSHIP() );
#20231 = ITEM_DEFINED_TRANSFORMATION('','',#11,#163);
#20232 = PRODUCT_DEFINITION_SHAPE('Placement','Placement of an item',
  #20233);
#20233 = NEXT_ASSEMBLY_USAGE_OCCURRENCE('38','Terminal Pin P8 A','',#5,
  #20068,$);
#20234 = PRODUCT_RELATED_PRODUCT_CATEGORY('part',$,(#20070));
#20235 = SHAPE_DEFINITION_REPRESENTATION(#20236,#20242);
#20236 = PRODUCT_DEFINITION_SHAPE('','',#20237);
#20237 = PRODUCT_DEFINITION('design','',#20238,#20241);
#20238 = PRODUCT_DEFINITION_FORMATION('','',#20239);
#20239 = PRODUCT('Terminal Pin P8 B','Terminal Pin P8 B','',(#20240));
#20240 = PRODUCT_CONTEXT('',#2,'mechanical');
#20241 = PRODUCT_DEFINITION_CONTEXT('part definition',#2,'design');
#20242 = ADVANCED_BREP_SHAPE_REPRESENTATION('',(#11,#20243),#20393);
#20243 = MANIFOLD_SOLID_BREP('',#20244);
#20244 = CLOSED_SHELL('',(#20245,#20285,#20325,#20347,#20369,#20381));
#20245 = ADVANCED_FACE('',(#20246),#20280,.F.);
#20246 = FACE_BOUND('',#20247,.F.);
#20247 = EDGE_LOOP('',(#20248,#20258,#20266,#20274));
#20248 = ORIENTED_EDGE('',*,*,#20249,.F.);
#20249 = EDGE_CURVE('',#20250,#20252,#20254,.T.);
#20250 = VERTEX_POINT('',#20251);
#20251 = CARTESIAN_POINT('',(2.6,9.35,-3.));
#20252 = VERTEX_POINT('',#20253);
#20253 = CARTESIAN_POINT('',(2.6,9.35,0.));
#20254 = LINE('',#20255,#20256);
#20255 = CARTESIAN_POINT('',(2.6,9.35,-3.));
#20256 = VECTOR('',#20257,1.);
#20257 = DIRECTION('',(0.,0.,1.));
#20258 = ORIENTED_EDGE('',*,*,#20259,.T.);
#20259 = EDGE_CURVE('',#20250,#20260,#20262,.T.);
#20260 = VERTEX_POINT('',#20261);
#20261 = CARTESIAN_POINT('',(2.6,9.85,-3.));
#20262 = LINE('',#20263,#20264);
#20263 = CARTESIAN_POINT('',(2.6,9.35,-3.));
#20264 = VECTOR('',#20265,1.);
#20265 = DIRECTION('',(-0.,1.,0.));
#20266 = ORIENTED_EDGE('',*,*,#20267,.T.);
#20267 = EDGE_CURVE('',#20260,#20268,#20270,.T.);
#20268 = VERTEX_POINT('',#20269);
#20269 = CARTESIAN_POINT('',(2.6,9.85,0.));
#20270 = LINE('',#20271,#20272);
#20271 = CARTESIAN_POINT('',(2.6,9.85,-3.));
#20272 = VECTOR('',#20273,1.);
#20273 = DIRECTION('',(0.,0.,1.));
#20274 = ORIENTED_EDGE('',*,*,#20275,.F.);
#20275 = EDGE_CURVE('',#20252,#20268,#20276,.T.);
#20276 = LINE('',#20277,#20278);
#20277 = CARTESIAN_POINT('',(2.6,9.35,0.));
#20278 = VECTOR('',#20279,1.);
#20279 = DIRECTION('',(-0.,1.,0.));
#20280 = PLANE('',#20281);
#20281 = AXIS2_PLACEMENT_3D('',#20282,#20283,#20284);
#20282 = CARTESIAN_POINT('',(2.6,9.35,-3.));
#20283 = DIRECTION('',(1.,0.,-0.));
#20284 = DIRECTION('',(0.,0.,1.));
#20285 = ADVANCED_FACE('',(#20286),#20320,.T.);
#20286 = FACE_BOUND('',#20287,.T.);
#20287 = EDGE_LOOP('',(#20288,#20298,#20306,#20314));
#20288 = ORIENTED_EDGE('',*,*,#20289,.F.);
#20289 = EDGE_CURVE('',#20290,#20292,#20294,.T.);
#20290 = VERTEX_POINT('',#20291);
#20291 = CARTESIAN_POINT('',(3.4,9.35,-3.));
#20292 = VERTEX_POINT('',#20293);
#20293 = CARTESIAN_POINT('',(3.4,9.35,0.));
#20294 = LINE('',#20295,#20296);
#20295 = CARTESIAN_POINT('',(3.4,9.35,-3.));
#20296 = VECTOR('',#20297,1.);
#20297 = DIRECTION('',(0.,0.,1.));
#20298 = ORIENTED_EDGE('',*,*,#20299,.T.);
#20299 = EDGE_CURVE('',#20290,#20300,#20302,.T.);
#20300 = VERTEX_POINT('',#20301);
#20301 = CARTESIAN_POINT('',(3.4,9.85,-3.));
#20302 = LINE('',#20303,#20304);
#20303 = CARTESIAN_POINT('',(3.4,9.35,-3.));
#20304 = VECTOR('',#20305,1.);
#20305 = DIRECTION('',(-0.,1.,0.));
#20306 = ORIENTED_EDGE('',*,*,#20307,.T.);
#20307 = EDGE_CURVE('',#20300,#20308,#20310,.T.);
#20308 = VERTEX_POINT('',#20309);
#20309 = CARTESIAN_POINT('',(3.4,9.85,0.));
#20310 = LINE('',#20311,#20312);
#20311 = CARTESIAN_POINT('',(3.4,9.85,-3.));
#20312 = VECTOR('',#20313,1.);
#20313 = DIRECTION('',(0.,0.,1.));
#20314 = ORIENTED_EDGE('',*,*,#20315,.F.);
#20315 = EDGE_CURVE('',#20292,#20308,#20316,.T.);
#20316 = LINE('',#20317,#20318);
#20317 = CARTESIAN_POINT('',(3.4,9.35,0.));
#20318 = VECTOR('',#20319,1.);
#20319 = DIRECTION('',(-0.,1.,0.));
#20320 = PLANE('',#20321);
#20321 = AXIS2_PLACEMENT_3D('',#20322,#20323,#20324);
#20322 = CARTESIAN_POINT('',(3.4,9.35,-3.));
#20323 = DIRECTION('',(1.,0.,-0.));
#20324 = DIRECTION('',(0.,0.,1.));
#20325 = ADVANCED_FACE('',(#20326),#20342,.F.);
#20326 = FACE_BOUND('',#20327,.F.);
#20327 = EDGE_LOOP('',(#20328,#20334,#20335,#20341));
#20328 = ORIENTED_EDGE('',*,*,#20329,.F.);
#20329 = EDGE_CURVE('',#20250,#20290,#20330,.T.);
#20330 = LINE('',#20331,#20332);
#20331 = CARTESIAN_POINT('',(2.6,9.35,-3.));
#20332 = VECTOR('',#20333,1.);
#20333 = DIRECTION('',(1.,0.,-0.));
#20334 = ORIENTED_EDGE('',*,*,#20249,.T.);
#20335 = ORIENTED_EDGE('',*,*,#20336,.T.);
#20336 = EDGE_CURVE('',#20252,#20292,#20337,.T.);
#20337 = LINE('',#20338,#20339);
#20338 = CARTESIAN_POINT('',(2.6,9.35,0.));
#20339 = VECTOR('',#20340,1.);
#20340 = DIRECTION('',(1.,0.,-0.));
#20341 = ORIENTED_EDGE('',*,*,#20289,.F.);
#20342 = PLANE('',#20343);
#20343 = AXIS2_PLACEMENT_3D('',#20344,#20345,#20346);
#20344 = CARTESIAN_POINT('',(2.6,9.35,-3.));
#20345 = DIRECTION('',(-0.,1.,0.));
#20346 = DIRECTION('',(0.,0.,1.));
#20347 = ADVANCED_FACE('',(#20348),#20364,.T.);
#20348 = FACE_BOUND('',#20349,.T.);
#20349 = EDGE_LOOP('',(#20350,#20356,#20357,#20363));
#20350 = ORIENTED_EDGE('',*,*,#20351,.F.);
#20351 = EDGE_CURVE('',#20260,#20300,#20352,.T.);
#20352 = LINE('',#20353,#20354);
#20353 = CARTESIAN_POINT('',(2.6,9.85,-3.));
#20354 = VECTOR('',#20355,1.);
#20355 = DIRECTION('',(1.,0.,-0.));
#20356 = ORIENTED_EDGE('',*,*,#20267,.T.);
#20357 = ORIENTED_EDGE('',*,*,#20358,.T.);
#20358 = EDGE_CURVE('',#20268,#20308,#20359,.T.);
#20359 = LINE('',#20360,#20361);
#20360 = CARTESIAN_POINT('',(2.6,9.85,0.));
#20361 = VECTOR('',#20362,1.);
#20362 = DIRECTION('',(1.,0.,-0.));
#20363 = ORIENTED_EDGE('',*,*,#20307,.F.);
#20364 = PLANE('',#20365);
#20365 = AXIS2_PLACEMENT_3D('',#20366,#20367,#20368);
#20366 = CARTESIAN_POINT('',(2.6,9.85,-3.));
#20367 = DIRECTION('',(-0.,1.,0.));
#20368 = DIRECTION('',(0.,0.,1.));
#20369 = ADVANCED_FACE('',(#20370),#20376,.F.);
#20370 = FACE_BOUND('',#20371,.F.);
#20371 = EDGE_LOOP('',(#20372,#20373,#20374,#20375));
#20372 = ORIENTED_EDGE('',*,*,#20259,.F.);
#20373 = ORIENTED_EDGE('',*,*,#20329,.T.);
#20374 = ORIENTED_EDGE('',*,*,#20299,.T.);
#20375 = ORIENTED_EDGE('',*,*,#20351,.F.);
#20376 = PLANE('',#20377);
#20377 = AXIS2_PLACEMENT_3D('',#20378,#20379,#20380);
#20378 = CARTESIAN_POINT('',(2.6,9.35,-3.));
#20379 = DIRECTION('',(0.,0.,1.));
#20380 = DIRECTION('',(1.,0.,-0.));
#20381 = ADVANCED_FACE('',(#20382),#20388,.T.);
#20382 = FACE_BOUND('',#20383,.T.);
#20383 = EDGE_LOOP('',(#20384,#20385,#20386,#20387));
#20384 = ORIENTED_EDGE('',*,*,#20275,.F.);
#20385 = ORIENTED_EDGE('',*,*,#20336,.T.);
#20386 = ORIENTED_EDGE('',*,*,#20315,.T.);
#20387 = ORIENTED_EDGE('',*,*,#20358,.F.);
#20388 = PLANE('',#20389);
#20389 = AXIS2_PLACEMENT_3D('',#20390,#20391,#20392);
#20390 = CARTESIAN_POINT('',(2.6,9.35,0.));
#20391 = DIRECTION('',(0.,0.,1.));
#20392 = DIRECTION('',(1.,0.,-0.));
#20393 = ( GEOMETRIC_REPRESENTATION_CONTEXT(3)
GLOBAL_UNCERTAINTY_ASSIGNED_CONTEXT((#20397))
GLOBAL_UNIT_ASSIGNED_CONTEXT((#20394,#20395,#20396))
REPRESENTATION_CONTEXT('Context #1',
  '3D Context with UNIT and UNCERTAINTY') );
#20394 = ( LENGTH_UNIT() NAMED_UNIT(*) SI_UNIT(.MILLI.,.METRE.) );
#20395 = ( NAMED_UNIT(*) PLANE_ANGLE_UNIT() SI_UNIT($,.RADIAN.) );
#20396 = ( NAMED_UNIT(*) SI_UNIT($,.STERADIAN.) SOLID_ANGLE_UNIT() );
#20397 = UNCERTAINTY_MEASURE_WITH_UNIT(LENGTH_MEASURE(1.E-07),#20394,
  'distance_accuracy_value','confusion accuracy');
#20398 = CONTEXT_DEPENDENT_SHAPE_REPRESENTATION(#20399,#20401);
#20399 = ( REPRESENTATION_RELATIONSHIP('','',#20242,#10)
REPRESENTATION_RELATIONSHIP_WITH_TRANSFORMATION(#20400)
SHAPE_REPRESENTATION_RELATIONSHIP() );
#20400 = ITEM_DEFINED_TRANSFORMATION('','',#11,#167);
#20401 = PRODUCT_DEFINITION_SHAPE('Placement','Placement of an item',
  #20402);
#20402 = NEXT_ASSEMBLY_USAGE_OCCURRENCE('39','Terminal Pin P8 B','',#5,
  #20237,$);
#20403 = PRODUCT_RELATED_PRODUCT_CATEGORY('part',$,(#20239));
#20404 = SHAPE_DEFINITION_REPRESENTATION(#20405,#20411);
#20405 = PRODUCT_DEFINITION_SHAPE('','',#20406);
#20406 = PRODUCT_DEFINITION('design','',#20407,#20410);
#20407 = PRODUCT_DEFINITION_FORMATION('','',#20408);
#20408 = PRODUCT('1.5 mm Side Cover','1.5 mm Side Cover','',(#20409));
#20409 = PRODUCT_CONTEXT('',#2,'mechanical');
#20410 = PRODUCT_DEFINITION_CONTEXT('part definition',#2,'design');
#20411 = ADVANCED_BREP_SHAPE_REPRESENTATION('',(#11,#20412),#21286);
#20412 = MANIFOLD_SOLID_BREP('',#20413);
#20413 = CLOSED_SHELL('',(#20414,#20462,#20495,#20554,#20579,#20612,
    #20645,#20669,#20686,#20711,#20809,#20834,#20851,#20868,#20885,
    #20916,#20947,#20965,#20982,#21000,#21024,#21049,#21074,#21099,
    #21124,#21149,#21174,#21191,#21203,#21221,#21232,#21241,#21250,
    #21259,#21268,#21277));
#20414 = ADVANCED_FACE('',(#20415),#20457,.F.);
#20415 = FACE_BOUND('',#20416,.F.);
#20416 = EDGE_LOOP('',(#20417,#20427,#20435,#20443,#20451));
#20417 = ORIENTED_EDGE('',*,*,#20418,.F.);
#20418 = EDGE_CURVE('',#20419,#20421,#20423,.T.);
#20419 = VERTEX_POINT('',#20420);
#20420 = CARTESIAN_POINT('',(57.5,0.3,0.3));
#20421 = VERTEX_POINT('',#20422);
#20422 = CARTESIAN_POINT('',(57.5,0.3,9.086363636364));
#20423 = LINE('',#20424,#20425);
#20424 = CARTESIAN_POINT('',(57.5,0.3,0.));
#20425 = VECTOR('',#20426,1.);
#20426 = DIRECTION('',(0.,0.,1.));
#20427 = ORIENTED_EDGE('',*,*,#20428,.T.);
#20428 = EDGE_CURVE('',#20419,#20429,#20431,.T.);
#20429 = VERTEX_POINT('',#20430);
#20430 = CARTESIAN_POINT('',(57.5,12.2,0.3));
#20431 = LINE('',#20432,#20433);
#20432 = CARTESIAN_POINT('',(57.5,0.,0.3));
#20433 = VECTOR('',#20434,1.);
#20434 = DIRECTION('',(-0.,1.,0.));
#20435 = ORIENTED_EDGE('',*,*,#20436,.T.);
#20436 = EDGE_CURVE('',#20429,#20437,#20439,.T.);
#20437 = VERTEX_POINT('',#20438);
#20438 = CARTESIAN_POINT('',(57.5,12.2,10.3));
#20439 = LINE('',#20440,#20441);
#20440 = CARTESIAN_POINT('',(57.5,12.2,0.));
#20441 = VECTOR('',#20442,1.);
#20442 = DIRECTION('',(0.,0.,1.));
#20443 = ORIENTED_EDGE('',*,*,#20444,.F.);
#20444 = EDGE_CURVE('',#20445,#20437,#20447,.T.);
#20445 = VERTEX_POINT('',#20446);
#20446 = CARTESIAN_POINT('',(57.5,1.743243243243,10.3));
#20447 = LINE('',#20448,#20449);
#20448 = CARTESIAN_POINT('',(57.5,0.,10.3));
#20449 = VECTOR('',#20450,1.);
#20450 = DIRECTION('',(-0.,1.,0.));
#20451 = ORIENTED_EDGE('',*,*,#20452,.F.);
#20452 = EDGE_CURVE('',#20421,#20445,#20453,.T.);
#20453 = LINE('',#20454,#20455);
#20454 = CARTESIAN_POINT('',(57.5,-1.125779122542,7.88741301059));
#20455 = VECTOR('',#20456,1.);
#20456 = DIRECTION('',(0.,0.765362085905,0.643599935875));
#20457 = PLANE('',#20458);
#20458 = AXIS2_PLACEMENT_3D('',#20459,#20460,#20461);
#20459 = CARTESIAN_POINT('',(57.5,0.,0.));
#20460 = DIRECTION('',(1.,0.,-0.));
#20461 = DIRECTION('',(0.,0.,1.));
#20462 = ADVANCED_FACE('',(#20463),#20490,.T.);
#20463 = FACE_BOUND('',#20464,.T.);
#20464 = EDGE_LOOP('',(#20465,#20466,#20475,#20483));
#20465 = ORIENTED_EDGE('',*,*,#20418,.F.);
#20466 = ORIENTED_EDGE('',*,*,#20467,.T.);
#20467 = EDGE_CURVE('',#20419,#20468,#20470,.T.);
#20468 = VERTEX_POINT('',#20469);
#20469 = CARTESIAN_POINT('',(57.8,-5.551115123126E-17,0.3));
#20470 = CIRCLE('',#20471,0.3);
#20471 = AXIS2_PLACEMENT_3D('',#20472,#20473,#20474);
#20472 = CARTESIAN_POINT('',(57.8,0.3,0.3));
#20473 = DIRECTION('',(0.,0.,1.));
#20474 = DIRECTION('',(-1.,0.,0.));
#20475 = ORIENTED_EDGE('',*,*,#20476,.T.);
#20476 = EDGE_CURVE('',#20468,#20477,#20479,.T.);
#20477 = VERTEX_POINT('',#20478);
#20478 = CARTESIAN_POINT('',(57.8,-5.551115123126E-17,8.834090909091));
#20479 = LINE('',#20480,#20481);
#20480 = CARTESIAN_POINT('',(57.8,-5.551115123126E-17,0.));
#20481 = VECTOR('',#20482,1.);
#20482 = DIRECTION('',(0.,0.,1.));
#20483 = ORIENTED_EDGE('',*,*,#20484,.T.);
#20484 = EDGE_CURVE('',#20477,#20421,#20485,.T.);
#20485 = ELLIPSE('',#20486,0.391971336867,0.3);
#20486 = AXIS2_PLACEMENT_3D('',#20487,#20488,#20489);
#20487 = CARTESIAN_POINT('',(57.8,0.3,9.086363636364));
#20488 = DIRECTION('',(0.,0.643599935875,-0.765362085905));
#20489 = DIRECTION('',(0.,0.765362085905,0.643599935875));
#20490 = CYLINDRICAL_SURFACE('',#20491,0.3);
#20491 = AXIS2_PLACEMENT_3D('',#20492,#20493,#20494);
#20492 = CARTESIAN_POINT('',(57.8,0.3,0.));
#20493 = DIRECTION('',(0.,0.,1.));
#20494 = DIRECTION('',(-1.,-0.,0.));
#20495 = ADVANCED_FACE('',(#20496),#20549,.F.);
#20496 = FACE_BOUND('',#20497,.F.);
#20497 = EDGE_LOOP('',(#20498,#20507,#20515,#20524,#20532,#20541,#20547,
    #20548));
#20498 = ORIENTED_EDGE('',*,*,#20499,.T.);
#20499 = EDGE_CURVE('',#20445,#20500,#20502,.T.);
#20500 = VERTEX_POINT('',#20501);
#20501 = CARTESIAN_POINT('',(57.8,2.1,10.6));
#20502 = ELLIPSE('',#20503,0.466128076275,0.3);
#20503 = AXIS2_PLACEMENT_3D('',#20504,#20505,#20506);
#20504 = CARTESIAN_POINT('',(57.8,1.743243243243,10.3));
#20505 = DIRECTION('',(0.,0.643599935875,-0.765362085905));
#20506 = DIRECTION('',(0.,0.765362085905,0.643599935875));
#20507 = ORIENTED_EDGE('',*,*,#20508,.T.);
#20508 = EDGE_CURVE('',#20500,#20509,#20511,.T.);
#20509 = VERTEX_POINT('',#20510);
#20510 = CARTESIAN_POINT('',(58.7,2.1,10.6));
#20511 = LINE('',#20512,#20513);
#20512 = CARTESIAN_POINT('',(57.4,2.1,10.6));
#20513 = VECTOR('',#20514,1.);
#20514 = DIRECTION('',(1.,0.,0.));
#20515 = ORIENTED_EDGE('',*,*,#20516,.T.);
#20516 = EDGE_CURVE('',#20509,#20517,#20519,.T.);
#20517 = VERTEX_POINT('',#20518);
#20518 = CARTESIAN_POINT('',(59.,1.743243243243,10.3));
#20519 = ELLIPSE('',#20520,0.466128076275,0.3);
#20520 = AXIS2_PLACEMENT_3D('',#20521,#20522,#20523);
#20521 = CARTESIAN_POINT('',(58.7,1.743243243243,10.3));
#20522 = DIRECTION('',(0.,0.643599935875,-0.765362085905));
#20523 = DIRECTION('',(0.,0.765362085905,0.643599935875));
#20524 = ORIENTED_EDGE('',*,*,#20525,.F.);
#20525 = EDGE_CURVE('',#20526,#20517,#20528,.T.);
#20526 = VERTEX_POINT('',#20527);
#20527 = CARTESIAN_POINT('',(59.,0.3,9.086363636364));
#20528 = LINE('',#20529,#20530);
#20529 = CARTESIAN_POINT('',(59.,-1.125779122542,7.88741301059));
#20530 = VECTOR('',#20531,1.);
#20531 = DIRECTION('',(0.,0.765362085905,0.643599935875));
#20532 = ORIENTED_EDGE('',*,*,#20533,.T.);
#20533 = EDGE_CURVE('',#20526,#20534,#20536,.T.);
#20534 = VERTEX_POINT('',#20535);
#20535 = CARTESIAN_POINT('',(58.7,-5.551115123126E-17,8.834090909091));
#20536 = ELLIPSE('',#20537,0.391971336867,0.3);
#20537 = AXIS2_PLACEMENT_3D('',#20538,#20539,#20540);
#20538 = CARTESIAN_POINT('',(58.7,0.3,9.086363636364));
#20539 = DIRECTION('',(0.,0.643599935875,-0.765362085905));
#20540 = DIRECTION('',(0.,0.765362085905,0.643599935875));
#20541 = ORIENTED_EDGE('',*,*,#20542,.T.);
#20542 = EDGE_CURVE('',#20534,#20477,#20543,.T.);
#20543 = LINE('',#20544,#20545);
#20544 = CARTESIAN_POINT('',(57.45,2.22044604925E-16,8.834090909091));
#20545 = VECTOR('',#20546,1.);
#20546 = DIRECTION('',(-1.,0.,-0.));
#20547 = ORIENTED_EDGE('',*,*,#20484,.T.);
#20548 = ORIENTED_EDGE('',*,*,#20452,.T.);
#20549 = PLANE('',#20550);
#20550 = AXIS2_PLACEMENT_3D('',#20551,#20552,#20553);
#20551 = CARTESIAN_POINT('',(57.4,2.1,10.6));
#20552 = DIRECTION('',(0.,0.643599935875,-0.765362085905));
#20553 = DIRECTION('',(0.,-0.765362085905,-0.643599935875));
#20554 = ADVANCED_FACE('',(#20555),#20574,.T.);
#20555 = FACE_BOUND('',#20556,.T.);
#20556 = EDGE_LOOP('',(#20557,#20558,#20566,#20573));
#20557 = ORIENTED_EDGE('',*,*,#20499,.T.);
#20558 = ORIENTED_EDGE('',*,*,#20559,.T.);
#20559 = EDGE_CURVE('',#20500,#20560,#20562,.T.);
#20560 = VERTEX_POINT('',#20561);
#20561 = CARTESIAN_POINT('',(57.8,12.2,10.6));
#20562 = LINE('',#20563,#20564);
#20563 = CARTESIAN_POINT('',(57.8,0.,10.6));
#20564 = VECTOR('',#20565,1.);
#20565 = DIRECTION('',(-0.,1.,0.));
#20566 = ORIENTED_EDGE('',*,*,#20567,.F.);
#20567 = EDGE_CURVE('',#20437,#20560,#20568,.T.);
#20568 = CIRCLE('',#20569,0.3);
#20569 = AXIS2_PLACEMENT_3D('',#20570,#20571,#20572);
#20570 = CARTESIAN_POINT('',(57.8,12.2,10.3));
#20571 = DIRECTION('',(-0.,1.,0.));
#20572 = DIRECTION('',(-1.,-0.,0.));
#20573 = ORIENTED_EDGE('',*,*,#20444,.F.);
#20574 = CYLINDRICAL_SURFACE('',#20575,0.3);
#20575 = AXIS2_PLACEMENT_3D('',#20576,#20577,#20578);
#20576 = CARTESIAN_POINT('',(57.8,0.,10.3));
#20577 = DIRECTION('',(-0.,1.,0.));
#20578 = DIRECTION('',(-1.,-0.,0.));
#20579 = ADVANCED_FACE('',(#20580),#20607,.T.);
#20580 = FACE_BOUND('',#20581,.F.);
#20581 = EDGE_LOOP('',(#20582,#20583,#20592,#20600));
#20582 = ORIENTED_EDGE('',*,*,#20436,.F.);
#20583 = ORIENTED_EDGE('',*,*,#20584,.T.);
#20584 = EDGE_CURVE('',#20429,#20585,#20587,.T.);
#20585 = VERTEX_POINT('',#20586);
#20586 = CARTESIAN_POINT('',(57.8,12.5,0.3));
#20587 = CIRCLE('',#20588,0.3);
#20588 = AXIS2_PLACEMENT_3D('',#20589,#20590,#20591);
#20589 = CARTESIAN_POINT('',(57.8,12.2,0.3));
#20590 = DIRECTION('',(-0.,0.,-1.));
#20591 = DIRECTION('',(-1.,0.,0.));
#20592 = ORIENTED_EDGE('',*,*,#20593,.T.);
#20593 = EDGE_CURVE('',#20585,#20594,#20596,.T.);
#20594 = VERTEX_POINT('',#20595);
#20595 = CARTESIAN_POINT('',(57.8,12.5,10.3));
#20596 = LINE('',#20597,#20598);
#20597 = CARTESIAN_POINT('',(57.8,12.5,0.));
#20598 = VECTOR('',#20599,1.);
#20599 = DIRECTION('',(0.,0.,1.));
#20600 = ORIENTED_EDGE('',*,*,#20601,.T.);
#20601 = EDGE_CURVE('',#20594,#20437,#20602,.T.);
#20602 = CIRCLE('',#20603,0.3);
#20603 = AXIS2_PLACEMENT_3D('',#20604,#20605,#20606);
#20604 = CARTESIAN_POINT('',(57.8,12.2,10.3));
#20605 = DIRECTION('',(0.,0.,1.));
#20606 = DIRECTION('',(-1.,-0.,0.));
#20607 = CYLINDRICAL_SURFACE('',#20608,0.3);
#20608 = AXIS2_PLACEMENT_3D('',#20609,#20610,#20611);
#20609 = CARTESIAN_POINT('',(57.8,12.2,0.));
#20610 = DIRECTION('',(0.,0.,1.));
#20611 = DIRECTION('',(-1.,-0.,0.));
#20612 = ADVANCED_FACE('',(#20613),#20640,.T.);
#20613 = FACE_BOUND('',#20614,.F.);
#20614 = EDGE_LOOP('',(#20615,#20624,#20632,#20639));
#20615 = ORIENTED_EDGE('',*,*,#20616,.F.);
#20616 = EDGE_CURVE('',#20617,#20419,#20619,.T.);
#20617 = VERTEX_POINT('',#20618);
#20618 = CARTESIAN_POINT('',(57.8,0.3,0.));
#20619 = CIRCLE('',#20620,0.3);
#20620 = AXIS2_PLACEMENT_3D('',#20621,#20622,#20623);
#20621 = CARTESIAN_POINT('',(57.8,0.3,0.3));
#20622 = DIRECTION('',(0.,1.,-0.));
#20623 = DIRECTION('',(-1.,0.,0.));
#20624 = ORIENTED_EDGE('',*,*,#20625,.T.);
#20625 = EDGE_CURVE('',#20617,#20626,#20628,.T.);
#20626 = VERTEX_POINT('',#20627);
#20627 = CARTESIAN_POINT('',(57.8,12.2,0.));
#20628 = LINE('',#20629,#20630);
#20629 = CARTESIAN_POINT('',(57.8,0.,-5.551115123126E-17));
#20630 = VECTOR('',#20631,1.);
#20631 = DIRECTION('',(-0.,1.,0.));
#20632 = ORIENTED_EDGE('',*,*,#20633,.T.);
#20633 = EDGE_CURVE('',#20626,#20429,#20634,.T.);
#20634 = CIRCLE('',#20635,0.3);
#20635 = AXIS2_PLACEMENT_3D('',#20636,#20637,#20638);
#20636 = CARTESIAN_POINT('',(57.8,12.2,0.3));
#20637 = DIRECTION('',(0.,1.,-0.));
#20638 = DIRECTION('',(-1.,0.,0.));
#20639 = ORIENTED_EDGE('',*,*,#20428,.F.);
#20640 = CYLINDRICAL_SURFACE('',#20641,0.3);
#20641 = AXIS2_PLACEMENT_3D('',#20642,#20643,#20644);
#20642 = CARTESIAN_POINT('',(57.8,0.,0.3));
#20643 = DIRECTION('',(-0.,1.,0.));
#20644 = DIRECTION('',(-1.,-0.,0.));
#20645 = ADVANCED_FACE('',(#20646),#20664,.F.);
#20646 = FACE_BOUND('',#20647,.F.);
#20647 = EDGE_LOOP('',(#20648,#20656,#20657,#20658));
#20648 = ORIENTED_EDGE('',*,*,#20649,.F.);
#20649 = EDGE_CURVE('',#20468,#20650,#20652,.T.);
#20650 = VERTEX_POINT('',#20651);
#20651 = CARTESIAN_POINT('',(58.7,-5.551115123126E-17,0.3));
#20652 = LINE('',#20653,#20654);
#20653 = CARTESIAN_POINT('',(57.5,-5.551115123126E-17,0.3));
#20654 = VECTOR('',#20655,1.);
#20655 = DIRECTION('',(1.,0.,-0.));
#20656 = ORIENTED_EDGE('',*,*,#20476,.T.);
#20657 = ORIENTED_EDGE('',*,*,#20542,.F.);
#20658 = ORIENTED_EDGE('',*,*,#20659,.F.);
#20659 = EDGE_CURVE('',#20650,#20534,#20660,.T.);
#20660 = LINE('',#20661,#20662);
#20661 = CARTESIAN_POINT('',(58.7,-5.551115123126E-17,0.));
#20662 = VECTOR('',#20663,1.);
#20663 = DIRECTION('',(0.,0.,1.));
#20664 = PLANE('',#20665);
#20665 = AXIS2_PLACEMENT_3D('',#20666,#20667,#20668);
#20666 = CARTESIAN_POINT('',(57.5,0.,0.));
#20667 = DIRECTION('',(-0.,1.,0.));
#20668 = DIRECTION('',(0.,0.,1.));
#20669 = ADVANCED_FACE('',(#20670),#20681,.T.);
#20670 = FACE_BOUND('',#20671,.T.);
#20671 = EDGE_LOOP('',(#20672,#20673,#20680));
#20672 = ORIENTED_EDGE('',*,*,#20616,.F.);
#20673 = ORIENTED_EDGE('',*,*,#20674,.T.);
#20674 = EDGE_CURVE('',#20617,#20468,#20675,.T.);
#20675 = CIRCLE('',#20676,0.3);
#20676 = AXIS2_PLACEMENT_3D('',#20677,#20678,#20679);
#20677 = CARTESIAN_POINT('',(57.8,0.3,0.3));
#20678 = DIRECTION('',(-1.,6.123233995737E-17,0.));
#20679 = DIRECTION('',(-6.123233995737E-17,-1.,0.));
#20680 = ORIENTED_EDGE('',*,*,#20467,.F.);
#20681 = SPHERICAL_SURFACE('',#20682,0.3);
#20682 = AXIS2_PLACEMENT_3D('',#20683,#20684,#20685);
#20683 = CARTESIAN_POINT('',(57.8,0.3,0.3));
#20684 = DIRECTION('',(0.,0.,1.));
#20685 = DIRECTION('',(-1.,0.,0.));
#20686 = ADVANCED_FACE('',(#20687),#20706,.T.);
#20687 = FACE_BOUND('',#20688,.F.);
#20688 = EDGE_LOOP('',(#20689,#20697,#20704,#20705));
#20689 = ORIENTED_EDGE('',*,*,#20690,.F.);
#20690 = EDGE_CURVE('',#20691,#20526,#20693,.T.);
#20691 = VERTEX_POINT('',#20692);
#20692 = CARTESIAN_POINT('',(59.,0.3,0.3));
#20693 = LINE('',#20694,#20695);
#20694 = CARTESIAN_POINT('',(59.,0.3,0.));
#20695 = VECTOR('',#20696,1.);
#20696 = DIRECTION('',(0.,0.,1.));
#20697 = ORIENTED_EDGE('',*,*,#20698,.T.);
#20698 = EDGE_CURVE('',#20691,#20650,#20699,.T.);
#20699 = CIRCLE('',#20700,0.3);
#20700 = AXIS2_PLACEMENT_3D('',#20701,#20702,#20703);
#20701 = CARTESIAN_POINT('',(58.7,0.3,0.3));
#20702 = DIRECTION('',(0.,-0.,-1.));
#20703 = DIRECTION('',(1.,0.,-0.));
#20704 = ORIENTED_EDGE('',*,*,#20659,.T.);
#20705 = ORIENTED_EDGE('',*,*,#20533,.F.);
#20706 = CYLINDRICAL_SURFACE('',#20707,0.3);
#20707 = AXIS2_PLACEMENT_3D('',#20708,#20709,#20710);
#20708 = CARTESIAN_POINT('',(58.7,0.3,0.));
#20709 = DIRECTION('',(0.,0.,1.));
#20710 = DIRECTION('',(1.,0.,-0.));
#20711 = ADVANCED_FACE('',(#20712,#20738,#20749,#20760,#20771,#20782,
    #20793),#20804,.T.);
#20712 = FACE_BOUND('',#20713,.T.);
#20713 = EDGE_LOOP('',(#20714,#20715,#20723,#20731,#20737));
#20714 = ORIENTED_EDGE('',*,*,#20690,.F.);
#20715 = ORIENTED_EDGE('',*,*,#20716,.T.);
#20716 = EDGE_CURVE('',#20691,#20717,#20719,.T.);
#20717 = VERTEX_POINT('',#20718);
#20718 = CARTESIAN_POINT('',(59.,12.2,0.3));
#20719 = LINE('',#20720,#20721);
#20720 = CARTESIAN_POINT('',(59.,0.,0.3));
#20721 = VECTOR('',#20722,1.);
#20722 = DIRECTION('',(-0.,1.,0.));
#20723 = ORIENTED_EDGE('',*,*,#20724,.T.);
#20724 = EDGE_CURVE('',#20717,#20725,#20727,.T.);
#20725 = VERTEX_POINT('',#20726);
#20726 = CARTESIAN_POINT('',(59.,12.2,10.3));
#20727 = LINE('',#20728,#20729);
#20728 = CARTESIAN_POINT('',(59.,12.2,0.));
#20729 = VECTOR('',#20730,1.);
#20730 = DIRECTION('',(0.,0.,1.));
#20731 = ORIENTED_EDGE('',*,*,#20732,.F.);
#20732 = EDGE_CURVE('',#20517,#20725,#20733,.T.);
#20733 = LINE('',#20734,#20735);
#20734 = CARTESIAN_POINT('',(59.,0.,10.3));
#20735 = VECTOR('',#20736,1.);
#20736 = DIRECTION('',(-0.,1.,0.));
#20737 = ORIENTED_EDGE('',*,*,#20525,.F.);
#20738 = FACE_BOUND('',#20739,.T.);
#20739 = EDGE_LOOP('',(#20740));
#20740 = ORIENTED_EDGE('',*,*,#20741,.T.);
#20741 = EDGE_CURVE('',#20742,#20742,#20744,.T.);
#20742 = VERTEX_POINT('',#20743);
#20743 = CARTESIAN_POINT('',(59.,10.65,2.68));
#20744 = CIRCLE('',#20745,0.42);
#20745 = AXIS2_PLACEMENT_3D('',#20746,#20747,#20748);
#20746 = CARTESIAN_POINT('',(59.,10.65,3.1));
#20747 = DIRECTION('',(-1.,0.,0.));
#20748 = DIRECTION('',(0.,0.,-1.));
#20749 = FACE_BOUND('',#20750,.T.);
#20750 = EDGE_LOOP('',(#20751));
#20751 = ORIENTED_EDGE('',*,*,#20752,.T.);
#20752 = EDGE_CURVE('',#20753,#20753,#20755,.T.);
#20753 = VERTEX_POINT('',#20754);
#20754 = CARTESIAN_POINT('',(59.,6.25,1.03));
#20755 = CIRCLE('',#20756,0.42);
#20756 = AXIS2_PLACEMENT_3D('',#20757,#20758,#20759);
#20757 = CARTESIAN_POINT('',(59.,6.25,1.45));
#20758 = DIRECTION('',(-1.,0.,0.));
#20759 = DIRECTION('',(0.,0.,-1.));
#20760 = FACE_BOUND('',#20761,.T.);
#20761 = EDGE_LOOP('',(#20762));
#20762 = ORIENTED_EDGE('',*,*,#20763,.T.);
#20763 = EDGE_CURVE('',#20764,#20764,#20766,.T.);
#20764 = VERTEX_POINT('',#20765);
#20765 = CARTESIAN_POINT('',(59.,10.65,7.73));
#20766 = CIRCLE('',#20767,0.42);
#20767 = AXIS2_PLACEMENT_3D('',#20768,#20769,#20770);
#20768 = CARTESIAN_POINT('',(59.,10.65,8.15));
#20769 = DIRECTION('',(-1.,0.,0.));
#20770 = DIRECTION('',(0.,0.,-1.));
#20771 = FACE_BOUND('',#20772,.T.);
#20772 = EDGE_LOOP('',(#20773));
#20773 = ORIENTED_EDGE('',*,*,#20774,.T.);
#20774 = EDGE_CURVE('',#20775,#20775,#20777,.T.);
#20775 = VERTEX_POINT('',#20776);
#20776 = CARTESIAN_POINT('',(59.,1.65,1.03));
#20777 = CIRCLE('',#20778,0.42);
#20778 = AXIS2_PLACEMENT_3D('',#20779,#20780,#20781);
#20779 = CARTESIAN_POINT('',(59.,1.65,1.45));
#20780 = DIRECTION('',(-1.,0.,0.));
#20781 = DIRECTION('',(0.,0.,-1.));
#20782 = FACE_BOUND('',#20783,.T.);
#20783 = EDGE_LOOP('',(#20784));
#20784 = ORIENTED_EDGE('',*,*,#20785,.T.);
#20785 = EDGE_CURVE('',#20786,#20786,#20788,.T.);
#20786 = VERTEX_POINT('',#20787);
#20787 = CARTESIAN_POINT('',(59.,4.65,6.86));
#20788 = CIRCLE('',#20789,0.34);
#20789 = AXIS2_PLACEMENT_3D('',#20790,#20791,#20792);
#20790 = CARTESIAN_POINT('',(59.,4.65,7.2));
#20791 = DIRECTION('',(-1.,0.,0.));
#20792 = DIRECTION('',(0.,0.,-1.));
#20793 = FACE_BOUND('',#20794,.T.);
#20794 = EDGE_LOOP('',(#20795));
#20795 = ORIENTED_EDGE('',*,*,#20796,.T.);
#20796 = EDGE_CURVE('',#20797,#20797,#20799,.T.);
#20797 = VERTEX_POINT('',#20798);
#20798 = CARTESIAN_POINT('',(59.,1.65,7.73));
#20799 = CIRCLE('',#20800,0.42);
#20800 = AXIS2_PLACEMENT_3D('',#20801,#20802,#20803);
#20801 = CARTESIAN_POINT('',(59.,1.65,8.15));
#20802 = DIRECTION('',(-1.,0.,0.));
#20803 = DIRECTION('',(0.,0.,-1.));
#20804 = PLANE('',#20805);
#20805 = AXIS2_PLACEMENT_3D('',#20806,#20807,#20808);
#20806 = CARTESIAN_POINT('',(59.,0.,0.));
#20807 = DIRECTION('',(1.,0.,-0.));
#20808 = DIRECTION('',(0.,0.,1.));
#20809 = ADVANCED_FACE('',(#20810),#20829,.T.);
#20810 = FACE_BOUND('',#20811,.F.);
#20811 = EDGE_LOOP('',(#20812,#20813,#20821,#20828));
#20812 = ORIENTED_EDGE('',*,*,#20516,.F.);
#20813 = ORIENTED_EDGE('',*,*,#20814,.T.);
#20814 = EDGE_CURVE('',#20509,#20815,#20817,.T.);
#20815 = VERTEX_POINT('',#20816);
#20816 = CARTESIAN_POINT('',(58.7,12.2,10.6));
#20817 = LINE('',#20818,#20819);
#20818 = CARTESIAN_POINT('',(58.7,0.,10.6));
#20819 = VECTOR('',#20820,1.);
#20820 = DIRECTION('',(-0.,1.,0.));
#20821 = ORIENTED_EDGE('',*,*,#20822,.F.);
#20822 = EDGE_CURVE('',#20725,#20815,#20823,.T.);
#20823 = CIRCLE('',#20824,0.3);
#20824 = AXIS2_PLACEMENT_3D('',#20825,#20826,#20827);
#20825 = CARTESIAN_POINT('',(58.7,12.2,10.3));
#20826 = DIRECTION('',(0.,-1.,-0.));
#20827 = DIRECTION('',(1.,0.,0.));
#20828 = ORIENTED_EDGE('',*,*,#20732,.F.);
#20829 = CYLINDRICAL_SURFACE('',#20830,0.3);
#20830 = AXIS2_PLACEMENT_3D('',#20831,#20832,#20833);
#20831 = CARTESIAN_POINT('',(58.7,0.,10.3));
#20832 = DIRECTION('',(-0.,1.,0.));
#20833 = DIRECTION('',(1.,0.,-0.));
#20834 = ADVANCED_FACE('',(#20835),#20846,.T.);
#20835 = FACE_BOUND('',#20836,.T.);
#20836 = EDGE_LOOP('',(#20837,#20838,#20839,#20840));
#20837 = ORIENTED_EDGE('',*,*,#20559,.F.);
#20838 = ORIENTED_EDGE('',*,*,#20508,.T.);
#20839 = ORIENTED_EDGE('',*,*,#20814,.T.);
#20840 = ORIENTED_EDGE('',*,*,#20841,.F.);
#20841 = EDGE_CURVE('',#20560,#20815,#20842,.T.);
#20842 = LINE('',#20843,#20844);
#20843 = CARTESIAN_POINT('',(57.5,12.2,10.6));
#20844 = VECTOR('',#20845,1.);
#20845 = DIRECTION('',(1.,0.,-0.));
#20846 = PLANE('',#20847);
#20847 = AXIS2_PLACEMENT_3D('',#20848,#20849,#20850);
#20848 = CARTESIAN_POINT('',(57.5,0.,10.6));
#20849 = DIRECTION('',(0.,0.,1.));
#20850 = DIRECTION('',(1.,0.,-0.));
#20851 = ADVANCED_FACE('',(#20852),#20863,.T.);
#20852 = FACE_BOUND('',#20853,.F.);
#20853 = EDGE_LOOP('',(#20854,#20855,#20862));
#20854 = ORIENTED_EDGE('',*,*,#20601,.F.);
#20855 = ORIENTED_EDGE('',*,*,#20856,.T.);
#20856 = EDGE_CURVE('',#20594,#20560,#20857,.T.);
#20857 = CIRCLE('',#20858,0.3);
#20858 = AXIS2_PLACEMENT_3D('',#20859,#20860,#20861);
#20859 = CARTESIAN_POINT('',(57.8,12.2,10.3));
#20860 = DIRECTION('',(1.,0.,6.123233995737E-17));
#20861 = DIRECTION('',(-6.123233995737E-17,-0.,1.));
#20862 = ORIENTED_EDGE('',*,*,#20567,.F.);
#20863 = SPHERICAL_SURFACE('',#20864,0.3);
#20864 = AXIS2_PLACEMENT_3D('',#20865,#20866,#20867);
#20865 = CARTESIAN_POINT('',(57.8,12.2,10.3));
#20866 = DIRECTION('',(0.,-1.,-0.));
#20867 = DIRECTION('',(-1.,-0.,0.));
#20868 = ADVANCED_FACE('',(#20869),#20880,.T.);
#20869 = FACE_BOUND('',#20870,.F.);
#20870 = EDGE_LOOP('',(#20871,#20872,#20879));
#20871 = ORIENTED_EDGE('',*,*,#20633,.F.);
#20872 = ORIENTED_EDGE('',*,*,#20873,.T.);
#20873 = EDGE_CURVE('',#20626,#20585,#20874,.T.);
#20874 = CIRCLE('',#20875,0.3);
#20875 = AXIS2_PLACEMENT_3D('',#20876,#20877,#20878);
#20876 = CARTESIAN_POINT('',(57.8,12.2,0.3));
#20877 = DIRECTION('',(1.,6.123233995737E-17,-0.));
#20878 = DIRECTION('',(-6.123233995737E-17,1.,0.));
#20879 = ORIENTED_EDGE('',*,*,#20584,.F.);
#20880 = SPHERICAL_SURFACE('',#20881,0.3);
#20881 = AXIS2_PLACEMENT_3D('',#20882,#20883,#20884);
#20882 = CARTESIAN_POINT('',(57.8,12.2,0.3));
#20883 = DIRECTION('',(0.,0.,1.));
#20884 = DIRECTION('',(-1.,0.,0.));
#20885 = ADVANCED_FACE('',(#20886),#20911,.T.);
#20886 = FACE_BOUND('',#20887,.T.);
#20887 = EDGE_LOOP('',(#20888,#20889,#20897,#20905));
#20888 = ORIENTED_EDGE('',*,*,#20593,.T.);
#20889 = ORIENTED_EDGE('',*,*,#20890,.T.);
#20890 = EDGE_CURVE('',#20594,#20891,#20893,.T.);
#20891 = VERTEX_POINT('',#20892);
#20892 = CARTESIAN_POINT('',(58.7,12.5,10.3));
#20893 = LINE('',#20894,#20895);
#20894 = CARTESIAN_POINT('',(57.5,12.5,10.3));
#20895 = VECTOR('',#20896,1.);
#20896 = DIRECTION('',(1.,0.,-0.));
#20897 = ORIENTED_EDGE('',*,*,#20898,.F.);
#20898 = EDGE_CURVE('',#20899,#20891,#20901,.T.);
#20899 = VERTEX_POINT('',#20900);
#20900 = CARTESIAN_POINT('',(58.7,12.5,0.3));
#20901 = LINE('',#20902,#20903);
#20902 = CARTESIAN_POINT('',(58.7,12.5,0.));
#20903 = VECTOR('',#20904,1.);
#20904 = DIRECTION('',(0.,0.,1.));
#20905 = ORIENTED_EDGE('',*,*,#20906,.F.);
#20906 = EDGE_CURVE('',#20585,#20899,#20907,.T.);
#20907 = LINE('',#20908,#20909);
#20908 = CARTESIAN_POINT('',(57.5,12.5,0.3));
#20909 = VECTOR('',#20910,1.);
#20910 = DIRECTION('',(1.,0.,-0.));
#20911 = PLANE('',#20912);
#20912 = AXIS2_PLACEMENT_3D('',#20913,#20914,#20915);
#20913 = CARTESIAN_POINT('',(57.5,12.5,0.));
#20914 = DIRECTION('',(-0.,1.,0.));
#20915 = DIRECTION('',(0.,0.,1.));
#20916 = ADVANCED_FACE('',(#20917),#20942,.F.);
#20917 = FACE_BOUND('',#20918,.F.);
#20918 = EDGE_LOOP('',(#20919,#20920,#20928,#20936));
#20919 = ORIENTED_EDGE('',*,*,#20625,.F.);
#20920 = ORIENTED_EDGE('',*,*,#20921,.T.);
#20921 = EDGE_CURVE('',#20617,#20922,#20924,.T.);
#20922 = VERTEX_POINT('',#20923);
#20923 = CARTESIAN_POINT('',(58.7,0.3,0.));
#20924 = LINE('',#20925,#20926);
#20925 = CARTESIAN_POINT('',(57.5,0.3,-5.551115123126E-17));
#20926 = VECTOR('',#20927,1.);
#20927 = DIRECTION('',(1.,0.,-0.));
#20928 = ORIENTED_EDGE('',*,*,#20929,.T.);
#20929 = EDGE_CURVE('',#20922,#20930,#20932,.T.);
#20930 = VERTEX_POINT('',#20931);
#20931 = CARTESIAN_POINT('',(58.7,12.2,0.));
#20932 = LINE('',#20933,#20934);
#20933 = CARTESIAN_POINT('',(58.7,0.,-5.551115123126E-17));
#20934 = VECTOR('',#20935,1.);
#20935 = DIRECTION('',(-0.,1.,0.));
#20936 = ORIENTED_EDGE('',*,*,#20937,.F.);
#20937 = EDGE_CURVE('',#20626,#20930,#20938,.T.);
#20938 = LINE('',#20939,#20940);
#20939 = CARTESIAN_POINT('',(57.5,12.2,-5.551115123126E-17));
#20940 = VECTOR('',#20941,1.);
#20941 = DIRECTION('',(1.,0.,-0.));
#20942 = PLANE('',#20943);
#20943 = AXIS2_PLACEMENT_3D('',#20944,#20945,#20946);
#20944 = CARTESIAN_POINT('',(57.5,0.,0.));
#20945 = DIRECTION('',(0.,0.,1.));
#20946 = DIRECTION('',(1.,0.,-0.));
#20947 = ADVANCED_FACE('',(#20948),#20960,.T.);
#20948 = FACE_BOUND('',#20949,.T.);
#20949 = EDGE_LOOP('',(#20950,#20951,#20952,#20959));
#20950 = ORIENTED_EDGE('',*,*,#20674,.F.);
#20951 = ORIENTED_EDGE('',*,*,#20921,.T.);
#20952 = ORIENTED_EDGE('',*,*,#20953,.T.);
#20953 = EDGE_CURVE('',#20922,#20650,#20954,.T.);
#20954 = CIRCLE('',#20955,0.3);
#20955 = AXIS2_PLACEMENT_3D('',#20956,#20957,#20958);
#20956 = CARTESIAN_POINT('',(58.7,0.3,0.3));
#20957 = DIRECTION('',(-1.,-6.123233995737E-17,0.));
#20958 = DIRECTION('',(6.123233995737E-17,-1.,-0.));
#20959 = ORIENTED_EDGE('',*,*,#20649,.F.);
#20960 = CYLINDRICAL_SURFACE('',#20961,0.3);
#20961 = AXIS2_PLACEMENT_3D('',#20962,#20963,#20964);
#20962 = CARTESIAN_POINT('',(57.5,0.3,0.3));
#20963 = DIRECTION('',(1.,0.,-0.));
#20964 = DIRECTION('',(0.,-1.,0.));
#20965 = ADVANCED_FACE('',(#20966),#20977,.T.);
#20966 = FACE_BOUND('',#20967,.F.);
#20967 = EDGE_LOOP('',(#20968,#20975,#20976));
#20968 = ORIENTED_EDGE('',*,*,#20969,.F.);
#20969 = EDGE_CURVE('',#20922,#20691,#20970,.T.);
#20970 = CIRCLE('',#20971,0.3);
#20971 = AXIS2_PLACEMENT_3D('',#20972,#20973,#20974);
#20972 = CARTESIAN_POINT('',(58.7,0.3,0.3));
#20973 = DIRECTION('',(0.,-1.,0.));
#20974 = DIRECTION('',(1.,0.,0.));
#20975 = ORIENTED_EDGE('',*,*,#20953,.T.);
#20976 = ORIENTED_EDGE('',*,*,#20698,.F.);
#20977 = SPHERICAL_SURFACE('',#20978,0.3);
#20978 = AXIS2_PLACEMENT_3D('',#20979,#20980,#20981);
#20979 = CARTESIAN_POINT('',(58.7,0.3,0.3));
#20980 = DIRECTION('',(0.,0.,1.));
#20981 = DIRECTION('',(1.,0.,-0.));
#20982 = ADVANCED_FACE('',(#20983),#20995,.T.);
#20983 = FACE_BOUND('',#20984,.T.);
#20984 = EDGE_LOOP('',(#20985,#20986,#20987,#20994));
#20985 = ORIENTED_EDGE('',*,*,#20969,.F.);
#20986 = ORIENTED_EDGE('',*,*,#20929,.T.);
#20987 = ORIENTED_EDGE('',*,*,#20988,.T.);
#20988 = EDGE_CURVE('',#20930,#20717,#20989,.T.);
#20989 = CIRCLE('',#20990,0.3);
#20990 = AXIS2_PLACEMENT_3D('',#20991,#20992,#20993);
#20991 = CARTESIAN_POINT('',(58.7,12.2,0.3));
#20992 = DIRECTION('',(0.,-1.,0.));
#20993 = DIRECTION('',(1.,0.,0.));
#20994 = ORIENTED_EDGE('',*,*,#20716,.F.);
#20995 = CYLINDRICAL_SURFACE('',#20996,0.3);
#20996 = AXIS2_PLACEMENT_3D('',#20997,#20998,#20999);
#20997 = CARTESIAN_POINT('',(58.7,0.,0.3));
#20998 = DIRECTION('',(-0.,1.,0.));
#20999 = DIRECTION('',(1.,0.,-0.));
#21000 = ADVANCED_FACE('',(#21001),#21019,.T.);
#21001 = FACE_BOUND('',#21002,.T.);
#21002 = EDGE_LOOP('',(#21003,#21004,#21011,#21012));
#21003 = ORIENTED_EDGE('',*,*,#20724,.F.);
#21004 = ORIENTED_EDGE('',*,*,#21005,.T.);
#21005 = EDGE_CURVE('',#20717,#20899,#21006,.T.);
#21006 = CIRCLE('',#21007,0.3);
#21007 = AXIS2_PLACEMENT_3D('',#21008,#21009,#21010);
#21008 = CARTESIAN_POINT('',(58.7,12.2,0.3));
#21009 = DIRECTION('',(0.,0.,1.));
#21010 = DIRECTION('',(1.,0.,-0.));
#21011 = ORIENTED_EDGE('',*,*,#20898,.T.);
#21012 = ORIENTED_EDGE('',*,*,#21013,.T.);
#21013 = EDGE_CURVE('',#20891,#20725,#21014,.T.);
#21014 = CIRCLE('',#21015,0.3);
#21015 = AXIS2_PLACEMENT_3D('',#21016,#21017,#21018);
#21016 = CARTESIAN_POINT('',(58.7,12.2,10.3));
#21017 = DIRECTION('',(0.,0.,-1.));
#21018 = DIRECTION('',(1.,0.,0.));
#21019 = CYLINDRICAL_SURFACE('',#21020,0.3);
#21020 = AXIS2_PLACEMENT_3D('',#21021,#21022,#21023);
#21021 = CARTESIAN_POINT('',(58.7,12.2,0.));
#21022 = DIRECTION('',(0.,0.,1.));
#21023 = DIRECTION('',(1.,0.,-0.));
#21024 = ADVANCED_FACE('',(#21025),#21044,.F.);
#21025 = FACE_BOUND('',#21026,.F.);
#21026 = EDGE_LOOP('',(#21027,#21035,#21042,#21043));
#21027 = ORIENTED_EDGE('',*,*,#21028,.T.);
#21028 = EDGE_CURVE('',#20742,#21029,#21031,.T.);
#21029 = VERTEX_POINT('',#21030);
#21030 = CARTESIAN_POINT('',(58.73,10.65,2.68));
#21031 = LINE('',#21032,#21033);
#21032 = CARTESIAN_POINT('',(59.05,10.65,2.68));
#21033 = VECTOR('',#21034,1.);
#21034 = DIRECTION('',(-1.,0.,0.));
#21035 = ORIENTED_EDGE('',*,*,#21036,.F.);
#21036 = EDGE_CURVE('',#21029,#21029,#21037,.T.);
#21037 = CIRCLE('',#21038,0.42);
#21038 = AXIS2_PLACEMENT_3D('',#21039,#21040,#21041);
#21039 = CARTESIAN_POINT('',(58.73,10.65,3.1));
#21040 = DIRECTION('',(-1.,0.,0.));
#21041 = DIRECTION('',(0.,0.,-1.));
#21042 = ORIENTED_EDGE('',*,*,#21028,.F.);
#21043 = ORIENTED_EDGE('',*,*,#20741,.T.);
#21044 = CYLINDRICAL_SURFACE('',#21045,0.42);
#21045 = AXIS2_PLACEMENT_3D('',#21046,#21047,#21048);
#21046 = CARTESIAN_POINT('',(59.05,10.65,3.1));
#21047 = DIRECTION('',(-1.,0.,0.));
#21048 = DIRECTION('',(0.,0.,-1.));
#21049 = ADVANCED_FACE('',(#21050),#21069,.F.);
#21050 = FACE_BOUND('',#21051,.F.);
#21051 = EDGE_LOOP('',(#21052,#21060,#21067,#21068));
#21052 = ORIENTED_EDGE('',*,*,#21053,.T.);
#21053 = EDGE_CURVE('',#20753,#21054,#21056,.T.);
#21054 = VERTEX_POINT('',#21055);
#21055 = CARTESIAN_POINT('',(58.73,6.25,1.03));
#21056 = LINE('',#21057,#21058);
#21057 = CARTESIAN_POINT('',(59.05,6.25,1.03));
#21058 = VECTOR('',#21059,1.);
#21059 = DIRECTION('',(-1.,0.,0.));
#21060 = ORIENTED_EDGE('',*,*,#21061,.F.);
#21061 = EDGE_CURVE('',#21054,#21054,#21062,.T.);
#21062 = CIRCLE('',#21063,0.42);
#21063 = AXIS2_PLACEMENT_3D('',#21064,#21065,#21066);
#21064 = CARTESIAN_POINT('',(58.73,6.25,1.45));
#21065 = DIRECTION('',(-1.,0.,0.));
#21066 = DIRECTION('',(0.,0.,-1.));
#21067 = ORIENTED_EDGE('',*,*,#21053,.F.);
#21068 = ORIENTED_EDGE('',*,*,#20752,.T.);
#21069 = CYLINDRICAL_SURFACE('',#21070,0.42);
#21070 = AXIS2_PLACEMENT_3D('',#21071,#21072,#21073);
#21071 = CARTESIAN_POINT('',(59.05,6.25,1.45));
#21072 = DIRECTION('',(-1.,0.,0.));
#21073 = DIRECTION('',(0.,0.,-1.));
#21074 = ADVANCED_FACE('',(#21075),#21094,.F.);
#21075 = FACE_BOUND('',#21076,.F.);
#21076 = EDGE_LOOP('',(#21077,#21085,#21092,#21093));
#21077 = ORIENTED_EDGE('',*,*,#21078,.T.);
#21078 = EDGE_CURVE('',#20764,#21079,#21081,.T.);
#21079 = VERTEX_POINT('',#21080);
#21080 = CARTESIAN_POINT('',(58.73,10.65,7.73));
#21081 = LINE('',#21082,#21083);
#21082 = CARTESIAN_POINT('',(59.05,10.65,7.73));
#21083 = VECTOR('',#21084,1.);
#21084 = DIRECTION('',(-1.,0.,0.));
#21085 = ORIENTED_EDGE('',*,*,#21086,.F.);
#21086 = EDGE_CURVE('',#21079,#21079,#21087,.T.);
#21087 = CIRCLE('',#21088,0.42);
#21088 = AXIS2_PLACEMENT_3D('',#21089,#21090,#21091);
#21089 = CARTESIAN_POINT('',(58.73,10.65,8.15));
#21090 = DIRECTION('',(-1.,0.,0.));
#21091 = DIRECTION('',(0.,0.,-1.));
#21092 = ORIENTED_EDGE('',*,*,#21078,.F.);
#21093 = ORIENTED_EDGE('',*,*,#20763,.T.);
#21094 = CYLINDRICAL_SURFACE('',#21095,0.42);
#21095 = AXIS2_PLACEMENT_3D('',#21096,#21097,#21098);
#21096 = CARTESIAN_POINT('',(59.05,10.65,8.15));
#21097 = DIRECTION('',(-1.,0.,0.));
#21098 = DIRECTION('',(0.,0.,-1.));
#21099 = ADVANCED_FACE('',(#21100),#21119,.F.);
#21100 = FACE_BOUND('',#21101,.F.);
#21101 = EDGE_LOOP('',(#21102,#21110,#21117,#21118));
#21102 = ORIENTED_EDGE('',*,*,#21103,.T.);
#21103 = EDGE_CURVE('',#20775,#21104,#21106,.T.);
#21104 = VERTEX_POINT('',#21105);
#21105 = CARTESIAN_POINT('',(58.73,1.65,1.03));
#21106 = LINE('',#21107,#21108);
#21107 = CARTESIAN_POINT('',(59.05,1.65,1.03));
#21108 = VECTOR('',#21109,1.);
#21109 = DIRECTION('',(-1.,0.,0.));
#21110 = ORIENTED_EDGE('',*,*,#21111,.F.);
#21111 = EDGE_CURVE('',#21104,#21104,#21112,.T.);
#21112 = CIRCLE('',#21113,0.42);
#21113 = AXIS2_PLACEMENT_3D('',#21114,#21115,#21116);
#21114 = CARTESIAN_POINT('',(58.73,1.65,1.45));
#21115 = DIRECTION('',(-1.,0.,0.));
#21116 = DIRECTION('',(0.,0.,-1.));
#21117 = ORIENTED_EDGE('',*,*,#21103,.F.);
#21118 = ORIENTED_EDGE('',*,*,#20774,.T.);
#21119 = CYLINDRICAL_SURFACE('',#21120,0.42);
#21120 = AXIS2_PLACEMENT_3D('',#21121,#21122,#21123);
#21121 = CARTESIAN_POINT('',(59.05,1.65,1.45));
#21122 = DIRECTION('',(-1.,0.,0.));
#21123 = DIRECTION('',(0.,0.,-1.));
#21124 = ADVANCED_FACE('',(#21125),#21144,.F.);
#21125 = FACE_BOUND('',#21126,.F.);
#21126 = EDGE_LOOP('',(#21127,#21135,#21142,#21143));
#21127 = ORIENTED_EDGE('',*,*,#21128,.T.);
#21128 = EDGE_CURVE('',#20786,#21129,#21131,.T.);
#21129 = VERTEX_POINT('',#21130);
#21130 = CARTESIAN_POINT('',(58.73,4.65,6.86));
#21131 = LINE('',#21132,#21133);
#21132 = CARTESIAN_POINT('',(59.05,4.65,6.86));
#21133 = VECTOR('',#21134,1.);
#21134 = DIRECTION('',(-1.,0.,0.));
#21135 = ORIENTED_EDGE('',*,*,#21136,.F.);
#21136 = EDGE_CURVE('',#21129,#21129,#21137,.T.);
#21137 = CIRCLE('',#21138,0.34);
#21138 = AXIS2_PLACEMENT_3D('',#21139,#21140,#21141);
#21139 = CARTESIAN_POINT('',(58.73,4.65,7.2));
#21140 = DIRECTION('',(-1.,0.,0.));
#21141 = DIRECTION('',(0.,0.,-1.));
#21142 = ORIENTED_EDGE('',*,*,#21128,.F.);
#21143 = ORIENTED_EDGE('',*,*,#20785,.T.);
#21144 = CYLINDRICAL_SURFACE('',#21145,0.34);
#21145 = AXIS2_PLACEMENT_3D('',#21146,#21147,#21148);
#21146 = CARTESIAN_POINT('',(59.05,4.65,7.2));
#21147 = DIRECTION('',(-1.,0.,0.));
#21148 = DIRECTION('',(0.,0.,-1.));
#21149 = ADVANCED_FACE('',(#21150),#21169,.F.);
#21150 = FACE_BOUND('',#21151,.F.);
#21151 = EDGE_LOOP('',(#21152,#21160,#21167,#21168));
#21152 = ORIENTED_EDGE('',*,*,#21153,.T.);
#21153 = EDGE_CURVE('',#20797,#21154,#21156,.T.);
#21154 = VERTEX_POINT('',#21155);
#21155 = CARTESIAN_POINT('',(58.73,1.65,7.73));
#21156 = LINE('',#21157,#21158);
#21157 = CARTESIAN_POINT('',(59.05,1.65,7.73));
#21158 = VECTOR('',#21159,1.);
#21159 = DIRECTION('',(-1.,0.,0.));
#21160 = ORIENTED_EDGE('',*,*,#21161,.F.);
#21161 = EDGE_CURVE('',#21154,#21154,#21162,.T.);
#21162 = CIRCLE('',#21163,0.42);
#21163 = AXIS2_PLACEMENT_3D('',#21164,#21165,#21166);
#21164 = CARTESIAN_POINT('',(58.73,1.65,8.15));
#21165 = DIRECTION('',(-1.,0.,0.));
#21166 = DIRECTION('',(0.,0.,-1.));
#21167 = ORIENTED_EDGE('',*,*,#21153,.F.);
#21168 = ORIENTED_EDGE('',*,*,#20796,.T.);
#21169 = CYLINDRICAL_SURFACE('',#21170,0.42);
#21170 = AXIS2_PLACEMENT_3D('',#21171,#21172,#21173);
#21171 = CARTESIAN_POINT('',(59.05,1.65,8.15));
#21172 = DIRECTION('',(-1.,0.,0.));
#21173 = DIRECTION('',(0.,0.,-1.));
#21174 = ADVANCED_FACE('',(#21175),#21186,.T.);
#21175 = FACE_BOUND('',#21176,.T.);
#21176 = EDGE_LOOP('',(#21177,#21178,#21185));
#21177 = ORIENTED_EDGE('',*,*,#21013,.F.);
#21178 = ORIENTED_EDGE('',*,*,#21179,.T.);
#21179 = EDGE_CURVE('',#20891,#20815,#21180,.T.);
#21180 = CIRCLE('',#21181,0.3);
#21181 = AXIS2_PLACEMENT_3D('',#21182,#21183,#21184);
#21182 = CARTESIAN_POINT('',(58.7,12.2,10.3));
#21183 = DIRECTION('',(1.,0.,-6.123233995737E-17));
#21184 = DIRECTION('',(6.123233995737E-17,0.,1.));
#21185 = ORIENTED_EDGE('',*,*,#20822,.F.);
#21186 = SPHERICAL_SURFACE('',#21187,0.3);
#21187 = AXIS2_PLACEMENT_3D('',#21188,#21189,#21190);
#21188 = CARTESIAN_POINT('',(58.7,12.2,10.3));
#21189 = DIRECTION('',(0.,-1.,-0.));
#21190 = DIRECTION('',(1.,0.,0.));
#21191 = ADVANCED_FACE('',(#21192),#21198,.T.);
#21192 = FACE_BOUND('',#21193,.T.);
#21193 = EDGE_LOOP('',(#21194,#21195,#21196,#21197));
#21194 = ORIENTED_EDGE('',*,*,#20856,.T.);
#21195 = ORIENTED_EDGE('',*,*,#20841,.T.);
#21196 = ORIENTED_EDGE('',*,*,#21179,.F.);
#21197 = ORIENTED_EDGE('',*,*,#20890,.F.);
#21198 = CYLINDRICAL_SURFACE('',#21199,0.3);
#21199 = AXIS2_PLACEMENT_3D('',#21200,#21201,#21202);
#21200 = CARTESIAN_POINT('',(57.5,12.2,10.3));
#21201 = DIRECTION('',(1.,0.,-0.));
#21202 = DIRECTION('',(0.,1.,0.));
#21203 = ADVANCED_FACE('',(#21204),#21216,.T.);
#21204 = FACE_BOUND('',#21205,.F.);
#21205 = EDGE_LOOP('',(#21206,#21207,#21208,#21215));
#21206 = ORIENTED_EDGE('',*,*,#20873,.F.);
#21207 = ORIENTED_EDGE('',*,*,#20937,.T.);
#21208 = ORIENTED_EDGE('',*,*,#21209,.T.);
#21209 = EDGE_CURVE('',#20930,#20899,#21210,.T.);
#21210 = CIRCLE('',#21211,0.3);
#21211 = AXIS2_PLACEMENT_3D('',#21212,#21213,#21214);
#21212 = CARTESIAN_POINT('',(58.7,12.2,0.3));
#21213 = DIRECTION('',(1.,-6.123233995737E-17,0.));
#21214 = DIRECTION('',(6.123233995737E-17,1.,0.));
#21215 = ORIENTED_EDGE('',*,*,#20906,.F.);
#21216 = CYLINDRICAL_SURFACE('',#21217,0.3);
#21217 = AXIS2_PLACEMENT_3D('',#21218,#21219,#21220);
#21218 = CARTESIAN_POINT('',(57.5,12.2,0.3));
#21219 = DIRECTION('',(1.,0.,-0.));
#21220 = DIRECTION('',(0.,1.,0.));
#21221 = ADVANCED_FACE('',(#21222),#21227,.T.);
#21222 = FACE_BOUND('',#21223,.T.);
#21223 = EDGE_LOOP('',(#21224,#21225,#21226));
#21224 = ORIENTED_EDGE('',*,*,#20988,.F.);
#21225 = ORIENTED_EDGE('',*,*,#21209,.T.);
#21226 = ORIENTED_EDGE('',*,*,#21005,.F.);
#21227 = SPHERICAL_SURFACE('',#21228,0.3);
#21228 = AXIS2_PLACEMENT_3D('',#21229,#21230,#21231);
#21229 = CARTESIAN_POINT('',(58.7,12.2,0.3));
#21230 = DIRECTION('',(0.,0.,1.));
#21231 = DIRECTION('',(1.,0.,-0.));
#21232 = ADVANCED_FACE('',(#21233),#21236,.F.);
#21233 = FACE_BOUND('',#21234,.F.);
#21234 = EDGE_LOOP('',(#21235));
#21235 = ORIENTED_EDGE('',*,*,#21036,.T.);
#21236 = PLANE('',#21237);
#21237 = AXIS2_PLACEMENT_3D('',#21238,#21239,#21240);
#21238 = CARTESIAN_POINT('',(58.73,10.65,3.1));
#21239 = DIRECTION('',(-1.,0.,0.));
#21240 = DIRECTION('',(0.,0.,-1.));
#21241 = ADVANCED_FACE('',(#21242),#21245,.F.);
#21242 = FACE_BOUND('',#21243,.F.);
#21243 = EDGE_LOOP('',(#21244));
#21244 = ORIENTED_EDGE('',*,*,#21061,.T.);
#21245 = PLANE('',#21246);
#21246 = AXIS2_PLACEMENT_3D('',#21247,#21248,#21249);
#21247 = CARTESIAN_POINT('',(58.73,6.25,1.45));
#21248 = DIRECTION('',(-1.,0.,0.));
#21249 = DIRECTION('',(0.,0.,-1.));
#21250 = ADVANCED_FACE('',(#21251),#21254,.F.);
#21251 = FACE_BOUND('',#21252,.F.);
#21252 = EDGE_LOOP('',(#21253));
#21253 = ORIENTED_EDGE('',*,*,#21086,.T.);
#21254 = PLANE('',#21255);
#21255 = AXIS2_PLACEMENT_3D('',#21256,#21257,#21258);
#21256 = CARTESIAN_POINT('',(58.73,10.65,8.15));
#21257 = DIRECTION('',(-1.,0.,0.));
#21258 = DIRECTION('',(0.,0.,-1.));
#21259 = ADVANCED_FACE('',(#21260),#21263,.F.);
#21260 = FACE_BOUND('',#21261,.F.);
#21261 = EDGE_LOOP('',(#21262));
#21262 = ORIENTED_EDGE('',*,*,#21111,.T.);
#21263 = PLANE('',#21264);
#21264 = AXIS2_PLACEMENT_3D('',#21265,#21266,#21267);
#21265 = CARTESIAN_POINT('',(58.73,1.65,1.45));
#21266 = DIRECTION('',(-1.,0.,0.));
#21267 = DIRECTION('',(0.,0.,-1.));
#21268 = ADVANCED_FACE('',(#21269),#21272,.F.);
#21269 = FACE_BOUND('',#21270,.F.);
#21270 = EDGE_LOOP('',(#21271));
#21271 = ORIENTED_EDGE('',*,*,#21136,.T.);
#21272 = PLANE('',#21273);
#21273 = AXIS2_PLACEMENT_3D('',#21274,#21275,#21276);
#21274 = CARTESIAN_POINT('',(58.73,4.65,7.2));
#21275 = DIRECTION('',(-1.,0.,0.));
#21276 = DIRECTION('',(0.,0.,-1.));
#21277 = ADVANCED_FACE('',(#21278),#21281,.F.);
#21278 = FACE_BOUND('',#21279,.F.);
#21279 = EDGE_LOOP('',(#21280));
#21280 = ORIENTED_EDGE('',*,*,#21161,.T.);
#21281 = PLANE('',#21282);
#21282 = AXIS2_PLACEMENT_3D('',#21283,#21284,#21285);
#21283 = CARTESIAN_POINT('',(58.73,1.65,8.15));
#21284 = DIRECTION('',(-1.,0.,0.));
#21285 = DIRECTION('',(0.,0.,-1.));
#21286 = ( GEOMETRIC_REPRESENTATION_CONTEXT(3)
GLOBAL_UNCERTAINTY_ASSIGNED_CONTEXT((#21290))
GLOBAL_UNIT_ASSIGNED_CONTEXT((#21287,#21288,#21289))
REPRESENTATION_CONTEXT('Context #1',
  '3D Context with UNIT and UNCERTAINTY') );
#21287 = ( LENGTH_UNIT() NAMED_UNIT(*) SI_UNIT(.MILLI.,.METRE.) );
#21288 = ( NAMED_UNIT(*) PLANE_ANGLE_UNIT() SI_UNIT($,.RADIAN.) );
#21289 = ( NAMED_UNIT(*) SI_UNIT($,.STERADIAN.) SOLID_ANGLE_UNIT() );
#21290 = UNCERTAINTY_MEASURE_WITH_UNIT(LENGTH_MEASURE(1.E-07),#21287,
  'distance_accuracy_value','confusion accuracy');
#21291 = CONTEXT_DEPENDENT_SHAPE_REPRESENTATION(#21292,#21294);
#21292 = ( REPRESENTATION_RELATIONSHIP('','',#20411,#10)
REPRESENTATION_RELATIONSHIP_WITH_TRANSFORMATION(#21293)
SHAPE_REPRESENTATION_RELATIONSHIP() );
#21293 = ITEM_DEFINED_TRANSFORMATION('','',#11,#171);
#21294 = PRODUCT_DEFINITION_SHAPE('Placement','Placement of an item',
  #21295);
#21295 = NEXT_ASSEMBLY_USAGE_OCCURRENCE('40','1.5 mm Side Cover','',#5,
  #20406,$);
#21296 = PRODUCT_RELATED_PRODUCT_CATEGORY('part',$,(#20408));
#21297 = MECHANICAL_DESIGN_GEOMETRIC_PRESENTATION_REPRESENTATION('',(
    #21298),#17382);
#21298 = STYLED_ITEM('color',(#21299),#17232);
#21299 = PRESENTATION_STYLE_ASSIGNMENT((#21300,#21306));
#21300 = SURFACE_STYLE_USAGE(.BOTH.,#21301);
#21301 = SURFACE_SIDE_STYLE('',(#21302));
#21302 = SURFACE_STYLE_FILL_AREA(#21303);
#21303 = FILL_AREA_STYLE('',(#21304));
#21304 = FILL_AREA_STYLE_COLOUR('',#21305);
#21305 = COLOUR_RGB('',0.752941202324,0.752941202324,0.752941202324);
#21306 = CURVE_STYLE('',#21307,POSITIVE_LENGTH_MEASURE(0.1),#21308);
#21307 = DRAUGHTING_PRE_DEFINED_CURVE_FONT('continuous');
#21308 = COLOUR_RGB('',0.414117625119,0.414117625119,0.414117625119);
#21309 = MECHANICAL_DESIGN_GEOMETRIC_PRESENTATION_REPRESENTATION('',(
    #21310),#19818);
#21310 = STYLED_ITEM('color',(#21311),#19214);
#21311 = PRESENTATION_STYLE_ASSIGNMENT((#21312,#21318));
#21312 = SURFACE_STYLE_USAGE(.BOTH.,#21313);
#21313 = SURFACE_SIDE_STYLE('',(#21314));
#21314 = SURFACE_STYLE_FILL_AREA(#21315);
#21315 = FILL_AREA_STYLE('',(#21316));
#21316 = FILL_AREA_STYLE_COLOUR('',#21317);
#21317 = COLOUR_RGB('',0.850980411111,0.850980411111,0.850980411111);
#21318 = CURVE_STYLE('',#21319,POSITIVE_LENGTH_MEASURE(0.1),#21320);
#21319 = DRAUGHTING_PRE_DEFINED_CURVE_FONT('continuous');
#21320 = COLOUR_RGB('',0.468039206244,0.468039206244,0.468039206244);
#21321 = MECHANICAL_DESIGN_GEOMETRIC_PRESENTATION_REPRESENTATION('',(
    #21322),#1781);
#21322 = STYLED_ITEM('color',(#21323),#1563);
#21323 = PRESENTATION_STYLE_ASSIGNMENT((#21324,#21329));
#21324 = SURFACE_STYLE_USAGE(.BOTH.,#21325);
#21325 = SURFACE_SIDE_STYLE('',(#21326));
#21326 = SURFACE_STYLE_FILL_AREA(#21327);
#21327 = FILL_AREA_STYLE('',(#21328));
#21328 = FILL_AREA_STYLE_COLOUR('',#21317);
#21329 = CURVE_STYLE('',#21330,POSITIVE_LENGTH_MEASURE(0.1),#21320);
#21330 = DRAUGHTING_PRE_DEFINED_CURVE_FONT('continuous');
#21331 = MECHANICAL_DESIGN_GEOMETRIC_PRESENTATION_REPRESENTATION('',(
    #21332),#1544);
#21332 = STYLED_ITEM('color',(#21333),#189);
#21333 = PRESENTATION_STYLE_ASSIGNMENT((#21334,#21340));
#21334 = SURFACE_STYLE_USAGE(.BOTH.,#21335);
#21335 = SURFACE_SIDE_STYLE('',(#21336));
#21336 = SURFACE_STYLE_FILL_AREA(#21337);
#21337 = FILL_AREA_STYLE('',(#21338));
#21338 = FILL_AREA_STYLE_COLOUR('',#21339);
#21339 = COLOUR_RGB('',0.125490201081,0.125490201081,0.125490201081);
#21340 = CURVE_STYLE('',#21341,POSITIVE_LENGTH_MEASURE(0.1),#21342);
#21341 = DRAUGHTING_PRE_DEFINED_CURVE_FONT('continuous');
#21342 = COLOUR_RGB('',6.90196081359E-02,6.90196081359E-02,
  6.90196081359E-02);
#21343 = MECHANICAL_DESIGN_GEOMETRIC_PRESENTATION_REPRESENTATION('',(
    #21344),#9260);
#21344 = STYLED_ITEM('color',(#21345),#8656);
#21345 = PRESENTATION_STYLE_ASSIGNMENT((#21346,#21351));
#21346 = SURFACE_STYLE_USAGE(.BOTH.,#21347);
#21347 = SURFACE_SIDE_STYLE('',(#21348));
#21348 = SURFACE_STYLE_FILL_AREA(#21349);
#21349 = FILL_AREA_STYLE('',(#21350));
#21350 = FILL_AREA_STYLE_COLOUR('',#21317);
#21351 = CURVE_STYLE('',#21352,POSITIVE_LENGTH_MEASURE(0.1),#21320);
#21352 = DRAUGHTING_PRE_DEFINED_CURVE_FONT('continuous');
#21353 = MECHANICAL_DESIGN_GEOMETRIC_PRESENTATION_REPRESENTATION('',(
    #21354),#2119);
#21354 = STYLED_ITEM('color',(#21355),#1969);
#21355 = PRESENTATION_STYLE_ASSIGNMENT((#21356,#21361));
#21356 = SURFACE_STYLE_USAGE(.BOTH.,#21357);
#21357 = SURFACE_SIDE_STYLE('',(#21358));
#21358 = SURFACE_STYLE_FILL_AREA(#21359);
#21359 = FILL_AREA_STYLE('',(#21360));
#21360 = FILL_AREA_STYLE_COLOUR('',#21305);
#21361 = CURVE_STYLE('',#21362,POSITIVE_LENGTH_MEASURE(0.1),#21308);
#21362 = DRAUGHTING_PRE_DEFINED_CURVE_FONT('continuous');
#21363 = MECHANICAL_DESIGN_GEOMETRIC_PRESENTATION_REPRESENTATION('',(
    #21364),#6925);
#21364 = STYLED_ITEM('color',(#21365),#6707);
#21365 = PRESENTATION_STYLE_ASSIGNMENT((#21366,#21371));
#21366 = SURFACE_STYLE_USAGE(.BOTH.,#21367);
#21367 = SURFACE_SIDE_STYLE('',(#21368));
#21368 = SURFACE_STYLE_FILL_AREA(#21369);
#21369 = FILL_AREA_STYLE('',(#21370));
#21370 = FILL_AREA_STYLE_COLOUR('',#21317);
#21371 = CURVE_STYLE('',#21372,POSITIVE_LENGTH_MEASURE(0.1),#21320);
#21372 = DRAUGHTING_PRE_DEFINED_CURVE_FONT('continuous');
#21373 = MECHANICAL_DESIGN_GEOMETRIC_PRESENTATION_REPRESENTATION('',(
    #21374),#21286);
#21374 = STYLED_ITEM('color',(#21375),#20412);
#21375 = PRESENTATION_STYLE_ASSIGNMENT((#21376,#21381));
#21376 = SURFACE_STYLE_USAGE(.BOTH.,#21377);
#21377 = SURFACE_SIDE_STYLE('',(#21378));
#21378 = SURFACE_STYLE_FILL_AREA(#21379);
#21379 = FILL_AREA_STYLE('',(#21380));
#21380 = FILL_AREA_STYLE_COLOUR('',#21339);
#21381 = CURVE_STYLE('',#21382,POSITIVE_LENGTH_MEASURE(0.1),#21342);
#21382 = DRAUGHTING_PRE_DEFINED_CURVE_FONT('continuous');
#21383 = MECHANICAL_DESIGN_GEOMETRIC_PRESENTATION_REPRESENTATION('',(
    #21384),#20393);
#21384 = STYLED_ITEM('color',(#21385),#20243);
#21385 = PRESENTATION_STYLE_ASSIGNMENT((#21386,#21391));
#21386 = SURFACE_STYLE_USAGE(.BOTH.,#21387);
#21387 = SURFACE_SIDE_STYLE('',(#21388));
#21388 = SURFACE_STYLE_FILL_AREA(#21389);
#21389 = FILL_AREA_STYLE('',(#21390));
#21390 = FILL_AREA_STYLE_COLOUR('',#21305);
#21391 = CURVE_STYLE('',#21392,POSITIVE_LENGTH_MEASURE(0.1),#21308);
#21392 = DRAUGHTING_PRE_DEFINED_CURVE_FONT('continuous');
#21393 = MECHANICAL_DESIGN_GEOMETRIC_PRESENTATION_REPRESENTATION('',(
    #21394),#13781);
#21394 = STYLED_ITEM('color',(#21395),#12426);
#21395 = PRESENTATION_STYLE_ASSIGNMENT((#21396,#21401));
#21396 = SURFACE_STYLE_USAGE(.BOTH.,#21397);
#21397 = SURFACE_SIDE_STYLE('',(#21398));
#21398 = SURFACE_STYLE_FILL_AREA(#21399);
#21399 = FILL_AREA_STYLE('',(#21400));
#21400 = FILL_AREA_STYLE_COLOUR('',#21339);
#21401 = CURVE_STYLE('',#21402,POSITIVE_LENGTH_MEASURE(0.1),#21342);
#21402 = DRAUGHTING_PRE_DEFINED_CURVE_FONT('continuous');
#21403 = MECHANICAL_DESIGN_GEOMETRIC_PRESENTATION_REPRESENTATION('',(
    #21404),#17213);
#21404 = STYLED_ITEM('color',(#21405),#16995);
#21405 = PRESENTATION_STYLE_ASSIGNMENT((#21406,#21411));
#21406 = SURFACE_STYLE_USAGE(.BOTH.,#21407);
#21407 = SURFACE_SIDE_STYLE('',(#21408));
#21408 = SURFACE_STYLE_FILL_AREA(#21409);
#21409 = FILL_AREA_STYLE('',(#21410));
#21410 = FILL_AREA_STYLE_COLOUR('',#21339);
#21411 = CURVE_STYLE('',#21412,POSITIVE_LENGTH_MEASURE(0.1),#21342);
#21412 = DRAUGHTING_PRE_DEFINED_CURVE_FONT('continuous');
#21413 = MECHANICAL_DESIGN_GEOMETRIC_PRESENTATION_REPRESENTATION('',(
    #21414),#14810);
#21414 = STYLED_ITEM('color',(#21415),#14660);
#21415 = PRESENTATION_STYLE_ASSIGNMENT((#21416,#21421));
#21416 = SURFACE_STYLE_USAGE(.BOTH.,#21417);
#21417 = SURFACE_SIDE_STYLE('',(#21418));
#21418 = SURFACE_STYLE_FILL_AREA(#21419);
#21419 = FILL_AREA_STYLE('',(#21420));
#21420 = FILL_AREA_STYLE_COLOUR('',#21305);
#21421 = CURVE_STYLE('',#21422,POSITIVE_LENGTH_MEASURE(0.1),#21308);
#21422 = DRAUGHTING_PRE_DEFINED_CURVE_FONT('continuous');
#21423 = MECHANICAL_DESIGN_GEOMETRIC_PRESENTATION_REPRESENTATION('',(
    #21424),#12238);
#21424 = STYLED_ITEM('color',(#21425),#12088);
#21425 = PRESENTATION_STYLE_ASSIGNMENT((#21426,#21431));
#21426 = SURFACE_STYLE_USAGE(.BOTH.,#21427);
#21427 = SURFACE_SIDE_STYLE('',(#21428));
#21428 = SURFACE_STYLE_FILL_AREA(#21429);
#21429 = FILL_AREA_STYLE('',(#21430));
#21430 = FILL_AREA_STYLE_COLOUR('',#21305);
#21431 = CURVE_STYLE('',#21432,POSITIVE_LENGTH_MEASURE(0.1),#21308);
#21432 = DRAUGHTING_PRE_DEFINED_CURVE_FONT('continuous');
#21433 = MECHANICAL_DESIGN_GEOMETRIC_PRESENTATION_REPRESENTATION('',(
    #21434),#17551);
#21434 = STYLED_ITEM('color',(#21435),#17401);
#21435 = PRESENTATION_STYLE_ASSIGNMENT((#21436,#21441));
#21436 = SURFACE_STYLE_USAGE(.BOTH.,#21437);
#21437 = SURFACE_SIDE_STYLE('',(#21438));
#21438 = SURFACE_STYLE_FILL_AREA(#21439);
#21439 = FILL_AREA_STYLE('',(#21440));
#21440 = FILL_AREA_STYLE_COLOUR('',#21305);
#21441 = CURVE_STYLE('',#21442,POSITIVE_LENGTH_MEASURE(0.1),#21308);
#21442 = DRAUGHTING_PRE_DEFINED_CURVE_FONT('continuous');
#21443 = MECHANICAL_DESIGN_GEOMETRIC_PRESENTATION_REPRESENTATION('',(
    #21444),#12407);
#21444 = STYLED_ITEM('color',(#21445),#12257);
#21445 = PRESENTATION_STYLE_ASSIGNMENT((#21446,#21451));
#21446 = SURFACE_STYLE_USAGE(.BOTH.,#21447);
#21447 = SURFACE_SIDE_STYLE('',(#21448));
#21448 = SURFACE_STYLE_FILL_AREA(#21449);
#21449 = FILL_AREA_STYLE('',(#21450));
#21450 = FILL_AREA_STYLE_COLOUR('',#21305);
#21451 = CURVE_STYLE('',#21452,POSITIVE_LENGTH_MEASURE(0.1),#21308);
#21452 = DRAUGHTING_PRE_DEFINED_CURVE_FONT('continuous');
#21453 = MECHANICAL_DESIGN_GEOMETRIC_PRESENTATION_REPRESENTATION('',(
    #21454),#20224);
#21454 = STYLED_ITEM('color',(#21455),#20074);
#21455 = PRESENTATION_STYLE_ASSIGNMENT((#21456,#21461));
#21456 = SURFACE_STYLE_USAGE(.BOTH.,#21457);
#21457 = SURFACE_SIDE_STYLE('',(#21458));
#21458 = SURFACE_STYLE_FILL_AREA(#21459);
#21459 = FILL_AREA_STYLE('',(#21460));
#21460 = FILL_AREA_STYLE_COLOUR('',#21305);
#21461 = CURVE_STYLE('',#21462,POSITIVE_LENGTH_MEASURE(0.1),#21308);
#21462 = DRAUGHTING_PRE_DEFINED_CURVE_FONT('continuous');
#21463 = MECHANICAL_DESIGN_GEOMETRIC_PRESENTATION_REPRESENTATION('',(
    #21464),#9497);
#21464 = STYLED_ITEM('color',(#21465),#9279);
#21465 = PRESENTATION_STYLE_ASSIGNMENT((#21466,#21471));
#21466 = SURFACE_STYLE_USAGE(.BOTH.,#21467);
#21467 = SURFACE_SIDE_STYLE('',(#21468));
#21468 = SURFACE_STYLE_FILL_AREA(#21469);
#21469 = FILL_AREA_STYLE('',(#21470));
#21470 = FILL_AREA_STYLE_COLOUR('',#21317);
#21471 = CURVE_STYLE('',#21472,POSITIVE_LENGTH_MEASURE(0.1),#21320);
#21472 = DRAUGHTING_PRE_DEFINED_CURVE_FONT('continuous');
#21473 = MECHANICAL_DESIGN_GEOMETRIC_PRESENTATION_REPRESENTATION('',(
    #21474),#3493);
#21474 = STYLED_ITEM('color',(#21475),#2138);
#21475 = PRESENTATION_STYLE_ASSIGNMENT((#21476,#21481));
#21476 = SURFACE_STYLE_USAGE(.BOTH.,#21477);
#21477 = SURFACE_SIDE_STYLE('',(#21478));
#21478 = SURFACE_STYLE_FILL_AREA(#21479);
#21479 = FILL_AREA_STYLE('',(#21480));
#21480 = FILL_AREA_STYLE_COLOUR('',#21339);
#21481 = CURVE_STYLE('',#21482,POSITIVE_LENGTH_MEASURE(0.1),#21342);
#21482 = DRAUGHTING_PRE_DEFINED_CURVE_FONT('continuous');
#21483 = MECHANICAL_DESIGN_GEOMETRIC_PRESENTATION_REPRESENTATION('',(
    #21484),#4691);
#21484 = STYLED_ITEM('color',(#21485),#4541);
#21485 = PRESENTATION_STYLE_ASSIGNMENT((#21486,#21491));
#21486 = SURFACE_STYLE_USAGE(.BOTH.,#21487);
#21487 = SURFACE_SIDE_STYLE('',(#21488));
#21488 = SURFACE_STYLE_FILL_AREA(#21489);
#21489 = FILL_AREA_STYLE('',(#21490));
#21490 = FILL_AREA_STYLE_COLOUR('',#21305);
#21491 = CURVE_STYLE('',#21492,POSITIVE_LENGTH_MEASURE(0.1),#21308);
#21492 = DRAUGHTING_PRE_DEFINED_CURVE_FONT('continuous');
#21493 = MECHANICAL_DESIGN_GEOMETRIC_PRESENTATION_REPRESENTATION('',(
    #21494),#7094);
#21494 = STYLED_ITEM('color',(#21495),#6944);
#21495 = PRESENTATION_STYLE_ASSIGNMENT((#21496,#21501));
#21496 = SURFACE_STYLE_USAGE(.BOTH.,#21497);
#21497 = SURFACE_SIDE_STYLE('',(#21498));
#21498 = SURFACE_STYLE_FILL_AREA(#21499);
#21499 = FILL_AREA_STYLE('',(#21500));
#21500 = FILL_AREA_STYLE_COLOUR('',#21305);
#21501 = CURVE_STYLE('',#21502,POSITIVE_LENGTH_MEASURE(0.1),#21308);
#21502 = DRAUGHTING_PRE_DEFINED_CURVE_FONT('continuous');
#21503 = MECHANICAL_DESIGN_GEOMETRIC_PRESENTATION_REPRESENTATION('',(
    #21504),#11832);
#21504 = STYLED_ITEM('color',(#21505),#11228);
#21505 = PRESENTATION_STYLE_ASSIGNMENT((#21506,#21511));
#21506 = SURFACE_STYLE_USAGE(.BOTH.,#21507);
#21507 = SURFACE_SIDE_STYLE('',(#21508));
#21508 = SURFACE_STYLE_FILL_AREA(#21509);
#21509 = FILL_AREA_STYLE('',(#21510));
#21510 = FILL_AREA_STYLE_COLOUR('',#21317);
#21511 = CURVE_STYLE('',#21512,POSITIVE_LENGTH_MEASURE(0.1),#21320);
#21512 = DRAUGHTING_PRE_DEFINED_CURVE_FONT('continuous');
#21513 = MECHANICAL_DESIGN_GEOMETRIC_PRESENTATION_REPRESENTATION('',(
    #21514),#11209);
#21514 = STYLED_ITEM('color',(#21515),#9854);
#21515 = PRESENTATION_STYLE_ASSIGNMENT((#21516,#21521));
#21516 = SURFACE_STYLE_USAGE(.BOTH.,#21517);
#21517 = SURFACE_SIDE_STYLE('',(#21518));
#21518 = SURFACE_STYLE_FILL_AREA(#21519);
#21519 = FILL_AREA_STYLE('',(#21520));
#21520 = FILL_AREA_STYLE_COLOUR('',#21339);
#21521 = CURVE_STYLE('',#21522,POSITIVE_LENGTH_MEASURE(0.1),#21342);
#21522 = DRAUGHTING_PRE_DEFINED_CURVE_FONT('continuous');
#21523 = MECHANICAL_DESIGN_GEOMETRIC_PRESENTATION_REPRESENTATION('',(
    #21524),#6688);
#21524 = STYLED_ITEM('color',(#21525),#6084);
#21525 = PRESENTATION_STYLE_ASSIGNMENT((#21526,#21531));
#21526 = SURFACE_STYLE_USAGE(.BOTH.,#21527);
#21527 = SURFACE_SIDE_STYLE('',(#21528));
#21528 = SURFACE_STYLE_FILL_AREA(#21529);
#21529 = FILL_AREA_STYLE('',(#21530));
#21530 = FILL_AREA_STYLE_COLOUR('',#21317);
#21531 = CURVE_STYLE('',#21532,POSITIVE_LENGTH_MEASURE(0.1),#21320);
#21532 = DRAUGHTING_PRE_DEFINED_CURVE_FONT('continuous');
#21533 = MECHANICAL_DESIGN_GEOMETRIC_PRESENTATION_REPRESENTATION('',(
    #21534),#16353);
#21534 = STYLED_ITEM('color',(#21535),#14998);
#21535 = PRESENTATION_STYLE_ASSIGNMENT((#21536,#21541));
#21536 = SURFACE_STYLE_USAGE(.BOTH.,#21537);
#21537 = SURFACE_SIDE_STYLE('',(#21538));
#21538 = SURFACE_STYLE_FILL_AREA(#21539);
#21539 = FILL_AREA_STYLE('',(#21540));
#21540 = FILL_AREA_STYLE_COLOUR('',#21339);
#21541 = CURVE_STYLE('',#21542,POSITIVE_LENGTH_MEASURE(0.1),#21342);
#21542 = DRAUGHTING_PRE_DEFINED_CURVE_FONT('continuous');
#21543 = MECHANICAL_DESIGN_GEOMETRIC_PRESENTATION_REPRESENTATION('',(
    #21544),#14404);
#21544 = STYLED_ITEM('color',(#21545),#13800);
#21545 = PRESENTATION_STYLE_ASSIGNMENT((#21546,#21551));
#21546 = SURFACE_STYLE_USAGE(.BOTH.,#21547);
#21547 = SURFACE_SIDE_STYLE('',(#21548));
#21548 = SURFACE_STYLE_FILL_AREA(#21549);
#21549 = FILL_AREA_STYLE('',(#21550));
#21550 = FILL_AREA_STYLE_COLOUR('',#21317);
#21551 = CURVE_STYLE('',#21552,POSITIVE_LENGTH_MEASURE(0.1),#21320);
#21552 = DRAUGHTING_PRE_DEFINED_CURVE_FONT('continuous');
#21553 = MECHANICAL_DESIGN_GEOMETRIC_PRESENTATION_REPRESENTATION('',(
    #21554),#14979);
#21554 = STYLED_ITEM('color',(#21555),#14829);
#21555 = PRESENTATION_STYLE_ASSIGNMENT((#21556,#21561));
#21556 = SURFACE_STYLE_USAGE(.BOTH.,#21557);
#21557 = SURFACE_SIDE_STYLE('',(#21558));
#21558 = SURFACE_STYLE_FILL_AREA(#21559);
#21559 = FILL_AREA_STYLE('',(#21560));
#21560 = FILL_AREA_STYLE_COLOUR('',#21305);
#21561 = CURVE_STYLE('',#21562,POSITIVE_LENGTH_MEASURE(0.1),#21308);
#21562 = DRAUGHTING_PRE_DEFINED_CURVE_FONT('continuous');
#21563 = MECHANICAL_DESIGN_GEOMETRIC_PRESENTATION_REPRESENTATION('',(
    #21564),#14641);
#21564 = STYLED_ITEM('color',(#21565),#14423);
#21565 = PRESENTATION_STYLE_ASSIGNMENT((#21566,#21571));
#21566 = SURFACE_STYLE_USAGE(.BOTH.,#21567);
#21567 = SURFACE_SIDE_STYLE('',(#21568));
#21568 = SURFACE_STYLE_FILL_AREA(#21569);
#21569 = FILL_AREA_STYLE('',(#21570));
#21570 = FILL_AREA_STYLE_COLOUR('',#21339);
#21571 = CURVE_STYLE('',#21572,POSITIVE_LENGTH_MEASURE(0.1),#21342);
#21572 = DRAUGHTING_PRE_DEFINED_CURVE_FONT('continuous');
#21573 = MECHANICAL_DESIGN_GEOMETRIC_PRESENTATION_REPRESENTATION('',(
    #21574),#9835);
#21574 = STYLED_ITEM('color',(#21575),#9685);
#21575 = PRESENTATION_STYLE_ASSIGNMENT((#21576,#21581));
#21576 = SURFACE_STYLE_USAGE(.BOTH.,#21577);
#21577 = SURFACE_SIDE_STYLE('',(#21578));
#21578 = SURFACE_STYLE_FILL_AREA(#21579);
#21579 = FILL_AREA_STYLE('',(#21580));
#21580 = FILL_AREA_STYLE_COLOUR('',#21305);
#21581 = CURVE_STYLE('',#21582,POSITIVE_LENGTH_MEASURE(0.1),#21308);
#21582 = DRAUGHTING_PRE_DEFINED_CURVE_FONT('continuous');
#21583 = MECHANICAL_DESIGN_GEOMETRIC_PRESENTATION_REPRESENTATION('',(
    #21584),#9666);
#21584 = STYLED_ITEM('color',(#21585),#9516);
#21585 = PRESENTATION_STYLE_ASSIGNMENT((#21586,#21591));
#21586 = SURFACE_STYLE_USAGE(.BOTH.,#21587);
#21587 = SURFACE_SIDE_STYLE('',(#21588));
#21588 = SURFACE_STYLE_FILL_AREA(#21589);
#21589 = FILL_AREA_STYLE('',(#21590));
#21590 = FILL_AREA_STYLE_COLOUR('',#21305);
#21591 = CURVE_STYLE('',#21592,POSITIVE_LENGTH_MEASURE(0.1),#21308);
#21592 = DRAUGHTING_PRE_DEFINED_CURVE_FONT('continuous');
#21593 = MECHANICAL_DESIGN_GEOMETRIC_PRESENTATION_REPRESENTATION('',(
    #21594),#8637);
#21594 = STYLED_ITEM('color',(#21595),#7282);
#21595 = PRESENTATION_STYLE_ASSIGNMENT((#21596,#21601));
#21596 = SURFACE_STYLE_USAGE(.BOTH.,#21597);
#21597 = SURFACE_SIDE_STYLE('',(#21598));
#21598 = SURFACE_STYLE_FILL_AREA(#21599);
#21599 = FILL_AREA_STYLE('',(#21600));
#21600 = FILL_AREA_STYLE_COLOUR('',#21339);
#21601 = CURVE_STYLE('',#21602,POSITIVE_LENGTH_MEASURE(0.1),#21342);
#21602 = DRAUGHTING_PRE_DEFINED_CURVE_FONT('continuous');
#21603 = MECHANICAL_DESIGN_GEOMETRIC_PRESENTATION_REPRESENTATION('',(
    #21604),#7263);
#21604 = STYLED_ITEM('color',(#21605),#7113);
#21605 = PRESENTATION_STYLE_ASSIGNMENT((#21606,#21611));
#21606 = SURFACE_STYLE_USAGE(.BOTH.,#21607);
#21607 = SURFACE_SIDE_STYLE('',(#21608));
#21608 = SURFACE_STYLE_FILL_AREA(#21609);
#21609 = FILL_AREA_STYLE('',(#21610));
#21610 = FILL_AREA_STYLE_COLOUR('',#21305);
#21611 = CURVE_STYLE('',#21612,POSITIVE_LENGTH_MEASURE(0.1),#21308);
#21612 = DRAUGHTING_PRE_DEFINED_CURVE_FONT('continuous');
#21613 = MECHANICAL_DESIGN_GEOMETRIC_PRESENTATION_REPRESENTATION('',(
    #21614),#1950);
#21614 = STYLED_ITEM('color',(#21615),#1800);
#21615 = PRESENTATION_STYLE_ASSIGNMENT((#21616,#21621));
#21616 = SURFACE_STYLE_USAGE(.BOTH.,#21617);
#21617 = SURFACE_SIDE_STYLE('',(#21618));
#21618 = SURFACE_STYLE_FILL_AREA(#21619);
#21619 = FILL_AREA_STYLE('',(#21620));
#21620 = FILL_AREA_STYLE_COLOUR('',#21305);
#21621 = CURVE_STYLE('',#21622,POSITIVE_LENGTH_MEASURE(0.1),#21308);
#21622 = DRAUGHTING_PRE_DEFINED_CURVE_FONT('continuous');
#21623 = MECHANICAL_DESIGN_GEOMETRIC_PRESENTATION_REPRESENTATION('',(
    #21624),#6065);
#21624 = STYLED_ITEM('color',(#21625),#4710);
#21625 = PRESENTATION_STYLE_ASSIGNMENT((#21626,#21631));
#21626 = SURFACE_STYLE_USAGE(.BOTH.,#21627);
#21627 = SURFACE_SIDE_STYLE('',(#21628));
#21628 = SURFACE_STYLE_FILL_AREA(#21629);
#21629 = FILL_AREA_STYLE('',(#21630));
#21630 = FILL_AREA_STYLE_COLOUR('',#21339);
#21631 = CURVE_STYLE('',#21632,POSITIVE_LENGTH_MEASURE(0.1),#21342);
#21632 = DRAUGHTING_PRE_DEFINED_CURVE_FONT('continuous');
#21633 = MECHANICAL_DESIGN_GEOMETRIC_PRESENTATION_REPRESENTATION('',(
    #21634),#4522);
#21634 = STYLED_ITEM('color',(#21635),#4372);
#21635 = PRESENTATION_STYLE_ASSIGNMENT((#21636,#21641));
#21636 = SURFACE_STYLE_USAGE(.BOTH.,#21637);
#21637 = SURFACE_SIDE_STYLE('',(#21638));
#21638 = SURFACE_STYLE_FILL_AREA(#21639);
#21639 = FILL_AREA_STYLE('',(#21640));
#21640 = FILL_AREA_STYLE_COLOUR('',#21305);
#21641 = CURVE_STYLE('',#21642,POSITIVE_LENGTH_MEASURE(0.1),#21308);
#21642 = DRAUGHTING_PRE_DEFINED_CURVE_FONT('continuous');
#21643 = MECHANICAL_DESIGN_GEOMETRIC_PRESENTATION_REPRESENTATION('',(
    #21644),#4116);
#21644 = STYLED_ITEM('color',(#21645),#3512);
#21645 = PRESENTATION_STYLE_ASSIGNMENT((#21646,#21651));
#21646 = SURFACE_STYLE_USAGE(.BOTH.,#21647);
#21647 = SURFACE_SIDE_STYLE('',(#21648));
#21648 = SURFACE_STYLE_FILL_AREA(#21649);
#21649 = FILL_AREA_STYLE('',(#21650));
#21650 = FILL_AREA_STYLE_COLOUR('',#21317);
#21651 = CURVE_STYLE('',#21652,POSITIVE_LENGTH_MEASURE(0.1),#21320);
#21652 = DRAUGHTING_PRE_DEFINED_CURVE_FONT('continuous');
#21653 = MECHANICAL_DESIGN_GEOMETRIC_PRESENTATION_REPRESENTATION('',(
    #21654),#19195);
#21654 = STYLED_ITEM('color',(#21655),#17570);
#21655 = PRESENTATION_STYLE_ASSIGNMENT((#21656,#21661));
#21656 = SURFACE_STYLE_USAGE(.BOTH.,#21657);
#21657 = SURFACE_SIDE_STYLE('',(#21658));
#21658 = SURFACE_STYLE_FILL_AREA(#21659);
#21659 = FILL_AREA_STYLE('',(#21660));
#21660 = FILL_AREA_STYLE_COLOUR('',#21339);
#21661 = CURVE_STYLE('',#21662,POSITIVE_LENGTH_MEASURE(0.1),#21342);
#21662 = DRAUGHTING_PRE_DEFINED_CURVE_FONT('continuous');
#21663 = MECHANICAL_DESIGN_GEOMETRIC_PRESENTATION_REPRESENTATION('',(
    #21664),#4353);
#21664 = STYLED_ITEM('color',(#21665),#4135);
#21665 = PRESENTATION_STYLE_ASSIGNMENT((#21666,#21671));
#21666 = SURFACE_STYLE_USAGE(.BOTH.,#21667);
#21667 = SURFACE_SIDE_STYLE('',(#21668));
#21668 = SURFACE_STYLE_FILL_AREA(#21669);
#21669 = FILL_AREA_STYLE('',(#21670));
#21670 = FILL_AREA_STYLE_COLOUR('',#21317);
#21671 = CURVE_STYLE('',#21672,POSITIVE_LENGTH_MEASURE(0.1),#21320);
#21672 = DRAUGHTING_PRE_DEFINED_CURVE_FONT('continuous');
#21673 = MECHANICAL_DESIGN_GEOMETRIC_PRESENTATION_REPRESENTATION('',(
    #21674),#20055);
#21674 = STYLED_ITEM('color',(#21675),#19837);
#21675 = PRESENTATION_STYLE_ASSIGNMENT((#21676,#21682));
#21676 = SURFACE_STYLE_USAGE(.BOTH.,#21677);
#21677 = SURFACE_SIDE_STYLE('',(#21678));
#21678 = SURFACE_STYLE_FILL_AREA(#21679);
#21679 = FILL_AREA_STYLE('',(#21680));
#21680 = FILL_AREA_STYLE_COLOUR('',#21681);
#21681 = COLOUR_RGB('',0.850980411111,0.160784315601,0.109803919806);
#21682 = CURVE_STYLE('',#21683,POSITIVE_LENGTH_MEASURE(0.1),#21684);
#21683 = DRAUGHTING_PRE_DEFINED_CURVE_FONT('continuous');
#21684 = COLOUR_RGB('',0.468039206244,8.843137021055E-02,
  6.039215445906E-02);
#21685 = MECHANICAL_DESIGN_GEOMETRIC_PRESENTATION_REPRESENTATION('',(
    #21686),#16976);
#21686 = STYLED_ITEM('color',(#21687),#16372);
#21687 = PRESENTATION_STYLE_ASSIGNMENT((#21688,#21693));
#21688 = SURFACE_STYLE_USAGE(.BOTH.,#21689);
#21689 = SURFACE_SIDE_STYLE('',(#21690));
#21690 = SURFACE_STYLE_FILL_AREA(#21691);
#21691 = FILL_AREA_STYLE('',(#21692));
#21692 = FILL_AREA_STYLE_COLOUR('',#21317);
#21693 = CURVE_STYLE('',#21694,POSITIVE_LENGTH_MEASURE(0.1),#21320);
#21694 = DRAUGHTING_PRE_DEFINED_CURVE_FONT('continuous');
#21695 = MECHANICAL_DESIGN_GEOMETRIC_PRESENTATION_REPRESENTATION('',(
    #21696),#12069);
#21696 = STYLED_ITEM('color',(#21697),#11851);
#21697 = PRESENTATION_STYLE_ASSIGNMENT((#21698,#21703));
#21698 = SURFACE_STYLE_USAGE(.BOTH.,#21699);
#21699 = SURFACE_SIDE_STYLE('',(#21700));
#21700 = SURFACE_STYLE_FILL_AREA(#21701);
#21701 = FILL_AREA_STYLE('',(#21702));
#21702 = FILL_AREA_STYLE_COLOUR('',#21339);
#21703 = CURVE_STYLE('',#21704,POSITIVE_LENGTH_MEASURE(0.1),#21342);
#21704 = DRAUGHTING_PRE_DEFINED_CURVE_FONT('continuous');
ENDSEC;
END-ISO-10303-21;
