ISO-10303-21;
HEADER;
FILE_DESCRIPTION(('FreeCAD Model'),'2;1');
FILE_NAME('Open CASCADE Shape Model','2026-07-12T11:51:04',('FreeCAD'),(
    'FreeCAD'),'Open CASCADE STEP processor 7.8','FreeCAD','Unknown');
FILE_SCHEMA(('AUTOMOTIVE_DESIGN { 1 0 10303 214 1 1 1 1 }'));
ENDSEC;
DATA;
#1 = APPLICATION_PROTOCOL_DEFINITION('international standard',
  'automotive_design',2000,#2);
#2 = APPLICATION_CONTEXT(
  'core data for automotive mechanical design processes');
#3 = SHAPE_DEFINITION_REPRESENTATION(#4,#10);
#4 = PRODUCT_DEFINITION_SHAPE('','',#5);
#5 = PRODUCT_DEFINITION('design','',#6,#9);
#6 = PRODUCT_DEFINITION_FORMATION('','',#7);
#7 = PRODUCT('Open CASCADE STEP translator 7.8 1',
  'Open CASCADE STEP translator 7.8 1','',(#8));
#8 = PRODUCT_CONTEXT('',#2,'mechanical');
#9 = PRODUCT_DEFINITION_CONTEXT('part definition',#2,'design');
#10 = SHAPE_REPRESENTATION('',(#11,#15,#1241,#1611,#1761,#1911,#2957,
    #3327,#3477,#3627,#4673,#5043,#5193,#5343),#6141);
#11 = AXIS2_PLACEMENT_3D('',#12,#13,#14);
#12 = CARTESIAN_POINT('',(0.,0.,0.));
#13 = DIRECTION('',(0.,0.,1.));
#14 = DIRECTION('',(1.,0.,-0.));
#15 = MANIFOLD_SOLID_BREP('',#16);
#16 = CLOSED_SHELL('',(#17,#101,#134,#167,#200,#233,#258,#283,#308,#333,
    #350,#367,#433,#464,#481,#546,#563,#628,#637,#646,#655,#664,#682,
    #700,#733,#764,#789,#813,#830,#848,#879,#897,#928,#959,#983,#1007,
    #1024,#1053,#1084,#1108,#1132,#1149,#1160,#1171,#1183,#1194,#1205,
    #1217,#1229));
#17 = ADVANCED_FACE('',(#18,#52,#63,#74,#85),#96,.F.);
#18 = FACE_BOUND('',#19,.F.);
#19 = EDGE_LOOP('',(#20,#30,#38,#46));
#20 = ORIENTED_EDGE('',*,*,#21,.F.);
#21 = EDGE_CURVE('',#22,#24,#26,.T.);
#22 = VERTEX_POINT('',#23);
#23 = CARTESIAN_POINT('',(-2.775557561563E-17,0.18,0.18));
#24 = VERTEX_POINT('',#25);
#25 = CARTESIAN_POINT('',(-2.775557561563E-17,0.18,10.42));
#26 = LINE('',#27,#28);
#27 = CARTESIAN_POINT('',(-2.775557561563E-17,0.18,0.));
#28 = VECTOR('',#29,1.);
#29 = DIRECTION('',(0.,0.,1.));
#30 = ORIENTED_EDGE('',*,*,#31,.T.);
#31 = EDGE_CURVE('',#22,#32,#34,.T.);
#32 = VERTEX_POINT('',#33);
#33 = CARTESIAN_POINT('',(-2.775557561563E-17,12.32,0.18));
#34 = LINE('',#35,#36);
#35 = CARTESIAN_POINT('',(-2.775557561563E-17,0.,0.18));
#36 = VECTOR('',#37,1.);
#37 = DIRECTION('',(0.,1.,0.));
#38 = ORIENTED_EDGE('',*,*,#39,.T.);
#39 = EDGE_CURVE('',#32,#40,#42,.T.);
#40 = VERTEX_POINT('',#41);
#41 = CARTESIAN_POINT('',(-2.775557561563E-17,12.32,10.42));
#42 = LINE('',#43,#44);
#43 = CARTESIAN_POINT('',(-2.775557561563E-17,12.32,0.));
#44 = VECTOR('',#45,1.);
#45 = DIRECTION('',(0.,0.,1.));
#46 = ORIENTED_EDGE('',*,*,#47,.F.);
#47 = EDGE_CURVE('',#24,#40,#48,.T.);
#48 = LINE('',#49,#50);
#49 = CARTESIAN_POINT('',(-2.775557561563E-17,0.,10.42));
#50 = VECTOR('',#51,1.);
#51 = DIRECTION('',(0.,1.,0.));
#52 = FACE_BOUND('',#53,.F.);
#53 = EDGE_LOOP('',(#54));
#54 = ORIENTED_EDGE('',*,*,#55,.F.);
#55 = EDGE_CURVE('',#56,#56,#58,.T.);
#56 = VERTEX_POINT('',#57);
#57 = CARTESIAN_POINT('',(0.,7.3,3.48));
#58 = CIRCLE('',#59,0.48);
#59 = AXIS2_PLACEMENT_3D('',#60,#61,#62);
#60 = CARTESIAN_POINT('',(0.,7.3,3.));
#61 = DIRECTION('',(1.,0.,-0.));
#62 = DIRECTION('',(0.,0.,1.));
#63 = FACE_BOUND('',#64,.F.);
#64 = EDGE_LOOP('',(#65));
#65 = ORIENTED_EDGE('',*,*,#66,.F.);
#66 = EDGE_CURVE('',#67,#67,#69,.T.);
#67 = VERTEX_POINT('',#68);
#68 = CARTESIAN_POINT('',(0.,9.6,7.58));
#69 = CIRCLE('',#70,0.48);
#70 = AXIS2_PLACEMENT_3D('',#71,#72,#73);
#71 = CARTESIAN_POINT('',(0.,9.6,7.1));
#72 = DIRECTION('',(1.,0.,-0.));
#73 = DIRECTION('',(0.,0.,1.));
#74 = FACE_BOUND('',#75,.F.);
#75 = EDGE_LOOP('',(#76));
#76 = ORIENTED_EDGE('',*,*,#77,.F.);
#77 = EDGE_CURVE('',#78,#78,#80,.T.);
#78 = VERTEX_POINT('',#79);
#79 = CARTESIAN_POINT('',(0.,2.4,3.48));
#80 = CIRCLE('',#81,0.48);
#81 = AXIS2_PLACEMENT_3D('',#82,#83,#84);
#82 = CARTESIAN_POINT('',(0.,2.4,3.));
#83 = DIRECTION('',(1.,0.,-0.));
#84 = DIRECTION('',(0.,0.,1.));
#85 = FACE_BOUND('',#86,.F.);
#86 = EDGE_LOOP('',(#87));
#87 = ORIENTED_EDGE('',*,*,#88,.F.);
#88 = EDGE_CURVE('',#89,#89,#91,.T.);
#89 = VERTEX_POINT('',#90);
#90 = CARTESIAN_POINT('',(0.,4.7,7.58));
#91 = CIRCLE('',#92,0.48);
#92 = AXIS2_PLACEMENT_3D('',#93,#94,#95);
#93 = CARTESIAN_POINT('',(0.,4.7,7.1));
#94 = DIRECTION('',(1.,0.,-0.));
#95 = DIRECTION('',(0.,0.,1.));
#96 = PLANE('',#97);
#97 = AXIS2_PLACEMENT_3D('',#98,#99,#100);
#98 = CARTESIAN_POINT('',(0.,0.,0.));
#99 = DIRECTION('',(1.,0.,0.));
#100 = DIRECTION('',(0.,0.,1.));
#101 = ADVANCED_FACE('',(#102),#129,.T.);
#102 = FACE_BOUND('',#103,.T.);
#103 = EDGE_LOOP('',(#104,#105,#114,#122));
#104 = ORIENTED_EDGE('',*,*,#21,.F.);
#105 = ORIENTED_EDGE('',*,*,#106,.T.);
#106 = EDGE_CURVE('',#22,#107,#109,.T.);
#107 = VERTEX_POINT('',#108);
#108 = CARTESIAN_POINT('',(0.18,-2.775557561563E-17,0.18));
#109 = CIRCLE('',#110,0.18);
#110 = AXIS2_PLACEMENT_3D('',#111,#112,#113);
#111 = CARTESIAN_POINT('',(0.18,0.18,0.18));
#112 = DIRECTION('',(0.,0.,1.));
#113 = DIRECTION('',(-1.,0.,0.));
#114 = ORIENTED_EDGE('',*,*,#115,.T.);
#115 = EDGE_CURVE('',#107,#116,#118,.T.);
#116 = VERTEX_POINT('',#117);
#117 = CARTESIAN_POINT('',(0.18,-2.775557561563E-17,10.42));
#118 = LINE('',#119,#120);
#119 = CARTESIAN_POINT('',(0.18,-2.775557561563E-17,0.));
#120 = VECTOR('',#121,1.);
#121 = DIRECTION('',(0.,0.,1.));
#122 = ORIENTED_EDGE('',*,*,#123,.F.);
#123 = EDGE_CURVE('',#24,#116,#124,.T.);
#124 = CIRCLE('',#125,0.18);
#125 = AXIS2_PLACEMENT_3D('',#126,#127,#128);
#126 = CARTESIAN_POINT('',(0.18,0.18,10.42));
#127 = DIRECTION('',(0.,0.,1.));
#128 = DIRECTION('',(-1.,0.,0.));
#129 = CYLINDRICAL_SURFACE('',#130,0.18);
#130 = AXIS2_PLACEMENT_3D('',#131,#132,#133);
#131 = CARTESIAN_POINT('',(0.18,0.18,0.));
#132 = DIRECTION('',(0.,0.,1.));
#133 = DIRECTION('',(-1.,0.,0.));
#134 = ADVANCED_FACE('',(#135),#162,.T.);
#135 = FACE_BOUND('',#136,.F.);
#136 = EDGE_LOOP('',(#137,#146,#154,#161));
#137 = ORIENTED_EDGE('',*,*,#138,.F.);
#138 = EDGE_CURVE('',#139,#22,#141,.T.);
#139 = VERTEX_POINT('',#140);
#140 = CARTESIAN_POINT('',(0.18,0.18,0.));
#141 = CIRCLE('',#142,0.18);
#142 = AXIS2_PLACEMENT_3D('',#143,#144,#145);
#143 = CARTESIAN_POINT('',(0.18,0.18,0.18));
#144 = DIRECTION('',(0.,1.,-0.));
#145 = DIRECTION('',(-1.,0.,0.));
#146 = ORIENTED_EDGE('',*,*,#147,.T.);
#147 = EDGE_CURVE('',#139,#148,#150,.T.);
#148 = VERTEX_POINT('',#149);
#149 = CARTESIAN_POINT('',(0.18,12.32,0.));
#150 = LINE('',#151,#152);
#151 = CARTESIAN_POINT('',(0.18,0.,-2.775557561563E-17));
#152 = VECTOR('',#153,1.);
#153 = DIRECTION('',(0.,1.,0.));
#154 = ORIENTED_EDGE('',*,*,#155,.T.);
#155 = EDGE_CURVE('',#148,#32,#156,.T.);
#156 = CIRCLE('',#157,0.18);
#157 = AXIS2_PLACEMENT_3D('',#158,#159,#160);
#158 = CARTESIAN_POINT('',(0.18,12.32,0.18));
#159 = DIRECTION('',(0.,1.,-0.));
#160 = DIRECTION('',(-1.,0.,0.));
#161 = ORIENTED_EDGE('',*,*,#31,.F.);
#162 = CYLINDRICAL_SURFACE('',#163,0.18);
#163 = AXIS2_PLACEMENT_3D('',#164,#165,#166);
#164 = CARTESIAN_POINT('',(0.18,0.,0.18));
#165 = DIRECTION('',(0.,1.,0.));
#166 = DIRECTION('',(-1.,0.,0.));
#167 = ADVANCED_FACE('',(#168),#195,.T.);
#168 = FACE_BOUND('',#169,.T.);
#169 = EDGE_LOOP('',(#170,#179,#187,#194));
#170 = ORIENTED_EDGE('',*,*,#171,.F.);
#171 = EDGE_CURVE('',#172,#24,#174,.T.);
#172 = VERTEX_POINT('',#173);
#173 = CARTESIAN_POINT('',(0.18,0.18,10.6));
#174 = CIRCLE('',#175,0.18);
#175 = AXIS2_PLACEMENT_3D('',#176,#177,#178);
#176 = CARTESIAN_POINT('',(0.18,0.18,10.42));
#177 = DIRECTION('',(0.,-1.,0.));
#178 = DIRECTION('',(-1.,0.,0.));
#179 = ORIENTED_EDGE('',*,*,#180,.T.);
#180 = EDGE_CURVE('',#172,#181,#183,.T.);
#181 = VERTEX_POINT('',#182);
#182 = CARTESIAN_POINT('',(0.18,12.32,10.6));
#183 = LINE('',#184,#185);
#184 = CARTESIAN_POINT('',(0.18,0.,10.6));
#185 = VECTOR('',#186,1.);
#186 = DIRECTION('',(0.,1.,0.));
#187 = ORIENTED_EDGE('',*,*,#188,.F.);
#188 = EDGE_CURVE('',#40,#181,#189,.T.);
#189 = CIRCLE('',#190,0.18);
#190 = AXIS2_PLACEMENT_3D('',#191,#192,#193);
#191 = CARTESIAN_POINT('',(0.18,12.32,10.42));
#192 = DIRECTION('',(0.,1.,-0.));
#193 = DIRECTION('',(-1.,0.,0.));
#194 = ORIENTED_EDGE('',*,*,#47,.F.);
#195 = CYLINDRICAL_SURFACE('',#196,0.18);
#196 = AXIS2_PLACEMENT_3D('',#197,#198,#199);
#197 = CARTESIAN_POINT('',(0.18,0.,10.42));
#198 = DIRECTION('',(0.,1.,0.));
#199 = DIRECTION('',(-1.,0.,0.));
#200 = ADVANCED_FACE('',(#201),#228,.T.);
#201 = FACE_BOUND('',#202,.F.);
#202 = EDGE_LOOP('',(#203,#204,#213,#221));
#203 = ORIENTED_EDGE('',*,*,#39,.F.);
#204 = ORIENTED_EDGE('',*,*,#205,.T.);
#205 = EDGE_CURVE('',#32,#206,#208,.T.);
#206 = VERTEX_POINT('',#207);
#207 = CARTESIAN_POINT('',(0.18,12.5,0.18));
#208 = CIRCLE('',#209,0.18);
#209 = AXIS2_PLACEMENT_3D('',#210,#211,#212);
#210 = CARTESIAN_POINT('',(0.18,12.32,0.18));
#211 = DIRECTION('',(0.,0.,-1.));
#212 = DIRECTION('',(-1.,0.,0.));
#213 = ORIENTED_EDGE('',*,*,#214,.T.);
#214 = EDGE_CURVE('',#206,#215,#217,.T.);
#215 = VERTEX_POINT('',#216);
#216 = CARTESIAN_POINT('',(0.18,12.5,10.42));
#217 = LINE('',#218,#219);
#218 = CARTESIAN_POINT('',(0.18,12.5,0.));
#219 = VECTOR('',#220,1.);
#220 = DIRECTION('',(0.,0.,1.));
#221 = ORIENTED_EDGE('',*,*,#222,.T.);
#222 = EDGE_CURVE('',#215,#40,#223,.T.);
#223 = CIRCLE('',#224,0.18);
#224 = AXIS2_PLACEMENT_3D('',#225,#226,#227);
#225 = CARTESIAN_POINT('',(0.18,12.32,10.42));
#226 = DIRECTION('',(0.,0.,1.));
#227 = DIRECTION('',(-1.,0.,0.));
#228 = CYLINDRICAL_SURFACE('',#229,0.18);
#229 = AXIS2_PLACEMENT_3D('',#230,#231,#232);
#230 = CARTESIAN_POINT('',(0.18,12.32,0.));
#231 = DIRECTION('',(0.,0.,1.));
#232 = DIRECTION('',(-1.,0.,0.));
#233 = ADVANCED_FACE('',(#234),#253,.F.);
#234 = FACE_BOUND('',#235,.F.);
#235 = EDGE_LOOP('',(#236,#244,#251,#252));
#236 = ORIENTED_EDGE('',*,*,#237,.T.);
#237 = EDGE_CURVE('',#56,#238,#240,.T.);
#238 = VERTEX_POINT('',#239);
#239 = CARTESIAN_POINT('',(0.27,7.3,3.48));
#240 = LINE('',#241,#242);
#241 = CARTESIAN_POINT('',(-5.E-02,7.3,3.48));
#242 = VECTOR('',#243,1.);
#243 = DIRECTION('',(1.,0.,0.));
#244 = ORIENTED_EDGE('',*,*,#245,.F.);
#245 = EDGE_CURVE('',#238,#238,#246,.T.);
#246 = CIRCLE('',#247,0.48);
#247 = AXIS2_PLACEMENT_3D('',#248,#249,#250);
#248 = CARTESIAN_POINT('',(0.27,7.3,3.));
#249 = DIRECTION('',(1.,0.,-0.));
#250 = DIRECTION('',(0.,0.,1.));
#251 = ORIENTED_EDGE('',*,*,#237,.F.);
#252 = ORIENTED_EDGE('',*,*,#55,.T.);
#253 = CYLINDRICAL_SURFACE('',#254,0.48);
#254 = AXIS2_PLACEMENT_3D('',#255,#256,#257);
#255 = CARTESIAN_POINT('',(-5.E-02,7.3,3.));
#256 = DIRECTION('',(1.,0.,0.));
#257 = DIRECTION('',(0.,0.,1.));
#258 = ADVANCED_FACE('',(#259),#278,.F.);
#259 = FACE_BOUND('',#260,.F.);
#260 = EDGE_LOOP('',(#261,#269,#276,#277));
#261 = ORIENTED_EDGE('',*,*,#262,.T.);
#262 = EDGE_CURVE('',#67,#263,#265,.T.);
#263 = VERTEX_POINT('',#264);
#264 = CARTESIAN_POINT('',(0.27,9.6,7.58));
#265 = LINE('',#266,#267);
#266 = CARTESIAN_POINT('',(-5.E-02,9.6,7.58));
#267 = VECTOR('',#268,1.);
#268 = DIRECTION('',(1.,0.,0.));
#269 = ORIENTED_EDGE('',*,*,#270,.F.);
#270 = EDGE_CURVE('',#263,#263,#271,.T.);
#271 = CIRCLE('',#272,0.48);
#272 = AXIS2_PLACEMENT_3D('',#273,#274,#275);
#273 = CARTESIAN_POINT('',(0.27,9.6,7.1));
#274 = DIRECTION('',(1.,0.,-0.));
#275 = DIRECTION('',(0.,0.,1.));
#276 = ORIENTED_EDGE('',*,*,#262,.F.);
#277 = ORIENTED_EDGE('',*,*,#66,.T.);
#278 = CYLINDRICAL_SURFACE('',#279,0.48);
#279 = AXIS2_PLACEMENT_3D('',#280,#281,#282);
#280 = CARTESIAN_POINT('',(-5.E-02,9.6,7.1));
#281 = DIRECTION('',(1.,0.,0.));
#282 = DIRECTION('',(0.,0.,1.));
#283 = ADVANCED_FACE('',(#284),#303,.F.);
#284 = FACE_BOUND('',#285,.F.);
#285 = EDGE_LOOP('',(#286,#294,#301,#302));
#286 = ORIENTED_EDGE('',*,*,#287,.T.);
#287 = EDGE_CURVE('',#78,#288,#290,.T.);
#288 = VERTEX_POINT('',#289);
#289 = CARTESIAN_POINT('',(0.27,2.4,3.48));
#290 = LINE('',#291,#292);
#291 = CARTESIAN_POINT('',(-5.E-02,2.4,3.48));
#292 = VECTOR('',#293,1.);
#293 = DIRECTION('',(1.,0.,0.));
#294 = ORIENTED_EDGE('',*,*,#295,.F.);
#295 = EDGE_CURVE('',#288,#288,#296,.T.);
#296 = CIRCLE('',#297,0.48);
#297 = AXIS2_PLACEMENT_3D('',#298,#299,#300);
#298 = CARTESIAN_POINT('',(0.27,2.4,3.));
#299 = DIRECTION('',(1.,0.,-0.));
#300 = DIRECTION('',(0.,0.,1.));
#301 = ORIENTED_EDGE('',*,*,#287,.F.);
#302 = ORIENTED_EDGE('',*,*,#77,.T.);
#303 = CYLINDRICAL_SURFACE('',#304,0.48);
#304 = AXIS2_PLACEMENT_3D('',#305,#306,#307);
#305 = CARTESIAN_POINT('',(-5.E-02,2.4,3.));
#306 = DIRECTION('',(1.,0.,0.));
#307 = DIRECTION('',(0.,0.,1.));
#308 = ADVANCED_FACE('',(#309),#328,.F.);
#309 = FACE_BOUND('',#310,.F.);
#310 = EDGE_LOOP('',(#311,#319,#326,#327));
#311 = ORIENTED_EDGE('',*,*,#312,.T.);
#312 = EDGE_CURVE('',#89,#313,#315,.T.);
#313 = VERTEX_POINT('',#314);
#314 = CARTESIAN_POINT('',(0.27,4.7,7.58));
#315 = LINE('',#316,#317);
#316 = CARTESIAN_POINT('',(-5.E-02,4.7,7.58));
#317 = VECTOR('',#318,1.);
#318 = DIRECTION('',(1.,0.,0.));
#319 = ORIENTED_EDGE('',*,*,#320,.F.);
#320 = EDGE_CURVE('',#313,#313,#321,.T.);
#321 = CIRCLE('',#322,0.48);
#322 = AXIS2_PLACEMENT_3D('',#323,#324,#325);
#323 = CARTESIAN_POINT('',(0.27,4.7,7.1));
#324 = DIRECTION('',(1.,0.,-0.));
#325 = DIRECTION('',(0.,0.,1.));
#326 = ORIENTED_EDGE('',*,*,#312,.F.);
#327 = ORIENTED_EDGE('',*,*,#88,.T.);
#328 = CYLINDRICAL_SURFACE('',#329,0.48);
#329 = AXIS2_PLACEMENT_3D('',#330,#331,#332);
#330 = CARTESIAN_POINT('',(-5.E-02,4.7,7.1));
#331 = DIRECTION('',(1.,0.,0.));
#332 = DIRECTION('',(0.,0.,1.));
#333 = ADVANCED_FACE('',(#334),#345,.T.);
#334 = FACE_BOUND('',#335,.T.);
#335 = EDGE_LOOP('',(#336,#337,#344));
#336 = ORIENTED_EDGE('',*,*,#138,.F.);
#337 = ORIENTED_EDGE('',*,*,#338,.T.);
#338 = EDGE_CURVE('',#139,#107,#339,.T.);
#339 = CIRCLE('',#340,0.18);
#340 = AXIS2_PLACEMENT_3D('',#341,#342,#343);
#341 = CARTESIAN_POINT('',(0.18,0.18,0.18));
#342 = DIRECTION('',(-1.,6.123233995737E-17,0.));
#343 = DIRECTION('',(-6.123233995737E-17,-1.,0.));
#344 = ORIENTED_EDGE('',*,*,#106,.F.);
#345 = SPHERICAL_SURFACE('',#346,0.18);
#346 = AXIS2_PLACEMENT_3D('',#347,#348,#349);
#347 = CARTESIAN_POINT('',(0.18,0.18,0.18));
#348 = DIRECTION('',(0.,0.,1.));
#349 = DIRECTION('',(-1.,0.,0.));
#350 = ADVANCED_FACE('',(#351),#362,.T.);
#351 = FACE_BOUND('',#352,.F.);
#352 = EDGE_LOOP('',(#353,#354,#361));
#353 = ORIENTED_EDGE('',*,*,#171,.F.);
#354 = ORIENTED_EDGE('',*,*,#355,.T.);
#355 = EDGE_CURVE('',#172,#116,#356,.T.);
#356 = CIRCLE('',#357,0.18);
#357 = AXIS2_PLACEMENT_3D('',#358,#359,#360);
#358 = CARTESIAN_POINT('',(0.18,0.18,10.42));
#359 = DIRECTION('',(1.,-6.123233995737E-17,0.));
#360 = DIRECTION('',(-6.123233995737E-17,-1.,0.));
#361 = ORIENTED_EDGE('',*,*,#123,.F.);
#362 = SPHERICAL_SURFACE('',#363,0.18);
#363 = AXIS2_PLACEMENT_3D('',#364,#365,#366);
#364 = CARTESIAN_POINT('',(0.18,0.18,10.42));
#365 = DIRECTION('',(-0.,-0.,-1.));
#366 = DIRECTION('',(-1.,0.,0.));
#367 = ADVANCED_FACE('',(#368,#393),#428,.F.);
#368 = FACE_BOUND('',#369,.F.);
#369 = EDGE_LOOP('',(#370,#371,#379,#387));
#370 = ORIENTED_EDGE('',*,*,#115,.T.);
#371 = ORIENTED_EDGE('',*,*,#372,.T.);
#372 = EDGE_CURVE('',#116,#373,#375,.T.);
#373 = VERTEX_POINT('',#374);
#374 = CARTESIAN_POINT('',(3.32,-2.775557561563E-17,10.42));
#375 = LINE('',#376,#377);
#376 = CARTESIAN_POINT('',(0.,-2.775557561563E-17,10.42));
#377 = VECTOR('',#378,1.);
#378 = DIRECTION('',(1.,0.,0.));
#379 = ORIENTED_EDGE('',*,*,#380,.F.);
#380 = EDGE_CURVE('',#381,#373,#383,.T.);
#381 = VERTEX_POINT('',#382);
#382 = CARTESIAN_POINT('',(3.32,-2.775557561563E-17,0.18));
#383 = LINE('',#384,#385);
#384 = CARTESIAN_POINT('',(3.32,-2.775557561563E-17,0.));
#385 = VECTOR('',#386,1.);
#386 = DIRECTION('',(0.,0.,1.));
#387 = ORIENTED_EDGE('',*,*,#388,.F.);
#388 = EDGE_CURVE('',#107,#381,#389,.T.);
#389 = LINE('',#390,#391);
#390 = CARTESIAN_POINT('',(0.,-2.775557561563E-17,0.18));
#391 = VECTOR('',#392,1.);
#392 = DIRECTION('',(1.,0.,0.));
#393 = FACE_BOUND('',#394,.F.);
#394 = EDGE_LOOP('',(#395,#405,#413,#421));
#395 = ORIENTED_EDGE('',*,*,#396,.F.);
#396 = EDGE_CURVE('',#397,#399,#401,.T.);
#397 = VERTEX_POINT('',#398);
#398 = CARTESIAN_POINT('',(2.85,0.,8.1));
#399 = VERTEX_POINT('',#400);
#400 = CARTESIAN_POINT('',(2.85,0.,4.782623792125));
#401 = LINE('',#402,#403);
#402 = CARTESIAN_POINT('',(2.85,0.,2.));
#403 = VECTOR('',#404,1.);
#404 = DIRECTION('',(0.,0.,-1.));
#405 = ORIENTED_EDGE('',*,*,#406,.F.);
#406 = EDGE_CURVE('',#407,#397,#409,.T.);
#407 = VERTEX_POINT('',#408);
#408 = CARTESIAN_POINT('',(0.65,0.,8.1));
#409 = LINE('',#410,#411);
#410 = CARTESIAN_POINT('',(0.325,0.,8.1));
#411 = VECTOR('',#412,1.);
#412 = DIRECTION('',(1.,0.,0.));
#413 = ORIENTED_EDGE('',*,*,#414,.T.);
#414 = EDGE_CURVE('',#407,#415,#417,.T.);
#415 = VERTEX_POINT('',#416);
#416 = CARTESIAN_POINT('',(0.65,0.,4.782623792125));
#417 = LINE('',#418,#419);
#418 = CARTESIAN_POINT('',(0.65,0.,2.));
#419 = VECTOR('',#420,1.);
#420 = DIRECTION('',(0.,0.,-1.));
#421 = ORIENTED_EDGE('',*,*,#422,.F.);
#422 = EDGE_CURVE('',#399,#415,#423,.T.);
#423 = CIRCLE('',#424,1.35);
#424 = AXIS2_PLACEMENT_3D('',#425,#426,#427);
#425 = CARTESIAN_POINT('',(1.75,0.,4.));
#426 = DIRECTION('',(0.,1.,0.));
#427 = DIRECTION('',(0.,0.,1.));
#428 = PLANE('',#429);
#429 = AXIS2_PLACEMENT_3D('',#430,#431,#432);
#430 = CARTESIAN_POINT('',(0.,0.,0.));
#431 = DIRECTION('',(0.,1.,0.));
#432 = DIRECTION('',(0.,0.,1.));
#433 = ADVANCED_FACE('',(#434),#459,.F.);
#434 = FACE_BOUND('',#435,.F.);
#435 = EDGE_LOOP('',(#436,#437,#445,#453));
#436 = ORIENTED_EDGE('',*,*,#147,.F.);
#437 = ORIENTED_EDGE('',*,*,#438,.T.);
#438 = EDGE_CURVE('',#139,#439,#441,.T.);
#439 = VERTEX_POINT('',#440);
#440 = CARTESIAN_POINT('',(3.32,0.18,0.));
#441 = LINE('',#442,#443);
#442 = CARTESIAN_POINT('',(0.,0.18,-2.775557561563E-17));
#443 = VECTOR('',#444,1.);
#444 = DIRECTION('',(1.,0.,0.));
#445 = ORIENTED_EDGE('',*,*,#446,.T.);
#446 = EDGE_CURVE('',#439,#447,#449,.T.);
#447 = VERTEX_POINT('',#448);
#448 = CARTESIAN_POINT('',(3.32,12.32,0.));
#449 = LINE('',#450,#451);
#450 = CARTESIAN_POINT('',(3.32,0.,-2.775557561563E-17));
#451 = VECTOR('',#452,1.);
#452 = DIRECTION('',(0.,1.,0.));
#453 = ORIENTED_EDGE('',*,*,#454,.F.);
#454 = EDGE_CURVE('',#148,#447,#455,.T.);
#455 = LINE('',#456,#457);
#456 = CARTESIAN_POINT('',(0.,12.32,-2.775557561563E-17));
#457 = VECTOR('',#458,1.);
#458 = DIRECTION('',(1.,0.,0.));
#459 = PLANE('',#460);
#460 = AXIS2_PLACEMENT_3D('',#461,#462,#463);
#461 = CARTESIAN_POINT('',(0.,0.,0.));
#462 = DIRECTION('',(0.,0.,1.));
#463 = DIRECTION('',(1.,0.,0.));
#464 = ADVANCED_FACE('',(#465),#476,.T.);
#465 = FACE_BOUND('',#466,.F.);
#466 = EDGE_LOOP('',(#467,#468,#475));
#467 = ORIENTED_EDGE('',*,*,#155,.F.);
#468 = ORIENTED_EDGE('',*,*,#469,.T.);
#469 = EDGE_CURVE('',#148,#206,#470,.T.);
#470 = CIRCLE('',#471,0.18);
#471 = AXIS2_PLACEMENT_3D('',#472,#473,#474);
#472 = CARTESIAN_POINT('',(0.18,12.32,0.18));
#473 = DIRECTION('',(1.,6.123233995737E-17,-0.));
#474 = DIRECTION('',(-6.123233995737E-17,1.,0.));
#475 = ORIENTED_EDGE('',*,*,#205,.F.);
#476 = SPHERICAL_SURFACE('',#477,0.18);
#477 = AXIS2_PLACEMENT_3D('',#478,#479,#480);
#478 = CARTESIAN_POINT('',(0.18,12.32,0.18));
#479 = DIRECTION('',(0.,0.,1.));
#480 = DIRECTION('',(-1.,0.,0.));
#481 = ADVANCED_FACE('',(#482,#507),#541,.T.);
#482 = FACE_BOUND('',#483,.T.);
#483 = EDGE_LOOP('',(#484,#485,#493,#501));
#484 = ORIENTED_EDGE('',*,*,#180,.F.);
#485 = ORIENTED_EDGE('',*,*,#486,.T.);
#486 = EDGE_CURVE('',#172,#487,#489,.T.);
#487 = VERTEX_POINT('',#488);
#488 = CARTESIAN_POINT('',(3.32,0.18,10.6));
#489 = LINE('',#490,#491);
#490 = CARTESIAN_POINT('',(0.,0.18,10.6));
#491 = VECTOR('',#492,1.);
#492 = DIRECTION('',(1.,0.,0.));
#493 = ORIENTED_EDGE('',*,*,#494,.T.);
#494 = EDGE_CURVE('',#487,#495,#497,.T.);
#495 = VERTEX_POINT('',#496);
#496 = CARTESIAN_POINT('',(3.32,12.32,10.6));
#497 = LINE('',#498,#499);
#498 = CARTESIAN_POINT('',(3.32,0.,10.6));
#499 = VECTOR('',#500,1.);
#500 = DIRECTION('',(0.,1.,0.));
#501 = ORIENTED_EDGE('',*,*,#502,.F.);
#502 = EDGE_CURVE('',#181,#495,#503,.T.);
#503 = LINE('',#504,#505);
#504 = CARTESIAN_POINT('',(0.,12.32,10.6));
#505 = VECTOR('',#506,1.);
#506 = DIRECTION('',(1.,0.,0.));
#507 = FACE_BOUND('',#508,.T.);
#508 = EDGE_LOOP('',(#509,#519,#527,#535));
#509 = ORIENTED_EDGE('',*,*,#510,.T.);
#510 = EDGE_CURVE('',#511,#513,#515,.T.);
#511 = VERTEX_POINT('',#512);
#512 = CARTESIAN_POINT('',(3.16,0.75,10.6));
#513 = VERTEX_POINT('',#514);
#514 = CARTESIAN_POINT('',(0.34,0.75,10.6));
#515 = LINE('',#516,#517);
#516 = CARTESIAN_POINT('',(0.17,0.75,10.6));
#517 = VECTOR('',#518,1.);
#518 = DIRECTION('',(-1.,0.,0.));
#519 = ORIENTED_EDGE('',*,*,#520,.T.);
#520 = EDGE_CURVE('',#513,#521,#523,.T.);
#521 = VERTEX_POINT('',#522);
#522 = CARTESIAN_POINT('',(0.34,9.5,10.6));
#523 = LINE('',#524,#525);
#524 = CARTESIAN_POINT('',(0.34,0.375,10.6));
#525 = VECTOR('',#526,1.);
#526 = DIRECTION('',(0.,1.,0.));
#527 = ORIENTED_EDGE('',*,*,#528,.F.);
#528 = EDGE_CURVE('',#529,#521,#531,.T.);
#529 = VERTEX_POINT('',#530);
#530 = CARTESIAN_POINT('',(3.16,9.5,10.6));
#531 = LINE('',#532,#533);
#532 = CARTESIAN_POINT('',(0.17,9.5,10.6));
#533 = VECTOR('',#534,1.);
#534 = DIRECTION('',(-1.,0.,0.));
#535 = ORIENTED_EDGE('',*,*,#536,.F.);
#536 = EDGE_CURVE('',#511,#529,#537,.T.);
#537 = LINE('',#538,#539);
#538 = CARTESIAN_POINT('',(3.16,0.375,10.6));
#539 = VECTOR('',#540,1.);
#540 = DIRECTION('',(0.,1.,0.));
#541 = PLANE('',#542);
#542 = AXIS2_PLACEMENT_3D('',#543,#544,#545);
#543 = CARTESIAN_POINT('',(0.,0.,10.6));
#544 = DIRECTION('',(0.,0.,1.));
#545 = DIRECTION('',(1.,0.,0.));
#546 = ADVANCED_FACE('',(#547),#558,.T.);
#547 = FACE_BOUND('',#548,.F.);
#548 = EDGE_LOOP('',(#549,#550,#557));
#549 = ORIENTED_EDGE('',*,*,#222,.F.);
#550 = ORIENTED_EDGE('',*,*,#551,.T.);
#551 = EDGE_CURVE('',#215,#181,#552,.T.);
#552 = CIRCLE('',#553,0.18);
#553 = AXIS2_PLACEMENT_3D('',#554,#555,#556);
#554 = CARTESIAN_POINT('',(0.18,12.32,10.42));
#555 = DIRECTION('',(1.,0.,6.123233995737E-17));
#556 = DIRECTION('',(-6.123233995737E-17,0.,1.));
#557 = ORIENTED_EDGE('',*,*,#188,.F.);
#558 = SPHERICAL_SURFACE('',#559,0.18);
#559 = AXIS2_PLACEMENT_3D('',#560,#561,#562);
#560 = CARTESIAN_POINT('',(0.18,12.32,10.42));
#561 = DIRECTION('',(0.,-1.,0.));
#562 = DIRECTION('',(-1.,0.,0.));
#563 = ADVANCED_FACE('',(#564,#589),#623,.T.);
#564 = FACE_BOUND('',#565,.T.);
#565 = EDGE_LOOP('',(#566,#567,#575,#583));
#566 = ORIENTED_EDGE('',*,*,#214,.T.);
#567 = ORIENTED_EDGE('',*,*,#568,.T.);
#568 = EDGE_CURVE('',#215,#569,#571,.T.);
#569 = VERTEX_POINT('',#570);
#570 = CARTESIAN_POINT('',(3.32,12.5,10.42));
#571 = LINE('',#572,#573);
#572 = CARTESIAN_POINT('',(0.,12.5,10.42));
#573 = VECTOR('',#574,1.);
#574 = DIRECTION('',(1.,0.,0.));
#575 = ORIENTED_EDGE('',*,*,#576,.F.);
#576 = EDGE_CURVE('',#577,#569,#579,.T.);
#577 = VERTEX_POINT('',#578);
#578 = CARTESIAN_POINT('',(3.32,12.5,0.18));
#579 = LINE('',#580,#581);
#580 = CARTESIAN_POINT('',(3.32,12.5,0.));
#581 = VECTOR('',#582,1.);
#582 = DIRECTION('',(0.,0.,1.));
#583 = ORIENTED_EDGE('',*,*,#584,.F.);
#584 = EDGE_CURVE('',#206,#577,#585,.T.);
#585 = LINE('',#586,#587);
#586 = CARTESIAN_POINT('',(0.,12.5,0.18));
#587 = VECTOR('',#588,1.);
#588 = DIRECTION('',(1.,0.,0.));
#589 = FACE_BOUND('',#590,.T.);
#590 = EDGE_LOOP('',(#591,#601,#609,#617));
#591 = ORIENTED_EDGE('',*,*,#592,.F.);
#592 = EDGE_CURVE('',#593,#595,#597,.T.);
#593 = VERTEX_POINT('',#594);
#594 = CARTESIAN_POINT('',(0.525,12.5,9.75));
#595 = VERTEX_POINT('',#596);
#596 = CARTESIAN_POINT('',(2.975,12.5,9.75));
#597 = LINE('',#598,#599);
#598 = CARTESIAN_POINT('',(0.2625,12.5,9.75));
#599 = VECTOR('',#600,1.);
#600 = DIRECTION('',(1.,0.,0.));
#601 = ORIENTED_EDGE('',*,*,#602,.T.);
#602 = EDGE_CURVE('',#593,#603,#605,.T.);
#603 = VERTEX_POINT('',#604);
#604 = CARTESIAN_POINT('',(0.525,12.5,7.2));
#605 = LINE('',#606,#607);
#606 = CARTESIAN_POINT('',(0.525,12.5,3.6));
#607 = VECTOR('',#608,1.);
#608 = DIRECTION('',(0.,0.,-1.));
#609 = ORIENTED_EDGE('',*,*,#610,.T.);
#610 = EDGE_CURVE('',#603,#611,#613,.T.);
#611 = VERTEX_POINT('',#612);
#612 = CARTESIAN_POINT('',(2.975,12.5,7.2));
#613 = LINE('',#614,#615);
#614 = CARTESIAN_POINT('',(0.2625,12.5,7.2));
#615 = VECTOR('',#616,1.);
#616 = DIRECTION('',(1.,0.,0.));
#617 = ORIENTED_EDGE('',*,*,#618,.F.);
#618 = EDGE_CURVE('',#595,#611,#619,.T.);
#619 = LINE('',#620,#621);
#620 = CARTESIAN_POINT('',(2.975,12.5,3.6));
#621 = VECTOR('',#622,1.);
#622 = DIRECTION('',(0.,0.,-1.));
#623 = PLANE('',#624);
#624 = AXIS2_PLACEMENT_3D('',#625,#626,#627);
#625 = CARTESIAN_POINT('',(0.,12.5,0.));
#626 = DIRECTION('',(0.,1.,0.));
#627 = DIRECTION('',(0.,0.,1.));
#628 = ADVANCED_FACE('',(#629),#632,.F.);
#629 = FACE_BOUND('',#630,.F.);
#630 = EDGE_LOOP('',(#631));
#631 = ORIENTED_EDGE('',*,*,#245,.T.);
#632 = PLANE('',#633);
#633 = AXIS2_PLACEMENT_3D('',#634,#635,#636);
#634 = CARTESIAN_POINT('',(0.27,7.3,3.));
#635 = DIRECTION('',(1.,0.,0.));
#636 = DIRECTION('',(0.,0.,1.));
#637 = ADVANCED_FACE('',(#638),#641,.F.);
#638 = FACE_BOUND('',#639,.F.);
#639 = EDGE_LOOP('',(#640));
#640 = ORIENTED_EDGE('',*,*,#270,.T.);
#641 = PLANE('',#642);
#642 = AXIS2_PLACEMENT_3D('',#643,#644,#645);
#643 = CARTESIAN_POINT('',(0.27,9.6,7.1));
#644 = DIRECTION('',(1.,0.,0.));
#645 = DIRECTION('',(0.,0.,1.));
#646 = ADVANCED_FACE('',(#647),#650,.F.);
#647 = FACE_BOUND('',#648,.F.);
#648 = EDGE_LOOP('',(#649));
#649 = ORIENTED_EDGE('',*,*,#295,.T.);
#650 = PLANE('',#651);
#651 = AXIS2_PLACEMENT_3D('',#652,#653,#654);
#652 = CARTESIAN_POINT('',(0.27,2.4,3.));
#653 = DIRECTION('',(1.,0.,0.));
#654 = DIRECTION('',(0.,0.,1.));
#655 = ADVANCED_FACE('',(#656),#659,.F.);
#656 = FACE_BOUND('',#657,.F.);
#657 = EDGE_LOOP('',(#658));
#658 = ORIENTED_EDGE('',*,*,#320,.T.);
#659 = PLANE('',#660);
#660 = AXIS2_PLACEMENT_3D('',#661,#662,#663);
#661 = CARTESIAN_POINT('',(0.27,4.7,7.1));
#662 = DIRECTION('',(1.,0.,0.));
#663 = DIRECTION('',(0.,0.,1.));
#664 = ADVANCED_FACE('',(#665),#677,.T.);
#665 = FACE_BOUND('',#666,.T.);
#666 = EDGE_LOOP('',(#667,#668,#669,#676));
#667 = ORIENTED_EDGE('',*,*,#338,.F.);
#668 = ORIENTED_EDGE('',*,*,#438,.T.);
#669 = ORIENTED_EDGE('',*,*,#670,.T.);
#670 = EDGE_CURVE('',#439,#381,#671,.T.);
#671 = CIRCLE('',#672,0.18);
#672 = AXIS2_PLACEMENT_3D('',#673,#674,#675);
#673 = CARTESIAN_POINT('',(3.32,0.18,0.18));
#674 = DIRECTION('',(-1.,-6.123233995737E-17,0.));
#675 = DIRECTION('',(6.123233995737E-17,-1.,0.));
#676 = ORIENTED_EDGE('',*,*,#388,.F.);
#677 = CYLINDRICAL_SURFACE('',#678,0.18);
#678 = AXIS2_PLACEMENT_3D('',#679,#680,#681);
#679 = CARTESIAN_POINT('',(0.,0.18,0.18));
#680 = DIRECTION('',(1.,0.,0.));
#681 = DIRECTION('',(0.,-1.,0.));
#682 = ADVANCED_FACE('',(#683),#695,.T.);
#683 = FACE_BOUND('',#684,.F.);
#684 = EDGE_LOOP('',(#685,#686,#687,#694));
#685 = ORIENTED_EDGE('',*,*,#355,.F.);
#686 = ORIENTED_EDGE('',*,*,#486,.T.);
#687 = ORIENTED_EDGE('',*,*,#688,.T.);
#688 = EDGE_CURVE('',#487,#373,#689,.T.);
#689 = CIRCLE('',#690,0.18);
#690 = AXIS2_PLACEMENT_3D('',#691,#692,#693);
#691 = CARTESIAN_POINT('',(3.32,0.18,10.42));
#692 = DIRECTION('',(1.,6.123233995737E-17,0.));
#693 = DIRECTION('',(6.123233995737E-17,-1.,0.));
#694 = ORIENTED_EDGE('',*,*,#372,.F.);
#695 = CYLINDRICAL_SURFACE('',#696,0.18);
#696 = AXIS2_PLACEMENT_3D('',#697,#698,#699);
#697 = CARTESIAN_POINT('',(0.,0.18,10.42));
#698 = DIRECTION('',(1.,0.,0.));
#699 = DIRECTION('',(0.,-1.,0.));
#700 = ADVANCED_FACE('',(#701),#728,.T.);
#701 = FACE_BOUND('',#702,.F.);
#702 = EDGE_LOOP('',(#703,#713,#720,#721));
#703 = ORIENTED_EDGE('',*,*,#704,.F.);
#704 = EDGE_CURVE('',#705,#707,#709,.T.);
#705 = VERTEX_POINT('',#706);
#706 = CARTESIAN_POINT('',(3.5,0.18,0.18));
#707 = VERTEX_POINT('',#708);
#708 = CARTESIAN_POINT('',(3.5,0.18,10.42));
#709 = LINE('',#710,#711);
#710 = CARTESIAN_POINT('',(3.5,0.18,0.));
#711 = VECTOR('',#712,1.);
#712 = DIRECTION('',(0.,0.,1.));
#713 = ORIENTED_EDGE('',*,*,#714,.T.);
#714 = EDGE_CURVE('',#705,#381,#715,.T.);
#715 = CIRCLE('',#716,0.18);
#716 = AXIS2_PLACEMENT_3D('',#717,#718,#719);
#717 = CARTESIAN_POINT('',(3.32,0.18,0.18));
#718 = DIRECTION('',(0.,0.,-1.));
#719 = DIRECTION('',(1.,0.,0.));
#720 = ORIENTED_EDGE('',*,*,#380,.T.);
#721 = ORIENTED_EDGE('',*,*,#722,.F.);
#722 = EDGE_CURVE('',#707,#373,#723,.T.);
#723 = CIRCLE('',#724,0.18);
#724 = AXIS2_PLACEMENT_3D('',#725,#726,#727);
#725 = CARTESIAN_POINT('',(3.32,0.18,10.42));
#726 = DIRECTION('',(0.,0.,-1.));
#727 = DIRECTION('',(1.,0.,0.));
#728 = CYLINDRICAL_SURFACE('',#729,0.18);
#729 = AXIS2_PLACEMENT_3D('',#730,#731,#732);
#730 = CARTESIAN_POINT('',(3.32,0.18,0.));
#731 = DIRECTION('',(0.,0.,1.));
#732 = DIRECTION('',(1.,0.,0.));
#733 = ADVANCED_FACE('',(#734),#759,.F.);
#734 = FACE_BOUND('',#735,.F.);
#735 = EDGE_LOOP('',(#736,#737,#745,#753));
#736 = ORIENTED_EDGE('',*,*,#396,.T.);
#737 = ORIENTED_EDGE('',*,*,#738,.T.);
#738 = EDGE_CURVE('',#399,#739,#741,.T.);
#739 = VERTEX_POINT('',#740);
#740 = CARTESIAN_POINT('',(2.85,4.3,4.782623792125));
#741 = LINE('',#742,#743);
#742 = CARTESIAN_POINT('',(2.85,-5.E-02,4.782623792125));
#743 = VECTOR('',#744,1.);
#744 = DIRECTION('',(0.,1.,0.));
#745 = ORIENTED_EDGE('',*,*,#746,.T.);
#746 = EDGE_CURVE('',#739,#747,#749,.T.);
#747 = VERTEX_POINT('',#748);
#748 = CARTESIAN_POINT('',(2.85,4.3,8.1));
#749 = LINE('',#750,#751);
#750 = CARTESIAN_POINT('',(2.85,4.3,4.));
#751 = VECTOR('',#752,1.);
#752 = DIRECTION('',(0.,0.,1.));
#753 = ORIENTED_EDGE('',*,*,#754,.F.);
#754 = EDGE_CURVE('',#397,#747,#755,.T.);
#755 = LINE('',#756,#757);
#756 = CARTESIAN_POINT('',(2.85,-5.E-02,8.1));
#757 = VECTOR('',#758,1.);
#758 = DIRECTION('',(0.,1.,0.));
#759 = PLANE('',#760);
#760 = AXIS2_PLACEMENT_3D('',#761,#762,#763);
#761 = CARTESIAN_POINT('',(2.85,-5.E-02,4.));
#762 = DIRECTION('',(1.,0.,0.));
#763 = DIRECTION('',(0.,0.,1.));
#764 = ADVANCED_FACE('',(#765),#784,.F.);
#765 = FACE_BOUND('',#766,.F.);
#766 = EDGE_LOOP('',(#767,#776,#777,#778));
#767 = ORIENTED_EDGE('',*,*,#768,.F.);
#768 = EDGE_CURVE('',#739,#769,#771,.T.);
#769 = VERTEX_POINT('',#770);
#770 = CARTESIAN_POINT('',(0.65,4.3,4.782623792125));
#771 = CIRCLE('',#772,1.35);
#772 = AXIS2_PLACEMENT_3D('',#773,#774,#775);
#773 = CARTESIAN_POINT('',(1.75,4.3,4.));
#774 = DIRECTION('',(0.,1.,0.));
#775 = DIRECTION('',(0.,0.,1.));
#776 = ORIENTED_EDGE('',*,*,#738,.F.);
#777 = ORIENTED_EDGE('',*,*,#422,.T.);
#778 = ORIENTED_EDGE('',*,*,#779,.T.);
#779 = EDGE_CURVE('',#415,#769,#780,.T.);
#780 = LINE('',#781,#782);
#781 = CARTESIAN_POINT('',(0.65,-5.E-02,4.782623792125));
#782 = VECTOR('',#783,1.);
#783 = DIRECTION('',(0.,1.,0.));
#784 = CYLINDRICAL_SURFACE('',#785,1.35);
#785 = AXIS2_PLACEMENT_3D('',#786,#787,#788);
#786 = CARTESIAN_POINT('',(1.75,-5.E-02,4.));
#787 = DIRECTION('',(0.,1.,0.));
#788 = DIRECTION('',(0.,0.,1.));
#789 = ADVANCED_FACE('',(#790),#808,.T.);
#790 = FACE_BOUND('',#791,.T.);
#791 = EDGE_LOOP('',(#792,#793,#794,#802));
#792 = ORIENTED_EDGE('',*,*,#414,.T.);
#793 = ORIENTED_EDGE('',*,*,#779,.T.);
#794 = ORIENTED_EDGE('',*,*,#795,.T.);
#795 = EDGE_CURVE('',#769,#796,#798,.T.);
#796 = VERTEX_POINT('',#797);
#797 = CARTESIAN_POINT('',(0.65,4.3,8.1));
#798 = LINE('',#799,#800);
#799 = CARTESIAN_POINT('',(0.65,4.3,4.));
#800 = VECTOR('',#801,1.);
#801 = DIRECTION('',(0.,0.,1.));
#802 = ORIENTED_EDGE('',*,*,#803,.F.);
#803 = EDGE_CURVE('',#407,#796,#804,.T.);
#804 = LINE('',#805,#806);
#805 = CARTESIAN_POINT('',(0.65,-5.E-02,8.1));
#806 = VECTOR('',#807,1.);
#807 = DIRECTION('',(0.,1.,0.));
#808 = PLANE('',#809);
#809 = AXIS2_PLACEMENT_3D('',#810,#811,#812);
#810 = CARTESIAN_POINT('',(0.65,-5.E-02,4.));
#811 = DIRECTION('',(1.,0.,0.));
#812 = DIRECTION('',(0.,0.,1.));
#813 = ADVANCED_FACE('',(#814),#825,.F.);
#814 = FACE_BOUND('',#815,.F.);
#815 = EDGE_LOOP('',(#816,#817,#818,#819));
#816 = ORIENTED_EDGE('',*,*,#803,.F.);
#817 = ORIENTED_EDGE('',*,*,#406,.T.);
#818 = ORIENTED_EDGE('',*,*,#754,.T.);
#819 = ORIENTED_EDGE('',*,*,#820,.F.);
#820 = EDGE_CURVE('',#796,#747,#821,.T.);
#821 = LINE('',#822,#823);
#822 = CARTESIAN_POINT('',(0.65,4.3,8.1));
#823 = VECTOR('',#824,1.);
#824 = DIRECTION('',(1.,0.,0.));
#825 = PLANE('',#826);
#826 = AXIS2_PLACEMENT_3D('',#827,#828,#829);
#827 = CARTESIAN_POINT('',(0.65,-5.E-02,8.1));
#828 = DIRECTION('',(0.,0.,1.));
#829 = DIRECTION('',(1.,0.,0.));
#830 = ADVANCED_FACE('',(#831),#843,.T.);
#831 = FACE_BOUND('',#832,.F.);
#832 = EDGE_LOOP('',(#833,#834,#835,#842));
#833 = ORIENTED_EDGE('',*,*,#469,.F.);
#834 = ORIENTED_EDGE('',*,*,#454,.T.);
#835 = ORIENTED_EDGE('',*,*,#836,.T.);
#836 = EDGE_CURVE('',#447,#577,#837,.T.);
#837 = CIRCLE('',#838,0.18);
#838 = AXIS2_PLACEMENT_3D('',#839,#840,#841);
#839 = CARTESIAN_POINT('',(3.32,12.32,0.18));
#840 = DIRECTION('',(1.,-6.123233995737E-17,0.));
#841 = DIRECTION('',(6.123233995737E-17,1.,0.));
#842 = ORIENTED_EDGE('',*,*,#584,.F.);
#843 = CYLINDRICAL_SURFACE('',#844,0.18);
#844 = AXIS2_PLACEMENT_3D('',#845,#846,#847);
#845 = CARTESIAN_POINT('',(0.,12.32,0.18));
#846 = DIRECTION('',(1.,0.,0.));
#847 = DIRECTION('',(0.,1.,0.));
#848 = ADVANCED_FACE('',(#849),#874,.T.);
#849 = FACE_BOUND('',#850,.T.);
#850 = EDGE_LOOP('',(#851,#858,#859,#868));
#851 = ORIENTED_EDGE('',*,*,#852,.F.);
#852 = EDGE_CURVE('',#439,#705,#853,.T.);
#853 = CIRCLE('',#854,0.18);
#854 = AXIS2_PLACEMENT_3D('',#855,#856,#857);
#855 = CARTESIAN_POINT('',(3.32,0.18,0.18));
#856 = DIRECTION('',(0.,-1.,0.));
#857 = DIRECTION('',(1.,0.,0.));
#858 = ORIENTED_EDGE('',*,*,#446,.T.);
#859 = ORIENTED_EDGE('',*,*,#860,.T.);
#860 = EDGE_CURVE('',#447,#861,#863,.T.);
#861 = VERTEX_POINT('',#862);
#862 = CARTESIAN_POINT('',(3.5,12.32,0.18));
#863 = CIRCLE('',#864,0.18);
#864 = AXIS2_PLACEMENT_3D('',#865,#866,#867);
#865 = CARTESIAN_POINT('',(3.32,12.32,0.18));
#866 = DIRECTION('',(0.,-1.,0.));
#867 = DIRECTION('',(1.,0.,0.));
#868 = ORIENTED_EDGE('',*,*,#869,.F.);
#869 = EDGE_CURVE('',#705,#861,#870,.T.);
#870 = LINE('',#871,#872);
#871 = CARTESIAN_POINT('',(3.5,0.,0.18));
#872 = VECTOR('',#873,1.);
#873 = DIRECTION('',(0.,1.,0.));
#874 = CYLINDRICAL_SURFACE('',#875,0.18);
#875 = AXIS2_PLACEMENT_3D('',#876,#877,#878);
#876 = CARTESIAN_POINT('',(3.32,0.,0.18));
#877 = DIRECTION('',(0.,1.,0.));
#878 = DIRECTION('',(1.,0.,0.));
#879 = ADVANCED_FACE('',(#880),#892,.T.);
#880 = FACE_BOUND('',#881,.T.);
#881 = EDGE_LOOP('',(#882,#883,#884,#891));
#882 = ORIENTED_EDGE('',*,*,#551,.T.);
#883 = ORIENTED_EDGE('',*,*,#502,.T.);
#884 = ORIENTED_EDGE('',*,*,#885,.F.);
#885 = EDGE_CURVE('',#569,#495,#886,.T.);
#886 = CIRCLE('',#887,0.18);
#887 = AXIS2_PLACEMENT_3D('',#888,#889,#890);
#888 = CARTESIAN_POINT('',(3.32,12.32,10.42));
#889 = DIRECTION('',(1.,0.,-6.123233995737E-17));
#890 = DIRECTION('',(6.123233995737E-17,0.,1.));
#891 = ORIENTED_EDGE('',*,*,#568,.F.);
#892 = CYLINDRICAL_SURFACE('',#893,0.18);
#893 = AXIS2_PLACEMENT_3D('',#894,#895,#896);
#894 = CARTESIAN_POINT('',(0.,12.32,10.42));
#895 = DIRECTION('',(1.,0.,0.));
#896 = DIRECTION('',(0.,1.,0.));
#897 = ADVANCED_FACE('',(#898),#923,.T.);
#898 = FACE_BOUND('',#899,.F.);
#899 = EDGE_LOOP('',(#900,#907,#908,#917));
#900 = ORIENTED_EDGE('',*,*,#901,.F.);
#901 = EDGE_CURVE('',#487,#707,#902,.T.);
#902 = CIRCLE('',#903,0.18);
#903 = AXIS2_PLACEMENT_3D('',#904,#905,#906);
#904 = CARTESIAN_POINT('',(3.32,0.18,10.42));
#905 = DIRECTION('',(-0.,1.,0.));
#906 = DIRECTION('',(1.,0.,0.));
#907 = ORIENTED_EDGE('',*,*,#494,.T.);
#908 = ORIENTED_EDGE('',*,*,#909,.F.);
#909 = EDGE_CURVE('',#910,#495,#912,.T.);
#910 = VERTEX_POINT('',#911);
#911 = CARTESIAN_POINT('',(3.5,12.32,10.42));
#912 = CIRCLE('',#913,0.18);
#913 = AXIS2_PLACEMENT_3D('',#914,#915,#916);
#914 = CARTESIAN_POINT('',(3.32,12.32,10.42));
#915 = DIRECTION('',(0.,-1.,0.));
#916 = DIRECTION('',(1.,0.,0.));
#917 = ORIENTED_EDGE('',*,*,#918,.F.);
#918 = EDGE_CURVE('',#707,#910,#919,.T.);
#919 = LINE('',#920,#921);
#920 = CARTESIAN_POINT('',(3.5,0.,10.42));
#921 = VECTOR('',#922,1.);
#922 = DIRECTION('',(0.,1.,0.));
#923 = CYLINDRICAL_SURFACE('',#924,0.18);
#924 = AXIS2_PLACEMENT_3D('',#925,#926,#927);
#925 = CARTESIAN_POINT('',(3.32,0.,10.42));
#926 = DIRECTION('',(0.,1.,0.));
#927 = DIRECTION('',(1.,0.,0.));
#928 = ADVANCED_FACE('',(#929),#954,.T.);
#929 = FACE_BOUND('',#930,.T.);
#930 = EDGE_LOOP('',(#931,#939,#947,#953));
#931 = ORIENTED_EDGE('',*,*,#932,.F.);
#932 = EDGE_CURVE('',#933,#511,#935,.T.);
#933 = VERTEX_POINT('',#934);
#934 = CARTESIAN_POINT('',(3.16,0.75,8.62));
#935 = LINE('',#936,#937);
#936 = CARTESIAN_POINT('',(3.16,0.75,8.62));
#937 = VECTOR('',#938,1.);
#938 = DIRECTION('',(0.,0.,1.));
#939 = ORIENTED_EDGE('',*,*,#940,.F.);
#940 = EDGE_CURVE('',#941,#933,#943,.T.);
#941 = VERTEX_POINT('',#942);
#942 = CARTESIAN_POINT('',(0.34,0.75,8.62));
#943 = LINE('',#944,#945);
#944 = CARTESIAN_POINT('',(0.34,0.75,8.62));
#945 = VECTOR('',#946,1.);
#946 = DIRECTION('',(1.,0.,0.));
#947 = ORIENTED_EDGE('',*,*,#948,.T.);
#948 = EDGE_CURVE('',#941,#513,#949,.T.);
#949 = LINE('',#950,#951);
#950 = CARTESIAN_POINT('',(0.34,0.75,8.62));
#951 = VECTOR('',#952,1.);
#952 = DIRECTION('',(0.,0.,1.));
#953 = ORIENTED_EDGE('',*,*,#510,.F.);
#954 = PLANE('',#955);
#955 = AXIS2_PLACEMENT_3D('',#956,#957,#958);
#956 = CARTESIAN_POINT('',(0.34,0.75,8.62));
#957 = DIRECTION('',(0.,1.,0.));
#958 = DIRECTION('',(0.,0.,1.));
#959 = ADVANCED_FACE('',(#960),#978,.F.);
#960 = FACE_BOUND('',#961,.F.);
#961 = EDGE_LOOP('',(#962,#963,#971,#977));
#962 = ORIENTED_EDGE('',*,*,#932,.F.);
#963 = ORIENTED_EDGE('',*,*,#964,.T.);
#964 = EDGE_CURVE('',#933,#965,#967,.T.);
#965 = VERTEX_POINT('',#966);
#966 = CARTESIAN_POINT('',(3.16,9.5,8.62));
#967 = LINE('',#968,#969);
#968 = CARTESIAN_POINT('',(3.16,0.75,8.62));
#969 = VECTOR('',#970,1.);
#970 = DIRECTION('',(0.,1.,0.));
#971 = ORIENTED_EDGE('',*,*,#972,.T.);
#972 = EDGE_CURVE('',#965,#529,#973,.T.);
#973 = LINE('',#974,#975);
#974 = CARTESIAN_POINT('',(3.16,9.5,8.62));
#975 = VECTOR('',#976,1.);
#976 = DIRECTION('',(0.,0.,1.));
#977 = ORIENTED_EDGE('',*,*,#536,.F.);
#978 = PLANE('',#979);
#979 = AXIS2_PLACEMENT_3D('',#980,#981,#982);
#980 = CARTESIAN_POINT('',(3.16,0.75,8.62));
#981 = DIRECTION('',(1.,0.,0.));
#982 = DIRECTION('',(0.,0.,1.));
#983 = ADVANCED_FACE('',(#984),#1002,.F.);
#984 = FACE_BOUND('',#985,.F.);
#985 = EDGE_LOOP('',(#986,#987,#995,#1001));
#986 = ORIENTED_EDGE('',*,*,#972,.F.);
#987 = ORIENTED_EDGE('',*,*,#988,.F.);
#988 = EDGE_CURVE('',#989,#965,#991,.T.);
#989 = VERTEX_POINT('',#990);
#990 = CARTESIAN_POINT('',(0.34,9.5,8.62));
#991 = LINE('',#992,#993);
#992 = CARTESIAN_POINT('',(0.34,9.5,8.62));
#993 = VECTOR('',#994,1.);
#994 = DIRECTION('',(1.,0.,0.));
#995 = ORIENTED_EDGE('',*,*,#996,.T.);
#996 = EDGE_CURVE('',#989,#521,#997,.T.);
#997 = LINE('',#998,#999);
#998 = CARTESIAN_POINT('',(0.34,9.5,8.62));
#999 = VECTOR('',#1000,1.);
#1000 = DIRECTION('',(0.,0.,1.));
#1001 = ORIENTED_EDGE('',*,*,#528,.F.);
#1002 = PLANE('',#1003);
#1003 = AXIS2_PLACEMENT_3D('',#1004,#1005,#1006);
#1004 = CARTESIAN_POINT('',(0.34,9.5,8.62));
#1005 = DIRECTION('',(0.,1.,0.));
#1006 = DIRECTION('',(0.,0.,1.));
#1007 = ADVANCED_FACE('',(#1008),#1019,.T.);
#1008 = FACE_BOUND('',#1009,.T.);
#1009 = EDGE_LOOP('',(#1010,#1011,#1017,#1018));
#1010 = ORIENTED_EDGE('',*,*,#948,.F.);
#1011 = ORIENTED_EDGE('',*,*,#1012,.T.);
#1012 = EDGE_CURVE('',#941,#989,#1013,.T.);
#1013 = LINE('',#1014,#1015);
#1014 = CARTESIAN_POINT('',(0.34,0.75,8.62));
#1015 = VECTOR('',#1016,1.);
#1016 = DIRECTION('',(0.,1.,0.));
#1017 = ORIENTED_EDGE('',*,*,#996,.T.);
#1018 = ORIENTED_EDGE('',*,*,#520,.F.);
#1019 = PLANE('',#1020);
#1020 = AXIS2_PLACEMENT_3D('',#1021,#1022,#1023);
#1021 = CARTESIAN_POINT('',(0.34,0.75,8.62));
#1022 = DIRECTION('',(1.,0.,0.));
#1023 = DIRECTION('',(0.,0.,1.));
#1024 = ADVANCED_FACE('',(#1025),#1048,.T.);
#1025 = FACE_BOUND('',#1026,.T.);
#1026 = EDGE_LOOP('',(#1027,#1033,#1040,#1041));
#1027 = ORIENTED_EDGE('',*,*,#1028,.F.);
#1028 = EDGE_CURVE('',#861,#910,#1029,.T.);
#1029 = LINE('',#1030,#1031);
#1030 = CARTESIAN_POINT('',(3.5,12.32,0.));
#1031 = VECTOR('',#1032,1.);
#1032 = DIRECTION('',(0.,0.,1.));
#1033 = ORIENTED_EDGE('',*,*,#1034,.T.);
#1034 = EDGE_CURVE('',#861,#577,#1035,.T.);
#1035 = CIRCLE('',#1036,0.18);
#1036 = AXIS2_PLACEMENT_3D('',#1037,#1038,#1039);
#1037 = CARTESIAN_POINT('',(3.32,12.32,0.18));
#1038 = DIRECTION('',(0.,0.,1.));
#1039 = DIRECTION('',(1.,0.,0.));
#1040 = ORIENTED_EDGE('',*,*,#576,.T.);
#1041 = ORIENTED_EDGE('',*,*,#1042,.T.);
#1042 = EDGE_CURVE('',#569,#910,#1043,.T.);
#1043 = CIRCLE('',#1044,0.18);
#1044 = AXIS2_PLACEMENT_3D('',#1045,#1046,#1047);
#1045 = CARTESIAN_POINT('',(3.32,12.32,10.42));
#1046 = DIRECTION('',(0.,0.,-1.));
#1047 = DIRECTION('',(1.,0.,0.));
#1048 = CYLINDRICAL_SURFACE('',#1049,0.18);
#1049 = AXIS2_PLACEMENT_3D('',#1050,#1051,#1052);
#1050 = CARTESIAN_POINT('',(3.32,12.32,0.));
#1051 = DIRECTION('',(0.,0.,1.));
#1052 = DIRECTION('',(1.,0.,0.));
#1053 = ADVANCED_FACE('',(#1054),#1079,.F.);
#1054 = FACE_BOUND('',#1055,.F.);
#1055 = EDGE_LOOP('',(#1056,#1064,#1072,#1078));
#1056 = ORIENTED_EDGE('',*,*,#1057,.F.);
#1057 = EDGE_CURVE('',#1058,#593,#1060,.T.);
#1058 = VERTEX_POINT('',#1059);
#1059 = CARTESIAN_POINT('',(0.525,10.55,9.75));
#1060 = LINE('',#1061,#1062);
#1061 = CARTESIAN_POINT('',(0.525,10.55,9.75));
#1062 = VECTOR('',#1063,1.);
#1063 = DIRECTION('',(0.,1.,0.));
#1064 = ORIENTED_EDGE('',*,*,#1065,.T.);
#1065 = EDGE_CURVE('',#1058,#1066,#1068,.T.);
#1066 = VERTEX_POINT('',#1067);
#1067 = CARTESIAN_POINT('',(2.975,10.55,9.75));
#1068 = LINE('',#1069,#1070);
#1069 = CARTESIAN_POINT('',(0.525,10.55,9.75));
#1070 = VECTOR('',#1071,1.);
#1071 = DIRECTION('',(1.,0.,0.));
#1072 = ORIENTED_EDGE('',*,*,#1073,.T.);
#1073 = EDGE_CURVE('',#1066,#595,#1074,.T.);
#1074 = LINE('',#1075,#1076);
#1075 = CARTESIAN_POINT('',(2.975,10.55,9.75));
#1076 = VECTOR('',#1077,1.);
#1077 = DIRECTION('',(0.,1.,0.));
#1078 = ORIENTED_EDGE('',*,*,#592,.F.);
#1079 = PLANE('',#1080);
#1080 = AXIS2_PLACEMENT_3D('',#1081,#1082,#1083);
#1081 = CARTESIAN_POINT('',(0.525,10.55,9.75));
#1082 = DIRECTION('',(0.,0.,1.));
#1083 = DIRECTION('',(1.,0.,0.));
#1084 = ADVANCED_FACE('',(#1085),#1103,.F.);
#1085 = FACE_BOUND('',#1086,.F.);
#1086 = EDGE_LOOP('',(#1087,#1088,#1096,#1102));
#1087 = ORIENTED_EDGE('',*,*,#1073,.F.);
#1088 = ORIENTED_EDGE('',*,*,#1089,.F.);
#1089 = EDGE_CURVE('',#1090,#1066,#1092,.T.);
#1090 = VERTEX_POINT('',#1091);
#1091 = CARTESIAN_POINT('',(2.975,10.55,7.2));
#1092 = LINE('',#1093,#1094);
#1093 = CARTESIAN_POINT('',(2.975,10.55,7.2));
#1094 = VECTOR('',#1095,1.);
#1095 = DIRECTION('',(0.,0.,1.));
#1096 = ORIENTED_EDGE('',*,*,#1097,.T.);
#1097 = EDGE_CURVE('',#1090,#611,#1098,.T.);
#1098 = LINE('',#1099,#1100);
#1099 = CARTESIAN_POINT('',(2.975,10.55,7.2));
#1100 = VECTOR('',#1101,1.);
#1101 = DIRECTION('',(0.,1.,0.));
#1102 = ORIENTED_EDGE('',*,*,#618,.F.);
#1103 = PLANE('',#1104);
#1104 = AXIS2_PLACEMENT_3D('',#1105,#1106,#1107);
#1105 = CARTESIAN_POINT('',(2.975,10.55,7.2));
#1106 = DIRECTION('',(1.,0.,0.));
#1107 = DIRECTION('',(0.,0.,1.));
#1108 = ADVANCED_FACE('',(#1109),#1127,.T.);
#1109 = FACE_BOUND('',#1110,.T.);
#1110 = EDGE_LOOP('',(#1111,#1119,#1125,#1126));
#1111 = ORIENTED_EDGE('',*,*,#1112,.F.);
#1112 = EDGE_CURVE('',#1113,#603,#1115,.T.);
#1113 = VERTEX_POINT('',#1114);
#1114 = CARTESIAN_POINT('',(0.525,10.55,7.2));
#1115 = LINE('',#1116,#1117);
#1116 = CARTESIAN_POINT('',(0.525,10.55,7.2));
#1117 = VECTOR('',#1118,1.);
#1118 = DIRECTION('',(0.,1.,0.));
#1119 = ORIENTED_EDGE('',*,*,#1120,.T.);
#1120 = EDGE_CURVE('',#1113,#1090,#1121,.T.);
#1121 = LINE('',#1122,#1123);
#1122 = CARTESIAN_POINT('',(0.525,10.55,7.2));
#1123 = VECTOR('',#1124,1.);
#1124 = DIRECTION('',(1.,0.,0.));
#1125 = ORIENTED_EDGE('',*,*,#1097,.T.);
#1126 = ORIENTED_EDGE('',*,*,#610,.F.);
#1127 = PLANE('',#1128);
#1128 = AXIS2_PLACEMENT_3D('',#1129,#1130,#1131);
#1129 = CARTESIAN_POINT('',(0.525,10.55,7.2));
#1130 = DIRECTION('',(0.,0.,1.));
#1131 = DIRECTION('',(1.,0.,0.));
#1132 = ADVANCED_FACE('',(#1133),#1144,.T.);
#1133 = FACE_BOUND('',#1134,.T.);
#1134 = EDGE_LOOP('',(#1135,#1136,#1142,#1143));
#1135 = ORIENTED_EDGE('',*,*,#1057,.F.);
#1136 = ORIENTED_EDGE('',*,*,#1137,.F.);
#1137 = EDGE_CURVE('',#1113,#1058,#1138,.T.);
#1138 = LINE('',#1139,#1140);
#1139 = CARTESIAN_POINT('',(0.525,10.55,7.2));
#1140 = VECTOR('',#1141,1.);
#1141 = DIRECTION('',(0.,0.,1.));
#1142 = ORIENTED_EDGE('',*,*,#1112,.T.);
#1143 = ORIENTED_EDGE('',*,*,#602,.F.);
#1144 = PLANE('',#1145);
#1145 = AXIS2_PLACEMENT_3D('',#1146,#1147,#1148);
#1146 = CARTESIAN_POINT('',(0.525,10.55,7.2));
#1147 = DIRECTION('',(1.,0.,0.));
#1148 = DIRECTION('',(0.,0.,1.));
#1149 = ADVANCED_FACE('',(#1150),#1155,.T.);
#1150 = FACE_BOUND('',#1151,.F.);
#1151 = EDGE_LOOP('',(#1152,#1153,#1154));
#1152 = ORIENTED_EDGE('',*,*,#852,.F.);
#1153 = ORIENTED_EDGE('',*,*,#670,.T.);
#1154 = ORIENTED_EDGE('',*,*,#714,.F.);
#1155 = SPHERICAL_SURFACE('',#1156,0.18);
#1156 = AXIS2_PLACEMENT_3D('',#1157,#1158,#1159);
#1157 = CARTESIAN_POINT('',(3.32,0.18,0.18));
#1158 = DIRECTION('',(0.,0.,1.));
#1159 = DIRECTION('',(1.,0.,0.));
#1160 = ADVANCED_FACE('',(#1161),#1166,.T.);
#1161 = FACE_BOUND('',#1162,.T.);
#1162 = EDGE_LOOP('',(#1163,#1164,#1165));
#1163 = ORIENTED_EDGE('',*,*,#901,.F.);
#1164 = ORIENTED_EDGE('',*,*,#688,.T.);
#1165 = ORIENTED_EDGE('',*,*,#722,.F.);
#1166 = SPHERICAL_SURFACE('',#1167,0.18);
#1167 = AXIS2_PLACEMENT_3D('',#1168,#1169,#1170);
#1168 = CARTESIAN_POINT('',(3.32,0.18,10.42));
#1169 = DIRECTION('',(-0.,-0.,-1.));
#1170 = DIRECTION('',(1.,0.,0.));
#1171 = ADVANCED_FACE('',(#1172),#1178,.T.);
#1172 = FACE_BOUND('',#1173,.T.);
#1173 = EDGE_LOOP('',(#1174,#1175,#1176,#1177));
#1174 = ORIENTED_EDGE('',*,*,#704,.F.);
#1175 = ORIENTED_EDGE('',*,*,#869,.T.);
#1176 = ORIENTED_EDGE('',*,*,#1028,.T.);
#1177 = ORIENTED_EDGE('',*,*,#918,.F.);
#1178 = PLANE('',#1179);
#1179 = AXIS2_PLACEMENT_3D('',#1180,#1181,#1182);
#1180 = CARTESIAN_POINT('',(3.5,0.,0.));
#1181 = DIRECTION('',(1.,0.,0.));
#1182 = DIRECTION('',(0.,0.,1.));
#1183 = ADVANCED_FACE('',(#1184),#1189,.T.);
#1184 = FACE_BOUND('',#1185,.T.);
#1185 = EDGE_LOOP('',(#1186,#1187,#1188));
#1186 = ORIENTED_EDGE('',*,*,#860,.F.);
#1187 = ORIENTED_EDGE('',*,*,#836,.T.);
#1188 = ORIENTED_EDGE('',*,*,#1034,.F.);
#1189 = SPHERICAL_SURFACE('',#1190,0.18);
#1190 = AXIS2_PLACEMENT_3D('',#1191,#1192,#1193);
#1191 = CARTESIAN_POINT('',(3.32,12.32,0.18));
#1192 = DIRECTION('',(0.,0.,1.));
#1193 = DIRECTION('',(1.,0.,0.));
#1194 = ADVANCED_FACE('',(#1195),#1200,.T.);
#1195 = FACE_BOUND('',#1196,.T.);
#1196 = EDGE_LOOP('',(#1197,#1198,#1199));
#1197 = ORIENTED_EDGE('',*,*,#1042,.F.);
#1198 = ORIENTED_EDGE('',*,*,#885,.T.);
#1199 = ORIENTED_EDGE('',*,*,#909,.F.);
#1200 = SPHERICAL_SURFACE('',#1201,0.18);
#1201 = AXIS2_PLACEMENT_3D('',#1202,#1203,#1204);
#1202 = CARTESIAN_POINT('',(3.32,12.32,10.42));
#1203 = DIRECTION('',(0.,-1.,0.));
#1204 = DIRECTION('',(1.,0.,0.));
#1205 = ADVANCED_FACE('',(#1206),#1212,.T.);
#1206 = FACE_BOUND('',#1207,.T.);
#1207 = EDGE_LOOP('',(#1208,#1209,#1210,#1211));
#1208 = ORIENTED_EDGE('',*,*,#1012,.F.);
#1209 = ORIENTED_EDGE('',*,*,#940,.T.);
#1210 = ORIENTED_EDGE('',*,*,#964,.T.);
#1211 = ORIENTED_EDGE('',*,*,#988,.F.);
#1212 = PLANE('',#1213);
#1213 = AXIS2_PLACEMENT_3D('',#1214,#1215,#1216);
#1214 = CARTESIAN_POINT('',(0.34,0.75,8.62));
#1215 = DIRECTION('',(0.,0.,1.));
#1216 = DIRECTION('',(1.,0.,0.));
#1217 = ADVANCED_FACE('',(#1218),#1224,.T.);
#1218 = FACE_BOUND('',#1219,.T.);
#1219 = EDGE_LOOP('',(#1220,#1221,#1222,#1223));
#1220 = ORIENTED_EDGE('',*,*,#1120,.F.);
#1221 = ORIENTED_EDGE('',*,*,#1137,.T.);
#1222 = ORIENTED_EDGE('',*,*,#1065,.T.);
#1223 = ORIENTED_EDGE('',*,*,#1089,.F.);
#1224 = PLANE('',#1225);
#1225 = AXIS2_PLACEMENT_3D('',#1226,#1227,#1228);
#1226 = CARTESIAN_POINT('',(0.525,10.55,7.2));
#1227 = DIRECTION('',(0.,1.,0.));
#1228 = DIRECTION('',(0.,0.,1.));
#1229 = ADVANCED_FACE('',(#1230),#1236,.T.);
#1230 = FACE_BOUND('',#1231,.T.);
#1231 = EDGE_LOOP('',(#1232,#1233,#1234,#1235));
#1232 = ORIENTED_EDGE('',*,*,#746,.T.);
#1233 = ORIENTED_EDGE('',*,*,#820,.F.);
#1234 = ORIENTED_EDGE('',*,*,#795,.F.);
#1235 = ORIENTED_EDGE('',*,*,#768,.F.);
#1236 = PLANE('',#1237);
#1237 = AXIS2_PLACEMENT_3D('',#1238,#1239,#1240);
#1238 = CARTESIAN_POINT('',(1.75,4.3,5.616030404352));
#1239 = DIRECTION('',(-0.,-1.,-0.));
#1240 = DIRECTION('',(0.,0.,-1.));
#1241 = MANIFOLD_SOLID_BREP('',#1242);
#1242 = CLOSED_SHELL('',(#1243,#1283,#1346,#1400,#1431,#1462,#1486,#1510
    ,#1527,#1539,#1568,#1597));
#1243 = ADVANCED_FACE('',(#1244),#1278,.F.);
#1244 = FACE_BOUND('',#1245,.F.);
#1245 = EDGE_LOOP('',(#1246,#1256,#1264,#1272));
#1246 = ORIENTED_EDGE('',*,*,#1247,.F.);
#1247 = EDGE_CURVE('',#1248,#1250,#1252,.T.);
#1248 = VERTEX_POINT('',#1249);
#1249 = CARTESIAN_POINT('',(3.1,2.15,9.72));
#1250 = VERTEX_POINT('',#1251);
#1251 = CARTESIAN_POINT('',(3.1,2.15,10.47));
#1252 = LINE('',#1253,#1254);
#1253 = CARTESIAN_POINT('',(3.1,2.15,9.72));
#1254 = VECTOR('',#1255,1.);
#1255 = DIRECTION('',(0.,0.,1.));
#1256 = ORIENTED_EDGE('',*,*,#1257,.F.);
#1257 = EDGE_CURVE('',#1258,#1248,#1260,.T.);
#1258 = VERTEX_POINT('',#1259);
#1259 = CARTESIAN_POINT('',(0.4,2.15,9.72));
#1260 = LINE('',#1261,#1262);
#1261 = CARTESIAN_POINT('',(0.4,2.15,9.72));
#1262 = VECTOR('',#1263,1.);
#1263 = DIRECTION('',(1.,0.,0.));
#1264 = ORIENTED_EDGE('',*,*,#1265,.T.);
#1265 = EDGE_CURVE('',#1258,#1266,#1268,.T.);
#1266 = VERTEX_POINT('',#1267);
#1267 = CARTESIAN_POINT('',(0.4,2.15,10.47));
#1268 = LINE('',#1269,#1270);
#1269 = CARTESIAN_POINT('',(0.4,2.15,9.72));
#1270 = VECTOR('',#1271,1.);
#1271 = DIRECTION('',(0.,0.,1.));
#1272 = ORIENTED_EDGE('',*,*,#1273,.T.);
#1273 = EDGE_CURVE('',#1266,#1250,#1274,.T.);
#1274 = LINE('',#1275,#1276);
#1275 = CARTESIAN_POINT('',(0.37,2.15,10.47));
#1276 = VECTOR('',#1277,1.);
#1277 = DIRECTION('',(1.,0.,0.));
#1278 = PLANE('',#1279);
#1279 = AXIS2_PLACEMENT_3D('',#1280,#1281,#1282);
#1280 = CARTESIAN_POINT('',(0.4,2.15,9.72));
#1281 = DIRECTION('',(0.,1.,0.));
#1282 = DIRECTION('',(0.,0.,1.));
#1283 = ADVANCED_FACE('',(#1284),#1341,.F.);
#1284 = FACE_BOUND('',#1285,.F.);
#1285 = EDGE_LOOP('',(#1286,#1296,#1304,#1312,#1320,#1328,#1334,#1335));
#1286 = ORIENTED_EDGE('',*,*,#1287,.F.);
#1287 = EDGE_CURVE('',#1288,#1290,#1292,.T.);
#1288 = VERTEX_POINT('',#1289);
#1289 = CARTESIAN_POINT('',(0.34,4.15,10.47));
#1290 = VERTEX_POINT('',#1291);
#1291 = CARTESIAN_POINT('',(0.4,4.15,10.47));
#1292 = LINE('',#1293,#1294);
#1293 = CARTESIAN_POINT('',(0.34,4.15,10.47));
#1294 = VECTOR('',#1295,1.);
#1295 = DIRECTION('',(1.,0.,0.));
#1296 = ORIENTED_EDGE('',*,*,#1297,.F.);
#1297 = EDGE_CURVE('',#1298,#1288,#1300,.T.);
#1298 = VERTEX_POINT('',#1299);
#1299 = CARTESIAN_POINT('',(0.34,2.,10.47));
#1300 = LINE('',#1301,#1302);
#1301 = CARTESIAN_POINT('',(0.34,2.,10.47));
#1302 = VECTOR('',#1303,1.);
#1303 = DIRECTION('',(0.,1.,0.));
#1304 = ORIENTED_EDGE('',*,*,#1305,.T.);
#1305 = EDGE_CURVE('',#1298,#1306,#1308,.T.);
#1306 = VERTEX_POINT('',#1307);
#1307 = CARTESIAN_POINT('',(3.16,2.,10.47));
#1308 = LINE('',#1309,#1310);
#1309 = CARTESIAN_POINT('',(0.34,2.,10.47));
#1310 = VECTOR('',#1311,1.);
#1311 = DIRECTION('',(1.,0.,0.));
#1312 = ORIENTED_EDGE('',*,*,#1313,.T.);
#1313 = EDGE_CURVE('',#1306,#1314,#1316,.T.);
#1314 = VERTEX_POINT('',#1315);
#1315 = CARTESIAN_POINT('',(3.16,4.15,10.47));
#1316 = LINE('',#1317,#1318);
#1317 = CARTESIAN_POINT('',(3.16,2.,10.47));
#1318 = VECTOR('',#1319,1.);
#1319 = DIRECTION('',(0.,1.,0.));
#1320 = ORIENTED_EDGE('',*,*,#1321,.F.);
#1321 = EDGE_CURVE('',#1322,#1314,#1324,.T.);
#1322 = VERTEX_POINT('',#1323);
#1323 = CARTESIAN_POINT('',(3.1,4.15,10.47));
#1324 = LINE('',#1325,#1326);
#1325 = CARTESIAN_POINT('',(0.34,4.15,10.47));
#1326 = VECTOR('',#1327,1.);
#1327 = DIRECTION('',(1.,0.,0.));
#1328 = ORIENTED_EDGE('',*,*,#1329,.T.);
#1329 = EDGE_CURVE('',#1322,#1250,#1330,.T.);
#1330 = LINE('',#1331,#1332);
#1331 = CARTESIAN_POINT('',(3.1,2.075,10.47));
#1332 = VECTOR('',#1333,1.);
#1333 = DIRECTION('',(0.,-1.,0.));
#1334 = ORIENTED_EDGE('',*,*,#1273,.F.);
#1335 = ORIENTED_EDGE('',*,*,#1336,.F.);
#1336 = EDGE_CURVE('',#1290,#1266,#1337,.T.);
#1337 = LINE('',#1338,#1339);
#1338 = CARTESIAN_POINT('',(0.4,2.075,10.47));
#1339 = VECTOR('',#1340,1.);
#1340 = DIRECTION('',(0.,-1.,0.));
#1341 = PLANE('',#1342);
#1342 = AXIS2_PLACEMENT_3D('',#1343,#1344,#1345);
#1343 = CARTESIAN_POINT('',(0.34,2.,10.47));
#1344 = DIRECTION('',(0.,0.,1.));
#1345 = DIRECTION('',(1.,0.,0.));
#1346 = ADVANCED_FACE('',(#1347),#1395,.T.);
#1347 = FACE_BOUND('',#1348,.T.);
#1348 = EDGE_LOOP('',(#1349,#1350,#1358,#1366,#1372,#1373,#1381,#1389));
#1349 = ORIENTED_EDGE('',*,*,#1287,.F.);
#1350 = ORIENTED_EDGE('',*,*,#1351,.T.);
#1351 = EDGE_CURVE('',#1288,#1352,#1354,.T.);
#1352 = VERTEX_POINT('',#1353);
#1353 = CARTESIAN_POINT('',(0.34,4.15,10.92));
#1354 = LINE('',#1355,#1356);
#1355 = CARTESIAN_POINT('',(0.34,4.15,10.47));
#1356 = VECTOR('',#1357,1.);
#1357 = DIRECTION('',(0.,0.,1.));
#1358 = ORIENTED_EDGE('',*,*,#1359,.T.);
#1359 = EDGE_CURVE('',#1352,#1360,#1362,.T.);
#1360 = VERTEX_POINT('',#1361);
#1361 = CARTESIAN_POINT('',(3.16,4.15,10.92));
#1362 = LINE('',#1363,#1364);
#1363 = CARTESIAN_POINT('',(0.34,4.15,10.92));
#1364 = VECTOR('',#1365,1.);
#1365 = DIRECTION('',(1.,0.,0.));
#1366 = ORIENTED_EDGE('',*,*,#1367,.F.);
#1367 = EDGE_CURVE('',#1314,#1360,#1368,.T.);
#1368 = LINE('',#1369,#1370);
#1369 = CARTESIAN_POINT('',(3.16,4.15,10.47));
#1370 = VECTOR('',#1371,1.);
#1371 = DIRECTION('',(0.,0.,1.));
#1372 = ORIENTED_EDGE('',*,*,#1321,.F.);
#1373 = ORIENTED_EDGE('',*,*,#1374,.T.);
#1374 = EDGE_CURVE('',#1322,#1375,#1377,.T.);
#1375 = VERTEX_POINT('',#1376);
#1376 = CARTESIAN_POINT('',(3.1,4.15,10.72));
#1377 = LINE('',#1378,#1379);
#1378 = CARTESIAN_POINT('',(3.1,4.15,10.095));
#1379 = VECTOR('',#1380,1.);
#1380 = DIRECTION('',(0.,0.,1.));
#1381 = ORIENTED_EDGE('',*,*,#1382,.T.);
#1382 = EDGE_CURVE('',#1375,#1383,#1385,.T.);
#1383 = VERTEX_POINT('',#1384);
#1384 = CARTESIAN_POINT('',(0.4,4.15,10.72));
#1385 = LINE('',#1386,#1387);
#1386 = CARTESIAN_POINT('',(0.37,4.15,10.72));
#1387 = VECTOR('',#1388,1.);
#1388 = DIRECTION('',(-1.,0.,0.));
#1389 = ORIENTED_EDGE('',*,*,#1390,.F.);
#1390 = EDGE_CURVE('',#1290,#1383,#1391,.T.);
#1391 = LINE('',#1392,#1393);
#1392 = CARTESIAN_POINT('',(0.4,4.15,10.095));
#1393 = VECTOR('',#1394,1.);
#1394 = DIRECTION('',(0.,0.,1.));
#1395 = PLANE('',#1396);
#1396 = AXIS2_PLACEMENT_3D('',#1397,#1398,#1399);
#1397 = CARTESIAN_POINT('',(0.34,4.15,10.47));
#1398 = DIRECTION('',(0.,1.,0.));
#1399 = DIRECTION('',(0.,0.,1.));
#1400 = ADVANCED_FACE('',(#1401),#1426,.T.);
#1401 = FACE_BOUND('',#1402,.T.);
#1402 = EDGE_LOOP('',(#1403,#1411,#1412,#1420));
#1403 = ORIENTED_EDGE('',*,*,#1404,.F.);
#1404 = EDGE_CURVE('',#1383,#1405,#1407,.T.);
#1405 = VERTEX_POINT('',#1406);
#1406 = CARTESIAN_POINT('',(0.4,9.156061230866,10.72));
#1407 = LINE('',#1408,#1409);
#1408 = CARTESIAN_POINT('',(0.4,2.15,10.72));
#1409 = VECTOR('',#1410,1.);
#1410 = DIRECTION('',(0.,1.,0.));
#1411 = ORIENTED_EDGE('',*,*,#1382,.F.);
#1412 = ORIENTED_EDGE('',*,*,#1413,.T.);
#1413 = EDGE_CURVE('',#1375,#1414,#1416,.T.);
#1414 = VERTEX_POINT('',#1415);
#1415 = CARTESIAN_POINT('',(3.1,9.156061230866,10.72));
#1416 = LINE('',#1417,#1418);
#1417 = CARTESIAN_POINT('',(3.1,2.15,10.72));
#1418 = VECTOR('',#1419,1.);
#1419 = DIRECTION('',(0.,1.,0.));
#1420 = ORIENTED_EDGE('',*,*,#1421,.F.);
#1421 = EDGE_CURVE('',#1405,#1414,#1422,.T.);
#1422 = LINE('',#1423,#1424);
#1423 = CARTESIAN_POINT('',(0.4,9.156061230866,10.72));
#1424 = VECTOR('',#1425,1.);
#1425 = DIRECTION('',(1.,0.,0.));
#1426 = PLANE('',#1427);
#1427 = AXIS2_PLACEMENT_3D('',#1428,#1429,#1430);
#1428 = CARTESIAN_POINT('',(0.4,2.15,10.72));
#1429 = DIRECTION('',(0.,0.,1.));
#1430 = DIRECTION('',(1.,0.,0.));
#1431 = ADVANCED_FACE('',(#1432),#1457,.F.);
#1432 = FACE_BOUND('',#1433,.F.);
#1433 = EDGE_LOOP('',(#1434,#1442,#1443,#1451));
#1434 = ORIENTED_EDGE('',*,*,#1435,.F.);
#1435 = EDGE_CURVE('',#1258,#1436,#1438,.T.);
#1436 = VERTEX_POINT('',#1437);
#1437 = CARTESIAN_POINT('',(0.4,9.156061230866,9.72));
#1438 = LINE('',#1439,#1440);
#1439 = CARTESIAN_POINT('',(0.4,2.15,9.72));
#1440 = VECTOR('',#1441,1.);
#1441 = DIRECTION('',(0.,1.,0.));
#1442 = ORIENTED_EDGE('',*,*,#1257,.T.);
#1443 = ORIENTED_EDGE('',*,*,#1444,.T.);
#1444 = EDGE_CURVE('',#1248,#1445,#1447,.T.);
#1445 = VERTEX_POINT('',#1446);
#1446 = CARTESIAN_POINT('',(3.1,9.156061230866,9.72));
#1447 = LINE('',#1448,#1449);
#1448 = CARTESIAN_POINT('',(3.1,2.15,9.72));
#1449 = VECTOR('',#1450,1.);
#1450 = DIRECTION('',(0.,1.,0.));
#1451 = ORIENTED_EDGE('',*,*,#1452,.F.);
#1452 = EDGE_CURVE('',#1436,#1445,#1453,.T.);
#1453 = LINE('',#1454,#1455);
#1454 = CARTESIAN_POINT('',(0.4,9.156061230866,9.72));
#1455 = VECTOR('',#1456,1.);
#1456 = DIRECTION('',(1.,0.,0.));
#1457 = PLANE('',#1458);
#1458 = AXIS2_PLACEMENT_3D('',#1459,#1460,#1461);
#1459 = CARTESIAN_POINT('',(0.4,2.15,9.72));
#1460 = DIRECTION('',(0.,0.,1.));
#1461 = DIRECTION('',(1.,0.,0.));
#1462 = ADVANCED_FACE('',(#1463),#1481,.T.);
#1463 = FACE_BOUND('',#1464,.T.);
#1464 = EDGE_LOOP('',(#1465,#1473,#1474,#1475));
#1465 = ORIENTED_EDGE('',*,*,#1466,.F.);
#1466 = EDGE_CURVE('',#1306,#1467,#1469,.T.);
#1467 = VERTEX_POINT('',#1468);
#1468 = CARTESIAN_POINT('',(3.16,2.,10.92));
#1469 = LINE('',#1470,#1471);
#1470 = CARTESIAN_POINT('',(3.16,2.,10.47));
#1471 = VECTOR('',#1472,1.);
#1472 = DIRECTION('',(0.,0.,1.));
#1473 = ORIENTED_EDGE('',*,*,#1313,.T.);
#1474 = ORIENTED_EDGE('',*,*,#1367,.T.);
#1475 = ORIENTED_EDGE('',*,*,#1476,.F.);
#1476 = EDGE_CURVE('',#1467,#1360,#1477,.T.);
#1477 = LINE('',#1478,#1479);
#1478 = CARTESIAN_POINT('',(3.16,2.,10.92));
#1479 = VECTOR('',#1480,1.);
#1480 = DIRECTION('',(0.,1.,0.));
#1481 = PLANE('',#1482);
#1482 = AXIS2_PLACEMENT_3D('',#1483,#1484,#1485);
#1483 = CARTESIAN_POINT('',(3.16,2.,10.47));
#1484 = DIRECTION('',(1.,0.,0.));
#1485 = DIRECTION('',(0.,0.,1.));
#1486 = ADVANCED_FACE('',(#1487),#1505,.F.);
#1487 = FACE_BOUND('',#1488,.F.);
#1488 = EDGE_LOOP('',(#1489,#1490,#1498,#1504));
#1489 = ORIENTED_EDGE('',*,*,#1305,.F.);
#1490 = ORIENTED_EDGE('',*,*,#1491,.T.);
#1491 = EDGE_CURVE('',#1298,#1492,#1494,.T.);
#1492 = VERTEX_POINT('',#1493);
#1493 = CARTESIAN_POINT('',(0.34,2.,10.92));
#1494 = LINE('',#1495,#1496);
#1495 = CARTESIAN_POINT('',(0.34,2.,10.47));
#1496 = VECTOR('',#1497,1.);
#1497 = DIRECTION('',(0.,0.,1.));
#1498 = ORIENTED_EDGE('',*,*,#1499,.T.);
#1499 = EDGE_CURVE('',#1492,#1467,#1500,.T.);
#1500 = LINE('',#1501,#1502);
#1501 = CARTESIAN_POINT('',(0.34,2.,10.92));
#1502 = VECTOR('',#1503,1.);
#1503 = DIRECTION('',(1.,0.,0.));
#1504 = ORIENTED_EDGE('',*,*,#1466,.F.);
#1505 = PLANE('',#1506);
#1506 = AXIS2_PLACEMENT_3D('',#1507,#1508,#1509);
#1507 = CARTESIAN_POINT('',(0.34,2.,10.47));
#1508 = DIRECTION('',(0.,1.,0.));
#1509 = DIRECTION('',(0.,0.,1.));
#1510 = ADVANCED_FACE('',(#1511),#1522,.F.);
#1511 = FACE_BOUND('',#1512,.F.);
#1512 = EDGE_LOOP('',(#1513,#1514,#1515,#1516));
#1513 = ORIENTED_EDGE('',*,*,#1491,.F.);
#1514 = ORIENTED_EDGE('',*,*,#1297,.T.);
#1515 = ORIENTED_EDGE('',*,*,#1351,.T.);
#1516 = ORIENTED_EDGE('',*,*,#1517,.F.);
#1517 = EDGE_CURVE('',#1492,#1352,#1518,.T.);
#1518 = LINE('',#1519,#1520);
#1519 = CARTESIAN_POINT('',(0.34,2.,10.92));
#1520 = VECTOR('',#1521,1.);
#1521 = DIRECTION('',(0.,1.,0.));
#1522 = PLANE('',#1523);
#1523 = AXIS2_PLACEMENT_3D('',#1524,#1525,#1526);
#1524 = CARTESIAN_POINT('',(0.34,2.,10.47));
#1525 = DIRECTION('',(1.,0.,0.));
#1526 = DIRECTION('',(0.,0.,1.));
#1527 = ADVANCED_FACE('',(#1528),#1534,.T.);
#1528 = FACE_BOUND('',#1529,.T.);
#1529 = EDGE_LOOP('',(#1530,#1531,#1532,#1533));
#1530 = ORIENTED_EDGE('',*,*,#1517,.F.);
#1531 = ORIENTED_EDGE('',*,*,#1499,.T.);
#1532 = ORIENTED_EDGE('',*,*,#1476,.T.);
#1533 = ORIENTED_EDGE('',*,*,#1359,.F.);
#1534 = PLANE('',#1535);
#1535 = AXIS2_PLACEMENT_3D('',#1536,#1537,#1538);
#1536 = CARTESIAN_POINT('',(0.34,2.,10.92));
#1537 = DIRECTION('',(0.,0.,1.));
#1538 = DIRECTION('',(1.,0.,0.));
#1539 = ADVANCED_FACE('',(#1540),#1563,.T.);
#1540 = FACE_BOUND('',#1541,.T.);
#1541 = EDGE_LOOP('',(#1542,#1543,#1544,#1545,#1546,#1555,#1562));
#1542 = ORIENTED_EDGE('',*,*,#1265,.T.);
#1543 = ORIENTED_EDGE('',*,*,#1336,.F.);
#1544 = ORIENTED_EDGE('',*,*,#1390,.T.);
#1545 = ORIENTED_EDGE('',*,*,#1404,.T.);
#1546 = ORIENTED_EDGE('',*,*,#1547,.F.);
#1547 = EDGE_CURVE('',#1548,#1405,#1550,.T.);
#1548 = VERTEX_POINT('',#1549);
#1549 = CARTESIAN_POINT('',(0.4,9.45,10.8));
#1550 = CIRCLE('',#1551,0.58);
#1551 = AXIS2_PLACEMENT_3D('',#1552,#1553,#1554);
#1552 = CARTESIAN_POINT('',(0.4,9.45,10.22));
#1553 = DIRECTION('',(1.,0.,-0.));
#1554 = DIRECTION('',(0.,0.,1.));
#1555 = ORIENTED_EDGE('',*,*,#1556,.F.);
#1556 = EDGE_CURVE('',#1436,#1548,#1557,.T.);
#1557 = CIRCLE('',#1558,0.58);
#1558 = AXIS2_PLACEMENT_3D('',#1559,#1560,#1561);
#1559 = CARTESIAN_POINT('',(0.4,9.45,10.22));
#1560 = DIRECTION('',(1.,0.,-0.));
#1561 = DIRECTION('',(0.,0.,1.));
#1562 = ORIENTED_EDGE('',*,*,#1435,.F.);
#1563 = PLANE('',#1564);
#1564 = AXIS2_PLACEMENT_3D('',#1565,#1566,#1567);
#1565 = CARTESIAN_POINT('',(0.4,6.012468051451,10.192880177625));
#1566 = DIRECTION('',(-1.,-0.,-0.));
#1567 = DIRECTION('',(0.,0.,-1.));
#1568 = ADVANCED_FACE('',(#1569),#1592,.T.);
#1569 = FACE_BOUND('',#1570,.T.);
#1570 = EDGE_LOOP('',(#1571,#1572,#1573,#1582,#1589,#1590,#1591));
#1571 = ORIENTED_EDGE('',*,*,#1247,.F.);
#1572 = ORIENTED_EDGE('',*,*,#1444,.T.);
#1573 = ORIENTED_EDGE('',*,*,#1574,.T.);
#1574 = EDGE_CURVE('',#1445,#1575,#1577,.T.);
#1575 = VERTEX_POINT('',#1576);
#1576 = CARTESIAN_POINT('',(3.1,9.45,10.8));
#1577 = CIRCLE('',#1578,0.58);
#1578 = AXIS2_PLACEMENT_3D('',#1579,#1580,#1581);
#1579 = CARTESIAN_POINT('',(3.1,9.45,10.22));
#1580 = DIRECTION('',(1.,0.,-0.));
#1581 = DIRECTION('',(0.,0.,1.));
#1582 = ORIENTED_EDGE('',*,*,#1583,.T.);
#1583 = EDGE_CURVE('',#1575,#1414,#1584,.T.);
#1584 = CIRCLE('',#1585,0.58);
#1585 = AXIS2_PLACEMENT_3D('',#1586,#1587,#1588);
#1586 = CARTESIAN_POINT('',(3.1,9.45,10.22));
#1587 = DIRECTION('',(1.,0.,-0.));
#1588 = DIRECTION('',(0.,0.,1.));
#1589 = ORIENTED_EDGE('',*,*,#1413,.F.);
#1590 = ORIENTED_EDGE('',*,*,#1374,.F.);
#1591 = ORIENTED_EDGE('',*,*,#1329,.T.);
#1592 = PLANE('',#1593);
#1593 = AXIS2_PLACEMENT_3D('',#1594,#1595,#1596);
#1594 = CARTESIAN_POINT('',(3.1,6.012468051451,10.192880177625));
#1595 = DIRECTION('',(1.,0.,0.));
#1596 = DIRECTION('',(0.,0.,1.));
#1597 = ADVANCED_FACE('',(#1598),#1606,.T.);
#1598 = FACE_BOUND('',#1599,.T.);
#1599 = EDGE_LOOP('',(#1600,#1601,#1602,#1603,#1604,#1605));
#1600 = ORIENTED_EDGE('',*,*,#1574,.F.);
#1601 = ORIENTED_EDGE('',*,*,#1452,.F.);
#1602 = ORIENTED_EDGE('',*,*,#1556,.T.);
#1603 = ORIENTED_EDGE('',*,*,#1547,.T.);
#1604 = ORIENTED_EDGE('',*,*,#1421,.T.);
#1605 = ORIENTED_EDGE('',*,*,#1583,.F.);
#1606 = CYLINDRICAL_SURFACE('',#1607,0.58);
#1607 = AXIS2_PLACEMENT_3D('',#1608,#1609,#1610);
#1608 = CARTESIAN_POINT('',(0.4,9.45,10.22));
#1609 = DIRECTION('',(1.,0.,0.));
#1610 = DIRECTION('',(0.,0.,1.));
#1611 = MANIFOLD_SOLID_BREP('',#1612);
#1612 = CLOSED_SHELL('',(#1613,#1653,#1693,#1715,#1737,#1749));
#1613 = ADVANCED_FACE('',(#1614),#1648,.F.);
#1614 = FACE_BOUND('',#1615,.F.);
#1615 = EDGE_LOOP('',(#1616,#1626,#1634,#1642));
#1616 = ORIENTED_EDGE('',*,*,#1617,.F.);
#1617 = EDGE_CURVE('',#1618,#1620,#1622,.T.);
#1618 = VERTEX_POINT('',#1619);
#1619 = CARTESIAN_POINT('',(1.35,3.05,-3.5));
#1620 = VERTEX_POINT('',#1621);
#1621 = CARTESIAN_POINT('',(1.35,3.05,0.));
#1622 = LINE('',#1623,#1624);
#1623 = CARTESIAN_POINT('',(1.35,3.05,-3.5));
#1624 = VECTOR('',#1625,1.);
#1625 = DIRECTION('',(0.,0.,1.));
#1626 = ORIENTED_EDGE('',*,*,#1627,.T.);
#1627 = EDGE_CURVE('',#1618,#1628,#1630,.T.);
#1628 = VERTEX_POINT('',#1629);
#1629 = CARTESIAN_POINT('',(1.35,3.55,-3.5));
#1630 = LINE('',#1631,#1632);
#1631 = CARTESIAN_POINT('',(1.35,3.05,-3.5));
#1632 = VECTOR('',#1633,1.);
#1633 = DIRECTION('',(0.,1.,0.));
#1634 = ORIENTED_EDGE('',*,*,#1635,.T.);
#1635 = EDGE_CURVE('',#1628,#1636,#1638,.T.);
#1636 = VERTEX_POINT('',#1637);
#1637 = CARTESIAN_POINT('',(1.35,3.55,0.));
#1638 = LINE('',#1639,#1640);
#1639 = CARTESIAN_POINT('',(1.35,3.55,-3.5));
#1640 = VECTOR('',#1641,1.);
#1641 = DIRECTION('',(0.,0.,1.));
#1642 = ORIENTED_EDGE('',*,*,#1643,.F.);
#1643 = EDGE_CURVE('',#1620,#1636,#1644,.T.);
#1644 = LINE('',#1645,#1646);
#1645 = CARTESIAN_POINT('',(1.35,3.05,0.));
#1646 = VECTOR('',#1647,1.);
#1647 = DIRECTION('',(0.,1.,0.));
#1648 = PLANE('',#1649);
#1649 = AXIS2_PLACEMENT_3D('',#1650,#1651,#1652);
#1650 = CARTESIAN_POINT('',(1.35,3.05,-3.5));
#1651 = DIRECTION('',(1.,0.,0.));
#1652 = DIRECTION('',(0.,0.,1.));
#1653 = ADVANCED_FACE('',(#1654),#1688,.T.);
#1654 = FACE_BOUND('',#1655,.T.);
#1655 = EDGE_LOOP('',(#1656,#1666,#1674,#1682));
#1656 = ORIENTED_EDGE('',*,*,#1657,.F.);
#1657 = EDGE_CURVE('',#1658,#1660,#1662,.T.);
#1658 = VERTEX_POINT('',#1659);
#1659 = CARTESIAN_POINT('',(2.15,3.05,-3.5));
#1660 = VERTEX_POINT('',#1661);
#1661 = CARTESIAN_POINT('',(2.15,3.05,0.));
#1662 = LINE('',#1663,#1664);
#1663 = CARTESIAN_POINT('',(2.15,3.05,-3.5));
#1664 = VECTOR('',#1665,1.);
#1665 = DIRECTION('',(0.,0.,1.));
#1666 = ORIENTED_EDGE('',*,*,#1667,.T.);
#1667 = EDGE_CURVE('',#1658,#1668,#1670,.T.);
#1668 = VERTEX_POINT('',#1669);
#1669 = CARTESIAN_POINT('',(2.15,3.55,-3.5));
#1670 = LINE('',#1671,#1672);
#1671 = CARTESIAN_POINT('',(2.15,3.05,-3.5));
#1672 = VECTOR('',#1673,1.);
#1673 = DIRECTION('',(0.,1.,0.));
#1674 = ORIENTED_EDGE('',*,*,#1675,.T.);
#1675 = EDGE_CURVE('',#1668,#1676,#1678,.T.);
#1676 = VERTEX_POINT('',#1677);
#1677 = CARTESIAN_POINT('',(2.15,3.55,0.));
#1678 = LINE('',#1679,#1680);
#1679 = CARTESIAN_POINT('',(2.15,3.55,-3.5));
#1680 = VECTOR('',#1681,1.);
#1681 = DIRECTION('',(0.,0.,1.));
#1682 = ORIENTED_EDGE('',*,*,#1683,.F.);
#1683 = EDGE_CURVE('',#1660,#1676,#1684,.T.);
#1684 = LINE('',#1685,#1686);
#1685 = CARTESIAN_POINT('',(2.15,3.05,0.));
#1686 = VECTOR('',#1687,1.);
#1687 = DIRECTION('',(0.,1.,0.));
#1688 = PLANE('',#1689);
#1689 = AXIS2_PLACEMENT_3D('',#1690,#1691,#1692);
#1690 = CARTESIAN_POINT('',(2.15,3.05,-3.5));
#1691 = DIRECTION('',(1.,0.,0.));
#1692 = DIRECTION('',(0.,0.,1.));
#1693 = ADVANCED_FACE('',(#1694),#1710,.F.);
#1694 = FACE_BOUND('',#1695,.F.);
#1695 = EDGE_LOOP('',(#1696,#1702,#1703,#1709));
#1696 = ORIENTED_EDGE('',*,*,#1697,.F.);
#1697 = EDGE_CURVE('',#1618,#1658,#1698,.T.);
#1698 = LINE('',#1699,#1700);
#1699 = CARTESIAN_POINT('',(1.35,3.05,-3.5));
#1700 = VECTOR('',#1701,1.);
#1701 = DIRECTION('',(1.,0.,0.));
#1702 = ORIENTED_EDGE('',*,*,#1617,.T.);
#1703 = ORIENTED_EDGE('',*,*,#1704,.T.);
#1704 = EDGE_CURVE('',#1620,#1660,#1705,.T.);
#1705 = LINE('',#1706,#1707);
#1706 = CARTESIAN_POINT('',(1.35,3.05,0.));
#1707 = VECTOR('',#1708,1.);
#1708 = DIRECTION('',(1.,0.,0.));
#1709 = ORIENTED_EDGE('',*,*,#1657,.F.);
#1710 = PLANE('',#1711);
#1711 = AXIS2_PLACEMENT_3D('',#1712,#1713,#1714);
#1712 = CARTESIAN_POINT('',(1.35,3.05,-3.5));
#1713 = DIRECTION('',(0.,1.,0.));
#1714 = DIRECTION('',(0.,0.,1.));
#1715 = ADVANCED_FACE('',(#1716),#1732,.T.);
#1716 = FACE_BOUND('',#1717,.T.);
#1717 = EDGE_LOOP('',(#1718,#1724,#1725,#1731));
#1718 = ORIENTED_EDGE('',*,*,#1719,.F.);
#1719 = EDGE_CURVE('',#1628,#1668,#1720,.T.);
#1720 = LINE('',#1721,#1722);
#1721 = CARTESIAN_POINT('',(1.35,3.55,-3.5));
#1722 = VECTOR('',#1723,1.);
#1723 = DIRECTION('',(1.,0.,0.));
#1724 = ORIENTED_EDGE('',*,*,#1635,.T.);
#1725 = ORIENTED_EDGE('',*,*,#1726,.T.);
#1726 = EDGE_CURVE('',#1636,#1676,#1727,.T.);
#1727 = LINE('',#1728,#1729);
#1728 = CARTESIAN_POINT('',(1.35,3.55,0.));
#1729 = VECTOR('',#1730,1.);
#1730 = DIRECTION('',(1.,0.,0.));
#1731 = ORIENTED_EDGE('',*,*,#1675,.F.);
#1732 = PLANE('',#1733);
#1733 = AXIS2_PLACEMENT_3D('',#1734,#1735,#1736);
#1734 = CARTESIAN_POINT('',(1.35,3.55,-3.5));
#1735 = DIRECTION('',(0.,1.,0.));
#1736 = DIRECTION('',(0.,0.,1.));
#1737 = ADVANCED_FACE('',(#1738),#1744,.F.);
#1738 = FACE_BOUND('',#1739,.F.);
#1739 = EDGE_LOOP('',(#1740,#1741,#1742,#1743));
#1740 = ORIENTED_EDGE('',*,*,#1627,.F.);
#1741 = ORIENTED_EDGE('',*,*,#1697,.T.);
#1742 = ORIENTED_EDGE('',*,*,#1667,.T.);
#1743 = ORIENTED_EDGE('',*,*,#1719,.F.);
#1744 = PLANE('',#1745);
#1745 = AXIS2_PLACEMENT_3D('',#1746,#1747,#1748);
#1746 = CARTESIAN_POINT('',(1.35,3.05,-3.5));
#1747 = DIRECTION('',(0.,0.,1.));
#1748 = DIRECTION('',(1.,0.,0.));
#1749 = ADVANCED_FACE('',(#1750),#1756,.T.);
#1750 = FACE_BOUND('',#1751,.T.);
#1751 = EDGE_LOOP('',(#1752,#1753,#1754,#1755));
#1752 = ORIENTED_EDGE('',*,*,#1643,.F.);
#1753 = ORIENTED_EDGE('',*,*,#1704,.T.);
#1754 = ORIENTED_EDGE('',*,*,#1683,.T.);
#1755 = ORIENTED_EDGE('',*,*,#1726,.F.);
#1756 = PLANE('',#1757);
#1757 = AXIS2_PLACEMENT_3D('',#1758,#1759,#1760);
#1758 = CARTESIAN_POINT('',(1.35,3.05,0.));
#1759 = DIRECTION('',(0.,0.,1.));
#1760 = DIRECTION('',(1.,0.,0.));
#1761 = MANIFOLD_SOLID_BREP('',#1762);
#1762 = CLOSED_SHELL('',(#1763,#1803,#1843,#1865,#1887,#1899));
#1763 = ADVANCED_FACE('',(#1764),#1798,.F.);
#1764 = FACE_BOUND('',#1765,.F.);
#1765 = EDGE_LOOP('',(#1766,#1776,#1784,#1792));
#1766 = ORIENTED_EDGE('',*,*,#1767,.F.);
#1767 = EDGE_CURVE('',#1768,#1770,#1772,.T.);
#1768 = VERTEX_POINT('',#1769);
#1769 = CARTESIAN_POINT('',(1.35,8.05,-3.5));
#1770 = VERTEX_POINT('',#1771);
#1771 = CARTESIAN_POINT('',(1.35,8.05,0.));
#1772 = LINE('',#1773,#1774);
#1773 = CARTESIAN_POINT('',(1.35,8.05,-3.5));
#1774 = VECTOR('',#1775,1.);
#1775 = DIRECTION('',(0.,0.,1.));
#1776 = ORIENTED_EDGE('',*,*,#1777,.T.);
#1777 = EDGE_CURVE('',#1768,#1778,#1780,.T.);
#1778 = VERTEX_POINT('',#1779);
#1779 = CARTESIAN_POINT('',(1.35,8.55,-3.5));
#1780 = LINE('',#1781,#1782);
#1781 = CARTESIAN_POINT('',(1.35,8.05,-3.5));
#1782 = VECTOR('',#1783,1.);
#1783 = DIRECTION('',(0.,1.,0.));
#1784 = ORIENTED_EDGE('',*,*,#1785,.T.);
#1785 = EDGE_CURVE('',#1778,#1786,#1788,.T.);
#1786 = VERTEX_POINT('',#1787);
#1787 = CARTESIAN_POINT('',(1.35,8.55,0.));
#1788 = LINE('',#1789,#1790);
#1789 = CARTESIAN_POINT('',(1.35,8.55,-3.5));
#1790 = VECTOR('',#1791,1.);
#1791 = DIRECTION('',(0.,0.,1.));
#1792 = ORIENTED_EDGE('',*,*,#1793,.F.);
#1793 = EDGE_CURVE('',#1770,#1786,#1794,.T.);
#1794 = LINE('',#1795,#1796);
#1795 = CARTESIAN_POINT('',(1.35,8.05,0.));
#1796 = VECTOR('',#1797,1.);
#1797 = DIRECTION('',(0.,1.,0.));
#1798 = PLANE('',#1799);
#1799 = AXIS2_PLACEMENT_3D('',#1800,#1801,#1802);
#1800 = CARTESIAN_POINT('',(1.35,8.05,-3.5));
#1801 = DIRECTION('',(1.,0.,0.));
#1802 = DIRECTION('',(0.,0.,1.));
#1803 = ADVANCED_FACE('',(#1804),#1838,.T.);
#1804 = FACE_BOUND('',#1805,.T.);
#1805 = EDGE_LOOP('',(#1806,#1816,#1824,#1832));
#1806 = ORIENTED_EDGE('',*,*,#1807,.F.);
#1807 = EDGE_CURVE('',#1808,#1810,#1812,.T.);
#1808 = VERTEX_POINT('',#1809);
#1809 = CARTESIAN_POINT('',(2.15,8.05,-3.5));
#1810 = VERTEX_POINT('',#1811);
#1811 = CARTESIAN_POINT('',(2.15,8.05,0.));
#1812 = LINE('',#1813,#1814);
#1813 = CARTESIAN_POINT('',(2.15,8.05,-3.5));
#1814 = VECTOR('',#1815,1.);
#1815 = DIRECTION('',(0.,0.,1.));
#1816 = ORIENTED_EDGE('',*,*,#1817,.T.);
#1817 = EDGE_CURVE('',#1808,#1818,#1820,.T.);
#1818 = VERTEX_POINT('',#1819);
#1819 = CARTESIAN_POINT('',(2.15,8.55,-3.5));
#1820 = LINE('',#1821,#1822);
#1821 = CARTESIAN_POINT('',(2.15,8.05,-3.5));
#1822 = VECTOR('',#1823,1.);
#1823 = DIRECTION('',(0.,1.,0.));
#1824 = ORIENTED_EDGE('',*,*,#1825,.T.);
#1825 = EDGE_CURVE('',#1818,#1826,#1828,.T.);
#1826 = VERTEX_POINT('',#1827);
#1827 = CARTESIAN_POINT('',(2.15,8.55,0.));
#1828 = LINE('',#1829,#1830);
#1829 = CARTESIAN_POINT('',(2.15,8.55,-3.5));
#1830 = VECTOR('',#1831,1.);
#1831 = DIRECTION('',(0.,0.,1.));
#1832 = ORIENTED_EDGE('',*,*,#1833,.F.);
#1833 = EDGE_CURVE('',#1810,#1826,#1834,.T.);
#1834 = LINE('',#1835,#1836);
#1835 = CARTESIAN_POINT('',(2.15,8.05,0.));
#1836 = VECTOR('',#1837,1.);
#1837 = DIRECTION('',(0.,1.,0.));
#1838 = PLANE('',#1839);
#1839 = AXIS2_PLACEMENT_3D('',#1840,#1841,#1842);
#1840 = CARTESIAN_POINT('',(2.15,8.05,-3.5));
#1841 = DIRECTION('',(1.,0.,0.));
#1842 = DIRECTION('',(0.,0.,1.));
#1843 = ADVANCED_FACE('',(#1844),#1860,.F.);
#1844 = FACE_BOUND('',#1845,.F.);
#1845 = EDGE_LOOP('',(#1846,#1852,#1853,#1859));
#1846 = ORIENTED_EDGE('',*,*,#1847,.F.);
#1847 = EDGE_CURVE('',#1768,#1808,#1848,.T.);
#1848 = LINE('',#1849,#1850);
#1849 = CARTESIAN_POINT('',(1.35,8.05,-3.5));
#1850 = VECTOR('',#1851,1.);
#1851 = DIRECTION('',(1.,0.,0.));
#1852 = ORIENTED_EDGE('',*,*,#1767,.T.);
#1853 = ORIENTED_EDGE('',*,*,#1854,.T.);
#1854 = EDGE_CURVE('',#1770,#1810,#1855,.T.);
#1855 = LINE('',#1856,#1857);
#1856 = CARTESIAN_POINT('',(1.35,8.05,0.));
#1857 = VECTOR('',#1858,1.);
#1858 = DIRECTION('',(1.,0.,0.));
#1859 = ORIENTED_EDGE('',*,*,#1807,.F.);
#1860 = PLANE('',#1861);
#1861 = AXIS2_PLACEMENT_3D('',#1862,#1863,#1864);
#1862 = CARTESIAN_POINT('',(1.35,8.05,-3.5));
#1863 = DIRECTION('',(0.,1.,0.));
#1864 = DIRECTION('',(0.,0.,1.));
#1865 = ADVANCED_FACE('',(#1866),#1882,.T.);
#1866 = FACE_BOUND('',#1867,.T.);
#1867 = EDGE_LOOP('',(#1868,#1874,#1875,#1881));
#1868 = ORIENTED_EDGE('',*,*,#1869,.F.);
#1869 = EDGE_CURVE('',#1778,#1818,#1870,.T.);
#1870 = LINE('',#1871,#1872);
#1871 = CARTESIAN_POINT('',(1.35,8.55,-3.5));
#1872 = VECTOR('',#1873,1.);
#1873 = DIRECTION('',(1.,0.,0.));
#1874 = ORIENTED_EDGE('',*,*,#1785,.T.);
#1875 = ORIENTED_EDGE('',*,*,#1876,.T.);
#1876 = EDGE_CURVE('',#1786,#1826,#1877,.T.);
#1877 = LINE('',#1878,#1879);
#1878 = CARTESIAN_POINT('',(1.35,8.55,0.));
#1879 = VECTOR('',#1880,1.);
#1880 = DIRECTION('',(1.,0.,0.));
#1881 = ORIENTED_EDGE('',*,*,#1825,.F.);
#1882 = PLANE('',#1883);
#1883 = AXIS2_PLACEMENT_3D('',#1884,#1885,#1886);
#1884 = CARTESIAN_POINT('',(1.35,8.55,-3.5));
#1885 = DIRECTION('',(0.,1.,0.));
#1886 = DIRECTION('',(0.,0.,1.));
#1887 = ADVANCED_FACE('',(#1888),#1894,.F.);
#1888 = FACE_BOUND('',#1889,.F.);
#1889 = EDGE_LOOP('',(#1890,#1891,#1892,#1893));
#1890 = ORIENTED_EDGE('',*,*,#1777,.F.);
#1891 = ORIENTED_EDGE('',*,*,#1847,.T.);
#1892 = ORIENTED_EDGE('',*,*,#1817,.T.);
#1893 = ORIENTED_EDGE('',*,*,#1869,.F.);
#1894 = PLANE('',#1895);
#1895 = AXIS2_PLACEMENT_3D('',#1896,#1897,#1898);
#1896 = CARTESIAN_POINT('',(1.35,8.05,-3.5));
#1897 = DIRECTION('',(0.,0.,1.));
#1898 = DIRECTION('',(1.,0.,0.));
#1899 = ADVANCED_FACE('',(#1900),#1906,.T.);
#1900 = FACE_BOUND('',#1901,.T.);
#1901 = EDGE_LOOP('',(#1902,#1903,#1904,#1905));
#1902 = ORIENTED_EDGE('',*,*,#1793,.F.);
#1903 = ORIENTED_EDGE('',*,*,#1854,.T.);
#1904 = ORIENTED_EDGE('',*,*,#1833,.T.);
#1905 = ORIENTED_EDGE('',*,*,#1876,.F.);
#1906 = PLANE('',#1907);
#1907 = AXIS2_PLACEMENT_3D('',#1908,#1909,#1910);
#1908 = CARTESIAN_POINT('',(1.35,8.05,0.));
#1909 = DIRECTION('',(0.,0.,1.));
#1910 = DIRECTION('',(1.,0.,0.));
#1911 = MANIFOLD_SOLID_BREP('',#1912);
#1912 = CLOSED_SHELL('',(#1913,#1953,#1986,#2019,#2052,#2085,#2102,#2119
    ,#2185,#2216,#2233,#2298,#2315,#2380,#2398,#2416,#2449,#2480,#2505,
    #2529,#2546,#2564,#2595,#2613,#2644,#2675,#2699,#2723,#2740,#2769,
    #2800,#2824,#2848,#2865,#2876,#2887,#2899,#2910,#2921,#2933,#2945));
#1913 = ADVANCED_FACE('',(#1914),#1948,.F.);
#1914 = FACE_BOUND('',#1915,.F.);
#1915 = EDGE_LOOP('',(#1916,#1926,#1934,#1942));
#1916 = ORIENTED_EDGE('',*,*,#1917,.F.);
#1917 = EDGE_CURVE('',#1918,#1920,#1922,.T.);
#1918 = VERTEX_POINT('',#1919);
#1919 = CARTESIAN_POINT('',(3.5,0.18,0.18));
#1920 = VERTEX_POINT('',#1921);
#1921 = CARTESIAN_POINT('',(3.5,0.18,10.42));
#1922 = LINE('',#1923,#1924);
#1923 = CARTESIAN_POINT('',(3.5,0.18,0.));
#1924 = VECTOR('',#1925,1.);
#1925 = DIRECTION('',(0.,0.,1.));
#1926 = ORIENTED_EDGE('',*,*,#1927,.T.);
#1927 = EDGE_CURVE('',#1918,#1928,#1930,.T.);
#1928 = VERTEX_POINT('',#1929);
#1929 = CARTESIAN_POINT('',(3.5,12.32,0.18));
#1930 = LINE('',#1931,#1932);
#1931 = CARTESIAN_POINT('',(3.5,0.,0.18));
#1932 = VECTOR('',#1933,1.);
#1933 = DIRECTION('',(0.,1.,0.));
#1934 = ORIENTED_EDGE('',*,*,#1935,.T.);
#1935 = EDGE_CURVE('',#1928,#1936,#1938,.T.);
#1936 = VERTEX_POINT('',#1937);
#1937 = CARTESIAN_POINT('',(3.5,12.32,10.42));
#1938 = LINE('',#1939,#1940);
#1939 = CARTESIAN_POINT('',(3.5,12.32,0.));
#1940 = VECTOR('',#1941,1.);
#1941 = DIRECTION('',(0.,0.,1.));
#1942 = ORIENTED_EDGE('',*,*,#1943,.F.);
#1943 = EDGE_CURVE('',#1920,#1936,#1944,.T.);
#1944 = LINE('',#1945,#1946);
#1945 = CARTESIAN_POINT('',(3.5,0.,10.42));
#1946 = VECTOR('',#1947,1.);
#1947 = DIRECTION('',(0.,1.,0.));
#1948 = PLANE('',#1949);
#1949 = AXIS2_PLACEMENT_3D('',#1950,#1951,#1952);
#1950 = CARTESIAN_POINT('',(3.5,0.,0.));
#1951 = DIRECTION('',(1.,0.,0.));
#1952 = DIRECTION('',(0.,0.,1.));
#1953 = ADVANCED_FACE('',(#1954),#1981,.T.);
#1954 = FACE_BOUND('',#1955,.T.);
#1955 = EDGE_LOOP('',(#1956,#1957,#1966,#1974));
#1956 = ORIENTED_EDGE('',*,*,#1917,.F.);
#1957 = ORIENTED_EDGE('',*,*,#1958,.T.);
#1958 = EDGE_CURVE('',#1918,#1959,#1961,.T.);
#1959 = VERTEX_POINT('',#1960);
#1960 = CARTESIAN_POINT('',(3.68,-2.775557561563E-17,0.18));
#1961 = CIRCLE('',#1962,0.18);
#1962 = AXIS2_PLACEMENT_3D('',#1963,#1964,#1965);
#1963 = CARTESIAN_POINT('',(3.68,0.18,0.18));
#1964 = DIRECTION('',(0.,0.,1.));
#1965 = DIRECTION('',(-1.,0.,0.));
#1966 = ORIENTED_EDGE('',*,*,#1967,.T.);
#1967 = EDGE_CURVE('',#1959,#1968,#1970,.T.);
#1968 = VERTEX_POINT('',#1969);
#1969 = CARTESIAN_POINT('',(3.68,-2.775557561563E-17,10.42));
#1970 = LINE('',#1971,#1972);
#1971 = CARTESIAN_POINT('',(3.68,-2.775557561563E-17,0.));
#1972 = VECTOR('',#1973,1.);
#1973 = DIRECTION('',(0.,0.,1.));
#1974 = ORIENTED_EDGE('',*,*,#1975,.F.);
#1975 = EDGE_CURVE('',#1920,#1968,#1976,.T.);
#1976 = CIRCLE('',#1977,0.18);
#1977 = AXIS2_PLACEMENT_3D('',#1978,#1979,#1980);
#1978 = CARTESIAN_POINT('',(3.68,0.18,10.42));
#1979 = DIRECTION('',(0.,0.,1.));
#1980 = DIRECTION('',(-1.,0.,0.));
#1981 = CYLINDRICAL_SURFACE('',#1982,0.18);
#1982 = AXIS2_PLACEMENT_3D('',#1983,#1984,#1985);
#1983 = CARTESIAN_POINT('',(3.68,0.18,0.));
#1984 = DIRECTION('',(0.,0.,1.));
#1985 = DIRECTION('',(-1.,0.,0.));
#1986 = ADVANCED_FACE('',(#1987),#2014,.T.);
#1987 = FACE_BOUND('',#1988,.F.);
#1988 = EDGE_LOOP('',(#1989,#1998,#2006,#2013));
#1989 = ORIENTED_EDGE('',*,*,#1990,.F.);
#1990 = EDGE_CURVE('',#1991,#1918,#1993,.T.);
#1991 = VERTEX_POINT('',#1992);
#1992 = CARTESIAN_POINT('',(3.68,0.18,0.));
#1993 = CIRCLE('',#1994,0.18);
#1994 = AXIS2_PLACEMENT_3D('',#1995,#1996,#1997);
#1995 = CARTESIAN_POINT('',(3.68,0.18,0.18));
#1996 = DIRECTION('',(0.,1.,-0.));
#1997 = DIRECTION('',(-1.,0.,0.));
#1998 = ORIENTED_EDGE('',*,*,#1999,.T.);
#1999 = EDGE_CURVE('',#1991,#2000,#2002,.T.);
#2000 = VERTEX_POINT('',#2001);
#2001 = CARTESIAN_POINT('',(3.68,12.32,0.));
#2002 = LINE('',#2003,#2004);
#2003 = CARTESIAN_POINT('',(3.68,0.,-2.775557561563E-17));
#2004 = VECTOR('',#2005,1.);
#2005 = DIRECTION('',(0.,1.,0.));
#2006 = ORIENTED_EDGE('',*,*,#2007,.T.);
#2007 = EDGE_CURVE('',#2000,#1928,#2008,.T.);
#2008 = CIRCLE('',#2009,0.18);
#2009 = AXIS2_PLACEMENT_3D('',#2010,#2011,#2012);
#2010 = CARTESIAN_POINT('',(3.68,12.32,0.18));
#2011 = DIRECTION('',(0.,1.,-0.));
#2012 = DIRECTION('',(-1.,0.,0.));
#2013 = ORIENTED_EDGE('',*,*,#1927,.F.);
#2014 = CYLINDRICAL_SURFACE('',#2015,0.18);
#2015 = AXIS2_PLACEMENT_3D('',#2016,#2017,#2018);
#2016 = CARTESIAN_POINT('',(3.68,0.,0.18));
#2017 = DIRECTION('',(0.,1.,0.));
#2018 = DIRECTION('',(-1.,0.,0.));
#2019 = ADVANCED_FACE('',(#2020),#2047,.T.);
#2020 = FACE_BOUND('',#2021,.T.);
#2021 = EDGE_LOOP('',(#2022,#2031,#2039,#2046));
#2022 = ORIENTED_EDGE('',*,*,#2023,.F.);
#2023 = EDGE_CURVE('',#2024,#1920,#2026,.T.);
#2024 = VERTEX_POINT('',#2025);
#2025 = CARTESIAN_POINT('',(3.68,0.18,10.6));
#2026 = CIRCLE('',#2027,0.18);
#2027 = AXIS2_PLACEMENT_3D('',#2028,#2029,#2030);
#2028 = CARTESIAN_POINT('',(3.68,0.18,10.42));
#2029 = DIRECTION('',(0.,-1.,0.));
#2030 = DIRECTION('',(-1.,0.,0.));
#2031 = ORIENTED_EDGE('',*,*,#2032,.T.);
#2032 = EDGE_CURVE('',#2024,#2033,#2035,.T.);
#2033 = VERTEX_POINT('',#2034);
#2034 = CARTESIAN_POINT('',(3.68,12.32,10.6));
#2035 = LINE('',#2036,#2037);
#2036 = CARTESIAN_POINT('',(3.68,0.,10.6));
#2037 = VECTOR('',#2038,1.);
#2038 = DIRECTION('',(0.,1.,0.));
#2039 = ORIENTED_EDGE('',*,*,#2040,.F.);
#2040 = EDGE_CURVE('',#1936,#2033,#2041,.T.);
#2041 = CIRCLE('',#2042,0.18);
#2042 = AXIS2_PLACEMENT_3D('',#2043,#2044,#2045);
#2043 = CARTESIAN_POINT('',(3.68,12.32,10.42));
#2044 = DIRECTION('',(0.,1.,-0.));
#2045 = DIRECTION('',(-1.,0.,0.));
#2046 = ORIENTED_EDGE('',*,*,#1943,.F.);
#2047 = CYLINDRICAL_SURFACE('',#2048,0.18);
#2048 = AXIS2_PLACEMENT_3D('',#2049,#2050,#2051);
#2049 = CARTESIAN_POINT('',(3.68,0.,10.42));
#2050 = DIRECTION('',(0.,1.,0.));
#2051 = DIRECTION('',(-1.,0.,0.));
#2052 = ADVANCED_FACE('',(#2053),#2080,.T.);
#2053 = FACE_BOUND('',#2054,.F.);
#2054 = EDGE_LOOP('',(#2055,#2056,#2065,#2073));
#2055 = ORIENTED_EDGE('',*,*,#1935,.F.);
#2056 = ORIENTED_EDGE('',*,*,#2057,.T.);
#2057 = EDGE_CURVE('',#1928,#2058,#2060,.T.);
#2058 = VERTEX_POINT('',#2059);
#2059 = CARTESIAN_POINT('',(3.68,12.5,0.18));
#2060 = CIRCLE('',#2061,0.18);
#2061 = AXIS2_PLACEMENT_3D('',#2062,#2063,#2064);
#2062 = CARTESIAN_POINT('',(3.68,12.32,0.18));
#2063 = DIRECTION('',(0.,0.,-1.));
#2064 = DIRECTION('',(-1.,0.,0.));
#2065 = ORIENTED_EDGE('',*,*,#2066,.T.);
#2066 = EDGE_CURVE('',#2058,#2067,#2069,.T.);
#2067 = VERTEX_POINT('',#2068);
#2068 = CARTESIAN_POINT('',(3.68,12.5,10.42));
#2069 = LINE('',#2070,#2071);
#2070 = CARTESIAN_POINT('',(3.68,12.5,0.));
#2071 = VECTOR('',#2072,1.);
#2072 = DIRECTION('',(0.,0.,1.));
#2073 = ORIENTED_EDGE('',*,*,#2074,.T.);
#2074 = EDGE_CURVE('',#2067,#1936,#2075,.T.);
#2075 = CIRCLE('',#2076,0.18);
#2076 = AXIS2_PLACEMENT_3D('',#2077,#2078,#2079);
#2077 = CARTESIAN_POINT('',(3.68,12.32,10.42));
#2078 = DIRECTION('',(0.,0.,1.));
#2079 = DIRECTION('',(-1.,0.,0.));
#2080 = CYLINDRICAL_SURFACE('',#2081,0.18);
#2081 = AXIS2_PLACEMENT_3D('',#2082,#2083,#2084);
#2082 = CARTESIAN_POINT('',(3.68,12.32,0.));
#2083 = DIRECTION('',(0.,0.,1.));
#2084 = DIRECTION('',(-1.,0.,0.));
#2085 = ADVANCED_FACE('',(#2086),#2097,.T.);
#2086 = FACE_BOUND('',#2087,.T.);
#2087 = EDGE_LOOP('',(#2088,#2089,#2096));
#2088 = ORIENTED_EDGE('',*,*,#1990,.F.);
#2089 = ORIENTED_EDGE('',*,*,#2090,.T.);
#2090 = EDGE_CURVE('',#1991,#1959,#2091,.T.);
#2091 = CIRCLE('',#2092,0.18);
#2092 = AXIS2_PLACEMENT_3D('',#2093,#2094,#2095);
#2093 = CARTESIAN_POINT('',(3.68,0.18,0.18));
#2094 = DIRECTION('',(-1.,6.123233995737E-17,0.));
#2095 = DIRECTION('',(-6.123233995737E-17,-1.,0.));
#2096 = ORIENTED_EDGE('',*,*,#1958,.F.);
#2097 = SPHERICAL_SURFACE('',#2098,0.18);
#2098 = AXIS2_PLACEMENT_3D('',#2099,#2100,#2101);
#2099 = CARTESIAN_POINT('',(3.68,0.18,0.18));
#2100 = DIRECTION('',(0.,0.,1.));
#2101 = DIRECTION('',(-1.,0.,0.));
#2102 = ADVANCED_FACE('',(#2103),#2114,.T.);
#2103 = FACE_BOUND('',#2104,.F.);
#2104 = EDGE_LOOP('',(#2105,#2106,#2113));
#2105 = ORIENTED_EDGE('',*,*,#2023,.F.);
#2106 = ORIENTED_EDGE('',*,*,#2107,.T.);
#2107 = EDGE_CURVE('',#2024,#1968,#2108,.T.);
#2108 = CIRCLE('',#2109,0.18);
#2109 = AXIS2_PLACEMENT_3D('',#2110,#2111,#2112);
#2110 = CARTESIAN_POINT('',(3.68,0.18,10.42));
#2111 = DIRECTION('',(1.,-6.123233995737E-17,0.));
#2112 = DIRECTION('',(-6.123233995737E-17,-1.,0.));
#2113 = ORIENTED_EDGE('',*,*,#1975,.F.);
#2114 = SPHERICAL_SURFACE('',#2115,0.18);
#2115 = AXIS2_PLACEMENT_3D('',#2116,#2117,#2118);
#2116 = CARTESIAN_POINT('',(3.68,0.18,10.42));
#2117 = DIRECTION('',(-0.,-0.,-1.));
#2118 = DIRECTION('',(-1.,0.,0.));
#2119 = ADVANCED_FACE('',(#2120,#2145),#2180,.F.);
#2120 = FACE_BOUND('',#2121,.F.);
#2121 = EDGE_LOOP('',(#2122,#2123,#2131,#2139));
#2122 = ORIENTED_EDGE('',*,*,#1967,.T.);
#2123 = ORIENTED_EDGE('',*,*,#2124,.T.);
#2124 = EDGE_CURVE('',#1968,#2125,#2127,.T.);
#2125 = VERTEX_POINT('',#2126);
#2126 = CARTESIAN_POINT('',(6.82,-2.775557561563E-17,10.42));
#2127 = LINE('',#2128,#2129);
#2128 = CARTESIAN_POINT('',(3.5,-2.775557561563E-17,10.42));
#2129 = VECTOR('',#2130,1.);
#2130 = DIRECTION('',(1.,0.,0.));
#2131 = ORIENTED_EDGE('',*,*,#2132,.F.);
#2132 = EDGE_CURVE('',#2133,#2125,#2135,.T.);
#2133 = VERTEX_POINT('',#2134);
#2134 = CARTESIAN_POINT('',(6.82,-2.775557561563E-17,0.18));
#2135 = LINE('',#2136,#2137);
#2136 = CARTESIAN_POINT('',(6.82,-2.775557561563E-17,0.));
#2137 = VECTOR('',#2138,1.);
#2138 = DIRECTION('',(0.,0.,1.));
#2139 = ORIENTED_EDGE('',*,*,#2140,.F.);
#2140 = EDGE_CURVE('',#1959,#2133,#2141,.T.);
#2141 = LINE('',#2142,#2143);
#2142 = CARTESIAN_POINT('',(3.5,-2.775557561563E-17,0.18));
#2143 = VECTOR('',#2144,1.);
#2144 = DIRECTION('',(1.,0.,0.));
#2145 = FACE_BOUND('',#2146,.F.);
#2146 = EDGE_LOOP('',(#2147,#2157,#2165,#2173));
#2147 = ORIENTED_EDGE('',*,*,#2148,.F.);
#2148 = EDGE_CURVE('',#2149,#2151,#2153,.T.);
#2149 = VERTEX_POINT('',#2150);
#2150 = CARTESIAN_POINT('',(6.35,0.,8.1));
#2151 = VERTEX_POINT('',#2152);
#2152 = CARTESIAN_POINT('',(6.35,0.,4.782623792125));
#2153 = LINE('',#2154,#2155);
#2154 = CARTESIAN_POINT('',(6.35,0.,2.));
#2155 = VECTOR('',#2156,1.);
#2156 = DIRECTION('',(0.,0.,-1.));
#2157 = ORIENTED_EDGE('',*,*,#2158,.F.);
#2158 = EDGE_CURVE('',#2159,#2149,#2161,.T.);
#2159 = VERTEX_POINT('',#2160);
#2160 = CARTESIAN_POINT('',(4.15,0.,8.1));
#2161 = LINE('',#2162,#2163);
#2162 = CARTESIAN_POINT('',(3.825,0.,8.1));
#2163 = VECTOR('',#2164,1.);
#2164 = DIRECTION('',(1.,0.,0.));
#2165 = ORIENTED_EDGE('',*,*,#2166,.T.);
#2166 = EDGE_CURVE('',#2159,#2167,#2169,.T.);
#2167 = VERTEX_POINT('',#2168);
#2168 = CARTESIAN_POINT('',(4.15,0.,4.782623792125));
#2169 = LINE('',#2170,#2171);
#2170 = CARTESIAN_POINT('',(4.15,0.,2.));
#2171 = VECTOR('',#2172,1.);
#2172 = DIRECTION('',(0.,0.,-1.));
#2173 = ORIENTED_EDGE('',*,*,#2174,.F.);
#2174 = EDGE_CURVE('',#2151,#2167,#2175,.T.);
#2175 = CIRCLE('',#2176,1.35);
#2176 = AXIS2_PLACEMENT_3D('',#2177,#2178,#2179);
#2177 = CARTESIAN_POINT('',(5.25,0.,4.));
#2178 = DIRECTION('',(0.,1.,0.));
#2179 = DIRECTION('',(0.,0.,1.));
#2180 = PLANE('',#2181);
#2181 = AXIS2_PLACEMENT_3D('',#2182,#2183,#2184);
#2182 = CARTESIAN_POINT('',(3.5,0.,0.));
#2183 = DIRECTION('',(0.,1.,0.));
#2184 = DIRECTION('',(0.,0.,1.));
#2185 = ADVANCED_FACE('',(#2186),#2211,.F.);
#2186 = FACE_BOUND('',#2187,.F.);
#2187 = EDGE_LOOP('',(#2188,#2189,#2197,#2205));
#2188 = ORIENTED_EDGE('',*,*,#1999,.F.);
#2189 = ORIENTED_EDGE('',*,*,#2190,.T.);
#2190 = EDGE_CURVE('',#1991,#2191,#2193,.T.);
#2191 = VERTEX_POINT('',#2192);
#2192 = CARTESIAN_POINT('',(6.82,0.18,0.));
#2193 = LINE('',#2194,#2195);
#2194 = CARTESIAN_POINT('',(3.5,0.18,-2.775557561563E-17));
#2195 = VECTOR('',#2196,1.);
#2196 = DIRECTION('',(1.,0.,0.));
#2197 = ORIENTED_EDGE('',*,*,#2198,.T.);
#2198 = EDGE_CURVE('',#2191,#2199,#2201,.T.);
#2199 = VERTEX_POINT('',#2200);
#2200 = CARTESIAN_POINT('',(6.82,12.32,0.));
#2201 = LINE('',#2202,#2203);
#2202 = CARTESIAN_POINT('',(6.82,0.,-2.775557561563E-17));
#2203 = VECTOR('',#2204,1.);
#2204 = DIRECTION('',(0.,1.,0.));
#2205 = ORIENTED_EDGE('',*,*,#2206,.F.);
#2206 = EDGE_CURVE('',#2000,#2199,#2207,.T.);
#2207 = LINE('',#2208,#2209);
#2208 = CARTESIAN_POINT('',(3.5,12.32,-2.775557561563E-17));
#2209 = VECTOR('',#2210,1.);
#2210 = DIRECTION('',(1.,0.,0.));
#2211 = PLANE('',#2212);
#2212 = AXIS2_PLACEMENT_3D('',#2213,#2214,#2215);
#2213 = CARTESIAN_POINT('',(3.5,0.,0.));
#2214 = DIRECTION('',(0.,0.,1.));
#2215 = DIRECTION('',(1.,0.,0.));
#2216 = ADVANCED_FACE('',(#2217),#2228,.T.);
#2217 = FACE_BOUND('',#2218,.F.);
#2218 = EDGE_LOOP('',(#2219,#2220,#2227));
#2219 = ORIENTED_EDGE('',*,*,#2007,.F.);
#2220 = ORIENTED_EDGE('',*,*,#2221,.T.);
#2221 = EDGE_CURVE('',#2000,#2058,#2222,.T.);
#2222 = CIRCLE('',#2223,0.18);
#2223 = AXIS2_PLACEMENT_3D('',#2224,#2225,#2226);
#2224 = CARTESIAN_POINT('',(3.68,12.32,0.18));
#2225 = DIRECTION('',(1.,6.123233995737E-17,-0.));
#2226 = DIRECTION('',(-6.123233995737E-17,1.,0.));
#2227 = ORIENTED_EDGE('',*,*,#2057,.F.);
#2228 = SPHERICAL_SURFACE('',#2229,0.18);
#2229 = AXIS2_PLACEMENT_3D('',#2230,#2231,#2232);
#2230 = CARTESIAN_POINT('',(3.68,12.32,0.18));
#2231 = DIRECTION('',(0.,0.,1.));
#2232 = DIRECTION('',(-1.,0.,0.));
#2233 = ADVANCED_FACE('',(#2234,#2259),#2293,.T.);
#2234 = FACE_BOUND('',#2235,.T.);
#2235 = EDGE_LOOP('',(#2236,#2237,#2245,#2253));
#2236 = ORIENTED_EDGE('',*,*,#2032,.F.);
#2237 = ORIENTED_EDGE('',*,*,#2238,.T.);
#2238 = EDGE_CURVE('',#2024,#2239,#2241,.T.);
#2239 = VERTEX_POINT('',#2240);
#2240 = CARTESIAN_POINT('',(6.82,0.18,10.6));
#2241 = LINE('',#2242,#2243);
#2242 = CARTESIAN_POINT('',(3.5,0.18,10.6));
#2243 = VECTOR('',#2244,1.);
#2244 = DIRECTION('',(1.,0.,0.));
#2245 = ORIENTED_EDGE('',*,*,#2246,.T.);
#2246 = EDGE_CURVE('',#2239,#2247,#2249,.T.);
#2247 = VERTEX_POINT('',#2248);
#2248 = CARTESIAN_POINT('',(6.82,12.32,10.6));
#2249 = LINE('',#2250,#2251);
#2250 = CARTESIAN_POINT('',(6.82,0.,10.6));
#2251 = VECTOR('',#2252,1.);
#2252 = DIRECTION('',(0.,1.,0.));
#2253 = ORIENTED_EDGE('',*,*,#2254,.F.);
#2254 = EDGE_CURVE('',#2033,#2247,#2255,.T.);
#2255 = LINE('',#2256,#2257);
#2256 = CARTESIAN_POINT('',(3.5,12.32,10.6));
#2257 = VECTOR('',#2258,1.);
#2258 = DIRECTION('',(1.,0.,0.));
#2259 = FACE_BOUND('',#2260,.T.);
#2260 = EDGE_LOOP('',(#2261,#2271,#2279,#2287));
#2261 = ORIENTED_EDGE('',*,*,#2262,.T.);
#2262 = EDGE_CURVE('',#2263,#2265,#2267,.T.);
#2263 = VERTEX_POINT('',#2264);
#2264 = CARTESIAN_POINT('',(6.66,0.75,10.6));
#2265 = VERTEX_POINT('',#2266);
#2266 = CARTESIAN_POINT('',(3.84,0.75,10.6));
#2267 = LINE('',#2268,#2269);
#2268 = CARTESIAN_POINT('',(3.67,0.75,10.6));
#2269 = VECTOR('',#2270,1.);
#2270 = DIRECTION('',(-1.,0.,0.));
#2271 = ORIENTED_EDGE('',*,*,#2272,.T.);
#2272 = EDGE_CURVE('',#2265,#2273,#2275,.T.);
#2273 = VERTEX_POINT('',#2274);
#2274 = CARTESIAN_POINT('',(3.84,9.5,10.6));
#2275 = LINE('',#2276,#2277);
#2276 = CARTESIAN_POINT('',(3.84,0.375,10.6));
#2277 = VECTOR('',#2278,1.);
#2278 = DIRECTION('',(0.,1.,0.));
#2279 = ORIENTED_EDGE('',*,*,#2280,.F.);
#2280 = EDGE_CURVE('',#2281,#2273,#2283,.T.);
#2281 = VERTEX_POINT('',#2282);
#2282 = CARTESIAN_POINT('',(6.66,9.5,10.6));
#2283 = LINE('',#2284,#2285);
#2284 = CARTESIAN_POINT('',(3.67,9.5,10.6));
#2285 = VECTOR('',#2286,1.);
#2286 = DIRECTION('',(-1.,0.,0.));
#2287 = ORIENTED_EDGE('',*,*,#2288,.F.);
#2288 = EDGE_CURVE('',#2263,#2281,#2289,.T.);
#2289 = LINE('',#2290,#2291);
#2290 = CARTESIAN_POINT('',(6.66,0.375,10.6));
#2291 = VECTOR('',#2292,1.);
#2292 = DIRECTION('',(0.,1.,0.));
#2293 = PLANE('',#2294);
#2294 = AXIS2_PLACEMENT_3D('',#2295,#2296,#2297);
#2295 = CARTESIAN_POINT('',(3.5,0.,10.6));
#2296 = DIRECTION('',(0.,0.,1.));
#2297 = DIRECTION('',(1.,0.,0.));
#2298 = ADVANCED_FACE('',(#2299),#2310,.T.);
#2299 = FACE_BOUND('',#2300,.F.);
#2300 = EDGE_LOOP('',(#2301,#2302,#2309));
#2301 = ORIENTED_EDGE('',*,*,#2074,.F.);
#2302 = ORIENTED_EDGE('',*,*,#2303,.T.);
#2303 = EDGE_CURVE('',#2067,#2033,#2304,.T.);
#2304 = CIRCLE('',#2305,0.18);
#2305 = AXIS2_PLACEMENT_3D('',#2306,#2307,#2308);
#2306 = CARTESIAN_POINT('',(3.68,12.32,10.42));
#2307 = DIRECTION('',(1.,0.,6.123233995737E-17));
#2308 = DIRECTION('',(-6.123233995737E-17,0.,1.));
#2309 = ORIENTED_EDGE('',*,*,#2040,.F.);
#2310 = SPHERICAL_SURFACE('',#2311,0.18);
#2311 = AXIS2_PLACEMENT_3D('',#2312,#2313,#2314);
#2312 = CARTESIAN_POINT('',(3.68,12.32,10.42));
#2313 = DIRECTION('',(0.,-1.,0.));
#2314 = DIRECTION('',(-1.,0.,0.));
#2315 = ADVANCED_FACE('',(#2316,#2341),#2375,.T.);
#2316 = FACE_BOUND('',#2317,.T.);
#2317 = EDGE_LOOP('',(#2318,#2319,#2327,#2335));
#2318 = ORIENTED_EDGE('',*,*,#2066,.T.);
#2319 = ORIENTED_EDGE('',*,*,#2320,.T.);
#2320 = EDGE_CURVE('',#2067,#2321,#2323,.T.);
#2321 = VERTEX_POINT('',#2322);
#2322 = CARTESIAN_POINT('',(6.82,12.5,10.42));
#2323 = LINE('',#2324,#2325);
#2324 = CARTESIAN_POINT('',(3.5,12.5,10.42));
#2325 = VECTOR('',#2326,1.);
#2326 = DIRECTION('',(1.,0.,0.));
#2327 = ORIENTED_EDGE('',*,*,#2328,.F.);
#2328 = EDGE_CURVE('',#2329,#2321,#2331,.T.);
#2329 = VERTEX_POINT('',#2330);
#2330 = CARTESIAN_POINT('',(6.82,12.5,0.18));
#2331 = LINE('',#2332,#2333);
#2332 = CARTESIAN_POINT('',(6.82,12.5,0.));
#2333 = VECTOR('',#2334,1.);
#2334 = DIRECTION('',(0.,0.,1.));
#2335 = ORIENTED_EDGE('',*,*,#2336,.F.);
#2336 = EDGE_CURVE('',#2058,#2329,#2337,.T.);
#2337 = LINE('',#2338,#2339);
#2338 = CARTESIAN_POINT('',(3.5,12.5,0.18));
#2339 = VECTOR('',#2340,1.);
#2340 = DIRECTION('',(1.,0.,0.));
#2341 = FACE_BOUND('',#2342,.T.);
#2342 = EDGE_LOOP('',(#2343,#2353,#2361,#2369));
#2343 = ORIENTED_EDGE('',*,*,#2344,.F.);
#2344 = EDGE_CURVE('',#2345,#2347,#2349,.T.);
#2345 = VERTEX_POINT('',#2346);
#2346 = CARTESIAN_POINT('',(4.025,12.5,9.75));
#2347 = VERTEX_POINT('',#2348);
#2348 = CARTESIAN_POINT('',(6.475,12.5,9.75));
#2349 = LINE('',#2350,#2351);
#2350 = CARTESIAN_POINT('',(3.7625,12.5,9.75));
#2351 = VECTOR('',#2352,1.);
#2352 = DIRECTION('',(1.,0.,0.));
#2353 = ORIENTED_EDGE('',*,*,#2354,.T.);
#2354 = EDGE_CURVE('',#2345,#2355,#2357,.T.);
#2355 = VERTEX_POINT('',#2356);
#2356 = CARTESIAN_POINT('',(4.025,12.5,7.2));
#2357 = LINE('',#2358,#2359);
#2358 = CARTESIAN_POINT('',(4.025,12.5,3.6));
#2359 = VECTOR('',#2360,1.);
#2360 = DIRECTION('',(0.,0.,-1.));
#2361 = ORIENTED_EDGE('',*,*,#2362,.T.);
#2362 = EDGE_CURVE('',#2355,#2363,#2365,.T.);
#2363 = VERTEX_POINT('',#2364);
#2364 = CARTESIAN_POINT('',(6.475,12.5,7.2));
#2365 = LINE('',#2366,#2367);
#2366 = CARTESIAN_POINT('',(3.7625,12.5,7.2));
#2367 = VECTOR('',#2368,1.);
#2368 = DIRECTION('',(1.,0.,0.));
#2369 = ORIENTED_EDGE('',*,*,#2370,.F.);
#2370 = EDGE_CURVE('',#2347,#2363,#2371,.T.);
#2371 = LINE('',#2372,#2373);
#2372 = CARTESIAN_POINT('',(6.475,12.5,3.6));
#2373 = VECTOR('',#2374,1.);
#2374 = DIRECTION('',(0.,0.,-1.));
#2375 = PLANE('',#2376);
#2376 = AXIS2_PLACEMENT_3D('',#2377,#2378,#2379);
#2377 = CARTESIAN_POINT('',(3.5,12.5,0.));
#2378 = DIRECTION('',(0.,1.,0.));
#2379 = DIRECTION('',(0.,0.,1.));
#2380 = ADVANCED_FACE('',(#2381),#2393,.T.);
#2381 = FACE_BOUND('',#2382,.T.);
#2382 = EDGE_LOOP('',(#2383,#2384,#2385,#2392));
#2383 = ORIENTED_EDGE('',*,*,#2090,.F.);
#2384 = ORIENTED_EDGE('',*,*,#2190,.T.);
#2385 = ORIENTED_EDGE('',*,*,#2386,.T.);
#2386 = EDGE_CURVE('',#2191,#2133,#2387,.T.);
#2387 = CIRCLE('',#2388,0.18);
#2388 = AXIS2_PLACEMENT_3D('',#2389,#2390,#2391);
#2389 = CARTESIAN_POINT('',(6.82,0.18,0.18));
#2390 = DIRECTION('',(-1.,-6.123233995737E-17,0.));
#2391 = DIRECTION('',(6.123233995737E-17,-1.,0.));
#2392 = ORIENTED_EDGE('',*,*,#2140,.F.);
#2393 = CYLINDRICAL_SURFACE('',#2394,0.18);
#2394 = AXIS2_PLACEMENT_3D('',#2395,#2396,#2397);
#2395 = CARTESIAN_POINT('',(3.5,0.18,0.18));
#2396 = DIRECTION('',(1.,0.,0.));
#2397 = DIRECTION('',(0.,-1.,0.));
#2398 = ADVANCED_FACE('',(#2399),#2411,.T.);
#2399 = FACE_BOUND('',#2400,.F.);
#2400 = EDGE_LOOP('',(#2401,#2402,#2403,#2410));
#2401 = ORIENTED_EDGE('',*,*,#2107,.F.);
#2402 = ORIENTED_EDGE('',*,*,#2238,.T.);
#2403 = ORIENTED_EDGE('',*,*,#2404,.T.);
#2404 = EDGE_CURVE('',#2239,#2125,#2405,.T.);
#2405 = CIRCLE('',#2406,0.18);
#2406 = AXIS2_PLACEMENT_3D('',#2407,#2408,#2409);
#2407 = CARTESIAN_POINT('',(6.82,0.18,10.42));
#2408 = DIRECTION('',(1.,6.123233995737E-17,0.));
#2409 = DIRECTION('',(6.123233995737E-17,-1.,0.));
#2410 = ORIENTED_EDGE('',*,*,#2124,.F.);
#2411 = CYLINDRICAL_SURFACE('',#2412,0.18);
#2412 = AXIS2_PLACEMENT_3D('',#2413,#2414,#2415);
#2413 = CARTESIAN_POINT('',(3.5,0.18,10.42));
#2414 = DIRECTION('',(1.,0.,0.));
#2415 = DIRECTION('',(0.,-1.,0.));
#2416 = ADVANCED_FACE('',(#2417),#2444,.T.);
#2417 = FACE_BOUND('',#2418,.F.);
#2418 = EDGE_LOOP('',(#2419,#2429,#2436,#2437));
#2419 = ORIENTED_EDGE('',*,*,#2420,.F.);
#2420 = EDGE_CURVE('',#2421,#2423,#2425,.T.);
#2421 = VERTEX_POINT('',#2422);
#2422 = CARTESIAN_POINT('',(7.,0.18,0.18));
#2423 = VERTEX_POINT('',#2424);
#2424 = CARTESIAN_POINT('',(7.,0.18,10.42));
#2425 = LINE('',#2426,#2427);
#2426 = CARTESIAN_POINT('',(7.,0.18,0.));
#2427 = VECTOR('',#2428,1.);
#2428 = DIRECTION('',(0.,0.,1.));
#2429 = ORIENTED_EDGE('',*,*,#2430,.T.);
#2430 = EDGE_CURVE('',#2421,#2133,#2431,.T.);
#2431 = CIRCLE('',#2432,0.18);
#2432 = AXIS2_PLACEMENT_3D('',#2433,#2434,#2435);
#2433 = CARTESIAN_POINT('',(6.82,0.18,0.18));
#2434 = DIRECTION('',(0.,0.,-1.));
#2435 = DIRECTION('',(1.,0.,0.));
#2436 = ORIENTED_EDGE('',*,*,#2132,.T.);
#2437 = ORIENTED_EDGE('',*,*,#2438,.F.);
#2438 = EDGE_CURVE('',#2423,#2125,#2439,.T.);
#2439 = CIRCLE('',#2440,0.18);
#2440 = AXIS2_PLACEMENT_3D('',#2441,#2442,#2443);
#2441 = CARTESIAN_POINT('',(6.82,0.18,10.42));
#2442 = DIRECTION('',(0.,0.,-1.));
#2443 = DIRECTION('',(1.,0.,0.));
#2444 = CYLINDRICAL_SURFACE('',#2445,0.18);
#2445 = AXIS2_PLACEMENT_3D('',#2446,#2447,#2448);
#2446 = CARTESIAN_POINT('',(6.82,0.18,0.));
#2447 = DIRECTION('',(0.,0.,1.));
#2448 = DIRECTION('',(1.,0.,0.));
#2449 = ADVANCED_FACE('',(#2450),#2475,.F.);
#2450 = FACE_BOUND('',#2451,.F.);
#2451 = EDGE_LOOP('',(#2452,#2453,#2461,#2469));
#2452 = ORIENTED_EDGE('',*,*,#2148,.T.);
#2453 = ORIENTED_EDGE('',*,*,#2454,.T.);
#2454 = EDGE_CURVE('',#2151,#2455,#2457,.T.);
#2455 = VERTEX_POINT('',#2456);
#2456 = CARTESIAN_POINT('',(6.35,4.3,4.782623792125));
#2457 = LINE('',#2458,#2459);
#2458 = CARTESIAN_POINT('',(6.35,-5.E-02,4.782623792125));
#2459 = VECTOR('',#2460,1.);
#2460 = DIRECTION('',(0.,1.,0.));
#2461 = ORIENTED_EDGE('',*,*,#2462,.T.);
#2462 = EDGE_CURVE('',#2455,#2463,#2465,.T.);
#2463 = VERTEX_POINT('',#2464);
#2464 = CARTESIAN_POINT('',(6.35,4.3,8.1));
#2465 = LINE('',#2466,#2467);
#2466 = CARTESIAN_POINT('',(6.35,4.3,4.));
#2467 = VECTOR('',#2468,1.);
#2468 = DIRECTION('',(0.,0.,1.));
#2469 = ORIENTED_EDGE('',*,*,#2470,.F.);
#2470 = EDGE_CURVE('',#2149,#2463,#2471,.T.);
#2471 = LINE('',#2472,#2473);
#2472 = CARTESIAN_POINT('',(6.35,-5.E-02,8.1));
#2473 = VECTOR('',#2474,1.);
#2474 = DIRECTION('',(0.,1.,0.));
#2475 = PLANE('',#2476);
#2476 = AXIS2_PLACEMENT_3D('',#2477,#2478,#2479);
#2477 = CARTESIAN_POINT('',(6.35,-5.E-02,4.));
#2478 = DIRECTION('',(1.,0.,0.));
#2479 = DIRECTION('',(0.,0.,1.));
#2480 = ADVANCED_FACE('',(#2481),#2500,.F.);
#2481 = FACE_BOUND('',#2482,.F.);
#2482 = EDGE_LOOP('',(#2483,#2492,#2493,#2494));
#2483 = ORIENTED_EDGE('',*,*,#2484,.F.);
#2484 = EDGE_CURVE('',#2455,#2485,#2487,.T.);
#2485 = VERTEX_POINT('',#2486);
#2486 = CARTESIAN_POINT('',(4.15,4.3,4.782623792125));
#2487 = CIRCLE('',#2488,1.35);
#2488 = AXIS2_PLACEMENT_3D('',#2489,#2490,#2491);
#2489 = CARTESIAN_POINT('',(5.25,4.3,4.));
#2490 = DIRECTION('',(0.,1.,0.));
#2491 = DIRECTION('',(0.,0.,1.));
#2492 = ORIENTED_EDGE('',*,*,#2454,.F.);
#2493 = ORIENTED_EDGE('',*,*,#2174,.T.);
#2494 = ORIENTED_EDGE('',*,*,#2495,.T.);
#2495 = EDGE_CURVE('',#2167,#2485,#2496,.T.);
#2496 = LINE('',#2497,#2498);
#2497 = CARTESIAN_POINT('',(4.15,-5.E-02,4.782623792125));
#2498 = VECTOR('',#2499,1.);
#2499 = DIRECTION('',(0.,1.,0.));
#2500 = CYLINDRICAL_SURFACE('',#2501,1.35);
#2501 = AXIS2_PLACEMENT_3D('',#2502,#2503,#2504);
#2502 = CARTESIAN_POINT('',(5.25,-5.E-02,4.));
#2503 = DIRECTION('',(0.,1.,0.));
#2504 = DIRECTION('',(0.,0.,1.));
#2505 = ADVANCED_FACE('',(#2506),#2524,.T.);
#2506 = FACE_BOUND('',#2507,.T.);
#2507 = EDGE_LOOP('',(#2508,#2509,#2510,#2518));
#2508 = ORIENTED_EDGE('',*,*,#2166,.T.);
#2509 = ORIENTED_EDGE('',*,*,#2495,.T.);
#2510 = ORIENTED_EDGE('',*,*,#2511,.T.);
#2511 = EDGE_CURVE('',#2485,#2512,#2514,.T.);
#2512 = VERTEX_POINT('',#2513);
#2513 = CARTESIAN_POINT('',(4.15,4.3,8.1));
#2514 = LINE('',#2515,#2516);
#2515 = CARTESIAN_POINT('',(4.15,4.3,4.));
#2516 = VECTOR('',#2517,1.);
#2517 = DIRECTION('',(0.,0.,1.));
#2518 = ORIENTED_EDGE('',*,*,#2519,.F.);
#2519 = EDGE_CURVE('',#2159,#2512,#2520,.T.);
#2520 = LINE('',#2521,#2522);
#2521 = CARTESIAN_POINT('',(4.15,-5.E-02,8.1));
#2522 = VECTOR('',#2523,1.);
#2523 = DIRECTION('',(0.,1.,0.));
#2524 = PLANE('',#2525);
#2525 = AXIS2_PLACEMENT_3D('',#2526,#2527,#2528);
#2526 = CARTESIAN_POINT('',(4.15,-5.E-02,4.));
#2527 = DIRECTION('',(1.,0.,0.));
#2528 = DIRECTION('',(0.,0.,1.));
#2529 = ADVANCED_FACE('',(#2530),#2541,.F.);
#2530 = FACE_BOUND('',#2531,.F.);
#2531 = EDGE_LOOP('',(#2532,#2533,#2534,#2535));
#2532 = ORIENTED_EDGE('',*,*,#2519,.F.);
#2533 = ORIENTED_EDGE('',*,*,#2158,.T.);
#2534 = ORIENTED_EDGE('',*,*,#2470,.T.);
#2535 = ORIENTED_EDGE('',*,*,#2536,.F.);
#2536 = EDGE_CURVE('',#2512,#2463,#2537,.T.);
#2537 = LINE('',#2538,#2539);
#2538 = CARTESIAN_POINT('',(4.15,4.3,8.1));
#2539 = VECTOR('',#2540,1.);
#2540 = DIRECTION('',(1.,0.,0.));
#2541 = PLANE('',#2542);
#2542 = AXIS2_PLACEMENT_3D('',#2543,#2544,#2545);
#2543 = CARTESIAN_POINT('',(4.15,-5.E-02,8.1));
#2544 = DIRECTION('',(0.,0.,1.));
#2545 = DIRECTION('',(1.,0.,0.));
#2546 = ADVANCED_FACE('',(#2547),#2559,.T.);
#2547 = FACE_BOUND('',#2548,.F.);
#2548 = EDGE_LOOP('',(#2549,#2550,#2551,#2558));
#2549 = ORIENTED_EDGE('',*,*,#2221,.F.);
#2550 = ORIENTED_EDGE('',*,*,#2206,.T.);
#2551 = ORIENTED_EDGE('',*,*,#2552,.T.);
#2552 = EDGE_CURVE('',#2199,#2329,#2553,.T.);
#2553 = CIRCLE('',#2554,0.18);
#2554 = AXIS2_PLACEMENT_3D('',#2555,#2556,#2557);
#2555 = CARTESIAN_POINT('',(6.82,12.32,0.18));
#2556 = DIRECTION('',(1.,-6.123233995737E-17,0.));
#2557 = DIRECTION('',(6.123233995737E-17,1.,0.));
#2558 = ORIENTED_EDGE('',*,*,#2336,.F.);
#2559 = CYLINDRICAL_SURFACE('',#2560,0.18);
#2560 = AXIS2_PLACEMENT_3D('',#2561,#2562,#2563);
#2561 = CARTESIAN_POINT('',(3.5,12.32,0.18));
#2562 = DIRECTION('',(1.,0.,0.));
#2563 = DIRECTION('',(0.,1.,0.));
#2564 = ADVANCED_FACE('',(#2565),#2590,.T.);
#2565 = FACE_BOUND('',#2566,.T.);
#2566 = EDGE_LOOP('',(#2567,#2574,#2575,#2584));
#2567 = ORIENTED_EDGE('',*,*,#2568,.F.);
#2568 = EDGE_CURVE('',#2191,#2421,#2569,.T.);
#2569 = CIRCLE('',#2570,0.18);
#2570 = AXIS2_PLACEMENT_3D('',#2571,#2572,#2573);
#2571 = CARTESIAN_POINT('',(6.82,0.18,0.18));
#2572 = DIRECTION('',(0.,-1.,0.));
#2573 = DIRECTION('',(1.,0.,0.));
#2574 = ORIENTED_EDGE('',*,*,#2198,.T.);
#2575 = ORIENTED_EDGE('',*,*,#2576,.T.);
#2576 = EDGE_CURVE('',#2199,#2577,#2579,.T.);
#2577 = VERTEX_POINT('',#2578);
#2578 = CARTESIAN_POINT('',(7.,12.32,0.18));
#2579 = CIRCLE('',#2580,0.18);
#2580 = AXIS2_PLACEMENT_3D('',#2581,#2582,#2583);
#2581 = CARTESIAN_POINT('',(6.82,12.32,0.18));
#2582 = DIRECTION('',(0.,-1.,0.));
#2583 = DIRECTION('',(1.,0.,0.));
#2584 = ORIENTED_EDGE('',*,*,#2585,.F.);
#2585 = EDGE_CURVE('',#2421,#2577,#2586,.T.);
#2586 = LINE('',#2587,#2588);
#2587 = CARTESIAN_POINT('',(7.,0.,0.18));
#2588 = VECTOR('',#2589,1.);
#2589 = DIRECTION('',(0.,1.,0.));
#2590 = CYLINDRICAL_SURFACE('',#2591,0.18);
#2591 = AXIS2_PLACEMENT_3D('',#2592,#2593,#2594);
#2592 = CARTESIAN_POINT('',(6.82,0.,0.18));
#2593 = DIRECTION('',(0.,1.,0.));
#2594 = DIRECTION('',(1.,0.,0.));
#2595 = ADVANCED_FACE('',(#2596),#2608,.T.);
#2596 = FACE_BOUND('',#2597,.T.);
#2597 = EDGE_LOOP('',(#2598,#2599,#2600,#2607));
#2598 = ORIENTED_EDGE('',*,*,#2303,.T.);
#2599 = ORIENTED_EDGE('',*,*,#2254,.T.);
#2600 = ORIENTED_EDGE('',*,*,#2601,.F.);
#2601 = EDGE_CURVE('',#2321,#2247,#2602,.T.);
#2602 = CIRCLE('',#2603,0.18);
#2603 = AXIS2_PLACEMENT_3D('',#2604,#2605,#2606);
#2604 = CARTESIAN_POINT('',(6.82,12.32,10.42));
#2605 = DIRECTION('',(1.,0.,-6.123233995737E-17));
#2606 = DIRECTION('',(6.123233995737E-17,0.,1.));
#2607 = ORIENTED_EDGE('',*,*,#2320,.F.);
#2608 = CYLINDRICAL_SURFACE('',#2609,0.18);
#2609 = AXIS2_PLACEMENT_3D('',#2610,#2611,#2612);
#2610 = CARTESIAN_POINT('',(3.5,12.32,10.42));
#2611 = DIRECTION('',(1.,0.,0.));
#2612 = DIRECTION('',(0.,1.,0.));
#2613 = ADVANCED_FACE('',(#2614),#2639,.T.);
#2614 = FACE_BOUND('',#2615,.F.);
#2615 = EDGE_LOOP('',(#2616,#2623,#2624,#2633));
#2616 = ORIENTED_EDGE('',*,*,#2617,.F.);
#2617 = EDGE_CURVE('',#2239,#2423,#2618,.T.);
#2618 = CIRCLE('',#2619,0.18);
#2619 = AXIS2_PLACEMENT_3D('',#2620,#2621,#2622);
#2620 = CARTESIAN_POINT('',(6.82,0.18,10.42));
#2621 = DIRECTION('',(-0.,1.,0.));
#2622 = DIRECTION('',(1.,0.,0.));
#2623 = ORIENTED_EDGE('',*,*,#2246,.T.);
#2624 = ORIENTED_EDGE('',*,*,#2625,.F.);
#2625 = EDGE_CURVE('',#2626,#2247,#2628,.T.);
#2626 = VERTEX_POINT('',#2627);
#2627 = CARTESIAN_POINT('',(7.,12.32,10.42));
#2628 = CIRCLE('',#2629,0.18);
#2629 = AXIS2_PLACEMENT_3D('',#2630,#2631,#2632);
#2630 = CARTESIAN_POINT('',(6.82,12.32,10.42));
#2631 = DIRECTION('',(0.,-1.,0.));
#2632 = DIRECTION('',(1.,0.,0.));
#2633 = ORIENTED_EDGE('',*,*,#2634,.F.);
#2634 = EDGE_CURVE('',#2423,#2626,#2635,.T.);
#2635 = LINE('',#2636,#2637);
#2636 = CARTESIAN_POINT('',(7.,0.,10.42));
#2637 = VECTOR('',#2638,1.);
#2638 = DIRECTION('',(0.,1.,0.));
#2639 = CYLINDRICAL_SURFACE('',#2640,0.18);
#2640 = AXIS2_PLACEMENT_3D('',#2641,#2642,#2643);
#2641 = CARTESIAN_POINT('',(6.82,0.,10.42));
#2642 = DIRECTION('',(0.,1.,0.));
#2643 = DIRECTION('',(1.,0.,0.));
#2644 = ADVANCED_FACE('',(#2645),#2670,.T.);
#2645 = FACE_BOUND('',#2646,.T.);
#2646 = EDGE_LOOP('',(#2647,#2655,#2663,#2669));
#2647 = ORIENTED_EDGE('',*,*,#2648,.F.);
#2648 = EDGE_CURVE('',#2649,#2263,#2651,.T.);
#2649 = VERTEX_POINT('',#2650);
#2650 = CARTESIAN_POINT('',(6.66,0.75,8.62));
#2651 = LINE('',#2652,#2653);
#2652 = CARTESIAN_POINT('',(6.66,0.75,8.62));
#2653 = VECTOR('',#2654,1.);
#2654 = DIRECTION('',(0.,0.,1.));
#2655 = ORIENTED_EDGE('',*,*,#2656,.F.);
#2656 = EDGE_CURVE('',#2657,#2649,#2659,.T.);
#2657 = VERTEX_POINT('',#2658);
#2658 = CARTESIAN_POINT('',(3.84,0.75,8.62));
#2659 = LINE('',#2660,#2661);
#2660 = CARTESIAN_POINT('',(3.84,0.75,8.62));
#2661 = VECTOR('',#2662,1.);
#2662 = DIRECTION('',(1.,0.,0.));
#2663 = ORIENTED_EDGE('',*,*,#2664,.T.);
#2664 = EDGE_CURVE('',#2657,#2265,#2665,.T.);
#2665 = LINE('',#2666,#2667);
#2666 = CARTESIAN_POINT('',(3.84,0.75,8.62));
#2667 = VECTOR('',#2668,1.);
#2668 = DIRECTION('',(0.,0.,1.));
#2669 = ORIENTED_EDGE('',*,*,#2262,.F.);
#2670 = PLANE('',#2671);
#2671 = AXIS2_PLACEMENT_3D('',#2672,#2673,#2674);
#2672 = CARTESIAN_POINT('',(3.84,0.75,8.62));
#2673 = DIRECTION('',(0.,1.,0.));
#2674 = DIRECTION('',(0.,0.,1.));
#2675 = ADVANCED_FACE('',(#2676),#2694,.F.);
#2676 = FACE_BOUND('',#2677,.F.);
#2677 = EDGE_LOOP('',(#2678,#2679,#2687,#2693));
#2678 = ORIENTED_EDGE('',*,*,#2648,.F.);
#2679 = ORIENTED_EDGE('',*,*,#2680,.T.);
#2680 = EDGE_CURVE('',#2649,#2681,#2683,.T.);
#2681 = VERTEX_POINT('',#2682);
#2682 = CARTESIAN_POINT('',(6.66,9.5,8.62));
#2683 = LINE('',#2684,#2685);
#2684 = CARTESIAN_POINT('',(6.66,0.75,8.62));
#2685 = VECTOR('',#2686,1.);
#2686 = DIRECTION('',(0.,1.,0.));
#2687 = ORIENTED_EDGE('',*,*,#2688,.T.);
#2688 = EDGE_CURVE('',#2681,#2281,#2689,.T.);
#2689 = LINE('',#2690,#2691);
#2690 = CARTESIAN_POINT('',(6.66,9.5,8.62));
#2691 = VECTOR('',#2692,1.);
#2692 = DIRECTION('',(0.,0.,1.));
#2693 = ORIENTED_EDGE('',*,*,#2288,.F.);
#2694 = PLANE('',#2695);
#2695 = AXIS2_PLACEMENT_3D('',#2696,#2697,#2698);
#2696 = CARTESIAN_POINT('',(6.66,0.75,8.62));
#2697 = DIRECTION('',(1.,0.,0.));
#2698 = DIRECTION('',(0.,0.,1.));
#2699 = ADVANCED_FACE('',(#2700),#2718,.F.);
#2700 = FACE_BOUND('',#2701,.F.);
#2701 = EDGE_LOOP('',(#2702,#2703,#2711,#2717));
#2702 = ORIENTED_EDGE('',*,*,#2688,.F.);
#2703 = ORIENTED_EDGE('',*,*,#2704,.F.);
#2704 = EDGE_CURVE('',#2705,#2681,#2707,.T.);
#2705 = VERTEX_POINT('',#2706);
#2706 = CARTESIAN_POINT('',(3.84,9.5,8.62));
#2707 = LINE('',#2708,#2709);
#2708 = CARTESIAN_POINT('',(3.84,9.5,8.62));
#2709 = VECTOR('',#2710,1.);
#2710 = DIRECTION('',(1.,0.,0.));
#2711 = ORIENTED_EDGE('',*,*,#2712,.T.);
#2712 = EDGE_CURVE('',#2705,#2273,#2713,.T.);
#2713 = LINE('',#2714,#2715);
#2714 = CARTESIAN_POINT('',(3.84,9.5,8.62));
#2715 = VECTOR('',#2716,1.);
#2716 = DIRECTION('',(0.,0.,1.));
#2717 = ORIENTED_EDGE('',*,*,#2280,.F.);
#2718 = PLANE('',#2719);
#2719 = AXIS2_PLACEMENT_3D('',#2720,#2721,#2722);
#2720 = CARTESIAN_POINT('',(3.84,9.5,8.62));
#2721 = DIRECTION('',(0.,1.,0.));
#2722 = DIRECTION('',(0.,0.,1.));
#2723 = ADVANCED_FACE('',(#2724),#2735,.T.);
#2724 = FACE_BOUND('',#2725,.T.);
#2725 = EDGE_LOOP('',(#2726,#2727,#2733,#2734));
#2726 = ORIENTED_EDGE('',*,*,#2664,.F.);
#2727 = ORIENTED_EDGE('',*,*,#2728,.T.);
#2728 = EDGE_CURVE('',#2657,#2705,#2729,.T.);
#2729 = LINE('',#2730,#2731);
#2730 = CARTESIAN_POINT('',(3.84,0.75,8.62));
#2731 = VECTOR('',#2732,1.);
#2732 = DIRECTION('',(0.,1.,0.));
#2733 = ORIENTED_EDGE('',*,*,#2712,.T.);
#2734 = ORIENTED_EDGE('',*,*,#2272,.F.);
#2735 = PLANE('',#2736);
#2736 = AXIS2_PLACEMENT_3D('',#2737,#2738,#2739);
#2737 = CARTESIAN_POINT('',(3.84,0.75,8.62));
#2738 = DIRECTION('',(1.,0.,0.));
#2739 = DIRECTION('',(0.,0.,1.));
#2740 = ADVANCED_FACE('',(#2741),#2764,.T.);
#2741 = FACE_BOUND('',#2742,.T.);
#2742 = EDGE_LOOP('',(#2743,#2749,#2756,#2757));
#2743 = ORIENTED_EDGE('',*,*,#2744,.F.);
#2744 = EDGE_CURVE('',#2577,#2626,#2745,.T.);
#2745 = LINE('',#2746,#2747);
#2746 = CARTESIAN_POINT('',(7.,12.32,0.));
#2747 = VECTOR('',#2748,1.);
#2748 = DIRECTION('',(0.,0.,1.));
#2749 = ORIENTED_EDGE('',*,*,#2750,.T.);
#2750 = EDGE_CURVE('',#2577,#2329,#2751,.T.);
#2751 = CIRCLE('',#2752,0.18);
#2752 = AXIS2_PLACEMENT_3D('',#2753,#2754,#2755);
#2753 = CARTESIAN_POINT('',(6.82,12.32,0.18));
#2754 = DIRECTION('',(0.,0.,1.));
#2755 = DIRECTION('',(1.,0.,0.));
#2756 = ORIENTED_EDGE('',*,*,#2328,.T.);
#2757 = ORIENTED_EDGE('',*,*,#2758,.T.);
#2758 = EDGE_CURVE('',#2321,#2626,#2759,.T.);
#2759 = CIRCLE('',#2760,0.18);
#2760 = AXIS2_PLACEMENT_3D('',#2761,#2762,#2763);
#2761 = CARTESIAN_POINT('',(6.82,12.32,10.42));
#2762 = DIRECTION('',(0.,0.,-1.));
#2763 = DIRECTION('',(1.,0.,0.));
#2764 = CYLINDRICAL_SURFACE('',#2765,0.18);
#2765 = AXIS2_PLACEMENT_3D('',#2766,#2767,#2768);
#2766 = CARTESIAN_POINT('',(6.82,12.32,0.));
#2767 = DIRECTION('',(0.,0.,1.));
#2768 = DIRECTION('',(1.,0.,0.));
#2769 = ADVANCED_FACE('',(#2770),#2795,.F.);
#2770 = FACE_BOUND('',#2771,.F.);
#2771 = EDGE_LOOP('',(#2772,#2780,#2788,#2794));
#2772 = ORIENTED_EDGE('',*,*,#2773,.F.);
#2773 = EDGE_CURVE('',#2774,#2345,#2776,.T.);
#2774 = VERTEX_POINT('',#2775);
#2775 = CARTESIAN_POINT('',(4.025,10.55,9.75));
#2776 = LINE('',#2777,#2778);
#2777 = CARTESIAN_POINT('',(4.025,10.55,9.75));
#2778 = VECTOR('',#2779,1.);
#2779 = DIRECTION('',(0.,1.,0.));
#2780 = ORIENTED_EDGE('',*,*,#2781,.T.);
#2781 = EDGE_CURVE('',#2774,#2782,#2784,.T.);
#2782 = VERTEX_POINT('',#2783);
#2783 = CARTESIAN_POINT('',(6.475,10.55,9.75));
#2784 = LINE('',#2785,#2786);
#2785 = CARTESIAN_POINT('',(4.025,10.55,9.75));
#2786 = VECTOR('',#2787,1.);
#2787 = DIRECTION('',(1.,0.,0.));
#2788 = ORIENTED_EDGE('',*,*,#2789,.T.);
#2789 = EDGE_CURVE('',#2782,#2347,#2790,.T.);
#2790 = LINE('',#2791,#2792);
#2791 = CARTESIAN_POINT('',(6.475,10.55,9.75));
#2792 = VECTOR('',#2793,1.);
#2793 = DIRECTION('',(0.,1.,0.));
#2794 = ORIENTED_EDGE('',*,*,#2344,.F.);
#2795 = PLANE('',#2796);
#2796 = AXIS2_PLACEMENT_3D('',#2797,#2798,#2799);
#2797 = CARTESIAN_POINT('',(4.025,10.55,9.75));
#2798 = DIRECTION('',(0.,0.,1.));
#2799 = DIRECTION('',(1.,0.,0.));
#2800 = ADVANCED_FACE('',(#2801),#2819,.F.);
#2801 = FACE_BOUND('',#2802,.F.);
#2802 = EDGE_LOOP('',(#2803,#2804,#2812,#2818));
#2803 = ORIENTED_EDGE('',*,*,#2789,.F.);
#2804 = ORIENTED_EDGE('',*,*,#2805,.F.);
#2805 = EDGE_CURVE('',#2806,#2782,#2808,.T.);
#2806 = VERTEX_POINT('',#2807);
#2807 = CARTESIAN_POINT('',(6.475,10.55,7.2));
#2808 = LINE('',#2809,#2810);
#2809 = CARTESIAN_POINT('',(6.475,10.55,7.2));
#2810 = VECTOR('',#2811,1.);
#2811 = DIRECTION('',(0.,0.,1.));
#2812 = ORIENTED_EDGE('',*,*,#2813,.T.);
#2813 = EDGE_CURVE('',#2806,#2363,#2814,.T.);
#2814 = LINE('',#2815,#2816);
#2815 = CARTESIAN_POINT('',(6.475,10.55,7.2));
#2816 = VECTOR('',#2817,1.);
#2817 = DIRECTION('',(0.,1.,0.));
#2818 = ORIENTED_EDGE('',*,*,#2370,.F.);
#2819 = PLANE('',#2820);
#2820 = AXIS2_PLACEMENT_3D('',#2821,#2822,#2823);
#2821 = CARTESIAN_POINT('',(6.475,10.55,7.2));
#2822 = DIRECTION('',(1.,0.,0.));
#2823 = DIRECTION('',(0.,0.,1.));
#2824 = ADVANCED_FACE('',(#2825),#2843,.T.);
#2825 = FACE_BOUND('',#2826,.T.);
#2826 = EDGE_LOOP('',(#2827,#2835,#2841,#2842));
#2827 = ORIENTED_EDGE('',*,*,#2828,.F.);
#2828 = EDGE_CURVE('',#2829,#2355,#2831,.T.);
#2829 = VERTEX_POINT('',#2830);
#2830 = CARTESIAN_POINT('',(4.025,10.55,7.2));
#2831 = LINE('',#2832,#2833);
#2832 = CARTESIAN_POINT('',(4.025,10.55,7.2));
#2833 = VECTOR('',#2834,1.);
#2834 = DIRECTION('',(0.,1.,0.));
#2835 = ORIENTED_EDGE('',*,*,#2836,.T.);
#2836 = EDGE_CURVE('',#2829,#2806,#2837,.T.);
#2837 = LINE('',#2838,#2839);
#2838 = CARTESIAN_POINT('',(4.025,10.55,7.2));
#2839 = VECTOR('',#2840,1.);
#2840 = DIRECTION('',(1.,0.,0.));
#2841 = ORIENTED_EDGE('',*,*,#2813,.T.);
#2842 = ORIENTED_EDGE('',*,*,#2362,.F.);
#2843 = PLANE('',#2844);
#2844 = AXIS2_PLACEMENT_3D('',#2845,#2846,#2847);
#2845 = CARTESIAN_POINT('',(4.025,10.55,7.2));
#2846 = DIRECTION('',(0.,0.,1.));
#2847 = DIRECTION('',(1.,0.,0.));
#2848 = ADVANCED_FACE('',(#2849),#2860,.T.);
#2849 = FACE_BOUND('',#2850,.T.);
#2850 = EDGE_LOOP('',(#2851,#2852,#2858,#2859));
#2851 = ORIENTED_EDGE('',*,*,#2773,.F.);
#2852 = ORIENTED_EDGE('',*,*,#2853,.F.);
#2853 = EDGE_CURVE('',#2829,#2774,#2854,.T.);
#2854 = LINE('',#2855,#2856);
#2855 = CARTESIAN_POINT('',(4.025,10.55,7.2));
#2856 = VECTOR('',#2857,1.);
#2857 = DIRECTION('',(0.,0.,1.));
#2858 = ORIENTED_EDGE('',*,*,#2828,.T.);
#2859 = ORIENTED_EDGE('',*,*,#2354,.F.);
#2860 = PLANE('',#2861);
#2861 = AXIS2_PLACEMENT_3D('',#2862,#2863,#2864);
#2862 = CARTESIAN_POINT('',(4.025,10.55,7.2));
#2863 = DIRECTION('',(1.,0.,0.));
#2864 = DIRECTION('',(0.,0.,1.));
#2865 = ADVANCED_FACE('',(#2866),#2871,.T.);
#2866 = FACE_BOUND('',#2867,.F.);
#2867 = EDGE_LOOP('',(#2868,#2869,#2870));
#2868 = ORIENTED_EDGE('',*,*,#2568,.F.);
#2869 = ORIENTED_EDGE('',*,*,#2386,.T.);
#2870 = ORIENTED_EDGE('',*,*,#2430,.F.);
#2871 = SPHERICAL_SURFACE('',#2872,0.18);
#2872 = AXIS2_PLACEMENT_3D('',#2873,#2874,#2875);
#2873 = CARTESIAN_POINT('',(6.82,0.18,0.18));
#2874 = DIRECTION('',(0.,0.,1.));
#2875 = DIRECTION('',(1.,0.,0.));
#2876 = ADVANCED_FACE('',(#2877),#2882,.T.);
#2877 = FACE_BOUND('',#2878,.T.);
#2878 = EDGE_LOOP('',(#2879,#2880,#2881));
#2879 = ORIENTED_EDGE('',*,*,#2617,.F.);
#2880 = ORIENTED_EDGE('',*,*,#2404,.T.);
#2881 = ORIENTED_EDGE('',*,*,#2438,.F.);
#2882 = SPHERICAL_SURFACE('',#2883,0.18);
#2883 = AXIS2_PLACEMENT_3D('',#2884,#2885,#2886);
#2884 = CARTESIAN_POINT('',(6.82,0.18,10.42));
#2885 = DIRECTION('',(-0.,-0.,-1.));
#2886 = DIRECTION('',(1.,0.,0.));
#2887 = ADVANCED_FACE('',(#2888),#2894,.T.);
#2888 = FACE_BOUND('',#2889,.T.);
#2889 = EDGE_LOOP('',(#2890,#2891,#2892,#2893));
#2890 = ORIENTED_EDGE('',*,*,#2420,.F.);
#2891 = ORIENTED_EDGE('',*,*,#2585,.T.);
#2892 = ORIENTED_EDGE('',*,*,#2744,.T.);
#2893 = ORIENTED_EDGE('',*,*,#2634,.F.);
#2894 = PLANE('',#2895);
#2895 = AXIS2_PLACEMENT_3D('',#2896,#2897,#2898);
#2896 = CARTESIAN_POINT('',(7.,0.,0.));
#2897 = DIRECTION('',(1.,0.,0.));
#2898 = DIRECTION('',(0.,0.,1.));
#2899 = ADVANCED_FACE('',(#2900),#2905,.T.);
#2900 = FACE_BOUND('',#2901,.T.);
#2901 = EDGE_LOOP('',(#2902,#2903,#2904));
#2902 = ORIENTED_EDGE('',*,*,#2576,.F.);
#2903 = ORIENTED_EDGE('',*,*,#2552,.T.);
#2904 = ORIENTED_EDGE('',*,*,#2750,.F.);
#2905 = SPHERICAL_SURFACE('',#2906,0.18);
#2906 = AXIS2_PLACEMENT_3D('',#2907,#2908,#2909);
#2907 = CARTESIAN_POINT('',(6.82,12.32,0.18));
#2908 = DIRECTION('',(0.,0.,1.));
#2909 = DIRECTION('',(1.,0.,0.));
#2910 = ADVANCED_FACE('',(#2911),#2916,.T.);
#2911 = FACE_BOUND('',#2912,.T.);
#2912 = EDGE_LOOP('',(#2913,#2914,#2915));
#2913 = ORIENTED_EDGE('',*,*,#2758,.F.);
#2914 = ORIENTED_EDGE('',*,*,#2601,.T.);
#2915 = ORIENTED_EDGE('',*,*,#2625,.F.);
#2916 = SPHERICAL_SURFACE('',#2917,0.18);
#2917 = AXIS2_PLACEMENT_3D('',#2918,#2919,#2920);
#2918 = CARTESIAN_POINT('',(6.82,12.32,10.42));
#2919 = DIRECTION('',(0.,-1.,0.));
#2920 = DIRECTION('',(1.,0.,0.));
#2921 = ADVANCED_FACE('',(#2922),#2928,.T.);
#2922 = FACE_BOUND('',#2923,.T.);
#2923 = EDGE_LOOP('',(#2924,#2925,#2926,#2927));
#2924 = ORIENTED_EDGE('',*,*,#2728,.F.);
#2925 = ORIENTED_EDGE('',*,*,#2656,.T.);
#2926 = ORIENTED_EDGE('',*,*,#2680,.T.);
#2927 = ORIENTED_EDGE('',*,*,#2704,.F.);
#2928 = PLANE('',#2929);
#2929 = AXIS2_PLACEMENT_3D('',#2930,#2931,#2932);
#2930 = CARTESIAN_POINT('',(3.84,0.75,8.62));
#2931 = DIRECTION('',(0.,0.,1.));
#2932 = DIRECTION('',(1.,0.,0.));
#2933 = ADVANCED_FACE('',(#2934),#2940,.T.);
#2934 = FACE_BOUND('',#2935,.T.);
#2935 = EDGE_LOOP('',(#2936,#2937,#2938,#2939));
#2936 = ORIENTED_EDGE('',*,*,#2836,.F.);
#2937 = ORIENTED_EDGE('',*,*,#2853,.T.);
#2938 = ORIENTED_EDGE('',*,*,#2781,.T.);
#2939 = ORIENTED_EDGE('',*,*,#2805,.F.);
#2940 = PLANE('',#2941);
#2941 = AXIS2_PLACEMENT_3D('',#2942,#2943,#2944);
#2942 = CARTESIAN_POINT('',(4.025,10.55,7.2));
#2943 = DIRECTION('',(0.,1.,0.));
#2944 = DIRECTION('',(0.,0.,1.));
#2945 = ADVANCED_FACE('',(#2946),#2952,.T.);
#2946 = FACE_BOUND('',#2947,.T.);
#2947 = EDGE_LOOP('',(#2948,#2949,#2950,#2951));
#2948 = ORIENTED_EDGE('',*,*,#2462,.T.);
#2949 = ORIENTED_EDGE('',*,*,#2536,.F.);
#2950 = ORIENTED_EDGE('',*,*,#2511,.F.);
#2951 = ORIENTED_EDGE('',*,*,#2484,.F.);
#2952 = PLANE('',#2953);
#2953 = AXIS2_PLACEMENT_3D('',#2954,#2955,#2956);
#2954 = CARTESIAN_POINT('',(5.25,4.3,5.616030404352));
#2955 = DIRECTION('',(-0.,-1.,-0.));
#2956 = DIRECTION('',(0.,0.,-1.));
#2957 = MANIFOLD_SOLID_BREP('',#2958);
#2958 = CLOSED_SHELL('',(#2959,#2999,#3062,#3116,#3147,#3178,#3202,#3226
    ,#3243,#3255,#3284,#3313));
#2959 = ADVANCED_FACE('',(#2960),#2994,.F.);
#2960 = FACE_BOUND('',#2961,.F.);
#2961 = EDGE_LOOP('',(#2962,#2972,#2980,#2988));
#2962 = ORIENTED_EDGE('',*,*,#2963,.F.);
#2963 = EDGE_CURVE('',#2964,#2966,#2968,.T.);
#2964 = VERTEX_POINT('',#2965);
#2965 = CARTESIAN_POINT('',(6.6,2.15,9.72));
#2966 = VERTEX_POINT('',#2967);
#2967 = CARTESIAN_POINT('',(6.6,2.15,10.47));
#2968 = LINE('',#2969,#2970);
#2969 = CARTESIAN_POINT('',(6.6,2.15,9.72));
#2970 = VECTOR('',#2971,1.);
#2971 = DIRECTION('',(0.,0.,1.));
#2972 = ORIENTED_EDGE('',*,*,#2973,.F.);
#2973 = EDGE_CURVE('',#2974,#2964,#2976,.T.);
#2974 = VERTEX_POINT('',#2975);
#2975 = CARTESIAN_POINT('',(3.9,2.15,9.72));
#2976 = LINE('',#2977,#2978);
#2977 = CARTESIAN_POINT('',(3.9,2.15,9.72));
#2978 = VECTOR('',#2979,1.);
#2979 = DIRECTION('',(1.,0.,0.));
#2980 = ORIENTED_EDGE('',*,*,#2981,.T.);
#2981 = EDGE_CURVE('',#2974,#2982,#2984,.T.);
#2982 = VERTEX_POINT('',#2983);
#2983 = CARTESIAN_POINT('',(3.9,2.15,10.47));
#2984 = LINE('',#2985,#2986);
#2985 = CARTESIAN_POINT('',(3.9,2.15,9.72));
#2986 = VECTOR('',#2987,1.);
#2987 = DIRECTION('',(0.,0.,1.));
#2988 = ORIENTED_EDGE('',*,*,#2989,.T.);
#2989 = EDGE_CURVE('',#2982,#2966,#2990,.T.);
#2990 = LINE('',#2991,#2992);
#2991 = CARTESIAN_POINT('',(3.87,2.15,10.47));
#2992 = VECTOR('',#2993,1.);
#2993 = DIRECTION('',(1.,0.,0.));
#2994 = PLANE('',#2995);
#2995 = AXIS2_PLACEMENT_3D('',#2996,#2997,#2998);
#2996 = CARTESIAN_POINT('',(3.9,2.15,9.72));
#2997 = DIRECTION('',(0.,1.,0.));
#2998 = DIRECTION('',(0.,0.,1.));
#2999 = ADVANCED_FACE('',(#3000),#3057,.F.);
#3000 = FACE_BOUND('',#3001,.F.);
#3001 = EDGE_LOOP('',(#3002,#3012,#3020,#3028,#3036,#3044,#3050,#3051));
#3002 = ORIENTED_EDGE('',*,*,#3003,.F.);
#3003 = EDGE_CURVE('',#3004,#3006,#3008,.T.);
#3004 = VERTEX_POINT('',#3005);
#3005 = CARTESIAN_POINT('',(3.84,4.15,10.47));
#3006 = VERTEX_POINT('',#3007);
#3007 = CARTESIAN_POINT('',(3.9,4.15,10.47));
#3008 = LINE('',#3009,#3010);
#3009 = CARTESIAN_POINT('',(3.84,4.15,10.47));
#3010 = VECTOR('',#3011,1.);
#3011 = DIRECTION('',(1.,0.,0.));
#3012 = ORIENTED_EDGE('',*,*,#3013,.F.);
#3013 = EDGE_CURVE('',#3014,#3004,#3016,.T.);
#3014 = VERTEX_POINT('',#3015);
#3015 = CARTESIAN_POINT('',(3.84,2.,10.47));
#3016 = LINE('',#3017,#3018);
#3017 = CARTESIAN_POINT('',(3.84,2.,10.47));
#3018 = VECTOR('',#3019,1.);
#3019 = DIRECTION('',(0.,1.,0.));
#3020 = ORIENTED_EDGE('',*,*,#3021,.T.);
#3021 = EDGE_CURVE('',#3014,#3022,#3024,.T.);
#3022 = VERTEX_POINT('',#3023);
#3023 = CARTESIAN_POINT('',(6.66,2.,10.47));
#3024 = LINE('',#3025,#3026);
#3025 = CARTESIAN_POINT('',(3.84,2.,10.47));
#3026 = VECTOR('',#3027,1.);
#3027 = DIRECTION('',(1.,0.,0.));
#3028 = ORIENTED_EDGE('',*,*,#3029,.T.);
#3029 = EDGE_CURVE('',#3022,#3030,#3032,.T.);
#3030 = VERTEX_POINT('',#3031);
#3031 = CARTESIAN_POINT('',(6.66,4.15,10.47));
#3032 = LINE('',#3033,#3034);
#3033 = CARTESIAN_POINT('',(6.66,2.,10.47));
#3034 = VECTOR('',#3035,1.);
#3035 = DIRECTION('',(0.,1.,0.));
#3036 = ORIENTED_EDGE('',*,*,#3037,.F.);
#3037 = EDGE_CURVE('',#3038,#3030,#3040,.T.);
#3038 = VERTEX_POINT('',#3039);
#3039 = CARTESIAN_POINT('',(6.6,4.15,10.47));
#3040 = LINE('',#3041,#3042);
#3041 = CARTESIAN_POINT('',(3.84,4.15,10.47));
#3042 = VECTOR('',#3043,1.);
#3043 = DIRECTION('',(1.,0.,0.));
#3044 = ORIENTED_EDGE('',*,*,#3045,.T.);
#3045 = EDGE_CURVE('',#3038,#2966,#3046,.T.);
#3046 = LINE('',#3047,#3048);
#3047 = CARTESIAN_POINT('',(6.6,2.075,10.47));
#3048 = VECTOR('',#3049,1.);
#3049 = DIRECTION('',(0.,-1.,0.));
#3050 = ORIENTED_EDGE('',*,*,#2989,.F.);
#3051 = ORIENTED_EDGE('',*,*,#3052,.F.);
#3052 = EDGE_CURVE('',#3006,#2982,#3053,.T.);
#3053 = LINE('',#3054,#3055);
#3054 = CARTESIAN_POINT('',(3.9,2.075,10.47));
#3055 = VECTOR('',#3056,1.);
#3056 = DIRECTION('',(0.,-1.,0.));
#3057 = PLANE('',#3058);
#3058 = AXIS2_PLACEMENT_3D('',#3059,#3060,#3061);
#3059 = CARTESIAN_POINT('',(3.84,2.,10.47));
#3060 = DIRECTION('',(0.,0.,1.));
#3061 = DIRECTION('',(1.,0.,0.));
#3062 = ADVANCED_FACE('',(#3063),#3111,.T.);
#3063 = FACE_BOUND('',#3064,.T.);
#3064 = EDGE_LOOP('',(#3065,#3066,#3074,#3082,#3088,#3089,#3097,#3105));
#3065 = ORIENTED_EDGE('',*,*,#3003,.F.);
#3066 = ORIENTED_EDGE('',*,*,#3067,.T.);
#3067 = EDGE_CURVE('',#3004,#3068,#3070,.T.);
#3068 = VERTEX_POINT('',#3069);
#3069 = CARTESIAN_POINT('',(3.84,4.15,10.92));
#3070 = LINE('',#3071,#3072);
#3071 = CARTESIAN_POINT('',(3.84,4.15,10.47));
#3072 = VECTOR('',#3073,1.);
#3073 = DIRECTION('',(0.,0.,1.));
#3074 = ORIENTED_EDGE('',*,*,#3075,.T.);
#3075 = EDGE_CURVE('',#3068,#3076,#3078,.T.);
#3076 = VERTEX_POINT('',#3077);
#3077 = CARTESIAN_POINT('',(6.66,4.15,10.92));
#3078 = LINE('',#3079,#3080);
#3079 = CARTESIAN_POINT('',(3.84,4.15,10.92));
#3080 = VECTOR('',#3081,1.);
#3081 = DIRECTION('',(1.,0.,0.));
#3082 = ORIENTED_EDGE('',*,*,#3083,.F.);
#3083 = EDGE_CURVE('',#3030,#3076,#3084,.T.);
#3084 = LINE('',#3085,#3086);
#3085 = CARTESIAN_POINT('',(6.66,4.15,10.47));
#3086 = VECTOR('',#3087,1.);
#3087 = DIRECTION('',(0.,0.,1.));
#3088 = ORIENTED_EDGE('',*,*,#3037,.F.);
#3089 = ORIENTED_EDGE('',*,*,#3090,.T.);
#3090 = EDGE_CURVE('',#3038,#3091,#3093,.T.);
#3091 = VERTEX_POINT('',#3092);
#3092 = CARTESIAN_POINT('',(6.6,4.15,10.72));
#3093 = LINE('',#3094,#3095);
#3094 = CARTESIAN_POINT('',(6.6,4.15,10.095));
#3095 = VECTOR('',#3096,1.);
#3096 = DIRECTION('',(0.,0.,1.));
#3097 = ORIENTED_EDGE('',*,*,#3098,.T.);
#3098 = EDGE_CURVE('',#3091,#3099,#3101,.T.);
#3099 = VERTEX_POINT('',#3100);
#3100 = CARTESIAN_POINT('',(3.9,4.15,10.72));
#3101 = LINE('',#3102,#3103);
#3102 = CARTESIAN_POINT('',(3.87,4.15,10.72));
#3103 = VECTOR('',#3104,1.);
#3104 = DIRECTION('',(-1.,0.,0.));
#3105 = ORIENTED_EDGE('',*,*,#3106,.F.);
#3106 = EDGE_CURVE('',#3006,#3099,#3107,.T.);
#3107 = LINE('',#3108,#3109);
#3108 = CARTESIAN_POINT('',(3.9,4.15,10.095));
#3109 = VECTOR('',#3110,1.);
#3110 = DIRECTION('',(0.,0.,1.));
#3111 = PLANE('',#3112);
#3112 = AXIS2_PLACEMENT_3D('',#3113,#3114,#3115);
#3113 = CARTESIAN_POINT('',(3.84,4.15,10.47));
#3114 = DIRECTION('',(0.,1.,0.));
#3115 = DIRECTION('',(0.,0.,1.));
#3116 = ADVANCED_FACE('',(#3117),#3142,.T.);
#3117 = FACE_BOUND('',#3118,.T.);
#3118 = EDGE_LOOP('',(#3119,#3127,#3128,#3136));
#3119 = ORIENTED_EDGE('',*,*,#3120,.F.);
#3120 = EDGE_CURVE('',#3099,#3121,#3123,.T.);
#3121 = VERTEX_POINT('',#3122);
#3122 = CARTESIAN_POINT('',(3.9,9.156061230866,10.72));
#3123 = LINE('',#3124,#3125);
#3124 = CARTESIAN_POINT('',(3.9,2.15,10.72));
#3125 = VECTOR('',#3126,1.);
#3126 = DIRECTION('',(0.,1.,0.));
#3127 = ORIENTED_EDGE('',*,*,#3098,.F.);
#3128 = ORIENTED_EDGE('',*,*,#3129,.T.);
#3129 = EDGE_CURVE('',#3091,#3130,#3132,.T.);
#3130 = VERTEX_POINT('',#3131);
#3131 = CARTESIAN_POINT('',(6.6,9.156061230866,10.72));
#3132 = LINE('',#3133,#3134);
#3133 = CARTESIAN_POINT('',(6.6,2.15,10.72));
#3134 = VECTOR('',#3135,1.);
#3135 = DIRECTION('',(0.,1.,0.));
#3136 = ORIENTED_EDGE('',*,*,#3137,.F.);
#3137 = EDGE_CURVE('',#3121,#3130,#3138,.T.);
#3138 = LINE('',#3139,#3140);
#3139 = CARTESIAN_POINT('',(3.9,9.156061230866,10.72));
#3140 = VECTOR('',#3141,1.);
#3141 = DIRECTION('',(1.,0.,0.));
#3142 = PLANE('',#3143);
#3143 = AXIS2_PLACEMENT_3D('',#3144,#3145,#3146);
#3144 = CARTESIAN_POINT('',(3.9,2.15,10.72));
#3145 = DIRECTION('',(0.,0.,1.));
#3146 = DIRECTION('',(1.,0.,0.));
#3147 = ADVANCED_FACE('',(#3148),#3173,.F.);
#3148 = FACE_BOUND('',#3149,.F.);
#3149 = EDGE_LOOP('',(#3150,#3158,#3159,#3167));
#3150 = ORIENTED_EDGE('',*,*,#3151,.F.);
#3151 = EDGE_CURVE('',#2974,#3152,#3154,.T.);
#3152 = VERTEX_POINT('',#3153);
#3153 = CARTESIAN_POINT('',(3.9,9.156061230866,9.72));
#3154 = LINE('',#3155,#3156);
#3155 = CARTESIAN_POINT('',(3.9,2.15,9.72));
#3156 = VECTOR('',#3157,1.);
#3157 = DIRECTION('',(0.,1.,0.));
#3158 = ORIENTED_EDGE('',*,*,#2973,.T.);
#3159 = ORIENTED_EDGE('',*,*,#3160,.T.);
#3160 = EDGE_CURVE('',#2964,#3161,#3163,.T.);
#3161 = VERTEX_POINT('',#3162);
#3162 = CARTESIAN_POINT('',(6.6,9.156061230866,9.72));
#3163 = LINE('',#3164,#3165);
#3164 = CARTESIAN_POINT('',(6.6,2.15,9.72));
#3165 = VECTOR('',#3166,1.);
#3166 = DIRECTION('',(0.,1.,0.));
#3167 = ORIENTED_EDGE('',*,*,#3168,.F.);
#3168 = EDGE_CURVE('',#3152,#3161,#3169,.T.);
#3169 = LINE('',#3170,#3171);
#3170 = CARTESIAN_POINT('',(3.9,9.156061230866,9.72));
#3171 = VECTOR('',#3172,1.);
#3172 = DIRECTION('',(1.,0.,0.));
#3173 = PLANE('',#3174);
#3174 = AXIS2_PLACEMENT_3D('',#3175,#3176,#3177);
#3175 = CARTESIAN_POINT('',(3.9,2.15,9.72));
#3176 = DIRECTION('',(0.,0.,1.));
#3177 = DIRECTION('',(1.,0.,0.));
#3178 = ADVANCED_FACE('',(#3179),#3197,.T.);
#3179 = FACE_BOUND('',#3180,.T.);
#3180 = EDGE_LOOP('',(#3181,#3189,#3190,#3191));
#3181 = ORIENTED_EDGE('',*,*,#3182,.F.);
#3182 = EDGE_CURVE('',#3022,#3183,#3185,.T.);
#3183 = VERTEX_POINT('',#3184);
#3184 = CARTESIAN_POINT('',(6.66,2.,10.92));
#3185 = LINE('',#3186,#3187);
#3186 = CARTESIAN_POINT('',(6.66,2.,10.47));
#3187 = VECTOR('',#3188,1.);
#3188 = DIRECTION('',(0.,0.,1.));
#3189 = ORIENTED_EDGE('',*,*,#3029,.T.);
#3190 = ORIENTED_EDGE('',*,*,#3083,.T.);
#3191 = ORIENTED_EDGE('',*,*,#3192,.F.);
#3192 = EDGE_CURVE('',#3183,#3076,#3193,.T.);
#3193 = LINE('',#3194,#3195);
#3194 = CARTESIAN_POINT('',(6.66,2.,10.92));
#3195 = VECTOR('',#3196,1.);
#3196 = DIRECTION('',(0.,1.,0.));
#3197 = PLANE('',#3198);
#3198 = AXIS2_PLACEMENT_3D('',#3199,#3200,#3201);
#3199 = CARTESIAN_POINT('',(6.66,2.,10.47));
#3200 = DIRECTION('',(1.,0.,0.));
#3201 = DIRECTION('',(0.,0.,1.));
#3202 = ADVANCED_FACE('',(#3203),#3221,.F.);
#3203 = FACE_BOUND('',#3204,.F.);
#3204 = EDGE_LOOP('',(#3205,#3206,#3214,#3220));
#3205 = ORIENTED_EDGE('',*,*,#3021,.F.);
#3206 = ORIENTED_EDGE('',*,*,#3207,.T.);
#3207 = EDGE_CURVE('',#3014,#3208,#3210,.T.);
#3208 = VERTEX_POINT('',#3209);
#3209 = CARTESIAN_POINT('',(3.84,2.,10.92));
#3210 = LINE('',#3211,#3212);
#3211 = CARTESIAN_POINT('',(3.84,2.,10.47));
#3212 = VECTOR('',#3213,1.);
#3213 = DIRECTION('',(0.,0.,1.));
#3214 = ORIENTED_EDGE('',*,*,#3215,.T.);
#3215 = EDGE_CURVE('',#3208,#3183,#3216,.T.);
#3216 = LINE('',#3217,#3218);
#3217 = CARTESIAN_POINT('',(3.84,2.,10.92));
#3218 = VECTOR('',#3219,1.);
#3219 = DIRECTION('',(1.,0.,0.));
#3220 = ORIENTED_EDGE('',*,*,#3182,.F.);
#3221 = PLANE('',#3222);
#3222 = AXIS2_PLACEMENT_3D('',#3223,#3224,#3225);
#3223 = CARTESIAN_POINT('',(3.84,2.,10.47));
#3224 = DIRECTION('',(0.,1.,0.));
#3225 = DIRECTION('',(0.,0.,1.));
#3226 = ADVANCED_FACE('',(#3227),#3238,.F.);
#3227 = FACE_BOUND('',#3228,.F.);
#3228 = EDGE_LOOP('',(#3229,#3230,#3231,#3232));
#3229 = ORIENTED_EDGE('',*,*,#3207,.F.);
#3230 = ORIENTED_EDGE('',*,*,#3013,.T.);
#3231 = ORIENTED_EDGE('',*,*,#3067,.T.);
#3232 = ORIENTED_EDGE('',*,*,#3233,.F.);
#3233 = EDGE_CURVE('',#3208,#3068,#3234,.T.);
#3234 = LINE('',#3235,#3236);
#3235 = CARTESIAN_POINT('',(3.84,2.,10.92));
#3236 = VECTOR('',#3237,1.);
#3237 = DIRECTION('',(0.,1.,0.));
#3238 = PLANE('',#3239);
#3239 = AXIS2_PLACEMENT_3D('',#3240,#3241,#3242);
#3240 = CARTESIAN_POINT('',(3.84,2.,10.47));
#3241 = DIRECTION('',(1.,0.,0.));
#3242 = DIRECTION('',(0.,0.,1.));
#3243 = ADVANCED_FACE('',(#3244),#3250,.T.);
#3244 = FACE_BOUND('',#3245,.T.);
#3245 = EDGE_LOOP('',(#3246,#3247,#3248,#3249));
#3246 = ORIENTED_EDGE('',*,*,#3233,.F.);
#3247 = ORIENTED_EDGE('',*,*,#3215,.T.);
#3248 = ORIENTED_EDGE('',*,*,#3192,.T.);
#3249 = ORIENTED_EDGE('',*,*,#3075,.F.);
#3250 = PLANE('',#3251);
#3251 = AXIS2_PLACEMENT_3D('',#3252,#3253,#3254);
#3252 = CARTESIAN_POINT('',(3.84,2.,10.92));
#3253 = DIRECTION('',(0.,0.,1.));
#3254 = DIRECTION('',(1.,0.,0.));
#3255 = ADVANCED_FACE('',(#3256),#3279,.T.);
#3256 = FACE_BOUND('',#3257,.T.);
#3257 = EDGE_LOOP('',(#3258,#3259,#3260,#3261,#3262,#3271,#3278));
#3258 = ORIENTED_EDGE('',*,*,#2981,.T.);
#3259 = ORIENTED_EDGE('',*,*,#3052,.F.);
#3260 = ORIENTED_EDGE('',*,*,#3106,.T.);
#3261 = ORIENTED_EDGE('',*,*,#3120,.T.);
#3262 = ORIENTED_EDGE('',*,*,#3263,.F.);
#3263 = EDGE_CURVE('',#3264,#3121,#3266,.T.);
#3264 = VERTEX_POINT('',#3265);
#3265 = CARTESIAN_POINT('',(3.9,9.45,10.8));
#3266 = CIRCLE('',#3267,0.58);
#3267 = AXIS2_PLACEMENT_3D('',#3268,#3269,#3270);
#3268 = CARTESIAN_POINT('',(3.9,9.45,10.22));
#3269 = DIRECTION('',(1.,0.,-0.));
#3270 = DIRECTION('',(0.,0.,1.));
#3271 = ORIENTED_EDGE('',*,*,#3272,.F.);
#3272 = EDGE_CURVE('',#3152,#3264,#3273,.T.);
#3273 = CIRCLE('',#3274,0.58);
#3274 = AXIS2_PLACEMENT_3D('',#3275,#3276,#3277);
#3275 = CARTESIAN_POINT('',(3.9,9.45,10.22));
#3276 = DIRECTION('',(1.,0.,-0.));
#3277 = DIRECTION('',(0.,0.,1.));
#3278 = ORIENTED_EDGE('',*,*,#3151,.F.);
#3279 = PLANE('',#3280);
#3280 = AXIS2_PLACEMENT_3D('',#3281,#3282,#3283);
#3281 = CARTESIAN_POINT('',(3.9,6.012468051451,10.192880177625));
#3282 = DIRECTION('',(-1.,-0.,-0.));
#3283 = DIRECTION('',(0.,0.,-1.));
#3284 = ADVANCED_FACE('',(#3285),#3308,.T.);
#3285 = FACE_BOUND('',#3286,.T.);
#3286 = EDGE_LOOP('',(#3287,#3288,#3289,#3298,#3305,#3306,#3307));
#3287 = ORIENTED_EDGE('',*,*,#2963,.F.);
#3288 = ORIENTED_EDGE('',*,*,#3160,.T.);
#3289 = ORIENTED_EDGE('',*,*,#3290,.T.);
#3290 = EDGE_CURVE('',#3161,#3291,#3293,.T.);
#3291 = VERTEX_POINT('',#3292);
#3292 = CARTESIAN_POINT('',(6.6,9.45,10.8));
#3293 = CIRCLE('',#3294,0.58);
#3294 = AXIS2_PLACEMENT_3D('',#3295,#3296,#3297);
#3295 = CARTESIAN_POINT('',(6.6,9.45,10.22));
#3296 = DIRECTION('',(1.,0.,-0.));
#3297 = DIRECTION('',(0.,0.,1.));
#3298 = ORIENTED_EDGE('',*,*,#3299,.T.);
#3299 = EDGE_CURVE('',#3291,#3130,#3300,.T.);
#3300 = CIRCLE('',#3301,0.58);
#3301 = AXIS2_PLACEMENT_3D('',#3302,#3303,#3304);
#3302 = CARTESIAN_POINT('',(6.6,9.45,10.22));
#3303 = DIRECTION('',(1.,0.,-0.));
#3304 = DIRECTION('',(0.,0.,1.));
#3305 = ORIENTED_EDGE('',*,*,#3129,.F.);
#3306 = ORIENTED_EDGE('',*,*,#3090,.F.);
#3307 = ORIENTED_EDGE('',*,*,#3045,.T.);
#3308 = PLANE('',#3309);
#3309 = AXIS2_PLACEMENT_3D('',#3310,#3311,#3312);
#3310 = CARTESIAN_POINT('',(6.6,6.012468051451,10.192880177625));
#3311 = DIRECTION('',(1.,0.,0.));
#3312 = DIRECTION('',(0.,0.,1.));
#3313 = ADVANCED_FACE('',(#3314),#3322,.T.);
#3314 = FACE_BOUND('',#3315,.T.);
#3315 = EDGE_LOOP('',(#3316,#3317,#3318,#3319,#3320,#3321));
#3316 = ORIENTED_EDGE('',*,*,#3290,.F.);
#3317 = ORIENTED_EDGE('',*,*,#3168,.F.);
#3318 = ORIENTED_EDGE('',*,*,#3272,.T.);
#3319 = ORIENTED_EDGE('',*,*,#3263,.T.);
#3320 = ORIENTED_EDGE('',*,*,#3137,.T.);
#3321 = ORIENTED_EDGE('',*,*,#3299,.F.);
#3322 = CYLINDRICAL_SURFACE('',#3323,0.58);
#3323 = AXIS2_PLACEMENT_3D('',#3324,#3325,#3326);
#3324 = CARTESIAN_POINT('',(3.9,9.45,10.22));
#3325 = DIRECTION('',(1.,0.,0.));
#3326 = DIRECTION('',(0.,0.,1.));
#3327 = MANIFOLD_SOLID_BREP('',#3328);
#3328 = CLOSED_SHELL('',(#3329,#3369,#3409,#3431,#3453,#3465));
#3329 = ADVANCED_FACE('',(#3330),#3364,.F.);
#3330 = FACE_BOUND('',#3331,.F.);
#3331 = EDGE_LOOP('',(#3332,#3342,#3350,#3358));
#3332 = ORIENTED_EDGE('',*,*,#3333,.F.);
#3333 = EDGE_CURVE('',#3334,#3336,#3338,.T.);
#3334 = VERTEX_POINT('',#3335);
#3335 = CARTESIAN_POINT('',(4.85,3.05,-3.5));
#3336 = VERTEX_POINT('',#3337);
#3337 = CARTESIAN_POINT('',(4.85,3.05,0.));
#3338 = LINE('',#3339,#3340);
#3339 = CARTESIAN_POINT('',(4.85,3.05,-3.5));
#3340 = VECTOR('',#3341,1.);
#3341 = DIRECTION('',(0.,0.,1.));
#3342 = ORIENTED_EDGE('',*,*,#3343,.T.);
#3343 = EDGE_CURVE('',#3334,#3344,#3346,.T.);
#3344 = VERTEX_POINT('',#3345);
#3345 = CARTESIAN_POINT('',(4.85,3.55,-3.5));
#3346 = LINE('',#3347,#3348);
#3347 = CARTESIAN_POINT('',(4.85,3.05,-3.5));
#3348 = VECTOR('',#3349,1.);
#3349 = DIRECTION('',(0.,1.,0.));
#3350 = ORIENTED_EDGE('',*,*,#3351,.T.);
#3351 = EDGE_CURVE('',#3344,#3352,#3354,.T.);
#3352 = VERTEX_POINT('',#3353);
#3353 = CARTESIAN_POINT('',(4.85,3.55,0.));
#3354 = LINE('',#3355,#3356);
#3355 = CARTESIAN_POINT('',(4.85,3.55,-3.5));
#3356 = VECTOR('',#3357,1.);
#3357 = DIRECTION('',(0.,0.,1.));
#3358 = ORIENTED_EDGE('',*,*,#3359,.F.);
#3359 = EDGE_CURVE('',#3336,#3352,#3360,.T.);
#3360 = LINE('',#3361,#3362);
#3361 = CARTESIAN_POINT('',(4.85,3.05,0.));
#3362 = VECTOR('',#3363,1.);
#3363 = DIRECTION('',(0.,1.,0.));
#3364 = PLANE('',#3365);
#3365 = AXIS2_PLACEMENT_3D('',#3366,#3367,#3368);
#3366 = CARTESIAN_POINT('',(4.85,3.05,-3.5));
#3367 = DIRECTION('',(1.,0.,0.));
#3368 = DIRECTION('',(0.,0.,1.));
#3369 = ADVANCED_FACE('',(#3370),#3404,.T.);
#3370 = FACE_BOUND('',#3371,.T.);
#3371 = EDGE_LOOP('',(#3372,#3382,#3390,#3398));
#3372 = ORIENTED_EDGE('',*,*,#3373,.F.);
#3373 = EDGE_CURVE('',#3374,#3376,#3378,.T.);
#3374 = VERTEX_POINT('',#3375);
#3375 = CARTESIAN_POINT('',(5.65,3.05,-3.5));
#3376 = VERTEX_POINT('',#3377);
#3377 = CARTESIAN_POINT('',(5.65,3.05,0.));
#3378 = LINE('',#3379,#3380);
#3379 = CARTESIAN_POINT('',(5.65,3.05,-3.5));
#3380 = VECTOR('',#3381,1.);
#3381 = DIRECTION('',(0.,0.,1.));
#3382 = ORIENTED_EDGE('',*,*,#3383,.T.);
#3383 = EDGE_CURVE('',#3374,#3384,#3386,.T.);
#3384 = VERTEX_POINT('',#3385);
#3385 = CARTESIAN_POINT('',(5.65,3.55,-3.5));
#3386 = LINE('',#3387,#3388);
#3387 = CARTESIAN_POINT('',(5.65,3.05,-3.5));
#3388 = VECTOR('',#3389,1.);
#3389 = DIRECTION('',(0.,1.,0.));
#3390 = ORIENTED_EDGE('',*,*,#3391,.T.);
#3391 = EDGE_CURVE('',#3384,#3392,#3394,.T.);
#3392 = VERTEX_POINT('',#3393);
#3393 = CARTESIAN_POINT('',(5.65,3.55,0.));
#3394 = LINE('',#3395,#3396);
#3395 = CARTESIAN_POINT('',(5.65,3.55,-3.5));
#3396 = VECTOR('',#3397,1.);
#3397 = DIRECTION('',(0.,0.,1.));
#3398 = ORIENTED_EDGE('',*,*,#3399,.F.);
#3399 = EDGE_CURVE('',#3376,#3392,#3400,.T.);
#3400 = LINE('',#3401,#3402);
#3401 = CARTESIAN_POINT('',(5.65,3.05,0.));
#3402 = VECTOR('',#3403,1.);
#3403 = DIRECTION('',(0.,1.,0.));
#3404 = PLANE('',#3405);
#3405 = AXIS2_PLACEMENT_3D('',#3406,#3407,#3408);
#3406 = CARTESIAN_POINT('',(5.65,3.05,-3.5));
#3407 = DIRECTION('',(1.,0.,0.));
#3408 = DIRECTION('',(0.,0.,1.));
#3409 = ADVANCED_FACE('',(#3410),#3426,.F.);
#3410 = FACE_BOUND('',#3411,.F.);
#3411 = EDGE_LOOP('',(#3412,#3418,#3419,#3425));
#3412 = ORIENTED_EDGE('',*,*,#3413,.F.);
#3413 = EDGE_CURVE('',#3334,#3374,#3414,.T.);
#3414 = LINE('',#3415,#3416);
#3415 = CARTESIAN_POINT('',(4.85,3.05,-3.5));
#3416 = VECTOR('',#3417,1.);
#3417 = DIRECTION('',(1.,0.,0.));
#3418 = ORIENTED_EDGE('',*,*,#3333,.T.);
#3419 = ORIENTED_EDGE('',*,*,#3420,.T.);
#3420 = EDGE_CURVE('',#3336,#3376,#3421,.T.);
#3421 = LINE('',#3422,#3423);
#3422 = CARTESIAN_POINT('',(4.85,3.05,0.));
#3423 = VECTOR('',#3424,1.);
#3424 = DIRECTION('',(1.,0.,0.));
#3425 = ORIENTED_EDGE('',*,*,#3373,.F.);
#3426 = PLANE('',#3427);
#3427 = AXIS2_PLACEMENT_3D('',#3428,#3429,#3430);
#3428 = CARTESIAN_POINT('',(4.85,3.05,-3.5));
#3429 = DIRECTION('',(0.,1.,0.));
#3430 = DIRECTION('',(0.,0.,1.));
#3431 = ADVANCED_FACE('',(#3432),#3448,.T.);
#3432 = FACE_BOUND('',#3433,.T.);
#3433 = EDGE_LOOP('',(#3434,#3440,#3441,#3447));
#3434 = ORIENTED_EDGE('',*,*,#3435,.F.);
#3435 = EDGE_CURVE('',#3344,#3384,#3436,.T.);
#3436 = LINE('',#3437,#3438);
#3437 = CARTESIAN_POINT('',(4.85,3.55,-3.5));
#3438 = VECTOR('',#3439,1.);
#3439 = DIRECTION('',(1.,0.,0.));
#3440 = ORIENTED_EDGE('',*,*,#3351,.T.);
#3441 = ORIENTED_EDGE('',*,*,#3442,.T.);
#3442 = EDGE_CURVE('',#3352,#3392,#3443,.T.);
#3443 = LINE('',#3444,#3445);
#3444 = CARTESIAN_POINT('',(4.85,3.55,0.));
#3445 = VECTOR('',#3446,1.);
#3446 = DIRECTION('',(1.,0.,0.));
#3447 = ORIENTED_EDGE('',*,*,#3391,.F.);
#3448 = PLANE('',#3449);
#3449 = AXIS2_PLACEMENT_3D('',#3450,#3451,#3452);
#3450 = CARTESIAN_POINT('',(4.85,3.55,-3.5));
#3451 = DIRECTION('',(0.,1.,0.));
#3452 = DIRECTION('',(0.,0.,1.));
#3453 = ADVANCED_FACE('',(#3454),#3460,.F.);
#3454 = FACE_BOUND('',#3455,.F.);
#3455 = EDGE_LOOP('',(#3456,#3457,#3458,#3459));
#3456 = ORIENTED_EDGE('',*,*,#3343,.F.);
#3457 = ORIENTED_EDGE('',*,*,#3413,.T.);
#3458 = ORIENTED_EDGE('',*,*,#3383,.T.);
#3459 = ORIENTED_EDGE('',*,*,#3435,.F.);
#3460 = PLANE('',#3461);
#3461 = AXIS2_PLACEMENT_3D('',#3462,#3463,#3464);
#3462 = CARTESIAN_POINT('',(4.85,3.05,-3.5));
#3463 = DIRECTION('',(0.,0.,1.));
#3464 = DIRECTION('',(1.,0.,0.));
#3465 = ADVANCED_FACE('',(#3466),#3472,.T.);
#3466 = FACE_BOUND('',#3467,.T.);
#3467 = EDGE_LOOP('',(#3468,#3469,#3470,#3471));
#3468 = ORIENTED_EDGE('',*,*,#3359,.F.);
#3469 = ORIENTED_EDGE('',*,*,#3420,.T.);
#3470 = ORIENTED_EDGE('',*,*,#3399,.T.);
#3471 = ORIENTED_EDGE('',*,*,#3442,.F.);
#3472 = PLANE('',#3473);
#3473 = AXIS2_PLACEMENT_3D('',#3474,#3475,#3476);
#3474 = CARTESIAN_POINT('',(4.85,3.05,0.));
#3475 = DIRECTION('',(0.,0.,1.));
#3476 = DIRECTION('',(1.,0.,0.));
#3477 = MANIFOLD_SOLID_BREP('',#3478);
#3478 = CLOSED_SHELL('',(#3479,#3519,#3559,#3581,#3603,#3615));
#3479 = ADVANCED_FACE('',(#3480),#3514,.F.);
#3480 = FACE_BOUND('',#3481,.F.);
#3481 = EDGE_LOOP('',(#3482,#3492,#3500,#3508));
#3482 = ORIENTED_EDGE('',*,*,#3483,.F.);
#3483 = EDGE_CURVE('',#3484,#3486,#3488,.T.);
#3484 = VERTEX_POINT('',#3485);
#3485 = CARTESIAN_POINT('',(4.85,8.05,-3.5));
#3486 = VERTEX_POINT('',#3487);
#3487 = CARTESIAN_POINT('',(4.85,8.05,0.));
#3488 = LINE('',#3489,#3490);
#3489 = CARTESIAN_POINT('',(4.85,8.05,-3.5));
#3490 = VECTOR('',#3491,1.);
#3491 = DIRECTION('',(0.,0.,1.));
#3492 = ORIENTED_EDGE('',*,*,#3493,.T.);
#3493 = EDGE_CURVE('',#3484,#3494,#3496,.T.);
#3494 = VERTEX_POINT('',#3495);
#3495 = CARTESIAN_POINT('',(4.85,8.55,-3.5));
#3496 = LINE('',#3497,#3498);
#3497 = CARTESIAN_POINT('',(4.85,8.05,-3.5));
#3498 = VECTOR('',#3499,1.);
#3499 = DIRECTION('',(0.,1.,0.));
#3500 = ORIENTED_EDGE('',*,*,#3501,.T.);
#3501 = EDGE_CURVE('',#3494,#3502,#3504,.T.);
#3502 = VERTEX_POINT('',#3503);
#3503 = CARTESIAN_POINT('',(4.85,8.55,0.));
#3504 = LINE('',#3505,#3506);
#3505 = CARTESIAN_POINT('',(4.85,8.55,-3.5));
#3506 = VECTOR('',#3507,1.);
#3507 = DIRECTION('',(0.,0.,1.));
#3508 = ORIENTED_EDGE('',*,*,#3509,.F.);
#3509 = EDGE_CURVE('',#3486,#3502,#3510,.T.);
#3510 = LINE('',#3511,#3512);
#3511 = CARTESIAN_POINT('',(4.85,8.05,0.));
#3512 = VECTOR('',#3513,1.);
#3513 = DIRECTION('',(0.,1.,0.));
#3514 = PLANE('',#3515);
#3515 = AXIS2_PLACEMENT_3D('',#3516,#3517,#3518);
#3516 = CARTESIAN_POINT('',(4.85,8.05,-3.5));
#3517 = DIRECTION('',(1.,0.,0.));
#3518 = DIRECTION('',(0.,0.,1.));
#3519 = ADVANCED_FACE('',(#3520),#3554,.T.);
#3520 = FACE_BOUND('',#3521,.T.);
#3521 = EDGE_LOOP('',(#3522,#3532,#3540,#3548));
#3522 = ORIENTED_EDGE('',*,*,#3523,.F.);
#3523 = EDGE_CURVE('',#3524,#3526,#3528,.T.);
#3524 = VERTEX_POINT('',#3525);
#3525 = CARTESIAN_POINT('',(5.65,8.05,-3.5));
#3526 = VERTEX_POINT('',#3527);
#3527 = CARTESIAN_POINT('',(5.65,8.05,0.));
#3528 = LINE('',#3529,#3530);
#3529 = CARTESIAN_POINT('',(5.65,8.05,-3.5));
#3530 = VECTOR('',#3531,1.);
#3531 = DIRECTION('',(0.,0.,1.));
#3532 = ORIENTED_EDGE('',*,*,#3533,.T.);
#3533 = EDGE_CURVE('',#3524,#3534,#3536,.T.);
#3534 = VERTEX_POINT('',#3535);
#3535 = CARTESIAN_POINT('',(5.65,8.55,-3.5));
#3536 = LINE('',#3537,#3538);
#3537 = CARTESIAN_POINT('',(5.65,8.05,-3.5));
#3538 = VECTOR('',#3539,1.);
#3539 = DIRECTION('',(0.,1.,0.));
#3540 = ORIENTED_EDGE('',*,*,#3541,.T.);
#3541 = EDGE_CURVE('',#3534,#3542,#3544,.T.);
#3542 = VERTEX_POINT('',#3543);
#3543 = CARTESIAN_POINT('',(5.65,8.55,0.));
#3544 = LINE('',#3545,#3546);
#3545 = CARTESIAN_POINT('',(5.65,8.55,-3.5));
#3546 = VECTOR('',#3547,1.);
#3547 = DIRECTION('',(0.,0.,1.));
#3548 = ORIENTED_EDGE('',*,*,#3549,.F.);
#3549 = EDGE_CURVE('',#3526,#3542,#3550,.T.);
#3550 = LINE('',#3551,#3552);
#3551 = CARTESIAN_POINT('',(5.65,8.05,0.));
#3552 = VECTOR('',#3553,1.);
#3553 = DIRECTION('',(0.,1.,0.));
#3554 = PLANE('',#3555);
#3555 = AXIS2_PLACEMENT_3D('',#3556,#3557,#3558);
#3556 = CARTESIAN_POINT('',(5.65,8.05,-3.5));
#3557 = DIRECTION('',(1.,0.,0.));
#3558 = DIRECTION('',(0.,0.,1.));
#3559 = ADVANCED_FACE('',(#3560),#3576,.F.);
#3560 = FACE_BOUND('',#3561,.F.);
#3561 = EDGE_LOOP('',(#3562,#3568,#3569,#3575));
#3562 = ORIENTED_EDGE('',*,*,#3563,.F.);
#3563 = EDGE_CURVE('',#3484,#3524,#3564,.T.);
#3564 = LINE('',#3565,#3566);
#3565 = CARTESIAN_POINT('',(4.85,8.05,-3.5));
#3566 = VECTOR('',#3567,1.);
#3567 = DIRECTION('',(1.,0.,0.));
#3568 = ORIENTED_EDGE('',*,*,#3483,.T.);
#3569 = ORIENTED_EDGE('',*,*,#3570,.T.);
#3570 = EDGE_CURVE('',#3486,#3526,#3571,.T.);
#3571 = LINE('',#3572,#3573);
#3572 = CARTESIAN_POINT('',(4.85,8.05,0.));
#3573 = VECTOR('',#3574,1.);
#3574 = DIRECTION('',(1.,0.,0.));
#3575 = ORIENTED_EDGE('',*,*,#3523,.F.);
#3576 = PLANE('',#3577);
#3577 = AXIS2_PLACEMENT_3D('',#3578,#3579,#3580);
#3578 = CARTESIAN_POINT('',(4.85,8.05,-3.5));
#3579 = DIRECTION('',(0.,1.,0.));
#3580 = DIRECTION('',(0.,0.,1.));
#3581 = ADVANCED_FACE('',(#3582),#3598,.T.);
#3582 = FACE_BOUND('',#3583,.T.);
#3583 = EDGE_LOOP('',(#3584,#3590,#3591,#3597));
#3584 = ORIENTED_EDGE('',*,*,#3585,.F.);
#3585 = EDGE_CURVE('',#3494,#3534,#3586,.T.);
#3586 = LINE('',#3587,#3588);
#3587 = CARTESIAN_POINT('',(4.85,8.55,-3.5));
#3588 = VECTOR('',#3589,1.);
#3589 = DIRECTION('',(1.,0.,0.));
#3590 = ORIENTED_EDGE('',*,*,#3501,.T.);
#3591 = ORIENTED_EDGE('',*,*,#3592,.T.);
#3592 = EDGE_CURVE('',#3502,#3542,#3593,.T.);
#3593 = LINE('',#3594,#3595);
#3594 = CARTESIAN_POINT('',(4.85,8.55,0.));
#3595 = VECTOR('',#3596,1.);
#3596 = DIRECTION('',(1.,0.,0.));
#3597 = ORIENTED_EDGE('',*,*,#3541,.F.);
#3598 = PLANE('',#3599);
#3599 = AXIS2_PLACEMENT_3D('',#3600,#3601,#3602);
#3600 = CARTESIAN_POINT('',(4.85,8.55,-3.5));
#3601 = DIRECTION('',(0.,1.,0.));
#3602 = DIRECTION('',(0.,0.,1.));
#3603 = ADVANCED_FACE('',(#3604),#3610,.F.);
#3604 = FACE_BOUND('',#3605,.F.);
#3605 = EDGE_LOOP('',(#3606,#3607,#3608,#3609));
#3606 = ORIENTED_EDGE('',*,*,#3493,.F.);
#3607 = ORIENTED_EDGE('',*,*,#3563,.T.);
#3608 = ORIENTED_EDGE('',*,*,#3533,.T.);
#3609 = ORIENTED_EDGE('',*,*,#3585,.F.);
#3610 = PLANE('',#3611);
#3611 = AXIS2_PLACEMENT_3D('',#3612,#3613,#3614);
#3612 = CARTESIAN_POINT('',(4.85,8.05,-3.5));
#3613 = DIRECTION('',(0.,0.,1.));
#3614 = DIRECTION('',(1.,0.,0.));
#3615 = ADVANCED_FACE('',(#3616),#3622,.T.);
#3616 = FACE_BOUND('',#3617,.T.);
#3617 = EDGE_LOOP('',(#3618,#3619,#3620,#3621));
#3618 = ORIENTED_EDGE('',*,*,#3509,.F.);
#3619 = ORIENTED_EDGE('',*,*,#3570,.T.);
#3620 = ORIENTED_EDGE('',*,*,#3549,.T.);
#3621 = ORIENTED_EDGE('',*,*,#3592,.F.);
#3622 = PLANE('',#3623);
#3623 = AXIS2_PLACEMENT_3D('',#3624,#3625,#3626);
#3624 = CARTESIAN_POINT('',(4.85,8.05,0.));
#3625 = DIRECTION('',(0.,0.,1.));
#3626 = DIRECTION('',(1.,0.,0.));
#3627 = MANIFOLD_SOLID_BREP('',#3628);
#3628 = CLOSED_SHELL('',(#3629,#3669,#3702,#3735,#3768,#3801,#3818,#3835
    ,#3901,#3932,#3949,#4014,#4031,#4096,#4114,#4132,#4165,#4196,#4221,
    #4245,#4262,#4280,#4311,#4329,#4360,#4391,#4415,#4439,#4456,#4485,
    #4516,#4540,#4564,#4581,#4592,#4603,#4615,#4626,#4637,#4649,#4661));
#3629 = ADVANCED_FACE('',(#3630),#3664,.F.);
#3630 = FACE_BOUND('',#3631,.F.);
#3631 = EDGE_LOOP('',(#3632,#3642,#3650,#3658));
#3632 = ORIENTED_EDGE('',*,*,#3633,.F.);
#3633 = EDGE_CURVE('',#3634,#3636,#3638,.T.);
#3634 = VERTEX_POINT('',#3635);
#3635 = CARTESIAN_POINT('',(7.,0.18,0.18));
#3636 = VERTEX_POINT('',#3637);
#3637 = CARTESIAN_POINT('',(7.,0.18,10.42));
#3638 = LINE('',#3639,#3640);
#3639 = CARTESIAN_POINT('',(7.,0.18,0.));
#3640 = VECTOR('',#3641,1.);
#3641 = DIRECTION('',(0.,0.,1.));
#3642 = ORIENTED_EDGE('',*,*,#3643,.T.);
#3643 = EDGE_CURVE('',#3634,#3644,#3646,.T.);
#3644 = VERTEX_POINT('',#3645);
#3645 = CARTESIAN_POINT('',(7.,12.32,0.18));
#3646 = LINE('',#3647,#3648);
#3647 = CARTESIAN_POINT('',(7.,0.,0.18));
#3648 = VECTOR('',#3649,1.);
#3649 = DIRECTION('',(0.,1.,0.));
#3650 = ORIENTED_EDGE('',*,*,#3651,.T.);
#3651 = EDGE_CURVE('',#3644,#3652,#3654,.T.);
#3652 = VERTEX_POINT('',#3653);
#3653 = CARTESIAN_POINT('',(7.,12.32,10.42));
#3654 = LINE('',#3655,#3656);
#3655 = CARTESIAN_POINT('',(7.,12.32,0.));
#3656 = VECTOR('',#3657,1.);
#3657 = DIRECTION('',(0.,0.,1.));
#3658 = ORIENTED_EDGE('',*,*,#3659,.F.);
#3659 = EDGE_CURVE('',#3636,#3652,#3660,.T.);
#3660 = LINE('',#3661,#3662);
#3661 = CARTESIAN_POINT('',(7.,0.,10.42));
#3662 = VECTOR('',#3663,1.);
#3663 = DIRECTION('',(0.,1.,0.));
#3664 = PLANE('',#3665);
#3665 = AXIS2_PLACEMENT_3D('',#3666,#3667,#3668);
#3666 = CARTESIAN_POINT('',(7.,0.,0.));
#3667 = DIRECTION('',(1.,0.,0.));
#3668 = DIRECTION('',(0.,0.,1.));
#3669 = ADVANCED_FACE('',(#3670),#3697,.T.);
#3670 = FACE_BOUND('',#3671,.T.);
#3671 = EDGE_LOOP('',(#3672,#3673,#3682,#3690));
#3672 = ORIENTED_EDGE('',*,*,#3633,.F.);
#3673 = ORIENTED_EDGE('',*,*,#3674,.T.);
#3674 = EDGE_CURVE('',#3634,#3675,#3677,.T.);
#3675 = VERTEX_POINT('',#3676);
#3676 = CARTESIAN_POINT('',(7.18,-2.775557561563E-17,0.18));
#3677 = CIRCLE('',#3678,0.18);
#3678 = AXIS2_PLACEMENT_3D('',#3679,#3680,#3681);
#3679 = CARTESIAN_POINT('',(7.18,0.18,0.18));
#3680 = DIRECTION('',(0.,0.,1.));
#3681 = DIRECTION('',(-1.,0.,0.));
#3682 = ORIENTED_EDGE('',*,*,#3683,.T.);
#3683 = EDGE_CURVE('',#3675,#3684,#3686,.T.);
#3684 = VERTEX_POINT('',#3685);
#3685 = CARTESIAN_POINT('',(7.18,-2.775557561563E-17,10.42));
#3686 = LINE('',#3687,#3688);
#3687 = CARTESIAN_POINT('',(7.18,-2.775557561563E-17,0.));
#3688 = VECTOR('',#3689,1.);
#3689 = DIRECTION('',(0.,0.,1.));
#3690 = ORIENTED_EDGE('',*,*,#3691,.F.);
#3691 = EDGE_CURVE('',#3636,#3684,#3692,.T.);
#3692 = CIRCLE('',#3693,0.18);
#3693 = AXIS2_PLACEMENT_3D('',#3694,#3695,#3696);
#3694 = CARTESIAN_POINT('',(7.18,0.18,10.42));
#3695 = DIRECTION('',(0.,0.,1.));
#3696 = DIRECTION('',(-1.,0.,0.));
#3697 = CYLINDRICAL_SURFACE('',#3698,0.18);
#3698 = AXIS2_PLACEMENT_3D('',#3699,#3700,#3701);
#3699 = CARTESIAN_POINT('',(7.18,0.18,0.));
#3700 = DIRECTION('',(0.,0.,1.));
#3701 = DIRECTION('',(-1.,0.,0.));
#3702 = ADVANCED_FACE('',(#3703),#3730,.T.);
#3703 = FACE_BOUND('',#3704,.F.);
#3704 = EDGE_LOOP('',(#3705,#3714,#3722,#3729));
#3705 = ORIENTED_EDGE('',*,*,#3706,.F.);
#3706 = EDGE_CURVE('',#3707,#3634,#3709,.T.);
#3707 = VERTEX_POINT('',#3708);
#3708 = CARTESIAN_POINT('',(7.18,0.18,0.));
#3709 = CIRCLE('',#3710,0.18);
#3710 = AXIS2_PLACEMENT_3D('',#3711,#3712,#3713);
#3711 = CARTESIAN_POINT('',(7.18,0.18,0.18));
#3712 = DIRECTION('',(0.,1.,-0.));
#3713 = DIRECTION('',(-1.,0.,0.));
#3714 = ORIENTED_EDGE('',*,*,#3715,.T.);
#3715 = EDGE_CURVE('',#3707,#3716,#3718,.T.);
#3716 = VERTEX_POINT('',#3717);
#3717 = CARTESIAN_POINT('',(7.18,12.32,0.));
#3718 = LINE('',#3719,#3720);
#3719 = CARTESIAN_POINT('',(7.18,0.,-2.775557561563E-17));
#3720 = VECTOR('',#3721,1.);
#3721 = DIRECTION('',(0.,1.,0.));
#3722 = ORIENTED_EDGE('',*,*,#3723,.T.);
#3723 = EDGE_CURVE('',#3716,#3644,#3724,.T.);
#3724 = CIRCLE('',#3725,0.18);
#3725 = AXIS2_PLACEMENT_3D('',#3726,#3727,#3728);
#3726 = CARTESIAN_POINT('',(7.18,12.32,0.18));
#3727 = DIRECTION('',(0.,1.,-0.));
#3728 = DIRECTION('',(-1.,0.,0.));
#3729 = ORIENTED_EDGE('',*,*,#3643,.F.);
#3730 = CYLINDRICAL_SURFACE('',#3731,0.18);
#3731 = AXIS2_PLACEMENT_3D('',#3732,#3733,#3734);
#3732 = CARTESIAN_POINT('',(7.18,0.,0.18));
#3733 = DIRECTION('',(0.,1.,0.));
#3734 = DIRECTION('',(-1.,0.,0.));
#3735 = ADVANCED_FACE('',(#3736),#3763,.T.);
#3736 = FACE_BOUND('',#3737,.T.);
#3737 = EDGE_LOOP('',(#3738,#3747,#3755,#3762));
#3738 = ORIENTED_EDGE('',*,*,#3739,.F.);
#3739 = EDGE_CURVE('',#3740,#3636,#3742,.T.);
#3740 = VERTEX_POINT('',#3741);
#3741 = CARTESIAN_POINT('',(7.18,0.18,10.6));
#3742 = CIRCLE('',#3743,0.18);
#3743 = AXIS2_PLACEMENT_3D('',#3744,#3745,#3746);
#3744 = CARTESIAN_POINT('',(7.18,0.18,10.42));
#3745 = DIRECTION('',(0.,-1.,0.));
#3746 = DIRECTION('',(-1.,0.,0.));
#3747 = ORIENTED_EDGE('',*,*,#3748,.T.);
#3748 = EDGE_CURVE('',#3740,#3749,#3751,.T.);
#3749 = VERTEX_POINT('',#3750);
#3750 = CARTESIAN_POINT('',(7.18,12.32,10.6));
#3751 = LINE('',#3752,#3753);
#3752 = CARTESIAN_POINT('',(7.18,0.,10.6));
#3753 = VECTOR('',#3754,1.);
#3754 = DIRECTION('',(0.,1.,0.));
#3755 = ORIENTED_EDGE('',*,*,#3756,.F.);
#3756 = EDGE_CURVE('',#3652,#3749,#3757,.T.);
#3757 = CIRCLE('',#3758,0.18);
#3758 = AXIS2_PLACEMENT_3D('',#3759,#3760,#3761);
#3759 = CARTESIAN_POINT('',(7.18,12.32,10.42));
#3760 = DIRECTION('',(0.,1.,-0.));
#3761 = DIRECTION('',(-1.,0.,0.));
#3762 = ORIENTED_EDGE('',*,*,#3659,.F.);
#3763 = CYLINDRICAL_SURFACE('',#3764,0.18);
#3764 = AXIS2_PLACEMENT_3D('',#3765,#3766,#3767);
#3765 = CARTESIAN_POINT('',(7.18,0.,10.42));
#3766 = DIRECTION('',(0.,1.,0.));
#3767 = DIRECTION('',(-1.,0.,0.));
#3768 = ADVANCED_FACE('',(#3769),#3796,.T.);
#3769 = FACE_BOUND('',#3770,.F.);
#3770 = EDGE_LOOP('',(#3771,#3772,#3781,#3789));
#3771 = ORIENTED_EDGE('',*,*,#3651,.F.);
#3772 = ORIENTED_EDGE('',*,*,#3773,.T.);
#3773 = EDGE_CURVE('',#3644,#3774,#3776,.T.);
#3774 = VERTEX_POINT('',#3775);
#3775 = CARTESIAN_POINT('',(7.18,12.5,0.18));
#3776 = CIRCLE('',#3777,0.18);
#3777 = AXIS2_PLACEMENT_3D('',#3778,#3779,#3780);
#3778 = CARTESIAN_POINT('',(7.18,12.32,0.18));
#3779 = DIRECTION('',(0.,0.,-1.));
#3780 = DIRECTION('',(-1.,0.,0.));
#3781 = ORIENTED_EDGE('',*,*,#3782,.T.);
#3782 = EDGE_CURVE('',#3774,#3783,#3785,.T.);
#3783 = VERTEX_POINT('',#3784);
#3784 = CARTESIAN_POINT('',(7.18,12.5,10.42));
#3785 = LINE('',#3786,#3787);
#3786 = CARTESIAN_POINT('',(7.18,12.5,0.));
#3787 = VECTOR('',#3788,1.);
#3788 = DIRECTION('',(0.,0.,1.));
#3789 = ORIENTED_EDGE('',*,*,#3790,.T.);
#3790 = EDGE_CURVE('',#3783,#3652,#3791,.T.);
#3791 = CIRCLE('',#3792,0.18);
#3792 = AXIS2_PLACEMENT_3D('',#3793,#3794,#3795);
#3793 = CARTESIAN_POINT('',(7.18,12.32,10.42));
#3794 = DIRECTION('',(0.,0.,1.));
#3795 = DIRECTION('',(-1.,0.,0.));
#3796 = CYLINDRICAL_SURFACE('',#3797,0.18);
#3797 = AXIS2_PLACEMENT_3D('',#3798,#3799,#3800);
#3798 = CARTESIAN_POINT('',(7.18,12.32,0.));
#3799 = DIRECTION('',(0.,0.,1.));
#3800 = DIRECTION('',(-1.,0.,0.));
#3801 = ADVANCED_FACE('',(#3802),#3813,.T.);
#3802 = FACE_BOUND('',#3803,.T.);
#3803 = EDGE_LOOP('',(#3804,#3805,#3812));
#3804 = ORIENTED_EDGE('',*,*,#3706,.F.);
#3805 = ORIENTED_EDGE('',*,*,#3806,.T.);
#3806 = EDGE_CURVE('',#3707,#3675,#3807,.T.);
#3807 = CIRCLE('',#3808,0.18);
#3808 = AXIS2_PLACEMENT_3D('',#3809,#3810,#3811);
#3809 = CARTESIAN_POINT('',(7.18,0.18,0.18));
#3810 = DIRECTION('',(-1.,6.123233995737E-17,0.));
#3811 = DIRECTION('',(-6.123233995737E-17,-1.,0.));
#3812 = ORIENTED_EDGE('',*,*,#3674,.F.);
#3813 = SPHERICAL_SURFACE('',#3814,0.18);
#3814 = AXIS2_PLACEMENT_3D('',#3815,#3816,#3817);
#3815 = CARTESIAN_POINT('',(7.18,0.18,0.18));
#3816 = DIRECTION('',(0.,0.,1.));
#3817 = DIRECTION('',(-1.,0.,0.));
#3818 = ADVANCED_FACE('',(#3819),#3830,.T.);
#3819 = FACE_BOUND('',#3820,.F.);
#3820 = EDGE_LOOP('',(#3821,#3822,#3829));
#3821 = ORIENTED_EDGE('',*,*,#3739,.F.);
#3822 = ORIENTED_EDGE('',*,*,#3823,.T.);
#3823 = EDGE_CURVE('',#3740,#3684,#3824,.T.);
#3824 = CIRCLE('',#3825,0.18);
#3825 = AXIS2_PLACEMENT_3D('',#3826,#3827,#3828);
#3826 = CARTESIAN_POINT('',(7.18,0.18,10.42));
#3827 = DIRECTION('',(1.,-6.123233995737E-17,0.));
#3828 = DIRECTION('',(-6.123233995737E-17,-1.,0.));
#3829 = ORIENTED_EDGE('',*,*,#3691,.F.);
#3830 = SPHERICAL_SURFACE('',#3831,0.18);
#3831 = AXIS2_PLACEMENT_3D('',#3832,#3833,#3834);
#3832 = CARTESIAN_POINT('',(7.18,0.18,10.42));
#3833 = DIRECTION('',(-0.,-0.,-1.));
#3834 = DIRECTION('',(-1.,0.,0.));
#3835 = ADVANCED_FACE('',(#3836,#3861),#3896,.F.);
#3836 = FACE_BOUND('',#3837,.F.);
#3837 = EDGE_LOOP('',(#3838,#3839,#3847,#3855));
#3838 = ORIENTED_EDGE('',*,*,#3683,.T.);
#3839 = ORIENTED_EDGE('',*,*,#3840,.T.);
#3840 = EDGE_CURVE('',#3684,#3841,#3843,.T.);
#3841 = VERTEX_POINT('',#3842);
#3842 = CARTESIAN_POINT('',(10.32,-2.775557561563E-17,10.42));
#3843 = LINE('',#3844,#3845);
#3844 = CARTESIAN_POINT('',(7.,-2.775557561563E-17,10.42));
#3845 = VECTOR('',#3846,1.);
#3846 = DIRECTION('',(1.,0.,0.));
#3847 = ORIENTED_EDGE('',*,*,#3848,.F.);
#3848 = EDGE_CURVE('',#3849,#3841,#3851,.T.);
#3849 = VERTEX_POINT('',#3850);
#3850 = CARTESIAN_POINT('',(10.32,-2.775557561563E-17,0.18));
#3851 = LINE('',#3852,#3853);
#3852 = CARTESIAN_POINT('',(10.32,-2.775557561563E-17,0.));
#3853 = VECTOR('',#3854,1.);
#3854 = DIRECTION('',(0.,0.,1.));
#3855 = ORIENTED_EDGE('',*,*,#3856,.F.);
#3856 = EDGE_CURVE('',#3675,#3849,#3857,.T.);
#3857 = LINE('',#3858,#3859);
#3858 = CARTESIAN_POINT('',(7.,-2.775557561563E-17,0.18));
#3859 = VECTOR('',#3860,1.);
#3860 = DIRECTION('',(1.,0.,0.));
#3861 = FACE_BOUND('',#3862,.F.);
#3862 = EDGE_LOOP('',(#3863,#3873,#3881,#3889));
#3863 = ORIENTED_EDGE('',*,*,#3864,.F.);
#3864 = EDGE_CURVE('',#3865,#3867,#3869,.T.);
#3865 = VERTEX_POINT('',#3866);
#3866 = CARTESIAN_POINT('',(9.85,0.,8.1));
#3867 = VERTEX_POINT('',#3868);
#3868 = CARTESIAN_POINT('',(9.85,0.,4.782623792125));
#3869 = LINE('',#3870,#3871);
#3870 = CARTESIAN_POINT('',(9.85,0.,2.));
#3871 = VECTOR('',#3872,1.);
#3872 = DIRECTION('',(0.,0.,-1.));
#3873 = ORIENTED_EDGE('',*,*,#3874,.F.);
#3874 = EDGE_CURVE('',#3875,#3865,#3877,.T.);
#3875 = VERTEX_POINT('',#3876);
#3876 = CARTESIAN_POINT('',(7.65,0.,8.1));
#3877 = LINE('',#3878,#3879);
#3878 = CARTESIAN_POINT('',(7.325,0.,8.1));
#3879 = VECTOR('',#3880,1.);
#3880 = DIRECTION('',(1.,0.,0.));
#3881 = ORIENTED_EDGE('',*,*,#3882,.T.);
#3882 = EDGE_CURVE('',#3875,#3883,#3885,.T.);
#3883 = VERTEX_POINT('',#3884);
#3884 = CARTESIAN_POINT('',(7.65,0.,4.782623792125));
#3885 = LINE('',#3886,#3887);
#3886 = CARTESIAN_POINT('',(7.65,0.,2.));
#3887 = VECTOR('',#3888,1.);
#3888 = DIRECTION('',(0.,0.,-1.));
#3889 = ORIENTED_EDGE('',*,*,#3890,.F.);
#3890 = EDGE_CURVE('',#3867,#3883,#3891,.T.);
#3891 = CIRCLE('',#3892,1.35);
#3892 = AXIS2_PLACEMENT_3D('',#3893,#3894,#3895);
#3893 = CARTESIAN_POINT('',(8.75,0.,4.));
#3894 = DIRECTION('',(0.,1.,0.));
#3895 = DIRECTION('',(0.,0.,1.));
#3896 = PLANE('',#3897);
#3897 = AXIS2_PLACEMENT_3D('',#3898,#3899,#3900);
#3898 = CARTESIAN_POINT('',(7.,0.,0.));
#3899 = DIRECTION('',(0.,1.,0.));
#3900 = DIRECTION('',(0.,0.,1.));
#3901 = ADVANCED_FACE('',(#3902),#3927,.F.);
#3902 = FACE_BOUND('',#3903,.F.);
#3903 = EDGE_LOOP('',(#3904,#3905,#3913,#3921));
#3904 = ORIENTED_EDGE('',*,*,#3715,.F.);
#3905 = ORIENTED_EDGE('',*,*,#3906,.T.);
#3906 = EDGE_CURVE('',#3707,#3907,#3909,.T.);
#3907 = VERTEX_POINT('',#3908);
#3908 = CARTESIAN_POINT('',(10.32,0.18,0.));
#3909 = LINE('',#3910,#3911);
#3910 = CARTESIAN_POINT('',(7.,0.18,-2.775557561563E-17));
#3911 = VECTOR('',#3912,1.);
#3912 = DIRECTION('',(1.,0.,0.));
#3913 = ORIENTED_EDGE('',*,*,#3914,.T.);
#3914 = EDGE_CURVE('',#3907,#3915,#3917,.T.);
#3915 = VERTEX_POINT('',#3916);
#3916 = CARTESIAN_POINT('',(10.32,12.32,0.));
#3917 = LINE('',#3918,#3919);
#3918 = CARTESIAN_POINT('',(10.32,0.,-2.775557561563E-17));
#3919 = VECTOR('',#3920,1.);
#3920 = DIRECTION('',(0.,1.,0.));
#3921 = ORIENTED_EDGE('',*,*,#3922,.F.);
#3922 = EDGE_CURVE('',#3716,#3915,#3923,.T.);
#3923 = LINE('',#3924,#3925);
#3924 = CARTESIAN_POINT('',(7.,12.32,-2.775557561563E-17));
#3925 = VECTOR('',#3926,1.);
#3926 = DIRECTION('',(1.,0.,0.));
#3927 = PLANE('',#3928);
#3928 = AXIS2_PLACEMENT_3D('',#3929,#3930,#3931);
#3929 = CARTESIAN_POINT('',(7.,0.,0.));
#3930 = DIRECTION('',(0.,0.,1.));
#3931 = DIRECTION('',(1.,0.,0.));
#3932 = ADVANCED_FACE('',(#3933),#3944,.T.);
#3933 = FACE_BOUND('',#3934,.F.);
#3934 = EDGE_LOOP('',(#3935,#3936,#3943));
#3935 = ORIENTED_EDGE('',*,*,#3723,.F.);
#3936 = ORIENTED_EDGE('',*,*,#3937,.T.);
#3937 = EDGE_CURVE('',#3716,#3774,#3938,.T.);
#3938 = CIRCLE('',#3939,0.18);
#3939 = AXIS2_PLACEMENT_3D('',#3940,#3941,#3942);
#3940 = CARTESIAN_POINT('',(7.18,12.32,0.18));
#3941 = DIRECTION('',(1.,6.123233995737E-17,-0.));
#3942 = DIRECTION('',(-6.123233995737E-17,1.,0.));
#3943 = ORIENTED_EDGE('',*,*,#3773,.F.);
#3944 = SPHERICAL_SURFACE('',#3945,0.18);
#3945 = AXIS2_PLACEMENT_3D('',#3946,#3947,#3948);
#3946 = CARTESIAN_POINT('',(7.18,12.32,0.18));
#3947 = DIRECTION('',(0.,0.,1.));
#3948 = DIRECTION('',(-1.,0.,0.));
#3949 = ADVANCED_FACE('',(#3950,#3975),#4009,.T.);
#3950 = FACE_BOUND('',#3951,.T.);
#3951 = EDGE_LOOP('',(#3952,#3953,#3961,#3969));
#3952 = ORIENTED_EDGE('',*,*,#3748,.F.);
#3953 = ORIENTED_EDGE('',*,*,#3954,.T.);
#3954 = EDGE_CURVE('',#3740,#3955,#3957,.T.);
#3955 = VERTEX_POINT('',#3956);
#3956 = CARTESIAN_POINT('',(10.32,0.18,10.6));
#3957 = LINE('',#3958,#3959);
#3958 = CARTESIAN_POINT('',(7.,0.18,10.6));
#3959 = VECTOR('',#3960,1.);
#3960 = DIRECTION('',(1.,0.,0.));
#3961 = ORIENTED_EDGE('',*,*,#3962,.T.);
#3962 = EDGE_CURVE('',#3955,#3963,#3965,.T.);
#3963 = VERTEX_POINT('',#3964);
#3964 = CARTESIAN_POINT('',(10.32,12.32,10.6));
#3965 = LINE('',#3966,#3967);
#3966 = CARTESIAN_POINT('',(10.32,0.,10.6));
#3967 = VECTOR('',#3968,1.);
#3968 = DIRECTION('',(0.,1.,0.));
#3969 = ORIENTED_EDGE('',*,*,#3970,.F.);
#3970 = EDGE_CURVE('',#3749,#3963,#3971,.T.);
#3971 = LINE('',#3972,#3973);
#3972 = CARTESIAN_POINT('',(7.,12.32,10.6));
#3973 = VECTOR('',#3974,1.);
#3974 = DIRECTION('',(1.,0.,0.));
#3975 = FACE_BOUND('',#3976,.T.);
#3976 = EDGE_LOOP('',(#3977,#3987,#3995,#4003));
#3977 = ORIENTED_EDGE('',*,*,#3978,.T.);
#3978 = EDGE_CURVE('',#3979,#3981,#3983,.T.);
#3979 = VERTEX_POINT('',#3980);
#3980 = CARTESIAN_POINT('',(10.16,0.75,10.6));
#3981 = VERTEX_POINT('',#3982);
#3982 = CARTESIAN_POINT('',(7.34,0.75,10.6));
#3983 = LINE('',#3984,#3985);
#3984 = CARTESIAN_POINT('',(7.17,0.75,10.6));
#3985 = VECTOR('',#3986,1.);
#3986 = DIRECTION('',(-1.,0.,0.));
#3987 = ORIENTED_EDGE('',*,*,#3988,.T.);
#3988 = EDGE_CURVE('',#3981,#3989,#3991,.T.);
#3989 = VERTEX_POINT('',#3990);
#3990 = CARTESIAN_POINT('',(7.34,9.5,10.6));
#3991 = LINE('',#3992,#3993);
#3992 = CARTESIAN_POINT('',(7.34,0.375,10.6));
#3993 = VECTOR('',#3994,1.);
#3994 = DIRECTION('',(0.,1.,0.));
#3995 = ORIENTED_EDGE('',*,*,#3996,.F.);
#3996 = EDGE_CURVE('',#3997,#3989,#3999,.T.);
#3997 = VERTEX_POINT('',#3998);
#3998 = CARTESIAN_POINT('',(10.16,9.5,10.6));
#3999 = LINE('',#4000,#4001);
#4000 = CARTESIAN_POINT('',(7.17,9.5,10.6));
#4001 = VECTOR('',#4002,1.);
#4002 = DIRECTION('',(-1.,0.,0.));
#4003 = ORIENTED_EDGE('',*,*,#4004,.F.);
#4004 = EDGE_CURVE('',#3979,#3997,#4005,.T.);
#4005 = LINE('',#4006,#4007);
#4006 = CARTESIAN_POINT('',(10.16,0.375,10.6));
#4007 = VECTOR('',#4008,1.);
#4008 = DIRECTION('',(0.,1.,0.));
#4009 = PLANE('',#4010);
#4010 = AXIS2_PLACEMENT_3D('',#4011,#4012,#4013);
#4011 = CARTESIAN_POINT('',(7.,0.,10.6));
#4012 = DIRECTION('',(0.,0.,1.));
#4013 = DIRECTION('',(1.,0.,0.));
#4014 = ADVANCED_FACE('',(#4015),#4026,.T.);
#4015 = FACE_BOUND('',#4016,.F.);
#4016 = EDGE_LOOP('',(#4017,#4018,#4025));
#4017 = ORIENTED_EDGE('',*,*,#3790,.F.);
#4018 = ORIENTED_EDGE('',*,*,#4019,.T.);
#4019 = EDGE_CURVE('',#3783,#3749,#4020,.T.);
#4020 = CIRCLE('',#4021,0.18);
#4021 = AXIS2_PLACEMENT_3D('',#4022,#4023,#4024);
#4022 = CARTESIAN_POINT('',(7.18,12.32,10.42));
#4023 = DIRECTION('',(1.,0.,6.123233995737E-17));
#4024 = DIRECTION('',(-6.123233995737E-17,0.,1.));
#4025 = ORIENTED_EDGE('',*,*,#3756,.F.);
#4026 = SPHERICAL_SURFACE('',#4027,0.18);
#4027 = AXIS2_PLACEMENT_3D('',#4028,#4029,#4030);
#4028 = CARTESIAN_POINT('',(7.18,12.32,10.42));
#4029 = DIRECTION('',(0.,-1.,0.));
#4030 = DIRECTION('',(-1.,0.,0.));
#4031 = ADVANCED_FACE('',(#4032,#4057),#4091,.T.);
#4032 = FACE_BOUND('',#4033,.T.);
#4033 = EDGE_LOOP('',(#4034,#4035,#4043,#4051));
#4034 = ORIENTED_EDGE('',*,*,#3782,.T.);
#4035 = ORIENTED_EDGE('',*,*,#4036,.T.);
#4036 = EDGE_CURVE('',#3783,#4037,#4039,.T.);
#4037 = VERTEX_POINT('',#4038);
#4038 = CARTESIAN_POINT('',(10.32,12.5,10.42));
#4039 = LINE('',#4040,#4041);
#4040 = CARTESIAN_POINT('',(7.,12.5,10.42));
#4041 = VECTOR('',#4042,1.);
#4042 = DIRECTION('',(1.,0.,0.));
#4043 = ORIENTED_EDGE('',*,*,#4044,.F.);
#4044 = EDGE_CURVE('',#4045,#4037,#4047,.T.);
#4045 = VERTEX_POINT('',#4046);
#4046 = CARTESIAN_POINT('',(10.32,12.5,0.18));
#4047 = LINE('',#4048,#4049);
#4048 = CARTESIAN_POINT('',(10.32,12.5,0.));
#4049 = VECTOR('',#4050,1.);
#4050 = DIRECTION('',(0.,0.,1.));
#4051 = ORIENTED_EDGE('',*,*,#4052,.F.);
#4052 = EDGE_CURVE('',#3774,#4045,#4053,.T.);
#4053 = LINE('',#4054,#4055);
#4054 = CARTESIAN_POINT('',(7.,12.5,0.18));
#4055 = VECTOR('',#4056,1.);
#4056 = DIRECTION('',(1.,0.,0.));
#4057 = FACE_BOUND('',#4058,.T.);
#4058 = EDGE_LOOP('',(#4059,#4069,#4077,#4085));
#4059 = ORIENTED_EDGE('',*,*,#4060,.F.);
#4060 = EDGE_CURVE('',#4061,#4063,#4065,.T.);
#4061 = VERTEX_POINT('',#4062);
#4062 = CARTESIAN_POINT('',(7.525,12.5,9.75));
#4063 = VERTEX_POINT('',#4064);
#4064 = CARTESIAN_POINT('',(9.975,12.5,9.75));
#4065 = LINE('',#4066,#4067);
#4066 = CARTESIAN_POINT('',(7.2625,12.5,9.75));
#4067 = VECTOR('',#4068,1.);
#4068 = DIRECTION('',(1.,0.,0.));
#4069 = ORIENTED_EDGE('',*,*,#4070,.T.);
#4070 = EDGE_CURVE('',#4061,#4071,#4073,.T.);
#4071 = VERTEX_POINT('',#4072);
#4072 = CARTESIAN_POINT('',(7.525,12.5,7.2));
#4073 = LINE('',#4074,#4075);
#4074 = CARTESIAN_POINT('',(7.525,12.5,3.6));
#4075 = VECTOR('',#4076,1.);
#4076 = DIRECTION('',(0.,0.,-1.));
#4077 = ORIENTED_EDGE('',*,*,#4078,.T.);
#4078 = EDGE_CURVE('',#4071,#4079,#4081,.T.);
#4079 = VERTEX_POINT('',#4080);
#4080 = CARTESIAN_POINT('',(9.975,12.5,7.2));
#4081 = LINE('',#4082,#4083);
#4082 = CARTESIAN_POINT('',(7.2625,12.5,7.2));
#4083 = VECTOR('',#4084,1.);
#4084 = DIRECTION('',(1.,0.,0.));
#4085 = ORIENTED_EDGE('',*,*,#4086,.F.);
#4086 = EDGE_CURVE('',#4063,#4079,#4087,.T.);
#4087 = LINE('',#4088,#4089);
#4088 = CARTESIAN_POINT('',(9.975,12.5,3.6));
#4089 = VECTOR('',#4090,1.);
#4090 = DIRECTION('',(0.,0.,-1.));
#4091 = PLANE('',#4092);
#4092 = AXIS2_PLACEMENT_3D('',#4093,#4094,#4095);
#4093 = CARTESIAN_POINT('',(7.,12.5,0.));
#4094 = DIRECTION('',(0.,1.,0.));
#4095 = DIRECTION('',(0.,0.,1.));
#4096 = ADVANCED_FACE('',(#4097),#4109,.T.);
#4097 = FACE_BOUND('',#4098,.T.);
#4098 = EDGE_LOOP('',(#4099,#4100,#4101,#4108));
#4099 = ORIENTED_EDGE('',*,*,#3806,.F.);
#4100 = ORIENTED_EDGE('',*,*,#3906,.T.);
#4101 = ORIENTED_EDGE('',*,*,#4102,.T.);
#4102 = EDGE_CURVE('',#3907,#3849,#4103,.T.);
#4103 = CIRCLE('',#4104,0.18);
#4104 = AXIS2_PLACEMENT_3D('',#4105,#4106,#4107);
#4105 = CARTESIAN_POINT('',(10.32,0.18,0.18));
#4106 = DIRECTION('',(-1.,-6.123233995737E-17,0.));
#4107 = DIRECTION('',(6.123233995737E-17,-1.,0.));
#4108 = ORIENTED_EDGE('',*,*,#3856,.F.);
#4109 = CYLINDRICAL_SURFACE('',#4110,0.18);
#4110 = AXIS2_PLACEMENT_3D('',#4111,#4112,#4113);
#4111 = CARTESIAN_POINT('',(7.,0.18,0.18));
#4112 = DIRECTION('',(1.,0.,0.));
#4113 = DIRECTION('',(0.,-1.,0.));
#4114 = ADVANCED_FACE('',(#4115),#4127,.T.);
#4115 = FACE_BOUND('',#4116,.F.);
#4116 = EDGE_LOOP('',(#4117,#4118,#4119,#4126));
#4117 = ORIENTED_EDGE('',*,*,#3823,.F.);
#4118 = ORIENTED_EDGE('',*,*,#3954,.T.);
#4119 = ORIENTED_EDGE('',*,*,#4120,.T.);
#4120 = EDGE_CURVE('',#3955,#3841,#4121,.T.);
#4121 = CIRCLE('',#4122,0.18);
#4122 = AXIS2_PLACEMENT_3D('',#4123,#4124,#4125);
#4123 = CARTESIAN_POINT('',(10.32,0.18,10.42));
#4124 = DIRECTION('',(1.,6.123233995737E-17,0.));
#4125 = DIRECTION('',(6.123233995737E-17,-1.,0.));
#4126 = ORIENTED_EDGE('',*,*,#3840,.F.);
#4127 = CYLINDRICAL_SURFACE('',#4128,0.18);
#4128 = AXIS2_PLACEMENT_3D('',#4129,#4130,#4131);
#4129 = CARTESIAN_POINT('',(7.,0.18,10.42));
#4130 = DIRECTION('',(1.,0.,0.));
#4131 = DIRECTION('',(0.,-1.,0.));
#4132 = ADVANCED_FACE('',(#4133),#4160,.T.);
#4133 = FACE_BOUND('',#4134,.F.);
#4134 = EDGE_LOOP('',(#4135,#4145,#4152,#4153));
#4135 = ORIENTED_EDGE('',*,*,#4136,.F.);
#4136 = EDGE_CURVE('',#4137,#4139,#4141,.T.);
#4137 = VERTEX_POINT('',#4138);
#4138 = CARTESIAN_POINT('',(10.5,0.18,0.18));
#4139 = VERTEX_POINT('',#4140);
#4140 = CARTESIAN_POINT('',(10.5,0.18,10.42));
#4141 = LINE('',#4142,#4143);
#4142 = CARTESIAN_POINT('',(10.5,0.18,0.));
#4143 = VECTOR('',#4144,1.);
#4144 = DIRECTION('',(0.,0.,1.));
#4145 = ORIENTED_EDGE('',*,*,#4146,.T.);
#4146 = EDGE_CURVE('',#4137,#3849,#4147,.T.);
#4147 = CIRCLE('',#4148,0.18);
#4148 = AXIS2_PLACEMENT_3D('',#4149,#4150,#4151);
#4149 = CARTESIAN_POINT('',(10.32,0.18,0.18));
#4150 = DIRECTION('',(0.,0.,-1.));
#4151 = DIRECTION('',(1.,0.,0.));
#4152 = ORIENTED_EDGE('',*,*,#3848,.T.);
#4153 = ORIENTED_EDGE('',*,*,#4154,.F.);
#4154 = EDGE_CURVE('',#4139,#3841,#4155,.T.);
#4155 = CIRCLE('',#4156,0.18);
#4156 = AXIS2_PLACEMENT_3D('',#4157,#4158,#4159);
#4157 = CARTESIAN_POINT('',(10.32,0.18,10.42));
#4158 = DIRECTION('',(0.,0.,-1.));
#4159 = DIRECTION('',(1.,0.,0.));
#4160 = CYLINDRICAL_SURFACE('',#4161,0.18);
#4161 = AXIS2_PLACEMENT_3D('',#4162,#4163,#4164);
#4162 = CARTESIAN_POINT('',(10.32,0.18,0.));
#4163 = DIRECTION('',(0.,0.,1.));
#4164 = DIRECTION('',(1.,0.,0.));
#4165 = ADVANCED_FACE('',(#4166),#4191,.F.);
#4166 = FACE_BOUND('',#4167,.F.);
#4167 = EDGE_LOOP('',(#4168,#4169,#4177,#4185));
#4168 = ORIENTED_EDGE('',*,*,#3864,.T.);
#4169 = ORIENTED_EDGE('',*,*,#4170,.T.);
#4170 = EDGE_CURVE('',#3867,#4171,#4173,.T.);
#4171 = VERTEX_POINT('',#4172);
#4172 = CARTESIAN_POINT('',(9.85,4.3,4.782623792125));
#4173 = LINE('',#4174,#4175);
#4174 = CARTESIAN_POINT('',(9.85,-5.E-02,4.782623792125));
#4175 = VECTOR('',#4176,1.);
#4176 = DIRECTION('',(0.,1.,0.));
#4177 = ORIENTED_EDGE('',*,*,#4178,.T.);
#4178 = EDGE_CURVE('',#4171,#4179,#4181,.T.);
#4179 = VERTEX_POINT('',#4180);
#4180 = CARTESIAN_POINT('',(9.85,4.3,8.1));
#4181 = LINE('',#4182,#4183);
#4182 = CARTESIAN_POINT('',(9.85,4.3,4.));
#4183 = VECTOR('',#4184,1.);
#4184 = DIRECTION('',(0.,0.,1.));
#4185 = ORIENTED_EDGE('',*,*,#4186,.F.);
#4186 = EDGE_CURVE('',#3865,#4179,#4187,.T.);
#4187 = LINE('',#4188,#4189);
#4188 = CARTESIAN_POINT('',(9.85,-5.E-02,8.1));
#4189 = VECTOR('',#4190,1.);
#4190 = DIRECTION('',(0.,1.,0.));
#4191 = PLANE('',#4192);
#4192 = AXIS2_PLACEMENT_3D('',#4193,#4194,#4195);
#4193 = CARTESIAN_POINT('',(9.85,-5.E-02,4.));
#4194 = DIRECTION('',(1.,0.,0.));
#4195 = DIRECTION('',(0.,0.,1.));
#4196 = ADVANCED_FACE('',(#4197),#4216,.F.);
#4197 = FACE_BOUND('',#4198,.F.);
#4198 = EDGE_LOOP('',(#4199,#4208,#4209,#4210));
#4199 = ORIENTED_EDGE('',*,*,#4200,.F.);
#4200 = EDGE_CURVE('',#4171,#4201,#4203,.T.);
#4201 = VERTEX_POINT('',#4202);
#4202 = CARTESIAN_POINT('',(7.65,4.3,4.782623792125));
#4203 = CIRCLE('',#4204,1.35);
#4204 = AXIS2_PLACEMENT_3D('',#4205,#4206,#4207);
#4205 = CARTESIAN_POINT('',(8.75,4.3,4.));
#4206 = DIRECTION('',(0.,1.,0.));
#4207 = DIRECTION('',(0.,0.,1.));
#4208 = ORIENTED_EDGE('',*,*,#4170,.F.);
#4209 = ORIENTED_EDGE('',*,*,#3890,.T.);
#4210 = ORIENTED_EDGE('',*,*,#4211,.T.);
#4211 = EDGE_CURVE('',#3883,#4201,#4212,.T.);
#4212 = LINE('',#4213,#4214);
#4213 = CARTESIAN_POINT('',(7.65,-5.E-02,4.782623792125));
#4214 = VECTOR('',#4215,1.);
#4215 = DIRECTION('',(0.,1.,0.));
#4216 = CYLINDRICAL_SURFACE('',#4217,1.35);
#4217 = AXIS2_PLACEMENT_3D('',#4218,#4219,#4220);
#4218 = CARTESIAN_POINT('',(8.75,-5.E-02,4.));
#4219 = DIRECTION('',(0.,1.,0.));
#4220 = DIRECTION('',(0.,0.,1.));
#4221 = ADVANCED_FACE('',(#4222),#4240,.T.);
#4222 = FACE_BOUND('',#4223,.T.);
#4223 = EDGE_LOOP('',(#4224,#4225,#4226,#4234));
#4224 = ORIENTED_EDGE('',*,*,#3882,.T.);
#4225 = ORIENTED_EDGE('',*,*,#4211,.T.);
#4226 = ORIENTED_EDGE('',*,*,#4227,.T.);
#4227 = EDGE_CURVE('',#4201,#4228,#4230,.T.);
#4228 = VERTEX_POINT('',#4229);
#4229 = CARTESIAN_POINT('',(7.65,4.3,8.1));
#4230 = LINE('',#4231,#4232);
#4231 = CARTESIAN_POINT('',(7.65,4.3,4.));
#4232 = VECTOR('',#4233,1.);
#4233 = DIRECTION('',(0.,0.,1.));
#4234 = ORIENTED_EDGE('',*,*,#4235,.F.);
#4235 = EDGE_CURVE('',#3875,#4228,#4236,.T.);
#4236 = LINE('',#4237,#4238);
#4237 = CARTESIAN_POINT('',(7.65,-5.E-02,8.1));
#4238 = VECTOR('',#4239,1.);
#4239 = DIRECTION('',(0.,1.,0.));
#4240 = PLANE('',#4241);
#4241 = AXIS2_PLACEMENT_3D('',#4242,#4243,#4244);
#4242 = CARTESIAN_POINT('',(7.65,-5.E-02,4.));
#4243 = DIRECTION('',(1.,0.,0.));
#4244 = DIRECTION('',(0.,0.,1.));
#4245 = ADVANCED_FACE('',(#4246),#4257,.F.);
#4246 = FACE_BOUND('',#4247,.F.);
#4247 = EDGE_LOOP('',(#4248,#4249,#4250,#4251));
#4248 = ORIENTED_EDGE('',*,*,#4235,.F.);
#4249 = ORIENTED_EDGE('',*,*,#3874,.T.);
#4250 = ORIENTED_EDGE('',*,*,#4186,.T.);
#4251 = ORIENTED_EDGE('',*,*,#4252,.F.);
#4252 = EDGE_CURVE('',#4228,#4179,#4253,.T.);
#4253 = LINE('',#4254,#4255);
#4254 = CARTESIAN_POINT('',(7.65,4.3,8.1));
#4255 = VECTOR('',#4256,1.);
#4256 = DIRECTION('',(1.,0.,0.));
#4257 = PLANE('',#4258);
#4258 = AXIS2_PLACEMENT_3D('',#4259,#4260,#4261);
#4259 = CARTESIAN_POINT('',(7.65,-5.E-02,8.1));
#4260 = DIRECTION('',(0.,0.,1.));
#4261 = DIRECTION('',(1.,0.,0.));
#4262 = ADVANCED_FACE('',(#4263),#4275,.T.);
#4263 = FACE_BOUND('',#4264,.F.);
#4264 = EDGE_LOOP('',(#4265,#4266,#4267,#4274));
#4265 = ORIENTED_EDGE('',*,*,#3937,.F.);
#4266 = ORIENTED_EDGE('',*,*,#3922,.T.);
#4267 = ORIENTED_EDGE('',*,*,#4268,.T.);
#4268 = EDGE_CURVE('',#3915,#4045,#4269,.T.);
#4269 = CIRCLE('',#4270,0.18);
#4270 = AXIS2_PLACEMENT_3D('',#4271,#4272,#4273);
#4271 = CARTESIAN_POINT('',(10.32,12.32,0.18));
#4272 = DIRECTION('',(1.,-6.123233995737E-17,0.));
#4273 = DIRECTION('',(6.123233995737E-17,1.,0.));
#4274 = ORIENTED_EDGE('',*,*,#4052,.F.);
#4275 = CYLINDRICAL_SURFACE('',#4276,0.18);
#4276 = AXIS2_PLACEMENT_3D('',#4277,#4278,#4279);
#4277 = CARTESIAN_POINT('',(7.,12.32,0.18));
#4278 = DIRECTION('',(1.,0.,0.));
#4279 = DIRECTION('',(0.,1.,0.));
#4280 = ADVANCED_FACE('',(#4281),#4306,.T.);
#4281 = FACE_BOUND('',#4282,.T.);
#4282 = EDGE_LOOP('',(#4283,#4290,#4291,#4300));
#4283 = ORIENTED_EDGE('',*,*,#4284,.F.);
#4284 = EDGE_CURVE('',#3907,#4137,#4285,.T.);
#4285 = CIRCLE('',#4286,0.18);
#4286 = AXIS2_PLACEMENT_3D('',#4287,#4288,#4289);
#4287 = CARTESIAN_POINT('',(10.32,0.18,0.18));
#4288 = DIRECTION('',(0.,-1.,0.));
#4289 = DIRECTION('',(1.,0.,0.));
#4290 = ORIENTED_EDGE('',*,*,#3914,.T.);
#4291 = ORIENTED_EDGE('',*,*,#4292,.T.);
#4292 = EDGE_CURVE('',#3915,#4293,#4295,.T.);
#4293 = VERTEX_POINT('',#4294);
#4294 = CARTESIAN_POINT('',(10.5,12.32,0.18));
#4295 = CIRCLE('',#4296,0.18);
#4296 = AXIS2_PLACEMENT_3D('',#4297,#4298,#4299);
#4297 = CARTESIAN_POINT('',(10.32,12.32,0.18));
#4298 = DIRECTION('',(0.,-1.,0.));
#4299 = DIRECTION('',(1.,0.,0.));
#4300 = ORIENTED_EDGE('',*,*,#4301,.F.);
#4301 = EDGE_CURVE('',#4137,#4293,#4302,.T.);
#4302 = LINE('',#4303,#4304);
#4303 = CARTESIAN_POINT('',(10.5,0.,0.18));
#4304 = VECTOR('',#4305,1.);
#4305 = DIRECTION('',(0.,1.,0.));
#4306 = CYLINDRICAL_SURFACE('',#4307,0.18);
#4307 = AXIS2_PLACEMENT_3D('',#4308,#4309,#4310);
#4308 = CARTESIAN_POINT('',(10.32,0.,0.18));
#4309 = DIRECTION('',(0.,1.,0.));
#4310 = DIRECTION('',(1.,0.,0.));
#4311 = ADVANCED_FACE('',(#4312),#4324,.T.);
#4312 = FACE_BOUND('',#4313,.T.);
#4313 = EDGE_LOOP('',(#4314,#4315,#4316,#4323));
#4314 = ORIENTED_EDGE('',*,*,#4019,.T.);
#4315 = ORIENTED_EDGE('',*,*,#3970,.T.);
#4316 = ORIENTED_EDGE('',*,*,#4317,.F.);
#4317 = EDGE_CURVE('',#4037,#3963,#4318,.T.);
#4318 = CIRCLE('',#4319,0.18);
#4319 = AXIS2_PLACEMENT_3D('',#4320,#4321,#4322);
#4320 = CARTESIAN_POINT('',(10.32,12.32,10.42));
#4321 = DIRECTION('',(1.,0.,-6.123233995737E-17));
#4322 = DIRECTION('',(6.123233995737E-17,0.,1.));
#4323 = ORIENTED_EDGE('',*,*,#4036,.F.);
#4324 = CYLINDRICAL_SURFACE('',#4325,0.18);
#4325 = AXIS2_PLACEMENT_3D('',#4326,#4327,#4328);
#4326 = CARTESIAN_POINT('',(7.,12.32,10.42));
#4327 = DIRECTION('',(1.,0.,0.));
#4328 = DIRECTION('',(0.,1.,0.));
#4329 = ADVANCED_FACE('',(#4330),#4355,.T.);
#4330 = FACE_BOUND('',#4331,.F.);
#4331 = EDGE_LOOP('',(#4332,#4339,#4340,#4349));
#4332 = ORIENTED_EDGE('',*,*,#4333,.F.);
#4333 = EDGE_CURVE('',#3955,#4139,#4334,.T.);
#4334 = CIRCLE('',#4335,0.18);
#4335 = AXIS2_PLACEMENT_3D('',#4336,#4337,#4338);
#4336 = CARTESIAN_POINT('',(10.32,0.18,10.42));
#4337 = DIRECTION('',(-0.,1.,0.));
#4338 = DIRECTION('',(1.,0.,0.));
#4339 = ORIENTED_EDGE('',*,*,#3962,.T.);
#4340 = ORIENTED_EDGE('',*,*,#4341,.F.);
#4341 = EDGE_CURVE('',#4342,#3963,#4344,.T.);
#4342 = VERTEX_POINT('',#4343);
#4343 = CARTESIAN_POINT('',(10.5,12.32,10.42));
#4344 = CIRCLE('',#4345,0.18);
#4345 = AXIS2_PLACEMENT_3D('',#4346,#4347,#4348);
#4346 = CARTESIAN_POINT('',(10.32,12.32,10.42));
#4347 = DIRECTION('',(0.,-1.,0.));
#4348 = DIRECTION('',(1.,0.,0.));
#4349 = ORIENTED_EDGE('',*,*,#4350,.F.);
#4350 = EDGE_CURVE('',#4139,#4342,#4351,.T.);
#4351 = LINE('',#4352,#4353);
#4352 = CARTESIAN_POINT('',(10.5,0.,10.42));
#4353 = VECTOR('',#4354,1.);
#4354 = DIRECTION('',(0.,1.,0.));
#4355 = CYLINDRICAL_SURFACE('',#4356,0.18);
#4356 = AXIS2_PLACEMENT_3D('',#4357,#4358,#4359);
#4357 = CARTESIAN_POINT('',(10.32,0.,10.42));
#4358 = DIRECTION('',(0.,1.,0.));
#4359 = DIRECTION('',(1.,0.,0.));
#4360 = ADVANCED_FACE('',(#4361),#4386,.T.);
#4361 = FACE_BOUND('',#4362,.T.);
#4362 = EDGE_LOOP('',(#4363,#4371,#4379,#4385));
#4363 = ORIENTED_EDGE('',*,*,#4364,.F.);
#4364 = EDGE_CURVE('',#4365,#3979,#4367,.T.);
#4365 = VERTEX_POINT('',#4366);
#4366 = CARTESIAN_POINT('',(10.16,0.75,8.62));
#4367 = LINE('',#4368,#4369);
#4368 = CARTESIAN_POINT('',(10.16,0.75,8.62));
#4369 = VECTOR('',#4370,1.);
#4370 = DIRECTION('',(0.,0.,1.));
#4371 = ORIENTED_EDGE('',*,*,#4372,.F.);
#4372 = EDGE_CURVE('',#4373,#4365,#4375,.T.);
#4373 = VERTEX_POINT('',#4374);
#4374 = CARTESIAN_POINT('',(7.34,0.75,8.62));
#4375 = LINE('',#4376,#4377);
#4376 = CARTESIAN_POINT('',(7.34,0.75,8.62));
#4377 = VECTOR('',#4378,1.);
#4378 = DIRECTION('',(1.,0.,0.));
#4379 = ORIENTED_EDGE('',*,*,#4380,.T.);
#4380 = EDGE_CURVE('',#4373,#3981,#4381,.T.);
#4381 = LINE('',#4382,#4383);
#4382 = CARTESIAN_POINT('',(7.34,0.75,8.62));
#4383 = VECTOR('',#4384,1.);
#4384 = DIRECTION('',(0.,0.,1.));
#4385 = ORIENTED_EDGE('',*,*,#3978,.F.);
#4386 = PLANE('',#4387);
#4387 = AXIS2_PLACEMENT_3D('',#4388,#4389,#4390);
#4388 = CARTESIAN_POINT('',(7.34,0.75,8.62));
#4389 = DIRECTION('',(0.,1.,0.));
#4390 = DIRECTION('',(0.,0.,1.));
#4391 = ADVANCED_FACE('',(#4392),#4410,.F.);
#4392 = FACE_BOUND('',#4393,.F.);
#4393 = EDGE_LOOP('',(#4394,#4395,#4403,#4409));
#4394 = ORIENTED_EDGE('',*,*,#4364,.F.);
#4395 = ORIENTED_EDGE('',*,*,#4396,.T.);
#4396 = EDGE_CURVE('',#4365,#4397,#4399,.T.);
#4397 = VERTEX_POINT('',#4398);
#4398 = CARTESIAN_POINT('',(10.16,9.5,8.62));
#4399 = LINE('',#4400,#4401);
#4400 = CARTESIAN_POINT('',(10.16,0.75,8.62));
#4401 = VECTOR('',#4402,1.);
#4402 = DIRECTION('',(0.,1.,0.));
#4403 = ORIENTED_EDGE('',*,*,#4404,.T.);
#4404 = EDGE_CURVE('',#4397,#3997,#4405,.T.);
#4405 = LINE('',#4406,#4407);
#4406 = CARTESIAN_POINT('',(10.16,9.5,8.62));
#4407 = VECTOR('',#4408,1.);
#4408 = DIRECTION('',(0.,0.,1.));
#4409 = ORIENTED_EDGE('',*,*,#4004,.F.);
#4410 = PLANE('',#4411);
#4411 = AXIS2_PLACEMENT_3D('',#4412,#4413,#4414);
#4412 = CARTESIAN_POINT('',(10.16,0.75,8.62));
#4413 = DIRECTION('',(1.,0.,0.));
#4414 = DIRECTION('',(0.,0.,1.));
#4415 = ADVANCED_FACE('',(#4416),#4434,.F.);
#4416 = FACE_BOUND('',#4417,.F.);
#4417 = EDGE_LOOP('',(#4418,#4419,#4427,#4433));
#4418 = ORIENTED_EDGE('',*,*,#4404,.F.);
#4419 = ORIENTED_EDGE('',*,*,#4420,.F.);
#4420 = EDGE_CURVE('',#4421,#4397,#4423,.T.);
#4421 = VERTEX_POINT('',#4422);
#4422 = CARTESIAN_POINT('',(7.34,9.5,8.62));
#4423 = LINE('',#4424,#4425);
#4424 = CARTESIAN_POINT('',(7.34,9.5,8.62));
#4425 = VECTOR('',#4426,1.);
#4426 = DIRECTION('',(1.,0.,0.));
#4427 = ORIENTED_EDGE('',*,*,#4428,.T.);
#4428 = EDGE_CURVE('',#4421,#3989,#4429,.T.);
#4429 = LINE('',#4430,#4431);
#4430 = CARTESIAN_POINT('',(7.34,9.5,8.62));
#4431 = VECTOR('',#4432,1.);
#4432 = DIRECTION('',(0.,0.,1.));
#4433 = ORIENTED_EDGE('',*,*,#3996,.F.);
#4434 = PLANE('',#4435);
#4435 = AXIS2_PLACEMENT_3D('',#4436,#4437,#4438);
#4436 = CARTESIAN_POINT('',(7.34,9.5,8.62));
#4437 = DIRECTION('',(0.,1.,0.));
#4438 = DIRECTION('',(0.,0.,1.));
#4439 = ADVANCED_FACE('',(#4440),#4451,.T.);
#4440 = FACE_BOUND('',#4441,.T.);
#4441 = EDGE_LOOP('',(#4442,#4443,#4449,#4450));
#4442 = ORIENTED_EDGE('',*,*,#4380,.F.);
#4443 = ORIENTED_EDGE('',*,*,#4444,.T.);
#4444 = EDGE_CURVE('',#4373,#4421,#4445,.T.);
#4445 = LINE('',#4446,#4447);
#4446 = CARTESIAN_POINT('',(7.34,0.75,8.62));
#4447 = VECTOR('',#4448,1.);
#4448 = DIRECTION('',(0.,1.,0.));
#4449 = ORIENTED_EDGE('',*,*,#4428,.T.);
#4450 = ORIENTED_EDGE('',*,*,#3988,.F.);
#4451 = PLANE('',#4452);
#4452 = AXIS2_PLACEMENT_3D('',#4453,#4454,#4455);
#4453 = CARTESIAN_POINT('',(7.34,0.75,8.62));
#4454 = DIRECTION('',(1.,0.,0.));
#4455 = DIRECTION('',(0.,0.,1.));
#4456 = ADVANCED_FACE('',(#4457),#4480,.T.);
#4457 = FACE_BOUND('',#4458,.T.);
#4458 = EDGE_LOOP('',(#4459,#4465,#4472,#4473));
#4459 = ORIENTED_EDGE('',*,*,#4460,.F.);
#4460 = EDGE_CURVE('',#4293,#4342,#4461,.T.);
#4461 = LINE('',#4462,#4463);
#4462 = CARTESIAN_POINT('',(10.5,12.32,0.));
#4463 = VECTOR('',#4464,1.);
#4464 = DIRECTION('',(0.,0.,1.));
#4465 = ORIENTED_EDGE('',*,*,#4466,.T.);
#4466 = EDGE_CURVE('',#4293,#4045,#4467,.T.);
#4467 = CIRCLE('',#4468,0.18);
#4468 = AXIS2_PLACEMENT_3D('',#4469,#4470,#4471);
#4469 = CARTESIAN_POINT('',(10.32,12.32,0.18));
#4470 = DIRECTION('',(0.,0.,1.));
#4471 = DIRECTION('',(1.,0.,0.));
#4472 = ORIENTED_EDGE('',*,*,#4044,.T.);
#4473 = ORIENTED_EDGE('',*,*,#4474,.T.);
#4474 = EDGE_CURVE('',#4037,#4342,#4475,.T.);
#4475 = CIRCLE('',#4476,0.18);
#4476 = AXIS2_PLACEMENT_3D('',#4477,#4478,#4479);
#4477 = CARTESIAN_POINT('',(10.32,12.32,10.42));
#4478 = DIRECTION('',(0.,0.,-1.));
#4479 = DIRECTION('',(1.,0.,0.));
#4480 = CYLINDRICAL_SURFACE('',#4481,0.18);
#4481 = AXIS2_PLACEMENT_3D('',#4482,#4483,#4484);
#4482 = CARTESIAN_POINT('',(10.32,12.32,0.));
#4483 = DIRECTION('',(0.,0.,1.));
#4484 = DIRECTION('',(1.,0.,0.));
#4485 = ADVANCED_FACE('',(#4486),#4511,.F.);
#4486 = FACE_BOUND('',#4487,.F.);
#4487 = EDGE_LOOP('',(#4488,#4496,#4504,#4510));
#4488 = ORIENTED_EDGE('',*,*,#4489,.F.);
#4489 = EDGE_CURVE('',#4490,#4061,#4492,.T.);
#4490 = VERTEX_POINT('',#4491);
#4491 = CARTESIAN_POINT('',(7.525,10.55,9.75));
#4492 = LINE('',#4493,#4494);
#4493 = CARTESIAN_POINT('',(7.525,10.55,9.75));
#4494 = VECTOR('',#4495,1.);
#4495 = DIRECTION('',(0.,1.,0.));
#4496 = ORIENTED_EDGE('',*,*,#4497,.T.);
#4497 = EDGE_CURVE('',#4490,#4498,#4500,.T.);
#4498 = VERTEX_POINT('',#4499);
#4499 = CARTESIAN_POINT('',(9.975,10.55,9.75));
#4500 = LINE('',#4501,#4502);
#4501 = CARTESIAN_POINT('',(7.525,10.55,9.75));
#4502 = VECTOR('',#4503,1.);
#4503 = DIRECTION('',(1.,0.,0.));
#4504 = ORIENTED_EDGE('',*,*,#4505,.T.);
#4505 = EDGE_CURVE('',#4498,#4063,#4506,.T.);
#4506 = LINE('',#4507,#4508);
#4507 = CARTESIAN_POINT('',(9.975,10.55,9.75));
#4508 = VECTOR('',#4509,1.);
#4509 = DIRECTION('',(0.,1.,0.));
#4510 = ORIENTED_EDGE('',*,*,#4060,.F.);
#4511 = PLANE('',#4512);
#4512 = AXIS2_PLACEMENT_3D('',#4513,#4514,#4515);
#4513 = CARTESIAN_POINT('',(7.525,10.55,9.75));
#4514 = DIRECTION('',(0.,0.,1.));
#4515 = DIRECTION('',(1.,0.,0.));
#4516 = ADVANCED_FACE('',(#4517),#4535,.F.);
#4517 = FACE_BOUND('',#4518,.F.);
#4518 = EDGE_LOOP('',(#4519,#4520,#4528,#4534));
#4519 = ORIENTED_EDGE('',*,*,#4505,.F.);
#4520 = ORIENTED_EDGE('',*,*,#4521,.F.);
#4521 = EDGE_CURVE('',#4522,#4498,#4524,.T.);
#4522 = VERTEX_POINT('',#4523);
#4523 = CARTESIAN_POINT('',(9.975,10.55,7.2));
#4524 = LINE('',#4525,#4526);
#4525 = CARTESIAN_POINT('',(9.975,10.55,7.2));
#4526 = VECTOR('',#4527,1.);
#4527 = DIRECTION('',(0.,0.,1.));
#4528 = ORIENTED_EDGE('',*,*,#4529,.T.);
#4529 = EDGE_CURVE('',#4522,#4079,#4530,.T.);
#4530 = LINE('',#4531,#4532);
#4531 = CARTESIAN_POINT('',(9.975,10.55,7.2));
#4532 = VECTOR('',#4533,1.);
#4533 = DIRECTION('',(0.,1.,0.));
#4534 = ORIENTED_EDGE('',*,*,#4086,.F.);
#4535 = PLANE('',#4536);
#4536 = AXIS2_PLACEMENT_3D('',#4537,#4538,#4539);
#4537 = CARTESIAN_POINT('',(9.975,10.55,7.2));
#4538 = DIRECTION('',(1.,0.,0.));
#4539 = DIRECTION('',(0.,0.,1.));
#4540 = ADVANCED_FACE('',(#4541),#4559,.T.);
#4541 = FACE_BOUND('',#4542,.T.);
#4542 = EDGE_LOOP('',(#4543,#4551,#4557,#4558));
#4543 = ORIENTED_EDGE('',*,*,#4544,.F.);
#4544 = EDGE_CURVE('',#4545,#4071,#4547,.T.);
#4545 = VERTEX_POINT('',#4546);
#4546 = CARTESIAN_POINT('',(7.525,10.55,7.2));
#4547 = LINE('',#4548,#4549);
#4548 = CARTESIAN_POINT('',(7.525,10.55,7.2));
#4549 = VECTOR('',#4550,1.);
#4550 = DIRECTION('',(0.,1.,0.));
#4551 = ORIENTED_EDGE('',*,*,#4552,.T.);
#4552 = EDGE_CURVE('',#4545,#4522,#4553,.T.);
#4553 = LINE('',#4554,#4555);
#4554 = CARTESIAN_POINT('',(7.525,10.55,7.2));
#4555 = VECTOR('',#4556,1.);
#4556 = DIRECTION('',(1.,0.,0.));
#4557 = ORIENTED_EDGE('',*,*,#4529,.T.);
#4558 = ORIENTED_EDGE('',*,*,#4078,.F.);
#4559 = PLANE('',#4560);
#4560 = AXIS2_PLACEMENT_3D('',#4561,#4562,#4563);
#4561 = CARTESIAN_POINT('',(7.525,10.55,7.2));
#4562 = DIRECTION('',(0.,0.,1.));
#4563 = DIRECTION('',(1.,0.,0.));
#4564 = ADVANCED_FACE('',(#4565),#4576,.T.);
#4565 = FACE_BOUND('',#4566,.T.);
#4566 = EDGE_LOOP('',(#4567,#4568,#4574,#4575));
#4567 = ORIENTED_EDGE('',*,*,#4489,.F.);
#4568 = ORIENTED_EDGE('',*,*,#4569,.F.);
#4569 = EDGE_CURVE('',#4545,#4490,#4570,.T.);
#4570 = LINE('',#4571,#4572);
#4571 = CARTESIAN_POINT('',(7.525,10.55,7.2));
#4572 = VECTOR('',#4573,1.);
#4573 = DIRECTION('',(0.,0.,1.));
#4574 = ORIENTED_EDGE('',*,*,#4544,.T.);
#4575 = ORIENTED_EDGE('',*,*,#4070,.F.);
#4576 = PLANE('',#4577);
#4577 = AXIS2_PLACEMENT_3D('',#4578,#4579,#4580);
#4578 = CARTESIAN_POINT('',(7.525,10.55,7.2));
#4579 = DIRECTION('',(1.,0.,0.));
#4580 = DIRECTION('',(0.,0.,1.));
#4581 = ADVANCED_FACE('',(#4582),#4587,.T.);
#4582 = FACE_BOUND('',#4583,.F.);
#4583 = EDGE_LOOP('',(#4584,#4585,#4586));
#4584 = ORIENTED_EDGE('',*,*,#4284,.F.);
#4585 = ORIENTED_EDGE('',*,*,#4102,.T.);
#4586 = ORIENTED_EDGE('',*,*,#4146,.F.);
#4587 = SPHERICAL_SURFACE('',#4588,0.18);
#4588 = AXIS2_PLACEMENT_3D('',#4589,#4590,#4591);
#4589 = CARTESIAN_POINT('',(10.32,0.18,0.18));
#4590 = DIRECTION('',(0.,0.,1.));
#4591 = DIRECTION('',(1.,0.,0.));
#4592 = ADVANCED_FACE('',(#4593),#4598,.T.);
#4593 = FACE_BOUND('',#4594,.T.);
#4594 = EDGE_LOOP('',(#4595,#4596,#4597));
#4595 = ORIENTED_EDGE('',*,*,#4333,.F.);
#4596 = ORIENTED_EDGE('',*,*,#4120,.T.);
#4597 = ORIENTED_EDGE('',*,*,#4154,.F.);
#4598 = SPHERICAL_SURFACE('',#4599,0.18);
#4599 = AXIS2_PLACEMENT_3D('',#4600,#4601,#4602);
#4600 = CARTESIAN_POINT('',(10.32,0.18,10.42));
#4601 = DIRECTION('',(-0.,-0.,-1.));
#4602 = DIRECTION('',(1.,0.,0.));
#4603 = ADVANCED_FACE('',(#4604),#4610,.T.);
#4604 = FACE_BOUND('',#4605,.T.);
#4605 = EDGE_LOOP('',(#4606,#4607,#4608,#4609));
#4606 = ORIENTED_EDGE('',*,*,#4136,.F.);
#4607 = ORIENTED_EDGE('',*,*,#4301,.T.);
#4608 = ORIENTED_EDGE('',*,*,#4460,.T.);
#4609 = ORIENTED_EDGE('',*,*,#4350,.F.);
#4610 = PLANE('',#4611);
#4611 = AXIS2_PLACEMENT_3D('',#4612,#4613,#4614);
#4612 = CARTESIAN_POINT('',(10.5,0.,0.));
#4613 = DIRECTION('',(1.,0.,0.));
#4614 = DIRECTION('',(0.,0.,1.));
#4615 = ADVANCED_FACE('',(#4616),#4621,.T.);
#4616 = FACE_BOUND('',#4617,.T.);
#4617 = EDGE_LOOP('',(#4618,#4619,#4620));
#4618 = ORIENTED_EDGE('',*,*,#4292,.F.);
#4619 = ORIENTED_EDGE('',*,*,#4268,.T.);
#4620 = ORIENTED_EDGE('',*,*,#4466,.F.);
#4621 = SPHERICAL_SURFACE('',#4622,0.18);
#4622 = AXIS2_PLACEMENT_3D('',#4623,#4624,#4625);
#4623 = CARTESIAN_POINT('',(10.32,12.32,0.18));
#4624 = DIRECTION('',(0.,0.,1.));
#4625 = DIRECTION('',(1.,0.,0.));
#4626 = ADVANCED_FACE('',(#4627),#4632,.T.);
#4627 = FACE_BOUND('',#4628,.T.);
#4628 = EDGE_LOOP('',(#4629,#4630,#4631));
#4629 = ORIENTED_EDGE('',*,*,#4474,.F.);
#4630 = ORIENTED_EDGE('',*,*,#4317,.T.);
#4631 = ORIENTED_EDGE('',*,*,#4341,.F.);
#4632 = SPHERICAL_SURFACE('',#4633,0.18);
#4633 = AXIS2_PLACEMENT_3D('',#4634,#4635,#4636);
#4634 = CARTESIAN_POINT('',(10.32,12.32,10.42));
#4635 = DIRECTION('',(0.,-1.,0.));
#4636 = DIRECTION('',(1.,0.,0.));
#4637 = ADVANCED_FACE('',(#4638),#4644,.T.);
#4638 = FACE_BOUND('',#4639,.T.);
#4639 = EDGE_LOOP('',(#4640,#4641,#4642,#4643));
#4640 = ORIENTED_EDGE('',*,*,#4444,.F.);
#4641 = ORIENTED_EDGE('',*,*,#4372,.T.);
#4642 = ORIENTED_EDGE('',*,*,#4396,.T.);
#4643 = ORIENTED_EDGE('',*,*,#4420,.F.);
#4644 = PLANE('',#4645);
#4645 = AXIS2_PLACEMENT_3D('',#4646,#4647,#4648);
#4646 = CARTESIAN_POINT('',(7.34,0.75,8.62));
#4647 = DIRECTION('',(0.,0.,1.));
#4648 = DIRECTION('',(1.,0.,0.));
#4649 = ADVANCED_FACE('',(#4650),#4656,.T.);
#4650 = FACE_BOUND('',#4651,.T.);
#4651 = EDGE_LOOP('',(#4652,#4653,#4654,#4655));
#4652 = ORIENTED_EDGE('',*,*,#4552,.F.);
#4653 = ORIENTED_EDGE('',*,*,#4569,.T.);
#4654 = ORIENTED_EDGE('',*,*,#4497,.T.);
#4655 = ORIENTED_EDGE('',*,*,#4521,.F.);
#4656 = PLANE('',#4657);
#4657 = AXIS2_PLACEMENT_3D('',#4658,#4659,#4660);
#4658 = CARTESIAN_POINT('',(7.525,10.55,7.2));
#4659 = DIRECTION('',(0.,1.,0.));
#4660 = DIRECTION('',(0.,0.,1.));
#4661 = ADVANCED_FACE('',(#4662),#4668,.T.);
#4662 = FACE_BOUND('',#4663,.T.);
#4663 = EDGE_LOOP('',(#4664,#4665,#4666,#4667));
#4664 = ORIENTED_EDGE('',*,*,#4178,.T.);
#4665 = ORIENTED_EDGE('',*,*,#4252,.F.);
#4666 = ORIENTED_EDGE('',*,*,#4227,.F.);
#4667 = ORIENTED_EDGE('',*,*,#4200,.F.);
#4668 = PLANE('',#4669);
#4669 = AXIS2_PLACEMENT_3D('',#4670,#4671,#4672);
#4670 = CARTESIAN_POINT('',(8.75,4.3,5.616030404352));
#4671 = DIRECTION('',(-0.,-1.,-0.));
#4672 = DIRECTION('',(0.,0.,-1.));
#4673 = MANIFOLD_SOLID_BREP('',#4674);
#4674 = CLOSED_SHELL('',(#4675,#4715,#4778,#4832,#4863,#4894,#4918,#4942
    ,#4959,#4971,#5000,#5029));
#4675 = ADVANCED_FACE('',(#4676),#4710,.F.);
#4676 = FACE_BOUND('',#4677,.F.);
#4677 = EDGE_LOOP('',(#4678,#4688,#4696,#4704));
#4678 = ORIENTED_EDGE('',*,*,#4679,.F.);
#4679 = EDGE_CURVE('',#4680,#4682,#4684,.T.);
#4680 = VERTEX_POINT('',#4681);
#4681 = CARTESIAN_POINT('',(10.1,2.15,9.72));
#4682 = VERTEX_POINT('',#4683);
#4683 = CARTESIAN_POINT('',(10.1,2.15,10.47));
#4684 = LINE('',#4685,#4686);
#4685 = CARTESIAN_POINT('',(10.1,2.15,9.72));
#4686 = VECTOR('',#4687,1.);
#4687 = DIRECTION('',(0.,0.,1.));
#4688 = ORIENTED_EDGE('',*,*,#4689,.F.);
#4689 = EDGE_CURVE('',#4690,#4680,#4692,.T.);
#4690 = VERTEX_POINT('',#4691);
#4691 = CARTESIAN_POINT('',(7.4,2.15,9.72));
#4692 = LINE('',#4693,#4694);
#4693 = CARTESIAN_POINT('',(7.4,2.15,9.72));
#4694 = VECTOR('',#4695,1.);
#4695 = DIRECTION('',(1.,0.,0.));
#4696 = ORIENTED_EDGE('',*,*,#4697,.T.);
#4697 = EDGE_CURVE('',#4690,#4698,#4700,.T.);
#4698 = VERTEX_POINT('',#4699);
#4699 = CARTESIAN_POINT('',(7.4,2.15,10.47));
#4700 = LINE('',#4701,#4702);
#4701 = CARTESIAN_POINT('',(7.4,2.15,9.72));
#4702 = VECTOR('',#4703,1.);
#4703 = DIRECTION('',(0.,0.,1.));
#4704 = ORIENTED_EDGE('',*,*,#4705,.T.);
#4705 = EDGE_CURVE('',#4698,#4682,#4706,.T.);
#4706 = LINE('',#4707,#4708);
#4707 = CARTESIAN_POINT('',(7.37,2.15,10.47));
#4708 = VECTOR('',#4709,1.);
#4709 = DIRECTION('',(1.,0.,0.));
#4710 = PLANE('',#4711);
#4711 = AXIS2_PLACEMENT_3D('',#4712,#4713,#4714);
#4712 = CARTESIAN_POINT('',(7.4,2.15,9.72));
#4713 = DIRECTION('',(0.,1.,0.));
#4714 = DIRECTION('',(0.,0.,1.));
#4715 = ADVANCED_FACE('',(#4716),#4773,.F.);
#4716 = FACE_BOUND('',#4717,.F.);
#4717 = EDGE_LOOP('',(#4718,#4728,#4736,#4744,#4752,#4760,#4766,#4767));
#4718 = ORIENTED_EDGE('',*,*,#4719,.F.);
#4719 = EDGE_CURVE('',#4720,#4722,#4724,.T.);
#4720 = VERTEX_POINT('',#4721);
#4721 = CARTESIAN_POINT('',(7.34,4.15,10.47));
#4722 = VERTEX_POINT('',#4723);
#4723 = CARTESIAN_POINT('',(7.4,4.15,10.47));
#4724 = LINE('',#4725,#4726);
#4725 = CARTESIAN_POINT('',(7.34,4.15,10.47));
#4726 = VECTOR('',#4727,1.);
#4727 = DIRECTION('',(1.,0.,0.));
#4728 = ORIENTED_EDGE('',*,*,#4729,.F.);
#4729 = EDGE_CURVE('',#4730,#4720,#4732,.T.);
#4730 = VERTEX_POINT('',#4731);
#4731 = CARTESIAN_POINT('',(7.34,2.,10.47));
#4732 = LINE('',#4733,#4734);
#4733 = CARTESIAN_POINT('',(7.34,2.,10.47));
#4734 = VECTOR('',#4735,1.);
#4735 = DIRECTION('',(0.,1.,0.));
#4736 = ORIENTED_EDGE('',*,*,#4737,.T.);
#4737 = EDGE_CURVE('',#4730,#4738,#4740,.T.);
#4738 = VERTEX_POINT('',#4739);
#4739 = CARTESIAN_POINT('',(10.16,2.,10.47));
#4740 = LINE('',#4741,#4742);
#4741 = CARTESIAN_POINT('',(7.34,2.,10.47));
#4742 = VECTOR('',#4743,1.);
#4743 = DIRECTION('',(1.,0.,0.));
#4744 = ORIENTED_EDGE('',*,*,#4745,.T.);
#4745 = EDGE_CURVE('',#4738,#4746,#4748,.T.);
#4746 = VERTEX_POINT('',#4747);
#4747 = CARTESIAN_POINT('',(10.16,4.15,10.47));
#4748 = LINE('',#4749,#4750);
#4749 = CARTESIAN_POINT('',(10.16,2.,10.47));
#4750 = VECTOR('',#4751,1.);
#4751 = DIRECTION('',(0.,1.,0.));
#4752 = ORIENTED_EDGE('',*,*,#4753,.F.);
#4753 = EDGE_CURVE('',#4754,#4746,#4756,.T.);
#4754 = VERTEX_POINT('',#4755);
#4755 = CARTESIAN_POINT('',(10.1,4.15,10.47));
#4756 = LINE('',#4757,#4758);
#4757 = CARTESIAN_POINT('',(7.34,4.15,10.47));
#4758 = VECTOR('',#4759,1.);
#4759 = DIRECTION('',(1.,0.,0.));
#4760 = ORIENTED_EDGE('',*,*,#4761,.T.);
#4761 = EDGE_CURVE('',#4754,#4682,#4762,.T.);
#4762 = LINE('',#4763,#4764);
#4763 = CARTESIAN_POINT('',(10.1,2.075,10.47));
#4764 = VECTOR('',#4765,1.);
#4765 = DIRECTION('',(0.,-1.,0.));
#4766 = ORIENTED_EDGE('',*,*,#4705,.F.);
#4767 = ORIENTED_EDGE('',*,*,#4768,.F.);
#4768 = EDGE_CURVE('',#4722,#4698,#4769,.T.);
#4769 = LINE('',#4770,#4771);
#4770 = CARTESIAN_POINT('',(7.4,2.075,10.47));
#4771 = VECTOR('',#4772,1.);
#4772 = DIRECTION('',(0.,-1.,0.));
#4773 = PLANE('',#4774);
#4774 = AXIS2_PLACEMENT_3D('',#4775,#4776,#4777);
#4775 = CARTESIAN_POINT('',(7.34,2.,10.47));
#4776 = DIRECTION('',(0.,0.,1.));
#4777 = DIRECTION('',(1.,0.,0.));
#4778 = ADVANCED_FACE('',(#4779),#4827,.T.);
#4779 = FACE_BOUND('',#4780,.T.);
#4780 = EDGE_LOOP('',(#4781,#4782,#4790,#4798,#4804,#4805,#4813,#4821));
#4781 = ORIENTED_EDGE('',*,*,#4719,.F.);
#4782 = ORIENTED_EDGE('',*,*,#4783,.T.);
#4783 = EDGE_CURVE('',#4720,#4784,#4786,.T.);
#4784 = VERTEX_POINT('',#4785);
#4785 = CARTESIAN_POINT('',(7.34,4.15,10.92));
#4786 = LINE('',#4787,#4788);
#4787 = CARTESIAN_POINT('',(7.34,4.15,10.47));
#4788 = VECTOR('',#4789,1.);
#4789 = DIRECTION('',(0.,0.,1.));
#4790 = ORIENTED_EDGE('',*,*,#4791,.T.);
#4791 = EDGE_CURVE('',#4784,#4792,#4794,.T.);
#4792 = VERTEX_POINT('',#4793);
#4793 = CARTESIAN_POINT('',(10.16,4.15,10.92));
#4794 = LINE('',#4795,#4796);
#4795 = CARTESIAN_POINT('',(7.34,4.15,10.92));
#4796 = VECTOR('',#4797,1.);
#4797 = DIRECTION('',(1.,0.,0.));
#4798 = ORIENTED_EDGE('',*,*,#4799,.F.);
#4799 = EDGE_CURVE('',#4746,#4792,#4800,.T.);
#4800 = LINE('',#4801,#4802);
#4801 = CARTESIAN_POINT('',(10.16,4.15,10.47));
#4802 = VECTOR('',#4803,1.);
#4803 = DIRECTION('',(0.,0.,1.));
#4804 = ORIENTED_EDGE('',*,*,#4753,.F.);
#4805 = ORIENTED_EDGE('',*,*,#4806,.T.);
#4806 = EDGE_CURVE('',#4754,#4807,#4809,.T.);
#4807 = VERTEX_POINT('',#4808);
#4808 = CARTESIAN_POINT('',(10.1,4.15,10.72));
#4809 = LINE('',#4810,#4811);
#4810 = CARTESIAN_POINT('',(10.1,4.15,10.095));
#4811 = VECTOR('',#4812,1.);
#4812 = DIRECTION('',(0.,0.,1.));
#4813 = ORIENTED_EDGE('',*,*,#4814,.T.);
#4814 = EDGE_CURVE('',#4807,#4815,#4817,.T.);
#4815 = VERTEX_POINT('',#4816);
#4816 = CARTESIAN_POINT('',(7.4,4.15,10.72));
#4817 = LINE('',#4818,#4819);
#4818 = CARTESIAN_POINT('',(7.37,4.15,10.72));
#4819 = VECTOR('',#4820,1.);
#4820 = DIRECTION('',(-1.,0.,0.));
#4821 = ORIENTED_EDGE('',*,*,#4822,.F.);
#4822 = EDGE_CURVE('',#4722,#4815,#4823,.T.);
#4823 = LINE('',#4824,#4825);
#4824 = CARTESIAN_POINT('',(7.4,4.15,10.095));
#4825 = VECTOR('',#4826,1.);
#4826 = DIRECTION('',(0.,0.,1.));
#4827 = PLANE('',#4828);
#4828 = AXIS2_PLACEMENT_3D('',#4829,#4830,#4831);
#4829 = CARTESIAN_POINT('',(7.34,4.15,10.47));
#4830 = DIRECTION('',(0.,1.,0.));
#4831 = DIRECTION('',(0.,0.,1.));
#4832 = ADVANCED_FACE('',(#4833),#4858,.T.);
#4833 = FACE_BOUND('',#4834,.T.);
#4834 = EDGE_LOOP('',(#4835,#4843,#4844,#4852));
#4835 = ORIENTED_EDGE('',*,*,#4836,.F.);
#4836 = EDGE_CURVE('',#4815,#4837,#4839,.T.);
#4837 = VERTEX_POINT('',#4838);
#4838 = CARTESIAN_POINT('',(7.4,9.156061230866,10.72));
#4839 = LINE('',#4840,#4841);
#4840 = CARTESIAN_POINT('',(7.4,2.15,10.72));
#4841 = VECTOR('',#4842,1.);
#4842 = DIRECTION('',(0.,1.,0.));
#4843 = ORIENTED_EDGE('',*,*,#4814,.F.);
#4844 = ORIENTED_EDGE('',*,*,#4845,.T.);
#4845 = EDGE_CURVE('',#4807,#4846,#4848,.T.);
#4846 = VERTEX_POINT('',#4847);
#4847 = CARTESIAN_POINT('',(10.1,9.156061230866,10.72));
#4848 = LINE('',#4849,#4850);
#4849 = CARTESIAN_POINT('',(10.1,2.15,10.72));
#4850 = VECTOR('',#4851,1.);
#4851 = DIRECTION('',(0.,1.,0.));
#4852 = ORIENTED_EDGE('',*,*,#4853,.F.);
#4853 = EDGE_CURVE('',#4837,#4846,#4854,.T.);
#4854 = LINE('',#4855,#4856);
#4855 = CARTESIAN_POINT('',(7.4,9.156061230866,10.72));
#4856 = VECTOR('',#4857,1.);
#4857 = DIRECTION('',(1.,0.,0.));
#4858 = PLANE('',#4859);
#4859 = AXIS2_PLACEMENT_3D('',#4860,#4861,#4862);
#4860 = CARTESIAN_POINT('',(7.4,2.15,10.72));
#4861 = DIRECTION('',(0.,0.,1.));
#4862 = DIRECTION('',(1.,0.,0.));
#4863 = ADVANCED_FACE('',(#4864),#4889,.F.);
#4864 = FACE_BOUND('',#4865,.F.);
#4865 = EDGE_LOOP('',(#4866,#4874,#4875,#4883));
#4866 = ORIENTED_EDGE('',*,*,#4867,.F.);
#4867 = EDGE_CURVE('',#4690,#4868,#4870,.T.);
#4868 = VERTEX_POINT('',#4869);
#4869 = CARTESIAN_POINT('',(7.4,9.156061230866,9.72));
#4870 = LINE('',#4871,#4872);
#4871 = CARTESIAN_POINT('',(7.4,2.15,9.72));
#4872 = VECTOR('',#4873,1.);
#4873 = DIRECTION('',(0.,1.,0.));
#4874 = ORIENTED_EDGE('',*,*,#4689,.T.);
#4875 = ORIENTED_EDGE('',*,*,#4876,.T.);
#4876 = EDGE_CURVE('',#4680,#4877,#4879,.T.);
#4877 = VERTEX_POINT('',#4878);
#4878 = CARTESIAN_POINT('',(10.1,9.156061230866,9.72));
#4879 = LINE('',#4880,#4881);
#4880 = CARTESIAN_POINT('',(10.1,2.15,9.72));
#4881 = VECTOR('',#4882,1.);
#4882 = DIRECTION('',(0.,1.,0.));
#4883 = ORIENTED_EDGE('',*,*,#4884,.F.);
#4884 = EDGE_CURVE('',#4868,#4877,#4885,.T.);
#4885 = LINE('',#4886,#4887);
#4886 = CARTESIAN_POINT('',(7.4,9.156061230866,9.72));
#4887 = VECTOR('',#4888,1.);
#4888 = DIRECTION('',(1.,0.,0.));
#4889 = PLANE('',#4890);
#4890 = AXIS2_PLACEMENT_3D('',#4891,#4892,#4893);
#4891 = CARTESIAN_POINT('',(7.4,2.15,9.72));
#4892 = DIRECTION('',(0.,0.,1.));
#4893 = DIRECTION('',(1.,0.,0.));
#4894 = ADVANCED_FACE('',(#4895),#4913,.T.);
#4895 = FACE_BOUND('',#4896,.T.);
#4896 = EDGE_LOOP('',(#4897,#4905,#4906,#4907));
#4897 = ORIENTED_EDGE('',*,*,#4898,.F.);
#4898 = EDGE_CURVE('',#4738,#4899,#4901,.T.);
#4899 = VERTEX_POINT('',#4900);
#4900 = CARTESIAN_POINT('',(10.16,2.,10.92));
#4901 = LINE('',#4902,#4903);
#4902 = CARTESIAN_POINT('',(10.16,2.,10.47));
#4903 = VECTOR('',#4904,1.);
#4904 = DIRECTION('',(0.,0.,1.));
#4905 = ORIENTED_EDGE('',*,*,#4745,.T.);
#4906 = ORIENTED_EDGE('',*,*,#4799,.T.);
#4907 = ORIENTED_EDGE('',*,*,#4908,.F.);
#4908 = EDGE_CURVE('',#4899,#4792,#4909,.T.);
#4909 = LINE('',#4910,#4911);
#4910 = CARTESIAN_POINT('',(10.16,2.,10.92));
#4911 = VECTOR('',#4912,1.);
#4912 = DIRECTION('',(0.,1.,0.));
#4913 = PLANE('',#4914);
#4914 = AXIS2_PLACEMENT_3D('',#4915,#4916,#4917);
#4915 = CARTESIAN_POINT('',(10.16,2.,10.47));
#4916 = DIRECTION('',(1.,0.,0.));
#4917 = DIRECTION('',(0.,0.,1.));
#4918 = ADVANCED_FACE('',(#4919),#4937,.F.);
#4919 = FACE_BOUND('',#4920,.F.);
#4920 = EDGE_LOOP('',(#4921,#4922,#4930,#4936));
#4921 = ORIENTED_EDGE('',*,*,#4737,.F.);
#4922 = ORIENTED_EDGE('',*,*,#4923,.T.);
#4923 = EDGE_CURVE('',#4730,#4924,#4926,.T.);
#4924 = VERTEX_POINT('',#4925);
#4925 = CARTESIAN_POINT('',(7.34,2.,10.92));
#4926 = LINE('',#4927,#4928);
#4927 = CARTESIAN_POINT('',(7.34,2.,10.47));
#4928 = VECTOR('',#4929,1.);
#4929 = DIRECTION('',(0.,0.,1.));
#4930 = ORIENTED_EDGE('',*,*,#4931,.T.);
#4931 = EDGE_CURVE('',#4924,#4899,#4932,.T.);
#4932 = LINE('',#4933,#4934);
#4933 = CARTESIAN_POINT('',(7.34,2.,10.92));
#4934 = VECTOR('',#4935,1.);
#4935 = DIRECTION('',(1.,0.,0.));
#4936 = ORIENTED_EDGE('',*,*,#4898,.F.);
#4937 = PLANE('',#4938);
#4938 = AXIS2_PLACEMENT_3D('',#4939,#4940,#4941);
#4939 = CARTESIAN_POINT('',(7.34,2.,10.47));
#4940 = DIRECTION('',(0.,1.,0.));
#4941 = DIRECTION('',(0.,0.,1.));
#4942 = ADVANCED_FACE('',(#4943),#4954,.F.);
#4943 = FACE_BOUND('',#4944,.F.);
#4944 = EDGE_LOOP('',(#4945,#4946,#4947,#4948));
#4945 = ORIENTED_EDGE('',*,*,#4923,.F.);
#4946 = ORIENTED_EDGE('',*,*,#4729,.T.);
#4947 = ORIENTED_EDGE('',*,*,#4783,.T.);
#4948 = ORIENTED_EDGE('',*,*,#4949,.F.);
#4949 = EDGE_CURVE('',#4924,#4784,#4950,.T.);
#4950 = LINE('',#4951,#4952);
#4951 = CARTESIAN_POINT('',(7.34,2.,10.92));
#4952 = VECTOR('',#4953,1.);
#4953 = DIRECTION('',(0.,1.,0.));
#4954 = PLANE('',#4955);
#4955 = AXIS2_PLACEMENT_3D('',#4956,#4957,#4958);
#4956 = CARTESIAN_POINT('',(7.34,2.,10.47));
#4957 = DIRECTION('',(1.,0.,0.));
#4958 = DIRECTION('',(0.,0.,1.));
#4959 = ADVANCED_FACE('',(#4960),#4966,.T.);
#4960 = FACE_BOUND('',#4961,.T.);
#4961 = EDGE_LOOP('',(#4962,#4963,#4964,#4965));
#4962 = ORIENTED_EDGE('',*,*,#4949,.F.);
#4963 = ORIENTED_EDGE('',*,*,#4931,.T.);
#4964 = ORIENTED_EDGE('',*,*,#4908,.T.);
#4965 = ORIENTED_EDGE('',*,*,#4791,.F.);
#4966 = PLANE('',#4967);
#4967 = AXIS2_PLACEMENT_3D('',#4968,#4969,#4970);
#4968 = CARTESIAN_POINT('',(7.34,2.,10.92));
#4969 = DIRECTION('',(0.,0.,1.));
#4970 = DIRECTION('',(1.,0.,0.));
#4971 = ADVANCED_FACE('',(#4972),#4995,.T.);
#4972 = FACE_BOUND('',#4973,.T.);
#4973 = EDGE_LOOP('',(#4974,#4975,#4976,#4977,#4978,#4987,#4994));
#4974 = ORIENTED_EDGE('',*,*,#4697,.T.);
#4975 = ORIENTED_EDGE('',*,*,#4768,.F.);
#4976 = ORIENTED_EDGE('',*,*,#4822,.T.);
#4977 = ORIENTED_EDGE('',*,*,#4836,.T.);
#4978 = ORIENTED_EDGE('',*,*,#4979,.F.);
#4979 = EDGE_CURVE('',#4980,#4837,#4982,.T.);
#4980 = VERTEX_POINT('',#4981);
#4981 = CARTESIAN_POINT('',(7.4,9.45,10.8));
#4982 = CIRCLE('',#4983,0.58);
#4983 = AXIS2_PLACEMENT_3D('',#4984,#4985,#4986);
#4984 = CARTESIAN_POINT('',(7.4,9.45,10.22));
#4985 = DIRECTION('',(1.,0.,-0.));
#4986 = DIRECTION('',(0.,0.,1.));
#4987 = ORIENTED_EDGE('',*,*,#4988,.F.);
#4988 = EDGE_CURVE('',#4868,#4980,#4989,.T.);
#4989 = CIRCLE('',#4990,0.58);
#4990 = AXIS2_PLACEMENT_3D('',#4991,#4992,#4993);
#4991 = CARTESIAN_POINT('',(7.4,9.45,10.22));
#4992 = DIRECTION('',(1.,0.,-0.));
#4993 = DIRECTION('',(0.,0.,1.));
#4994 = ORIENTED_EDGE('',*,*,#4867,.F.);
#4995 = PLANE('',#4996);
#4996 = AXIS2_PLACEMENT_3D('',#4997,#4998,#4999);
#4997 = CARTESIAN_POINT('',(7.4,6.012468051451,10.192880177625));
#4998 = DIRECTION('',(-1.,-0.,-0.));
#4999 = DIRECTION('',(0.,0.,-1.));
#5000 = ADVANCED_FACE('',(#5001),#5024,.T.);
#5001 = FACE_BOUND('',#5002,.T.);
#5002 = EDGE_LOOP('',(#5003,#5004,#5005,#5014,#5021,#5022,#5023));
#5003 = ORIENTED_EDGE('',*,*,#4679,.F.);
#5004 = ORIENTED_EDGE('',*,*,#4876,.T.);
#5005 = ORIENTED_EDGE('',*,*,#5006,.T.);
#5006 = EDGE_CURVE('',#4877,#5007,#5009,.T.);
#5007 = VERTEX_POINT('',#5008);
#5008 = CARTESIAN_POINT('',(10.1,9.45,10.8));
#5009 = CIRCLE('',#5010,0.58);
#5010 = AXIS2_PLACEMENT_3D('',#5011,#5012,#5013);
#5011 = CARTESIAN_POINT('',(10.1,9.45,10.22));
#5012 = DIRECTION('',(1.,0.,-0.));
#5013 = DIRECTION('',(0.,0.,1.));
#5014 = ORIENTED_EDGE('',*,*,#5015,.T.);
#5015 = EDGE_CURVE('',#5007,#4846,#5016,.T.);
#5016 = CIRCLE('',#5017,0.58);
#5017 = AXIS2_PLACEMENT_3D('',#5018,#5019,#5020);
#5018 = CARTESIAN_POINT('',(10.1,9.45,10.22));
#5019 = DIRECTION('',(1.,0.,-0.));
#5020 = DIRECTION('',(0.,0.,1.));
#5021 = ORIENTED_EDGE('',*,*,#4845,.F.);
#5022 = ORIENTED_EDGE('',*,*,#4806,.F.);
#5023 = ORIENTED_EDGE('',*,*,#4761,.T.);
#5024 = PLANE('',#5025);
#5025 = AXIS2_PLACEMENT_3D('',#5026,#5027,#5028);
#5026 = CARTESIAN_POINT('',(10.1,6.012468051451,10.192880177625));
#5027 = DIRECTION('',(1.,0.,0.));
#5028 = DIRECTION('',(0.,0.,1.));
#5029 = ADVANCED_FACE('',(#5030),#5038,.T.);
#5030 = FACE_BOUND('',#5031,.T.);
#5031 = EDGE_LOOP('',(#5032,#5033,#5034,#5035,#5036,#5037));
#5032 = ORIENTED_EDGE('',*,*,#5006,.F.);
#5033 = ORIENTED_EDGE('',*,*,#4884,.F.);
#5034 = ORIENTED_EDGE('',*,*,#4988,.T.);
#5035 = ORIENTED_EDGE('',*,*,#4979,.T.);
#5036 = ORIENTED_EDGE('',*,*,#4853,.T.);
#5037 = ORIENTED_EDGE('',*,*,#5015,.F.);
#5038 = CYLINDRICAL_SURFACE('',#5039,0.58);
#5039 = AXIS2_PLACEMENT_3D('',#5040,#5041,#5042);
#5040 = CARTESIAN_POINT('',(7.4,9.45,10.22));
#5041 = DIRECTION('',(1.,0.,0.));
#5042 = DIRECTION('',(0.,0.,1.));
#5043 = MANIFOLD_SOLID_BREP('',#5044);
#5044 = CLOSED_SHELL('',(#5045,#5085,#5125,#5147,#5169,#5181));
#5045 = ADVANCED_FACE('',(#5046),#5080,.F.);
#5046 = FACE_BOUND('',#5047,.F.);
#5047 = EDGE_LOOP('',(#5048,#5058,#5066,#5074));
#5048 = ORIENTED_EDGE('',*,*,#5049,.F.);
#5049 = EDGE_CURVE('',#5050,#5052,#5054,.T.);
#5050 = VERTEX_POINT('',#5051);
#5051 = CARTESIAN_POINT('',(8.35,3.05,-3.5));
#5052 = VERTEX_POINT('',#5053);
#5053 = CARTESIAN_POINT('',(8.35,3.05,0.));
#5054 = LINE('',#5055,#5056);
#5055 = CARTESIAN_POINT('',(8.35,3.05,-3.5));
#5056 = VECTOR('',#5057,1.);
#5057 = DIRECTION('',(0.,0.,1.));
#5058 = ORIENTED_EDGE('',*,*,#5059,.T.);
#5059 = EDGE_CURVE('',#5050,#5060,#5062,.T.);
#5060 = VERTEX_POINT('',#5061);
#5061 = CARTESIAN_POINT('',(8.35,3.55,-3.5));
#5062 = LINE('',#5063,#5064);
#5063 = CARTESIAN_POINT('',(8.35,3.05,-3.5));
#5064 = VECTOR('',#5065,1.);
#5065 = DIRECTION('',(0.,1.,0.));
#5066 = ORIENTED_EDGE('',*,*,#5067,.T.);
#5067 = EDGE_CURVE('',#5060,#5068,#5070,.T.);
#5068 = VERTEX_POINT('',#5069);
#5069 = CARTESIAN_POINT('',(8.35,3.55,0.));
#5070 = LINE('',#5071,#5072);
#5071 = CARTESIAN_POINT('',(8.35,3.55,-3.5));
#5072 = VECTOR('',#5073,1.);
#5073 = DIRECTION('',(0.,0.,1.));
#5074 = ORIENTED_EDGE('',*,*,#5075,.F.);
#5075 = EDGE_CURVE('',#5052,#5068,#5076,.T.);
#5076 = LINE('',#5077,#5078);
#5077 = CARTESIAN_POINT('',(8.35,3.05,0.));
#5078 = VECTOR('',#5079,1.);
#5079 = DIRECTION('',(0.,1.,0.));
#5080 = PLANE('',#5081);
#5081 = AXIS2_PLACEMENT_3D('',#5082,#5083,#5084);
#5082 = CARTESIAN_POINT('',(8.35,3.05,-3.5));
#5083 = DIRECTION('',(1.,0.,0.));
#5084 = DIRECTION('',(0.,0.,1.));
#5085 = ADVANCED_FACE('',(#5086),#5120,.T.);
#5086 = FACE_BOUND('',#5087,.T.);
#5087 = EDGE_LOOP('',(#5088,#5098,#5106,#5114));
#5088 = ORIENTED_EDGE('',*,*,#5089,.F.);
#5089 = EDGE_CURVE('',#5090,#5092,#5094,.T.);
#5090 = VERTEX_POINT('',#5091);
#5091 = CARTESIAN_POINT('',(9.15,3.05,-3.5));
#5092 = VERTEX_POINT('',#5093);
#5093 = CARTESIAN_POINT('',(9.15,3.05,0.));
#5094 = LINE('',#5095,#5096);
#5095 = CARTESIAN_POINT('',(9.15,3.05,-3.5));
#5096 = VECTOR('',#5097,1.);
#5097 = DIRECTION('',(0.,0.,1.));
#5098 = ORIENTED_EDGE('',*,*,#5099,.T.);
#5099 = EDGE_CURVE('',#5090,#5100,#5102,.T.);
#5100 = VERTEX_POINT('',#5101);
#5101 = CARTESIAN_POINT('',(9.15,3.55,-3.5));
#5102 = LINE('',#5103,#5104);
#5103 = CARTESIAN_POINT('',(9.15,3.05,-3.5));
#5104 = VECTOR('',#5105,1.);
#5105 = DIRECTION('',(0.,1.,0.));
#5106 = ORIENTED_EDGE('',*,*,#5107,.T.);
#5107 = EDGE_CURVE('',#5100,#5108,#5110,.T.);
#5108 = VERTEX_POINT('',#5109);
#5109 = CARTESIAN_POINT('',(9.15,3.55,0.));
#5110 = LINE('',#5111,#5112);
#5111 = CARTESIAN_POINT('',(9.15,3.55,-3.5));
#5112 = VECTOR('',#5113,1.);
#5113 = DIRECTION('',(0.,0.,1.));
#5114 = ORIENTED_EDGE('',*,*,#5115,.F.);
#5115 = EDGE_CURVE('',#5092,#5108,#5116,.T.);
#5116 = LINE('',#5117,#5118);
#5117 = CARTESIAN_POINT('',(9.15,3.05,0.));
#5118 = VECTOR('',#5119,1.);
#5119 = DIRECTION('',(0.,1.,0.));
#5120 = PLANE('',#5121);
#5121 = AXIS2_PLACEMENT_3D('',#5122,#5123,#5124);
#5122 = CARTESIAN_POINT('',(9.15,3.05,-3.5));
#5123 = DIRECTION('',(1.,0.,0.));
#5124 = DIRECTION('',(0.,0.,1.));
#5125 = ADVANCED_FACE('',(#5126),#5142,.F.);
#5126 = FACE_BOUND('',#5127,.F.);
#5127 = EDGE_LOOP('',(#5128,#5134,#5135,#5141));
#5128 = ORIENTED_EDGE('',*,*,#5129,.F.);
#5129 = EDGE_CURVE('',#5050,#5090,#5130,.T.);
#5130 = LINE('',#5131,#5132);
#5131 = CARTESIAN_POINT('',(8.35,3.05,-3.5));
#5132 = VECTOR('',#5133,1.);
#5133 = DIRECTION('',(1.,0.,0.));
#5134 = ORIENTED_EDGE('',*,*,#5049,.T.);
#5135 = ORIENTED_EDGE('',*,*,#5136,.T.);
#5136 = EDGE_CURVE('',#5052,#5092,#5137,.T.);
#5137 = LINE('',#5138,#5139);
#5138 = CARTESIAN_POINT('',(8.35,3.05,0.));
#5139 = VECTOR('',#5140,1.);
#5140 = DIRECTION('',(1.,0.,0.));
#5141 = ORIENTED_EDGE('',*,*,#5089,.F.);
#5142 = PLANE('',#5143);
#5143 = AXIS2_PLACEMENT_3D('',#5144,#5145,#5146);
#5144 = CARTESIAN_POINT('',(8.35,3.05,-3.5));
#5145 = DIRECTION('',(0.,1.,0.));
#5146 = DIRECTION('',(0.,0.,1.));
#5147 = ADVANCED_FACE('',(#5148),#5164,.T.);
#5148 = FACE_BOUND('',#5149,.T.);
#5149 = EDGE_LOOP('',(#5150,#5156,#5157,#5163));
#5150 = ORIENTED_EDGE('',*,*,#5151,.F.);
#5151 = EDGE_CURVE('',#5060,#5100,#5152,.T.);
#5152 = LINE('',#5153,#5154);
#5153 = CARTESIAN_POINT('',(8.35,3.55,-3.5));
#5154 = VECTOR('',#5155,1.);
#5155 = DIRECTION('',(1.,0.,0.));
#5156 = ORIENTED_EDGE('',*,*,#5067,.T.);
#5157 = ORIENTED_EDGE('',*,*,#5158,.T.);
#5158 = EDGE_CURVE('',#5068,#5108,#5159,.T.);
#5159 = LINE('',#5160,#5161);
#5160 = CARTESIAN_POINT('',(8.35,3.55,0.));
#5161 = VECTOR('',#5162,1.);
#5162 = DIRECTION('',(1.,0.,0.));
#5163 = ORIENTED_EDGE('',*,*,#5107,.F.);
#5164 = PLANE('',#5165);
#5165 = AXIS2_PLACEMENT_3D('',#5166,#5167,#5168);
#5166 = CARTESIAN_POINT('',(8.35,3.55,-3.5));
#5167 = DIRECTION('',(0.,1.,0.));
#5168 = DIRECTION('',(0.,0.,1.));
#5169 = ADVANCED_FACE('',(#5170),#5176,.F.);
#5170 = FACE_BOUND('',#5171,.F.);
#5171 = EDGE_LOOP('',(#5172,#5173,#5174,#5175));
#5172 = ORIENTED_EDGE('',*,*,#5059,.F.);
#5173 = ORIENTED_EDGE('',*,*,#5129,.T.);
#5174 = ORIENTED_EDGE('',*,*,#5099,.T.);
#5175 = ORIENTED_EDGE('',*,*,#5151,.F.);
#5176 = PLANE('',#5177);
#5177 = AXIS2_PLACEMENT_3D('',#5178,#5179,#5180);
#5178 = CARTESIAN_POINT('',(8.35,3.05,-3.5));
#5179 = DIRECTION('',(0.,0.,1.));
#5180 = DIRECTION('',(1.,0.,0.));
#5181 = ADVANCED_FACE('',(#5182),#5188,.T.);
#5182 = FACE_BOUND('',#5183,.T.);
#5183 = EDGE_LOOP('',(#5184,#5185,#5186,#5187));
#5184 = ORIENTED_EDGE('',*,*,#5075,.F.);
#5185 = ORIENTED_EDGE('',*,*,#5136,.T.);
#5186 = ORIENTED_EDGE('',*,*,#5115,.T.);
#5187 = ORIENTED_EDGE('',*,*,#5158,.F.);
#5188 = PLANE('',#5189);
#5189 = AXIS2_PLACEMENT_3D('',#5190,#5191,#5192);
#5190 = CARTESIAN_POINT('',(8.35,3.05,0.));
#5191 = DIRECTION('',(0.,0.,1.));
#5192 = DIRECTION('',(1.,0.,0.));
#5193 = MANIFOLD_SOLID_BREP('',#5194);
#5194 = CLOSED_SHELL('',(#5195,#5235,#5275,#5297,#5319,#5331));
#5195 = ADVANCED_FACE('',(#5196),#5230,.F.);
#5196 = FACE_BOUND('',#5197,.F.);
#5197 = EDGE_LOOP('',(#5198,#5208,#5216,#5224));
#5198 = ORIENTED_EDGE('',*,*,#5199,.F.);
#5199 = EDGE_CURVE('',#5200,#5202,#5204,.T.);
#5200 = VERTEX_POINT('',#5201);
#5201 = CARTESIAN_POINT('',(8.35,8.05,-3.5));
#5202 = VERTEX_POINT('',#5203);
#5203 = CARTESIAN_POINT('',(8.35,8.05,0.));
#5204 = LINE('',#5205,#5206);
#5205 = CARTESIAN_POINT('',(8.35,8.05,-3.5));
#5206 = VECTOR('',#5207,1.);
#5207 = DIRECTION('',(0.,0.,1.));
#5208 = ORIENTED_EDGE('',*,*,#5209,.T.);
#5209 = EDGE_CURVE('',#5200,#5210,#5212,.T.);
#5210 = VERTEX_POINT('',#5211);
#5211 = CARTESIAN_POINT('',(8.35,8.55,-3.5));
#5212 = LINE('',#5213,#5214);
#5213 = CARTESIAN_POINT('',(8.35,8.05,-3.5));
#5214 = VECTOR('',#5215,1.);
#5215 = DIRECTION('',(0.,1.,0.));
#5216 = ORIENTED_EDGE('',*,*,#5217,.T.);
#5217 = EDGE_CURVE('',#5210,#5218,#5220,.T.);
#5218 = VERTEX_POINT('',#5219);
#5219 = CARTESIAN_POINT('',(8.35,8.55,0.));
#5220 = LINE('',#5221,#5222);
#5221 = CARTESIAN_POINT('',(8.35,8.55,-3.5));
#5222 = VECTOR('',#5223,1.);
#5223 = DIRECTION('',(0.,0.,1.));
#5224 = ORIENTED_EDGE('',*,*,#5225,.F.);
#5225 = EDGE_CURVE('',#5202,#5218,#5226,.T.);
#5226 = LINE('',#5227,#5228);
#5227 = CARTESIAN_POINT('',(8.35,8.05,0.));
#5228 = VECTOR('',#5229,1.);
#5229 = DIRECTION('',(0.,1.,0.));
#5230 = PLANE('',#5231);
#5231 = AXIS2_PLACEMENT_3D('',#5232,#5233,#5234);
#5232 = CARTESIAN_POINT('',(8.35,8.05,-3.5));
#5233 = DIRECTION('',(1.,0.,0.));
#5234 = DIRECTION('',(0.,0.,1.));
#5235 = ADVANCED_FACE('',(#5236),#5270,.T.);
#5236 = FACE_BOUND('',#5237,.T.);
#5237 = EDGE_LOOP('',(#5238,#5248,#5256,#5264));
#5238 = ORIENTED_EDGE('',*,*,#5239,.F.);
#5239 = EDGE_CURVE('',#5240,#5242,#5244,.T.);
#5240 = VERTEX_POINT('',#5241);
#5241 = CARTESIAN_POINT('',(9.15,8.05,-3.5));
#5242 = VERTEX_POINT('',#5243);
#5243 = CARTESIAN_POINT('',(9.15,8.05,0.));
#5244 = LINE('',#5245,#5246);
#5245 = CARTESIAN_POINT('',(9.15,8.05,-3.5));
#5246 = VECTOR('',#5247,1.);
#5247 = DIRECTION('',(0.,0.,1.));
#5248 = ORIENTED_EDGE('',*,*,#5249,.T.);
#5249 = EDGE_CURVE('',#5240,#5250,#5252,.T.);
#5250 = VERTEX_POINT('',#5251);
#5251 = CARTESIAN_POINT('',(9.15,8.55,-3.5));
#5252 = LINE('',#5253,#5254);
#5253 = CARTESIAN_POINT('',(9.15,8.05,-3.5));
#5254 = VECTOR('',#5255,1.);
#5255 = DIRECTION('',(0.,1.,0.));
#5256 = ORIENTED_EDGE('',*,*,#5257,.T.);
#5257 = EDGE_CURVE('',#5250,#5258,#5260,.T.);
#5258 = VERTEX_POINT('',#5259);
#5259 = CARTESIAN_POINT('',(9.15,8.55,0.));
#5260 = LINE('',#5261,#5262);
#5261 = CARTESIAN_POINT('',(9.15,8.55,-3.5));
#5262 = VECTOR('',#5263,1.);
#5263 = DIRECTION('',(0.,0.,1.));
#5264 = ORIENTED_EDGE('',*,*,#5265,.F.);
#5265 = EDGE_CURVE('',#5242,#5258,#5266,.T.);
#5266 = LINE('',#5267,#5268);
#5267 = CARTESIAN_POINT('',(9.15,8.05,0.));
#5268 = VECTOR('',#5269,1.);
#5269 = DIRECTION('',(0.,1.,0.));
#5270 = PLANE('',#5271);
#5271 = AXIS2_PLACEMENT_3D('',#5272,#5273,#5274);
#5272 = CARTESIAN_POINT('',(9.15,8.05,-3.5));
#5273 = DIRECTION('',(1.,0.,0.));
#5274 = DIRECTION('',(0.,0.,1.));
#5275 = ADVANCED_FACE('',(#5276),#5292,.F.);
#5276 = FACE_BOUND('',#5277,.F.);
#5277 = EDGE_LOOP('',(#5278,#5284,#5285,#5291));
#5278 = ORIENTED_EDGE('',*,*,#5279,.F.);
#5279 = EDGE_CURVE('',#5200,#5240,#5280,.T.);
#5280 = LINE('',#5281,#5282);
#5281 = CARTESIAN_POINT('',(8.35,8.05,-3.5));
#5282 = VECTOR('',#5283,1.);
#5283 = DIRECTION('',(1.,0.,0.));
#5284 = ORIENTED_EDGE('',*,*,#5199,.T.);
#5285 = ORIENTED_EDGE('',*,*,#5286,.T.);
#5286 = EDGE_CURVE('',#5202,#5242,#5287,.T.);
#5287 = LINE('',#5288,#5289);
#5288 = CARTESIAN_POINT('',(8.35,8.05,0.));
#5289 = VECTOR('',#5290,1.);
#5290 = DIRECTION('',(1.,0.,0.));
#5291 = ORIENTED_EDGE('',*,*,#5239,.F.);
#5292 = PLANE('',#5293);
#5293 = AXIS2_PLACEMENT_3D('',#5294,#5295,#5296);
#5294 = CARTESIAN_POINT('',(8.35,8.05,-3.5));
#5295 = DIRECTION('',(0.,1.,0.));
#5296 = DIRECTION('',(0.,0.,1.));
#5297 = ADVANCED_FACE('',(#5298),#5314,.T.);
#5298 = FACE_BOUND('',#5299,.T.);
#5299 = EDGE_LOOP('',(#5300,#5306,#5307,#5313));
#5300 = ORIENTED_EDGE('',*,*,#5301,.F.);
#5301 = EDGE_CURVE('',#5210,#5250,#5302,.T.);
#5302 = LINE('',#5303,#5304);
#5303 = CARTESIAN_POINT('',(8.35,8.55,-3.5));
#5304 = VECTOR('',#5305,1.);
#5305 = DIRECTION('',(1.,0.,0.));
#5306 = ORIENTED_EDGE('',*,*,#5217,.T.);
#5307 = ORIENTED_EDGE('',*,*,#5308,.T.);
#5308 = EDGE_CURVE('',#5218,#5258,#5309,.T.);
#5309 = LINE('',#5310,#5311);
#5310 = CARTESIAN_POINT('',(8.35,8.55,0.));
#5311 = VECTOR('',#5312,1.);
#5312 = DIRECTION('',(1.,0.,0.));
#5313 = ORIENTED_EDGE('',*,*,#5257,.F.);
#5314 = PLANE('',#5315);
#5315 = AXIS2_PLACEMENT_3D('',#5316,#5317,#5318);
#5316 = CARTESIAN_POINT('',(8.35,8.55,-3.5));
#5317 = DIRECTION('',(0.,1.,0.));
#5318 = DIRECTION('',(0.,0.,1.));
#5319 = ADVANCED_FACE('',(#5320),#5326,.F.);
#5320 = FACE_BOUND('',#5321,.F.);
#5321 = EDGE_LOOP('',(#5322,#5323,#5324,#5325));
#5322 = ORIENTED_EDGE('',*,*,#5209,.F.);
#5323 = ORIENTED_EDGE('',*,*,#5279,.T.);
#5324 = ORIENTED_EDGE('',*,*,#5249,.T.);
#5325 = ORIENTED_EDGE('',*,*,#5301,.F.);
#5326 = PLANE('',#5327);
#5327 = AXIS2_PLACEMENT_3D('',#5328,#5329,#5330);
#5328 = CARTESIAN_POINT('',(8.35,8.05,-3.5));
#5329 = DIRECTION('',(0.,0.,1.));
#5330 = DIRECTION('',(1.,0.,0.));
#5331 = ADVANCED_FACE('',(#5332),#5338,.T.);
#5332 = FACE_BOUND('',#5333,.T.);
#5333 = EDGE_LOOP('',(#5334,#5335,#5336,#5337));
#5334 = ORIENTED_EDGE('',*,*,#5225,.F.);
#5335 = ORIENTED_EDGE('',*,*,#5286,.T.);
#5336 = ORIENTED_EDGE('',*,*,#5265,.T.);
#5337 = ORIENTED_EDGE('',*,*,#5308,.F.);
#5338 = PLANE('',#5339);
#5339 = AXIS2_PLACEMENT_3D('',#5340,#5341,#5342);
#5340 = CARTESIAN_POINT('',(8.35,8.05,0.));
#5341 = DIRECTION('',(0.,0.,1.));
#5342 = DIRECTION('',(1.,0.,0.));
#5343 = MANIFOLD_SOLID_BREP('',#5344);
#5344 = CLOSED_SHELL('',(#5345,#5385,#5418,#5451,#5484,#5517,#5534,#5551
    ,#5582,#5613,#5630,#5661,#5678,#5709,#5727,#5745,#5778,#5796,#5827,
    #5845,#5876,#5905,#5916,#5927,#5983,#5994,#6005,#6030,#6055,#6080,
    #6105,#6114,#6123,#6132));
#5345 = ADVANCED_FACE('',(#5346),#5380,.F.);
#5346 = FACE_BOUND('',#5347,.F.);
#5347 = EDGE_LOOP('',(#5348,#5358,#5366,#5374));
#5348 = ORIENTED_EDGE('',*,*,#5349,.F.);
#5349 = EDGE_CURVE('',#5350,#5352,#5354,.T.);
#5350 = VERTEX_POINT('',#5351);
#5351 = CARTESIAN_POINT('',(10.5,0.18,0.18));
#5352 = VERTEX_POINT('',#5353);
#5353 = CARTESIAN_POINT('',(10.5,0.18,10.42));
#5354 = LINE('',#5355,#5356);
#5355 = CARTESIAN_POINT('',(10.5,0.18,0.));
#5356 = VECTOR('',#5357,1.);
#5357 = DIRECTION('',(0.,0.,1.));
#5358 = ORIENTED_EDGE('',*,*,#5359,.T.);
#5359 = EDGE_CURVE('',#5350,#5360,#5362,.T.);
#5360 = VERTEX_POINT('',#5361);
#5361 = CARTESIAN_POINT('',(10.5,12.32,0.18));
#5362 = LINE('',#5363,#5364);
#5363 = CARTESIAN_POINT('',(10.5,0.,0.18));
#5364 = VECTOR('',#5365,1.);
#5365 = DIRECTION('',(0.,1.,0.));
#5366 = ORIENTED_EDGE('',*,*,#5367,.T.);
#5367 = EDGE_CURVE('',#5360,#5368,#5370,.T.);
#5368 = VERTEX_POINT('',#5369);
#5369 = CARTESIAN_POINT('',(10.5,12.32,10.42));
#5370 = LINE('',#5371,#5372);
#5371 = CARTESIAN_POINT('',(10.5,12.32,0.));
#5372 = VECTOR('',#5373,1.);
#5373 = DIRECTION('',(0.,0.,1.));
#5374 = ORIENTED_EDGE('',*,*,#5375,.F.);
#5375 = EDGE_CURVE('',#5352,#5368,#5376,.T.);
#5376 = LINE('',#5377,#5378);
#5377 = CARTESIAN_POINT('',(10.5,0.,10.42));
#5378 = VECTOR('',#5379,1.);
#5379 = DIRECTION('',(0.,1.,0.));
#5380 = PLANE('',#5381);
#5381 = AXIS2_PLACEMENT_3D('',#5382,#5383,#5384);
#5382 = CARTESIAN_POINT('',(10.5,0.,0.));
#5383 = DIRECTION('',(1.,0.,0.));
#5384 = DIRECTION('',(0.,0.,1.));
#5385 = ADVANCED_FACE('',(#5386),#5413,.T.);
#5386 = FACE_BOUND('',#5387,.T.);
#5387 = EDGE_LOOP('',(#5388,#5389,#5398,#5406));
#5388 = ORIENTED_EDGE('',*,*,#5349,.F.);
#5389 = ORIENTED_EDGE('',*,*,#5390,.T.);
#5390 = EDGE_CURVE('',#5350,#5391,#5393,.T.);
#5391 = VERTEX_POINT('',#5392);
#5392 = CARTESIAN_POINT('',(10.68,-2.775557561563E-17,0.18));
#5393 = CIRCLE('',#5394,0.18);
#5394 = AXIS2_PLACEMENT_3D('',#5395,#5396,#5397);
#5395 = CARTESIAN_POINT('',(10.68,0.18,0.18));
#5396 = DIRECTION('',(0.,0.,1.));
#5397 = DIRECTION('',(-1.,0.,0.));
#5398 = ORIENTED_EDGE('',*,*,#5399,.T.);
#5399 = EDGE_CURVE('',#5391,#5400,#5402,.T.);
#5400 = VERTEX_POINT('',#5401);
#5401 = CARTESIAN_POINT('',(10.68,-2.775557561563E-17,10.42));
#5402 = LINE('',#5403,#5404);
#5403 = CARTESIAN_POINT('',(10.68,-2.775557561563E-17,0.));
#5404 = VECTOR('',#5405,1.);
#5405 = DIRECTION('',(0.,0.,1.));
#5406 = ORIENTED_EDGE('',*,*,#5407,.F.);
#5407 = EDGE_CURVE('',#5352,#5400,#5408,.T.);
#5408 = CIRCLE('',#5409,0.18);
#5409 = AXIS2_PLACEMENT_3D('',#5410,#5411,#5412);
#5410 = CARTESIAN_POINT('',(10.68,0.18,10.42));
#5411 = DIRECTION('',(0.,0.,1.));
#5412 = DIRECTION('',(-1.,0.,0.));
#5413 = CYLINDRICAL_SURFACE('',#5414,0.18);
#5414 = AXIS2_PLACEMENT_3D('',#5415,#5416,#5417);
#5415 = CARTESIAN_POINT('',(10.68,0.18,0.));
#5416 = DIRECTION('',(0.,0.,1.));
#5417 = DIRECTION('',(-1.,0.,0.));
#5418 = ADVANCED_FACE('',(#5419),#5446,.T.);
#5419 = FACE_BOUND('',#5420,.F.);
#5420 = EDGE_LOOP('',(#5421,#5430,#5438,#5445));
#5421 = ORIENTED_EDGE('',*,*,#5422,.F.);
#5422 = EDGE_CURVE('',#5423,#5350,#5425,.T.);
#5423 = VERTEX_POINT('',#5424);
#5424 = CARTESIAN_POINT('',(10.68,0.18,0.));
#5425 = CIRCLE('',#5426,0.18);
#5426 = AXIS2_PLACEMENT_3D('',#5427,#5428,#5429);
#5427 = CARTESIAN_POINT('',(10.68,0.18,0.18));
#5428 = DIRECTION('',(0.,1.,-0.));
#5429 = DIRECTION('',(-1.,0.,0.));
#5430 = ORIENTED_EDGE('',*,*,#5431,.T.);
#5431 = EDGE_CURVE('',#5423,#5432,#5434,.T.);
#5432 = VERTEX_POINT('',#5433);
#5433 = CARTESIAN_POINT('',(10.68,12.32,0.));
#5434 = LINE('',#5435,#5436);
#5435 = CARTESIAN_POINT('',(10.68,0.,-2.775557561563E-17));
#5436 = VECTOR('',#5437,1.);
#5437 = DIRECTION('',(0.,1.,0.));
#5438 = ORIENTED_EDGE('',*,*,#5439,.T.);
#5439 = EDGE_CURVE('',#5432,#5360,#5440,.T.);
#5440 = CIRCLE('',#5441,0.18);
#5441 = AXIS2_PLACEMENT_3D('',#5442,#5443,#5444);
#5442 = CARTESIAN_POINT('',(10.68,12.32,0.18));
#5443 = DIRECTION('',(0.,1.,-0.));
#5444 = DIRECTION('',(-1.,0.,0.));
#5445 = ORIENTED_EDGE('',*,*,#5359,.F.);
#5446 = CYLINDRICAL_SURFACE('',#5447,0.18);
#5447 = AXIS2_PLACEMENT_3D('',#5448,#5449,#5450);
#5448 = CARTESIAN_POINT('',(10.68,0.,0.18));
#5449 = DIRECTION('',(0.,1.,0.));
#5450 = DIRECTION('',(-1.,0.,0.));
#5451 = ADVANCED_FACE('',(#5452),#5479,.T.);
#5452 = FACE_BOUND('',#5453,.T.);
#5453 = EDGE_LOOP('',(#5454,#5463,#5471,#5478));
#5454 = ORIENTED_EDGE('',*,*,#5455,.F.);
#5455 = EDGE_CURVE('',#5456,#5352,#5458,.T.);
#5456 = VERTEX_POINT('',#5457);
#5457 = CARTESIAN_POINT('',(10.68,0.18,10.6));
#5458 = CIRCLE('',#5459,0.18);
#5459 = AXIS2_PLACEMENT_3D('',#5460,#5461,#5462);
#5460 = CARTESIAN_POINT('',(10.68,0.18,10.42));
#5461 = DIRECTION('',(0.,-1.,0.));
#5462 = DIRECTION('',(-1.,0.,0.));
#5463 = ORIENTED_EDGE('',*,*,#5464,.T.);
#5464 = EDGE_CURVE('',#5456,#5465,#5467,.T.);
#5465 = VERTEX_POINT('',#5466);
#5466 = CARTESIAN_POINT('',(10.68,12.32,10.6));
#5467 = LINE('',#5468,#5469);
#5468 = CARTESIAN_POINT('',(10.68,0.,10.6));
#5469 = VECTOR('',#5470,1.);
#5470 = DIRECTION('',(0.,1.,0.));
#5471 = ORIENTED_EDGE('',*,*,#5472,.F.);
#5472 = EDGE_CURVE('',#5368,#5465,#5473,.T.);
#5473 = CIRCLE('',#5474,0.18);
#5474 = AXIS2_PLACEMENT_3D('',#5475,#5476,#5477);
#5475 = CARTESIAN_POINT('',(10.68,12.32,10.42));
#5476 = DIRECTION('',(0.,1.,-0.));
#5477 = DIRECTION('',(-1.,0.,0.));
#5478 = ORIENTED_EDGE('',*,*,#5375,.F.);
#5479 = CYLINDRICAL_SURFACE('',#5480,0.18);
#5480 = AXIS2_PLACEMENT_3D('',#5481,#5482,#5483);
#5481 = CARTESIAN_POINT('',(10.68,0.,10.42));
#5482 = DIRECTION('',(0.,1.,0.));
#5483 = DIRECTION('',(-1.,0.,0.));
#5484 = ADVANCED_FACE('',(#5485),#5512,.T.);
#5485 = FACE_BOUND('',#5486,.F.);
#5486 = EDGE_LOOP('',(#5487,#5488,#5497,#5505));
#5487 = ORIENTED_EDGE('',*,*,#5367,.F.);
#5488 = ORIENTED_EDGE('',*,*,#5489,.T.);
#5489 = EDGE_CURVE('',#5360,#5490,#5492,.T.);
#5490 = VERTEX_POINT('',#5491);
#5491 = CARTESIAN_POINT('',(10.68,12.5,0.18));
#5492 = CIRCLE('',#5493,0.18);
#5493 = AXIS2_PLACEMENT_3D('',#5494,#5495,#5496);
#5494 = CARTESIAN_POINT('',(10.68,12.32,0.18));
#5495 = DIRECTION('',(0.,0.,-1.));
#5496 = DIRECTION('',(-1.,0.,0.));
#5497 = ORIENTED_EDGE('',*,*,#5498,.T.);
#5498 = EDGE_CURVE('',#5490,#5499,#5501,.T.);
#5499 = VERTEX_POINT('',#5500);
#5500 = CARTESIAN_POINT('',(10.68,12.5,10.42));
#5501 = LINE('',#5502,#5503);
#5502 = CARTESIAN_POINT('',(10.68,12.5,0.));
#5503 = VECTOR('',#5504,1.);
#5504 = DIRECTION('',(0.,0.,1.));
#5505 = ORIENTED_EDGE('',*,*,#5506,.T.);
#5506 = EDGE_CURVE('',#5499,#5368,#5507,.T.);
#5507 = CIRCLE('',#5508,0.18);
#5508 = AXIS2_PLACEMENT_3D('',#5509,#5510,#5511);
#5509 = CARTESIAN_POINT('',(10.68,12.32,10.42));
#5510 = DIRECTION('',(0.,0.,1.));
#5511 = DIRECTION('',(-1.,0.,0.));
#5512 = CYLINDRICAL_SURFACE('',#5513,0.18);
#5513 = AXIS2_PLACEMENT_3D('',#5514,#5515,#5516);
#5514 = CARTESIAN_POINT('',(10.68,12.32,0.));
#5515 = DIRECTION('',(0.,0.,1.));
#5516 = DIRECTION('',(-1.,0.,0.));
#5517 = ADVANCED_FACE('',(#5518),#5529,.T.);
#5518 = FACE_BOUND('',#5519,.T.);
#5519 = EDGE_LOOP('',(#5520,#5521,#5528));
#5520 = ORIENTED_EDGE('',*,*,#5422,.F.);
#5521 = ORIENTED_EDGE('',*,*,#5522,.T.);
#5522 = EDGE_CURVE('',#5423,#5391,#5523,.T.);
#5523 = CIRCLE('',#5524,0.18);
#5524 = AXIS2_PLACEMENT_3D('',#5525,#5526,#5527);
#5525 = CARTESIAN_POINT('',(10.68,0.18,0.18));
#5526 = DIRECTION('',(-1.,6.123233995737E-17,0.));
#5527 = DIRECTION('',(-6.123233995737E-17,-1.,0.));
#5528 = ORIENTED_EDGE('',*,*,#5390,.F.);
#5529 = SPHERICAL_SURFACE('',#5530,0.18);
#5530 = AXIS2_PLACEMENT_3D('',#5531,#5532,#5533);
#5531 = CARTESIAN_POINT('',(10.68,0.18,0.18));
#5532 = DIRECTION('',(0.,0.,1.));
#5533 = DIRECTION('',(-1.,0.,0.));
#5534 = ADVANCED_FACE('',(#5535),#5546,.T.);
#5535 = FACE_BOUND('',#5536,.F.);
#5536 = EDGE_LOOP('',(#5537,#5538,#5545));
#5537 = ORIENTED_EDGE('',*,*,#5455,.F.);
#5538 = ORIENTED_EDGE('',*,*,#5539,.T.);
#5539 = EDGE_CURVE('',#5456,#5400,#5540,.T.);
#5540 = CIRCLE('',#5541,0.18);
#5541 = AXIS2_PLACEMENT_3D('',#5542,#5543,#5544);
#5542 = CARTESIAN_POINT('',(10.68,0.18,10.42));
#5543 = DIRECTION('',(1.,-6.123233995737E-17,0.));
#5544 = DIRECTION('',(-6.123233995737E-17,-1.,0.));
#5545 = ORIENTED_EDGE('',*,*,#5407,.F.);
#5546 = SPHERICAL_SURFACE('',#5547,0.18);
#5547 = AXIS2_PLACEMENT_3D('',#5548,#5549,#5550);
#5548 = CARTESIAN_POINT('',(10.68,0.18,10.42));
#5549 = DIRECTION('',(-0.,-0.,-1.));
#5550 = DIRECTION('',(-1.,0.,0.));
#5551 = ADVANCED_FACE('',(#5552),#5577,.F.);
#5552 = FACE_BOUND('',#5553,.F.);
#5553 = EDGE_LOOP('',(#5554,#5555,#5563,#5571));
#5554 = ORIENTED_EDGE('',*,*,#5399,.T.);
#5555 = ORIENTED_EDGE('',*,*,#5556,.T.);
#5556 = EDGE_CURVE('',#5400,#5557,#5559,.T.);
#5557 = VERTEX_POINT('',#5558);
#5558 = CARTESIAN_POINT('',(11.82,-2.775557561563E-17,10.42));
#5559 = LINE('',#5560,#5561);
#5560 = CARTESIAN_POINT('',(10.5,-2.775557561563E-17,10.42));
#5561 = VECTOR('',#5562,1.);
#5562 = DIRECTION('',(1.,0.,0.));
#5563 = ORIENTED_EDGE('',*,*,#5564,.F.);
#5564 = EDGE_CURVE('',#5565,#5557,#5567,.T.);
#5565 = VERTEX_POINT('',#5566);
#5566 = CARTESIAN_POINT('',(11.82,-2.775557561563E-17,0.18));
#5567 = LINE('',#5568,#5569);
#5568 = CARTESIAN_POINT('',(11.82,-2.775557561563E-17,0.));
#5569 = VECTOR('',#5570,1.);
#5570 = DIRECTION('',(0.,0.,1.));
#5571 = ORIENTED_EDGE('',*,*,#5572,.F.);
#5572 = EDGE_CURVE('',#5391,#5565,#5573,.T.);
#5573 = LINE('',#5574,#5575);
#5574 = CARTESIAN_POINT('',(10.5,-2.775557561563E-17,0.18));
#5575 = VECTOR('',#5576,1.);
#5576 = DIRECTION('',(1.,0.,0.));
#5577 = PLANE('',#5578);
#5578 = AXIS2_PLACEMENT_3D('',#5579,#5580,#5581);
#5579 = CARTESIAN_POINT('',(10.5,0.,0.));
#5580 = DIRECTION('',(0.,1.,0.));
#5581 = DIRECTION('',(0.,0.,1.));
#5582 = ADVANCED_FACE('',(#5583),#5608,.F.);
#5583 = FACE_BOUND('',#5584,.F.);
#5584 = EDGE_LOOP('',(#5585,#5586,#5594,#5602));
#5585 = ORIENTED_EDGE('',*,*,#5431,.F.);
#5586 = ORIENTED_EDGE('',*,*,#5587,.T.);
#5587 = EDGE_CURVE('',#5423,#5588,#5590,.T.);
#5588 = VERTEX_POINT('',#5589);
#5589 = CARTESIAN_POINT('',(11.82,0.18,0.));
#5590 = LINE('',#5591,#5592);
#5591 = CARTESIAN_POINT('',(10.5,0.18,-2.775557561563E-17));
#5592 = VECTOR('',#5593,1.);
#5593 = DIRECTION('',(1.,0.,0.));
#5594 = ORIENTED_EDGE('',*,*,#5595,.T.);
#5595 = EDGE_CURVE('',#5588,#5596,#5598,.T.);
#5596 = VERTEX_POINT('',#5597);
#5597 = CARTESIAN_POINT('',(11.82,12.32,0.));
#5598 = LINE('',#5599,#5600);
#5599 = CARTESIAN_POINT('',(11.82,0.,-2.775557561563E-17));
#5600 = VECTOR('',#5601,1.);
#5601 = DIRECTION('',(0.,1.,0.));
#5602 = ORIENTED_EDGE('',*,*,#5603,.F.);
#5603 = EDGE_CURVE('',#5432,#5596,#5604,.T.);
#5604 = LINE('',#5605,#5606);
#5605 = CARTESIAN_POINT('',(10.5,12.32,-2.775557561563E-17));
#5606 = VECTOR('',#5607,1.);
#5607 = DIRECTION('',(1.,0.,0.));
#5608 = PLANE('',#5609);
#5609 = AXIS2_PLACEMENT_3D('',#5610,#5611,#5612);
#5610 = CARTESIAN_POINT('',(10.5,0.,0.));
#5611 = DIRECTION('',(0.,0.,1.));
#5612 = DIRECTION('',(1.,0.,0.));
#5613 = ADVANCED_FACE('',(#5614),#5625,.T.);
#5614 = FACE_BOUND('',#5615,.F.);
#5615 = EDGE_LOOP('',(#5616,#5617,#5624));
#5616 = ORIENTED_EDGE('',*,*,#5439,.F.);
#5617 = ORIENTED_EDGE('',*,*,#5618,.T.);
#5618 = EDGE_CURVE('',#5432,#5490,#5619,.T.);
#5619 = CIRCLE('',#5620,0.18);
#5620 = AXIS2_PLACEMENT_3D('',#5621,#5622,#5623);
#5621 = CARTESIAN_POINT('',(10.68,12.32,0.18));
#5622 = DIRECTION('',(1.,6.123233995737E-17,-0.));
#5623 = DIRECTION('',(-6.123233995737E-17,1.,0.));
#5624 = ORIENTED_EDGE('',*,*,#5489,.F.);
#5625 = SPHERICAL_SURFACE('',#5626,0.18);
#5626 = AXIS2_PLACEMENT_3D('',#5627,#5628,#5629);
#5627 = CARTESIAN_POINT('',(10.68,12.32,0.18));
#5628 = DIRECTION('',(0.,0.,1.));
#5629 = DIRECTION('',(-1.,0.,0.));
#5630 = ADVANCED_FACE('',(#5631),#5656,.T.);
#5631 = FACE_BOUND('',#5632,.T.);
#5632 = EDGE_LOOP('',(#5633,#5634,#5642,#5650));
#5633 = ORIENTED_EDGE('',*,*,#5464,.F.);
#5634 = ORIENTED_EDGE('',*,*,#5635,.T.);
#5635 = EDGE_CURVE('',#5456,#5636,#5638,.T.);
#5636 = VERTEX_POINT('',#5637);
#5637 = CARTESIAN_POINT('',(11.82,0.18,10.6));
#5638 = LINE('',#5639,#5640);
#5639 = CARTESIAN_POINT('',(10.5,0.18,10.6));
#5640 = VECTOR('',#5641,1.);
#5641 = DIRECTION('',(1.,0.,0.));
#5642 = ORIENTED_EDGE('',*,*,#5643,.T.);
#5643 = EDGE_CURVE('',#5636,#5644,#5646,.T.);
#5644 = VERTEX_POINT('',#5645);
#5645 = CARTESIAN_POINT('',(11.82,12.32,10.6));
#5646 = LINE('',#5647,#5648);
#5647 = CARTESIAN_POINT('',(11.82,0.,10.6));
#5648 = VECTOR('',#5649,1.);
#5649 = DIRECTION('',(0.,1.,0.));
#5650 = ORIENTED_EDGE('',*,*,#5651,.F.);
#5651 = EDGE_CURVE('',#5465,#5644,#5652,.T.);
#5652 = LINE('',#5653,#5654);
#5653 = CARTESIAN_POINT('',(10.5,12.32,10.6));
#5654 = VECTOR('',#5655,1.);
#5655 = DIRECTION('',(1.,0.,0.));
#5656 = PLANE('',#5657);
#5657 = AXIS2_PLACEMENT_3D('',#5658,#5659,#5660);
#5658 = CARTESIAN_POINT('',(10.5,0.,10.6));
#5659 = DIRECTION('',(0.,0.,1.));
#5660 = DIRECTION('',(1.,0.,0.));
#5661 = ADVANCED_FACE('',(#5662),#5673,.T.);
#5662 = FACE_BOUND('',#5663,.F.);
#5663 = EDGE_LOOP('',(#5664,#5665,#5672));
#5664 = ORIENTED_EDGE('',*,*,#5506,.F.);
#5665 = ORIENTED_EDGE('',*,*,#5666,.T.);
#5666 = EDGE_CURVE('',#5499,#5465,#5667,.T.);
#5667 = CIRCLE('',#5668,0.18);
#5668 = AXIS2_PLACEMENT_3D('',#5669,#5670,#5671);
#5669 = CARTESIAN_POINT('',(10.68,12.32,10.42));
#5670 = DIRECTION('',(1.,0.,6.123233995737E-17));
#5671 = DIRECTION('',(-6.123233995737E-17,0.,1.));
#5672 = ORIENTED_EDGE('',*,*,#5472,.F.);
#5673 = SPHERICAL_SURFACE('',#5674,0.18);
#5674 = AXIS2_PLACEMENT_3D('',#5675,#5676,#5677);
#5675 = CARTESIAN_POINT('',(10.68,12.32,10.42));
#5676 = DIRECTION('',(0.,-1.,0.));
#5677 = DIRECTION('',(-1.,0.,0.));
#5678 = ADVANCED_FACE('',(#5679),#5704,.T.);
#5679 = FACE_BOUND('',#5680,.T.);
#5680 = EDGE_LOOP('',(#5681,#5682,#5690,#5698));
#5681 = ORIENTED_EDGE('',*,*,#5498,.T.);
#5682 = ORIENTED_EDGE('',*,*,#5683,.T.);
#5683 = EDGE_CURVE('',#5499,#5684,#5686,.T.);
#5684 = VERTEX_POINT('',#5685);
#5685 = CARTESIAN_POINT('',(11.82,12.5,10.42));
#5686 = LINE('',#5687,#5688);
#5687 = CARTESIAN_POINT('',(10.5,12.5,10.42));
#5688 = VECTOR('',#5689,1.);
#5689 = DIRECTION('',(1.,0.,0.));
#5690 = ORIENTED_EDGE('',*,*,#5691,.F.);
#5691 = EDGE_CURVE('',#5692,#5684,#5694,.T.);
#5692 = VERTEX_POINT('',#5693);
#5693 = CARTESIAN_POINT('',(11.82,12.5,0.18));
#5694 = LINE('',#5695,#5696);
#5695 = CARTESIAN_POINT('',(11.82,12.5,0.));
#5696 = VECTOR('',#5697,1.);
#5697 = DIRECTION('',(0.,0.,1.));
#5698 = ORIENTED_EDGE('',*,*,#5699,.F.);
#5699 = EDGE_CURVE('',#5490,#5692,#5700,.T.);
#5700 = LINE('',#5701,#5702);
#5701 = CARTESIAN_POINT('',(10.5,12.5,0.18));
#5702 = VECTOR('',#5703,1.);
#5703 = DIRECTION('',(1.,0.,0.));
#5704 = PLANE('',#5705);
#5705 = AXIS2_PLACEMENT_3D('',#5706,#5707,#5708);
#5706 = CARTESIAN_POINT('',(10.5,12.5,0.));
#5707 = DIRECTION('',(0.,1.,0.));
#5708 = DIRECTION('',(0.,0.,1.));
#5709 = ADVANCED_FACE('',(#5710),#5722,.T.);
#5710 = FACE_BOUND('',#5711,.T.);
#5711 = EDGE_LOOP('',(#5712,#5713,#5714,#5721));
#5712 = ORIENTED_EDGE('',*,*,#5522,.F.);
#5713 = ORIENTED_EDGE('',*,*,#5587,.T.);
#5714 = ORIENTED_EDGE('',*,*,#5715,.T.);
#5715 = EDGE_CURVE('',#5588,#5565,#5716,.T.);
#5716 = CIRCLE('',#5717,0.18);
#5717 = AXIS2_PLACEMENT_3D('',#5718,#5719,#5720);
#5718 = CARTESIAN_POINT('',(11.82,0.18,0.18));
#5719 = DIRECTION('',(-1.,-6.123233995737E-17,0.));
#5720 = DIRECTION('',(6.123233995737E-17,-1.,0.));
#5721 = ORIENTED_EDGE('',*,*,#5572,.F.);
#5722 = CYLINDRICAL_SURFACE('',#5723,0.18);
#5723 = AXIS2_PLACEMENT_3D('',#5724,#5725,#5726);
#5724 = CARTESIAN_POINT('',(10.5,0.18,0.18));
#5725 = DIRECTION('',(1.,0.,0.));
#5726 = DIRECTION('',(0.,-1.,0.));
#5727 = ADVANCED_FACE('',(#5728),#5740,.T.);
#5728 = FACE_BOUND('',#5729,.F.);
#5729 = EDGE_LOOP('',(#5730,#5731,#5732,#5739));
#5730 = ORIENTED_EDGE('',*,*,#5539,.F.);
#5731 = ORIENTED_EDGE('',*,*,#5635,.T.);
#5732 = ORIENTED_EDGE('',*,*,#5733,.T.);
#5733 = EDGE_CURVE('',#5636,#5557,#5734,.T.);
#5734 = CIRCLE('',#5735,0.18);
#5735 = AXIS2_PLACEMENT_3D('',#5736,#5737,#5738);
#5736 = CARTESIAN_POINT('',(11.82,0.18,10.42));
#5737 = DIRECTION('',(1.,6.123233995737E-17,0.));
#5738 = DIRECTION('',(6.123233995737E-17,-1.,0.));
#5739 = ORIENTED_EDGE('',*,*,#5556,.F.);
#5740 = CYLINDRICAL_SURFACE('',#5741,0.18);
#5741 = AXIS2_PLACEMENT_3D('',#5742,#5743,#5744);
#5742 = CARTESIAN_POINT('',(10.5,0.18,10.42));
#5743 = DIRECTION('',(1.,0.,0.));
#5744 = DIRECTION('',(0.,-1.,0.));
#5745 = ADVANCED_FACE('',(#5746),#5773,.T.);
#5746 = FACE_BOUND('',#5747,.F.);
#5747 = EDGE_LOOP('',(#5748,#5758,#5765,#5766));
#5748 = ORIENTED_EDGE('',*,*,#5749,.F.);
#5749 = EDGE_CURVE('',#5750,#5752,#5754,.T.);
#5750 = VERTEX_POINT('',#5751);
#5751 = CARTESIAN_POINT('',(12.,0.18,0.18));
#5752 = VERTEX_POINT('',#5753);
#5753 = CARTESIAN_POINT('',(12.,0.18,10.42));
#5754 = LINE('',#5755,#5756);
#5755 = CARTESIAN_POINT('',(12.,0.18,0.));
#5756 = VECTOR('',#5757,1.);
#5757 = DIRECTION('',(0.,0.,1.));
#5758 = ORIENTED_EDGE('',*,*,#5759,.T.);
#5759 = EDGE_CURVE('',#5750,#5565,#5760,.T.);
#5760 = CIRCLE('',#5761,0.18);
#5761 = AXIS2_PLACEMENT_3D('',#5762,#5763,#5764);
#5762 = CARTESIAN_POINT('',(11.82,0.18,0.18));
#5763 = DIRECTION('',(0.,0.,-1.));
#5764 = DIRECTION('',(1.,0.,0.));
#5765 = ORIENTED_EDGE('',*,*,#5564,.T.);
#5766 = ORIENTED_EDGE('',*,*,#5767,.F.);
#5767 = EDGE_CURVE('',#5752,#5557,#5768,.T.);
#5768 = CIRCLE('',#5769,0.18);
#5769 = AXIS2_PLACEMENT_3D('',#5770,#5771,#5772);
#5770 = CARTESIAN_POINT('',(11.82,0.18,10.42));
#5771 = DIRECTION('',(0.,0.,-1.));
#5772 = DIRECTION('',(1.,0.,0.));
#5773 = CYLINDRICAL_SURFACE('',#5774,0.18);
#5774 = AXIS2_PLACEMENT_3D('',#5775,#5776,#5777);
#5775 = CARTESIAN_POINT('',(11.82,0.18,0.));
#5776 = DIRECTION('',(0.,0.,1.));
#5777 = DIRECTION('',(1.,0.,0.));
#5778 = ADVANCED_FACE('',(#5779),#5791,.T.);
#5779 = FACE_BOUND('',#5780,.F.);
#5780 = EDGE_LOOP('',(#5781,#5782,#5783,#5790));
#5781 = ORIENTED_EDGE('',*,*,#5618,.F.);
#5782 = ORIENTED_EDGE('',*,*,#5603,.T.);
#5783 = ORIENTED_EDGE('',*,*,#5784,.T.);
#5784 = EDGE_CURVE('',#5596,#5692,#5785,.T.);
#5785 = CIRCLE('',#5786,0.18);
#5786 = AXIS2_PLACEMENT_3D('',#5787,#5788,#5789);
#5787 = CARTESIAN_POINT('',(11.82,12.32,0.18));
#5788 = DIRECTION('',(1.,-6.123233995737E-17,0.));
#5789 = DIRECTION('',(6.123233995737E-17,1.,0.));
#5790 = ORIENTED_EDGE('',*,*,#5699,.F.);
#5791 = CYLINDRICAL_SURFACE('',#5792,0.18);
#5792 = AXIS2_PLACEMENT_3D('',#5793,#5794,#5795);
#5793 = CARTESIAN_POINT('',(10.5,12.32,0.18));
#5794 = DIRECTION('',(1.,0.,0.));
#5795 = DIRECTION('',(0.,1.,0.));
#5796 = ADVANCED_FACE('',(#5797),#5822,.T.);
#5797 = FACE_BOUND('',#5798,.T.);
#5798 = EDGE_LOOP('',(#5799,#5806,#5807,#5816));
#5799 = ORIENTED_EDGE('',*,*,#5800,.F.);
#5800 = EDGE_CURVE('',#5588,#5750,#5801,.T.);
#5801 = CIRCLE('',#5802,0.18);
#5802 = AXIS2_PLACEMENT_3D('',#5803,#5804,#5805);
#5803 = CARTESIAN_POINT('',(11.82,0.18,0.18));
#5804 = DIRECTION('',(0.,-1.,0.));
#5805 = DIRECTION('',(1.,0.,0.));
#5806 = ORIENTED_EDGE('',*,*,#5595,.T.);
#5807 = ORIENTED_EDGE('',*,*,#5808,.T.);
#5808 = EDGE_CURVE('',#5596,#5809,#5811,.T.);
#5809 = VERTEX_POINT('',#5810);
#5810 = CARTESIAN_POINT('',(12.,12.32,0.18));
#5811 = CIRCLE('',#5812,0.18);
#5812 = AXIS2_PLACEMENT_3D('',#5813,#5814,#5815);
#5813 = CARTESIAN_POINT('',(11.82,12.32,0.18));
#5814 = DIRECTION('',(0.,-1.,0.));
#5815 = DIRECTION('',(1.,0.,0.));
#5816 = ORIENTED_EDGE('',*,*,#5817,.F.);
#5817 = EDGE_CURVE('',#5750,#5809,#5818,.T.);
#5818 = LINE('',#5819,#5820);
#5819 = CARTESIAN_POINT('',(12.,0.,0.18));
#5820 = VECTOR('',#5821,1.);
#5821 = DIRECTION('',(0.,1.,0.));
#5822 = CYLINDRICAL_SURFACE('',#5823,0.18);
#5823 = AXIS2_PLACEMENT_3D('',#5824,#5825,#5826);
#5824 = CARTESIAN_POINT('',(11.82,0.,0.18));
#5825 = DIRECTION('',(0.,1.,0.));
#5826 = DIRECTION('',(1.,0.,0.));
#5827 = ADVANCED_FACE('',(#5828),#5840,.T.);
#5828 = FACE_BOUND('',#5829,.T.);
#5829 = EDGE_LOOP('',(#5830,#5831,#5832,#5839));
#5830 = ORIENTED_EDGE('',*,*,#5666,.T.);
#5831 = ORIENTED_EDGE('',*,*,#5651,.T.);
#5832 = ORIENTED_EDGE('',*,*,#5833,.F.);
#5833 = EDGE_CURVE('',#5684,#5644,#5834,.T.);
#5834 = CIRCLE('',#5835,0.18);
#5835 = AXIS2_PLACEMENT_3D('',#5836,#5837,#5838);
#5836 = CARTESIAN_POINT('',(11.82,12.32,10.42));
#5837 = DIRECTION('',(1.,0.,-6.123233995737E-17));
#5838 = DIRECTION('',(6.123233995737E-17,0.,1.));
#5839 = ORIENTED_EDGE('',*,*,#5683,.F.);
#5840 = CYLINDRICAL_SURFACE('',#5841,0.18);
#5841 = AXIS2_PLACEMENT_3D('',#5842,#5843,#5844);
#5842 = CARTESIAN_POINT('',(10.5,12.32,10.42));
#5843 = DIRECTION('',(1.,0.,0.));
#5844 = DIRECTION('',(0.,1.,0.));
#5845 = ADVANCED_FACE('',(#5846),#5871,.T.);
#5846 = FACE_BOUND('',#5847,.F.);
#5847 = EDGE_LOOP('',(#5848,#5855,#5856,#5865));
#5848 = ORIENTED_EDGE('',*,*,#5849,.F.);
#5849 = EDGE_CURVE('',#5636,#5752,#5850,.T.);
#5850 = CIRCLE('',#5851,0.18);
#5851 = AXIS2_PLACEMENT_3D('',#5852,#5853,#5854);
#5852 = CARTESIAN_POINT('',(11.82,0.18,10.42));
#5853 = DIRECTION('',(-0.,1.,0.));
#5854 = DIRECTION('',(1.,0.,0.));
#5855 = ORIENTED_EDGE('',*,*,#5643,.T.);
#5856 = ORIENTED_EDGE('',*,*,#5857,.F.);
#5857 = EDGE_CURVE('',#5858,#5644,#5860,.T.);
#5858 = VERTEX_POINT('',#5859);
#5859 = CARTESIAN_POINT('',(12.,12.32,10.42));
#5860 = CIRCLE('',#5861,0.18);
#5861 = AXIS2_PLACEMENT_3D('',#5862,#5863,#5864);
#5862 = CARTESIAN_POINT('',(11.82,12.32,10.42));
#5863 = DIRECTION('',(0.,-1.,0.));
#5864 = DIRECTION('',(1.,0.,0.));
#5865 = ORIENTED_EDGE('',*,*,#5866,.F.);
#5866 = EDGE_CURVE('',#5752,#5858,#5867,.T.);
#5867 = LINE('',#5868,#5869);
#5868 = CARTESIAN_POINT('',(12.,0.,10.42));
#5869 = VECTOR('',#5870,1.);
#5870 = DIRECTION('',(0.,1.,0.));
#5871 = CYLINDRICAL_SURFACE('',#5872,0.18);
#5872 = AXIS2_PLACEMENT_3D('',#5873,#5874,#5875);
#5873 = CARTESIAN_POINT('',(11.82,0.,10.42));
#5874 = DIRECTION('',(0.,1.,0.));
#5875 = DIRECTION('',(1.,0.,0.));
#5876 = ADVANCED_FACE('',(#5877),#5900,.T.);
#5877 = FACE_BOUND('',#5878,.T.);
#5878 = EDGE_LOOP('',(#5879,#5885,#5892,#5893));
#5879 = ORIENTED_EDGE('',*,*,#5880,.F.);
#5880 = EDGE_CURVE('',#5809,#5858,#5881,.T.);
#5881 = LINE('',#5882,#5883);
#5882 = CARTESIAN_POINT('',(12.,12.32,0.));
#5883 = VECTOR('',#5884,1.);
#5884 = DIRECTION('',(0.,0.,1.));
#5885 = ORIENTED_EDGE('',*,*,#5886,.T.);
#5886 = EDGE_CURVE('',#5809,#5692,#5887,.T.);
#5887 = CIRCLE('',#5888,0.18);
#5888 = AXIS2_PLACEMENT_3D('',#5889,#5890,#5891);
#5889 = CARTESIAN_POINT('',(11.82,12.32,0.18));
#5890 = DIRECTION('',(0.,0.,1.));
#5891 = DIRECTION('',(1.,0.,0.));
#5892 = ORIENTED_EDGE('',*,*,#5691,.T.);
#5893 = ORIENTED_EDGE('',*,*,#5894,.T.);
#5894 = EDGE_CURVE('',#5684,#5858,#5895,.T.);
#5895 = CIRCLE('',#5896,0.18);
#5896 = AXIS2_PLACEMENT_3D('',#5897,#5898,#5899);
#5897 = CARTESIAN_POINT('',(11.82,12.32,10.42));
#5898 = DIRECTION('',(0.,0.,-1.));
#5899 = DIRECTION('',(1.,0.,0.));
#5900 = CYLINDRICAL_SURFACE('',#5901,0.18);
#5901 = AXIS2_PLACEMENT_3D('',#5902,#5903,#5904);
#5902 = CARTESIAN_POINT('',(11.82,12.32,0.));
#5903 = DIRECTION('',(0.,0.,1.));
#5904 = DIRECTION('',(1.,0.,0.));
#5905 = ADVANCED_FACE('',(#5906),#5911,.T.);
#5906 = FACE_BOUND('',#5907,.F.);
#5907 = EDGE_LOOP('',(#5908,#5909,#5910));
#5908 = ORIENTED_EDGE('',*,*,#5800,.F.);
#5909 = ORIENTED_EDGE('',*,*,#5715,.T.);
#5910 = ORIENTED_EDGE('',*,*,#5759,.F.);
#5911 = SPHERICAL_SURFACE('',#5912,0.18);
#5912 = AXIS2_PLACEMENT_3D('',#5913,#5914,#5915);
#5913 = CARTESIAN_POINT('',(11.82,0.18,0.18));
#5914 = DIRECTION('',(0.,0.,1.));
#5915 = DIRECTION('',(1.,0.,0.));
#5916 = ADVANCED_FACE('',(#5917),#5922,.T.);
#5917 = FACE_BOUND('',#5918,.T.);
#5918 = EDGE_LOOP('',(#5919,#5920,#5921));
#5919 = ORIENTED_EDGE('',*,*,#5849,.F.);
#5920 = ORIENTED_EDGE('',*,*,#5733,.T.);
#5921 = ORIENTED_EDGE('',*,*,#5767,.F.);
#5922 = SPHERICAL_SURFACE('',#5923,0.18);
#5923 = AXIS2_PLACEMENT_3D('',#5924,#5925,#5926);
#5924 = CARTESIAN_POINT('',(11.82,0.18,10.42));
#5925 = DIRECTION('',(-0.,-0.,-1.));
#5926 = DIRECTION('',(1.,0.,0.));
#5927 = ADVANCED_FACE('',(#5928,#5934,#5945,#5956,#5967),#5978,.T.);
#5928 = FACE_BOUND('',#5929,.T.);
#5929 = EDGE_LOOP('',(#5930,#5931,#5932,#5933));
#5930 = ORIENTED_EDGE('',*,*,#5749,.F.);
#5931 = ORIENTED_EDGE('',*,*,#5817,.T.);
#5932 = ORIENTED_EDGE('',*,*,#5880,.T.);
#5933 = ORIENTED_EDGE('',*,*,#5866,.F.);
#5934 = FACE_BOUND('',#5935,.T.);
#5935 = EDGE_LOOP('',(#5936));
#5936 = ORIENTED_EDGE('',*,*,#5937,.T.);
#5937 = EDGE_CURVE('',#5938,#5938,#5940,.T.);
#5938 = VERTEX_POINT('',#5939);
#5939 = CARTESIAN_POINT('',(12.,7.3,2.52));
#5940 = CIRCLE('',#5941,0.48);
#5941 = AXIS2_PLACEMENT_3D('',#5942,#5943,#5944);
#5942 = CARTESIAN_POINT('',(12.,7.3,3.));
#5943 = DIRECTION('',(-1.,0.,0.));
#5944 = DIRECTION('',(0.,0.,-1.));
#5945 = FACE_BOUND('',#5946,.T.);
#5946 = EDGE_LOOP('',(#5947));
#5947 = ORIENTED_EDGE('',*,*,#5948,.T.);
#5948 = EDGE_CURVE('',#5949,#5949,#5951,.T.);
#5949 = VERTEX_POINT('',#5950);
#5950 = CARTESIAN_POINT('',(12.,9.6,6.62));
#5951 = CIRCLE('',#5952,0.48);
#5952 = AXIS2_PLACEMENT_3D('',#5953,#5954,#5955);
#5953 = CARTESIAN_POINT('',(12.,9.6,7.1));
#5954 = DIRECTION('',(-1.,0.,0.));
#5955 = DIRECTION('',(0.,0.,-1.));
#5956 = FACE_BOUND('',#5957,.T.);
#5957 = EDGE_LOOP('',(#5958));
#5958 = ORIENTED_EDGE('',*,*,#5959,.T.);
#5959 = EDGE_CURVE('',#5960,#5960,#5962,.T.);
#5960 = VERTEX_POINT('',#5961);
#5961 = CARTESIAN_POINT('',(12.,2.4,2.52));
#5962 = CIRCLE('',#5963,0.48);
#5963 = AXIS2_PLACEMENT_3D('',#5964,#5965,#5966);
#5964 = CARTESIAN_POINT('',(12.,2.4,3.));
#5965 = DIRECTION('',(-1.,0.,0.));
#5966 = DIRECTION('',(0.,0.,-1.));
#5967 = FACE_BOUND('',#5968,.T.);
#5968 = EDGE_LOOP('',(#5969));
#5969 = ORIENTED_EDGE('',*,*,#5970,.T.);
#5970 = EDGE_CURVE('',#5971,#5971,#5973,.T.);
#5971 = VERTEX_POINT('',#5972);
#5972 = CARTESIAN_POINT('',(12.,4.7,6.62));
#5973 = CIRCLE('',#5974,0.48);
#5974 = AXIS2_PLACEMENT_3D('',#5975,#5976,#5977);
#5975 = CARTESIAN_POINT('',(12.,4.7,7.1));
#5976 = DIRECTION('',(-1.,0.,0.));
#5977 = DIRECTION('',(0.,0.,-1.));
#5978 = PLANE('',#5979);
#5979 = AXIS2_PLACEMENT_3D('',#5980,#5981,#5982);
#5980 = CARTESIAN_POINT('',(12.,0.,0.));
#5981 = DIRECTION('',(1.,0.,0.));
#5982 = DIRECTION('',(0.,0.,1.));
#5983 = ADVANCED_FACE('',(#5984),#5989,.T.);
#5984 = FACE_BOUND('',#5985,.T.);
#5985 = EDGE_LOOP('',(#5986,#5987,#5988));
#5986 = ORIENTED_EDGE('',*,*,#5808,.F.);
#5987 = ORIENTED_EDGE('',*,*,#5784,.T.);
#5988 = ORIENTED_EDGE('',*,*,#5886,.F.);
#5989 = SPHERICAL_SURFACE('',#5990,0.18);
#5990 = AXIS2_PLACEMENT_3D('',#5991,#5992,#5993);
#5991 = CARTESIAN_POINT('',(11.82,12.32,0.18));
#5992 = DIRECTION('',(0.,0.,1.));
#5993 = DIRECTION('',(1.,0.,0.));
#5994 = ADVANCED_FACE('',(#5995),#6000,.T.);
#5995 = FACE_BOUND('',#5996,.T.);
#5996 = EDGE_LOOP('',(#5997,#5998,#5999));
#5997 = ORIENTED_EDGE('',*,*,#5894,.F.);
#5998 = ORIENTED_EDGE('',*,*,#5833,.T.);
#5999 = ORIENTED_EDGE('',*,*,#5857,.F.);
#6000 = SPHERICAL_SURFACE('',#6001,0.18);
#6001 = AXIS2_PLACEMENT_3D('',#6002,#6003,#6004);
#6002 = CARTESIAN_POINT('',(11.82,12.32,10.42));
#6003 = DIRECTION('',(0.,-1.,0.));
#6004 = DIRECTION('',(1.,0.,0.));
#6005 = ADVANCED_FACE('',(#6006),#6025,.F.);
#6006 = FACE_BOUND('',#6007,.F.);
#6007 = EDGE_LOOP('',(#6008,#6016,#6023,#6024));
#6008 = ORIENTED_EDGE('',*,*,#6009,.T.);
#6009 = EDGE_CURVE('',#5938,#6010,#6012,.T.);
#6010 = VERTEX_POINT('',#6011);
#6011 = CARTESIAN_POINT('',(11.73,7.3,2.52));
#6012 = LINE('',#6013,#6014);
#6013 = CARTESIAN_POINT('',(12.05,7.3,2.52));
#6014 = VECTOR('',#6015,1.);
#6015 = DIRECTION('',(-1.,0.,0.));
#6016 = ORIENTED_EDGE('',*,*,#6017,.F.);
#6017 = EDGE_CURVE('',#6010,#6010,#6018,.T.);
#6018 = CIRCLE('',#6019,0.48);
#6019 = AXIS2_PLACEMENT_3D('',#6020,#6021,#6022);
#6020 = CARTESIAN_POINT('',(11.73,7.3,3.));
#6021 = DIRECTION('',(-1.,0.,0.));
#6022 = DIRECTION('',(0.,0.,-1.));
#6023 = ORIENTED_EDGE('',*,*,#6009,.F.);
#6024 = ORIENTED_EDGE('',*,*,#5937,.T.);
#6025 = CYLINDRICAL_SURFACE('',#6026,0.48);
#6026 = AXIS2_PLACEMENT_3D('',#6027,#6028,#6029);
#6027 = CARTESIAN_POINT('',(12.05,7.3,3.));
#6028 = DIRECTION('',(-1.,0.,0.));
#6029 = DIRECTION('',(0.,0.,-1.));
#6030 = ADVANCED_FACE('',(#6031),#6050,.F.);
#6031 = FACE_BOUND('',#6032,.F.);
#6032 = EDGE_LOOP('',(#6033,#6041,#6048,#6049));
#6033 = ORIENTED_EDGE('',*,*,#6034,.T.);
#6034 = EDGE_CURVE('',#5949,#6035,#6037,.T.);
#6035 = VERTEX_POINT('',#6036);
#6036 = CARTESIAN_POINT('',(11.73,9.6,6.62));
#6037 = LINE('',#6038,#6039);
#6038 = CARTESIAN_POINT('',(12.05,9.6,6.62));
#6039 = VECTOR('',#6040,1.);
#6040 = DIRECTION('',(-1.,0.,0.));
#6041 = ORIENTED_EDGE('',*,*,#6042,.F.);
#6042 = EDGE_CURVE('',#6035,#6035,#6043,.T.);
#6043 = CIRCLE('',#6044,0.48);
#6044 = AXIS2_PLACEMENT_3D('',#6045,#6046,#6047);
#6045 = CARTESIAN_POINT('',(11.73,9.6,7.1));
#6046 = DIRECTION('',(-1.,0.,0.));
#6047 = DIRECTION('',(0.,0.,-1.));
#6048 = ORIENTED_EDGE('',*,*,#6034,.F.);
#6049 = ORIENTED_EDGE('',*,*,#5948,.T.);
#6050 = CYLINDRICAL_SURFACE('',#6051,0.48);
#6051 = AXIS2_PLACEMENT_3D('',#6052,#6053,#6054);
#6052 = CARTESIAN_POINT('',(12.05,9.6,7.1));
#6053 = DIRECTION('',(-1.,0.,0.));
#6054 = DIRECTION('',(0.,0.,-1.));
#6055 = ADVANCED_FACE('',(#6056),#6075,.F.);
#6056 = FACE_BOUND('',#6057,.F.);
#6057 = EDGE_LOOP('',(#6058,#6066,#6073,#6074));
#6058 = ORIENTED_EDGE('',*,*,#6059,.T.);
#6059 = EDGE_CURVE('',#5960,#6060,#6062,.T.);
#6060 = VERTEX_POINT('',#6061);
#6061 = CARTESIAN_POINT('',(11.73,2.4,2.52));
#6062 = LINE('',#6063,#6064);
#6063 = CARTESIAN_POINT('',(12.05,2.4,2.52));
#6064 = VECTOR('',#6065,1.);
#6065 = DIRECTION('',(-1.,0.,0.));
#6066 = ORIENTED_EDGE('',*,*,#6067,.F.);
#6067 = EDGE_CURVE('',#6060,#6060,#6068,.T.);
#6068 = CIRCLE('',#6069,0.48);
#6069 = AXIS2_PLACEMENT_3D('',#6070,#6071,#6072);
#6070 = CARTESIAN_POINT('',(11.73,2.4,3.));
#6071 = DIRECTION('',(-1.,0.,0.));
#6072 = DIRECTION('',(0.,0.,-1.));
#6073 = ORIENTED_EDGE('',*,*,#6059,.F.);
#6074 = ORIENTED_EDGE('',*,*,#5959,.T.);
#6075 = CYLINDRICAL_SURFACE('',#6076,0.48);
#6076 = AXIS2_PLACEMENT_3D('',#6077,#6078,#6079);
#6077 = CARTESIAN_POINT('',(12.05,2.4,3.));
#6078 = DIRECTION('',(-1.,0.,0.));
#6079 = DIRECTION('',(0.,0.,-1.));
#6080 = ADVANCED_FACE('',(#6081),#6100,.F.);
#6081 = FACE_BOUND('',#6082,.F.);
#6082 = EDGE_LOOP('',(#6083,#6091,#6098,#6099));
#6083 = ORIENTED_EDGE('',*,*,#6084,.T.);
#6084 = EDGE_CURVE('',#5971,#6085,#6087,.T.);
#6085 = VERTEX_POINT('',#6086);
#6086 = CARTESIAN_POINT('',(11.73,4.7,6.62));
#6087 = LINE('',#6088,#6089);
#6088 = CARTESIAN_POINT('',(12.05,4.7,6.62));
#6089 = VECTOR('',#6090,1.);
#6090 = DIRECTION('',(-1.,0.,0.));
#6091 = ORIENTED_EDGE('',*,*,#6092,.F.);
#6092 = EDGE_CURVE('',#6085,#6085,#6093,.T.);
#6093 = CIRCLE('',#6094,0.48);
#6094 = AXIS2_PLACEMENT_3D('',#6095,#6096,#6097);
#6095 = CARTESIAN_POINT('',(11.73,4.7,7.1));
#6096 = DIRECTION('',(-1.,0.,0.));
#6097 = DIRECTION('',(0.,0.,-1.));
#6098 = ORIENTED_EDGE('',*,*,#6084,.F.);
#6099 = ORIENTED_EDGE('',*,*,#5970,.T.);
#6100 = CYLINDRICAL_SURFACE('',#6101,0.48);
#6101 = AXIS2_PLACEMENT_3D('',#6102,#6103,#6104);
#6102 = CARTESIAN_POINT('',(12.05,4.7,7.1));
#6103 = DIRECTION('',(-1.,0.,0.));
#6104 = DIRECTION('',(0.,0.,-1.));
#6105 = ADVANCED_FACE('',(#6106),#6109,.F.);
#6106 = FACE_BOUND('',#6107,.F.);
#6107 = EDGE_LOOP('',(#6108));
#6108 = ORIENTED_EDGE('',*,*,#6017,.T.);
#6109 = PLANE('',#6110);
#6110 = AXIS2_PLACEMENT_3D('',#6111,#6112,#6113);
#6111 = CARTESIAN_POINT('',(11.73,7.3,3.));
#6112 = DIRECTION('',(-1.,0.,0.));
#6113 = DIRECTION('',(0.,0.,-1.));
#6114 = ADVANCED_FACE('',(#6115),#6118,.F.);
#6115 = FACE_BOUND('',#6116,.F.);
#6116 = EDGE_LOOP('',(#6117));
#6117 = ORIENTED_EDGE('',*,*,#6042,.T.);
#6118 = PLANE('',#6119);
#6119 = AXIS2_PLACEMENT_3D('',#6120,#6121,#6122);
#6120 = CARTESIAN_POINT('',(11.73,9.6,7.1));
#6121 = DIRECTION('',(-1.,0.,0.));
#6122 = DIRECTION('',(0.,0.,-1.));
#6123 = ADVANCED_FACE('',(#6124),#6127,.F.);
#6124 = FACE_BOUND('',#6125,.F.);
#6125 = EDGE_LOOP('',(#6126));
#6126 = ORIENTED_EDGE('',*,*,#6067,.T.);
#6127 = PLANE('',#6128);
#6128 = AXIS2_PLACEMENT_3D('',#6129,#6130,#6131);
#6129 = CARTESIAN_POINT('',(11.73,2.4,3.));
#6130 = DIRECTION('',(-1.,0.,0.));
#6131 = DIRECTION('',(0.,0.,-1.));
#6132 = ADVANCED_FACE('',(#6133),#6136,.F.);
#6133 = FACE_BOUND('',#6134,.F.);
#6134 = EDGE_LOOP('',(#6135));
#6135 = ORIENTED_EDGE('',*,*,#6092,.T.);
#6136 = PLANE('',#6137);
#6137 = AXIS2_PLACEMENT_3D('',#6138,#6139,#6140);
#6138 = CARTESIAN_POINT('',(11.73,4.7,7.1));
#6139 = DIRECTION('',(-1.,0.,0.));
#6140 = DIRECTION('',(0.,0.,-1.));
#6141 = ( GEOMETRIC_REPRESENTATION_CONTEXT(3) 
GLOBAL_UNCERTAINTY_ASSIGNED_CONTEXT((#6145)) 
GLOBAL_UNIT_ASSIGNED_CONTEXT((#6142,#6143,#6144)) REPRESENTATION_CONTEXT
('Context #1','3D Context with UNIT and UNCERTAINTY') );
#6142 = ( LENGTH_UNIT() NAMED_UNIT(*) SI_UNIT(.MILLI.,.METRE.) );
#6143 = ( NAMED_UNIT(*) PLANE_ANGLE_UNIT() SI_UNIT($,.RADIAN.) );
#6144 = ( NAMED_UNIT(*) SI_UNIT($,.STERADIAN.) SOLID_ANGLE_UNIT() );
#6145 = UNCERTAINTY_MEASURE_WITH_UNIT(LENGTH_MEASURE(1.E-07),#6142,
  'distance_accuracy_value','confusion accuracy');
#6146 = PRODUCT_RELATED_PRODUCT_CATEGORY('part',$,(#7));
ENDSEC;
END-ISO-10303-21;
